Dátum;Zúčtovacia perióda;Veľkosť odchýlky sústavy (MWh);Zúčtovacia cena PNRE (EUR/MWh);Cena za PRE (EUR/MWh);Cena odchýlky sústavy (EUR/MWh);Zúčtovacia cena odchýlky (EUR/MWh);Platba SZ za odchýlku (EUR);Platba OKTE za odchýlku (EUR);Platba za odchýlku sústavy (EUR);Celkové náklady na RE (EUR);Platba za PRE (EUR);Saldo výnosov a nákladov za odchýlky a RE (EUR);Zúčtovanie v zvláštnom režime
1.2.2026;1;-2,545;-0,3387;-0,3387;89,5890;119,9220;-2753,6490;2446,4088;-307,2402;211,2583;-36,3357;132,3176;Nie
1.2.2026;2;6,106;1,1607;1,1607;116,0580;101,0200;-1660,2637;2272,7480;612,4843;-711,5395;124,5199;-25,4647;Nie
1.2.2026;3;-0,112;-0,2656;-0,2656;128,4950;128,4950;-2715,8703;2699,5515;-16,3189;180,3249;-28,4936;-135,5125;Nie
1.2.2026;4;-3,552;-0,5263;-0,5263;131,4100;131,4100;-2958,8276;2491,0080;-467,8196;351,8731;-56,4615;172,4080;Nie
1.2.2026;5;-4,654;-0,8655;-0,8655;153,0170;153,0170;-3470,5786;2758,8965;-711,6821;519,7253;-81,7465;273,7032;Nie
1.2.2026;6;4,672;0,7489;0,7489;104,1040;97,5142;-1352,0344;1806,9381;454,9037;-438,9147;70,7336;-86,7226;Nie
1.2.2026;7;-0,686;-0,2024;-0,2024;127,6970;127,6970;-2478,5988;2389,5940;-89,0048;127,7063;-19,1167;-19,5848;Nie
1.2.2026;8;-2,962;-0,4666;-0,4666;88,0850;107,2656;-2103,8002;1783,5051;-320,2951;293,9887;-44,0704;70,3768;Nie
1.2.2026;9;-2,601;-0,2295;-0,2295;66,7440;111,0450;-1881,4354;1576,1727;-305,2627;138,7526;-21,0392;187,5493;Nie
1.2.2026;10;-0,422;-0,0391;-0,0391;86,7240;109,5538;-1593,7887;1537,5876;-56,2011;23,2174;-3,5845;36,5682;Nie
1.2.2026;11;-0,900;-0,1688;-0,1688;87,6690;109,3290;-1466,7579;1359,5061;-107,2517;99,8110;-15,4746;22,9153;Nie
1.2.2026;12;6,820;0,9405;0,9405;96,3210;96,3210;-1383,6512;2034,9738;651,3226;-553,7278;86,2194;-183,8142;Nie
1.2.2026;13;0,751;0,1832;0,1832;94,7640;93,6400;-1704,5289;1768,7660;64,2370;-119,8205;16,5961;38,9874;Nie
1.2.2026;14;-1,852;-0,2973;-0,2973;161,5230;161,5230;-3061,0224;2748,9599;-312,0624;195,9740;-26,9324;143,0208;Nie
1.2.2026;15;-2,076;-0,3242;-0,3242;122,1900;122,1900;-2038,2514;1776,5204;-261,7310;214,2307;-29,3693;76,8696;Nie
1.2.2026;16;-1,476;-0,3122;-0,3122;99,7210;108,6140;-1984,1606;1814,9399;-169,2206;206,8478;-28,2822;-9,3450;Nie
1.2.2026;17;-1,253;-0,0473;-0,0473;97,8700;111,5903;-1827,2912;1680,3267;-146,9644;31,4146;-4,2926;119,8424;Nie
1.2.2026;18;-1,210;-0,3807;-0,3807;112,4300;112,4300;-2022,7281;1879,4923;-143,2358;254,6197;-34,5493;-76,8346;Nie
1.2.2026;19;1,709;0,1979;0,1979;94,7750;94,7750;-1451,4791;1609,1847;157,7056;-132,5782;17,9598;-43,0872;Nie
1.2.2026;20;-1,955;-0,4176;-0,4176;95,3050;111,5903;-1959,8604;1736,3451;-223,5154;281,1956;-37,8980;-19,7822;Nie
1.2.2026;21;3,411;0,6849;0,6849;96,6880;96,6880;-1641,0854;1966,4405;325,3551;-430,9625;66,8901;38,7173;Nie
1.2.2026;22;2,043;0,3079;0,3079;99,1660;95,4100;-1801,8179;1992,2562;190,4384;-193,2887;30,0707;-27,2204;Nie
1.2.2026;23;9,699;1,4947;1,4947;90,9240;90,9240;-1092,7246;1969,5048;876,7801;-899,3791;145,9784;-123,3794;Nie
1.2.2026;24;13,161;1,8201;1,8201;84,2830;84,2830;-1016,7058;2122,6674;1105,9615;-1100,3704;177,7582;-183,3494;Nie
1.2.2026;25;16,756;2,4635;2,4635;89,0980;89,0980;-1413,3616;2902,1892;1488,8276;-1631,7649;267,6716;-124,7343;Nie
1.2.2026;26;5,326;0,6899;0,6899;113,9290;96,6800;-1658,3520;2167,0822;508,7302;-470,0578;74,9611;-113,6334;Nie
1.2.2026;27;4,777;0,7715;0,7715;117,0630;96,1300;-1601,8142;2057,6627;455,8485;-499,4710;83,8273;-40,2048;Nie
1.2.2026;28;10,119;1,6131;1,6131;101,2740;99,8774;-1228,0925;2233,8579;1005,7654;-1045,5411;175,2714;-135,4957;Nie
1.2.2026;29;16,918;2,2824;2,2824;90,6780;90,6780;-1330,7903;2859,8934;1529,1031;-1494,3600;307,9779;-342,7210;Nie
1.2.2026;30;18,233;2,4757;2,4757;92,6280;92,6280;-1232,0450;2914,3548;1682,3097;-1645,4547;334,0611;-370,9161;Nie
1.2.2026;31;15,954;1,8812;1,8812;79,5760;79,5760;-1232,7118;2494,5484;1261,8366;-1261,4554;253,8416;-254,2228;Nie
1.2.2026;32;14,548;1,5934;1,5934;77,2460;77,2460;-1237,8672;2350,3640;1112,4969;-1094,1539;215,0070;-233,3500;Nie
1.2.2026;33;16,189;2,1079;2,1079;92,5900;92,5900;-1413,5715;2894,1782;1480,6067;-1459,1581;357,3987;-378,8473;Nie
1.2.2026;34;21,303;2,7104;2,7104;90,8540;90,8540;-1285,4932;3201,3315;1915,8383;-1908,1650;459,5537;-467,2270;Nie
1.2.2026;35;18,138;2,0418;2,0418;82,8210;82,8210;-1207,1989;2693,7530;1486,5541;-1506,1437;346,1913;-326,6017;Nie
1.2.2026;36;20,100;2,3346;2,3346;89,6270;89,6270;-1143,8198;2920,4958;1776,6760;-1753,7166;395,8361;-418,7955;Nie
1.2.2026;37;3,085;0,3824;0,3824;82,1980;82,1980;-1990,2602;2216,5513;226,2911;-295,9523;77,8142;-8,1530;Nie
1.2.2026;38;0,539;-0,1202;-0,1202;65,3460;65,3460;-1527,0053;1543,2765;16,2712;94,5383;-24,4594;-86,3501;Nie
1.2.2026;39;-8,094;-1,1548;-1,1548;109,5940;120,6150;-3748,7142;2732,6534;-1016,0608;912,0167;-234,9891;339,0332;Nie
1.2.2026;40;-4,443;-0,7015;-0,7015;128,2320;128,2320;-3815,1585;3195,4132;-619,7453;558,3802;-142,7475;204,1126;Nie
1.2.2026;41;-9,373;-1,4642;-1,4642;144,7790;144,7790;-5219,2830;3785,1022;-1434,1808;1147,2951;-330,1932;617,0789;Nie
1.2.2026;42;-4,164;-0,7885;-0,7885;116,7240;121,6380;-4840,2193;4262,3172;-577,9021;622,4632;-177,8154;133,2544;Nie
1.2.2026;43;-9,835;-1,3364;-1,3364;102,4910;120,7360;-5279,5438;4004,6924;-1274,8514;1087,0470;-301,3729;489,1773;Nie
1.2.2026;44;-14,542;-1,8993;-1,8993;100,1700;118,7010;-6292,5774;4480,1318;-1812,4456;1558,7629;-428,3130;681,9957;Nie
1.2.2026;45;-13,478;-1,5312;-1,5312;95,0120;127,4577;-5377,0580;3590,6109;-1786,4471;1306,8316;-352,4761;832,0916;Nie
1.2.2026;46;-2,256;-0,3095;-0,3095;86,2480;124,7003;-4694,0934;4347,4266;-346,6668;259,7438;-71,2457;158,1687;Nie
1.2.2026;47;-5,446;-0,5003;-0,5003;83,4410;121,3960;-5122,9112;4408,8599;-714,0513;418,2319;-115,1671;410,9864;Nie
1.2.2026;48;3,143;0,2879;0,2879;89,2150;89,2150;-3762,9995;4007,1809;244,1815;-239,0629;66,2734;-71,3920;Nie
1.2.2026;49;3,589;0,4988;0,4988;96,5370;96,5370;-3874,1263;4180,2452;306,1188;-409,8196;104,6742;-0,9734;Nie
1.2.2026;50;2,032;0,3075;0,3075;125,6950;105,9681;-4335,6848;4507,8830;172,1982;-249,3587;64,5295;12,6310;Nie
1.2.2026;51;-3,797;-0,4751;-0,4751;112,8670;118,7120;-4442,3218;3943,8501;-498,4717;380,0502;-99,7007;218,1222;Nie
1.2.2026;52;-9,488;-1,9854;-1,9854;158,3210;158,3210;-7017,2617;5453,8418;-1563,4199;1582,3806;-416,6402;397,6794;Nie
1.2.2026;53;-13,753;-1,7365;-1,7365;98,3310;113,0910;-5496,2226;3898,3599;-1597,8627;1387,5299;-325,9723;536,3051;Nie
1.2.2026;54;-6,200;-0,8635;-0,8635;111,5180;111,5180;-4826,1645;4088,9190;-737,2455;679,3051;-162,0945;220,0349;Nie
1.2.2026;55;-8,882;-1,2749;-1,2749;112,5680;114,0146;-4404,7260;3346,6706;-1058,0555;984,5378;-239,3217;312,8394;Nie
1.2.2026;56;-4,535;-0,5663;-0,5663;112,3440;112,3440;-4320,9749;3755,0982;-565,8767;433,2186;-106,3047;238,9628;Nie
1.2.2026;57;-1,289;-0,3535;-0,3535;90,8230;113,2796;-4454,2672;4247,0788;-207,1884;269,7815;-60,3403;-2,2528;Nie
1.2.2026;58;-8,799;-1,1883;-1,1883;109,4290;121,1099;-4981,6135;3855,1703;-1126,4432;900,1682;-202,8357;429,1107;Nie
1.2.2026;59;-5,597;-0,8704;-0,8704;115,2980;115,2980;-4431,5939;3741,9966;-689,5973;654,8053;-148,5721;183,3641;Nie
1.2.2026;60;-1,559;-0,1656;-0,1656;119,1000;119,1000;-4075,0065;3839,0694;-235,9371;123,2802;-28,2669;140,9238;Nie
1.2.2026;61;-3,802;-0,6844;-0,6844;126,0570;126,0570;-3842,9737;3306,4751;-536,4986;498,3388;-111,8857;150,0455;Nie
1.2.2026;62;-6,149;-1,0654;-1,0654;112,1860;121,1911;-3506,4221;2713,5899;-792,8322;779,1910;-174,1716;187,8128;Nie
1.2.2026;63;-15,980;-2,4261;-2,4261;106,6210;130,4897;-4499,8068;2370,3454;-2129,4614;1775,1826;-396,6188;750,8976;Nie
1.2.2026;64;6,354;0,9349;0,9349;112,7560;112,7560;-2499,5750;3179,9447;680,3697;-679,5844;152,8375;-153,6228;Nie
1.2.2026;65;6,633;0,8050;0,8050;94,9290;94,9290;-2098,4055;2716,4883;618,0827;-616,7410;138,8899;-140,2316;Nie
1.2.2026;66;2,944;0,3654;0,3654;90,2680;90,2680;-2079,6845;2331,7127;252,0283;-280,8450;63,0439;-34,2272;Nie
1.2.2026;67;4,010;0,3789;0,3789;63,0830;63,0830;-1276,6738;1520,5526;243,8789;-291,5351;65,3731;-17,7169;Nie
1.2.2026;68;10,885;1,1970;1,1970;91,9380;91,9380;-1679,0637;2665,3746;986,3109;-926,6929;206,5232;-266,1412;Nie
1.2.2026;69;0,265;0,2603;0,2603;183,0600;124,5800;-2789,2216;2798,9389;9,7172;-202,3246;48,3604;144,2470;Nie
1.2.2026;70;2,578;0,6847;0,6847;131,4490;127,2200;-2683,7059;2987,2528;303,5469;-533,3152;127,2084;102,5599;Nie
1.2.2026;71;1,096;0,5048;0,5048;155,2320;133,6000;-3125,0376;3253,8280;128,7904;-392,8499;93,7853;170,2742;Nie
1.2.2026;72;4,357;0,2591;0,2591;108,5380;108,5380;-2850,0993;3307,9126;457,8133;-200,6011;48,1374;-305,3496;Nie
1.2.2026;73;2,637;0,3436;0,3436;120,2510;120,2510;-2544,6314;2842,9741;298,3427;-270,8436;65,9375;-93,4367;Nie
1.2.2026;74;0,321;-0,0146;-0,0146;102,0140;102,0140;-2261,0383;2276,3404;15,3021;11,5357;-2,8018;-24,0360;Nie
1.2.2026;75;-1,473;-0,2583;-0,2583;104,8350;161,0320;-4003,0945;3741,0954;-261,9991;203,7405;-49,5683;107,8269;Nie
1.2.2026;76;-1,646;-0,2331;-0,2331;126,0420;159,3106;-4652,3475;4368,1373;-284,2101;182,9982;-44,7324;145,9443;Nie
1.2.2026;77;2,805;0,5636;0,5636;116,6980;116,6980;-2836,5783;3144,1942;307,6159;-441,2517;107,5529;26,0829;Nie
1.2.2026;78;1,796;0,2705;0,2705;155,5900;137,5134;-3105,8777;3336,6251;230,7475;-211,5269;51,6201;-70,8406;Nie
1.2.2026;79;1,487;0,1078;0,1078;94,3480;94,3480;-2381,4379;2511,3551;129,9172;-84,2522;20,5717;-66,2367;Nie
1.2.2026;80;3,006;0,4488;0,4488;115,9480;115,9480;-2613,1201;2946,8184;333,6983;-348,5177;85,6454;-70,8260;Nie
1.2.2026;81;4,401;1,2733;1,2733;169,6260;127,7898;-3272,1856;3820,2761;548,0905;-990,5782;228,8095;213,6783;Nie
1.2.2026;82;4,754;0,7427;0,7427;117,4890;117,4890;-2367,5208;2918,3093;550,7884;-570,2607;133,4617;-113,9894;Nie
1.2.2026;83;3,625;0,4368;0,4368;99,7570;99,7570;-2359,1533;2718,1787;359,0254;-330,0243;78,4921;-107,4932;Nie
1.2.2026;84;2,155;0,6190;0,6190;103,3460;103,3460;-3056,8713;3277,9284;221,0571;-458,5284;111,2331;126,2382;Nie
1.2.2026;85;6,248;1,2750;1,2750;155,2150;122,1500;-3217,0646;3976,4711;759,4066;-930,7493;200,8648;-29,5220;Nie
1.2.2026;86;4,492;0,6365;0,6365;116,4440;116,4440;-2686,1302;3204,3060;518,1758;-458,1493;100,2748;-160,3013;Nie
1.2.2026;87;1,758;0,2184;0,2184;80,4150;80,4150;-1891,7629;2027,3426;135,5797;-156,8668;34,4070;-13,1198;Nie
1.2.2026;88;9,329;1,1243;1,1243;87,2740;87,2740;-1771,4004;2580,6922;809,2918;-793,9684;177,1233;-192,4467;Nie
1.2.2026;89;-0,594;0,0954;0,0954;146,6210;146,6210;-3724,1734;3622,8583;-101,3151;-66,4636;12,6501;155,1286;Nie
1.2.2026;90;-6,189;-1,2253;-1,2253;129,1050;139,0084;-4051,3998;3178,7051;-872,6947;844,8478;-162,4760;190,3229;Nie
1.2.2026;91;-6,081;-0,9299;-0,9299;95,4540;136,7562;-4435,4138;3597,0983;-838,3155;631,2015;-123,3057;330,4197;Nie
1.2.2026;92;-1,109;-0,2371;-0,2371;98,6750;131,3841;-3634,6097;3484,3063;-150,3034;157,7061;-31,4397;24,0370;Nie
1.2.2026;93;8,844;1,2539;1,2539;91,4800;91,4800;-1829,4170;2632,4285;803,0114;-820,3486;140,1484;-122,8112;Nie
1.2.2026;94;8,601;0,9213;0,9213;74,2860;74,2860;-1483,2686;2117,5224;634,2539;-593,2830;102,9737;-143,9446;Nie
1.2.2026;95;11,778;1,8181;1,8181;97,5280;97,5280;-1616,6241;2756,7264;1140,1023;-1167,6178;203,2090;-175,6936;Nie
1.2.2026;96;21,952;2,7679;2,7679;82,2580;82,2580;-1250,7329;3043,7105;1792,9776;-1759,0448;309,3682;-343,3010;Nie
2.2.2026;1;0,799;0,0543;0,0543;58,1910;58,1910;-1082,0616;1117,6745;35,6129;-34,3464;5,5397;-6,8062;Nie
2.2.2026;2;-7,498;-0,9281;-0,9281;83,7180;118,7167;-2137,4942;1226,3435;-911,1507;581,8007;-94,6848;424,0347;Nie
2.2.2026;3;-6,573;-1,2176;-1,2176;128,3600;128,3600;-2432,4220;1571,2548;-861,1672;751,3988;-124,2196;233,9880;Nie
2.2.2026;4;-4,755;-0,8666;-0,8666;106,5980;118,7167;-2307,7339;1726,9718;-580,7621;528,0126;-88,4105;141,1600;Nie
2.2.2026;5;-15,345;-2,7278;-2,7278;117,4220;117,4220;-3446,8054;1626,6470;-1820,1584;1649,7216;-249,4464;419,8832;Nie
2.2.2026;6;-10,264;-1,9945;-1,9945;115,0290;116,6903;-3186,2286;1970,7825;-1215,4462;1194,0300;-182,3890;203,8052;Nie
2.2.2026;7;-5,791;-1,1088;-1,1088;124,6240;124,6240;-3120,2111;2380,1938;-740,0173;655,3980;-101,3953;186,0146;Nie
2.2.2026;8;-5,937;-1,3129;-1,3129;120,7280;120,7280;-3302,2730;2568,2467;-734,0262;774,3613;-120,0595;79,7244;Nie
2.2.2026;9;-7,928;-1,3206;-1,3206;104,9180;114,3796;-2912,9053;2008,8489;-904,0564;829,1618;-115,4970;190,3916;Nie
2.2.2026;10;-7,512;-1,0290;-1,0290;102,6870;114,3796;-2857,2024;1994,2083;-862,9941;640,3338;-89,9943;312,6546;Nie
2.2.2026;11;-4,408;-0,9511;-0,9511;123,0280;123,0280;-2853,1423;2305,5447;-547,5976;587,7010;-83,1813;43,0779;Nie
2.2.2026;12;-8,014;-1,3452;-1,3452;113,2180;114,3796;-2886,5980;1964,5840;-922,0140;830,9254;-117,6485;208,7371;Nie
2.2.2026;13;-8,052;-1,4517;-1,4517;127,4520;127,4520;-2956,8864;1923,5056;-1033,3808;928,6698;-126,9454;231,6564;Nie
2.2.2026;14;-7,771;-1,5338;-1,5338;129,3380;129,3380;-2956,5373;1941,1047;-1015,4326;984,4446;-134,1247;165,1127;Nie
2.2.2026;15;-8,492;-1,6447;-1,6447;126,1390;126,1390;-2788,4287;1706,2823;-1082,1465;1060,5056;-143,8224;165,4633;Nie
2.2.2026;16;-8,165;-1,4930;-1,4930;116,2800;116,2800;-3223,6304;2265,7158;-957,9146;972,6060;-130,5569;115,8655;Nie
2.2.2026;17;-7,278;-1,0669;-1,0669;102,9780;116,5818;-2492,0526;1636,3421;-855,7104;702,9829;-98,4322;251,1597;Nie
2.2.2026;18;-4,587;-0,8019;-0,8019;117,9660;117,9660;-2339,3837;1790,7239;-548,6599;533,0935;-73,9833;89,5497;Nie
2.2.2026;19;-2,184;-0,3471;-0,3471;108,8830;116,5818;-2381,6496;2117,2421;-264,4075;234,0988;-32,0234;62,3322;Nie
2.2.2026;20;1,691;0,1427;0,1427;55,6070;55,6070;-1130,7127;1220,3512;89,6385;-96,9003;13,1655;-5,9037;Nie
2.2.2026;21;5,153;0,6181;0,6181;87,6310;87,6310;-1859,7927;2303,8190;444,0263;-411,2917;64,4647;-97,1993;Nie
2.2.2026;22;12,602;1,6434;1,6434;81,8320;81,8320;-1606,4440;2626,3980;1019,9540;-1102,3139;171,3984;-89,0386;Nie
2.2.2026;23;15,502;2,7793;2,7793;115,4900;107,8910;-2125,0211;3788,0530;1663,0319;-1918,5378;289,8671;-34,3612;Nie
2.2.2026;24;16,171;2,9331;2,9331;129,1260;115,7795;-2484,2807;4343,3522;1859,0714;-2089,8507;305,9077;-75,1284;Nie
2.2.2026;25;16,479;2,4577;2,4577;85,4540;85,4540;-1642,8532;3037,9752;1395,1220;-1863,5981;294,3931;174,0830;Nie
2.2.2026;26;13,052;0,9738;0,9738;80,5850;80,5850;-1580,9165;2617,8037;1036,8872;-770,2606;116,6457;-383,2723;Nie
2.2.2026;27;3,220;0,2500;0,2500;64,0200;64,0200;-1808,6290;2003,0578;194,4287;-203,8623;29,9460;-20,5124;Nie
2.2.2026;28;-0,504;-0,2344;-0,2344;179,2430;261,3902;-9373,9754;9192,8319;-181,1434;196,4295;-28,0774;12,7913;Nie
2.2.2026;29;23,602;1,0729;1,0729;59,9870;59,9870;-1221,6952;2624,6112;1402,9160;-909,1645;140,3396;-634,0911;Nie
2.2.2026;30;24,764;2,1014;2,1014;70,4990;70,4990;-1208,2119;2940,3723;1732,1604;-1804,6227;274,8715;-202,4093;Nie
2.2.2026;31;9,003;0,7240;0,7240;70,5020;70,5020;-1571,4896;2192,3302;620,8406;-630,8563;94,7021;-84,6864;Nie
2.2.2026;32;4,139;0,3649;0,3649;70,4950;70,4950;-1636,6119;1910,2735;273,6616;-321,3726;47,7304;-0,0194;Nie
2.2.2026;33;16,458;1,2033;1,2033;62,7920;62,7920;-1446,7277;2464,1465;1017,4188;-1059,3683;169,6232;-127,6737;Nie
2.2.2026;34;8,734;0,7592;0,7592;70,4990;70,4990;-1549,2860;2143,8746;594,5886;-677,5855;107,0206;-24,0237;Nie
2.2.2026;35;2,952;0,2549;0,2549;70,5020;70,5020;-1379,0191;1559,3632;180,3441;-232,6761;35,9320;16,4000;Nie
2.2.2026;36;1,079;0,0451;0,0451;70,4880;70,4880;-1496,6012;1544,2511;47,6499;-41,4681;6,3575;-12,5393;Nie
2.2.2026;37;-11,192;-1,8101;-1,8101;174,7780;188,9345;-6606,0948;4401,2292;-2204,8656;1682,2638;-265,2032;787,8050;Nie
2.2.2026;38;-7,573;-1,3981;-1,3981;161,2540;197,8761;-6705,8232;5104,2140;-1601,6092;1299,6496;-204,8398;506,7994;Nie
2.2.2026;39;-8,948;-1,0303;-1,0303;132,3700;191,9258;-6775,7484;4957,6353;-1818,1131;947,4827;-150,9523;1021,5827;Nie
2.2.2026;40;-3,496;-0,6592;-0,6592;210,2940;210,2940;-6527,5258;5677,7277;-849,7981;603,9555;-96,5814;342,4239;Nie
2.2.2026;41;-3,229;-0,4789;-0,4789;117,3920;177,4362;-4985,2475;4249,7744;-735,4730;430,9976;-70,3830;374,8584;Nie
2.2.2026;42;-4,226;-0,5824;-0,5824;127,2110;180,1796;-6204,1242;5246,4696;-957,6546;522,1488;-85,5942;521,0999;Nie
2.2.2026;43;-13,353;-1,9983;-1,9983;146,5650;180,8629;-6823,0529;4179,3799;-2643,6730;1817,5096;-293,6862;1119,8496;Nie
2.2.2026;44;-4,918;-0,6624;-0,6624;149,5090;181,1858;-6450,3957;5359,6571;-1090,7385;595,0134;-97,3516;593,0767;Nie
2.2.2026;45;-17,793;-2,5795;-2,5795;173,4170;176,3257;-7496,4871;4160,0522;-3336,4349;2410,9469;-388,1761;1313,6641;Nie
2.2.2026;46;-11,680;-1,6917;-1,6917;140,4750;180,8581;-6366,5668;4096,0742;-2270,4926;1578,1783;-254,5755;946,8898;Nie
2.2.2026;47;-16,001;-2,3830;-2,3830;174,5400;178,5505;-7728,5584;4745,1581;-2983,4003;2225,4178;-358,6058;1116,5883;Nie
2.2.2026;48;-15,137;-3,5875;-3,5875;236,6760;236,6760;-9855,8987;6149,5525;-3706,3462;3341,0123;-539,8649;905,1988;Nie
2.2.2026;49;-9,002;-1,0687;-1,0687;147,9740;166,0716;-6724,9034;5128,6232;-1596,2802;997,4577;-158,3824;757,2049;Nie
2.2.2026;50;-13,803;-2,5484;-2,5484;161,0690;168,1582;-7808,9305;5378,2037;-2430,7268;2380,3665;-377,6754;428,0357;Nie
2.2.2026;51;-12,314;-1,8604;-1,8604;135,1660;164,5413;-7543,5604;5428,5466;-2115,0139;1740,9494;-275,7131;649,7776;Nie
2.2.2026;52;-12,684;-1,2183;-1,2183;80,9230;170,0943;-8233,9249;5970,4800;-2263,4449;1135,0152;-180,5533;1308,9829;Nie
2.2.2026;53;-10,566;-1,3985;-1,3985;131,5310;171,0992;-6702,4690;4776,9186;-1925,5504;1302,5750;-204,0048;826,9802;Nie
2.2.2026;54;-13,783;-1,9875;-1,9875;142,0200;167,8238;-6612,4255;4202,9792;-2409,4463;1835,9396;-289,9246;863,4313;Nie
2.2.2026;55;-5,338;-0,8794;-0,8794;137,4110;166,3234;-5529,9204;4546,2838;-983,6366;801,8666;-128,2816;310,0516;Nie
2.2.2026;56;-3,683;-0,4984;-0,4984;110,8760;166,6928;-5274,1602;4561,7152;-712,4450;451,1097;-72,7036;334,0389;Nie
2.2.2026;57;-4,998;-0,6626;-0,6626;142,4740;191,8202;-6154,7429;5081,7007;-1073,0422;595,7668;-96,9351;574,2105;Nie
2.2.2026;58;-1,174;-0,3197;-0,3197;132,2390;196,5569;-5888,2551;5558,2360;-330,0190;286,0899;-46,7705;90,6996;Nie
2.2.2026;59;-1,856;-0,1895;-0,1895;112,1190;190,5264;-5668,9225;5234,9034;-434,0191;169,5526;-27,7229;292,1894;Nie
2.2.2026;60;-8,687;-1,2744;-1,2744;129,9090;220,5289;-7891,8472;5893,6349;-1998,2124;1134,8631;-186,4383;1049,7876;Nie
2.2.2026;61;-23,579;-2,9119;-2,9119;103,6340;274,0088;-12403,5563;5795,0121;-6608,5442;2538,1710;-440,2472;4510,6205;Nie
2.2.2026;62;-27,362;-3,4801;-3,4801;118,1590;278,8126;-13606,3337;5835,5477;-7770,7860;3031,1618;-526,1528;5265,7770;Nie
2.2.2026;63;-11,818;-1,5637;-1,5637;110,8510;304,9881;-12370,3173;8616,5238;-3753,7935;1355,1033;-236,4142;2635,1045;Nie
2.2.2026;64;-9,386;-1,6348;-1,6348;152,8550;299,7769;-12734,2229;9806,0022;-2928,2208;1417,9272;-247,1638;1757,4573;Nie
2.2.2026;65;-11,718;-1,8069;-1,8069;152,0310;245,3178;-9118,7079;6200,8980;-2917,8099;1614,7403;-303,7363;1606,8059;Nie
2.2.2026;66;-27,779;-6,9775;-6,9775;246,0450;270,5629;-14124,4656;6569,2672;-7555,1984;6232,8275;-1172,9038;2495,2747;Nie
2.2.2026;67;-31,302;-7,2030;-7,2030;203,6200;278,8981;-16820,0655;8039,2377;-8780,8278;6508,0387;-1210,8099;3483,5990;Nie
2.2.2026;68;-20,474;-4,7256;-4,7256;203,6080;290,6195;-15428,1174;9396,0191;-6032,0983;4292,8462;-794,3639;2533,6161;Nie
2.2.2026;69;-9,809;-1,5167;-1,5167;161,0020;278,2525;-10460,9027;7636,6399;-2824,2629;1380,7611;-284,5769;1728,0787;Nie
2.2.2026;70;-12,826;-2,9197;-2,9197;227,4800;281,0515;-10710,8727;7011,6728;-3699,1998;2669,4869;-547,8204;1577,5333;Nie
2.2.2026;71;-8,156;-1,4110;-1,4110;150,0040;269,2408;-9796,3265;7536,0500;-2260,2765;1286,6637;-264,7445;1238,3573;Nie
2.2.2026;72;-0,382;-0,0595;-0,0595;151,1150;269,2408;-8400,5822;8236,8838;-163,6984;53,8082;-11,1639;121,0541;Nie
2.2.2026;73;-0,341;-0,0136;-0,0136;130,2860;233,1235;-5274,1861;5146,9006;-127,2854;12,4131;-2,6236;117,4959;Nie
2.2.2026;74;1,669;0,2666;0,2666;117,3680;117,3680;-2360,0357;2530,6888;170,6531;-241,0857;51,4303;19,0023;Nie
2.2.2026;75;-2,148;-0,3537;-0,3537;128,3680;233,1235;-5127,0851;4576,6806;-550,4046;320,7742;-68,2330;297,8634;Nie
2.2.2026;76;0,343;0,1552;0,1552;140,2690;138,1000;-3029,2235;3049,9385;20,7150;-140,2484;29,9399;89,5935;Nie
2.2.2026;77;-7,399;-0,9994;-0,9994;157,4760;255,0794;-7188,3926;5254,1255;-1934,2671;898,2163;-190,2288;1226,2796;Nie
2.2.2026;78;-4,261;-0,7887;-0,7887;148,6160;254,5067;-7740,3123;6603,1763;-1137,1359;707,7405;-150,1235;579,5190;Nie
2.2.2026;79;-4,016;-0,5712;-0,5712;143,1440;251,4779;-6861,0715;5807,3791;-1053,6924;512,0672;-108,7239;650,3491;Nie
2.2.2026;80;1,565;0,0625;0,0625;108,4120;108,4120;-3143,4059;3299,0856;155,6796;-55,6572;11,8964;-111,9189;Nie
2.2.2026;81;-2,248;-0,1908;-0,1908;143,8090;232,1732;-6580,0207;6024,8945;-555,1261;169,4891;-33,9903;419,6273;Nie
2.2.2026;82;-3,912;-0,6200;-0,6200;143,1850;228,9668;-6122,5722;5195,2567;-927,3155;546,5302;-110,4505;491,2359;Nie
2.2.2026;83;-6,282;-0,7331;-0,7331;100,6630;223,7124;-5776,7016;4342,0340;-1434,6676;632,2865;-130,5988;932,9800;Nie
2.2.2026;84;-6,383;-0,7091;-0,7091;107,8520;219,5730;-6397,4789;4968,7174;-1428,7615;598,1752;-126,3233;956,9096;Nie
2.2.2026;85;2,415;0,0302;0,0302;107,9980;104,1000;-2687,8620;2926,9797;239,1177;-25,0956;4,7279;-218,7500;Nie
2.2.2026;86;-6,862;-0,8805;-0,8805;131,2650;143,6304;-3494,3840;2496,5836;-997,8004;718,4920;-137,8458;417,1542;Nie
2.2.2026;87;-6,134;-1,3732;-1,3732;173,6170;173,6170;-4424,6292;3341,4328;-1083,1965;1115,9450;-214,9800;182,2314;Nie
2.2.2026;88;-1,542;-0,3452;-0,3452;109,9200;137,0156;-3618,1709;3390,8621;-227,3089;270,9679;-54,0424;10,3834;Nie
2.2.2026;89;-10,500;-1,5872;-1,5872;125,6680;129,1909;-3589,4400;2218,0786;-1371,3614;1227,6109;-213,1594;356,9099;Nie
2.2.2026;90;-12,631;-1,8960;-1,8960;120,1990;126,8201;-3349,0652;1730,4603;-1618,6049;1448,9065;-254,6309;424,3293;Nie
2.2.2026;91;-10,267;-1,4953;-1,4953;119,6980;123,4544;-3249,0729;1972,0606;-1277,0123;1115,9175;-200,8173;361,9121;Nie
2.2.2026;92;-6,608;-0,7927;-0,7927;83,6320;121,5671;-2995,8996;2182,2510;-813,6486;583,4883;-106,4588;336,6191;Nie
2.2.2026;93;-4,278;-0,5107;-0,5107;96,8120;126,8211;-2656,3948;2104,3425;-552,0522;366,9344;-57,6376;242,7555;Nie
2.2.2026;94;-1,876;-0,1795;-0,1795;97,8950;120,0928;-2023,3235;1786,1402;-237,1833;127,2740;-20,2584;130,1677;Nie
2.2.2026;95;1,377;0,1012;0,1012;90,1030;90,1030;-1451,0187;1562,0256;111,0069;-71,9718;11,4214;-50,4565;Nie
2.2.2026;96;2,913;0,3567;0,3567;97,9590;94,1100;-1445,3414;1700,9441;255,6028;-253,3190;40,2572;-42,5409;Nie
3.2.2026;1;5,310;0,3691;0,3691;86,2070;86,2070;-1791,6401;2235,6923;444,0523;-498,9469;37,3799;17,5148;Nie
3.2.2026;2;6,731;0,8456;0,8456;83,7010;83,7010;-1651,7555;2199,8297;548,0741;-600,8202;85,6364;-32,8904;Nie
3.2.2026;3;5,431;0,6937;0,6937;96,0160;96,0160;-1550,2743;2057,1428;506,8685;-519,9181;70,2531;-57,2034;Nie
3.2.2026;4;5,850;0,8671;0,8671;113,9560;97,3800;-1706,2924;2259,5081;553,2158;-644,6886;87,8138;3,6590;Nie
3.2.2026;5;8,634;1,4859;1,4859;110,5990;96,7243;-1705,3461;2523,5370;818,1909;-1098,5967;135,3150;145,0909;Nie
3.2.2026;6;9,679;1,2367;1,2367;95,0750;95,0750;-1115,9904;2018,5373;902,5470;-903,2277;112,6213;-111,9406;Nie
3.2.2026;7;15,176;0,8948;0,8948;78,7760;78,7760;-903,1668;2084,6493;1181,4824;-1217,2605;81,4859;-45,7078;Nie
3.2.2026;8;12,592;1,5758;1,5758;89,6850;89,6850;-1165,2772;2277,5506;1112,2734;-1138,5870;143,5018;-117,1882;Nie
3.2.2026;9;9,964;1,3671;1,3671;100,1830;90,5452;-1394,2150;2297,7655;903,5506;-1038,4834;120,7177;14,2152;Nie
3.2.2026;10;12,121;1,0998;1,0998;62,3710;62,3710;-833,0894;1587,2796;754,1901;-829,1243;97,1145;-22,1804;Nie
3.2.2026;11;11,346;2,0082;2,0082;126,2140;90,5452;-1243,8194;2267,5234;1023,7040;-1509,9371;177,3281;308,9050;Nie
3.2.2026;12;9,280;1,5110;1,5110;110,0730;90,5452;-1389,6877;2223,8807;834,1929;-1136,9799;133,4243;169,3627;Nie
3.2.2026;13;6,533;0,8152;0,8152;97,3640;84,7395;-973,9958;1521,9214;547,9256;-619,7078;71,5053;0,2769;Nie
3.2.2026;14;7,878;0,5874;0,5874;49,5480;49,5480;-665,2314;1051,9040;386,6726;-448,4732;51,5238;10,2768;Nie
3.2.2026;15;2,625;0,6132;0,6132;121,7190;84,7395;-1604,1187;1820,8824;216,7636;-468,9450;53,7868;198,3945;Nie
3.2.2026;16;1,958;0,3073;0,3073;122,0830;84,7395;-1458,6210;1617,5076;158,8866;-236,6281;26,9548;50,7867;Nie
3.2.2026;17;0,698;0,0842;0,0842;122,3540;86,0119;-1495,8330;1549,5044;53,6714;-118,0631;7,8817;56,5100;Nie
3.2.2026;18;-2,248;-0,1669;-0,1669;79,7960;106,6670;-1999,0462;1751,2588;-247,7874;128,8411;-15,6230;134,5693;Nie
3.2.2026;19;-6,236;-0,8301;-0,8301;128,7950;128,7950;-2468,8714;1657,7204;-811,1509;648,9869;-77,7032;239,8672;Nie
3.2.2026;20;-7,000;-1,0975;-1,0975;122,3710;122,3710;-2830,8083;1962,2190;-868,5894;868,1877;-102,7337;103,1353;Nie
3.2.2026;21;-4,250;-0,3740;-0,3740;113,7110;115,0578;-2630,2213;2128,1091;-502,1122;298,2722;-39,5860;243,4261;Nie
3.2.2026;22;-6,794;-0,5889;-0,5889;72,6340;115,4450;-3121,2865;2324,8314;-796,4551;473,6674;-62,3321;385,1198;Nie
3.2.2026;23;-2,417;-0,0052;-0,0052;102,8440;117,9311;-3191,5694;2893,3216;-298,2478;7,2245;-0,5504;291,5736;Nie
3.2.2026;24;-2,031;-0,2320;-0,2320;113,1360;122,3596;-2420,8847;2158,4233;-262,4613;179,1644;-24,5560;107,8530;Nie
3.2.2026;25;-1,212;-0,5023;-0,5023;134,8260;134,8260;-2935,1620;2750,8549;-184,3071;409,7662;-61,6940;-163,7651;Nie
3.2.2026;26;-3,077;-0,8405;-0,8405;146,0970;146,0970;-2994,5502;2516,6669;-477,8833;714,2721;-103,2327;-133,1561;Nie
3.2.2026;27;-5,354;-0,8343;-0,8343;156,7960;156,7960;-3548,7639;2671,0199;-877,7440;727,3972;-102,4712;252,8180;Nie
3.2.2026;28;-8,026;-3,3520;-3,3520;409,1570;409,1570;-12192,8786;8821,8341;-3371,0445;2966,8867;-411,7027;815,8605;Nie
3.2.2026;29;3,035;-0,5185;-0,5185;88,7710;88,7710;-1976,3088;2223,2697;246,9609;466,8518;-69,1876;-644,6251;Nie
3.2.2026;30;-3,189;-0,2315;-0,2315;177,9190;241,1128;-5319,4306;4489,5203;-829,9103;357,0395;-30,8909;503,7617;Nie
3.2.2026;31;-4,396;-1,2736;-1,2736;205,9970;241,1128;-5060,7166;3942,4354;-1118,2812;1158,1961;-169,9466;130,0317;Nie
3.2.2026;32;-7,596;-1,4862;-1,4862;194,1360;241,1128;-6480,3887;4595,1277;-1885,2610;1362,2432;-198,3156;721,3333;Nie
3.2.2026;33;0,670;0,0234;0,0234;178,1680;178,1680;-3938,4036;4021,9644;83,5608;-33,5872;3,2528;-53,2264;Nie
3.2.2026;34;-7,239;-1,5010;-1,5010;172,7760;241,8060;-7453,4281;5650,5226;-1802,9055;1398,2985;-208,6510;613,2580;Nie
3.2.2026;35;-7,124;-1,0339;-1,0339;149,8990;236,8131;-7387,8583;5641,8353;-1746,0230;986,9139;-143,7204;902,8295;Nie
3.2.2026;36;-2,833;-0,4265;-0,4265;150,6320;233,0973;-7286,6216;6560,7566;-725,8650;679,6716;-59,2869;105,4803;Nie
3.2.2026;37;-8,539;-1,2727;-1,2727;161,1470;205,9755;-8297,9290;6483,4908;-1814,4382;1236,1466;-180,6267;758,9183;Nie
3.2.2026;38;-0,054;0,1622;0,1622;182,7020;204,3220;-8488,7618;8428,8955;-59,8663;-157,7062;23,0201;194,5525;Nie
3.2.2026;39;-7,555;-2,3947;-2,3947;366,6470;366,6470;-17669,0856;12316,0394;-5353,0462;2324,4679;-339,8654;3368,4437;Nie
3.2.2026;40;-7,611;-1,7309;-1,7309;262,4450;262,4450;-11657,2820;9627,5324;-2029,7496;1657,2303;-245,6563;618,1756;Nie
3.2.2026;41;-25,687;-16,6505;-16,6505;665,5610;665,5610;-31457,0751;14224,3697;-17232,7054;15449,4860;-2362,4395;4145,6590;Nie
3.2.2026;42;-4,575;-1,1303;-1,1303;158,5160;204,8238;-6736,8596;5760,4646;-976,3951;1049,9864;-160,3715;86,7801;Nie
3.2.2026;43;-5,881;-1,0542;-1,0542;131,6090;208,0023;-6854,0918;5579,4537;-1274,6381;994,4689;-149,5741;429,7433;Nie
3.2.2026;44;4,528;0,8070;0,8070;156,0460;128,8900;-4183,5116;4738,2542;554,7426;-751,9288;114,5004;82,6859;Nie
3.2.2026;45;10,378;0,6852;0,6852;62,2690;62,2690;-1818,7530;2465,1052;646,3522;-664,0363;100,0954;-82,4113;Nie
3.2.2026;46;8,515;0,5326;0,5326;62,0430;62,0430;-1911,3587;2435,1878;523,8290;-517,7011;77,8033;-83,9312;Nie
3.2.2026;47;12,162;1,1519;1,1519;85,7770;85,7770;-2703,5195;3738,9337;1035,4142;-1118,5424;168,2719;-85,1436;Nie
3.2.2026;48;12,908;1,5596;1,5596;114,4630;114,4630;-4005,1748;5474,6508;1469,4760;-1511,8106;227,8295;-185,4949;Nie
3.2.2026;49;6,979;1,1276;1,1276;143,5650;128,0100;-4526,9456;5404,0702;877,1245;-1238,0067;161,7091;199,1731;Nie
3.2.2026;50;-3,217;-0,5617;-0,5617;177,9480;179,7604;-7016,7675;6386,5275;-630,2400;822,4642;-80,5534;-111,6708;Nie
3.2.2026;51;-0,211;0,0797;0,0797;139,6090;178,3291;-7024,2049;6932,9004;-91,3045;-76,5289;11,4298;156,4036;Nie
3.2.2026;52;-1,376;-0,1040;-0,1040;149,3070;179,0056;-6950,4294;6647,1940;-303,2355;99,0717;-14,9146;219,0784;Nie
3.2.2026;53;-5,116;-0,5043;-0,5043;143,0420;167,7229;-6526,9367;5613,6855;-913,2512;480,3743;-72,4503;505,3272;Nie
3.2.2026;54;-17,412;-2,8698;-2,8698;156,7540;168,1395;-8948,2161;5973,8283;-2974,3878;2702,4783;-412,2898;684,1993;Nie
3.2.2026;55;-9,218;-0,7883;-0,7883;186,0650;186,0650;-6891,8476;5118,8342;-1773,0134;738,3056;-113,2511;1147,9589;Nie
3.2.2026;56;-22,221;-2,1547;-2,1547;145,2880;198,8414;-11420,0581;6929,6228;-4490,4353;3803,2742;-309,5550;996,7161;Nie
3.2.2026;57;-2,114;-0,2044;-0,2044;138,8190;177,7793;-5232,5781;4795,9522;-436,6260;190,8145;-29,2768;275,0883;Nie
3.2.2026;58;-0,358;0,2016;0,2016;148,0470;178,1858;-5492,0427;5373,1928;-118,8499;-187,9970;28,8758;277,9712;Nie
3.2.2026;59;-1,304;-0,0061;-0,0061;173,3140;183,0422;-5630,7442;5330,9210;-299,8231;5,7069;-0,8737;294,9899;Nie
3.2.2026;60;-3,578;-0,7380;-0,7380;157,9140;203,3914;-7494,3629;6701,5432;-792,8197;686,1663;-105,7060;212,3593;Nie
3.2.2026;61;-2,761;-0,6420;-0,6420;131,1350;186,4555;-5815,1741;5233,2465;-581,9276;584,7377;-96,1113;93,3012;Nie
3.2.2026;62;-9,345;-1,2314;-1,2314;127,3120;198,6841;-6110,7282;4182,4990;-1928,2292;1116,2362;-184,3480;996,3410;Nie
3.2.2026;63;-14,265;-0,9659;-0,9659;138,3960;206,4019;-6723,3355;3699,3413;-3023,9942;1675,0877;-144,6010;1493,5076;Nie
3.2.2026;64;-14,375;-1,6549;-1,6549;97,3750;207,9025;-7054,1318;4000,4599;-3053,6719;1496,5128;-247,7485;1804,9076;Nie
3.2.2026;65;-14,152;-1,5430;-1,5430;113,0700;175,1033;-7150,5184;4651,6192;-2498,8992;1439,7193;-254,2957;1313,4756;Nie
3.2.2026;66;-7,045;-0,7027;-0,7027;90,1000;173,6725;-5888,1924;4644,0027;-1244,1898;653,3249;-115,8092;706,6741;Nie
3.2.2026;67;-1,794;-0,1955;-0,1955;70,7340;173,6725;-5226,5002;4894,9594;-331,5408;182,9306;-32,2196;180,8298;Nie
3.2.2026;68;-0,937;0,0054;0,0054;33,6370;174,9800;-4976,9561;4791,3024;-185,6538;-107,9975;0,8900;292,7613;Nie
3.2.2026;69;-4,194;0,3364;0,3364;135,5060;173,8868;-4775,8010;4027,2183;-748,5827;-314,6382;62,4315;1000,7894;Nie
3.2.2026;70;-11,515;-1,5845;-1,5845;165,5870;173,8868;-4787,4514;2765,1479;-2022,3035;1488,8626;-294,0626;827,5035;Nie
3.2.2026;71;-10,449;-1,7444;-1,7444;164,1720;173,8868;-4658,2535;2825,1388;-1833,1146;1629,6951;-323,7380;527,1575;Nie
3.2.2026;72;-1,750;-0,1373;-0,1373;149,8910;170,0325;-3904,1162;3597,0375;-307,0787;126,8760;-25,4811;205,6838;Nie
3.2.2026;73;2,513;0,3993;0,3993;114,2210;114,2210;-2661,1209;2938,1068;276,9859;-368,9475;75,9281;16,0335;Nie
3.2.2026;74;1,659;-0,0038;-0,0038;76,9630;76,9630;-1858,0407;1980,6428;122,6021;3,4713;-0,7226;-125,3508;Nie
3.2.2026;75;0,659;0,1014;0,1014;86,0610;86,0610;-2121,6618;2172,9542;51,2924;-93,6563;19,2815;23,0824;Nie
3.2.2026;76;-2,598;-0,2052;-0,2052;149,3870;165,4909;-4179,1417;3731,9853;-447,1564;320,0266;-39,0194;166,1492;Nie
3.2.2026;77;-6,598;-1,0029;-1,0029;144,3450;174,1119;-4197,4897;3031,6364;-1165,8533;919,9301;-186,6908;432,6140;Nie
3.2.2026;78;-4,241;-0,5770;-0,5770;124,4130;175,3018;-4564,8589;3798,9653;-765,8936;529,1922;-107,4091;344,1105;Nie
3.2.2026;79;-3,470;-0,4154;-0,4154;119,9260;174,5727;-4679,5958;4056,8950;-622,7008;378,2520;-77,3271;321,7759;Nie
3.2.2026;80;3,607;0,1616;0,1616;101,6570;101,6570;-2395,0389;2752,1600;357,1210;-145,3064;30,0820;-241,8966;Nie
3.2.2026;81;-9,061;-1,2901;-1,2901;138,5080;140,5470;-3031,1771;1744,7505;-1286,4267;1159,1226;-230,5976;357,9017;Nie
3.2.2026;82;-10,051;-1,5266;-1,5266;136,3550;144,2430;-4366,8126;2903,0346;-1463,7780;1362,9518;-272,8706;373,6968;Nie
3.2.2026;83;-3,489;-0,3916;-0,3916;115,9360;136,2790;-3010,9482;2523,3420;-487,6063;340,0300;-69,9962;217,5724;Nie
3.2.2026;84;-8,181;-1,2766;-1,2766;119,3950;123,9150;-2890,0695;1865,5403;-1024,5292;1089,8865;-228,1846;162,8273;Nie
3.2.2026;85;-1,495;-0,1968;-0,1968;134,0370;147,9275;-3065,7974;2829,4093;-236,3881;164,5579;-31,1601;102,9904;Nie
3.2.2026;86;-0,140;0,1352;0,1352;158,3770;158,3770;-2742,1394;2704,9208;-37,2186;-196,3721;21,4068;212,1839;Nie
3.2.2026;87;-1,485;-0,5602;-0,5602;156,8590;156,8590;-3018,7515;2765,8947;-252,8567;454,6657;-88,6987;-113,1103;Nie
3.2.2026;88;0,724;-0,2895;-0,2895;56,8890;56,8890;-966,2597;1002,2704;36,0107;228,8366;-45,8377;-219,0096;Nie
3.2.2026;89;-7,928;-0,9802;-0,9802;130,6280;131,2740;-2600,0128;1543,9135;-1056,0993;760,7021;-131,1331;426,5303;Nie
3.2.2026;90;-10,129;-1,7069;-1,7069;127,0200;127,0200;-2435,3545;1136,7020;-1298,6525;1311,7228;-228,3525;215,2822;Nie
3.2.2026;91;-8,496;-1,1156;-1,1156;93,8220;116,4460;-2469,5868;1471,9939;-997,5929;837,3134;-149,2472;309,5267;Nie
3.2.2026;92;-2,045;-0,2836;-0,2836;91,1170;123,4031;-2281,5999;2021,3428;-260,2571;208,4943;-37,9406;89,7034;Nie
3.2.2026;93;1,673;0,2015;0,2015;91,5660;91,5660;-1056,4885;1200,7965;144,3080;-146,9166;22,6202;-20,0116;Nie
3.2.2026;94;4,821;0,6698;0,6698;104,6490;104,6490;-1906,1815;2400,7527;494,5712;-485,5828;75,1911;-84,1795;Nie
3.2.2026;95;1,604;0,1666;0,1666;93,6940;93,6940;-1658,1964;1797,2383;139,0419;-132,0340;18,7023;-25,7102;Nie
3.2.2026;96;-4,582;-0,7364;-0,7364;105,0170;107,4808;-2238,6101;1724,4220;-514,1881;584,2448;-82,6675;12,6109;Nie
4.2.2026;1;-4,082;-0,6099;-0,6099;95,5380;114,2790;-2827,4910;2477,3402;-350,1509;423,8281;-61,3651;-12,3122;Nie
4.2.2026;2;-1,120;-0,3822;-0,3822;103,0860;113,3000;-2054,2423;2041,7793;-12,4630;259,8458;-38,4551;-208,9277;Nie
4.2.2026;3;-3,844;-0,5464;-0,5464;105,9580;113,3550;-2227,5391;1899,4897;-328,0494;367,4511;-54,9760;15,5743;Nie
4.2.2026;4;10,465;1,2749;1,2749;95,9570;95,9570;-1527,7314;2622,7927;1095,0613;-843,9692;128,2741;-379,3661;Nie
4.2.2026;5;6,552;1,0074;1,0074;106,2880;96,6785;-1813,3019;2538,2940;724,9921;-729,5803;91,8769;-87,2887;Nie
4.2.2026;6;5,326;0,5556;0,5556;92,0180;92,0180;-1391,1281;1966,6087;575,4806;-402,9079;50,6718;-223,2445;Nie
4.2.2026;7;2,367;0,2009;0,2009;81,6240;81,6240;-1401,2392;1669,6189;268,3797;-145,4618;18,3225;-141,2404;Nie
4.2.2026;8;5,909;0,4333;0,4333;65,6170;65,6170;-1066,8012;1514,8997;448,0985;-311,9179;39,5178;-175,6984;Nie
4.2.2026;9;-4,702;-0,6379;-0,6379;91,2330;117,8320;-1958,2500;1550,1978;-408,0522;480,7787;-56,5447;-16,1818;Nie
4.2.2026;10;-2,621;-0,4611;-0,4611;102,1250;113,4540;-1710,7729;1547,8529;-162,9199;344,5693;-40,8728;-140,7765;Nie
4.2.2026;11;1,041;0,0985;0,0985;104,9010;98,1070;-1377,7166;1594,3369;216,6203;-73,3198;8,7312;-152,0317;Nie
4.2.2026;12;-0,086;-0,0903;-0,0903;87,6890;109,2190;-1790,8639;1909,1481;118,2842;67,0080;-8,0044;-177,2878;Nie
4.2.2026;13;-1,237;-0,1775;-0,1775;77,6640;110,6380;-2280,5811;2268,4109;-12,1702;127,3710;-15,5036;-99,6973;Nie
4.2.2026;14;0,731;0,0575;0,0575;78,1460;78,1460;-1412,8797;1555,7306;142,8509;-41,0544;5,0223;-106,8188;Nie
4.2.2026;15;5,398;0,6399;0,6399;88,6890;88,6890;-1436,5844;2012,4421;575,8577;-456,4712;55,8914;-175,2779;Nie
4.2.2026;16;0,349;0,0596;0,0596;79,3710;79,3710;-1546,3852;1659,6476;113,2624;-42,5627;5,2057;-75,9054;Nie
4.2.2026;17;1,630;0,4642;0,4642;101,0130;97,9529;-1924,0888;2193,1654;269,0766;-309,7310;42,8935;-2,2391;Nie
4.2.2026;18;3,318;0,3041;0,3041;103,1820;97,9529;-1555,6880;1991,7743;436,0863;-204,4981;28,0998;-259,6880;Nie
4.2.2026;19;3,522;0,4925;0,4925;88,9770;88,9770;-1294,7043;1707,5576;412,8533;-331,9872;45,5085;-126,3746;Nie
4.2.2026;20;3,492;0,4616;0,4616;87,7180;87,7180;-1377,6112;1784,4473;406,8361;-315,0611;42,6532;-134,4282;Nie
4.2.2026;21;7,703;1,2536;1,2536;93,9960;93,9960;-1258,7004;2089,1551;830,4547;-877,5201;132,6635;-85,5980;Nie
4.2.2026;22;8,703;0,1225;0,1225;10,7620;10,7620;-134,2237;240,7244;106,5008;-87,2713;12,9637;-32,1931;Nie
4.2.2026;23;-1,548;0,1717;0,1717;46,9930;118,6350;-2900,5071;2860,7644;-39,7427;-126,7739;18,1703;148,3463;Nie
4.2.2026;24;5,712;0,7066;0,7066;89,4610;89,4610;-1641,7883;2264,8841;623,0959;-529,6444;74,7767;-168,2281;Nie
4.2.2026;25;1,571;0,2739;0,2739;92,5420;92,5420;-2059,4297;2322,8042;263,3745;-216,8777;33,4361;-79,9329;Nie
4.2.2026;26;5,694;0,1812;0,1812;55,9450;55,9450;-925,1065;1316,1061;390,9996;-149,7820;22,1198;-263,3374;Nie
4.2.2026;27;-5,526;-0,5474;-0,5474;100,1600;140,6350;-3124,0659;2529,7424;-594,3235;466,9345;-66,8233;194,2123;Nie
4.2.2026;28;-3,098;-0,7025;-0,7025;133,9330;153,3950;-2569,0595;2299,0843;-269,9752;608,8144;-85,7570;-253,0822;Nie
4.2.2026;29;-3,008;-0,4211;-0,4211;113,2870;147,6420;-3634,3555;3384,6929;-249,6626;366,9611;-55,2226;-62,0758;Nie
4.2.2026;30;-8,377;-1,4631;-1,4631;139,5030;164,7140;-4436,9010;3285,8796;-1151,0214;1293,5113;-191,8695;49,3796;Nie
4.2.2026;31;-4,894;-0,7348;-0,7348;125,1640;167,1230;-4324,3076;3745,2264;-579,0812;650,4641;-96,3609;24,9780;Nie
4.2.2026;32;-3,061;-0,5950;-0,5950;124,1330;176,1650;-4575,7097;4293,6695;-282,0402;530,6082;-78,0277;-170,5403;Nie
4.2.2026;33;1,329;0,1242;0,1242;110,3000;110,3000;-2738,5284;3041,3019;302,7735;-110,9040;16,9961;-208,8656;Nie
4.2.2026;34;-2,391;-0,3672;-0,3672;117,9860;170,4890;-4332,9779;4175,2756;-157,7023;331,1182;-50,2495;-123,1664;Nie
4.2.2026;35;1,034;-0,0227;-0,0227;97,3540;97,3540;-2177,0301;2408,7327;231,7025;20,9903;-3,1064;-249,5864;Nie
4.2.2026;36;1,951;0,1421;0,1421;118,4280;118,4280;-3253,4540;3639,0556;385,6016;-132,2932;19,4457;-272,7540;Nie
4.2.2026;37;0,430;-0,0498;-0,0498;48,2810;48,2810;-1408,2602;1490,5310;82,2708;47,2637;-7,1230;-122,4115;Nie
4.2.2026;38;6,792;0,6106;0,6106;98,5100;98,5100;-2513,5812;3308,5569;794,9757;-579,3999;87,3359;-302,9117;Nie
4.2.2026;39;7,531;0,9158;0,9158;114,7260;114,7260;-2989,9890;3997,0538;1007,0648;-860,8500;130,9896;-277,2044;Nie
4.2.2026;40;6,237;0,7297;0,7297;101,0010;101,0010;-2731,7740;3481,6055;749,8314;-681,9452;104,3712;-172,2574;Nie
4.2.2026;41;13,028;1,2833;1,2833;100,5130;100,5130;-2491,1142;3893,7731;1402,6589;-1172,9499;183,9893;-413,6983;Nie
4.2.2026;42;19,664;2,0600;2,0600;91,1230;91,1230;-2331,3820;4209,4270;1878,0450;-1848,7377;295,3463;-324,6537;Nie
4.2.2026;43;17,692;2,5981;2,5981;135,2420;135,2420;-2905,1334;5433,4826;2528,3492;-2354,6480;372,4948;-546,1960;Nie
4.2.2026;44;15,856;1,7124;1,7124;104,8290;104,8290;-2614,7497;4375,1431;1760,3934;-1550,0530;245,5102;-455,8506;Nie
4.2.2026;45;19,642;0,5086;0,5086;21,5280;21,5280;-403,4562;853,2192;449,7630;-476,7442;74,9147;-47,9335;Nie
4.2.2026;46;17,379;0,5058;0,5058;21,4530;21,4530;-413,5924;810,9234;397,3310;-472,3942;74,5023;0,5609;Nie
4.2.2026;47;13,548;0,4927;0,4927;30,9520;30,9520;-596,8784;1049,5514;452,6730;-460,0939;72,5727;-65,1518;Nie
4.2.2026;48;18,348;0,2089;0,2089;2,6500;2,6500;-48,7494;100,4324;51,6830;-194,6477;30,7701;112,1946;Nie
4.2.2026;49;13,487;1,4249;1,4249;93,3020;93,3020;-2379,8541;3730,6805;1350,8264;-1329,9837;200,5817;-221,4244;Nie
4.2.2026;50;12,776;0,8928;0,8928;66,2050;66,2050;-1461,9388;2369,9404;908,0016;-829,6134;125,6786;-204,0667;Nie
4.2.2026;51;9,332;0,6018;0,6018;61,4920;61,4920;-1567,2466;2047,2532;480,0066;-560,1700;84,7148;-4,5513;Nie
4.2.2026;52;10,318;0,9236;0,9236;89,1170;89,1170;-2058,4245;2843,1888;784,7643;-857,3031;130,0142;-57,4755;Nie
4.2.2026;53;10,073;1,0016;1,0016;89,5370;89,5370;-2382,3110;3147,9418;765,6309;-929,9676;139,9566;24,3801;Nie
4.2.2026;54;10,063;1,1408;1,1408;100,7370;100,7370;-2643,7418;3522,5714;878,8296;-1050,5233;159,4074;12,2863;Nie
4.2.2026;55;8,443;0,8851;0,8851;96,4200;96,4200;-2890,1895;3804,5404;914,3509;-805,3163;123,6777;-232,7122;Nie
4.2.2026;56;4,251;0,3580;0,3580;75,2150;75,2150;-2525,1932;2927,6687;402,4755;-323,3198;50,0244;-129,1801;Nie
4.2.2026;57;-3,657;-0,3865;-0,3865;128,0400;168,0910;-5997,9912;5571,5443;-426,4469;347,8135;-54,0509;132,6842;Nie
4.2.2026;58;-2,917;-0,4663;-0,4663;142,2540;175,3180;-6229,9251;5911,8983;-318,0269;419,3794;-65,2107;-36,1419;Nie
4.2.2026;59;-2,930;-0,4015;-0,4015;138,5250;176,8580;-5855,4147;5537,2471;-318,1675;360,8740;-56,1486;13,4421;Nie
4.2.2026;60;-4,793;-0,6426;-0,6426;124,4250;171,5010;-7246,6033;6627,3131;-619,2901;575,2691;-89,8657;133,8867;Nie
4.2.2026;61;5,071;0,5480;0,5480;102,7750;102,7750;-2434,4314;3072,1503;637,7189;-482,2931;79,3586;-234,7844;Nie
4.2.2026;62;-5,270;-0,8690;-0,8690;138,5690;171,3030;-4954,0828;4252,5970;-701,4858;766,8136;-125,8442;60,5164;Nie
4.2.2026;63;3,196;0,0925;0,0925;51,2830;51,2830;-1384,1282;1605,5169;221,3887;-81,4877;13,3954;-153,2964;Nie
4.2.2026;64;5,936;0,6729;0,6729;101,6780;101,6780;-2660,7099;3385,7757;725,0658;-591,9779;97,4460;-230,5339;Nie
4.2.2026;65;-9,934;-1,1035;-1,1035;95,8350;162,5690;-5107,5928;3744,6143;-1362,9785;998,6846;-176,8557;541,1496;Nie
4.2.2026;66;-7,313;-0,7928;-0,7928;96,3190;172,7000;-5263,0325;4246,1749;-1016,8576;716,0411;-127,0605;427,8770;Nie
4.2.2026;67;-4,702;-0,4826;-0,4826;101,2950;172,4910;-5628,5538;5066,9231;-561,6307;438,9322;-77,3453;200,0438;Nie
4.2.2026;68;1,924;0,2057;0,2057;64,5330;64,5330;-2112,7459;2333,8359;221,0901;-188,7845;32,9671;-65,2727;Nie
4.2.2026;69;6,653;0,8433;0,8433;106,6310;106,6310;-2616,9380;3481,0756;864,1376;-772,2825;153,0252;-244,8803;Nie
4.2.2026;70;-0,798;-0,1540;-0,1540;123,2760;170,7530;-4428,8206;4538,2732;109,4527;141,7479;-27,9448;-223,2557;Nie
4.2.2026;71;0,506;0,1066;0,1066;141,3770;135,6912;-3564,6078;3833,4121;268,8043;-97,6449;19,3436;-190,5030;Nie
4.2.2026;72;-0,769;-0,1301;-0,1301;137,8140;169,9720;-4360,4617;4480,1220;119,6603;118,3480;-23,6079;-214,4003;Nie
4.2.2026;73;-2,047;-0,2839;-0,2839;129,8290;168,7070;-4410,3384;4312,1509;-98,1875;257,5233;-53,7562;-105,5796;Nie
4.2.2026;74;-0,360;-0,1746;-0,1746;136,3130;164,9340;-3982,6613;4163,5939;180,9326;157,8646;-33,0603;-305,7369;Nie
4.2.2026;75;2,109;0,3278;0,3278;129,0080;129,0080;-3271,6429;3730,3953;458,7524;-296,1416;62,0686;-224,6795;Nie
4.2.2026;76;3,301;0,2216;0,2216;91,5340;91,5340;-2654,3029;3088,0826;433,7796;-199,2120;41,9597;-276,5274;Nie
4.2.2026;77;5,884;0,5371;0,5371;103,2000;103,2000;-2280,4104;3035,0088;754,5984;-480,7886;100,3652;-374,1750;Nie
4.2.2026;78;2,972;0,3570;0,3570;107,2840;107,2840;-2784,3417;3257,3568;473,0152;-317,3464;66,7108;-222,3796;Nie
4.2.2026;79;2,862;0,3084;0,3084;107,7210;107,7210;-2447,7443;2914,2839;466,5397;-273,0814;57,6292;-251,0874;Nie
4.2.2026;80;2,857;0,2062;0,2062;92,9710;92,9710;-2332,4564;2739,3905;406,9341;-181,7390;38,5316;-263,7266;Nie
4.2.2026;81;3,141;0,2657;0,2657;97,4490;97,4490;-1814,5978;2268,2229;453,6251;-233,7894;47,0207;-266,8564;Nie
4.2.2026;82;1,000;0,0240;0,0240;93,1360;93,1360;-1857,2250;2087,8297;230,6047;-20,8498;4,2473;-214,0022;Nie
4.2.2026;83;0,634;0,0606;0,0606;96,2060;96,2060;-1878,1335;2080,5510;202,4174;-51,3995;10,7243;-161,7422;Nie
4.2.2026;84;0,926;0,0141;0,0141;102,2820;102,2820;-2662,6050;2906,3430;243,7380;-11,7025;2,4953;-234,5308;Nie
4.2.2026;85;4,782;0,4741;0,4741;95,9490;95,9490;-2184,0871;2776,8600;592,7729;-387,2712;74,1530;-279,6548;Nie
4.2.2026;86;0,743;-0,0112;-0,0112;74,9080;74,9080;-1649,3993;1805,6573;156,2581;8,9476;-1,7518;-163,4539;Nie
4.2.2026;87;1,163;0,0069;0,0069;79,5570;79,5570;-1988,2885;2185,5899;197,3014;-5,4591;1,0792;-192,9215;Nie
4.2.2026;88;8,373;0,9074;0,9074;92,1460;92,1460;-2658,7807;3547,0681;888,2874;-694,3584;141,9246;-335,8537;Nie
4.2.2026;89;17,899;1,6485;1,6485;71,4610;71,4610;-1196,6144;2568,3798;1371,7654;-1240,5963;223,2745;-354,4435;Nie
4.2.2026;90;13,386;1,6801;1,6801;93,1780;93,1780;-2202,0757;3570,6741;1368,5985;-1258,0440;227,5544;-338,1089;Nie
4.2.2026;91;4,409;0,7545;0,7545;139,9900;93,7100;-2038,9422;2575,0571;536,1149;-606,9919;102,1902;-31,3132;Nie
4.2.2026;92;5,803;0,4090;0,4090;70,2930;70,2930;-1558,1146;2051,8527;493,7380;-323,9051;55,3954;-225,2283;Nie
4.2.2026;93;4,416;0,4288;0,4288;79,7480;79,7480;-1573,5078;2021,1333;447,6255;-322,0107;49,2833;-174,8981;Nie
4.2.2026;94;4,585;7,1773;7,1773;1077,7700;90,5700;-2373,8397;2896,2475;522,4078;-5302,9368;824,9086;3955,6204;Nie
4.2.2026;95;-0,994;-0,0964;-0,0964;126,1480;126,1480;-3814,0848;3832,1239;18,0392;73,8745;-11,0795;-80,8341;Nie
4.2.2026;96;-1,819;-0,3643;-0,3643;95,7720;98,7203;-3406,4427;3336,4500;-69,9927;277,9353;-41,8701;-166,0725;Nie
5.2.2026;1;-0,560;-0,0546;-0,0546;105,1440;105,1440;-2120,2288;2164,4944;44,2656;40,7699;-5,4692;-79,5664;Nie
5.2.2026;2;2,224;0,0140;0,0140;74,0920;74,0920;-1794,5082;2034,4922;239,9840;-10,2899;1,4024;-231,0964;Nie
5.2.2026;3;1,701;0,3302;0,3302;107,5390;92,7400;-2226,8729;2473,0976;246,2247;-240,8794;33,0755;-38,4208;Nie
5.2.2026;4;2,228;0,2417;0,2417;107,4600;93,5632;-2273,9600;2571,6781;297,7181;-174,5255;24,2106;-147,4032;Nie
5.2.2026;5;1,100;0,1430;0,1430;72,4510;72,4510;-1533,0632;1680,5734;147,5102;-102,1833;12,8975;-58,2244;Nie
5.2.2026;6;0,259;-0,0489;-0,0489;83,9590;83,9590;-1950,4515;2047,9279;97,4764;34,7573;-4,4104;-127,8233;Nie
5.2.2026;7;-0,510;-0,0312;-0,0312;50,9160;101,4341;-2556,0379;2596,4087;40,3708;22,1089;-2,8140;-59,6657;Nie
5.2.2026;8;5,042;0,3951;0,3951;65,1800;65,1800;-1636,1484;2022,7309;386,5826;-277,7374;35,6349;-144,4800;Nie
5.2.2026;9;5,632;0,8180;0,8180;102,2680;89,5700;-1866,9075;2480,8203;613,9128;-600,1947;71,9169;-85,6350;Nie
5.2.2026;10;13,727;2,4481;2,4481;131,3200;89,8600;-1377,3741;2713,5923;1336,2182;-1766,2014;215,2321;214,7511;Nie
5.2.2026;11;16,969;2,5842;2,5842;108,0130;90,8500;-1281,8027;2924,7341;1642,9314;-1856,3254;227,1977;-13,8037;Nie
5.2.2026;12;11,013;1,2199;1,2199;94,8840;91,1208;-1803,4629;2905,7512;1102,2883;-877,3667;107,2512;-332,1728;Nie
5.2.2026;13;11,772;3,4251;3,4251;217,7020;91,4114;-1463,8622;2638,4986;1174,6365;-2419,8644;302,8371;942,3908;Nie
5.2.2026;14;6,252;1,1466;1,1466;137,5060;91,4114;-1775,7579;2442,8783;667,1204;-811,2243;101,3789;42,7250;Nie
5.2.2026;15;8,636;0,8988;0,8988;83,3020;83,3020;-1573,3249;2383,1036;809,7787;-635,3637;79,4692;-253,8842;Nie
5.2.2026;16;10,218;1,3154;1,3154;101,3760;91,4114;-1809,4887;2838,5068;1029,0181;-931,5839;116,3037;-213,7380;Nie
5.2.2026;17;9,971;1,1408;1,1408;84,2810;84,2810;-1551,4446;2479,2942;927,8495;-819,6594;107,4280;-215,6181;Nie
5.2.2026;18;9,561;0,9311;0,9311;73,9330;73,9330;-1281,6286;2066,5013;784,8727;-673,7207;87,6808;-198,8328;Nie
5.2.2026;19;8,914;1,1474;1,1474;85,2300;85,2300;-1567,2092;2417,2933;850,0840;-837,7481;108,0495;-120,3854;Nie
5.2.2026;20;11,457;1,3872;1,3872;96,6120;92,2387;-1651,5339;2807,1004;1155,5664;-1024,2831;130,6312;-261,9146;Nie
5.2.2026;21;9,441;1,3060;1,3060;88,4840;88,4840;-2277,9321;3209,9341;932,0020;-988,2483;139,0564;-82,8100;Nie
5.2.2026;22;8,352;1,4121;1,4121;128,8410;94,8700;-2271,5673;3170,8400;899,2727;-1084,4603;150,3533;34,8342;Nie
5.2.2026;23;3,744;-0,3762;-0,3762;-35,1370;-35,1370;-1023,1543;851,6506;-171,5037;287,9295;-40,0559;-76,3699;Nie
5.2.2026;24;1,458;-0,6414;-0,6414;-13,3000;-13,3000;-389,4905;354,1790;-35,3115;502,5669;-68,2931;-398,9623;Nie
5.2.2026;25;-3,910;-0,6081;-0,6081;117,1870;124,1656;-5243,5133;4908,8870;-334,6263;475,1449;-74,9137;-65,6049;Nie
5.2.2026;26;-3,886;-0,8004;-0,8004;137,9510;137,9510;-4039,0673;3670,3243;-368,7430;658,0457;-98,6037;-190,6990;Nie
5.2.2026;27;-3,766;-0,7551;-0,7551;139,1150;142,1014;-4285,2098;3922,7091;-362,5007;621,1432;-93,0230;-165,6195;Nie
5.2.2026;28;-4,162;-0,5948;-0,5948;104,5880;148,1666;-3682,6808;3248,5527;-434,1281;499,6207;-73,2752;7,7826;Nie
5.2.2026;29;10,101;1,3878;1,3878;114,2170;114,2170;-3238,7373;4530,3031;1291,5658;-1179,9914;182,9814;-294,5559;Nie
5.2.2026;30;0,815;0,1712;0,1712;138,1100;138,0035;-4866,4174;5147,6686;281,2511;-147,7448;22,5727;-156,0791;Nie
5.2.2026;31;8,298;0,9775;0,9775;105,6200;105,6200;-2946,1643;3952,6173;1006,4530;-843,7558;128,8834;-291,5806;Nie
5.2.2026;32;-1,484;-0,1366;-0,1366;150,1030;165,0000;-5736,5550;5697,9450;-38,6100;119,1626;-18,0107;-62,5419;Nie
5.2.2026;33;-8,058;-1,2580;-1,2580;152,0160;156,0418;-6238,2391;5170,9132;-1067,3259;1098,3379;-169,4966;138,4846;Nie
5.2.2026;34;0,880;-0,1107;-0,1107;132,6950;132,6950;-4772,7738;5048,6467;275,8729;97,1694;-14,9152;-358,1271;Nie
5.2.2026;35;4,536;0,3861;0,3861;93,8870;93,8870;-3372,3272;3909,9241;537,5970;-347,2263;52,0212;-242,3918;Nie
5.2.2026;36;3,051;0,1716;0,1716;53,8640;53,8640;-1927,1462;2156,8223;229,6761;-154,9319;23,1205;-97,8647;Nie
5.2.2026;37;19,790;1,4715;1,4715;68,1670;68,1670;-1624,6923;3053,9498;1429,2575;-1342,4581;206,1704;-292,9698;Nie
5.2.2026;38;27,122;2,8027;2,8027;95,5970;95,5970;-2393,6533;5090,8270;2697,1738;-2572,2003;392,6835;-517,6570;Nie
5.2.2026;39;20,344;3,0012;3,0012;125,1460;125,1460;-2606,6660;5276,6559;2669,9899;-2739,3329;420,4951;-351,1521;Nie
5.2.2026;40;23,165;3,3822;3,3822;138,0050;131,8800;-2937,3632;6079,6680;3142,3048;-3036,2474;473,8767;-579,9340;Nie
5.2.2026;41;7,665;0,5142;0,5142;107,0710;107,0710;-3702,7293;4576,2145;873,4852;-450,4007;72,6513;-495,7358;Nie
5.2.2026;42;4,452;0,3123;0,3123;87,9040;87,9040;-3247,1738;3698,4729;451,2991;-270,7273;44,1249;-224,6967;Nie
5.2.2026;43;1,199;0,1514;0,1514;84,7790;84,7790;-3587,2538;3742,6537;155,3999;-131,7476;21,3913;-45,0436;Nie
5.2.2026;44;5,286;0,5610;0,5610;110,0570;110,0570;-4944,2007;5548,3035;604,1029;-483,5010;79,2637;-199,8656;Nie
5.2.2026;45;-3,195;-0,4487;-0,4487;132,1210;154,7370;-7302,9675;6841,5417;-461,4257;399,1284;-64,6204;126,9178;Nie
5.2.2026;46;2,194;0,1543;0,1543;87,0420;87,0420;-4148,2476;4370,5529;222,3053;-135,9333;22,2218;-108,5938;Nie
5.2.2026;47;-2,471;-0,3388;-0,3388;123,5890;149,3470;-7403,4295;7043,8019;-359,6276;299,3169;-48,7930;109,1036;Nie
5.2.2026;48;0,748;-0,1393;-0,1393;79,0330;79,0330;-3751,8546;3842,1103;90,2557;122,3295;-20,0616;-192,5236;Nie
5.2.2026;49;14,011;1,6086;1,6086;102,7200;102,7200;-3998,3760;5494,8010;1496,4250;-1415,5405;224,7021;-305,5866;Nie
5.2.2026;50;21,957;1,9902;1,9902;84,7520;84,7520;-3536,8705;5443,7057;1906,8352;-1755,7474;278,0071;-429,0949;Nie
5.2.2026;51;6,306;0,6592;0,6592;104,2010;104,2010;-4272,4494;4978,0986;705,6492;-578,3498;92,0823;-219,3817;Nie
5.2.2026;52;3,108;0,2743;0,2743;98,4550;98,4550;-3741,1915;4107,4441;366,2526;-239,7386;38,3164;-164,8304;Nie
5.2.2026;53;-0,795;-0,1430;-0,1430;132,1760;139,0510;-5632,1217;5585,5396;-46,5821;125,0600;-20,0243;-58,4536;Nie
5.2.2026;54;2,077;0,1821;0,1821;120,0350;101,9299;-3452,2638;3714,4275;262,1637;-158,6457;25,4995;-129,0175;Nie
5.2.2026;55;5,941;0,7168;0,7168;114,8710;103,8773;-3320,2301;3989,3038;669,0737;-615,6623;100,3735;-153,7849;Nie
5.2.2026;56;6,154;0,7320;0,7320;123,9270;104,2120;-3527,8888;4249,6611;721,7723;-624,5956;102,5020;-199,6787;Nie
5.2.2026;57;12,974;1,4863;1,4863;93,6810;93,6810;-3582,9235;4872,5362;1289,6126;-1265,9988;210,0826;-233,6964;Nie
5.2.2026;58;12,115;1,4043;1,4043;101,9530;101,9530;-3906,6351;5211,6335;1304,9984;-1191,6850;198,4922;-311,8056;Nie
5.2.2026;59;15,551;2,1893;2,1893;114,7500;105,9794;-3921,8737;5669,6859;1747,8123;-1850,4105;309,4488;-206,8506;Nie
5.2.2026;60;11,364;1,6406;1,6406;124,1220;108,3062;-4097,4402;5443,5779;1346,1378;-1379,8032;231,8922;-198,2268;Nie
5.2.2026;61;13,335;2,0636;2,0636;125,2740;123,6024;-4126,7133;5882,8562;1756,1429;-1716,1528;299,5460;-339,5361;Nie
5.2.2026;62;11,307;1,5665;1,5665;122,2820;122,2820;-4414,0134;5900,8402;1486,8268;-1304,7137;227,3884;-409,5016;Nie
5.2.2026;63;17,831;2,5832;2,5832;117,5660;117,5660;-3780,4523;5980,4649;2200,0126;-2137,5000;374,9696;-437,4821;Nie
5.2.2026;64;17,302;2,2956;2,2956;113,2820;113,2820;-4328,6185;6410,8549;2082,2364;-1896,4471;333,2224;-519,0118;Nie
5.2.2026;65;12,252;1,5340;1,5340;102,6650;102,6650;-3142,6783;4550,1128;1407,4345;-1322,3161;246,6657;-331,7841;Nie
5.2.2026;66;8,856;1,0936;1,0936;115,7760;115,7760;-4566,4370;5759,8560;1193,4190;-940,6519;175,8498;-428,6169;Nie
5.2.2026;67;9,981;1,5643;1,5643;127,7040;127,7040;-4832,1917;6291,9761;1459,7844;-1353,6351;251,5379;-357,6872;Nie
5.2.2026;68;7,901;0,9669;0,9669;115,2840;115,2840;-4420,1038;5496,9717;1076,8678;-844,7483;155,4766;-387,5961;Nie
5.2.2026;69;11,535;1,3549;1,3549;97,6100;97,6100;-3265,0545;4525,8829;1260,8284;-1190,9031;248,4345;-318,3597;Nie
5.2.2026;70;0,614;-0,2058;-0,2058;59,9320;59,9320;-2552,5638;2675,4843;122,9205;182,2453;-37,7355;-267,4303;Nie
5.2.2026;71;1,842;0,2301;0,2301;114,4530;114,4530;-4578,1200;4953,8692;375,7492;-202,9405;42,1911;-214,9998;Nie
5.2.2026;72;1,991;0,2349;0,2349;141,4560;141,4560;-5727,4120;6211,6159;484,2039;-205,6017;43,0713;-321,6735;Nie
5.2.2026;73;0,139;-0,0141;-0,0141;142,7840;137,9474;-5029,8381;5244,3463;214,5082;12,3451;-2,6870;-224,1663;Nie
5.2.2026;74;8,389;1,3990;1,3990;145,5770;138,7756;-5602,3710;6967,0902;1364,7193;-1222,3538;266,6004;-408,9659;Nie
5.2.2026;75;-1,982;-0,3955;-0,3955;137,1710;158,0260;-6430,0779;6348,0624;-82,0155;348,4548;-75,3685;-191,0708;Nie
5.2.2026;76;-1,777;-0,3568;-0,3568;146,1140;154,5830;-6393,3983;6342,2313;-51,1670;311,8368;-67,9936;-192,6762;Nie
5.2.2026;77;-0,461;-0,1667;-0,1667;146,7240;159,5000;-7388,1995;7543,7120;155,5125;144,5712;-31,3354;-268,7483;Nie
5.2.2026;78;-3,755;-0,7802;-0,7802;146,3440;159,6760;-8286,2263;7914,6603;-371,5661;675,3894;-146,6581;-157,1653;Nie
5.2.2026;79;-3,215;-0,4801;-0,4801;124,7770;157,7290;-6400,9583;6119,5697;-281,3885;414,4248;-90,2468;-42,7895;Nie
5.2.2026;80;-2,641;-0,3701;-0,3701;148,8730;152,5700;-6687,7534;6507,4156;-180,3377;315,4767;-69,5695;-65,5694;Nie
5.2.2026;81;-6,829;-1,1455;-1,1455;132,7900;164,2190;-6733,3074;5846,6891;-886,6184;979,3128;-203,2610;110,5665;Nie
5.2.2026;82;-3,789;-0,6005;-0,6005;134,0780;154,8847;-5814,8363;5448,0693;-366,7670;506,2972;-106,5545;-32,9757;Nie
5.2.2026;83;-1,705;-0,1437;-0,1437;141,4690;149,7753;-6009,5841;5960,3081;-49,2761;117,6515;-25,4986;-42,8769;Nie
5.2.2026;84;4,474;0,1924;0,1924;98,4350;98,4350;-4104,2473;4680,0921;575,8448;-154,7319;34,1400;-455,2529;Nie
5.2.2026;85;3,772;0,4061;0,4061;100,8960;100,8960;-3069,2563;3584,5322;515,2759;-321,3661;63,9705;-257,8803;Nie
5.2.2026;86;6,128;0,9184;0,9184;105,5960;105,5960;-3656,6839;4440,7342;784,0503;-711,8419;144,6700;-216,8784;Nie
5.2.2026;87;0,899;0,0953;0,0953;121,5240;121,5240;-4598,3466;4861,4461;263,0995;-73,4322;15,0120;-204,6793;Nie
5.2.2026;88;16,341;2,0979;2,0979;105,5110;105,5110;-3659,9656;5517,4867;1857,5212;-1557,7928;330,4696;-630,1980;Nie
5.2.2026;89;-1,744;-0,3524;-0,3524;115,2570;135,9930;-4948,9213;4878,7489;-70,1724;261,3674;-47,8943;-143,3007;Nie
5.2.2026;90;2,875;0,2854;0,2854;90,9770;90,9770;-3220,2219;3591,2261;371,0042;-207,1755;38,7884;-202,6171;Nie
5.2.2026;91;-0,420;-0,2100;-0,2100;108,0050;127,7100;-4395,9059;4498,8402;102,9343;149,4750;-28,5409;-223,8684;Nie
5.2.2026;92;2,583;0,3644;0,3644;126,9110;103,8100;-3337,1801;3728,9590;391,7789;-252,5173;49,5252;-188,7869;Nie
5.2.2026;93;-0,303;-0,1078;-0,1078;97,7910;131,2080;-4501,8777;4615,8974;114,0198;73,8541;-12,5204;-175,3534;Nie
5.2.2026;94;7,723;1,0554;1,0554;99,0050;99,0050;-2773,6251;3651,0074;877,3823;-714,2046;122,5794;-285,7571;Nie
5.2.2026;95;13,291;1,6287;1,6287;83,7810;83,7810;-2449,0024;3657,4596;1208,4571;-1100,7631;189,1654;-296,8594;Nie
5.2.2026;96;23,955;3,1272;3,1272;91,3780;91,3780;-2653,5257;4939,1637;2285,6379;-2102,5375;363,2086;-546,3091;Nie
6.2.2026;1;6,518;0,4996;0,4996;63,9260;63,9260;-1836,5301;2316,8700;480,3400;-360,7198;51,8730;-171,4931;Nie
6.2.2026;2;2,243;0,3242;0,3242;98,5950;98,5950;-2796,2528;3108,1088;311,8560;-231,6722;33,6614;-113,8451;Nie
6.2.2026;3;3,194;0,6237;0,6237;124,6640;99,6900;-2795,1082;3205,7313;410,6231;-441,8291;64,7581;-33,5522;Nie
6.2.2026;4;2,720;0,2791;0,2791;105,0860;104,0500;-3329,6000;3708,5501;378,9501;-194,8302;28,9787;-213,0986;Nie
6.2.2026;5;10,373;1,3890;1,3890;88,9320;88,9320;-2027,9164;3033,0259;1005,1095;-970,8975;129,9993;-164,2113;Nie
6.2.2026;6;9,633;1,0881;1,0881;80,1090;80,1090;-1855,1642;2698,4717;843,3074;-758,5777;101,8375;-186,5672;Nie
6.2.2026;7;11,029;1,9312;1,9312;108,4980;100,5400;-2150,2490;3347,8815;1197,6325;-1330,1861;180,7449;-48,1913;Nie
6.2.2026;8;10,106;1,2038;1,2038;92,5270;92,5270;-2462,0509;3476,0543;1014,0034;-827,1197;112,6660;-299,5497;Nie
6.2.2026;9;8,239;1,2549;1,2549;101,0500;101,0500;-2551,7146;3506,5361;954,8215;-882,2524;113,7818;-186,3508;Nie
6.2.2026;10;8,236;1,0501;1,0501;87,1540;87,1540;-2526,1587;3342,7045;816,5458;-734,0125;95,2126;-177,7459;Nie
6.2.2026;11;7,776;1,0301;1,0301;90,6790;90,6790;-2522,6898;3327,7379;805,0482;-718,3586;93,3992;-180,0887;Nie
6.2.2026;12;6,296;0,7535;0,7535;81,2210;81,2210;-2490,1546;3088,7534;598,5988;-523,0797;68,3198;-143,8389;Nie
6.2.2026;13;0,103;0,2317;0,2317;114,1050;101,6900;-3709,6512;3827,4082;117,7570;-159,7029;21,1507;20,7951;Nie
6.2.2026;14;-1,140;-0,1835;-0,1835;117,4640;124,3905;-4339,8602;4326,3016;-13,5586;127,3042;-16,7508;-96,9948;Nie
6.2.2026;15;-6,595;-0,9931;-0,9931;93,3340;124,3905;-4681,0633;3989,2033;-691,8600;693,2142;-90,6551;89,3009;Nie
6.2.2026;16;-4,048;-0,5419;-0,5419;88,8660;124,3905;-4976,4907;4603,6924;-372,7983;376,2953;-49,4673;45,9704;Nie
6.2.2026;17;-11,371;-1,4974;-1,4974;97,9620;115,6795;-5675,1206;4477,4907;-1197,6299;984,8784;-144,3988;357,1502;Nie
6.2.2026;18;3,183;0,2935;0,2935;71,4310;71,4310;-2480,8701;2783,5232;302,6531;-187,2418;28,3031;-143,7144;Nie
6.2.2026;19;1,742;0,0605;0,0605;43,5710;43,5710;-1444,3351;1565,7675;121,4324;-39,1723;5,8342;-88,0943;Nie
6.2.2026;20;2,420;0,2410;0,2410;71,5130;71,5130;-2166,0573;2413,9213;247,8641;-157,6665;23,2404;-113,4379;Nie
6.2.2026;21;-0,423;0,1869;0,1869;124,3640;124,3640;-4998,1892;5078,6527;80,4635;-124,4062;19,9385;24,0042;Nie
6.2.2026;22;11,943;1,9686;1,9686;113,9520;106,1000;-3362,2029;4743,3066;1381,1037;-1333,3670;210,0102;-257,7469;Nie
6.2.2026;23;12,382;2,0417;2,0417;102,3900;102,3900;-2348,1099;3727,9175;1379,8076;-1423,9885;217,8086;-173,6277;Nie
6.2.2026;24;14,298;1,5625;1,5625;76,0540;76,0540;-1625,5782;2799,6238;1174,0456;-1115,7179;166,6875;-225,0152;Nie
6.2.2026;25;12,210;2,3891;2,3891;116,6080;104,7600;-2675,8847;4079,4592;1403,5745;-1807,5787;297,2757;106,7285;Nie
6.2.2026;26;17,697;3,5650;3,5650;152,5890;124,1400;-2366,2325;4721,1683;2354,9358;-2805,9597;443,5930;7,4310;Nie
6.2.2026;27;12,643;1,8013;1,8013;116,7670;116,7670;-2082,0724;3702,4480;1620,3757;-1467,3348;224,1358;-377,1766;Nie
6.2.2026;28;8,552;1,0074;1,0074;105,4520;105,4520;-1954,8692;2986,1897;1031,3206;-837,6914;125,3508;-318,9799;Nie
6.2.2026;29;7,928;1,4041;1,4041;116,6380;114,1891;-3547,5128;4597,1390;1049,6262;-1185,6900;189,0972;-53,0334;Nie
6.2.2026;30;-0,397;-0,1936;-0,1936;162,6200;162,9290;-5348,7961;5485,0048;136,2086;164,5198;-26,0731;-274,6554;Nie
6.2.2026;31;4,978;0,3498;0,3498;87,2900;87,2900;-3121,4904;3664,4342;542,9438;-297,7453;47,1093;-292,3078;Nie
6.2.2026;32;-2,937;-0,4401;-0,4401;106,5400;169,4343;-6929,5240;6643,5189;-286,0051;377,9266;-59,2705;-32,6510;Nie
6.2.2026;33;-11,863;-1,5752;-1,5752;120,6270;170,2400;-8633,7216;6827,8157;-1805,9059;1358,4712;-221,8370;669,2717;Nie
6.2.2026;34;-20,367;-3,0141;-3,0141;142,4180;171,9794;-10580,8606;7287,2831;-3293,5775;2645,0398;-424,4787;1073,0164;Nie
6.2.2026;35;-1,717;-0,2972;-0,2972;134,4540;172,8610;-8986,8705;8892,6613;-94,2092;266,2417;-41,8550;-130,1775;Nie
6.2.2026;36;-0,353;-0,0289;-0,0289;111,7220;172,4686;-9163,6017;9312,2696;148,6679;25,9512;-4,0700;-170,5491;Nie
6.2.2026;37;-2,723;-0,2484;-0,2484;101,3150;172,0511;-8095,5204;7837,4438;-258,0767;224,2545;-36,1092;69,9313;Nie
6.2.2026;38;-1,521;-0,2961;-0,2961;144,5350;169,4278;-6950,2672;6897,9140;-52,3532;267,4563;-43,0432;-172,0599;Nie
6.2.2026;39;-1,213;0,0644;0,0644;127,7910;160,2700;-5886,5568;5870,5298;-16,0270;-57,3921;9,3616;64,0575;Nie
6.2.2026;40;-2,771;-0,4903;-0,4903;122,4230;164,1453;-6972,0716;6693,1888;-278,8829;435,2925;-71,2734;-85,1362;Nie
6.2.2026;41;13,901;2,8251;2,8251;145,3910;145,3910;-3652,9489;5797,0300;2144,0811;-2439,6832;411,9476;-116,3455;Nie
6.2.2026;42;9,848;1,5491;1,5491;125,8930;125,8930;-3947,1232;5295,8149;1348,6917;-1346,1695;225,8851;-228,4073;Nie
6.2.2026;43;7,504;1,2657;1,2657;145,9220;144,1655;-3994,5377;5201,3471;1206,8094;-1118,7834;184,5606;-272,5866;Nie
6.2.2026;44;11,236;2,0125;2,0125;136,4520;136,4520;-3679,2917;5342,3687;1663,0770;-1762,0483;293,4567;-194,4854;Nie
6.2.2026;45;9,128;1,4802;1,4802;125,4300;125,4300;-3041,6775;4348,2818;1306,6043;-1331,7823;222,4963;-197,3183;Nie
6.2.2026;46;4,453;0,6144;0,6144;112,9970;112,9970;-4047,1006;4687,3416;640,2410;-551,8812;92,3535;-180,7133;Nie
6.2.2026;47;1,844;0,3318;0,3318;121,1510;121,1510;-3799,7800;4162,9907;363,2107;-298,3246;49,8745;-114,7606;Nie
6.2.2026;48;5,592;0,6423;0,6423;110,9190;110,9190;-3089,7597;3837,6865;747,9268;-573,6237;96,5473;-270,8504;Nie
6.2.2026;49;-0,558;0,0283;0,0283;118,8650;159,1810;-5611,9262;5695,3370;83,4108;-25,0698;4,1034;-62,4444;Nie
6.2.2026;50;-2,966;-0,3788;-0,3788;90,6140;157,1900;-5820,7457;5529,3154;-291,4303;334,6265;-54,9245;11,7282;Nie
6.2.2026;51;0,113;-0,0191;-0,0191;80,2470;80,2470;-2624,2374;2720,6943;96,4569;16,8372;-2,7694;-110,5247;Nie
6.2.2026;52;3,649;0,2936;0,2936;68,8900;68,8900;-2231,3471;2556,9212;325,5741;-257,1101;42,5708;-111,0349;Nie
6.2.2026;53;4,978;0,7824;0,7824;117,3510;117,3510;-3154,9816;3857,4447;702,4631;-688,8198;112,4066;-126,0499;Nie
6.2.2026;54;5,929;1,0563;1,0563;143,3170;135,9015;-4106,9433;5036,7814;929,8381;-923,3283;151,7576;-158,2673;Nie
6.2.2026;55;2,947;0,1414;0,1414;93,1350;93,1350;-3295,9545;3659,7398;363,7853;-123,3187;20,3148;-260,7814;Nie
6.2.2026;56;0,673;0,0567;0,0567;99,4660;99,4660;-3832,2260;4004,4017;172,1756;-49,1637;8,1460;-131,1580;Nie
6.2.2026;57;8,106;0,8003;0,8003;84,6370;84,6370;-2570,5103;3344,9389;774,4286;-687,7939;116,0811;-202,7158;Nie
6.2.2026;58;3,622;0,4501;0,4501;99,5590;99,5590;-3168,9630;3632,2110;463,2480;-383,4883;65,2857;-145,0454;Nie
6.2.2026;59;-0,402;0,4635;0,4635;61,1900;162,2610;-6450,1993;6554,8576;104,6583;-393,3851;67,2293;221,4975;Nie
6.2.2026;60;7,067;0,7214;0,7214;92,6200;92,6200;-3075,3545;3830,4853;755,1309;-610,8170;104,6369;-248,9508;Nie
6.2.2026;61;8,249;0,7558;0,7558;80,8960;80,8960;-2167,0420;2914,6020;747,5599;-628,4735;114,4281;-233,5146;Nie
6.2.2026;62;-4,619;-0,3886;-0,3886;93,3730;160,9520;-5445,6500;4867,8323;-577,8177;325,9356;-58,8340;310,7161;Nie
6.2.2026;63;6,654;0,8186;0,8186;77,6210;77,6210;-2311,4758;2907,9155;596,4398;-683,0591;123,9360;-37,3167;Nie
6.2.2026;64;5,160;0,5916;0,5916;105,9650;105,9650;-3612,7707;4279,0786;666,3079;-496,2831;89,5682;-259,5931;Nie
6.2.2026;65;-1,050;0,0595;0,0595;135,2860;174,9660;-6743,5396;6821,5744;78,0348;-50,9430;9,8564;-36,9482;Nie
6.2.2026;66;1,990;-0,0070;-0,0070;50,2650;50,2650;-2167,2760;2339,9363;172,6603;5,9880;-1,1596;-177,4887;Nie
6.2.2026;67;7,336;1,4672;1,4672;154,5480;152,3658;-5378,9698;6713,9990;1335,0291;-1254,5821;243,0475;-323,4946;Nie
6.2.2026;68;3,138;0,5835;0,5835;154,3470;152,2453;-6000,2918;6700,6201;700,3284;-503,1084;96,6591;-293,8791;Nie
6.2.2026;69;15,837;2,8048;2,8048;150,8400;150,5921;-3640,7146;6237,8260;2597,1114;-2423,9360;523,7992;-696,9746;Nie
6.2.2026;70;8,735;1,9714;1,9714;176,8060;150,5677;-4996,7397;6524,5501;1527,8105;-1711,3623;368,1609;-184,6091;Nie
6.2.2026;71;11,093;2,1273;2,1273;161,8520;145,9244;-3816,6527;5643,6262;1826,9735;-1848,8381;397,2754;-375,4108;Nie
6.2.2026;72;5,535;0,9649;0,9649;158,3140;150,1767;-4302,5625;5344,1880;1041,6256;-831,2041;180,1960;-390,6175;Nie
6.2.2026;73;11,360;1,3035;1,3035;116,6830;116,6830;-3284,1597;4777,0020;1492,8423;-1113,6166;249,2409;-628,4666;Nie
6.2.2026;74;-0,051;-0,0700;-0,0700;97,5160;187,9460;-6886,3414;7137,6252;251,2838;59,8396;-13,3846;-297,7388;Nie
6.2.2026;75;0,258;0,4689;0,4689;146,4580;146,0347;-5386,9280;5625,8408;238,9128;-399,8425;89,6579;71,2718;Nie
6.2.2026;76;5,046;0,3923;0,3923;81,6280;81,6280;-2941,3017;3465,3535;524,0518;-332,8795;75,0113;-266,1836;Nie
6.2.2026;77;1,471;0,3271;0,3271;114,5190;114,5190;-4024,3122;4348,8590;324,5468;-276,8514;61,5867;-109,2822;Nie
6.2.2026;78;0,619;0,0444;0,0444;87,7420;87,7420;-3332,6166;3503,4503;170,8337;-37,4444;8,3597;-141,7490;Nie
6.2.2026;79;5,737;0,6276;0,6276;89,1640;89,1640;-2695,2494;3330,9887;635,7393;-524,7035;118,1652;-229,2010;Nie
6.2.2026;80;9,177;0,9576;0,9576;97,0650;97,0650;-3174,1226;4201,3615;1027,2389;-794,1764;180,2979;-413,3604;Nie
6.2.2026;81;1,751;0,2598;0,2598;100,0670;100,0670;-3253,6785;3571,3912;317,7127;-214,4507;46,1784;-149,4404;Nie
6.2.2026;82;3,864;0,4599;0,4599;101,0140;101,0140;-3778,9337;4311,5806;532,6468;-374,2144;81,7454;-240,1778;Nie
6.2.2026;83;6,066;0,7182;0,7182;95,0350;95,0350;-3480,5618;4189,5229;708,9611;-573,7069;127,6572;-262,9114;Nie
6.2.2026;84;-0,422;-0,1946;-0,1946;84,5640;155,0890;-6081,0397;6231,7862;150,7465;153,0863;-34,5894;-269,2434;Nie
6.2.2026;85;-1,832;-0,2900;-0,2900;119,2870;149,2590;-5290,3360;5212,4228;-77,9132;222,9563;-46,7033;-98,3398;Nie
6.2.2026;86;1,816;0,1472;0,1472;109,7370;109,7370;-3953,4949;4294,2283;340,7334;-110,3534;23,7060;-254,0860;Nie
6.2.2026;87;-2,795;-0,6621;-0,6621;152,9370;152,9370;-5840,2052;5604,5293;-235,6759;496,9255;-106,6286;-154,6210;Nie
6.2.2026;88;0,099;-0,2511;-0,2511;92,3380;92,3380;-3778,9327;3904,6970;125,7644;183,7014;-40,4387;-269,0271;Nie
6.2.2026;89;-2,607;-0,4498;-0,4498;120,4300;140,9650;-4240,9320;4055,4221;-185,5099;323,2701;-63,7254;-74,0347;Nie
6.2.2026;90;-6,310;-1,0356;-1,0356;135,4730;135,4730;-4181,1032;3495,8808;-685,2224;732,6575;-146,7186;99,2836;Nie
6.2.2026;91;-3,266;-0,4880;-0,4880;122,4670;125,7190;-3541,7557;3286,6718;-255,0839;340,4757;-69,1374;-16,2544;Nie
6.2.2026;92;-5,182;-1,1172;-1,1172;124,8170;124,8170;-4170,1360;3672,1161;-498,0198;769,0874;-158,2793;-112,7883;Nie
6.2.2026;93;-0,254;0,0017;0,0017;87,7590;128,0730;-3138,8131;3261,1228;122,3097;-1,1541;0,2062;-121,3619;Nie
6.2.2026;94;1,916;0,1715;0,1715;90,0530;90,0530;-2264,8330;2543,9072;279,0742;-114,0843;20,8067;-185,7967;Nie
6.2.2026;95;1,171;0,1998;0,1998;102,9220;102,9220;-3178,8489;3419,5835;240,7346;-133,2348;24,2401;-131,7399;Nie
6.2.2026;96;0,030;-0,2522;-0,2522;83,8140;83,8140;-2263,5647;2359,3641;95,7994;168,3175;-30,5974;-233,5195;Nie
7.2.2026;1;-6,809;-1,0526;-1,0526;93,4860;126,8520;-3404,0734;2669,6003;-734,4731;684,3885;-114,6113;164,6959;Nie
7.2.2026;2;-1,102;-0,2201;-0,2201;91,8460;117,7324;-2569,3919;2557,3832;-12,0087;139,5574;-23,9654;-103,5833;Nie
7.2.2026;3;-1,498;-0,2618;-0,2618;91,2290;117,7324;-2851,7142;2791,4352;-60,2790;165,1549;-28,5058;-76,3701;Nie
7.2.2026;4;5,666;0,7448;0,7448;85,3240;85,3240;-1642,9989;2206,6493;563,6503;-458,4934;81,0968;-186,2537;Nie
7.2.2026;5;-5,426;-0,5004;-0,5004;62,5390;112,7895;-2541,5986;2038,3318;-503,2667;307,2068;-49,0852;245,1452;Nie
7.2.2026;6;-3,289;-0,3528;-0,3528;73,4080;112,7895;-2872,6358;2605,4375;-267,1983;212,8336;-34,6069;88,9716;Nie
7.2.2026;7;0,674;0,1666;0,1666;106,8730;101,6500;-2226,3383;2388,0635;161,7252;-98,9594;16,3421;-79,1079;Nie
7.2.2026;8;5,529;0,7662;0,7662;89,3570;89,3570;-2851,2925;3426,3048;575,0123;-458,2460;75,1581;-191,9244;Nie
7.2.2026;9;1,013;0,5313;0,5313;107,4420;102,5995;-2132,4280;2359,2755;226,8475;-364,7955;50,2286;87,7194;Nie
7.2.2026;10;-0,781;-0,0646;-0,0646;121,8220;121,8220;-2471,6466;2512,9442;41,2977;44,2174;-6,1072;-79,4078;Nie
7.2.2026;11;0,863;0,0890;0,0890;114,7010;99,3000;-2103,8691;2299,2915;195,4224;-60,2759;8,4140;-143,5605;Nie
7.2.2026;12;6,860;1,2890;1,2890;122,0470;99,0400;-1847,5912;2632,1861;784,5949;-866,3725;121,8608;-40,0832;Nie
7.2.2026;13;7,850;1,3247;1,3247;110,3520;100,7900;-1776,6253;2671,7413;895,1160;-895,4823;123,7336;-123,3673;Nie
7.2.2026;14;7,800;0,8337;0,8337;74,1200;74,1200;-1046,5744;1701,9434;655,3690;-562,7694;77,8717;-170,4714;Nie
7.2.2026;15;5,897;1,0192;1,0192;100,1380;100,1380;-1689,1278;2383,1843;694,0565;-685,8714;95,1984;-103,3835;Nie
7.2.2026;16;11,246;1,6667;1,6667;99,2370;99,2370;-1717,5940;2937,9114;1220,3174;-1121,8961;155,6781;-254,0994;Nie
7.2.2026;17;13,538;1,6212;1,6212;81,1200;81,1200;-1074,1099;2256,3528;1182,2429;-1094,2247;155,3855;-243,4037;Nie
7.2.2026;18;11,594;1,4515;1,4515;85,7890;85,7890;-1309,4833;2393,5989;1084,1156;-981,9912;139,1205;-241,2449;Nie
7.2.2026;19;3,506;0,6166;0,6166;100,3840;99,7478;-2140,7873;2593,6423;452,8550;-419,2553;59,0986;-92,6984;Nie
7.2.2026;20;2,258;0,4353;0,4353;103,9570;98,4061;-2514,8663;2838,9176;324,0513;-295,3994;41,7218;-70,3737;Nie
7.2.2026;21;6,671;1,4526;1,4526;128,4150;98,3100;-2421,6702;3179,9353;758,2650;-893,9088;148,9598;-13,3160;Nie
7.2.2026;22;11,337;1,7063;1,7063;94,6550;94,6550;-1972,0423;3144,9124;1172,8701;-1037,2953;174,9759;-310,5508;Nie
7.2.2026;23;4,797;0,3018;0,3018;57,9640;57,9640;-1460,9247;1800,7676;339,8429;-184,1123;30,9487;-186,6793;Nie
7.2.2026;24;5,383;0,6165;0,6165;74,7340;74,7340;-1981,9457;2466,8946;484,9489;-374,2890;63,2202;-173,8802;Nie
7.2.2026;25;5,082;0,7471;0,7471;78,3470;78,3470;-1800,4924;2287,6541;487,1616;-462,7995;86,5575;-110,9197;Nie
7.2.2026;26;1,808;0,1836;0,1836;82,3360;82,3360;-2096,2746;2337,3544;241,0798;-116,1203;21,2715;-146,2310;Nie
7.2.2026;27;-0,898;-0,0352;-0,0352;95,2660;116,9850;-3246,8017;3279,2065;32,4048;22,7379;-4,0782;-51,0645;Nie
7.2.2026;28;-2,919;-0,3168;-0,3168;86,5460;123,6730;-3589,9798;3376,8913;-213,0886;206,0301;-36,7038;43,7623;Nie
7.2.2026;29;-0,369;0,0160;0,0160;60,3650;118,3564;-3377,1815;3481,4535;104,2720;-10,6445;2,2731;-95,9006;Nie
7.2.2026;30;-1,479;-0,1783;-0,1783;76,3910;117,9352;-3655,4015;3626,3895;-29,0121;120,0034;-25,3311;-65,6603;Nie
7.2.2026;31;-2,966;-0,3684;-0,3684;94,7700;123,9810;-3831,3848;3614,6661;-216,7188;251,1380;-52,3386;17,9194;Nie
7.2.2026;32;-3,694;-0,5290;-0,5290;95,3560;130,0970;-4091,5507;3752,2577;-339,2930;366,7388;-75,1550;47,7092;Nie
7.2.2026;33;-4,120;-0,4106;-0,4106;86,6920;123,3241;-4327,1960;3957,5937;-369,6023;289,8732;-69,3807;149,1099;Nie
7.2.2026;34;-0,823;-0,1211;-0,1211;74,4820;128,4360;-4145,5288;4189,7108;44,1820;86,4856;-20,4628;-110,2048;Nie
7.2.2026;35;2,217;0,2000;0,2000;52,9280;52,9280;-1428,8972;1606,9999;178,1027;-146,9400;33,7948;-64,9575;Nie
7.2.2026;36;5,606;0,6312;0,6312;90,5500;90,5500;-2605,7574;3216,0644;610,3070;-470,4695;106,6564;-246,4939;Nie
7.2.2026;37;8,389;1,0877;1,0877;97,7770;97,7770;-2904,3680;3830,1206;925,7526;-831,0805;210,9105;-305,5826;Nie
7.2.2026;38;12,819;1,3912;1,3912;87,5900;87,5900;-2328,4926;3546,5191;1218,0265;-1075,2604;269,7606;-412,5268;Nie
7.2.2026;39;22,951;2,0642;2,0642;70,4470;70,4470;-1528,2068;3221,4709;1693,2641;-1578,2836;400,2587;-515,2392;Nie
7.2.2026;40;21,319;1,7711;1,7711;65,3930;65,3930;-1487,6254;2951,1207;1463,4953;-1373,1974;343,4251;-433,7231;Nie
7.2.2026;41;14,954;1,6289;1,6289;81,2830;81,2830;-1982,5737;3268,2269;1285,6532;-1235,4503;330,8687;-381,0716;Nie
7.2.2026;42;10,262;1,0365;1,0365;78,2810;78,2810;-2335,8268;3205,9201;870,0933;-789,7658;210,5380;-290,8655;Nie
7.2.2026;43;8,923;0,7852;0,7852;74,2390;74,2390;-2067,4819;2787,8972;720,4153;-610,9359;159,4930;-268,9723;Nie
7.2.2026;44;4,560;0,4091;0,4091;82,7620;82,7620;-2679,5853;3114,3341;434,7488;-320,5476;83,0980;-197,2992;Nie
7.2.2026;45;-2,681;-0,2446;-0,2446;117,0350;122,0230;-5055,0468;4835,0394;-220,0075;201,1007;-53,2954;72,2022;Nie
7.2.2026;46;-3,886;-0,6019;-0,6019;106,2020;123,4860;-5482,4079;5111,5795;-370,8285;496,1166;-131,1468;5,8586;Nie
7.2.2026;47;-2,791;-0,2931;-0,2931;79,6080;120,6260;-4952,5417;4738,3099;-214,2318;239,2043;-63,8630;38,8904;Nie
7.2.2026;48;-3,497;-0,3168;-0,3168;67,8490;119,5480;-5326,9393;5042,8933;-284,0460;257,5193;-69,0269;95,5537;Nie
7.2.2026;49;-2,864;-0,3173;-0,3173;94,4880;119,8670;-4225,5515;4005,5955;-219,9559;255,6593;-63,8592;28,1558;Nie
7.2.2026;50;-3,669;-0,2775;-0,2775;114,8630;117,9860;-4240,5348;3930,4676;-310,0672;223,7935;-55,8491;142,1228;Nie
7.2.2026;51;-4,575;-0,5948;-0,5948;120,5600;120,5600;-4652,0487;4215,9832;-436,0655;474,8799;-119,7083;80,8939;Nie
7.2.2026;52;1,271;0,0914;0,0914;66,5420;66,5420;-2210,3922;2352,7255;142,3333;-71,8297;18,3950;-88,8986;Nie
7.2.2026;53;3,389;0,4729;0,4729;92,2930;92,2930;-2247,8883;2645,6711;397,7828;-371,5826;88,7752;-114,9754;Nie
7.2.2026;54;3,263;0,2219;0,2219;60,7620;60,7620;-1293,1976;1554,2920;261,0943;-172,7603;41,6562;-129,9902;Nie
7.2.2026;55;6,706;0,4527;0,4527;45,3470;45,3470;-833,7953;1187,4112;353,6159;-348,1809;84,9831;-90,4181;Nie
7.2.2026;56;7,293;0,6101;0,6101;57,8030;57,8030;-1343,3995;1825,0141;481,6146;-468,7056;114,5310;-127,4400;Nie
7.2.2026;57;19,527;1,4020;1,4020;52,3000;52,3000;-820,3778;1896,6595;1076,2817;-1066,6803;246,5459;-256,1473;Nie
7.2.2026;58;18,949;1,2095;1,2095;44,9510;44,9510;-628,1902;1527,9294;899,7392;-913,9551;212,6942;-198,4783;Nie
7.2.2026;59;13,578;2,2785;2,2785;117,9630;99,8503;-1301,5487;2765,9532;1464,4045;-1717,3067;400,6811;-147,7789;Nie
7.2.2026;60;14,691;2,4643;2,4643;123,5550;101,4138;-1820,2763;3419,1663;1598,8900;-1850,2634;433,3545;-181,9811;Nie
7.2.2026;61;-0,307;-0,0587;-0,0587;125,6450;125,6450;-4149,4261;4233,7339;84,3078;42,6712;-9,9414;-117,0376;Nie
7.2.2026;62;0,964;0,1612;0,1612;103,2040;103,2040;-3078,7817;3281,4744;202,6927;-116,2286;27,3007;-113,7647;Nie
7.2.2026;63;-2,367;-0,2704;-0,2704;51,0670;130,1410;-3802,1995;3631,0640;-171,1354;195,1691;-45,7947;21,7610;Nie
7.2.2026;64;-4,638;-0,6911;-0,6911;103,3110;132,0990;-4234,1692;3771,1623;-463,0070;496,8092;-117,0440;83,2418;Nie
7.2.2026;65;-0,860;-0,1496;-0,1496;74,9270;134,7907;-5117,4637;5192,6769;75,2132;111,5876;-26,9819;-159,8190;Nie
7.2.2026;66;-0,505;-0,0770;-0,0770;91,5580;139,3110;-5349,9603;5492,6148;142,6545;57,5176;-13,8877;-186,2843;Nie
7.2.2026;67;8,157;0,9967;0,9967;65,9760;65,9760;-2337,9915;2978,0247;640,0332;-743,0757;179,7648;-76,7223;Nie
7.2.2026;68;6,220;0,3538;0,3538;54,1290;54,1290;-1941,3907;2360,1868;418,7961;-264,5955;63,8114;-218,0119;Nie
7.2.2026;69;13,832;1,5621;1,5621;81,1150;81,1150;-2275,2758;3517,6331;1242,3573;-1165,7027;302,9427;-379,5974;Nie
7.2.2026;70;6,657;0,6580;0,6580;76,6860;76,6860;-2137,8523;2761,3862;623,5339;-495,8332;127,6079;-255,3086;Nie
7.2.2026;71;3,062;0,6111;0,6111;111,3770;111,3770;-3089,5980;3598,2567;508,6588;-462,2284;118,5125;-164,9428;Nie
7.2.2026;72;-3,819;-0,7659;-0,7659;137,0880;158,1580;-5888,2223;5507,3779;-380,8445;578,2016;-148,5333;-48,8239;Nie
7.2.2026;73;0,326;0,0711;0,0711;124,0730;124,0730;-3993,0414;4214,2635;221,2222;-53,7149;13,8855;-181,3927;Nie
7.2.2026;74;-2,475;-0,2324;-0,2324;107,7870;152,7900;-5246,1974;5086,0735;-160,1239;175,6588;-45,3866;29,8517;Nie
7.2.2026;75;-4,539;-0,8063;-0,8063;117,9960;149,6330;-5777,1805;5302,5446;-474,6359;612,9542;-157,4664;19,1480;Nie
7.2.2026;76;3,459;0,7396;0,7396;134,8220;133,6616;-4274,8990;4930,3754;655,4765;-557,8874;144,4402;-242,0293;Nie
7.2.2026;77;1,802;0,3739;0,3739;122,2480;122,2480;-4087,1174;4487,3573;400,2400;-283,7991;70,4910;-186,9318;Nie
7.2.2026;78;1,220;0,3115;0,3115;129,5240;129,5240;-3823,4190;4168,0823;344,6634;-234,4565;58,7268;-168,9336;Nie
7.2.2026;79;-6,190;-1,1340;-1,1340;141,7100;147,8031;-5342,0474;4628,3063;-713,7412;850,1218;-213,7919;77,4113;Nie
7.2.2026;80;16,478;2,4307;2,4307;104,1860;104,1860;-2742,8006;4613,2519;1870,4513;-1790,1493;458,2574;-538,5594;Nie
7.2.2026;81;2,520;0,3432;0,3432;103,5600;103,5600;-2814,0359;3228,6901;414,6542;-257,3195;61,6631;-218,9978;Nie
7.2.2026;82;6,088;0,8896;0,8896;100,6740;100,6740;-2361,2080;3124,5183;763,3103;-654,4640;159,8353;-268,6816;Nie
7.2.2026;83;2,100;0,4376;0,4376;98,4530;98,4530;-2689,2437;3039,3426;350,0989;-315,9806;78,6240;-112,7423;Nie
7.2.2026;84;6,938;0,7980;0,7980;92,2970;92,2970;-2358,0038;3130,2528;772,2490;-568,3772;143,3775;-347,2493;Nie
7.2.2026;85;2,025;0,1303;0,1303;76,5180;76,5180;-2237,1568;2494,9459;257,7891;-91,2009;21,2738;-187,8621;Nie
7.2.2026;86;-7,127;-0,7943;-0,7943;84,9630;126,0968;-4192,3403;3458,2047;-734,1356;554,3224;-129,6838;309,4969;Nie
7.2.2026;87;-2,113;-0,3170;-0,3170;91,9560;124,5366;-3757,1447;3647,4279;-109,7167;219,3744;-51,7560;-57,9017;Nie
7.2.2026;88;-3,177;-0,4027;-0,4027;81,6250;121,3858;-4074,0716;3831,0572;-243,0144;274,3721;-65,7480;34,3903;Nie
7.2.2026;89;4,291;0,8497;0,8497;96,3560;96,3560;-2238,1572;2765,5136;527,3564;-565,1775;120,3609;-82,5397;Nie
7.2.2026;90;0,305;0,0091;0,0091;82,6500;82,6500;-1965,7476;2087,4911;121,7435;-6,0303;1,2890;-117,0022;Nie
7.2.2026;91;-0,054;-0,0699;-0,0699;99,8610;118,1793;-2741,5234;2873,7660;132,2426;45,2457;-9,9014;-167,5869;Nie
7.2.2026;92;1,194;0,0860;0,0860;84,9130;84,9130;-2237,5425;2437,0031;199,4606;-54,5574;12,1820;-157,0852;Nie
7.2.2026;93;11,639;1,5183;1,5183;81,1600;81,1600;-1740,6385;2773,7242;1033,0856;-943,7300;185,0671;-274,4227;Nie
7.2.2026;94;0,750;0,0643;0,0643;88,7220;88,7220;-2316,0878;2478,0055;161,9177;-39,7207;7,8376;-130,0345;Nie
7.2.2026;95;0,593;0,0711;0,0711;80,4270;80,4270;-2151,4223;2285,0919;133,6697;-43,8514;8,6665;-98,4847;Nie
7.2.2026;96;5,320;0,4496;0,4496;65,5470;65,5470;-1694,5210;2111,0722;416,5512;-274,5294;54,8022;-196,8240;Nie
8.2.2026;1;11,890;1,6672;1,6672;81,4930;81,4930;-1850,2986;2893,5720;1043,2734;-990,2429;180,6528;-233,6833;Nie
8.2.2026;2;10,543;1,4761;1,4761;81,9840;81,9840;-2069,5221;3010,4525;940,9304;-862,2629;159,9458;-238,6132;Nie
8.2.2026;3;11,267;1,6257;1,6257;84,8130;84,8130;-2107,2638;3141,8128;1034,5490;-938,8034;176,1560;-271,9015;Nie
8.2.2026;4;8,822;1,2945;1,2945;82,5420;82,5420;-1887,9832;2693,2629;805,2798;-735,8396;140,2681;-209,7083;Nie
8.2.2026;5;0,816;0,1698;0,1698;53,9010;53,9010;-1415,6559;1513,1628;97,5069;-96,6461;16,4098;-17,2706;Nie
8.2.2026;6;3,914;0,5340;0,5340;71,4240;71,4240;-1810,3127;2157,9333;347,6206;-298,5244;51,6068;-100,7030;Nie
8.2.2026;7;3,401;0,5300;0,5300;69,0290;69,0290;-1942,0619;2243,2354;301,1735;-293,1522;51,2203;-59,2416;Nie
8.2.2026;8;13,454;1,3788;1,3788;56,3320;56,3320;-1336,4204;2145,0662;808,6459;-750,4171;133,2500;-191,4787;Nie
8.2.2026;9;1,746;0,2977;0,2977;71,2310;71,2310;-2189,2136;2400,6272;211,4136;-170,1783;28,0261;-69,2614;Nie
8.2.2026;10;1,816;0,3864;0,3864;88,5110;88,5110;-2723,3950;2982,6437;259,2487;-217,6869;36,3765;-77,9383;Nie
8.2.2026;11;3,190;0,6944;0,6944;97,7520;97,7520;-2902,2569;3323,2747;421,0179;-387,4382;65,3722;-98,9519;Nie
8.2.2026;12;7,506;1,2882;1,2882;86,6610;86,6610;-2489,0772;3234,4485;745,3713;-710,9095;121,2737;-155,7355;Nie
8.2.2026;13;7,398;1,1585;1,1585;86,1890;86,1890;-2974,0376;3703,9723;729,9346;-692,6318;108,6592;-145,9620;Nie
8.2.2026;14;4,180;0,6757;0,6757;92,0320;92,0320;-2651,6260;3136,6346;485,0086;-404,8921;63,3759;-143,4925;Nie
8.2.2026;15;0,570;0,2767;0,2767;95,2770;95,2770;-3267,2389;3425,7798;158,5409;-165,7123;25,9525;-18,7812;Nie
8.2.2026;16;6,083;0,7647;0,7647;89,5820;89,5820;-2287,7451;2931,2126;643,4675;-459,8932;71,7235;-255,2978;Nie
8.2.2026;17;12,544;2,2325;2,2325;103,7420;97,5400;-1753,2815;3085,4828;1332,2013;-1356,0893;212,1679;-188,2799;Nie
8.2.2026;18;9,437;1,4750;1,4750;99,2160;96,8800;-2108,4963;3129,6115;1021,1152;-902,4855;140,1781;-258,8078;Nie
8.2.2026;19;11,605;1,5909;1,5909;82,0370;82,0370;-1718,2650;2757,5097;1039,2447;-970,3967;151,1928;-220,0408;Nie
8.2.2026;20;11,001;1,2385;1,2385;70,0570;70,0570;-1581,0464;2426,3541;845,3078;-755,1130;117,7021;-207,8968;Nie
8.2.2026;21;12,319;1,9381;1,9381;93,2110;93,2110;-1973,2769;3223,5160;1250,2391;-1190,2932;192,6103;-252,5563;Nie
8.2.2026;22;4,137;0,9559;0,9559;125,4090;97,7300;-2799,2804;3309,6265;510,3461;-595,2938;94,9983;-10,0506;Nie
8.2.2026;23;7,269;1,6758;1,6758;131,3650;98,4800;-2570,8204;3396,3782;825,5578;-1044,5302;166,5427;52,4297;Nie
8.2.2026;24;6,831;1,2252;1,2252;121,2270;99,3700;-2761,8898;3552,1794;790,2896;-767,0930;121,7616;-144,9582;Nie
8.2.2026;25;13,694;1,6793;1,6793;67,3560;67,3560;-1467,4178;2463,6131;996,1952;-990,9070;190,3033;-195,5916;Nie
8.2.2026;26;9,525;1,1512;1,1512;80,7580;80,7580;-1981,8821;2844,3775;862,4954;-689,4924;130,4574;-303,4605;Nie
8.2.2026;27;4,184;0,4609;0,4609;69,9140;69,9140;-2003,9450;2375,4680;371,5230;-281,0057;52,2306;-142,7479;Nie
8.2.2026;28;6,807;0,7015;0,7015;62,4460;62,4460;-1464,7334;1961,7411;497,0077;-431,4081;79,4961;-145,0957;Nie
8.2.2026;29;7,616;0,7499;0,7499;69,8100;69,8100;-1935,8313;2551,5555;615,7242;-468,4043;104,4138;-251,7337;Nie
8.2.2026;30;12,610;2,1436;2,1436;96,4920;96,4920;-2717,1182;4052,5675;1335,4493;-1342,8491;298,4684;-291,0686;Nie
8.2.2026;31;7,604;1,0808;1,0808;84,3040;84,3040;-2451,4760;3196,1332;744,6572;-680,7007;150,4873;-214,4439;Nie
8.2.2026;32;6,221;0,6979;0,6979;83,3730;83,3730;-2603,1552;3226,7852;623,6300;-448,2447;97,1735;-272,5588;Nie
8.2.2026;33;-3,152;-0,4480;-0,4480;84,1690;114,2433;-4755,7201;4536,8299;-218,8902;295,5190;-74,6050;-2,0238;Nie
8.2.2026;34;-3,410;-0,1989;-0,1989;52,2480;115,9840;-5066,7610;4821,5709;-245,1902;133,4825;-33,1226;144,8303;Nie
8.2.2026;35;-3,994;-0,3880;-0,3880;87,7040;115,2405;-4649,7237;4327,1655;-322,5582;269,8064;-64,6133;117,3650;Nie
8.2.2026;36;0,622;-0,0518;-0,0518;63,6930;63,6930;-2487,4027;2603,5151;116,1123;36,4095;-8,6262;-143,8956;Nie
8.2.2026;37;5,025;0,9746;0,9746;108,2640;102,8700;-4121,3837;4759,7949;638,4112;-710,5660;191,0752;-118,9204;Nie
8.2.2026;38;3,568;0,2670;0,2670;67,1760;67,1760;-2338,1279;2642,8382;304,7103;-198,5908;52,3467;-158,4662;Nie
8.2.2026;39;10,700;0,7135;0,7135;48,9720;48,9720;-1408,9734;1954,5705;545,5971;-529,5685;139,8852;-155,9138;Nie
8.2.2026;40;16,068;1,7261;1,7261;83,6690;83,6690;-2579,9336;3997,4538;1417,5202;-1287,6318;338,4105;-468,2989;Nie
8.2.2026;41;20,386;2,6172;2,6172;93,4700;93,4700;-3102,6432;5068,3173;1965,6741;-1910,7895;558,2906;-613,1752;Nie
8.2.2026;42;19,117;1,9659;1,9659;77,1440;77,1440;-2857,0280;4375,1448;1518,1168;-1457,7029;419,3579;-479,7718;Nie
8.2.2026;43;25,776;2,9917;2,9917;85,0380;85,0380;-2996,2289;5243,3580;2247,1292;-2266,3965;638,1775;-618,9101;Nie
8.2.2026;44;33,453;3,2256;3,2256;73,8850;73,8850;-2656,0919;5178,5258;2522,4339;-2441,8193;688,0721;-768,6867;Nie
8.2.2026;45;36,182;4,2621;4,2621;90,0790;90,0790;-3329,6802;6687,9154;3358,2352;-3344,7829;954,5868;-968,0391;Nie
8.2.2026;46;37,508;6,8719;6,8719;136,7870;97,8872;-3520,7089;7295,8267;3775,1178;-5358,7003;1539,1063;44,4762;Nie
8.2.2026;47;34,099;6,0642;6,0642;135,4960;97,7909;-3071,5144;6502,2147;3430,7004;-4677,7072;1358,2049;-111,1981;Nie
8.2.2026;48;28,241;3,6089;3,6089;99,4830;97,7329;-3736,9152;6593,3546;2856,4395;-2746,4239;808,2889;-918,3045;Nie
8.2.2026;49;30,827;4,3905;4,3905;103,9420;95,2648;-2625,0216;5649,2026;3024,1811;-3285,9422;859,1286;-597,3675;Nie
8.2.2026;50;24,138;4,2174;4,2174;128,4690;94,3305;-2992,1635;5364,0096;2371,8461;-3135,2555;825,2566;-61,8472;Nie
8.2.2026;51;21,699;4,1739;4,1739;135,8960;94,7119;-3146,8976;5299,0361;2152,1385;-3050,0530;816,7446;81,1699;Nie
8.2.2026;52;12,449;2,0048;2,0048;118,7330;94,5826;-3814,2325;5087,2197;1272,9872;-1459,9330;392,2973;-205,3515;Nie
8.2.2026;53;2,404;0,4144;0,4144;102,0530;93,8703;-4596,8286;4907,9148;311,0862;-299,3979;72,7040;-84,3923;Nie
8.2.2026;54;-0,653;-0,1979;-0,1979;121,3010;121,3010;-6055,2246;6077,5440;22,3194;142,3748;-34,7204;-129,9738;Nie
8.2.2026;55;-2,692;-0,3301;-0,3301;113,0690;113,0690;-6264,7010;6055,1842;-209,5169;234,1386;-57,9141;33,2923;Nie
8.2.2026;56;-2,193;-0,3053;-0,3053;111,9980;115,1920;-6473,6752;6321,6218;-152,0534;216,1338;-53,5631;-10,5173;Nie
8.2.2026;57;3,396;0,4073;0,4073;88,4970;88,4970;-4586,7995;4946,9823;360,1828;-284,2378;64,2231;-140,1681;Nie
8.2.2026;58;1,846;0,1189;0,1189;76,9320;76,9320;-3849,3696;4045,1615;195,7919;-82,5843;18,7482;-131,9558;Nie
8.2.2026;59;4,610;0,6919;0,6919;95,5230;95,5230;-4645,1880;5141,9076;496,7196;-477,2307;109,0988;-128,5877;Nie
8.2.2026;60;-2,416;-0,4078;-0,4078;100,3570;115,3900;-6576,9992;6382,4517;-194,5475;279,2380;-64,3019;-20,3886;Nie
8.2.2026;61;18,573;1,9234;1,9234;72,8740;72,8740;-2553,7236;3964,6371;1410,9135;-1294,7781;292,4626;-408,5980;Nie
8.2.2026;62;27,637;2,6182;2,6182;61,7140;61,7140;-1620,4245;3379,4586;1759,0341;-1751,1661;398,1104;-405,9784;Nie
8.2.2026;63;16,434;2,1148;2,1148;75,9610;75,9610;-2582,9778;3903,1800;1320,2022;-1436,6635;321,5659;-205,1046;Nie
8.2.2026;64;14,450;1,2341;1,2341;61,3660;61,3660;-2331,4171;3278,7854;947,3683;-840,4386;187,6511;-294,5808;Nie
8.2.2026;65;18,845;1,5064;1,5064;50,6360;50,6360;-1613,0098;2638,6420;1025,6322;-1068,4960;243,8500;-200,9862;Nie
8.2.2026;66;18,536;2,7872;2,7872;105,0230;105,0230;-3513,6495;5607,3880;2093,7385;-1969,0271;451,1808;-575,8922;Nie
8.2.2026;67;6,170;0,8943;0,8943;102,7000;102,7000;-3871,3792;4653,0289;781,6497;-639,1039;144,7657;-287,3115;Nie
8.2.2026;68;8,595;1,2859;1,2859;102,9020;102,9020;-3593,0291;4622,3578;1029,3287;-918,4102;208,1563;-319,0749;Nie
8.2.2026;69;10,469;1,5417;1,5417;105,6090;105,6090;-3551,9475;4801,7244;1249,7769;-1115,0401;277,5384;-412,2752;Nie
8.2.2026;70;3,238;0,5548;0,5548;118,8200;118,8200;-4186,7415;4738,4228;551,6813;-405,5456;99,8757;-246,0113;Nie
8.2.2026;71;-8,152;-1,2890;-1,2890;140,8670;147,3340;-6418,6057;5422,6279;-995,9778;956,0825;-232,0471;271,9424;Nie
8.2.2026;72;-5,295;-1,0260;-1,0260;142,5240;150,1280;-6270,2460;5689,2507;-580,9954;758,7141;-184,7015;6,9828;Nie
8.2.2026;73;-6,524;-1,0191;-1,0191;137,2200;144,2760;-6278,8915;5543,5167;-735,3748;762,6631;-192,4234;165,1351;Nie
8.2.2026;74;-3,170;-0,5707;-0,5707;146,3970;147,7850;-5600,4604;5348,6347;-251,8256;426,8098;-107,7579;-67,2263;Nie
8.2.2026;75;-2,851;-0,6307;-0,6307;105,6380;145,8050;-5741,9467;5534,9036;-207,0431;470,8844;-119,0869;-144,7544;Nie
8.2.2026;76;-0,752;0,0834;0,0834;100,0090;142,8240;-5075,1080;5172,2283;97,1203;-62,0426;15,7473;-50,8251;Nie
8.2.2026;77;1,349;0,1066;0,1066;91,7680;91,7680;-2596,3003;2852,5165;256,2163;-79,2891;19,8644;-196,7915;Nie
8.2.2026;78;1,637;0,3774;0,3774;113,2810;113,2810;-3143,5478;3488,4884;344,9406;-282,9121;70,3266;-132,3551;Nie
8.2.2026;79;2,008;0,4814;0,4814;122,7820;122,7820;-2779,0478;3202,4001;423,3523;-359,8885;89,7065;-153,1703;Nie
8.2.2026;80;0,188;-0,0896;-0,0896;70,4390;70,4390;-2095,4194;2209,8123;114,3929;66,6771;-16,6965;-164,3735;Nie
8.2.2026;81;-0,164;0,1494;0,1494;64,7930;140,3160;-3586,7576;3765,8008;179,0432;-111,5643;26,8700;-94,3490;Nie
8.2.2026;82;1,520;0,2167;0,2167;94,1570;94,1570;-2437,4423;2713,8872;276,4450;-160,4410;38,9741;-154,9781;Nie
8.2.2026;83;5,707;0,7794;0,7794;95,0880;95,0880;-2153,2678;2827,0613;673,7936;-563,7761;140,1774;-250,1949;Nie
8.2.2026;84;8,307;0,9868;0,9868;84,2140;84,2140;-2113,0135;2927,0260;814,0125;-701,4597;177,4789;-290,0318;Nie
8.2.2026;85;1,373;0,0484;0,0484;81,0710;81,0710;-2451,5870;2670,0734;218,4863;-33,9060;7,7005;-192,2808;Nie
8.2.2026;86;1,335;0,0957;0,0957;79,1610;79,1610;-2266,6169;2477,2643;210,6474;-65,9599;15,2260;-159,9135;Nie
8.2.2026;87;3,048;0,3485;0,3485;85,0290;85,0290;-2083,1255;2452,4064;369,2809;-239,7467;55,4467;-184,9809;Nie
8.2.2026;88;6,256;0,8329;0,8329;87,5510;87,5510;-2253,7378;2910,1077;656,3698;-559,5592;132,5152;-229,3259;Nie
8.2.2026;89;4,514;0,7038;0,7038;89,7370;89,7370;-1992,6101;2504,2905;511,6804;-468,9917;94,1558;-136,8444;Nie
8.2.2026;90;10,506;1,4270;1,4270;86,2740;86,2740;-1542,2340;2547,8438;1005,6097;-929,6225;190,9069;-266,8942;Nie
8.2.2026;91;4,721;0,6078;0,6078;83,7790;83,7790;-1734,4766;2227,5161;493,0394;-393,8096;81,3127;-180,5425;Nie
8.2.2026;92;6,993;0,7947;0,7947;78,3210;78,3210;-1862,7867;2500,6329;637,8462;-503,5049;106,3166;-240,6579;Nie
8.2.2026;93;7,981;3,9119;3,9119;284,5880;100,3243;-2039,1917;2950,4373;911,2456;-2429,3996;442,2168;1075,9372;Nie
8.2.2026;94;14,590;23,9312;23,9312;1022,7560;98,0645;-1818,9003;3356,5517;1537,6514;-14497,7297;2705,2786;10254,7998;Nie
8.2.2026;95;20,036;2,6019;2,6019;78,2940;78,2940;-1512,6401;3167,9318;1655,2917;-1578,0097;294,1292;-371,4112;Nie
8.2.2026;96;8,004;0,9626;0,9626;78,8840;78,8840;-2096,0268;2810,7947;714,7679;-590,1160;108,8162;-233,4681;Nie
9.2.2026;1;6,326;0,6944;0,6944;84,2590;84,2590;-1684,0004;2298,4170;614,4166;-414,6004;71,0302;-270,8464;Nie
9.2.2026;2;4,496;0,3905;0,3905;73,7170;73,7170;-1708,0229;2109,0434;401,0205;-229,6083;39,9442;-211,3564;Nie
9.2.2026;3;3,532;0,3663;0,3663;78,1550;78,1550;-2026,7155;2377,6314;350,9160;-213,2313;37,4688;-175,1535;Nie
9.2.2026;4;5,914;0,7221;0,7221;73,4260;73,4260;-1929,1213;2430,0335;500,9122;-417,8349;73,8636;-156,9409;Nie
9.2.2026;5;8,674;1,0567;1,0567;79,9510;79,9510;-1791,7019;2557,0728;765,3709;-663,8985;96,0160;-197,4884;Nie
9.2.2026;6;4,487;0,4852;0,4852;76,2200;76,2200;-1790,7889;2199,2519;408,4630;-303,8669;44,0872;-148,6833;Nie
9.2.2026;7;3,351;0,5105;0,5105;87,2490;87,2490;-2115,6138;2481,5361;365,9223;-317,6178;46,3861;-94,6906;Nie
9.2.2026;8;4,314;0,3818;0,3818;80,0250;80,0250;-1958,6119;2368,5800;409,9681;-239,5098;34,6919;-205,1502;Nie
9.2.2026;9;8,540;1,0189;1,0189;81,6080;81,6080;-1435,6479;2224,4709;788,8229;-654,4818;90,4793;-224,8205;Nie
9.2.2026;10;14,531;1,3561;1,3561;63,6740;63,6740;-957,3386;1951,7354;994,3969;-856,3332;120,4230;-258,4867;Nie
9.2.2026;11;13,746;1,4701;1,4701;66,5200;66,5200;-1023,8093;2007,3740;983,5647;-920,3727;130,5464;-193,7384;Nie
9.2.2026;12;10,589;1,2141;1,2141;75,2150;75,2150;-1388,3185;2259,9099;871,5914;-764,9703;107,8133;-214,4344;Nie
9.2.2026;13;6,997;0,8923;0,8923;77,4840;77,4840;-1620,9653;2241,5346;620,5694;-550,2096;78,6598;-149,0196;Nie
9.2.2026;14;5,268;0,4883;0,4883;64,8480;64,8480;-1464,7866;1871,9672;407,1806;-302,0335;43,0456;-148,1927;Nie
9.2.2026;15;7,218;0,8746;0,8746;74,0250;74,0250;-1487,9765;2097,3503;609,3738;-536,4948;77,0995;-149,9785;Nie
9.2.2026;16;0,665;0,0815;0,0815;88,4590;88,4590;-2229,1668;2381,3163;152,1495;-50,9587;7,1846;-108,3753;Nie
9.2.2026;17;-0,449;-0,2750;-0,2750;87,7470;106,5350;-3227,0517;3295,1276;68,0759;161,7571;-25,7903;-204,0426;Nie
9.2.2026;18;3,080;0,2493;0,2493;66,4670;66,4670;-1695,5732;1971,5442;275,9710;-147,5751;23,3801;-151,7760;Nie
9.2.2026;19;4,488;0,5290;0,5290;80,1660;80,1660;-1909,7946;2353,9944;444,1998;-315,6999;49,6112;-178,1111;Nie
9.2.2026;20;3,248;0,4266;0,4266;85,8230;85,8230;-2020,0160;2387,7675;367,7516;-261,1608;40,0078;-146,5986;Nie
9.2.2026;21;5,307;0,7220;0,7220;74,6540;74,6540;-1998,0397;2474,1082;476,0686;-455,3385;75,8901;-96,6202;Nie
9.2.2026;22;4,807;0,4117;0,4117;61,2710;61,2710;-1447,7725;1807,0656;359,2931;-266,1614;43,2742;-136,4059;Nie
9.2.2026;23;-1,330;-0,0191;-0,0191;92,5600;118,9650;-3208,7240;3184,5741;-24,1499;12,7241;-2,0076;13,4334;Nie
9.2.2026;24;-4,625;-0,6469;-0,6469;113,9240;133,0010;-3335,6651;2871,6246;-464,0405;448,5242;-67,9963;83,5126;Nie
9.2.2026;25;-4,392;-1,1234;-1,1234;144,7700;144,7700;-3884,9030;3420,6256;-464,2774;827,4584;-137,3244;-225,8566;Nie
9.2.2026;26;-8,595;-1,4964;-1,4964;125,2120;136,6200;-3902,1404;2890,3327;-1011,8077;1148,6784;-182,9199;46,0493;Nie
9.2.2026;27;-5,716;-0,6545;-0,6545;147,2120;153,1970;-3697,1032;3006,6443;-690,4589;518,2959;-80,0061;252,1691;Nie
9.2.2026;28;-4,297;-0,9255;-0,9255;149,2350;188,0780;-5219,9168;4628,4115;-591,5053;751,1016;-113,1331;-46,4632;Nie
9.2.2026;29;-0,383;-0,1280;-0,1280;144,7360;171,9909;-4419,8221;4568,4223;148,6001;105,9750;-16,8492;-237,7260;Nie
9.2.2026;30;-2,140;-0,2421;-0,2421;158,6690;178,6840;-4861,9916;4700,6400;-161,3517;202,3155;-31,8686;-9,0953;Nie
9.2.2026;31;-2,348;-0,5774;-0,5774;178,5640;189,7280;-4887,5830;4648,9052;-238,6778;484,3233;-76,0055;-169,6400;Nie
9.2.2026;32;-0,128;-0,1135;-0,1135;160,2270;190,4870;-5096,2892;5249,4407;153,1515;95,4774;-14,9405;-233,6885;Nie
9.2.2026;33;-3,930;-0,6853;-0,6853;160,9760;187,3190;-6376,3388;5784,9727;-591,3661;581,8068;-93,7648;103,3241;Nie
9.2.2026;34;1,258;0,3321;0,3321;209,6620;168,2248;-5477,0630;5839,7557;362,6927;-283,2400;45,4389;-124,8916;Nie
9.2.2026;35;-2,453;-0,6995;-0,6995;209,5970;209,5970;-7701,8514;7318,0793;-383,7721;608,6045;-95,7077;-129,1247;Nie
9.2.2026;36;-5,778;-1,2716;-1,2716;142,7460;197,7690;-8148,8739;7135,1100;-1013,7639;1108,7702;-173,9841;78,9778;Nie
9.2.2026;37;-10,466;-1,7927;-1,7927;151,5570;203,1480;-10353,8441;8363,6032;-1990,2410;1586,4833;-248,7371;652,4948;Nie
9.2.2026;38;-7,305;-1,3120;-1,3120;154,0690;194,2710;-9772,9969;8510,8182;-1262,1787;1171,6791;-182,0400;272,5396;Nie
9.2.2026;39;-20,130;-3,9211;-3,9211;169,6220;200,5608;-11797,5879;7841,3256;-3956,2623;3467,2901;-544,0526;1033,0249;Nie
9.2.2026;40;-15,151;-3,3476;-3,3476;172,6010;203,1725;-12988,0052;9925,1798;-3062,8254;2951,4291;-464,4795;575,8758;Nie
9.2.2026;41;-6,743;-1,2539;-1,2539;125,9920;187,7663;-9686,3001;8377,1935;-1309,1066;1084,0534;-173,9949;399,0482;Nie
9.2.2026;42;-1,931;-0,2991;-0,2991;150,6160;188,6403;-8337,7126;8007,7807;-329,9319;256,5281;-41,5040;114,9078;Nie
9.2.2026;43;-6,131;-1,0614;-1,0614;141,7320;184,4669;-7828,9597;6713,8573;-1115,1024;921,5923;-147,2830;340,7932;Nie
9.2.2026;44;-2,351;-0,5903;-0,5903;157,9050;180,8601;-8251,3803;7839,2002;-412,1802;509,0829;-81,9118;-14,9909;Nie
9.2.2026;45;-4,125;-0,6834;-0,6834;131,3240;180,6268;-7459,1643;6785,2457;-673,9186;604,7171;-98,0296;167,2311;Nie
9.2.2026;46;-9,083;-1,6326;-1,6326;134,1210;180,7588;-8308,5782;6734,1691;-1574,4091;1446,3277;-234,1867;362,2681;Nie
9.2.2026;47;-4,290;-0,6084;-0,6084;101,9990;181,0967;-8797,1344;8098,4633;-698,6711;539,5091;-87,2713;246,4333;Nie
9.2.2026;48;-2,858;-0,5069;-0,5069;119,0440;183,5330;-8372,5919;7943,6753;-428,9166;447,0224;-72,7118;54,6060;Nie
9.2.2026;49;-30,021;-4,9635;-4,9635;146,8440;163,7661;-8304,4152;3440,2345;-4864,1807;4384,3713;-701,0646;1180,8740;Nie
9.2.2026;50;-19,999;-3,4656;-3,4656;146,8850;161,0941;-7583,1826;4407,8568;-3175,3258;3043,7819;-489,4952;621,0391;Nie
9.2.2026;51;-23,109;-3,7905;-3,7905;146,1870;165,2527;-7885,5283;4110,1652;-3775,3632;3340,2907;-535,3854;970,4579;Nie
9.2.2026;52;-23,095;-3,9907;-3,9907;143,6780;164,9913;-8518,0058;4768,5786;-3749,4273;3498,7610;-563,6624;814,3287;Nie
9.2.2026;53;-14,325;-2,0535;-2,0535;125,7840;159,5391;-5334,6684;3115,1605;-2219,5080;1808,6279;-283,7054;694,5855;Nie
9.2.2026;54;-14,530;-2,9252;-2,9252;181,3560;181,3560;-6701,1042;4168,8304;-2532,2738;2545,6073;-404,1369;390,8034;Nie
9.2.2026;55;-8,351;-1,5438;-1,5438;143,9780;161,5920;-5856,7404;4630,5804;-1226,1601;1326,1104;-213,2868;113,3365;Nie
9.2.2026;56;-13,119;-2,0623;-2,0623;133,2160;160,7044;-5146,7191;3167,8051;-1978,9140;1773,2733;-284,9212;490,5619;Nie
9.2.2026;57;-31,490;-5,7140;-5,7140;160,2560;174,6345;-9332,2930;3978,1739;-5354,1191;4913,0712;-780,4924;1221,5403;Nie
9.2.2026;58;-43,631;-8,0411;-8,0411;159,0330;179,7256;-10910,7817;3223,9178;-7686,8639;6926,9922;-1098,3580;1858,2297;Nie
9.2.2026;59;-25,613;-4,6681;-4,6681;153,6890;182,5749;-8882,8166;4382,1627;-4500,6539;3999,0555;-637,6298;1139,2281;Nie
9.2.2026;60;-32,342;-4,8336;-4,8336;122,9720;183,3213;-10566,8231;4828,1331;-5738,6900;4170,5754;-660,2359;2228,3505;Nie
9.2.2026;61;-15,937;-1,2499;-1,2499;72,8900;196,1756;-9050,9537;6108,1235;-2942,8302;1056,1994;-176,7521;2063,3829;Nie
9.2.2026;62;-19,279;-3,8735;-3,8735;173,4040;196,6390;-9647,1093;6045,0761;-3602,0332;3266,7106;-547,7633;883,0859;Nie
9.2.2026;63;-11,143;-1,3876;-1,3876;98,6800;204,7803;-8638,2474;6559,1130;-2079,1344;1169,5144;-196,2247;1105,8447;Nie
9.2.2026;64;-9,598;-1,4943;-1,4943;132,0850;212,7898;-9584,0526;7755,9754;-1828,0772;1259,9446;-211,3134;779,4460;Nie
9.2.2026;65;-5,371;-0,7566;-0,7566;82,1050;210,2654;-8199,9301;7365,8072;-834,1228;654,6191;-119,5246;299,0284;Nie
9.2.2026;66;-7,486;-0,5615;-0,5615;66,5160;221,3118;-8709,9472;7335,6009;-1374,3463;485,5379;-88,7035;977,5119;Nie
9.2.2026;67;-7,286;-0,4504;-0,4504;59,9860;218,3823;-8087,1333;6807,1947;-1279,9387;390,9748;-71,1524;960,1163;Nie
9.2.2026;68;-8,128;-1,1536;-1,1536;110,4620;232,0678;-9509,6743;7935,3264;-1574,3480;1004,7950;-182,2411;751,7941;Nie
9.2.2026;69;-2,643;-0,0829;-0,0829;70,3270;247,1854;-7913,1462;7580,1875;-332,9587;72,2299;-14,8349;275,5637;Nie
9.2.2026;70;-2,995;-0,3152;-0,3152;106,7610;256,4492;-8019,4229;7580,8948;-438,5281;275,9147;-56,4047;219,0182;Nie
9.2.2026;71;-11,053;-1,6038;-1,6038;123,5510;272,9378;-10318,6865;7647,9901;-2670,6964;1402,1094;-286,9984;1555,5854;Nie
9.2.2026;72;-3,758;-0,5063;-0,5063;106,0870;280,2338;-10279,5363;9586,2378;-693,2984;439,6142;-90,6019;344,2861;Nie
9.2.2026;73;0,643;-0,0884;-0,0884;107,9550;107,9550;-4103,4775;4321,4387;217,9611;76,6481;-16,5003;-278,1089;Nie
9.2.2026;74;2,648;0,3768;0,3768;131,9580;131,9580;-4155,6213;4685,0368;529,4155;-326,1511;70,3316;-273,5960;Nie
9.2.2026;75;-2,152;-0,4963;-0,4963;153,6540;223,2102;-7404,1055;7227,5463;-176,5593;429,2692;-92,6369;-160,0731;Nie
9.2.2026;76;5,205;0,8704;0,8704;130,4560;130,4560;-3820,2735;4676,3258;856,0523;-751,3397;162,4645;-267,1771;Nie
9.2.2026;77;-3,803;-0,5418;-0,5418;189,2760;215,6307;-6443,4766;5908,2812;-535,1954;464,1229;-99,4729;170,5454;Nie
9.2.2026;78;2,479;0,2614;0,2614;136,3020;136,3020;-4164,8439;4686,4717;521,6278;-224,3429;47,9923;-345,2771;Nie
9.2.2026;79;0,340;-0,0533;-0,0533;127,4260;127,4260;-3075,5539;3292,1781;216,6242;45,8055;-9,7857;-252,6440;Nie
9.2.2026;80;4,872;0,5870;0,5870;130,0100;130,0100;-3556,8136;4365,8658;809,0522;-501,6854;107,7714;-415,1383;Nie
9.2.2026;81;1,097;0,3007;0,3007;146,2490;146,2490;-4121,5893;4481,8006;360,2113;-254,5805;52,3269;-157,9577;Nie
9.2.2026;82;4,875;0,6149;0,6149;123,6790;123,6790;-3171,6243;3943,0102;771,3859;-515,3278;107,0031;-363,0612;Nie
9.2.2026;83;4,319;0,5541;0,5541;115,3040;115,3040;-2961,3526;3610,7448;649,3921;-455,9568;96,4228;-289,8581;Nie
9.2.2026;84;7,889;0,9735;0,9735;111,3820;111,3820;-3170,8228;4193,9778;1023,1551;-786,0340;169,4055;-406,5266;Nie
9.2.2026;85;1,179;0,0598;0,0598;105,4350;105,4350;-2809,3156;3068,7911;259,4755;-47,3879;9,0877;-221,1753;Nie
9.2.2026;86;4,706;0,6257;0,6257;117,0940;117,0940;-2789,8816;3492,5627;702,6811;-482,2526;95,0864;-315,5149;Nie
9.2.2026;87;10,058;1,4219;1,4219;122,7450;122,7450;-2548,0635;3935,6957;1387,6322;-1099,3581;216,0833;-504,3574;Nie
9.2.2026;88;7,310;0,8889;0,8889;106,2820;106,2820;-3022,6601;3930,2021;907,5420;-670,3101;135,0844;-372,3163;Nie
9.2.2026;89;8,499;1,1333;1,1333;105,2270;105,2270;-2648,9845;3668,5289;1019,5444;-832,9660;147,9330;-334,5115;Nie
9.2.2026;90;6,404;0,9839;0,9839;103,4560;103,4560;-2419,3186;3202,0667;782,7481;-706,2816;128,4314;-204,8979;Nie
9.2.2026;91;4,492;0,2975;0,2975;75,6590;75,6590;-1806,2073;2233,0754;426,8681;-211,8731;38,8336;-253,8285;Nie
9.2.2026;92;7,417;0,8821;0,8821;98,9420;98,9420;-2688,3531;3536,8797;848,5266;-614,6151;115,1432;-349,0547;Nie
9.2.2026;93;-1,137;-0,0823;-0,0823;106,1640;132,4950;-3908,2050;3904,2302;-3,9749;59,9597;-9,0165;-46,9684;Nie
9.2.2026;94;-1,151;-0,2522;-0,2522;106,3110;125,6860;-3754,6179;3747,2024;-7,4155;180,0252;-27,6300;-144,9797;Nie
9.2.2026;95;3,975;0,5805;0,5805;110,0590;109,8415;-3522,5071;4077,3165;554,8094;-412,5960;63,5973;-205,8107;Nie
9.2.2026;96;6,637;0,6929;0,6929;98,5660;98,5660;-2648,9613;3406,2438;757,2826;-496,1457;75,9114;-337,0482;Nie
10.2.2026;1;-7,131;-1,0866;-1,0866;130,4230;130,4230;-3660,1911;2848,6992;-811,4919;793,4951;-107,6777;125,6745;Nie
10.2.2026;2;-4,612;-1,0194;-1,0194;135,6290;135,6290;-3265,2682;2762,0846;-503,1836;733,9587;-101,0185;-129,7566;Nie
10.2.2026;3;0,640;0,0893;0,0893;127,6100;107,5123;-2252,4902;2418,5967;166,1065;-62,9878;8,8493;-111,9680;Nie
10.2.2026;4;-1,789;-0,5442;-0,5442;109,5050;122,0010;-2995,4906;2883,8596;-111,6309;384,4779;-53,9280;-218,9189;Nie
10.2.2026;5;-0,038;0,1017;0,1017;111,8660;120,2190;-2000,0835;2096,8598;96,7763;-72,2446;9,0150;-33,5467;Nie
10.2.2026;6;-4,257;-0,8582;-0,8582;113,3410;121,0880;-3070,1862;2657,5183;-412,6679;604,8285;-76,0734;-116,0872;Nie
10.2.2026;7;-0,885;-0,1541;-0,1541;96,9150;118,6292;-2459,3019;2451,8283;-7,4736;107,6293;-13,6599;-86,4958;Nie
10.2.2026;8;0,079;-0,1098;-0,1098;33,1600;33,1600;-640,0543;670,1304;30,0761;76,6938;-9,7330;-97,0369;Nie
10.2.2026;9;-8,142;-1,0446;-1,0446;88,4230;119,1879;-2719,6295;1882,2153;-837,4142;741,6814;-89,9547;185,6875;Nie
10.2.2026;10;-7,309;-1,0988;-1,0988;107,2870;119,1879;-3108,6588;2363,6152;-745,0436;772,6186;-94,6221;67,0470;Nie
10.2.2026;11;-6,420;-1,0964;-1,0964;108,7870;119,1879;-3217,3582;2575,5313;-641,8268;763,5520;-94,4154;-27,3098;Nie
10.2.2026;12;-4,526;-0,7272;-0,7272;107,0130;119,3830;-3174,3940;2749,5099;-424,8841;506,1840;-62,6221;-18,6778;Nie
10.2.2026;13;-2,560;-0,3997;-0,3997;133,0280;133,0280;-3063,7679;2852,6524;-211,1154;277,8513;-34,1751;-32,5607;Nie
10.2.2026;14;-1,120;-0,2458;-0,2458;133,6380;133,6380;-2976,7865;2955,2707;-21,5157;170,9193;-21,0164;-128,3872;Nie
10.2.2026;15;0,134;-0,2191;-0,2191;71,5080;71,5080;-1508,1037;1584,6888;76,5851;152,5021;-18,7335;-210,3537;Nie
10.2.2026;16;-0,151;-0,0128;-0,0128;107,7690;121,2793;-2598,6516;2694,3409;95,6894;8,9721;-1,0944;-103,5670;Nie
10.2.2026;17;-0,860;-0,0051;-0,0051;107,0870;120,3206;-2734,6466;2745,4755;10,8289;3,6257;-0,4653;-13,9893;Nie
10.2.2026;18;-1,722;-0,3110;-0,3110;122,6260;122,6260;-2919,7251;2829,5950;-90,1301;222,5200;-28,3722;-104,0177;Nie
10.2.2026;19;-5,454;-0,7182;-0,7182;101,9410;123,3091;-2804,4189;2250,7610;-553,6579;519,9651;-65,5207;99,2134;Nie
10.2.2026;20;-7,545;-1,1991;-1,1991;113,4930;126,2866;-2768,3286;1937,6153;-830,7133;878,1958;-109,3927;61,9101;Nie
10.2.2026;21;-4,831;-0,3542;-0,3542;66,1720;129,0674;-3330,4552;2837,4177;-493,0375;248,6423;-36,8333;281,2284;Nie
10.2.2026;22;-0,867;-0,0287;-0,0287;152,3750;152,3750;-2860,6883;2878,3638;17,6755;20,2951;-2,9845;-34,9861;Nie
10.2.2026;23;1,123;0,1701;0,1701;129,9430;113,9800;-1953,6172;2198,5602;244,9430;-123,2027;17,6887;-139,4290;Nie
10.2.2026;24;-5,466;-0,7975;-0,7975;114,1800;130,6843;-2700,5911;2118,3925;-582,1986;596,2423;-82,9320;68,8883;Nie
10.2.2026;25;-12,224;-1,9400;-1,9400;151,2290;151,2290;-5547,8359;3856,3395;-1691,4964;1485,2189;-234,6527;440,9302;Nie
10.2.2026;26;-3,560;-0,8832;-0,8832;174,3640;174,3640;-4362,0642;3928,2466;-433,8176;702,0330;-106,8275;-161,3879;Nie
10.2.2026;27;-4,994;-0,9048;-0,9048;148,0740;162,5335;-4026,9300;3392,3992;-634,5308;742,6371;-109,4401;1,3338;Nie
10.2.2026;28;-6,468;-0,9066;-0,9066;111,3360;172,7220;-5038,1280;4099,7294;-938,3986;750,0118;-109,6578;298,0446;Nie
10.2.2026;29;-2,969;-0,3222;-0,3222;154,5310;165,1151;-5365,7454;5039,9733;-325,7721;272,6229;-41,6002;94,7494;Nie
10.2.2026;30;-1,538;-0,6612;-0,6612;147,6150;180,3780;-4859,5637;4761,9792;-97,5845;561,9924;-85,3695;-379,0384;Nie
10.2.2026;31;-2,151;-0,2505;-0,2505;67,1310;190,2450;-5810,4628;5573,7980;-236,6648;213,6063;-32,3428;55,4013;Nie
10.2.2026;32;-1,758;-0,4018;-0,4018;111,9460;191,5760;-5632,3344;5442,0994;-190,2350;342,4299;-51,8776;-100,3173;Nie
10.2.2026;33;-5,096;-0,8162;-0,8162;118,6710;188,5840;-6088,0573;5266,0196;-822,0377;700,6047;-110,8212;232,2541;Nie
10.2.2026;34;-8,486;-1,3571;-1,3571;132,5530;190,9160;-7423,7687;5947,4152;-1476,3534;1177,8238;-184,2630;482,7926;Nie
10.2.2026;35;-9,026;-1,0807;-1,0807;104,5550;176,9680;-6707,4411;5244,4467;-1462,9945;958,6727;-146,7342;651,0560;Nie
10.2.2026;36;-2,716;-0,4152;-0,4152;105,2780;167,9370;-6761,9833;6440,0481;-321,9352;370,9981;-56,3746;7,3117;Nie
10.2.2026;37;0,894;0,3000;0,3000;174,3140;141,6954;-4825,2952;5054,7000;229,4049;-270,7424;41,5587;-0,2212;Nie
10.2.2026;38;-4,470;-0,6653;-0,6653;127,4560;172,4910;-5754,2998;5109,3559;-644,9438;601,3228;-92,1633;135,7844;Nie
10.2.2026;39;0,386;0,3144;0,3144;147,1360;138,6325;-4400,6114;4553,6617;153,0503;-279,4680;43,5535;82,8642;Nie
10.2.2026;40;-2,406;-0,7489;-0,7489;148,9300;150,9860;-4677,2443;4420,8701;-256,3742;665,3514;-103,7444;-305,2328;Nie
10.2.2026;41;-0,265;0,2971;0,2971;156,0070;168,4540;-5147,9542;5187,3725;39,4182;-257,9591;41,2087;177,3322;Nie
10.2.2026;42;-2,548;-0,6075;-0,6075;137,8100;152,8670;-4693,6284;4373,2191;-320,4092;526,5008;-84,2621;-121,8295;Nie
10.2.2026;43;-6,462;-1,0537;-1,0537;116,5440;148,1700;-5282,7050;4384,3503;-898,3547;932,1604;-146,1514;112,3457;Nie
10.2.2026;44;-4,909;-0,6613;-0,6613;98,1130;141,4758;-5062,8530;4429,8902;-632,9627;577,8250;-91,7243;146,8620;Nie
10.2.2026;45;-14,396;-2,0240;-2,0240;129,5110;147,8400;-6159,9014;4135,0848;-2024,8166;1825,1381;-288,9462;488,6248;Nie
10.2.2026;46;-4,056;-0,5022;-0,5022;91,1020;144,7490;-5299,1161;4815,6545;-483,4617;450,0211;-71,6941;105,1346;Nie
10.2.2026;47;-18,325;-2,4866;-2,4866;127,3320;138,9227;-5714,0296;3260,0990;-2453,9306;2246,0301;-354,9870;562,8875;Nie
10.2.2026;48;-24,717;-3,7551;-3,7551;132,6500;154,9723;-7864,8442;4118,6988;-3746,1454;3342,3386;-536,0781;939,8849;Nie
10.2.2026;49;-16,817;-1,8997;-1,8997;116,9170;138,1431;-6278,0513;4033,6404;-2244,4109;1696,4234;-264,9550;812,9425;Nie
10.2.2026;50;-10,111;-1,5307;-1,5307;126,9540;136,7963;-5133,1444;3827,1501;-1305,9943;1361,0793;-213,4898;158,4048;Nie
10.2.2026;51;-15,902;-2,0352;-2,0352;120,0000;137,8579;-5790,1697;3658,7487;-2131,4210;1813,6464;-283,8534;601,6280;Nie
10.2.2026;52;-18,520;-3,0654;-3,0654;139,0700;141,6551;-6359,6057;3805,5643;-2554,0415;2707,3047;-427,5375;274,2742;Nie
10.2.2026;53;-12,928;-1,8676;-1,8676;145,2380;145,2380;-5856,2866;4061,8711;-1794,4155;1665,5896;-262,0579;390,8838;Nie
10.2.2026;54;-13,913;-1,8202;-1,8202;103,8220;141,0933;-5302,5684;3423,4878;-1879,0806;1604,2805;-255,4068;530,2069;Nie
10.2.2026;55;-6,734;-0,7006;-0,7006;94,9180;141,5920;-4974,5517;4109,5662;-864,9855;612,6269;-98,3068;350,6654;Nie
10.2.2026;56;-10,222;-1,2542;-1,2542;105,7810;142,2740;-4617,5027;3264,9038;-1352,5989;1084,7933;-175,9868;443,7925;Nie
10.2.2026;57;-19,000;-2,8522;-2,8522;127,3870;152,6057;-6463,7670;3669,5567;-2794,2104;2467,8269;-389,5820;715,9655;Nie
10.2.2026;58;-23,444;-3,7238;-3,7238;140,3640;161,2184;-7047,1787;3373,0114;-3674,1673;3205,7414;-508,6338;977,0598;Nie
10.2.2026;59;-30,330;-5,7165;-5,7165;158,3300;165,5007;-7444,2215;2536,9602;-4907,2613;4921,1342;-780,8167;766,9438;Nie
10.2.2026;60;-27,825;-6,1861;-6,1861;186,2530;186,2530;-8600,7910;3556,3148;-5044,4763;5323,8480;-844,9594;565,5877;Nie
10.2.2026;61;-24,709;-4,0783;-4,0783;133,5840;174,4897;-8465,7168;4297,8558;-4167,8610;3441,7887;-568,3437;1294,4160;Nie
10.2.2026;62;-30,960;-3,8560;-3,8560;107,6790;190,5411;-10555,7864;4812,3060;-5743,4804;3276,4225;-537,3644;3004,4223;Nie
10.2.2026;63;-39,636;-6,3063;-6,3063;135,4840;201,0081;-12824,1158;4979,7747;-7844,3411;5398,0639;-878,8334;3325,1106;Nie
10.2.2026;64;-10,736;-1,4510;-1,4510;116,5590;176,8910;-7493,4565;5739,7592;-1753,6974;1226,2998;-202,2085;729,6060;Nie
10.2.2026;65;-20,143;-2,8592;-2,8592;121,7770;179,5470;-7092,1065;3689,8704;-3402,2361;2489,8084;-449,4405;1361,8682;Nie
10.2.2026;66;-29,286;-6,7199;-6,7199;212,0780;212,0780;-10411,3332;4450,8810;-5960,4522;5888,6648;-1056,3078;1128,0952;Nie
10.2.2026;67;-3,787;-1,0965;-1,0965;149,0400;180,7410;-7086,4931;6613,4939;-472,9992;960,7552;-172,3599;-315,3961;Nie
10.2.2026;68;-5,358;-0,9108;-0,9108;134,6740;197,6370;-7928,4059;7093,1919;-835,2140;804,5540;-143,1696;173,8295;Nie
10.2.2026;69;-12,303;-1,7771;-1,7771;137,0190;187,8595;-7360,3352;5266,0775;-2094,2577;1564,7513;-318,3301;847,8366;Nie
10.2.2026;70;-19,339;-3,8961;-3,8961;181,5820;187,8595;-7749,9558;4327,5314;-3422,4244;3451,3254;-697,9045;669,0035;Nie
10.2.2026;71;-18,394;-3,4035;-3,4035;147,3960;195,7230;-8046,3683;4680,7155;-3365,6527;3007,4625;-609,6656;967,8558;Nie
10.2.2026;72;-13,060;-2,1333;-2,1333;129,4840;187,8595;-7480,0017;5251,0487;-2228,9530;1861,9149;-382,1359;749,1740;Nie
10.2.2026;73;-12,669;-2,3200;-2,3200;153,6630;177,0741;-6165,7202;4136,4510;-2029,2692;2041,3489;-436,2737;424,1940;Nie
10.2.2026;74;-7,324;-0,9840;-0,9840;117,4220;177,0741;-6405,8326;5318,0664;-1087,7662;862,3335;-185,0402;410,4729;Nie
10.2.2026;75;-3,957;-0,6793;-0,6793;132,6060;177,0741;-7124,5764;6630,3626;-494,2138;598,6617;-127,7417;23,2938;Nie
10.2.2026;76;-1,870;-0,3056;-0,3056;124,9730;177,0741;-7243,9244;7116,9622;-126,9621;267,6958;-57,4678;-83,2659;Nie
10.2.2026;77;-1,593;-0,3238;-0,3238;153,6570;178,3760;-5713,7400;5642,3896;-71,3504;281,1250;-59,3406;-150,4340;Nie
10.2.2026;78;-5,299;-1,1886;-1,1886;169,9430;179,3998;-6581,8199;5842,3339;-739,4860;1039,8341;-217,8264;-82,5217;Nie
10.2.2026;79;-7,041;-0,8604;-0,8604;154,6380;169,0329;-6434,9135;5440,6620;-994,2515;750,1862;-157,6795;401,7448;Nie
10.2.2026;80;1,082;0,1424;0,1424;152,4290;132,5200;-4315,1162;4618,7196;303,6033;-123,0112;26,0967;-206,6888;Nie
10.2.2026;81;-7,847;-1,4320;-1,4320;189,5960;189,5960;-7215,8342;5962,4150;-1253,4192;1232,7841;-251,4621;272,0971;Nie
10.2.2026;82;-2,784;-0,6481;-0,6481;150,7590;156,6925;-4991,4396;4741,6717;-249,7678;553,0709;-113,8077;-189,4954;Nie
10.2.2026;83;-8,331;-1,6189;-1,6189;158,6130;158,6130;-5630,9201;4495,0924;-1135,8277;1346,6510;-284,2821;73,4588;Nie
10.2.2026;84;-3,192;-0,8400;-0,8400;147,3950;152,0924;-4891,4437;4582,2398;-309,2038;687,1550;-147,5057;-230,4455;Nie
10.2.2026;85;-23,822;-3,9901;-3,9901;133,9430;140,0850;-5771,2218;2598,4367;-3172,7852;3182,4467;-621,2346;611,5731;Nie
10.2.2026;86;-25,786;-4,7556;-4,7556;143,2380;143,2380;-5385,3191;1853,4997;-3531,8194;3755,1795;-740,4184;517,0583;Nie
10.2.2026;87;-19,740;-2,9978;-2,9978;115,0270;134,1758;-4887,8902;2385,2432;-2502,6470;2347,6018;-466,7395;621,7847;Nie
10.2.2026;88;-13,841;-2,0392;-2,0392;102,8660;129,4920;-5142,3863;3489,1619;-1653,2244;1553,7589;-317,4912;416,9567;Nie
10.2.2026;89;-11,904;-2,0119;-2,0119;125,8680;127,2370;-3957,7069;2577,6944;-1380,0125;1499,5457;-268,0293;148,4961;Nie
10.2.2026;90;-5,450;-1,1098;-1,1098;106,3650;129,8440;-3630,6979;3058,2157;-572,4822;819,7673;-147,8498;-99,4353;Nie
10.2.2026;91;-6,599;-1,0044;-1,0044;91,6500;127,2040;-3403,8518;2695,1984;-708,6535;724,2466;-133,8082;118,2151;Nie
10.2.2026;92;-14,394;-2,0862;-2,0862;99,5420;122,7152;-4108,0140;2460,4398;-1647,5743;1477,0750;-277,9277;448,4270;Nie
10.2.2026;93;-10,684;-1,5310;-1,5310;91,3900;123,8930;-4085,0000;2873,3265;-1211,6735;1060,0508;-173,3414;324,9641;Nie
10.2.2026;94;-6,671;-1,0817;-1,0817;88,5780;121,0770;-3581,2155;2887,9286;-693,2869;740,6540;-122,4712;75,1041;Nie
10.2.2026;95;-8,589;-1,9796;-1,9796;153,3520;153,3520;-4587,2184;3409,7817;-1177,4367;1360,3385;-224,1323;41,2304;Nie
10.2.2026;96;-4,043;-0,6510;-0,6510;89,5020;110,3850;-3137,1417;2789,7601;-347,3816;445,2513;-73,7069;-24,1628;Nie
11.2.2026;1;-14,314;-1,9709;-1,9709;94,5800;118,0265;-3575,9669;1976,8258;-1599,1410;1306,7703;-197,1511;489,5218;Nie
11.2.2026;2;-7,762;-1,0405;-1,0405;95,5960;114,7319;-2688,3979;1885,6188;-802,7791;677,5416;-104,0823;229,3198;Nie
11.2.2026;3;-6,639;-1,3991;-1,3991;123,3910;123,3910;-2604,9074;1875,4198;-729,4876;901,0395;-139,9534;-31,5985;Nie
11.2.2026;4;-0,487;-0,1570;-0,1570;89,7090;117,1252;-2050,9794;2076,3955;25,4162;99,1946;-15,7049;-108,9059;Nie
11.2.2026;5;-1,713;-0,2422;-0,2422;104,4170;112,3540;-2234,3840;2122,2547;-112,1293;152,5034;-22,1642;-18,2099;Nie
11.2.2026;6;-5,825;-0,9272;-0,9272;89,6840;112,2550;-2758,4421;2182,4617;-575,9804;580,8137;-84,8499;80,0166;Nie
11.2.2026;7;-6,050;-0,4226;-0,4226;44,4570;112,1780;-2624,7408;2025,2616;-599,4792;265,5241;-38,6730;372,6281;Nie
11.2.2026;8;0,033;-0,0779;-0,0779;79,1420;79,1420;-1587,9051;1645,1248;57,2197;48,3932;-7,1288;-98,4841;Nie
11.2.2026;9;-8,899;-1,3179;-1,3179;97,4380;111,2320;-2766,2286;1888,2744;-877,9542;842,3765;-116,1136;151,6913;Nie
11.2.2026;10;-7,720;-1,4233;-1,4233;112,2430;112,2430;-2894,5225;2136,7700;-757,7525;898,1866;-125,3998;-15,0343;Nie
11.2.2026;11;-4,359;-0,7185;-0,7185;101,0540;111,6830;-2589,4820;2203,1705;-386,3115;450,8862;-63,3034;-1,2713;Nie
11.2.2026;12;-5,577;-0,7024;-0,7024;71,6960;111,6940;-2598,5609;2073,9342;-524,6267;438,5321;-61,8850;147,9796;Nie
11.2.2026;13;-5,558;-0,2020;-0,2020;25,1110;111,3420;-2690,3567;2167,0493;-523,3074;127,0301;-17,6358;413,9131;Nie
11.2.2026;14;-7,363;-0,3729;-0,3729;31,6980;111,3420;-2744,9143;2019,4099;-725,5045;236,0419;-32,5564;522,0190;Nie
11.2.2026;15;-5,582;-0,7514;-0,7514;92,7280;111,3420;-2745,1370;2217,5986;-527,5384;476,2574;-65,6017;116,8827;Nie
11.2.2026;16;-6,873;-0,8949;-0,8949;73,4370;110,4620;-2975,4044;2311,8592;-663,5452;570,7848;-78,1301;170,8906;Nie
11.2.2026;17;-4,996;-0,5952;-0,5952;86,8320;111,3530;-2780,4844;2321,9328;-458,5517;377,4813;-55,9690;137,0394;Nie
11.2.2026;18;-1,095;-0,2308;-0,2308;103,2200;111,2320;-2070,8061;2045,4452;-25,3609;147,9327;-21,7030;-100,8688;Nie
11.2.2026;19;-2,838;-0,4960;-0,4960;90,2280;111,3530;-2461,0127;2240,3110;-220,7016;321,0766;-46,6409;-53,7341;Nie
11.2.2026;20;-5,228;-0,7804;-0,7804;105,4420;111,3530;-2543,8593;2059,0283;-484,8310;511,8277;-73,3841;46,3874;Nie
11.2.2026;21;-5,738;-1,0147;-1,0147;131,2400;131,2400;-2540,5439;1904,1612;-636,3828;683,3188;-107,2061;60,2701;Nie
11.2.2026;22;-8,235;-1,5312;-1,5312;129,3700;129,3700;-2869,4266;1919,5921;-949,8345;1046,7246;-161,7759;64,8858;Nie
11.2.2026;23;-7,407;-1,2355;-1,2355;120,1020;126,3625;-2732,8418;1918,3091;-814,5327;868,9548;-130,5343;76,1122;Nie
11.2.2026;24;-3,931;-0,6826;-0,6826;114,9320;128,6740;-2619,8026;2238,4129;-381,3897;492,2390;-72,1187;-38,7305;Nie
11.2.2026;25;-3,304;-0,7696;-0,7696;143,3150;143,3150;-3061,2084;2730,2941;-330,9143;590,9096;-95,4419;-164,5533;Nie
11.2.2026;26;-7,031;-0,9226;-0,9226;117,3900;131,4367;-2969,4179;2180,6663;-788,7516;737,8711;-114,4162;165,2968;Nie
11.2.2026;27;-5,511;-0,3968;-0,3968;65,8900;137,4482;-3000,0819;2378,8160;-621,2659;327,7988;-49,2092;342,6762;Nie
11.2.2026;28;-5,165;-0,6845;-0,6845;95,5890;144,6280;-3810,2247;3204,2333;-605,9913;576,5065;-84,8883;114,3731;Nie
11.2.2026;29;-17,534;-2,3290;-2,3290;121,1940;153,2309;-4912,8891;2377,5306;-2535,3585;1991,4326;-306,6012;850,5271;Nie
11.2.2026;30;-0,935;-0,2431;-0,2431;123,9500;153,6878;-3840,3507;3844,5003;4,1496;208,9152;-32,0029;-181,0619;Nie
11.2.2026;31;-1,953;-0,1699;-0,1699;97,8270;157,5640;-3974,8670;3802,6496;-172,2175;146,0650;-22,3665;48,5189;Nie
11.2.2026;32;-0,053;-0,0638;-0,0638;44,9170;160,4570;-3992,3306;4118,7707;126,4401;55,2037;-8,3990;-173,2449;Nie
11.2.2026;33;-5,286;-0,6021;-0,6021;112,6900;155,9800;-3654,2994;2963,7760;-690,5235;524,6301;-81,1324;247,0257;Nie
11.2.2026;34;-0,616;-0,1836;-0,1836;134,5490;160,7100;-3376,9992;3377,3207;0,3214;161,8727;-24,7399;-137,4542;Nie
11.2.2026;35;-4,494;-0,3181;-0,3181;49,1700;166,5290;-3853,3145;3252,9775;-600,3370;286,1398;-42,8637;357,0609;Nie
11.2.2026;36;-3,504;-0,2623;-0,2623;63,7210;163,1261;-4300,4934;3871,7980;-428,6954;235,3120;-35,3447;228,7281;Nie
11.2.2026;37;-3,126;-0,3318;-0,3318;85,7140;154,6270;-3504,6210;3159,1842;-345,4367;302,5604;-46,3468;89,2231;Nie
11.2.2026;38;11,386;1,3327;1,3327;93,6470;93,6470;-2910,3615;4058,8483;1148,4868;-1223,9933;186,1555;-110,6490;Nie
11.2.2026;39;-0,473;-0,1477;-0,1477;130,7150;153,9120;-4501,0025;4571,4942;70,4917;137,3775;-20,6312;-187,2380;Nie
11.2.2026;40;-4,780;-0,8422;-0,8422;122,6110;150,2710;-4448,0216;3837,0197;-611,0019;760,4952;-117,6410;-31,8523;Nie
11.2.2026;41;-10,303;-1,4200;-1,4200;109,2600;152,5810;-4833,9187;3371,2772;-1462,6415;1249,2336;-198,8866;412,2945;Nie
11.2.2026;42;-5,380;-0,5917;-0,5917;94,2990;150,4580;-4697,2988;3983,8269;-713,4718;516,1527;-82,8741;280,1932;Nie
11.2.2026;43;-9,910;-1,1239;-1,1239;94,7770;149,2150;-5162,8390;3784,5400;-1378,2990;993,1277;-157,4146;542,5858;Nie
11.2.2026;44;-8,220;-1,1496;-1,1496;107,2640;148,5990;-5246,7335;4046,6480;-1200,0855;1014,9712;-161,0141;346,1284;Nie
11.2.2026;45;-19,272;-2,2844;-2,2844;100,6800;158,3560;-7121,2693;4221,7710;-2899,4984;2086,9065;-323,8799;1136,4718;Nie
11.2.2026;46;-9,411;-1,0522;-1,0522;90,4530;158,6200;-5921,9191;4575,0767;-1346,8424;954,0491;-149,1799;541,9732;Nie
11.2.2026;47;-9,174;-1,0482;-1,0482;97,4330;149,3910;-5723,7668;4600,1971;-1123,5697;951,8514;-148,6127;320,3311;Nie
11.2.2026;48;-0,645;-0,1604;-0,1604;102,0810;146,5024;-5666,8593;5708,4660;41,6067;144,9668;-22,7414;-163,8321;Nie
11.2.2026;49;2,246;0,1623;0,1623;86,9010;86,9010;-2722,6083;2989,5682;266,9599;-147,4088;22,4068;-141,9579;Nie
11.2.2026;50;-1,869;-0,2318;-0,2318;85,7290;140,1872;-4386,8780;4244,8684;-142,0096;210,2394;-32,0018;-36,2279;Nie
11.2.2026;51;-1,504;-0,1534;-0,1534;80,7140;138,3559;-4111,2456;4019,1005;-92,1450;138,7796;-21,1781;-25,4565;Nie
11.2.2026;52;-4,115;-0,2076;-0,2076;42,5510;139,0160;-4252,6385;3824,0521;-428,5863;186,9447;-28,6608;270,3025;Nie
11.2.2026;53;-15,000;-2,0481;-2,0481;129,4820;143,8800;-5238,0953;3263,1984;-1974,8969;1855,3057;-276,8069;396,3980;Nie
11.2.2026;54;-9,547;-1,4401;-1,4401;126,8580;142,1651;-4555,1120;3319,4129;-1235,6990;1298,0004;-194,6338;132,3325;Nie
11.2.2026;55;-1,400;-0,2696;-0,2696;113,7520;142,5347;-4204,0610;4123,6714;-80,3896;240,0476;-36,4372;-123,2208;Nie
11.2.2026;56;0,886;-0,0477;-0,0477;75,3320;75,3320;-2093,5516;2226,2866;132,7350;42,2464;-6,4468;-168,5346;Nie
11.2.2026;57;0,224;0,4251;0,4251;140,0620;124,5771;-3977,9960;4114,5325;136,5365;-374,7344;56,8244;181,3735;Nie
11.2.2026;58;-3,458;-0,5750;-0,5750;138,7100;140,0630;-4635,9452;4270,1007;-365,8446;507,5691;-76,8620;-64,8626;Nie
11.2.2026;59;2,381;0,3366;0,3366;126,8410;126,8410;-3845,8191;4256,1498;410,3306;-296,0321;44,9943;-159,2929;Nie
11.2.2026;60;7,357;0,3069;0,3069;37,7300;37,7300;-1038,7069;1347,3006;308,5937;-268,0018;41,0242;-81,6161;Nie
11.2.2026;61;-1,255;-0,2142;-0,2142;79,4780;143,4972;-3899,8234;3829,5098;-70,3136;183,3727;-29,3882;-83,6708;Nie
11.2.2026;62;1,416;0,1011;0,1011;87,4070;87,4070;-2029,0661;2241,2903;212,2242;-85,9096;13,8709;-140,1855;Nie
11.2.2026;63;-3,452;-0,1973;-0,1973;84,6950;147,4534;-4051,5771;3683,2385;-368,3386;167,9779;-27,0696;227,4303;Nie
11.2.2026;64;-4,988;-0,7123;-0,7123;107,0120;152,2730;-5093,9887;4484,1353;-609,8534;600,1434;-97,7276;107,4375;Nie
11.2.2026;65;9,735;0,9854;0,9854;92,4300;92,4300;-2484,3335;3517,5161;1033,1825;-857,7425;149,4458;-324,8858;Nie
11.2.2026;66;-2,611;-0,1344;-0,1344;113,4190;158,1679;-5231,8778;5036,5404;-195,3374;118,2447;-20,3831;97,4758;Nie
11.2.2026;67;4,071;0,3309;0,3309;95,6090;95,6090;-2711,1844;3231,1062;519,9217;-289,2541;50,1843;-280,8519;Nie
11.2.2026;68;0,091;-0,0449;-0,0449;105,1050;105,1050;-2891,5437;3036,9039;145,3602;39,3903;-6,8095;-177,9410;Nie
11.2.2026;69;5,634;0,4709;0,4709;101,4070;101,4070;-2457,9029;3157,3069;699,4041;-413,0351;83,4228;-369,7917;Nie
11.2.2026;70;-11,801;-1,4579;-1,4579;133,5990;161,6774;-5392,7497;3683,1728;-1709,5768;1291,8954;-258,2757;675,9572;Nie
11.2.2026;71;-4,846;-0,8444;-0,8444;142,6260;161,1720;-5340,1119;4755,8634;-584,2485;744,4485;-149,5905;-10,6095;Nie
11.2.2026;72;-11,929;-1,7931;-1,7931;121,7600;159,9510;-6387,3233;4682,0857;-1705,2376;1562,1673;-317,6584;460,7287;Nie
11.2.2026;73;-4,996;-0,5217;-0,5217;104,6400;154,7100;-4718,1909;4136,1719;-582,0190;454,6303;-97,1745;224,5632;Nie
11.2.2026;74;-11,407;-1,0091;-1,0091;75,6740;155,3934;-5466,2736;3881,7271;-1584,5465;882,4469;-187,9600;890,0596;Nie
11.2.2026;75;-11,006;-1,5138;-1,5138;117,3780;155,5356;-5341,8702;3816,0659;-1525,8042;1325,1060;-281,9680;482,6662;Nie
11.2.2026;76;-1,202;-0,2668;-0,2668;100,6500;154,5739;-4360,9934;4360,9934;0,0000;231,5589;-49,6955;-181,8634;Nie
11.2.2026;77;2,196;0,3165;0,3165;114,9270;114,9270;-2347,4989;2739,1701;391,6712;-270,4660;58,2670;-179,4722;Nie
11.2.2026;78;-5,214;-0,8567;-0,8567;124,9350;149,7210;-3842,5895;3237,7166;-604,8728;737,9693;-157,7168;24,6203;Nie
11.2.2026;79;-1,655;-0,2474;-0,2474;105,6130;147,7520;-3978,5181;3908,7792;-69,7389;211,1883;-45,5458;-95,9035;Nie
11.2.2026;80;-3,190;-0,7432;-0,7432;132,5830;141,3390;-4621,9266;4340,0967;-281,8300;633,9818;-136,8216;-215,3302;Nie
11.2.2026;81;-8,423;-1,2205;-1,2205;133,9020;144,2760;-4978,9648;3941,3318;-1037,6330;1043,4276;-210,7157;204,9211;Nie
11.2.2026;82;-25,789;-4,3705;-4,3705;137,3860;141,2361;-5571,6229;2098,9097;-3472,7132;3695,4615;-754,5537;531,8054;Nie
11.2.2026;83;-20,476;-3,3015;-3,3015;145,6040;145,6040;-5677,5368;2871,1653;-2806,3715;2708,1576;-569,9941;668,2080;Nie
11.2.2026;84;-10,233;-2,8479;-2,8479;175,7480;175,7480;-6146,2591;4551,5217;-1594,7374;2288,8560;-491,6814;-202,4373;Nie
11.2.2026;85;-20,758;-3,8559;-3,8559;155,2430;155,2430;-7764,1682;4715,0404;-3049,1278;3037,5657;-587,5543;599,1164;Nie
11.2.2026;86;-24,515;-4,6931;-4,6931;137,1840;147,0217;-7142,0201;3702,4475;-3439,5727;3657,3608;-715,1252;497,3371;Nie
11.2.2026;87;-16,010;-2,3591;-2,3591;109,6110;142,0309;-4961,7075;2855,3892;-2106,3182;1826,6839;-359,4749;639,1093;Nie
11.2.2026;88;0,185;-0,1414;-0,1414;85,8850;85,8850;-2573,5440;2686,0534;112,5094;105,1698;-21,5462;-196,1329;Nie
11.2.2026;89;-5,707;-0,7526;-0,7526;94,3270;131,9267;-3147,9030;2539,4570;-608,4459;551,8264;-98,0450;154,6645;Nie
11.2.2026;90;-18,998;-2,7807;-2,7807;102,6900;134,7523;-4742,8767;2330,8105;-2412,0662;2012,2375;-362,2557;762,0844;Nie
11.2.2026;91;-11,583;-1,5913;-1,5913;89,9200;129,2499;-3169,7245;1821,0018;-1348,7227;1133,8917;-207,3066;422,1376;Nie
11.2.2026;92;-1,422;-0,2052;-0,2052;91,2790;125,1723;-2228,8180;2188,2621;-40,5558;142,4556;-26,7324;-75,1673;Nie
11.2.2026;93;-13,289;-1,9113;-1,9113;110,2060;125,4128;-3594,5817;2056,6445;-1537,9372;1297,7303;-211,9269;452,1337;Nie
11.2.2026;94;-16,875;-2,9495;-2,9495;112,2530;133,6992;-4499,1118;2381,3165;-2117,7953;1969,8242;-327,0435;475,0146;Nie
11.2.2026;95;-3,391;-0,7750;-0,7750;105,4120;123,9948;-2825,0975;2531,6018;-293,4957;515,1769;-85,9328;-135,7484;Nie
11.2.2026;96;3,522;0,1128;0,1128;57,2590;57,2590;-1376,1628;1635,0880;258,9252;-74,5054;12,5074;-196,9272;Nie
12.2.2026;1;-8,422;-1,2361;-1,2361;87,7370;114,6343;-2489,8570;1622,5339;-867,3231;803,8136;-123,7497;187,2592;Nie
12.2.2026;2;-9,030;-1,5058;-1,5058;96,1100;114,6343;-2363,9885;1428,2287;-935,7598;965,5409;-150,7502;120,9690;Nie
12.2.2026;3;-8,278;-1,4423;-1,4423;108,8370;114,6343;-2024,6710;1171,5625;-853,1085;909,8862;-144,3930;87,6152;Nie
12.2.2026;4;-5,922;-0,8502;-0,8502;80,6730;114,6343;-1988,3319;1404,4994;-583,8325;529,6425;-85,1161;139,3061;Nie
12.2.2026;5;-1,717;-0,0948;-0,0948;109,2740;114,3858;-1772,4080;1668,2025;-104,2055;57,9068;-8,5992;54,8979;Nie
12.2.2026;6;-0,446;-0,0090;-0,0090;112,5750;114,3858;-1811,5279;1849,8472;38,3192;5,4473;-0,8164;-42,9502;Nie
12.2.2026;7;-1,871;-0,4364;-0,4364;97,9930;114,3858;-1834,6338;1710,7540;-123,8798;264,1797;-39,5854;-100,7145;Nie
12.2.2026;8;2,878;0,2754;0,2754;79,8440;79,8440;-1108,7936;1403,4180;294,6244;-165,7072;24,9813;-153,8984;Nie
12.2.2026;9;-1,640;-0,2814;-0,2814;92,6000;111,4996;-2017,2508;1957,0410;-60,2098;173,6129;-24,5102;-88,8929;Nie
12.2.2026;10;-1,351;-0,1576;-0,1576;83,2850;111,4996;-1863,2698;1826,5864;-36,6834;96,2283;-13,7271;-45,8178;Nie
12.2.2026;11;-4,296;-0,5469;-0,5469;113,1470;113,1470;-2196,5227;1825,6268;-370,8959;334,1043;-47,6355;84,4271;Nie
12.2.2026;12;2,467;0,3794;0,3794;99,5460;91,8300;-1444,3022;1760,4729;316,1707;-229,0645;33,0461;-120,1523;Nie
12.2.2026;13;-0,544;-0,0209;-0,0209;112,5040;112,8609;-1660,5224;1702,9581;42,4357;13,2078;-1,7957;-53,8478;Nie
12.2.2026;14;-1,757;-0,3267;-0,3267;105,6200;112,8609;-1825,6379;1732,5277;-93,1102;207,0862;-28,0691;-85,9069;Nie
12.2.2026;15;-0,521;-0,2322;-0,2322;100,2320;112,8609;-1514,1418;1560,5277;46,3858;147,2074;-19,9499;-173,6433;Nie
12.2.2026;16;-0,571;-0,1325;-0,1325;93,0260;112,8609;-1451,0526;1492,2468;41,1942;84,1330;-11,3840;-113,9432;Nie
12.2.2026;17;-2,527;-0,3043;-0,3043;78,7090;116,6929;-2661,2983;2479,0240;-182,2743;193,9031;-28,2771;16,6483;Nie
12.2.2026;18;-5,812;-1,0119;-1,0119;96,5670;116,6929;-2439,4651;1874,2047;-565,2604;653,4227;-94,0308;5,8685;Nie
12.2.2026;19;-9,271;-1,3136;-1,3136;102,3870;116,6929;-2839,6050;1870,3538;-969,2512;857,6752;-122,0663;233,6423;Nie
12.2.2026;20;-6,772;-1,0536;-1,0536;106,3810;120,7408;-2316,5330;1611,5275;-705,0055;698,8924;-97,9058;104,0189;Nie
12.2.2026;21;-4,344;-0,5702;-0,5702;111,6020;118,4182;-2433,7308;2036,5562;-397,1746;385,8920;-58,8036;70,0862;Nie
12.2.2026;22;-9,403;-0,4754;-0,4754;36,9800;118,4182;-3111,0830;2111,8702;-999,2128;328,9427;-49,0271;719,2971;Nie
12.2.2026;23;-7,810;-0,6045;-0,6045;65,3590;118,4182;-2486,3085;1683,6700;-802,6386;428,4121;-62,3409;436,5673;Nie
12.2.2026;24;-15,727;-1,8623;-1,8623;86,5850;119,4160;-2630,0180;879,6183;-1750,3997;1366,7474;-192,0553;575,7076;Nie
12.2.2026;25;-0,004;0,0391;0,0391;116,2910;138,6807;-3293,5279;3445,6607;152,1327;-29,4309;4,7784;-127,4802;Nie
12.2.2026;26;-5,269;-0,5655;-0,5655;65,2720;140,0211;-3790,6512;3210,6838;-579,9674;445,4867;-69,1098;203,5905;Nie
12.2.2026;27;-4,497;-0,4445;-0,4445;84,8810;143,1540;-3370,7041;2887,5593;-483,1448;359,8694;-54,3223;177,5977;Nie
12.2.2026;28;-5,574;-0,4950;-0,4950;104,8300;144,6280;-2582,3329;1938,0152;-644,3177;405,5915;-60,4940;299,2202;Nie
12.2.2026;29;-5,697;-0,3972;-0,3972;46,1720;154,5978;-3977,9560;3273,7630;-704,1930;330,6451;-51,9458;425,4937;Nie
12.2.2026;30;-5,519;-0,5488;-0,5488;99,8230;155,6699;-4283,8800;3604,3809;-679,4991;463,5127;-71,7721;287,7585;Nie
12.2.2026;31;-2,251;-0,1562;-0,1562;32,6740;154,7042;-3879,0531;3716,4590;-162,5941;131,0019;-20,4278;52,0201;Nie
12.2.2026;32;-0,997;-0,1408;-0,1408;97,3270;155,7745;-4177,8721;4206,5346;28,6625;118,7174;-18,4138;-128,9661;Nie
12.2.2026;33;0,794;0,1198;0,1198;87,0290;87,0290;-1366,9645;1537,3673;170,4028;-101,2522;16,3665;-85,5171;Nie
12.2.2026;34;3,143;0,3611;0,3611;83,3780;83,3780;-1322,0416;1684,9026;362,8611;-308,6582;49,3317;-103,5345;Nie
12.2.2026;35;2,381;0,2209;0,2209;78,5980;78,5980;-1123,0868;1397,3938;274,3070;-193,0645;30,1783;-111,4208;Nie
12.2.2026;36;0,968;0,0205;0,0205;71,2750;71,2750;-1130,5641;1269,6216;139,0575;-18,2487;2,8006;-123,6094;Nie
12.2.2026;37;-5,291;-0,5920;-0,5920;88,2810;153,4280;-4115,8595;3347,7990;-768,0606;531,2856;-82,8528;319,6277;Nie
12.2.2026;38;-2,148;-0,3966;-0,3966;114,2770;143,4510;-3921,6634;3763,1501;-158,5134;350,1109;-55,5058;-136,0918;Nie
12.2.2026;39;-0,214;-0,0339;-0,0339;104,8960;137,0910;-3224,9287;3341,8673;116,9386;29,5584;-4,7444;-141,7526;Nie
12.2.2026;40;5,137;0,3342;0,3342;75,6960;75,6960;-1740,7052;2209,1121;468,4068;-288,1772;46,7726;-227,0023;Nie
12.2.2026;41;-2,593;-0,4602;-0,4602;90,9620;144,0340;-3864,8643;3610,9324;-253,9319;388,6388;-64,5210;-70,1859;Nie
12.2.2026;42;1,682;0,2358;0,2358;96,1310;96,1310;-2574,3882;2803,6606;229,2724;-196,5361;33,0596;-65,7960;Nie
12.2.2026;43;7,048;1,0077;1,0077;113,1660;107,7297;-2274,0662;3104,0158;829,9496;-851,5436;141,2816;-119,6876;Nie
12.2.2026;44;16,172;1,9280;1,9280;100,4980;100,4980;-2022,9242;3715,2101;1692,2858;-1612,5247;270,3095;-350,0706;Nie
12.2.2026;45;8,303;1,2301;1,2301;108,3600;98,4335;-2098,8975;3015,2150;916,3175;-1061,5341;174,4060;-29,1894;Nie
12.2.2026;46;19,477;1,7137;1,7137;76,6110;76,6110;-1538,1190;3107,0357;1568,9167;-1465,9176;242,9718;-345,9709;Nie
12.2.2026;47;12,507;1,3968;1,3968;92,8770;92,8770;-1974,7508;3216,6091;1241,8584;-1191,9399;198,0411;-247,9596;Nie
12.2.2026;48;15,011;1,5246;1,5246;89,3920;89,3920;-2118,2328;3525,2629;1407,0301;-1292,5306;216,1608;-330,6603;Nie
12.2.2026;49;20,213;1,6987;1,6987;74,8630;74,8630;-1579,4596;3154,8017;1575,3421;-1439,9784;229,9666;-365,3303;Nie
12.2.2026;50;21,847;1,7199;1,7199;68,9900;68,9900;-1178,8321;2745,3881;1566,5559;-1453,1919;232,8366;-346,2007;Nie
12.2.2026;51;21,281;1,8279;1,8279;74,6710;74,6710;-1126,3374;2780,8227;1654,4853;-1539,5080;247,4574;-362,4348;Nie
12.2.2026;52;21,443;2,1335;2,1335;83,0900;83,0900;-1642,1908;3547,5276;1905,3368;-1782,0908;288,8290;-412,0750;Nie
12.2.2026;53;8,012;0,7469;0,7469;78,1620;78,1620;-2142,6549;2822,9770;680,3220;-623,4010;100,4058;-157,3268;Nie
12.2.2026;54;5,758;0,5577;0,5577;82,4150;82,4150;-2045,5403;2576,1281;530,5878;-464,7688;74,9716;-140,7906;Nie
12.2.2026;55;7,380;0,7536;0,7536;84,4330;84,4330;-2448,6414;3121,4036;672,7621;-620,2025;101,3064;-153,8661;Nie
12.2.2026;56;6,153;0,7488;0,7488;97,3370;97,3370;-2712,7822;3395,7959;683,0137;-612,1905;100,6612;-171,4844;Nie
12.2.2026;57;13,481;1,3045;1,3045;86,6720;86,6720;-2230,6773;3472,8604;1242,1831;-1061,5641;174,9713;-355,5903;Nie
12.2.2026;58;2,408;0,1896;0,1896;86,4960;86,4960;-2024,7849;2314,9789;290,1941;-155,6718;25,4309;-159,9531;Nie
12.2.2026;59;-1,207;-0,1598;-0,1598;99,1650;131,9560;-3177,2366;3149,9217;-27,3149;129,6005;-21,4338;-80,8518;Nie
12.2.2026;60;-5,840;-0,6921;-0,6921;105,7570;142,5380;-3857,5059;3170,7578;-686,7481;561,9233;-92,8307;217,6555;Nie
12.2.2026;61;-0,767;-0,1179;-0,1179;122,1100;126,5786;-3521,4167;3536,9858;15,5692;94,5325;-16,4271;-93,6745;Nie
12.2.2026;62;-2,424;-0,3122;-0,3122;116,8030;132,3300;-3732,8970;3535,4606;-197,4364;252,2713;-43,4991;-11,3358;Nie
12.2.2026;63;-1,400;-0,2771;-0,2771;96,8340;153,3840;-3426,4452;3353,2810;-73,1642;223,5002;-38,6086;-111,7274;Nie
12.2.2026;64;-4,398;-0,8136;-0,8136;114,9230;165,6270;-4956,5536;4396,4031;-560,1505;652,0058;-113,3597;21,5044;Nie
12.2.2026;65;-2,318;-0,3343;-0,3343;78,4910;141,7597;-3877,9784;3745,2913;-132,6871;277,2989;-51,2943;-93,3175;Nie
12.2.2026;66;-1,978;-0,2908;-0,2908;95,1880;150,2380;-3740,6257;3652,2858;-88,3399;243,8274;-44,6198;-110,8677;Nie
12.2.2026;67;-8,520;-1,1059;-1,1059;100,9860;161,4470;-4399,2693;3246,5377;-1152,7316;942,4856;-169,6871;379,9331;Nie
12.2.2026;68;-0,776;-0,2987;-0,2987;89,7470;173,3050;-4512,1690;4618,5783;106,4093;260,8935;-45,8319;-321,4708;Nie
12.2.2026;69;-21,847;-1,5295;-1,5295;65,9790;164,5959;-6052,0266;2681,4318;-3370,5948;1292,8339;-274,2959;2352,0569;Nie
12.2.2026;70;-19,719;-2,4417;-2,4417;112,1180;168,0250;-5782,2443;2706,2107;-3076,0337;2074,8114;-437,8872;1439,1094;Nie
12.2.2026;71;-19,200;-2,3891;-2,3891;112,9290;172,9970;-5503,0346;2419,1900;-3083,8445;2029,7541;-428,4540;1482,5444;Nie
12.2.2026;72;-10,809;-1,5082;-1,5082;115,9870;171,2040;-5009,0866;3404,3915;-1604,6951;1271,8994;-270,4761;603,2718;Nie
12.2.2026;73;2,547;0,3071;0,3071;106,7340;106,7340;-1644,9844;2064,4490;419,4646;-262,0623;57,9845;-215,3868;Nie
12.2.2026;74;5,841;0,6301;0,6301;90,7950;90,7950;-1481,8652;2138,2223;656,3571;-536,9302;118,9711;-238,3979;Nie
12.2.2026;75;2,308;0,2021;0,2021;101,6410;101,6410;-1660,8139;2038,6135;377,7996;-173,1142;38,1591;-242,8445;Nie
12.2.2026;76;-4,339;-0,3670;-0,3670;110,9940;150,3260;-3146,9245;2706,4693;-440,4552;312,1698;-69,2944;197,5798;Nie
12.2.2026;77;-20,227;-2,8475;-2,8475;116,2100;187,3973;-6875,7943;3302,6900;-3573,1043;2413,3168;-530,2728;1690,0604;Nie
12.2.2026;78;-27,593;-3,1917;-3,1917;99,6040;187,3973;-6754,7357;1815,5050;-4939,2306;2709,4893;-594,3711;2824,1125;Nie
12.2.2026;79;-26,155;-2,7213;-2,7213;88,5770;187,3973;-6847,8721;2181,3046;-4666,5676;2295,5971;-506,7714;2877,7418;Nie
12.2.2026;80;-11,766;-1,1967;-1,1967;85,8560;187,3973;-6433,7241;4479,7325;-1953,9916;994,5057;-222,8543;1182,3402;Nie
12.2.2026;81;3,740;0,6364;0,6364;125,0100;125,0100;-2604,5834;3245,5096;640,9263;-529,8557;111,9657;-223,0362;Nie
12.2.2026;82;-8,793;-1,4772;-1,4772;140,2700;148,8630;-3756,1112;2644,1046;-1112,0066;1235,2055;-259,8927;136,6938;Nie
12.2.2026;83;-0,800;-0,1974;-0,1974;105,9430;139,0510;-3204,5693;3266,7251;62,1558;160,7882;-34,7298;-188,2142;Nie
12.2.2026;84;-2,168;-0,5379;-0,5379;115,3880;137,1749;-3475,0517;3351,5943;-123,4574;434,4321;-94,6360;-216,3387;Nie
12.2.2026;85;-8,271;-1,0978;-1,0978;91,4080;131,7250;-2799,2880;1883,7992;-915,4888;863,7963;-170,2721;221,9645;Nie
12.2.2026;86;-8,433;-0,8732;-0,8732;72,4410;133,0340;-3397,4223;2446,0962;-951,3261;675,0299;-135,4359;411,7322;Nie
12.2.2026;87;2,201;0,1967;0,1967;69,5900;69,5900;-1021,7900;1265,7029;243,9130;-148,7108;30,5088;-125,7109;Nie
12.2.2026;88;19,882;1,2839;1,2839;49,7830;49,7830;-683,4708;1734,5891;1051,1183;-938,4761;199,1367;-311,7789;Nie
12.2.2026;89;13,588;1,4482;1,4482;74,1940;74,1940;-1221,5300;2321,1593;1099,6293;-1107,3594;192,3253;-184,5952;Nie
12.2.2026;90;5,126;0,5819;0,5819;87,0590;85,9664;-1169,9167;1712,4507;542,5340;-441,6881;77,2781;-178,1239;Nie
12.2.2026;91;6,763;0,8049;0,8049;89,4720;84,1661;-902,1764;1567,5936;665,4172;-602,3677;106,8931;-169,9426;Nie
12.2.2026;92;7,479;0,8253;0,8253;85,7450;81,3716;-1383,4799;2080,8346;697,3546;-607,5527;109,6023;-199,4042;Nie
12.2.2026;93;2,178;0,2006;0,2006;70,4080;70,4080;-1164,9708;1394,2896;229,3189;-150,0709;22,5252;-101,7731;Nie
12.2.2026;94;0,755;-0,0546;-0,0546;53,7470;53,7470;-1014,2059;1112,7241;98,5183;40,0280;-6,1310;-132,4153;Nie
12.2.2026;95;-2,031;-0,2339;-0,2339;82,4630;101,9590;-1981,1653;1878,4926;-102,6727;173,2015;-26,2644;-44,2644;Nie
12.2.2026;96;-2,009;-0,2179;-0,2179;68,6710;97,1190;-2360,4773;2259,5707;-100,9066;160,0042;-24,4678;-34,6298;Nie
13.2.2026;1;-3,464;-0,2751;-0,2751;69,7540;100,5620;-1907,4600;1653,5410;-253,9191;198,5922;-28,1546;83,4814;Nie
13.2.2026;2;-0,301;0,0525;0,0525;88,3710;98,6370;-2082,0298;2144,6643;62,6345;-37,2103;5,3730;-30,7972;Nie
13.2.2026;3;-6,708;-0,7147;-0,7147;77,1220;99,2970;-2212,6351;1631,4497;-581,1853;505,4603;-73,1445;148,8696;Nie
13.2.2026;4;-10,456;-1,3319;-1,3319;84,4510;97,4270;-2622,7348;1682,8566;-939,8783;935,2255;-136,3106;140,9634;Nie
13.2.2026;5;-9,393;-0,8543;-0,8543;73,6110;99,0880;-2668,2417;1814,4995;-853,7422;593,7194;-77,9865;338,0093;Nie
13.2.2026;6;-5,150;-0,3938;-0,3938;63,3440;99,4290;-2545,1835;2111,5737;-433,6099;269,5579;-35,9488;200,0008;Nie
13.2.2026;7;-9,295;-0,9689;-0,9689;71,7340;99,0000;-2584,5930;1746,6570;-837,9360;661,3651;-88,4480;265,0189;Nie
13.2.2026;8;-6,720;-0,6379;-0,6379;55,5450;99,0990;-2937,5917;2354,4931;-583,0985;431,2758;-58,2320;210,0547;Nie
13.2.2026;9;4,535;0,5279;0,5279;72,0000;72,0000;-887,3280;1293,1200;405,7920;-364,3588;46,3253;-87,7585;Nie
13.2.2026;10;7,069;0,7712;0,7712;77,7190;77,7190;-1068,9471;1698,8596;629,9125;-526,5283;67,6759;-171,0601;Nie
13.2.2026;11;4,244;0,1345;0,1345;20,8990;20,8990;-299,7962;410,5609;110,7647;-91,7724;11,8029;-30,7952;Nie
13.2.2026;12;1,425;0,1176;0,1176;59,9770;59,9770;-984,7024;1131,0463;146,3439;-80,3834;10,3199;-76,2804;Nie
13.2.2026;13;4,643;0,5939;0,5939;82,8440;82,8440;-1453,7465;1923,8034;470,0569;-402,6144;51,4929;-118,9354;Nie
13.2.2026;14;9,912;1,1440;1,1440;82,0280;82,0280;-1274,7971;2172,6756;897,8785;-776,6325;99,1882;-220,4342;Nie
13.2.2026;15;11,942;1,2100;1,2100;71,7270;71,7270;-1006,5450;1935,0510;928,5060;-821,7911;104,9106;-211,6255;Nie
13.2.2026;16;2,856;0,1880;0,1880;62,1820;62,1820;-1235,4942;1473,0916;237,5974;-129,4279;16,3002;-124,4697;Nie
13.2.2026;17;3,751;0,3664;0,3664;69,3840;69,3840;-1494,5314;1822,9952;328,4639;-252,7446;33,9547;-109,6739;Nie
13.2.2026;18;10,045;1,0784;1,0784;77,0400;77,0400;-1464,2993;2314,6668;850,3675;-749,8241;99,9364;-200,4798;Nie
13.2.2026;19;7,078;0,7588;0,7588;77,3890;77,3890;-1571,0741;2193,3590;622,2849;-535,5769;70,3188;-157,0268;Nie
13.2.2026;20;4,772;0,5238;0,5238;66,5210;66,5210;-1346,6511;1730,0116;383,3605;-370,8325;48,5411;-61,0691;Nie
13.2.2026;21;5,271;1,0208;1,0208;103,2110;88,5177;-2401,4852;2963,2185;561,7333;-673,3016;108,4120;3,1563;Nie
13.2.2026;22;16,152;1,7967;1,7967;72,4810;72,4810;-857,9576;2104,4858;1246,5282;-1193,4596;190,8149;-243,8836;Nie
13.2.2026;23;17,773;2,7865;2,7865;96,9820;88,5177;-1140,3735;2807,3389;1666,9653;-1893,0220;295,9347;-69,8780;Nie
13.2.2026;24;4,253;0,4260;0,4260;75,1410;75,1410;-1344,5731;1748,0051;403,4320;-301,4711;45,2425;-147,2034;Nie
13.2.2026;25;3,719;0,2940;0,2940;50,8060;50,8060;-1294,5877;1542,0129;247,4252;-221,0049;36,4919;-62,9122;Nie
13.2.2026;26;12,227;1,1536;1,1536;80,8490;80,8490;-1041,5777;2126,5712;1084,9936;-897,2056;143,1871;-330,9751;Nie
13.2.2026;27;14,831;1,5249;1,5249;77,1790;77,1790;-1108,1361;2347,4765;1239,3404;-1217,6485;189,2736;-210,9655;Nie
13.2.2026;28;5,102;0,7082;0,7082;98,2130;95,9071;-1533,0750;2139,9751;606,9001;-577,7430;87,9032;-117,0603;Nie
13.2.2026;29;-0,986;-0,0079;-0,0079;112,4090;135,6750;-3539,8964;3578,1568;38,2604;6,5570;-1,0466;-43,7708;Nie
13.2.2026;30;-6,833;-0,8925;-0,8925;124,4480;134,4200;-4699,7265;3937,1618;-762,5647;746,1256;-118,2393;134,6784;Nie
13.2.2026;31;-0,256;-0,0959;-0,0959;132,1050;137,3900;-3871,2380;3986,6456;115,4076;80,0049;-12,7049;-182,7076;Nie
13.2.2026;32;3,370;0,4428;0,4428;112,8070;112,8070;-3218,0453;3706,0484;488,0031;-368,1854;58,6626;-178,4803;Nie
13.2.2026;33;2,472;0,2909;0,2909;103,0540;103,0540;-3430,8738;3767,7573;336,8835;-243,6051;40,1954;-133,4738;Nie
13.2.2026;34;2,510;0,2608;0,2608;77,7290;77,7290;-2934,0366;3176,3179;242,2813;-220,2629;36,0363;-58,0547;Nie
13.2.2026;35;3,346;0,5232;0,5232;124,3180;121,9317;-4548,4182;5023,4641;475,0459;-448,5075;72,2937;-98,8321;Nie
13.2.2026;36;8,278;0,8781;0,8781;95,8310;95,8310;-4202,0935;4998,0658;795,9723;-750,8448;121,3323;-166,4598;Nie
13.2.2026;37;18,645;2,1600;2,1600;101,4040;101,4040;-2956,0280;4827,1346;1871,1066;-1858,2699;306,2210;-319,0577;Nie
13.2.2026;38;17,158;1,6468;1,6468;80,3850;80,3850;-2614,5221;3995,9384;1381,4162;-1403,6302;233,4652;-211,2512;Nie
13.2.2026;39;18,154;1,8865;1,8865;91,3340;91,3340;-3079,5998;4746,7193;1667,1195;-1591,2334;267,4472;-343,3333;Nie
13.2.2026;40;12,755;1,1425;1,1425;78,6770;78,6770;-2664,7900;3672,0129;1007,2230;-952,4388;161,9711;-216,7552;Nie
13.2.2026;41;12,270;1,3824;1,3824;88,4490;88,4490;-2858,1410;3952,4320;1094,2910;-1120,1261;198,9398;-173,1047;Nie
13.2.2026;42;15,242;1,5661;1,5661;88,9350;88,9350;-2827,2437;4185,1922;1357,9485;-1258,5584;225,3759;-324,7660;Nie
13.2.2026;43;16,569;1,5340;1,5340;75,9960;75,9960;-2559,0893;3815,0752;1255,9859;-1243,4724;220,7564;-233,2699;Nie
13.2.2026;44;21,985;3,4645;3,4645;128,9460;85,4421;-2822,0671;4693,9326;1871,8655;-2770,1232;498,5727;399,6849;Nie
13.2.2026;45;23,797;1,7826;1,7826;62,5470;62,5470;-2392,9231;3830,0655;1437,1424;-1478,4835;261,1242;-219,7831;Nie
13.2.2026;46;16,886;1,4356;1,4356;76,3470;76,3470;-3080,8305;4316,1250;1235,2945;-1196,4276;210,2939;-249,1607;Nie
13.2.2026;47;8,905;0,7383;0,7383;67,0940;67,0940;-2486,4365;3034,5274;548,0909;-614,0203;108,1499;-42,2205;Nie
13.2.2026;48;4,718;0,4924;0,4924;93,4970;91,6831;-4878,3661;5295,2491;416,8831;-408,1795;72,1292;-80,8328;Nie
13.2.2026;49;-0,450;-0,0115;-0,0115;72,5800;109,8020;-4165,0095;4130,8610;-34,1484;9,5096;-1,6406;26,2794;Nie
13.2.2026;50;5,409;0,7315;0,7315;98,7820;69,8264;-2585,3225;2985,7769;400,4544;-606,1519;104,3573;101,3402;Nie
13.2.2026;51;0,775;0,0433;0,0433;82,4360;76,6365;-2634,6862;2680,8214;46,1352;-35,7883;6,1773;-16,5241;Nie
13.2.2026;52;-9,755;-0,4151;-0,4151;41,5290;107,9100;-5791,2060;4684,0494;-1107,1566;343,5522;-59,2190;822,8234;Nie
13.2.2026;53;21,763;2,0906;2,0906;78,6310;69,5751;-2364,9272;3883,6821;1518,7549;-1728,9863;304,9036;-94,6721;Nie
13.2.2026;54;14,833;1,8280;1,8280;95,5430;68,5734;-1982,5256;3009,4808;1026,9552;-1502,4889;266,6047;208,9290;Nie
13.2.2026;55;-1,159;-0,1540;-0,1540;117,7320;117,7320;-4530,7983;4397,4079;-133,3904;124,7963;-22,4601;31,0542;Nie
13.2.2026;56;-0,882;-0,2360;-0,2360;95,9070;110,8360;-4090,7351;4041,8564;-48,8787;190,5275;-34,4194;-107,2294;Nie
13.2.2026;57;6,506;0,7700;0,7700;94,7200;94,7200;-3452,0704;4081,2006;629,1302;-612,8397;112,7757;-129,0663;Nie
13.2.2026;58;11,604;1,4910;1,4910;89,9020;76,9364;-2274,9324;3180,3969;905,4645;-1186,7049;218,3748;62,8656;Nie
13.2.2026;59;12,667;2,2231;2,2231;127,9060;81,2284;-2669,9775;3740,5678;1070,5903;-1752,6715;325,5997;356,4815;Nie
13.2.2026;60;23,757;3,2488;3,2488;107,9620;85,7497;-2379,8114;4473,9906;2094,1792;-2534,7044;475,8257;-35,3005;Nie
13.2.2026;61;19,653;2,3060;2,3060;96,3780;96,3780;-3110,2144;5084,1323;1973,9178;-1788,5389;348,8148;-534,1937;Nie
13.2.2026;62;18,122;2,2192;2,2192;90,5870;90,5870;-3448,8283;5176,5035;1727,6753;-1716,5210;335,6851;-346,8393;Nie
13.2.2026;63;16,030;1,6548;1,6548;74,3320;74,3320;-2592,9975;3857,6078;1264,6103;-1293,1632;250,3117;-221,7588;Nie
13.2.2026;64;24,504;3,0484;3,0484;100,5340;100,5340;-3654,0088;6220,6418;2566,6330;-2377,3300;461,1132;-650,4162;Nie
13.2.2026;65;20,351;2,3345;2,3345;91,1190;91,1190;-3157,0000;5128,9974;1971,9974;-1876,1700;391,1735;-487,0009;Nie
13.2.2026;66;11,806;1,4475;1,4475;99,9250;99,9250;-4834,6713;6141,8901;1307,2189;-1168,6786;242,5460;-381,0862;Nie
13.2.2026;67;8,651;0,9051;0,9051;88,1010;88,1010;-4016,7889;4893,1295;876,3406;-739,4658;151,6604;-288,5352;Nie
13.2.2026;68;10,857;1,0052;1,0052;77,3800;77,3800;-3164,9194;4106,0923;941,1729;-826,0128;168,4333;-283,5935;Nie
13.2.2026;69;22,640;1,7082;1,7082;63,9160;63,9160;-2027,9908;3556,1584;1528,1676;-1410,4299;318,9534;-436,6911;Nie
13.2.2026;70;11,159;0,7718;0,7718;63,5280;63,5280;-2374,3590;3165,2826;790,9236;-644,1444;144,1097;-290,8889;Nie
13.2.2026;71;3,165;0,4891;0,4891;102,1480;102,1480;-3990,6159;4445,2767;454,6607;-411,6927;91,3243;-134,2923;Nie
13.2.2026;72;13,751;1,3723;1,3723;84,9500;84,9500;-3124,8008;4404,5726;1279,7718;-1140,5323;256,2345;-395,4739;Nie
13.2.2026;73;6,337;0,6000;0,6000;82,3120;82,3120;-2524,5090;3152,3027;627,7936;-500,8667;113,6916;-240,6185;Nie
13.2.2026;74;1,313;0,1857;0,1857;90,6620;90,6620;-2761,6552;2994,9285;233,2733;-154,3304;35,1876;-114,1305;Nie
13.2.2026;75;-0,766;-0,1171;-0,1171;94,2520;145,2127;-5687,9815;5761,6043;73,6228;97,2737;-22,1888;-148,7077;Nie
13.2.2026;76;-3,914;-0,4111;-0,4111;96,5160;140,8325;-5224,1816;4857,8763;-366,3053;339,7666;-77,8977;104,4364;Nie
13.2.2026;77;4,160;0,4396;0,4396;89,8200;89,8200;-2001,7285;2489,4511;487,7226;-361,6687;81,3585;-207,4124;Nie
13.2.2026;78;9,817;1,0216;1,0216;84,1860;84,1860;-2077,7105;3015,7109;938,0004;-836,2234;189,0716;-290,8486;Nie
13.2.2026;79;8,986;1,0496;1,0496;94,8310;94,8310;-2204,9156;3181,3904;976,4748;-853,8812;194,2537;-316,8473;Nie
13.2.2026;80;8,931;0,9938;0,9938;94,7980;94,7980;-2672,6400;3647,5426;974,9026;-801,6539;183,9265;-357,1753;Nie
13.2.2026;81;2,614;0,3876;0,3876;90,5310;90,5310;-1941,3468;2298,7632;357,4164;-312,4461;68,2517;-113,2220;Nie
13.2.2026;82;7,474;0,8300;0,8300;90,2600;90,2600;-1626,0339;2424,1128;798,0789;-664,5093;146,1530;-279,7227;Nie
13.2.2026;83;2,063;0,2497;0,2497;93,2740;93,2740;-1966,0294;2283,0677;317,0383;-196,9407;43,9692;-164,0668;Nie
13.2.2026;84;4,836;0,3643;0,3643;78,3680;78,3680;-1992,5848;2475,5668;482,9820;-282,0586;64,1489;-265,0722;Nie
13.2.2026;85;-0,321;-0,0418;-0,0418;106,1680;146,6300;-3775,2826;3917,9536;142,6710;31,7814;-6,6211;-167,8313;Nie
13.2.2026;86;-0,988;-0,1311;-0,1311;122,8440;142,6920;-3923,4592;3951,2842;27,8249;97,8897;-20,7661;-104,9485;Nie
13.2.2026;87;0,088;-0,0618;-0,0618;85,4800;85,4800;-2479,7748;2583,6330;103,8582;46,0288;-9,7891;-140,0979;Nie
13.2.2026;88;6,463;0,5571;0,5571;65,1540;65,1540;-1491,7660;1989,0213;497,2553;-398,8268;88,2441;-186,6726;Nie
13.2.2026;89;-1,508;-0,1205;-0,1205;81,3360;139,5570;-3339,1803;3284,7531;-54,4272;85,1611;-16,7153;-14,0186;Nie
13.2.2026;90;-4,289;-0,6162;-0,6162;85,4550;129,3380;-3366,0215;2952,1399;-413,8816;428,4310;-85,4768;70,9274;Nie
13.2.2026;91;-1,657;-0,2392;-0,2392;72,0500;121,9130;-3146,2088;3062,2107;-83,9981;165,5305;-33,1809;-48,3516;Nie
13.2.2026;92;3,015;0,1915;0,1915;60,3490;60,3490;-1452,1176;1703,5316;251,4139;-129,1563;26,5641;-148,8217;Nie
13.2.2026;93;-3,476;-0,3349;-0,3349;92,7740;121,7150;-2699,3953;2410,9307;-288,4646;222,6101;-39,3461;105,2005;Nie
13.2.2026;94;-0,591;-0,3654;-0,3654;113,9730;118,5910;-2589,4345;2637,8196;48,3851;238,2262;-42,9294;-243,6819;Nie
13.2.2026;95;-3,544;-0,8149;-0,8149;125,9680;125,9680;-3204,8779;2881,5180;-323,3599;538,5101;-95,7393;-119,4109;Nie
13.2.2026;96;0,765;0,0684;0,0684;78,4480;78,4480;-1543,5428;1687,7303;144,1874;-44,4290;8,0360;-107,7945;Nie
14.2.2026;1;-3,312;-0,2584;-0,2584;87,3440;118,7780;-2620,1239;2331,0183;-289,1057;162,9167;-27,0899;153,2788;Nie
14.2.2026;2;2,994;0,1492;0,1492;81,9700;81,9700;-1510,1333;1829,6524;319,5191;-92,3031;15,6417;-242,8576;Nie
14.2.2026;3;4,029;0,6418;0,6418;99,3310;93,3416;-1371,3748;1836,4960;465,1212;-392,7149;67,2844;-139,6907;Nie
14.2.2026;4;2,092;0,0553;0,0553;84,3270;84,3270;-1412,2243;1667,2291;255,0048;-33,5372;5,7975;-227,2651;Nie
14.2.2026;5;1,774;0,3670;0,3670;92,2840;92,2840;-1596,1441;1842,8192;246,6751;-216,8510;34,1207;-63,9449;Nie
14.2.2026;6;5,225;0,8587;0,8587;92,8100;92,7427;-1328,5392;1897,0519;568,5128;-502,4900;79,8351;-145,8578;Nie
14.2.2026;7;2,644;0,3311;0,3311;85,4050;85,4050;-1308,9170;1617,2291;308,3121;-193,6161;30,7830;-145,4790;Nie
14.2.2026;8;4,797;0,7322;0,7322;86,8820;86,8820;-1396,8888;1892,6375;495,7487;-422,5669;68,0741;-141,2559;Nie
14.2.2026;9;1,016;-0,0826;-0,0826;56,7980;56,7980;-772,7936;897,2380;124,4444;49,0835;-7,3822;-166,1457;Nie
14.2.2026;10;-0,216;-0,1843;-0,1843;75,2980;104,2360;-1773,9925;1865,8244;91,8319;108,3769;-16,4714;-183,7374;Nie
14.2.2026;11;-2,355;-0,3777;-0,3777;87,9160;102,5530;-1897,3331;1763,6039;-133,7291;221,1209;-33,7562;-53,6356;Nie
14.2.2026;12;1,373;0,0854;0,0854;95,6360;89,7939;-1476,2117;1691,0885;214,8768;-49,4371;7,6325;-173,0722;Nie
14.2.2026;13;0,618;0,0973;0,0973;99,7940;92,1815;-1417,9358;1563,0295;145,0937;-56,4468;8,5785;-97,2253;Nie
14.2.2026;14;1,074;0,0694;0,0694;92,4970;92,1815;-1453,6101;1640,1854;186,5754;-40,2985;6,1187;-152,3955;Nie
14.2.2026;15;-1,282;-0,1262;-0,1262;76,7960;103,2130;-1794,5644;1756,7885;-37,7760;73,0972;-11,1264;-24,1948;Nie
14.2.2026;16;-0,034;0,0032;0,0032;71,9600;102,1570;-1657,1909;1749,7451;92,5542;-1,8541;0,2821;-90,9823;Nie
14.2.2026;17;9,408;1,4005;1,4005;87,1450;87,1450;-907,5280;1815,4918;907,9638;-817,3795;128,6331;-219,2174;Nie
14.2.2026;18;4,174;0,5358;0,5358;83,1500;83,1500;-1058,0006;1489,6323;431,6317;-315,0505;49,2122;-165,7933;Nie
14.2.2026;19;10,193;1,8309;1,8309;92,0910;91,3795;-782,6654;1809,1313;1026,4659;-1064,8497;168,1645;-129,7807;Nie
14.2.2026;20;7,964;1,5952;1,5952;111,5220;91,3795;-780,7464;1606,4516;825,7052;-944,2749;146,5159;-27,9462;Nie
14.2.2026;21;3,392;0,5627;0,5627;101,8220;89,1997;-1103,1327;1501,4094;398,2767;-336,8646;54,7350;-116,1470;Nie
14.2.2026;22;2,899;0,3248;0,3248;81,2870;81,2870;-945,7742;1267,9959;322,2217;-195,4509;31,5939;-158,3647;Nie
14.2.2026;23;1,630;0,1904;0,1904;80,8920;80,8920;-935,9204;1154,3288;218,4084;-114,5735;18,5206;-122,3555;Nie
14.2.2026;24;0,715;0,1094;0,1094;90,2820;88,5917;-1104,5613;1266,3298;161,7684;-66,1934;10,6416;-106,2166;Nie
14.2.2026;25;6,427;1,0032;1,0032;90,6590;88,9918;-1331,1393;2002,4935;671,3541;-620,2172;112,4958;-163,6328;Nie
14.2.2026;26;6,425;0,8430;0,8430;81,3170;81,3170;-991,6608;1605,1163;613,4554;-525,7985;94,5315;-182,1884;Nie
14.2.2026;27;2,147;0,2591;0,2591;79,8090;79,8090;-1383,6486;1645,1827;261,5341;-164,1558;29,0547;-126,4330;Nie
14.2.2026;28;2,316;0,4090;0,4090;92,4090;90,7071;-1487,3243;1797,1798;309,8555;-262,3619;45,8640;-93,3576;Nie
14.2.2026;29;-2,131;-0,2960;-0,2960;75,2040;106,3590;-2072,4051;1963,2808;-109,1243;193,6289;-41,8310;-42,6736;Nie
14.2.2026;30;-3,242;-0,3952;-0,3952;66,9960;106,2710;-1939,5520;1714,1512;-225,4008;261,5334;-55,8501;19,7175;Nie
14.2.2026;31;-2,689;-0,3991;-0,3991;84,1000;110,4840;-2678,1322;2498,4852;-179,6470;266,6837;-56,4012;-30,6355;Nie
14.2.2026;32;-3,040;-0,3109;-0,3109;99,1820;114,0480;-2523,1980;2297,6110;-225,5869;210,2257;-43,9367;59,2979;Nie
14.2.2026;33;-1,303;-0,1424;-0,1424;116,6920;116,6920;-2974,9458;2942,6222;-32,3237;98,3594;-24,4494;-41,5863;Nie
14.2.2026;34;1,860;0,0141;0,0141;63,0410;63,0410;-1621,0993;1805,5573;184,4580;-9,7977;2,4209;-177,0812;Nie
14.2.2026;35;1,518;0,2595;0,2595;93,0830;93,0830;-2339,7343;2576,7236;236,9893;-187,6551;44,5549;-93,8891;Nie
14.2.2026;36;1,925;0,2892;0,2892;116,9400;96,2936;-2966,2281;3227,8578;261,6297;-209,4265;49,6542;-101,8574;Nie
14.2.2026;37;0,231;0,0946;0,0946;109,3780;100,7909;-2485,5036;2543,9623;58,4587;-70,0632;18,4987;-6,8942;Nie
14.2.2026;38;2,969;0,5255;0,5255;119,7060;100,8584;-2640,4729;3020,6082;380,1353;-389,8197;102,7594;-93,0750;Nie
14.2.2026;39;2,017;0,3780;0,3780;125,4880;100,8310;-2693,8010;2960,8015;267,0005;-282,1882;73,9164;-58,7287;Nie
14.2.2026;40;-1,466;-0,2089;-0,2089;125,8060;127,8420;-3289,8860;3110,9072;-178,9788;157,7031;-40,8496;62,1253;Nie
14.2.2026;41;3,868;0,5874;0,5874;111,1310;102,3358;-1900,3758;2339,9081;439,5323;-432,7124;121,9243;-128,7441;Nie
14.2.2026;42;0,591;-0,1036;-0,1036;67,6920;67,6920;-1419,5012;1498,2270;78,7258;76,6171;-21,5038;-133,8391;Nie
14.2.2026;43;-0,372;-0,0524;-0,0524;102,7920;126,1590;-3127,8601;3128,4909;0,6308;39,5708;-10,8765;-29,3251;Nie
14.2.2026;44;8,668;0,9673;0,9673;85,8510;85,8510;-2230,5807;2981,8628;751,2821;-732,3237;200,7786;-219,7370;Nie
14.2.2026;45;12,272;1,3833;1,3833;91,8920;91,8920;-2146,7809;3271,5390;1124,7581;-1086,4743;301,6562;-339,9400;Nie
14.2.2026;46;13,995;1,0605;1,0605;53,2940;53,2940;-1384,3649;2123,2330;738,8680;-825,9577;231,2632;-144,1736;Nie
14.2.2026;47;11,089;1,4447;1,4447;92,8570;92,8570;-2527,2890;3547,8803;1020,5913;-1117,4402;315,0457;-218,1968;Nie
14.2.2026;48;13,485;1,0584;1,0584;57,6270;57,6270;-1358,5565;2120,9041;762,3476;-816,3093;230,8053;-176,8436;Nie
14.2.2026;49;13,542;1,3306;1,3306;77,1440;77,1440;-1728,7970;2770,0868;1041,2897;-1019,4108;277,0256;-298,9045;Nie
14.2.2026;50;14,229;1,8720;1,8720;103,4490;99,4901;-2273,1498;3682,4271;1409,2773;-1418,8849;389,7429;-380,1353;Nie
14.2.2026;51;14,531;1,8655;1,8655;97,6280;97,6280;-2152,3069;3575,6255;1423,3186;-1394,8934;388,3896;-416,8149;Nie
14.2.2026;52;18,495;2,1259;2,1259;82,1140;82,1140;-1860,6211;3381,3724;1520,7513;-1577,1792;442,6039;-386,1760;Nie
14.2.2026;53;3,726;0,6244;0,6244;101,5290;96,2396;-3055,9923;3418,1419;362,1496;-467,8954;121,8061;-16,0603;Nie
14.2.2026;54;0,652;0,0912;0,0912;81,9820;81,9820;-2933,9718;2980,2916;46,3198;-67,3279;17,7910;3,2170;Nie
14.2.2026;55;2,174;0,6750;0,6750;130,7080;98,8794;-3899,9024;4114,5696;214,6672;-487,6419;131,6770;141,2977;Nie
14.2.2026;56;0,756;0,0792;0,0792;107,7000;99,1396;-3912,6435;4011,2874;98,6439;-57,3217;15,4501;-56,7723;Nie
14.2.2026;57;-4,582;-0,6395;-0,6395;113,5550;114,8465;-4760,9617;4303,7577;-457,2039;459,9291;-114,5549;111,8297;Nie
14.2.2026;58;-2,757;-0,2057;-0,2057;139,0280;139,0280;-5140,4213;4860,0018;-280,4195;145,4465;-36,8475;171,8204;Nie
14.2.2026;59;-3,266;-0,4851;-0,4851;138,7140;138,7140;-5280,7033;4929,2020;-351,5013;339,9920;-86,8969;98,4062;Nie
14.2.2026;60;-1,762;-0,3833;-0,3833;149,4520;149,4520;-5391,6304;5244,7190;-146,9113;266,3559;-68,6613;-50,7833;Nie
14.2.2026;61;-3,947;-0,8202;-0,8202;149,7310;149,7310;-5401,9950;4918,9628;-483,0322;562,6740;-139,7473;60,1055;Nie
14.2.2026;62;-8,433;-1,7446;-1,7446;151,0240;151,0240;-5968,9216;4832,9190;-1136,0025;1205,9164;-297,2484;227,3346;Nie
14.2.2026;63;-4,155;-0,7248;-0,7248;149,8340;149,8340;-5940,9181;5446,9154;-494,0027;502,9603;-123,4929;114,5353;Nie
14.2.2026;64;-4,986;-1,1622;-1,1622;136,9310;136,9310;-4983,6037;4433,1411;-550,4626;809,4196;-198,0180;-60,9390;Nie
14.2.2026;65;-0,679;0,0213;0,0213;141,6030;141,6030;-3072,2187;3142,5954;70,3767;-15,4934;3,7417;-58,6250;Nie
14.2.2026;66;-1,432;-0,2663;-0,2663;140,0180;154,8910;-3860,8131;3843,4653;-17,3478;194,1182;-46,7796;-129,9908;Nie
14.2.2026;67;4,596;0,7030;0,7030;103,3720;103,3720;-1479,3567;2092,1459;612,7892;-508,8335;123,4925;-227,4482;Nie
14.2.2026;68;6,452;0,9437;0,9437;108,5740;108,5740;-2045,0999;2893,4971;848,3972;-684,6449;165,7751;-329,5274;Nie
14.2.2026;69;4,185;0,4538;0,4538;91,6630;91,6630;-2593,2379;3099,0344;505,7964;-334,9220;86,7697;-257,6442;Nie
14.2.2026;70;0,358;0,0906;0,0906;105,6990;105,6990;-2208,0521;2388,9031;180,8510;-92,0411;17,3234;-106,1332;Nie
14.2.2026;71;4,933;0,5185;0,5185;99,5000;99,5000;-1876,2715;2496,6540;620,3825;-385,4048;99,1408;-334,1185;Nie
14.2.2026;72;1,516;0,1324;0,1324;79,0080;79,0080;-1617,2938;1843,4147;226,1209;-97,7751;25,3158;-153,6616;Nie
14.2.2026;73;-1,460;-0,3586;-0,3586;123,0370;162,9870;-3926,5198;3904,8425;-21,6773;265,1723;-69,7395;-173,7556;Nie
14.2.2026;74;1,625;0,2114;0,2114;100,1080;100,1080;-2719,2336;3014,6523;295,4187;-156,0621;41,1124;-180,4690;Nie
14.2.2026;75;3,021;0,3845;0,3845;100,7410;100,7410;-2155,7567;2592,3682;436,6115;-281,7812;74,7764;-229,6067;Nie
14.2.2026;76;-1,723;-0,3783;-0,3783;106,7560;146,2890;-3306,8628;3245,4215;-61,4414;277,0457;-73,5706;-142,0337;Nie
14.2.2026;77;5,566;0,6696;0,6696;79,8740;79,8740;-1538,4531;2083,1938;544,7407;-483,6724;126,1192;-187,1874;Nie
14.2.2026;78;2,308;0,2953;0,2953;77,8220;77,8220;-1959,5580;2243,6861;284,1281;-213,3321;55,6198;-126,4158;Nie
14.2.2026;79;0,987;0,1769;0,1769;114,5810;114,5810;-2674,5497;2943,7005;269,1508;-127,4037;33,3191;-175,0662;Nie
14.2.2026;80;4,648;0,7103;0,7103;102,3160;102,3160;-2858,0951;3472,9120;614,8168;-506,0482;133,7850;-242,5536;Nie
14.2.2026;81;2,578;0,3495;0,3495;119,4840;119,4840;-2387,4098;2859,7301;472,3203;-253,2318;62,5056;-281,5941;Nie
14.2.2026;82;1,797;0,1461;0,1461;92,7110;92,7110;-2155,4380;2444,9745;289,5365;-104,7727;26,1290;-210,8927;Nie
14.2.2026;83;-1,387;-0,2192;-0,2192;144,3080;144,3080;-3148,5119;3134,8027;-13,7093;154,6903;-39,2024;-101,7787;Nie
14.2.2026;84;-1,942;-0,3035;-0,3035;122,3880;134,0130;-3792,2999;3693,1303;-99,1696;210,2480;-54,2789;-56,7995;Nie
14.2.2026;85;-2,660;-0,2071;-0,2071;142,8020;144,6390;-3132,0129;2914,0419;-217,9710;142,8232;-33,2801;108,4279;Nie
14.2.2026;86;-3,986;-0,7852;-0,7852;140,3020;140,3020;-3068,6853;2675,8397;-392,8456;534,9704;-126,1785;-15,9463;Nie
14.2.2026;87;-1,939;-0,6552;-0,6552;138,4220;138,4220;-2745,8772;2634,4475;-111,4297;446,1081;-105,2880;-229,3904;Nie
14.2.2026;88;3,707;0,3020;0,3020;82,2820;82,2820;-1555,9526;1959,5458;403,5932;-198,1244;48,5302;-253,9990;Nie
14.2.2026;89;1,864;0,6024;0,6024;122,6040;110,0601;-1932,9855;2269,7694;336,7839;-402,7589;84,7890;-18,8140;Nie
14.2.2026;90;0,963;0,4062;0,4062;104,3160;104,3160;-1649,4446;1871,8463;222,4017;-265,3776;57,1735;-14,1976;Nie
14.2.2026;91;-0,567;-0,0746;-0,0746;115,2000;121,1320;-1272,9762;1343,1116;70,1354;47,8454;-10,5001;-107,4807;Nie
14.2.2026;92;-0,930;-0,2862;-0,2862;111,0720;119,8010;-2129,4628;2147,4329;17,9702;180,7214;-40,2832;-158,4083;Nie
14.2.2026;93;-0,195;0,0272;0,0272;102,2420;118,0850;-1462,9551;1564,6263;101,6712;-16,9994;3,2810;-87,9528;Nie
14.2.2026;94;2,978;0,6313;0,6313;116,1790;100,2960;-947,2957;1347,9782;400,6825;-388,8044;76,1512;-88,0293;Nie
14.2.2026;95;2,379;0,2709;0,2709;90,6780;90,6780;-968,3504;1274,0259;305,6755;-167,5882;32,6776;-170,7649;Nie
14.2.2026;96;1,738;-0,0935;-0,0935;97,7900;97,7900;-1254,0590;1518,7765;264,7175;57,4144;-11,2785;-310,8534;Nie
15.2.2026;1;-1,940;-0,1256;-0,1256;61,8130;122,0340;-1983,6627;1856,7473;-126,9154;73,8660;-13,2891;66,3385;Nie
15.2.2026;2;-2,225;-0,5011;-0,5011;105,6180;116,6220;-2199,2577;2049,3984;-149,8593;290,4819;-53,0189;-87,6037;Nie
15.2.2026;3;-1,341;-0,1204;-0,1204;97,8980;119,1300;-133497,1971;133448,8304;-48,3668;201,9148;-12,7389;-140,8091;Nie
15.2.2026;4;1,677;0,0653;0,0653;75,6310;75,6310;-1123,3472;1319,5341;196,1868;-36,7169;6,9091;-166,3790;Nie
15.2.2026;5;-1,286;-0,2684;-0,2684;99,3890;120,6590;-1869,8525;1824,6054;-45,2471;149,5095;-25,2065;-79,0559;Nie
15.2.2026;6;1,054;0,3499;0,3499;121,7810;98,6957;-1442,0429;1631,0451;189,0023;-192,7540;32,8605;-29,1088;Nie
15.2.2026;7;0,361;-0,0498;-0,0498;119,5510;98,6957;-1546,8577;1664,2069;117,3492;27,3547;-4,6769;-140,0270;Nie
15.2.2026;8;3,781;0,4759;0,4759;91,4140;91,4140;-1467,0119;1890,8986;423,8867;-256,7278;44,6937;-211,8526;Nie
15.2.2026;9;0,266;0,0314;0,0314;75,9610;75,9610;-1088,9769;1191,8281;102,8512;-17,4615;2,8362;-88,2259;Nie
15.2.2026;10;1,275;0,4519;0,4519;112,0400;97,9667;-1488,4081;1715,5929;227,1848;-251,0757;40,8183;-16,9274;Nie
15.2.2026;11;3,209;0,2239;0,2239;60,3800;60,3800;-841,3953;1095,8366;254,4413;-123,2274;20,2240;-151,4379;Nie
15.2.2026;12;-0,173;-0,2069;-0,2069;87,0570;119,8560;-2064,6395;2161,3632;96,7238;113,6973;-18,6884;-191,7326;Nie
15.2.2026;13;0,557;0,0844;0,0844;96,5490;96,5490;-1565,0593;1711,1379;146,0786;-46,0491;7,5125;-107,5421;Nie
15.2.2026;14;-1,096;-0,3096;-0,3096;92,3120;122,9580;-1999,7889;1984,2962;-15,4927;171,6445;-27,5578;-128,5940;Nie
15.2.2026;15;-1,944;-0,1923;-0,1923;83,6040;119,8230;-2101,0963;1983,5499;-117,5464;106,0698;-17,1168;28,5934;Nie
15.2.2026;16;-3,838;-0,8271;-0,8271;83,9490;118,7010;-2469,0995;2131,5139;-337,5856;458,2987;-73,6210;-47,0921;Nie
15.2.2026;17;0,027;0,0688;0,0688;92,0670;92,0670;-1638,1481;1728,7421;90,5939;-38,3408;6,1652;-58,4184;Nie
15.2.2026;18;0,581;-0,1841;-0,1841;80,8050;80,8050;-1246,5787;1370,8568;124,2781;103,5735;-16,4974;-211,3542;Nie
15.2.2026;19;-1,215;-0,1944;-0,1944;133,5410;133,5410;-1993,0994;1958,7794;-34,3200;109,5264;-17,4204;-57,7860;Nie
15.2.2026;20;0,444;-0,2496;-0,2496;101,3430;96,4968;-1453,7243;1588,6268;134,9025;141,0569;-22,3669;-253,5925;Nie
15.2.2026;21;2,617;0,2314;0,2314;53,5590;53,5590;-722,0824;914,3057;192,2233;-131,7290;22,2010;-82,6952;Nie
15.2.2026;22;1,092;0,1144;0,1144;58,6380;58,6380;-720,6610;844,5045;123,8435;-65,6152;10,9758;-69,2040;Nie
15.2.2026;23;0,412;0,0134;0,0134;56,5850;56,5850;-822,9157;904,3981;81,4824;-7,6807;1,2856;-75,0873;Nie
15.2.2026;24;1,285;0,2193;0,2193;56,2280;56,2280;-722,3049;854,1033;131,7984;-126,1151;21,0401;-26,7234;Nie
15.2.2026;25;2,382;0,2134;0,2134;64,7170;64,7170;-963,5067;1187,6217;224,1150;-126,8129;23,6970;-120,9991;Nie
15.2.2026;26;4,216;0,4692;0,4692;77,5570;77,5570;-829,3170;1238,2751;408,9581;-283,8061;52,1023;-177,2543;Nie
15.2.2026;27;0,599;0,2147;0,2147;87,3580;87,3580;-1124,8216;1272,1072;147,2856;-131,5920;23,8414;-39,5349;Nie
15.2.2026;28;-0,037;0,0806;0,0806;109,8740;117,4360;-1903,1678;2028,3546;125,1868;-50,0178;8,9502;-84,1192;Nie
15.2.2026;29;4,829;0,5732;0,5732;82,8570;82,8570;-1251,8864;1746,2113;494,3249;-363,0052;78,5857;-209,9054;Nie
15.2.2026;30;-0,063;-0,0535;-0,0535;92,4010;116,5340;-2015,6886;2141,7784;126,0898;34,4853;-7,3349;-153,2402;Nie
15.2.2026;31;-1,279;-0,0765;-0,0765;97,6930;116,9410;-2136,9798;2121,4267;-15,5532;49,8212;-10,4882;-23,7799;Nie
15.2.2026;32;2,305;0,6741;0,6741;107,3030;95,2776;-1868,0126;2197,5778;329,5652;-444,1654;92,4191;22,1811;Nie
15.2.2026;33;5,463;0,7696;0,7696;106,7150;94,5332;-1616,1396;2240,7204;624,5809;-516,0195;130,7858;-239,3472;Nie
15.2.2026;34;3,193;0,4724;0,4724;88,0840;88,0840;-1549,9261;1933,3557;383,4297;-325,3900;80,2797;-138,3193;Nie
15.2.2026;35;3,512;0,3811;0,3811;86,5540;86,5540;-1508,3766;1914,5745;406,1979;-272,7899;64,7641;-198,1722;Nie
15.2.2026;36;1,301;0,0992;0,0992;59,1740;59,1740;-1204,0726;1353,3094;149,2368;-72,2857;16,8580;-93,8092;Nie
15.2.2026;37;-6,203;-0,5945;-0,5945;68,0860;123,9370;-3588,9676;2961,3507;-627,6170;445,1878;-118,9737;301,4029;Nie
15.2.2026;38;-3,398;-0,3767;-0,3767;71,0740;118,1620;-3307,4725;3040,6627;-266,8098;288,4681;-75,3867;53,7284;Nie
15.2.2026;39;-4,616;-0,4831;-0,4831;71,4840;113,9820;-3404,6423;3003,3117;-401,3306;370,7721;-96,6799;127,2384;Nie
15.2.2026;40;-2,551;-0,3344;-0,3344;100,8370;105,5780;-2953,1222;2793,1716;-159,9507;258,0538;-66,9215;-31,1817;Nie
15.2.2026;41;-1,360;-0,1500;-0,1500;77,8340;115,3350;-3506,6453;3439,5204;-67,1250;113,1524;-32,6948;-13,3327;Nie
15.2.2026;42;-5,995;-0,7746;-0,7746;113,4270;113,4270;-3971,3061;3368,2148;-603,0914;595,2226;-168,8357;176,7044;Nie
15.2.2026;43;-1,696;-0,1431;-0,1431;134,5880;134,5880;-4467,9178;4323,1011;-144,8167;112,2842;-31,1908;63,7233;Nie
15.2.2026;44;-1,462;-0,2929;-0,2929;83,3190;91,0946;-2798,0617;2739,0324;-59,0293;229,9199;-63,8419;-107,0487;Nie
15.2.2026;45;-0,265;0,5750;0,5750;96,6120;99,3300;-3054,3975;3135,5501;81,1526;-468,5847;127,7547;259,6774;Nie
15.2.2026;46;2,835;0,4488;0,4488;116,5860;78,9620;-2713,2133;3019,9017;306,6884;-368,6918;99,7153;-37,7119;Nie
15.2.2026;47;-1,410;0,0011;0,0011;149,4610;149,4610;-4659,7456;4589,4989;-70,2467;-0,9374;0,2444;70,9397;Nie
15.2.2026;48;-1,104;-0,1745;-0,1745;105,9650;105,9650;-3415,7818;3395,5425;-20,2393;152,4548;-38,7708;-93,4447;Nie
15.2.2026;49;-2,187;-0,2925;-0,2925;101,3190;101,3190;-2912,4147;2764,6916;-147,7231;252,5320;-58,0340;-46,7749;Nie
15.2.2026;50;-4,994;-0,3775;-0,3775;71,7950;85,6130;-3071,6232;2708,4529;-363,1703;324,0965;-74,8986;113,9725;Nie
15.2.2026;51;-1,124;0,0287;0,0287;50,3000;79,8820;-2769,2693;2736,1981;-33,0711;-24,4382;5,6943;51,8151;Nie
15.2.2026;52;-4,796;0,0778;0,0778;32,4470;76,3192;-2951,5687;2638,5074;-313,0614;-66,6649;15,4361;364,2902;Nie
15.2.2026;53;-1,464;-0,2061;-0,2061;95,2950;95,2950;-3122,3407;3051,8224;-70,5183;180,2647;-36,4325;-73,3139;Nie
15.2.2026;54;1,929;0,2632;0,2632;95,2690;64,5849;-1851,3262;2023,6387;172,3125;-228,7922;46,5261;9,9536;Nie
15.2.2026;55;7,675;0,7193;0,7193;89,6660;63,0792;-1732,7856;2257,9830;525,1974;-620,9695;127,1514;-31,3793;Nie
15.2.2026;56;0,592;-0,0588;-0,0588;48,7460;48,7460;-1302,8831;1363,7181;60,8350;50,7449;-10,3941;-101,1858;Nie
15.2.2026;57;3,082;0,3297;0,3297;71,2660;66,7042;-1391,1828;1635,8538;244,6710;-271,4195;52,8934;-26,1449;Nie
15.2.2026;58;6,588;0,7635;0,7635;88,8130;67,7507;-1355,5560;1844,7838;489,2278;-621,7961;122,4875;10,0808;Nie
15.2.2026;59;5,068;0,9543;0,9543;104,1530;70,6774;-1626,3577;2030,6324;404,2747;-773,6708;153,0974;216,2987;Nie
15.2.2026;60;1,782;0,2721;0,2721;124,2230;70,7943;-1903,7295;2082,5559;178,8264;-219,6800;43,6527;-2,7991;Nie
15.2.2026;61;10,998;1,2899;1,2899;105,3090;71,3100;-940,6502;1769,3437;828,6935;-977,6714;197,0916;-48,1137;Nie
15.2.2026;62;3,651;1,2331;1,2331;123,0990;74,4905;-1521,6174;1823,8999;302,2824;-933,4146;188,4127;442,7194;Nie
15.2.2026;63;0,257;-0,0418;-0,0418;143,3380;76,1847;-1594,8505;1639,8757;45,0252;29,6309;-6,3869;-68,2692;Nie
15.2.2026;64;5,369;0,6342;0,6342;97,0920;78,2709;-1290,2958;1735,7355;445,4397;-451,1183;96,9032;-91,2246;Nie
15.2.2026;65;2,421;0,5222;0,5222;102,7880;82,0700;-1460,3536;1719,1203;258,7667;-389,9151;84,3092;46,8392;Nie
15.2.2026;66;8,698;2,5680;2,5680;132,9520;93,9602;-1534,8399;2442,4954;907,6555;-1912,7984;414,6036;590,5393;Nie
15.2.2026;67;9,709;1,2282;1,2282;126,4310;94,1898;-1299,2541;2317,3516;1018,0975;-920,4118;198,2929;-295,9786;Nie
15.2.2026;68;13,062;1,7062;1,7062;105,8240;96,3042;-1509,9536;2884,5997;1374,6462;-1285,4850;275,4660;-364,6271;Nie
15.2.2026;69;15,745;1,8702;1,8702;92,3940;92,3940;-1504,2667;3070,5298;1566,2631;-1408,0854;333,7559;-491,9336;Nie
15.2.2026;70;1,667;0,3281;0,3281;99,6070;99,6070;-2360,4867;2652,4348;291,9481;-252,6255;58,5527;-97,8753;Nie
15.2.2026;71;5,035;0,9370;0,9370;143,2460;116,5862;-2490,3978;3227,8055;737,4077;-723,4951;167,2170;-181,1296;Nie
15.2.2026;72;0,332;0,0249;0,0249;96,9330;96,9330;-2330,0755;2494,1830;164,1076;-19,4632;4,4437;-149,0880;Nie
15.2.2026;73;-0,383;0,0877;0,0877;112,9120;135,1020;-3248,3925;3375,7937;127,4012;-68,9077;16,5392;-75,0327;Nie
15.2.2026;74;-2,983;-0,3896;-0,3896;97,7350;138,7430;-3331,6357;3107,9819;-223,6537;309,0551;-73,4739;-11,9275;Nie
15.2.2026;75;-3,864;-0,2985;-0,2985;63,4630;139,7110;-3272,5905;2919,8202;-352,7703;236,4553;-56,2935;172,6085;Nie
15.2.2026;76;-3,306;-0,3688;-0,3688;95,8380;140,2610;-3630,0949;3354,7626;-275,3323;291,6223;-69,5513;53,2613;Nie
15.2.2026;77;-6,066;-0,7227;-0,7227;103,4920;139,4030;-4087,1566;3436,4234;-650,7332;568,6706;-135,8734;217,9360;Nie
15.2.2026;78;-5,924;-0,7665;-0,7665;117,0310;143,6600;-3744,4979;3092,4252;-652,0727;604,3630;-144,1081;191,8179;Nie
15.2.2026;79;-2,902;-0,3444;-0,3444;104,1290;142,8350;-4009,5213;3794,5546;-214,9667;273,3207;-64,7500;6,3959;Nie
15.2.2026;80;0,735;-0,0172;-0,0172;97,3610;97,3610;-2771,9650;2978,4677;206,5027;13,4898;-3,2337;-216,7587;Nie
15.2.2026;81;-3,490;-0,2568;-0,2568;94,2930;146,1350;-4611,5822;4301,6299;-309,9523;200,7476;-45,6978;154,9026;Nie
15.2.2026;82;-5,579;-0,5338;-0,5338;60,9780;143,9350;-3970,8788;3366,2078;-604,6709;415,3062;-94,9902;284,3550;Nie
15.2.2026;83;-6,866;-0,4239;-0,4239;57,3520;132,8580;-3818,2061;3086,0256;-732,1804;324,4489;-75,4334;483,1650;Nie
15.2.2026;84;-5,638;-0,5477;-0,5477;83,1920;125,4058;-3865,5084;3323,5045;-542,0039;411,1202;-97,4638;228,3474;Nie
15.2.2026;85;-0,706;-0,0058;-0,0058;103,4500;127,5120;-3610,5023;3690,7073;80,2050;4,2439;-0,9131;-83,5359;Nie
15.2.2026;86;-3,478;-0,3577;-0,3577;74,8830;120,0760;-3794,1614;3533,4765;-260,6850;259,1254;-56,3124;57,8719;Nie
15.2.2026;87;0,493;-0,0378;-0,0378;73,2990;73,2990;-1862,8208;1991,9003;129,0795;27,3176;-5,9508;-150,4463;Nie
15.2.2026;88;1,457;0,1363;0,1363;77,4100;77,4100;-1881,0630;2091,3860;210,3230;-96,5120;21,4576;-135,2685;Nie
15.2.2026;89;-1,262;-0,0276;-0,0276;121,1430;123,4420;-3780,6581;3775,1032;-5,5549;19,5931;-3,6418;-10,3964;Nie
15.2.2026;90;0,652;-0,0021;-0,0021;71,5880;71,5880;-1939,6769;2071,4704;131,7935;1,4460;-0,2771;-132,9624;Nie
15.2.2026;91;-1,152;-0,0827;-0,0827;88,7760;106,3365;-2845,7774;2848,8612;3,0838;56,6454;-10,9122;-48,8170;Nie
15.2.2026;92;2,708;0,2478;0,2478;73,0720;73,0720;-1839,1492;2121,2071;282,0579;-166,0657;32,6970;-148,6892;Nie
15.2.2026;93;-7,884;-1,1251;-1,1251;87,1530;115,6760;-3497,3482;2716,5352;-780,8130;748,6760;-123,9939;156,1309;Nie
15.2.2026;94;-4,560;-0,5484;-0,5484;64,3690;101,5001;-3267,4912;2918,5339;-348,9573;362,4224;-60,4375;46,9725;Nie
15.2.2026;95;-12,068;-1,5766;-1,5766;79,1790;98,6447;-3069,3298;1985,4219;-1083,9080;1089,9996;-173,7524;167,6607;Nie
15.2.2026;96;-3,927;-0,6172;-0,6172;82,1480;92,3453;-2824,0116;2562,4897;-261,5219;422,1777;-68,0198;-92,6361;Nie
16.2.2026;1;1,279;0,1003;0,1003;66,5590;66,5590;-1352,7451;1501,5710;148,8259;-67,3563;9,9306;-91,4002;Nie
16.2.2026;2;10,279;0,5417;0,5417;35,3500;35,3500;-651,8894;1049,0113;397,1219;-359,6345;53,6332;-91,1206;Nie
16.2.2026;3;10,713;0,7198;0,7198;46,9120;46,9120;-850,7960;1397,8838;547,0877;-501,8878;71,2667;-116,4666;Nie
16.2.2026;4;7,556;0,4797;0,4797;42,3590;42,3590;-822,2305;1182,5362;360,3057;-337,8277;47,4946;-69,9726;Nie
16.2.2026;5;13,062;1,6221;1,6221;84,5560;82,5098;-1479,5657;2632,2276;1152,6619;-1136,2462;144,7011;-161,1168;Nie
16.2.2026;6;12,371;1,1523;1,1523;66,6470;66,6470;-1230,5036;2115,5757;885,0722;-802,6973;102,7921;-185,1669;Nie
16.2.2026;7;16,974;1,6436;1,6436;66,6510;66,6510;-894,9230;2085,7764;1190,8534;-1123,2418;146,6190;-214,2306;Nie
16.2.2026;8;15,661;1,7246;1,7246;76,1850;76,1850;-1132,1091;2392,1328;1260,0237;-1179,1060;153,8447;-234,7624;Nie
16.2.2026;9;1,292;0,0523;0,0523;66,0840;66,0840;-1493,8288;1658,1136;164,2848;-37,3940;4,5145;-131,4054;Nie
16.2.2026;10;3,161;0,3566;0,3566;82,4170;77,3697;-1672,8103;2003,3336;330,5234;-252,2384;30,7817;-109,0667;Nie
16.2.2026;11;0,177;0,0341;0,0341;72,1680;72,1680;-1758,3733;1848,2225;89,8492;-24,1481;2,9435;-68,6446;Nie
16.2.2026;12;2,563;0,0903;0,0903;49,4700;49,4700;-1197,5203;1376,0081;178,4878;-63,4747;7,7947;-122,8078;Nie
16.2.2026;13;-2,709;-0,1955;-0,1955;64,0080;87,3180;-2363,7856;2218,9250;-144,8606;138,1987;-16,8177;23,4796;Nie
16.2.2026;14;-2,063;-0,0877;-0,0877;40,6490;94,4130;-2493,7306;2397,1461;-96,5845;62,1266;-7,5443;42,0022;Nie
16.2.2026;15;-5,524;-0,4174;-0,4174;62,9850;97,0640;-2992,1919;2558,0247;-434,1673;297,8362;-35,9064;172,2375;Nie
16.2.2026;16;-4,858;-0,5736;-0,5736;77,8960;96,8000;-3186,5592;2819,3000;-367,2592;409,4588;-49,3434;7,1438;Nie
16.2.2026;17;-6,447;-0,7654;-0,7654;83,3350;92,9060;-2493,5041;1993,7628;-499,7414;550,7583;-69,9285;18,9115;Nie
16.2.2026;18;-13,270;-1,5724;-1,5724;89,6150;89,6150;-2848,5920;1754,1240;-1094,4680;1143,0813;-143,6576;95,0443;Nie
16.2.2026;19;-14,930;-2,0896;-2,0896;101,3830;101,3830;-3384,5701;1983,1529;-1401,4172;1447,4871;-190,9100;144,8401;Nie
16.2.2026;20;-3,894;-0,5270;-0,5270;97,7640;109,0980;-2762,3614;2457,6506;-304,7107;369,2459;-48,1478;-16,3874;Nie
16.2.2026;21;-0,683;-0,1666;-0,1666;49,6280;99,9843;-2815,0580;2852,1521;37,0942;120,0579;-17,0707;-140,0814;Nie
16.2.2026;22;-2,073;-0,3423;-0,3423;76,2340;110,7700;-3214,1023;3104,3293;-109,7731;252,7171;-35,0738;-107,8703;Nie
16.2.2026;23;-2,453;-0,3219;-0,3219;89,1260;117,5790;-3325,3693;3162,9927;-162,3766;234,8795;-32,9835;-39,5194;Nie
16.2.2026;24;-8,376;-1,4903;-1,4903;147,3330;147,3330;-5161,9590;4093,3527;-1068,6062;1127,1203;-152,7036;94,1895;Nie
16.2.2026;25;-11,875;-1,6634;-1,6634;94,2370;138,2912;-5996,7213;4515,8991;-1480,8222;1328,4511;-196,8102;349,1812;Nie
16.2.2026;26;-1,014;-0,1306;-0,1306;76,3150;154,8093;-5040,4360;5066,9084;26,4724;106,9953;-15,4523;-118,0154;Nie
16.2.2026;27;-5,936;-0,6941;-0,6941;88,0750;158,5540;-5521,4845;4771,0484;-750,4361;587,8000;-82,1245;244,7606;Nie
16.2.2026;28;-7,823;-0,9330;-0,9330;91,2730;154,8093;-5739,4000;4716,8846;-1022,5154;801,2472;-110,3907;331,6589;Nie
16.2.2026;29;-1,353;-0,2841;-0,2841;94,0800;174,1727;-6358,5228;6327,6942;-30,8286;252,0732;-36,8927;-184,3520;Nie
16.2.2026;30;-7,581;-0,8162;-0,8162;95,4730;161,9527;-6291,7004;5245,9719;-1045,7286;734,4053;-105,9901;417,3134;Nie
16.2.2026;31;1,542;-0,0431;-0,0431;50,4630;50,4630;-1731,6883;1867,8375;136,1492;38,7731;-5,5969;-169,3254;Nie
16.2.2026;32;-3,563;-0,3170;-0,3170;98,6140;161,9527;-6281,9833;5878,7211;-403,2622;286,1510;-41,1650;158,2762;Nie
16.2.2026;33;-0,233;-0,0153;-0,0153;101,5060;149,4240;-5258,9777;5388,3789;129,4012;13,8691;-2,0707;-141,1996;Nie
16.2.2026;34;-1,264;-0,2274;-0,2274;99,5290;149,3910;-5481,9027;5455,3111;-26,5916;209,3432;-30,7759;-151,9757;Nie
16.2.2026;35;-6,095;-0,8762;-0,8762;132,8140;148,0067;-5263,7103;4506,8040;-756,9063;824,3976;-118,5832;51,0918;Nie
16.2.2026;36;-7,638;-0,5938;-0,5938;76,7690;140,7584;-6552,3035;5607,2516;-945,0519;564,5880;-80,3637;460,8276;Nie
16.2.2026;37;6,181;0,6404;0,6404;116,8330;113,9372;-3725,6325;4526,6110;800,9785;-611,1921;88,7402;-278,5266;Nie
16.2.2026;38;1,017;0,1044;0,1044;111,4410;111,4410;-3482,7541;3681,0077;198,2535;-99,7160;14,4667;-113,0042;Nie
16.2.2026;39;6,796;0,6654;0,6654;107,1050;105,6980;-3096,8457;3907,0209;810,1752;-627,9818;92,2045;-274,3978;Nie
16.2.2026;40;2,922;0,1053;0,1053;81,8550;81,8550;-3026,3431;3332,0715;305,7284;-99,2453;14,5914;-221,0745;Nie
16.2.2026;41;16,411;1,1205;1,1205;66,8930;66,8930;-1879,2250;3019,6169;1140,3919;-1020,0517;153,6262;-273,9663;Nie
16.2.2026;42;10,716;0,5977;0,5977;54,0720;54,0720;-1708,5130;2325,0419;616,5289;-546,6106;81,9477;-151,8660;Nie
16.2.2026;43;3,958;0,1074;0,1074;37,5890;37,5890;-1331,5151;1500,7408;169,2257;-99,6187;14,7251;-84,3321;Nie
16.2.2026;44;-5,454;-0,6429;-0,6429;91,6280;111,9800;-4532,6145;3973,6103;-559,0042;591,0521;-88,1448;56,0969;Nie
16.2.2026;45;-9,579;-1,1618;-1,1618;119,6720;119,6720;-4733,9850;3670,1009;-1063,8841;1097,1415;-163,5745;130,3170;Nie
16.2.2026;46;-13,593;-1,3452;-1,3452;84,8720;111,6940;-5075,7104;3644,2401;-1431,4703;1275,2659;-189,3961;345,6005;Nie
16.2.2026;47;-13,216;-1,3112;-1,3112;107,6390;116,6000;-5053,6772;3608,3036;-1445,3736;1242,4894;-184,6091;387,4933;Nie
16.2.2026;48;-17,907;-2,0036;-2,0036;97,3850;110,8360;-5112,7538;3208,7022;-1904,0516;1894,2329;-282,0949;291,9136;Nie
16.2.2026;49;-4,551;-0,4281;-0,4281;120,8920;120,8920;-5710,3336;5215,8853;-494,4483;402,7413;-59,4284;151,1354;Nie
16.2.2026;50;-1,723;-0,3078;-0,3078;139,3500;139,3500;-5761,7045;5612,0426;-149,6619;288,3697;-42,7285;-95,9793;Nie
16.2.2026;51;-11,750;-2,0009;-2,0009;136,7490;136,7490;-6628,3608;5080,3621;-1547,9987;1885,0443;-277,7629;-59,2827;Nie
16.2.2026;52;-5,664;-1,0128;-1,0128;135,5530;135,5530;-6198,0254;5496,8097;-701,2157;947,3595;-140,5959;-105,5479;Nie
16.2.2026;53;6,026;0,3613;0,3613;88,5590;88,5590;-3461,1514;4036,8735;575,7221;-343,3687;49,6571;-282,0104;Nie
16.2.2026;54;-1,904;-0,1374;-0,1374;64,7750;117,0840;-4800,2098;4650,4594;-149,7504;129,7286;-18,8843;38,9061;Nie
16.2.2026;55;-1,820;-0,1441;-0,1441;74,8390;117,4250;-5161,2985;5034,7143;-126,5842;134,9385;-19,8051;11,4508;Nie
16.2.2026;56;0,859;0,0626;0,0626;80,8900;80,8900;-3339,7054;3463,3054;123,5999;-58,3079;8,6037;-73,8958;Nie
16.2.2026;57;-0,871;-0,1559;-0,1559;111,8250;115,4780;-4788,5262;4792,1060;3,5798;144,5168;-21,3455;-126,7511;Nie
16.2.2026;58;-0,787;-0,1124;-0,1124;112,4100;124,3110;-4566,6889;4581,4819;14,7930;104,0857;-15,3896;-103,4891;Nie
16.2.2026;59;1,846;0,2526;0,2526;126,4410;108,0824;-3998,2922;4303,1927;304,9005;-231,7574;34,5855;-107,7285;Nie
16.2.2026;60;1,324;0,1189;0,1189;115,5770;109,2572;-4130,2499;4378,7008;248,4509;-109,2320;16,2796;-155,4984;Nie
16.2.2026;61;-9,088;-1,3024;-1,3024;129,5680;197,0213;-9243,4513;7628,6647;-1614,7866;1172,4177;-183,3909;625,7598;Nie
16.2.2026;62;-17,615;-2,7019;-2,7019;141,8020;190,6063;-9406,2303;6226,1548;-3180,0755;2454,4975;-380,4545;1106,0325;Nie
16.2.2026;63;-9,403;-1,3394;-1,3394;134,9330;185,9823;-7689,8102;6111,5644;-1578,2458;1207,4991;-188,6009;559,3476;Nie
16.2.2026;64;-11,255;-1,7794;-1,7794;147,6230;186,0872;-8341,9170;6435,0815;-1906,8355;1594,4507;-250,5573;562,9422;Nie
16.2.2026;65;-11,969;-2,1074;-2,1074;164,9730;188,1147;-8002,7756;6016,8487;-1985,9269;1928,3112;-323,9537;381,5694;Nie
16.2.2026;66;-5,013;-0,6885;-0,6885;142,1870;193,4924;-7344,9715;6642,2071;-702,7644;629,7886;-105,8376;178,8134;Nie
16.2.2026;67;-3,307;-0,4775;-0,4775;123,2950;216,0672;-6458,6807;6041,2389;-417,4418;438,7561;-73,4023;52,0880;Nie
16.2.2026;68;-6,622;-0,8204;-0,8204;142,9670;142,9670;-4556,5013;3806,4964;-750,0049;755,1597;-126,1135;120,9587;Nie
16.2.2026;69;-4,684;-1,0901;-1,0901;147,0830;180,7634;-6391,0708;5785,8749;-605,1959;996,3863;-193,6443;-197,5462;Nie
16.2.2026;70;-9,309;-1,3208;-1,3208;169,4460;177,3393;-7286,3398;5880,2165;-1406,1233;1215,5054;-234,6256;425,2435;Nie
16.2.2026;71;-6,523;-1,1670;-1,1670;151,2110;179,7630;-6736,0791;5808,3223;-927,7568;1076,1976;-207,3047;58,8640;Nie
16.2.2026;72;-5,822;-0,9678;-0,9678;132,8600;185,8430;-7588,8989;6757,9949;-830,9041;888,3042;-171,9190;114,5189;Nie
16.2.2026;73;-15,992;-2,8159;-2,8159;178,5240;219,5746;-9123,9834;5912,4853;-3211,4981;2597,3636;-523,4167;1137,5512;Nie
16.2.2026;74;-12,581;-2,3518;-2,3518;171,2260;179,3084;-8058,4781;6047,1758;-2011,3023;2166,4161;-437,1502;282,0365;Nie
16.2.2026;75;-9,940;-1,6407;-1,6407;166,2750;192,4076;-7816,3663;6163,2002;-1653,1661;1506,8869;-304,9717;451,2509;Nie
16.2.2026;76;-10,939;-1,7197;-1,7197;152,5730;193,4311;-8095,2850;6240,0873;-1855,1977;1568,7560;-319,6561;606,0978;Nie
16.2.2026;77;-13,717;-2,5113;-2,5113;174,8340;176,3666;-6968,2444;4790,8223;-2177,4220;2293,2664;-459,5754;343,7311;Nie
16.2.2026;78;-15,986;-2,9094;-2,9094;168,2710;195,7255;-7312,3047;4450,0150;-2862,2897;2670,0735;-532,4289;724,6451;Nie
16.2.2026;79;-15,137;-2,9674;-2,9674;180,9220;191,9266;-7418,3469;4783,0028;-2635,3441;2696,0473;-543,0431;482,3399;Nie
16.2.2026;80;-5,102;-1,2734;-1,2734;161,4860;182,3780;-5971,7852;5291,6977;-680,0876;1146,4623;-233,0360;-233,3387;Nie
16.2.2026;81;-4,428;-0,5453;-0,5453;110,5020;169,0548;-5494,2810;4977,1424;-517,1386;489,1232;-95,4782;123,4936;Nie
16.2.2026;82;-7,979;-1,0328;-1,0328;117,1770;179,4504;-5958,2916;4762,9725;-1195,3191;920,2284;-180,8361;455,9268;Nie
16.2.2026;83;-6,709;-0,8691;-0,8691;106,2750;183,2101;-6330,2754;5335,0781;-995,1973;760,7379;-152,1733;386,6327;Nie
16.2.2026;84;-1,112;-0,1714;-0,1714;99,4990;155,2920;-4541,8251;4568,6906;26,8655;147,4387;-30,0109;-144,2933;Nie
16.2.2026;85;-6,726;-0,7751;-0,7751;109,0940;145,4200;-5134,6348;4343,9862;-790,6485;650,8151;-118,1477;257,9812;Nie
16.2.2026;86;-7,224;-1,1425;-1,1425;118,9390;139,7799;-4641,3916;3809,9807;-831,4108;941,2987;-174,1501;64,2623;Nie
16.2.2026;87;-14,287;-1,9729;-1,9729;107,9350;142,0023;-5808,6041;3956,8941;-1851,7100;1619,8045;-300,7272;532,6327;Nie
16.2.2026;88;-4,756;-0,5969;-0,5969;84,2460;137,6527;-5502,1161;5011,3842;-490,7319;476,2099;-90,9849;105,5068;Nie
16.2.2026;89;-6,747;-0,7546;-0,7546;82,2310;129,6202;-3647,1236;2925,1391;-721,9845;588,3402;-97,7101;231,3544;Nie
16.2.2026;90;-4,344;-0,3488;-0,3488;64,9200;124,2554;-3012,8207;2617,0672;-395,7534;267,5876;-45,1647;173,3306;Nie
16.2.2026;91;-3,500;-0,4377;-0,4377;92,0180;124,2554;-2973,0590;2680,5617;-292,4972;328,8788;-56,6760;20,2944;Nie
16.2.2026;92;-0,922;-0,1703;-0,1703;82,9170;124,2554;-2971,3194;3002,3832;31,0639;127,0674;-22,0515;-136,0798;Nie
16.2.2026;93;4,722;0,8367;0,8367;102,6470;102,0808;-2555,7970;3155,6238;599,8268;-606,8587;91,0020;-83,9701;Nie
16.2.2026;94;5,420;0,2918;0,2918;59,1510;59,1510;-1500,7200;1886,4437;385,7237;-209,5095;31,7370;-207,9512;Nie
16.2.2026;95;2,878;0,4773;0,4773;104,9360;94,7200;-2291,1821;2667,9782;376,7962;-364,4849;51,9126;-64,2238;Nie
16.2.2026;96;-2,855;-0,5269;-0,5269;117,5590;117,5590;-2976,0061;2765,8106;-210,1955;402,4913;-57,3072;-134,9886;Nie
17.2.2026;1;-7,972;-1,2673;-1,2673;119,7550;119,7550;-3917,3058;3078,9011;-838,4048;891,9934;-122,2374;68,6488;Nie
17.2.2026;2;-3,932;-0,7324;-0,7324;116,1440;116,1440;-2998,6058;2649,2446;-349,3612;506,3948;-70,6436;-86,3900;Nie
17.2.2026;3;-4,980;-0,6949;-0,6949;99,6230;100,4520;-2388,1458;1979,7080;-408,4378;474,5036;-67,0266;0,9608;Nie
17.2.2026;4;-3,666;-0,4015;-0,4015;84,5260;99,3850;-2514,9374;2240,0385;-274,8989;270,3134;-38,7267;43,3122;Nie
17.2.2026;5;-15,529;-2,1748;-2,1748;98,0130;101,4640;-3212,6546;1721,7426;-1490,9120;1468,8019;-190,0579;212,1681;Nie
17.2.2026;6;-8,397;-1,0709;-1,0709;78,4140;99,4180;-2689,3563;1936,6626;-752,6937;713,5591;-93,5870;132,7216;Nie
17.2.2026;7;-7,554;-0,7827;-0,7827;75,0600;99,5610;-2212,9423;1544,5894;-668,3530;533,4370;-68,4009;203,3169;Nie
17.2.2026;8;-3,946;-0,6108;-0,6108;91,7710;98,9890;-2298,0296;1987,6001;-310,4295;412,4457;-53,3784;-48,6378;Nie
17.2.2026;9;-12,458;-1,3037;-1,3037;71,9610;107,9187;-2871,1770;1648,2423;-1222,9347;916,8044;-109,7637;415,8940;Nie
17.2.2026;10;-6,627;-0,8060;-0,8060;77,9990;107,9187;-2915,6395;2314,3165;-601,3230;557,6834;-67,8604;111,5000;Nie
17.2.2026;11;-12,320;-1,2961;-1,2961;70,9810;107,9187;-3082,6977;1861,8134;-1220,8843;902,4438;-109,1238;427,5643;Nie
17.2.2026;12;-9,649;-1,1287;-1,1287;80,9420;107,9187;-2897,5092;1962,2857;-935,2235;777,0001;-95,0298;253,2531;Nie
17.2.2026;13;-2,907;-0,3464;-0,3464;94,6160;103,1993;-2832,0984;2632,6141;-199,4842;240,7429;-28,8222;-12,4364;Nie
17.2.2026;14;-1,261;-0,2022;-0,2022;77,9560;102,6954;-2766,2033;2735,0866;-31,1167;140,1578;-16,8241;-92,2170;Nie
17.2.2026;15;-0,578;-0,1007;-0,1007;51,9590;106,5944;-2703,3406;2740,4354;37,0949;69,8049;-8,3787;-98,5210;Nie
17.2.2026;16;10,919;1,3039;1,3039;94,4460;90,2000;-2367,3892;3441,4006;1074,0114;-900,9111;108,4910;-281,5913;Nie
17.2.2026;17;3,787;0,4618;0,4618;103,7430;88,0800;-2547,2736;2970,4980;423,2244;-348,8019;41,1792;-115,6017;Nie
17.2.2026;18;-1,699;-0,2688;-0,2688;67,3820;107,9145;-3207,2189;3132,3263;-74,8927;205,4233;-23,9692;-106,5615;Nie
17.2.2026;19;3,388;0,2917;0,2917;76,0830;76,0830;-2216,1456;2550,9869;334,8413;-210,2839;26,0112;-150,5686;Nie
17.2.2026;20;1,387;0,0636;0,0636;80,5510;80,5510;-2024,3272;2219,3412;195,0140;-46,1207;5,6713;-154,5645;Nie
17.2.2026;21;2,209;0,4168;0,4168;95,6290;88,9000;-1970,6463;2257,7933;287,1470;-297,8883;42,2381;-31,4968;Nie
17.2.2026;22;4,250;0,5385;0,5385;93,2240;91,3400;-1883,4308;2364,4272;480,9964;-392,5143;54,5711;-143,0532;Nie
17.2.2026;23;2,845;0,4781;0,4781;92,0340;92,0340;-2064,0465;2421,5066;357,4601;-356,6186;48,4502;-49,2916;Nie
17.2.2026;24;2,363;0,4851;0,4851;114,7720;99,4728;-2427,9321;2773,6996;345,7675;-371,0627;49,1595;-23,8643;Nie
17.2.2026;25;0,576;0,0855;0,0855;102,2660;94,7200;-2451,5430;2614,3667;162,8237;-68,9560;10,2174;-104,0851;Nie
17.2.2026;26;6,914;0,6508;0,6508;86,4920;86,4920;-1887,2554;2582,9106;695,6552;-548,4510;77,7719;-224,9761;Nie
17.2.2026;27;5,102;0,6022;0,6022;99,1620;99,1620;-2253,2581;2872,9215;619,6633;-519,5890;71,9641;-172,0384;Nie
17.2.2026;28;1,256;-0,0187;-0,0187;82,5720;82,5720;-2335,8793;2535,7861;199,9068;16,4892;-2,2347;-214,1613;Nie
17.2.2026;29;-0,561;0,0239;0,0239;107,2370;160,6927;-4393,6598;4497,1459;103,4861;-21,2003;3,0624;-85,3482;Nie
17.2.2026;30;4,952;0,4923;0,4923;83,8190;83,8190;-1939,4040;2450,1132;510,7092;-443,9342;63,0794;-129,8544;Nie
17.2.2026;31;1,516;0,2343;0,2343;100,6170;100,6170;-2395,8920;2667,4573;271,5653;-210,5260;30,0213;-91,0606;Nie
17.2.2026;32;-3,424;-0,4505;-0,4505;153,7930;164,8090;-4730,5127;4359,1981;-371,3147;409,3902;-57,7235;19,6479;Nie
17.2.2026;33;-14,098;-2,8085;-2,8085;203,5200;203,5200;-7617,9571;4960,5965;-2657,3606;2540,8166;-372,8986;489,4426;Nie
17.2.2026;34;-16,799;-3,8569;-3,8569;200,3950;200,3950;-7645,2696;4463,1974;-3182,0722;3541,1311;-512,0999;153,0410;Nie
17.2.2026;35;-7,167;-1,2362;-1,2362;148,2960;161,5017;-5327,6181;4311,9339;-1015,6842;1151,6450;-164,1365;28,1756;Nie
17.2.2026;36;-10,841;-1,6488;-1,6488;149,7430;156,4756;-5243,0279;3675,7683;-1567,2596;1541,5309;-218,9194;244,6481;Nie
17.2.2026;37;-32,794;-5,6218;-5,6218;170,2800;170,2800;-8016,1013;2535,1286;-5480,9726;5339,8248;-777,1239;918,2717;Nie
17.2.2026;38;-26,342;-4,0399;-4,0399;146,3090;150,6956;-5968,4499;2073,2701;-3895,1799;3810,0947;-558,4515;643,5367;Nie
17.2.2026;39;-12,220;-2,4442;-2,4442;181,0300;181,0300;-6358,4977;4221,0765;-2137,4212;2275,1612;-337,8715;200,1316;Nie
17.2.2026;40;-10,513;-1,4509;-1,4509;135,6040;146,6967;-4693,2675;3193,7339;-1499,5337;1347,1792;-200,5637;352,9182;Nie
17.2.2026;41;-0,423;-0,0308;-0,0308;126,7760;164,0809;-5308,8375;5250,4247;-58,4128;27,8174;-4,2687;34,8641;Nie
17.2.2026;42;6,171;1,4941;1,4941;132,5140;120,4200;-4305,0150;5029,5821;724,5671;-1329,0176;207,0748;397,3757;Nie
17.2.2026;43;11,643;1,7072;1,7072;149,1700;111,2600;-3210,9636;4487,2271;1276,2635;-1542,8549;236,6094;29,9821;Nie
17.2.2026;44;17,887;2,0807;2,0807;125,6850;107,5900;-2663,8208;4569,4549;1905,6341;-1869,3984;288,3746;-324,6103;Nie
17.2.2026;45;4,294;0,5522;0,5522;132,4510;117,7100;-3791,2037;4308,8923;517,6886;-511,3486;79,0414;-85,3813;Nie
17.2.2026;46;3,609;0,0172;0,0172;22,1450;22,1450;-787,6755;865,0058;77,3303;-15,7661;2,4620;-64,0262;Nie
17.2.2026;47;14,083;1,9859;1,9859;122,1300;103,6400;-2994,2632;4429,9882;1435,7249;-1815,2482;284,2597;95,2635;Nie
17.2.2026;48;13,818;1,0285;1,0285;72,1510;72,1510;-2015,0331;2978,5376;963,5045;-940,3352;147,2185;-170,3877;Nie
17.2.2026;49;13,898;0,8855;0,8855;61,1450;61,1450;-1790,0199;2595,9110;805,8911;-805,7911;122,1600;-122,2600;Nie
17.2.2026;50;6,573;0,4289;0,4289;61,9320;61,9320;-2303,5607;2663,4476;359,8869;-389,3161;59,1693;-29,7401;Nie
17.2.2026;51;20,376;2,0950;2,0950;89,0920;89,0920;-2339,8232;4095,8265;1756,0033;-1892,3885;289,0178;-152,6326;Nie
17.2.2026;52;28,763;1,6522;1,6522;52,1820;52,1820;-1333,5632;2806,5045;1472,9413;-1486,1020;227,9309;-214,7702;Nie
17.2.2026;53;13,793;1,7743;1,7743;115,9450;100,4200;-3947,8115;5296,4521;1348,6406;-1590,9791;243,2512;-0,9127;Nie
17.2.2026;54;13,762;1,8319;1,8319;120,1710;102,6100;-3933,9648;5277,5401;1343,5753;-1623,9853;251,1480;29,2620;Nie
17.2.2026;55;19,034;2,4095;2,4095;107,9900;105,0600;-3603,8732;5530,9888;1927,1156;-2096,6097;330,3352;-160,8411;Nie
17.2.2026;56;22,056;2,6948;2,6948;104,3580;104,3580;-3140,7584;5370,9932;2230,2348;-2325,7274;369,4490;-273,9564;Nie
17.2.2026;57;25,151;2,7987;2,7987;95,0870;95,0870;-2732,7053;5080,6886;2347,9833;-2400,6445;378,5046;-325,8434;Nie
17.2.2026;58;26,978;3,5092;3,5092;115,8520;105,7800;-2754,8285;5554,1905;2799,3619;-3024,7931;474,5947;-249,1636;Nie
17.2.2026;59;19,805;2,5939;2,5939;100,5220;100,5220;-3222,8358;5184,4222;1961,5863;-2220,8611;350,8068;-91,5320;Nie
17.2.2026;60;13,732;1,9159;1,9159;137,4710;123,7800;-4121,0075;5762,8255;1641,8179;-1644,5573;259,1121;-256,3727;Nie
17.2.2026;61;22,463;3,0565;3,0565;116,6280;112,4800;-2489,6323;4974,2030;2484,5707;-2558,4046;421,5494;-347,7155;Nie
17.2.2026;62;6,122;1,1939;1,1939;110,0840;110,0840;-3018,9436;3676,3653;657,4216;-1002,6133;164,6615;180,5302;Nie
17.2.2026;63;9,421;1,8475;1,8475;116,3260;116,3260;-3353,0970;4475,7592;1122,6622;-1550,2805;254,8054;172,8129;Nie
17.2.2026;64;15,736;2,6553;2,6553;137,7230;137,7230;-4074,6727;6319,4199;2244,7472;-2214,2347;366,2163;-396,7288;Nie
17.2.2026;65;-0,608;-0,0879;-0,0879;128,8890;189,8205;-6598,3504;6689,4642;91,1138;75,6049;-13,3313;-153,3875;Nie
17.2.2026;66;-8,108;-1,1184;-1,1184;113,6980;193,7344;-8236,8118;6898,3008;-1338,5110;966,8978;-169,6210;541,2342;Nie
17.2.2026;67;6,931;1,0991;1,0991;124,7510;124,7510;-3738,6627;4760,8724;1022,2097;-947,0034;166,6939;-241,9002;Nie
17.2.2026;68;-0,459;-0,0692;-0,0692;135,9510;199,0265;-6569,6657;6730,2801;160,6144;60,6453;-10,4951;-210,7645;Nie
17.2.2026;69;-3,115;-0,3997;-0,3997;132,2670;243,2071;-10248,7472;9805,1374;-443,6098;350,1944;-70,0638;163,4792;Nie
17.2.2026;70;-7,335;-0,9687;-0,9687;212,8770;244,2420;-10350,7317;8854,5052;-1496,2265;859,7829;-169,8044;806,2480;Nie
17.2.2026;71;-11,411;-5,7434;-5,7434;541,6340;541,6340;-26389,4917;20849,1176;-5540,3742;5101,5657;-1006,7663;1445,5748;Nie
17.2.2026;72;-2,575;-1,3759;-1,3759;201,0330;245,3546;-10148,3570;9828,4146;-319,9424;1219,9228;-241,1829;-658,7975;Nie
17.2.2026;73;1,365;-0,0119;-0,0119;102,4330;102,4330;-2452,1436;2736,8049;284,6613;10,8111;-2,2419;-293,2305;Nie
17.2.2026;74;-0,586;0,1347;0,1347;99,2110;199,1340;-5211,9342;5376,4189;164,4847;-122,1211;25,3769;-67,7405;Nie
17.2.2026;75;7,493;1,0865;1,0865;146,7790;146,7790;-2516,2324;3825,3543;1309,1219;-977,7379;204,6923;-536,0763;Nie
17.2.2026;76;6,848;0,9150;0,9150;114,2410;114,2410;-2063,6494;3007,7370;944,0876;-818,3316;172,3823;-298,1384;Nie
17.2.2026;77;6,384;0,6639;0,6639;109,2270;109,2270;-2317,0324;3173,2628;856,2305;-596,7953;121,9797;-381,4148;Nie
17.2.2026;78;7,528;1,0098;1,0098;115,7040;115,7040;-2635,5057;3680,1971;1044,6914;-901,1733;185,5326;-329,0507;Nie
17.2.2026;79;5,506;0,6043;0,6043;100,3550;100,3550;-1862,8899;2562,4646;699,5747;-538,0093;111,0292;-272,5947;Nie
17.2.2026;80;3,178;0,7669;0,7669;122,5570;122,5570;-2551,8819;3112,0899;560,2080;-672,6497;140,9041;-28,4624;Nie
17.2.2026;81;-5,529;-1,1796;-1,1796;195,3490;198,4937;-6968,7168;6155,6866;-813,0302;1034,5600;-203,0552;-18,4746;Nie
17.2.2026;82;2,634;-0,0472;-0,0472;110,3750;110,3750;-3616,6576;4061,6896;445,0320;40,9552;-8,1250;-477,8622;Nie
17.2.2026;83;-3,143;-0,4860;-0,4860;200,9000;200,9000;-6694,1889;6341,6094;-352,5795;413,3091;-83,6596;22,9300;Nie
17.2.2026;84;0,736;-0,0804;-0,0804;122,7250;122,7250;-4303,7203;4563,0382;259,3179;66,9999;-13,8400;-312,4778;Nie
17.2.2026;85;1,723;0,1328;0,1328;115,7290;115,7290;-2823,5561;3177,5712;354,0150;-109,5392;20,2234;-264,6993;Nie
17.2.2026;86;5,240;0,5765;0,5765;80,2200;80,2200;-1364,9433;1891,5876;526,6443;-466,2886;87,7923;-148,1480;Nie
17.2.2026;87;7,466;1,1377;1,1377;95,2130;95,2130;-1429,4328;2265,1173;835,6845;-910,4479;173,2546;-98,4912;Nie
17.2.2026;88;11,060;1,2241;1,2241;92,8850;92,8850;-1377,3917;2521,7349;1144,3432;-949,7732;186,4121;-380,9821;Nie
17.2.2026;89;10,255;1,8102;1,8102;122,0060;105,2800;-1545,0893;2755,4934;1210,4042;-1372,0535;237,1271;-75,4778;Nie
17.2.2026;90;3,938;0,6036;0,6036;104,8590;102,1900;-1674,5875;2206,4865;531,8990;-454,3433;79,0686;-156,6242;Nie
17.2.2026;91;6,612;0,7425;0,7425;81,3150;81,3150;-1399,0246;2037,1847;638,1601;-549,1757;97,2638;-186,2482;Nie
17.2.2026;92;9,310;1,2516;1,2516;92,3770;92,3770;-1396,7402;2372,0566;975,3164;-904,3334;163,9533;-234,9363;Nie
17.2.2026;93;11,396;1,7330;1,7330;97,8710;91,4496;-1432,4665;2580,7992;1148,3326;-1231,2897;188,5175;-105,5604;Nie
17.2.2026;94;10,536;1,9108;1,9108;111,1940;92,0556;-1227,4694;2304,6119;1077,1426;-1341,8024;207,8587;56,8011;Nie
17.2.2026;95;14,017;2,1599;2,1599;107,1930;89,1160;-1144,1603;2492,4854;1348,3251;-1509,0769;234,9561;-74,2043;Nie
17.2.2026;96;13,306;1,3863;1,3863;77,2950;77,2950;-1457,7837;2570,5225;1112,7388;-968,4780;150,8031;-295,0639;Nie
18.2.2026;1;31,657;3,3996;3,3996;77,6650;77,6650;-836,4521;3370,0397;2533,5876;-2483,2774;329,2173;-379,5275;Nie
18.2.2026;2;24,233;2,4270;2,4270;73,9620;73,9620;-689,2519;2552,6505;1863,3986;-1784,6150;235,0307;-313,8143;Nie
18.2.2026;3;21,544;1,9461;1,9461;66,9140;66,9140;-647,3930;2152,8910;1505,4981;-1421,2584;188,4603;-272,7000;Nie
18.2.2026;4;14,115;1,4335;1,4335;76,9970;76,9970;-855,0517;2015,7815;1160,7298;-1043,5121;138,8201;-256,0378;Nie
18.2.2026;5;9,040;1,6602;1,6602;103,5760;93,6858;-1363,6905;2301,0169;937,3264;-1185,7340;144,2664;104,1412;Nie
18.2.2026;6;5,772;0,7822;0,7822;103,5840;92,7934;-1246,8649;1867,5600;620,6951;-559,7546;67,9708;-128,9113;Nie
18.2.2026;7;6,330;0,9320;0,9320;101,1390;92,5708;-1319,5968;1992,0310;672,4343;-661,7150;80,9880;-91,7073;Nie
18.2.2026;8;5,227;0,4893;0,4893;93,4240;91,4841;-1780,9210;2341,5355;560,6146;-346,7167;42,5187;-256,4166;Nie
18.2.2026;9;4,323;0,8090;0,8090;109,7300;82,5884;-1832,5540;2285,8817;453,3277;-586,9081;67,9528;65,6276;Nie
18.2.2026;10;6,983;0,9649;0,9649;105,7850;82,5884;-1514,2583;2182,9766;668,7183;-697,3765;81,0477;-52,3895;Nie
18.2.2026;11;12,866;1,2385;1,2385;73,4800;73,4800;-1068,5462;2091,9021;1023,3560;-886,9543;104,0290;-240,4307;Nie
18.2.2026;12;15,648;1,5221;1,5221;69,9780;69,9780;-922,1001;2093,7418;1171,6417;-1077,2070;127,8503;-222,2850;Nie
18.2.2026;13;9,679;1,5180;1,5180;97,7630;87,2630;-1511,1334;2448,3380;937,2046;-1080,6190;127,0657;16,3487;Nie
18.2.2026;14;9,869;1,8044;1,8044;122,4220;87,2630;-1348,0388;2302,9578;954,9190;-1278,8878;151,0391;172,9297;Nie
18.2.2026;15;13,682;2,1319;2,1319;115,6640;87,1068;-1204,7742;2481,8469;1277,0728;-1512,9687;178,4528;57,4431;Nie
18.2.2026;16;13,477;1,4393;1,4393;81,6580;81,6580;-1057,4711;2241,5121;1184,0410;-1023,8516;120,4780;-280,6674;Nie
18.2.2026;17;11,242;0,7115;0,7115;45,1260;45,1260;-672,8738;1226,3893;553,5155;-513,6791;63,6387;-103,4751;Nie
18.2.2026;18;4,206;0,4276;0,4276;67,3770;67,3770;-1234,2793;1588,4802;354,2009;-312,2977;38,2458;-80,1490;Nie
18.2.2026;19;5,029;0,4984;0,4984;58,2360;58,2360;-878,7230;1231,4585;352,7355;-365,6156;44,5784;-31,6982;Nie
18.2.2026;20;5,857;0,2962;0,2962;48,8840;48,8840;-881,9162;1218,2382;336,3219;-275,9887;26,4930;-86,8262;Nie
18.2.2026;21;14,660;1,0130;1,0130;87,5460;87,5460;-60098,4030;61471,6495;1373,2466;-1393,3878;103,1659;-83,0247;Nie
18.2.2026;22;17,755;2,2344;2,2344;81,2810;81,2810;-989,3523;2518,2479;1528,8956;-1572,0776;227,5558;-184,3738;Nie
18.2.2026;23;18,188;3,2425;3,2425;121,2890;94,7937;-1217,2459;3044,7736;1827,5277;-2338,2816;330,2227;180,5312;Nie
18.2.2026;24;26,986;2,2951;2,2951;65,7580;65,7580;-553,6166;2401,7452;1848,1286;-1702,1538;233,7376;-379,7124;Nie
18.2.2026;25;13,799;1,5804;1,5804;67,8100;67,8100;-1205,2549;2218,7432;1013,4883;-1228,3607;187,8068;27,0656;Nie
18.2.2026;26;9,179;1,1929;1,1929;103,7590;103,7590;-1758,4038;2835,4222;1077,0184;-967,7790;141,7583;-250,9977;Nie
18.2.2026;27;13,960;2,1855;2,1855;121,6810;121,6810;-1800,3921;3643,1291;1842,7371;-1811,3106;259,7139;-291,1404;Nie
18.2.2026;28;16,446;1,6526;1,6526;88,8410;88,8410;-1379,6119;2944,0131;1564,4012;-1395,3649;196,3867;-365,4230;Nie
18.2.2026;29;0,475;0,1124;0,1124;61,7330;61,7330;-1879,5847;1979,1600;99,5753;-96,8231;14,2989;-17,0511;Nie
18.2.2026;30;3,299;0,4219;0,4219;164,8450;164,8450;-4875,2909;5564,8375;689,5466;-365,3954;53,6716;-377,8228;Nie
18.2.2026;31;10,117;1,3933;1,3933;130,4620;130,4620;-3558,6120;4991,8675;1433,2555;-1203,8557;177,2473;-406,6471;Nie
18.2.2026;32;14,827;2,2614;2,2614;128,8710;128,8710;-4383,8048;6385,4292;2001,6244;-1949,8411;287,6817;-339,4650;Nie
18.2.2026;33;23,379;1,4933;1,4933;59,9330;59,9330;-1628,9789;3053,3466;1424,3677;-1279,7812;195,7209;-340,3073;Nie
18.2.2026;34;24,098;3,3629;3,3629;120,5530;120,5530;-3542,8116;6447,4155;2904,6040;-2903,0793;440,7619;-442,2865;Nie
18.2.2026;35;22,393;2,1997;2,1997;88,5780;88,5780;-2625,4519;4548,3031;1922,8512;-1933,4313;288,3059;-277,7258;Nie
18.2.2026;36;30,426;1,8813;1,8813;54,6240;54,6240;-1199,1607;2820,1825;1621,0218;-1645,9598;246,5745;-221,6365;Nie
18.2.2026;37;22,694;2,2931;2,2931;91,1670;91,1670;-3158,1160;5154,9468;1996,8308;-2016,0862;310,4330;-291,1776;Nie
18.2.2026;38;19,407;2,5649;2,5649;114,5440;102,5435;-3529,0346;5438,9072;1909,8727;-2254,8567;347,2285;-2,2445;Nie
18.2.2026;39;8,942;1,6711;1,6711;133,9890;109,7120;-4262,2015;5156,3543;894,1528;-1454,4695;226,2285;334,0882;Nie
18.2.2026;40;8,275;0,9896;0,9896;112,7000;105,2694;-4111,2964;4900,6064;789,3100;-856,5867;133,9691;-66,6923;Nie
18.2.2026;41;6,677;0,8726;0,8726;110,9660;97,1017;-3968,2552;4556,1089;587,8537;-732,5474;118,7774;25,9163;Nie
18.2.2026;42;3,316;0,4002;0,4002;82,4270;82,4270;-3637,2562;3872,2556;234,9994;-332,2118;54,4748;42,7376;Nie
18.2.2026;43;9,852;0,4921;0,4921;45,0570;45,0570;-1853,4648;2277,3610;423,8963;-411,9220;66,9842;-78,9584;Nie
18.2.2026;44;0,387;-0,1545;-0,1545;56,7410;56,7410;-2495,1855;2510,0516;14,8661;128,9864;-21,0304;-122,8222;Nie
18.2.2026;45;0,075;-0,1191;-0,1191;48,6930;48,6930;-1967,2946;1959,3089;-7,9857;103,3200;-16,4215;-78,9128;Nie
18.2.2026;46;-10,318;-0,6560;-0,6560;57,7790;129,5030;-5619,5237;4182,9469;-1436,5768;568,6243;-90,4493;958,4018;Nie
18.2.2026;47;-9,671;-0,5079;-0,5079;43,6090;124,4430;-5334,9959;4142,5830;-1192,4128;439,7529;-70,0293;822,6892;Nie
18.2.2026;48;-16,070;-0,9920;-0,9920;50,1280;117,7000;-5005,0748;3150,0051;-1855,0697;861,1362;-136,7770;1130,7105;Nie
18.2.2026;49;-17,347;-1,2673;-1,2673;65,9030;127,9080;-5384,0314;3258,8400;-2125,1914;1105,4466;-168,1821;1187,9269;Nie
18.2.2026;50;-21,453;-1,2555;-1,2555;49,6860;122,6720;-5383,4607;2838,2621;-2545,1987;1090,7146;-166,6161;1621,1002;Nie
18.2.2026;51;-15,942;-0,5897;-0,5897;33,7310;119,4160;-5146,7102;3318,0930;-1828,6172;510,0108;-78,2585;1396,8649;Nie
18.2.2026;52;-26,300;-1,6333;-1,6333;55,5630;119,7680;-6431,3021;3289,6677;-3141,6344;1418,1910;-216,7536;1940,1970;Nie
18.2.2026;53;-16,248;-2,1253;-2,1253;107,8310;125,1360;-4920,8481;2964,8472;-1956,0008;1846,3067;-281,0284;390,7225;Nie
18.2.2026;54;-10,903;-1,0235;-1,0235;68,9750;121,9130;-4753,1440;3504,3892;-1248,7549;880,1517;-135,3374;503,9406;Nie
18.2.2026;55;-5,954;-0,5053;-0,5053;71,6760;120,3950;-4437,6393;3784,0149;-653,6245;429,6135;-66,8158;290,8268;Nie
18.2.2026;56;-5,796;-0,6554;-0,6554;100,0800;120,3510;-4178,3460;3521,8313;-656,5147;558,5935;-86,6635;184,5847;Nie
18.2.2026;57;5,106;0,3549;0,3549;60,2820;60,2820;-1531,4642;1854,3949;322,9307;-300,4473;47,1233;-69,6066;Nie
18.2.2026;58;9,027;0,6124;0,6124;60,9570;60,9570;-1421,3953;1997,7438;576,3484;-517,9012;81,3139;-139,7611;Nie
18.2.2026;59;15,018;0,9271;0,9271;51,5830;51,5830;-1063,7446;1852,2939;788,5493;-774,6969;123,0994;-136,9518;Nie
18.2.2026;60;3,930;0,1789;0,1789;43,2730;43,2730;-962,6079;1146,0421;183,4342;-150,5842;23,7542;-56,6042;Nie
18.2.2026;61;18,799;1,9027;1,9027;75,6750;75,6750;-1333,9232;2760,5483;1426,6251;-1568,9191;263,8912;-121,5972;Nie
18.2.2026;62;15,802;1,3547;1,3547;63,7000;63,7000;-1201,5731;2237,6536;1036,0805;-1115,3762;187,8874;-108,5917;Nie
18.2.2026;63;17,982;1,4619;1,4619;61,9030;61,9030;-1161,7955;2320,9292;1159,1337;-1193,6105;202,7553;-168,2785;Nie
18.2.2026;64;18,006;2,0654;2,0654;83,0630;83,0630;-1868,9175;3436,6486;1567,7311;-1686,8119;286,4565;-167,3757;Nie
18.2.2026;65;16,852;2,2461;2,2461;101,9070;101,9070;-2353,2364;4187,7663;1834,5298;-1898,8862;336,8049;-272,4486;Nie
18.2.2026;66;14,446;2,5895;2,5895;130,9170;119,9481;-3218,4474;5099,2336;1880,7862;-2187,4673;388,2981;-81,6170;Nie
18.2.2026;67;26,483;4,1811;4,1811;131,7580;122,0206;-2313,1445;5696,0436;3382,8991;-3544,2914;626,9601;-465,5678;Nie
18.2.2026;68;24,113;1,8558;1,8558;109,2060;109,2060;-2546,9023;5317,4586;2770,5562;-2767,9652;278,2791;-280,8701;Nie
18.2.2026;69;35,076;3,9996;3,9996;96,0340;96,0340;-2184,1013;5670,2315;3486,1302;-3437,9544;684,9195;-733,0953;Nie
18.2.2026;70;21,481;2,8947;2,8947;110,5330;110,5330;-2210,7705;4729,5965;2518,8260;-2509,5255;495,7087;-505,0092;Nie
18.2.2026;71;14,921;2,4292;2,4292;124,9060;124,9060;-1862,9730;3890,9468;2027,9738;-2147,0722;415,9932;-296,8948;Nie
18.2.2026;72;10,818;1,7004;1,7004;131,7560;131,7560;-3099,6917;4703,0304;1603,3388;-1499,3871;291,1884;-395,1401;Nie
18.2.2026;73;-10,075;-1,2253;-1,2253;119,8290;198,0220;-8653,5614;6908,7896;-1744,7718;1074,1393;-227,5235;898,1560;Nie
18.2.2026;74;-12,295;-0,9038;-0,9038;126,2980;203,1615;-10623,7212;8344,0460;-2279,6752;1367,4112;-167,8248;1080,0888;Nie
18.2.2026;75;-4,797;-0,5071;-0,5071;158,6660;204,1652;-9881,7998;9124,5511;-757,2487;445,3922;-94,1624;406,0189;Nie
18.2.2026;76;0,374;0,3465;0,3465;149,8220;149,8220;-5774,4395;6025,5412;251,1017;-300,9101;64,3409;-14,5325;Nie
18.2.2026;77;-1,975;-0,3324;-0,3324;137,9450;192,6972;-8236,0710;8113,9010;-122,1700;288,6829;-61,7473;-104,7656;Nie
18.2.2026;78;-2,766;-0,3403;-0,3403;177,8660;196,9326;-9190,6475;8882,0541;-308,5934;294,5360;-63,2148;77,2722;Nie
18.2.2026;79;0,178;-0,0912;-0,0912;138,9290;138,9290;-6388,7890;6606,2129;217,4239;79,1697;-16,9415;-279,6521;Nie
18.2.2026;80;0,568;-0,2875;-0,2875;98,4220;98,4220;-4604,6733;4783,8997;179,2265;249,0490;-53,4066;-374,8689;Nie
18.2.2026;81;1,025;0,1931;0,1931;126,0340;126,0340;-5313,2153;5614,3106;301,0952;-289,9998;34,1669;-45,2623;Nie
18.2.2026;82;-5,499;-0,6413;-0,6413;130,4950;214,2078;-12674,2471;11752,5109;-921,7362;547,6319;-113,4710;487,5752;Nie
18.2.2026;83;0,508;0,2642;0,2642;136,5640;136,5640;-6020,2874;6261,4594;241,1720;-220,1744;46,7473;-67,7449;Nie
18.2.2026;84;-1,319;-0,3545;-0,3545;109,4690;211,0081;-9415,1814;9383,7412;-31,4402;291,3253;-62,7249;-197,1602;Nie
18.2.2026;85;-2,145;0,0306;0,0306;141,9120;197,2255;-5377,7477;5214,4450;-163,3027;-24,7371;4,7846;183,2552;Nie
18.2.2026;86;-0,932;-0,3405;-0,3405;141,3590;187,0725;-4384,6053;4451,0160;66,4107;270,4495;-53,2406;-283,6197;Nie
18.2.2026;87;-6,858;-0,6356;-0,6356;119,8140;186,0870;-5059,1473;4015,5714;-1043,5759;907,7005;-99,3824;235,2578;Nie
18.2.2026;88;2,890;0,1075;0,1075;69,8320;69,8320;-1521,8488;1809,4170;287,5682;-82,7452;16,8087;-221,6317;Nie
18.2.2026;89;-3,759;-0,3372;-0,3372;75,1340;134,8710;-2716,9763;2375,2132;-341,7631;254,6635;-44,2531;131,3527;Nie
18.2.2026;90;-4,983;-0,7064;-0,7064;118,1170;127,3472;-2911,6664;2429,0205;-482,6459;526,1571;-92,7058;49,1946;Nie
18.2.2026;91;-5,415;-0,6361;-0,6361;111,0660;123,2194;-2805,0896;2286,8288;-518,2608;464,5068;-83,4799;137,2339;Nie
18.2.2026;92;3,957;0,3765;0,3765;100,9950;100,9950;-1992,0254;2508,8168;516,7914;-269,4627;49,4107;-296,7394;Nie
18.2.2026;93;10,846;1,5373;1,5373;97,1620;96,1521;-1527,1838;2681,6821;1154,4983;-1083,6388;168,7709;-239,6304;Nie
18.2.2026;94;10,080;0,6928;0,6928;90,0580;90,0580;-1782,6981;2793,8693;1011,1712;-928,3277;76,0584;-158,9019;Nie
18.2.2026;95;8,101;0,8910;0,8910;84,1460;84,1460;-1367,6249;2142,3572;774,7322;-687,5407;97,8175;-185,0091;Nie
18.2.2026;96;7,700;0,5747;0,5747;72,4560;72,4560;-1222,8399;1858,8587;636,0188;-443,8028;63,0929;-255,3088;Nie
19.2.2026;1;7,844;1,0642;1,0642;90,5730;90,5730;-1186,1440;1990,6134;804,4694;-759,4959;103,9809;-148,9543;Nie
19.2.2026;2;11,340;1,0925;1,0925;76,1490;76,1490;-704,5305;1642,7624;938,2318;-767,1491;106,7460;-277,8287;Nie
19.2.2026;3;8,119;0,5987;0,5987;53,9990;53,9990;-549,1698;1041,6947;492,5249;-432,4180;58,4978;-118,6047;Nie
19.2.2026;4;8,268;0,4200;0,4200;71,9180;71,9180;-798,2179;1462,8840;664,6662;-569,2007;41,0374;-136,5028;Nie
19.2.2026;5;4,784;0,3536;0,3536;45,1320;45,1320;-552,5511;813,3238;260,7727;-251,5744;31,1218;-40,3200;Nie
19.2.2026;6;5,097;0,6434;0,6434;88,1870;88,1870;-971,2916;1504,9993;533,7077;-454,3331;56,6282;-136,0028;Nie
19.2.2026;7;3,566;0,3845;0,3845;87,0510;87,0510;-886,7885;1281,4778;394,6892;-279,6428;33,8414;-148,8878;Nie
19.2.2026;8;12,509;1,1943;1,1943;71,1390;71,1390;-566,9067;1522,0900;955,1834;-858,0279;105,1151;-202,2706;Nie
19.2.2026;9;7,370;0,6997;0,6997;65,8140;65,8140;-880,4597;1447,5789;567,1192;-518,9152;59,8880;-108,0921;Nie
19.2.2026;10;8,300;0,6935;0,6935;63,6050;63,6050;-1010,3654;1616,0122;605,6468;-510,9882;59,3574;-154,0160;Nie
19.2.2026;11;7,722;0,3990;0,3990;71,5590;71,5590;-1042,2568;1678,2017;635,9448;-548,7245;34,1508;-121,3711;Nie
19.2.2026;12;6,793;0,6340;0,6340;68,9340;68,9340;-902,6218;1452,6462;550,0244;-465,8804;54,2647;-138,4087;Nie
19.2.2026;13;10,333;1,1617;1,1617;80,6410;80,6410;-1330,0120;2255,6901;925,6780;-857,5227;98,5772;-166,7326;Nie
19.2.2026;14;10,051;1,2088;1,2088;87,8330;87,8330;-1178,3675;2164,7321;986,3646;-890,4566;102,5739;-198,4819;Nie
19.2.2026;15;10,239;1,1773;1,1773;84,3420;84,3420;-1106,7357;2069,7527;963,0170;-868,0274;99,9010;-194,8905;Nie
19.2.2026;16;10,771;1,4753;1,4753;94,1590;89,6030;-1300,4083;2369,8201;1069,4118;-1090,9210;125,1881;-103,6789;Nie
19.2.2026;17;2,276;0,2592;0,2592;108,6270;90,7925;-1599,6731;1912,7256;313,0525;-360,3439;23,3679;23,9234;Nie
19.2.2026;18;2,000;0,3254;0,3254;104,5280;90,7925;-1570,7103;1851,1683;280,4580;-246,3489;29,3361;-63,4452;Nie
19.2.2026;19;5,266;0,5508;0,5508;85,0670;85,0670;-1312,4987;1854,2905;541,7917;-407,8467;49,6568;-183,6018;Nie
19.2.2026;20;4,466;0,5232;0,5232;79,3890;79,3890;-1302,2972;1746,5580;444,2608;-390,5732;47,1686;-100,8562;Nie
19.2.2026;21;11,227;1,3297;1,3297;84,2550;84,2550;-1283,2037;2322,0678;1038,8642;-999,2606;136,3488;-175,9523;Nie
19.2.2026;22;14,029;1,6828;1,6828;87,0820;87,0820;-1297,0864;2618,6428;1321,5564;-1281,9466;172,5560;-212,1658;Nie
19.2.2026;23;11,474;1,5740;1,5740;89,2770;89,2770;-1561,0083;2689,6482;1128,6398;-1191,6173;161,3995;-98,4221;Nie
19.2.2026;24;8,442;0,7299;0,7299;117,9820;95,8073;-1771,9560;2689,6941;917,7381;-1033,4259;74,8447;40,8431;Nie
19.2.2026;25;15,653;2,3759;2,3759;109,2910;100,1300;-1659,3544;3336,1313;1676,7770;-1883,6714;285,4501;-78,5557;Nie
19.2.2026;26;16,548;2,3586;2,3586;116,2000;116,2000;-1728,2426;3776,5000;2048,2574;-1956,2999;283,3716;-375,3291;Nie
19.2.2026;27;9,613;1,2087;1,2087;101,4320;101,4320;-1832,2676;2921,8502;1089,5825;-1026,4304;145,2181;-208,3702;Nie
19.2.2026;28;9,987;1,3640;1,3640;106,6130;106,6130;-1802,2928;2984,4177;1182,1249;-1177,1036;163,8764;-168,8978;Nie
19.2.2026;29;3,282;0,2559;0,2559;127,1930;127,1930;-3608,2110;4157,3032;549,0922;-224,3595;32,1702;-356,9029;Nie
19.2.2026;30;3,750;0,3422;0,3422;105,3690;105,3690;-2311,9012;2824,2053;512,3041;-304,7985;43,0193;-250,5249;Nie
19.2.2026;31;6,414;0,8390;0,8390;112,4090;112,4090;-2382,6212;3216,3587;833,7376;-745,5371;105,4740;-193,6745;Nie
19.2.2026;32;22,600;2,5207;2,5207;98,2010;98,2010;-1775,7687;4042,8370;2267,0683;-2256,2116;316,8873;-327,7440;Nie
19.2.2026;33;32,676;4,0307;4,0307;111,3900;111,3900;-1368,8717;5052,0935;3683,2217;-3617,7841;528,9246;-594,3622;Nie
19.2.2026;34;24,787;2,6343;2,6343;97,6910;97,6910;-1651,4664;4146,3968;2494,9304;-2381,6654;345,6834;-458,9484;Nie
19.2.2026;35;21,576;1,6191;1,6191;72,9010;72,9010;-1421,4966;3020,7987;1599,3021;-1497,5663;212,4648;-314,2006;Nie
19.2.2026;36;20,063;2,3918;2,3918;113,8010;98,0288;-2183,8856;4180,8303;1996,9447;-2213,2855;313,8616;-97,5207;Nie
19.2.2026;37;6,390;0,5417;0,5417;88,8240;88,8240;-1754,8958;2383,2367;628,3410;-505,9525;73,8705;-196,2590;Nie
19.2.2026;38;-0,754;-0,0815;-0,0815;116,7020;149,2480;-3747,4680;3727,9165;-19,5515;76,2786;-11,1140;-45,6131;Nie
19.2.2026;39;-4,090;-0,4959;-0,4959;114,9590;131,6260;-3833,2124;133434,0147;129600,8024;463,1165;-67,6249;-129996,2940;Nie
19.2.2026;40;-5,886;-0,8791;-0,8791;123,7990;127,0500;-3953,7960;3302,5377;-651,2583;817,4172;-119,8811;-46,2778;Nie
19.2.2026;41;-0,962;-0,1650;-0,1650;93,9240;140,8000;-3978,5856;3930,9952;-47,5904;149,1857;-22,3966;-79,1987;Nie
19.2.2026;42;2,727;0,1351;0,1351;74,0050;74,0050;-1837,9882;2081,3906;243,4024;-122,0823;18,3381;-139,6582;Nie
19.2.2026;43;-7,758;-0,9302;-0,9302;96,5220;130,0530;-4222,8209;3285,9191;-936,9018;857,3451;-126,2626;205,8193;Nie
19.2.2026;44;-7,235;-0,8505;-0,8505;102,1290;125,8180;-4823,6105;3999,3768;-824,2337;779,8844;-115,4443;159,7936;Nie
19.2.2026;45;-1,599;-0,1053;-0,1053;67,2800;132,5830;-4391,8119;4328,9675;-62,8443;99,8675;-14,6646;-22,3586;Nie
19.2.2026;46;-2,677;-0,3362;-0,3362;103,0700;128,5680;-4685,4036;4482,6519;-202,7517;317,6514;-46,8209;-68,0788;Nie
19.2.2026;47;-1,306;-0,1383;-0,1383;95,9680;131,7580;-5129,2072;5104,5684;-24,6387;131,1213;-19,2603;-87,2222;Nie
19.2.2026;48;-0,908;-0,2464;-0,2464;112,6020;131,0980;-5070,0841;5092,8951;22,8111;233,1769;-34,3149;-221,6731;Nie
19.2.2026;49;1,879;0,0570;0,0570;75,3790;75,3790;-2612,7115;2826,4110;213,6995;-53,9078;7,7080;-167,4997;Nie
19.2.2026;50;2,499;0,1109;0,1109;63,2440;63,2440;-2572,6394;2795,7643;223,1248;-104,8579;14,9968;-133,2637;Nie
19.2.2026;51;-1,503;-0,1798;-0,1798;71,2180;125,9390;-5119,7982;5080,2533;-39,5448;169,8747;-24,3140;-106,0159;Nie
19.2.2026;52;0,193;-0,1557;-0,1557;43,0400;43,0400;-1520,6893;1579,4389;58,7496;145,3836;-21,0550;-183,0782;Nie
19.2.2026;53;-11,612;-1,4655;-1,4655;125,0370;135,9380;-4726,0205;3303,2934;-1422,7271;1374,0934;-195,2295;243,8632;Nie
19.2.2026;54;-12,872;-1,7653;-1,7653;118,7980;136,0040;-4699,4822;3117,7557;-1581,7265;1645,8858;-235,1680;171,0087;Nie
19.2.2026;55;-23,891;-3,3621;-3,3621;150,4500;150,4500;-6799,8887;3395,6565;-3404,2322;3114,3275;-447,8889;737,7935;Nie
19.2.2026;56;-12,861;-2,4652;-2,4652;158,0190;158,0190;-5542,8325;3704,5974;-1838,2350;2260,5324;-328,4065;-93,8908;Nie
19.2.2026;57;2,024;0,1255;0,1255;85,4080;85,4080;-2637,3136;2912,1566;274,8429;-115,3483;16,5083;-176,0029;Nie
19.2.2026;58;4,840;0,9749;0,9749;130,4860;115,2052;-3503,7357;4199,3447;695,6090;-892,5880;128,2383;68,7407;Nie
19.2.2026;59;1,817;1,5611;1,5611;190,4240;116,5907;-4152,2612;4501,9167;349,6555;-1426,5449;205,3471;871,5423;Nie
19.2.2026;60;5,353;2,5340;2,5340;370,8760;116,3530;-3777,7492;4539,6286;761,8794;-2294,1576;333,3224;1198,9558;Nie
19.2.2026;61;12,755;1,3869;1,3869;109,6720;109,6720;-3696,9334;5216,5487;1519,6152;-1240,2052;185,3939;-464,8039;Nie
19.2.2026;62;7,174;1,0194;1,0194;111,3170;111,3170;-3681,2532;4603,7372;922,4840;-912,6677;136,2683;-146,0846;Nie
19.2.2026;63;6,259;0,6247;0,6247;81,6410;81,6410;-2889,1117;3492,1938;603,0821;-557,4979;83,5068;-129,0909;Nie
19.2.2026;64;1,580;0,0006;0,0006;76,8650;76,8650;-2903,4985;3110,9571;207,4586;-0,5646;0,0802;-206,9742;Nie
19.2.2026;65;3,439;0,4305;0,4305;88,4850;88,4850;-2833,9976;3267,9280;433,9304;-393,5879;63,9740;-104,3166;Nie
19.2.2026;66;-1,657;-0,1682;-0,1682;116,5890;191,7251;-6625,0608;6584,2234;-40,8374;153,9489;-24,9952;-88,1163;Nie
19.2.2026;67;8,124;1,2825;1,2825;122,8770;122,8770;-3692,4539;4866,4207;1173,9669;-1175,0646;190,5846;-189,4869;Nie
19.2.2026;68;-3,837;-0,6740;-0,6740;152,4970;212,1752;-8468,1244;7951,2656;-516,8588;620,3676;-100,1591;-3,3497;Nie
19.2.2026;69;-25,533;-4,1490;-4,1490;153,7730;237,9866;-10766,5138;5016,5195;-5749,9942;3785,2428;-724,3698;2689,1212;Nie
19.2.2026;70;-22,495;-3,4130;-3,4130;142,1610;241,3852;-9930,3457;4834,4628;-5095,8830;3129,0030;-595,8723;2562,7522;Nie
19.2.2026;71;-24,394;-3,6279;-3,6279;147,3440;242,9507;-9876,4319;4297,0690;-5579,3628;3331,7576;-633,3914;2880,9967;Nie
19.2.2026;72;-20,977;-3,8246;-3,8246;181,2390;244,5867;-10427,2202;5641,8814;-4785,3388;3514,8745;-667,7331;1938,1974;Nie
19.2.2026;73;-15,426;-2,1239;-2,1239;120,5450;217,4109;-6617,3356;3573,3656;-3043,9700;1963,8039;-395,1877;1475,3538;Nie
19.2.2026;74;-9,798;-1,2660;-1,2660;135,4760;215,9317;-5619,1906;3808,1715;-1811,0192;1167,8020;-235,5608;878,7780;Nie
19.2.2026;75;-0,918;-0,1275;-0,1275;139,2160;212,9776;-5695,4470;5806,6213;111,1743;118,1600;-23,7235;-205,6108;Nie
19.2.2026;76;0,641;0,0148;0,0148;175,0400;168,0000;-3850,7280;4197,1440;346,4160;-13,5774;2,7538;-335,5924;Nie
19.2.2026;77;-5,011;-0,7366;-0,7366;116,0660;185,2072;-5074,1217;4406,4497;-667,6720;673,1099;-135,8666;130,4287;Nie
19.2.2026;78;3,038;0,3631;0,3631;105,5280;105,5280;-2377,6514;2842,6077;464,9564;-329,7393;66,9742;-202,1912;Nie
19.2.2026;79;0,724;0,0553;0,0553;105,0530;105,0530;-2399,7257;2621,2825;221,5568;-49,9401;10,2001;-181,8168;Nie
19.2.2026;80;-9,147;-1,0753;-1,0753;104,7330;178,0757;-4728,4441;3349,9601;-1378,4840;963,5565;-198,3402;613,2677;Nie
19.2.2026;81;3,002;0,4893;0,4893;120,6680;120,6680;-2301,8628;2837,8700;536,0073;-438,0164;85,9255;-183,9163;Nie
19.2.2026;82;1,671;0,2699;0,2699;111,4850;111,4850;-1762,1319;2107,5124;345,3805;-239,5695;47,3969;-153,2079;Nie
19.2.2026;83;0,315;0,0767;0,0767;80,4830;80,4830;-1297,1445;1434,1266;136,9821;-66,6252;13,4692;-83,8261;Nie
19.2.2026;84;11,476;1,6443;1,6443;108,0590;108,0590;-1446,0455;2836,7649;1390,7193;-1391,2447;288,7539;-288,2285;Nie
19.2.2026;85;2,402;0,2184;0,2184;96,8630;96,8630;-1990,8252;2355,8050;364,9798;-182,2217;34,0117;-216,7697;Nie
19.2.2026;86;3,162;0,4008;0,4008;90,4960;90,4960;-1393,0049;1800,5084;407,5035;-329,7169;62,4170;-140,2036;Nie
19.2.2026;87;2,855;0,1086;0,1086;70,3660;70,3660;-823,4933;1113,5420;290,0487;-157,5838;16,9124;-149,3772;Nie
19.2.2026;88;3,174;0,4410;0,4410;98,2190;98,2190;-1817,5426;2249,3133;431,7707;-348,9809;68,6774;-151,4672;Nie
19.2.2026;89;2,089;0,3617;0,3617;107,8440;102,0831;-861,9897;1199,6806;337,6909;-279,7998;47,5198;-105,4109;Nie
19.2.2026;90;-1,192;-0,2330;-0,2330;102,4830;112,8050;-1118,8000;1120,0408;1,2409;234,4936;-30,6113;-205,1231;Nie
19.2.2026;91;-3,683;-0,4977;-0,4977;107,7700;110,0496;-1135,1616;864,2195;-270,9421;374,5793;-65,3873;-38,2499;Nie
19.2.2026;92;-4,956;-0,6639;-0,6639;86,9240;104,3192;-1379,2041;983,7301;-395,4741;495,2013;-87,2225;-12,5047;Nie
19.2.2026;93;-0,477;-0,0475;-0,0475;110,8500;110,8500;-1781,3595;1858,9545;77,5950;64,7749;-5,2673;-137,1026;Nie
19.2.2026;94;2,643;0,2457;0,2457;85,3560;85,3560;-1573,8793;1897,4639;323,5846;-178,3863;27,2457;-172,4440;Nie
19.2.2026;95;0,881;0,2471;0,2471;90,2220;88,5400;-1317,5637;1496,5916;179,0279;-195,5787;27,4009;-10,8501;Nie
19.2.2026;96;-2,428;-0,4577;-0,4577;97,0120;97,0120;-1738,2610;1609,6231;-128,6379;359,4509;-50,7544;-180,0586;Nie
20.2.2026;1;-0,897;-0,2741;-0,2741;95,0910;100,9470;-1775,7587;1782,4212;6,6625;190,7692;-26,5460;-170,8857;Nie
20.2.2026;2;4,789;0,4178;0,4178;92,9400;92,9300;-1188,2959;1720,5060;532,2101;-285,6771;40,4631;-286,9961;Nie
20.2.2026;3;-0,437;-0,2559;-0,2559;98,6960;101,5850;-1291,7549;1343,5632;51,8084;173,7277;-24,7834;-200,7526;Nie
20.2.2026;4;3,197;0,1322;0,1322;62,2970;62,2970;-905,3623;1161,7145;256,3522;-172,8712;12,8033;-96,2843;Nie
20.2.2026;5;-3,132;-0,2042;-0,2042;132,5620;132,5620;-2373,1249;2076,0535;-297,0714;144,6294;-17,8661;170,3081;Nie
20.2.2026;6;0,787;0,0537;0,0537;124,5730;87,6858;-924,2083;1068,3638;144,1555;-37,9384;4,6984;-110,9154;Nie
20.2.2026;7;3,455;0,3614;0,3614;106,3400;87,6858;-1031,7988;1412,3552;380,5564;-254,6103;31,6200;-157,5660;Nie
20.2.2026;8;7,403;2,6744;2,6744;276,1350;87,6858;-1247,9443;1970,9137;722,9694;-1878,7198;233,9913;921,7591;Nie
20.2.2026;9;0,008;0,7533;0,7533;411,1750;86,4284;-958,7502;1061,6000;102,8498;-558,5617;62,5683;393,1436;Nie
20.2.2026;10;8,213;1,0160;1,0160;102,5490;86,4284;-657,1151;1460,2942;803,1791;-741,6940;84,3879;-145,8731;Nie
20.2.2026;11;-1,101;-0,1891;-0,1891;85,7190;99,2420;-958,5785;959,3724;0,7939;139,1490;-15,7065;-124,2365;Nie
20.2.2026;12;-0,541;-0,0165;-0,0165;98,3300;103,0040;-1425,2663;1480,4765;55,2101;12,0574;-1,3705;-65,8971;Nie
20.2.2026;13;-4,953;-0,7453;-0,7453;115,7450;115,7450;-2142,2085;1692,5391;-449,6693;540,5260;-61,5894;-29,2673;Nie
20.2.2026;14;-4,568;-0,8740;-0,8740;110,8060;110,8060;-1923,7030;1532,7794;-390,9236;620,1884;-72,2247;-157,0401;Nie
20.2.2026;15;-3,399;-0,4510;-0,4510;85,4740;103,0161;-1677,4112;1432,2328;-245,1783;321,1079;-37,2693;-38,6603;Nie
20.2.2026;16;-7,023;-0,8579;-0,8579;82,5650;104,3240;-2010,3235;1384,3795;-625,9440;611,8702;-70,8943;84,9681;Nie
20.2.2026;17;-5,645;-0,3347;-0,3347;91,1410;99,8250;-1753,3263;1294,3310;-458,9954;440,0297;-29,3043;48,2700;Nie
20.2.2026;18;0,928;0,1786;0,1786;88,1680;87,8720;-875,9081;1051,7400;175,8319;-120,3290;15,6371;-71,1400;Nie
20.2.2026;19;-5,209;-0,6799;-0,6799;88,6840;101,8237;-1441,9254;1022,3099;-419,6155;469,5455;-59,5280;9,5979;Nie
20.2.2026;20;-1,288;-0,2617;-0,2617;125,2730;125,2730;-1853,4140;1823,9749;-29,4392;182,4447;-22,9129;-130,0927;Nie
20.2.2026;21;-0,551;0,1715;0,1715;146,6290;146,6290;-1611,1595;1683,0077;71,8482;-122,2105;16,9975;33,3648;Nie
20.2.2026;22;4,608;0,3179;0,3179;100,3610;92,4179;-1079,1638;1600,6780;521,5142;-228,8916;31,5074;-324,1300;Nie
20.2.2026;23;6,114;0,4317;0,4317;90,6890;90,6890;-944,6166;1593,3150;648,6984;-595,4862;42,7862;-95,9984;Nie
20.2.2026;24;9,518;1,2424;1,2424;103,5910;98,5618;-1061,2149;2109,9125;1048,6976;-945,1583;123,1355;-226,6748;Nie
20.2.2026;25;12,343;1,1977;1,1977;76,0320;76,0320;-868,2094;1893,2728;1025,0634;-961,2620;138,9380;-202,7394;Nie
20.2.2026;26;0,916;-0,0078;-0,0078;91,4900;91,4900;-1195,4083;1387,2629;191,8545;6,5134;-0,9048;-197,4631;Nie
20.2.2026;27;5,901;0,2631;0,2631;41,5350;41,5350;-571,1063;864,3018;293,1956;-222,5417;30,5207;-101,1745;Nie
20.2.2026;28;-0,326;-0,3647;-0,3647;80,6810;159,4670;-3178,0178;3321,6976;143,6798;314,1456;-42,3067;-415,5187;Nie
20.2.2026;29;-4,665;-0,4105;-0,4105;67,0090;194,1121;-5158,5291;4485,5424;-672,9867;361,4806;-52,2579;363,7639;Nie
20.2.2026;30;-7,276;-0,4730;-0,4730;108,0030;202,6893;-5903,5286;4666,7184;-1236,8101;725,3857;-60,2143;571,6387;Nie
20.2.2026;31;-2,748;-0,4105;-0,4105;114,0970;191,0646;-4856,8621;4553,6426;-303,2195;367,7296;-52,2579;-12,2522;Nie
20.2.2026;32;4,074;0,2337;0,2337;79,9970;79,9970;-2117,2006;2530,8651;413,6645;-211,6877;29,7507;-231,7275;Nie
20.2.2026;33;16,658;1,5080;1,5080;79,0960;79,0960;-1874,4961;3274,8117;1400,3156;-1372,1601;207,6878;-235,8433;Nie
20.2.2026;34;9,948;0,9852;0,9852;92,9530;92,9530;-2510,7535;3530,7268;1019,9733;-905,6873;135,6857;-249,9717;Nie
20.2.2026;35;1,858;0,0925;0,0925;92,5060;92,5060;-2894,0502;3153,8996;259,8494;-86,8570;12,7395;-185,7318;Nie
20.2.2026;36;4,378;0,2011;0,2011;76,9370;76,9370;-2342,8855;2751,4979;408,6124;-317,3567;27,6963;-118,9520;Nie
20.2.2026;37;8,789;0,6038;0,6038;75,6880;75,6880;-1936,0234;2674,1327;738,1094;-573,1445;86,6326;-251,5975;Nie
20.2.2026;38;1,412;0,1524;0,1524;80,4190;80,4190;-2237,4978;2430,6643;193,1664;-145,1095;21,8662;-69,9231;Nie
20.2.2026;39;4,402;0,4718;0,4718;94,2340;94,2340;-2815,0523;3320,4292;505,3769;-442,4526;67,6934;-130,6177;Nie
20.2.2026;40;1,556;0,0491;0,0491;83,3750;83,3750;-2963,0641;3165,4153;202,3511;-45,9928;7,0448;-163,4031;Nie
20.2.2026;41;1,460;0,0765;0,0765;84,3180;84,3180;-2305,2541;2484,8515;179,5973;-69,7038;11,1135;-121,0070;Nie
20.2.2026;42;0,055;-0,0752;-0,0752;101,4940;97,3963;-2996,3972;3053,4714;57,0742;68,4383;-10,9246;-114,5879;Nie
20.2.2026;43;-3,429;-0,4902;-0,4902;118,4640;118,4640;-4103,9484;3754,2426;-349,7057;451,4579;-71,2133;-30,5389;Nie
20.2.2026;44;5,954;-0,3066;-0,3066;-1,6440;-1,6440;-63,1658;52,8299;-10,3358;278,7396;-44,5410;-223,8628;Nie
20.2.2026;45;21,730;0,9992;0,9992;38,1280;38,1280;-687,8291;1539,8755;852,0464;-942,5808;148,1884;-57,6540;Nie
20.2.2026;46;30,544;0,5532;0,5532;23,2160;23,2160;-421,0454;1142,3897;721,3443;-873,8659;82,0434;70,4781;Nie
20.2.2026;47;36,885;-1,2993;-1,2993;-47,1550;-47,1550;-2463,8959;701,3363;-1762,5596;1225,3542;-192,6953;729,9007;Nie
20.2.2026;48;39,260;-0,2986;-0,2986;-17,9920;-17,9920;-958,0560;245,1410;-712,9150;284,5183;-44,2845;472,6812;Nie
20.2.2026;49;33,534;0,2137;0,2137;-5,0000;-5,0000;-306,9700;137,9700;-169,0000;-198,6698;30,2197;337,4501;Nie
20.2.2026;50;34,385;1,2979;1,2979;28,1570;28,1570;-700,1801;1674,0463;973,8662;-1197,8848;183,5386;40,4800;Nie
20.2.2026;51;32,352;1,2596;1,2596;33,2040;33,2040;-937,5149;2019,7993;1082,2844;-1155,6695;178,1226;-104,7374;Nie
20.2.2026;52;42,096;1,5482;1,5482;30,9660;30,9660;-738,9417;2048,3390;1309,3973;-1402,7198;218,9341;-125,6116;Nie
20.2.2026;53;44,958;0,7888;0,7888;8,8760;8,8760;-223,8261;625,2343;401,4082;-716,3793;110,9849;203,9861;Nie
20.2.2026;54;38,000;1,0534;1,0534;19,9730;19,9730;-499,3450;1265,8688;766,5238;-951,8881;148,2144;37,1499;Nie
20.2.2026;55;35,341;0,8126;0,8126;12,2570;12,2570;-329,0514;767,5456;438,4942;-730,0306;114,3336;177,2028;Nie
20.2.2026;56;31,797;0,6312;0,6312;8,9820;8,9820;-284,1007;572,3420;288,2414;-560,3191;88,8105;183,2673;Nie
20.2.2026;57;16,608;0,4891;0,4891;7,7040;7,7040;-241,2585;372,3805;131,1221;-429,8128;69,5050;229,1857;Nie
20.2.2026;58;12,188;0,6025;0,6025;34,0400;34,0400;-1252,7060;1679,5676;426,8616;-529,4716;85,6201;16,9899;Nie
20.2.2026;59;6,614;1,2425;1,2425;123,2860;65,4740;-2427,9069;2890,6771;462,7702;-1091,7747;176,5692;452,4353;Nie
20.2.2026;60;5,843;5,5083;5,5083;465,5340;64,1239;-2381,5616;2790,9927;409,4311;-4791,3335;782,7735;3599,1289;Nie
20.2.2026;61;14,815;0,2727;0,2727;57,0710;57,0710;-1948,7464;2823,6448;874,8984;-232,2946;39,3648;-681,9686;Nie
20.2.2026;62;15,675;1,6386;1,6386;82,9880;82,9880;-2529,9722;3879,7720;1349,7998;-1403,6679;236,5352;-182,6671;Nie
20.2.2026;63;13,599;3,6307;3,6307;172,1490;93,7738;-2609,1622;3944,0323;1334,8700;-3107,7078;524,0988;1248,7390;Nie
20.2.2026;64;19,073;2,4499;2,4499;130,2540;96,3198;-2484,0876;4393,0498;1908,9621;-2093,2176;353,6480;-169,3925;Nie
20.2.2026;65;0,152;0,1128;0,1128;122,0020;105,7200;-3954,2452;4092,5269;138,2818;-99,5089;17,6495;-56,4223;Nie
20.2.2026;66;8,180;1,5253;1,5253;138,1510;112,1824;-3223,7856;4277,8515;1054,0658;-1343,8958;238,6591;51,1709;Nie
20.2.2026;67;5,749;1,0300;1,0300;159,1690;114,9420;-3294,6975;4104,9236;810,2262;-912,7169;161,1610;-58,6703;Nie
20.2.2026;68;0,637;-0,1766;-0,1766;143,9380;116,7580;-4072,0520;4296,1106;224,0586;156,8550;-27,6321;-353,2815;Nie
20.2.2026;69;15,994;0,6095;0,6095;38,6270;38,6270;-1058,6502;1725,1977;666,5475;-540,5276;108,4416;-234,4615;Nie
20.2.2026;70;28,729;3,2485;3,2485;100,6160;100,6160;-1494,9525;4518,1615;3023,2090;-2925,1711;577,9699;-676,0077;Nie
20.2.2026;71;19,976;1,9475;1,9475;88,7020;88,7020;-1000,0263;2895,4994;1895,4730;-1766,4339;346,4973;-475,5364;Nie
20.2.2026;72;19,424;2,0055;2,0055;96,8180;96,8180;-1201,0273;3221,9094;2020,8821;-1809,6120;356,8166;-568,0867;Nie
20.2.2026;73;6,030;0,4675;0,4675;79,7860;79,7860;-1718,4309;2310,9217;592,4908;-421,5065;87,8475;-258,8318;Nie
20.2.2026;74;2,444;0,1757;0,1757;84,9810;84,9810;-1760,6364;2088,0682;327,4318;-157,9186;33,0156;-202,5288;Nie
20.2.2026;75;-1,875;-0,1767;-0,1767;77,4590;143,0000;-3302,8710;3239,3790;-63,4920;159,0199;-33,2035;-62,3244;Nie
20.2.2026;76;3,770;0,2149;0,2149;65,0970;65,0970;-1409,9359;1746,7478;336,8119;-192,5129;40,3816;-184,6806;Nie
20.2.2026;77;16,770;0,2894;0,2894;16,1970;16,1970;-264,3188;558,4078;294,0889;-259,6038;53,1173;-87,6025;Nie
20.2.2026;78;3,850;0,0886;0,0886;35,5110;35,5110;-593,1757;780,4608;187,2850;-79,9040;16,2619;-123,6429;Nie
20.2.2026;79;5,327;0,1569;0,1569;28,8310;28,8310;-449,9366;644,1710;194,2344;-141,0920;28,7979;-81,9403;Nie
20.2.2026;80;4,453;0,1118;0,1118;35,6950;35,6950;-625,2336;833,9423;208,7087;-100,0046;20,5201;-129,2242;Nie
20.2.2026;81;-0,026;-0,0320;-0,0320;77,7670;131,7470;-3249,2763;3429,6379;180,3616;28,5542;-5,5259;-203,3899;Nie
20.2.2026;82;-0,515;-0,1183;-0,1183;59,5700;127,8200;-3101,6801;3211,3497;109,6696;104,8480;-20,4286;-194,0889;Nie
20.2.2026;83;-0,080;-0,1342;-0,1342;72,3580;113,9710;-2560,9284;2701,3406;140,4123;116,2118;-23,1743;-233,4497;Nie
20.2.2026;84;-8,542;-0,7421;-0,7421;73,9800;105,0060;-3643,4982;2886,9300;-756,5682;636,5811;-128,1495;248,1367;Nie
20.2.2026;85;4,500;0,2636;0,2636;24,6590;24,6590;-690,3040;834,5839;144,2798;-219,3539;40,5601;34,5140;Nie
20.2.2026;86;4,357;0,5073;0,5073;81,0780;77,0036;-1722,1085;2159,5660;437,4575;-415,6610;78,0583;-99,8547;Nie
20.2.2026;87;4,453;0,4172;0,4172;85,1960;71,3442;-1545,4581;1959,8252;414,3671;-340,3500;64,1946;-138,2117;Nie
20.2.2026;88;2,582;-0,1011;-0,1011;16,3690;16,3690;-423,2041;486,8304;63,6263;80,3993;-15,5563;-128,4693;Nie
20.2.2026;89;1,932;0,1389;0,1389;37,5450;37,5450;-941,3658;1062,8614;121,4956;-108,2332;18,8412;-32,1036;Nie
20.2.2026;90;2,942;0,3822;0,3822;95,7380;72,6325;-1383,5765;1690,4488;306,8723;-294,8451;51,8439;-63,8711;Nie
20.2.2026;91;-3,718;-0,5229;-0,5229;94,7420;94,7420;-2629,5642;2397,0673;-232,4969;422,9150;-70,9293;-119,4888;Nie
20.2.2026;92;-14,542;-1,5414;-1,5414;84,7530;84,7530;-3148,5740;2023,0541;-1125,5198;1244,8894;-209,0847;89,7152;Nie
20.2.2026;93;-7,521;-0,9022;-0,9022;96,6100;96,6100;-3389,1754;2783,0443;-606,1311;741,6324;-104,8744;-30,6268;Nie
20.2.2026;94;-2,431;-0,3852;-0,3852;95,4160;95,4160;-2978,9829;2863,4342;-115,5488;312,9303;-44,7768;-152,6047;Nie
20.2.2026;95;-8,727;-0,9333;-0,9333;81,8310;81,8310;-2787,4912;2172,2039;-615,2873;760,1852;-108,4896;-36,4083;Nie
20.2.2026;96;-11,299;-1,2314;-1,2314;94,3810;94,3810;-3193,5699;2243,9083;-949,6616;996,7507;-143,1416;96,0526;Nie
21.2.2026;1;-22,827;-2,5520;-2,5520;85,3060;85,3060;-3680,2715;1824,0982;-1856,1733;1917,3402;-254,4114;193,2445;Nie
21.2.2026;2;-7,651;-1,1561;-1,1561;109,2280;109,2280;-4292,8789;3574,8140;-718,0649;847,9073;-115,2528;-14,5897;Nie
21.2.2026;3;-22,829;-3,2934;-3,2934;105,5980;105,5980;-4525,8247;2228,2234;-2297,6013;2650,2594;-328,3223;-24,3358;Nie
21.2.2026;4;-23,067;-2,3272;-2,3272;76,2960;76,2960;-3086,4784;1406,2116;-1680,2668;1857,3461;-232,0009;54,9216;Nie
21.2.2026;5;-11,171;-1,0406;-1,0406;71,2650;81,9390;-3461,1034;2629,7503;-831,3531;776,2858;-91,9235;146,9908;Nie
21.2.2026;6;-8,810;-0,9739;-0,9739;75,5070;75,5070;-2735,4676;2147,2681;-588,1995;710,2517;-86,0314;-36,0208;Nie
21.2.2026;7;-5,585;-0,6218;-0,6218;80,2240;80,2240;-2882,6088;2513,2575;-369,3513;481,4026;-54,9279;-57,1234;Nie
21.2.2026;8;-8,568;-0,9702;-0,9702;79,6380;79,6380;-2844,1915;2239,9780;-604,2135;748,8622;-85,7046;-58,9441;Nie
21.2.2026;9;-10,892;-1,1596;-1,1596;79,3950;79,3950;-3349,9926;2586,6891;-763,3035;885,6163;-99,5586;-22,7542;Nie
21.2.2026;10;-5,704;-0,5565;-0,5565;63,6060;63,6060;-2553,6537;2267,4267;-286,2270;418,9662;-47,7789;-84,9603;Nie
21.2.2026;11;-12,029;-1,5471;-1,5471;93,7040;93,7040;-3681,5365;2668,2214;-1013,3151;1165,3360;-132,8278;-19,1931;Nie
21.2.2026;12;-12,522;-1,0923;-1,0923;63,5060;66,5060;-2846,7893;2092,5448;-754,2445;822,6438;-93,7805;25,3813;Nie
21.2.2026;13;-15,225;-1,9001;-1,9001;91,9430;91,9430;-4174,0283;2877,9078;-1296,1205;1427,6845;-162,9507;31,3866;Nie
21.2.2026;14;-11,849;-1,5375;-1,5375;93,5110;93,5110;-3995,9121;2993,3806;-1002,5314;1144,8666;-131,8545;-10,4807;Nie
21.2.2026;15;-13,851;-1,5249;-1,5249;77,3190;77,3190;-3328,4283;2342,1471;-986,2812;1106,2007;-130,7739;10,8544;Nie
21.2.2026;16;-10,670;-1,1755;-1,1755;76,3870;81,6200;-3392,3721;2613,3092;-779,0629;850,2072;-100,8097;29,6654;Nie
21.2.2026;17;-21,417;-2,5882;-2,5882;90,1620;90,1620;-4099,4858;2269,4677;-1830,0181;1877,4781;-229,0945;181,6345;Nie
21.2.2026;18;-21,070;-2,5563;-2,5563;88,6830;88,6830;-4267,6920;2499,9738;-1767,7182;1859,5440;-226,2709;134,4451;Nie
21.2.2026;19;-20,821;-1,9708;-1,9708;67,4120;67,8260;-3226,3472;1893,9732;-1332,3739;1446,5204;-174,4454;60,2989;Nie
21.2.2026;20;-14,277;-1,2642;-1,2642;64,2830;84,6890;-3639,3404;2527,7973;-1111,5431;925,8749;-111,9007;297,5689;Nie
21.2.2026;21;-8,138;-0,9296;-0,9296;98,9820;98,9820;-4555,4486;3867,7217;-687,7269;685,6596;-86,9288;88,9961;Nie
21.2.2026;22;-16,014;-1,8314;-1,8314;73,4770;73,4770;-3512,0536;2423,7858;-1088,2678;1357,1039;-171,2579;-97,5782;Nie
21.2.2026;23;-22,716;-3,1834;-3,1834;94,4930;95,1280;-4623,0305;2575,0198;-2048,0107;2228,8266;-297,6861;116,8702;Nie
21.2.2026;24;-17,335;-2,3177;-2,3177;91,1430;99,4070;-4034,5325;2427,1213;-1607,4112;1604,7293;-216,7328;219,4147;Nie
21.2.2026;25;-6,493;-0,8523;-0,8523;96,4750;96,4750;-3919,2004;3411,6454;-507,5550;594,2035;-92,2691;5,6206;Nie
21.2.2026;26;-2,017;-0,3521;-0,3521;102,0400;102,0400;-4111,7018;4030,3759;-81,3259;248,2451;-38,1180;-128,8012;Nie
21.2.2026;27;-8,382;-0,9991;-0,9991;85,1060;91,3440;-3197,4967;2544,7525;-652,7442;711,5081;-108,1616;49,3977;Nie
21.2.2026;28;-11,229;-1,3301;-1,3301;80,2530;97,1190;-3621,2762;2649,9890;-971,2871;963,2176;-143,9953;152,0648;Nie
21.2.2026;29;-13,472;-1,1686;-1,1686;64,5460;87,5066;-3309,5871;2240,6940;-1068,8931;853,6043;-157,6885;372,9774;Nie
21.2.2026;30;-21,123;-2,2076;-2,2076;75,0510;94,1490;-3545,7455;1672,3687;-1873,3768;1634,2816;-297,8891;536,9843;Nie
21.2.2026;31;-5,924;-0,6320;-0,6320;69,4460;96,0080;-2858,2542;2399,8160;-458,4382;465,9006;-85,2808;77,8184;Nie
21.2.2026;32;-7,155;-0,8309;-0,8309;96,0470;99,1320;-2880,1811;2285,0917;-595,0894;617,9158;-112,1200;89,2936;Nie
21.2.2026;33;-9,927;-1,5652;-1,5652;125,8500;125,8500;-3712,9526;2570,3604;-1142,5922;1163,2635;-259,7856;239,1143;Nie
21.2.2026;34;-9,290;-1,5462;-1,5462;108,7230;109,3160;-3378,0830;2450,4275;-927,6556;1173,6266;-256,6321;10,6611;Nie
21.2.2026;35;-0,663;-0,1210;-0,1210;84,5270;110,1784;-2646,7055;2678,4369;31,7314;94,6680;-20,0831;-106,3163;Nie
21.2.2026;36;-0,827;-0,0834;-0,0834;73,2940;112,3738;-2691,1278;2699,3310;8,2033;66,0918;-13,8424;-60,4527;Nie
21.2.2026;37;-9,795;-1,3903;-1,3903;123,3010;123,3010;-3686,3300;2569,0996;-1117,2304;1127,7744;-262,1119;251,5678;Nie
21.2.2026;38;-6,588;-0,9713;-0,9713;98,6920;111,3269;-3282,9190;2611,8404;-671,0786;789,7976;-183,1182;64,3992;Nie
21.2.2026;39;-6,801;-0,6485;-0,6485;74,9790;110,9070;-3329,3172;2641,9156;-687,4016;530,8374;-122,2611;278,8252;Nie
21.2.2026;40;-4,837;-0,7909;-0,7909;113,0630;113,0630;-2797,4047;2315,7564;-481,6484;645,4893;-149,1076;-14,7333;Nie
21.2.2026;41;1,714;0,0719;0,0719;85,6810;85,6810;-2222,9079;2410,0352;187,1273;-57,3912;14,3904;-144,1265;Nie
21.2.2026;42;3,299;0,2182;0,2182;88,0150;74,1600;-1967,1682;2222,5752;255,4070;-174,8812;43,6716;-124,1975;Nie
21.2.2026;43;-3,644;-0,5239;-0,5239;100,2680;101,2197;-2749,5319;2381,0922;-368,4397;431,8886;-104,8560;41,4071;Nie
21.2.2026;44;-1,251;-0,2362;-0,2362;68,9590;97,7612;-2743,1793;2667,0233;-76,1560;194,8881;-47,2742;-71,4579;Nie
21.2.2026;45;2,264;0,1805;0,1805;76,7370;76,7370;-1701,1826;1858,8771;157,6945;-155,2441;37,7942;-40,2446;Nie
21.2.2026;46;2,271;0,2938;0,2938;96,5190;79,1000;-1983,2743;2156,9779;173,7036;-250,3659;61,5176;15,1447;Nie
21.2.2026;47;2,571;0,1982;0,1982;98,8540;71,7500;-1716,2600;1878,1280;161,8680;-169,4362;41,5003;-33,9321;Nie
21.2.2026;48;0,765;-0,1658;-0,1658;73,1530;63,1300;-1463,2271;1520,4861;57,2589;140,5053;-34,7162;-163,0480;Nie
21.2.2026;49;-0,893;-0,1457;-0,1457;67,0960;86,1520;-2013,3722;1956,7704;-56,6019;122,3239;-28,9525;-36,7696;Nie
21.2.2026;50;-2,334;-0,2594;-0,2594;72,0460;81,1472;-2061,8692;1859,7315;-202,1377;215,2437;-51,5462;38,4401;Nie
21.2.2026;51;-1,265;-0,0843;-0,0843;86,1530;86,1530;-2277,3684;2189,4923;-87,8761;71,5438;-16,7515;33,0838;Nie
21.2.2026;52;-2,224;0,0512;0,0512;68,6790;78,7409;-1770,3317;1624,5822;-145,7494;-43,2320;10,1741;178,8073;Nie
21.2.2026;53;2,927;0,1997;0,1997;95,8260;75,1200;-1437,1207;1676,4530;239,3323;-173,7575;37,1158;-102,6907;Nie
21.2.2026;54;-4,702;-0,6985;-0,6985;113,7830;113,7830;-2667,8700;2152,6606;-515,2094;606,6358;-129,8218;38,3954;Nie
21.2.2026;55;-0,423;-0,0632;-0,0632;119,1940;119,1940;-2861,0136;2849,4518;-11,5618;52,4552;-11,7462;-29,1472;Nie
21.2.2026;56;-3,240;-0,4982;-0,4982;97,6780;97,6780;-2143,8367;1849,1422;-294,6945;414,9851;-92,5945;-27,6961;Nie
21.2.2026;57;-0,678;-0,0987;-0,0987;60,4040;89,0140;-1481,9941;1429,5648;-52,4292;78,9908;-17,2131;-9,3485;Nie
21.2.2026;58;0,066;-0,0253;-0,0253;65,7300;65,1600;-1049,5321;1084,0669;34,5348;19,9654;-4,4123;-50,0879;Nie
21.2.2026;59;3,844;0,2885;0,2885;62,6140;62,6140;-803,7133;1081,7195;278,0062;-225,2849;50,3138;-103,0351;Nie
21.2.2026;60;-4,700;-0,2659;-0,2659;42,9200;98,1970;-1773,9288;1345,7899;-428,1389;208,4209;-46,3724;266,0904;Nie
21.2.2026;61;-8,390;-0,8876;-0,8876;100,4870;100,4870;-3331,8475;2527,2481;-804,5994;684,0035;-148,1014;268,6973;Nie
21.2.2026;62;-3,180;-0,4548;-0,4548;110,2860;110,2860;-2663,8480;2405,4479;-258,4001;349,7832;-75,8861;-15,4970;Nie
21.2.2026;63;-1,228;-0,2142;-0,2142;90,7980;106,4690;-2250,4353;2199,2237;-51,2116;163,9814;-35,7406;-77,0293;Nie
21.2.2026;64;-6,358;-0,7938;-0,7938;114,1250;114,1250;-2567,5843;1957,9285;-609,6558;609,8802;-132,4503;132,2258;Nie
21.2.2026;65;-5,748;-0,9241;-0,9241;87,5760;109,2801;-3378,9407;2901,3867;-477,5540;734,6192;-158,7918;-98,2734;Nie
21.2.2026;66;-10,604;-1,2097;-1,2097;91,2850;112,3782;-3214,4660;2188,2283;-1026,2377;954,6752;-207,8676;279,4301;Nie
21.2.2026;67;-6,560;-0,6732;-0,6732;79,9650;113,7781;-3311,5116;2743,8727;-567,6389;529,7145;-115,6786;153,6031;Nie
21.2.2026;68;2,317;0,4340;0,4340;91,8130;91,8130;-2171,1020;2529,3563;358,2543;-342,2291;74,5760;-90,6012;Nie
21.2.2026;69;-1,616;0,1049;0,1049;34,4040;121,1059;-2923,6175;2916,8356;-6,7819;-82,8299;19,3096;70,3023;Nie
21.2.2026;70;-4,994;-0,5902;-0,5902;103,4800;121,2292;-2958,9623;2542,9037;-416,0586;468,1759;-108,6417;56,5244;Nie
21.2.2026;71;-3,987;-0,4694;-0,4694;89,9360;122,1110;-2746,0322;2436,6029;-309,4293;375,5146;-86,4053;20,3199;Nie
21.2.2026;72;-2,601;-0,3188;-0,3188;57,2770;126,5770;-2803,0477;2670,7747;-132,2730;256,0322;-58,6834;-65,0758;Nie
21.2.2026;73;-7,307;-0,4961;-0,4961;55,5800;126,4697;-2854,5476;2115,3322;-739,2154;397,7899;-94,7983;436,2238;Nie
21.2.2026;74;-15,245;-0,9577;-0,9577;51,6380;126,5990;-2972,0381;1212,6918;-1759,3463;775,2903;-183,0040;1167,0600;Nie
21.2.2026;75;-8,125;-0,6680;-0,6680;69,4560;126,4670;-2601,5527;1748,5327;-853,0199;537,5321;-127,6461;443,1339;Nie
21.2.2026;76;-4,880;-0,2383;-0,2383;33,3740;123,8903;-2723,7282;2294,0767;-429,6516;190,2366;-45,5360;284,9510;Nie
21.2.2026;77;-3,055;-0,3548;-0,3548;114,7510;125,2570;-2165,4430;1971,6704;-193,7726;279,6879;-65,8771;-20,0382;Nie
21.2.2026;78;-5,148;-0,7838;-0,7838;97,9750;124,8060;-2466,4162;2020,1099;-446,3063;618,4742;-145,5313;-26,6367;Nie
21.2.2026;79;-5,490;-0,7470;-0,7470;95,0900;119,1048;-2268,8273;1801,8174;-467,0099;592,9535;-138,6985;12,7549;Nie
21.2.2026;80;-2,524;-0,2249;-0,2249;66,7710;118,3336;-2625,1126;2513,1690;-111,9436;176,7099;-41,7581;-23,0082;Nie
21.2.2026;81;-4,613;-0,6717;-0,6717;98,3070;118,3490;-2612,5542;2251,9448;-360,6094;528,2391;-119,5733;-48,0563;Nie
21.2.2026;82;0,168;-0,2614;-0,2614;42,0940;42,0940;-968,2883;1042,1212;73,8329;204,3782;-46,5334;-231,6777;Nie
21.2.2026;83;-3,741;-0,5466;-0,5466;80,0130;108,1410;-2279,8286;2041,8102;-238,0183;420,5374;-97,3035;-85,2155;Nie
21.2.2026;84;3,703;0,2167;0,2167;65,4680;65,4680;-1089,0602;1431,2614;342,2012;-163,5539;38,5761;-217,2234;Nie
21.2.2026;85;-2,110;-0,3534;-0,3534;84,2580;107,0154;-2037,8943;1968,2272;-69,6670;260,1060;-55,7874;-134,6516;Nie
21.2.2026;86;-7,343;-0,9607;-0,9607;89,4280;102,9022;-2389,8007;1784,8387;-604,9620;700,0526;-151,6551;56,5646;Nie
21.2.2026;87;-5,828;-0,7117;-0,7117;83,6760;101,6468;-2280,4460;1834,2165;-446,2295;516,1743;-112,3483;42,4034;Nie
21.2.2026;88;0,305;-0,1381;-0,1381;74,6490;74,6490;-1482,2305;1612,6423;130,4118;98,4456;-21,8003;-207,0571;Nie
21.2.2026;89;-5,711;-0,6162;-0,6162;79,5340;98,7360;-2115,0239;1691,5452;-423,4787;435,5968;-84,9727;72,8547;Nie
21.2.2026;90;-10,392;-1,6325;-1,6325;114,5880;114,5880;-2710,4646;1681,8081;-1028,6565;1145,8973;-225,1185;107,8777;Nie
21.2.2026;91;-6,065;-0,8634;-0,8634;96,7270;96,7270;-1977,0999;1523,6437;-453,4562;730,2269;-119,0611;-157,7096;Nie
21.2.2026;92;-8,499;-1,2024;-1,2024;95,7210;95,7210;-2020,0960;1336,8395;-683,2565;816,7121;-165,8086;32,3530;Nie
21.2.2026;93;-10,607;-0,8025;-0,8025;106,0350;106,0350;-2340,4045;1357,7782;-982,6263;1044,6357;-94,2472;32,2379;Nie
21.2.2026;94;-2,668;-0,7822;-0,7822;104,1060;104,1060;-2569,1279;2427,4396;-141,6883;514,2691;-91,8631;-280,7177;Nie
21.2.2026;95;0,294;0,1840;0,1840;85,9280;68,9500;-1382,1028;1490,7680;108,6652;-136,7249;21,6093;6,4504;Nie
21.2.2026;96;-13,788;-0,9993;-0,9993;53,7880;76,9697;-2021,4552;1058,1025;-963,3528;752,5762;-117,3598;328,1364;Nie
22.2.2026;1;-15,070;-1,5075;-1,5075;66,4500;80,0470;-3730,1902;2615,8559;-1114,3343;982,8250;-151,4721;282,9814;Nie
22.2.2026;2;-5,925;-0,6136;-0,6136;49,8130;69,8610;-2432,9093;2097,8560;-335,0534;387,7399;-61,6539;8,9674;Nie
22.2.2026;3;-6,569;-0,5180;-0,5180;52,7900;62,6780;-2067,1831;1725,4627;-341,7205;345,2782;-52,0481;48,4904;Nie
22.2.2026;4;-22,129;-2,1260;-2,1260;65,4640;65,4640;-2371,8916;993,9399;-1377,9517;1431,7122;-213,6184;159,8579;Nie
22.2.2026;5;-13,177;-1,7673;-1,7673;106,0140;106,0140;-3544,5781;2262,0207;-1282,5574;1119,4215;-157,1589;320,2948;Nie
22.2.2026;6;-5,039;-1,1413;-1,1413;107,2210;107,2210;-3285,6803;2857,2252;-428,4551;714,5888;-101,4912;-184,6424;Nie
22.2.2026;7;-1,723;-0,2353;-0,2353;98,6420;98,6420;-2438,9235;2370,1700;-68,7535;155,4269;-20,9243;-65,7491;Nie
22.2.2026;8;-4,190;-0,6726;-0,6726;81,8200;81,8200;-2161,3571;1904,0332;-257,3239;446,0764;-59,8116;-128,9409;Nie
22.2.2026;9;-16,361;-2,5056;-2,5056;107,1750;107,1750;-3969,9764;2358,9218;-1611,0546;1615,0709;-216,1481;212,1318;Nie
22.2.2026;10;-14,065;-2,2292;-2,2292;99,5230;99,5230;-3451,2586;2180,0513;-1271,2073;1417,9614;-192,3042;45,5500;Nie
22.2.2026;11;-19,007;-3,0116;-3,0116;99,5950;99,5950;-3684,4174;1914,7139;-1769,7036;1977,8698;-259,7987;51,6324;Nie
22.2.2026;12;-17,741;-2,3337;-2,3337;83,4010;83,4010;-2911,2787;1533,1606;-1378,1181;1515,9863;-201,3190;63,4508;Nie
22.2.2026;13;-25,381;-2,6710;-2,6710;65,2860;76,6571;-3396,4461;1544,9472;-1851,4989;1641,0530;-229,0062;439,4521;Nie
22.2.2026;14;-15,871;-2,5111;-2,5111;97,9710;97,9710;-3573,4922;2135,0820;-1438,4102;1532,7128;-215,2967;120,9941;Nie
22.2.2026;15;-17,663;-2,6940;-2,6940;94,9390;94,9390;-3582,9029;2019,1627;-1563,7403;1712,9144;-230,9782;81,8040;Nie
22.2.2026;16;-19,994;-2,9066;-2,9066;91,0710;91,0710;-3396,1287;1682,8099;-1713,3187;1848,4619;-249,2061;114,0629;Nie
22.2.2026;17;-21,496;-2,4457;-2,4457;70,9320;74,3206;-2999,1335;1491,3915;-1507,7420;1496,9193;-212,5069;223,3296;Nie
22.2.2026;18;-13,334;-1,5925;-1,5925;72,6720;75,2899;-2564,5246;1652,6133;-911,9113;968,6875;-138,3723;81,5961;Nie
22.2.2026;19;-16,451;-1,7628;-1,7628;65,6040;74,3206;-2560,0474;1426,8069;-1133,2405;1072,1554;-153,1697;214,2548;Nie
22.2.2026;20;-7,076;-0,6618;-0,6618;55,0430;84,0510;-2639,9579;2144,3091;-495,6487;401,8094;-57,5038;151,3431;Nie
22.2.2026;21;-3,410;-0,2531;-0,2531;55,8500;70,6924;-2165,5910;2008,8659;-156,7251;156,6976;-23,4517;23,4792;Nie
22.2.2026;22;-2,288;-0,0645;-0,0645;32,9380;70,6924;-1968,5006;1892,2235;-76,2771;39,8121;-5,9764;42,4414;Nie
22.2.2026;23;-3,512;-0,1405;-0,1405;33,8300;81,4880;-2261,2920;2076,1513;-185,1407;87,3410;-13,0184;110,8182;Nie
22.2.2026;24;1,793;0,1594;0,1594;45,8950;45,8950;-1233,9330;1373,6832;139,7503;-98,5562;14,7697;-55,9638;Nie
22.2.2026;25;-8,875;-1,0876;-1,0876;78,8470;78,8470;-2409,5643;1810,5637;-599,0007;745,1266;-116,8561;-29,2698;Nie
22.2.2026;26;-8,827;-0,9511;-0,9511;73,0150;73,0150;-2065,2293;1515,9374;-549,2918;658,0238;-102,1900;-6,5420;Nie
22.2.2026;27;-10,276;-1,0154;-1,0154;63,5160;63,5160;-2165,7686;1597,9355;-567,8330;667,2684;-109,0986;9,6633;Nie
22.2.2026;28;-5,660;-0,6731;-0,6731;73,1740;83,1380;-2148,8679;1786,1368;-362,7311;441,1559;-72,3206;-6,1042;Nie
22.2.2026;29;-13,739;-1,0232;-1,0232;51,0140;72,8021;-2441,4184;1530,5185;-910,8999;713,1271;-135,3714;333,1442;Nie
22.2.2026;30;-14,089;-0,8120;-0,8120;39,6910;72,8021;-2198,9146;1260,0587;-938,8559;571,6346;-107,4292;474,6505;Nie
22.2.2026;31;-10,574;-1,0055;-1,0055;64,1010;76,1750;-2325,6989;1617,5761;-708,1228;688,8164;-133,0297;152,3361;Nie
22.2.2026;32;5,773;0,5946;0,5946;68,9770;65,5499;-1737,9245;2201,3623;463,4378;-407,1612;78,6668;-134,9434;Nie
22.2.2026;33;2,529;0,1774;0,1774;66,2100;44,7900;-1321,5290;1487,3863;165,8574;-134,7322;29,1296;-60,2548;Nie
22.2.2026;34;4,652;0,1834;0,1834;33,5970;33,5970;-918,0716;1110,7168;192,6452;-142,3720;30,1148;-80,3880;Nie
22.2.2026;35;-0,389;-0,0565;-0,0565;37,7940;62,6076;-1766,2230;1815,1821;48,9591;43,9267;-9,2775;-83,6084;Nie
22.2.2026;36;10,120;0,5270;0,5270;41,4920;41,4920;-1225,6737;1690,2596;464,5859;-410,1445;86,5350;-140,9764;Nie
22.2.2026;37;0,183;0,0026;0,0026;49,7810;49,7810;-1346,9743;1400,3395;53,3652;-2,1270;0,5053;-51,7435;Nie
22.2.2026;38;-2,072;0,0068;0,0068;14,2950;69,7970;-2083,9988;1997,0318;-86,9671;-5,5459;1,3214;91,1915;Nie
22.2.2026;39;0,592;0,0370;0,0370;34,3990;34,3990;-1065,8186;1116,5227;50,7041;-28,8146;7,1901;-29,0797;Nie
22.2.2026;40;1,320;0,0759;0,0759;7,9400;7,9400;-229,5216;246,3703;16,8487;-59,2050;14,7495;27,6068;Nie
22.2.2026;41;8,426;-0,1520;-0,1520;-24,6840;-24,6840;-935,3755;717,0702;-218,3053;116,1256;-32,1909;134,3706;Nie
22.2.2026;42;0,627;0,0299;0,0299;22,4510;22,4510;-766,1853;790,7467;24,5614;-23,1448;6,3323;-7,7489;Nie
22.2.2026;43;6,121;0,3359;0,3359;41,8820;41,8820;-1192,3387;1464,1947;271,8561;-265,8448;71,1376;-77,1488;Nie
22.2.2026;44;22,196;0,2077;0,2077;6,0630;6,0630;-149,7197;285,2338;135,5141;-164,3736;43,9871;-15,1276;Nie
22.2.2026;45;7,686;0,3234;0,3234;32,0380;32,0380;-706,5340;956,9430;250,4090;-274,7062;70,0413;-45,7441;Nie
22.2.2026;46;8,792;0,7315;0,7315;71,2420;47,1979;-998,7076;1405,4119;406,7043;-617,7117;158,4268;52,5806;Nie
22.2.2026;47;1,867;0,0849;0,0849;72,4700;47,2879;-1111,2657;1181,5828;70,3171;-72,1200;18,3875;-16,5846;Nie
22.2.2026;48;3,104;0,1103;0,1103;42,9890;42,9890;-935,7846;1043,3430;107,5585;-92,3959;23,8886;-39,0511;Nie
22.2.2026;49;-2,559;-0,3140;-0,3140;82,6260;82,6260;-2131,7508;1928,0777;-203,6731;261,6259;-59,1714;1,2186;Nie
22.2.2026;50;-7,492;-0,6264;-0,6264;69,3210;70,4550;-2226,2371;1735,6589;-490,5782;516,5328;-118,0413;92,0867;Nie
22.2.2026;51;-5,791;-0,6223;-0,6223;88,6250;88,6250;-2805,0699;2340,9408;-464,1291;504,6673;-117,2687;76,7305;Nie
22.2.2026;52;-1,014;-0,1438;-0,1438;65,4000;65,4000;-2000,1282;1986,5904;-13,5378;116,2799;-27,0982;-75,6439;Nie
22.2.2026;53;0,686;-0,1562;-0,1562;17,5720;17,5720;-449,9311;477,8530;27,9219;131,6568;-26,5460;-133,0327;Nie
22.2.2026;54;0,053;0,0369;0,0369;4,9100;4,9100;-121,7729;126,6093;4,8364;-30,7502;6,2711;19,6427;Nie
22.2.2026;55;-2,519;-0,1329;-0,1329;61,8940;61,8940;-1703,6324;1613,2052;-90,4271;109,2231;-22,5862;3,7903;Nie
22.2.2026;56;-6,833;-0,4996;-0,4996;65,9620;70,2570;-2245,2029;1842,0683;-403,1347;410,0000;-84,9065;78,0412;Nie
22.2.2026;57;-3,072;-0,4369;-0,4369;74,1070;74,6570;-2466,1447;2316,6067;-149,5380;332,2198;-68,0363;-114,6456;Nie
22.2.2026;58;2,862;0,1502;0,1502;40,1960;39,0565;-1053,1195;1207,7051;154,5856;-111,7050;23,3899;-66,2705;Nie
22.2.2026;59;-1,428;0,0112;0,0112;72,1850;84,7990;-2282,0259;2258,3670;-23,6589;-8,2630;1,7441;30,1778;Nie
22.2.2026;60;1,793;0,1932;0,1932;63,6530;41,0852;-1155,8910;1277,2567;121,3657;-141,7979;30,0861;-9,6539;Nie
22.2.2026;61;9,153;0,9724;0,9724;73,8400;54,9678;-1549,8721;2113,2920;563,4200;-700,1438;143,0556;-6,3317;Nie
22.2.2026;62;6,889;1,0301;1,0301;96,2480;56,7376;-1083,5179;1537,4755;453,9575;-740,0189;151,5442;134,5172;Nie
22.2.2026;63;7,656;1,2417;1,2417;107,0920;58,0006;-1179,3262;1686,5414;507,2152;-892,7494;182,6739;202,8602;Nie
22.2.2026;64;2,361;0,3536;0,3536;104,1180;63,2270;-1444,5473;1662,8069;218,2596;-254,1854;52,0202;-16,0944;Nie
22.2.2026;65;5,736;0,5843;0,5843;96,3690;76,2935;-1786,1071;2334,1233;548,0162;-436,9777;90,6927;-201,7312;Nie
22.2.2026;66;-0,957;-0,1514;-0,1514;90,0640;98,1090;-2381,0073;2427,3148;46,3074;112,7282;-23,4997;-135,5359;Nie
22.2.2026;67;0,066;0,0329;0,0329;73,9770;73,9770;-1579,4090;1688,3771;108,9681;-24,4242;5,1066;-89,6505;Nie
22.2.2026;68;6,637;0,6000;0,6000;65,0960;65,0960;-1231,0305;1754,1419;523,1115;-444,6003;93,1296;-171,6408;Nie
22.2.2026;69;12,083;1,4519;1,4519;93,3930;85,7587;-1410,6449;2559,0396;1148,3948;-1073,6910;246,7301;-321,4338;Nie
22.2.2026;70;6,224;0,6306;0,6306;77,3340;77,3340;-1481,5648;2070,2312;588,6664;-473,2568;107,1616;-222,5712;Nie
22.2.2026;71;2,884;0,2551;0,2551;50,3030;50,3030;-1376,6925;1598,6796;221,9871;-194,1744;43,3507;-71,1634;Nie
22.2.2026;72;-0,128;-0,1648;-0,1648;64,8260;116,4680;-3057,5179;3220,3402;162,8223;126,7246;-28,0055;-261,5414;Nie
22.2.2026;73;-2,123;-0,1868;-0,1868;65,5590;110,3080;-2996,4065;2928,4568;-67,9497;147,1774;-34,3058;-44,9219;Nie
22.2.2026;74;-0,818;-0,0836;-0,0836;50,3760;114,7520;-3069,1570;3145,1228;75,9658;65,7019;-15,3531;-126,3146;Nie
22.2.2026;75;-3,486;-0,2929;-0,2929;72,9690;111,3860;-3230,4168;3007,9789;-222,4378;231,4716;-53,7911;44,7573;Nie
22.2.2026;76;1,585;0,0153;0,0153;45,6380;45,6380;-1222,9158;1363,5265;140,6107;-12,0185;2,8098;-131,4020;Nie
22.2.2026;77;-1,134;-0,1640;-0,1640;79,7290;111,4520;-3134,8104;3173,4842;38,6738;127,9007;-29,9170;-136,6575;Nie
22.2.2026;78;-0,042;0,0372;0,0372;25,5570;108,2400;-2790,3190;2948,3494;158,0304;-29,0000;6,7861;-135,8165;Nie
22.2.2026;79;-1,051;-0,0504;-0,0504;57,8260;108,3610;-3067,4832;3110,3941;42,9110;39,2988;-9,1940;-73,0157;Nie
22.2.2026;80;2,920;0,0316;0,0316;51,9510;51,9510;-1495,0459;1723,9420;228,8961;-24,4370;5,7645;-210,2236;Nie
22.2.2026;81;2,504;0,4512;0,4512;85,8670;80,0865;-2383,0539;2702,9995;319,9456;-348,0755;77,5135;-49,3835;Nie
22.2.2026;82;2,140;0,1068;0,1068;78,0870;78,0870;-2217,9831;2497,9250;279,9419;-81,8010;18,3476;-216,4885;Nie
22.2.2026;83;0,795;0,0400;0,0400;64,8150;64,8150;-1487,6339;1631,1343;143,5004;-29,9032;6,8718;-120,4690;Nie
22.2.2026;84;0,347;-0,3541;-0,3541;15,9360;15,9360;-426,0330;453,5704;27,5374;260,1651;-60,8323;-226,8703;Nie
22.2.2026;85;-3,240;-0,3631;-0,3631;55,7670;91,5530;-2259,7111;2085,2111;-174,5000;262,0039;-54,8666;-32,6373;Nie
22.2.2026;86;0,194;-0,0090;-0,0090;60,9510;60,9510;-1237,5491;1328,5489;90,9998;6,3702;-1,3600;-96,0101;Nie
22.2.2026;87;-4,565;-0,3536;-0,3536;50,6850;83,6330;-2033,7037;1759,1365;-274,5671;250,5153;-53,4311;77,4829;Nie
22.2.2026;88;0,458;-0,0627;-0,0627;68,5590;68,5590;-27350,0362;27466,3123;116,2761;67,2131;-9,4743;-174,0148;Nie
22.2.2026;89;5,172;0,3257;0,3257;51,7790;51,7790;-1133,7530;1465,0350;331,2820;-221,5284;40,8688;-150,6225;Nie
22.2.2026;90;6,817;0,0684;0,0684;-3,1400;-3,1400;-99,2177;74,0412;-25,1765;-46,1996;8,5828;62,7933;Nie
22.2.2026;91;1,475;-0,1130;-0,1130;5,4410;5,4410;-133,7615;148,4522;14,6907;77,6636;-14,1792;-78,1751;Nie
22.2.2026;92;-2,098;-0,3000;-0,3000;74,9480;74,9480;-1791,0324;1727,9261;-63,1062;203,1159;-37,6440;-102,3657;Nie
22.2.2026;93;-0,062;0,0759;0,0759;60,7880;83,1930;-2461,8473;2555,1066;93,2594;-48,9627;8,0686;-52,3653;Nie
22.2.2026;94;4,162;-0,2343;-0,2343;3,8500;3,8500;-122,4377;142,7696;20,3319;149,4412;-24,9075;-144,8656;Nie
22.2.2026;95;2,072;-0,0610;-0,0610;24,3350;24,3350;-700,7507;777,6493;76,8986;43,3123;-6,4847;-113,7262;Nie
22.2.2026;96;-3,724;-0,4025;-0,4025;71,6760;71,6760;-2348,3208;2157,3042;-191,0165;285,3692;-42,7882;-51,5645;Nie
23.2.2026;1;-1,670;0,0149;0,0149;32,8860;58,9380;-1866,9201;1825,3688;-41,5513;-9,4566;1,3758;49,6321;Nie
23.2.2026;2;8,896;0,2802;0,2802;18,2010;18,2010;-438,6623;618,1060;179,4437;-172,6121;25,8720;-32,7035;Nie
23.2.2026;3;4,598;0,1042;0,1042;7,4360;7,4360;-197,0094;238,2123;41,2029;-68,4230;9,6212;17,5989;Nie
23.2.2026;4;3,525;0,2585;0,2585;50,7130;43,4833;-1079,1251;1272,1474;193,0224;-168,8233;23,8683;-48,0674;Nie
23.2.2026;5;2,602;0,1063;0,1063;13,5720;13,5720;-292,8159;340,2908;47,4749;-67,7673;8,7476;11,5448;Nie
23.2.2026;6;9,121;0,2360;0,2360;14,8420;14,8420;-349,4846;498,4240;148,9395;-149,8446;19,4209;-18,5158;Nie
23.2.2026;7;5,952;0,1157;0,1157;9,8250;9,8250;-227,2424;294,7795;67,5371;-81,1166;9,5212;4,0584;Nie
23.2.2026;8;8,579;0,0210;0,0210;-1,1030;-1,1030;-32,6157;22,1471;-10,4686;-14,6728;1,7281;23,4132;Nie
23.2.2026;9;8,721;-0,1566;-0,1566;-21,8570;-21,8570;-632,4979;415,3923;-217,1056;112,7132;-12,5128;116,9052;Nie
23.2.2026;10;9,004;0,1388;0,1388;8,8970;8,8970;-173,5983;263,6359;90,0376;-98,7938;11,0905;-2,3344;Nie
23.2.2026;11;2,751;0,1105;0,1105;28,3490;28,3490;-583,9894;691,7156;107,7262;-78,5398;8,8293;-38,0157;Nie
23.2.2026;12;3,093;0,0877;0,0877;6,6960;6,6960;-127,1972;154,8115;27,6143;-62,3659;7,0075;27,7441;Nie
23.2.2026;13;-1,165;0,0016;0,0016;20,9160;52,6020;-1520,1978;1514,1486;-6,0492;-1,1353;0,1269;7,0576;Nie
23.2.2026;14;0,619;0,1377;0,1377;62,6550;33,0566;-938,2455;993,1525;54,9070;-97,5113;10,9236;31,6807;Nie
23.2.2026;15;2,973;0,3982;0,3982;33,6510;33,0566;-847,2076;979,9299;132,7222;-263,8790;31,5888;99,5679;Nie
23.2.2026;16;0,148;0,0223;0,0223;52,5240;33,0566;-947,6336;987,2023;39,5688;-14,8689;1,7690;-26,4689;Nie
23.2.2026;17;12,392;0,9824;0,9824;53,0730;29,0751;-671,7220;1063,6253;391,9033;-679,3798;84,1111;203,3654;Nie
23.2.2026;18;-1,549;-0,2262;-0,2262;55,6550;55,6550;-1347,1293;1320,4149;-26,7144;159,9771;-19,3668;-113,8959;Nie
23.2.2026;19;-3,485;0,1135;0,1135;7,6190;54,5270;-1770,2191;1638,9726;-131,2465;-75,8303;9,7176;197,3591;Nie
23.2.2026;20;0,798;0,0866;0,0866;60,1380;29,0751;-818,7548;873,4160;54,6612;-58,3322;7,4145;-3,7435;Nie
23.2.2026;21;9,113;0,5027;0,5027;32,1640;32,1640;-728,8362;1056,9734;328,1371;-362,8016;49,1927;-14,5282;Nie
23.2.2026;22;5,617;0,4015;0,4015;56,8590;44,6500;-989,8459;1290,6083;300,7624;-294,1836;39,2896;-45,8684;Nie
23.2.2026;23;3,573;0,6295;0,6295;78,8370;55,1227;-1391,6277;1653,0747;261,4470;-430,6933;61,6010;107,6454;Nie
23.2.2026;24;8,692;0,8986;0,8986;92,8560;53,5209;-1159,7444;1686,4436;526,6992;-628,9480;87,9343;14,3145;Nie
23.2.2026;25;-9,673;-1,1636;-1,1636;103,7590;103,7590;-3894,9053;3013,5764;-881,3289;869,2132;-132,8936;145,0093;Nie
23.2.2026;26;-2,732;-0,4593;-0,4593;83,6610;95,1390;-2973,3792;2807,6470;-165,7321;358,7373;-52,4562;-140,5490;Nie
23.2.2026;27;-6,586;-0,7964;-0,7964;104,5270;109,5930;-3749,0669;3148,3877;-600,6792;638,5870;-90,9560;53,0483;Nie
23.2.2026;28;-2,342;-0,1099;-0,1099;27,1210;113,7620;-3357,5717;3206,3820;-151,1897;89,9217;-12,5516;73,8196;Nie
23.2.2026;29;-1,595;-0,0955;-0,0955;70,8170;117,3087;-2738,2197;2682,1461;-56,0736;80,4392;-11,4712;-12,8945;Nie
23.2.2026;30;-9,984;-0,7438;-0,7438;59,7190;131,3180;-4580,3718;3399,9543;-1180,4175;637,5091;-89,3430;632,2514;Nie
23.2.2026;31;2,322;0,2064;0,2064;58,6750;58,6750;-1270,7832;1471,2170;200,4338;-176,6902;24,7921;-48,5357;Nie
23.2.2026;32;0,265;0,0455;0,0455;51,0800;51,0800;-1239,6094;1311,7344;72,1250;-39,2177;5,4653;-38,3726;Nie
23.2.2026;33;4,556;0,3713;0,3713;57,6260;57,6260;-1069,5386;1398,8135;329,2750;-321,4351;45,9766;-53,8165;Nie
23.2.2026;34;3,632;0,3061;0,3061;78,7230;78,7230;-1558,3218;1933,7518;375,4300;-268,1169;37,9031;-145,2162;Nie
23.2.2026;35;4,177;0,2791;0,2791;65,1170;65,1170;-1183,9573;1519,1796;335,2223;-249,6234;34,5598;-120,1588;Nie
23.2.2026;36;16,073;1,1400;1,1400;66,3420;66,3420;-1164,7665;2294,5044;1129,7379;-1013,0869;141,1616;-257,8127;Nie
23.2.2026;37;9,928;0,7075;0,7075;78,1230;78,1230;-1261,2958;2114,1646;852,8688;-635,7630;91,0913;-308,1971;Nie
23.2.2026;38;9,096;-0,0186;-0,0186;-8,8020;-8,8020;-258,4443;169,8170;-88,6273;16,7081;-2,3948;74,3140;Nie
23.2.2026;39;9,439;0,5588;0,5588;48,5120;48,5120;-1088,1242;1593,8132;505,6891;-496,1092;71,9461;-81,5259;Nie
23.2.2026;40;13,063;1,3135;1,3135;89,3620;89,3620;-1819,8571;3051,8017;1231,9445;-1157,6082;169,1144;-243,4508;Nie
23.2.2026;41;18,668;0,8494;0,8494;32,8410;32,8410;-757,9374;1383,6242;625,6867;-730,3057;108,5814;-3,9624;Nie
23.2.2026;42;17,176;1,1860;1,1860;56,3740;56,3740;-1740,8291;2733,4625;992,6334;-1020,6449;151,6099;-123,5984;Nie
23.2.2026;43;23,239;1,0813;1,0813;40,4320;40,4320;-1018,6842;1972,7177;954,0335;-929,2168;138,2258;-163,0425;Nie
23.2.2026;44;36,086;1,4600;1,4600;34,5590;34,5590;-1046,5502;2292,4021;1245,8520;-1234,5381;186,6362;-197,9500;Nie
23.2.2026;45;51,092;-4,9098;-4,9098;-147,2780;-147,2780;-12341,3073;4849,4227;-7491,8846;4358,2976;-639,8942;3773,4812;Nie
23.2.2026;46;58,644;-4,1293;-4,1293;-131,1430;-131,1430;-9462,0986;1735,4153;-7726,6833;3716,4438;-538,1717;4548,4111;Nie
23.2.2026;47;37,048;-3,4901;-3,4901;-131,7830;-131,7830;-8307,3368;3350,3192;-4957,0175;3159,3086;-454,8647;2252,5737;Nie
23.2.2026;48;44,642;-2,5587;-2,5587;-112,3690;-112,3690;-6814,6180;1747,1132;-5067,5048;2340,7220;-333,4754;3060,2582;Nie
23.2.2026;49;14,407;-0,6522;-0,6522;-39,0000;-39,0000;-1834,7160;1264,5750;-570,1410;576,8708;-83,7914;77,0616;Nie
23.2.2026;50;10,289;-0,3463;-0,3463;-39,0000;-39,0000;-1863,4980;1453,1010;-410,3970;304,1618;-44,4909;150,7261;Nie
23.2.2026;51;2,962;-0,1496;-0,1496;-39,0000;-39,0000;-1659,5670;1543,8150;-115,7520;134,1507;-19,2199;0,8212;Nie
23.2.2026;52;0,439;-0,1414;-0,1414;13,6960;13,6960;-563,0289;568,6579;5,6291;126,6168;-18,1664;-114,0795;Nie
23.2.2026;53;3,206;0,0844;0,0844;30,9830;9,6458;-340,0048;374,1606;34,1558;-75,5713;10,6606;30,7549;Nie
23.2.2026;54;7,745;0,4972;0,4972;55,4550;10,3438;-291,2297;377,0212;85,7915;-435,9432;62,8018;287,3499;Nie
23.2.2026;55;0,753;-0,0014;-0,0014;30,6340;9,7188;-304,0138;313,3827;9,3689;1,2331;-0,1768;-10,4252;Nie
23.2.2026;56;5,352;0,0170;0,0170;21,4330;11,5996;-415,8573;481,3834;65,5261;-14,5933;2,1473;-53,0801;Nie
23.2.2026;57;-2,199;-0,2977;-0,2977;80,6350;80,6350;-3196,5327;3054,6957;-141,8370;269,6269;-37,7281;-90,0618;Nie
23.2.2026;58;-9,017;-0,5256;-0,5256;52,1690;74,2500;-3243,4628;2620,5795;-622,8833;473,9703;-66,6103;215,5233;Nie
23.2.2026;59;-4,745;-0,4213;-0,4213;77,3730;86,4050;-4074,4278;3726,4748;-347,9529;352,1292;-53,3922;49,2159;Nie
23.2.2026;60;1,110;0,0505;0,0505;79,0920;41,4901;-1723,3328;1795,8160;72,4832;-41,8074;6,4000;-37,0758;Nie
23.2.2026;61;0,991;0,2755;0,2755;97,1820;63,8688;-2865,5376;2940,4557;74,9181;-217,8799;35,5312;107,4306;Nie
23.2.2026;62;-0,940;0,0128;0,0128;45,6240;85,9540;-3468,8456;3394,4094;-74,4362;-10,2048;1,6508;82,9901;Nie
23.2.2026;63;-6,311;-0,2463;-0,2463;45,3530;110,9240;-4921,3651;4263,2530;-658,1121;197,1844;-31,7653;492,6930;Nie
23.2.2026;64;3,610;-0,0328;-0,0328;34,7400;34,7400;-1210,5153;1352,4977;141,9824;26,5045;-4,2302;-164,2567;Nie
23.2.2026;65;5,224;0,2223;0,2223;51,9040;51,9040;-1779,3210;2101,0739;321,7529;-183,2187;31,4790;-170,0132;Nie
23.2.2026;66;-4,798;-0,3239;-0,3239;71,0810;136,0231;-4863,6420;4364,1651;-499,4768;268,3059;-45,8662;277,0371;Nie
23.2.2026;67;-3,662;-0,3474;-0,3474;79,3220;145,3417;-5747,3922;5378,3696;-369,0226;288,3297;-49,1939;129,8868;Nie
23.2.2026;68;-2,763;-0,1579;-0,1579;70,5140;146,1875;-4774,0452;4543,9461;-230,0991;132,4055;-22,3596;120,0532;Nie
23.2.2026;69;1,942;0,1267;0,1267;30,4120;30,4120;-1058,5809;1154,0442;95,4633;-107,0109;21,0535;-9,5059;Nie
23.2.2026;70;7,404;0,8628;0,8628;80,2130;80,2130;-2192,8630;2884,9408;692,0778;-726,6905;143,3698;-108,7570;Nie
23.2.2026;71;9,401;1,1193;1,1193;90,8660;90,8660;-2218,6751;3186,0346;967,3594;-951,7537;185,9918;-201,5976;Nie
23.2.2026;72;7,725;0,9313;0,9313;97,9380;97,9380;-2449,5273;3327,5415;878,0142;-795,1807;154,7523;-237,5857;Nie
23.2.2026;73;17,730;1,8815;1,8815;91,0750;91,0750;-1680,3338;3410,3945;1730,0607;-1612,3507;337,3736;-455,0836;Nie
23.2.2026;74;18,514;1,7691;1,7691;82,7750;82,7750;-1290,7106;2930,2350;1639,5244;-1511,1879;317,2191;-445,5556;Nie
23.2.2026;75;18,546;1,4984;1,4984;69,1300;69,1300;-1038,2635;2411,9457;1373,6822;-1280,8159;268,6796;-361,5459;Nie
23.2.2026;76;-2,582;-0,2874;-0,2874;91,3890;134,5300;-3656,3909;3477,6005;-178,7904;249,0498;-51,5340;-18,7254;Nie
23.2.2026;77;-1,099;-0,0365;-0,0365;90,2250;130,6497;-3514,7382;3534,2050;19,4668;31,2742;-6,4527;-44,2883;Nie
23.2.2026;78;4,604;0,7771;0,7771;106,7660;106,7660;-3374,9800;4004,3656;629,3856;-661,5260;137,3812;-105,2407;Nie
23.2.2026;79;6,433;0,6024;0,6024;94,3880;94,3880;-2522,3305;3250,5339;728,2034;-512,4427;106,4965;-322,2572;Nie
23.2.2026;80;-2,557;-0,1817;-0,1817;131,0130;131,0130;-5191,5211;5023,5625;-167,9587;154,2455;-32,1222;45,8354;Nie
23.2.2026;81;-3,121;-0,5109;-0,5109;107,5670;146,1570;-4798,9189;4524,4361;-274,4828;430,0089;-85,3745;-70,1516;Nie
23.2.2026;82;5,090;0,3514;0,3514;56,2140;56,2140;-1686,5886;2042,6481;356,0595;-291,4063;58,7210;-123,3742;Nie
23.2.2026;83;-2,147;-0,1796;-0,1796;100,2060;123,7379;-4025,8126;3903,5595;-122,2530;146,8448;-30,0122;5,4205;Nie
23.2.2026;84;2,155;0,0685;0,0685;90,1030;90,1030;-3041,8773;3340,7489;298,8717;-54,8297;11,4468;-255,4887;Nie
23.2.2026;85;7,365;0,5926;0,5926;65,7350;65,7350;-1792,1990;2352,2612;560,0622;-469,4390;87,8026;-178,4258;Nie
23.2.2026;86;4,089;0,5137;0,5137;96,1240;90,6300;-2372,8747;2847,3227;474,4481;-396,3759;76,1124;-154,1845;Nie
23.2.2026;87;3,477;0,2934;0,2934;81,3950;81,3950;-2122,5374;2495,2451;372,7077;-225,2479;43,4716;-190,9314;Nie
23.2.2026;88;6,145;0,4426;0,4426;70,5460;70,5460;-2123,0819;2633,4116;510,3298;-327,3838;65,5778;-248,5238;Nie
23.2.2026;89;-2,574;-0,4040;-0,4040;88,4660;111,3420;-3023,9374;2855,4769;-168,4604;299,0945;-50,7860;-79,8480;Nie
23.2.2026;90;0,038;0,0963;0,0963;92,3610;92,3610;-2486,3581;2585,6462;99,2881;-70,2467;12,1057;-41,1471;Nie
23.2.2026;91;2,566;0,2979;0,2979;73,6620;73,6620;-1911,8972;2178,1117;266,2145;-212,5157;37,4484;-91,1472;Nie
23.2.2026;92;2,571;0,2589;0,2589;79,0940;79,0940;-2164,2491;2449,9367;285,6875;-181,6180;32,5458;-136,6153;Nie
23.2.2026;93;1,061;-0,2481;-0,2481;8,9160;8,9160;-229,8991;248,1144;18,2154;169,7560;-25,9413;-162,0301;Nie
23.2.2026;94;6,687;0,6466;0,6466;65,5690;65,5690;-1881,8303;2384,7445;502,9142;-433,5296;67,6085;-136,9931;Nie
23.2.2026;95;4,980;0,4822;0,4822;68,5950;68,5950;-2017,7905;2422,5696;404,7791;-322,9098;50,4188;-132,2881;Nie
23.2.2026;96;3,646;0,2512;0,2512;68,4090;68,4090;-2107,0656;2420,9261;313,8605;-168,9828;26,2655;-171,1432;Nie
24.2.2026;1;-11,918;-1,5387;-1,5387;96,0310;104,9941;-3257,1270;2093,6873;-1163,4396;1096,3738;-141,0696;208,1354;Nie
24.2.2026;2;-8,640;-0,9613;-0,9613;77,6820;104,9941;-3155,3877;2330,0291;-825,3586;677,9864;-88,1329;235,5052;Nie
24.2.2026;3;-11,151;-2,1760;-2,1760;139,2610;139,2610;-4171,1455;2729,0978;-1442,0477;1567,4397;-199,4979;74,1058;Nie
24.2.2026;4;-15,649;-2,2346;-2,2346;104,2300;104,9941;-3438,0318;1877,8195;-1560,2123;1609,2462;-204,8704;155,8365;Nie
24.2.2026;5;-15,556;-2,4212;-2,4212;114,7330;114,7330;-3671,5707;1975,8170;-1695,7537;1638,8528;-201,3325;258,2334;Nie
24.2.2026;6;-9,130;-1,6139;-1,6139;118,1700;118,1700;-2981,3109;1995,1823;-986,1287;1074,2689;-134,2022;46,0620;Nie
24.2.2026;7;-14,187;-2,7882;-2,7882;123,1130;123,1130;-3987,3838;2332,3758;-1655,0081;1851,2969;-231,8500;35,5611;Nie
24.2.2026;8;-9,459;-2,9640;-2,9640;193,8460;193,8460;-6142,9797;4456,5195;-1686,4602;1970,5209;-246,4685;-37,5922;Nie
24.2.2026;9;-13,628;-2,0746;-2,0746;114,6260;114,6260;-3350,0595;1909,2107;-1440,8488;1437,1784;-168,1152;171,7856;Nie
24.2.2026;10;-5,630;-0,5512;-0,5512;62,4440;110,9070;-2640,1411;2125,8654;-514,2758;375,5353;-44,6665;183,4070;Nie
24.2.2026;11;-8,490;-0,9982;-0,9982;81,3190;106,9770;-2754,7647;1952,1163;-802,6484;675,6622;-80,8891;207,8754;Nie
24.2.2026;12;-6,029;-0,3925;-0,3925;49,2390;106,5198;-2674,3926;2126,4548;-547,9379;265,8411;-31,8062;313,9030;Nie
24.2.2026;13;-8,807;-0,8981;-0,8981;86,7320;110,6035;-2894,6042;2022,4956;-872,1086;607,3359;-72,2971;337,0697;Nie
24.2.2026;14;-11,726;-1,4756;-1,4756;89,8800;110,6035;-3031,7525;1833,4742;-1198,2783;996,8373;-118,7858;320,2268;Nie
24.2.2026;15;-0,838;0,1340;0,1340;97,2240;110,6035;-2661,0096;2666,0974;5,0878;-83,4158;10,7870;67,5410;Nie
24.2.2026;16;0,000;-0,0084;-0,0084;44,5800;44,5800;-936,1354;975,2321;39,0967;5,2802;-0,6762;-43,7007;Nie
24.2.2026;17;-0,911;-0,0320;-0,0320;42,3230;107,8141;-2609,3168;2605,4355;-3,8813;20,0157;-2,7739;-13,3605;Nie
24.2.2026;18;-1,320;-0,0665;-0,0665;30,3950;107,8141;-2498,9152;2454,3880;-44,5272;41,8943;-5,7645;8,3974;Nie
24.2.2026;19;-3,086;-0,2094;-0,2094;67,2100;107,8141;-2461,7193;2230,1347;-231,5847;133,2135;-18,1516;116,5228;Nie
24.2.2026;20;-4,893;-0,6003;-0,6003;84,6510;107,8141;-2771,1458;2345,9270;-425,2188;386,5136;-52,0364;90,7416;Nie
24.2.2026;21;2,850;0,5972;0,5972;78,2290;78,2290;-2220,2955;2518,1915;297,8960;-396,6374;58,3005;40,4409;Nie
24.2.2026;22;2,042;0,1508;0,1508;100,7570;92,7100;-2485,8332;2763,6851;277,8519;-101,6782;14,7215;-190,8952;Nie
24.2.2026;23;0,808;0,3096;0,3096;93,1310;93,1310;-1860,7574;2029,1382;168,3808;-214,0594;30,2241;15,4545;Nie
24.2.2026;24;0,336;0,4695;0,4695;203,8490;102,0459;-2312,8703;2451,3466;138,4763;-333,4405;45,8340;149,1302;Nie
24.2.2026;25;-1,442;0,2628;0,2628;166,3090;166,3090;-4452,0919;4362,4514;-89,6406;-197,6385;30,0354;257,2436;Nie
24.2.2026;26;0,436;-0,1458;-0,1458;119,2560;110,1800;-2754,1695;2906,2179;152,0484;114,6131;-16,6635;-249,9980;Nie
24.2.2026;27;5,307;1,0277;1,0277;106,8210;106,8210;-2700,3281;3361,9773;661,6493;-825,9424;117,4558;46,8373;Nie
24.2.2026;28;6,957;0,7256;0,7256;127,3040;119,3357;-3100,1028;4042,4968;942,3940;-594,3731;82,9288;-430,9497;Nie
24.2.2026;29;-5,145;0,3280;0,3280;166,5600;166,5600;-6198,0307;5465,9995;-732,0312;-271,8197;39,4974;964,3535;Nie
24.2.2026;30;-5,491;-1,3970;-1,3970;150,9420;150,9420;-5488,2511;4754,0692;-734,1819;1166,4685;-168,2253;-264,0613;Nie
24.2.2026;31;6,025;0,2920;0,2920;93,7260;93,7260;-2709,1500;3313,2141;604,0641;-244,8059;35,1623;-394,4205;Nie
24.2.2026;32;4,070;0,4097;0,4097;80,6740;80,6740;-2483,8718;2860,2967;376,4249;-343,6177;49,3357;-82,1428;Nie
24.2.2026;33;-3,728;-0,4645;-0,4645;85,4000;151,2060;-6473,4313;5941,7910;-531,6403;388,2039;-57,9571;201,3935;Nie
24.2.2026;34;0,040;-0,0043;-0,0043;63,3190;63,3190;-2471,4039;2473,6201;2,2162;3,6189;-0,5365;-5,2985;Nie
24.2.2026;35;-4,450;-0,4905;-0,4905;75,2780;153,1420;-6988,4820;6293,5236;-694,9584;421,1934;-61,2012;334,9662;Nie
24.2.2026;36;2,878;0,2380;0,2380;77,5990;77,5990;-4057,8069;4280,0504;222,2435;-201,9977;29,6960;-49,9418;Nie
24.2.2026;37;6,717;0,4915;0,4915;72,1530;72,1530;-2684,7410;3146,9531;462,2121;-423,8694;62,8884;-101,2311;Nie
24.2.2026;38;8,854;0,8650;0,8650;82,4140;82,4140;-3056,7353;3722,9700;666,2348;-745,6996;110,6785;-31,2137;Nie
24.2.2026;39;18,235;1,4536;1,4536;68,8900;68,8900;-2895,3778;4110,1152;1214,7374;-1245,4205;185,9910;-155,3079;Nie
24.2.2026;40;15,763;1,3525;1,3525;76,5690;76,5690;-3192,5445;4384,8769;1192,3325;-1150,5023;173,0551;-214,8852;Nie
24.2.2026;41;27,339;1,8313;1,8313;54,4640;54,4640;-1872,2000;3359,7208;1487,5208;-1499,7343;232,4378;-220,2242;Nie
24.2.2026;42;24,689;2,3547;2,3547;78,6440;78,6440;-3189,5647;5101,4003;1911,8356;-1914,7187;298,8703;-295,9872;Nie
24.2.2026;43;33,144;2,0456;2,0456;51,8700;51,8700;-1692,5700;3380,3160;1687,7461;-1667,1369;259,6378;-280,2469;Nie
24.2.2026;44;17,251;1,5542;1,5542;77,5110;77,5110;-3528,8433;4886,6035;1357,7602;-1274,2853;197,2668;-280,7417;Nie
24.2.2026;45;-1,510;-0,0907;-0,0907;80,2330;128,9750;-6065,4363;5858,4314;-207,0049;76,7221;-11,8436;142,1264;Nie
24.2.2026;46;-1,532;-0,1474;-0,1474;88,5870;121,5830;-5672,5764;5459,1983;-213,3782;124,1215;-19,2475;108,5042;Nie
24.2.2026;47;-3,510;-0,2043;-0,2043;69,1620;115,1260;-5252,3935;4777,2685;-475,1250;170,6025;-26,6775;331,2000;Nie
24.2.2026;48;-15,167;-1,2371;-1,2371;64,4290;107,9210;-5639,5198;3918,8274;-1720,6924;1031,3730;-161,5405;850,8599;Nie
24.2.2026;49;-3,456;-0,1848;-0,1848;53,4850;114,5100;-4578,3388;4086,2894;-492,0495;153,4761;-23,1693;361,7427;Nie
24.2.2026;50;-4,368;-0,1568;-0,1568;39,9810;109,0320;-4142,5618;3612,9934;-529,5684;130,0167;-19,6588;419,2105;Nie
24.2.2026;51;-7,368;-0,1909;-0,1909;39,2960;107,4480;-3787,6494;2990,9225;-796,7269;156,9231;-23,9341;663,7379;Nie
24.2.2026;52;5,571;0,2901;0,2901;18,4190;18,4190;-626,7617;733,2788;106,5171;-238,7456;36,3713;95,8572;Nie
24.2.2026;53;-3,599;-0,1490;-0,1490;106,8170;106,8170;-4252,3848;3841,9939;-410,3909;123,4106;-18,2258;305,2061;Nie
24.2.2026;54;-5,296;-0,4481;-0,4481;75,2400;106,2160;-4004,0246;3443,4165;-560,6080;366,8488;-54,8120;248,5713;Nie
24.2.2026;55;-0,811;0,0471;0,0471;12,7110;106,8760;-3376,6403;3300,8653;-75,7751;-38,0023;5,7613;108,0161;Nie
24.2.2026;56;-12,541;-0,2740;-0,2740;18,2010;106,7880;-4767,5503;3454,8054;-1312,7449;223,9353;-33,5160;1122,3255;Nie
24.2.2026;57;-13,656;-0,6785;-0,6785;42,8920;105,5670;-5285,8453;3844,2223;-1441,6230;551,3795;-82,2288;972,4722;Nie
24.2.2026;58;-16,964;-1,3869;-1,3869;66,7800;108,3830;-5528,2917;3694,1262;-1834,1655;1118,5560;-168,0812;883,6907;Nie
24.2.2026;59;-12,247;-0,7877;-0,7877;63,2860;110,4950;-4858,2442;3529,4313;-1328,8129;632,2078;-95,4629;792,0680;Nie
24.2.2026;60;-5,204;-0,6349;-0,6349;117,7750;117,7750;-4775,1874;4168,0573;-607,1301;516,0075;-76,9448;168,0674;Nie
24.2.2026;61;-3,345;-0,4593;-0,4593;123,4970;123,4970;-4987,7968;4576,7988;-410,9980;367,3622;-56,9771;100,6129;Nie
24.2.2026;62;-12,959;-1,7731;-1,7731;115,5960;115,5960;-4720,8250;3246,1669;-1474,6582;1407,5663;-219,9566;287,0485;Nie
24.2.2026;63;-7,370;-0,6725;-0,6725;69,1880;124,1020;-5452,2973;4616,8426;-835,4547;529,0898;-83,4250;389,7898;Nie
24.2.2026;64;-4,764;-0,4428;-0,4428;74,6650;142,8570;-6255,5652;5635,1372;-620,4280;350,9746;-54,9302;324,3836;Nie
24.2.2026;65;-1,137;-0,0977;-0,0977;72,3060;140,1168;-5785,7029;5700,3718;-85,3311;79,3211;-13,5346;19,5446;Nie
24.2.2026;66;-4,405;-0,4952;-0,4952;100,0870;142,2489;-5989,8167;5474,3067;-515,5100;403,9101;-68,6010;180,2010;Nie
24.2.2026;67;3,713;0,2980;0,2980;62,8750;62,8750;-2065,5695;2362,0880;296,5185;-242,2842;41,2825;-95,5168;Nie
24.2.2026;68;1,578;0,1833;0,1833;63,8170;63,8170;-2178,9676;2348,7847;169,8170;-149,9230;25,3929;-45,2870;Nie
24.2.2026;69;7,279;0,4550;0,4550;60,7360;60,7360;-2027,0640;2537,1857;510,1217;-374,5146;73,9461;-209,5532;Nie
24.2.2026;70;-1,391;0,5793;0,5793;126,1130;194,8153;-7365,1872;7319,2108;-45,9764;-487,0191;94,1473;438,8483;Nie
24.2.2026;71;8,685;1,2608;1,2608;135,7890;135,7890;-3835,6319;5179,3998;1343,7679;-1057,4047;204,9040;-491,2672;Nie
24.2.2026;72;-5,603;-0,9835;-0,9835;120,9770;245,1900;-8943,3053;7831,8590;-1111,4463;826,7672;-159,8374;444,5165;Nie
24.2.2026;73;-14,591;-1,6179;-1,6179;87,4630;225,4321;-7667,3966;4626,7684;-3040,6282;1369,3097;-286,6466;1957,9650;Nie
24.2.2026;74;-2,498;-0,0899;-0,0899;83,1320;220,5582;-6763,6378;6431,4771;-332,1606;75,7720;-15,9278;272,3164;Nie
24.2.2026;75;-1,930;-0,2016;-0,2016;133,7550;214,2125;-6092,4177;5904,5534;-187,8644;171,3425;-35,7179;52,2397;Nie
24.2.2026;76;-8,026;-1,3262;-1,3262;143,4600;212,0465;-6620,0917;5144,6722;-1475,4195;1122,7480;-234,9655;587,6371;Nie
24.2.2026;77;-3,209;-0,5787;-0,5787;109,4870;190,9930;-5830,0613;5418,4714;-411,5899;489,7754;-100,7499;22,5644;Nie
24.2.2026;78;2,250;0,2368;0,2368;88,8910;88,8910;-2564,6831;2871,0904;306,4073;-199,3471;41,2262;-148,2863;Nie
24.2.2026;79;1,566;0,0789;0,0789;91,6020;91,6020;-2809,7081;3063,8121;254,1039;-66,7477;13,7363;-201,0925;Nie
24.2.2026;80;2,747;0,2327;0,2327;74,0150;74,0150;-2022,4599;2312,2286;289,7687;-194,6384;40,5124;-135,6427;Nie
24.2.2026;81;-3,341;-0,5327;-0,5327;123,6000;148,3680;-3766,6184;3448,6658;-317,9526;445,4398;-87,8454;-39,6417;Nie
24.2.2026;82;-3,293;-0,5036;-0,5036;136,5340;142,1750;-3514,7082;3216,4250;-298,2832;415,0761;-83,0467;-33,7463;Nie
24.2.2026;83;-0,773;-0,0244;-0,0244;98,6160;135,1930;-3355,6255;3413,4881;57,8626;19,7382;-4,0237;-73,5771;Nie
24.2.2026;84;-9,324;-1,2886;-1,2886;108,7860;131,1421;-4384,2115;3313,0429;-1071,1687;1031,7630;-212,4979;251,9035;Nie
24.2.2026;85;-10,415;-1,4013;-1,4013;137,0890;137,0890;-4372,0424;3095,6067;-1276,4357;1094,9623;-201,7241;383,1975;Nie
24.2.2026;86;-8,862;-1,7951;-1,7951;127,7350;128,8540;-3932,4952;2927,4340;-1005,0612;1374,4824;-258,4136;-111,0076;Nie
24.2.2026;87;4,422;0,3116;0,3116;93,5610;93,5610;-2087,4395;2597,1598;509,7203;-233,7458;44,8564;-320,8309;Nie
24.2.2026;88;4,370;0,4430;0,4430;119,3190;108,7600;-2976,9787;3560,9112;583,9324;-322,6829;63,7721;-325,0216;Nie
24.2.2026;89;-1,672;-0,2608;-0,2608;89,7450;125,4330;-2817,8523;2735,8192;-82,0332;186,4446;-32,1449;-72,2665;Nie
24.2.2026;90;-9,046;-1,4266;-1,4266;120,8740;121,0880;-3297,5895;2324,7685;-972,8210;1004,1979;-175,8356;144,4587;Nie
24.2.2026;91;-3,878;-0,4939;-0,4939;92,2380;118,6132;-3390,9142;3049,9012;-341,0130;339,1262;-60,8756;62,7624;Nie
24.2.2026;92;-5,226;-1,0746;-1,0746;121,9660;121,9660;-3377,6044;2862,6640;-514,9405;732,4631;-132,4498;-85,0728;Nie
24.2.2026;93;1,254;0,0784;0,0784;93,1930;93,1930;-1797,7862;2004,3950;206,6089;-52,0931;8,0870;-162,6028;Nie
24.2.2026;94;7,373;1,0845;1,0845;87,0230;87,0230;-1838,9700;2563,5235;724,5535;-704,9929;111,8673;-131,4279;Nie
24.2.2026;95;14,469;2,3218;2,3218;108,5490;96,5300;-2074,7193;3559,1576;1484,4383;-1501,7373;239,4960;-222,1970;Nie
24.2.2026;96;7,210;0,8368;0,8368;87,6610;87,6610;-1911,8864;2622,9048;711,0184;-542,0265;86,3168;-255,3086;Nie
25.2.2026;1;-11,175;-1,6021;-1,6021;108,9620;115,2910;-2650,8860;1456,7018;-1194,1842;1034,2499;-145,6117;305,5459;Nie
25.2.2026;2;-2,122;-0,6725;-0,6725;110,8920;110,8920;-1705,2972;1556,9237;-148,3735;424,1558;-61,1222;-214,6601;Nie
25.2.2026;3;-0,223;-0,1764;-0,1764;97,0780;108,7790;-1794,2008;1852,8327;58,6319;109,2296;-16,0326;-151,8288;Nie
25.2.2026;4;-1,093;-0,2752;-0,2752;87,1370;105,1270;-2198,2056;2163,1983;-35,0073;168,8811;-25,0124;-108,8614;Nie
25.2.2026;5;2,316;0,5132;0,5132;96,8880;89,9065;-1035,0036;1311,9156;276,9120;-314,6935;42,2974;-4,5160;Nie
25.2.2026;6;4,323;0,3663;0,3663;88,9050;88,9050;-1030,5868;1480,3572;449,7704;-222,4220;30,1901;-257,5385;Nie
25.2.2026;7;3,257;0,2861;0,2861;66,6670;66,6670;-744,6037;1011,0051;266,4013;-172,0865;23,5801;-117,8949;Nie
25.2.2026;8;9,184;1,1064;1,1064;72,9900;72,9900;-1082,6607;1805,6266;722,9660;-657,7183;91,1884;-156,4360;Nie
25.2.2026;9;-3,659;-0,4232;-0,4232;72,5990;104,4340;-1478,2633;1204,3329;-273,9304;261,7623;-33,7020;45,8700;Nie
25.2.2026;10;-3,466;-0,4246;-0,4246;75,6920;102,1570;-1484,9542;1228,9487;-256,0054;259,6963;-33,8134;30,1226;Nie
25.2.2026;11;-10,835;-1,2164;-1,2164;74,7740;101,3100;-2308,1457;1306,3925;-1001,7533;744,9936;-96,8692;353,6289;Nie
25.2.2026;12;-3,900;-0,4899;-0,4899;109,5620;109,5620;-1877,5640;1549,7545;-327,8095;295,2218;-39,0137;71,6014;Nie
25.2.2026;13;-8,622;-1,5859;-1,5859;127,1800;127,1800;-2795,9251;1813,4596;-982,4655;961,2922;-123,6764;144,8497;Nie
25.2.2026;14;-9,754;-1,8269;-1,8269;107,7060;107,7060;-2341,5284;1385,7454;-955,7830;1110,5562;-142,4708;-12,3024;Nie
25.2.2026;15;-11,646;-2,0921;-2,0921;115,0510;115,0510;-2407,2121;1164,6613;-1242,5508;1274,2666;-163,1524;131,4366;Nie
25.2.2026;16;-6,864;-0,8275;-0,8275;81,1760;102,5640;-1962,8698;1348,5115;-614,3584;505,4880;-64,5326;173,4029;Nie
25.2.2026;17;1,523;0,6413;0,6413;117,6210;89,1874;-1359,5727;1573,0874;213,5146;-396,7180;54,2424;128,9609;Nie
25.2.2026;18;-3,458;-0,5515;-0,5515;128,5980;128,5980;-2507,5324;2172,5346;-334,9978;347,3773;-46,6470;34,2675;Nie
25.2.2026;19;-2,953;-0,6179;-0,6179;123,7180;123,7180;-2689,5056;2433,2856;-256,2200;393,8215;-52,2632;-85,3383;Nie
25.2.2026;20;-1,588;-0,3137;-0,3137;133,4680;133,4680;-2496,1185;2402,0236;-94,0949;201,8255;-26,5334;-81,1972;Nie
25.2.2026;21;-11,364;-2,2516;-2,2516;132,8420;132,8420;-3813,7610;2426,3591;-1387,4018;1485,1111;-214,9850;117,2758;Nie
25.2.2026;22;-13,625;-2,5516;-2,5516;119,7010;119,7010;-3500,5360;1978,1787;-1522,3573;1717,7278;-243,6293;48,2588;Nie
25.2.2026;23;-13,940;-2,3716;-2,3716;131,8800;131,8800;-3543,0881;1828,5162;-1714,5719;1617,7148;-226,4427;323,2998;Nie
25.2.2026;24;-11,581;-2,1627;-2,1627;110,8810;116,5670;-3329,8529;2095,8747;-1233,9783;1509,4870;-206,4968;-69,0120;Nie
25.2.2026;25;-21,236;-4,5269;-4,5269;193,4080;193,4080;-8363,7356;4451,2851;-3912,4504;3350,4151;-504,1201;1066,1554;Nie
25.2.2026;26;-16,205;-3,0170;-3,0170;155,6720;155,6720;-5932,1929;3567,8466;-2364,3463;2317,8340;-335,9761;382,4885;Nie
25.2.2026;27;-17,595;-3,6717;-3,6717;157,6660;157,6660;-5729,1094;3100,8172;-2628,2922;2887,5519;-408,8842;149,6245;Nie
25.2.2026;28;-11,779;-2,4235;-2,4235;156,8280;156,8280;-4703,5854;2961,5400;-1742,0454;1944,2224;-269,8834;67,7064;Nie
25.2.2026;29;-13,152;-2,5270;-2,5270;164,8770;164,8770;-4914,9834;2863,4189;-2051,5645;2109,4061;-302,4162;244,5746;Nie
25.2.2026;30;-14,243;-2,5608;-2,5608;119,2880;158,4837;-5418,8747;3250,9761;-2167,8985;2109,6920;-306,4612;364,6677;Nie
25.2.2026;31;-8,922;-1,0252;-1,0252;101,2220;168,8276;-4885,7019;3384,9934;-1500,7085;837,1851;-122,6898;786,2132;Nie
25.2.2026;32;-9,451;-1,5765;-1,5765;114,6790;164,2161;-5362,8052;3772,2080;-1590,5971;1292,6110;-188,6661;486,6522;Nie
25.2.2026;33;-14,559;-1,1603;-1,1603;67,5500;166,8333;-6916,5750;4451,1124;-2465,4625;946,0906;-146,3080;1665,6799;Nie
25.2.2026;34;-1,481;-0,4352;-0,4352;105,6210;156,2708;-6045,4922;5807,1792;-238,3130;355,6606;-54,8765;-62,4711;Nie
25.2.2026;35;-10,136;-1,0833;-1,0833;80,0960;146,0789;-5432,0900;3966,0421;-1466,0478;901,1797;-136,5987;701,4669;Nie
25.2.2026;36;-6,308;-0,6394;-0,6394;79,2000;141,9068;-6096,0323;5225,1503;-870,8820;528,6684;-80,6251;422,8388;Nie
25.2.2026;37;-5,877;-0,8125;-0,8125;86,8830;148,1260;-6045,6146;5212,1096;-833,5050;681,6518;-105,8411;257,6943;Nie
25.2.2026;38;-11,742;-1,0216;-1,0216;67,7830;132,7920;-5853,8697;4361,9516;-1491,9181;854,9581;-133,0797;770,0398;Nie
25.2.2026;39;-16,914;-1,3874;-1,3874;66,0170;120,7739;-5700,6489;3713,3143;-1987,3345;1150,1969;-180,7310;1017,8687;Nie
25.2.2026;40;-12,520;-1,0736;-1,0736;83,4490;116,9919;-5488,4410;3985,6800;-1502,7610;879,9794;-139,8536;762,6351;Nie
25.2.2026;41;-10,757;-1,7550;-1,7550;138,8550;138,8550;-4566,2467;3001,7674;-1564,4793;1399,0947;-224,1258;389,5104;Nie
25.2.2026;42;-4,359;-0,5726;-0,5726;90,5930;112,8380;-3877,1137;3424,7461;-452,3675;449,8457;-73,1250;75,6469;Nie
25.2.2026;43;-10,314;-1,2082;-1,2082;94,1520;102,5750;-3707,8811;2676,7972;-1031,0839;960,2621;-154,2956;225,1174;Nie
25.2.2026;44;-2,637;-0,3883;-0,3883;87,9820;98,0320;-3552,1895;3273,1904;-278,9991;306,0024;-49,5886;22,5853;Nie
25.2.2026;45;-17,516;-1,8873;-1,8873;85,0020;105,8530;-4649,2755;2752,0721;-1897,2033;1534,6888;-243,0106;605,5252;Nie
25.2.2026;46;-10,402;-1,1635;-1,1635;89,6670;102,2340;-4421,3138;3329,8636;-1091,4502;939,5067;-149,8134;301,7569;Nie
25.2.2026;47;-15,905;-1,8776;-1,8776;91,8320;100,2650;-4701,3256;3073,5233;-1627,8023;1515,9757;-241,7617;353,5882;Nie
25.2.2026;48;-10,878;-1,5015;-1,5015;92,8550;92,8550;-4458,7114;3433,4065;-1025,3049;1206,4629;-193,3346;12,1767;Nie
25.2.2026;49;3,647;0,2486;0,2486;78,5580;66,7810;-2460,6127;2728,6717;268,0589;-210,9605;30,9330;-88,0315;Nie
25.2.2026;50;5,068;0,1244;0,1244;51,9440;51,9440;-1714,7753;2002,3373;287,5620;-104,4800;15,4790;-198,5610;Nie
25.2.2026;51;5,006;0,1295;0,1295;36,1000;36,1000;-1369,6340;1577,1729;207,5389;-115,6734;16,1136;-107,9791;Nie
25.2.2026;52;16,109;0,6129;0,6129;27,8270;27,8270;-1056,0068;1525,6709;469,6641;-552,2533;76,2625;6,3267;Nie
25.2.2026;53;12,034;0,4772;0,4772;21,9670;21,9670;-850,7380;1130,3999;279,6619;-429,6389;58,6431;91,3339;Nie
25.2.2026;54;5,308;0,2186;0,2186;26,4770;26,4770;-895,9022;1053,8376;157,9353;-194,2492;26,8638;9,4501;Nie
25.2.2026;55;0,744;0,1361;0,1361;31,0450;31,0450;-1183,0008;1218,5473;35,5465;-121,0484;16,7253;68,7765;Nie
25.2.2026;56;-0,461;0,1590;0,1590;16,7780;67,6170;-2910,1681;2916,4564;6,2884;-141,3078;19,5395;115,4799;Nie
25.2.2026;57;5,345;0,2246;0,2246;-3,9560;-3,9560;-165,6219;142,2498;-23,3720;-198,6220;27,3138;194,6802;Nie
25.2.2026;58;-3,138;-0,1167;-0,1167;39,6140;79,6620;-3242,3231;3003,9744;-238,3487;102,6388;-14,1920;149,9019;Nie
25.2.2026;59;-0,657;-0,1207;-0,1207;85,1800;91,0910;-3589,5319;3546,6281;-42,9039;99,6403;-14,6784;-42,0580;Nie
25.2.2026;60;-1,839;-0,0762;-0,0762;38,6480;101,4090;-4297,9162;4078,1629;-219,7533;62,5078;-9,2668;166,5123;Nie
25.2.2026;61;-1,205;-0,0153;-0,0153;56,7570;83,5120;-3317,8482;3179,8029;-138,0453;11,5346;-1,8863;128,3971;Nie
25.2.2026;62;-2,208;-0,1204;-0,1204;68,3710;89,1330;-3043,8028;2830,3293;-213,4735;90,7478;-14,8440;137,5697;Nie
25.2.2026;63;-4,713;-0,4533;-0,4533;79,3910;100,3750;-3518,1438;3026,8081;-491,3356;342,1851;-55,8869;205,0374;Nie
25.2.2026;64;-0,826;-0,1494;-0,1494;83,9310;111,6610;-3655,8928;3565,7824;-90,1104;112,3516;-18,4194;-3,8218;Nie
25.2.2026;65;-0,355;-0,0311;-0,0311;74,4870;97,6360;-3169,4598;3178,1494;8,6896;24,0973;-4,2881;-28,4988;Nie
25.2.2026;66;-8,145;-0,4389;-0,4389;87,0650;113,3837;-4814,7254;3963,3272;-851,3982;340,9279;-60,5155;570,9858;Nie
25.2.2026;67;-3,982;-0,7683;-0,7683;118,0870;120,3290;-4073,9790;3698,3118;-375,6671;603,1743;-105,9332;-121,5740;Nie
25.2.2026;68;-9,313;-1,7000;-1,7000;109,9000;156,4860;-5571,3711;4286,1515;-1285,2195;1340,7537;-234,3960;178,8618;Nie
25.2.2026;69;3,823;0,3993;0,3993;77,2860;77,2860;-2705,0100;3092,9857;387,9757;-317,0428;64,2821;-135,2150;Nie
25.2.2026;70;2,244;0,7282;0,7282;89,8110;89,8110;-2742,7381;3052,4065;309,6683;-587,2801;117,2307;160,3810;Nie
25.2.2026;71;-0,782;-0,1981;-0,1981;116,3850;177,5840;-4910,7304;4989,9328;79,2025;162,1866;-31,8915;-209,4975;Nie
25.2.2026;72;-2,911;-0,4645;-0,4645;85,0820;191,3780;-5202,9937;4877,2683;-325,7254;384,9914;-74,7785;15,5124;Nie
25.2.2026;73;1,086;-0,1269;-0,1269;50,8860;50,8860;-1105,5492;1226,8106;121,2613;105,7720;-22,2328;-204,8006;Nie
25.2.2026;74;-2,284;-0,4117;-0,4117;89,4280;172,1500;-3445,0658;3270,5057;-174,5601;344,0581;-72,1294;-97,3686;Nie
25.2.2026;75;-6,005;-0,9031;-0,9031;100,1870;165,4400;-4529,2509;3734,6426;-794,6083;758,3621;-158,2222;194,4684;Nie
25.2.2026;76;4,974;0,3978;0,3978;88,0300;88,0300;-2106,4699;2651,9038;545,4339;-331,4974;69,6942;-283,6306;Nie
25.2.2026;77;-0,617;-0,1505;-0,1505;71,9170;165,8580;-3528,2972;3643,7344;115,4372;125,1512;-26,4895;-214,0989;Nie
25.2.2026;78;-0,104;-0,1942;-0,1942;82,1180;164,6590;-4008,1294;4210,9893;202,8599;161,7028;-34,1811;-330,3815;Nie
25.2.2026;79;2,373;0,0806;0,0806;62,6920;62,6920;-1467,1809;1700,3324;233,1515;-67,1431;14,1864;-180,1949;Nie
25.2.2026;80;0,921;-0,0280;-0,0280;60,6250;60,6250;-1498,1044;1628,9938;130,8894;23,0947;-4,9283;-149,0558;Nie
25.2.2026;81;12,035;1,0990;1,0990;82,7210;82,7210;-1451,0918;2556,7407;1105,6489;-906,7079;180,9053;-379,8463;Nie
25.2.2026;82;3,249;0,3219;0,3219;86,2410;86,2410;-1497,9199;1890,1440;392,2241;-262,1860;52,9876;-183,0257;Nie
25.2.2026;83;-4,207;-0,5686;-0,5686;99,8960;150,5460;-3102,0003;2656,3842;-445,6162;454,9887;-93,5967;84,2241;Nie
25.2.2026;84;2,174;0,2171;0,2171;76,2320;76,2320;-1695,9333;1957,1041;261,1708;-169,6119;35,7366;-127,2955;Nie
25.2.2026;85;-15,531;-2,2468;-2,2468;114,4840;144,8064;-3543,7022;1462,6894;-2081,0128;1724,4698;-323,4358;679,9788;Nie
25.2.2026;86;-18,605;-2,8320;-2,8320;111,6000;147,1493;-4390,1994;1795,6629;-2594,5365;2140,8230;-407,6777;861,3912;Nie
25.2.2026;87;-7,118;-0,7043;-0,7043;73,2290;133,0720;-2188,9013;1389,1386;-799,7627;525,9414;-101,3868;375,2081;Nie
25.2.2026;88;-9,664;-0,8006;-0,8006;61,4180;125,2404;-2930,7506;1863,4519;-1067,2987;581,0779;-115,2496;601,4704;Nie
25.2.2026;89;-3,576;-0,3010;-0,3010;73,6610;113,6740;-1952,3510;1671,6898;-280,6611;213,7362;-37,4167;104,3416;Nie
25.2.2026;90;-11,464;-1,5226;-1,5226;89,9370;113,9679;-2553,2229;1371,6037;-1181,6192;1069,4633;-189,2714;301,4272;Nie
25.2.2026;91;-11,965;-1,6356;-1,6356;94,2470;113,6092;-2667,4304;1435,2250;-1232,2054;1128,4237;-203,3182;307,0998;Nie
25.2.2026;92;-8,852;-1,2802;-1,2802;101,1930;113,1680;-2667,5961;1786,9227;-880,6734;866,6846;-159,1391;173,1279;Nie
25.2.2026;93;-2,497;-0,4137;-0,4137;93,3100;100,9250;-1692,5123;1545,1618;-147,3505;276,1448;-42,7944;-85,9999;Nie
25.2.2026;94;-0,429;-0,2852;-0,2852;73,3220;97,1906;-1992,6017;2050,8189;58,2172;188,4551;-29,5019;-217,1703;Nie
25.2.2026;95;3,730;0,0898;0,0898;33,9990;33,9990;-641,7651;801,7644;159,9993;-61,6521;9,2892;-107,6364;Nie
25.2.2026;96;3,501;0,2060;0,2060;33,7590;33,7590;-687,4345;839,1812;151,7467;-141,6777;21,3093;-31,3783;Nie
26.2.2026;1;4,220;0,1202;0,1202;19,7520;19,7520;-401,8742;503,8143;101,9401;-77,3713;11,0925;-35,6613;Nie
26.2.2026;2;8,909;1,0290;1,0290;78,1070;78,1070;-1439,2777;2209,1784;769,9007;-651,0404;94,9602;-213,8205;Nie
26.2.2026;3;1,095;0,0160;0,0160;50,0190;50,0190;-933,5546;1036,7438;103,1892;-10,0834;1,4765;-94,5823;Nie
26.2.2026;4;-2,618;-0,2770;-0,2770;57,7030;86,8797;-2093,7139;1949,2329;-144,4809;173,4476;-25,5627;-3,4040;Nie
26.2.2026;5;-6,128;-0,6482;-0,6482;70,0650;93,3900;-2695,4222;2212,3157;-483,1065;400,7861;-54,0275;136,3478;Nie
26.2.2026;6;-6,578;-0,6838;-0,6838;61,9770;84,6783;-2568,2928;2091,3000;-476,9929;420,3706;-56,9947;113,6170;Nie
26.2.2026;7;-10,997;-1,2695;-1,2695;71,9000;84,6783;-2689,8909;1833,4546;-856,4363;777,2446;-105,8128;185,0046;Nie
26.2.2026;8;-11,340;-1,4816;-1,4816;75,3130;84,6783;-2513,9294;1626,3314;-887,5979;897,5952;-123,4914;113,4941;Nie
26.2.2026;9;-19,699;-2,1551;-2,1551;68,7930;80,7510;-2785,3442;1283,7794;-1501,5648;1349,9897;-173,6321;325,2072;Nie
26.2.2026;10;-16,393;-1,5290;-1,5290;57,5430;79,8380;-2856,2045;1634,5234;-1221,6811;948,8605;-123,1885;396,0090;Nie
26.2.2026;11;-13,334;-1,2956;-1,2956;60,6190;79,9920;-2586,2214;1605,2795;-980,9419;797,5539;-104,3839;287,7719;Nie
26.2.2026;12;-15,290;-1,7264;-1,7264;69,1780;81,1580;-2701,6687;1540,0542;-1161,6145;1059,5949;-139,0926;241,1121;Nie
26.2.2026;13;-14,927;-1,5323;-1,5323;66,2370;81,8840;-2609,5612;1471,0461;-1138,5151;940,0992;-123,4911;321,9071;Nie
26.2.2026;14;-10,994;-1,2350;-1,2350;67,7890;81,8290;-2524,5883;1706,4620;-818,1263;757,2343;-99,5311;160,4232;Nie
26.2.2026;15;-17,350;-1,2942;-1,2942;48,1760;83,2810;-2996,2838;1633,5568;-1362,7270;834,3609;-104,3022;632,6683;Nie
26.2.2026;16;-20,914;-1,7501;-1,7501;53,9570;75,4193;-2891,3497;1389,8269;-1501,5228;1137,8272;-141,0441;504,7397;Nie
26.2.2026;17;-10,232;-0,9682;-0,9682;57,3590;76,3383;-2504,8123;1801,5075;-703,3048;612,0249;-83,6602;174,9401;Nie
26.2.2026;18;-12,052;-0,8283;-0,8283;41,9060;77,8360;-2807,6224;1952,7496;-854,8728;530,2972;-71,5717;396,1473;Nie
26.2.2026;19;-11,812;-0,9767;-0,9767;52,0230;80,6630;-2890,2360;2021,6568;-868,5792;631,6660;-84,3947;321,3079;Nie
26.2.2026;20;1,645;0,1098;0,1098;46,1200;46,1200;-1631,5411;1757,4026;125,8615;-71,9336;9,4876;-63,4155;Nie
26.2.2026;21;3,680;0,0109;0,0109;23,9900;23,9900;-654,3992;768,9995;114,6002;-7,8690;1,0517;-107,7829;Nie
26.2.2026;22;-6,993;-0,6521;-0,6521;67,6530;87,1988;-2711,1851;2196,9738;-514,2113;479,2761;-62,9172;97,8524;Nie
26.2.2026;23;-7,018;-0,3582;-0,3582;43,7730;94,9300;-3570,6970;3007,3824;-563,3146;251,8465;-34,5606;346,0287;Nie
26.2.2026;24;-4,250;-0,4546;-0,4546;70,6910;110,9020;-3983,1562;3632,3732;-350,7830;325,5041;-43,8616;69,1406;Nie
26.2.2026;25;-5,411;-0,7334;-0,7334;95,9660;133,2668;-4738,0345;4153,5264;-584,5082;556,9839;-83,4110;110,9353;Nie
26.2.2026;26;-9,909;-1,1055;-1,1055;79,9460;133,2668;-5974,2174;4788,0096;-1186,2078;878,0099;-125,7307;433,9286;Nie
26.2.2026;27;-11,070;-1,1521;-1,1521;93,7090;134,3430;-5793,9449;4427,9453;-1365,9996;942,8013;-131,0306;554,2290;Nie
26.2.2026;28;-12,981;-1,5405;-1,5405;89,8600;143,3520;-6737,9741;4997,1074;-1740,8667;1291,2746;-175,2041;624,7962;Nie
26.2.2026;29;-24,269;-2,4379;-2,4379;84,6290;129,0190;-5389,2526;2370,5951;-3018,6575;2074,5263;-295,6076;1239,7388;Nie
26.2.2026;30;-11,324;-1,0542;-1,0542;75,2810;129,9100;-4498,6534;3103,0303;-1395,6231;897,9732;-127,8270;625,4770;Nie
26.2.2026;31;-5,928;-0,5192;-0,5192;64,5330;127,8310;-3687,6687;2984,0869;-703,5818;436,3506;-62,9556;330,1868;Nie
26.2.2026;32;3,599;0,2673;0,2673;60,5330;60,5330;-1539,7779;1763,9316;224,1537;-223,0224;32,4115;-33,5428;Nie
26.2.2026;33;-0,324;0,0089;0,0089;32,2020;122,8260;-5254,3735;5155,7442;-98,6293;-7,4420;1,1293;104,9420;Nie
26.2.2026;34;6,002;-0,0661;-0,0661;-23,1020;-23,1020;-928,7235;807,2532;-121,4703;55,0432;-8,3873;74,8144;Nie
26.2.2026;35;4,366;-0,0118;-0,0118;-37,5540;-37,5540;-1213,7453;1078,8138;-134,9315;9,9556;-1,4973;126,4732;Nie
26.2.2026;36;4,990;-0,3927;-0,3927;-112,4820;-112,4820;-4517,8395;4028,3179;-489,5217;331,3514;-49,8289;207,9992;Nie
26.2.2026;37;5,091;0,6874;0,6874;93,9530;77,5417;-2683,8733;3034,6720;350,7987;-587,2664;88,6719;147,7959;Nie
26.2.2026;38;13,638;0,0483;0,0483;0,3320;0,3320;-32,8116;37,1757;4,3641;-44,7478;6,2305;34,1532;Nie
26.2.2026;39;24,373;-4,0568;-4,0568;-157,3350;-157,3350;-7722,3165;3985,9249;-3736,3916;3432,2627;-523,3110;827,4399;Nie
26.2.2026;40;9,952;-0,3011;-0,3011;-25,8990;-25,8990;-1393,9619;1147,9732;-245,9887;252,8228;-38,8407;32,0066;Nie
26.2.2026;41;6,131;-0,3489;-0,3489;-21,5090;-21,5090;-1216,3770;1089,8180;-126,5590;279,3056;-45,8259;-106,9207;Nie
26.2.2026;42;19,325;-0,8359;-0,8359;-42,1460;-42,1460;-2600,8718;1796,5997;-804,2721;658,1055;-109,7904;255,9571;Nie
26.2.2026;43;23,722;-4,6290;-4,6290;-172,9570;-172,9570;-11856,0294;7813,6784;-4042,3510;3652,4131;-607,9914;997,9293;Nie
26.2.2026;44;23,061;-3,2292;-3,2292;-135,8690;-135,8690;-9982,4313;6887,0637;-3095,3676;2541,0759;-424,1360;978,4277;Nie
26.2.2026;45;26,336;-9,1787;-9,1787;-296,3880;-296,3880;-19825,3933;12149,2405;-7676,1528;7413,4739;-1233,3419;1496,0208;Nie
26.2.2026;46;32,901;-13,7655;-13,7655;-350,0010;-350,0010;-25145,4718;13769,7393;-11375,7325;11109,0632;-1849,6702;2116,3395;Nie
26.2.2026;47;39,407;-19,8655;-19,8655;-416,8250;-416,8250;-33758,6568;17489,1434;-16269,5134;16454,7383;-2669,3272;2484,1023;Nie
26.2.2026;48;35,327;-12,6557;-12,6557;-347,4140;-347,4140;-54839,2999;42711,4246;-12127,8753;11542,8960;-1700,5464;2285,5257;Nie
26.2.2026;49;42,678;-14,5678;-14,5678;-311,4970;-311,4970;-24955,2707;11951,5169;-13003,7538;13039,4837;-1861,1967;1825,4668;Nie
26.2.2026;50;39,747;-11,8807;-11,8807;-303,7010;-303,7010;-22913,0256;11143,3971;-11769,6286;10716,0978;-1517,8901;2571,4209;Nie
26.2.2026;51;58,528;-25,6400;-25,6400;-590,5400;-590,5400;-51648,0379;17302,8220;-34345,2159;23314,3177;-3275,7920;14306,6902;Nie
26.2.2026;52;46,080;-1,4005;-1,4005;-70,2420;-70,2420;-6008,8519;2814,3862;-3194,4657;1283,7662;-178,9293;2089,6288;Nie
26.2.2026;53;31,966;-0,7752;-0,7752;-23,3080;-23,3080;-1826,2983;1107,1533;-719,1450;694,3688;-99,0171;123,7933;Nie
26.2.2026;54;35,677;-0,7747;-0,7747;-21,5790;-21,5790;-1721,4647;968,8971;-752,5676;687,4762;-98,9532;164,0446;Nie
26.2.2026;55;34,553;0,2542;0,2542;7,1560;1,9725;-93,9719;161,3485;67,3767;-222,0672;32,4692;122,2213;Nie
26.2.2026;56;34,357;-0,5665;-0,5665;-17,3670;-17,3670;-1359,0720;768,5071;-590,5648;494,1343;-72,3596;168,7901;Nie
26.2.2026;57;39,277;-0,2978;-0,2978;-7,2340;-7,2340;-589,3467;308,2624;-281,0843;257,6184;-36,9647;60,4306;Nie
26.2.2026;58;40,773;-0,7849;-0,7849;-18,7710;-18,7710;-1502,0930;743,4067;-758,6863;676,3852;-97,4265;179,7276;Nie
26.2.2026;59;24,407;-0,0033;-0,0033;-4,3050;-4,3050;-312,2158;208,6677;-103,5482;2,7964;-0,4096;101,1614;Nie
26.2.2026;60;10,287;0,0019;0,0019;2,4370;2,4370;-155,6268;179,6093;23,9825;-1,5464;0,2358;-22,6720;Nie
26.2.2026;61;16,079;1,0239;1,0239;51,7550;41,7176;-2308,2348;2962,4085;654,1737;-776,1972;129,4896;-7,4660;Nie
26.2.2026;62;8,357;0,2545;0,2545;29,2980;29,2980;-1537,1782;1770,2438;233,0656;-187,7858;32,1859;-77,4656;Nie
26.2.2026;63;3,827;0,9514;0,9514;114,6680;53,0755;-2287,6071;2466,9492;179,3421;-698,1073;120,3207;398,4445;Nie
26.2.2026;64;7,801;0,4304;0,4304;55,3420;50,7702;-1775,8908;2163,7752;387,8843;-318,1515;54,4314;-124,1642;Nie
26.2.2026;65;-11,289;-0,1406;-0,1406;51,3450;76,0870;-4166,4480;3336,7193;-829,7287;107,5341;-19,6614;741,8560;Nie
26.2.2026;66;-5,299;-0,8899;-0,8899;256,2180;256,2180;-13713,5560;12514,9682;-1198,5878;685,5908;-124,4427;637,4397;Nie
26.2.2026;67;0,260;-1,0160;-1,0160;49,4640;49,4640;-2110,3321;2168,4523;58,1202;792,7286;-142,0764;-708,7724;Nie
26.2.2026;68;1,536;0,1304;0,1304;117,9410;92,4393;-3496,3316;3739,5394;243,2078;-102,0711;18,2350;-159,3717;Nie
26.2.2026;69;-2,095;-0,2970;-0,2970;78,7680;117,2380;-4529,0212;4420,4588;-108,5624;235,6128;-48,2016;-78,8488;Nie
26.2.2026;70;-9,658;-0,7205;-0,7205;59,4020;126,5110;-3542,4345;2472,1515;-1070,2831;578,1561;-116,9335;609,0605;Nie
26.2.2026;71;-7,847;-0,5858;-0,5858;68,0030;133,7820;-3412,2437;2508,9476;-903,2961;474,7456;-95,0724;523,6229;Nie
26.2.2026;72;-11,140;-0,5365;-0,5365;39,8220;140,7780;-4139,8586;2723,9135;-1415,9451;439,8487;-87,0713;1063,1677;Nie
26.2.2026;73;5,111;0,4343;0,4343;69,9870;69,9870;-1314,9158;1764,5822;449,6665;-359,8927;77,5204;-167,2942;Nie
26.2.2026;74;-0,407;0,1009;0,1009;58,3670;131,0100;-2159,5688;2278,9190;119,3501;-83,8666;18,0101;-53,4937;Nie
26.2.2026;75;1,843;0,2017;0,2017;70,6930;70,6930;-1290,0766;1515,3045;225,2279;-169,5666;36,0024;-91,6637;Nie
26.2.2026;76;4,281;0,7046;0,7046;100,3950;100,3950;-1485,8460;2048,4596;562,6136;-590,5133;125,7676;-97,8679;Nie
26.2.2026;77;-1,353;-0,1665;-0,1665;87,8080;133,0560;-2420,2886;2413,9020;-6,3867;139,7895;-29,1620;-104,2408;Nie
26.2.2026;78;2,197;0,2560;0,2560;82,9580;82,9580;-1598,8495;1887,5434;288,6938;-214,8248;44,8376;-118,7067;Nie
26.2.2026;79;0,494;0,0579;0,0579;103,7770;98,7239;-1703,8758;1879,7031;175,8273;-48,7156;10,1410;-137,2527;Nie
26.2.2026;80;1,475;0,0709;0,0709;85,3080;85,3080;-1784,9846;2023,2498;238,2652;-59,3652;12,4179;-191,3180;Nie
26.2.2026;81;0,132;0,0900;0,0900;98,4540;92,3033;-1461,6228;1594,7241;133,1014;-75,2065;14,9207;-72,8156;Nie
26.2.2026;82;-4,623;-0,0965;-0,0965;143,0390;143,0390;-3542,0748;3072,6208;-469,4540;79,5140;-15,9983;405,9383;Nie
26.2.2026;83;-2,607;-0,9259;-0,9259;97,1520;97,1520;-2018,9157;1891,7437;-127,1720;749,9716;-153,5013;-469,2984;Nie
26.2.2026;84;-3,457;-0,4038;-0,4038;87,3130;99,2200;-2465,1209;2246,4400;-218,6809;322,5173;-66,9444;-36,8920;Nie
26.2.2026;85;2,599;0,2681;0,2681;73,2730;73,2730;-1279,6397;1561,0813;281,4416;-208,8002;38,9128;-111,5542;Nie
26.2.2026;86;7,422;0,5790;0,5790;69,1780;69,1780;-1017,8159;1615,9981;598,1822;-443,0191;84,0378;-239,2009;Nie
26.2.2026;87;6,560;0,6064;0,6064;75,5610;75,5610;-1200,1354;1786,4132;586,2778;-459,7452;88,0147;-214,5473;Nie
26.2.2026;88;3,964;0,3980;0,3980;74,5950;74,5950;-1527,4818;1911,0493;383,5675;-294,3977;57,7669;-146,9367;Nie
26.2.2026;89;-2,034;-0,3192;-0,3192;97,1280;105,0060;-1982,5133;1891,0531;-91,4602;230,7437;-39,8521;-99,4314;Nie
26.2.2026;90;-7,059;-0,9084;-0,9084;87,6320;91,8060;-2023,8633;1477,8930;-545,9703;651,8976;-113,4137;7,4864;Nie
26.2.2026;91;-6,425;-0,8256;-0,8256;94,7310;94,7310;-2532,9175;2028,1907;-504,7268;580,7669;-103,0762;27,0360;Nie
26.2.2026;92;-12,070;-1,7914;-1,7914;94,3960;94,3960;-2347,4397;1313,8979;-1033,5418;1242,9582;-223,6563;14,2399;Nie
26.2.2026;93;-13,365;-1,4658;-1,4658;74,2400;96,6130;-2891,7237;1705,7025;-1186,0212;1011,0642;-151,6194;326,5764;Nie
26.2.2026;94;-12,469;-1,5664;-1,5664;80,9340;86,5590;-2823,6411;1836,4357;-987,2054;1066,8396;-162,0253;82,3911;Nie
26.2.2026;95;-13,212;-1,5027;-1,5027;77,1690;78,8920;-2627,6558;1668,0924;-959,5634;1059,4253;-155,4363;55,5744;Nie
26.2.2026;96;-8,880;-1,2166;-1,2166;80,8310;80,8310;-2468,0129;1836,8845;-631,1284;851,4184;-125,8427;-94,4473;Nie
27.2.2026;1;-13,874;-1,3654;-1,3654;69,3230;70,6420;-2065,9253;1152,9481;-912,9772;936,7053;-126,0551;102,3270;Nie
27.2.2026;2;-12,208;-1,4931;-1,4931;75,5730;75,5730;-2186,7803;1335,4505;-851,3298;1011,9656;-137,8445;-22,7913;Nie
27.2.2026;3;-18,229;-2,2419;-2,2419;85,2210;85,2210;-2788,5163;1313,5113;-1475,0051;1562,6903;-206,9744;119,2892;Nie
27.2.2026;4;-12,141;-1,4530;-1,4530;80,9340;80,9340;-2552,0918;1641,0178;-911,0740;991,0130;-134,1424;54,2035;Nie
27.2.2026;5;-0,504;-0,0116;-0,0116;74,7540;74,8834;-1511,7461;1542,3734;30,6273;7,2009;-0,9737;-36,8545;Nie
27.2.2026;6;-3,025;-0,4553;-0,4553;88,9640;88,9640;-2245,7183;2054,5346;-191,1836;280,6162;-38,2174;-51,2151;Nie
27.2.2026;7;-2,959;-0,1896;-0,1896;94,9860;94,9860;-2317,0885;2116,8580;-200,2305;115,7206;-15,9148;100,4247;Nie
27.2.2026;8;3,898;0,3325;0,3325;83,4390;56,2100;-1481,7518;1748,5807;266,8289;-202,0619;27,9097;-92,6767;Nie
27.2.2026;9;2,957;0,3604;0,3604;64,8350;61,6700;-1546,4986;1798,6056;252,1070;-235,9188;28,9942;-45,1823;Nie
27.2.2026;10;1,024;0,0668;0,0668;59,5860;59,5860;-1656,9079;1782,9323;126,0244;-43,5945;5,3741;-87,8040;Nie
27.2.2026;11;-0,420;-0,0142;-0,0142;62,3620;72,2289;-2060,1849;2104,3168;44,1319;9,2565;-1,1424;-52,2460;Nie
27.2.2026;12;0,474;0,0503;0,0503;85,2300;61,4900;-1508,7186;1599,9083;91,1897;-32,3550;4,0466;-62,8813;Nie
27.2.2026;13;-0,851;-0,0334;-0,0334;80,5430;80,5430;-2213,6438;2225,0004;11,3566;20,8847;-2,6462;-29,5951;Nie
27.2.2026;14;1,237;0,0658;0,0658;36,6330;36,6330;-914,6161;994,3295;79,7134;-41,0838;5,2131;-43,8427;Nie
27.2.2026;15;-0,994;0,0792;0,0792;28,5900;75,6399;-1930,4815;1929,1956;-1,2859;-49,5412;6,2748;44,5523;Nie
27.2.2026;16;2,068;0,1947;0,1947;58,1860;58,1860;-1476,6443;1654,6935;178,0492;-121,6127;15,4255;-71,8620;Nie
27.2.2026;17;3,337;0,2596;0,2596;61,0620;59,2300;-1081,2437;1339,6641;258,4205;-166,1078;22,0068;-114,3195;Nie
27.2.2026;18;2,743;0,2026;0,2026;54,1910;54,1910;-1067,9420;1272,1337;204,1917;-130,4849;17,1748;-90,8816;Nie
27.2.2026;19;3,212;0,4440;0,4440;82,5250;69,0900;-1339,0333;1630,1786;291,1453;-288,4570;37,6388;-40,3270;Nie
27.2.2026;20;-4,021;-0,4815;-0,4815;69,0140;81,2020;-2044,4228;1798,5431;-245,8797;317,7180;-40,8177;-31,0206;Nie
27.2.2026;21;-5,851;-0,0573;-0,0573;31,9290;89,5666;-2679,5640;2247,3156;-432,2484;38,8809;-5,5001;398,8676;Nie
27.2.2026;22;-2,310;-0,2575;-0,2575;73,2350;94,5920;-2634,3872;2514,1608;-120,2264;177,6199;-24,7169;-32,6766;Nie
27.2.2026;23;-3,082;-0,3353;-0,3353;80,0220;103,6530;-3157,2704;2948,2023;-209,0681;237,0744;-32,1848;4,1785;Nie
27.2.2026;24;-2,840;-0,3526;-0,3526;75,4870;122,7490;-4047,6483;3825,7181;-221,9302;254,5710;-33,8454;1,2046;Nie
27.2.2026;25;-12,128;-1,6321;-1,6321;102,2540;123,9839;-4621,9958;3230,4005;-1391,5953;1237,2032;-186,5882;340,9803;Nie
27.2.2026;26;-12,871;-1,5175;-1,5175;84,5890;140,1400;-5251,6064;3570,0665;-1681,5399;1192,9708;-173,4867;662,0557;Nie
27.2.2026;27;-11,356;-0,8608;-0,8608;61,2470;148,3350;-5461,8430;3904,7705;-1557,0725;692,5982;-98,4101;962,8844;Nie
27.2.2026;28;-6,997;-0,7453;-0,7453;81,3580;167,2770;-6570,8078;5526,9994;-1043,8085;610,0338;-85,2057;518,9804;Nie
27.2.2026;29;-13,063;-1,4284;-1,4284;93,0600;144,3200;-6454,1347;4674,0918;-1780,0429;1178,6181;-173,7677;775,1925;Nie
27.2.2026;30;-3,190;-0,3904;-0,3904;92,3350;146,1020;-5831,8074;5424,1829;-407,6246;324,2974;-47,4929;130,8201;Nie
27.2.2026;31;-11,237;-1,1109;-1,1109;77,9190;133,8920;-5576,8696;4087,5889;-1489,2807;922,9786;-135,1432;701,4453;Nie
27.2.2026;32;-6,504;-0,6016;-0,6016;71,4850;107,7120;-3743,3151;3027,3535;-715,9617;497,3940;-73,1858;291,7535;Nie
27.2.2026;33;7,219;0,9915;0,9915;102,9770;86,2366;-2823,7312;3400,8266;577,0953;-808,1160;128,3993;102,6214;Nie
27.2.2026;34;-0,520;-0,7038;-0,7038;98,1450;102,1240;-3273,8912;3148,4829;-125,4083;577,8996;-91,1421;-361,3492;Nie
27.2.2026;35;1,336;-0,3527;-0,3527;-69,5470;-69,5470;-2412,0291;2371,6222;-40,4068;292,4512;-45,6747;-206,3697;Nie
27.2.2026;36;1,119;-0,0873;-0,0873;28,7910;28,7910;-1371,7760;1384,3577;12,5817;71,7800;-11,3054;-73,0563;Nie
27.2.2026;37;21,532;1,3826;1,3826;54,8260;54,8260;-1318,2912;2461,1940;1142,9028;-1136,4349;187,0423;-193,5102;Nie
27.2.2026;38;5,999;0,2514;0,2514;5,9440;5,9440;-199,7303;231,8636;32,1333;-207,0346;34,0101;140,8912;Nie
27.2.2026;39;5,200;0,3082;0,3082;50,4980;49,7435;-2124,9926;2352,7183;227,7257;-249,5518;41,6942;-19,8682;Nie
27.2.2026;40;8,413;0,5219;0,5219;60,8070;41,6012;-1638,4217;1965,9895;327,5678;-415,7031;70,6042;17,5311;Nie
27.2.2026;41;29,120;0,0740;0,0740;2,0190;2,0190;-68,7348;126,6377;57,9029;-56,9791;10,1273;-11,0511;Nie
27.2.2026;42;24,496;-0,0407;-0,0407;-2,7890;-2,7890;-172,8009;105,8565;-66,9444;34,2085;-5,5700;38,3059;Nie
27.2.2026;43;11,655;0,0825;0,0825;6,2310;6,2310;-259,3716;329,1463;69,7747;-72,8956;11,2906;-8,1698;Nie
27.2.2026;44;27,310;-0,5500;-0,5500;-21,7220;-21,7220;-1423,1820;842,6833;-580,4987;484,5204;-75,2708;171,2491;Nie
27.2.2026;45;21,244;-1,2408;-1,2408;-55,6420;-55,6420;-2761,1786;1623,8561;-1137,3225;1122,0719;-175,0955;190,3461;Nie
27.2.2026;46;28,365;-1,4921;-1,4921;-50,5490;-50,5490;-2970,7142;1573,1354;-1397,5788;1329,5237;-210,5577;278,6127;Nie
27.2.2026;47;41,402;-3,6436;-3,6436;-78,7620;-78,7620;-6290,5634;3083,4535;-3207,1099;3251,3493;-514,1666;469,9272;Nie
27.2.2026;48;30,434;-0,2616;-0,2616;-8,2110;-8,2110;-606,0129;361,6781;-244,3347;233,0123;-36,9157;48,2381;Nie
27.2.2026;49;17,607;-0,1449;-0,1449;-11,3150;-11,3150;-615,9094;423,9278;-191,9816;126,2564;-19,8872;85,6124;Nie
27.2.2026;50;14,463;-0,3473;-0,3473;-30,9570;-30,9570;-1546,8903;1118,9717;-427,9186;301,5918;-47,6662;173,9930;Nie
27.2.2026;51;10,435;-0,5327;-0,5327;-51,4220;-51,4220;-2344,3804;1836,3310;-508,0494;476,0263;-73,1120;105,1351;Nie
27.2.2026;52;13,868;-0,7274;-0,7274;-48,4060;-48,4060;-2462,0744;1814,7893;-647,2850;642,2143;-99,8342;104,9049;Nie
27.2.2026;53;23,609;-1,7645;-1,7645;-66,6640;-66,6640;-4014,7727;2467,3680;-1547,4048;1554,1202;-241,3448;234,6293;Nie
27.2.2026;54;15,354;-1,5414;-1,5414;-91,4750;-91,4750;-4908,3656;3536,8809;-1371,4847;1354,2709;-210,8296;228,0434;Nie
27.2.2026;55;8,108;-0,0073;-0,0073;-13,3730;-13,3730;-637,9188;533,4089;-104,5100;6,3516;-0,9985;99,1569;Nie
27.2.2026;56;12,241;-0,1101;-0,1101;-22,6540;-22,6540;-1113,1496;844,4505;-268,6991;92,3111;-15,0593;191,4473;Nie
27.2.2026;57;16,568;-0,2350;-0,2350;-23,9270;-23,9270;-1272,6532;884,0787;-388,5745;196,8843;-32,1534;223,8436;Nie
27.2.2026;58;14,773;-0,2282;-0,2282;-23,2640;-23,2640;-1102,0389;767,9446;-334,0943;190,4790;-31,2230;174,8383;Nie
27.2.2026;59;7,995;-0,4662;-0,4662;-37,1100;-37,1100;-1557,0243;1276,2500;-280,7743;369,5991;-63,7869;-25,0380;Nie
27.2.2026;60;10,249;-1,0705;-1,0705;-68,2460;-68,2460;-3021,7964;2359,1277;-662,6687;782,9162;-146,4690;26,2215;Nie
27.2.2026;61;-4,893;-0,2014;-0,2014;28,9540;52,4547;-2478,2223;2191,5574;-286,6649;145,1233;-27,7980;169,3397;Nie
27.2.2026;62;-7,340;-2,1019;-2,1019;230,7330;230,7330;-9891,2930;8070,1174;-1821,1756;1505,6352;-290,1126;605,6530;Nie
27.2.2026;63;-12,253;-0,7147;-0,7147;40,9650;94,5560;-3959,4379;2769,1670;-1190,2709;514,0464;-98,6458;774,8703;Nie
27.2.2026;64;-3,560;-0,2174;-0,2174;51,1540;109,6590;-4637,4791;4244,8999;-392,5792;157,9705;-30,0064;264,6151;Nie
27.2.2026;65;-18,952;-1,9749;-1,9749;85,9270;99,4097;-5460,6742;3621,0977;-1839,5765;1485,0526;-296,3298;650,8537;Nie
27.2.2026;66;-16,774;-2,0801;-2,0801;105,0690;105,4717;-5033,6369;3331,3236;-1702,3132;1572,8732;-312,1148;441,5549;Nie
27.2.2026;67;-10,132;-1,2232;-1,2232;131,6080;131,6080;-5700,7321;4490,3334;-1210,3988;933,8072;-183,5387;460,1303;Nie
27.2.2026;68;-4,957;-0,9430;-0,9430;108,7280;141,4380;-5509,0101;4951,6029;-557,4072;724,0501;-141,4953;-25,1477;Nie
27.2.2026;69;12,682;0,0670;0,0670;8,4870;8,4870;-217,7764;334,8631;117,0867;-52,0844;11,3700;-76,3723;Nie
27.2.2026;70;10,490;1,4116;1,4116;96,7820;96,7820;-2261,1179;3392,8866;1131,7687;-1118,0876;239,5513;-253,2325;Nie
27.2.2026;71;3,274;0,2679;0,2679;79,6370;79,6370;-1829,5008;2189,6193;360,1185;-215,5174;45,4632;-190,0643;Nie
27.2.2026;72;1,034;0,0032;0,0032;64,6890;64,6890;-1485,9710;1635,3379;149,3669;-2,5978;0,5430;-147,3121;Nie
27.2.2026;73;1,796;0,0576;0,0576;45,2760;45,2760;-1162,4160;1305,3071;142,8911;-46,9564;10,3292;-106,2639;Nie
27.2.2026;74;1,331;0,1596;0,1596;88,5330;88,5330;-1899,1214;2136,7440;237,6226;-131,0162;28,6206;-135,2270;Nie
27.2.2026;75;0,717;0,0615;0,0615;116,5810;116,5810;-2535,7533;2774,7444;238,9911;-50,5496;11,0286;-199,4701;Nie
27.2.2026;76;2,966;0,2207;0,2207;98,4710;98,4710;-2577,3800;3001,4946;424,1146;-179,7580;39,5775;-283,9341;Nie
27.2.2026;77;8,877;0,7939;0,7939;70,5340;70,5340;-1006,8023;1726,5313;719,7289;-648,0001;140,5489;-212,2777;Nie
27.2.2026;78;10,498;0,8874;0,8874;68,1780;68,1780;-984,6949;1793,3541;808,6593;-723,0361;157,1017;-242,7249;Nie
27.2.2026;79;4,701;0,2326;0,2326;46,4970;46,4970;-823,2294;1105,7917;282,5623;-190,7504;41,1786;-132,9904;Nie
27.2.2026;80;4,135;0,3722;0,3722;57,8370;57,8370;-1374,9012;1689,0139;314,1127;-300,6181;65,8928;-79,3874;Nie
27.2.2026;81;6,366;0,3858;0,3858;58,7800;58,7800;-1108,0618;1560,3739;452,3121;-309,8193;65,9691;-208,4619;Nie
27.2.2026;82;-0,292;-0,0695;-0,0695;84,3570;131,9450;-2794,0673;2926,4082;132,3408;55,3191;-11,8840;-175,7759;Nie
27.2.2026;83;0,446;-0,0551;-0,0551;71,2160;71,2160;-1651,8551;1775,4861;123,6310;43,3540;-9,4217;-157,5633;Nie
27.2.2026;84;0,181;-0,2515;-0,2515;78,2800;78,2800;-2227,9271;2336,5797;108,6526;193,8633;-43,0047;-259,5112;Nie
27.2.2026;85;0,483;-0,0214;-0,0214;73,8310;73,8310;-1400,7956;1530,6643;129,8687;16,1925;-3,2081;-142,8531;Nie
27.2.2026;86;-2,721;-0,3639;-0,3639;90,4390;111,2650;-2622,0710;2455,9523;-166,1186;271,4189;-54,5530;-50,7473;Nie
27.2.2026;87;-4,307;-0,4618;-0,4618;75,1350;106,1170;-2523,4623;2198,1075;-325,3547;342,2457;-69,2294;52,3384;Nie
27.2.2026;88;-0,331;-0,1885;-0,1885;80,3720;98,9340;-3070,7135;3160,4466;89,7331;135,1813;-28,2584;-196,6560;Nie
27.2.2026;89;-1,775;-0,1270;-0,1270;74,9000;109,3730;-2441,3147;2381,9252;-59,3895;89,8868;-16,6021;-13,8952;Nie
27.2.2026;90;-0,016;0,0819;0,0819;90,2340;107,7230;-2107,7082;2235,3600;127,6518;-56,5928;10,7064;-81,7653;Nie
27.2.2026;91;6,906;1,1151;1,1151;92,7230;87,5700;-1545,5229;2254,0518;708,5289;-754,3532;145,7714;-99,9471;Nie
27.2.2026;92;12,164;1,6868;1,6868;94,6080;85,4700;-1392,7337;2536,3223;1143,5886;-1128,3731;220,5069;-235,7224;Nie
27.2.2026;93;-0,234;-0,0812;-0,0812;84,1480;96,4370;-1660,9345;1755,5391;94,6047;53,6085;-9,0657;-139,1475;Nie
27.2.2026;94;-3,319;-0,5256;-0,5256;98,5190;98,5190;-1840,2364;1626,0561;-214,1803;343,5504;-58,6811;-70,6890;Nie
27.2.2026;95;0,363;0,0631;0,0631;87,7510;83,2300;-1243,0401;1369,6329;126,5928;-40,9888;7,0449;-92,6489;Nie
27.2.2026;96;4,768;0,4040;0,4040;73,8480;73,8480;-1069,9098;1501,4037;431,4939;-260,1005;45,1050;-216,4983;Nie
28.2.2026;1;-2,249;-0,2131;-0,2131;78,0910;96,7120;-1767,8954;1645,6514;-122,2440;133,3788;-20,7881;9,6533;Nie
28.2.2026;2;-4,945;-0,3161;-0,3161;54,2350;94,5560;-2076,2606;1696,4292;-379,8315;196,8214;-30,8359;213,8459;Nie
28.2.2026;3;-6,139;-0,6235;-0,6235;59,0320;94,0060;-2092,8556;1603,5543;-489,3012;384,7168;-60,8230;165,4075;Nie
28.2.2026;4;1,955;0,1832;0,1832;58,3550;58,3550;-994,7777;1162,1982;167,4205;-110,2213;17,8713;-75,0705;Nie
28.2.2026;5;-13,518;-1,3670;-1,3670;69,0540;93,7640;-2514,1879;1328,6359;-1185,5520;820,8674;-120,0827;484,7674;Nie
28.2.2026;6;-7,408;-0,7543;-0,7543;63,7640;93,2470;-2214,0568;1598,1603;-615,8964;444,7190;-66,2607;237,4382;Nie
28.2.2026;7;-5,372;-0,4637;-0,4637;71,8890;89,9580;-1952,0886;1548,6270;-403,4616;271,0625;-40,7333;173,1324;Nie
28.2.2026;8;-4,393;-0,5234;-0,5234;82,4470;87,4547;-1591,6755;1285,0594;-306,6162;305,7059;-45,9775;46,8878;Nie
28.2.2026;9;-7,160;-0,7053;-0,7053;74,0260;91,7510;-1705,2841;1155,4203;-549,8637;427,5498;-58,9708;181,2848;Nie
28.2.2026;10;-1,268;-0,1384;-0,1384;74,9750;88,4950;-1236,2752;1223,9743;-12,3008;82,1409;-11,5718;-58,2683;Nie
28.2.2026;11;0,611;0,3034;0,3034;60,2480;60,2480;-812,6853;916,2516;103,5663;-177,6089;25,3676;48,6750;Nie
28.2.2026;12;1,285;0,0510;0,0510;79,2130;77,4100;-1053,2405;1236,4699;183,2295;-29,8745;4,2642;-157,6191;Nie
28.2.2026;13;-3,776;-0,4350;-0,4350;85,6360;87,8130;-1112,3273;872,5100;-239,8173;257,5357;-36,2899;18,5715;Nie
28.2.2026;14;-5,415;-0,6712;-0,6712;73,1610;86,1850;-1291,2237;916,3189;-374,9048;397,2367;-55,9949;33,6629;Nie
28.2.2026;15;-4,173;-0,4260;-0,4260;71,8130;85,2170;-1117,3653;853,9596;-263,4057;251,5948;-35,5391;47,3500;Nie
28.2.2026;16;0,812;-0,0748;-0,0748;58,3010;58,3010;-663,1156;775,3450;112,2294;43,9141;-6,2402;-149,9033;Nie
28.2.2026;17;-0,370;-0,0025;-0,0025;79,1520;85,2940;-1104,0455;1164,1778;60,1323;1,4765;-0,2135;-61,3953;Nie
28.2.2026;18;0,469;0,0246;0,0246;52,3110;52,3110;-705,2569;785,5020;80,2451;-14,6971;2,1007;-67,6487;Nie
28.2.2026;19;-5,689;-0,5012;-0,5012;55,1760;84,3590;-1457,2174;1061,6580;-395,5594;303,1583;-42,7995;135,2005;Nie
28.2.2026;20;-8,661;-0,6424;-0,6424;48,6200;84,4470;-1506,9567;849,7057;-657,2510;391,0849;-54,8571;321,0232;Nie
28.2.2026;21;-3,487;-0,3082;-0,3082;65,1910;84,8100;-1788,3037;1569,9179;-218,3858;190,3774;-28,3840;56,3923;Nie
28.2.2026;22;-1,808;-0,1510;-0,1510;65,5410;83,9689;-1867,0485;1787,5299;-79,5185;93,0531;-13,9065;0,3719;Nie
28.2.2026;23;-9,086;-0,9366;-0,9366;66,9510;85,3600;-2217,0553;1515,1400;-701,9153;583,2483;-86,2571;204,9241;Nie
28.2.2026;24;-10,248;-1,2258;-1,2258;76,9070;87,8460;-2080,2811;1257,1641;-823,1170;766,2293;-112,8913;169,7790;Nie
28.2.2026;25;-9,671;-0,7075;-0,7075;50,6070;83,0553;-2385,7635;1669,8268;-715,9367;444,2865;-77,0729;348,7231;Nie
28.2.2026;26;-5,198;-0,1416;-0,1416;19,4960;85,8660;-2252,9521;1897,8103;-355,1418;90,3612;-15,4255;280,2061;Nie
28.2.2026;27;-23,760;-1,7337;-1,7337;49,2640;88,3190;-3305,7802;1305,6198;-2000,1604;1141,0252;-188,8641;1047,9993;Nie
28.2.2026;28;-9,580;-1,1998;-1,1998;84,2250;89,7160;-2670,6659;1902,9661;-767,6998;789,2344;-130,7026;109,1680;Nie
28.2.2026;29;-20,948;-2,3695;-2,3695;80,1890;97,2840;-3629,0823;1680,6784;-1948,4040;1586,5840;-307,7649;669,5848;Nie
28.2.2026;30;-12,240;-1,3249;-1,3249;76,7340;97,6140;-3550,3188;2402,2805;-1148,0383;894,4445;-172,0860;425,6797;Nie
28.2.2026;31;-11,547;-0,6574;-0,6574;39,9530;90,6070;-3129,2940;2103,2603;-1026,0337;445,3380;-85,3871;666,0827;Nie
28.2.2026;32;2,232;-0,0812;-0,0812;-15,7740;-15,7740;-444,9530;410,5184;-34,4346;54,9392;-10,5467;-9,9578;Nie
28.2.2026;33;4,534;0,5281;0,5281;62,3940;54,2642;-1438,6525;1659,8876;221,2351;-356,5321;82,4232;52,8737;Nie
28.2.2026;34;7,456;0,6035;0,6035;48,3660;46,7674;-1133,8756;1450,2571;316,3815;-411,3528;94,1913;0,7801;Nie
28.2.2026;35;-4,340;-0,3583;-0,3583;67,3770;67,3770;-2350,6488;2012,5510;-338,0978;253,8127;-55,9217;140,2068;Nie
28.2.2026;36;7,617;0,1676;0,1676;18,8310;18,8310;-833,1776;979,2497;146,0721;-119,0879;26,1582;-53,1423;Nie
28.2.2026;37;7,498;0,2533;0,2533;30,7600;11,1559;-403,5201;488,7623;85,2422;-201,7404;45,2019;71,2963;Nie
28.2.2026;38;6,783;0,3941;0,3941;46,5240;8,0683;-293,9685;349,7608;55,7923;-315,5293;70,3279;189,4091;Nie
28.2.2026;39;4,964;0,2686;0,2686;46,7750;3,8900;-155,4794;175,4157;19,9363;-213,8358;47,9322;145,9673;Nie
28.2.2026;40;9,760;-0,2673;-0,2673;-33,5360;-33,5360;-1793,2035;1458,5812;-334,6222;213,8610;-47,7002;168,4614;Nie
28.2.2026;41;4,321;0,1878;0,1878;33,1290;-8,8347;-374,9358;333,4216;-41,5143;-153,0567;35,4668;159,1042;Nie
28.2.2026;42;10,033;0,3727;0,3727;25,3390;-13,1735;-638,4010;501,2253;-137,1757;-303,5021;70,3859;370,2919;Nie
28.2.2026;43;5,047;0,0695;0,0695;16,7420;-13,4515;-691,5416;620,2083;-71,3333;-57,6565;13,1254;115,8645;Nie
28.2.2026;44;11,296;0,7257;0,7257;52,4700;-15,2193;-860,9254;684,2597;-176,6656;-597,5433;137,0513;637,1576;Nie
28.2.2026;45;18,725;0,1836;0,1836;9,5900;-23,4379;-1283,5297;863,5460;-419,9837;-155,4180;35,9632;539,4385;Nie
28.2.2026;46;20,549;-0,1480;-0,1480;-7,0360;-21,6276;-1192,4161;764,2112;-428,2049;124,4044;-28,9899;332,7904;Nie
28.2.2026;47;19,880;-0,1183;-0,1183;-5,3710;-22,4682;-1237,7731;806,3388;-431,4344;98,9585;-23,1724;355,6482;Nie
28.2.2026;48;14,096;0,6167;0,6167;37,5410;-23,5202;-1313,9089;997,7739;-316,1350;-510,0869;120,7980;705,4239;Nie
28.2.2026;49;15,885;1,1083;1,1083;59,9750;-17,2344;-985,4630;722,3109;-263,1521;-901,3257;207,8473;956,6305;Nie
28.2.2026;50;21,137;-0,0111;-0,0111;-0,3740;-16,9534;-1042,9901;695,2420;-347,7481;8,8080;-2,0817;341,0218;Nie
28.2.2026;51;15,569;-0,0706;-0,0706;-4,9610;-17,0034;-996,9433;742,9466;-253,9968;56,2671;-13,2401;210,9698;Nie
28.2.2026;52;13,470;-0,1012;-0,1012;-7,1580;-17,0534;-987,8523;767,8805;-219,9718;80,1083;-18,9787;158,8423;Nie
28.2.2026;53;8,878;0,0873;0,0873;5,8790;-23,6591;-1293,6323;1096,0315;-197,6008;-69,7493;15,4622;251,8879;Nie
28.2.2026;54;16,730;0,8372;0,8372;39,0280;-21,1979;-1160,9242;814,4657;-346,4585;-654,5230;148,2815;852,7000;Nie
28.2.2026;55;13,697;0,9053;0,9053;50,1100;-21,2614;-1156,6627;873,3971;-283,2656;-696,0311;160,3431;818,9536;Nie
28.2.2026;56;21,666;0,7459;0,7459;25,2850;-23,0572;-1357,1698;868,0805;-489,0893;-567,6700;132,1108;924,6485;Nie
28.2.2026;57;21,389;-0,0841;-0,0841;-6,7720;-14,9509;-861,1419;548,7130;-312,4290;64,0242;-13,9131;262,3178;Nie
28.2.2026;58;18,972;0,0381;0,0381;-3,3830;-13,5014;-731,3033;481,9595;-249,3439;-28,7526;6,3031;271,7934;Nie
28.2.2026;59;14,255;0,0719;0,0719;2,0290;-12,0678;-599,2145;432,9806;-166,2339;-54,1198;11,8948;208,4590;Nie
28.2.2026;60;4,897;0,4847;0,4847;74,8030;-6,5889;-319,3706;290,5705;-28,8001;-361,3677;80,1863;309,9814;Nie
28.2.2026;61;20,431;-1,9592;-1,9592;-73,3890;-73,3890;-4107,7291;2645,1597;-1462,5694;1344,0755;-307,6395;426,1333;Nie
28.2.2026;62;21,888;0,8985;0,8985;26,1480;0,0700;-2,4695;3,9667;1,4972;-599,1934;141,0852;456,6110;Nie
28.2.2026;63;17,223;1,1567;1,1567;43,3640;2,0087;-64,3829;98,3239;33,9410;-782,9094;181,6285;567,3399;Nie
28.2.2026;64;6,652;0,6166;0,6166;65,7710;6,2936;-228,7787;269,9891;41,2105;-419,6918;96,8204;281,6609;Nie
28.2.2026;65;-1,459;-0,2044;-0,2044;54,2260;54,2260;-3050,4294;2996,1492;-54,2802;134,8529;-33,1212;-47,4515;Nie
28.2.2026;66;-6,017;-2,4820;-2,4820;545,2830;545,2830;-30269,2046;27375,3877;-2893,8169;1619,4007;-402,1858;1676,6019;Nie
28.2.2026;67;-6,118;-1,4503;-1,4503;141,4630;141,4630;-7381,9637;6625,8440;-756,1197;957,6102;-235,0081;33,5176;Nie
28.2.2026;68;-9,793;-1,2308;-1,2308;80,7810;109,3180;-5094,9840;4129,7061;-965,2779;819,7598;-199,4401;344,9582;Nie
28.2.2026;69;4,281;-0,0125;-0,0125;2,9100;2,9100;-117,7881;133,7174;15,9293;8,4679;-2,1358;-22,2615;Nie
28.2.2026;70;-0,227;0,0963;0,0963;68,9670;105,1600;-3884,4001;3990,1910;105,7910;-66,2384;16,4541;-56,0067;Nie
28.2.2026;71;-2,129;-0,2419;-0,2419;85,0620;113,1020;-3884,1489;3787,1074;-97,0415;169,0594;-41,3318;-30,6861;Nie
28.2.2026;72;-6,256;-0,3321;-0,3321;50,4340;123,2440;-4106,6133;3491,1328;-615,4805;236,0604;-56,7436;436,1637;Nie
28.2.2026;73;-16,622;-1,5831;-1,5831;77,6670;147,7053;-7106,3974;4822,7258;-2283,6716;1141,1978;-286,1897;1428,6635;Nie
28.2.2026;74;-19,450;-1,6568;-1,6568;64,4460;158,9824;-7424,0011;4518,4388;-2905,5623;1205,4870;-299,5130;1999,5883;Nie
28.2.2026;75;-21,354;-2,2677;-2,2677;79,7280;152,2263;-7716,1989;4643,0544;-3073,1445;1649,9458;-409,9503;1833,1490;Nie
28.2.2026;76;-21,005;-2,5733;-2,5733;93,8600;162,0181;-8313,7968;5100,6538;-3213,1430;1875,3541;-465,1960;1802,9849;Nie
28.2.2026;77;-6,018;-0,3165;-0,3165;57,5870;146,8624;-5311,8661;4601,1990;-710,6672;230,6811;-55,5850;535,5710;Nie
28.2.2026;78;-10,552;-1,1934;-1,1934;92,5420;152,2294;-6582,3993;5174,2773;-1408,1220;862,1314;-209,5897;755,5802;Nie
28.2.2026;79;-13,106;-1,6417;-1,6417;93,2250;151,9561;-6544,4453;4753,4907;-1790,9546;1179,2371;-288,3219;900,0394;Nie
28.2.2026;80;-11,379;-1,5887;-1,5887;102,4880;159,7100;-7083,9371;5495,6211;-1588,3160;1137,9756;-279,0138;729,3542;Nie
28.2.2026;81;1,294;0,1790;0,1790;82,8850;82,8850;-2014,5199;2236,6517;222,1318;-129,2677;30,2283;-123,0924;Nie
28.2.2026;82;-4,143;-0,4644;-0,4644;76,7700;102,4980;-2493,1614;2211,3944;-281,7670;329,2798;-78,4246;30,9118;Nie
28.2.2026;83;-1,863;-0,1673;-0,1673;75,7930;100,6858;-2390,8850;2339,1325;-51,7525;116,5273;-28,2525;-36,5223;Nie
28.2.2026;84;5,668;0,3095;0,3095;41,4590;41,4590;-909,9836;1199,2430;289,2594;-213,4095;52,2662;-128,1161;Nie
28.2.2026;85;4,366;0,5827;0,5827;68,2820;68,2820;-1241,9130;1630,3693;388,4563;-393,2624;88,8874;-84,0813;Nie
28.2.2026;86;12,064;1,5174;1,5174;76,4350;75,3998;-1399,3449;2405,3290;1005,9841;-1001,6575;231,4703;-235,7969;Nie
28.2.2026;87;17,184;1,8830;1,8830;71,8450;71,2794;-1216,7394;2530,4900;1313,7506;-1239,0063;287,2404;-361,9847;Nie
28.2.2026;88;15,390;1,9685;1,9685;72,1740;59,7900;-1325,4247;2317,7594;992,3346;-1276,4987;300,2829;-16,1188;Nie
28.2.2026;89;4,974;0,7083;0,7083;81,6830;72,8403;-1582,0185;2028,2382;446,2197;-453,6423;93,6174;-86,1948;Nie
28.2.2026;90;4,778;0,4844;0,4844;62,9550;62,9550;-1372,3560;1742,5314;370,1754;-304,8184;64,0241;-129,3811;Nie
28.2.2026;91;5,865;0,3884;0,3884;45,0620;45,0620;-896,4184;1210,4104;313,9920;-238,9073;51,3356;-126,4203;Nie
28.2.2026;92;7,323;0,8390;0,8390;68,0900;60,2600;-1390,0777;1897,6477;507,5700;-504,5542;110,8923;-113,9081;Nie
28.2.2026;93;2,239;0,3620;0,3620;76,7160;65,0563;-1307,8919;1522,0572;214,1653;-215,6241;41,1189;-39,6601;Nie
28.2.2026;94;7,176;0,9176;0,9176;69,0950;65,0563;-1189,0340;1723,1462;534,1122;-538,5311;104,2283;-99,8095;Nie
28.2.2026;95;11,857;1,3997;1,3997;68,7420;62,3100;-1092,5435;1895,7194;803,1759;-820,2497;158,9891;-141,9153;Nie
28.2.2026;96;16,711;2,1139;2,1139;72,6410;55,5300;-857,4943;1841,0416;983,5474;-1230,0391;240,1137;6,3781;Nie
