datetime,da_price_eur
2024-01-01 00:00:00,0.1
2024-01-01 01:00:00,0.01
2024-01-01 02:00:00,0.05
2024-01-01 03:00:00,0.01
2024-01-01 04:00:00,0.01
2024-01-01 05:00:00,0.01
2024-01-01 06:00:00,0.04
2024-01-01 07:00:00,0.01
2024-01-01 08:00:00,0.0
2024-01-01 09:00:00,0.04
2024-01-01 10:00:00,0.06
2024-01-01 11:00:00,0.54
2024-01-01 12:00:00,2.24
2024-01-01 13:00:00,3.44
2024-01-01 14:00:00,11.18
2024-01-01 15:00:00,43.85
2024-01-01 16:00:00,55.61
2024-01-01 17:00:00,63.03
2024-01-01 18:00:00,61.39
2024-01-01 19:00:00,54.94
2024-01-01 20:00:00,48.4
2024-01-01 21:00:00,40.46
2024-01-01 22:00:00,44.59
2024-01-01 23:00:00,35.55
2024-01-02 00:00:00,29.71
2024-01-02 01:00:00,19.76
2024-01-02 02:00:00,28.56
2024-01-02 03:00:00,16.92
2024-01-02 04:00:00,10.17
2024-01-02 05:00:00,42.27
2024-01-02 06:00:00,46.94
2024-01-02 07:00:00,76.73
2024-01-02 08:00:00,80.12
2024-01-02 09:00:00,78.46
2024-01-02 10:00:00,77.51
2024-01-02 11:00:00,79.66
2024-01-02 12:00:00,81.93
2024-01-02 13:00:00,83.02
2024-01-02 14:00:00,85.98
2024-01-02 15:00:00,87.67
2024-01-02 16:00:00,90.19
2024-01-02 17:00:00,87.77
2024-01-02 18:00:00,83.15
2024-01-02 19:00:00,76.81
2024-01-02 20:00:00,60.22
2024-01-02 21:00:00,48.02
2024-01-02 22:00:00,40.93
2024-01-02 23:00:00,25.28
2024-01-03 00:00:00,21.93
2024-01-03 01:00:00,20.69
2024-01-03 02:00:00,19.77
2024-01-03 03:00:00,19.08
2024-01-03 04:00:00,20.47
2024-01-03 05:00:00,22.82
2024-01-03 06:00:00,37.74
2024-01-03 07:00:00,47.24
2024-01-03 08:00:00,62.8
2024-01-03 09:00:00,65.06
2024-01-03 10:00:00,60.0
2024-01-03 11:00:00,58.12
2024-01-03 12:00:00,57.39
2024-01-03 13:00:00,57.08
2024-01-03 14:00:00,63.14
2024-01-03 15:00:00,72.82
2024-01-03 16:00:00,80.59
2024-01-03 17:00:00,85.06
2024-01-03 18:00:00,85.57
2024-01-03 19:00:00,83.36
2024-01-03 20:00:00,73.23
2024-01-03 21:00:00,67.41
2024-01-03 22:00:00,65.0
2024-01-03 23:00:00,58.12
2024-01-04 00:00:00,57.3
2024-01-04 01:00:00,50.46
2024-01-04 02:00:00,40.0
2024-01-04 03:00:00,25.48
2024-01-04 04:00:00,35.0
2024-01-04 05:00:00,57.73
2024-01-04 06:00:00,72.65
2024-01-04 07:00:00,85.02
2024-01-04 08:00:00,91.47
2024-01-04 09:00:00,94.2
2024-01-04 10:00:00,92.26
2024-01-04 11:00:00,90.76
2024-01-04 12:00:00,86.91
2024-01-04 13:00:00,85.96
2024-01-04 14:00:00,92.11
2024-01-04 15:00:00,98.62
2024-01-04 16:00:00,104.74
2024-01-04 17:00:00,115.23
2024-01-04 18:00:00,118.06
2024-01-04 19:00:00,112.32
2024-01-04 20:00:00,101.41
2024-01-04 21:00:00,95.75
2024-01-04 22:00:00,92.45
2024-01-04 23:00:00,88.68
2024-01-05 00:00:00,86.08
2024-01-05 01:00:00,80.51
2024-01-05 02:00:00,77.01
2024-01-05 03:00:00,73.03
2024-01-05 04:00:00,73.18
2024-01-05 05:00:00,75.51
2024-01-05 06:00:00,96.03
2024-01-05 07:00:00,107.13
2024-01-05 08:00:00,109.37
2024-01-05 09:00:00,101.51
2024-01-05 10:00:00,97.7
2024-01-05 11:00:00,98.58
2024-01-05 12:00:00,97.94
2024-01-05 13:00:00,104.58
2024-01-05 14:00:00,112.34
2024-01-05 15:00:00,113.91
2024-01-05 16:00:00,115.5
2024-01-05 17:00:00,117.4
2024-01-05 18:00:00,113.27
2024-01-05 19:00:00,110.7
2024-01-05 20:00:00,106.45
2024-01-05 21:00:00,97.5
2024-01-05 22:00:00,94.92
2024-01-05 23:00:00,86.8
2024-01-06 00:00:00,82.25
2024-01-06 01:00:00,80.2
2024-01-06 02:00:00,76.13
2024-01-06 03:00:00,73.01
2024-01-06 04:00:00,73.01
2024-01-06 05:00:00,74.59
2024-01-06 06:00:00,75.1
2024-01-06 07:00:00,81.39
2024-01-06 08:00:00,88.4
2024-01-06 09:00:00,92.23
2024-01-06 10:00:00,97.3
2024-01-06 11:00:00,100.57
2024-01-06 12:00:00,99.16
2024-01-06 13:00:00,94.83
2024-01-06 14:00:00,92.49
2024-01-06 15:00:00,94.48
2024-01-06 16:00:00,98.82
2024-01-06 17:00:00,104.29
2024-01-06 18:00:00,103.63
2024-01-06 19:00:00,99.0
2024-01-06 20:00:00,92.14
2024-01-06 21:00:00,88.0
2024-01-06 22:00:00,86.57
2024-01-06 23:00:00,79.87
2024-01-07 00:00:00,84.08
2024-01-07 01:00:00,79.82
2024-01-07 02:00:00,76.76
2024-01-07 03:00:00,73.46
2024-01-07 04:00:00,71.86
2024-01-07 05:00:00,72.08
2024-01-07 06:00:00,74.9
2024-01-07 07:00:00,77.69
2024-01-07 08:00:00,81.79
2024-01-07 09:00:00,84.86
2024-01-07 10:00:00,87.25
2024-01-07 11:00:00,89.29
2024-01-07 12:00:00,88.66
2024-01-07 13:00:00,84.81
2024-01-07 14:00:00,84.34
2024-01-07 15:00:00,88.01
2024-01-07 16:00:00,93.42
2024-01-07 17:00:00,101.77
2024-01-07 18:00:00,104.85
2024-01-07 19:00:00,103.58
2024-01-07 20:00:00,100.5
2024-01-07 21:00:00,93.31
2024-01-07 22:00:00,91.17
2024-01-07 23:00:00,83.86
2024-01-08 00:00:00,83.15
2024-01-08 01:00:00,82.75
2024-01-08 02:00:00,77.5
2024-01-08 03:00:00,75.05
2024-01-08 04:00:00,78.52
2024-01-08 05:00:00,82.1
2024-01-08 06:00:00,94.3
2024-01-08 07:00:00,111.3
2024-01-08 08:00:00,121.11
2024-01-08 09:00:00,117.83
2024-01-08 10:00:00,110.82
2024-01-08 11:00:00,103.06
2024-01-08 12:00:00,95.48
2024-01-08 13:00:00,92.87
2024-01-08 14:00:00,100.0
2024-01-08 15:00:00,107.98
2024-01-08 16:00:00,122.8
2024-01-08 17:00:00,130.83
2024-01-08 18:00:00,130.0
2024-01-08 19:00:00,122.05
2024-01-08 20:00:00,114.19
2024-01-08 21:00:00,102.8
2024-01-08 22:00:00,99.96
2024-01-08 23:00:00,91.49
2024-01-09 00:00:00,87.62
2024-01-09 01:00:00,86.5
2024-01-09 02:00:00,85.0
2024-01-09 03:00:00,84.11
2024-01-09 04:00:00,85.24
2024-01-09 05:00:00,89.64
2024-01-09 06:00:00,107.69
2024-01-09 07:00:00,122.36
2024-01-09 08:00:00,132.94
2024-01-09 09:00:00,120.87
2024-01-09 10:00:00,112.46
2024-01-09 11:00:00,105.09
2024-01-09 12:00:00,99.76
2024-01-09 13:00:00,100.35
2024-01-09 14:00:00,111.14
2024-01-09 15:00:00,119.83
2024-01-09 16:00:00,128.93
2024-01-09 17:00:00,137.84
2024-01-09 18:00:00,137.52
2024-01-09 19:00:00,130.18
2024-01-09 20:00:00,119.96
2024-01-09 21:00:00,112.36
2024-01-09 22:00:00,105.68
2024-01-09 23:00:00,96.69
2024-01-10 00:00:00,89.44
2024-01-10 01:00:00,86.76
2024-01-10 02:00:00,86.73
2024-01-10 03:00:00,85.86
2024-01-10 04:00:00,88.14
2024-01-10 05:00:00,92.03
2024-01-10 06:00:00,111.24
2024-01-10 07:00:00,129.67
2024-01-10 08:00:00,141.83
2024-01-10 09:00:00,130.39
2024-01-10 10:00:00,119.49
2024-01-10 11:00:00,109.13
2024-01-10 12:00:00,101.85
2024-01-10 13:00:00,108.91
2024-01-10 14:00:00,116.58
2024-01-10 15:00:00,126.4
2024-01-10 16:00:00,136.5
2024-01-10 17:00:00,143.79
2024-01-10 18:00:00,140.0
2024-01-10 19:00:00,132.15
2024-01-10 20:00:00,120.0
2024-01-10 21:00:00,109.46
2024-01-10 22:00:00,104.86
2024-01-10 23:00:00,95.83
2024-01-11 00:00:00,91.75
2024-01-11 01:00:00,88.59
2024-01-11 02:00:00,87.25
2024-01-11 03:00:00,82.38
2024-01-11 04:00:00,82.08
2024-01-11 05:00:00,88.83
2024-01-11 06:00:00,100.84
2024-01-11 07:00:00,116.47
2024-01-11 08:00:00,141.0
2024-01-11 09:00:00,129.16
2024-01-11 10:00:00,113.65
2024-01-11 11:00:00,106.48
2024-01-11 12:00:00,99.38
2024-01-11 13:00:00,99.0
2024-01-11 14:00:00,105.98
2024-01-11 15:00:00,117.68
2024-01-11 16:00:00,139.57
2024-01-11 17:00:00,147.93
2024-01-11 18:00:00,136.27
2024-01-11 19:00:00,132.31
2024-01-11 20:00:00,119.51
2024-01-11 21:00:00,107.19
2024-01-11 22:00:00,100.0
2024-01-11 23:00:00,96.54
2024-01-12 00:00:00,90.72
2024-01-12 01:00:00,87.94
2024-01-12 02:00:00,85.78
2024-01-12 03:00:00,85.62
2024-01-12 04:00:00,88.47
2024-01-12 05:00:00,95.18
2024-01-12 06:00:00,108.59
2024-01-12 07:00:00,122.62
2024-01-12 08:00:00,140.74
2024-01-12 09:00:00,134.96
2024-01-12 10:00:00,122.01
2024-01-12 11:00:00,114.73
2024-01-12 12:00:00,106.98
2024-01-12 13:00:00,103.08
2024-01-12 14:00:00,104.54
2024-01-12 15:00:00,110.0
2024-01-12 16:00:00,120.0
2024-01-12 17:00:00,127.5
2024-01-12 18:00:00,126.0
2024-01-12 19:00:00,119.47
2024-01-12 20:00:00,108.91
2024-01-12 21:00:00,98.84
2024-01-12 22:00:00,93.8
2024-01-12 23:00:00,86.02
2024-01-13 00:00:00,90.0
2024-01-13 01:00:00,84.6
2024-01-13 02:00:00,82.0
2024-01-13 03:00:00,78.47
2024-01-13 04:00:00,75.0
2024-01-13 05:00:00,74.23
2024-01-13 06:00:00,79.46
2024-01-13 07:00:00,83.73
2024-01-13 08:00:00,93.21
2024-01-13 09:00:00,89.04
2024-01-13 10:00:00,84.95
2024-01-13 11:00:00,75.48
2024-01-13 12:00:00,71.03
2024-01-13 13:00:00,71.34
2024-01-13 14:00:00,83.79
2024-01-13 15:00:00,93.53
2024-01-13 16:00:00,105.88
2024-01-13 17:00:00,100.83
2024-01-13 18:00:00,98.35
2024-01-13 19:00:00,97.1
2024-01-13 20:00:00,88.73
2024-01-13 21:00:00,83.13
2024-01-13 22:00:00,69.22
2024-01-13 23:00:00,67.79
2024-01-14 00:00:00,67.39
2024-01-14 01:00:00,65.61
2024-01-14 02:00:00,65.21
2024-01-14 03:00:00,65.44
2024-01-14 04:00:00,65.84
2024-01-14 05:00:00,66.72
2024-01-14 06:00:00,67.8
2024-01-14 07:00:00,72.21
2024-01-14 08:00:00,76.9
2024-01-14 09:00:00,81.94
2024-01-14 10:00:00,82.12
2024-01-14 11:00:00,83.61
2024-01-14 12:00:00,81.44
2024-01-14 13:00:00,77.04
2024-01-14 14:00:00,79.15
2024-01-14 15:00:00,82.32
2024-01-14 16:00:00,86.62
2024-01-14 17:00:00,91.86
2024-01-14 18:00:00,97.45
2024-01-14 19:00:00,89.45
2024-01-14 20:00:00,81.8
2024-01-14 21:00:00,78.98
2024-01-14 22:00:00,75.71
2024-01-14 23:00:00,67.42
2024-01-15 00:00:00,70.18
2024-01-15 01:00:00,66.54
2024-01-15 02:00:00,64.48
2024-01-15 03:00:00,62.04
2024-01-15 04:00:00,62.82
2024-01-15 05:00:00,69.29
2024-01-15 06:00:00,86.86
2024-01-15 07:00:00,125.99
2024-01-15 08:00:00,98.42
2024-01-15 09:00:00,99.95
2024-01-15 10:00:00,94.51
2024-01-15 11:00:00,90.27
2024-01-15 12:00:00,83.95
2024-01-15 13:00:00,84.99
2024-01-15 14:00:00,89.9
2024-01-15 15:00:00,99.29
2024-01-15 16:00:00,103.36
2024-01-15 17:00:00,103.47
2024-01-15 18:00:00,112.07
2024-01-15 19:00:00,110.1
2024-01-15 20:00:00,103.52
2024-01-15 21:00:00,93.5
2024-01-15 22:00:00,91.14
2024-01-15 23:00:00,87.72
2024-01-16 00:00:00,82.54
2024-01-16 01:00:00,81.55
2024-01-16 02:00:00,80.13
2024-01-16 03:00:00,78.29
2024-01-16 04:00:00,77.48
2024-01-16 05:00:00,82.72
2024-01-16 06:00:00,109.86
2024-01-16 07:00:00,126.92
2024-01-16 08:00:00,144.11
2024-01-16 09:00:00,138.6
2024-01-16 10:00:00,122.0
2024-01-16 11:00:00,110.0
2024-01-16 12:00:00,103.21
2024-01-16 13:00:00,112.84
2024-01-16 14:00:00,122.06
2024-01-16 15:00:00,134.79
2024-01-16 16:00:00,143.59
2024-01-16 17:00:00,145.06
2024-01-16 18:00:00,136.38
2024-01-16 19:00:00,130.07
2024-01-16 20:00:00,125.75
2024-01-16 21:00:00,110.46
2024-01-16 22:00:00,102.65
2024-01-16 23:00:00,90.6
2024-01-17 00:00:00,83.64
2024-01-17 01:00:00,77.16
2024-01-17 02:00:00,67.8
2024-01-17 03:00:00,66.91
2024-01-17 04:00:00,67.86
2024-01-17 05:00:00,82.52
2024-01-17 06:00:00,94.01
2024-01-17 07:00:00,104.91
2024-01-17 08:00:00,105.64
2024-01-17 09:00:00,105.5
2024-01-17 10:00:00,110.33
2024-01-17 11:00:00,111.1
2024-01-17 12:00:00,115.4
2024-01-17 13:00:00,118.35
2024-01-17 14:00:00,118.5
2024-01-17 15:00:00,120.16
2024-01-17 16:00:00,122.89
2024-01-17 17:00:00,133.98
2024-01-17 18:00:00,122.0
2024-01-17 19:00:00,114.39
2024-01-17 20:00:00,108.65
2024-01-17 21:00:00,100.71
2024-01-17 22:00:00,93.32
2024-01-17 23:00:00,83.69
2024-01-18 00:00:00,80.47
2024-01-18 01:00:00,77.07
2024-01-18 02:00:00,74.88
2024-01-18 03:00:00,74.37
2024-01-18 04:00:00,76.38
2024-01-18 05:00:00,82.23
2024-01-18 06:00:00,100.76
2024-01-18 07:00:00,114.01
2024-01-18 08:00:00,128.84
2024-01-18 09:00:00,124.7
2024-01-18 10:00:00,119.19
2024-01-18 11:00:00,116.09
2024-01-18 12:00:00,110.57
2024-01-18 13:00:00,107.72
2024-01-18 14:00:00,107.9
2024-01-18 15:00:00,110.46
2024-01-18 16:00:00,114.54
2024-01-18 17:00:00,116.28
2024-01-18 18:00:00,109.71
2024-01-18 19:00:00,107.81
2024-01-18 20:00:00,102.07
2024-01-18 21:00:00,84.78
2024-01-18 22:00:00,82.58
2024-01-18 23:00:00,73.61
2024-01-19 00:00:00,71.1
2024-01-19 01:00:00,67.5
2024-01-19 02:00:00,66.13
2024-01-19 03:00:00,62.76
2024-01-19 04:00:00,63.32
2024-01-19 05:00:00,67.52
2024-01-19 06:00:00,78.15
2024-01-19 07:00:00,93.87
2024-01-19 08:00:00,104.27
2024-01-19 09:00:00,103.24
2024-01-19 10:00:00,96.13
2024-01-19 11:00:00,86.65
2024-01-19 12:00:00,78.17
2024-01-19 13:00:00,74.28
2024-01-19 14:00:00,76.09
2024-01-19 15:00:00,95.4
2024-01-19 16:00:00,100.78
2024-01-19 17:00:00,104.44
2024-01-19 18:00:00,101.96
2024-01-19 19:00:00,99.47
2024-01-19 20:00:00,90.4
2024-01-19 21:00:00,74.2
2024-01-19 22:00:00,77.47
2024-01-19 23:00:00,66.93
2024-01-20 00:00:00,68.63
2024-01-20 01:00:00,64.13
2024-01-20 02:00:00,64.96
2024-01-20 03:00:00,62.55
2024-01-20 04:00:00,62.17
2024-01-20 05:00:00,62.5
2024-01-20 06:00:00,64.17
2024-01-20 07:00:00,68.81
2024-01-20 08:00:00,76.85
2024-01-20 09:00:00,80.19
2024-01-20 10:00:00,74.21
2024-01-20 11:00:00,72.06
2024-01-20 12:00:00,69.25
2024-01-20 13:00:00,68.99
2024-01-20 14:00:00,73.39
2024-01-20 15:00:00,78.22
2024-01-20 16:00:00,90.94
2024-01-20 17:00:00,97.42
2024-01-20 18:00:00,101.09
2024-01-20 19:00:00,93.39
2024-01-20 20:00:00,89.6
2024-01-20 21:00:00,76.52
2024-01-20 22:00:00,75.32
2024-01-20 23:00:00,69.13
2024-01-21 00:00:00,69.72
2024-01-21 01:00:00,57.99
2024-01-21 02:00:00,55.15
2024-01-21 03:00:00,50.89
2024-01-21 04:00:00,54.33
2024-01-21 05:00:00,62.83
2024-01-21 06:00:00,63.25
2024-01-21 07:00:00,66.22
2024-01-21 08:00:00,67.52
2024-01-21 09:00:00,59.04
2024-01-21 10:00:00,54.45
2024-01-21 11:00:00,52.64
2024-01-21 12:00:00,45.87
2024-01-21 13:00:00,47.04
2024-01-21 14:00:00,56.28
2024-01-21 15:00:00,72.07
2024-01-21 16:00:00,90.22
2024-01-21 17:00:00,91.34
2024-01-21 18:00:00,94.2
2024-01-21 19:00:00,88.9
2024-01-21 20:00:00,84.69
2024-01-21 21:00:00,67.24
2024-01-21 22:00:00,65.64
2024-01-21 23:00:00,60.41
2024-01-22 00:00:00,52.5
2024-01-22 01:00:00,57.5
2024-01-22 02:00:00,52.84
2024-01-22 03:00:00,45.14
2024-01-22 04:00:00,50.03
2024-01-22 05:00:00,65.3
2024-01-22 06:00:00,108.4
2024-01-22 07:00:00,117.12
2024-01-22 08:00:00,121.15
2024-01-22 09:00:00,101.04
2024-01-22 10:00:00,81.95
2024-01-22 11:00:00,78.86
2024-01-22 12:00:00,69.18
2024-01-22 13:00:00,83.65
2024-01-22 14:00:00,86.34
2024-01-22 15:00:00,87.23
2024-01-22 16:00:00,121.08
2024-01-22 17:00:00,95.77
2024-01-22 18:00:00,90.76
2024-01-22 19:00:00,99.81
2024-01-22 20:00:00,110.31
2024-01-22 21:00:00,81.23
2024-01-22 22:00:00,78.54
2024-01-22 23:00:00,67.78
2024-01-23 00:00:00,50.46
2024-01-23 01:00:00,52.1
2024-01-23 02:00:00,53.41
2024-01-23 03:00:00,49.0
2024-01-23 04:00:00,52.32
2024-01-23 05:00:00,60.9
2024-01-23 06:00:00,100.54
2024-01-23 07:00:00,97.51
2024-01-23 08:00:00,104.81
2024-01-23 09:00:00,91.84
2024-01-23 10:00:00,79.5
2024-01-23 11:00:00,67.94
2024-01-23 12:00:00,61.42
2024-01-23 13:00:00,63.54
2024-01-23 14:00:00,73.0
2024-01-23 15:00:00,77.73
2024-01-23 16:00:00,96.38
2024-01-23 17:00:00,102.96
2024-01-23 18:00:00,90.0
2024-01-23 19:00:00,99.78
2024-01-23 20:00:00,95.43
2024-01-23 21:00:00,82.13
2024-01-23 22:00:00,73.5
2024-01-23 23:00:00,50.13
2024-01-24 00:00:00,52.26
2024-01-24 01:00:00,93.45
2024-01-24 02:00:00,79.61
2024-01-24 03:00:00,58.84
2024-01-24 04:00:00,55.79
2024-01-24 05:00:00,95.68
2024-01-24 06:00:00,87.5
2024-01-24 07:00:00,82.94
2024-01-24 08:00:00,85.78
2024-01-24 09:00:00,91.74
2024-01-24 10:00:00,100.0
2024-01-24 11:00:00,101.48
2024-01-24 12:00:00,100.0
2024-01-24 13:00:00,103.9
2024-01-24 14:00:00,114.78
2024-01-24 15:00:00,96.0
2024-01-24 16:00:00,75.11
2024-01-24 17:00:00,69.83
2024-01-24 18:00:00,64.1
2024-01-24 19:00:00,55.7
2024-01-24 20:00:00,59.27
2024-01-24 21:00:00,53.04
2024-01-24 22:00:00,45.36
2024-01-24 23:00:00,44.9
2024-01-25 00:00:00,47.96
2024-01-25 01:00:00,47.91
2024-01-25 02:00:00,46.52
2024-01-25 03:00:00,46.74
2024-01-25 04:00:00,46.55
2024-01-25 05:00:00,46.86
2024-01-25 06:00:00,69.76
2024-01-25 07:00:00,58.95
2024-01-25 08:00:00,87.69
2024-01-25 09:00:00,87.86
2024-01-25 10:00:00,83.6
2024-01-25 11:00:00,78.66
2024-01-25 12:00:00,74.95
2024-01-25 13:00:00,78.54
2024-01-25 14:00:00,84.78
2024-01-25 15:00:00,90.63
2024-01-25 16:00:00,99.41
2024-01-25 17:00:00,120.22
2024-01-25 18:00:00,113.34
2024-01-25 19:00:00,99.09
2024-01-25 20:00:00,89.66
2024-01-25 21:00:00,86.43
2024-01-25 22:00:00,79.65
2024-01-25 23:00:00,74.71
2024-01-26 00:00:00,62.8
2024-01-26 01:00:00,62.0
2024-01-26 02:00:00,58.49
2024-01-26 03:00:00,58.12
2024-01-26 04:00:00,70.0
2024-01-26 05:00:00,82.98
2024-01-26 06:00:00,101.57
2024-01-26 07:00:00,116.58
2024-01-26 08:00:00,116.2
2024-01-26 09:00:00,105.48
2024-01-26 10:00:00,97.94
2024-01-26 11:00:00,95.57
2024-01-26 12:00:00,90.89
2024-01-26 13:00:00,92.9
2024-01-26 14:00:00,100.53
2024-01-26 15:00:00,108.08
2024-01-26 16:00:00,101.16
2024-01-26 17:00:00,98.68
2024-01-26 18:00:00,92.47
2024-01-26 19:00:00,93.43
2024-01-26 20:00:00,85.23
2024-01-26 21:00:00,72.66
2024-01-26 22:00:00,62.29
2024-01-26 23:00:00,58.55
2024-01-27 00:00:00,56.81
2024-01-27 01:00:00,55.92
2024-01-27 02:00:00,56.52
2024-01-27 03:00:00,55.15
2024-01-27 04:00:00,55.76
2024-01-27 05:00:00,56.83
2024-01-27 06:00:00,60.28
2024-01-27 07:00:00,65.29
2024-01-27 08:00:00,73.23
2024-01-27 09:00:00,70.83
2024-01-27 10:00:00,58.25
2024-01-27 11:00:00,56.56
2024-01-27 12:00:00,55.84
2024-01-27 13:00:00,53.88
2024-01-27 14:00:00,59.47
2024-01-27 15:00:00,72.11
2024-01-27 16:00:00,89.44
2024-01-27 17:00:00,97.4
2024-01-27 18:00:00,99.56
2024-01-27 19:00:00,99.47
2024-01-27 20:00:00,85.09
2024-01-27 21:00:00,79.82
2024-01-27 22:00:00,75.97
2024-01-27 23:00:00,72.7
2024-01-28 00:00:00,66.77
2024-01-28 01:00:00,60.72
2024-01-28 02:00:00,59.14
2024-01-28 03:00:00,58.97
2024-01-28 04:00:00,60.08
2024-01-28 05:00:00,62.53
2024-01-28 06:00:00,59.41
2024-01-28 07:00:00,69.66
2024-01-28 08:00:00,70.54
2024-01-28 09:00:00,68.73
2024-01-28 10:00:00,66.8
2024-01-28 11:00:00,66.11
2024-01-28 12:00:00,63.27
2024-01-28 13:00:00,61.93
2024-01-28 14:00:00,70.52
2024-01-28 15:00:00,81.86
2024-01-28 16:00:00,92.8
2024-01-28 17:00:00,100.41
2024-01-28 18:00:00,95.53
2024-01-28 19:00:00,92.36
2024-01-28 20:00:00,89.52
2024-01-28 21:00:00,79.65
2024-01-28 22:00:00,71.51
2024-01-28 23:00:00,56.0
2024-01-29 00:00:00,49.97
2024-01-29 01:00:00,47.26
2024-01-29 02:00:00,48.12
2024-01-29 03:00:00,47.97
2024-01-29 04:00:00,51.58
2024-01-29 05:00:00,60.06
2024-01-29 06:00:00,83.43
2024-01-29 07:00:00,97.14
2024-01-29 08:00:00,99.55
2024-01-29 09:00:00,88.39
2024-01-29 10:00:00,78.9
2024-01-29 11:00:00,71.27
2024-01-29 12:00:00,70.24
2024-01-29 13:00:00,73.8
2024-01-29 14:00:00,81.12
2024-01-29 15:00:00,98.14
2024-01-29 16:00:00,109.78
2024-01-29 17:00:00,126.7
2024-01-29 18:00:00,116.94
2024-01-29 19:00:00,107.52
2024-01-29 20:00:00,91.74
2024-01-29 21:00:00,86.27
2024-01-29 22:00:00,83.34
2024-01-29 23:00:00,80.29
2024-01-30 00:00:00,71.94
2024-01-30 01:00:00,68.77
2024-01-30 02:00:00,69.37
2024-01-30 03:00:00,67.23
2024-01-30 04:00:00,66.9
2024-01-30 05:00:00,69.37
2024-01-30 06:00:00,88.51
2024-01-30 07:00:00,96.32
2024-01-30 08:00:00,96.22
2024-01-30 09:00:00,84.93
2024-01-30 10:00:00,77.15
2024-01-30 11:00:00,70.1
2024-01-30 12:00:00,68.1
2024-01-30 13:00:00,68.23
2024-01-30 14:00:00,71.93
2024-01-30 15:00:00,90.27
2024-01-30 16:00:00,100.69
2024-01-30 17:00:00,103.61
2024-01-30 18:00:00,105.85
2024-01-30 19:00:00,96.63
2024-01-30 20:00:00,92.94
2024-01-30 21:00:00,78.19
2024-01-30 22:00:00,79.89
2024-01-30 23:00:00,71.94
2024-01-31 00:00:00,71.84
2024-01-31 01:00:00,70.38
2024-01-31 02:00:00,70.89
2024-01-31 03:00:00,69.82
2024-01-31 04:00:00,68.05
2024-01-31 05:00:00,71.88
2024-01-31 06:00:00,85.98
2024-01-31 07:00:00,106.34
2024-01-31 08:00:00,127.91
2024-01-31 09:00:00,93.57
2024-01-31 10:00:00,82.98
2024-01-31 11:00:00,77.09
2024-01-31 12:00:00,74.91
2024-01-31 13:00:00,73.25
2024-01-31 14:00:00,83.99
2024-01-31 15:00:00,89.96
2024-01-31 16:00:00,112.83
2024-01-31 17:00:00,130.0
2024-01-31 18:00:00,130.0
2024-01-31 19:00:00,110.1
2024-01-31 20:00:00,98.9
2024-01-31 21:00:00,116.96
2024-01-31 22:00:00,121.69
2024-01-31 23:00:00,109.61
2024-02-01 00:00:00,102.35
2024-02-01 01:00:00,96.68
2024-02-01 02:00:00,91.0
2024-02-01 03:00:00,80.19
2024-02-01 04:00:00,96.02
2024-02-01 05:00:00,116.13
2024-02-01 06:00:00,108.87
2024-02-01 07:00:00,127.52
2024-02-01 08:00:00,108.01
2024-02-01 09:00:00,90.0
2024-02-01 10:00:00,88.45
2024-02-01 11:00:00,81.65
2024-02-01 12:00:00,79.73
2024-02-01 13:00:00,82.12
2024-02-01 14:00:00,86.68
2024-02-01 15:00:00,100.07
2024-02-01 16:00:00,90.0
2024-02-01 17:00:00,105.2
2024-02-01 18:00:00,94.11
2024-02-01 19:00:00,119.42
2024-02-01 20:00:00,100.01
2024-02-01 21:00:00,84.26
2024-02-01 22:00:00,82.09
2024-02-01 23:00:00,73.81
2024-02-02 00:00:00,64.21
2024-02-02 01:00:00,59.94
2024-02-02 02:00:00,58.0
2024-02-02 03:00:00,54.69
2024-02-02 04:00:00,56.24
2024-02-02 05:00:00,57.64
2024-02-02 06:00:00,87.51
2024-02-02 07:00:00,95.4
2024-02-02 08:00:00,96.81
2024-02-02 09:00:00,88.59
2024-02-02 10:00:00,81.67
2024-02-02 11:00:00,76.6
2024-02-02 12:00:00,71.47
2024-02-02 13:00:00,71.63
2024-02-02 14:00:00,79.31
2024-02-02 15:00:00,91.83
2024-02-02 16:00:00,113.0
2024-02-02 17:00:00,122.91
2024-02-02 18:00:00,121.67
2024-02-02 19:00:00,122.57
2024-02-02 20:00:00,102.44
2024-02-02 21:00:00,105.0
2024-02-02 22:00:00,105.05
2024-02-02 23:00:00,88.04
2024-02-03 00:00:00,37.93
2024-02-03 01:00:00,39.22
2024-02-03 02:00:00,48.51
2024-02-03 03:00:00,43.19
2024-02-03 04:00:00,44.77
2024-02-03 05:00:00,64.0
2024-02-03 06:00:00,49.62
2024-02-03 07:00:00,75.19
2024-02-03 08:00:00,69.0
2024-02-03 09:00:00,61.0
2024-02-03 10:00:00,53.14
2024-02-03 11:00:00,45.37
2024-02-03 12:00:00,41.69
2024-02-03 13:00:00,40.82
2024-02-03 14:00:00,44.24
2024-02-03 15:00:00,57.61
2024-02-03 16:00:00,73.59
2024-02-03 17:00:00,83.97
2024-02-03 18:00:00,83.6
2024-02-03 19:00:00,83.9
2024-02-03 20:00:00,81.71
2024-02-03 21:00:00,56.1
2024-02-03 22:00:00,57.8
2024-02-03 23:00:00,50.83
2024-02-04 00:00:00,37.64
2024-02-04 01:00:00,24.18
2024-02-04 02:00:00,29.21
2024-02-04 03:00:00,13.3
2024-02-04 04:00:00,10.75
2024-02-04 05:00:00,28.05
2024-02-04 06:00:00,28.03
2024-02-04 07:00:00,37.44
2024-02-04 08:00:00,41.59
2024-02-04 09:00:00,39.64
2024-02-04 10:00:00,29.97
2024-02-04 11:00:00,25.65
2024-02-04 12:00:00,19.61
2024-02-04 13:00:00,13.76
2024-02-04 14:00:00,24.58
2024-02-04 15:00:00,47.5
2024-02-04 16:00:00,67.83
2024-02-04 17:00:00,74.28
2024-02-04 18:00:00,69.05
2024-02-04 19:00:00,84.42
2024-02-04 20:00:00,80.68
2024-02-04 21:00:00,66.26
2024-02-04 22:00:00,56.73
2024-02-04 23:00:00,45.57
2024-02-05 00:00:00,32.52
2024-02-05 01:00:00,32.5
2024-02-05 02:00:00,19.33
2024-02-05 03:00:00,10.15
2024-02-05 04:00:00,8.07
2024-02-05 05:00:00,51.98
2024-02-05 06:00:00,86.85
2024-02-05 07:00:00,114.31
2024-02-05 08:00:00,94.54
2024-02-05 09:00:00,76.27
2024-02-05 10:00:00,57.52
2024-02-05 11:00:00,46.02
2024-02-05 12:00:00,36.66
2024-02-05 13:00:00,32.89
2024-02-05 14:00:00,62.28
2024-02-05 15:00:00,76.62
2024-02-05 16:00:00,84.18
2024-02-05 17:00:00,92.09
2024-02-05 18:00:00,93.51
2024-02-05 19:00:00,88.7
2024-02-05 20:00:00,84.05
2024-02-05 21:00:00,73.7
2024-02-05 22:00:00,68.66
2024-02-05 23:00:00,58.45
2024-02-06 00:00:00,51.14
2024-02-06 01:00:00,50.02
2024-02-06 02:00:00,44.24
2024-02-06 03:00:00,45.56
2024-02-06 04:00:00,48.1
2024-02-06 05:00:00,56.62
2024-02-06 06:00:00,80.95
2024-02-06 07:00:00,92.15
2024-02-06 08:00:00,83.75
2024-02-06 09:00:00,71.44
2024-02-06 10:00:00,60.22
2024-02-06 11:00:00,53.46
2024-02-06 12:00:00,44.76
2024-02-06 13:00:00,43.59
2024-02-06 14:00:00,58.17
2024-02-06 15:00:00,71.96
2024-02-06 16:00:00,76.03
2024-02-06 17:00:00,80.71
2024-02-06 18:00:00,74.91
2024-02-06 19:00:00,80.65
2024-02-06 20:00:00,75.35
2024-02-06 21:00:00,73.07
2024-02-06 22:00:00,60.76
2024-02-06 23:00:00,53.82
2024-02-07 00:00:00,48.58
2024-02-07 01:00:00,45.0
2024-02-07 02:00:00,43.74
2024-02-07 03:00:00,48.61
2024-02-07 04:00:00,53.68
2024-02-07 05:00:00,57.08
2024-02-07 06:00:00,74.05
2024-02-07 07:00:00,85.03
2024-02-07 08:00:00,86.67
2024-02-07 09:00:00,84.28
2024-02-07 10:00:00,79.69
2024-02-07 11:00:00,76.64
2024-02-07 12:00:00,74.93
2024-02-07 13:00:00,77.26
2024-02-07 14:00:00,76.73
2024-02-07 15:00:00,85.61
2024-02-07 16:00:00,94.09
2024-02-07 17:00:00,114.64
2024-02-07 18:00:00,131.13
2024-02-07 19:00:00,108.04
2024-02-07 20:00:00,98.05
2024-02-07 21:00:00,90.49
2024-02-07 22:00:00,85.63
2024-02-07 23:00:00,78.24
2024-02-08 00:00:00,73.7
2024-02-08 01:00:00,73.2
2024-02-08 02:00:00,72.15
2024-02-08 03:00:00,71.55
2024-02-08 04:00:00,72.34
2024-02-08 05:00:00,78.82
2024-02-08 06:00:00,98.31
2024-02-08 07:00:00,109.56
2024-02-08 08:00:00,127.53
2024-02-08 09:00:00,108.35
2024-02-08 10:00:00,93.07
2024-02-08 11:00:00,87.96
2024-02-08 12:00:00,83.9
2024-02-08 13:00:00,86.92
2024-02-08 14:00:00,92.82
2024-02-08 15:00:00,97.84
2024-02-08 16:00:00,106.51
2024-02-08 17:00:00,115.72
2024-02-08 18:00:00,110.07
2024-02-08 19:00:00,107.49
2024-02-08 20:00:00,101.72
2024-02-08 21:00:00,93.96
2024-02-08 22:00:00,86.3
2024-02-08 23:00:00,76.41
2024-02-09 00:00:00,68.69
2024-02-09 01:00:00,67.33
2024-02-09 02:00:00,65.89
2024-02-09 03:00:00,65.04
2024-02-09 04:00:00,65.17
2024-02-09 05:00:00,69.14
2024-02-09 06:00:00,83.25
2024-02-09 07:00:00,91.74
2024-02-09 08:00:00,92.64
2024-02-09 09:00:00,87.18
2024-02-09 10:00:00,79.0
2024-02-09 11:00:00,80.91
2024-02-09 12:00:00,80.98
2024-02-09 13:00:00,81.46
2024-02-09 14:00:00,82.79
2024-02-09 15:00:00,87.16
2024-02-09 16:00:00,90.32
2024-02-09 17:00:00,94.37
2024-02-09 18:00:00,95.45
2024-02-09 19:00:00,90.86
2024-02-09 20:00:00,88.6
2024-02-09 21:00:00,77.08
2024-02-09 22:00:00,74.91
2024-02-09 23:00:00,70.94
2024-02-10 00:00:00,63.1
2024-02-10 01:00:00,64.08
2024-02-10 02:00:00,64.4
2024-02-10 03:00:00,64.39
2024-02-10 04:00:00,64.41
2024-02-10 05:00:00,65.82
2024-02-10 06:00:00,70.91
2024-02-10 07:00:00,74.86
2024-02-10 08:00:00,77.7
2024-02-10 09:00:00,80.38
2024-02-10 10:00:00,74.64
2024-02-10 11:00:00,69.46
2024-02-10 12:00:00,65.08
2024-02-10 13:00:00,66.72
2024-02-10 14:00:00,69.53
2024-02-10 15:00:00,77.17
2024-02-10 16:00:00,85.53
2024-02-10 17:00:00,88.52
2024-02-10 18:00:00,88.39
2024-02-10 19:00:00,81.1
2024-02-10 20:00:00,74.4
2024-02-10 21:00:00,67.91
2024-02-10 22:00:00,66.04
2024-02-10 23:00:00,63.5
2024-02-11 00:00:00,55.42
2024-02-11 01:00:00,53.72
2024-02-11 02:00:00,52.6
2024-02-11 03:00:00,46.83
2024-02-11 04:00:00,43.51
2024-02-11 05:00:00,46.16
2024-02-11 06:00:00,49.27
2024-02-11 07:00:00,53.86
2024-02-11 08:00:00,57.22
2024-02-11 09:00:00,58.54
2024-02-11 10:00:00,61.99
2024-02-11 11:00:00,66.67
2024-02-11 12:00:00,65.73
2024-02-11 13:00:00,61.61
2024-02-11 14:00:00,62.94
2024-02-11 15:00:00,63.65
2024-02-11 16:00:00,68.29
2024-02-11 17:00:00,76.84
2024-02-11 18:00:00,82.01
2024-02-11 19:00:00,80.63
2024-02-11 20:00:00,76.76
2024-02-11 21:00:00,70.72
2024-02-11 22:00:00,68.39
2024-02-11 23:00:00,64.01
2024-02-12 00:00:00,64.35
2024-02-12 01:00:00,59.1
2024-02-12 02:00:00,57.88
2024-02-12 03:00:00,57.02
2024-02-12 04:00:00,59.21
2024-02-12 05:00:00,65.0
2024-02-12 06:00:00,76.0
2024-02-12 07:00:00,85.41
2024-02-12 08:00:00,104.0
2024-02-12 09:00:00,96.5
2024-02-12 10:00:00,85.47
2024-02-12 11:00:00,80.69
2024-02-12 12:00:00,74.45
2024-02-12 13:00:00,73.29
2024-02-12 14:00:00,78.13
2024-02-12 15:00:00,83.0
2024-02-12 16:00:00,85.8
2024-02-12 17:00:00,91.92
2024-02-12 18:00:00,96.0
2024-02-12 19:00:00,89.08
2024-02-12 20:00:00,79.15
2024-02-12 21:00:00,71.54
2024-02-12 22:00:00,65.87
2024-02-12 23:00:00,61.9
2024-02-13 00:00:00,68.59
2024-02-13 01:00:00,65.37
2024-02-13 02:00:00,63.41
2024-02-13 03:00:00,60.49
2024-02-13 04:00:00,60.06
2024-02-13 05:00:00,63.59
2024-02-13 06:00:00,71.4
2024-02-13 07:00:00,90.82
2024-02-13 08:00:00,89.31
2024-02-13 09:00:00,75.12
2024-02-13 10:00:00,69.21
2024-02-13 11:00:00,63.87
2024-02-13 12:00:00,60.53
2024-02-13 13:00:00,60.26
2024-02-13 14:00:00,63.1
2024-02-13 15:00:00,70.7
2024-02-13 16:00:00,95.39
2024-02-13 17:00:00,104.67
2024-02-13 18:00:00,107.45
2024-02-13 19:00:00,103.31
2024-02-13 20:00:00,96.27
2024-02-13 21:00:00,91.12
2024-02-13 22:00:00,79.98
2024-02-13 23:00:00,69.49
2024-02-14 00:00:00,60.63
2024-02-14 01:00:00,59.34
2024-02-14 02:00:00,55.76
2024-02-14 03:00:00,54.79
2024-02-14 04:00:00,55.06
2024-02-14 05:00:00,70.33
2024-02-14 06:00:00,89.2
2024-02-14 07:00:00,93.75
2024-02-14 08:00:00,91.18
2024-02-14 09:00:00,69.65
2024-02-14 10:00:00,63.86
2024-02-14 11:00:00,63.29
2024-02-14 12:00:00,62.21
2024-02-14 13:00:00,62.1
2024-02-14 14:00:00,67.66
2024-02-14 15:00:00,74.6
2024-02-14 16:00:00,90.32
2024-02-14 17:00:00,97.48
2024-02-14 18:00:00,98.75
2024-02-14 19:00:00,94.8
2024-02-14 20:00:00,86.57
2024-02-14 21:00:00,77.08
2024-02-14 22:00:00,68.2
2024-02-14 23:00:00,63.8
2024-02-15 00:00:00,63.06
2024-02-15 01:00:00,61.88
2024-02-15 02:00:00,60.68
2024-02-15 03:00:00,59.35
2024-02-15 04:00:00,60.94
2024-02-15 05:00:00,66.7
2024-02-15 06:00:00,81.51
2024-02-15 07:00:00,85.19
2024-02-15 08:00:00,86.83
2024-02-15 09:00:00,80.46
2024-02-15 10:00:00,76.79
2024-02-15 11:00:00,73.6
2024-02-15 12:00:00,73.92
2024-02-15 13:00:00,77.29
2024-02-15 14:00:00,71.06
2024-02-15 15:00:00,77.56
2024-02-15 16:00:00,91.87
2024-02-15 17:00:00,96.99
2024-02-15 18:00:00,97.37
2024-02-15 19:00:00,92.11
2024-02-15 20:00:00,84.77
2024-02-15 21:00:00,79.53
2024-02-15 22:00:00,70.98
2024-02-15 23:00:00,64.34
2024-02-16 00:00:00,51.76
2024-02-16 01:00:00,51.08
2024-02-16 02:00:00,49.92
2024-02-16 03:00:00,48.67
2024-02-16 04:00:00,50.63
2024-02-16 05:00:00,52.9
2024-02-16 06:00:00,78.92
2024-02-16 07:00:00,79.14
2024-02-16 08:00:00,70.5
2024-02-16 09:00:00,64.81
2024-02-16 10:00:00,54.36
2024-02-16 11:00:00,52.82
2024-02-16 12:00:00,52.37
2024-02-16 13:00:00,52.31
2024-02-16 14:00:00,53.77
2024-02-16 15:00:00,62.7
2024-02-16 16:00:00,69.39
2024-02-16 17:00:00,78.85
2024-02-16 18:00:00,76.38
2024-02-16 19:00:00,76.65
2024-02-16 20:00:00,71.84
2024-02-16 21:00:00,68.32
2024-02-16 22:00:00,67.48
2024-02-16 23:00:00,59.35
2024-02-17 00:00:00,54.82
2024-02-17 01:00:00,55.57
2024-02-17 02:00:00,56.44
2024-02-17 03:00:00,55.18
2024-02-17 04:00:00,55.02
2024-02-17 05:00:00,53.49
2024-02-17 06:00:00,54.18
2024-02-17 07:00:00,56.72
2024-02-17 08:00:00,64.93
2024-02-17 09:00:00,63.29
2024-02-17 10:00:00,62.33
2024-02-17 11:00:00,61.46
2024-02-17 12:00:00,58.78
2024-02-17 13:00:00,55.33
2024-02-17 14:00:00,59.1
2024-02-17 15:00:00,67.51
2024-02-17 16:00:00,72.49
2024-02-17 17:00:00,85.98
2024-02-17 18:00:00,102.36
2024-02-17 19:00:00,89.66
2024-02-17 20:00:00,80.41
2024-02-17 21:00:00,74.2
2024-02-17 22:00:00,72.13
2024-02-17 23:00:00,69.11
2024-02-18 00:00:00,62.2
2024-02-18 01:00:00,54.81
2024-02-18 02:00:00,51.41
2024-02-18 03:00:00,50.24
2024-02-18 04:00:00,50.03
2024-02-18 05:00:00,48.47
2024-02-18 06:00:00,46.02
2024-02-18 07:00:00,48.97
2024-02-18 08:00:00,47.28
2024-02-18 09:00:00,43.03
2024-02-18 10:00:00,40.45
2024-02-18 11:00:00,41.0
2024-02-18 12:00:00,40.08
2024-02-18 13:00:00,39.8
2024-02-18 14:00:00,42.93
2024-02-18 15:00:00,53.16
2024-02-18 16:00:00,60.87
2024-02-18 17:00:00,69.85
2024-02-18 18:00:00,72.41
2024-02-18 19:00:00,70.31
2024-02-18 20:00:00,64.71
2024-02-18 21:00:00,59.83
2024-02-18 22:00:00,57.33
2024-02-18 23:00:00,53.94
2024-02-19 00:00:00,44.0
2024-02-19 01:00:00,43.0
2024-02-19 02:00:00,44.16
2024-02-19 03:00:00,43.91
2024-02-19 04:00:00,44.92
2024-02-19 05:00:00,51.57
2024-02-19 06:00:00,66.53
2024-02-19 07:00:00,78.29
2024-02-19 08:00:00,86.35
2024-02-19 09:00:00,76.93
2024-02-19 10:00:00,75.15
2024-02-19 11:00:00,76.09
2024-02-19 12:00:00,75.14
2024-02-19 13:00:00,77.37
2024-02-19 14:00:00,76.43
2024-02-19 15:00:00,77.03
2024-02-19 16:00:00,80.03
2024-02-19 17:00:00,82.11
2024-02-19 18:00:00,93.37
2024-02-19 19:00:00,83.4
2024-02-19 20:00:00,75.04
2024-02-19 21:00:00,68.9
2024-02-19 22:00:00,66.27
2024-02-19 23:00:00,59.07
2024-02-20 00:00:00,58.06
2024-02-20 01:00:00,54.32
2024-02-20 02:00:00,53.96
2024-02-20 03:00:00,53.56
2024-02-20 04:00:00,52.41
2024-02-20 05:00:00,52.04
2024-02-20 06:00:00,68.31
2024-02-20 07:00:00,85.65
2024-02-20 08:00:00,87.46
2024-02-20 09:00:00,77.56
2024-02-20 10:00:00,69.12
2024-02-20 11:00:00,58.9
2024-02-20 12:00:00,52.35
2024-02-20 13:00:00,51.52
2024-02-20 14:00:00,51.07
2024-02-20 15:00:00,62.01
2024-02-20 16:00:00,72.26
2024-02-20 17:00:00,81.1
2024-02-20 18:00:00,81.34
2024-02-20 19:00:00,84.38
2024-02-20 20:00:00,81.47
2024-02-20 21:00:00,71.72
2024-02-20 22:00:00,70.07
2024-02-20 23:00:00,54.95
2024-02-21 00:00:00,49.28
2024-02-21 01:00:00,46.59
2024-02-21 02:00:00,45.32
2024-02-21 03:00:00,43.0
2024-02-21 04:00:00,42.51
2024-02-21 05:00:00,46.85
2024-02-21 06:00:00,71.94
2024-02-21 07:00:00,81.2
2024-02-21 08:00:00,84.24
2024-02-21 09:00:00,69.86
2024-02-21 10:00:00,64.1
2024-02-21 11:00:00,60.39
2024-02-21 12:00:00,53.01
2024-02-21 13:00:00,51.75
2024-02-21 14:00:00,56.73
2024-02-21 15:00:00,63.88
2024-02-21 16:00:00,68.29
2024-02-21 17:00:00,84.21
2024-02-21 18:00:00,80.61
2024-02-21 19:00:00,81.55
2024-02-21 20:00:00,77.75
2024-02-21 21:00:00,56.95
2024-02-21 22:00:00,53.08
2024-02-21 23:00:00,38.37
2024-02-22 00:00:00,36.4
2024-02-22 01:00:00,36.77
2024-02-22 02:00:00,38.44
2024-02-22 03:00:00,36.98
2024-02-22 04:00:00,39.61
2024-02-22 05:00:00,43.98
2024-02-22 06:00:00,70.13
2024-02-22 07:00:00,79.45
2024-02-22 08:00:00,80.93
2024-02-22 09:00:00,72.52
2024-02-22 10:00:00,69.55
2024-02-22 11:00:00,66.98
2024-02-22 12:00:00,66.48
2024-02-22 13:00:00,67.09
2024-02-22 14:00:00,68.03
2024-02-22 15:00:00,71.21
2024-02-22 16:00:00,73.11
2024-02-22 17:00:00,74.39
2024-02-22 18:00:00,72.98
2024-02-22 19:00:00,72.22
2024-02-22 20:00:00,45.49
2024-02-22 21:00:00,22.7
2024-02-22 22:00:00,10.45
2024-02-22 23:00:00,5.61
2024-02-23 00:00:00,11.42
2024-02-23 01:00:00,20.04
2024-02-23 02:00:00,13.04
2024-02-23 03:00:00,10.34
2024-02-23 04:00:00,17.05
2024-02-23 05:00:00,53.78
2024-02-23 06:00:00,70.89
2024-02-23 07:00:00,79.98
2024-02-23 08:00:00,77.69
2024-02-23 09:00:00,73.4
2024-02-23 10:00:00,63.24
2024-02-23 11:00:00,60.64
2024-02-23 12:00:00,59.66
2024-02-23 13:00:00,58.88
2024-02-23 14:00:00,67.28
2024-02-23 15:00:00,70.74
2024-02-23 16:00:00,75.7
2024-02-23 17:00:00,80.69
2024-02-23 18:00:00,86.44
2024-02-23 19:00:00,84.01
2024-02-23 20:00:00,72.97
2024-02-23 21:00:00,69.26
2024-02-23 22:00:00,67.98
2024-02-23 23:00:00,65.1
2024-02-24 00:00:00,66.47
2024-02-24 01:00:00,63.9
2024-02-24 02:00:00,59.5
2024-02-24 03:00:00,55.2
2024-02-24 04:00:00,55.39
2024-02-24 05:00:00,57.1
2024-02-24 06:00:00,61.67
2024-02-24 07:00:00,66.11
2024-02-24 08:00:00,64.4
2024-02-24 09:00:00,57.6
2024-02-24 10:00:00,49.58
2024-02-24 11:00:00,46.76
2024-02-24 12:00:00,40.47
2024-02-24 13:00:00,32.22
2024-02-24 14:00:00,37.6
2024-02-24 15:00:00,45.0
2024-02-24 16:00:00,55.63
2024-02-24 17:00:00,70.92
2024-02-24 18:00:00,78.87
2024-02-24 19:00:00,74.13
2024-02-24 20:00:00,65.17
2024-02-24 21:00:00,59.94
2024-02-24 22:00:00,56.63
2024-02-24 23:00:00,52.78
2024-02-25 00:00:00,56.57
2024-02-25 01:00:00,55.44
2024-02-25 02:00:00,55.39
2024-02-25 03:00:00,54.89
2024-02-25 04:00:00,55.19
2024-02-25 05:00:00,55.07
2024-02-25 06:00:00,56.77
2024-02-25 07:00:00,59.92
2024-02-25 08:00:00,62.06
2024-02-25 09:00:00,62.17
2024-02-25 10:00:00,56.25
2024-02-25 11:00:00,54.09
2024-02-25 12:00:00,50.0
2024-02-25 13:00:00,46.03
2024-02-25 14:00:00,49.84
2024-02-25 15:00:00,55.0
2024-02-25 16:00:00,67.1
2024-02-25 17:00:00,79.87
2024-02-25 18:00:00,91.42
2024-02-25 19:00:00,78.94
2024-02-25 20:00:00,69.96
2024-02-25 21:00:00,65.81
2024-02-25 22:00:00,65.23
2024-02-25 23:00:00,58.38
2024-02-26 00:00:00,57.83
2024-02-26 01:00:00,56.82
2024-02-26 02:00:00,53.69
2024-02-26 03:00:00,51.8
2024-02-26 04:00:00,53.23
2024-02-26 05:00:00,57.92
2024-02-26 06:00:00,69.45
2024-02-26 07:00:00,79.38
2024-02-26 08:00:00,81.6
2024-02-26 09:00:00,73.83
2024-02-26 10:00:00,66.65
2024-02-26 11:00:00,65.03
2024-02-26 12:00:00,58.42
2024-02-26 13:00:00,58.19
2024-02-26 14:00:00,61.29
2024-02-26 15:00:00,64.95
2024-02-26 16:00:00,69.94
2024-02-26 17:00:00,77.39
2024-02-26 18:00:00,87.76
2024-02-26 19:00:00,88.25
2024-02-26 20:00:00,84.12
2024-02-26 21:00:00,71.67
2024-02-26 22:00:00,65.21
2024-02-26 23:00:00,60.76
2024-02-27 00:00:00,57.62
2024-02-27 01:00:00,57.55
2024-02-27 02:00:00,57.35
2024-02-27 03:00:00,56.87
2024-02-27 04:00:00,57.35
2024-02-27 05:00:00,65.19
2024-02-27 06:00:00,82.06
2024-02-27 07:00:00,94.09
2024-02-27 08:00:00,95.46
2024-02-27 09:00:00,80.81
2024-02-27 10:00:00,68.71
2024-02-27 11:00:00,64.72
2024-02-27 12:00:00,59.05
2024-02-27 13:00:00,59.05
2024-02-27 14:00:00,64.24
2024-02-27 15:00:00,70.89
2024-02-27 16:00:00,77.94
2024-02-27 17:00:00,101.49
2024-02-27 18:00:00,111.39
2024-02-27 19:00:00,105.17
2024-02-27 20:00:00,90.52
2024-02-27 21:00:00,85.01
2024-02-27 22:00:00,72.72
2024-02-27 23:00:00,64.97
2024-02-28 00:00:00,60.36
2024-02-28 01:00:00,59.4
2024-02-28 02:00:00,61.34
2024-02-28 03:00:00,63.46
2024-02-28 04:00:00,66.68
2024-02-28 05:00:00,70.95
2024-02-28 06:00:00,86.42
2024-02-28 07:00:00,97.21
2024-02-28 08:00:00,104.49
2024-02-28 09:00:00,85.46
2024-02-28 10:00:00,73.99
2024-02-28 11:00:00,67.55
2024-02-28 12:00:00,63.93
2024-02-28 13:00:00,66.53
2024-02-28 14:00:00,67.51
2024-02-28 15:00:00,78.01
2024-02-28 16:00:00,85.86
2024-02-28 17:00:00,94.47
2024-02-28 18:00:00,99.67
2024-02-28 19:00:00,92.91
2024-02-28 20:00:00,87.33
2024-02-28 21:00:00,84.2
2024-02-28 22:00:00,75.01
2024-02-28 23:00:00,63.19
2024-02-29 00:00:00,64.38
2024-02-29 01:00:00,63.1
2024-02-29 02:00:00,61.19
2024-02-29 03:00:00,59.97
2024-02-29 04:00:00,60.64
2024-02-29 05:00:00,65.97
2024-02-29 06:00:00,82.27
2024-02-29 07:00:00,88.52
2024-02-29 08:00:00,85.02
2024-02-29 09:00:00,73.7
2024-02-29 10:00:00,61.71
2024-02-29 11:00:00,56.38
2024-02-29 12:00:00,54.42
2024-02-29 13:00:00,56.19
2024-02-29 14:00:00,62.82
2024-02-29 15:00:00,68.87
2024-02-29 16:00:00,80.11
2024-02-29 17:00:00,85.28
2024-02-29 18:00:00,86.26
2024-02-29 19:00:00,80.99
2024-02-29 20:00:00,72.77
2024-02-29 21:00:00,67.25
2024-02-29 22:00:00,64.9
2024-02-29 23:00:00,60.9
2024-03-01 00:00:00,62.04
2024-03-01 01:00:00,61.42
2024-03-01 02:00:00,58.14
2024-03-01 03:00:00,57.83
2024-03-01 04:00:00,58.3
2024-03-01 05:00:00,62.49
2024-03-01 06:00:00,71.58
2024-03-01 07:00:00,79.36
2024-03-01 08:00:00,85.21
2024-03-01 09:00:00,76.75
2024-03-01 10:00:00,66.82
2024-03-01 11:00:00,66.31
2024-03-01 12:00:00,64.22
2024-03-01 13:00:00,63.76
2024-03-01 14:00:00,67.05
2024-03-01 15:00:00,71.13
2024-03-01 16:00:00,76.29
2024-03-01 17:00:00,88.67
2024-03-01 18:00:00,92.49
2024-03-01 19:00:00,87.19
2024-03-01 20:00:00,77.49
2024-03-01 21:00:00,71.62
2024-03-01 22:00:00,70.06
2024-03-01 23:00:00,66.39
2024-03-02 00:00:00,59.95
2024-03-02 01:00:00,56.03
2024-03-02 02:00:00,56.02
2024-03-02 03:00:00,55.48
2024-03-02 04:00:00,54.88
2024-03-02 05:00:00,55.99
2024-03-02 06:00:00,56.58
2024-03-02 07:00:00,60.67
2024-03-02 08:00:00,63.76
2024-03-02 09:00:00,65.75
2024-03-02 10:00:00,60.44
2024-03-02 11:00:00,59.63
2024-03-02 12:00:00,56.11
2024-03-02 13:00:00,54.9
2024-03-02 14:00:00,59.86
2024-03-02 15:00:00,66.08
2024-03-02 16:00:00,73.0
2024-03-02 17:00:00,80.66
2024-03-02 18:00:00,93.6
2024-03-02 19:00:00,89.9
2024-03-02 20:00:00,76.98
2024-03-02 21:00:00,70.2
2024-03-02 22:00:00,63.82
2024-03-02 23:00:00,58.08
2024-03-03 00:00:00,55.44
2024-03-03 01:00:00,55.17
2024-03-03 02:00:00,55.12
2024-03-03 03:00:00,55.83
2024-03-03 04:00:00,55.33
2024-03-03 05:00:00,56.09
2024-03-03 06:00:00,56.94
2024-03-03 07:00:00,58.15
2024-03-03 08:00:00,56.45
2024-03-03 09:00:00,55.74
2024-03-03 10:00:00,53.92
2024-03-03 11:00:00,51.45
2024-03-03 12:00:00,48.13
2024-03-03 13:00:00,42.51
2024-03-03 14:00:00,46.84
2024-03-03 15:00:00,54.22
2024-03-03 16:00:00,60.28
2024-03-03 17:00:00,74.46
2024-03-03 18:00:00,82.45
2024-03-03 19:00:00,86.96
2024-03-03 20:00:00,81.8
2024-03-03 21:00:00,75.0
2024-03-03 22:00:00,72.18
2024-03-03 23:00:00,72.42
2024-03-04 00:00:00,69.13
2024-03-04 01:00:00,67.9
2024-03-04 02:00:00,67.41
2024-03-04 03:00:00,66.22
2024-03-04 04:00:00,65.59
2024-03-04 05:00:00,70.83
2024-03-04 06:00:00,81.18
2024-03-04 07:00:00,96.67
2024-03-04 08:00:00,102.97
2024-03-04 09:00:00,85.02
2024-03-04 10:00:00,57.88
2024-03-04 11:00:00,55.66
2024-03-04 12:00:00,57.1
2024-03-04 13:00:00,59.7
2024-03-04 14:00:00,62.5
2024-03-04 15:00:00,69.86
2024-03-04 16:00:00,78.93
2024-03-04 17:00:00,91.69
2024-03-04 18:00:00,105.18
2024-03-04 19:00:00,99.13
2024-03-04 20:00:00,80.52
2024-03-04 21:00:00,71.39
2024-03-04 22:00:00,67.58
2024-03-04 23:00:00,63.93
2024-03-05 00:00:00,61.96
2024-03-05 01:00:00,61.67
2024-03-05 02:00:00,61.33
2024-03-05 03:00:00,59.86
2024-03-05 04:00:00,60.56
2024-03-05 05:00:00,61.67
2024-03-05 06:00:00,71.53
2024-03-05 07:00:00,79.28
2024-03-05 08:00:00,83.02
2024-03-05 09:00:00,77.0
2024-03-05 10:00:00,71.15
2024-03-05 11:00:00,69.72
2024-03-05 12:00:00,68.25
2024-03-05 13:00:00,68.97
2024-03-05 14:00:00,72.31
2024-03-05 15:00:00,76.16
2024-03-05 16:00:00,77.71
2024-03-05 17:00:00,94.42
2024-03-05 18:00:00,107.73
2024-03-05 19:00:00,114.95
2024-03-05 20:00:00,94.9
2024-03-05 21:00:00,83.97
2024-03-05 22:00:00,77.54
2024-03-05 23:00:00,71.99
2024-03-06 00:00:00,71.0
2024-03-06 01:00:00,70.7
2024-03-06 02:00:00,70.46
2024-03-06 03:00:00,69.74
2024-03-06 04:00:00,70.46
2024-03-06 05:00:00,73.91
2024-03-06 06:00:00,83.98
2024-03-06 07:00:00,106.64
2024-03-06 08:00:00,108.7
2024-03-06 09:00:00,87.21
2024-03-06 10:00:00,69.41
2024-03-06 11:00:00,66.49
2024-03-06 12:00:00,69.22
2024-03-06 13:00:00,69.29
2024-03-06 14:00:00,70.64
2024-03-06 15:00:00,73.96
2024-03-06 16:00:00,82.41
2024-03-06 17:00:00,102.04
2024-03-06 18:00:00,119.11
2024-03-06 19:00:00,118.96
2024-03-06 20:00:00,92.82
2024-03-06 21:00:00,80.12
2024-03-06 22:00:00,77.98
2024-03-06 23:00:00,74.34
2024-03-07 00:00:00,73.33
2024-03-07 01:00:00,72.32
2024-03-07 02:00:00,70.34
2024-03-07 03:00:00,68.71
2024-03-07 04:00:00,69.89
2024-03-07 05:00:00,73.13
2024-03-07 06:00:00,84.27
2024-03-07 07:00:00,103.2
2024-03-07 08:00:00,96.7
2024-03-07 09:00:00,79.09
2024-03-07 10:00:00,71.31
2024-03-07 11:00:00,66.16
2024-03-07 12:00:00,62.25
2024-03-07 13:00:00,60.55
2024-03-07 14:00:00,63.9
2024-03-07 15:00:00,73.12
2024-03-07 16:00:00,83.4
2024-03-07 17:00:00,96.82
2024-03-07 18:00:00,105.94
2024-03-07 19:00:00,99.22
2024-03-07 20:00:00,93.52
2024-03-07 21:00:00,81.87
2024-03-07 22:00:00,76.7
2024-03-07 23:00:00,71.84
2024-03-08 00:00:00,71.96
2024-03-08 01:00:00,66.96
2024-03-08 02:00:00,67.01
2024-03-08 03:00:00,65.99
2024-03-08 04:00:00,71.05
2024-03-08 05:00:00,73.29
2024-03-08 06:00:00,91.2
2024-03-08 07:00:00,95.03
2024-03-08 08:00:00,88.89
2024-03-08 09:00:00,74.36
2024-03-08 10:00:00,57.84
2024-03-08 11:00:00,55.48
2024-03-08 12:00:00,62.63
2024-03-08 13:00:00,61.51
2024-03-08 14:00:00,61.62
2024-03-08 15:00:00,58.92
2024-03-08 16:00:00,81.66
2024-03-08 17:00:00,91.77
2024-03-08 18:00:00,99.19
2024-03-08 19:00:00,97.12
2024-03-08 20:00:00,90.12
2024-03-08 21:00:00,78.85
2024-03-08 22:00:00,73.16
2024-03-08 23:00:00,67.14
2024-03-09 00:00:00,67.95
2024-03-09 01:00:00,65.98
2024-03-09 02:00:00,65.14
2024-03-09 03:00:00,63.14
2024-03-09 04:00:00,62.05
2024-03-09 05:00:00,62.57
2024-03-09 06:00:00,63.35
2024-03-09 07:00:00,53.06
2024-03-09 08:00:00,53.06
2024-03-09 09:00:00,48.12
2024-03-09 10:00:00,33.6
2024-03-09 11:00:00,15.68
2024-03-09 12:00:00,-0.16
2024-03-09 13:00:00,2.21
2024-03-09 14:00:00,18.96
2024-03-09 15:00:00,36.79
2024-03-09 16:00:00,52.23
2024-03-09 17:00:00,72.1
2024-03-09 18:00:00,74.48
2024-03-09 19:00:00,75.22
2024-03-09 20:00:00,67.93
2024-03-09 21:00:00,60.47
2024-03-09 22:00:00,61.23
2024-03-09 23:00:00,58.31
2024-03-10 00:00:00,48.65
2024-03-10 01:00:00,46.06
2024-03-10 02:00:00,40.98
2024-03-10 03:00:00,35.55
2024-03-10 04:00:00,32.39
2024-03-10 05:00:00,32.28
2024-03-10 06:00:00,33.91
2024-03-10 07:00:00,39.49
2024-03-10 08:00:00,37.14
2024-03-10 09:00:00,30.23
2024-03-10 10:00:00,8.12
2024-03-10 11:00:00,9.04
2024-03-10 12:00:00,2.91
2024-03-10 13:00:00,0.17
2024-03-10 14:00:00,6.9
2024-03-10 15:00:00,20.2
2024-03-10 16:00:00,50.45
2024-03-10 17:00:00,59.85
2024-03-10 18:00:00,68.19
2024-03-10 19:00:00,67.02
2024-03-10 20:00:00,60.88
2024-03-10 21:00:00,56.95
2024-03-10 22:00:00,56.19
2024-03-10 23:00:00,54.56
2024-03-11 00:00:00,46.39
2024-03-11 01:00:00,44.11
2024-03-11 02:00:00,45.86
2024-03-11 03:00:00,45.29
2024-03-11 04:00:00,48.57
2024-03-11 05:00:00,55.6
2024-03-11 06:00:00,78.12
2024-03-11 07:00:00,86.9
2024-03-11 08:00:00,87.66
2024-03-11 09:00:00,81.32
2024-03-11 10:00:00,71.78
2024-03-11 11:00:00,65.42
2024-03-11 12:00:00,62.81
2024-03-11 13:00:00,66.36
2024-03-11 14:00:00,67.0
2024-03-11 15:00:00,73.44
2024-03-11 16:00:00,79.05
2024-03-11 17:00:00,90.47
2024-03-11 18:00:00,100.18
2024-03-11 19:00:00,108.63
2024-03-11 20:00:00,88.26
2024-03-11 21:00:00,77.3
2024-03-11 22:00:00,75.39
2024-03-11 23:00:00,67.08
2024-03-12 00:00:00,69.42
2024-03-12 01:00:00,65.56
2024-03-12 02:00:00,66.51
2024-03-12 03:00:00,65.2
2024-03-12 04:00:00,66.16
2024-03-12 05:00:00,71.03
2024-03-12 06:00:00,85.68
2024-03-12 07:00:00,95.96
2024-03-12 08:00:00,100.8
2024-03-12 09:00:00,94.2
2024-03-12 10:00:00,86.53
2024-03-12 11:00:00,81.36
2024-03-12 12:00:00,79.62
2024-03-12 13:00:00,78.38
2024-03-12 14:00:00,78.22
2024-03-12 15:00:00,85.14
2024-03-12 16:00:00,97.48
2024-03-12 17:00:00,109.19
2024-03-12 18:00:00,128.35
2024-03-12 19:00:00,121.85
2024-03-12 20:00:00,95.73
2024-03-12 21:00:00,82.44
2024-03-12 22:00:00,78.19
2024-03-12 23:00:00,69.76
2024-03-13 00:00:00,63.35
2024-03-13 01:00:00,61.52
2024-03-13 02:00:00,60.88
2024-03-13 03:00:00,60.35
2024-03-13 04:00:00,62.71
2024-03-13 05:00:00,69.0
2024-03-13 06:00:00,84.66
2024-03-13 07:00:00,92.57
2024-03-13 08:00:00,94.9
2024-03-13 09:00:00,81.17
2024-03-13 10:00:00,71.06
2024-03-13 11:00:00,68.18
2024-03-13 12:00:00,68.55
2024-03-13 13:00:00,71.32
2024-03-13 14:00:00,76.66
2024-03-13 15:00:00,80.98
2024-03-13 16:00:00,88.14
2024-03-13 17:00:00,100.28
2024-03-13 18:00:00,105.94
2024-03-13 19:00:00,104.54
2024-03-13 20:00:00,90.91
2024-03-13 21:00:00,78.7
2024-03-13 22:00:00,70.16
2024-03-13 23:00:00,63.88
2024-03-14 00:00:00,63.29
2024-03-14 01:00:00,56.9
2024-03-14 02:00:00,57.52
2024-03-14 03:00:00,57.0
2024-03-14 04:00:00,61.74
2024-03-14 05:00:00,67.25
2024-03-14 06:00:00,86.81
2024-03-14 07:00:00,91.19
2024-03-14 08:00:00,81.99
2024-03-14 09:00:00,65.71
2024-03-14 10:00:00,54.32
2024-03-14 11:00:00,52.49
2024-03-14 12:00:00,53.25
2024-03-14 13:00:00,60.45
2024-03-14 14:00:00,61.81
2024-03-14 15:00:00,72.39
2024-03-14 16:00:00,84.3
2024-03-14 17:00:00,98.62
2024-03-14 18:00:00,114.77
2024-03-14 19:00:00,102.52
2024-03-14 20:00:00,89.95
2024-03-14 21:00:00,79.82
2024-03-14 22:00:00,70.19
2024-03-14 23:00:00,61.03
2024-03-15 00:00:00,48.22
2024-03-15 01:00:00,46.1
2024-03-15 02:00:00,45.09
2024-03-15 03:00:00,43.25
2024-03-15 04:00:00,45.24
2024-03-15 05:00:00,51.49
2024-03-15 06:00:00,78.13
2024-03-15 07:00:00,76.02
2024-03-15 08:00:00,70.3
2024-03-15 09:00:00,53.8
2024-03-15 10:00:00,46.33
2024-03-15 11:00:00,39.11
2024-03-15 12:00:00,38.4
2024-03-15 13:00:00,39.23
2024-03-15 14:00:00,42.89
2024-03-15 15:00:00,50.08
2024-03-15 16:00:00,71.65
2024-03-15 17:00:00,87.46
2024-03-15 18:00:00,101.7
2024-03-15 19:00:00,87.83
2024-03-15 20:00:00,77.85
2024-03-15 21:00:00,68.49
2024-03-15 22:00:00,68.23
2024-03-15 23:00:00,46.72
2024-03-16 00:00:00,55.32
2024-03-16 01:00:00,39.07
2024-03-16 02:00:00,37.83
2024-03-16 03:00:00,36.51
2024-03-16 04:00:00,39.2
2024-03-16 05:00:00,46.48
2024-03-16 06:00:00,59.16
2024-03-16 07:00:00,56.74
2024-03-16 08:00:00,52.55
2024-03-16 09:00:00,47.01
2024-03-16 10:00:00,44.88
2024-03-16 11:00:00,42.58
2024-03-16 12:00:00,38.47
2024-03-16 13:00:00,33.79
2024-03-16 14:00:00,39.81
2024-03-16 15:00:00,50.06
2024-03-16 16:00:00,65.93
2024-03-16 17:00:00,72.28
2024-03-16 18:00:00,80.02
2024-03-16 19:00:00,88.85
2024-03-16 20:00:00,80.88
2024-03-16 21:00:00,72.84
2024-03-16 22:00:00,72.36
2024-03-16 23:00:00,67.1
2024-03-17 00:00:00,64.99
2024-03-17 01:00:00,59.96
2024-03-17 02:00:00,55.85
2024-03-17 03:00:00,57.59
2024-03-17 04:00:00,58.83
2024-03-17 05:00:00,58.59
2024-03-17 06:00:00,60.29
2024-03-17 07:00:00,54.77
2024-03-17 08:00:00,49.17
2024-03-17 09:00:00,46.44
2024-03-17 10:00:00,40.04
2024-03-17 11:00:00,38.4
2024-03-17 12:00:00,41.49
2024-03-17 13:00:00,39.27
2024-03-17 14:00:00,45.68
2024-03-17 15:00:00,53.14
2024-03-17 16:00:00,68.78
2024-03-17 17:00:00,80.68
2024-03-17 18:00:00,90.32
2024-03-17 19:00:00,87.6
2024-03-17 20:00:00,77.89
2024-03-17 21:00:00,72.33
2024-03-17 22:00:00,72.1
2024-03-17 23:00:00,65.91
2024-03-18 00:00:00,64.12
2024-03-18 01:00:00,57.14
2024-03-18 02:00:00,58.31
2024-03-18 03:00:00,58.78
2024-03-18 04:00:00,63.21
2024-03-18 05:00:00,69.08
2024-03-18 06:00:00,84.34
2024-03-18 07:00:00,97.65
2024-03-18 08:00:00,94.45
2024-03-18 09:00:00,82.8
2024-03-18 10:00:00,73.02
2024-03-18 11:00:00,66.69
2024-03-18 12:00:00,67.5
2024-03-18 13:00:00,71.25
2024-03-18 14:00:00,77.31
2024-03-18 15:00:00,84.76
2024-03-18 16:00:00,97.17
2024-03-18 17:00:00,109.14
2024-03-18 18:00:00,139.89
2024-03-18 19:00:00,126.43
2024-03-18 20:00:00,109.95
2024-03-18 21:00:00,94.52
2024-03-18 22:00:00,86.21
2024-03-18 23:00:00,74.83
2024-03-19 00:00:00,74.52
2024-03-19 01:00:00,73.74
2024-03-19 02:00:00,71.04
2024-03-19 03:00:00,70.81
2024-03-19 04:00:00,73.39
2024-03-19 05:00:00,75.52
2024-03-19 06:00:00,96.1
2024-03-19 07:00:00,110.15
2024-03-19 08:00:00,95.87
2024-03-19 09:00:00,72.07
2024-03-19 10:00:00,64.31
2024-03-19 11:00:00,58.39
2024-03-19 12:00:00,54.37
2024-03-19 13:00:00,57.37
2024-03-19 14:00:00,65.26
2024-03-19 15:00:00,72.27
2024-03-19 16:00:00,89.18
2024-03-19 17:00:00,107.51
2024-03-19 18:00:00,128.39
2024-03-19 19:00:00,128.96
2024-03-19 20:00:00,110.0
2024-03-19 21:00:00,91.04
2024-03-19 22:00:00,82.34
2024-03-19 23:00:00,76.1
2024-03-20 00:00:00,76.01
2024-03-20 01:00:00,73.16
2024-03-20 02:00:00,74.16
2024-03-20 03:00:00,74.34
2024-03-20 04:00:00,74.72
2024-03-20 05:00:00,80.26
2024-03-20 06:00:00,114.37
2024-03-20 07:00:00,112.71
2024-03-20 08:00:00,75.72
2024-03-20 09:00:00,69.09
2024-03-20 10:00:00,52.24
2024-03-20 11:00:00,50.38
2024-03-20 12:00:00,48.12
2024-03-20 13:00:00,50.33
2024-03-20 14:00:00,52.77
2024-03-20 15:00:00,66.64
2024-03-20 16:00:00,88.52
2024-03-20 17:00:00,118.16
2024-03-20 18:00:00,160.61
2024-03-20 19:00:00,152.63
2024-03-20 20:00:00,125.72
2024-03-20 21:00:00,105.59
2024-03-20 22:00:00,93.94
2024-03-20 23:00:00,78.41
2024-03-21 00:00:00,75.43
2024-03-21 01:00:00,71.03
2024-03-21 02:00:00,69.96
2024-03-21 03:00:00,69.11
2024-03-21 04:00:00,69.14
2024-03-21 05:00:00,73.4
2024-03-21 06:00:00,92.59
2024-03-21 07:00:00,96.92
2024-03-21 08:00:00,99.7
2024-03-21 09:00:00,79.09
2024-03-21 10:00:00,59.41
2024-03-21 11:00:00,52.43
2024-03-21 12:00:00,49.82
2024-03-21 13:00:00,58.97
2024-03-21 14:00:00,64.54
2024-03-21 15:00:00,73.44
2024-03-21 16:00:00,81.68
2024-03-21 17:00:00,101.64
2024-03-21 18:00:00,123.9
2024-03-21 19:00:00,122.39
2024-03-21 20:00:00,97.52
2024-03-21 21:00:00,82.32
2024-03-21 22:00:00,76.38
2024-03-21 23:00:00,69.92
2024-03-22 00:00:00,55.52
2024-03-22 01:00:00,51.53
2024-03-22 02:00:00,48.97
2024-03-22 03:00:00,50.61
2024-03-22 04:00:00,51.24
2024-03-22 05:00:00,67.85
2024-03-22 06:00:00,86.37
2024-03-22 07:00:00,83.97
2024-03-22 08:00:00,74.5
2024-03-22 09:00:00,64.07
2024-03-22 10:00:00,50.68
2024-03-22 11:00:00,47.93
2024-03-22 12:00:00,47.6
2024-03-22 13:00:00,49.38
2024-03-22 14:00:00,50.35
2024-03-22 15:00:00,56.73
2024-03-22 16:00:00,73.69
2024-03-22 17:00:00,86.48
2024-03-22 18:00:00,116.2
2024-03-22 19:00:00,115.51
2024-03-22 20:00:00,91.45
2024-03-22 21:00:00,78.85
2024-03-22 22:00:00,76.5
2024-03-22 23:00:00,73.64
2024-03-23 00:00:00,73.54
2024-03-23 01:00:00,68.26
2024-03-23 02:00:00,61.85
2024-03-23 03:00:00,59.3
2024-03-23 04:00:00,55.2
2024-03-23 05:00:00,65.89
2024-03-23 06:00:00,65.23
2024-03-23 07:00:00,62.99
2024-03-23 08:00:00,37.38
2024-03-23 09:00:00,18.08
2024-03-23 10:00:00,0.23
2024-03-23 11:00:00,0.24
2024-03-23 12:00:00,4.58
2024-03-23 13:00:00,4.97
2024-03-23 14:00:00,8.03
2024-03-23 15:00:00,14.01
2024-03-23 16:00:00,40.92
2024-03-23 17:00:00,63.52
2024-03-23 18:00:00,77.87
2024-03-23 19:00:00,78.33
2024-03-23 20:00:00,67.28
2024-03-23 21:00:00,61.1
2024-03-23 22:00:00,39.82
2024-03-23 23:00:00,29.61
2024-03-24 00:00:00,32.1
2024-03-24 01:00:00,18.33
2024-03-24 02:00:00,20.32
2024-03-24 03:00:00,25.25
2024-03-24 04:00:00,27.41
2024-03-24 05:00:00,31.0
2024-03-24 06:00:00,22.3
2024-03-24 07:00:00,10.89
2024-03-24 08:00:00,0.0
2024-03-24 09:00:00,0.0
2024-03-24 10:00:00,0.0
2024-03-24 11:00:00,0.0
2024-03-24 12:00:00,0.0
2024-03-24 13:00:00,0.0
2024-03-24 14:00:00,0.0
2024-03-24 15:00:00,0.01
2024-03-24 16:00:00,49.43
2024-03-24 17:00:00,70.93
2024-03-24 18:00:00,85.04
2024-03-24 19:00:00,86.58
2024-03-24 20:00:00,77.85
2024-03-24 21:00:00,75.34
2024-03-24 22:00:00,71.03
2024-03-24 23:00:00,66.49
2024-03-25 00:00:00,62.51
2024-03-25 01:00:00,61.5
2024-03-25 02:00:00,61.38
2024-03-25 03:00:00,63.28
2024-03-25 04:00:00,65.45
2024-03-25 05:00:00,77.32
2024-03-25 06:00:00,90.63
2024-03-25 07:00:00,113.87
2024-03-25 08:00:00,99.68
2024-03-25 09:00:00,76.01
2024-03-25 10:00:00,66.24
2024-03-25 11:00:00,60.65
2024-03-25 12:00:00,59.8
2024-03-25 13:00:00,62.33
2024-03-25 14:00:00,63.0
2024-03-25 15:00:00,75.15
2024-03-25 16:00:00,89.46
2024-03-25 17:00:00,114.29
2024-03-25 18:00:00,168.49
2024-03-25 19:00:00,148.87
2024-03-25 20:00:00,118.57
2024-03-25 21:00:00,98.72
2024-03-25 22:00:00,89.41
2024-03-25 23:00:00,77.39
2024-03-26 00:00:00,79.94
2024-03-26 01:00:00,73.3
2024-03-26 02:00:00,70.35
2024-03-26 03:00:00,69.04
2024-03-26 04:00:00,73.09
2024-03-26 05:00:00,75.71
2024-03-26 06:00:00,83.44
2024-03-26 07:00:00,79.31
2024-03-26 08:00:00,72.56
2024-03-26 09:00:00,62.0
2024-03-26 10:00:00,49.5
2024-03-26 11:00:00,37.03
2024-03-26 12:00:00,11.15
2024-03-26 13:00:00,27.3
2024-03-26 14:00:00,37.1
2024-03-26 15:00:00,51.1
2024-03-26 16:00:00,66.45
2024-03-26 17:00:00,79.19
2024-03-26 18:00:00,100.74
2024-03-26 19:00:00,100.3
2024-03-26 20:00:00,79.71
2024-03-26 21:00:00,75.06
2024-03-26 22:00:00,71.3
2024-03-26 23:00:00,66.37
2024-03-27 00:00:00,58.35
2024-03-27 01:00:00,57.09
2024-03-27 02:00:00,57.28
2024-03-27 03:00:00,57.23
2024-03-27 04:00:00,59.24
2024-03-27 05:00:00,70.09
2024-03-27 06:00:00,80.38
2024-03-27 07:00:00,82.34
2024-03-27 08:00:00,75.22
2024-03-27 09:00:00,62.0
2024-03-27 10:00:00,51.69
2024-03-27 11:00:00,46.52
2024-03-27 12:00:00,45.04
2024-03-27 13:00:00,45.2
2024-03-27 14:00:00,49.69
2024-03-27 15:00:00,64.05
2024-03-27 16:00:00,76.71
2024-03-27 17:00:00,86.8
2024-03-27 18:00:00,112.38
2024-03-27 19:00:00,115.9
2024-03-27 20:00:00,96.34
2024-03-27 21:00:00,79.83
2024-03-27 22:00:00,78.64
2024-03-27 23:00:00,71.44
2024-03-28 00:00:00,62.74
2024-03-28 01:00:00,56.47
2024-03-28 02:00:00,60.1
2024-03-28 03:00:00,60.54
2024-03-28 04:00:00,62.84
2024-03-28 05:00:00,68.57
2024-03-28 06:00:00,78.78
2024-03-28 07:00:00,79.33
2024-03-28 08:00:00,76.55
2024-03-28 09:00:00,60.55
2024-03-28 10:00:00,45.87
2024-03-28 11:00:00,36.01
2024-03-28 12:00:00,6.91
2024-03-28 13:00:00,0.05
2024-03-28 14:00:00,1.0
2024-03-28 15:00:00,28.68
2024-03-28 16:00:00,37.09
2024-03-28 17:00:00,64.73
2024-03-28 18:00:00,76.56
2024-03-28 19:00:00,83.63
2024-03-28 20:00:00,75.85
2024-03-28 21:00:00,64.84
2024-03-28 22:00:00,45.94
2024-03-28 23:00:00,25.0
2024-03-29 00:00:00,20.6
2024-03-29 01:00:00,18.83
2024-03-29 02:00:00,12.43
2024-03-29 03:00:00,10.24
2024-03-29 04:00:00,12.59
2024-03-29 05:00:00,14.32
2024-03-29 06:00:00,22.02
2024-03-29 07:00:00,23.79
2024-03-29 08:00:00,15.94
2024-03-29 09:00:00,10.17
2024-03-29 10:00:00,16.17
2024-03-29 11:00:00,19.39
2024-03-29 12:00:00,13.24
2024-03-29 13:00:00,9.86
2024-03-29 14:00:00,13.44
2024-03-29 15:00:00,21.49
2024-03-29 16:00:00,46.46
2024-03-29 17:00:00,77.61
2024-03-29 18:00:00,95.86
2024-03-29 19:00:00,105.43
2024-03-29 20:00:00,87.4
2024-03-29 21:00:00,78.77
2024-03-29 22:00:00,75.89
2024-03-29 23:00:00,70.0
2024-03-30 00:00:00,69.3
2024-03-30 01:00:00,58.16
2024-03-30 02:00:00,58.76
2024-03-30 03:00:00,59.22
2024-03-30 04:00:00,60.19
2024-03-30 05:00:00,65.05
2024-03-30 06:00:00,58.15
2024-03-30 07:00:00,46.21
2024-03-30 08:00:00,37.4
2024-03-30 09:00:00,30.52
2024-03-30 10:00:00,23.3
2024-03-30 11:00:00,11.73
2024-03-30 12:00:00,2.6
2024-03-30 13:00:00,1.86
2024-03-30 14:00:00,14.41
2024-03-30 15:00:00,28.31
2024-03-30 16:00:00,52.52
2024-03-30 17:00:00,73.01
2024-03-30 18:00:00,82.35
2024-03-30 19:00:00,81.97
2024-03-30 20:00:00,75.52
2024-03-30 21:00:00,70.83
2024-03-30 22:00:00,70.83
2024-03-30 23:00:00,65.74
2024-03-31 00:00:00,61.1
2024-03-31 01:00:00,50.0
2024-03-31 03:00:00,33.9
2024-03-31 04:00:00,35.23
2024-03-31 05:00:00,42.38
2024-03-31 06:00:00,31.46
2024-03-31 07:00:00,33.73
2024-03-31 08:00:00,30.49
2024-03-31 09:00:00,13.37
2024-03-31 10:00:00,2.06
2024-03-31 11:00:00,1.77
2024-03-31 12:00:00,0.09
2024-03-31 13:00:00,-0.97
2024-03-31 14:00:00,0.07
2024-03-31 15:00:00,0.97
2024-03-31 16:00:00,11.76
2024-03-31 17:00:00,46.8
2024-03-31 18:00:00,63.5
2024-03-31 19:00:00,84.97
2024-03-31 20:00:00,71.65
2024-03-31 21:00:00,67.09
2024-03-31 22:00:00,62.1
2024-03-31 23:00:00,49.03
2024-04-01 00:00:00,44.32
2024-04-01 01:00:00,38.77
2024-04-01 02:00:00,38.48
2024-04-01 03:00:00,42.33
2024-04-01 04:00:00,47.3
2024-04-01 05:00:00,50.08
2024-04-01 06:00:00,55.84
2024-04-01 07:00:00,61.32
2024-04-01 08:00:00,42.34
2024-04-01 09:00:00,26.35
2024-04-01 10:00:00,21.94
2024-04-01 11:00:00,14.33
2024-04-01 12:00:00,5.63
2024-04-01 13:00:00,0.03
2024-04-01 14:00:00,-0.01
2024-04-01 15:00:00,-0.01
2024-04-01 16:00:00,-0.01
2024-04-01 17:00:00,5.46
2024-04-01 18:00:00,39.76
2024-04-01 19:00:00,46.82
2024-04-01 20:00:00,47.84
2024-04-01 21:00:00,43.76
2024-04-01 22:00:00,26.5
2024-04-01 23:00:00,8.87
2024-04-02 00:00:00,9.19
2024-04-02 01:00:00,2.06
2024-04-02 02:00:00,0.94
2024-04-02 03:00:00,0.97
2024-04-02 04:00:00,1.41
2024-04-02 05:00:00,6.95
2024-04-02 06:00:00,55.77
2024-04-02 07:00:00,73.8
2024-04-02 08:00:00,67.86
2024-04-02 09:00:00,46.15
2024-04-02 10:00:00,3.9
2024-04-02 11:00:00,0.53
2024-04-02 12:00:00,0.88
2024-04-02 13:00:00,0.04
2024-04-02 14:00:00,-0.02
2024-04-02 15:00:00,0.0
2024-04-02 16:00:00,4.31
2024-04-02 17:00:00,40.48
2024-04-02 18:00:00,71.91
2024-04-02 19:00:00,94.98
2024-04-02 20:00:00,95.1
2024-04-02 21:00:00,76.78
2024-04-02 22:00:00,72.77
2024-04-02 23:00:00,68.83
2024-04-03 00:00:00,70.88
2024-04-03 01:00:00,68.31
2024-04-03 02:00:00,67.09
2024-04-03 03:00:00,68.74
2024-04-03 04:00:00,68.73
2024-04-03 05:00:00,74.66
2024-04-03 06:00:00,94.41
2024-04-03 07:00:00,109.34
2024-04-03 08:00:00,109.05
2024-04-03 09:00:00,77.82
2024-04-03 10:00:00,57.34
2024-04-03 11:00:00,65.04
2024-04-03 12:00:00,66.44
2024-04-03 13:00:00,64.91
2024-04-03 14:00:00,63.38
2024-04-03 15:00:00,69.84
2024-04-03 16:00:00,73.31
2024-04-03 17:00:00,93.6
2024-04-03 18:00:00,110.0
2024-04-03 19:00:00,127.94
2024-04-03 20:00:00,109.5
2024-04-03 21:00:00,88.03
2024-04-03 22:00:00,81.56
2024-04-03 23:00:00,70.9
2024-04-04 00:00:00,55.43
2024-04-04 01:00:00,53.72
2024-04-04 02:00:00,48.27
2024-04-04 03:00:00,49.64
2024-04-04 04:00:00,59.47
2024-04-04 05:00:00,63.91
2024-04-04 06:00:00,85.4
2024-04-04 07:00:00,95.53
2024-04-04 08:00:00,73.99
2024-04-04 09:00:00,68.54
2024-04-04 10:00:00,64.12
2024-04-04 11:00:00,59.86
2024-04-04 12:00:00,54.04
2024-04-04 13:00:00,52.38
2024-04-04 14:00:00,52.28
2024-04-04 15:00:00,52.92
2024-04-04 16:00:00,53.78
2024-04-04 17:00:00,64.71
2024-04-04 18:00:00,78.88
2024-04-04 19:00:00,104.11
2024-04-04 20:00:00,79.23
2024-04-04 21:00:00,71.12
2024-04-04 22:00:00,69.05
2024-04-04 23:00:00,59.19
2024-04-05 00:00:00,66.77
2024-04-05 01:00:00,64.28
2024-04-05 02:00:00,56.76
2024-04-05 03:00:00,54.8
2024-04-05 04:00:00,54.56
2024-04-05 05:00:00,70.92
2024-04-05 06:00:00,73.61
2024-04-05 07:00:00,81.17
2024-04-05 08:00:00,77.11
2024-04-05 09:00:00,64.09
2024-04-05 10:00:00,47.08
2024-04-05 11:00:00,23.6
2024-04-05 12:00:00,8.38
2024-04-05 13:00:00,0.01
2024-04-05 14:00:00,0.94
2024-04-05 15:00:00,12.99
2024-04-05 16:00:00,25.93
2024-04-05 17:00:00,54.67
2024-04-05 18:00:00,76.83
2024-04-05 19:00:00,89.31
2024-04-05 20:00:00,87.02
2024-04-05 21:00:00,76.97
2024-04-05 22:00:00,73.94
2024-04-05 23:00:00,67.55
2024-04-06 00:00:00,68.31
2024-04-06 01:00:00,47.2
2024-04-06 02:00:00,51.12
2024-04-06 03:00:00,51.38
2024-04-06 04:00:00,54.05
2024-04-06 05:00:00,54.41
2024-04-06 06:00:00,57.17
2024-04-06 07:00:00,57.3
2024-04-06 08:00:00,55.96
2024-04-06 09:00:00,45.59
2024-04-06 10:00:00,25.46
2024-04-06 11:00:00,8.94
2024-04-06 12:00:00,-3.14
2024-04-06 13:00:00,-3.41
2024-04-06 14:00:00,-35.0
2024-04-06 15:00:00,-20.0
2024-04-06 16:00:00,-3.0
2024-04-06 17:00:00,43.61
2024-04-06 18:00:00,77.1
2024-04-06 19:00:00,91.12
2024-04-06 20:00:00,87.52
2024-04-06 21:00:00,82.85
2024-04-06 22:00:00,65.52
2024-04-06 23:00:00,49.38
2024-04-07 00:00:00,12.75
2024-04-07 01:00:00,-0.82
2024-04-07 02:00:00,0.0
2024-04-07 03:00:00,0.0
2024-04-07 04:00:00,0.0
2024-04-07 05:00:00,0.0
2024-04-07 06:00:00,0.0
2024-04-07 07:00:00,0.0
2024-04-07 08:00:00,0.0
2024-04-07 09:00:00,-0.01
2024-04-07 10:00:00,-0.16
2024-04-07 11:00:00,-3.25
2024-04-07 12:00:00,-8.76
2024-04-07 13:00:00,-23.21
2024-04-07 14:00:00,-19.91
2024-04-07 15:00:00,-5.04
2024-04-07 16:00:00,-0.18
2024-04-07 17:00:00,6.24
2024-04-07 18:00:00,84.1
2024-04-07 19:00:00,103.31
2024-04-07 20:00:00,105.0
2024-04-07 21:00:00,90.47
2024-04-07 22:00:00,77.97
2024-04-07 23:00:00,71.28
2024-04-08 00:00:00,67.93
2024-04-08 01:00:00,66.69
2024-04-08 02:00:00,63.07
2024-04-08 03:00:00,65.72
2024-04-08 04:00:00,66.5
2024-04-08 05:00:00,72.41
2024-04-08 06:00:00,95.57
2024-04-08 07:00:00,128.22
2024-04-08 08:00:00,104.59
2024-04-08 09:00:00,71.35
2024-04-08 10:00:00,24.69
2024-04-08 11:00:00,16.97
2024-04-08 12:00:00,16.25
2024-04-08 13:00:00,17.0
2024-04-08 14:00:00,18.83
2024-04-08 15:00:00,28.98
2024-04-08 16:00:00,54.21
2024-04-08 17:00:00,71.98
2024-04-08 18:00:00,99.96
2024-04-08 19:00:00,131.65
2024-04-08 20:00:00,120.06
2024-04-08 21:00:00,84.48
2024-04-08 22:00:00,71.13
2024-04-08 23:00:00,66.61
2024-04-09 00:00:00,72.12
2024-04-09 01:00:00,66.31
2024-04-09 02:00:00,64.73
2024-04-09 03:00:00,59.95
2024-04-09 04:00:00,62.28
2024-04-09 05:00:00,70.44
2024-04-09 06:00:00,86.8
2024-04-09 07:00:00,91.08
2024-04-09 08:00:00,74.89
2024-04-09 09:00:00,61.71
2024-04-09 10:00:00,47.26
2024-04-09 11:00:00,41.88
2024-04-09 12:00:00,35.24
2024-04-09 13:00:00,9.52
2024-04-09 14:00:00,9.9
2024-04-09 15:00:00,28.41
2024-04-09 16:00:00,37.6
2024-04-09 17:00:00,51.78
2024-04-09 18:00:00,77.14
2024-04-09 19:00:00,91.2
2024-04-09 20:00:00,91.39
2024-04-09 21:00:00,72.61
2024-04-09 22:00:00,72.06
2024-04-09 23:00:00,66.24
2024-04-10 00:00:00,21.0
2024-04-10 01:00:00,26.01
2024-04-10 02:00:00,14.24
2024-04-10 03:00:00,17.09
2024-04-10 04:00:00,21.57
2024-04-10 05:00:00,50.03
2024-04-10 06:00:00,75.03
2024-04-10 07:00:00,99.63
2024-04-10 08:00:00,105.69
2024-04-10 09:00:00,79.84
2024-04-10 10:00:00,69.13
2024-04-10 11:00:00,55.12
2024-04-10 12:00:00,43.55
2024-04-10 13:00:00,30.7
2024-04-10 14:00:00,30.18
2024-04-10 15:00:00,50.81
2024-04-10 16:00:00,59.8
2024-04-10 17:00:00,73.44
2024-04-10 18:00:00,95.89
2024-04-10 19:00:00,178.52
2024-04-10 20:00:00,178.85
2024-04-10 21:00:00,111.19
2024-04-10 22:00:00,84.29
2024-04-10 23:00:00,75.3
2024-04-11 00:00:00,68.65
2024-04-11 01:00:00,63.23
2024-04-11 02:00:00,58.36
2024-04-11 03:00:00,57.2
2024-04-11 04:00:00,57.56
2024-04-11 05:00:00,63.64
2024-04-11 06:00:00,76.34
2024-04-11 07:00:00,77.02
2024-04-11 08:00:00,52.2
2024-04-11 09:00:00,29.84
2024-04-11 10:00:00,10.01
2024-04-11 11:00:00,0.7
2024-04-11 12:00:00,0.82
2024-04-11 13:00:00,1.09
2024-04-11 14:00:00,0.44
2024-04-11 15:00:00,27.26
2024-04-11 16:00:00,52.87
2024-04-11 17:00:00,73.12
2024-04-11 18:00:00,93.39
2024-04-11 19:00:00,124.13
2024-04-11 20:00:00,132.05
2024-04-11 21:00:00,96.89
2024-04-11 22:00:00,81.48
2024-04-11 23:00:00,73.94
2024-04-12 00:00:00,71.49
2024-04-12 01:00:00,65.71
2024-04-12 02:00:00,61.35
2024-04-12 03:00:00,62.42
2024-04-12 04:00:00,64.16
2024-04-12 05:00:00,74.22
2024-04-12 06:00:00,86.66
2024-04-12 07:00:00,95.93
2024-04-12 08:00:00,85.34
2024-04-12 09:00:00,68.7
2024-04-12 10:00:00,41.69
2024-04-12 11:00:00,19.71
2024-04-12 12:00:00,0.0
2024-04-12 13:00:00,-0.07
2024-04-12 14:00:00,-0.12
2024-04-12 15:00:00,0.04
2024-04-12 16:00:00,0.21
2024-04-12 17:00:00,59.65
2024-04-12 18:00:00,80.22
2024-04-12 19:00:00,118.94
2024-04-12 20:00:00,122.6
2024-04-12 21:00:00,85.02
2024-04-12 22:00:00,77.12
2024-04-12 23:00:00,66.75
2024-04-13 00:00:00,60.06
2024-04-13 01:00:00,49.22
2024-04-13 02:00:00,24.41
2024-04-13 03:00:00,19.4
2024-04-13 04:00:00,20.12
2024-04-13 05:00:00,27.15
2024-04-13 06:00:00,31.91
2024-04-13 07:00:00,35.26
2024-04-13 08:00:00,21.83
2024-04-13 09:00:00,8.8
2024-04-13 10:00:00,-0.02
2024-04-13 11:00:00,-9.83
2024-04-13 12:00:00,-25.34
2024-04-13 13:00:00,-50.0
2024-04-13 14:00:00,-55.01
2024-04-13 15:00:00,-49.91
2024-04-13 16:00:00,-21.04
2024-04-13 17:00:00,-1.17
2024-04-13 18:00:00,37.26
2024-04-13 19:00:00,76.46
2024-04-13 20:00:00,77.83
2024-04-13 21:00:00,61.0
2024-04-13 22:00:00,54.6
2024-04-13 23:00:00,53.7
2024-04-14 00:00:00,84.47
2024-04-14 01:00:00,27.28
2024-04-14 02:00:00,13.0
2024-04-14 03:00:00,4.67
2024-04-14 04:00:00,13.69
2024-04-14 05:00:00,11.83
2024-04-14 06:00:00,12.86
2024-04-14 07:00:00,13.0
2024-04-14 08:00:00,7.46
2024-04-14 09:00:00,0.0
2024-04-14 10:00:00,-2.17
2024-04-14 11:00:00,-11.64
2024-04-14 12:00:00,-40.59
2024-04-14 13:00:00,-57.31
2024-04-14 14:00:00,-58.06
2024-04-14 15:00:00,-40.04
2024-04-14 16:00:00,-6.25
2024-04-14 17:00:00,1.57
2024-04-14 18:00:00,64.32
2024-04-14 19:00:00,81.1
2024-04-14 20:00:00,106.89
2024-04-14 21:00:00,101.36
2024-04-14 22:00:00,91.85
2024-04-14 23:00:00,82.77
2024-04-15 00:00:00,76.16
2024-04-15 01:00:00,75.56
2024-04-15 02:00:00,73.68
2024-04-15 03:00:00,74.14
2024-04-15 04:00:00,71.65
2024-04-15 05:00:00,81.38
2024-04-15 06:00:00,109.72
2024-04-15 07:00:00,158.53
2024-04-15 08:00:00,141.68
2024-04-15 09:00:00,84.64
2024-04-15 10:00:00,70.23
2024-04-15 11:00:00,56.81
2024-04-15 12:00:00,42.74
2024-04-15 13:00:00,32.58
2024-04-15 14:00:00,15.73
2024-04-15 15:00:00,59.26
2024-04-15 16:00:00,74.68
2024-04-15 17:00:00,88.26
2024-04-15 18:00:00,91.17
2024-04-15 19:00:00,100.87
2024-04-15 20:00:00,101.36
2024-04-15 21:00:00,86.22
2024-04-15 22:00:00,68.76
2024-04-15 23:00:00,56.83
2024-04-16 00:00:00,33.6
2024-04-16 01:00:00,21.75
2024-04-16 02:00:00,10.81
2024-04-16 03:00:00,19.55
2024-04-16 04:00:00,31.57
2024-04-16 05:00:00,49.23
2024-04-16 06:00:00,68.32
2024-04-16 07:00:00,83.62
2024-04-16 08:00:00,83.35
2024-04-16 09:00:00,77.52
2024-04-16 10:00:00,60.25
2024-04-16 11:00:00,48.9
2024-04-16 12:00:00,45.87
2024-04-16 13:00:00,43.78
2024-04-16 14:00:00,45.32
2024-04-16 15:00:00,53.26
2024-04-16 16:00:00,69.58
2024-04-16 17:00:00,83.51
2024-04-16 18:00:00,95.26
2024-04-16 19:00:00,113.44
2024-04-16 20:00:00,117.4
2024-04-16 21:00:00,101.4
2024-04-16 22:00:00,88.54
2024-04-16 23:00:00,79.23
2024-04-17 00:00:00,76.29
2024-04-17 01:00:00,64.49
2024-04-17 02:00:00,59.75
2024-04-17 03:00:00,52.86
2024-04-17 04:00:00,60.01
2024-04-17 05:00:00,72.83
2024-04-17 06:00:00,94.64
2024-04-17 07:00:00,119.03
2024-04-17 08:00:00,99.64
2024-04-17 09:00:00,76.53
2024-04-17 10:00:00,74.18
2024-04-17 11:00:00,73.29
2024-04-17 12:00:00,73.75
2024-04-17 13:00:00,72.97
2024-04-17 14:00:00,70.09
2024-04-17 15:00:00,70.22
2024-04-17 16:00:00,72.59
2024-04-17 17:00:00,85.42
2024-04-17 18:00:00,111.78
2024-04-17 19:00:00,146.1
2024-04-17 20:00:00,153.17
2024-04-17 21:00:00,125.6
2024-04-17 22:00:00,94.43
2024-04-17 23:00:00,83.66
2024-04-18 00:00:00,91.64
2024-04-18 01:00:00,84.08
2024-04-18 02:00:00,82.53
2024-04-18 03:00:00,81.07
2024-04-18 04:00:00,86.0
2024-04-18 05:00:00,88.53
2024-04-18 06:00:00,118.3
2024-04-18 07:00:00,150.02
2024-04-18 08:00:00,131.19
2024-04-18 09:00:00,101.12
2024-04-18 10:00:00,86.53
2024-04-18 11:00:00,79.7
2024-04-18 12:00:00,77.15
2024-04-18 13:00:00,74.32
2024-04-18 14:00:00,69.8
2024-04-18 15:00:00,68.14
2024-04-18 16:00:00,70.42
2024-04-18 17:00:00,83.56
2024-04-18 18:00:00,101.06
2024-04-18 19:00:00,127.06
2024-04-18 20:00:00,131.5
2024-04-18 21:00:00,108.3
2024-04-18 22:00:00,89.95
2024-04-18 23:00:00,80.27
2024-04-19 00:00:00,79.83
2024-04-19 01:00:00,62.38
2024-04-19 02:00:00,50.68
2024-04-19 03:00:00,50.97
2024-04-19 04:00:00,51.98
2024-04-19 05:00:00,66.52
2024-04-19 06:00:00,102.89
2024-04-19 07:00:00,88.96
2024-04-19 08:00:00,81.54
2024-04-19 09:00:00,67.21
2024-04-19 10:00:00,59.08
2024-04-19 11:00:00,53.73
2024-04-19 12:00:00,47.76
2024-04-19 13:00:00,45.26
2024-04-19 14:00:00,44.14
2024-04-19 15:00:00,54.67
2024-04-19 16:00:00,69.02
2024-04-19 17:00:00,83.38
2024-04-19 18:00:00,97.85
2024-04-19 19:00:00,112.86
2024-04-19 20:00:00,101.67
2024-04-19 21:00:00,92.77
2024-04-19 22:00:00,83.62
2024-04-19 23:00:00,74.13
2024-04-20 00:00:00,71.25
2024-04-20 01:00:00,64.91
2024-04-20 02:00:00,60.26
2024-04-20 03:00:00,61.07
2024-04-20 04:00:00,61.62
2024-04-20 05:00:00,65.0
2024-04-20 06:00:00,69.65
2024-04-20 07:00:00,71.24
2024-04-20 08:00:00,62.58
2024-04-20 09:00:00,56.23
2024-04-20 10:00:00,49.01
2024-04-20 11:00:00,37.43
2024-04-20 12:00:00,28.04
2024-04-20 13:00:00,11.44
2024-04-20 14:00:00,9.74
2024-04-20 15:00:00,17.06
2024-04-20 16:00:00,35.77
2024-04-20 17:00:00,60.25
2024-04-20 18:00:00,80.16
2024-04-20 19:00:00,92.04
2024-04-20 20:00:00,102.03
2024-04-20 21:00:00,93.21
2024-04-20 22:00:00,84.79
2024-04-20 23:00:00,81.16
2024-04-21 00:00:00,79.41
2024-04-21 01:00:00,67.29
2024-04-21 02:00:00,67.64
2024-04-21 03:00:00,64.24
2024-04-21 04:00:00,63.3
2024-04-21 05:00:00,63.62
2024-04-21 06:00:00,63.71
2024-04-21 07:00:00,57.32
2024-04-21 08:00:00,57.43
2024-04-21 09:00:00,40.79
2024-04-21 10:00:00,32.38
2024-04-21 11:00:00,17.59
2024-04-21 12:00:00,7.18
2024-04-21 13:00:00,0.01
2024-04-21 14:00:00,-1.01
2024-04-21 15:00:00,0.35
2024-04-21 16:00:00,5.89
2024-04-21 17:00:00,57.28
2024-04-21 18:00:00,75.53
2024-04-21 19:00:00,89.44
2024-04-21 20:00:00,96.52
2024-04-21 21:00:00,91.98
2024-04-21 22:00:00,87.3
2024-04-21 23:00:00,86.08
2024-04-22 00:00:00,77.78
2024-04-22 01:00:00,78.05
2024-04-22 02:00:00,78.44
2024-04-22 03:00:00,75.34
2024-04-22 04:00:00,74.24
2024-04-22 05:00:00,85.0
2024-04-22 06:00:00,106.13
2024-04-22 07:00:00,130.1
2024-04-22 08:00:00,117.46
2024-04-22 09:00:00,97.05
2024-04-22 10:00:00,80.71
2024-04-22 11:00:00,77.79
2024-04-22 12:00:00,74.73
2024-04-22 13:00:00,71.86
2024-04-22 14:00:00,70.63
2024-04-22 15:00:00,74.55
2024-04-22 16:00:00,82.86
2024-04-22 17:00:00,93.75
2024-04-22 18:00:00,115.87
2024-04-22 19:00:00,159.17
2024-04-22 20:00:00,170.55
2024-04-22 21:00:00,131.49
2024-04-22 22:00:00,107.62
2024-04-22 23:00:00,97.76
2024-04-23 00:00:00,88.32
2024-04-23 01:00:00,86.69
2024-04-23 02:00:00,85.95
2024-04-23 03:00:00,85.32
2024-04-23 04:00:00,85.91
2024-04-23 05:00:00,97.61
2024-04-23 06:00:00,121.4
2024-04-23 07:00:00,181.64
2024-04-23 08:00:00,136.28
2024-04-23 09:00:00,98.08
2024-04-23 10:00:00,81.89
2024-04-23 11:00:00,81.8
2024-04-23 12:00:00,84.07
2024-04-23 13:00:00,80.24
2024-04-23 14:00:00,78.62
2024-04-23 15:00:00,80.15
2024-04-23 16:00:00,88.16
2024-04-23 17:00:00,100.21
2024-04-23 18:00:00,110.95
2024-04-23 19:00:00,129.02
2024-04-23 20:00:00,132.42
2024-04-23 21:00:00,113.78
2024-04-23 22:00:00,96.28
2024-04-23 23:00:00,82.06
2024-04-24 00:00:00,83.44
2024-04-24 01:00:00,80.14
2024-04-24 02:00:00,78.69
2024-04-24 03:00:00,77.89
2024-04-24 04:00:00,80.2
2024-04-24 05:00:00,85.19
2024-04-24 06:00:00,107.05
2024-04-24 07:00:00,127.16
2024-04-24 08:00:00,118.11
2024-04-24 09:00:00,101.74
2024-04-24 10:00:00,94.21
2024-04-24 11:00:00,93.59
2024-04-24 12:00:00,92.95
2024-04-24 13:00:00,89.88
2024-04-24 14:00:00,85.86
2024-04-24 15:00:00,85.77
2024-04-24 16:00:00,88.8
2024-04-24 17:00:00,98.44
2024-04-24 18:00:00,111.52
2024-04-24 19:00:00,134.46
2024-04-24 20:00:00,140.66
2024-04-24 21:00:00,122.17
2024-04-24 22:00:00,107.49
2024-04-24 23:00:00,90.77
2024-04-25 00:00:00,83.5
2024-04-25 01:00:00,80.0
2024-04-25 02:00:00,77.68
2024-04-25 03:00:00,77.61
2024-04-25 04:00:00,77.67
2024-04-25 05:00:00,84.65
2024-04-25 06:00:00,106.79
2024-04-25 07:00:00,127.32
2024-04-25 08:00:00,112.91
2024-04-25 09:00:00,92.15
2024-04-25 10:00:00,79.74
2024-04-25 11:00:00,78.2
2024-04-25 12:00:00,73.92
2024-04-25 13:00:00,68.19
2024-04-25 14:00:00,65.63
2024-04-25 15:00:00,69.73
2024-04-25 16:00:00,73.75
2024-04-25 17:00:00,82.79
2024-04-25 18:00:00,103.02
2024-04-25 19:00:00,141.69
2024-04-25 20:00:00,157.05
2024-04-25 21:00:00,114.49
2024-04-25 22:00:00,91.35
2024-04-25 23:00:00,79.74
2024-04-26 00:00:00,79.87
2024-04-26 01:00:00,74.0
2024-04-26 02:00:00,76.05
2024-04-26 03:00:00,74.07
2024-04-26 04:00:00,77.1
2024-04-26 05:00:00,85.01
2024-04-26 06:00:00,99.57
2024-04-26 07:00:00,104.06
2024-04-26 08:00:00,96.06
2024-04-26 09:00:00,81.08
2024-04-26 10:00:00,71.3
2024-04-26 11:00:00,72.95
2024-04-26 12:00:00,70.35
2024-04-26 13:00:00,68.74
2024-04-26 14:00:00,65.37
2024-04-26 15:00:00,69.92
2024-04-26 16:00:00,71.56
2024-04-26 17:00:00,80.21
2024-04-26 18:00:00,96.15
2024-04-26 19:00:00,134.26
2024-04-26 20:00:00,143.74
2024-04-26 21:00:00,112.3
2024-04-26 22:00:00,92.08
2024-04-26 23:00:00,88.26
2024-04-27 00:00:00,90.33
2024-04-27 01:00:00,89.31
2024-04-27 02:00:00,87.72
2024-04-27 03:00:00,91.16
2024-04-27 04:00:00,91.33
2024-04-27 05:00:00,85.88
2024-04-27 06:00:00,84.17
2024-04-27 07:00:00,77.04
2024-04-27 08:00:00,67.01
2024-04-27 09:00:00,56.54
2024-04-27 10:00:00,36.02
2024-04-27 11:00:00,8.43
2024-04-27 12:00:00,0.03
2024-04-27 13:00:00,-0.09
2024-04-27 14:00:00,0.0
2024-04-27 15:00:00,0.0
2024-04-27 16:00:00,19.43
2024-04-27 17:00:00,58.99
2024-04-27 18:00:00,83.88
2024-04-27 19:00:00,118.2
2024-04-27 20:00:00,124.12
2024-04-27 21:00:00,85.49
2024-04-27 22:00:00,75.66
2024-04-27 23:00:00,65.29
2024-04-28 00:00:00,56.39
2024-04-28 01:00:00,46.25
2024-04-28 02:00:00,39.6
2024-04-28 03:00:00,31.63
2024-04-28 04:00:00,27.98
2024-04-28 05:00:00,26.08
2024-04-28 06:00:00,9.92
2024-04-28 07:00:00,0.1
2024-04-28 08:00:00,-0.07
2024-04-28 09:00:00,-1.02
2024-04-28 10:00:00,-16.49
2024-04-28 11:00:00,-36.51
2024-04-28 12:00:00,-56.68
2024-04-28 13:00:00,-57.78
2024-04-28 14:00:00,-65.06
2024-04-28 15:00:00,-52.43
2024-04-28 16:00:00,-23.33
2024-04-28 17:00:00,-0.02
2024-04-28 18:00:00,25.33
2024-04-28 19:00:00,70.45
2024-04-28 20:00:00,84.11
2024-04-28 21:00:00,78.56
2024-04-28 22:00:00,72.21
2024-04-28 23:00:00,66.94
2024-04-29 00:00:00,63.15
2024-04-29 01:00:00,60.05
2024-04-29 02:00:00,58.93
2024-04-29 03:00:00,62.26
2024-04-29 04:00:00,75.63
2024-04-29 05:00:00,83.68
2024-04-29 06:00:00,105.43
2024-04-29 07:00:00,115.27
2024-04-29 08:00:00,101.64
2024-04-29 09:00:00,79.3
2024-04-29 10:00:00,49.83
2024-04-29 11:00:00,34.64
2024-04-29 12:00:00,30.74
2024-04-29 13:00:00,13.39
2024-04-29 14:00:00,18.34
2024-04-29 15:00:00,36.37
2024-04-29 16:00:00,47.68
2024-04-29 17:00:00,83.71
2024-04-29 18:00:00,102.8
2024-04-29 19:00:00,174.58
2024-04-29 20:00:00,204.19
2024-04-29 21:00:00,108.89
2024-04-29 22:00:00,87.34
2024-04-29 23:00:00,80.51
2024-04-30 00:00:00,74.3
2024-04-30 01:00:00,66.96
2024-04-30 02:00:00,70.63
2024-04-30 03:00:00,70.78
2024-04-30 04:00:00,70.54
2024-04-30 05:00:00,78.73
2024-04-30 06:00:00,94.7
2024-04-30 07:00:00,103.05
2024-04-30 08:00:00,81.63
2024-04-30 09:00:00,69.52
2024-04-30 10:00:00,44.78
2024-04-30 11:00:00,17.61
2024-04-30 12:00:00,12.66
2024-04-30 13:00:00,6.97
2024-04-30 14:00:00,5.49
2024-04-30 15:00:00,19.14
2024-04-30 16:00:00,44.54
2024-04-30 17:00:00,65.21
2024-04-30 18:00:00,86.2
2024-04-30 19:00:00,118.69
2024-04-30 20:00:00,128.35
2024-04-30 21:00:00,88.15
2024-04-30 22:00:00,77.74
2024-04-30 23:00:00,75.94
2024-05-01 00:00:00,65.81
2024-05-01 01:00:00,55.49
2024-05-01 02:00:00,50.51
2024-05-01 03:00:00,44.65
2024-05-01 04:00:00,47.52
2024-05-01 05:00:00,44.93
2024-05-01 06:00:00,42.91
2024-05-01 07:00:00,30.34
2024-05-01 08:00:00,9.66
2024-05-01 09:00:00,-0.13
2024-05-01 10:00:00,-1.17
2024-05-01 11:00:00,-37.41
2024-05-01 12:00:00,-85.85
2024-05-01 13:00:00,-109.84
2024-05-01 14:00:00,-110.34
2024-05-01 15:00:00,-75.18
2024-05-01 16:00:00,-16.67
2024-05-01 17:00:00,1.04
2024-05-01 18:00:00,27.28
2024-05-01 19:00:00,59.45
2024-05-01 20:00:00,92.97
2024-05-01 21:00:00,59.39
2024-05-01 22:00:00,39.71
2024-05-01 23:00:00,28.4
2024-05-02 00:00:00,14.69
2024-05-02 01:00:00,11.58
2024-05-02 02:00:00,11.33
2024-05-02 03:00:00,9.15
2024-05-02 04:00:00,11.33
2024-05-02 05:00:00,35.14
2024-05-02 06:00:00,81.41
2024-05-02 07:00:00,85.64
2024-05-02 08:00:00,64.93
2024-05-02 09:00:00,31.45
2024-05-02 10:00:00,7.68
2024-05-02 11:00:00,1.82
2024-05-02 12:00:00,-0.26
2024-05-02 13:00:00,-1.86
2024-05-02 14:00:00,0.01
2024-05-02 15:00:00,15.44
2024-05-02 16:00:00,37.64
2024-05-02 17:00:00,75.9
2024-05-02 18:00:00,97.5
2024-05-02 19:00:00,104.18
2024-05-02 20:00:00,110.66
2024-05-02 21:00:00,91.05
2024-05-02 22:00:00,79.31
2024-05-02 23:00:00,73.51
2024-05-03 00:00:00,71.7
2024-05-03 01:00:00,61.75
2024-05-03 02:00:00,59.35
2024-05-03 03:00:00,59.77
2024-05-03 04:00:00,60.77
2024-05-03 05:00:00,72.34
2024-05-03 06:00:00,86.3
2024-05-03 07:00:00,87.28
2024-05-03 08:00:00,90.85
2024-05-03 09:00:00,85.86
2024-05-03 10:00:00,79.85
2024-05-03 11:00:00,75.44
2024-05-03 12:00:00,73.32
2024-05-03 13:00:00,67.23
2024-05-03 14:00:00,63.04
2024-05-03 15:00:00,66.07
2024-05-03 16:00:00,70.13
2024-05-03 17:00:00,79.72
2024-05-03 18:00:00,88.39
2024-05-03 19:00:00,108.36
2024-05-03 20:00:00,127.01
2024-05-03 21:00:00,108.03
2024-05-03 22:00:00,93.71
2024-05-03 23:00:00,84.53
2024-05-04 00:00:00,89.6
2024-05-04 01:00:00,85.63
2024-05-04 02:00:00,83.67
2024-05-04 03:00:00,84.7
2024-05-04 04:00:00,86.93
2024-05-04 05:00:00,84.65
2024-05-04 06:00:00,87.85
2024-05-04 07:00:00,85.98
2024-05-04 08:00:00,64.07
2024-05-04 09:00:00,53.74
2024-05-04 10:00:00,41.17
2024-05-04 11:00:00,25.0
2024-05-04 12:00:00,10.11
2024-05-04 13:00:00,4.99
2024-05-04 14:00:00,9.44
2024-05-04 15:00:00,25.27
2024-05-04 16:00:00,48.27
2024-05-04 17:00:00,76.27
2024-05-04 18:00:00,94.17
2024-05-04 19:00:00,116.49
2024-05-04 20:00:00,129.49
2024-05-04 21:00:00,109.26
2024-05-04 22:00:00,87.23
2024-05-04 23:00:00,81.74
2024-05-05 00:00:00,88.19
2024-05-05 01:00:00,82.39
2024-05-05 02:00:00,81.56
2024-05-05 03:00:00,78.2
2024-05-05 04:00:00,72.55
2024-05-05 05:00:00,68.98
2024-05-05 06:00:00,60.07
2024-05-05 07:00:00,48.05
2024-05-05 08:00:00,34.25
2024-05-05 09:00:00,15.68
2024-05-05 10:00:00,4.26
2024-05-05 11:00:00,0.44
2024-05-05 12:00:00,0.0
2024-05-05 13:00:00,-0.04
2024-05-05 14:00:00,-0.97
2024-05-05 15:00:00,-0.1
2024-05-05 16:00:00,0.0
2024-05-05 17:00:00,32.0
2024-05-05 18:00:00,84.26
2024-05-05 19:00:00,94.0
2024-05-05 20:00:00,109.59
2024-05-05 21:00:00,104.56
2024-05-05 22:00:00,96.57
2024-05-05 23:00:00,87.29
2024-05-06 00:00:00,82.86
2024-05-06 01:00:00,77.94
2024-05-06 02:00:00,78.43
2024-05-06 03:00:00,78.13
2024-05-06 04:00:00,79.97
2024-05-06 05:00:00,87.14
2024-05-06 06:00:00,103.05
2024-05-06 07:00:00,127.53
2024-05-06 08:00:00,99.86
2024-05-06 09:00:00,83.8
2024-05-06 10:00:00,65.04
2024-05-06 11:00:00,56.7
2024-05-06 12:00:00,56.21
2024-05-06 13:00:00,51.34
2024-05-06 14:00:00,49.06
2024-05-06 15:00:00,58.95
2024-05-06 16:00:00,80.25
2024-05-06 17:00:00,89.12
2024-05-06 18:00:00,104.05
2024-05-06 19:00:00,133.31
2024-05-06 20:00:00,140.85
2024-05-06 21:00:00,107.23
2024-05-06 22:00:00,94.5
2024-05-06 23:00:00,84.42
2024-05-07 00:00:00,81.73
2024-05-07 01:00:00,79.06
2024-05-07 02:00:00,77.08
2024-05-07 03:00:00,79.14
2024-05-07 04:00:00,79.13
2024-05-07 05:00:00,81.5
2024-05-07 06:00:00,97.81
2024-05-07 07:00:00,121.15
2024-05-07 08:00:00,112.66
2024-05-07 09:00:00,91.75
2024-05-07 10:00:00,85.27
2024-05-07 11:00:00,83.28
2024-05-07 12:00:00,73.99
2024-05-07 13:00:00,71.1
2024-05-07 14:00:00,66.64
2024-05-07 15:00:00,75.24
2024-05-07 16:00:00,81.27
2024-05-07 17:00:00,87.93
2024-05-07 18:00:00,103.4
2024-05-07 19:00:00,133.85
2024-05-07 20:00:00,146.33
2024-05-07 21:00:00,118.16
2024-05-07 22:00:00,98.86
2024-05-07 23:00:00,86.36
2024-05-08 00:00:00,79.35
2024-05-08 01:00:00,75.69
2024-05-08 02:00:00,75.62
2024-05-08 03:00:00,77.31
2024-05-08 04:00:00,78.05
2024-05-08 05:00:00,85.38
2024-05-08 06:00:00,102.23
2024-05-08 07:00:00,112.93
2024-05-08 08:00:00,100.14
2024-05-08 09:00:00,86.08
2024-05-08 10:00:00,79.84
2024-05-08 11:00:00,73.84
2024-05-08 12:00:00,75.98
2024-05-08 13:00:00,71.87
2024-05-08 14:00:00,63.02
2024-05-08 15:00:00,70.2
2024-05-08 16:00:00,70.08
2024-05-08 17:00:00,84.92
2024-05-08 18:00:00,103.22
2024-05-08 19:00:00,122.05
2024-05-08 20:00:00,130.58
2024-05-08 21:00:00,110.49
2024-05-08 22:00:00,93.21
2024-05-08 23:00:00,84.79
2024-05-09 00:00:00,85.94
2024-05-09 01:00:00,86.29
2024-05-09 02:00:00,81.33
2024-05-09 03:00:00,81.2
2024-05-09 04:00:00,86.97
2024-05-09 05:00:00,88.51
2024-05-09 06:00:00,91.33
2024-05-09 07:00:00,82.03
2024-05-09 08:00:00,63.95
2024-05-09 09:00:00,18.96
2024-05-09 10:00:00,0.04
2024-05-09 11:00:00,-3.71
2024-05-09 12:00:00,-3.97
2024-05-09 13:00:00,-4.21
2024-05-09 14:00:00,-4.96
2024-05-09 15:00:00,-4.13
2024-05-09 16:00:00,-0.95
2024-05-09 17:00:00,63.97
2024-05-09 18:00:00,87.2
2024-05-09 19:00:00,118.3
2024-05-09 20:00:00,137.9
2024-05-09 21:00:00,122.19
2024-05-09 22:00:00,98.2
2024-05-09 23:00:00,85.83
2024-05-10 00:00:00,86.83
2024-05-10 01:00:00,79.47
2024-05-10 02:00:00,71.96
2024-05-10 03:00:00,69.24
2024-05-10 04:00:00,70.02
2024-05-10 05:00:00,86.12
2024-05-10 06:00:00,108.89
2024-05-10 07:00:00,106.78
2024-05-10 08:00:00,92.8
2024-05-10 09:00:00,66.05
2024-05-10 10:00:00,18.7
2024-05-10 11:00:00,0.12
2024-05-10 12:00:00,-2.79
2024-05-10 13:00:00,-2.86
2024-05-10 14:00:00,-3.09
2024-05-10 15:00:00,17.8
2024-05-10 16:00:00,63.15
2024-05-10 17:00:00,81.73
2024-05-10 18:00:00,101.73
2024-05-10 19:00:00,132.68
2024-05-10 20:00:00,165.19
2024-05-10 21:00:00,129.41
2024-05-10 22:00:00,100.44
2024-05-10 23:00:00,89.04
2024-05-11 00:00:00,93.76
2024-05-11 01:00:00,91.29
2024-05-11 02:00:00,87.22
2024-05-11 03:00:00,86.2
2024-05-11 04:00:00,87.0
2024-05-11 05:00:00,88.27
2024-05-11 06:00:00,83.69
2024-05-11 07:00:00,77.22
2024-05-11 08:00:00,54.61
2024-05-11 09:00:00,6.78
2024-05-11 10:00:00,0.0
2024-05-11 11:00:00,-11.73
2024-05-11 12:00:00,-23.17
2024-05-11 13:00:00,-25.27
2024-05-11 14:00:00,-26.57
2024-05-11 15:00:00,-13.2
2024-05-11 16:00:00,-0.47
2024-05-11 17:00:00,32.68
2024-05-11 18:00:00,87.7
2024-05-11 19:00:00,106.58
2024-05-11 20:00:00,139.53
2024-05-11 21:00:00,123.68
2024-05-11 22:00:00,87.16
2024-05-11 23:00:00,70.83
2024-05-12 00:00:00,64.42
2024-05-12 01:00:00,53.22
2024-05-12 02:00:00,43.78
2024-05-12 03:00:00,40.36
2024-05-12 04:00:00,45.07
2024-05-12 05:00:00,42.37
2024-05-12 06:00:00,17.61
2024-05-12 07:00:00,4.79
2024-05-12 08:00:00,2.35
2024-05-12 09:00:00,-2.99
2024-05-12 10:00:00,-27.91
2024-05-12 11:00:00,-76.16
2024-05-12 12:00:00,-105.71
2024-05-12 13:00:00,-146.13
2024-05-12 14:00:00,-145.28
2024-05-12 15:00:00,-98.18
2024-05-12 16:00:00,-35.1
2024-05-12 17:00:00,-7.44
2024-05-12 18:00:00,58.9
2024-05-12 19:00:00,88.72
2024-05-12 20:00:00,142.22
2024-05-12 21:00:00,89.48
2024-05-12 22:00:00,75.69
2024-05-12 23:00:00,74.99
2024-05-13 00:00:00,56.53
2024-05-13 01:00:00,49.87
2024-05-13 02:00:00,40.76
2024-05-13 03:00:00,41.98
2024-05-13 04:00:00,49.65
2024-05-13 05:00:00,71.67
2024-05-13 06:00:00,103.11
2024-05-13 07:00:00,104.79
2024-05-13 08:00:00,76.3
2024-05-13 09:00:00,39.38
2024-05-13 10:00:00,7.47
2024-05-13 11:00:00,-4.35
2024-05-13 12:00:00,-9.42
2024-05-13 13:00:00,-3.82
2024-05-13 14:00:00,-4.13
2024-05-13 15:00:00,0.58
2024-05-13 16:00:00,7.12
2024-05-13 17:00:00,76.18
2024-05-13 18:00:00,101.92
2024-05-13 19:00:00,145.01
2024-05-13 20:00:00,163.97
2024-05-13 21:00:00,139.8
2024-05-13 22:00:00,93.23
2024-05-13 23:00:00,84.5
2024-05-14 00:00:00,62.78
2024-05-14 01:00:00,44.03
2024-05-14 02:00:00,37.37
2024-05-14 03:00:00,27.9
2024-05-14 04:00:00,47.99
2024-05-14 05:00:00,66.31
2024-05-14 06:00:00,99.97
2024-05-14 07:00:00,85.53
2024-05-14 08:00:00,44.38
2024-05-14 09:00:00,5.68
2024-05-14 10:00:00,-3.21
2024-05-14 11:00:00,-16.71
2024-05-14 12:00:00,-26.36
2024-05-14 13:00:00,-36.56
2024-05-14 14:00:00,-32.59
2024-05-14 15:00:00,-21.03
2024-05-14 16:00:00,-3.42
2024-05-14 17:00:00,39.69
2024-05-14 18:00:00,91.75
2024-05-14 19:00:00,131.45
2024-05-14 20:00:00,146.63
2024-05-14 21:00:00,118.99
2024-05-14 22:00:00,78.83
2024-05-14 23:00:00,82.38
2024-05-15 00:00:00,80.3
2024-05-15 01:00:00,80.25
2024-05-15 02:00:00,70.85
2024-05-15 03:00:00,61.3
2024-05-15 04:00:00,77.58
2024-05-15 05:00:00,57.88
2024-05-15 06:00:00,98.5
2024-05-15 07:00:00,97.33
2024-05-15 08:00:00,83.94
2024-05-15 09:00:00,41.18
2024-05-15 10:00:00,2.1
2024-05-15 11:00:00,-6.97
2024-05-15 12:00:00,-11.79
2024-05-15 13:00:00,-12.31
2024-05-15 14:00:00,-8.59
2024-05-15 15:00:00,8.4
2024-05-15 16:00:00,43.0
2024-05-15 17:00:00,71.91
2024-05-15 18:00:00,91.59
2024-05-15 19:00:00,119.28
2024-05-15 20:00:00,140.3
2024-05-15 21:00:00,116.22
2024-05-15 22:00:00,72.69
2024-05-15 23:00:00,75.54
2024-05-16 00:00:00,61.0
2024-05-16 01:00:00,55.58
2024-05-16 02:00:00,43.97
2024-05-16 03:00:00,51.54
2024-05-16 04:00:00,41.39
2024-05-16 05:00:00,62.87
2024-05-16 06:00:00,90.26
2024-05-16 07:00:00,117.14
2024-05-16 08:00:00,87.71
2024-05-16 09:00:00,59.65
2024-05-16 10:00:00,19.98
2024-05-16 11:00:00,7.87
2024-05-16 12:00:00,7.59
2024-05-16 13:00:00,17.65
2024-05-16 14:00:00,26.1
2024-05-16 15:00:00,55.64
2024-05-16 16:00:00,56.77
2024-05-16 17:00:00,70.61
2024-05-16 18:00:00,88.6
2024-05-16 19:00:00,119.36
2024-05-16 20:00:00,131.96
2024-05-16 21:00:00,117.16
2024-05-16 22:00:00,86.21
2024-05-16 23:00:00,76.8
2024-05-17 00:00:00,74.32
2024-05-17 01:00:00,68.55
2024-05-17 02:00:00,68.28
2024-05-17 03:00:00,66.59
2024-05-17 04:00:00,67.52
2024-05-17 05:00:00,68.5
2024-05-17 06:00:00,98.0
2024-05-17 07:00:00,134.1
2024-05-17 08:00:00,125.33
2024-05-17 09:00:00,115.58
2024-05-17 10:00:00,105.85
2024-05-17 11:00:00,91.13
2024-05-17 12:00:00,73.89
2024-05-17 13:00:00,58.9
2024-05-17 14:00:00,68.56
2024-05-17 15:00:00,71.52
2024-05-17 16:00:00,65.66
2024-05-17 17:00:00,92.23
2024-05-17 18:00:00,97.07
2024-05-17 19:00:00,128.46
2024-05-17 20:00:00,149.07
2024-05-17 21:00:00,111.94
2024-05-17 22:00:00,96.58
2024-05-17 23:00:00,86.97
2024-05-18 00:00:00,87.1
2024-05-18 01:00:00,72.18
2024-05-18 02:00:00,68.97
2024-05-18 03:00:00,67.06
2024-05-18 04:00:00,70.36
2024-05-18 05:00:00,75.08
2024-05-18 06:00:00,74.29
2024-05-18 07:00:00,72.27
2024-05-18 08:00:00,65.04
2024-05-18 09:00:00,48.36
2024-05-18 10:00:00,9.43
2024-05-18 11:00:00,0.71
2024-05-18 12:00:00,-0.03
2024-05-18 13:00:00,-1.52
2024-05-18 14:00:00,-3.26
2024-05-18 15:00:00,-3.08
2024-05-18 16:00:00,-0.26
2024-05-18 17:00:00,52.12
2024-05-18 18:00:00,98.89
2024-05-18 19:00:00,111.89
2024-05-18 20:00:00,137.35
2024-05-18 21:00:00,124.82
2024-05-18 22:00:00,99.56
2024-05-18 23:00:00,93.89
2024-05-19 00:00:00,89.7
2024-05-19 01:00:00,87.66
2024-05-19 02:00:00,87.23
2024-05-19 03:00:00,85.52
2024-05-19 04:00:00,84.57
2024-05-19 05:00:00,79.2
2024-05-19 06:00:00,74.01
2024-05-19 07:00:00,69.67
2024-05-19 08:00:00,45.81
2024-05-19 09:00:00,-2.74
2024-05-19 10:00:00,-9.95
2024-05-19 11:00:00,-9.33
2024-05-19 12:00:00,-12.68
2024-05-19 13:00:00,-19.82
2024-05-19 14:00:00,-29.48
2024-05-19 15:00:00,-23.76
2024-05-19 16:00:00,-5.15
2024-05-19 17:00:00,2.08
2024-05-19 18:00:00,81.6
2024-05-19 19:00:00,102.95
2024-05-19 20:00:00,139.39
2024-05-19 21:00:00,123.82
2024-05-19 22:00:00,101.31
2024-05-19 23:00:00,85.6
2024-05-20 00:00:00,91.0
2024-05-20 01:00:00,84.4
2024-05-20 02:00:00,84.9
2024-05-20 03:00:00,84.47
2024-05-20 04:00:00,86.56
2024-05-20 05:00:00,90.75
2024-05-20 06:00:00,103.36
2024-05-20 07:00:00,103.86
2024-05-20 08:00:00,68.09
2024-05-20 09:00:00,21.46
2024-05-20 10:00:00,3.84
2024-05-20 11:00:00,0.25
2024-05-20 12:00:00,-4.78
2024-05-20 13:00:00,-7.36
2024-05-20 14:00:00,-8.72
2024-05-20 15:00:00,17.56
2024-05-20 16:00:00,46.44
2024-05-20 17:00:00,103.9
2024-05-20 18:00:00,107.02
2024-05-20 19:00:00,131.11
2024-05-20 20:00:00,145.27
2024-05-20 21:00:00,126.23
2024-05-20 22:00:00,105.42
2024-05-20 23:00:00,93.64
2024-05-21 00:00:00,88.28
2024-05-21 01:00:00,77.23
2024-05-21 02:00:00,72.39
2024-05-21 03:00:00,74.18
2024-05-21 04:00:00,70.12
2024-05-21 05:00:00,80.06
2024-05-21 06:00:00,107.98
2024-05-21 07:00:00,120.81
2024-05-21 08:00:00,95.86
2024-05-21 09:00:00,83.73
2024-05-21 10:00:00,68.7
2024-05-21 11:00:00,56.36
2024-05-21 12:00:00,36.24
2024-05-21 13:00:00,50.2
2024-05-21 14:00:00,57.7
2024-05-21 15:00:00,72.52
2024-05-21 16:00:00,82.98
2024-05-21 17:00:00,91.38
2024-05-21 18:00:00,100.73
2024-05-21 19:00:00,134.45
2024-05-21 20:00:00,143.68
2024-05-21 21:00:00,110.45
2024-05-21 22:00:00,97.59
2024-05-21 23:00:00,97.56
2024-05-22 00:00:00,81.59
2024-05-22 01:00:00,82.7
2024-05-22 02:00:00,66.15
2024-05-22 03:00:00,61.0
2024-05-22 04:00:00,57.78
2024-05-22 05:00:00,68.56
2024-05-22 06:00:00,98.5
2024-05-22 07:00:00,102.71
2024-05-22 08:00:00,103.07
2024-05-22 09:00:00,83.88
2024-05-22 10:00:00,74.36
2024-05-22 11:00:00,73.2
2024-05-22 12:00:00,63.67
2024-05-22 13:00:00,55.32
2024-05-22 14:00:00,59.5
2024-05-22 15:00:00,74.86
2024-05-22 16:00:00,89.43
2024-05-22 17:00:00,95.27
2024-05-22 18:00:00,100.88
2024-05-22 19:00:00,141.75
2024-05-22 20:00:00,154.58
2024-05-22 21:00:00,142.7
2024-05-22 22:00:00,105.78
2024-05-22 23:00:00,91.75
2024-05-23 00:00:00,75.91
2024-05-23 01:00:00,74.09
2024-05-23 02:00:00,68.67
2024-05-23 03:00:00,71.17
2024-05-23 04:00:00,72.09
2024-05-23 05:00:00,79.44
2024-05-23 06:00:00,101.32
2024-05-23 07:00:00,115.03
2024-05-23 08:00:00,96.68
2024-05-23 09:00:00,75.35
2024-05-23 10:00:00,72.88
2024-05-23 11:00:00,64.79
2024-05-23 12:00:00,52.83
2024-05-23 13:00:00,44.55
2024-05-23 14:00:00,58.23
2024-05-23 15:00:00,74.22
2024-05-23 16:00:00,84.99
2024-05-23 17:00:00,93.3
2024-05-23 18:00:00,112.94
2024-05-23 19:00:00,149.88
2024-05-23 20:00:00,175.96
2024-05-23 21:00:00,154.63
2024-05-23 22:00:00,123.65
2024-05-23 23:00:00,103.61
2024-05-24 00:00:00,102.24
2024-05-24 01:00:00,92.96
2024-05-24 02:00:00,88.89
2024-05-24 03:00:00,87.05
2024-05-24 04:00:00,89.63
2024-05-24 05:00:00,101.61
2024-05-24 06:00:00,120.85
2024-05-24 07:00:00,122.61
2024-05-24 08:00:00,104.14
2024-05-24 09:00:00,97.68
2024-05-24 10:00:00,87.44
2024-05-24 11:00:00,79.06
2024-05-24 12:00:00,77.27
2024-05-24 13:00:00,74.4
2024-05-24 14:00:00,75.46
2024-05-24 15:00:00,81.68
2024-05-24 16:00:00,84.34
2024-05-24 17:00:00,99.17
2024-05-24 18:00:00,112.29
2024-05-24 19:00:00,134.94
2024-05-24 20:00:00,138.54
2024-05-24 21:00:00,125.54
2024-05-24 22:00:00,109.67
2024-05-24 23:00:00,99.84
2024-05-25 00:00:00,94.88
2024-05-25 01:00:00,91.84
2024-05-25 02:00:00,90.42
2024-05-25 03:00:00,89.14
2024-05-25 04:00:00,89.02
2024-05-25 05:00:00,90.95
2024-05-25 06:00:00,90.99
2024-05-25 07:00:00,86.43
2024-05-25 08:00:00,75.79
2024-05-25 09:00:00,61.89
2024-05-25 10:00:00,36.45
2024-05-25 11:00:00,9.22
2024-05-25 12:00:00,3.24
2024-05-25 13:00:00,0.04
2024-05-25 14:00:00,0.0
2024-05-25 15:00:00,0.02
2024-05-25 16:00:00,14.27
2024-05-25 17:00:00,76.37
2024-05-25 18:00:00,96.54
2024-05-25 19:00:00,116.18
2024-05-25 20:00:00,132.74
2024-05-25 21:00:00,137.48
2024-05-25 22:00:00,116.41
2024-05-25 23:00:00,104.98
2024-05-26 00:00:00,108.9
2024-05-26 01:00:00,100.69
2024-05-26 02:00:00,92.95
2024-05-26 03:00:00,92.88
2024-05-26 04:00:00,94.05
2024-05-26 05:00:00,91.43
2024-05-26 06:00:00,85.98
2024-05-26 07:00:00,73.93
2024-05-26 08:00:00,13.25
2024-05-26 09:00:00,0.02
2024-05-26 10:00:00,0.0
2024-05-26 11:00:00,-0.09
2024-05-26 12:00:00,-2.24
2024-05-26 13:00:00,-11.3
2024-05-26 14:00:00,-25.34
2024-05-26 15:00:00,-10.51
2024-05-26 16:00:00,-0.64
2024-05-26 17:00:00,54.71
2024-05-26 18:00:00,91.33
2024-05-26 19:00:00,111.55
2024-05-26 20:00:00,131.95
2024-05-26 21:00:00,116.33
2024-05-26 22:00:00,103.46
2024-05-26 23:00:00,155.1
2024-05-27 00:00:00,77.66
2024-05-27 01:00:00,76.53
2024-05-27 02:00:00,75.96
2024-05-27 03:00:00,75.95
2024-05-27 04:00:00,79.63
2024-05-27 05:00:00,85.89
2024-05-27 06:00:00,108.32
2024-05-27 07:00:00,127.04
2024-05-27 08:00:00,120.46
2024-05-27 09:00:00,85.75
2024-05-27 10:00:00,75.0
2024-05-27 11:00:00,72.47
2024-05-27 12:00:00,67.48
2024-05-27 13:00:00,67.11
2024-05-27 14:00:00,66.27
2024-05-27 15:00:00,78.37
2024-05-27 16:00:00,87.74
2024-05-27 17:00:00,103.73
2024-05-27 18:00:00,127.69
2024-05-27 19:00:00,175.96
2024-05-27 20:00:00,209.07
2024-05-27 21:00:00,177.46
2024-05-27 22:00:00,128.09
2024-05-27 23:00:00,107.64
2024-05-28 00:00:00,99.79
2024-05-28 01:00:00,90.42
2024-05-28 02:00:00,89.09
2024-05-28 03:00:00,85.19
2024-05-28 04:00:00,84.09
2024-05-28 05:00:00,89.63
2024-05-28 06:00:00,113.9
2024-05-28 07:00:00,123.9
2024-05-28 08:00:00,104.74
2024-05-28 09:00:00,87.51
2024-05-28 10:00:00,74.37
2024-05-28 11:00:00,72.07
2024-05-28 12:00:00,63.68
2024-05-28 13:00:00,57.6
2024-05-28 14:00:00,57.61
2024-05-28 15:00:00,68.45
2024-05-28 16:00:00,76.73
2024-05-28 17:00:00,98.7
2024-05-28 18:00:00,120.82
2024-05-28 19:00:00,156.42
2024-05-28 20:00:00,164.7
2024-05-28 21:00:00,146.71
2024-05-28 22:00:00,102.8
2024-05-28 23:00:00,96.86
2024-05-29 00:00:00,81.12
2024-05-29 01:00:00,79.91
2024-05-29 02:00:00,71.85
2024-05-29 03:00:00,78.0
2024-05-29 04:00:00,77.48
2024-05-29 05:00:00,80.98
2024-05-29 06:00:00,109.73
2024-05-29 07:00:00,100.93
2024-05-29 08:00:00,93.04
2024-05-29 09:00:00,70.3
2024-05-29 10:00:00,69.03
2024-05-29 11:00:00,63.35
2024-05-29 12:00:00,59.93
2024-05-29 13:00:00,63.33
2024-05-29 14:00:00,63.3
2024-05-29 15:00:00,71.23
2024-05-29 16:00:00,83.97
2024-05-29 17:00:00,102.58
2024-05-29 18:00:00,111.19
2024-05-29 19:00:00,138.39
2024-05-29 20:00:00,162.74
2024-05-29 21:00:00,157.77
2024-05-29 22:00:00,118.69
2024-05-29 23:00:00,101.17
2024-05-30 00:00:00,99.54
2024-05-30 01:00:00,94.81
2024-05-30 02:00:00,90.14
2024-05-30 03:00:00,92.31
2024-05-30 04:00:00,93.2
2024-05-30 05:00:00,97.9
2024-05-30 06:00:00,101.13
2024-05-30 07:00:00,103.4
2024-05-30 08:00:00,95.39
2024-05-30 09:00:00,91.59
2024-05-30 10:00:00,82.17
2024-05-30 11:00:00,78.83
2024-05-30 12:00:00,72.81
2024-05-30 13:00:00,64.74
2024-05-30 14:00:00,64.69
2024-05-30 15:00:00,69.56
2024-05-30 16:00:00,86.05
2024-05-30 17:00:00,93.2
2024-05-30 18:00:00,109.22
2024-05-30 19:00:00,139.96
2024-05-30 20:00:00,148.44
2024-05-30 21:00:00,132.62
2024-05-30 22:00:00,109.75
2024-05-30 23:00:00,101.51
2024-05-31 00:00:00,94.6
2024-05-31 01:00:00,81.45
2024-05-31 02:00:00,75.0
2024-05-31 03:00:00,74.68
2024-05-31 04:00:00,76.0
2024-05-31 05:00:00,83.99
2024-05-31 06:00:00,104.21
2024-05-31 07:00:00,113.11
2024-05-31 08:00:00,112.85
2024-05-31 09:00:00,102.35
2024-05-31 10:00:00,90.68
2024-05-31 11:00:00,84.54
2024-05-31 12:00:00,77.75
2024-05-31 13:00:00,71.23
2024-05-31 14:00:00,67.6
2024-05-31 15:00:00,68.83
2024-05-31 16:00:00,76.86
2024-05-31 17:00:00,88.61
2024-05-31 18:00:00,109.57
2024-05-31 19:00:00,124.72
2024-05-31 20:00:00,129.89
2024-05-31 21:00:00,125.34
2024-05-31 22:00:00,104.75
2024-05-31 23:00:00,92.49
2024-06-01 00:00:00,88.67
2024-06-01 01:00:00,83.64
2024-06-01 02:00:00,78.2
2024-06-01 03:00:00,74.16
2024-06-01 04:00:00,70.49
2024-06-01 05:00:00,70.61
2024-06-01 06:00:00,76.35
2024-06-01 07:00:00,72.45
2024-06-01 08:00:00,74.73
2024-06-01 09:00:00,63.24
2024-06-01 10:00:00,48.82
2024-06-01 11:00:00,43.43
2024-06-01 12:00:00,21.95
2024-06-01 13:00:00,7.71
2024-06-01 14:00:00,2.76
2024-06-01 15:00:00,5.45
2024-06-01 16:00:00,13.47
2024-06-01 17:00:00,56.21
2024-06-01 18:00:00,86.98
2024-06-01 19:00:00,113.11
2024-06-01 20:00:00,134.63
2024-06-01 21:00:00,127.57
2024-06-01 22:00:00,95.05
2024-06-01 23:00:00,85.5
2024-06-02 00:00:00,60.26
2024-06-02 01:00:00,56.38
2024-06-02 02:00:00,48.61
2024-06-02 03:00:00,44.3
2024-06-02 04:00:00,8.32
2024-06-02 05:00:00,4.39
2024-06-02 06:00:00,4.9
2024-06-02 07:00:00,4.11
2024-06-02 08:00:00,0.97
2024-06-02 09:00:00,0.0
2024-06-02 10:00:00,1.28
2024-06-02 11:00:00,0.24
2024-06-02 12:00:00,-0.72
2024-06-02 13:00:00,-5.91
2024-06-02 14:00:00,-18.92
2024-06-02 15:00:00,-20.71
2024-06-02 16:00:00,-5.74
2024-06-02 17:00:00,3.03
2024-06-02 18:00:00,60.12
2024-06-02 19:00:00,96.3
2024-06-02 20:00:00,137.26
2024-06-02 21:00:00,117.06
2024-06-02 22:00:00,103.67
2024-06-02 23:00:00,92.41
2024-06-03 00:00:00,93.51
2024-06-03 01:00:00,88.61
2024-06-03 02:00:00,87.92
2024-06-03 03:00:00,86.91
2024-06-03 04:00:00,84.89
2024-06-03 05:00:00,99.85
2024-06-03 06:00:00,130.58
2024-06-03 07:00:00,192.48
2024-06-03 08:00:00,162.81
2024-06-03 09:00:00,127.41
2024-06-03 10:00:00,100.4
2024-06-03 11:00:00,97.08
2024-06-03 12:00:00,82.26
2024-06-03 13:00:00,78.05
2024-06-03 14:00:00,74.18
2024-06-03 15:00:00,84.08
2024-06-03 16:00:00,95.56
2024-06-03 17:00:00,115.99
2024-06-03 18:00:00,145.85
2024-06-03 19:00:00,189.47
2024-06-03 20:00:00,210.87
2024-06-03 21:00:00,191.49
2024-06-03 22:00:00,145.48
2024-06-03 23:00:00,117.9
2024-06-04 00:00:00,107.48
2024-06-04 01:00:00,100.7
2024-06-04 02:00:00,96.05
2024-06-04 03:00:00,95.93
2024-06-04 04:00:00,95.94
2024-06-04 05:00:00,106.41
2024-06-04 06:00:00,141.86
2024-06-04 07:00:00,173.05
2024-06-04 08:00:00,141.68
2024-06-04 09:00:00,110.77
2024-06-04 10:00:00,90.2
2024-06-04 11:00:00,81.31
2024-06-04 12:00:00,72.88
2024-06-04 13:00:00,62.33
2024-06-04 14:00:00,52.81
2024-06-04 15:00:00,84.33
2024-06-04 16:00:00,90.31
2024-06-04 17:00:00,99.92
2024-06-04 18:00:00,122.78
2024-06-04 19:00:00,169.62
2024-06-04 20:00:00,223.45
2024-06-04 21:00:00,143.67
2024-06-04 22:00:00,125.97
2024-06-04 23:00:00,102.11
2024-06-05 00:00:00,115.1
2024-06-05 01:00:00,112.51
2024-06-05 02:00:00,105.71
2024-06-05 03:00:00,95.78
2024-06-05 04:00:00,105.62
2024-06-05 05:00:00,92.56
2024-06-05 06:00:00,114.73
2024-06-05 07:00:00,150.14
2024-06-05 08:00:00,115.64
2024-06-05 09:00:00,87.75
2024-06-05 10:00:00,71.95
2024-06-05 11:00:00,66.17
2024-06-05 12:00:00,52.68
2024-06-05 13:00:00,32.89
2024-06-05 14:00:00,28.93
2024-06-05 15:00:00,104.32
2024-06-05 16:00:00,120.58
2024-06-05 17:00:00,99.43
2024-06-05 18:00:00,131.16
2024-06-05 19:00:00,165.11
2024-06-05 20:00:00,186.41
2024-06-05 21:00:00,170.39
2024-06-05 22:00:00,144.88
2024-06-05 23:00:00,118.15
2024-06-06 00:00:00,107.54
2024-06-06 01:00:00,102.75
2024-06-06 02:00:00,92.0
2024-06-06 03:00:00,90.47
2024-06-06 04:00:00,91.6
2024-06-06 05:00:00,106.91
2024-06-06 06:00:00,126.45
2024-06-06 07:00:00,129.39
2024-06-06 08:00:00,98.24
2024-06-06 09:00:00,71.97
2024-06-06 10:00:00,57.8
2024-06-06 11:00:00,28.77
2024-06-06 12:00:00,23.92
2024-06-06 13:00:00,14.49
2024-06-06 14:00:00,20.13
2024-06-06 15:00:00,95.38
2024-06-06 16:00:00,106.31
2024-06-06 17:00:00,99.93
2024-06-06 18:00:00,115.69
2024-06-06 19:00:00,167.97
2024-06-06 20:00:00,185.87
2024-06-06 21:00:00,171.14
2024-06-06 22:00:00,135.78
2024-06-06 23:00:00,111.6
2024-06-07 00:00:00,104.62
2024-06-07 01:00:00,95.33
2024-06-07 02:00:00,90.06
2024-06-07 03:00:00,85.0
2024-06-07 04:00:00,81.37
2024-06-07 05:00:00,99.37
2024-06-07 06:00:00,111.56
2024-06-07 07:00:00,117.46
2024-06-07 08:00:00,101.66
2024-06-07 09:00:00,78.9
2024-06-07 10:00:00,61.26
2024-06-07 11:00:00,41.39
2024-06-07 12:00:00,33.91
2024-06-07 13:00:00,25.36
2024-06-07 14:00:00,34.83
2024-06-07 15:00:00,108.89
2024-06-07 16:00:00,126.62
2024-06-07 17:00:00,77.22
2024-06-07 18:00:00,108.02
2024-06-07 19:00:00,156.11
2024-06-07 20:00:00,171.94
2024-06-07 21:00:00,153.67
2024-06-07 22:00:00,128.07
2024-06-07 23:00:00,108.27
2024-06-08 00:00:00,106.21
2024-06-08 01:00:00,97.39
2024-06-08 02:00:00,90.98
2024-06-08 03:00:00,87.33
2024-06-08 04:00:00,89.07
2024-06-08 05:00:00,86.01
2024-06-08 06:00:00,83.59
2024-06-08 07:00:00,64.4
2024-06-08 08:00:00,44.07
2024-06-08 09:00:00,13.08
2024-06-08 10:00:00,0.38
2024-06-08 11:00:00,-2.39
2024-06-08 12:00:00,-9.04
2024-06-08 13:00:00,-21.22
2024-06-08 14:00:00,-27.68
2024-06-08 15:00:00,-18.55
2024-06-08 16:00:00,-6.49
2024-06-08 17:00:00,37.56
2024-06-08 18:00:00,88.5
2024-06-08 19:00:00,106.44
2024-06-08 20:00:00,145.98
2024-06-08 21:00:00,152.13
2024-06-08 22:00:00,111.96
2024-06-08 23:00:00,80.59
2024-06-09 00:00:00,76.61
2024-06-09 01:00:00,65.12
2024-06-09 02:00:00,35.77
2024-06-09 03:00:00,0.01
2024-06-09 04:00:00,1.73
2024-06-09 05:00:00,-2.13
2024-06-09 06:00:00,-3.67
2024-06-09 07:00:00,0.4
2024-06-09 08:00:00,0.01
2024-06-09 09:00:00,-1.94
2024-06-09 10:00:00,-7.43
2024-06-09 11:00:00,-15.34
2024-06-09 12:00:00,-22.25
2024-06-09 13:00:00,-31.17
2024-06-09 14:00:00,-36.3
2024-06-09 15:00:00,-29.15
2024-06-09 16:00:00,-2.92
2024-06-09 17:00:00,-5.0
2024-06-09 18:00:00,75.09
2024-06-09 19:00:00,98.51
2024-06-09 20:00:00,130.35
2024-06-09 21:00:00,134.23
2024-06-09 22:00:00,108.44
2024-06-09 23:00:00,97.69
2024-06-10 00:00:00,73.65
2024-06-10 01:00:00,73.05
2024-06-10 02:00:00,67.51
2024-06-10 03:00:00,69.84
2024-06-10 04:00:00,71.09
2024-06-10 05:00:00,76.7
2024-06-10 06:00:00,114.52
2024-06-10 07:00:00,178.88
2024-06-10 08:00:00,139.97
2024-06-10 09:00:00,104.48
2024-06-10 10:00:00,86.44
2024-06-10 11:00:00,80.84
2024-06-10 12:00:00,70.45
2024-06-10 13:00:00,70.26
2024-06-10 14:00:00,64.08
2024-06-10 15:00:00,66.9
2024-06-10 16:00:00,90.07
2024-06-10 17:00:00,97.02
2024-06-10 18:00:00,109.6
2024-06-10 19:00:00,122.59
2024-06-10 20:00:00,146.66
2024-06-10 21:00:00,126.1
2024-06-10 22:00:00,115.72
2024-06-10 23:00:00,98.04
2024-06-11 00:00:00,84.81
2024-06-11 01:00:00,76.55
2024-06-11 02:00:00,64.63
2024-06-11 03:00:00,65.22
2024-06-11 04:00:00,62.9
2024-06-11 05:00:00,70.43
2024-06-11 06:00:00,88.09
2024-06-11 07:00:00,102.52
2024-06-11 08:00:00,95.28
2024-06-11 09:00:00,77.15
2024-06-11 10:00:00,61.97
2024-06-11 11:00:00,60.8
2024-06-11 12:00:00,60.96
2024-06-11 13:00:00,49.76
2024-06-11 14:00:00,47.98
2024-06-11 15:00:00,67.79
2024-06-11 16:00:00,70.27
2024-06-11 17:00:00,77.62
2024-06-11 18:00:00,95.82
2024-06-11 19:00:00,121.41
2024-06-11 20:00:00,146.53
2024-06-11 21:00:00,122.88
2024-06-11 22:00:00,116.82
2024-06-11 23:00:00,92.38
2024-06-12 00:00:00,88.88
2024-06-12 01:00:00,85.5
2024-06-12 02:00:00,78.52
2024-06-12 03:00:00,80.77
2024-06-12 04:00:00,84.79
2024-06-12 05:00:00,93.56
2024-06-12 06:00:00,122.82
2024-06-12 07:00:00,133.51
2024-06-12 08:00:00,111.63
2024-06-12 09:00:00,80.74
2024-06-12 10:00:00,66.51
2024-06-12 11:00:00,64.84
2024-06-12 12:00:00,69.16
2024-06-12 13:00:00,56.43
2024-06-12 14:00:00,48.81
2024-06-12 15:00:00,49.09
2024-06-12 16:00:00,63.56
2024-06-12 17:00:00,94.44
2024-06-12 18:00:00,122.61
2024-06-12 19:00:00,144.61
2024-06-12 20:00:00,150.94
2024-06-12 21:00:00,147.49
2024-06-12 22:00:00,133.44
2024-06-12 23:00:00,105.91
2024-06-13 00:00:00,99.42
2024-06-13 01:00:00,91.65
2024-06-13 02:00:00,83.11
2024-06-13 03:00:00,82.02
2024-06-13 04:00:00,81.72
2024-06-13 05:00:00,97.27
2024-06-13 06:00:00,118.88
2024-06-13 07:00:00,127.98
2024-06-13 08:00:00,118.88
2024-06-13 09:00:00,86.18
2024-06-13 10:00:00,73.88
2024-06-13 11:00:00,66.41
2024-06-13 12:00:00,57.7
2024-06-13 13:00:00,51.49
2024-06-13 14:00:00,50.69
2024-06-13 15:00:00,76.08
2024-06-13 16:00:00,94.31
2024-06-13 17:00:00,99.58
2024-06-13 18:00:00,124.82
2024-06-13 19:00:00,152.75
2024-06-13 20:00:00,196.18
2024-06-13 21:00:00,164.02
2024-06-13 22:00:00,106.38
2024-06-13 23:00:00,85.67
2024-06-14 00:00:00,78.86
2024-06-14 01:00:00,67.24
2024-06-14 02:00:00,60.31
2024-06-14 03:00:00,61.83
2024-06-14 04:00:00,57.5
2024-06-14 05:00:00,67.64
2024-06-14 06:00:00,85.25
2024-06-14 07:00:00,98.05
2024-06-14 08:00:00,93.22
2024-06-14 09:00:00,78.66
2024-06-14 10:00:00,68.94
2024-06-14 11:00:00,63.48
2024-06-14 12:00:00,62.98
2024-06-14 13:00:00,49.38
2024-06-14 14:00:00,42.39
2024-06-14 15:00:00,42.5
2024-06-14 16:00:00,57.33
2024-06-14 17:00:00,79.43
2024-06-14 18:00:00,89.49
2024-06-14 19:00:00,132.93
2024-06-14 20:00:00,137.45
2024-06-14 21:00:00,112.87
2024-06-14 22:00:00,88.02
2024-06-14 23:00:00,59.21
2024-06-15 00:00:00,59.78
2024-06-15 01:00:00,41.82
2024-06-15 02:00:00,31.15
2024-06-15 03:00:00,31.79
2024-06-15 04:00:00,21.52
2024-06-15 05:00:00,9.33
2024-06-15 06:00:00,1.54
2024-06-15 07:00:00,0.09
2024-06-15 08:00:00,0.0
2024-06-15 09:00:00,-0.06
2024-06-15 10:00:00,-10.08
2024-06-15 11:00:00,-28.74
2024-06-15 12:00:00,-44.45
2024-06-15 13:00:00,-63.14
2024-06-15 14:00:00,-77.28
2024-06-15 15:00:00,-57.86
2024-06-15 16:00:00,-44.34
2024-06-15 17:00:00,-30.61
2024-06-15 18:00:00,-27.21
2024-06-15 19:00:00,71.91
2024-06-15 20:00:00,138.2
2024-06-15 21:00:00,99.34
2024-06-15 22:00:00,32.48
2024-06-15 23:00:00,21.73
2024-06-16 00:00:00,5.13
2024-06-16 01:00:00,-5.01
2024-06-16 02:00:00,-12.14
2024-06-16 03:00:00,-15.14
2024-06-16 04:00:00,-16.19
2024-06-16 05:00:00,-16.1
2024-06-16 06:00:00,-7.03
2024-06-16 07:00:00,-0.75
2024-06-16 08:00:00,-0.02
2024-06-16 09:00:00,-1.44
2024-06-16 10:00:00,-9.61
2024-06-16 11:00:00,-12.83
2024-06-16 12:00:00,-19.37
2024-06-16 13:00:00,-28.99
2024-06-16 14:00:00,-34.38
2024-06-16 15:00:00,-27.76
2024-06-16 16:00:00,-15.6
2024-06-16 17:00:00,-27.73
2024-06-16 18:00:00,88.25
2024-06-16 19:00:00,140.41
2024-06-16 20:00:00,158.18
2024-06-16 21:00:00,171.32
2024-06-16 22:00:00,142.22
2024-06-16 23:00:00,98.82
2024-06-17 00:00:00,89.45
2024-06-17 01:00:00,77.3
2024-06-17 02:00:00,66.77
2024-06-17 03:00:00,68.46
2024-06-17 04:00:00,69.79
2024-06-17 05:00:00,89.33
2024-06-17 06:00:00,116.08
2024-06-17 07:00:00,126.2
2024-06-17 08:00:00,104.82
2024-06-17 09:00:00,82.24
2024-06-17 10:00:00,65.79
2024-06-17 11:00:00,61.94
2024-06-17 12:00:00,47.81
2024-06-17 13:00:00,44.62
2024-06-17 14:00:00,51.61
2024-06-17 15:00:00,62.88
2024-06-17 16:00:00,72.66
2024-06-17 17:00:00,89.33
2024-06-17 18:00:00,137.7
2024-06-17 19:00:00,214.08
2024-06-17 20:00:00,248.38
2024-06-17 21:00:00,233.39
2024-06-17 22:00:00,156.14
2024-06-17 23:00:00,122.1
2024-06-18 00:00:00,112.58
2024-06-18 01:00:00,96.91
2024-06-18 02:00:00,92.66
2024-06-18 03:00:00,89.54
2024-06-18 04:00:00,89.1
2024-06-18 05:00:00,99.87
2024-06-18 06:00:00,133.2
2024-06-18 07:00:00,126.24
2024-06-18 08:00:00,93.66
2024-06-18 09:00:00,71.75
2024-06-18 10:00:00,57.28
2024-06-18 11:00:00,53.72
2024-06-18 12:00:00,50.26
2024-06-18 13:00:00,48.27
2024-06-18 14:00:00,53.69
2024-06-18 15:00:00,68.9
2024-06-18 16:00:00,76.62
2024-06-18 17:00:00,92.61
2024-06-18 18:00:00,136.93
2024-06-18 19:00:00,237.09
2024-06-18 20:00:00,253.09
2024-06-18 21:00:00,229.07
2024-06-18 22:00:00,121.96
2024-06-18 23:00:00,95.4
2024-06-19 00:00:00,102.49
2024-06-19 01:00:00,94.3
2024-06-19 02:00:00,90.86
2024-06-19 03:00:00,89.9
2024-06-19 04:00:00,88.87
2024-06-19 05:00:00,90.84
2024-06-19 06:00:00,109.96
2024-06-19 07:00:00,113.53
2024-06-19 08:00:00,105.29
2024-06-19 09:00:00,86.54
2024-06-19 10:00:00,74.81
2024-06-19 11:00:00,69.15
2024-06-19 12:00:00,61.96
2024-06-19 13:00:00,40.0
2024-06-19 14:00:00,22.5
2024-06-19 15:00:00,48.01
2024-06-19 16:00:00,67.8
2024-06-19 17:00:00,95.57
2024-06-19 18:00:00,116.7
2024-06-19 19:00:00,153.99
2024-06-19 20:00:00,257.07
2024-06-19 21:00:00,145.58
2024-06-19 22:00:00,117.43
2024-06-19 23:00:00,95.27
2024-06-20 00:00:00,90.46
2024-06-20 01:00:00,85.04
2024-06-20 02:00:00,80.6
2024-06-20 03:00:00,79.05
2024-06-20 04:00:00,80.47
2024-06-20 05:00:00,88.41
2024-06-20 06:00:00,114.93
2024-06-20 07:00:00,112.9
2024-06-20 08:00:00,103.06
2024-06-20 09:00:00,90.75
2024-06-20 10:00:00,89.97
2024-06-20 11:00:00,94.34
2024-06-20 12:00:00,91.04
2024-06-20 13:00:00,92.96
2024-06-20 14:00:00,85.8
2024-06-20 15:00:00,80.41
2024-06-20 16:00:00,78.83
2024-06-20 17:00:00,98.08
2024-06-20 18:00:00,120.55
2024-06-20 19:00:00,175.58
2024-06-20 20:00:00,254.4
2024-06-20 21:00:00,208.83
2024-06-20 22:00:00,127.13
2024-06-20 23:00:00,98.66
2024-06-21 00:00:00,103.39
2024-06-21 01:00:00,93.12
2024-06-21 02:00:00,89.95
2024-06-21 03:00:00,87.94
2024-06-21 04:00:00,87.34
2024-06-21 05:00:00,87.88
2024-06-21 06:00:00,112.23
2024-06-21 07:00:00,122.26
2024-06-21 08:00:00,121.37
2024-06-21 09:00:00,102.24
2024-06-21 10:00:00,97.1
2024-06-21 11:00:00,91.05
2024-06-21 12:00:00,89.05
2024-06-21 13:00:00,84.01
2024-06-21 14:00:00,80.25
2024-06-21 15:00:00,82.32
2024-06-21 16:00:00,88.82
2024-06-21 17:00:00,125.22
2024-06-21 18:00:00,142.34
2024-06-21 19:00:00,217.99
2024-06-21 20:00:00,218.51
2024-06-21 21:00:00,188.31
2024-06-21 22:00:00,123.93
2024-06-21 23:00:00,104.18
2024-06-22 00:00:00,89.59
2024-06-22 01:00:00,79.8
2024-06-22 02:00:00,65.78
2024-06-22 03:00:00,63.27
2024-06-22 04:00:00,66.25
2024-06-22 05:00:00,54.66
2024-06-22 06:00:00,64.47
2024-06-22 07:00:00,49.1
2024-06-22 08:00:00,47.91
2024-06-22 09:00:00,34.65
2024-06-22 10:00:00,12.54
2024-06-22 11:00:00,3.59
2024-06-22 12:00:00,2.71
2024-06-22 13:00:00,-0.02
2024-06-22 14:00:00,-0.05
2024-06-22 15:00:00,-6.1
2024-06-22 16:00:00,-0.72
2024-06-22 17:00:00,46.11
2024-06-22 18:00:00,79.54
2024-06-22 19:00:00,111.06
2024-06-22 20:00:00,125.91
2024-06-22 21:00:00,129.96
2024-06-22 22:00:00,112.7
2024-06-22 23:00:00,91.45
2024-06-23 00:00:00,91.89
2024-06-23 01:00:00,81.06
2024-06-23 02:00:00,72.97
2024-06-23 03:00:00,70.33
2024-06-23 04:00:00,65.03
2024-06-23 05:00:00,61.43
2024-06-23 06:00:00,56.65
2024-06-23 07:00:00,46.36
2024-06-23 08:00:00,20.2
2024-06-23 09:00:00,4.24
2024-06-23 10:00:00,0.0
2024-06-23 11:00:00,-0.05
2024-06-23 12:00:00,-0.09
2024-06-23 13:00:00,-0.97
2024-06-23 14:00:00,-2.27
2024-06-23 15:00:00,-2.23
2024-06-23 16:00:00,-0.85
2024-06-23 17:00:00,22.91
2024-06-23 18:00:00,76.47
2024-06-23 19:00:00,110.44
2024-06-23 20:00:00,153.59
2024-06-23 21:00:00,159.18
2024-06-23 22:00:00,130.76
2024-06-23 23:00:00,105.11
2024-06-24 00:00:00,105.91
2024-06-24 01:00:00,91.14
2024-06-24 02:00:00,83.24
2024-06-24 03:00:00,82.82
2024-06-24 04:00:00,84.13
2024-06-24 05:00:00,95.91
2024-06-24 06:00:00,128.01
2024-06-24 07:00:00,123.59
2024-06-24 08:00:00,106.69
2024-06-24 09:00:00,83.75
2024-06-24 10:00:00,56.17
2024-06-24 11:00:00,38.94
2024-06-24 12:00:00,31.27
2024-06-24 13:00:00,29.22
2024-06-24 14:00:00,23.26
2024-06-24 15:00:00,84.43
2024-06-24 16:00:00,101.93
2024-06-24 17:00:00,104.75
2024-06-24 18:00:00,141.07
2024-06-24 19:00:00,193.04
2024-06-24 20:00:00,279.24
2024-06-24 21:00:00,247.12
2024-06-24 22:00:00,150.11
2024-06-24 23:00:00,116.49
2024-06-25 00:00:00,180.0
2024-06-25 01:00:00,200.92
2024-06-25 02:00:00,152.08
2024-06-25 03:00:00,150.39
2024-06-25 04:00:00,150.78
2024-06-25 05:00:00,172.13
2024-06-25 06:00:00,181.12
2024-06-25 07:00:00,134.94
2024-06-25 08:00:00,111.01
2024-06-25 09:00:00,90.41
2024-06-25 10:00:00,78.61
2024-06-25 11:00:00,78.56
2024-06-25 12:00:00,86.02
2024-06-25 13:00:00,90.1
2024-06-25 14:00:00,108.96
2024-06-25 15:00:00,122.01
2024-06-25 16:00:00,201.0
2024-06-25 17:00:00,300.0
2024-06-25 18:00:00,236.0
2024-06-25 19:00:00,300.0
2024-06-25 20:00:00,300.0
2024-06-25 21:00:00,122.09
2024-06-25 22:00:00,300.0
2024-06-25 23:00:00,200.0
2024-06-26 00:00:00,108.41
2024-06-26 01:00:00,100.32
2024-06-26 02:00:00,95.32
2024-06-26 03:00:00,95.46
2024-06-26 04:00:00,91.71
2024-06-26 05:00:00,97.73
2024-06-26 06:00:00,109.83
2024-06-26 07:00:00,130.0
2024-06-26 08:00:00,121.1
2024-06-26 09:00:00,101.76
2024-06-26 10:00:00,96.64
2024-06-26 11:00:00,91.29
2024-06-26 12:00:00,82.79
2024-06-26 13:00:00,79.85
2024-06-26 14:00:00,82.82
2024-06-26 15:00:00,90.49
2024-06-26 16:00:00,100.36
2024-06-26 17:00:00,106.48
2024-06-26 18:00:00,154.74
2024-06-26 19:00:00,217.42
2024-06-26 20:00:00,252.56
2024-06-26 21:00:00,171.95
2024-06-26 22:00:00,119.41
2024-06-26 23:00:00,110.0
2024-06-27 00:00:00,96.0
2024-06-27 01:00:00,86.8
2024-06-27 02:00:00,80.6
2024-06-27 03:00:00,81.76
2024-06-27 04:00:00,77.75
2024-06-27 05:00:00,83.87
2024-06-27 06:00:00,115.72
2024-06-27 07:00:00,124.44
2024-06-27 08:00:00,115.0
2024-06-27 09:00:00,89.74
2024-06-27 10:00:00,94.9
2024-06-27 11:00:00,96.21
2024-06-27 12:00:00,97.41
2024-06-27 13:00:00,87.12
2024-06-27 14:00:00,89.91
2024-06-27 15:00:00,100.26
2024-06-27 16:00:00,103.94
2024-06-27 17:00:00,104.57
2024-06-27 18:00:00,124.23
2024-06-27 19:00:00,214.72
2024-06-27 20:00:00,325.2
2024-06-27 21:00:00,246.16
2024-06-27 22:00:00,137.78
2024-06-27 23:00:00,105.12
2024-06-28 00:00:00,102.17
2024-06-28 01:00:00,101.47
2024-06-28 02:00:00,90.98
2024-06-28 03:00:00,78.35
2024-06-28 04:00:00,85.24
2024-06-28 05:00:00,91.41
2024-06-28 06:00:00,119.86
2024-06-28 07:00:00,121.95
2024-06-28 08:00:00,84.36
2024-06-28 09:00:00,61.9
2024-06-28 10:00:00,24.11
2024-06-28 11:00:00,44.03
2024-06-28 12:00:00,63.02
2024-06-28 13:00:00,89.54
2024-06-28 14:00:00,110.2
2024-06-28 15:00:00,106.48
2024-06-28 16:00:00,119.1
2024-06-28 17:00:00,127.48
2024-06-28 18:00:00,117.19
2024-06-28 19:00:00,144.92
2024-06-28 20:00:00,154.44
2024-06-28 21:00:00,142.08
2024-06-28 22:00:00,127.64
2024-06-28 23:00:00,108.87
2024-06-29 00:00:00,115.71
2024-06-29 01:00:00,109.15
2024-06-29 02:00:00,107.54
2024-06-29 03:00:00,107.34
2024-06-29 04:00:00,105.14
2024-06-29 05:00:00,100.88
2024-06-29 06:00:00,93.52
2024-06-29 07:00:00,81.42
2024-06-29 08:00:00,65.34
2024-06-29 09:00:00,29.58
2024-06-29 10:00:00,5.04
2024-06-29 11:00:00,0.03
2024-06-29 12:00:00,-0.03
2024-06-29 13:00:00,-0.1
2024-06-29 14:00:00,-0.14
2024-06-29 15:00:00,0.67
2024-06-29 16:00:00,10.04
2024-06-29 17:00:00,75.95
2024-06-29 18:00:00,115.76
2024-06-29 19:00:00,157.0
2024-06-29 20:00:00,171.55
2024-06-29 21:00:00,160.42
2024-06-29 22:00:00,111.73
2024-06-29 23:00:00,93.61
2024-06-30 00:00:00,75.99
2024-06-30 01:00:00,67.47
2024-06-30 02:00:00,69.42
2024-06-30 03:00:00,70.26
2024-06-30 04:00:00,63.08
2024-06-30 05:00:00,50.54
2024-06-30 06:00:00,47.72
2024-06-30 07:00:00,19.87
2024-06-30 08:00:00,6.83
2024-06-30 09:00:00,0.82
2024-06-30 10:00:00,0.0
2024-06-30 11:00:00,0.0
2024-06-30 12:00:00,-0.01
2024-06-30 13:00:00,-1.48
2024-06-30 14:00:00,-1.07
2024-06-30 15:00:00,0.0
2024-06-30 16:00:00,0.7
2024-06-30 17:00:00,35.89
2024-06-30 18:00:00,79.85
2024-06-30 19:00:00,100.7
2024-06-30 20:00:00,116.64
2024-06-30 21:00:00,113.05
2024-06-30 22:00:00,105.06
2024-06-30 23:00:00,96.19
2024-07-01 00:00:00,95.74
2024-07-01 01:00:00,86.25
2024-07-01 02:00:00,81.41
2024-07-01 03:00:00,82.19
2024-07-01 04:00:00,81.56
2024-07-01 05:00:00,90.0
2024-07-01 06:00:00,135.47
2024-07-01 07:00:00,143.25
2024-07-01 08:00:00,141.22
2024-07-01 09:00:00,113.89
2024-07-01 10:00:00,105.26
2024-07-01 11:00:00,90.28
2024-07-01 12:00:00,89.05
2024-07-01 13:00:00,99.0
2024-07-01 14:00:00,97.82
2024-07-01 15:00:00,126.53
2024-07-01 16:00:00,111.72
2024-07-01 17:00:00,141.01
2024-07-01 18:00:00,199.09
2024-07-01 19:00:00,245.78
2024-07-01 20:00:00,286.41
2024-07-01 21:00:00,236.36
2024-07-01 22:00:00,157.2
2024-07-01 23:00:00,122.86
2024-07-02 00:00:00,89.3
2024-07-02 01:00:00,91.54
2024-07-02 02:00:00,90.18
2024-07-02 03:00:00,81.98
2024-07-02 04:00:00,74.79
2024-07-02 05:00:00,90.09
2024-07-02 06:00:00,110.39
2024-07-02 07:00:00,100.69
2024-07-02 08:00:00,100.9
2024-07-02 09:00:00,86.01
2024-07-02 10:00:00,81.43
2024-07-02 11:00:00,75.36
2024-07-02 12:00:00,74.4
2024-07-02 13:00:00,73.14
2024-07-02 14:00:00,62.21
2024-07-02 15:00:00,62.01
2024-07-02 16:00:00,75.98
2024-07-02 17:00:00,74.35
2024-07-02 18:00:00,82.49
2024-07-02 19:00:00,113.52
2024-07-02 20:00:00,143.88
2024-07-02 21:00:00,113.98
2024-07-02 22:00:00,114.73
2024-07-02 23:00:00,91.04
2024-07-03 00:00:00,80.01
2024-07-03 01:00:00,59.99
2024-07-03 02:00:00,52.44
2024-07-03 03:00:00,54.31
2024-07-03 04:00:00,65.85
2024-07-03 05:00:00,68.91
2024-07-03 06:00:00,104.5
2024-07-03 07:00:00,111.75
2024-07-03 08:00:00,109.26
2024-07-03 09:00:00,89.59
2024-07-03 10:00:00,74.29
2024-07-03 11:00:00,69.81
2024-07-03 12:00:00,74.37
2024-07-03 13:00:00,73.84
2024-07-03 14:00:00,68.42
2024-07-03 15:00:00,59.48
2024-07-03 16:00:00,60.65
2024-07-03 17:00:00,86.5
2024-07-03 18:00:00,134.44
2024-07-03 19:00:00,166.55
2024-07-03 20:00:00,218.62
2024-07-03 21:00:00,156.66
2024-07-03 22:00:00,131.48
2024-07-03 23:00:00,96.02
2024-07-04 00:00:00,96.92
2024-07-04 01:00:00,86.66
2024-07-04 02:00:00,52.88
2024-07-04 03:00:00,51.38
2024-07-04 04:00:00,41.63
2024-07-04 05:00:00,48.73
2024-07-04 06:00:00,92.31
2024-07-04 07:00:00,74.34
2024-07-04 08:00:00,15.25
2024-07-04 09:00:00,9.3
2024-07-04 10:00:00,31.05
2024-07-04 11:00:00,40.31
2024-07-04 12:00:00,31.97
2024-07-04 13:00:00,35.8
2024-07-04 14:00:00,16.7
2024-07-04 15:00:00,32.36
2024-07-04 16:00:00,41.74
2024-07-04 17:00:00,48.47
2024-07-04 18:00:00,82.11
2024-07-04 19:00:00,125.74
2024-07-04 20:00:00,144.25
2024-07-04 21:00:00,132.54
2024-07-04 22:00:00,108.92
2024-07-04 23:00:00,86.89
2024-07-05 00:00:00,-5.5
2024-07-05 01:00:00,-5.0
2024-07-05 02:00:00,-5.33
2024-07-05 03:00:00,-6.46
2024-07-05 04:00:00,-16.5
2024-07-05 05:00:00,-14.02
2024-07-05 06:00:00,9.54
2024-07-05 07:00:00,27.56
2024-07-05 08:00:00,32.39
2024-07-05 09:00:00,18.51
2024-07-05 10:00:00,2.27
2024-07-05 11:00:00,-0.45
2024-07-05 12:00:00,-1.77
2024-07-05 13:00:00,-4.68
2024-07-05 14:00:00,-3.48
2024-07-05 15:00:00,-4.19
2024-07-05 16:00:00,-2.61
2024-07-05 17:00:00,12.0
2024-07-05 18:00:00,80.14
2024-07-05 19:00:00,135.83
2024-07-05 20:00:00,190.08
2024-07-05 21:00:00,158.27
2024-07-05 22:00:00,116.56
2024-07-05 23:00:00,93.34
2024-07-06 00:00:00,103.04
2024-07-06 01:00:00,83.2
2024-07-06 02:00:00,79.04
2024-07-06 03:00:00,62.78
2024-07-06 04:00:00,57.06
2024-07-06 05:00:00,0.55
2024-07-06 06:00:00,0.86
2024-07-06 07:00:00,5.42
2024-07-06 08:00:00,3.43
2024-07-06 09:00:00,0.02
2024-07-06 10:00:00,-5.71
2024-07-06 11:00:00,-19.8
2024-07-06 12:00:00,-27.54
2024-07-06 13:00:00,-19.6
2024-07-06 14:00:00,-9.29
2024-07-06 15:00:00,3.97
2024-07-06 16:00:00,105.77
2024-07-06 17:00:00,0.0
2024-07-06 18:00:00,67.42
2024-07-06 19:00:00,91.19
2024-07-06 20:00:00,100.64
2024-07-06 21:00:00,67.89
2024-07-06 22:00:00,14.68
2024-07-06 23:00:00,0.01
2024-07-07 00:00:00,48.87
2024-07-07 01:00:00,-6.34
2024-07-07 02:00:00,-3.15
2024-07-07 03:00:00,-1.29
2024-07-07 04:00:00,-0.66
2024-07-07 05:00:00,-2.85
2024-07-07 06:00:00,-6.05
2024-07-07 07:00:00,-1.41
2024-07-07 08:00:00,-0.76
2024-07-07 09:00:00,-3.46
2024-07-07 10:00:00,0.0
2024-07-07 11:00:00,3.12
2024-07-07 12:00:00,3.4
2024-07-07 13:00:00,0.89
2024-07-07 14:00:00,-1.23
2024-07-07 15:00:00,13.14
2024-07-07 16:00:00,3.0
2024-07-07 17:00:00,70.71
2024-07-07 18:00:00,114.63
2024-07-07 19:00:00,151.84
2024-07-07 20:00:00,175.86
2024-07-07 21:00:00,175.33
2024-07-07 22:00:00,127.5
2024-07-07 23:00:00,112.28
2024-07-08 00:00:00,88.01
2024-07-08 01:00:00,80.07
2024-07-08 02:00:00,76.87
2024-07-08 03:00:00,77.24
2024-07-08 04:00:00,76.9
2024-07-08 05:00:00,81.3
2024-07-08 06:00:00,128.15
2024-07-08 07:00:00,130.71
2024-07-08 08:00:00,110.23
2024-07-08 09:00:00,85.73
2024-07-08 10:00:00,63.04
2024-07-08 11:00:00,68.73
2024-07-08 12:00:00,72.64
2024-07-08 13:00:00,70.38
2024-07-08 14:00:00,73.8
2024-07-08 15:00:00,94.41
2024-07-08 16:00:00,85.9
2024-07-08 17:00:00,101.67
2024-07-08 18:00:00,166.15
2024-07-08 19:00:00,242.86
2024-07-08 20:00:00,334.49
2024-07-08 21:00:00,321.69
2024-07-08 22:00:00,200.41
2024-07-08 23:00:00,138.39
2024-07-09 00:00:00,134.0
2024-07-09 01:00:00,103.73
2024-07-09 02:00:00,91.12
2024-07-09 03:00:00,87.22
2024-07-09 04:00:00,83.26
2024-07-09 05:00:00,91.48
2024-07-09 06:00:00,106.39
2024-07-09 07:00:00,103.83
2024-07-09 08:00:00,92.6
2024-07-09 09:00:00,66.2
2024-07-09 10:00:00,46.63
2024-07-09 11:00:00,33.71
2024-07-09 12:00:00,21.95
2024-07-09 13:00:00,20.34
2024-07-09 14:00:00,26.4
2024-07-09 15:00:00,70.8
2024-07-09 16:00:00,87.36
2024-07-09 17:00:00,122.04
2024-07-09 18:00:00,177.22
2024-07-09 19:00:00,280.4
2024-07-09 20:00:00,307.53
2024-07-09 21:00:00,197.94
2024-07-09 22:00:00,119.27
2024-07-09 23:00:00,97.33
2024-07-10 00:00:00,62.67
2024-07-10 01:00:00,66.48
2024-07-10 02:00:00,64.8
2024-07-10 03:00:00,61.36
2024-07-10 04:00:00,59.42
2024-07-10 05:00:00,71.79
2024-07-10 06:00:00,95.08
2024-07-10 07:00:00,104.71
2024-07-10 08:00:00,102.0
2024-07-10 09:00:00,84.93
2024-07-10 10:00:00,65.0
2024-07-10 11:00:00,56.46
2024-07-10 12:00:00,88.61
2024-07-10 13:00:00,121.68
2024-07-10 14:00:00,85.8
2024-07-10 15:00:00,70.92
2024-07-10 16:00:00,104.29
2024-07-10 17:00:00,117.88
2024-07-10 18:00:00,214.02
2024-07-10 19:00:00,350.0
2024-07-10 20:00:00,368.72
2024-07-10 21:00:00,302.57
2024-07-10 22:00:00,198.99
2024-07-10 23:00:00,169.62
2024-07-11 00:00:00,118.94
2024-07-11 01:00:00,92.96
2024-07-11 02:00:00,84.36
2024-07-11 03:00:00,94.14
2024-07-11 04:00:00,86.44
2024-07-11 05:00:00,87.6
2024-07-11 06:00:00,132.35
2024-07-11 07:00:00,118.47
2024-07-11 08:00:00,109.32
2024-07-11 09:00:00,90.26
2024-07-11 10:00:00,81.05
2024-07-11 11:00:00,69.32
2024-07-11 12:00:00,80.47
2024-07-11 13:00:00,115.13
2024-07-11 14:00:00,90.88
2024-07-11 15:00:00,87.74
2024-07-11 16:00:00,114.33
2024-07-11 17:00:00,130.58
2024-07-11 18:00:00,310.11
2024-07-11 19:00:00,403.11
2024-07-11 20:00:00,452.64
2024-07-11 21:00:00,395.73
2024-07-11 22:00:00,265.07
2024-07-11 23:00:00,242.1
2024-07-12 00:00:00,151.19
2024-07-12 01:00:00,109.92
2024-07-12 02:00:00,95.12
2024-07-12 03:00:00,91.99
2024-07-12 04:00:00,90.08
2024-07-12 05:00:00,104.0
2024-07-12 06:00:00,136.6
2024-07-12 07:00:00,171.96
2024-07-12 08:00:00,122.25
2024-07-12 09:00:00,99.93
2024-07-12 10:00:00,94.0
2024-07-12 11:00:00,90.23
2024-07-12 12:00:00,87.58
2024-07-12 13:00:00,87.97
2024-07-12 14:00:00,91.46
2024-07-12 15:00:00,128.53
2024-07-12 16:00:00,133.25
2024-07-12 17:00:00,160.09
2024-07-12 18:00:00,257.39
2024-07-12 19:00:00,323.34
2024-07-12 20:00:00,353.42
2024-07-12 21:00:00,301.17
2024-07-12 22:00:00,170.4
2024-07-12 23:00:00,125.0
2024-07-13 00:00:00,17.18
2024-07-13 01:00:00,82.02
2024-07-13 02:00:00,11.11
2024-07-13 03:00:00,32.19
2024-07-13 04:00:00,58.27
2024-07-13 05:00:00,57.39
2024-07-13 06:00:00,54.71
2024-07-13 07:00:00,51.12
2024-07-13 08:00:00,26.6
2024-07-13 09:00:00,20.97
2024-07-13 10:00:00,5.16
2024-07-13 11:00:00,0.18
2024-07-13 12:00:00,0.16
2024-07-13 13:00:00,-4.64
2024-07-13 14:00:00,-13.93
2024-07-13 15:00:00,-2.54
2024-07-13 16:00:00,13.65
2024-07-13 17:00:00,53.48
2024-07-13 18:00:00,141.23
2024-07-13 19:00:00,253.73
2024-07-13 20:00:00,298.84
2024-07-13 21:00:00,304.65
2024-07-13 22:00:00,209.63
2024-07-13 23:00:00,127.08
2024-07-14 00:00:00,106.38
2024-07-14 01:00:00,84.32
2024-07-14 02:00:00,72.06
2024-07-14 03:00:00,61.7
2024-07-14 04:00:00,10.85
2024-07-14 05:00:00,10.47
2024-07-14 06:00:00,11.47
2024-07-14 07:00:00,14.28
2024-07-14 08:00:00,0.29
2024-07-14 09:00:00,-2.16
2024-07-14 10:00:00,-19.75
2024-07-14 11:00:00,-26.0
2024-07-14 12:00:00,-51.82
2024-07-14 13:00:00,-68.87
2024-07-14 14:00:00,-41.46
2024-07-14 15:00:00,-28.31
2024-07-14 16:00:00,9.26
2024-07-14 17:00:00,11.8
2024-07-14 18:00:00,94.11
2024-07-14 19:00:00,193.21
2024-07-14 20:00:00,216.69
2024-07-14 21:00:00,214.47
2024-07-14 22:00:00,138.46
2024-07-14 23:00:00,101.39
2024-07-15 00:00:00,99.47
2024-07-15 01:00:00,80.06
2024-07-15 02:00:00,73.68
2024-07-15 03:00:00,74.53
2024-07-15 04:00:00,79.75
2024-07-15 05:00:00,92.78
2024-07-15 06:00:00,142.09
2024-07-15 07:00:00,154.25
2024-07-15 08:00:00,108.78
2024-07-15 09:00:00,75.13
2024-07-15 10:00:00,59.38
2024-07-15 11:00:00,46.56
2024-07-15 12:00:00,59.88
2024-07-15 13:00:00,71.21
2024-07-15 14:00:00,101.54
2024-07-15 15:00:00,87.68
2024-07-15 16:00:00,94.29
2024-07-15 17:00:00,126.2
2024-07-15 18:00:00,268.93
2024-07-15 19:00:00,370.7
2024-07-15 20:00:00,440.47
2024-07-15 21:00:00,350.55
2024-07-15 22:00:00,220.12
2024-07-15 23:00:00,128.59
2024-07-16 00:00:00,88.66
2024-07-16 01:00:00,73.49
2024-07-16 02:00:00,65.76
2024-07-16 03:00:00,37.98
2024-07-16 04:00:00,16.77
2024-07-16 05:00:00,25.08
2024-07-16 06:00:00,106.91
2024-07-16 07:00:00,123.67
2024-07-16 08:00:00,98.24
2024-07-16 09:00:00,69.33
2024-07-16 10:00:00,56.81
2024-07-16 11:00:00,54.81
2024-07-16 12:00:00,101.78
2024-07-16 13:00:00,111.19
2024-07-16 14:00:00,118.16
2024-07-16 15:00:00,64.01
2024-07-16 16:00:00,59.34
2024-07-16 17:00:00,200.0
2024-07-16 18:00:00,289.51
2024-07-16 19:00:00,203.87
2024-07-16 20:00:00,506.89
2024-07-16 21:00:00,433.75
2024-07-16 22:00:00,208.56
2024-07-16 23:00:00,88.03
2024-07-17 00:00:00,107.32
2024-07-17 01:00:00,90.23
2024-07-17 02:00:00,82.68
2024-07-17 03:00:00,81.47
2024-07-17 04:00:00,78.86
2024-07-17 05:00:00,87.84
2024-07-17 06:00:00,119.89
2024-07-17 07:00:00,116.45
2024-07-17 08:00:00,105.7
2024-07-17 09:00:00,84.49
2024-07-17 10:00:00,70.09
2024-07-17 11:00:00,62.43
2024-07-17 12:00:00,65.08
2024-07-17 13:00:00,65.74
2024-07-17 14:00:00,62.51
2024-07-17 15:00:00,67.21
2024-07-17 16:00:00,63.24
2024-07-17 17:00:00,103.0
2024-07-17 18:00:00,270.19
2024-07-17 19:00:00,414.33
2024-07-17 20:00:00,527.47
2024-07-17 21:00:00,530.83
2024-07-17 22:00:00,265.66
2024-07-17 23:00:00,172.86
2024-07-18 00:00:00,119.7
2024-07-18 01:00:00,94.88
2024-07-18 02:00:00,86.56
2024-07-18 03:00:00,86.12
2024-07-18 04:00:00,84.47
2024-07-18 05:00:00,103.66
2024-07-18 06:00:00,127.13
2024-07-18 07:00:00,120.0
2024-07-18 08:00:00,98.09
2024-07-18 09:00:00,79.03
2024-07-18 10:00:00,60.21
2024-07-18 11:00:00,50.13
2024-07-18 12:00:00,45.66
2024-07-18 13:00:00,44.34
2024-07-18 14:00:00,42.99
2024-07-18 15:00:00,44.21
2024-07-18 16:00:00,40.26
2024-07-18 17:00:00,61.6
2024-07-18 18:00:00,105.88
2024-07-18 19:00:00,464.85
2024-07-18 20:00:00,613.45
2024-07-18 21:00:00,460.9
2024-07-18 22:00:00,274.79
2024-07-18 23:00:00,115.1
2024-07-19 00:00:00,110.12
2024-07-19 01:00:00,94.52
2024-07-19 02:00:00,90.34
2024-07-19 03:00:00,87.06
2024-07-19 04:00:00,86.27
2024-07-19 05:00:00,92.89
2024-07-19 06:00:00,113.26
2024-07-19 07:00:00,109.77
2024-07-19 08:00:00,98.4
2024-07-19 09:00:00,81.43
2024-07-19 10:00:00,72.06
2024-07-19 11:00:00,63.45
2024-07-19 12:00:00,54.56
2024-07-19 13:00:00,59.37
2024-07-19 14:00:00,58.59
2024-07-19 15:00:00,60.21
2024-07-19 16:00:00,69.85
2024-07-19 17:00:00,98.18
2024-07-19 18:00:00,170.13
2024-07-19 19:00:00,465.4
2024-07-19 20:00:00,496.7
2024-07-19 21:00:00,327.67
2024-07-19 22:00:00,132.74
2024-07-19 23:00:00,103.33
2024-07-20 00:00:00,106.52
2024-07-20 01:00:00,105.59
2024-07-20 02:00:00,95.34
2024-07-20 03:00:00,95.39
2024-07-20 04:00:00,98.29
2024-07-20 05:00:00,95.73
2024-07-20 06:00:00,92.57
2024-07-20 07:00:00,85.87
2024-07-20 08:00:00,68.17
2024-07-20 09:00:00,49.7
2024-07-20 10:00:00,38.32
2024-07-20 11:00:00,41.2
2024-07-20 12:00:00,55.31
2024-07-20 13:00:00,42.79
2024-07-20 14:00:00,43.19
2024-07-20 15:00:00,50.31
2024-07-20 16:00:00,55.03
2024-07-20 17:00:00,75.91
2024-07-20 18:00:00,139.19
2024-07-20 19:00:00,216.65
2024-07-20 20:00:00,286.92
2024-07-20 21:00:00,229.64
2024-07-20 22:00:00,133.65
2024-07-20 23:00:00,96.92
2024-07-21 00:00:00,96.96
2024-07-21 01:00:00,99.94
2024-07-21 02:00:00,92.88
2024-07-21 03:00:00,89.47
2024-07-21 04:00:00,90.72
2024-07-21 05:00:00,86.35
2024-07-21 06:00:00,81.0
2024-07-21 07:00:00,63.46
2024-07-21 08:00:00,46.83
2024-07-21 09:00:00,10.97
2024-07-21 10:00:00,1.45
2024-07-21 11:00:00,1.0
2024-07-21 12:00:00,0.86
2024-07-21 13:00:00,1.26
2024-07-21 14:00:00,1.9
2024-07-21 15:00:00,2.92
2024-07-21 16:00:00,18.72
2024-07-21 17:00:00,65.63
2024-07-21 18:00:00,96.04
2024-07-21 19:00:00,133.51
2024-07-21 20:00:00,182.2
2024-07-21 21:00:00,159.12
2024-07-21 22:00:00,120.15
2024-07-21 23:00:00,100.57
2024-07-22 00:00:00,117.02
2024-07-22 01:00:00,98.97
2024-07-22 02:00:00,90.78
2024-07-22 03:00:00,90.49
2024-07-22 04:00:00,89.72
2024-07-22 05:00:00,89.78
2024-07-22 06:00:00,131.52
2024-07-22 07:00:00,122.12
2024-07-22 08:00:00,116.55
2024-07-22 09:00:00,87.96
2024-07-22 10:00:00,71.25
2024-07-22 11:00:00,71.05
2024-07-22 12:00:00,62.91
2024-07-22 13:00:00,61.4
2024-07-22 14:00:00,67.24
2024-07-22 15:00:00,68.55
2024-07-22 16:00:00,57.95
2024-07-22 17:00:00,73.52
2024-07-22 18:00:00,105.78
2024-07-22 19:00:00,59.22
2024-07-22 20:00:00,302.33
2024-07-22 21:00:00,142.09
2024-07-22 22:00:00,130.84
2024-07-22 23:00:00,85.08
2024-07-23 00:00:00,103.76
2024-07-23 01:00:00,91.6
2024-07-23 02:00:00,63.3
2024-07-23 03:00:00,58.46
2024-07-23 04:00:00,59.9
2024-07-23 05:00:00,67.35
2024-07-23 06:00:00,105.67
2024-07-23 07:00:00,121.58
2024-07-23 08:00:00,114.27
2024-07-23 09:00:00,83.98
2024-07-23 10:00:00,66.47
2024-07-23 11:00:00,58.69
2024-07-23 12:00:00,47.4
2024-07-23 13:00:00,49.7
2024-07-23 14:00:00,51.95
2024-07-23 15:00:00,60.89
2024-07-23 16:00:00,81.2
2024-07-23 17:00:00,101.22
2024-07-23 18:00:00,146.4
2024-07-23 19:00:00,212.52
2024-07-23 20:00:00,302.9
2024-07-23 21:00:00,199.0
2024-07-23 22:00:00,131.73
2024-07-23 23:00:00,100.39
2024-07-24 00:00:00,88.63
2024-07-24 01:00:00,80.63
2024-07-24 02:00:00,71.59
2024-07-24 03:00:00,79.65
2024-07-24 04:00:00,76.23
2024-07-24 05:00:00,81.03
2024-07-24 06:00:00,111.81
2024-07-24 07:00:00,125.01
2024-07-24 08:00:00,95.01
2024-07-24 09:00:00,83.91
2024-07-24 10:00:00,66.66
2024-07-24 11:00:00,31.85
2024-07-24 12:00:00,31.73
2024-07-24 13:00:00,13.79
2024-07-24 14:00:00,23.0
2024-07-24 15:00:00,27.42
2024-07-24 16:00:00,4.82
2024-07-24 17:00:00,16.21
2024-07-24 18:00:00,100.71
2024-07-24 19:00:00,108.76
2024-07-24 20:00:00,115.54
2024-07-24 21:00:00,119.86
2024-07-24 22:00:00,118.73
2024-07-24 23:00:00,88.4
2024-07-25 00:00:00,134.42
2024-07-25 01:00:00,107.26
2024-07-25 02:00:00,104.5
2024-07-25 03:00:00,100.2
2024-07-25 04:00:00,101.7
2024-07-25 05:00:00,87.0
2024-07-25 06:00:00,117.7
2024-07-25 07:00:00,200.0
2024-07-25 08:00:00,144.17
2024-07-25 09:00:00,79.74
2024-07-25 10:00:00,55.08
2024-07-25 11:00:00,55.13
2024-07-25 12:00:00,54.59
2024-07-25 13:00:00,78.67
2024-07-25 14:00:00,99.62
2024-07-25 15:00:00,107.42
2024-07-25 16:00:00,155.0
2024-07-25 17:00:00,199.99
2024-07-25 18:00:00,157.81
2024-07-25 19:00:00,82.22
2024-07-25 20:00:00,81.53
2024-07-25 21:00:00,81.27
2024-07-25 22:00:00,81.05
2024-07-25 23:00:00,137.38
2024-07-26 00:00:00,102.06
2024-07-26 01:00:00,73.73
2024-07-26 02:00:00,77.72
2024-07-26 03:00:00,81.23
2024-07-26 04:00:00,79.74
2024-07-26 05:00:00,90.21
2024-07-26 06:00:00,115.56
2024-07-26 07:00:00,115.03
2024-07-26 08:00:00,102.53
2024-07-26 09:00:00,96.1
2024-07-26 10:00:00,89.71
2024-07-26 11:00:00,79.78
2024-07-26 12:00:00,69.68
2024-07-26 13:00:00,62.13
2024-07-26 14:00:00,58.92
2024-07-26 15:00:00,66.74
2024-07-26 16:00:00,71.94
2024-07-26 17:00:00,78.53
2024-07-26 18:00:00,116.74
2024-07-26 19:00:00,132.75
2024-07-26 20:00:00,144.4
2024-07-26 21:00:00,121.77
2024-07-26 22:00:00,101.37
2024-07-26 23:00:00,87.15
2024-07-27 00:00:00,110.0
2024-07-27 01:00:00,101.44
2024-07-27 02:00:00,95.76
2024-07-27 03:00:00,93.13
2024-07-27 04:00:00,91.1
2024-07-27 05:00:00,89.29
2024-07-27 06:00:00,84.94
2024-07-27 07:00:00,79.99
2024-07-27 08:00:00,82.23
2024-07-27 09:00:00,65.07
2024-07-27 10:00:00,60.36
2024-07-27 11:00:00,39.9
2024-07-27 12:00:00,28.0
2024-07-27 13:00:00,17.8
2024-07-27 14:00:00,17.92
2024-07-27 15:00:00,35.58
2024-07-27 16:00:00,75.97
2024-07-27 17:00:00,101.85
2024-07-27 18:00:00,119.71
2024-07-27 19:00:00,152.89
2024-07-27 20:00:00,163.57
2024-07-27 21:00:00,150.61
2024-07-27 22:00:00,120.7
2024-07-27 23:00:00,106.48
2024-07-28 00:00:00,110.68
2024-07-28 01:00:00,96.92
2024-07-28 02:00:00,85.34
2024-07-28 03:00:00,63.52
2024-07-28 04:00:00,63.99
2024-07-28 05:00:00,74.0
2024-07-28 06:00:00,61.03
2024-07-28 07:00:00,69.31
2024-07-28 08:00:00,25.49
2024-07-28 09:00:00,5.05
2024-07-28 10:00:00,0.0
2024-07-28 11:00:00,-0.94
2024-07-28 12:00:00,-3.07
2024-07-28 13:00:00,-18.42
2024-07-28 14:00:00,-68.65
2024-07-28 15:00:00,-29.56
2024-07-28 16:00:00,-10.41
2024-07-28 17:00:00,-2.0
2024-07-28 18:00:00,11.1
2024-07-28 19:00:00,73.94
2024-07-28 20:00:00,94.48
2024-07-28 21:00:00,94.27
2024-07-28 22:00:00,93.34
2024-07-28 23:00:00,71.6
2024-07-29 00:00:00,75.16
2024-07-29 01:00:00,71.89
2024-07-29 02:00:00,68.25
2024-07-29 03:00:00,71.69
2024-07-29 04:00:00,75.17
2024-07-29 05:00:00,95.01
2024-07-29 06:00:00,134.56
2024-07-29 07:00:00,114.81
2024-07-29 08:00:00,97.5
2024-07-29 09:00:00,65.2
2024-07-29 10:00:00,22.2
2024-07-29 11:00:00,18.05
2024-07-29 12:00:00,-0.1
2024-07-29 13:00:00,-1.21
2024-07-29 14:00:00,-7.85
2024-07-29 15:00:00,2.01
2024-07-29 16:00:00,17.38
2024-07-29 17:00:00,59.04
2024-07-29 18:00:00,88.42
2024-07-29 19:00:00,129.29
2024-07-29 20:00:00,167.22
2024-07-29 21:00:00,132.0
2024-07-29 22:00:00,112.73
2024-07-29 23:00:00,90.2
2024-07-30 00:00:00,64.68
2024-07-30 01:00:00,74.04
2024-07-30 02:00:00,76.61
2024-07-30 03:00:00,80.58
2024-07-30 04:00:00,84.75
2024-07-30 05:00:00,97.38
2024-07-30 06:00:00,110.99
2024-07-30 07:00:00,110.31
2024-07-30 08:00:00,96.78
2024-07-30 09:00:00,67.32
2024-07-30 10:00:00,37.52
2024-07-30 11:00:00,7.84
2024-07-30 12:00:00,1.16
2024-07-30 13:00:00,0.14
2024-07-30 14:00:00,2.96
2024-07-30 15:00:00,14.94
2024-07-30 16:00:00,39.66
2024-07-30 17:00:00,80.48
2024-07-30 18:00:00,99.83
2024-07-30 19:00:00,162.02
2024-07-30 20:00:00,219.17
2024-07-30 21:00:00,154.16
2024-07-30 22:00:00,121.27
2024-07-30 23:00:00,99.04
2024-07-31 00:00:00,98.5
2024-07-31 01:00:00,85.94
2024-07-31 02:00:00,83.51
2024-07-31 03:00:00,80.63
2024-07-31 04:00:00,87.32
2024-07-31 05:00:00,96.49
2024-07-31 06:00:00,111.98
2024-07-31 07:00:00,106.67
2024-07-31 08:00:00,95.0
2024-07-31 09:00:00,78.75
2024-07-31 10:00:00,55.89
2024-07-31 11:00:00,33.46
2024-07-31 12:00:00,29.01
2024-07-31 13:00:00,22.48
2024-07-31 14:00:00,27.25
2024-07-31 15:00:00,25.31
2024-07-31 16:00:00,33.9
2024-07-31 17:00:00,77.7
2024-07-31 18:00:00,93.34
2024-07-31 19:00:00,94.8
2024-07-31 20:00:00,173.31
2024-07-31 21:00:00,97.29
2024-07-31 22:00:00,106.68
2024-07-31 23:00:00,96.06
2024-08-01 00:00:00,99.37
2024-08-01 01:00:00,85.39
2024-08-01 02:00:00,81.09
2024-08-01 03:00:00,74.23
2024-08-01 04:00:00,76.34
2024-08-01 05:00:00,96.78
2024-08-01 06:00:00,120.0
2024-08-01 07:00:00,113.82
2024-08-01 08:00:00,105.95
2024-08-01 09:00:00,90.1
2024-08-01 10:00:00,76.95
2024-08-01 11:00:00,67.64
2024-08-01 12:00:00,64.03
2024-08-01 13:00:00,63.28
2024-08-01 14:00:00,72.2
2024-08-01 15:00:00,113.63
2024-08-01 16:00:00,115.15
2024-08-01 17:00:00,81.56
2024-08-01 18:00:00,83.68
2024-08-01 19:00:00,150.8
2024-08-01 20:00:00,186.14
2024-08-01 21:00:00,100.88
2024-08-01 22:00:00,116.71
2024-08-01 23:00:00,102.55
2024-08-02 00:00:00,93.93
2024-08-02 01:00:00,88.3
2024-08-02 02:00:00,85.69
2024-08-02 03:00:00,70.99
2024-08-02 04:00:00,74.94
2024-08-02 05:00:00,85.8
2024-08-02 06:00:00,109.44
2024-08-02 07:00:00,120.23
2024-08-02 08:00:00,112.9
2024-08-02 09:00:00,104.42
2024-08-02 10:00:00,88.41
2024-08-02 11:00:00,76.0
2024-08-02 12:00:00,72.56
2024-08-02 13:00:00,63.73
2024-08-02 14:00:00,61.54
2024-08-02 15:00:00,58.81
2024-08-02 16:00:00,71.11
2024-08-02 17:00:00,155.24
2024-08-02 18:00:00,113.92
2024-08-02 19:00:00,131.8
2024-08-02 20:00:00,165.42
2024-08-02 21:00:00,138.73
2024-08-02 22:00:00,117.27
2024-08-02 23:00:00,102.58
2024-08-03 00:00:00,102.21
2024-08-03 01:00:00,97.8
2024-08-03 02:00:00,89.08
2024-08-03 03:00:00,84.36
2024-08-03 04:00:00,81.57
2024-08-03 05:00:00,89.88
2024-08-03 06:00:00,97.29
2024-08-03 07:00:00,89.82
2024-08-03 08:00:00,79.86
2024-08-03 09:00:00,62.43
2024-08-03 10:00:00,32.44
2024-08-03 11:00:00,20.36
2024-08-03 12:00:00,14.66
2024-08-03 13:00:00,6.41
2024-08-03 14:00:00,3.46
2024-08-03 15:00:00,7.55
2024-08-03 16:00:00,25.74
2024-08-03 17:00:00,43.71
2024-08-03 18:00:00,100.29
2024-08-03 19:00:00,103.21
2024-08-03 20:00:00,126.06
2024-08-03 21:00:00,108.08
2024-08-03 22:00:00,104.62
2024-08-03 23:00:00,88.08
2024-08-04 00:00:00,104.79
2024-08-04 01:00:00,96.43
2024-08-04 02:00:00,92.01
2024-08-04 03:00:00,86.62
2024-08-04 04:00:00,84.05
2024-08-04 05:00:00,77.86
2024-08-04 06:00:00,72.72
2024-08-04 07:00:00,68.92
2024-08-04 08:00:00,64.62
2024-08-04 09:00:00,28.51
2024-08-04 10:00:00,8.05
2024-08-04 11:00:00,2.05
2024-08-04 12:00:00,0.06
2024-08-04 13:00:00,-0.04
2024-08-04 14:00:00,-1.9
2024-08-04 15:00:00,-0.03
2024-08-04 16:00:00,0.01
2024-08-04 17:00:00,-5.96
2024-08-04 18:00:00,47.01
2024-08-04 19:00:00,78.54
2024-08-04 20:00:00,93.34
2024-08-04 21:00:00,91.9
2024-08-04 22:00:00,100.5
2024-08-04 23:00:00,102.61
2024-08-05 00:00:00,99.1
2024-08-05 01:00:00,82.13
2024-08-05 02:00:00,78.78
2024-08-05 03:00:00,81.76
2024-08-05 04:00:00,80.5
2024-08-05 05:00:00,85.09
2024-08-05 06:00:00,118.31
2024-08-05 07:00:00,129.94
2024-08-05 08:00:00,115.41
2024-08-05 09:00:00,104.17
2024-08-05 10:00:00,85.1
2024-08-05 11:00:00,87.46
2024-08-05 12:00:00,94.42
2024-08-05 13:00:00,99.89
2024-08-05 14:00:00,107.79
2024-08-05 15:00:00,103.45
2024-08-05 16:00:00,126.64
2024-08-05 17:00:00,101.64
2024-08-05 18:00:00,120.71
2024-08-05 19:00:00,168.69
2024-08-05 20:00:00,281.17
2024-08-05 21:00:00,191.39
2024-08-05 22:00:00,131.62
2024-08-05 23:00:00,109.42
2024-08-06 00:00:00,104.33
2024-08-06 01:00:00,97.07
2024-08-06 02:00:00,90.7
2024-08-06 03:00:00,86.81
2024-08-06 04:00:00,87.37
2024-08-06 05:00:00,97.39
2024-08-06 06:00:00,126.35
2024-08-06 07:00:00,127.55
2024-08-06 08:00:00,85.33
2024-08-06 09:00:00,74.5
2024-08-06 10:00:00,35.28
2024-08-06 11:00:00,24.38
2024-08-06 12:00:00,14.49
2024-08-06 13:00:00,0.41
2024-08-06 14:00:00,1.69
2024-08-06 15:00:00,19.88
2024-08-06 16:00:00,42.71
2024-08-06 17:00:00,80.69
2024-08-06 18:00:00,136.68
2024-08-06 19:00:00,173.43
2024-08-06 20:00:00,228.42
2024-08-06 21:00:00,169.93
2024-08-06 22:00:00,126.47
2024-08-06 23:00:00,100.62
2024-08-07 00:00:00,92.42
2024-08-07 01:00:00,84.28
2024-08-07 02:00:00,80.42
2024-08-07 03:00:00,84.69
2024-08-07 04:00:00,87.94
2024-08-07 05:00:00,106.13
2024-08-07 06:00:00,128.07
2024-08-07 07:00:00,129.99
2024-08-07 08:00:00,110.43
2024-08-07 09:00:00,89.96
2024-08-07 10:00:00,74.37
2024-08-07 11:00:00,62.87
2024-08-07 12:00:00,42.44
2024-08-07 13:00:00,33.86
2024-08-07 14:00:00,49.01
2024-08-07 15:00:00,66.35
2024-08-07 16:00:00,81.36
2024-08-07 17:00:00,108.89
2024-08-07 18:00:00,152.25
2024-08-07 19:00:00,198.51
2024-08-07 20:00:00,237.52
2024-08-07 21:00:00,175.91
2024-08-07 22:00:00,137.74
2024-08-07 23:00:00,104.74
2024-08-08 00:00:00,96.34
2024-08-08 01:00:00,87.64
2024-08-08 02:00:00,87.53
2024-08-08 03:00:00,88.01
2024-08-08 04:00:00,88.14
2024-08-08 05:00:00,95.51
2024-08-08 06:00:00,115.95
2024-08-08 07:00:00,125.92
2024-08-08 08:00:00,115.35
2024-08-08 09:00:00,107.87
2024-08-08 10:00:00,88.2
2024-08-08 11:00:00,72.45
2024-08-08 12:00:00,57.43
2024-08-08 13:00:00,59.55
2024-08-08 14:00:00,62.47
2024-08-08 15:00:00,78.61
2024-08-08 16:00:00,94.47
2024-08-08 17:00:00,109.13
2024-08-08 18:00:00,115.43
2024-08-08 19:00:00,146.44
2024-08-08 20:00:00,197.72
2024-08-08 21:00:00,140.33
2024-08-08 22:00:00,116.24
2024-08-08 23:00:00,93.22
2024-08-09 00:00:00,102.09
2024-08-09 01:00:00,83.57
2024-08-09 02:00:00,68.14
2024-08-09 03:00:00,69.4
2024-08-09 04:00:00,74.14
2024-08-09 05:00:00,80.92
2024-08-09 06:00:00,112.81
2024-08-09 07:00:00,99.19
2024-08-09 08:00:00,74.5
2024-08-09 09:00:00,35.76
2024-08-09 10:00:00,14.41
2024-08-09 11:00:00,6.74
2024-08-09 12:00:00,5.73
2024-08-09 13:00:00,9.12
2024-08-09 14:00:00,13.17
2024-08-09 15:00:00,44.86
2024-08-09 16:00:00,63.04
2024-08-09 17:00:00,62.77
2024-08-09 18:00:00,95.75
2024-08-09 19:00:00,169.0
2024-08-09 20:00:00,154.05
2024-08-09 21:00:00,145.88
2024-08-09 22:00:00,107.59
2024-08-09 23:00:00,85.5
2024-08-10 00:00:00,59.54
2024-08-10 01:00:00,86.19
2024-08-10 02:00:00,86.51
2024-08-10 03:00:00,84.74
2024-08-10 04:00:00,85.19
2024-08-10 05:00:00,88.06
2024-08-10 06:00:00,90.44
2024-08-10 07:00:00,77.39
2024-08-10 08:00:00,31.95
2024-08-10 09:00:00,-0.44
2024-08-10 10:00:00,-3.55
2024-08-10 11:00:00,-13.51
2024-08-10 12:00:00,-24.35
2024-08-10 13:00:00,-15.58
2024-08-10 14:00:00,6.0
2024-08-10 15:00:00,6.0
2024-08-10 16:00:00,3.0
2024-08-10 17:00:00,-3.48
2024-08-10 18:00:00,26.42
2024-08-10 19:00:00,115.25
2024-08-10 20:00:00,140.34
2024-08-10 21:00:00,121.63
2024-08-10 22:00:00,121.7
2024-08-10 23:00:00,107.56
2024-08-11 00:00:00,108.28
2024-08-11 01:00:00,107.43
2024-08-11 02:00:00,103.01
2024-08-11 03:00:00,97.64
2024-08-11 04:00:00,100.29
2024-08-11 05:00:00,97.45
2024-08-11 06:00:00,98.26
2024-08-11 07:00:00,70.91
2024-08-11 08:00:00,27.58
2024-08-11 09:00:00,0.0
2024-08-11 10:00:00,-5.39
2024-08-11 11:00:00,-16.21
2024-08-11 12:00:00,-34.6
2024-08-11 13:00:00,-64.47
2024-08-11 14:00:00,-44.4
2024-08-11 15:00:00,-14.69
2024-08-11 16:00:00,1.0
2024-08-11 17:00:00,0.59
2024-08-11 18:00:00,75.88
2024-08-11 19:00:00,107.9
2024-08-11 20:00:00,119.39
2024-08-11 21:00:00,115.77
2024-08-11 22:00:00,107.66
2024-08-11 23:00:00,94.39
2024-08-12 00:00:00,99.33
2024-08-12 01:00:00,93.78
2024-08-12 02:00:00,85.3
2024-08-12 03:00:00,88.13
2024-08-12 04:00:00,93.06
2024-08-12 05:00:00,114.54
2024-08-12 06:00:00,146.39
2024-08-12 07:00:00,142.23
2024-08-12 08:00:00,111.67
2024-08-12 09:00:00,70.75
2024-08-12 10:00:00,40.12
2024-08-12 11:00:00,16.04
2024-08-12 12:00:00,20.23
2024-08-12 13:00:00,22.53
2024-08-12 14:00:00,53.49
2024-08-12 15:00:00,65.47
2024-08-12 16:00:00,109.62
2024-08-12 17:00:00,94.85
2024-08-12 18:00:00,152.76
2024-08-12 19:00:00,198.98
2024-08-12 20:00:00,225.74
2024-08-12 21:00:00,117.71
2024-08-12 22:00:00,111.06
2024-08-12 23:00:00,101.6
2024-08-13 00:00:00,106.95
2024-08-13 01:00:00,93.22
2024-08-13 02:00:00,87.59
2024-08-13 03:00:00,84.89
2024-08-13 04:00:00,87.07
2024-08-13 05:00:00,96.29
2024-08-13 06:00:00,127.59
2024-08-13 07:00:00,134.23
2024-08-13 08:00:00,117.89
2024-08-13 09:00:00,104.75
2024-08-13 10:00:00,99.37
2024-08-13 11:00:00,94.96
2024-08-13 12:00:00,97.02
2024-08-13 13:00:00,95.1
2024-08-13 14:00:00,99.56
2024-08-13 15:00:00,111.25
2024-08-13 16:00:00,140.09
2024-08-13 17:00:00,89.62
2024-08-13 18:00:00,163.01
2024-08-13 19:00:00,205.9
2024-08-13 20:00:00,207.66
2024-08-13 21:00:00,101.07
2024-08-13 22:00:00,101.04
2024-08-13 23:00:00,95.84
2024-08-14 00:00:00,86.03
2024-08-14 01:00:00,83.52
2024-08-14 02:00:00,82.98
2024-08-14 03:00:00,87.5
2024-08-14 04:00:00,91.26
2024-08-14 05:00:00,104.87
2024-08-14 06:00:00,126.8
2024-08-14 07:00:00,133.4
2024-08-14 08:00:00,120.24
2024-08-14 09:00:00,107.57
2024-08-14 10:00:00,82.67
2024-08-14 11:00:00,77.54
2024-08-14 12:00:00,77.32
2024-08-14 13:00:00,85.29
2024-08-14 14:00:00,91.34
2024-08-14 15:00:00,101.83
2024-08-14 16:00:00,116.33
2024-08-14 17:00:00,121.07
2024-08-14 18:00:00,179.74
2024-08-14 19:00:00,263.92
2024-08-14 20:00:00,241.95
2024-08-14 21:00:00,139.75
2024-08-14 22:00:00,116.16
2024-08-14 23:00:00,107.03
2024-08-15 00:00:00,107.2
2024-08-15 01:00:00,113.86
2024-08-15 02:00:00,114.48
2024-08-15 03:00:00,91.07
2024-08-15 04:00:00,91.62
2024-08-15 05:00:00,110.2
2024-08-15 06:00:00,127.49
2024-08-15 07:00:00,122.69
2024-08-15 08:00:00,115.24
2024-08-15 09:00:00,87.75
2024-08-15 10:00:00,76.37
2024-08-15 11:00:00,22.85
2024-08-15 12:00:00,14.55
2024-08-15 13:00:00,12.63
2024-08-15 14:00:00,14.13
2024-08-15 15:00:00,63.96
2024-08-15 16:00:00,106.19
2024-08-15 17:00:00,155.95
2024-08-15 18:00:00,154.04
2024-08-15 19:00:00,182.71
2024-08-15 20:00:00,236.88
2024-08-15 21:00:00,174.19
2024-08-15 22:00:00,155.86
2024-08-15 23:00:00,114.41
2024-08-16 00:00:00,114.59
2024-08-16 01:00:00,99.9
2024-08-16 02:00:00,97.83
2024-08-16 03:00:00,98.01
2024-08-16 04:00:00,97.45
2024-08-16 05:00:00,107.67
2024-08-16 06:00:00,124.25
2024-08-16 07:00:00,131.14
2024-08-16 08:00:00,122.53
2024-08-16 09:00:00,98.95
2024-08-16 10:00:00,75.24
2024-08-16 11:00:00,63.15
2024-08-16 12:00:00,73.04
2024-08-16 13:00:00,89.84
2024-08-16 14:00:00,96.5
2024-08-16 15:00:00,109.06
2024-08-16 16:00:00,154.49
2024-08-16 17:00:00,196.42
2024-08-16 18:00:00,238.25
2024-08-16 19:00:00,308.79
2024-08-16 20:00:00,357.1
2024-08-16 21:00:00,236.69
2024-08-16 22:00:00,163.5
2024-08-16 23:00:00,121.95
2024-08-17 00:00:00,126.91
2024-08-17 01:00:00,110.07
2024-08-17 02:00:00,102.41
2024-08-17 03:00:00,107.32
2024-08-17 04:00:00,111.68
2024-08-17 05:00:00,109.1
2024-08-17 06:00:00,104.75
2024-08-17 07:00:00,102.07
2024-08-17 08:00:00,102.18
2024-08-17 09:00:00,83.28
2024-08-17 10:00:00,69.5
2024-08-17 11:00:00,58.34
2024-08-17 12:00:00,48.4
2024-08-17 13:00:00,46.18
2024-08-17 14:00:00,62.13
2024-08-17 15:00:00,71.43
2024-08-17 16:00:00,78.65
2024-08-17 17:00:00,136.55
2024-08-17 18:00:00,132.13
2024-08-17 19:00:00,164.98
2024-08-17 20:00:00,199.77
2024-08-17 21:00:00,148.4
2024-08-17 22:00:00,119.77
2024-08-17 23:00:00,107.82
2024-08-18 00:00:00,111.93
2024-08-18 01:00:00,110.87
2024-08-18 02:00:00,104.32
2024-08-18 03:00:00,103.93
2024-08-18 04:00:00,102.33
2024-08-18 05:00:00,102.32
2024-08-18 06:00:00,97.14
2024-08-18 07:00:00,92.74
2024-08-18 08:00:00,86.48
2024-08-18 09:00:00,79.57
2024-08-18 10:00:00,66.85
2024-08-18 11:00:00,65.28
2024-08-18 12:00:00,60.7
2024-08-18 13:00:00,31.0
2024-08-18 14:00:00,15.95
2024-08-18 15:00:00,47.65
2024-08-18 16:00:00,135.22
2024-08-18 17:00:00,110.9
2024-08-18 18:00:00,150.74
2024-08-18 19:00:00,121.8
2024-08-18 20:00:00,138.9
2024-08-18 21:00:00,120.84
2024-08-18 22:00:00,139.29
2024-08-18 23:00:00,123.73
2024-08-19 00:00:00,113.06
2024-08-19 01:00:00,101.5
2024-08-19 02:00:00,92.02
2024-08-19 03:00:00,84.86
2024-08-19 04:00:00,86.89
2024-08-19 05:00:00,92.11
2024-08-19 06:00:00,130.71
2024-08-19 07:00:00,152.21
2024-08-19 08:00:00,129.0
2024-08-19 09:00:00,112.58
2024-08-19 10:00:00,96.19
2024-08-19 11:00:00,89.54
2024-08-19 12:00:00,91.24
2024-08-19 13:00:00,81.29
2024-08-19 14:00:00,81.98
2024-08-19 15:00:00,102.74
2024-08-19 16:00:00,151.15
2024-08-19 17:00:00,189.47
2024-08-19 18:00:00,302.6
2024-08-19 19:00:00,366.21
2024-08-19 20:00:00,395.21
2024-08-19 21:00:00,224.84
2024-08-19 22:00:00,145.71
2024-08-19 23:00:00,111.47
2024-08-20 00:00:00,128.0
2024-08-20 01:00:00,106.59
2024-08-20 02:00:00,100.27
2024-08-20 03:00:00,98.18
2024-08-20 04:00:00,91.62
2024-08-20 05:00:00,99.2
2024-08-20 06:00:00,130.33
2024-08-20 07:00:00,130.61
2024-08-20 08:00:00,121.36
2024-08-20 09:00:00,101.73
2024-08-20 10:00:00,92.22
2024-08-20 11:00:00,80.31
2024-08-20 12:00:00,70.9
2024-08-20 13:00:00,77.46
2024-08-20 14:00:00,82.67
2024-08-20 15:00:00,120.0
2024-08-20 16:00:00,105.9
2024-08-20 17:00:00,136.22
2024-08-20 18:00:00,173.64
2024-08-20 19:00:00,254.13
2024-08-20 20:00:00,305.0
2024-08-20 21:00:00,164.9
2024-08-20 22:00:00,140.84
2024-08-20 23:00:00,130.81
2024-08-21 00:00:00,147.26
2024-08-21 01:00:00,133.88
2024-08-21 02:00:00,131.52
2024-08-21 03:00:00,130.87
2024-08-21 04:00:00,130.74
2024-08-21 05:00:00,133.57
2024-08-21 06:00:00,118.12
2024-08-21 07:00:00,115.73
2024-08-21 08:00:00,109.22
2024-08-21 09:00:00,120.0
2024-08-21 10:00:00,128.76
2024-08-21 11:00:00,129.95
2024-08-21 12:00:00,132.69
2024-08-21 13:00:00,144.74
2024-08-21 14:00:00,150.0
2024-08-21 15:00:00,184.0
2024-08-21 16:00:00,186.03
2024-08-21 17:00:00,216.16
2024-08-21 18:00:00,190.73
2024-08-21 19:00:00,167.59
2024-08-21 20:00:00,174.75
2024-08-21 21:00:00,140.52
2024-08-21 22:00:00,108.85
2024-08-21 23:00:00,92.8
2024-08-22 00:00:00,122.26
2024-08-22 01:00:00,109.34
2024-08-22 02:00:00,88.75
2024-08-22 03:00:00,92.41
2024-08-22 04:00:00,91.09
2024-08-22 05:00:00,120.07
2024-08-22 06:00:00,128.61
2024-08-22 07:00:00,130.59
2024-08-22 08:00:00,115.2
2024-08-22 09:00:00,87.38
2024-08-22 10:00:00,60.35
2024-08-22 11:00:00,64.84
2024-08-22 12:00:00,74.87
2024-08-22 13:00:00,79.1
2024-08-22 14:00:00,102.42
2024-08-22 15:00:00,98.08
2024-08-22 16:00:00,115.16
2024-08-22 17:00:00,152.04
2024-08-22 18:00:00,151.52
2024-08-22 19:00:00,195.98
2024-08-22 20:00:00,212.37
2024-08-22 21:00:00,149.69
2024-08-22 22:00:00,126.37
2024-08-22 23:00:00,129.46
2024-08-23 00:00:00,139.56
2024-08-23 01:00:00,128.98
2024-08-23 02:00:00,129.45
2024-08-23 03:00:00,134.54
2024-08-23 04:00:00,138.65
2024-08-23 05:00:00,132.53
2024-08-23 06:00:00,144.28
2024-08-23 07:00:00,134.55
2024-08-23 08:00:00,109.87
2024-08-23 09:00:00,86.45
2024-08-23 10:00:00,63.64
2024-08-23 11:00:00,47.1
2024-08-23 12:00:00,58.69
2024-08-23 13:00:00,63.7
2024-08-23 14:00:00,91.99
2024-08-23 15:00:00,99.63
2024-08-23 16:00:00,147.86
2024-08-23 17:00:00,180.82
2024-08-23 18:00:00,176.85
2024-08-23 19:00:00,202.37
2024-08-23 20:00:00,160.71
2024-08-23 21:00:00,157.69
2024-08-23 22:00:00,133.6
2024-08-23 23:00:00,153.24
2024-08-24 00:00:00,118.88
2024-08-24 01:00:00,117.24
2024-08-24 02:00:00,102.96
2024-08-24 03:00:00,103.05
2024-08-24 04:00:00,106.56
2024-08-24 05:00:00,108.61
2024-08-24 06:00:00,112.34
2024-08-24 07:00:00,101.16
2024-08-24 08:00:00,75.51
2024-08-24 09:00:00,15.0
2024-08-24 10:00:00,-0.25
2024-08-24 11:00:00,-7.73
2024-08-24 12:00:00,-20.01
2024-08-24 13:00:00,-15.01
2024-08-24 14:00:00,-2.11
2024-08-24 15:00:00,73.63
2024-08-24 16:00:00,112.81
2024-08-24 17:00:00,144.41
2024-08-24 18:00:00,180.59
2024-08-24 19:00:00,200.56
2024-08-24 20:00:00,185.58
2024-08-24 21:00:00,143.09
2024-08-24 22:00:00,135.15
2024-08-24 23:00:00,132.85
2024-08-25 00:00:00,137.84
2024-08-25 01:00:00,92.48
2024-08-25 02:00:00,43.49
2024-08-25 03:00:00,33.25
2024-08-25 04:00:00,42.02
2024-08-25 05:00:00,44.56
2024-08-25 06:00:00,44.14
2024-08-25 07:00:00,1.12
2024-08-25 08:00:00,5.26
2024-08-25 09:00:00,0.25
2024-08-25 10:00:00,1.36
2024-08-25 11:00:00,6.76
2024-08-25 12:00:00,6.02
2024-08-25 13:00:00,2.77
2024-08-25 14:00:00,2.05
2024-08-25 15:00:00,0.72
2024-08-25 16:00:00,65.83
2024-08-25 17:00:00,76.58
2024-08-25 18:00:00,101.9
2024-08-25 19:00:00,161.0
2024-08-25 20:00:00,200.71
2024-08-25 21:00:00,170.24
2024-08-25 22:00:00,147.23
2024-08-25 23:00:00,109.79
2024-08-26 00:00:00,104.37
2024-08-26 01:00:00,93.56
2024-08-26 02:00:00,86.35
2024-08-26 03:00:00,85.12
2024-08-26 04:00:00,87.44
2024-08-26 05:00:00,91.57
2024-08-26 06:00:00,127.94
2024-08-26 07:00:00,149.07
2024-08-26 08:00:00,127.08
2024-08-26 09:00:00,107.22
2024-08-26 10:00:00,84.0
2024-08-26 11:00:00,86.2
2024-08-26 12:00:00,91.58
2024-08-26 13:00:00,93.82
2024-08-26 14:00:00,96.07
2024-08-26 15:00:00,127.75
2024-08-26 16:00:00,142.23
2024-08-26 17:00:00,130.72
2024-08-26 18:00:00,193.73
2024-08-26 19:00:00,316.85
2024-08-26 20:00:00,354.92
2024-08-26 21:00:00,172.2
2024-08-26 22:00:00,123.63
2024-08-26 23:00:00,110.44
2024-08-27 00:00:00,111.46
2024-08-27 01:00:00,103.62
2024-08-27 02:00:00,101.57
2024-08-27 03:00:00,98.79
2024-08-27 04:00:00,99.11
2024-08-27 05:00:00,115.3
2024-08-27 06:00:00,136.29
2024-08-27 07:00:00,147.81
2024-08-27 08:00:00,115.07
2024-08-27 09:00:00,89.48
2024-08-27 10:00:00,73.57
2024-08-27 11:00:00,66.17
2024-08-27 12:00:00,78.74
2024-08-27 13:00:00,93.05
2024-08-27 14:00:00,104.11
2024-08-27 15:00:00,113.72
2024-08-27 16:00:00,116.84
2024-08-27 17:00:00,162.73
2024-08-27 18:00:00,196.15
2024-08-27 19:00:00,326.78
2024-08-27 20:00:00,320.4
2024-08-27 21:00:00,146.18
2024-08-27 22:00:00,141.12
2024-08-27 23:00:00,134.0
2024-08-28 00:00:00,139.56
2024-08-28 01:00:00,122.23
2024-08-28 02:00:00,118.57
2024-08-28 03:00:00,112.34
2024-08-28 04:00:00,116.42
2024-08-28 05:00:00,110.43
2024-08-28 06:00:00,123.22
2024-08-28 07:00:00,130.36
2024-08-28 08:00:00,126.15
2024-08-28 09:00:00,111.62
2024-08-28 10:00:00,117.06
2024-08-28 11:00:00,114.03
2024-08-28 12:00:00,110.97
2024-08-28 13:00:00,105.35
2024-08-28 14:00:00,121.67
2024-08-28 15:00:00,128.05
2024-08-28 16:00:00,140.84
2024-08-28 17:00:00,176.71
2024-08-28 18:00:00,386.91
2024-08-28 19:00:00,461.0
2024-08-28 20:00:00,359.46
2024-08-28 21:00:00,164.35
2024-08-28 22:00:00,161.24
2024-08-28 23:00:00,160.83
2024-08-29 00:00:00,129.17
2024-08-29 01:00:00,112.91
2024-08-29 02:00:00,118.26
2024-08-29 03:00:00,116.23
2024-08-29 04:00:00,117.57
2024-08-29 05:00:00,102.39
2024-08-29 06:00:00,127.1
2024-08-29 07:00:00,134.55
2024-08-29 08:00:00,126.24
2024-08-29 09:00:00,109.09
2024-08-29 10:00:00,90.89
2024-08-29 11:00:00,85.01
2024-08-29 12:00:00,86.41
2024-08-29 13:00:00,106.73
2024-08-29 14:00:00,102.42
2024-08-29 15:00:00,90.45
2024-08-29 16:00:00,116.86
2024-08-29 17:00:00,185.74
2024-08-29 18:00:00,406.99
2024-08-29 19:00:00,493.02
2024-08-29 20:00:00,427.79
2024-08-29 21:00:00,182.93
2024-08-29 22:00:00,130.68
2024-08-29 23:00:00,115.33
2024-08-30 00:00:00,110.36
2024-08-30 01:00:00,102.82
2024-08-30 02:00:00,95.62
2024-08-30 03:00:00,93.75
2024-08-30 04:00:00,99.99
2024-08-30 05:00:00,115.2
2024-08-30 06:00:00,142.26
2024-08-30 07:00:00,154.53
2024-08-30 08:00:00,134.07
2024-08-30 09:00:00,113.7
2024-08-30 10:00:00,100.0
2024-08-30 11:00:00,91.31
2024-08-30 12:00:00,95.55
2024-08-30 13:00:00,94.69
2024-08-30 14:00:00,94.52
2024-08-30 15:00:00,113.1
2024-08-30 16:00:00,124.11
2024-08-30 17:00:00,152.56
2024-08-30 18:00:00,291.21
2024-08-30 19:00:00,405.9
2024-08-30 20:00:00,271.35
2024-08-30 21:00:00,156.97
2024-08-30 22:00:00,116.97
2024-08-30 23:00:00,108.2
2024-08-31 00:00:00,109.58
2024-08-31 01:00:00,107.98
2024-08-31 02:00:00,102.46
2024-08-31 03:00:00,99.57
2024-08-31 04:00:00,97.4
2024-08-31 05:00:00,98.78
2024-08-31 06:00:00,115.22
2024-08-31 07:00:00,115.68
2024-08-31 08:00:00,110.48
2024-08-31 09:00:00,84.92
2024-08-31 10:00:00,60.13
2024-08-31 11:00:00,18.34
2024-08-31 12:00:00,3.48
2024-08-31 13:00:00,0.78
2024-08-31 14:00:00,30.27
2024-08-31 15:00:00,70.66
2024-08-31 16:00:00,95.77
2024-08-31 17:00:00,112.32
2024-08-31 18:00:00,151.82
2024-08-31 19:00:00,172.82
2024-08-31 20:00:00,162.3
2024-08-31 21:00:00,140.21
2024-08-31 22:00:00,128.34
2024-08-31 23:00:00,111.97
2024-09-01 00:00:00,96.74
2024-09-01 01:00:00,86.03
2024-09-01 02:00:00,80.37
2024-09-01 03:00:00,80.51
2024-09-01 04:00:00,81.13
2024-09-01 05:00:00,80.08
2024-09-01 06:00:00,82.02
2024-09-01 07:00:00,80.39
2024-09-01 08:00:00,62.88
2024-09-01 09:00:00,41.27
2024-09-01 10:00:00,12.73
2024-09-01 11:00:00,8.28
2024-09-01 12:00:00,9.3
2024-09-01 13:00:00,7.59
2024-09-01 14:00:00,13.61
2024-09-01 15:00:00,64.38
2024-09-01 16:00:00,87.59
2024-09-01 17:00:00,128.09
2024-09-01 18:00:00,136.37
2024-09-01 19:00:00,171.89
2024-09-01 20:00:00,163.76
2024-09-01 21:00:00,120.32
2024-09-01 22:00:00,124.27
2024-09-01 23:00:00,112.89
2024-09-02 00:00:00,111.24
2024-09-02 01:00:00,99.52
2024-09-02 02:00:00,94.57
2024-09-02 03:00:00,94.25
2024-09-02 04:00:00,98.8
2024-09-02 05:00:00,113.04
2024-09-02 06:00:00,170.08
2024-09-02 07:00:00,189.29
2024-09-02 08:00:00,158.44
2024-09-02 09:00:00,122.64
2024-09-02 10:00:00,102.83
2024-09-02 11:00:00,93.6
2024-09-02 12:00:00,95.38
2024-09-02 13:00:00,98.07
2024-09-02 14:00:00,105.27
2024-09-02 15:00:00,150.1
2024-09-02 16:00:00,175.14
2024-09-02 17:00:00,264.67
2024-09-02 18:00:00,500.0
2024-09-02 19:00:00,563.41
2024-09-02 20:00:00,398.02
2024-09-02 21:00:00,203.5
2024-09-02 22:00:00,178.7
2024-09-02 23:00:00,102.23
2024-09-03 00:00:00,106.6
2024-09-03 01:00:00,102.49
2024-09-03 02:00:00,95.77
2024-09-03 03:00:00,95.62
2024-09-03 04:00:00,97.76
2024-09-03 05:00:00,107.16
2024-09-03 06:00:00,141.02
2024-09-03 07:00:00,162.82
2024-09-03 08:00:00,133.95
2024-09-03 09:00:00,115.98
2024-09-03 10:00:00,98.88
2024-09-03 11:00:00,90.02
2024-09-03 12:00:00,87.41
2024-09-03 13:00:00,87.79
2024-09-03 14:00:00,91.1
2024-09-03 15:00:00,96.5
2024-09-03 16:00:00,130.61
2024-09-03 17:00:00,210.2
2024-09-03 18:00:00,425.1
2024-09-03 19:00:00,736.3
2024-09-03 20:00:00,622.58
2024-09-03 21:00:00,243.1
2024-09-03 22:00:00,121.26
2024-09-03 23:00:00,124.56
2024-09-04 00:00:00,104.95
2024-09-04 01:00:00,99.62
2024-09-04 02:00:00,102.87
2024-09-04 03:00:00,100.84
2024-09-04 04:00:00,100.9
2024-09-04 05:00:00,110.12
2024-09-04 06:00:00,148.54
2024-09-04 07:00:00,178.81
2024-09-04 08:00:00,152.18
2024-09-04 09:00:00,124.86
2024-09-04 10:00:00,107.21
2024-09-04 11:00:00,91.84
2024-09-04 12:00:00,92.76
2024-09-04 13:00:00,90.12
2024-09-04 14:00:00,103.54
2024-09-04 15:00:00,100.33
2024-09-04 16:00:00,146.09
2024-09-04 17:00:00,162.42
2024-09-04 18:00:00,333.9
2024-09-04 19:00:00,549.77
2024-09-04 20:00:00,273.77
2024-09-04 21:00:00,157.35
2024-09-04 22:00:00,171.03
2024-09-04 23:00:00,141.25
2024-09-05 00:00:00,101.27
2024-09-05 01:00:00,94.6
2024-09-05 02:00:00,90.0
2024-09-05 03:00:00,87.11
2024-09-05 04:00:00,87.96
2024-09-05 05:00:00,95.37
2024-09-05 06:00:00,126.42
2024-09-05 07:00:00,132.66
2024-09-05 08:00:00,119.04
2024-09-05 09:00:00,97.68
2024-09-05 10:00:00,70.0
2024-09-05 11:00:00,69.03
2024-09-05 12:00:00,66.5
2024-09-05 13:00:00,75.44
2024-09-05 14:00:00,82.06
2024-09-05 15:00:00,85.83
2024-09-05 16:00:00,98.37
2024-09-05 17:00:00,126.46
2024-09-05 18:00:00,184.0
2024-09-05 19:00:00,306.76
2024-09-05 20:00:00,174.86
2024-09-05 21:00:00,172.61
2024-09-05 22:00:00,154.6
2024-09-05 23:00:00,141.27
2024-09-06 00:00:00,117.56
2024-09-06 01:00:00,94.05
2024-09-06 02:00:00,89.54
2024-09-06 03:00:00,88.57
2024-09-06 04:00:00,94.48
2024-09-06 05:00:00,85.4
2024-09-06 06:00:00,125.39
2024-09-06 07:00:00,132.74
2024-09-06 08:00:00,124.63
2024-09-06 09:00:00,104.33
2024-09-06 10:00:00,92.09
2024-09-06 11:00:00,89.27
2024-09-06 12:00:00,86.88
2024-09-06 13:00:00,81.67
2024-09-06 14:00:00,98.32
2024-09-06 15:00:00,114.29
2024-09-06 16:00:00,115.19
2024-09-06 17:00:00,122.59
2024-09-06 18:00:00,153.67
2024-09-06 19:00:00,311.92
2024-09-06 20:00:00,158.79
2024-09-06 21:00:00,118.92
2024-09-06 22:00:00,125.87
2024-09-06 23:00:00,90.6
2024-09-07 00:00:00,113.4
2024-09-07 01:00:00,96.74
2024-09-07 02:00:00,95.62
2024-09-07 03:00:00,96.56
2024-09-07 04:00:00,100.65
2024-09-07 05:00:00,101.68
2024-09-07 06:00:00,104.04
2024-09-07 07:00:00,105.0
2024-09-07 08:00:00,95.26
2024-09-07 09:00:00,84.71
2024-09-07 10:00:00,51.52
2024-09-07 11:00:00,20.39
2024-09-07 12:00:00,5.48
2024-09-07 13:00:00,1.02
2024-09-07 14:00:00,0.44
2024-09-07 15:00:00,20.08
2024-09-07 16:00:00,79.63
2024-09-07 17:00:00,119.3
2024-09-07 18:00:00,159.21
2024-09-07 19:00:00,180.52
2024-09-07 20:00:00,185.99
2024-09-07 21:00:00,153.89
2024-09-07 22:00:00,131.38
2024-09-07 23:00:00,94.46
2024-09-08 00:00:00,93.82
2024-09-08 01:00:00,86.22
2024-09-08 02:00:00,82.98
2024-09-08 03:00:00,80.65
2024-09-08 04:00:00,81.61
2024-09-08 05:00:00,82.69
2024-09-08 06:00:00,82.15
2024-09-08 07:00:00,81.85
2024-09-08 08:00:00,75.21
2024-09-08 09:00:00,39.81
2024-09-08 10:00:00,8.29
2024-09-08 11:00:00,0.44
2024-09-08 12:00:00,0.04
2024-09-08 13:00:00,0.01
2024-09-08 14:00:00,0.96
2024-09-08 15:00:00,7.08
2024-09-08 16:00:00,62.91
2024-09-08 17:00:00,112.0
2024-09-08 18:00:00,125.57
2024-09-08 19:00:00,148.88
2024-09-08 20:00:00,116.95
2024-09-08 21:00:00,108.65
2024-09-08 22:00:00,105.26
2024-09-08 23:00:00,96.88
2024-09-09 00:00:00,84.31
2024-09-09 01:00:00,83.7
2024-09-09 02:00:00,82.6
2024-09-09 03:00:00,77.92
2024-09-09 04:00:00,82.02
2024-09-09 05:00:00,82.17
2024-09-09 06:00:00,108.57
2024-09-09 07:00:00,131.01
2024-09-09 08:00:00,156.84
2024-09-09 09:00:00,132.14
2024-09-09 10:00:00,118.14
2024-09-09 11:00:00,113.94
2024-09-09 12:00:00,111.5
2024-09-09 13:00:00,111.22
2024-09-09 14:00:00,112.8
2024-09-09 15:00:00,121.76
2024-09-09 16:00:00,129.87
2024-09-09 17:00:00,148.09
2024-09-09 18:00:00,151.51
2024-09-09 19:00:00,186.52
2024-09-09 20:00:00,171.34
2024-09-09 21:00:00,111.04
2024-09-09 22:00:00,95.55
2024-09-09 23:00:00,79.71
2024-09-10 00:00:00,64.27
2024-09-10 01:00:00,57.78
2024-09-10 02:00:00,59.36
2024-09-10 03:00:00,54.92
2024-09-10 04:00:00,61.31
2024-09-10 05:00:00,82.77
2024-09-10 06:00:00,120.63
2024-09-10 07:00:00,145.37
2024-09-10 08:00:00,134.92
2024-09-10 09:00:00,109.38
2024-09-10 10:00:00,81.9
2024-09-10 11:00:00,81.66
2024-09-10 12:00:00,76.4
2024-09-10 13:00:00,72.45
2024-09-10 14:00:00,78.42
2024-09-10 15:00:00,79.03
2024-09-10 16:00:00,108.76
2024-09-10 17:00:00,121.29
2024-09-10 18:00:00,158.08
2024-09-10 19:00:00,330.48
2024-09-10 20:00:00,186.49
2024-09-10 21:00:00,102.91
2024-09-10 22:00:00,101.79
2024-09-10 23:00:00,75.95
2024-09-11 00:00:00,32.09
2024-09-11 01:00:00,31.17
2024-09-11 02:00:00,24.13
2024-09-11 03:00:00,26.1
2024-09-11 04:00:00,31.35
2024-09-11 05:00:00,58.82
2024-09-11 06:00:00,116.66
2024-09-11 07:00:00,128.99
2024-09-11 08:00:00,106.38
2024-09-11 09:00:00,95.51
2024-09-11 10:00:00,74.15
2024-09-11 11:00:00,65.57
2024-09-11 12:00:00,60.45
2024-09-11 13:00:00,62.21
2024-09-11 14:00:00,71.67
2024-09-11 15:00:00,74.3
2024-09-11 16:00:00,100.05
2024-09-11 17:00:00,134.48
2024-09-11 18:00:00,162.36
2024-09-11 19:00:00,285.18
2024-09-11 20:00:00,193.13
2024-09-11 21:00:00,136.5
2024-09-11 22:00:00,107.12
2024-09-11 23:00:00,102.64
2024-09-12 00:00:00,92.51
2024-09-12 01:00:00,86.76
2024-09-12 02:00:00,84.36
2024-09-12 03:00:00,81.99
2024-09-12 04:00:00,83.66
2024-09-12 05:00:00,93.26
2024-09-12 06:00:00,139.52
2024-09-12 07:00:00,147.45
2024-09-12 08:00:00,139.62
2024-09-12 09:00:00,105.25
2024-09-12 10:00:00,87.64
2024-09-12 11:00:00,89.4
2024-09-12 12:00:00,90.17
2024-09-12 13:00:00,90.64
2024-09-12 14:00:00,91.87
2024-09-12 15:00:00,101.43
2024-09-12 16:00:00,124.73
2024-09-12 17:00:00,148.45
2024-09-12 18:00:00,199.57
2024-09-12 19:00:00,382.78
2024-09-12 20:00:00,241.28
2024-09-12 21:00:00,123.79
2024-09-12 22:00:00,100.71
2024-09-12 23:00:00,92.92
2024-09-13 00:00:00,98.8
2024-09-13 01:00:00,90.15
2024-09-13 02:00:00,85.27
2024-09-13 03:00:00,83.03
2024-09-13 04:00:00,80.71
2024-09-13 05:00:00,89.88
2024-09-13 06:00:00,123.3
2024-09-13 07:00:00,142.47
2024-09-13 08:00:00,135.63
2024-09-13 09:00:00,116.66
2024-09-13 10:00:00,105.82
2024-09-13 11:00:00,126.4
2024-09-13 12:00:00,91.46
2024-09-13 13:00:00,117.03
2024-09-13 14:00:00,122.81
2024-09-13 15:00:00,119.25
2024-09-13 16:00:00,91.01
2024-09-13 17:00:00,158.36
2024-09-13 18:00:00,97.71
2024-09-13 19:00:00,100.95
2024-09-13 20:00:00,94.8
2024-09-13 21:00:00,84.9
2024-09-13 22:00:00,79.52
2024-09-13 23:00:00,61.75
2024-09-14 00:00:00,58.41
2024-09-14 01:00:00,52.29
2024-09-14 02:00:00,45.11
2024-09-14 03:00:00,47.4
2024-09-14 04:00:00,48.9
2024-09-14 05:00:00,46.06
2024-09-14 06:00:00,56.62
2024-09-14 07:00:00,67.74
2024-09-14 08:00:00,77.56
2024-09-14 09:00:00,67.85
2024-09-14 10:00:00,41.41
2024-09-14 11:00:00,13.09
2024-09-14 12:00:00,13.61
2024-09-14 13:00:00,13.75
2024-09-14 14:00:00,13.77
2024-09-14 15:00:00,26.71
2024-09-14 16:00:00,49.43
2024-09-14 17:00:00,77.95
2024-09-14 18:00:00,83.43
2024-09-14 19:00:00,122.55
2024-09-14 20:00:00,105.09
2024-09-14 21:00:00,101.21
2024-09-14 22:00:00,89.39
2024-09-14 23:00:00,84.71
2024-09-15 00:00:00,76.93
2024-09-15 01:00:00,68.9
2024-09-15 02:00:00,64.5
2024-09-15 03:00:00,64.46
2024-09-15 04:00:00,61.19
2024-09-15 05:00:00,63.31
2024-09-15 06:00:00,66.68
2024-09-15 07:00:00,81.66
2024-09-15 08:00:00,73.49
2024-09-15 09:00:00,51.07
2024-09-15 10:00:00,10.92
2024-09-15 11:00:00,0.07
2024-09-15 12:00:00,0.0
2024-09-15 13:00:00,-0.01
2024-09-15 14:00:00,-0.96
2024-09-15 15:00:00,-3.83
2024-09-15 16:00:00,12.78
2024-09-15 17:00:00,83.43
2024-09-15 18:00:00,108.35
2024-09-15 19:00:00,132.52
2024-09-15 20:00:00,119.5
2024-09-15 21:00:00,109.66
2024-09-15 22:00:00,104.77
2024-09-15 23:00:00,90.42
2024-09-16 00:00:00,88.14
2024-09-16 01:00:00,82.87
2024-09-16 02:00:00,82.48
2024-09-16 03:00:00,79.53
2024-09-16 04:00:00,78.94
2024-09-16 05:00:00,80.84
2024-09-16 06:00:00,116.79
2024-09-16 07:00:00,133.48
2024-09-16 08:00:00,143.68
2024-09-16 09:00:00,123.02
2024-09-16 10:00:00,110.96
2024-09-16 11:00:00,104.83
2024-09-16 12:00:00,97.53
2024-09-16 13:00:00,93.26
2024-09-16 14:00:00,86.55
2024-09-16 15:00:00,94.63
2024-09-16 16:00:00,112.12
2024-09-16 17:00:00,136.44
2024-09-16 18:00:00,151.85
2024-09-16 19:00:00,167.96
2024-09-16 20:00:00,112.93
2024-09-16 21:00:00,97.81
2024-09-16 22:00:00,90.72
2024-09-16 23:00:00,78.89
2024-09-17 00:00:00,91.71
2024-09-17 01:00:00,86.75
2024-09-17 02:00:00,85.03
2024-09-17 03:00:00,82.62
2024-09-17 04:00:00,82.58
2024-09-17 05:00:00,99.38
2024-09-17 06:00:00,119.7
2024-09-17 07:00:00,154.35
2024-09-17 08:00:00,146.09
2024-09-17 09:00:00,112.46
2024-09-17 10:00:00,102.51
2024-09-17 11:00:00,89.53
2024-09-17 12:00:00,76.13
2024-09-17 13:00:00,70.53
2024-09-17 14:00:00,74.83
2024-09-17 15:00:00,81.9
2024-09-17 16:00:00,103.18
2024-09-17 17:00:00,127.85
2024-09-17 18:00:00,162.87
2024-09-17 19:00:00,218.16
2024-09-17 20:00:00,134.84
2024-09-17 21:00:00,118.51
2024-09-17 22:00:00,94.47
2024-09-17 23:00:00,87.48
2024-09-18 00:00:00,87.89
2024-09-18 01:00:00,81.85
2024-09-18 02:00:00,85.14
2024-09-18 03:00:00,85.63
2024-09-18 04:00:00,84.67
2024-09-18 05:00:00,96.92
2024-09-18 06:00:00,123.07
2024-09-18 07:00:00,148.0
2024-09-18 08:00:00,130.52
2024-09-18 09:00:00,103.68
2024-09-18 10:00:00,79.39
2024-09-18 11:00:00,57.54
2024-09-18 12:00:00,5.49
2024-09-18 13:00:00,-0.01
2024-09-18 14:00:00,0.74
2024-09-18 15:00:00,29.78
2024-09-18 16:00:00,89.64
2024-09-18 17:00:00,118.21
2024-09-18 18:00:00,129.24
2024-09-18 19:00:00,161.86
2024-09-18 20:00:00,121.0
2024-09-18 21:00:00,97.58
2024-09-18 22:00:00,93.17
2024-09-18 23:00:00,83.13
2024-09-19 00:00:00,75.47
2024-09-19 01:00:00,75.53
2024-09-19 02:00:00,74.81
2024-09-19 03:00:00,72.69
2024-09-19 04:00:00,75.31
2024-09-19 05:00:00,87.64
2024-09-19 06:00:00,111.17
2024-09-19 07:00:00,142.84
2024-09-19 08:00:00,123.01
2024-09-19 09:00:00,97.21
2024-09-19 10:00:00,74.81
2024-09-19 11:00:00,53.53
2024-09-19 12:00:00,4.97
2024-09-19 13:00:00,1.05
2024-09-19 14:00:00,8.18
2024-09-19 15:00:00,53.99
2024-09-19 16:00:00,75.46
2024-09-19 17:00:00,110.07
2024-09-19 18:00:00,125.9
2024-09-19 19:00:00,154.97
2024-09-19 20:00:00,113.86
2024-09-19 21:00:00,86.84
2024-09-19 22:00:00,88.97
2024-09-19 23:00:00,78.87
2024-09-20 00:00:00,70.83
2024-09-20 01:00:00,71.95
2024-09-20 02:00:00,72.17
2024-09-20 03:00:00,74.04
2024-09-20 04:00:00,74.77
2024-09-20 05:00:00,91.62
2024-09-20 06:00:00,112.26
2024-09-20 07:00:00,145.75
2024-09-20 08:00:00,107.85
2024-09-20 09:00:00,88.92
2024-09-20 10:00:00,62.05
2024-09-20 11:00:00,24.69
2024-09-20 12:00:00,14.87
2024-09-20 13:00:00,0.43
2024-09-20 14:00:00,0.07
2024-09-20 15:00:00,32.0
2024-09-20 16:00:00,72.83
2024-09-20 17:00:00,115.45
2024-09-20 18:00:00,138.14
2024-09-20 19:00:00,183.97
2024-09-20 20:00:00,124.82
2024-09-20 21:00:00,96.49
2024-09-20 22:00:00,94.92
2024-09-20 23:00:00,86.32
2024-09-21 00:00:00,90.99
2024-09-21 01:00:00,88.09
2024-09-21 02:00:00,84.84
2024-09-21 03:00:00,80.6
2024-09-21 04:00:00,83.55
2024-09-21 05:00:00,86.48
2024-09-21 06:00:00,96.83
2024-09-21 07:00:00,94.05
2024-09-21 08:00:00,82.71
2024-09-21 09:00:00,59.79
2024-09-21 10:00:00,22.0
2024-09-21 11:00:00,3.15
2024-09-21 12:00:00,0.0
2024-09-21 13:00:00,-3.36
2024-09-21 14:00:00,-3.95
2024-09-21 15:00:00,1.09
2024-09-21 16:00:00,48.63
2024-09-21 17:00:00,100.41
2024-09-21 18:00:00,160.63
2024-09-21 19:00:00,200.59
2024-09-21 20:00:00,129.8
2024-09-21 21:00:00,102.23
2024-09-21 22:00:00,92.16
2024-09-21 23:00:00,90.81
2024-09-22 00:00:00,96.29
2024-09-22 01:00:00,90.13
2024-09-22 02:00:00,88.06
2024-09-22 03:00:00,86.5
2024-09-22 04:00:00,87.35
2024-09-22 05:00:00,87.42
2024-09-22 06:00:00,91.32
2024-09-22 07:00:00,93.13
2024-09-22 08:00:00,79.47
2024-09-22 09:00:00,55.85
2024-09-22 10:00:00,2.95
2024-09-22 11:00:00,0.37
2024-09-22 12:00:00,0.06
2024-09-22 13:00:00,-0.07
2024-09-22 14:00:00,0.01
2024-09-22 15:00:00,9.66
2024-09-22 16:00:00,62.88
2024-09-22 17:00:00,104.77
2024-09-22 18:00:00,134.18
2024-09-22 19:00:00,180.51
2024-09-22 20:00:00,150.11
2024-09-22 21:00:00,114.41
2024-09-22 22:00:00,101.75
2024-09-22 23:00:00,92.0
2024-09-23 00:00:00,87.7
2024-09-23 01:00:00,81.29
2024-09-23 02:00:00,82.15
2024-09-23 03:00:00,83.53
2024-09-23 04:00:00,82.89
2024-09-23 05:00:00,97.03
2024-09-23 06:00:00,133.4
2024-09-23 07:00:00,196.01
2024-09-23 08:00:00,126.71
2024-09-23 09:00:00,100.78
2024-09-23 10:00:00,70.24
2024-09-23 11:00:00,62.39
2024-09-23 12:00:00,54.95
2024-09-23 13:00:00,65.27
2024-09-23 14:00:00,72.98
2024-09-23 15:00:00,76.26
2024-09-23 16:00:00,102.06
2024-09-23 17:00:00,141.63
2024-09-23 18:00:00,233.26
2024-09-23 19:00:00,322.3
2024-09-23 20:00:00,176.83
2024-09-23 21:00:00,116.54
2024-09-23 22:00:00,95.23
2024-09-23 23:00:00,88.69
2024-09-24 00:00:00,86.46
2024-09-24 01:00:00,80.38
2024-09-24 02:00:00,80.74
2024-09-24 03:00:00,81.29
2024-09-24 04:00:00,79.13
2024-09-24 05:00:00,85.04
2024-09-24 06:00:00,108.69
2024-09-24 07:00:00,137.93
2024-09-24 08:00:00,124.75
2024-09-24 09:00:00,100.07
2024-09-24 10:00:00,84.21
2024-09-24 11:00:00,69.62
2024-09-24 12:00:00,72.46
2024-09-24 13:00:00,70.2
2024-09-24 14:00:00,64.18
2024-09-24 15:00:00,75.92
2024-09-24 16:00:00,85.85
2024-09-24 17:00:00,109.26
2024-09-24 18:00:00,117.18
2024-09-24 19:00:00,139.2
2024-09-24 20:00:00,94.93
2024-09-24 21:00:00,68.35
2024-09-24 22:00:00,63.18
2024-09-24 23:00:00,60.56
2024-09-25 00:00:00,46.57
2024-09-25 01:00:00,43.17
2024-09-25 02:00:00,42.0
2024-09-25 03:00:00,42.19
2024-09-25 04:00:00,54.65
2024-09-25 05:00:00,53.48
2024-09-25 06:00:00,45.26
2024-09-25 07:00:00,94.07
2024-09-25 08:00:00,87.23
2024-09-25 09:00:00,70.91
2024-09-25 10:00:00,50.66
2024-09-25 11:00:00,34.35
2024-09-25 12:00:00,28.96
2024-09-25 13:00:00,20.7
2024-09-25 14:00:00,54.37
2024-09-25 15:00:00,71.62
2024-09-25 16:00:00,82.35
2024-09-25 17:00:00,99.75
2024-09-25 18:00:00,162.83
2024-09-25 19:00:00,186.49
2024-09-25 20:00:00,131.63
2024-09-25 21:00:00,91.3
2024-09-25 22:00:00,88.04
2024-09-25 23:00:00,78.48
2024-09-26 00:00:00,68.55
2024-09-26 01:00:00,61.66
2024-09-26 02:00:00,54.69
2024-09-26 03:00:00,52.33
2024-09-26 04:00:00,47.82
2024-09-26 05:00:00,33.49
2024-09-26 06:00:00,93.86
2024-09-26 07:00:00,91.84
2024-09-26 08:00:00,84.42
2024-09-26 09:00:00,68.18
2024-09-26 10:00:00,50.47
2024-09-26 11:00:00,31.62
2024-09-26 12:00:00,17.0
2024-09-26 13:00:00,12.75
2024-09-26 14:00:00,24.36
2024-09-26 15:00:00,51.06
2024-09-26 16:00:00,40.42
2024-09-26 17:00:00,67.87
2024-09-26 18:00:00,86.87
2024-09-26 19:00:00,101.68
2024-09-26 20:00:00,84.2
2024-09-26 21:00:00,59.51
2024-09-26 22:00:00,58.9
2024-09-26 23:00:00,36.3
2024-09-27 00:00:00,0.0
2024-09-27 01:00:00,3.3
2024-09-27 02:00:00,2.41
2024-09-27 03:00:00,-0.72
2024-09-27 04:00:00,-2.36
2024-09-27 05:00:00,-6.64
2024-09-27 06:00:00,0.01
2024-09-27 07:00:00,48.85
2024-09-27 08:00:00,64.83
2024-09-27 09:00:00,41.43
2024-09-27 10:00:00,29.41
2024-09-27 11:00:00,22.14
2024-09-27 12:00:00,14.27
2024-09-27 13:00:00,12.04
2024-09-27 14:00:00,19.05
2024-09-27 15:00:00,51.65
2024-09-27 16:00:00,1.06
2024-09-27 17:00:00,30.77
2024-09-27 18:00:00,73.07
2024-09-27 19:00:00,79.71
2024-09-27 20:00:00,68.5
2024-09-27 21:00:00,6.92
2024-09-27 22:00:00,9.85
2024-09-27 23:00:00,9.29
2024-09-28 00:00:00,1.77
2024-09-28 01:00:00,3.03
2024-09-28 02:00:00,3.29
2024-09-28 03:00:00,3.16
2024-09-28 04:00:00,3.27
2024-09-28 05:00:00,4.15
2024-09-28 06:00:00,11.96
2024-09-28 07:00:00,23.32
2024-09-28 08:00:00,26.99
2024-09-28 09:00:00,24.21
2024-09-28 10:00:00,12.49
2024-09-28 11:00:00,8.34
2024-09-28 12:00:00,1.2
2024-09-28 13:00:00,0.0
2024-09-28 14:00:00,0.0
2024-09-28 15:00:00,0.06
2024-09-28 16:00:00,9.34
2024-09-28 17:00:00,67.29
2024-09-28 18:00:00,102.87
2024-09-28 19:00:00,117.59
2024-09-28 20:00:00,101.81
2024-09-28 21:00:00,82.69
2024-09-28 22:00:00,81.49
2024-09-28 23:00:00,75.45
2024-09-29 00:00:00,62.68
2024-09-29 01:00:00,48.29
2024-09-29 02:00:00,45.45
2024-09-29 03:00:00,45.18
2024-09-29 04:00:00,54.32
2024-09-29 05:00:00,63.11
2024-09-29 06:00:00,61.11
2024-09-29 07:00:00,65.12
2024-09-29 08:00:00,64.68
2024-09-29 09:00:00,25.09
2024-09-29 10:00:00,1.33
2024-09-29 11:00:00,0.0
2024-09-29 12:00:00,-0.01
2024-09-29 13:00:00,-0.51
2024-09-29 14:00:00,-0.47
2024-09-29 15:00:00,0.0
2024-09-29 16:00:00,32.01
2024-09-29 17:00:00,87.33
2024-09-29 18:00:00,135.12
2024-09-29 19:00:00,161.36
2024-09-29 20:00:00,105.22
2024-09-29 21:00:00,79.16
2024-09-29 22:00:00,68.1
2024-09-29 23:00:00,38.41
2024-09-30 00:00:00,18.26
2024-09-30 01:00:00,10.72
2024-09-30 02:00:00,7.9
2024-09-30 03:00:00,5.2
2024-09-30 04:00:00,22.86
2024-09-30 05:00:00,61.16
2024-09-30 06:00:00,125.33
2024-09-30 07:00:00,148.98
2024-09-30 08:00:00,105.78
2024-09-30 09:00:00,66.42
2024-09-30 10:00:00,42.62
2024-09-30 11:00:00,19.93
2024-09-30 12:00:00,8.79
2024-09-30 13:00:00,1.95
2024-09-30 14:00:00,7.51
2024-09-30 15:00:00,21.25
2024-09-30 16:00:00,92.7
2024-09-30 17:00:00,124.19
2024-09-30 18:00:00,151.85
2024-09-30 19:00:00,178.55
2024-09-30 20:00:00,120.86
2024-09-30 21:00:00,66.79
2024-09-30 22:00:00,55.94
2024-09-30 23:00:00,9.84
2024-10-01 00:00:00,3.21
2024-10-01 01:00:00,0.07
2024-10-01 02:00:00,0.05
2024-10-01 03:00:00,0.02
2024-10-01 04:00:00,0.09
2024-10-01 05:00:00,6.44
2024-10-01 06:00:00,107.62
2024-10-01 07:00:00,127.78
2024-10-01 08:00:00,116.95
2024-10-01 09:00:00,103.64
2024-10-01 10:00:00,78.61
2024-10-01 11:00:00,58.26
2024-10-01 12:00:00,55.11
2024-10-01 13:00:00,57.62
2024-10-01 14:00:00,58.26
2024-10-01 15:00:00,61.94
2024-10-01 16:00:00,96.54
2024-10-01 17:00:00,151.34
2024-10-01 18:00:00,201.37
2024-10-01 19:00:00,227.72
2024-10-01 20:00:00,145.96
2024-10-01 21:00:00,101.24
2024-10-01 22:00:00,93.9
2024-10-01 23:00:00,78.78
2024-10-02 00:00:00,87.59
2024-10-02 01:00:00,82.01
2024-10-02 02:00:00,78.27
2024-10-02 03:00:00,75.19
2024-10-02 04:00:00,75.9
2024-10-02 05:00:00,81.01
2024-10-02 06:00:00,131.31
2024-10-02 07:00:00,149.03
2024-10-02 08:00:00,136.74
2024-10-02 09:00:00,119.04
2024-10-02 10:00:00,105.18
2024-10-02 11:00:00,99.13
2024-10-02 12:00:00,101.63
2024-10-02 13:00:00,99.44
2024-10-02 14:00:00,100.44
2024-10-02 15:00:00,112.46
2024-10-02 16:00:00,131.35
2024-10-02 17:00:00,162.88
2024-10-02 18:00:00,204.53
2024-10-02 19:00:00,207.78
2024-10-02 20:00:00,141.44
2024-10-02 21:00:00,110.28
2024-10-02 22:00:00,96.64
2024-10-02 23:00:00,85.0
2024-10-03 00:00:00,66.84
2024-10-03 01:00:00,64.37
2024-10-03 02:00:00,64.4
2024-10-03 03:00:00,62.34
2024-10-03 04:00:00,61.64
2024-10-03 05:00:00,63.59
2024-10-03 06:00:00,110.38
2024-10-03 07:00:00,144.33
2024-10-03 08:00:00,135.38
2024-10-03 09:00:00,109.39
2024-10-03 10:00:00,103.11
2024-10-03 11:00:00,94.73
2024-10-03 12:00:00,90.79
2024-10-03 13:00:00,89.3
2024-10-03 14:00:00,96.9
2024-10-03 15:00:00,109.98
2024-10-03 16:00:00,131.77
2024-10-03 17:00:00,148.71
2024-10-03 18:00:00,163.52
2024-10-03 19:00:00,172.46
2024-10-03 20:00:00,135.89
2024-10-03 21:00:00,104.93
2024-10-03 22:00:00,91.31
2024-10-03 23:00:00,81.65
2024-10-04 00:00:00,73.94
2024-10-04 01:00:00,72.55
2024-10-04 02:00:00,72.27
2024-10-04 03:00:00,72.31
2024-10-04 04:00:00,72.33
2024-10-04 05:00:00,77.1
2024-10-04 06:00:00,103.0
2024-10-04 07:00:00,140.7
2024-10-04 08:00:00,143.24
2024-10-04 09:00:00,123.74
2024-10-04 10:00:00,105.34
2024-10-04 11:00:00,95.85
2024-10-04 12:00:00,79.89
2024-10-04 13:00:00,73.98
2024-10-04 14:00:00,77.56
2024-10-04 15:00:00,93.23
2024-10-04 16:00:00,111.0
2024-10-04 17:00:00,123.25
2024-10-04 18:00:00,142.46
2024-10-04 19:00:00,154.31
2024-10-04 20:00:00,123.7
2024-10-04 21:00:00,99.9
2024-10-04 22:00:00,99.9
2024-10-04 23:00:00,90.0
2024-10-05 00:00:00,93.1
2024-10-05 01:00:00,84.64
2024-10-05 02:00:00,81.4
2024-10-05 03:00:00,75.54
2024-10-05 04:00:00,75.72
2024-10-05 05:00:00,79.82
2024-10-05 06:00:00,86.2
2024-10-05 07:00:00,100.4
2024-10-05 08:00:00,110.53
2024-10-05 09:00:00,102.25
2024-10-05 10:00:00,81.04
2024-10-05 11:00:00,66.72
2024-10-05 12:00:00,50.18
2024-10-05 13:00:00,37.77
2024-10-05 14:00:00,41.04
2024-10-05 15:00:00,61.93
2024-10-05 16:00:00,96.34
2024-10-05 17:00:00,115.51
2024-10-05 18:00:00,144.21
2024-10-05 19:00:00,155.84
2024-10-05 20:00:00,108.49
2024-10-05 21:00:00,95.32
2024-10-05 22:00:00,84.67
2024-10-05 23:00:00,67.0
2024-10-06 00:00:00,66.0
2024-10-06 01:00:00,62.2
2024-10-06 02:00:00,60.81
2024-10-06 03:00:00,60.54
2024-10-06 04:00:00,59.63
2024-10-06 05:00:00,60.82
2024-10-06 06:00:00,60.31
2024-10-06 07:00:00,69.01
2024-10-06 08:00:00,74.07
2024-10-06 09:00:00,63.44
2024-10-06 10:00:00,35.16
2024-10-06 11:00:00,16.68
2024-10-06 12:00:00,5.25
2024-10-06 13:00:00,-0.01
2024-10-06 14:00:00,-0.01
2024-10-06 15:00:00,0.2
2024-10-06 16:00:00,61.73
2024-10-06 17:00:00,104.02
2024-10-06 18:00:00,134.69
2024-10-06 19:00:00,157.81
2024-10-06 20:00:00,116.42
2024-10-06 21:00:00,97.34
2024-10-06 22:00:00,81.36
2024-10-06 23:00:00,69.74
2024-10-07 00:00:00,34.58
2024-10-07 01:00:00,35.34
2024-10-07 02:00:00,33.25
2024-10-07 03:00:00,30.08
2024-10-07 04:00:00,37.03
2024-10-07 05:00:00,73.26
2024-10-07 06:00:00,130.0
2024-10-07 07:00:00,170.35
2024-10-07 08:00:00,108.32
2024-10-07 09:00:00,92.93
2024-10-07 10:00:00,65.99
2024-10-07 11:00:00,60.13
2024-10-07 12:00:00,54.76
2024-10-07 13:00:00,43.29
2024-10-07 14:00:00,55.0
2024-10-07 15:00:00,69.18
2024-10-07 16:00:00,101.83
2024-10-07 17:00:00,146.86
2024-10-07 18:00:00,236.05
2024-10-07 19:00:00,254.58
2024-10-07 20:00:00,150.25
2024-10-07 21:00:00,97.46
2024-10-07 22:00:00,89.59
2024-10-07 23:00:00,80.1
2024-10-08 00:00:00,74.36
2024-10-08 01:00:00,69.31
2024-10-08 02:00:00,64.86
2024-10-08 03:00:00,62.46
2024-10-08 04:00:00,62.58
2024-10-08 05:00:00,69.86
2024-10-08 06:00:00,103.48
2024-10-08 07:00:00,125.12
2024-10-08 08:00:00,103.7
2024-10-08 09:00:00,82.04
2024-10-08 10:00:00,56.26
2024-10-08 11:00:00,32.13
2024-10-08 12:00:00,18.38
2024-10-08 13:00:00,16.93
2024-10-08 14:00:00,21.32
2024-10-08 15:00:00,65.21
2024-10-08 16:00:00,92.62
2024-10-08 17:00:00,118.16
2024-10-08 18:00:00,149.79
2024-10-08 19:00:00,162.11
2024-10-08 20:00:00,111.15
2024-10-08 21:00:00,89.81
2024-10-08 22:00:00,83.21
2024-10-08 23:00:00,66.15
2024-10-09 00:00:00,59.49
2024-10-09 01:00:00,56.73
2024-10-09 02:00:00,54.23
2024-10-09 03:00:00,51.17
2024-10-09 04:00:00,54.0
2024-10-09 05:00:00,62.28
2024-10-09 06:00:00,89.58
2024-10-09 07:00:00,114.86
2024-10-09 08:00:00,109.89
2024-10-09 09:00:00,90.82
2024-10-09 10:00:00,75.54
2024-10-09 11:00:00,62.75
2024-10-09 12:00:00,62.38
2024-10-09 13:00:00,62.4
2024-10-09 14:00:00,69.89
2024-10-09 15:00:00,79.87
2024-10-09 16:00:00,90.74
2024-10-09 17:00:00,116.87
2024-10-09 18:00:00,147.22
2024-10-09 19:00:00,147.44
2024-10-09 20:00:00,116.21
2024-10-09 21:00:00,94.89
2024-10-09 22:00:00,91.96
2024-10-09 23:00:00,83.84
2024-10-10 00:00:00,55.57
2024-10-10 01:00:00,43.36
2024-10-10 02:00:00,34.69
2024-10-10 03:00:00,29.19
2024-10-10 04:00:00,27.58
2024-10-10 05:00:00,36.98
2024-10-10 06:00:00,60.06
2024-10-10 07:00:00,85.03
2024-10-10 08:00:00,80.46
2024-10-10 09:00:00,67.5
2024-10-10 10:00:00,52.01
2024-10-10 11:00:00,38.97
2024-10-10 12:00:00,21.9
2024-10-10 13:00:00,15.95
2024-10-10 14:00:00,20.01
2024-10-10 15:00:00,38.37
2024-10-10 16:00:00,58.7
2024-10-10 17:00:00,86.3
2024-10-10 18:00:00,98.77
2024-10-10 19:00:00,122.14
2024-10-10 20:00:00,105.31
2024-10-10 21:00:00,90.41
2024-10-10 22:00:00,83.3
2024-10-10 23:00:00,69.93
2024-10-11 00:00:00,79.94
2024-10-11 01:00:00,73.19
2024-10-11 02:00:00,72.16
2024-10-11 03:00:00,67.91
2024-10-11 04:00:00,69.73
2024-10-11 05:00:00,73.82
2024-10-11 06:00:00,99.95
2024-10-11 07:00:00,140.41
2024-10-11 08:00:00,155.49
2024-10-11 09:00:00,110.01
2024-10-11 10:00:00,90.0
2024-10-11 11:00:00,72.35
2024-10-11 12:00:00,61.65
2024-10-11 13:00:00,57.17
2024-10-11 14:00:00,59.56
2024-10-11 15:00:00,67.03
2024-10-11 16:00:00,80.52
2024-10-11 17:00:00,111.47
2024-10-11 18:00:00,161.58
2024-10-11 19:00:00,172.68
2024-10-11 20:00:00,120.36
2024-10-11 21:00:00,98.98
2024-10-11 22:00:00,96.71
2024-10-11 23:00:00,87.14
2024-10-12 00:00:00,89.56
2024-10-12 01:00:00,77.71
2024-10-12 02:00:00,73.43
2024-10-12 03:00:00,72.2
2024-10-12 04:00:00,69.34
2024-10-12 05:00:00,69.93
2024-10-12 06:00:00,72.14
2024-10-12 07:00:00,92.18
2024-10-12 08:00:00,70.81
2024-10-12 09:00:00,47.01
2024-10-12 10:00:00,34.72
2024-10-12 11:00:00,34.04
2024-10-12 12:00:00,25.92
2024-10-12 13:00:00,14.86
2024-10-12 14:00:00,23.34
2024-10-12 15:00:00,46.35
2024-10-12 16:00:00,64.88
2024-10-12 17:00:00,104.18
2024-10-12 18:00:00,122.88
2024-10-12 19:00:00,113.84
2024-10-12 20:00:00,67.93
2024-10-12 21:00:00,45.42
2024-10-12 22:00:00,34.87
2024-10-12 23:00:00,25.37
2024-10-13 00:00:00,0.0
2024-10-13 01:00:00,-0.01
2024-10-13 02:00:00,-0.07
2024-10-13 03:00:00,-0.37
2024-10-13 04:00:00,-0.51
2024-10-13 05:00:00,-0.09
2024-10-13 06:00:00,0.18
2024-10-13 07:00:00,0.97
2024-10-13 08:00:00,5.19
2024-10-13 09:00:00,0.11
2024-10-13 10:00:00,-0.09
2024-10-13 11:00:00,-1.23
2024-10-13 12:00:00,-6.85
2024-10-13 13:00:00,-13.12
2024-10-13 14:00:00,-5.25
2024-10-13 15:00:00,1.14
2024-10-13 16:00:00,-4.48
2024-10-13 17:00:00,-3.62
2024-10-13 18:00:00,35.07
2024-10-13 19:00:00,41.9
2024-10-13 20:00:00,34.87
2024-10-13 21:00:00,25.33
2024-10-13 22:00:00,43.02
2024-10-13 23:00:00,46.49
2024-10-14 00:00:00,51.43
2024-10-14 01:00:00,36.4
2024-10-14 02:00:00,36.55
2024-10-14 03:00:00,35.77
2024-10-14 04:00:00,40.54
2024-10-14 05:00:00,62.2
2024-10-14 06:00:00,98.74
2024-10-14 07:00:00,132.45
2024-10-14 08:00:00,152.62
2024-10-14 09:00:00,105.01
2024-10-14 10:00:00,90.27
2024-10-14 11:00:00,75.37
2024-10-14 12:00:00,68.98
2024-10-14 13:00:00,73.61
2024-10-14 14:00:00,74.16
2024-10-14 15:00:00,85.82
2024-10-14 16:00:00,105.8
2024-10-14 17:00:00,154.95
2024-10-14 18:00:00,247.17
2024-10-14 19:00:00,262.29
2024-10-14 20:00:00,158.0
2024-10-14 21:00:00,114.01
2024-10-14 22:00:00,99.66
2024-10-14 23:00:00,94.8
2024-10-15 00:00:00,90.1
2024-10-15 01:00:00,85.83
2024-10-15 02:00:00,86.12
2024-10-15 03:00:00,82.26
2024-10-15 04:00:00,78.57
2024-10-15 05:00:00,87.47
2024-10-15 06:00:00,117.94
2024-10-15 07:00:00,195.22
2024-10-15 08:00:00,176.67
2024-10-15 09:00:00,110.54
2024-10-15 10:00:00,92.76
2024-10-15 11:00:00,83.05
2024-10-15 12:00:00,78.47
2024-10-15 13:00:00,71.97
2024-10-15 14:00:00,77.2
2024-10-15 15:00:00,89.93
2024-10-15 16:00:00,121.17
2024-10-15 17:00:00,168.2
2024-10-15 18:00:00,199.54
2024-10-15 19:00:00,200.87
2024-10-15 20:00:00,142.33
2024-10-15 21:00:00,110.97
2024-10-15 22:00:00,90.78
2024-10-15 23:00:00,75.69
2024-10-16 00:00:00,70.31
2024-10-16 01:00:00,12.8
2024-10-16 02:00:00,5.3
2024-10-16 03:00:00,3.61
2024-10-16 04:00:00,3.7
2024-10-16 05:00:00,58.71
2024-10-16 06:00:00,119.65
2024-10-16 07:00:00,176.86
2024-10-16 08:00:00,124.06
2024-10-16 09:00:00,54.29
2024-10-16 10:00:00,26.68
2024-10-16 11:00:00,14.18
2024-10-16 12:00:00,4.09
2024-10-16 13:00:00,2.04
2024-10-16 14:00:00,4.0
2024-10-16 15:00:00,14.18
2024-10-16 16:00:00,72.8
2024-10-16 17:00:00,121.68
2024-10-16 18:00:00,133.04
2024-10-16 19:00:00,135.41
2024-10-16 20:00:00,95.3
2024-10-16 21:00:00,66.99
2024-10-16 22:00:00,35.14
2024-10-16 23:00:00,26.54
2024-10-17 00:00:00,17.04
2024-10-17 01:00:00,12.15
2024-10-17 02:00:00,10.48
2024-10-17 03:00:00,5.61
2024-10-17 04:00:00,10.01
2024-10-17 05:00:00,29.33
2024-10-17 06:00:00,69.93
2024-10-17 07:00:00,100.14
2024-10-17 08:00:00,92.18
2024-10-17 09:00:00,74.85
2024-10-17 10:00:00,70.4
2024-10-17 11:00:00,36.22
2024-10-17 12:00:00,21.11
2024-10-17 13:00:00,21.79
2024-10-17 14:00:00,32.05
2024-10-17 15:00:00,64.35
2024-10-17 16:00:00,91.8
2024-10-17 17:00:00,120.2
2024-10-17 18:00:00,176.74
2024-10-17 19:00:00,165.61
2024-10-17 20:00:00,114.31
2024-10-17 21:00:00,95.41
2024-10-17 22:00:00,87.46
2024-10-17 23:00:00,80.67
2024-10-18 00:00:00,77.86
2024-10-18 01:00:00,58.99
2024-10-18 02:00:00,47.72
2024-10-18 03:00:00,68.57
2024-10-18 04:00:00,64.87
2024-10-18 05:00:00,80.93
2024-10-18 06:00:00,95.03
2024-10-18 07:00:00,143.04
2024-10-18 08:00:00,150.69
2024-10-18 09:00:00,65.98
2024-10-18 10:00:00,36.05
2024-10-18 11:00:00,50.0
2024-10-18 12:00:00,40.66
2024-10-18 13:00:00,33.57
2024-10-18 14:00:00,45.6
2024-10-18 15:00:00,80.86
2024-10-18 16:00:00,98.25
2024-10-18 17:00:00,126.74
2024-10-18 18:00:00,171.77
2024-10-18 19:00:00,141.77
2024-10-18 20:00:00,103.25
2024-10-18 21:00:00,96.53
2024-10-18 22:00:00,91.82
2024-10-18 23:00:00,84.07
2024-10-19 00:00:00,84.48
2024-10-19 01:00:00,77.84
2024-10-19 02:00:00,75.35
2024-10-19 03:00:00,71.96
2024-10-19 04:00:00,70.46
2024-10-19 05:00:00,72.7
2024-10-19 06:00:00,77.67
2024-10-19 07:00:00,86.8
2024-10-19 08:00:00,85.23
2024-10-19 09:00:00,79.64
2024-10-19 10:00:00,53.4
2024-10-19 11:00:00,39.81
2024-10-19 12:00:00,27.13
2024-10-19 13:00:00,25.26
2024-10-19 14:00:00,51.6
2024-10-19 15:00:00,71.33
2024-10-19 16:00:00,94.01
2024-10-19 17:00:00,108.73
2024-10-19 18:00:00,126.0
2024-10-19 19:00:00,113.66
2024-10-19 20:00:00,93.0
2024-10-19 21:00:00,87.47
2024-10-19 22:00:00,82.95
2024-10-19 23:00:00,73.33
2024-10-20 00:00:00,54.14
2024-10-20 01:00:00,52.86
2024-10-20 02:00:00,54.75
2024-10-20 03:00:00,56.16
2024-10-20 04:00:00,58.88
2024-10-20 05:00:00,62.53
2024-10-20 06:00:00,59.45
2024-10-20 07:00:00,69.53
2024-10-20 08:00:00,63.1
2024-10-20 09:00:00,42.18
2024-10-20 10:00:00,6.37
2024-10-20 11:00:00,0.08
2024-10-20 12:00:00,0.0
2024-10-20 13:00:00,-0.98
2024-10-20 14:00:00,-2.01
2024-10-20 15:00:00,0.0
2024-10-20 16:00:00,-20.01
2024-10-20 17:00:00,16.02
2024-10-20 18:00:00,41.58
2024-10-20 19:00:00,49.5
2024-10-20 20:00:00,-10.01
2024-10-20 21:00:00,0.0
2024-10-20 22:00:00,0.0
2024-10-20 23:00:00,-1.95
2024-10-21 00:00:00,22.08
2024-10-21 01:00:00,2.89
2024-10-21 02:00:00,1.97
2024-10-21 03:00:00,1.22
2024-10-21 04:00:00,5.43
2024-10-21 05:00:00,111.46
2024-10-21 06:00:00,182.54
2024-10-21 07:00:00,157.09
2024-10-21 08:00:00,121.28
2024-10-21 09:00:00,103.9
2024-10-21 10:00:00,88.68
2024-10-21 11:00:00,81.09
2024-10-21 12:00:00,71.95
2024-10-21 13:00:00,74.86
2024-10-21 14:00:00,80.16
2024-10-21 15:00:00,95.87
2024-10-21 16:00:00,126.7
2024-10-21 17:00:00,172.18
2024-10-21 18:00:00,247.72
2024-10-21 19:00:00,220.19
2024-10-21 20:00:00,157.4
2024-10-21 21:00:00,108.51
2024-10-21 22:00:00,97.79
2024-10-21 23:00:00,92.97
2024-10-22 00:00:00,91.21
2024-10-22 01:00:00,87.71
2024-10-22 02:00:00,83.68
2024-10-22 03:00:00,82.2
2024-10-22 04:00:00,83.5
2024-10-22 05:00:00,97.9
2024-10-22 06:00:00,136.82
2024-10-22 07:00:00,185.68
2024-10-22 08:00:00,173.38
2024-10-22 09:00:00,113.37
2024-10-22 10:00:00,97.11
2024-10-22 11:00:00,79.88
2024-10-22 12:00:00,72.02
2024-10-22 13:00:00,70.88
2024-10-22 14:00:00,72.21
2024-10-22 15:00:00,84.15
2024-10-22 16:00:00,122.06
2024-10-22 17:00:00,147.78
2024-10-22 18:00:00,184.52
2024-10-22 19:00:00,172.04
2024-10-22 20:00:00,95.09
2024-10-22 21:00:00,105.0
2024-10-22 22:00:00,97.06
2024-10-22 23:00:00,88.35
2024-10-23 00:00:00,80.45
2024-10-23 01:00:00,82.8
2024-10-23 02:00:00,80.84
2024-10-23 03:00:00,81.2
2024-10-23 04:00:00,83.89
2024-10-23 05:00:00,91.03
2024-10-23 06:00:00,115.2
2024-10-23 07:00:00,166.57
2024-10-23 08:00:00,177.91
2024-10-23 09:00:00,126.59
2024-10-23 10:00:00,102.87
2024-10-23 11:00:00,96.91
2024-10-23 12:00:00,89.63
2024-10-23 13:00:00,84.45
2024-10-23 14:00:00,80.77
2024-10-23 15:00:00,90.84
2024-10-23 16:00:00,120.72
2024-10-23 17:00:00,184.21
2024-10-23 18:00:00,230.81
2024-10-23 19:00:00,206.71
2024-10-23 20:00:00,146.4
2024-10-23 21:00:00,111.93
2024-10-23 22:00:00,103.62
2024-10-23 23:00:00,93.16
2024-10-24 00:00:00,93.01
2024-10-24 01:00:00,83.06
2024-10-24 02:00:00,81.39
2024-10-24 03:00:00,81.56
2024-10-24 04:00:00,81.61
2024-10-24 05:00:00,94.65
2024-10-24 06:00:00,136.98
2024-10-24 07:00:00,184.38
2024-10-24 08:00:00,173.44
2024-10-24 09:00:00,115.52
2024-10-24 10:00:00,102.83
2024-10-24 11:00:00,93.99
2024-10-24 12:00:00,84.93
2024-10-24 13:00:00,80.18
2024-10-24 14:00:00,82.95
2024-10-24 15:00:00,97.69
2024-10-24 16:00:00,124.89
2024-10-24 17:00:00,186.0
2024-10-24 18:00:00,204.84
2024-10-24 19:00:00,186.45
2024-10-24 20:00:00,144.31
2024-10-24 21:00:00,106.31
2024-10-24 22:00:00,101.88
2024-10-24 23:00:00,86.78
2024-10-25 00:00:00,80.46
2024-10-25 01:00:00,78.68
2024-10-25 02:00:00,77.57
2024-10-25 03:00:00,79.71
2024-10-25 04:00:00,79.86
2024-10-25 05:00:00,93.38
2024-10-25 06:00:00,138.03
2024-10-25 07:00:00,177.9
2024-10-25 08:00:00,144.93
2024-10-25 09:00:00,118.56
2024-10-25 10:00:00,104.7
2024-10-25 11:00:00,88.41
2024-10-25 12:00:00,79.99
2024-10-25 13:00:00,75.99
2024-10-25 14:00:00,79.63
2024-10-25 15:00:00,94.37
2024-10-25 16:00:00,125.55
2024-10-25 17:00:00,184.17
2024-10-25 18:00:00,221.72
2024-10-25 19:00:00,181.03
2024-10-25 20:00:00,132.83
2024-10-25 21:00:00,109.91
2024-10-25 22:00:00,111.16
2024-10-25 23:00:00,107.9
2024-10-26 00:00:00,112.0
2024-10-26 01:00:00,105.93
2024-10-26 02:00:00,103.0
2024-10-26 03:00:00,103.25
2024-10-26 04:00:00,100.91
2024-10-26 05:00:00,102.3
2024-10-26 06:00:00,110.05
2024-10-26 07:00:00,123.67
2024-10-26 08:00:00,120.53
2024-10-26 09:00:00,113.32
2024-10-26 10:00:00,97.89
2024-10-26 11:00:00,78.67
2024-10-26 12:00:00,68.25
2024-10-26 13:00:00,62.83
2024-10-26 14:00:00,64.57
2024-10-26 15:00:00,83.47
2024-10-26 16:00:00,113.97
2024-10-26 17:00:00,127.43
2024-10-26 18:00:00,160.53
2024-10-26 19:00:00,144.38
2024-10-26 20:00:00,129.1
2024-10-26 21:00:00,109.15
2024-10-26 22:00:00,101.64
2024-10-26 23:00:00,85.26
2024-10-27 00:00:00,92.46
2024-10-27 01:00:00,84.04
2024-10-27 02:00:00,82.23
2024-10-27 03:00:00,76.92
2024-10-27 04:00:00,77.52
2024-10-27 05:00:00,86.47
2024-10-27 06:00:00,87.71
2024-10-27 07:00:00,87.91
2024-10-27 08:00:00,84.1
2024-10-27 09:00:00,66.31
2024-10-27 10:00:00,54.72
2024-10-27 11:00:00,42.5
2024-10-27 12:00:00,39.99
2024-10-27 13:00:00,40.0
2024-10-27 14:00:00,64.74
2024-10-27 15:00:00,115.14
2024-10-27 16:00:00,116.9
2024-10-27 17:00:00,117.15
2024-10-27 18:00:00,123.26
2024-10-27 19:00:00,107.51
2024-10-27 20:00:00,144.5
2024-10-27 21:00:00,131.07
2024-10-27 22:00:00,114.92
2024-10-27 23:00:00,102.99
2024-10-28 00:00:00,96.06
2024-10-28 01:00:00,95.6
2024-10-28 02:00:00,89.84
2024-10-28 03:00:00,85.22
2024-10-28 04:00:00,87.57
2024-10-28 05:00:00,100.87
2024-10-28 06:00:00,133.18
2024-10-28 07:00:00,157.44
2024-10-28 08:00:00,125.08
2024-10-28 09:00:00,113.57
2024-10-28 10:00:00,98.25
2024-10-28 11:00:00,99.07
2024-10-28 12:00:00,95.62
2024-10-28 13:00:00,102.13
2024-10-28 14:00:00,114.91
2024-10-28 15:00:00,127.39
2024-10-28 16:00:00,188.98
2024-10-28 17:00:00,214.05
2024-10-28 18:00:00,182.44
2024-10-28 19:00:00,149.96
2024-10-28 20:00:00,126.0
2024-10-28 21:00:00,115.35
2024-10-28 22:00:00,110.24
2024-10-28 23:00:00,102.72
2024-10-29 00:00:00,101.44
2024-10-29 01:00:00,100.16
2024-10-29 02:00:00,99.38
2024-10-29 03:00:00,99.19
2024-10-29 04:00:00,101.09
2024-10-29 05:00:00,114.29
2024-10-29 06:00:00,128.57
2024-10-29 07:00:00,155.82
2024-10-29 08:00:00,152.47
2024-10-29 09:00:00,130.13
2024-10-29 10:00:00,120.86
2024-10-29 11:00:00,113.29
2024-10-29 12:00:00,105.64
2024-10-29 13:00:00,118.4
2024-10-29 14:00:00,136.41
2024-10-29 15:00:00,173.39
2024-10-29 16:00:00,226.46
2024-10-29 17:00:00,285.8
2024-10-29 18:00:00,253.93
2024-10-29 19:00:00,199.74
2024-10-29 20:00:00,139.43
2024-10-29 21:00:00,124.74
2024-10-29 22:00:00,118.82
2024-10-29 23:00:00,103.86
2024-10-30 00:00:00,101.38
2024-10-30 01:00:00,101.38
2024-10-30 02:00:00,99.0
2024-10-30 03:00:00,99.05
2024-10-30 04:00:00,101.69
2024-10-30 05:00:00,106.78
2024-10-30 06:00:00,124.51
2024-10-30 07:00:00,138.9
2024-10-30 08:00:00,140.13
2024-10-30 09:00:00,124.84
2024-10-30 10:00:00,115.79
2024-10-30 11:00:00,110.28
2024-10-30 12:00:00,102.43
2024-10-30 13:00:00,107.14
2024-10-30 14:00:00,112.25
2024-10-30 15:00:00,127.81
2024-10-30 16:00:00,162.62
2024-10-30 17:00:00,191.32
2024-10-30 18:00:00,192.01
2024-10-30 19:00:00,159.28
2024-10-30 20:00:00,161.17
2024-10-30 21:00:00,124.12
2024-10-30 22:00:00,116.18
2024-10-30 23:00:00,112.62
2024-10-31 00:00:00,104.96
2024-10-31 01:00:00,98.88
2024-10-31 02:00:00,96.95
2024-10-31 03:00:00,95.18
2024-10-31 04:00:00,98.49
2024-10-31 05:00:00,102.77
2024-10-31 06:00:00,121.83
2024-10-31 07:00:00,134.61
2024-10-31 08:00:00,133.74
2024-10-31 09:00:00,123.59
2024-10-31 10:00:00,105.4
2024-10-31 11:00:00,98.35
2024-10-31 12:00:00,88.91
2024-10-31 13:00:00,92.94
2024-10-31 14:00:00,100.61
2024-10-31 15:00:00,129.72
2024-10-31 16:00:00,164.99
2024-10-31 17:00:00,160.23
2024-10-31 18:00:00,183.84
2024-10-31 19:00:00,160.96
2024-10-31 20:00:00,165.0
2024-10-31 21:00:00,142.79
2024-10-31 22:00:00,130.63
2024-10-31 23:00:00,124.03
2024-11-01 00:00:00,116.28
2024-11-01 01:00:00,116.12
2024-11-01 02:00:00,120.77
2024-11-01 03:00:00,123.37
2024-11-01 04:00:00,123.41
2024-11-01 05:00:00,123.84
2024-11-01 06:00:00,102.82
2024-11-01 07:00:00,103.95
2024-11-01 08:00:00,94.04
2024-11-01 09:00:00,88.77
2024-11-01 10:00:00,66.64
2024-11-01 11:00:00,45.81
2024-11-01 12:00:00,46.31
2024-11-01 13:00:00,43.84
2024-11-01 14:00:00,67.77
2024-11-01 15:00:00,93.84
2024-11-01 16:00:00,133.75
2024-11-01 17:00:00,136.72
2024-11-01 18:00:00,135.28
2024-11-01 19:00:00,132.89
2024-11-01 20:00:00,105.82
2024-11-01 21:00:00,120.82
2024-11-01 22:00:00,110.63
2024-11-01 23:00:00,107.4
2024-11-02 00:00:00,99.89
2024-11-02 01:00:00,93.28
2024-11-02 02:00:00,89.31
2024-11-02 03:00:00,86.0
2024-11-02 04:00:00,86.85
2024-11-02 05:00:00,92.26
2024-11-02 06:00:00,97.04
2024-11-02 07:00:00,100.11
2024-11-02 08:00:00,101.16
2024-11-02 09:00:00,95.77
2024-11-02 10:00:00,91.69
2024-11-02 11:00:00,85.51
2024-11-02 12:00:00,89.0
2024-11-02 13:00:00,91.86
2024-11-02 14:00:00,101.7
2024-11-02 15:00:00,120.31
2024-11-02 16:00:00,134.81
2024-11-02 17:00:00,158.66
2024-11-02 18:00:00,149.4
2024-11-02 19:00:00,135.96
2024-11-02 20:00:00,122.52
2024-11-02 21:00:00,111.17
2024-11-02 22:00:00,106.28
2024-11-02 23:00:00,100.61
2024-11-03 00:00:00,101.19
2024-11-03 01:00:00,96.8
2024-11-03 02:00:00,89.16
2024-11-03 03:00:00,85.09
2024-11-03 04:00:00,87.75
2024-11-03 05:00:00,88.83
2024-11-03 06:00:00,95.92
2024-11-03 07:00:00,98.45
2024-11-03 08:00:00,88.79
2024-11-03 09:00:00,85.45
2024-11-03 10:00:00,71.3
2024-11-03 11:00:00,61.1
2024-11-03 12:00:00,52.63
2024-11-03 13:00:00,61.49
2024-11-03 14:00:00,89.37
2024-11-03 15:00:00,106.27
2024-11-03 16:00:00,116.53
2024-11-03 17:00:00,131.14
2024-11-03 18:00:00,131.47
2024-11-03 19:00:00,125.23
2024-11-03 20:00:00,115.52
2024-11-03 21:00:00,118.75
2024-11-03 22:00:00,106.22
2024-11-03 23:00:00,99.82
2024-11-04 00:00:00,92.04
2024-11-04 01:00:00,89.96
2024-11-04 02:00:00,90.07
2024-11-04 03:00:00,89.81
2024-11-04 04:00:00,90.74
2024-11-04 05:00:00,98.75
2024-11-04 06:00:00,125.55
2024-11-04 07:00:00,144.2
2024-11-04 08:00:00,137.65
2024-11-04 09:00:00,121.1
2024-11-04 10:00:00,99.98
2024-11-04 11:00:00,96.34
2024-11-04 12:00:00,94.48
2024-11-04 13:00:00,97.62
2024-11-04 14:00:00,102.93
2024-11-04 15:00:00,139.45
2024-11-04 16:00:00,228.07
2024-11-04 17:00:00,309.45
2024-11-04 18:00:00,256.51
2024-11-04 19:00:00,197.49
2024-11-04 20:00:00,153.47
2024-11-04 21:00:00,121.23
2024-11-04 22:00:00,108.24
2024-11-04 23:00:00,98.04
2024-11-05 00:00:00,101.7
2024-11-05 01:00:00,94.0
2024-11-05 02:00:00,91.33
2024-11-05 03:00:00,93.52
2024-11-05 04:00:00,95.87
2024-11-05 05:00:00,105.25
2024-11-05 06:00:00,125.33
2024-11-05 07:00:00,146.6
2024-11-05 08:00:00,138.5
2024-11-05 09:00:00,118.23
2024-11-05 10:00:00,105.84
2024-11-05 11:00:00,95.24
2024-11-05 12:00:00,94.89
2024-11-05 13:00:00,99.25
2024-11-05 14:00:00,110.17
2024-11-05 15:00:00,150.32
2024-11-05 16:00:00,309.83
2024-11-05 17:00:00,481.59
2024-11-05 18:00:00,452.45
2024-11-05 19:00:00,326.35
2024-11-05 20:00:00,173.43
2024-11-05 21:00:00,130.98
2024-11-05 22:00:00,117.77
2024-11-05 23:00:00,110.03
2024-11-06 00:00:00,106.01
2024-11-06 01:00:00,99.05
2024-11-06 02:00:00,95.49
2024-11-06 03:00:00,97.36
2024-11-06 04:00:00,100.96
2024-11-06 05:00:00,109.38
2024-11-06 06:00:00,158.0
2024-11-06 07:00:00,282.1
2024-11-06 08:00:00,226.34
2024-11-06 09:00:00,135.59
2024-11-06 10:00:00,122.94
2024-11-06 11:00:00,116.92
2024-11-06 12:00:00,114.03
2024-11-06 13:00:00,124.53
2024-11-06 14:00:00,140.89
2024-11-06 15:00:00,253.81
2024-11-06 16:00:00,480.8
2024-11-06 17:00:00,750.0
2024-11-06 18:00:00,741.59
2024-11-06 19:00:00,421.68
2024-11-06 20:00:00,200.02
2024-11-06 21:00:00,132.49
2024-11-06 22:00:00,118.93
2024-11-06 23:00:00,111.53
2024-11-07 00:00:00,109.87
2024-11-07 01:00:00,103.23
2024-11-07 02:00:00,99.92
2024-11-07 03:00:00,100.21
2024-11-07 04:00:00,103.3
2024-11-07 05:00:00,116.13
2024-11-07 06:00:00,150.54
2024-11-07 07:00:00,209.72
2024-11-07 08:00:00,185.54
2024-11-07 09:00:00,139.74
2024-11-07 10:00:00,127.82
2024-11-07 11:00:00,125.89
2024-11-07 12:00:00,124.86
2024-11-07 13:00:00,131.73
2024-11-07 14:00:00,137.21
2024-11-07 15:00:00,186.03
2024-11-07 16:00:00,237.83
2024-11-07 17:00:00,371.2
2024-11-07 18:00:00,283.14
2024-11-07 19:00:00,174.85
2024-11-07 20:00:00,152.02
2024-11-07 21:00:00,121.02
2024-11-07 22:00:00,115.23
2024-11-07 23:00:00,103.24
2024-11-08 00:00:00,106.52
2024-11-08 01:00:00,101.36
2024-11-08 02:00:00,99.09
2024-11-08 03:00:00,98.77
2024-11-08 04:00:00,101.41
2024-11-08 05:00:00,108.7
2024-11-08 06:00:00,148.7
2024-11-08 07:00:00,162.96
2024-11-08 08:00:00,139.8
2024-11-08 09:00:00,126.61
2024-11-08 10:00:00,117.34
2024-11-08 11:00:00,110.94
2024-11-08 12:00:00,105.59
2024-11-08 13:00:00,106.81
2024-11-08 14:00:00,116.06
2024-11-08 15:00:00,116.85
2024-11-08 16:00:00,164.82
2024-11-08 17:00:00,154.95
2024-11-08 18:00:00,153.81
2024-11-08 19:00:00,148.59
2024-11-08 20:00:00,130.62
2024-11-08 21:00:00,121.07
2024-11-08 22:00:00,113.0
2024-11-08 23:00:00,104.06
2024-11-09 00:00:00,105.1
2024-11-09 01:00:00,99.96
2024-11-09 02:00:00,98.0
2024-11-09 03:00:00,96.68
2024-11-09 04:00:00,98.41
2024-11-09 05:00:00,100.71
2024-11-09 06:00:00,104.31
2024-11-09 07:00:00,109.87
2024-11-09 08:00:00,114.1
2024-11-09 09:00:00,114.6
2024-11-09 10:00:00,109.97
2024-11-09 11:00:00,106.4
2024-11-09 12:00:00,106.88
2024-11-09 13:00:00,108.0
2024-11-09 14:00:00,110.18
2024-11-09 15:00:00,121.9
2024-11-09 16:00:00,138.35
2024-11-09 17:00:00,145.87
2024-11-09 18:00:00,145.6
2024-11-09 19:00:00,141.16
2024-11-09 20:00:00,128.32
2024-11-09 21:00:00,117.96
2024-11-09 22:00:00,114.53
2024-11-09 23:00:00,110.1
2024-11-10 00:00:00,104.99
2024-11-10 01:00:00,102.28
2024-11-10 02:00:00,102.21
2024-11-10 03:00:00,101.24
2024-11-10 04:00:00,101.39
2024-11-10 05:00:00,102.49
2024-11-10 06:00:00,100.59
2024-11-10 07:00:00,102.45
2024-11-10 08:00:00,105.76
2024-11-10 09:00:00,111.01
2024-11-10 10:00:00,112.77
2024-11-10 11:00:00,110.13
2024-11-10 12:00:00,110.92
2024-11-10 13:00:00,108.71
2024-11-10 14:00:00,112.83
2024-11-10 15:00:00,125.25
2024-11-10 16:00:00,133.87
2024-11-10 17:00:00,146.92
2024-11-10 18:00:00,145.7
2024-11-10 19:00:00,138.37
2024-11-10 20:00:00,125.31
2024-11-10 21:00:00,115.28
2024-11-10 22:00:00,111.1
2024-11-10 23:00:00,108.02
2024-11-11 00:00:00,109.69
2024-11-11 01:00:00,103.79
2024-11-11 02:00:00,100.04
2024-11-11 03:00:00,98.59
2024-11-11 04:00:00,98.48
2024-11-11 05:00:00,104.53
2024-11-11 06:00:00,128.38
2024-11-11 07:00:00,165.27
2024-11-11 08:00:00,131.35
2024-11-11 09:00:00,136.16
2024-11-11 10:00:00,129.68
2024-11-11 11:00:00,124.08
2024-11-11 12:00:00,119.63
2024-11-11 13:00:00,130.31
2024-11-11 14:00:00,126.45
2024-11-11 15:00:00,165.62
2024-11-11 16:00:00,243.51
2024-11-11 17:00:00,237.52
2024-11-11 18:00:00,202.09
2024-11-11 19:00:00,187.11
2024-11-11 20:00:00,135.28
2024-11-11 21:00:00,114.96
2024-11-11 22:00:00,118.66
2024-11-11 23:00:00,115.99
2024-11-12 00:00:00,110.07
2024-11-12 01:00:00,104.99
2024-11-12 02:00:00,103.14
2024-11-12 03:00:00,107.07
2024-11-12 04:00:00,111.74
2024-11-12 05:00:00,120.61
2024-11-12 06:00:00,155.03
2024-11-12 07:00:00,205.08
2024-11-12 08:00:00,175.97
2024-11-12 09:00:00,192.72
2024-11-12 10:00:00,168.12
2024-11-12 11:00:00,148.91
2024-11-12 12:00:00,166.49
2024-11-12 13:00:00,131.03
2024-11-12 14:00:00,148.7
2024-11-12 15:00:00,161.08
2024-11-12 16:00:00,324.62
2024-11-12 17:00:00,381.71
2024-11-12 18:00:00,252.37
2024-11-12 19:00:00,230.19
2024-11-12 20:00:00,156.99
2024-11-12 21:00:00,136.37
2024-11-12 22:00:00,130.43
2024-11-12 23:00:00,121.68
2024-11-13 00:00:00,118.31
2024-11-13 01:00:00,112.55
2024-11-13 02:00:00,108.43
2024-11-13 03:00:00,108.27
2024-11-13 04:00:00,111.89
2024-11-13 05:00:00,126.22
2024-11-13 06:00:00,228.74
2024-11-13 07:00:00,254.32
2024-11-13 08:00:00,331.52
2024-11-13 09:00:00,315.62
2024-11-13 10:00:00,307.66
2024-11-13 11:00:00,295.96
2024-11-13 12:00:00,305.07
2024-11-13 13:00:00,305.39
2024-11-13 14:00:00,313.56
2024-11-13 15:00:00,264.6
2024-11-13 16:00:00,333.4
2024-11-13 17:00:00,291.83
2024-11-13 18:00:00,287.12
2024-11-13 19:00:00,261.2
2024-11-13 20:00:00,363.56
2024-11-13 21:00:00,201.51
2024-11-13 22:00:00,159.83
2024-11-13 23:00:00,130.8
2024-11-14 00:00:00,124.33
2024-11-14 01:00:00,117.75
2024-11-14 02:00:00,109.17
2024-11-14 03:00:00,105.13
2024-11-14 04:00:00,110.55
2024-11-14 05:00:00,158.34
2024-11-14 06:00:00,203.91
2024-11-14 07:00:00,300.0
2024-11-14 08:00:00,245.96
2024-11-14 09:00:00,196.64
2024-11-14 10:00:00,176.2
2024-11-14 11:00:00,177.76
2024-11-14 12:00:00,182.24
2024-11-14 13:00:00,153.13
2024-11-14 14:00:00,181.02
2024-11-14 15:00:00,193.56
2024-11-14 16:00:00,211.12
2024-11-14 17:00:00,244.06
2024-11-14 18:00:00,228.87
2024-11-14 19:00:00,200.5
2024-11-14 20:00:00,159.92
2024-11-14 21:00:00,134.46
2024-11-14 22:00:00,130.81
2024-11-14 23:00:00,122.16
2024-11-15 00:00:00,135.9
2024-11-15 01:00:00,116.47
2024-11-15 02:00:00,112.07
2024-11-15 03:00:00,111.07
2024-11-15 04:00:00,112.9
2024-11-15 05:00:00,129.41
2024-11-15 06:00:00,159.75
2024-11-15 07:00:00,143.91
2024-11-15 08:00:00,175.16
2024-11-15 09:00:00,162.72
2024-11-15 10:00:00,152.92
2024-11-15 11:00:00,138.72
2024-11-15 12:00:00,128.01
2024-11-15 13:00:00,127.61
2024-11-15 14:00:00,123.61
2024-11-15 15:00:00,181.69
2024-11-15 16:00:00,186.0
2024-11-15 17:00:00,237.23
2024-11-15 18:00:00,220.27
2024-11-15 19:00:00,240.64
2024-11-15 20:00:00,232.87
2024-11-15 21:00:00,209.47
2024-11-15 22:00:00,193.21
2024-11-15 23:00:00,162.91
2024-11-16 00:00:00,154.27
2024-11-16 01:00:00,146.23
2024-11-16 02:00:00,132.52
2024-11-16 03:00:00,139.52
2024-11-16 04:00:00,154.36
2024-11-16 05:00:00,163.86
2024-11-16 06:00:00,215.51
2024-11-16 07:00:00,206.5
2024-11-16 08:00:00,195.64
2024-11-16 09:00:00,140.39
2024-11-16 10:00:00,124.4
2024-11-16 11:00:00,107.31
2024-11-16 12:00:00,103.26
2024-11-16 13:00:00,113.23
2024-11-16 14:00:00,159.8
2024-11-16 15:00:00,175.44
2024-11-16 16:00:00,202.5
2024-11-16 17:00:00,216.25
2024-11-16 18:00:00,270.86
2024-11-16 19:00:00,159.05
2024-11-16 20:00:00,211.03
2024-11-16 21:00:00,231.94
2024-11-16 22:00:00,190.31
2024-11-16 23:00:00,134.94
2024-11-17 00:00:00,124.26
2024-11-17 01:00:00,120.68
2024-11-17 02:00:00,121.81
2024-11-17 03:00:00,120.58
2024-11-17 04:00:00,121.25
2024-11-17 05:00:00,133.94
2024-11-17 06:00:00,135.66
2024-11-17 07:00:00,132.77
2024-11-17 08:00:00,131.07
2024-11-17 09:00:00,125.75
2024-11-17 10:00:00,114.99
2024-11-17 11:00:00,107.61
2024-11-17 12:00:00,98.67
2024-11-17 13:00:00,108.59
2024-11-17 14:00:00,133.34
2024-11-17 15:00:00,124.44
2024-11-17 16:00:00,177.1
2024-11-17 17:00:00,142.74
2024-11-17 18:00:00,178.13
2024-11-17 19:00:00,187.64
2024-11-17 20:00:00,208.94
2024-11-17 21:00:00,172.68
2024-11-17 22:00:00,146.35
2024-11-17 23:00:00,131.15
2024-11-18 00:00:00,121.17
2024-11-18 01:00:00,113.84
2024-11-18 02:00:00,94.8
2024-11-18 03:00:00,79.07
2024-11-18 04:00:00,97.13
2024-11-18 05:00:00,117.62
2024-11-18 06:00:00,183.67
2024-11-18 07:00:00,207.35
2024-11-18 08:00:00,160.23
2024-11-18 09:00:00,143.15
2024-11-18 10:00:00,137.97
2024-11-18 11:00:00,135.84
2024-11-18 12:00:00,142.54
2024-11-18 13:00:00,141.55
2024-11-18 14:00:00,151.1
2024-11-18 15:00:00,180.19
2024-11-18 16:00:00,210.86
2024-11-18 17:00:00,212.5
2024-11-18 18:00:00,218.68
2024-11-18 19:00:00,196.42
2024-11-18 20:00:00,75.04
2024-11-18 21:00:00,95.41
2024-11-18 22:00:00,103.42
2024-11-18 23:00:00,114.95
2024-11-19 00:00:00,112.74
2024-11-19 01:00:00,104.77
2024-11-19 02:00:00,99.93
2024-11-19 03:00:00,95.49
2024-11-19 04:00:00,98.56
2024-11-19 05:00:00,98.35
2024-11-19 06:00:00,153.47
2024-11-19 07:00:00,204.51
2024-11-19 08:00:00,188.77
2024-11-19 09:00:00,161.66
2024-11-19 10:00:00,159.27
2024-11-19 11:00:00,156.4
2024-11-19 12:00:00,151.06
2024-11-19 13:00:00,156.0
2024-11-19 14:00:00,174.14
2024-11-19 15:00:00,208.81
2024-11-19 16:00:00,186.0
2024-11-19 17:00:00,165.86
2024-11-19 18:00:00,174.32
2024-11-19 19:00:00,112.08
2024-11-19 20:00:00,114.74
2024-11-19 21:00:00,113.81
2024-11-19 22:00:00,113.37
2024-11-19 23:00:00,93.59
2024-11-20 00:00:00,114.33
2024-11-20 01:00:00,107.22
2024-11-20 02:00:00,97.37
2024-11-20 03:00:00,84.09
2024-11-20 04:00:00,84.4
2024-11-20 05:00:00,99.58
2024-11-20 06:00:00,129.07
2024-11-20 07:00:00,139.23
2024-11-20 08:00:00,142.87
2024-11-20 09:00:00,141.0
2024-11-20 10:00:00,129.26
2024-11-20 11:00:00,133.58
2024-11-20 12:00:00,126.18
2024-11-20 13:00:00,132.0
2024-11-20 14:00:00,128.11
2024-11-20 15:00:00,142.3
2024-11-20 16:00:00,152.12
2024-11-20 17:00:00,154.86
2024-11-20 18:00:00,153.05
2024-11-20 19:00:00,151.39
2024-11-20 20:00:00,135.98
2024-11-20 21:00:00,127.26
2024-11-20 22:00:00,121.73
2024-11-20 23:00:00,103.5
2024-11-21 00:00:00,93.96
2024-11-21 01:00:00,90.4
2024-11-21 02:00:00,86.8
2024-11-21 03:00:00,84.15
2024-11-21 04:00:00,84.23
2024-11-21 05:00:00,109.37
2024-11-21 06:00:00,146.27
2024-11-21 07:00:00,156.8
2024-11-21 08:00:00,149.15
2024-11-21 09:00:00,136.05
2024-11-21 10:00:00,129.13
2024-11-21 11:00:00,116.91
2024-11-21 12:00:00,115.84
2024-11-21 13:00:00,130.99
2024-11-21 14:00:00,150.28
2024-11-21 15:00:00,162.95
2024-11-21 16:00:00,203.58
2024-11-21 17:00:00,217.37
2024-11-21 18:00:00,176.63
2024-11-21 19:00:00,159.28
2024-11-21 20:00:00,137.52
2024-11-21 21:00:00,121.01
2024-11-21 22:00:00,123.36
2024-11-21 23:00:00,107.66
2024-11-22 00:00:00,117.02
2024-11-22 01:00:00,107.21
2024-11-22 02:00:00,98.31
2024-11-22 03:00:00,92.87
2024-11-22 04:00:00,91.09
2024-11-22 05:00:00,98.04
2024-11-22 06:00:00,142.76
2024-11-22 07:00:00,154.26
2024-11-22 08:00:00,160.86
2024-11-22 09:00:00,153.28
2024-11-22 10:00:00,139.68
2024-11-22 11:00:00,129.39
2024-11-22 12:00:00,126.15
2024-11-22 13:00:00,123.38
2024-11-22 14:00:00,139.44
2024-11-22 15:00:00,159.37
2024-11-22 16:00:00,170.13
2024-11-22 17:00:00,161.14
2024-11-22 18:00:00,152.16
2024-11-22 19:00:00,147.94
2024-11-22 20:00:00,128.13
2024-11-22 21:00:00,108.3
2024-11-22 22:00:00,98.35
2024-11-22 23:00:00,78.47
2024-11-23 00:00:00,94.12
2024-11-23 01:00:00,85.83
2024-11-23 02:00:00,79.82
2024-11-23 03:00:00,84.39
2024-11-23 04:00:00,80.65
2024-11-23 05:00:00,89.22
2024-11-23 06:00:00,105.44
2024-11-23 07:00:00,114.07
2024-11-23 08:00:00,110.07
2024-11-23 09:00:00,85.62
2024-11-23 10:00:00,79.64
2024-11-23 11:00:00,75.58
2024-11-23 12:00:00,73.5
2024-11-23 13:00:00,87.14
2024-11-23 14:00:00,108.18
2024-11-23 15:00:00,136.93
2024-11-23 16:00:00,165.45
2024-11-23 17:00:00,156.66
2024-11-23 18:00:00,168.15
2024-11-23 19:00:00,163.25
2024-11-23 20:00:00,159.84
2024-11-23 21:00:00,132.05
2024-11-23 22:00:00,125.56
2024-11-23 23:00:00,102.64
2024-11-24 00:00:00,104.43
2024-11-24 01:00:00,76.35
2024-11-24 02:00:00,63.96
2024-11-24 03:00:00,59.82
2024-11-24 04:00:00,63.4
2024-11-24 05:00:00,83.0
2024-11-24 06:00:00,97.93
2024-11-24 07:00:00,102.98
2024-11-24 08:00:00,92.27
2024-11-24 09:00:00,84.2
2024-11-24 10:00:00,85.58
2024-11-24 11:00:00,85.46
2024-11-24 12:00:00,90.95
2024-11-24 13:00:00,91.58
2024-11-24 14:00:00,121.59
2024-11-24 15:00:00,143.9
2024-11-24 16:00:00,190.03
2024-11-24 17:00:00,191.05
2024-11-24 18:00:00,150.0
2024-11-24 19:00:00,174.81
2024-11-24 20:00:00,197.55
2024-11-24 21:00:00,175.85
2024-11-24 22:00:00,170.39
2024-11-24 23:00:00,143.25
2024-11-25 00:00:00,97.0
2024-11-25 01:00:00,95.65
2024-11-25 02:00:00,94.37
2024-11-25 03:00:00,84.13
2024-11-25 04:00:00,95.19
2024-11-25 05:00:00,146.19
2024-11-25 06:00:00,212.23
2024-11-25 07:00:00,199.12
2024-11-25 08:00:00,174.72
2024-11-25 09:00:00,126.03
2024-11-25 10:00:00,81.28
2024-11-25 11:00:00,88.96
2024-11-25 12:00:00,89.1
2024-11-25 13:00:00,121.87
2024-11-25 14:00:00,147.3
2024-11-25 15:00:00,196.4
2024-11-25 16:00:00,197.93
2024-11-25 17:00:00,117.71
2024-11-25 18:00:00,128.19
2024-11-25 19:00:00,151.73
2024-11-25 20:00:00,189.2
2024-11-25 21:00:00,176.48
2024-11-25 22:00:00,148.16
2024-11-25 23:00:00,126.93
2024-11-26 00:00:00,108.18
2024-11-26 01:00:00,108.62
2024-11-26 02:00:00,105.61
2024-11-26 03:00:00,106.04
2024-11-26 04:00:00,101.19
2024-11-26 05:00:00,117.06
2024-11-26 06:00:00,157.21
2024-11-26 07:00:00,178.74
2024-11-26 08:00:00,170.19
2024-11-26 09:00:00,140.84
2024-11-26 10:00:00,134.85
2024-11-26 11:00:00,153.19
2024-11-26 12:00:00,154.64
2024-11-26 13:00:00,149.9
2024-11-26 14:00:00,176.06
2024-11-26 15:00:00,202.82
2024-11-26 16:00:00,209.77
2024-11-26 17:00:00,193.75
2024-11-26 18:00:00,183.27
2024-11-26 19:00:00,184.34
2024-11-26 20:00:00,186.67
2024-11-26 21:00:00,165.77
2024-11-26 22:00:00,143.56
2024-11-26 23:00:00,123.6
2024-11-27 00:00:00,118.51
2024-11-27 01:00:00,115.29
2024-11-27 02:00:00,112.07
2024-11-27 03:00:00,114.21
2024-11-27 04:00:00,119.36
2024-11-27 05:00:00,135.31
2024-11-27 06:00:00,159.99
2024-11-27 07:00:00,184.31
2024-11-27 08:00:00,188.14
2024-11-27 09:00:00,181.34
2024-11-27 10:00:00,159.2
2024-11-27 11:00:00,158.12
2024-11-27 12:00:00,156.4
2024-11-27 13:00:00,164.97
2024-11-27 14:00:00,179.91
2024-11-27 15:00:00,201.61
2024-11-27 16:00:00,222.67
2024-11-27 17:00:00,208.65
2024-11-27 18:00:00,194.63
2024-11-27 19:00:00,190.0
2024-11-27 20:00:00,192.0
2024-11-27 21:00:00,170.0
2024-11-27 22:00:00,150.08
2024-11-27 23:00:00,138.84
2024-11-28 00:00:00,127.95
2024-11-28 01:00:00,110.48
2024-11-28 02:00:00,111.55
2024-11-28 03:00:00,112.19
2024-11-28 04:00:00,125.46
2024-11-28 05:00:00,144.63
2024-11-28 06:00:00,166.1
2024-11-28 07:00:00,183.83
2024-11-28 08:00:00,190.76
2024-11-28 09:00:00,171.44
2024-11-28 10:00:00,152.19
2024-11-28 11:00:00,153.08
2024-11-28 12:00:00,152.03
2024-11-28 13:00:00,154.21
2024-11-28 14:00:00,174.42
2024-11-28 15:00:00,156.91
2024-11-28 16:00:00,156.84
2024-11-28 17:00:00,163.29
2024-11-28 18:00:00,160.45
2024-11-28 19:00:00,158.04
2024-11-28 20:00:00,144.04
2024-11-28 21:00:00,133.05
2024-11-28 22:00:00,122.16
2024-11-28 23:00:00,112.6
2024-11-29 00:00:00,110.3
2024-11-29 01:00:00,107.01
2024-11-29 02:00:00,103.47
2024-11-29 03:00:00,103.23
2024-11-29 04:00:00,106.11
2024-11-29 05:00:00,116.11
2024-11-29 06:00:00,143.2
2024-11-29 07:00:00,168.88
2024-11-29 08:00:00,181.36
2024-11-29 09:00:00,163.84
2024-11-29 10:00:00,143.23
2024-11-29 11:00:00,134.53
2024-11-29 12:00:00,128.89
2024-11-29 13:00:00,134.17
2024-11-29 14:00:00,144.82
2024-11-29 15:00:00,163.41
2024-11-29 16:00:00,181.52
2024-11-29 17:00:00,170.41
2024-11-29 18:00:00,155.85
2024-11-29 19:00:00,158.97
2024-11-29 20:00:00,139.21
2024-11-29 21:00:00,124.67
2024-11-29 22:00:00,117.92
2024-11-29 23:00:00,109.13
2024-11-30 00:00:00,110.47
2024-11-30 01:00:00,103.88
2024-11-30 02:00:00,104.45
2024-11-30 03:00:00,103.61
2024-11-30 04:00:00,104.6
2024-11-30 05:00:00,105.4
2024-11-30 06:00:00,115.53
2024-11-30 07:00:00,134.78
2024-11-30 08:00:00,145.7
2024-11-30 09:00:00,131.25
2024-11-30 10:00:00,118.28
2024-11-30 11:00:00,116.76
2024-11-30 12:00:00,114.48
2024-11-30 13:00:00,116.97
2024-11-30 14:00:00,121.09
2024-11-30 15:00:00,140.75
2024-11-30 16:00:00,152.9
2024-11-30 17:00:00,154.45
2024-11-30 18:00:00,145.27
2024-11-30 19:00:00,131.96
2024-11-30 20:00:00,124.51
2024-11-30 21:00:00,115.08
2024-11-30 22:00:00,114.78
2024-11-30 23:00:00,106.67
2024-12-01 00:00:00,99.66
2024-12-01 01:00:00,90.01
2024-12-01 02:00:00,88.14
2024-12-01 03:00:00,85.7
2024-12-01 04:00:00,84.95
2024-12-01 05:00:00,85.72
2024-12-01 06:00:00,84.79
2024-12-01 07:00:00,90.11
2024-12-01 08:00:00,99.77
2024-12-01 09:00:00,94.6
2024-12-01 10:00:00,89.3
2024-12-01 11:00:00,82.38
2024-12-01 12:00:00,85.25
2024-12-01 13:00:00,83.08
2024-12-01 14:00:00,100.05
2024-12-01 15:00:00,109.6
2024-12-01 16:00:00,131.28
2024-12-01 17:00:00,136.87
2024-12-01 18:00:00,146.24
2024-12-01 19:00:00,158.71
2024-12-01 20:00:00,142.55
2024-12-01 21:00:00,120.35
2024-12-01 22:00:00,105.69
2024-12-01 23:00:00,85.0
2024-12-02 00:00:00,86.08
2024-12-02 01:00:00,81.35
2024-12-02 02:00:00,76.65
2024-12-02 03:00:00,69.92
2024-12-02 04:00:00,89.28
2024-12-02 05:00:00,110.15
2024-12-02 06:00:00,135.44
2024-12-02 07:00:00,160.66
2024-12-02 08:00:00,163.9
2024-12-02 09:00:00,155.12
2024-12-02 10:00:00,139.19
2024-12-02 11:00:00,132.32
2024-12-02 12:00:00,124.17
2024-12-02 13:00:00,129.79
2024-12-02 14:00:00,146.49
2024-12-02 15:00:00,170.69
2024-12-02 16:00:00,177.88
2024-12-02 17:00:00,171.55
2024-12-02 18:00:00,167.73
2024-12-02 19:00:00,170.36
2024-12-02 20:00:00,177.81
2024-12-02 21:00:00,155.8
2024-12-02 22:00:00,138.81
2024-12-02 23:00:00,115.75
2024-12-03 00:00:00,119.64
2024-12-03 01:00:00,115.93
2024-12-03 02:00:00,113.24
2024-12-03 03:00:00,108.77
2024-12-03 04:00:00,112.67
2024-12-03 05:00:00,125.02
2024-12-03 06:00:00,153.44
2024-12-03 07:00:00,202.39
2024-12-03 08:00:00,237.01
2024-12-03 09:00:00,226.85
2024-12-03 10:00:00,187.98
2024-12-03 11:00:00,185.48
2024-12-03 12:00:00,192.63
2024-12-03 13:00:00,184.28
2024-12-03 14:00:00,193.28
2024-12-03 15:00:00,206.81
2024-12-03 16:00:00,212.01
2024-12-03 17:00:00,210.73
2024-12-03 18:00:00,197.88
2024-12-03 19:00:00,189.83
2024-12-03 20:00:00,171.79
2024-12-03 21:00:00,154.28
2024-12-03 22:00:00,142.08
2024-12-03 23:00:00,130.81
2024-12-04 00:00:00,122.22
2024-12-04 01:00:00,116.66
2024-12-04 02:00:00,112.79
2024-12-04 03:00:00,110.26
2024-12-04 04:00:00,114.96
2024-12-04 05:00:00,124.47
2024-12-04 06:00:00,148.91
2024-12-04 07:00:00,225.7
2024-12-04 08:00:00,280.45
2024-12-04 09:00:00,254.95
2024-12-04 10:00:00,220.39
2024-12-04 11:00:00,223.83
2024-12-04 12:00:00,216.35
2024-12-04 13:00:00,227.56
2024-12-04 14:00:00,237.3
2024-12-04 15:00:00,247.32
2024-12-04 16:00:00,263.45
2024-12-04 17:00:00,285.49
2024-12-04 18:00:00,228.89
2024-12-04 19:00:00,199.83
2024-12-04 20:00:00,167.95
2024-12-04 21:00:00,146.53
2024-12-04 22:00:00,127.85
2024-12-04 23:00:00,113.19
2024-12-05 00:00:00,114.77
2024-12-05 01:00:00,105.74
2024-12-05 02:00:00,103.69
2024-12-05 03:00:00,104.07
2024-12-05 04:00:00,107.56
2024-12-05 05:00:00,118.16
2024-12-05 06:00:00,152.04
2024-12-05 07:00:00,355.28
2024-12-05 08:00:00,237.06
2024-12-05 09:00:00,205.24
2024-12-05 10:00:00,171.17
2024-12-05 11:00:00,171.17
2024-12-05 12:00:00,173.13
2024-12-05 13:00:00,229.14
2024-12-05 14:00:00,286.1
2024-12-05 15:00:00,307.62
2024-12-05 16:00:00,505.88
2024-12-05 17:00:00,189.52
2024-12-05 18:00:00,183.89
2024-12-05 19:00:00,198.95
2024-12-05 20:00:00,208.89
2024-12-05 21:00:00,172.32
2024-12-05 22:00:00,143.07
2024-12-05 23:00:00,128.1
2024-12-06 00:00:00,135.86
2024-12-06 01:00:00,125.75
2024-12-06 02:00:00,101.57
2024-12-06 03:00:00,90.67
2024-12-06 04:00:00,93.3
2024-12-06 05:00:00,135.32
2024-12-06 06:00:00,144.5
2024-12-06 07:00:00,204.53
2024-12-06 08:00:00,200.61
2024-12-06 09:00:00,186.37
2024-12-06 10:00:00,175.38
2024-12-06 11:00:00,173.56
2024-12-06 12:00:00,274.83
2024-12-06 13:00:00,175.1
2024-12-06 14:00:00,165.27
2024-12-06 15:00:00,189.4
2024-12-06 16:00:00,179.87
2024-12-06 17:00:00,188.57
2024-12-06 18:00:00,182.43
2024-12-06 19:00:00,181.42
2024-12-06 20:00:00,169.62
2024-12-06 21:00:00,158.32
2024-12-06 22:00:00,140.86
2024-12-06 23:00:00,107.51
2024-12-07 00:00:00,102.71
2024-12-07 01:00:00,92.98
2024-12-07 02:00:00,78.38
2024-12-07 03:00:00,72.86
2024-12-07 04:00:00,79.67
2024-12-07 05:00:00,85.22
2024-12-07 06:00:00,120.66
2024-12-07 07:00:00,122.64
2024-12-07 08:00:00,192.69
2024-12-07 09:00:00,185.33
2024-12-07 10:00:00,167.38
2024-12-07 11:00:00,154.26
2024-12-07 12:00:00,146.38
2024-12-07 13:00:00,140.11
2024-12-07 14:00:00,150.16
2024-12-07 15:00:00,154.56
2024-12-07 16:00:00,201.14
2024-12-07 17:00:00,208.87
2024-12-07 18:00:00,209.7
2024-12-07 19:00:00,205.64
2024-12-07 20:00:00,182.04
2024-12-07 21:00:00,151.32
2024-12-07 22:00:00,131.34
2024-12-07 23:00:00,103.6
2024-12-08 00:00:00,98.57
2024-12-08 01:00:00,92.06
2024-12-08 02:00:00,88.83
2024-12-08 03:00:00,86.17
2024-12-08 04:00:00,87.02
2024-12-08 05:00:00,94.77
2024-12-08 06:00:00,95.29
2024-12-08 07:00:00,98.99
2024-12-08 08:00:00,103.8
2024-12-08 09:00:00,112.04
2024-12-08 10:00:00,114.11
2024-12-08 11:00:00,120.92
2024-12-08 12:00:00,121.13
2024-12-08 13:00:00,119.39
2024-12-08 14:00:00,117.04
2024-12-08 15:00:00,128.87
2024-12-08 16:00:00,142.88
2024-12-08 17:00:00,148.47
2024-12-08 18:00:00,156.42
2024-12-08 19:00:00,141.9
2024-12-08 20:00:00,133.07
2024-12-08 21:00:00,114.03
2024-12-08 22:00:00,101.52
2024-12-08 23:00:00,88.42
2024-12-09 00:00:00,72.18
2024-12-09 01:00:00,56.76
2024-12-09 02:00:00,35.3
2024-12-09 03:00:00,35.44
2024-12-09 04:00:00,41.78
2024-12-09 05:00:00,79.13
2024-12-09 06:00:00,124.76
2024-12-09 07:00:00,154.82
2024-12-09 08:00:00,151.68
2024-12-09 09:00:00,150.76
2024-12-09 10:00:00,144.79
2024-12-09 11:00:00,145.18
2024-12-09 12:00:00,142.62
2024-12-09 13:00:00,150.0
2024-12-09 14:00:00,166.8
2024-12-09 15:00:00,206.06
2024-12-09 16:00:00,219.02
2024-12-09 17:00:00,220.35
2024-12-09 18:00:00,218.43
2024-12-09 19:00:00,211.44
2024-12-09 20:00:00,211.2
2024-12-09 21:00:00,195.25
2024-12-09 22:00:00,152.07
2024-12-09 23:00:00,129.57
2024-12-10 00:00:00,96.49
2024-12-10 01:00:00,93.28
2024-12-10 02:00:00,91.58
2024-12-10 03:00:00,92.32
2024-12-10 04:00:00,98.18
2024-12-10 05:00:00,117.65
2024-12-10 06:00:00,147.01
2024-12-10 07:00:00,191.28
2024-12-10 08:00:00,178.9
2024-12-10 09:00:00,179.11
2024-12-10 10:00:00,182.91
2024-12-10 11:00:00,185.58
2024-12-10 12:00:00,181.3
2024-12-10 13:00:00,188.1
2024-12-10 14:00:00,187.21
2024-12-10 15:00:00,194.99
2024-12-10 16:00:00,196.26
2024-12-10 17:00:00,197.7
2024-12-10 18:00:00,181.0
2024-12-10 19:00:00,180.0
2024-12-10 20:00:00,165.78
2024-12-10 21:00:00,150.32
2024-12-10 22:00:00,138.0
2024-12-10 23:00:00,121.37
2024-12-11 00:00:00,114.58
2024-12-11 01:00:00,107.69
2024-12-11 02:00:00,106.66
2024-12-11 03:00:00,105.46
2024-12-11 04:00:00,107.64
2024-12-11 05:00:00,123.09
2024-12-11 06:00:00,158.03
2024-12-11 07:00:00,280.69
2024-12-11 08:00:00,354.54
2024-12-11 09:00:00,368.95
2024-12-11 10:00:00,346.32
2024-12-11 11:00:00,367.93
2024-12-11 12:00:00,368.51
2024-12-11 13:00:00,385.31
2024-12-11 14:00:00,365.24
2024-12-11 15:00:00,376.14
2024-12-11 16:00:00,436.79
2024-12-11 17:00:00,442.45
2024-12-11 18:00:00,359.74
2024-12-11 19:00:00,333.93
2024-12-11 20:00:00,204.47
2024-12-11 21:00:00,170.1
2024-12-11 22:00:00,150.0
2024-12-11 23:00:00,137.3
2024-12-12 00:00:00,122.24
2024-12-12 01:00:00,115.3
2024-12-12 02:00:00,109.96
2024-12-12 03:00:00,107.35
2024-12-12 04:00:00,112.51
2024-12-12 05:00:00,123.92
2024-12-12 06:00:00,173.26
2024-12-12 07:00:00,564.24
2024-12-12 08:00:00,605.93
2024-12-12 09:00:00,415.0
2024-12-12 10:00:00,383.66
2024-12-12 11:00:00,384.49
2024-12-12 12:00:00,381.2
2024-12-12 13:00:00,380.01
2024-12-12 14:00:00,448.48
2024-12-12 15:00:00,601.61
2024-12-12 16:00:00,795.12
2024-12-12 17:00:00,850.0
2024-12-12 18:00:00,670.0
2024-12-12 19:00:00,547.94
2024-12-12 20:00:00,294.48
2024-12-12 21:00:00,169.4
2024-12-12 22:00:00,150.0
2024-12-12 23:00:00,134.75
2024-12-13 00:00:00,130.07
2024-12-13 01:00:00,122.9
2024-12-13 02:00:00,118.97
2024-12-13 03:00:00,114.95
2024-12-13 04:00:00,115.64
2024-12-13 05:00:00,125.53
2024-12-13 06:00:00,155.58
2024-12-13 07:00:00,187.74
2024-12-13 08:00:00,253.0
2024-12-13 09:00:00,245.74
2024-12-13 10:00:00,208.42
2024-12-13 11:00:00,178.79
2024-12-13 12:00:00,169.33
2024-12-13 13:00:00,165.0
2024-12-13 14:00:00,184.5
2024-12-13 15:00:00,220.77
2024-12-13 16:00:00,250.17
2024-12-13 17:00:00,284.21
2024-12-13 18:00:00,260.0
2024-12-13 19:00:00,225.6
2024-12-13 20:00:00,175.0
2024-12-13 21:00:00,146.22
2024-12-13 22:00:00,135.09
2024-12-13 23:00:00,116.52
2024-12-14 00:00:00,116.94
2024-12-14 01:00:00,111.36
2024-12-14 02:00:00,108.04
2024-12-14 03:00:00,99.02
2024-12-14 04:00:00,93.44
2024-12-14 05:00:00,91.55
2024-12-14 06:00:00,136.77
2024-12-14 07:00:00,154.43
2024-12-14 08:00:00,137.74
2024-12-14 09:00:00,131.03
2024-12-14 10:00:00,130.03
2024-12-14 11:00:00,129.49
2024-12-14 12:00:00,129.18
2024-12-14 13:00:00,129.3
2024-12-14 14:00:00,145.0
2024-12-14 15:00:00,142.39
2024-12-14 16:00:00,146.76
2024-12-14 17:00:00,150.93
2024-12-14 18:00:00,155.26
2024-12-14 19:00:00,153.83
2024-12-14 20:00:00,138.87
2024-12-14 21:00:00,142.08
2024-12-14 22:00:00,123.92
2024-12-14 23:00:00,103.72
2024-12-15 00:00:00,102.12
2024-12-15 01:00:00,94.6
2024-12-15 02:00:00,93.38
2024-12-15 03:00:00,81.03
2024-12-15 04:00:00,74.18
2024-12-15 05:00:00,78.68
2024-12-15 06:00:00,83.31
2024-12-15 07:00:00,126.87
2024-12-15 08:00:00,98.91
2024-12-15 09:00:00,94.85
2024-12-15 10:00:00,103.14
2024-12-15 11:00:00,104.75
2024-12-15 12:00:00,99.9
2024-12-15 13:00:00,99.08
2024-12-15 14:00:00,115.15
2024-12-15 15:00:00,134.91
2024-12-15 16:00:00,147.64
2024-12-15 17:00:00,200.0
2024-12-15 18:00:00,193.19
2024-12-15 19:00:00,197.08
2024-12-15 20:00:00,198.52
2024-12-15 21:00:00,182.91
2024-12-15 22:00:00,158.06
2024-12-15 23:00:00,130.74
2024-12-16 00:00:00,130.93
2024-12-16 01:00:00,96.79
2024-12-16 02:00:00,60.29
2024-12-16 03:00:00,102.56
2024-12-16 04:00:00,110.44
2024-12-16 05:00:00,170.89
2024-12-16 06:00:00,225.11
2024-12-16 07:00:00,245.47
2024-12-16 08:00:00,194.82
2024-12-16 09:00:00,142.09
2024-12-16 10:00:00,117.21
2024-12-16 11:00:00,97.36
2024-12-16 12:00:00,99.8
2024-12-16 13:00:00,113.97
2024-12-16 14:00:00,135.58
2024-12-16 15:00:00,165.16
2024-12-16 16:00:00,215.25
2024-12-16 17:00:00,202.39
2024-12-16 18:00:00,212.92
2024-12-16 19:00:00,205.9
2024-12-16 20:00:00,194.58
2024-12-16 21:00:00,166.11
2024-12-16 22:00:00,158.89
2024-12-16 23:00:00,107.28
2024-12-17 00:00:00,93.42
2024-12-17 01:00:00,88.39
2024-12-17 02:00:00,69.3
2024-12-17 03:00:00,68.43
2024-12-17 04:00:00,101.04
2024-12-17 05:00:00,135.43
2024-12-17 06:00:00,157.47
2024-12-17 07:00:00,177.65
2024-12-17 08:00:00,143.37
2024-12-17 09:00:00,127.5
2024-12-17 10:00:00,113.62
2024-12-17 11:00:00,104.99
2024-12-17 12:00:00,104.51
2024-12-17 13:00:00,108.44
2024-12-17 14:00:00,120.89
2024-12-17 15:00:00,152.32
2024-12-17 16:00:00,154.46
2024-12-17 17:00:00,140.35
2024-12-17 18:00:00,129.78
2024-12-17 19:00:00,116.64
2024-12-17 20:00:00,150.0
2024-12-17 21:00:00,158.95
2024-12-17 22:00:00,134.42
2024-12-17 23:00:00,126.97
2024-12-18 00:00:00,91.75
2024-12-18 01:00:00,87.93
2024-12-18 02:00:00,83.36
2024-12-18 03:00:00,82.8
2024-12-18 04:00:00,88.16
2024-12-18 05:00:00,143.77
2024-12-18 06:00:00,202.03
2024-12-18 07:00:00,286.12
2024-12-18 08:00:00,190.43
2024-12-18 09:00:00,155.61
2024-12-18 10:00:00,110.22
2024-12-18 11:00:00,113.8
2024-12-18 12:00:00,110.5
2024-12-18 13:00:00,113.28
2024-12-18 14:00:00,141.83
2024-12-18 15:00:00,233.81
2024-12-18 16:00:00,230.85
2024-12-18 17:00:00,253.42
2024-12-18 18:00:00,238.48
2024-12-18 19:00:00,239.83
2024-12-18 20:00:00,218.49
2024-12-18 21:00:00,202.51
2024-12-18 22:00:00,162.62
2024-12-18 23:00:00,144.29
2024-12-19 00:00:00,144.95
2024-12-19 01:00:00,141.7
2024-12-19 02:00:00,137.55
2024-12-19 03:00:00,143.34
2024-12-19 04:00:00,126.5
2024-12-19 05:00:00,81.6
2024-12-19 06:00:00,142.33
2024-12-19 07:00:00,153.0
2024-12-19 08:00:00,157.47
2024-12-19 09:00:00,126.54
2024-12-19 10:00:00,99.05
2024-12-19 11:00:00,92.36
2024-12-19 12:00:00,88.13
2024-12-19 13:00:00,107.33
2024-12-19 14:00:00,118.55
2024-12-19 15:00:00,139.27
2024-12-19 16:00:00,139.75
2024-12-19 17:00:00,140.0
2024-12-19 18:00:00,142.8
2024-12-19 19:00:00,167.39
2024-12-19 20:00:00,153.32
2024-12-19 21:00:00,114.46
2024-12-19 22:00:00,83.1
2024-12-19 23:00:00,21.21
2024-12-20 00:00:00,73.07
2024-12-20 01:00:00,57.11
2024-12-20 02:00:00,37.64
2024-12-20 03:00:00,38.42
2024-12-20 04:00:00,47.37
2024-12-20 05:00:00,81.54
2024-12-20 06:00:00,127.13
2024-12-20 07:00:00,138.28
2024-12-20 08:00:00,136.08
2024-12-20 09:00:00,124.15
2024-12-20 10:00:00,113.64
2024-12-20 11:00:00,125.55
2024-12-20 12:00:00,125.91
2024-12-20 13:00:00,132.68
2024-12-20 14:00:00,136.88
2024-12-20 15:00:00,133.36
2024-12-20 16:00:00,141.16
2024-12-20 17:00:00,129.0
2024-12-20 18:00:00,136.0
2024-12-20 19:00:00,129.0
2024-12-20 20:00:00,123.56
2024-12-20 21:00:00,102.97
2024-12-20 22:00:00,75.02
2024-12-20 23:00:00,60.65
2024-12-21 00:00:00,54.94
2024-12-21 01:00:00,42.09
2024-12-21 02:00:00,36.33
2024-12-21 03:00:00,19.41
2024-12-21 04:00:00,18.11
2024-12-21 05:00:00,39.26
2024-12-21 06:00:00,67.1
2024-12-21 07:00:00,80.4
2024-12-21 08:00:00,80.56
2024-12-21 09:00:00,80.0
2024-12-21 10:00:00,72.61
2024-12-21 11:00:00,59.0
2024-12-21 12:00:00,63.44
2024-12-21 13:00:00,83.98
2024-12-21 14:00:00,107.89
2024-12-21 15:00:00,128.87
2024-12-21 16:00:00,142.63
2024-12-21 17:00:00,138.99
2024-12-21 18:00:00,141.23
2024-12-21 19:00:00,145.83
2024-12-21 20:00:00,143.82
2024-12-21 21:00:00,121.37
2024-12-21 22:00:00,141.96
2024-12-21 23:00:00,100.86
2024-12-22 00:00:00,109.3
2024-12-22 01:00:00,117.16
2024-12-22 02:00:00,113.38
2024-12-22 03:00:00,90.81
2024-12-22 04:00:00,109.87
2024-12-22 05:00:00,142.07
2024-12-22 06:00:00,155.27
2024-12-22 07:00:00,170.88
2024-12-22 08:00:00,159.52
2024-12-22 09:00:00,110.59
2024-12-22 10:00:00,84.61
2024-12-22 11:00:00,99.33
2024-12-22 12:00:00,100.9
2024-12-22 13:00:00,104.76
2024-12-22 14:00:00,120.84
2024-12-22 15:00:00,151.0
2024-12-22 16:00:00,147.4
2024-12-22 17:00:00,151.53
2024-12-22 18:00:00,154.61
2024-12-22 19:00:00,159.19
2024-12-22 20:00:00,137.19
2024-12-22 21:00:00,117.49
2024-12-22 22:00:00,83.48
2024-12-22 23:00:00,85.1
2024-12-23 00:00:00,56.9
2024-12-23 01:00:00,27.72
2024-12-23 02:00:00,16.29
2024-12-23 03:00:00,10.1
2024-12-23 04:00:00,19.11
2024-12-23 05:00:00,66.14
2024-12-23 06:00:00,147.89
2024-12-23 07:00:00,197.63
2024-12-23 08:00:00,197.99
2024-12-23 09:00:00,151.55
2024-12-23 10:00:00,139.06
2024-12-23 11:00:00,125.81
2024-12-23 12:00:00,118.6
2024-12-23 13:00:00,119.5
2024-12-23 14:00:00,127.66
2024-12-23 15:00:00,136.95
2024-12-23 16:00:00,150.1
2024-12-23 17:00:00,141.6
2024-12-23 18:00:00,130.0
2024-12-23 19:00:00,129.78
2024-12-23 20:00:00,120.85
2024-12-23 21:00:00,108.7
2024-12-23 22:00:00,105.82
2024-12-23 23:00:00,98.6
2024-12-24 00:00:00,86.03
2024-12-24 01:00:00,82.84
2024-12-24 02:00:00,81.89
2024-12-24 03:00:00,78.0
2024-12-24 04:00:00,78.78
2024-12-24 05:00:00,80.6
2024-12-24 06:00:00,85.07
2024-12-24 07:00:00,100.83
2024-12-24 08:00:00,115.09
2024-12-24 09:00:00,120.95
2024-12-24 10:00:00,120.0
2024-12-24 11:00:00,118.16
2024-12-24 12:00:00,117.49
2024-12-24 13:00:00,115.38
2024-12-24 14:00:00,117.98
2024-12-24 15:00:00,119.5
2024-12-24 16:00:00,120.21
2024-12-24 17:00:00,118.0
2024-12-24 18:00:00,110.98
2024-12-24 19:00:00,105.66
2024-12-24 20:00:00,102.56
2024-12-24 21:00:00,94.63
2024-12-24 22:00:00,99.04
2024-12-24 23:00:00,90.0
2024-12-25 00:00:00,91.37
2024-12-25 01:00:00,86.44
2024-12-25 02:00:00,85.07
2024-12-25 03:00:00,80.81
2024-12-25 04:00:00,75.99
2024-12-25 05:00:00,80.81
2024-12-25 06:00:00,83.01
2024-12-25 07:00:00,84.94
2024-12-25 08:00:00,90.21
2024-12-25 09:00:00,99.24
2024-12-25 10:00:00,93.56
2024-12-25 11:00:00,92.55
2024-12-25 12:00:00,94.41
2024-12-25 13:00:00,91.03
2024-12-25 14:00:00,99.76
2024-12-25 15:00:00,113.78
2024-12-25 16:00:00,118.69
2024-12-25 17:00:00,120.72
2024-12-25 18:00:00,119.36
2024-12-25 19:00:00,118.14
2024-12-25 20:00:00,118.53
2024-12-25 21:00:00,113.01
2024-12-25 22:00:00,114.07
2024-12-25 23:00:00,104.63
2024-12-26 00:00:00,102.17
2024-12-26 01:00:00,95.06
2024-12-26 02:00:00,94.61
2024-12-26 03:00:00,89.64
2024-12-26 04:00:00,90.87
2024-12-26 05:00:00,95.1
2024-12-26 06:00:00,99.0
2024-12-26 07:00:00,112.8
2024-12-26 08:00:00,121.24
2024-12-26 09:00:00,118.23
2024-12-26 10:00:00,113.25
2024-12-26 11:00:00,106.01
2024-12-26 12:00:00,107.71
2024-12-26 13:00:00,103.9
2024-12-26 14:00:00,109.64
2024-12-26 15:00:00,120.75
2024-12-26 16:00:00,129.98
2024-12-26 17:00:00,137.9
2024-12-26 18:00:00,138.05
2024-12-26 19:00:00,135.71
2024-12-26 20:00:00,129.13
2024-12-26 21:00:00,120.85
2024-12-26 22:00:00,123.5
2024-12-26 23:00:00,116.98
2024-12-27 00:00:00,106.79
2024-12-27 01:00:00,101.52
2024-12-27 02:00:00,101.03
2024-12-27 03:00:00,99.74
2024-12-27 04:00:00,99.58
2024-12-27 05:00:00,106.2
2024-12-27 06:00:00,115.7
2024-12-27 07:00:00,124.29
2024-12-27 08:00:00,131.85
2024-12-27 09:00:00,130.15
2024-12-27 10:00:00,120.1
2024-12-27 11:00:00,107.94
2024-12-27 12:00:00,107.81
2024-12-27 13:00:00,107.94
2024-12-27 14:00:00,122.28
2024-12-27 15:00:00,137.7
2024-12-27 16:00:00,147.15
2024-12-27 17:00:00,151.92
2024-12-27 18:00:00,158.4
2024-12-27 19:00:00,146.43
2024-12-27 20:00:00,133.14
2024-12-27 21:00:00,125.42
2024-12-27 22:00:00,126.76
2024-12-27 23:00:00,114.0
2024-12-28 00:00:00,126.4
2024-12-28 01:00:00,116.63
2024-12-28 02:00:00,110.15
2024-12-28 03:00:00,105.92
2024-12-28 04:00:00,102.93
2024-12-28 05:00:00,105.58
2024-12-28 06:00:00,109.71
2024-12-28 07:00:00,124.24
2024-12-28 08:00:00,128.0
2024-12-28 09:00:00,128.3
2024-12-28 10:00:00,122.83
2024-12-28 11:00:00,113.4
2024-12-28 12:00:00,108.97
2024-12-28 13:00:00,110.01
2024-12-28 14:00:00,118.01
2024-12-28 15:00:00,139.01
2024-12-28 16:00:00,130.28
2024-12-28 17:00:00,134.21
2024-12-28 18:00:00,136.68
2024-12-28 19:00:00,126.87
2024-12-28 20:00:00,118.08
2024-12-28 21:00:00,125.9
2024-12-28 22:00:00,121.25
2024-12-28 23:00:00,116.79
2024-12-29 00:00:00,127.39
2024-12-29 01:00:00,114.09
2024-12-29 02:00:00,107.71
2024-12-29 03:00:00,101.7
2024-12-29 04:00:00,97.73
2024-12-29 05:00:00,98.61
2024-12-29 06:00:00,98.16
2024-12-29 07:00:00,102.91
2024-12-29 08:00:00,110.71
2024-12-29 09:00:00,116.33
2024-12-29 10:00:00,106.17
2024-12-29 11:00:00,104.73
2024-12-29 12:00:00,104.73
2024-12-29 13:00:00,100.8
2024-12-29 14:00:00,98.62
2024-12-29 15:00:00,124.3
2024-12-29 16:00:00,124.54
2024-12-29 17:00:00,173.87
2024-12-29 18:00:00,193.26
2024-12-29 19:00:00,206.72
2024-12-29 20:00:00,194.97
2024-12-29 21:00:00,195.95
2024-12-29 22:00:00,167.31
2024-12-29 23:00:00,149.98
2024-12-30 00:00:00,123.82
2024-12-30 01:00:00,106.99
2024-12-30 02:00:00,102.1
2024-12-30 03:00:00,97.07
2024-12-30 04:00:00,114.45
2024-12-30 05:00:00,145.11
2024-12-30 06:00:00,169.81
2024-12-30 07:00:00,199.01
2024-12-30 08:00:00,180.13
2024-12-30 09:00:00,141.66
2024-12-30 10:00:00,115.8
2024-12-30 11:00:00,105.08
2024-12-30 12:00:00,102.92
2024-12-30 13:00:00,113.37
2024-12-30 14:00:00,119.32
2024-12-30 15:00:00,167.72
2024-12-30 16:00:00,170.0
2024-12-30 17:00:00,99.06
2024-12-30 18:00:00,198.93
2024-12-30 19:00:00,165.93
2024-12-30 20:00:00,184.44
2024-12-30 21:00:00,203.88
2024-12-30 22:00:00,168.46
2024-12-30 23:00:00,162.92
2024-12-31 00:00:00,96.99
2024-12-31 01:00:00,93.92
2024-12-31 02:00:00,101.14
2024-12-31 03:00:00,100.01
2024-12-31 04:00:00,98.47
2024-12-31 05:00:00,97.23
2024-12-31 06:00:00,83.82
2024-12-31 07:00:00,110.0
2024-12-31 08:00:00,114.18
2024-12-31 09:00:00,121.62
2024-12-31 10:00:00,112.62
2024-12-31 11:00:00,103.08
2024-12-31 12:00:00,103.02
2024-12-31 13:00:00,105.36
2024-12-31 14:00:00,136.81
2024-12-31 15:00:00,168.75
2024-12-31 16:00:00,160.0
2024-12-31 17:00:00,114.19
2024-12-31 18:00:00,139.4
2024-12-31 19:00:00,200.0
2024-12-31 20:00:00,204.61
2024-12-31 21:00:00,186.25
2024-12-31 22:00:00,146.52
2024-12-31 23:00:00,141.68
2025-01-01 00:00:00,180.0
2025-01-01 01:00:00,138.56
2025-01-01 02:00:00,127.12
2025-01-01 03:00:00,64.8
2025-01-01 04:00:00,71.09
2025-01-01 05:00:00,3.0
2025-01-01 06:00:00,-3.67
2025-01-01 07:00:00,-5.71
2025-01-01 08:00:00,18.94
2025-01-01 09:00:00,26.27
2025-01-01 10:00:00,13.0
2025-01-01 11:00:00,17.0
2025-01-01 12:00:00,13.62
2025-01-01 13:00:00,23.0
2025-01-01 14:00:00,66.8
2025-01-01 15:00:00,106.12
2025-01-01 16:00:00,92.4
2025-01-01 17:00:00,81.3
2025-01-01 18:00:00,154.26
2025-01-01 19:00:00,162.05
2025-01-01 20:00:00,164.55
2025-01-01 21:00:00,161.31
2025-01-01 22:00:00,76.9
2025-01-01 23:00:00,26.69
2025-01-02 00:00:00,59.77
2025-01-02 01:00:00,50.0
2025-01-02 02:00:00,68.88
2025-01-02 03:00:00,48.58
2025-01-02 04:00:00,55.14
2025-01-02 05:00:00,76.21
2025-01-02 06:00:00,136.2
2025-01-02 07:00:00,157.86
2025-01-02 08:00:00,130.0
2025-01-02 09:00:00,133.44
2025-01-02 10:00:00,129.06
2025-01-02 11:00:00,124.28
2025-01-02 12:00:00,124.0
2025-01-02 13:00:00,116.92
2025-01-02 14:00:00,125.5
2025-01-02 15:00:00,130.11
2025-01-02 16:00:00,146.6
2025-01-02 17:00:00,147.27
2025-01-02 18:00:00,150.81
2025-01-02 19:00:00,134.22
2025-01-02 20:00:00,131.58
2025-01-02 21:00:00,126.43
2025-01-02 22:00:00,118.34
2025-01-02 23:00:00,87.39
2025-01-03 00:00:00,104.27
2025-01-03 01:00:00,95.84
2025-01-03 02:00:00,90.4
2025-01-03 03:00:00,88.17
2025-01-03 04:00:00,87.22
2025-01-03 05:00:00,93.67
2025-01-03 06:00:00,115.1
2025-01-03 07:00:00,159.49
2025-01-03 08:00:00,155.09
2025-01-03 09:00:00,146.06
2025-01-03 10:00:00,126.68
2025-01-03 11:00:00,111.59
2025-01-03 12:00:00,111.12
2025-01-03 13:00:00,109.9
2025-01-03 14:00:00,121.61
2025-01-03 15:00:00,142.0
2025-01-03 16:00:00,165.35
2025-01-03 17:00:00,147.62
2025-01-03 18:00:00,166.41
2025-01-03 19:00:00,165.91
2025-01-03 20:00:00,151.16
2025-01-03 21:00:00,124.99
2025-01-03 22:00:00,145.13
2025-01-03 23:00:00,140.39
2025-01-04 00:00:00,104.08
2025-01-04 01:00:00,101.53
2025-01-04 02:00:00,103.54
2025-01-04 03:00:00,100.71
2025-01-04 04:00:00,101.1
2025-01-04 05:00:00,106.1
2025-01-04 06:00:00,112.47
2025-01-04 07:00:00,117.14
2025-01-04 08:00:00,128.39
2025-01-04 09:00:00,130.75
2025-01-04 10:00:00,130.34
2025-01-04 11:00:00,128.29
2025-01-04 12:00:00,130.03
2025-01-04 13:00:00,129.85
2025-01-04 14:00:00,136.4
2025-01-04 15:00:00,137.14
2025-01-04 16:00:00,153.4
2025-01-04 17:00:00,137.66
2025-01-04 18:00:00,129.51
2025-01-04 19:00:00,120.89
2025-01-04 20:00:00,119.97
2025-01-04 21:00:00,113.48
2025-01-04 22:00:00,109.21
2025-01-04 23:00:00,105.45
2025-01-05 00:00:00,112.98
2025-01-05 01:00:00,99.55
2025-01-05 02:00:00,95.92
2025-01-05 03:00:00,95.31
2025-01-05 04:00:00,93.59
2025-01-05 05:00:00,89.66
2025-01-05 06:00:00,90.92
2025-01-05 07:00:00,89.57
2025-01-05 08:00:00,97.39
2025-01-05 09:00:00,98.94
2025-01-05 10:00:00,94.62
2025-01-05 11:00:00,98.94
2025-01-05 12:00:00,94.81
2025-01-05 13:00:00,103.45
2025-01-05 14:00:00,116.45
2025-01-05 15:00:00,128.01
2025-01-05 16:00:00,154.74
2025-01-05 17:00:00,117.45
2025-01-05 18:00:00,109.04
2025-01-05 19:00:00,199.05
2025-01-05 20:00:00,140.0
2025-01-05 21:00:00,125.46
2025-01-05 22:00:00,107.14
2025-01-05 23:00:00,78.56
2025-01-06 00:00:00,107.63
2025-01-06 01:00:00,94.76
2025-01-06 02:00:00,78.09
2025-01-06 03:00:00,74.49
2025-01-06 04:00:00,75.47
2025-01-06 05:00:00,100.98
2025-01-06 06:00:00,101.31
2025-01-06 07:00:00,140.38
2025-01-06 08:00:00,147.16
2025-01-06 09:00:00,125.92
2025-01-06 10:00:00,105.16
2025-01-06 11:00:00,80.11
2025-01-06 12:00:00,86.48
2025-01-06 13:00:00,111.71
2025-01-06 14:00:00,119.08
2025-01-06 15:00:00,118.0
2025-01-06 16:00:00,134.4
2025-01-06 17:00:00,157.07
2025-01-06 18:00:00,153.35
2025-01-06 19:00:00,161.34
2025-01-06 20:00:00,155.22
2025-01-06 21:00:00,144.47
2025-01-06 22:00:00,138.81
2025-01-06 23:00:00,91.93
2025-01-07 00:00:00,36.37
2025-01-07 01:00:00,64.29
2025-01-07 02:00:00,58.63
2025-01-07 03:00:00,14.38
2025-01-07 04:00:00,73.9
2025-01-07 05:00:00,92.16
2025-01-07 06:00:00,150.48
2025-01-07 07:00:00,160.29
2025-01-07 08:00:00,130.0
2025-01-07 09:00:00,134.47
2025-01-07 10:00:00,123.19
2025-01-07 11:00:00,123.1
2025-01-07 12:00:00,124.95
2025-01-07 13:00:00,136.77
2025-01-07 14:00:00,141.21
2025-01-07 15:00:00,142.29
2025-01-07 16:00:00,167.75
2025-01-07 17:00:00,135.0
2025-01-07 18:00:00,140.0
2025-01-07 19:00:00,177.08
2025-01-07 20:00:00,170.61
2025-01-07 21:00:00,154.11
2025-01-07 22:00:00,138.85
2025-01-07 23:00:00,99.83
2025-01-08 00:00:00,85.1
2025-01-08 01:00:00,74.81
2025-01-08 02:00:00,72.83
2025-01-08 03:00:00,70.87
2025-01-08 04:00:00,83.18
2025-01-08 05:00:00,120.17
2025-01-08 06:00:00,137.36
2025-01-08 07:00:00,170.1
2025-01-08 08:00:00,160.0
2025-01-08 09:00:00,125.56
2025-01-08 10:00:00,107.04
2025-01-08 11:00:00,102.11
2025-01-08 12:00:00,103.82
2025-01-08 13:00:00,113.88
2025-01-08 14:00:00,123.86
2025-01-08 15:00:00,140.54
2025-01-08 16:00:00,150.83
2025-01-08 17:00:00,153.27
2025-01-08 18:00:00,147.87
2025-01-08 19:00:00,149.2
2025-01-08 20:00:00,135.75
2025-01-08 21:00:00,126.64
2025-01-08 22:00:00,116.31
2025-01-08 23:00:00,105.61
2025-01-09 00:00:00,104.5
2025-01-09 01:00:00,103.91
2025-01-09 02:00:00,101.87
2025-01-09 03:00:00,99.72
2025-01-09 04:00:00,103.7
2025-01-09 05:00:00,107.19
2025-01-09 06:00:00,127.43
2025-01-09 07:00:00,146.05
2025-01-09 08:00:00,159.74
2025-01-09 09:00:00,151.83
2025-01-09 10:00:00,143.62
2025-01-09 11:00:00,136.23
2025-01-09 12:00:00,125.51
2025-01-09 13:00:00,122.52
2025-01-09 14:00:00,127.43
2025-01-09 15:00:00,134.31
2025-01-09 16:00:00,146.58
2025-01-09 17:00:00,122.83
2025-01-09 18:00:00,126.64
2025-01-09 19:00:00,153.84
2025-01-09 20:00:00,144.31
2025-01-09 21:00:00,125.33
2025-01-09 22:00:00,105.54
2025-01-09 23:00:00,89.22
2025-01-10 00:00:00,88.05
2025-01-10 01:00:00,80.44
2025-01-10 02:00:00,78.48
2025-01-10 03:00:00,76.86
2025-01-10 04:00:00,71.5
2025-01-10 05:00:00,109.41
2025-01-10 06:00:00,151.83
2025-01-10 07:00:00,147.95
2025-01-10 08:00:00,135.51
2025-01-10 09:00:00,143.4
2025-01-10 10:00:00,123.57
2025-01-10 11:00:00,113.59
2025-01-10 12:00:00,107.43
2025-01-10 13:00:00,105.01
2025-01-10 14:00:00,110.01
2025-01-10 15:00:00,128.69
2025-01-10 16:00:00,126.3
2025-01-10 17:00:00,139.97
2025-01-10 18:00:00,142.16
2025-01-10 19:00:00,138.41
2025-01-10 20:00:00,135.11
2025-01-10 21:00:00,122.51
2025-01-10 22:00:00,119.95
2025-01-10 23:00:00,114.2
2025-01-11 00:00:00,108.67
2025-01-11 01:00:00,99.83
2025-01-11 02:00:00,96.21
2025-01-11 03:00:00,92.39
2025-01-11 04:00:00,91.63
2025-01-11 05:00:00,93.15
2025-01-11 06:00:00,94.88
2025-01-11 07:00:00,114.54
2025-01-11 08:00:00,107.5
2025-01-11 09:00:00,106.0
2025-01-11 10:00:00,103.82
2025-01-11 11:00:00,99.76
2025-01-11 12:00:00,96.82
2025-01-11 13:00:00,93.15
2025-01-11 14:00:00,98.45
2025-01-11 15:00:00,104.56
2025-01-11 16:00:00,100.03
2025-01-11 17:00:00,106.64
2025-01-11 18:00:00,110.34
2025-01-11 19:00:00,105.45
2025-01-11 20:00:00,103.83
2025-01-11 21:00:00,102.15
2025-01-11 22:00:00,103.75
2025-01-11 23:00:00,105.98
2025-01-12 00:00:00,87.22
2025-01-12 01:00:00,86.15
2025-01-12 02:00:00,89.43
2025-01-12 03:00:00,85.35
2025-01-12 04:00:00,85.0
2025-01-12 05:00:00,85.23
2025-01-12 06:00:00,87.46
2025-01-12 07:00:00,101.75
2025-01-12 08:00:00,117.19
2025-01-12 09:00:00,120.07
2025-01-12 10:00:00,117.77
2025-01-12 11:00:00,105.61
2025-01-12 12:00:00,102.99
2025-01-12 13:00:00,99.61
2025-01-12 14:00:00,105.2
2025-01-12 15:00:00,119.73
2025-01-12 16:00:00,134.6
2025-01-12 17:00:00,142.14
2025-01-12 18:00:00,146.66
2025-01-12 19:00:00,144.03
2025-01-12 20:00:00,135.59
2025-01-12 21:00:00,127.68
2025-01-12 22:00:00,121.41
2025-01-12 23:00:00,114.9
2025-01-13 00:00:00,112.39
2025-01-13 01:00:00,105.07
2025-01-13 02:00:00,104.46
2025-01-13 03:00:00,100.37
2025-01-13 04:00:00,100.0
2025-01-13 05:00:00,110.16
2025-01-13 06:00:00,140.19
2025-01-13 07:00:00,180.31
2025-01-13 08:00:00,220.91
2025-01-13 09:00:00,173.53
2025-01-13 10:00:00,141.37
2025-01-13 11:00:00,123.48
2025-01-13 12:00:00,119.55
2025-01-13 13:00:00,126.18
2025-01-13 14:00:00,136.3
2025-01-13 15:00:00,147.01
2025-01-13 16:00:00,174.55
2025-01-13 17:00:00,161.2
2025-01-13 18:00:00,160.09
2025-01-13 19:00:00,158.94
2025-01-13 20:00:00,152.37
2025-01-13 21:00:00,133.99
2025-01-13 22:00:00,119.34
2025-01-13 23:00:00,107.93
2025-01-14 00:00:00,108.87
2025-01-14 01:00:00,105.9
2025-01-14 02:00:00,101.5
2025-01-14 03:00:00,100.22
2025-01-14 04:00:00,103.5
2025-01-14 05:00:00,108.94
2025-01-14 06:00:00,139.87
2025-01-14 07:00:00,163.5
2025-01-14 08:00:00,186.0
2025-01-14 09:00:00,151.96
2025-01-14 10:00:00,130.0
2025-01-14 11:00:00,122.5
2025-01-14 12:00:00,117.5
2025-01-14 13:00:00,119.83
2025-01-14 14:00:00,142.3
2025-01-14 15:00:00,198.37
2025-01-14 16:00:00,219.0
2025-01-14 17:00:00,192.0
2025-01-14 18:00:00,192.0
2025-01-14 19:00:00,218.79
2025-01-14 20:00:00,206.81
2025-01-14 21:00:00,202.76
2025-01-14 22:00:00,174.15
2025-01-14 23:00:00,126.02
2025-01-15 00:00:00,125.4
2025-01-15 01:00:00,111.78
2025-01-15 02:00:00,110.61
2025-01-15 03:00:00,108.81
2025-01-15 04:00:00,123.43
2025-01-15 05:00:00,143.11
2025-01-15 06:00:00,163.4
2025-01-15 07:00:00,200.84
2025-01-15 08:00:00,323.48
2025-01-15 09:00:00,322.58
2025-01-15 10:00:00,315.0
2025-01-15 11:00:00,316.17
2025-01-15 12:00:00,299.39
2025-01-15 13:00:00,296.95
2025-01-15 14:00:00,293.33
2025-01-15 15:00:00,345.0
2025-01-15 16:00:00,332.85
2025-01-15 17:00:00,368.41
2025-01-15 18:00:00,319.96
2025-01-15 19:00:00,270.46
2025-01-15 20:00:00,180.95
2025-01-15 21:00:00,151.82
2025-01-15 22:00:00,143.53
2025-01-15 23:00:00,123.9
2025-01-16 00:00:00,126.54
2025-01-16 01:00:00,125.11
2025-01-16 02:00:00,117.95
2025-01-16 03:00:00,115.28
2025-01-16 04:00:00,120.31
2025-01-16 05:00:00,132.8
2025-01-16 06:00:00,180.75
2025-01-16 07:00:00,222.89
2025-01-16 08:00:00,210.01
2025-01-16 09:00:00,175.0
2025-01-16 10:00:00,151.9
2025-01-16 11:00:00,140.64
2025-01-16 12:00:00,134.86
2025-01-16 13:00:00,138.15
2025-01-16 14:00:00,148.19
2025-01-16 15:00:00,180.87
2025-01-16 16:00:00,195.89
2025-01-16 17:00:00,200.41
2025-01-16 18:00:00,184.32
2025-01-16 19:00:00,179.97
2025-01-16 20:00:00,159.6
2025-01-16 21:00:00,159.69
2025-01-16 22:00:00,144.07
2025-01-16 23:00:00,133.75
2025-01-17 00:00:00,121.68
2025-01-17 01:00:00,121.71
2025-01-17 02:00:00,118.53
2025-01-17 03:00:00,116.12
2025-01-17 04:00:00,116.39
2025-01-17 05:00:00,122.74
2025-01-17 06:00:00,140.8
2025-01-17 07:00:00,175.01
2025-01-17 08:00:00,208.13
2025-01-17 09:00:00,175.34
2025-01-17 10:00:00,158.0
2025-01-17 11:00:00,140.72
2025-01-17 12:00:00,126.44
2025-01-17 13:00:00,124.03
2025-01-17 14:00:00,133.73
2025-01-17 15:00:00,152.42
2025-01-17 16:00:00,174.81
2025-01-17 17:00:00,179.59
2025-01-17 18:00:00,179.92
2025-01-17 19:00:00,174.22
2025-01-17 20:00:00,157.91
2025-01-17 21:00:00,145.0
2025-01-17 22:00:00,139.97
2025-01-17 23:00:00,128.6
2025-01-18 00:00:00,126.55
2025-01-18 01:00:00,121.29
2025-01-18 02:00:00,121.59
2025-01-18 03:00:00,118.92
2025-01-18 04:00:00,117.21
2025-01-18 05:00:00,119.85
2025-01-18 06:00:00,125.96
2025-01-18 07:00:00,136.4
2025-01-18 08:00:00,146.05
2025-01-18 09:00:00,144.1
2025-01-18 10:00:00,134.7
2025-01-18 11:00:00,121.86
2025-01-18 12:00:00,118.87
2025-01-18 13:00:00,115.01
2025-01-18 14:00:00,119.62
2025-01-18 15:00:00,140.33
2025-01-18 16:00:00,182.1
2025-01-18 17:00:00,177.78
2025-01-18 18:00:00,167.57
2025-01-18 19:00:00,167.85
2025-01-18 20:00:00,156.12
2025-01-18 21:00:00,143.42
2025-01-18 22:00:00,136.4
2025-01-18 23:00:00,129.36
2025-01-19 00:00:00,129.96
2025-01-19 01:00:00,125.25
2025-01-19 02:00:00,123.93
2025-01-19 03:00:00,121.24
2025-01-19 04:00:00,120.18
2025-01-19 05:00:00,120.0
2025-01-19 06:00:00,121.73
2025-01-19 07:00:00,124.34
2025-01-19 08:00:00,123.7
2025-01-19 09:00:00,126.41
2025-01-19 10:00:00,126.98
2025-01-19 11:00:00,125.09
2025-01-19 12:00:00,112.25
2025-01-19 13:00:00,107.51
2025-01-19 14:00:00,116.81
2025-01-19 15:00:00,127.09
2025-01-19 16:00:00,158.58
2025-01-19 17:00:00,170.0
2025-01-19 18:00:00,174.04
2025-01-19 19:00:00,171.39
2025-01-19 20:00:00,173.51
2025-01-19 21:00:00,166.49
2025-01-19 22:00:00,135.51
2025-01-19 23:00:00,124.32
2025-01-20 00:00:00,122.54
2025-01-20 01:00:00,119.96
2025-01-20 02:00:00,116.62
2025-01-20 03:00:00,114.41
2025-01-20 04:00:00,115.45
2025-01-20 05:00:00,130.13
2025-01-20 06:00:00,171.15
2025-01-20 07:00:00,300.99
2025-01-20 08:00:00,450.0
2025-01-20 09:00:00,291.9
2025-01-20 10:00:00,236.29
2025-01-20 11:00:00,193.9
2025-01-20 12:00:00,179.94
2025-01-20 13:00:00,171.39
2025-01-20 14:00:00,191.86
2025-01-20 15:00:00,277.05
2025-01-20 16:00:00,389.02
2025-01-20 17:00:00,563.13
2025-01-20 18:00:00,473.28
2025-01-20 19:00:00,295.57
2025-01-20 20:00:00,220.0
2025-01-20 21:00:00,170.0
2025-01-20 22:00:00,161.64
2025-01-20 23:00:00,144.33
2025-01-21 00:00:00,143.06
2025-01-21 01:00:00,136.88
2025-01-21 02:00:00,130.12
2025-01-21 03:00:00,136.35
2025-01-21 04:00:00,152.8
2025-01-21 05:00:00,184.32
2025-01-21 06:00:00,243.13
2025-01-21 07:00:00,393.4
2025-01-21 08:00:00,517.52
2025-01-21 09:00:00,317.65
2025-01-21 10:00:00,271.32
2025-01-21 11:00:00,240.89
2025-01-21 12:00:00,245.5
2025-01-21 13:00:00,217.0
2025-01-21 14:00:00,253.33
2025-01-21 15:00:00,337.59
2025-01-21 16:00:00,251.64
2025-01-21 17:00:00,346.67
2025-01-21 18:00:00,271.54
2025-01-21 19:00:00,209.07
2025-01-21 20:00:00,181.33
2025-01-21 21:00:00,159.03
2025-01-21 22:00:00,146.63
2025-01-21 23:00:00,142.45
2025-01-22 00:00:00,131.48
2025-01-22 01:00:00,125.61
2025-01-22 02:00:00,123.42
2025-01-22 03:00:00,123.21
2025-01-22 04:00:00,124.93
2025-01-22 05:00:00,148.44
2025-01-22 06:00:00,234.75
2025-01-22 07:00:00,400.0
2025-01-22 08:00:00,264.12
2025-01-22 09:00:00,199.41
2025-01-22 10:00:00,179.06
2025-01-22 11:00:00,172.94
2025-01-22 12:00:00,165.0
2025-01-22 13:00:00,170.0
2025-01-22 14:00:00,180.02
2025-01-22 15:00:00,202.39
2025-01-22 16:00:00,294.39
2025-01-22 17:00:00,305.16
2025-01-22 18:00:00,233.62
2025-01-22 19:00:00,234.45
2025-01-22 20:00:00,255.52
2025-01-22 21:00:00,189.04
2025-01-22 22:00:00,164.96
2025-01-22 23:00:00,154.55
2025-01-23 00:00:00,137.7
2025-01-23 01:00:00,132.17
2025-01-23 02:00:00,110.15
2025-01-23 03:00:00,109.64
2025-01-23 04:00:00,120.27
2025-01-23 05:00:00,133.43
2025-01-23 06:00:00,205.46
2025-01-23 07:00:00,236.38
2025-01-23 08:00:00,188.58
2025-01-23 09:00:00,172.96
2025-01-23 10:00:00,151.17
2025-01-23 11:00:00,148.83
2025-01-23 12:00:00,147.99
2025-01-23 13:00:00,160.59
2025-01-23 14:00:00,169.94
2025-01-23 15:00:00,201.73
2025-01-23 16:00:00,230.51
2025-01-23 17:00:00,235.12
2025-01-23 18:00:00,234.41
2025-01-23 19:00:00,231.78
2025-01-23 20:00:00,244.31
2025-01-23 21:00:00,195.26
2025-01-23 22:00:00,190.51
2025-01-23 23:00:00,153.06
2025-01-24 00:00:00,133.86
2025-01-24 01:00:00,115.83
2025-01-24 02:00:00,108.36
2025-01-24 03:00:00,107.16
2025-01-24 04:00:00,113.49
2025-01-24 05:00:00,148.98
2025-01-24 06:00:00,199.58
2025-01-24 07:00:00,217.1
2025-01-24 08:00:00,178.84
2025-01-24 09:00:00,155.0
2025-01-24 10:00:00,145.29
2025-01-24 11:00:00,133.87
2025-01-24 12:00:00,134.53
2025-01-24 13:00:00,132.17
2025-01-24 14:00:00,136.18
2025-01-24 15:00:00,175.26
2025-01-24 16:00:00,243.35
2025-01-24 17:00:00,227.72
2025-01-24 18:00:00,224.02
2025-01-24 19:00:00,232.56
2025-01-24 20:00:00,224.99
2025-01-24 21:00:00,212.1
2025-01-24 22:00:00,161.13
2025-01-24 23:00:00,125.82
2025-01-25 00:00:00,129.34
2025-01-25 01:00:00,111.34
2025-01-25 02:00:00,87.09
2025-01-25 03:00:00,84.36
2025-01-25 04:00:00,86.89
2025-01-25 05:00:00,93.94
2025-01-25 06:00:00,120.43
2025-01-25 07:00:00,128.25
2025-01-25 08:00:00,106.49
2025-01-25 09:00:00,104.47
2025-01-25 10:00:00,94.1
2025-01-25 11:00:00,89.38
2025-01-25 12:00:00,86.21
2025-01-25 13:00:00,85.04
2025-01-25 14:00:00,96.93
2025-01-25 15:00:00,120.39
2025-01-25 16:00:00,166.62
2025-01-25 17:00:00,164.24
2025-01-25 18:00:00,164.22
2025-01-25 19:00:00,167.08
2025-01-25 20:00:00,160.0
2025-01-25 21:00:00,147.33
2025-01-25 22:00:00,136.15
2025-01-25 23:00:00,123.6
2025-01-26 00:00:00,129.18
2025-01-26 01:00:00,118.25
2025-01-26 02:00:00,115.03
2025-01-26 03:00:00,109.5
2025-01-26 04:00:00,109.16
2025-01-26 05:00:00,111.36
2025-01-26 06:00:00,113.87
2025-01-26 07:00:00,121.11
2025-01-26 08:00:00,128.9
2025-01-26 09:00:00,126.32
2025-01-26 10:00:00,109.49
2025-01-26 11:00:00,103.75
2025-01-26 12:00:00,97.34
2025-01-26 13:00:00,93.21
2025-01-26 14:00:00,108.83
2025-01-26 15:00:00,118.27
2025-01-26 16:00:00,130.91
2025-01-26 17:00:00,143.13
2025-01-26 18:00:00,129.46
2025-01-26 19:00:00,135.32
2025-01-26 20:00:00,121.83
2025-01-26 21:00:00,111.68
2025-01-26 22:00:00,92.96
2025-01-26 23:00:00,77.0
2025-01-27 00:00:00,62.09
2025-01-27 01:00:00,57.28
2025-01-27 02:00:00,38.52
2025-01-27 03:00:00,30.97
2025-01-27 04:00:00,49.49
2025-01-27 05:00:00,149.24
2025-01-27 06:00:00,159.78
2025-01-27 07:00:00,189.05
2025-01-27 08:00:00,161.61
2025-01-27 09:00:00,130.33
2025-01-27 10:00:00,99.15
2025-01-27 11:00:00,95.78
2025-01-27 12:00:00,94.0
2025-01-27 13:00:00,103.06
2025-01-27 14:00:00,131.67
2025-01-27 15:00:00,147.11
2025-01-27 16:00:00,212.22
2025-01-27 17:00:00,206.49
2025-01-27 18:00:00,217.63
2025-01-27 19:00:00,212.05
2025-01-27 20:00:00,188.23
2025-01-27 21:00:00,162.17
2025-01-27 22:00:00,130.37
2025-01-27 23:00:00,95.17
2025-01-28 00:00:00,115.72
2025-01-28 01:00:00,82.04
2025-01-28 02:00:00,88.18
2025-01-28 03:00:00,83.46
2025-01-28 04:00:00,85.0
2025-01-28 05:00:00,120.71
2025-01-28 06:00:00,138.92
2025-01-28 07:00:00,144.26
2025-01-28 08:00:00,145.76
2025-01-28 09:00:00,130.32
2025-01-28 10:00:00,126.92
2025-01-28 11:00:00,122.11
2025-01-28 12:00:00,119.53
2025-01-28 13:00:00,123.37
2025-01-28 14:00:00,127.64
2025-01-28 15:00:00,132.49
2025-01-28 16:00:00,145.28
2025-01-28 17:00:00,150.91
2025-01-28 18:00:00,144.19
2025-01-28 19:00:00,136.5
2025-01-28 20:00:00,133.3
2025-01-28 21:00:00,126.59
2025-01-28 22:00:00,114.36
2025-01-28 23:00:00,93.97
2025-01-29 00:00:00,91.73
2025-01-29 01:00:00,87.03
2025-01-29 02:00:00,82.03
2025-01-29 03:00:00,81.65
2025-01-29 04:00:00,87.03
2025-01-29 05:00:00,115.03
2025-01-29 06:00:00,145.31
2025-01-29 07:00:00,190.29
2025-01-29 08:00:00,144.81
2025-01-29 09:00:00,134.51
2025-01-29 10:00:00,108.98
2025-01-29 11:00:00,92.09
2025-01-29 12:00:00,85.79
2025-01-29 13:00:00,86.21
2025-01-29 14:00:00,96.23
2025-01-29 15:00:00,128.13
2025-01-29 16:00:00,196.54
2025-01-29 17:00:00,189.86
2025-01-29 18:00:00,165.41
2025-01-29 19:00:00,173.48
2025-01-29 20:00:00,162.6
2025-01-29 21:00:00,152.89
2025-01-29 22:00:00,128.09
2025-01-29 23:00:00,106.6
2025-01-30 00:00:00,98.65
2025-01-30 01:00:00,98.21
2025-01-30 02:00:00,96.99
2025-01-30 03:00:00,98.68
2025-01-30 04:00:00,98.32
2025-01-30 05:00:00,112.13
2025-01-30 06:00:00,144.69
2025-01-30 07:00:00,154.44
2025-01-30 08:00:00,160.3
2025-01-30 09:00:00,151.7
2025-01-30 10:00:00,131.42
2025-01-30 11:00:00,123.25
2025-01-30 12:00:00,113.01
2025-01-30 13:00:00,113.3
2025-01-30 14:00:00,129.85
2025-01-30 15:00:00,153.56
2025-01-30 16:00:00,161.21
2025-01-30 17:00:00,177.87
2025-01-30 18:00:00,173.96
2025-01-30 19:00:00,161.28
2025-01-30 20:00:00,151.24
2025-01-30 21:00:00,134.93
2025-01-30 22:00:00,126.87
2025-01-30 23:00:00,120.2
2025-01-31 00:00:00,120.0
2025-01-31 01:00:00,117.39
2025-01-31 02:00:00,114.03
2025-01-31 03:00:00,114.12
2025-01-31 04:00:00,116.76
2025-01-31 05:00:00,121.78
2025-01-31 06:00:00,148.9
2025-01-31 07:00:00,159.59
2025-01-31 08:00:00,163.7
2025-01-31 09:00:00,154.82
2025-01-31 10:00:00,130.1
2025-01-31 11:00:00,126.2
2025-01-31 12:00:00,120.06
2025-01-31 13:00:00,121.19
2025-01-31 14:00:00,119.94
2025-01-31 15:00:00,152.02
2025-01-31 16:00:00,168.26
2025-01-31 17:00:00,183.97
2025-01-31 18:00:00,184.48
2025-01-31 19:00:00,178.99
2025-01-31 20:00:00,162.66
2025-01-31 21:00:00,152.7
2025-01-31 22:00:00,150.49
2025-01-31 23:00:00,134.18
2025-02-01 00:00:00,138.98
2025-02-01 01:00:00,130.97
2025-02-01 02:00:00,125.43
2025-02-01 03:00:00,119.21
2025-02-01 04:00:00,119.45
2025-02-01 05:00:00,121.06
2025-02-01 06:00:00,127.22
2025-02-01 07:00:00,144.74
2025-02-01 08:00:00,153.46
2025-02-01 09:00:00,142.44
2025-02-01 10:00:00,128.4
2025-02-01 11:00:00,120.08
2025-02-01 12:00:00,110.29
2025-02-01 13:00:00,103.4
2025-02-01 14:00:00,113.7
2025-02-01 15:00:00,130.16
2025-02-01 16:00:00,155.29
2025-02-01 17:00:00,167.33
2025-02-01 18:00:00,167.17
2025-02-01 19:00:00,162.98
2025-02-01 20:00:00,156.6
2025-02-01 21:00:00,145.24
2025-02-01 22:00:00,141.73
2025-02-01 23:00:00,131.74
2025-02-02 00:00:00,133.26
2025-02-02 01:00:00,126.91
2025-02-02 02:00:00,122.99
2025-02-02 03:00:00,120.66
2025-02-02 04:00:00,122.34
2025-02-02 05:00:00,123.41
2025-02-02 06:00:00,128.09
2025-02-02 07:00:00,135.9
2025-02-02 08:00:00,137.3
2025-02-02 09:00:00,137.7
2025-02-02 10:00:00,130.04
2025-02-02 11:00:00,129.33
2025-02-02 12:00:00,122.24
2025-02-02 13:00:00,111.88
2025-02-02 14:00:00,116.75
2025-02-02 15:00:00,129.3
2025-02-02 16:00:00,153.93
2025-02-02 17:00:00,165.75
2025-02-02 18:00:00,172.15
2025-02-02 19:00:00,173.95
2025-02-02 20:00:00,165.5
2025-02-02 21:00:00,155.77
2025-02-02 22:00:00,148.44
2025-02-02 23:00:00,133.24
2025-02-03 00:00:00,129.54
2025-02-03 01:00:00,126.63
2025-02-03 02:00:00,124.72
2025-02-03 03:00:00,120.04
2025-02-03 04:00:00,123.24
2025-02-03 05:00:00,127.77
2025-02-03 06:00:00,159.18
2025-02-03 07:00:00,207.88
2025-02-03 08:00:00,243.23
2025-02-03 09:00:00,178.04
2025-02-03 10:00:00,149.95
2025-02-03 11:00:00,126.18
2025-02-03 12:00:00,117.27
2025-02-03 13:00:00,115.69
2025-02-03 14:00:00,124.53
2025-02-03 15:00:00,148.1
2025-02-03 16:00:00,168.42
2025-02-03 17:00:00,213.2
2025-02-03 18:00:00,200.73
2025-02-03 19:00:00,201.1
2025-02-03 20:00:00,167.74
2025-02-03 21:00:00,153.0
2025-02-03 22:00:00,144.2
2025-02-03 23:00:00,135.81
2025-02-04 00:00:00,132.4
2025-02-04 01:00:00,125.54
2025-02-04 02:00:00,123.18
2025-02-04 03:00:00,123.99
2025-02-04 04:00:00,123.25
2025-02-04 05:00:00,127.63
2025-02-04 06:00:00,155.27
2025-02-04 07:00:00,190.93
2025-02-04 08:00:00,211.99
2025-02-04 09:00:00,163.31
2025-02-04 10:00:00,136.53
2025-02-04 11:00:00,126.74
2025-02-04 12:00:00,117.72
2025-02-04 13:00:00,113.18
2025-02-04 14:00:00,120.09
2025-02-04 15:00:00,142.77
2025-02-04 16:00:00,172.44
2025-02-04 17:00:00,181.87
2025-02-04 18:00:00,175.0
2025-02-04 19:00:00,174.53
2025-02-04 20:00:00,164.78
2025-02-04 21:00:00,139.07
2025-02-04 22:00:00,131.07
2025-02-04 23:00:00,123.54
2025-02-05 00:00:00,115.63
2025-02-05 01:00:00,111.13
2025-02-05 02:00:00,110.47
2025-02-05 03:00:00,109.3
2025-02-05 04:00:00,115.49
2025-02-05 05:00:00,122.51
2025-02-05 06:00:00,152.17
2025-02-05 07:00:00,169.39
2025-02-05 08:00:00,180.81
2025-02-05 09:00:00,159.33
2025-02-05 10:00:00,133.86
2025-02-05 11:00:00,122.52
2025-02-05 12:00:00,117.45
2025-02-05 13:00:00,119.69
2025-02-05 14:00:00,128.85
2025-02-05 15:00:00,144.12
2025-02-05 16:00:00,159.97
2025-02-05 17:00:00,177.15
2025-02-05 18:00:00,189.9
2025-02-05 19:00:00,189.63
2025-02-05 20:00:00,170.0
2025-02-05 21:00:00,155.42
2025-02-05 22:00:00,143.7
2025-02-05 23:00:00,133.79
2025-02-06 00:00:00,133.67
2025-02-06 01:00:00,129.86
2025-02-06 02:00:00,125.96
2025-02-06 03:00:00,125.0
2025-02-06 04:00:00,125.01
2025-02-06 05:00:00,134.36
2025-02-06 06:00:00,154.55
2025-02-06 07:00:00,180.09
2025-02-06 08:00:00,218.78
2025-02-06 09:00:00,178.9
2025-02-06 10:00:00,160.63
2025-02-06 11:00:00,150.56
2025-02-06 12:00:00,145.49
2025-02-06 13:00:00,142.49
2025-02-06 14:00:00,139.6
2025-02-06 15:00:00,150.17
2025-02-06 16:00:00,173.84
2025-02-06 17:00:00,177.97
2025-02-06 18:00:00,182.91
2025-02-06 19:00:00,180.58
2025-02-06 20:00:00,185.29
2025-02-06 21:00:00,165.63
2025-02-06 22:00:00,146.35
2025-02-06 23:00:00,121.95
2025-02-07 00:00:00,126.05
2025-02-07 01:00:00,112.7
2025-02-07 02:00:00,108.82
2025-02-07 03:00:00,105.0
2025-02-07 04:00:00,110.39
2025-02-07 05:00:00,121.16
2025-02-07 06:00:00,166.2
2025-02-07 07:00:00,178.66
2025-02-07 08:00:00,165.32
2025-02-07 09:00:00,150.51
2025-02-07 10:00:00,134.58
2025-02-07 11:00:00,117.52
2025-02-07 12:00:00,114.02
2025-02-07 13:00:00,114.83
2025-02-07 14:00:00,118.11
2025-02-07 15:00:00,135.93
2025-02-07 16:00:00,206.46
2025-02-07 17:00:00,207.63
2025-02-07 18:00:00,201.56
2025-02-07 19:00:00,200.98
2025-02-07 20:00:00,208.04
2025-02-07 21:00:00,181.96
2025-02-07 22:00:00,128.37
2025-02-07 23:00:00,115.83
2025-02-08 00:00:00,92.29
2025-02-08 01:00:00,86.91
2025-02-08 02:00:00,86.5
2025-02-08 03:00:00,88.37
2025-02-08 04:00:00,89.69
2025-02-08 05:00:00,90.99
2025-02-08 06:00:00,102.73
2025-02-08 07:00:00,116.64
2025-02-08 08:00:00,112.5
2025-02-08 09:00:00,98.49
2025-02-08 10:00:00,94.21
2025-02-08 11:00:00,86.42
2025-02-08 12:00:00,85.38
2025-02-08 13:00:00,88.06
2025-02-08 14:00:00,93.36
2025-02-08 15:00:00,118.0
2025-02-08 16:00:00,158.29
2025-02-08 17:00:00,174.17
2025-02-08 18:00:00,160.59
2025-02-08 19:00:00,159.64
2025-02-08 20:00:00,155.67
2025-02-08 21:00:00,149.0
2025-02-08 22:00:00,142.92
2025-02-08 23:00:00,134.41
2025-02-09 00:00:00,135.0
2025-02-09 01:00:00,125.94
2025-02-09 02:00:00,121.95
2025-02-09 03:00:00,119.3
2025-02-09 04:00:00,116.81
2025-02-09 05:00:00,117.0
2025-02-09 06:00:00,117.0
2025-02-09 07:00:00,133.43
2025-02-09 08:00:00,136.77
2025-02-09 09:00:00,121.6
2025-02-09 10:00:00,113.4
2025-02-09 11:00:00,109.26
2025-02-09 12:00:00,92.69
2025-02-09 13:00:00,98.88
2025-02-09 14:00:00,109.9
2025-02-09 15:00:00,120.4
2025-02-09 16:00:00,159.74
2025-02-09 17:00:00,173.82
2025-02-09 18:00:00,188.73
2025-02-09 19:00:00,190.22
2025-02-09 20:00:00,180.12
2025-02-09 21:00:00,146.31
2025-02-09 22:00:00,143.0
2025-02-09 23:00:00,128.72
2025-02-10 00:00:00,119.74
2025-02-10 01:00:00,114.48
2025-02-10 02:00:00,111.8
2025-02-10 03:00:00,107.98
2025-02-10 04:00:00,107.58
2025-02-10 05:00:00,116.54
2025-02-10 06:00:00,158.9
2025-02-10 07:00:00,178.21
2025-02-10 08:00:00,181.36
2025-02-10 09:00:00,163.18
2025-02-10 10:00:00,119.71
2025-02-10 11:00:00,97.28
2025-02-10 12:00:00,123.09
2025-02-10 13:00:00,123.02
2025-02-10 14:00:00,133.97
2025-02-10 15:00:00,169.36
2025-02-10 16:00:00,204.38
2025-02-10 17:00:00,250.74
2025-02-10 18:00:00,261.22
2025-02-10 19:00:00,235.65
2025-02-10 20:00:00,249.32
2025-02-10 21:00:00,215.12
2025-02-10 22:00:00,196.86
2025-02-10 23:00:00,162.96
2025-02-11 00:00:00,180.33
2025-02-11 01:00:00,158.19
2025-02-11 02:00:00,134.56
2025-02-11 03:00:00,139.61
2025-02-11 04:00:00,161.36
2025-02-11 05:00:00,224.52
2025-02-11 06:00:00,194.95
2025-02-11 07:00:00,253.14
2025-02-11 08:00:00,180.01
2025-02-11 09:00:00,144.07
2025-02-11 10:00:00,113.33
2025-02-11 11:00:00,93.36
2025-02-11 12:00:00,96.44
2025-02-11 13:00:00,117.52
2025-02-11 14:00:00,129.73
2025-02-11 15:00:00,177.31
2025-02-11 16:00:00,209.08
2025-02-11 17:00:00,227.51
2025-02-11 18:00:00,248.24
2025-02-11 19:00:00,230.02
2025-02-11 20:00:00,195.55
2025-02-11 21:00:00,197.78
2025-02-11 22:00:00,176.92
2025-02-11 23:00:00,136.08
2025-02-12 00:00:00,129.38
2025-02-12 01:00:00,127.88
2025-02-12 02:00:00,126.82
2025-02-12 03:00:00,126.59
2025-02-12 04:00:00,128.74
2025-02-12 05:00:00,141.48
2025-02-12 06:00:00,195.08
2025-02-12 07:00:00,184.23
2025-02-12 08:00:00,180.0
2025-02-12 09:00:00,174.92
2025-02-12 10:00:00,167.45
2025-02-12 11:00:00,164.02
2025-02-12 12:00:00,154.07
2025-02-12 13:00:00,155.99
2025-02-12 14:00:00,185.34
2025-02-12 15:00:00,202.61
2025-02-12 16:00:00,230.23
2025-02-12 17:00:00,109.33
2025-02-12 18:00:00,150.0
2025-02-12 19:00:00,200.0
2025-02-12 20:00:00,271.45
2025-02-12 21:00:00,202.17
2025-02-12 22:00:00,196.54
2025-02-12 23:00:00,179.61
2025-02-13 00:00:00,178.86
2025-02-13 01:00:00,157.82
2025-02-13 02:00:00,149.08
2025-02-13 03:00:00,143.37
2025-02-13 04:00:00,149.18
2025-02-13 05:00:00,185.26
2025-02-13 06:00:00,265.0
2025-02-13 07:00:00,324.09
2025-02-13 08:00:00,320.71
2025-02-13 09:00:00,287.71
2025-02-13 10:00:00,206.36
2025-02-13 11:00:00,186.44
2025-02-13 12:00:00,178.95
2025-02-13 13:00:00,192.22
2025-02-13 14:00:00,215.95
2025-02-13 15:00:00,229.26
2025-02-13 16:00:00,311.8
2025-02-13 17:00:00,200.0
2025-02-13 18:00:00,209.59
2025-02-13 19:00:00,196.52
2025-02-13 20:00:00,180.09
2025-02-13 21:00:00,162.92
2025-02-13 22:00:00,153.12
2025-02-13 23:00:00,139.26
2025-02-14 00:00:00,139.83
2025-02-14 01:00:00,136.13
2025-02-14 02:00:00,131.13
2025-02-14 03:00:00,130.99
2025-02-14 04:00:00,130.92
2025-02-14 05:00:00,140.4
2025-02-14 06:00:00,163.78
2025-02-14 07:00:00,224.86
2025-02-14 08:00:00,261.75
2025-02-14 09:00:00,214.52
2025-02-14 10:00:00,180.14
2025-02-14 11:00:00,164.05
2025-02-14 12:00:00,150.14
2025-02-14 13:00:00,149.76
2025-02-14 14:00:00,157.6
2025-02-14 15:00:00,178.51
2025-02-14 16:00:00,203.45
2025-02-14 17:00:00,294.72
2025-02-14 18:00:00,288.53
2025-02-14 19:00:00,225.84
2025-02-14 20:00:00,183.55
2025-02-14 21:00:00,163.85
2025-02-14 22:00:00,153.0
2025-02-14 23:00:00,140.03
2025-02-15 00:00:00,135.87
2025-02-15 01:00:00,130.9
2025-02-15 02:00:00,120.4
2025-02-15 03:00:00,118.97
2025-02-15 04:00:00,119.28
2025-02-15 05:00:00,121.17
2025-02-15 06:00:00,134.93
2025-02-15 07:00:00,149.58
2025-02-15 08:00:00,150.24
2025-02-15 09:00:00,137.06
2025-02-15 10:00:00,124.59
2025-02-15 11:00:00,118.36
2025-02-15 12:00:00,112.39
2025-02-15 13:00:00,110.01
2025-02-15 14:00:00,116.57
2025-02-15 15:00:00,130.0
2025-02-15 16:00:00,142.47
2025-02-15 17:00:00,159.97
2025-02-15 18:00:00,174.9
2025-02-15 19:00:00,171.0
2025-02-15 20:00:00,170.6
2025-02-15 21:00:00,178.71
2025-02-15 22:00:00,134.45
2025-02-15 23:00:00,143.32
2025-02-16 00:00:00,134.11
2025-02-16 01:00:00,128.9
2025-02-16 02:00:00,123.57
2025-02-16 03:00:00,119.9
2025-02-16 04:00:00,119.57
2025-02-16 05:00:00,121.68
2025-02-16 06:00:00,128.13
2025-02-16 07:00:00,141.01
2025-02-16 08:00:00,155.81
2025-02-16 09:00:00,151.99
2025-02-16 10:00:00,132.05
2025-02-16 11:00:00,130.46
2025-02-16 12:00:00,128.43
2025-02-16 13:00:00,125.02
2025-02-16 14:00:00,127.1
2025-02-16 15:00:00,144.43
2025-02-16 16:00:00,171.65
2025-02-16 17:00:00,177.08
2025-02-16 18:00:00,171.95
2025-02-16 19:00:00,171.4
2025-02-16 20:00:00,155.0
2025-02-16 21:00:00,179.36
2025-02-16 22:00:00,162.32
2025-02-16 23:00:00,131.51
2025-02-17 00:00:00,137.57
2025-02-17 01:00:00,121.06
2025-02-17 02:00:00,120.34
2025-02-17 03:00:00,126.1
2025-02-17 04:00:00,129.71
2025-02-17 05:00:00,155.24
2025-02-17 06:00:00,184.48
2025-02-17 07:00:00,209.74
2025-02-17 08:00:00,209.79
2025-02-17 09:00:00,171.3
2025-02-17 10:00:00,139.67
2025-02-17 11:00:00,116.66
2025-02-17 12:00:00,111.98
2025-02-17 13:00:00,106.29
2025-02-17 14:00:00,121.8
2025-02-17 15:00:00,155.12
2025-02-17 16:00:00,179.57
2025-02-17 17:00:00,225.43
2025-02-17 18:00:00,271.07
2025-02-17 19:00:00,217.09
2025-02-17 20:00:00,179.71
2025-02-17 21:00:00,172.18
2025-02-17 22:00:00,177.19
2025-02-17 23:00:00,159.83
2025-02-18 00:00:00,138.03
2025-02-18 01:00:00,139.27
2025-02-18 02:00:00,126.76
2025-02-18 03:00:00,130.0
2025-02-18 04:00:00,140.71
2025-02-18 05:00:00,186.63
2025-02-18 06:00:00,240.04
2025-02-18 07:00:00,350.0
2025-02-18 08:00:00,193.8
2025-02-18 09:00:00,173.49
2025-02-18 10:00:00,163.07
2025-02-18 11:00:00,160.93
2025-02-18 12:00:00,168.82
2025-02-18 13:00:00,197.91
2025-02-18 14:00:00,194.8
2025-02-18 15:00:00,188.36
2025-02-18 16:00:00,399.05
2025-02-18 17:00:00,223.6
2025-02-18 18:00:00,145.34
2025-02-18 19:00:00,187.37
2025-02-18 20:00:00,194.0
2025-02-18 21:00:00,193.0
2025-02-18 22:00:00,148.6
2025-02-18 23:00:00,164.48
2025-02-19 00:00:00,159.25
2025-02-19 01:00:00,154.06
2025-02-19 02:00:00,149.55
2025-02-19 03:00:00,147.42
2025-02-19 04:00:00,142.43
2025-02-19 05:00:00,153.83
2025-02-19 06:00:00,194.32
2025-02-19 07:00:00,220.0
2025-02-19 08:00:00,185.12
2025-02-19 09:00:00,168.21
2025-02-19 10:00:00,115.97
2025-02-19 11:00:00,126.07
2025-02-19 12:00:00,112.84
2025-02-19 13:00:00,112.29
2025-02-19 14:00:00,132.25
2025-02-19 15:00:00,155.74
2025-02-19 16:00:00,199.39
2025-02-19 17:00:00,227.8
2025-02-19 18:00:00,205.0
2025-02-19 19:00:00,200.0
2025-02-19 20:00:00,220.0
2025-02-19 21:00:00,217.7
2025-02-19 22:00:00,218.01
2025-02-19 23:00:00,213.33
2025-02-20 00:00:00,132.1
2025-02-20 01:00:00,140.76
2025-02-20 02:00:00,126.5
2025-02-20 03:00:00,121.66
2025-02-20 04:00:00,121.59
2025-02-20 05:00:00,150.7
2025-02-20 06:00:00,224.42
2025-02-20 07:00:00,174.72
2025-02-20 08:00:00,179.17
2025-02-20 09:00:00,120.89
2025-02-20 10:00:00,106.39
2025-02-20 11:00:00,93.08
2025-02-20 12:00:00,95.81
2025-02-20 13:00:00,97.67
2025-02-20 14:00:00,108.57
2025-02-20 15:00:00,151.36
2025-02-20 16:00:00,121.06
2025-02-20 17:00:00,290.0
2025-02-20 18:00:00,200.0
2025-02-20 19:00:00,210.0
2025-02-20 20:00:00,206.89
2025-02-20 21:00:00,224.7
2025-02-20 22:00:00,221.4
2025-02-20 23:00:00,182.94
2025-02-21 00:00:00,117.42
2025-02-21 01:00:00,96.1
2025-02-21 02:00:00,144.26
2025-02-21 03:00:00,144.48
2025-02-21 04:00:00,117.42
2025-02-21 05:00:00,162.1
2025-02-21 06:00:00,125.8
2025-02-21 07:00:00,165.71
2025-02-21 08:00:00,151.03
2025-02-21 09:00:00,129.59
2025-02-21 10:00:00,103.6
2025-02-21 11:00:00,87.17
2025-02-21 12:00:00,79.43
2025-02-21 13:00:00,78.42
2025-02-21 14:00:00,97.22
2025-02-21 15:00:00,102.69
2025-02-21 16:00:00,145.0
2025-02-21 17:00:00,123.28
2025-02-21 18:00:00,115.81
2025-02-21 19:00:00,152.5
2025-02-21 20:00:00,194.0
2025-02-21 21:00:00,203.96
2025-02-21 22:00:00,193.84
2025-02-21 23:00:00,119.64
2025-02-22 00:00:00,184.67
2025-02-22 01:00:00,173.98
2025-02-22 02:00:00,169.22
2025-02-22 03:00:00,160.72
2025-02-22 04:00:00,164.83
2025-02-22 05:00:00,171.8
2025-02-22 06:00:00,204.42
2025-02-22 07:00:00,169.74
2025-02-22 08:00:00,108.67
2025-02-22 09:00:00,70.68
2025-02-22 10:00:00,58.3
2025-02-22 11:00:00,56.77
2025-02-22 12:00:00,53.09
2025-02-22 13:00:00,56.26
2025-02-22 14:00:00,68.15
2025-02-22 15:00:00,154.67
2025-02-22 16:00:00,226.8
2025-02-22 17:00:00,126.31
2025-02-22 18:00:00,180.0
2025-02-22 19:00:00,165.2
2025-02-22 20:00:00,193.0
2025-02-22 21:00:00,168.1
2025-02-22 22:00:00,180.23
2025-02-22 23:00:00,211.27
2025-02-23 00:00:00,164.1
2025-02-23 01:00:00,177.88
2025-02-23 02:00:00,159.02
2025-02-23 03:00:00,159.27
2025-02-23 04:00:00,157.25
2025-02-23 05:00:00,168.62
2025-02-23 06:00:00,158.82
2025-02-23 07:00:00,153.0
2025-02-23 08:00:00,118.8
2025-02-23 09:00:00,101.3
2025-02-23 10:00:00,86.11
2025-02-23 11:00:00,87.81
2025-02-23 12:00:00,74.02
2025-02-23 13:00:00,73.4
2025-02-23 14:00:00,101.32
2025-02-23 15:00:00,134.66
2025-02-23 16:00:00,161.24
2025-02-23 17:00:00,118.64
2025-02-23 18:00:00,131.42
2025-02-23 19:00:00,121.58
2025-02-23 20:00:00,155.0
2025-02-23 21:00:00,150.0
2025-02-23 22:00:00,184.21
2025-02-23 23:00:00,130.44
2025-02-24 00:00:00,165.93
2025-02-24 01:00:00,143.24
2025-02-24 02:00:00,139.19
2025-02-24 03:00:00,142.46
2025-02-24 04:00:00,143.89
2025-02-24 05:00:00,217.49
2025-02-24 06:00:00,305.87
2025-02-24 07:00:00,300.0
2025-02-24 08:00:00,196.24
2025-02-24 09:00:00,204.28
2025-02-24 10:00:00,164.76
2025-02-24 11:00:00,166.71
2025-02-24 12:00:00,159.55
2025-02-24 13:00:00,164.69
2025-02-24 14:00:00,201.56
2025-02-24 15:00:00,280.3
2025-02-24 16:00:00,290.0
2025-02-24 17:00:00,190.0
2025-02-24 18:00:00,290.0
2025-02-24 19:00:00,300.0
2025-02-24 20:00:00,256.78
2025-02-24 21:00:00,230.28
2025-02-24 22:00:00,208.35
2025-02-24 23:00:00,165.08
2025-02-25 00:00:00,200.09
2025-02-25 01:00:00,166.94
2025-02-25 02:00:00,159.64
2025-02-25 03:00:00,156.72
2025-02-25 04:00:00,159.52
2025-02-25 05:00:00,193.03
2025-02-25 06:00:00,169.4
2025-02-25 07:00:00,86.76
2025-02-25 08:00:00,172.71
2025-02-25 09:00:00,155.06
2025-02-25 10:00:00,141.96
2025-02-25 11:00:00,128.16
2025-02-25 12:00:00,126.5
2025-02-25 13:00:00,128.33
2025-02-25 14:00:00,137.38
2025-02-25 15:00:00,151.85
2025-02-25 16:00:00,127.44
2025-02-25 17:00:00,140.33
2025-02-25 18:00:00,170.15
2025-02-25 19:00:00,135.31
2025-02-25 20:00:00,127.38
2025-02-25 21:00:00,125.3
2025-02-25 22:00:00,119.42
2025-02-25 23:00:00,147.51
2025-02-26 00:00:00,124.12
2025-02-26 01:00:00,121.61
2025-02-26 02:00:00,118.24
2025-02-26 03:00:00,117.74
2025-02-26 04:00:00,118.08
2025-02-26 05:00:00,127.34
2025-02-26 06:00:00,146.42
2025-02-26 07:00:00,207.98
2025-02-26 08:00:00,179.26
2025-02-26 09:00:00,158.99
2025-02-26 10:00:00,143.87
2025-02-26 11:00:00,131.29
2025-02-26 12:00:00,120.83
2025-02-26 13:00:00,121.24
2025-02-26 14:00:00,128.51
2025-02-26 15:00:00,156.97
2025-02-26 16:00:00,191.0
2025-02-26 17:00:00,132.48
2025-02-26 18:00:00,194.0
2025-02-26 19:00:00,197.37
2025-02-26 20:00:00,201.14
2025-02-26 21:00:00,177.75
2025-02-26 22:00:00,147.81
2025-02-26 23:00:00,128.95
2025-02-27 00:00:00,123.04
2025-02-27 01:00:00,103.81
2025-02-27 02:00:00,102.53
2025-02-27 03:00:00,101.28
2025-02-27 04:00:00,101.38
2025-02-27 05:00:00,102.66
2025-02-27 06:00:00,129.18
2025-02-27 07:00:00,169.18
2025-02-27 08:00:00,173.96
2025-02-27 09:00:00,157.19
2025-02-27 10:00:00,138.95
2025-02-27 11:00:00,146.1
2025-02-27 12:00:00,136.64
2025-02-27 13:00:00,118.39
2025-02-27 14:00:00,121.65
2025-02-27 15:00:00,139.28
2025-02-27 16:00:00,161.06
2025-02-27 17:00:00,173.45
2025-02-27 18:00:00,168.44
2025-02-27 19:00:00,158.67
2025-02-27 20:00:00,148.6
2025-02-27 21:00:00,135.58
2025-02-27 22:00:00,119.55
2025-02-27 23:00:00,114.86
2025-02-28 00:00:00,112.04
2025-02-28 01:00:00,110.54
2025-02-28 02:00:00,109.38
2025-02-28 03:00:00,107.03
2025-02-28 04:00:00,112.43
2025-02-28 05:00:00,107.81
2025-02-28 06:00:00,128.11
2025-02-28 07:00:00,142.95
2025-02-28 08:00:00,161.88
2025-02-28 09:00:00,146.7
2025-02-28 10:00:00,128.83
2025-02-28 11:00:00,117.05
2025-02-28 12:00:00,109.92
2025-02-28 13:00:00,109.36
2025-02-28 14:00:00,112.08
2025-02-28 15:00:00,126.19
2025-02-28 16:00:00,125.77
2025-02-28 17:00:00,137.12
2025-02-28 18:00:00,139.2
2025-02-28 19:00:00,136.55
2025-02-28 20:00:00,117.95
2025-02-28 21:00:00,118.53
2025-02-28 22:00:00,121.66
2025-02-28 23:00:00,116.8
2025-03-01 00:00:00,128.44
2025-03-01 01:00:00,120.6
2025-03-01 02:00:00,117.21
2025-03-01 03:00:00,112.73
2025-03-01 04:00:00,110.16
2025-03-01 05:00:00,115.02
2025-03-01 06:00:00,121.05
2025-03-01 07:00:00,136.3
2025-03-01 08:00:00,139.45
2025-03-01 09:00:00,138.82
2025-03-01 10:00:00,126.56
2025-03-01 11:00:00,113.56
2025-03-01 12:00:00,103.12
2025-03-01 13:00:00,98.79
2025-03-01 14:00:00,102.01
2025-03-01 15:00:00,112.47
2025-03-01 16:00:00,114.1
2025-03-01 17:00:00,116.08
2025-03-01 18:00:00,127.06
2025-03-01 19:00:00,122.84
2025-03-01 20:00:00,124.74
2025-03-01 21:00:00,123.56
2025-03-01 22:00:00,123.42
2025-03-01 23:00:00,119.92
2025-03-02 00:00:00,122.54
2025-03-02 01:00:00,100.17
2025-03-02 02:00:00,95.76
2025-03-02 03:00:00,85.8
2025-03-02 04:00:00,83.49
2025-03-02 05:00:00,81.23
2025-03-02 06:00:00,73.88
2025-03-02 07:00:00,85.68
2025-03-02 08:00:00,97.86
2025-03-02 09:00:00,89.0
2025-03-02 10:00:00,68.3
2025-03-02 11:00:00,49.0
2025-03-02 12:00:00,27.5
2025-03-02 13:00:00,14.71
2025-03-02 14:00:00,36.73
2025-03-02 15:00:00,64.63
2025-03-02 16:00:00,57.95
2025-03-02 17:00:00,112.49
2025-03-02 18:00:00,132.59
2025-03-02 19:00:00,135.29
2025-03-02 20:00:00,118.02
2025-03-02 21:00:00,101.35
2025-03-02 22:00:00,117.64
2025-03-02 23:00:00,113.94
2025-03-03 00:00:00,117.44
2025-03-03 01:00:00,110.56
2025-03-03 02:00:00,109.01
2025-03-03 03:00:00,104.54
2025-03-03 04:00:00,108.07
2025-03-03 05:00:00,120.37
2025-03-03 06:00:00,140.4
2025-03-03 07:00:00,163.0
2025-03-03 08:00:00,147.66
2025-03-03 09:00:00,108.26
2025-03-03 10:00:00,47.96
2025-03-03 11:00:00,62.58
2025-03-03 12:00:00,60.05
2025-03-03 13:00:00,50.54
2025-03-03 14:00:00,81.39
2025-03-03 15:00:00,120.1
2025-03-03 16:00:00,154.22
2025-03-03 17:00:00,143.85
2025-03-03 18:00:00,185.05
2025-03-03 19:00:00,167.8
2025-03-03 20:00:00,140.2
2025-03-03 21:00:00,192.35
2025-03-03 22:00:00,170.94
2025-03-03 23:00:00,168.58
2025-03-04 00:00:00,132.2
2025-03-04 01:00:00,130.58
2025-03-04 02:00:00,114.63
2025-03-04 03:00:00,109.67
2025-03-04 04:00:00,136.45
2025-03-04 05:00:00,209.06
2025-03-04 06:00:00,209.32
2025-03-04 07:00:00,184.35
2025-03-04 08:00:00,141.95
2025-03-04 09:00:00,116.65
2025-03-04 10:00:00,99.99
2025-03-04 11:00:00,71.13
2025-03-04 12:00:00,39.71
2025-03-04 13:00:00,32.69
2025-03-04 14:00:00,73.5
2025-03-04 15:00:00,119.76
2025-03-04 16:00:00,195.59
2025-03-04 17:00:00,123.11
2025-03-04 18:00:00,170.0
2025-03-04 19:00:00,138.2
2025-03-04 20:00:00,175.05
2025-03-04 21:00:00,188.45
2025-03-04 22:00:00,175.21
2025-03-04 23:00:00,163.42
2025-03-05 00:00:00,183.89
2025-03-05 01:00:00,162.57
2025-03-05 02:00:00,142.99
2025-03-05 03:00:00,138.08
2025-03-05 04:00:00,166.95
2025-03-05 05:00:00,184.92
2025-03-05 06:00:00,197.97
2025-03-05 07:00:00,157.14
2025-03-05 08:00:00,110.63
2025-03-05 09:00:00,78.13
2025-03-05 10:00:00,19.8
2025-03-05 11:00:00,12.67
2025-03-05 12:00:00,7.75
2025-03-05 13:00:00,1.61
2025-03-05 14:00:00,5.62
2025-03-05 15:00:00,75.11
2025-03-05 16:00:00,150.49
2025-03-05 17:00:00,119.25
2025-03-05 18:00:00,109.13
2025-03-05 19:00:00,123.9
2025-03-05 20:00:00,144.14
2025-03-05 21:00:00,190.45
2025-03-05 22:00:00,151.09
2025-03-05 23:00:00,150.0
2025-03-06 00:00:00,126.19
2025-03-06 01:00:00,125.72
2025-03-06 02:00:00,119.74
2025-03-06 03:00:00,122.4
2025-03-06 04:00:00,128.58
2025-03-06 05:00:00,176.66
2025-03-06 06:00:00,135.0
2025-03-06 07:00:00,152.86
2025-03-06 08:00:00,108.5
2025-03-06 09:00:00,80.23
2025-03-06 10:00:00,61.17
2025-03-06 11:00:00,5.27
2025-03-06 12:00:00,1.0
2025-03-06 13:00:00,0.46
2025-03-06 14:00:00,13.16
2025-03-06 15:00:00,72.78
2025-03-06 16:00:00,120.12
2025-03-06 17:00:00,129.22
2025-03-06 18:00:00,123.91
2025-03-06 19:00:00,104.88
2025-03-06 20:00:00,92.06
2025-03-06 21:00:00,144.17
2025-03-06 22:00:00,107.7
2025-03-06 23:00:00,150.0
2025-03-07 00:00:00,119.67
2025-03-07 01:00:00,117.81
2025-03-07 02:00:00,104.0
2025-03-07 03:00:00,103.82
2025-03-07 04:00:00,100.75
2025-03-07 05:00:00,118.37
2025-03-07 06:00:00,154.05
2025-03-07 07:00:00,150.63
2025-03-07 08:00:00,123.73
2025-03-07 09:00:00,83.21
2025-03-07 10:00:00,65.59
2025-03-07 11:00:00,31.81
2025-03-07 12:00:00,12.79
2025-03-07 13:00:00,8.02
2025-03-07 14:00:00,37.9
2025-03-07 15:00:00,93.76
2025-03-07 16:00:00,132.22
2025-03-07 17:00:00,165.19
2025-03-07 18:00:00,213.58
2025-03-07 19:00:00,188.52
2025-03-07 20:00:00,157.65
2025-03-07 21:00:00,137.0
2025-03-07 22:00:00,121.41
2025-03-07 23:00:00,112.7
2025-03-08 00:00:00,124.97
2025-03-08 01:00:00,114.49
2025-03-08 02:00:00,120.46
2025-03-08 03:00:00,119.0
2025-03-08 04:00:00,120.92
2025-03-08 05:00:00,122.85
2025-03-08 06:00:00,130.18
2025-03-08 07:00:00,122.27
2025-03-08 08:00:00,98.04
2025-03-08 09:00:00,72.54
2025-03-08 10:00:00,18.05
2025-03-08 11:00:00,2.18
2025-03-08 12:00:00,0.34
2025-03-08 13:00:00,-0.02
2025-03-08 14:00:00,0.07
2025-03-08 15:00:00,58.57
2025-03-08 16:00:00,104.78
2025-03-08 17:00:00,149.58
2025-03-08 18:00:00,171.67
2025-03-08 19:00:00,122.75
2025-03-08 20:00:00,102.34
2025-03-08 21:00:00,92.88
2025-03-08 22:00:00,84.35
2025-03-08 23:00:00,102.21
2025-03-09 00:00:00,108.5
2025-03-09 01:00:00,96.06
2025-03-09 02:00:00,96.13
2025-03-09 03:00:00,100.0
2025-03-09 04:00:00,102.35
2025-03-09 05:00:00,105.54
2025-03-09 06:00:00,104.8
2025-03-09 07:00:00,96.02
2025-03-09 08:00:00,66.98
2025-03-09 09:00:00,29.27
2025-03-09 10:00:00,10.1
2025-03-09 11:00:00,1.18
2025-03-09 12:00:00,-0.41
2025-03-09 13:00:00,-0.95
2025-03-09 14:00:00,0.5
2025-03-09 15:00:00,17.39
2025-03-09 16:00:00,92.35
2025-03-09 17:00:00,128.33
2025-03-09 18:00:00,133.31
2025-03-09 19:00:00,131.8
2025-03-09 20:00:00,125.56
2025-03-09 21:00:00,119.25
2025-03-09 22:00:00,113.06
2025-03-09 23:00:00,107.14
2025-03-10 00:00:00,97.27
2025-03-10 01:00:00,95.59
2025-03-10 02:00:00,97.41
2025-03-10 03:00:00,97.63
2025-03-10 04:00:00,95.98
2025-03-10 05:00:00,108.05
2025-03-10 06:00:00,149.9
2025-03-10 07:00:00,159.2
2025-03-10 08:00:00,133.9
2025-03-10 09:00:00,98.96
2025-03-10 10:00:00,71.03
2025-03-10 11:00:00,69.69
2025-03-10 12:00:00,76.02
2025-03-10 13:00:00,77.32
2025-03-10 14:00:00,84.54
2025-03-10 15:00:00,99.25
2025-03-10 16:00:00,130.34
2025-03-10 17:00:00,146.85
2025-03-10 18:00:00,176.19
2025-03-10 19:00:00,159.69
2025-03-10 20:00:00,141.61
2025-03-10 21:00:00,127.64
2025-03-10 22:00:00,107.4
2025-03-10 23:00:00,98.38
2025-03-11 00:00:00,105.32
2025-03-11 01:00:00,102.8
2025-03-11 02:00:00,100.27
2025-03-11 03:00:00,101.27
2025-03-11 04:00:00,103.9
2025-03-11 05:00:00,112.17
2025-03-11 06:00:00,144.84
2025-03-11 07:00:00,150.11
2025-03-11 08:00:00,145.29
2025-03-11 09:00:00,128.62
2025-03-11 10:00:00,102.05
2025-03-11 11:00:00,97.92
2025-03-11 12:00:00,97.04
2025-03-11 13:00:00,99.35
2025-03-11 14:00:00,103.59
2025-03-11 15:00:00,114.57
2025-03-11 16:00:00,136.62
2025-03-11 17:00:00,165.55
2025-03-11 18:00:00,197.86
2025-03-11 19:00:00,179.03
2025-03-11 20:00:00,148.67
2025-03-11 21:00:00,133.72
2025-03-11 22:00:00,122.22
2025-03-11 23:00:00,107.45
2025-03-12 00:00:00,101.93
2025-03-12 01:00:00,100.46
2025-03-12 02:00:00,98.0
2025-03-12 03:00:00,97.85
2025-03-12 04:00:00,102.82
2025-03-12 05:00:00,112.08
2025-03-12 06:00:00,141.11
2025-03-12 07:00:00,157.33
2025-03-12 08:00:00,146.68
2025-03-12 09:00:00,125.0
2025-03-12 10:00:00,101.95
2025-03-12 11:00:00,99.57
2025-03-12 12:00:00,98.06
2025-03-12 13:00:00,99.61
2025-03-12 14:00:00,101.64
2025-03-12 15:00:00,118.49
2025-03-12 16:00:00,138.54
2025-03-12 17:00:00,152.84
2025-03-12 18:00:00,193.01
2025-03-12 19:00:00,179.35
2025-03-12 20:00:00,148.4
2025-03-12 21:00:00,132.2
2025-03-12 22:00:00,120.0
2025-03-12 23:00:00,109.91
2025-03-13 00:00:00,108.16
2025-03-13 01:00:00,96.56
2025-03-13 02:00:00,88.73
2025-03-13 03:00:00,88.24
2025-03-13 04:00:00,94.35
2025-03-13 05:00:00,105.99
2025-03-13 06:00:00,133.05
2025-03-13 07:00:00,162.47
2025-03-13 08:00:00,164.0
2025-03-13 09:00:00,155.05
2025-03-13 10:00:00,130.74
2025-03-13 11:00:00,117.09
2025-03-13 12:00:00,115.62
2025-03-13 13:00:00,109.22
2025-03-13 14:00:00,112.22
2025-03-13 15:00:00,110.58
2025-03-13 16:00:00,122.05
2025-03-13 17:00:00,142.38
2025-03-13 18:00:00,166.05
2025-03-13 19:00:00,173.47
2025-03-13 20:00:00,149.0
2025-03-13 21:00:00,135.69
2025-03-13 22:00:00,118.9
2025-03-13 23:00:00,109.15
2025-03-14 00:00:00,109.09
2025-03-14 01:00:00,106.0
2025-03-14 02:00:00,105.9
2025-03-14 03:00:00,103.83
2025-03-14 04:00:00,105.3
2025-03-14 05:00:00,114.09
2025-03-14 06:00:00,143.1
2025-03-14 07:00:00,155.69
2025-03-14 08:00:00,160.78
2025-03-14 09:00:00,136.74
2025-03-14 10:00:00,116.73
2025-03-14 11:00:00,111.41
2025-03-14 12:00:00,108.15
2025-03-14 13:00:00,108.2
2025-03-14 14:00:00,110.81
2025-03-14 15:00:00,110.17
2025-03-14 16:00:00,126.3
2025-03-14 17:00:00,144.06
2025-03-14 18:00:00,153.71
2025-03-14 19:00:00,151.53
2025-03-14 20:00:00,130.01
2025-03-14 21:00:00,111.39
2025-03-14 22:00:00,114.0
2025-03-14 23:00:00,105.17
2025-03-15 00:00:00,112.15
2025-03-15 01:00:00,103.14
2025-03-15 02:00:00,96.0
2025-03-15 03:00:00,89.9
2025-03-15 04:00:00,86.9
2025-03-15 05:00:00,90.55
2025-03-15 06:00:00,97.01
2025-03-15 07:00:00,99.42
2025-03-15 08:00:00,100.91
2025-03-15 09:00:00,89.01
2025-03-15 10:00:00,70.22
2025-03-15 11:00:00,50.99
2025-03-15 12:00:00,56.39
2025-03-15 13:00:00,48.0
2025-03-15 14:00:00,54.51
2025-03-15 15:00:00,72.13
2025-03-15 16:00:00,86.79
2025-03-15 17:00:00,132.69
2025-03-15 18:00:00,146.4
2025-03-15 19:00:00,132.96
2025-03-15 20:00:00,121.46
2025-03-15 21:00:00,108.5
2025-03-15 22:00:00,105.02
2025-03-15 23:00:00,95.25
2025-03-16 00:00:00,90.01
2025-03-16 01:00:00,85.79
2025-03-16 02:00:00,79.62
2025-03-16 03:00:00,78.18
2025-03-16 04:00:00,78.6
2025-03-16 05:00:00,80.51
2025-03-16 06:00:00,85.14
2025-03-16 07:00:00,82.07
2025-03-16 08:00:00,77.95
2025-03-16 09:00:00,73.92
2025-03-16 10:00:00,35.0
2025-03-16 11:00:00,16.05
2025-03-16 12:00:00,9.08
2025-03-16 13:00:00,6.41
2025-03-16 14:00:00,12.18
2025-03-16 15:00:00,31.0
2025-03-16 16:00:00,72.78
2025-03-16 17:00:00,119.04
2025-03-16 18:00:00,132.47
2025-03-16 19:00:00,140.0
2025-03-16 20:00:00,125.96
2025-03-16 21:00:00,108.48
2025-03-16 22:00:00,101.62
2025-03-16 23:00:00,81.29
2025-03-17 00:00:00,80.99
2025-03-17 01:00:00,81.47
2025-03-17 02:00:00,80.01
2025-03-17 03:00:00,80.91
2025-03-17 04:00:00,85.85
2025-03-17 05:00:00,103.3
2025-03-17 06:00:00,135.18
2025-03-17 07:00:00,152.87
2025-03-17 08:00:00,136.18
2025-03-17 09:00:00,107.55
2025-03-17 10:00:00,89.95
2025-03-17 11:00:00,87.38
2025-03-17 12:00:00,70.9
2025-03-17 13:00:00,42.23
2025-03-17 14:00:00,50.27
2025-03-17 15:00:00,70.84
2025-03-17 16:00:00,104.02
2025-03-17 17:00:00,150.03
2025-03-17 18:00:00,173.68
2025-03-17 19:00:00,170.0
2025-03-17 20:00:00,141.5
2025-03-17 21:00:00,119.37
2025-03-17 22:00:00,108.23
2025-03-17 23:00:00,93.5
2025-03-18 00:00:00,92.2
2025-03-18 01:00:00,89.99
2025-03-18 02:00:00,92.83
2025-03-18 03:00:00,90.16
2025-03-18 04:00:00,97.16
2025-03-18 05:00:00,112.7
2025-03-18 06:00:00,140.88
2025-03-18 07:00:00,136.68
2025-03-18 08:00:00,104.74
2025-03-18 09:00:00,72.89
2025-03-18 10:00:00,32.82
2025-03-18 11:00:00,2.56
2025-03-18 12:00:00,3.81
2025-03-18 13:00:00,4.22
2025-03-18 14:00:00,8.3
2025-03-18 15:00:00,68.59
2025-03-18 16:00:00,106.54
2025-03-18 17:00:00,146.55
2025-03-18 18:00:00,171.92
2025-03-18 19:00:00,166.41
2025-03-18 20:00:00,144.23
2025-03-18 21:00:00,124.2
2025-03-18 22:00:00,117.81
2025-03-18 23:00:00,103.83
2025-03-19 00:00:00,109.51
2025-03-19 01:00:00,105.64
2025-03-19 02:00:00,104.03
2025-03-19 03:00:00,103.09
2025-03-19 04:00:00,107.9
2025-03-19 05:00:00,125.54
2025-03-19 06:00:00,161.27
2025-03-19 07:00:00,148.6
2025-03-19 08:00:00,110.08
2025-03-19 09:00:00,36.26
2025-03-19 10:00:00,29.99
2025-03-19 11:00:00,2.28
2025-03-19 12:00:00,1.02
2025-03-19 13:00:00,1.96
2025-03-19 14:00:00,5.26
2025-03-19 15:00:00,67.24
2025-03-19 16:00:00,114.48
2025-03-19 17:00:00,166.57
2025-03-19 18:00:00,252.87
2025-03-19 19:00:00,220.41
2025-03-19 20:00:00,175.81
2025-03-19 21:00:00,145.23
2025-03-19 22:00:00,130.33
2025-03-19 23:00:00,112.68
2025-03-20 00:00:00,122.16
2025-03-20 01:00:00,105.46
2025-03-20 02:00:00,101.91
2025-03-20 03:00:00,103.42
2025-03-20 04:00:00,107.46
2025-03-20 05:00:00,126.17
2025-03-20 06:00:00,151.43
2025-03-20 07:00:00,142.73
2025-03-20 08:00:00,100.62
2025-03-20 09:00:00,79.49
2025-03-20 10:00:00,39.42
2025-03-20 11:00:00,3.42
2025-03-20 12:00:00,0.43
2025-03-20 13:00:00,0.65
2025-03-20 14:00:00,17.04
2025-03-20 15:00:00,81.16
2025-03-20 16:00:00,123.16
2025-03-20 17:00:00,169.21
2025-03-20 18:00:00,273.12
2025-03-20 19:00:00,247.93
2025-03-20 20:00:00,171.12
2025-03-20 21:00:00,148.56
2025-03-20 22:00:00,134.63
2025-03-20 23:00:00,125.08
2025-03-21 00:00:00,128.66
2025-03-21 01:00:00,118.82
2025-03-21 02:00:00,115.77
2025-03-21 03:00:00,111.3
2025-03-21 04:00:00,115.39
2025-03-21 05:00:00,135.6
2025-03-21 06:00:00,166.39
2025-03-21 07:00:00,150.16
2025-03-21 08:00:00,112.51
2025-03-21 09:00:00,75.66
2025-03-21 10:00:00,44.15
2025-03-21 11:00:00,7.37
2025-03-21 12:00:00,1.42
2025-03-21 13:00:00,0.18
2025-03-21 14:00:00,5.61
2025-03-21 15:00:00,64.19
2025-03-21 16:00:00,122.15
2025-03-21 17:00:00,153.19
2025-03-21 18:00:00,257.94
2025-03-21 19:00:00,212.63
2025-03-21 20:00:00,179.8
2025-03-21 21:00:00,171.62
2025-03-21 22:00:00,170.0
2025-03-21 23:00:00,166.53
2025-03-22 00:00:00,106.42
2025-03-22 01:00:00,94.1
2025-03-22 02:00:00,102.82
2025-03-22 03:00:00,99.93
2025-03-22 04:00:00,104.83
2025-03-22 05:00:00,110.77
2025-03-22 06:00:00,90.0
2025-03-22 07:00:00,69.75
2025-03-22 08:00:00,56.16
2025-03-22 09:00:00,45.8
2025-03-22 10:00:00,19.58
2025-03-22 11:00:00,14.68
2025-03-22 12:00:00,42.49
2025-03-22 13:00:00,47.45
2025-03-22 14:00:00,56.24
2025-03-22 15:00:00,82.91
2025-03-22 16:00:00,143.81
2025-03-22 17:00:00,141.94
2025-03-22 18:00:00,140.09
2025-03-22 19:00:00,138.1
2025-03-22 20:00:00,139.51
2025-03-22 21:00:00,84.14
2025-03-22 22:00:00,76.71
2025-03-22 23:00:00,65.04
2025-03-23 00:00:00,33.6
2025-03-23 01:00:00,35.14
2025-03-23 02:00:00,43.85
2025-03-23 03:00:00,42.35
2025-03-23 04:00:00,42.39
2025-03-23 05:00:00,42.14
2025-03-23 06:00:00,44.28
2025-03-23 07:00:00,35.39
2025-03-23 08:00:00,27.51
2025-03-23 09:00:00,23.52
2025-03-23 10:00:00,13.78
2025-03-23 11:00:00,9.6
2025-03-23 12:00:00,13.49
2025-03-23 13:00:00,5.01
2025-03-23 14:00:00,11.46
2025-03-23 15:00:00,42.94
2025-03-23 16:00:00,87.56
2025-03-23 17:00:00,128.01
2025-03-23 18:00:00,143.0
2025-03-23 19:00:00,143.31
2025-03-23 20:00:00,142.17
2025-03-23 21:00:00,131.08
2025-03-23 22:00:00,126.52
2025-03-23 23:00:00,114.24
2025-03-24 00:00:00,111.91
2025-03-24 01:00:00,107.43
2025-03-24 02:00:00,101.96
2025-03-24 03:00:00,98.86
2025-03-24 04:00:00,101.91
2025-03-24 05:00:00,119.96
2025-03-24 06:00:00,142.01
2025-03-24 07:00:00,164.38
2025-03-24 08:00:00,162.25
2025-03-24 09:00:00,135.63
2025-03-24 10:00:00,111.41
2025-03-24 11:00:00,109.12
2025-03-24 12:00:00,103.99
2025-03-24 13:00:00,106.19
2025-03-24 14:00:00,114.1
2025-03-24 15:00:00,122.66
2025-03-24 16:00:00,134.01
2025-03-24 17:00:00,155.07
2025-03-24 18:00:00,213.98
2025-03-24 19:00:00,193.33
2025-03-24 20:00:00,161.96
2025-03-24 21:00:00,139.1
2025-03-24 22:00:00,126.06
2025-03-24 23:00:00,115.35
2025-03-25 00:00:00,102.87
2025-03-25 01:00:00,102.16
2025-03-25 02:00:00,100.61
2025-03-25 03:00:00,104.19
2025-03-25 04:00:00,103.69
2025-03-25 05:00:00,108.91
2025-03-25 06:00:00,138.49
2025-03-25 07:00:00,143.11
2025-03-25 08:00:00,138.93
2025-03-25 09:00:00,116.14
2025-03-25 10:00:00,110.49
2025-03-25 11:00:00,106.41
2025-03-25 12:00:00,99.55
2025-03-25 13:00:00,100.4
2025-03-25 14:00:00,112.65
2025-03-25 15:00:00,129.76
2025-03-25 16:00:00,147.47
2025-03-25 17:00:00,146.18
2025-03-25 18:00:00,181.65
2025-03-25 19:00:00,175.04
2025-03-25 20:00:00,148.6
2025-03-25 21:00:00,146.61
2025-03-25 22:00:00,129.85
2025-03-25 23:00:00,102.05
2025-03-26 00:00:00,101.02
2025-03-26 01:00:00,98.73
2025-03-26 02:00:00,98.6
2025-03-26 03:00:00,100.33
2025-03-26 04:00:00,103.48
2025-03-26 05:00:00,113.28
2025-03-26 06:00:00,136.06
2025-03-26 07:00:00,143.4
2025-03-26 08:00:00,137.65
2025-03-26 09:00:00,111.94
2025-03-26 10:00:00,100.06
2025-03-26 11:00:00,96.75
2025-03-26 12:00:00,95.0
2025-03-26 13:00:00,84.81
2025-03-26 14:00:00,93.5
2025-03-26 15:00:00,101.98
2025-03-26 16:00:00,117.7
2025-03-26 17:00:00,140.62
2025-03-26 18:00:00,166.97
2025-03-26 19:00:00,171.56
2025-03-26 20:00:00,157.1
2025-03-26 21:00:00,131.47
2025-03-26 22:00:00,123.45
2025-03-26 23:00:00,110.34
2025-03-27 00:00:00,105.02
2025-03-27 01:00:00,99.18
2025-03-27 02:00:00,97.89
2025-03-27 03:00:00,99.05
2025-03-27 04:00:00,97.81
2025-03-27 05:00:00,105.33
2025-03-27 06:00:00,131.05
2025-03-27 07:00:00,140.35
2025-03-27 08:00:00,123.5
2025-03-27 09:00:00,89.92
2025-03-27 10:00:00,79.56
2025-03-27 11:00:00,45.63
2025-03-27 12:00:00,36.77
2025-03-27 13:00:00,19.95
2025-03-27 14:00:00,53.71
2025-03-27 15:00:00,78.46
2025-03-27 16:00:00,97.59
2025-03-27 17:00:00,133.66
2025-03-27 18:00:00,161.91
2025-03-27 19:00:00,172.97
2025-03-27 20:00:00,142.1
2025-03-27 21:00:00,124.85
2025-03-27 22:00:00,113.48
2025-03-27 23:00:00,101.06
2025-03-28 00:00:00,91.11
2025-03-28 01:00:00,79.43
2025-03-28 02:00:00,79.02
2025-03-28 03:00:00,79.5
2025-03-28 04:00:00,80.05
2025-03-28 05:00:00,108.68
2025-03-28 06:00:00,130.17
2025-03-28 07:00:00,122.2
2025-03-28 08:00:00,102.08
2025-03-28 09:00:00,78.7
2025-03-28 10:00:00,70.65
2025-03-28 11:00:00,49.91
2025-03-28 12:00:00,52.03
2025-03-28 13:00:00,67.09
2025-03-28 14:00:00,76.85
2025-03-28 15:00:00,104.55
2025-03-28 16:00:00,110.29
2025-03-28 17:00:00,133.67
2025-03-28 18:00:00,166.75
2025-03-28 19:00:00,166.19
2025-03-28 20:00:00,150.18
2025-03-28 21:00:00,127.17
2025-03-28 22:00:00,119.67
2025-03-28 23:00:00,111.06
2025-03-29 00:00:00,117.25
2025-03-29 01:00:00,106.86
2025-03-29 02:00:00,99.42
2025-03-29 03:00:00,99.28
2025-03-29 04:00:00,98.94
2025-03-29 05:00:00,94.66
2025-03-29 06:00:00,102.06
2025-03-29 07:00:00,100.93
2025-03-29 08:00:00,96.73
2025-03-29 09:00:00,80.37
2025-03-29 10:00:00,97.38
2025-03-29 11:00:00,100.27
2025-03-29 12:00:00,95.63
2025-03-29 13:00:00,75.49
2025-03-29 14:00:00,86.71
2025-03-29 15:00:00,91.74
2025-03-29 16:00:00,116.4
2025-03-29 17:00:00,129.97
2025-03-29 18:00:00,152.49
2025-03-29 19:00:00,158.0
2025-03-29 20:00:00,131.86
2025-03-29 21:00:00,101.09
2025-03-29 22:00:00,83.5
2025-03-29 23:00:00,69.2
2025-03-30 00:00:00,46.25
2025-03-30 01:00:00,15.88
2025-03-30 03:00:00,5.09
2025-03-30 04:00:00,1.2
2025-03-30 05:00:00,0.09
2025-03-30 06:00:00,1.37
2025-03-30 07:00:00,1.47
2025-03-30 08:00:00,2.16
2025-03-30 09:00:00,0.15
2025-03-30 10:00:00,-1.43
2025-03-30 11:00:00,-5.01
2025-03-30 12:00:00,-16.6
2025-03-30 13:00:00,-23.98
2025-03-30 14:00:00,-24.41
2025-03-30 15:00:00,-12.4
2025-03-30 16:00:00,-4.04
2025-03-30 17:00:00,3.92
2025-03-30 18:00:00,48.15
2025-03-30 19:00:00,115.03
2025-03-30 20:00:00,116.95
2025-03-30 21:00:00,105.41
2025-03-30 22:00:00,93.4
2025-03-30 23:00:00,58.45
2025-03-31 00:00:00,74.84
2025-03-31 01:00:00,65.76
2025-03-31 02:00:00,65.66
2025-03-31 03:00:00,69.33
2025-03-31 04:00:00,72.32
2025-03-31 05:00:00,97.65
2025-03-31 06:00:00,131.56
2025-03-31 07:00:00,179.94
2025-03-31 08:00:00,177.19
2025-03-31 09:00:00,136.26
2025-03-31 10:00:00,112.96
2025-03-31 11:00:00,103.41
2025-03-31 12:00:00,91.32
2025-03-31 13:00:00,84.9
2025-03-31 14:00:00,76.05
2025-03-31 15:00:00,74.01
2025-03-31 16:00:00,86.01
2025-03-31 17:00:00,111.09
2025-03-31 18:00:00,142.31
2025-03-31 19:00:00,231.89
2025-03-31 20:00:00,203.96
2025-03-31 21:00:00,136.01
2025-03-31 22:00:00,115.79
2025-03-31 23:00:00,102.49
2025-04-01 00:00:00,102.23
2025-04-01 01:00:00,96.15
2025-04-01 02:00:00,94.17
2025-04-01 03:00:00,95.33
2025-04-01 04:00:00,93.08
2025-04-01 05:00:00,102.58
2025-04-01 06:00:00,131.44
2025-04-01 07:00:00,177.65
2025-04-01 08:00:00,159.37
2025-04-01 09:00:00,109.59
2025-04-01 10:00:00,88.29
2025-04-01 11:00:00,75.04
2025-04-01 12:00:00,63.0
2025-04-01 13:00:00,39.45
2025-04-01 14:00:00,43.37
2025-04-01 15:00:00,53.86
2025-04-01 16:00:00,86.39
2025-04-01 17:00:00,103.22
2025-04-01 18:00:00,134.02
2025-04-01 19:00:00,168.69
2025-04-01 20:00:00,141.54
2025-04-01 21:00:00,113.91
2025-04-01 22:00:00,96.96
2025-04-01 23:00:00,80.64
2025-04-02 00:00:00,69.76
2025-04-02 01:00:00,69.37
2025-04-02 02:00:00,69.28
2025-04-02 03:00:00,70.83
2025-04-02 04:00:00,71.86
2025-04-02 05:00:00,85.35
2025-04-02 06:00:00,119.38
2025-04-02 07:00:00,153.96
2025-04-02 08:00:00,125.77
2025-04-02 09:00:00,85.65
2025-04-02 10:00:00,65.34
2025-04-02 11:00:00,49.62
2025-04-02 12:00:00,45.56
2025-04-02 13:00:00,40.18
2025-04-02 14:00:00,39.12
2025-04-02 15:00:00,64.5
2025-04-02 16:00:00,79.63
2025-04-02 17:00:00,102.45
2025-04-02 18:00:00,116.34
2025-04-02 19:00:00,153.04
2025-04-02 20:00:00,136.35
2025-04-02 21:00:00,107.97
2025-04-02 22:00:00,86.61
2025-04-02 23:00:00,74.42
2025-04-03 00:00:00,72.78
2025-04-03 01:00:00,72.61
2025-04-03 02:00:00,68.93
2025-04-03 03:00:00,71.07
2025-04-03 04:00:00,77.41
2025-04-03 05:00:00,102.81
2025-04-03 06:00:00,140.26
2025-04-03 07:00:00,165.1
2025-04-03 08:00:00,133.3
2025-04-03 09:00:00,79.11
2025-04-03 10:00:00,41.2
2025-04-03 11:00:00,3.19
2025-04-03 12:00:00,-0.11
2025-04-03 13:00:00,-5.01
2025-04-03 14:00:00,-3.62
2025-04-03 15:00:00,3.45
2025-04-03 16:00:00,41.53
2025-04-03 17:00:00,94.34
2025-04-03 18:00:00,145.54
2025-04-03 19:00:00,200.56
2025-04-03 20:00:00,189.29
2025-04-03 21:00:00,143.07
2025-04-03 22:00:00,115.29
2025-04-03 23:00:00,106.12
2025-04-04 00:00:00,110.55
2025-04-04 01:00:00,105.53
2025-04-04 02:00:00,105.9
2025-04-04 03:00:00,106.01
2025-04-04 04:00:00,109.28
2025-04-04 05:00:00,115.11
2025-04-04 06:00:00,155.78
2025-04-04 07:00:00,183.19
2025-04-04 08:00:00,141.3
2025-04-04 09:00:00,96.44
2025-04-04 10:00:00,65.07
2025-04-04 11:00:00,7.82
2025-04-04 12:00:00,0.0
2025-04-04 13:00:00,-0.97
2025-04-04 14:00:00,-1.09
2025-04-04 15:00:00,0.94
2025-04-04 16:00:00,31.93
2025-04-04 17:00:00,115.46
2025-04-04 18:00:00,130.13
2025-04-04 19:00:00,177.24
2025-04-04 20:00:00,167.75
2025-04-04 21:00:00,137.76
2025-04-04 22:00:00,137.16
2025-04-04 23:00:00,111.71
2025-04-05 00:00:00,124.51
2025-04-05 01:00:00,112.8
2025-04-05 02:00:00,109.15
2025-04-05 03:00:00,108.34
2025-04-05 04:00:00,107.94
2025-04-05 05:00:00,108.7
2025-04-05 06:00:00,120.58
2025-04-05 07:00:00,116.95
2025-04-05 08:00:00,101.48
2025-04-05 09:00:00,57.63
2025-04-05 10:00:00,0.66
2025-04-05 11:00:00,-0.82
2025-04-05 12:00:00,-20.26
2025-04-05 13:00:00,-48.89
2025-04-05 14:00:00,-51.9
2025-04-05 15:00:00,-29.79
2025-04-05 16:00:00,4.67
2025-04-05 17:00:00,44.51
2025-04-05 18:00:00,86.42
2025-04-05 19:00:00,173.0
2025-04-05 20:00:00,154.56
2025-04-05 21:00:00,111.89
2025-04-05 22:00:00,78.99
2025-04-05 23:00:00,68.75
2025-04-06 00:00:00,70.45
2025-04-06 01:00:00,61.93
2025-04-06 02:00:00,63.83
2025-04-06 03:00:00,69.9
2025-04-06 04:00:00,71.89
2025-04-06 05:00:00,79.56
2025-04-06 06:00:00,78.96
2025-04-06 07:00:00,80.51
2025-04-06 08:00:00,42.77
2025-04-06 09:00:00,0.1
2025-04-06 10:00:00,-2.04
2025-04-06 11:00:00,-28.09
2025-04-06 12:00:00,-60.86
2025-04-06 13:00:00,-73.74
2025-04-06 14:00:00,-34.2
2025-04-06 15:00:00,-11.62
2025-04-06 16:00:00,0.79
2025-04-06 17:00:00,73.02
2025-04-06 18:00:00,138.86
2025-04-06 19:00:00,151.51
2025-04-06 20:00:00,143.84
2025-04-06 21:00:00,125.0
2025-04-06 22:00:00,113.94
2025-04-06 23:00:00,101.7
2025-04-07 00:00:00,89.07
2025-04-07 01:00:00,87.64
2025-04-07 02:00:00,84.09
2025-04-07 03:00:00,86.23
2025-04-07 04:00:00,87.97
2025-04-07 05:00:00,101.26
2025-04-07 06:00:00,132.22
2025-04-07 07:00:00,177.99
2025-04-07 08:00:00,144.45
2025-04-07 09:00:00,108.4
2025-04-07 10:00:00,84.46
2025-04-07 11:00:00,64.89
2025-04-07 12:00:00,45.56
2025-04-07 13:00:00,47.24
2025-04-07 14:00:00,59.31
2025-04-07 15:00:00,73.9
2025-04-07 16:00:00,91.95
2025-04-07 17:00:00,118.57
2025-04-07 18:00:00,170.83
2025-04-07 19:00:00,192.66
2025-04-07 20:00:00,205.32
2025-04-07 21:00:00,151.22
2025-04-07 22:00:00,138.48
2025-04-07 23:00:00,118.35
2025-04-08 00:00:00,94.99
2025-04-08 01:00:00,89.07
2025-04-08 02:00:00,90.56
2025-04-08 03:00:00,92.13
2025-04-08 04:00:00,93.85
2025-04-08 05:00:00,109.72
2025-04-08 06:00:00,151.76
2025-04-08 07:00:00,181.79
2025-04-08 08:00:00,136.77
2025-04-08 09:00:00,91.31
2025-04-08 10:00:00,81.29
2025-04-08 11:00:00,78.95
2025-04-08 12:00:00,53.95
2025-04-08 13:00:00,48.57
2025-04-08 14:00:00,60.69
2025-04-08 15:00:00,105.69
2025-04-08 16:00:00,87.15
2025-04-08 17:00:00,104.04
2025-04-08 18:00:00,104.28
2025-04-08 19:00:00,233.27
2025-04-08 20:00:00,183.5
2025-04-08 21:00:00,154.43
2025-04-08 22:00:00,123.9
2025-04-08 23:00:00,111.05
2025-04-09 00:00:00,113.08
2025-04-09 01:00:00,102.67
2025-04-09 02:00:00,97.29
2025-04-09 03:00:00,98.78
2025-04-09 04:00:00,98.71
2025-04-09 05:00:00,121.62
2025-04-09 06:00:00,162.3
2025-04-09 07:00:00,178.54
2025-04-09 08:00:00,131.56
2025-04-09 09:00:00,100.58
2025-04-09 10:00:00,84.83
2025-04-09 11:00:00,66.5
2025-04-09 12:00:00,15.61
2025-04-09 13:00:00,16.22
2025-04-09 14:00:00,41.01
2025-04-09 15:00:00,63.74
2025-04-09 16:00:00,81.18
2025-04-09 17:00:00,110.0
2025-04-09 18:00:00,150.0
2025-04-09 19:00:00,130.68
2025-04-09 20:00:00,112.75
2025-04-09 21:00:00,80.62
2025-04-09 22:00:00,120.0
2025-04-09 23:00:00,122.7
2025-04-10 00:00:00,101.49
2025-04-10 01:00:00,92.66
2025-04-10 02:00:00,92.11
2025-04-10 03:00:00,91.45
2025-04-10 04:00:00,94.32
2025-04-10 05:00:00,103.48
2025-04-10 06:00:00,146.3
2025-04-10 07:00:00,175.74
2025-04-10 08:00:00,137.58
2025-04-10 09:00:00,103.85
2025-04-10 10:00:00,88.46
2025-04-10 11:00:00,69.14
2025-04-10 12:00:00,39.73
2025-04-10 13:00:00,2.52
2025-04-10 14:00:00,0.09
2025-04-10 15:00:00,2.22
2025-04-10 16:00:00,68.08
2025-04-10 17:00:00,83.82
2025-04-10 18:00:00,117.33
2025-04-10 19:00:00,166.23
2025-04-10 20:00:00,177.79
2025-04-10 21:00:00,154.21
2025-04-10 22:00:00,133.17
2025-04-10 23:00:00,84.46
2025-04-11 00:00:00,76.75
2025-04-11 01:00:00,72.87
2025-04-11 02:00:00,65.76
2025-04-11 03:00:00,66.65
2025-04-11 04:00:00,83.03
2025-04-11 05:00:00,85.57
2025-04-11 06:00:00,114.0
2025-04-11 07:00:00,111.83
2025-04-11 08:00:00,91.25
2025-04-11 09:00:00,61.95
2025-04-11 10:00:00,14.29
2025-04-11 11:00:00,0.25
2025-04-11 12:00:00,0.05
2025-04-11 13:00:00,1.62
2025-04-11 14:00:00,0.87
2025-04-11 15:00:00,0.03
2025-04-11 16:00:00,37.18
2025-04-11 17:00:00,103.33
2025-04-11 18:00:00,149.05
2025-04-11 19:00:00,205.12
2025-04-11 20:00:00,204.25
2025-04-11 21:00:00,169.94
2025-04-11 22:00:00,141.99
2025-04-11 23:00:00,109.17
2025-04-12 00:00:00,110.31
2025-04-12 01:00:00,106.99
2025-04-12 02:00:00,103.31
2025-04-12 03:00:00,101.16
2025-04-12 04:00:00,102.04
2025-04-12 05:00:00,101.88
2025-04-12 06:00:00,110.96
2025-04-12 07:00:00,106.08
2025-04-12 08:00:00,97.84
2025-04-12 09:00:00,68.59
2025-04-12 10:00:00,20.19
2025-04-12 11:00:00,0.0
2025-04-12 12:00:00,-8.16
2025-04-12 13:00:00,-26.18
2025-04-12 14:00:00,-32.22
2025-04-12 15:00:00,-10.84
2025-04-12 16:00:00,-0.8
2025-04-12 17:00:00,91.25
2025-04-12 18:00:00,118.03
2025-04-12 19:00:00,151.2
2025-04-12 20:00:00,158.62
2025-04-12 21:00:00,107.8
2025-04-12 22:00:00,130.0
2025-04-12 23:00:00,137.03
2025-04-13 00:00:00,133.0
2025-04-13 01:00:00,106.32
2025-04-13 02:00:00,71.86
2025-04-13 03:00:00,58.54
2025-04-13 04:00:00,77.0
2025-04-13 05:00:00,80.22
2025-04-13 06:00:00,61.97
2025-04-13 07:00:00,27.75
2025-04-13 08:00:00,13.15
2025-04-13 09:00:00,8.43
2025-04-13 10:00:00,0.0
2025-04-13 11:00:00,-0.02
2025-04-13 12:00:00,-3.64
2025-04-13 13:00:00,-18.84
2025-04-13 14:00:00,-25.38
2025-04-13 15:00:00,-9.93
2025-04-13 16:00:00,-0.01
2025-04-13 17:00:00,64.84
2025-04-13 18:00:00,108.63
2025-04-13 19:00:00,155.7
2025-04-13 20:00:00,125.7
2025-04-13 21:00:00,159.06
2025-04-13 22:00:00,105.79
2025-04-13 23:00:00,97.56
2025-04-14 00:00:00,90.89
2025-04-14 01:00:00,85.71
2025-04-14 02:00:00,84.99
2025-04-14 03:00:00,85.3
2025-04-14 04:00:00,87.98
2025-04-14 05:00:00,104.16
2025-04-14 06:00:00,124.66
2025-04-14 07:00:00,153.49
2025-04-14 08:00:00,144.13
2025-04-14 09:00:00,112.96
2025-04-14 10:00:00,106.55
2025-04-14 11:00:00,126.25
2025-04-14 12:00:00,119.04
2025-04-14 13:00:00,107.33
2025-04-14 14:00:00,89.51
2025-04-14 15:00:00,92.98
2025-04-14 16:00:00,111.7
2025-04-14 17:00:00,114.21
2025-04-14 18:00:00,141.18
2025-04-14 19:00:00,195.08
2025-04-14 20:00:00,178.99
2025-04-14 21:00:00,112.52
2025-04-14 22:00:00,97.74
2025-04-14 23:00:00,82.81
2025-04-15 00:00:00,81.45
2025-04-15 01:00:00,80.05
2025-04-15 02:00:00,75.11
2025-04-15 03:00:00,73.24
2025-04-15 04:00:00,75.65
2025-04-15 05:00:00,97.75
2025-04-15 06:00:00,130.49
2025-04-15 07:00:00,140.99
2025-04-15 08:00:00,111.71
2025-04-15 09:00:00,117.22
2025-04-15 10:00:00,100.98
2025-04-15 11:00:00,99.0
2025-04-15 12:00:00,108.9
2025-04-15 13:00:00,100.58
2025-04-15 14:00:00,97.37
2025-04-15 15:00:00,104.58
2025-04-15 16:00:00,112.95
2025-04-15 17:00:00,115.58
2025-04-15 18:00:00,110.32
2025-04-15 19:00:00,137.95
2025-04-15 20:00:00,147.51
2025-04-15 21:00:00,114.9
2025-04-15 22:00:00,109.59
2025-04-15 23:00:00,102.03
2025-04-16 00:00:00,90.74
2025-04-16 01:00:00,85.28
2025-04-16 02:00:00,85.59
2025-04-16 03:00:00,86.31
2025-04-16 04:00:00,92.73
2025-04-16 05:00:00,104.65
2025-04-16 06:00:00,125.48
2025-04-16 07:00:00,135.62
2025-04-16 08:00:00,109.94
2025-04-16 09:00:00,60.64
2025-04-16 10:00:00,20.51
2025-04-16 11:00:00,10.27
2025-04-16 12:00:00,5.94
2025-04-16 13:00:00,2.51
2025-04-16 14:00:00,2.91
2025-04-16 15:00:00,16.5
2025-04-16 16:00:00,64.43
2025-04-16 17:00:00,95.68
2025-04-16 18:00:00,118.48
2025-04-16 19:00:00,169.91
2025-04-16 20:00:00,172.02
2025-04-16 21:00:00,122.31
2025-04-16 22:00:00,110.28
2025-04-16 23:00:00,98.59
2025-04-17 00:00:00,91.02
2025-04-17 01:00:00,85.87
2025-04-17 02:00:00,84.2
2025-04-17 03:00:00,83.23
2025-04-17 04:00:00,84.85
2025-04-17 05:00:00,91.55
2025-04-17 06:00:00,110.11
2025-04-17 07:00:00,123.32
2025-04-17 08:00:00,123.59
2025-04-17 09:00:00,81.59
2025-04-17 10:00:00,47.39
2025-04-17 11:00:00,24.52
2025-04-17 12:00:00,22.81
2025-04-17 13:00:00,19.43
2025-04-17 14:00:00,21.04
2025-04-17 15:00:00,73.24
2025-04-17 16:00:00,88.39
2025-04-17 17:00:00,100.97
2025-04-17 18:00:00,115.15
2025-04-17 19:00:00,132.98
2025-04-17 20:00:00,124.9
2025-04-17 21:00:00,114.06
2025-04-17 22:00:00,98.9
2025-04-17 23:00:00,96.81
2025-04-18 00:00:00,90.22
2025-04-18 01:00:00,81.35
2025-04-18 02:00:00,78.44
2025-04-18 03:00:00,77.89
2025-04-18 04:00:00,78.31
2025-04-18 05:00:00,77.93
2025-04-18 06:00:00,80.38
2025-04-18 07:00:00,86.13
2025-04-18 08:00:00,87.7
2025-04-18 09:00:00,89.77
2025-04-18 10:00:00,90.12
2025-04-18 11:00:00,88.16
2025-04-18 12:00:00,79.42
2025-04-18 13:00:00,69.43
2025-04-18 14:00:00,66.85
2025-04-18 15:00:00,69.2
2025-04-18 16:00:00,78.75
2025-04-18 17:00:00,93.2
2025-04-18 18:00:00,107.42
2025-04-18 19:00:00,128.2
2025-04-18 20:00:00,139.68
2025-04-18 21:00:00,119.74
2025-04-18 22:00:00,110.02
2025-04-18 23:00:00,103.04
2025-04-19 00:00:00,92.78
2025-04-19 01:00:00,82.92
2025-04-19 02:00:00,87.45
2025-04-19 03:00:00,85.57
2025-04-19 04:00:00,88.04
2025-04-19 05:00:00,94.26
2025-04-19 06:00:00,98.9
2025-04-19 07:00:00,95.34
2025-04-19 08:00:00,82.07
2025-04-19 09:00:00,55.67
2025-04-19 10:00:00,16.47
2025-04-19 11:00:00,4.54
2025-04-19 12:00:00,0.0
2025-04-19 13:00:00,-2.63
2025-04-19 14:00:00,-6.37
2025-04-19 15:00:00,-0.76
2025-04-19 16:00:00,0.2
2025-04-19 17:00:00,67.95
2025-04-19 18:00:00,107.84
2025-04-19 19:00:00,134.65
2025-04-19 20:00:00,168.73
2025-04-19 21:00:00,133.94
2025-04-19 22:00:00,115.89
2025-04-19 23:00:00,100.02
2025-04-20 00:00:00,101.98
2025-04-20 01:00:00,97.59
2025-04-20 02:00:00,96.85
2025-04-20 03:00:00,98.69
2025-04-20 04:00:00,98.53
2025-04-20 05:00:00,100.26
2025-04-20 06:00:00,100.81
2025-04-20 07:00:00,83.94
2025-04-20 08:00:00,62.47
2025-04-20 09:00:00,2.2
2025-04-20 10:00:00,-0.94
2025-04-20 11:00:00,-37.87
2025-04-20 12:00:00,-96.56
2025-04-20 13:00:00,-97.58
2025-04-20 14:00:00,-62.22
2025-04-20 15:00:00,-8.37
2025-04-20 16:00:00,0.0
2025-04-20 17:00:00,66.91
2025-04-20 18:00:00,107.13
2025-04-20 19:00:00,115.28
2025-04-20 20:00:00,140.97
2025-04-20 21:00:00,132.24
2025-04-20 22:00:00,121.61
2025-04-20 23:00:00,111.09
2025-04-21 00:00:00,107.63
2025-04-21 01:00:00,99.09
2025-04-21 02:00:00,95.49
2025-04-21 03:00:00,95.47
2025-04-21 04:00:00,98.43
2025-04-21 05:00:00,98.15
2025-04-21 06:00:00,95.07
2025-04-21 07:00:00,88.73
2025-04-21 08:00:00,77.14
2025-04-21 09:00:00,26.74
2025-04-21 10:00:00,5.93
2025-04-21 11:00:00,2.54
2025-04-21 12:00:00,-24.93
2025-04-21 13:00:00,-32.42
2025-04-21 14:00:00,-3.7
2025-04-21 15:00:00,9.4
2025-04-21 16:00:00,46.41
2025-04-21 17:00:00,82.09
2025-04-21 18:00:00,100.81
2025-04-21 19:00:00,121.33
2025-04-21 20:00:00,139.23
2025-04-21 21:00:00,132.1
2025-04-21 22:00:00,122.77
2025-04-21 23:00:00,106.5
2025-04-22 00:00:00,96.82
2025-04-22 01:00:00,89.42
2025-04-22 02:00:00,88.14
2025-04-22 03:00:00,85.62
2025-04-22 04:00:00,85.23
2025-04-22 05:00:00,99.23
2025-04-22 06:00:00,123.28
2025-04-22 07:00:00,151.66
2025-04-22 08:00:00,140.71
2025-04-22 09:00:00,104.45
2025-04-22 10:00:00,89.66
2025-04-22 11:00:00,79.37
2025-04-22 12:00:00,75.9
2025-04-22 13:00:00,66.76
2025-04-22 14:00:00,71.72
2025-04-22 15:00:00,78.78
2025-04-22 16:00:00,84.58
2025-04-22 17:00:00,102.51
2025-04-22 18:00:00,140.57
2025-04-22 19:00:00,217.38
2025-04-22 20:00:00,258.8
2025-04-22 21:00:00,155.41
2025-04-22 22:00:00,123.97
2025-04-22 23:00:00,113.46
2025-04-23 00:00:00,109.53
2025-04-23 01:00:00,101.05
2025-04-23 02:00:00,99.67
2025-04-23 03:00:00,99.42
2025-04-23 04:00:00,103.45
2025-04-23 05:00:00,112.87
2025-04-23 06:00:00,137.48
2025-04-23 07:00:00,144.7
2025-04-23 08:00:00,118.44
2025-04-23 09:00:00,100.08
2025-04-23 10:00:00,84.35
2025-04-23 11:00:00,86.11
2025-04-23 12:00:00,79.01
2025-04-23 13:00:00,79.3
2025-04-23 14:00:00,86.52
2025-04-23 15:00:00,95.15
2025-04-23 16:00:00,101.58
2025-04-23 17:00:00,110.83
2025-04-23 18:00:00,137.42
2025-04-23 19:00:00,171.75
2025-04-23 20:00:00,188.93
2025-04-23 21:00:00,127.0
2025-04-23 22:00:00,108.49
2025-04-23 23:00:00,97.56
2025-04-24 00:00:00,94.72
2025-04-24 01:00:00,89.52
2025-04-24 02:00:00,87.67
2025-04-24 03:00:00,86.36
2025-04-24 04:00:00,85.57
2025-04-24 05:00:00,92.15
2025-04-24 06:00:00,111.13
2025-04-24 07:00:00,119.52
2025-04-24 08:00:00,117.72
2025-04-24 09:00:00,102.4
2025-04-24 10:00:00,93.44
2025-04-24 11:00:00,84.65
2025-04-24 12:00:00,80.02
2025-04-24 13:00:00,76.27
2025-04-24 14:00:00,77.79
2025-04-24 15:00:00,80.52
2025-04-24 16:00:00,85.92
2025-04-24 17:00:00,99.02
2025-04-24 18:00:00,121.31
2025-04-24 19:00:00,118.83
2025-04-24 20:00:00,136.1
2025-04-24 21:00:00,114.48
2025-04-24 22:00:00,106.53
2025-04-24 23:00:00,93.1
2025-04-25 00:00:00,94.96
2025-04-25 01:00:00,83.82
2025-04-25 02:00:00,82.72
2025-04-25 03:00:00,84.28
2025-04-25 04:00:00,85.73
2025-04-25 05:00:00,97.04
2025-04-25 06:00:00,105.27
2025-04-25 07:00:00,113.39
2025-04-25 08:00:00,106.9
2025-04-25 09:00:00,91.83
2025-04-25 10:00:00,86.83
2025-04-25 11:00:00,74.14
2025-04-25 12:00:00,68.94
2025-04-25 13:00:00,50.0
2025-04-25 14:00:00,43.22
2025-04-25 15:00:00,64.1
2025-04-25 16:00:00,78.65
2025-04-25 17:00:00,85.39
2025-04-25 18:00:00,100.38
2025-04-25 19:00:00,116.51
2025-04-25 20:00:00,123.29
2025-04-25 21:00:00,109.63
2025-04-25 22:00:00,100.37
2025-04-25 23:00:00,92.09
2025-04-26 00:00:00,107.9
2025-04-26 01:00:00,93.57
2025-04-26 02:00:00,92.7
2025-04-26 03:00:00,91.15
2025-04-26 04:00:00,90.48
2025-04-26 05:00:00,92.14
2025-04-26 06:00:00,94.17
2025-04-26 07:00:00,86.71
2025-04-26 08:00:00,70.36
2025-04-26 09:00:00,34.45
2025-04-26 10:00:00,2.55
2025-04-26 11:00:00,-0.01
2025-04-26 12:00:00,1.33
2025-04-26 13:00:00,-3.86
2025-04-26 14:00:00,-6.97
2025-04-26 15:00:00,-1.05
2025-04-26 16:00:00,0.02
2025-04-26 17:00:00,30.99
2025-04-26 18:00:00,79.39
2025-04-26 19:00:00,100.41
2025-04-26 20:00:00,115.53
2025-04-26 21:00:00,95.84
2025-04-26 22:00:00,85.95
2025-04-26 23:00:00,73.37
2025-04-27 00:00:00,69.27
2025-04-27 01:00:00,62.09
2025-04-27 02:00:00,58.13
2025-04-27 03:00:00,58.92
2025-04-27 04:00:00,63.94
2025-04-27 05:00:00,67.71
2025-04-27 06:00:00,67.37
2025-04-27 07:00:00,62.78
2025-04-27 08:00:00,35.02
2025-04-27 09:00:00,0.04
2025-04-27 10:00:00,-3.0
2025-04-27 11:00:00,-31.98
2025-04-27 12:00:00,-92.46
2025-04-27 13:00:00,-120.48
2025-04-27 14:00:00,-112.78
2025-04-27 15:00:00,-51.02
2025-04-27 16:00:00,-5.17
2025-04-27 17:00:00,18.35
2025-04-27 18:00:00,93.26
2025-04-27 19:00:00,110.6
2025-04-27 20:00:00,124.8
2025-04-27 21:00:00,108.89
2025-04-27 22:00:00,99.0
2025-04-27 23:00:00,93.92
2025-04-28 00:00:00,93.2
2025-04-28 01:00:00,87.59
2025-04-28 02:00:00,83.48
2025-04-28 03:00:00,86.36
2025-04-28 04:00:00,91.93
2025-04-28 05:00:00,100.14
2025-04-28 06:00:00,139.84
2025-04-28 07:00:00,131.09
2025-04-28 08:00:00,95.3
2025-04-28 09:00:00,67.37
2025-04-28 10:00:00,9.54
2025-04-28 11:00:00,-0.01
2025-04-28 12:00:00,-3.57
2025-04-28 13:00:00,-5.9
2025-04-28 14:00:00,-6.18
2025-04-28 15:00:00,-1.54
2025-04-28 16:00:00,2.07
2025-04-28 17:00:00,72.76
2025-04-28 18:00:00,108.04
2025-04-28 19:00:00,153.46
2025-04-28 20:00:00,198.46
2025-04-28 21:00:00,129.31
2025-04-28 22:00:00,106.18
2025-04-28 23:00:00,96.91
2025-04-29 00:00:00,91.77
2025-04-29 01:00:00,87.86
2025-04-29 02:00:00,82.93
2025-04-29 03:00:00,80.56
2025-04-29 04:00:00,81.57
2025-04-29 05:00:00,91.27
2025-04-29 06:00:00,106.98
2025-04-29 07:00:00,113.01
2025-04-29 08:00:00,92.86
2025-04-29 09:00:00,59.08
2025-04-29 10:00:00,1.93
2025-04-29 11:00:00,0.0
2025-04-29 12:00:00,-0.76
2025-04-29 13:00:00,-1.9
2025-04-29 14:00:00,-1.7
2025-04-29 15:00:00,-0.01
2025-04-29 16:00:00,14.9
2025-04-29 17:00:00,77.83
2025-04-29 18:00:00,101.9
2025-04-29 19:00:00,140.51
2025-04-29 20:00:00,178.53
2025-04-29 21:00:00,130.64
2025-04-29 22:00:00,109.55
2025-04-29 23:00:00,98.46
2025-04-30 00:00:00,95.0
2025-04-30 01:00:00,90.05
2025-04-30 02:00:00,88.67
2025-04-30 03:00:00,89.24
2025-04-30 04:00:00,92.71
2025-04-30 05:00:00,96.75
2025-04-30 06:00:00,115.1
2025-04-30 07:00:00,120.3
2025-04-30 08:00:00,91.69
2025-04-30 09:00:00,65.43
2025-04-30 10:00:00,7.08
2025-04-30 11:00:00,0.0
2025-04-30 12:00:00,-1.0
2025-04-30 13:00:00,-6.21
2025-04-30 14:00:00,-3.0
2025-04-30 15:00:00,-0.02
2025-04-30 16:00:00,20.03
2025-04-30 17:00:00,79.69
2025-04-30 18:00:00,103.82
2025-04-30 19:00:00,134.49
2025-04-30 20:00:00,178.17
2025-04-30 21:00:00,127.93
2025-04-30 22:00:00,108.58
2025-04-30 23:00:00,99.36
2025-05-01 00:00:00,98.98
2025-05-01 01:00:00,93.23
2025-05-01 02:00:00,91.7
2025-05-01 03:00:00,91.99
2025-05-01 04:00:00,91.98
2025-05-01 05:00:00,85.28
2025-05-01 06:00:00,82.65
2025-05-01 07:00:00,74.03
2025-05-01 08:00:00,57.22
2025-05-01 09:00:00,0.0
2025-05-01 10:00:00,-3.0
2025-05-01 11:00:00,-40.1
2025-05-01 12:00:00,-80.29
2025-05-01 13:00:00,-128.17
2025-05-01 14:00:00,-118.6
2025-05-01 15:00:00,-49.99
2025-05-01 16:00:00,-5.17
2025-05-01 17:00:00,38.61
2025-05-01 18:00:00,97.03
2025-05-01 19:00:00,129.8
2025-05-01 20:00:00,164.03
2025-05-01 21:00:00,121.36
2025-05-01 22:00:00,100.17
2025-05-01 23:00:00,86.59
2025-05-02 00:00:00,88.87
2025-05-02 01:00:00,73.85
2025-05-02 02:00:00,63.66
2025-05-02 03:00:00,62.62
2025-05-02 04:00:00,66.11
2025-05-02 05:00:00,75.93
2025-05-02 06:00:00,87.43
2025-05-02 07:00:00,82.64
2025-05-02 08:00:00,74.57
2025-05-02 09:00:00,24.41
2025-05-02 10:00:00,0.85
2025-05-02 11:00:00,-0.01
2025-05-02 12:00:00,-0.8
2025-05-02 13:00:00,-3.0
2025-05-02 14:00:00,-4.0
2025-05-02 15:00:00,-0.08
2025-05-02 16:00:00,0.3
2025-05-02 17:00:00,69.24
2025-05-02 18:00:00,101.76
2025-05-02 19:00:00,122.53
2025-05-02 20:00:00,149.94
2025-05-02 21:00:00,122.62
2025-05-02 22:00:00,108.16
2025-05-02 23:00:00,97.93
2025-05-03 00:00:00,98.92
2025-05-03 01:00:00,94.57
2025-05-03 02:00:00,93.23
2025-05-03 03:00:00,92.06
2025-05-03 04:00:00,90.37
2025-05-03 05:00:00,90.7
2025-05-03 06:00:00,90.37
2025-05-03 07:00:00,85.26
2025-05-03 08:00:00,67.88
2025-05-03 09:00:00,13.53
2025-05-03 10:00:00,0.01
2025-05-03 11:00:00,-0.01
2025-05-03 12:00:00,-1.16
2025-05-03 13:00:00,-3.04
2025-05-03 14:00:00,-2.69
2025-05-03 15:00:00,-0.03
2025-05-03 16:00:00,0.0
2025-05-03 17:00:00,29.29
2025-05-03 18:00:00,71.88
2025-05-03 19:00:00,83.5
2025-05-03 20:00:00,103.1
2025-05-03 21:00:00,93.21
2025-05-03 22:00:00,81.65
2025-05-03 23:00:00,68.92
2025-05-04 00:00:00,61.22
2025-05-04 01:00:00,45.63
2025-05-04 02:00:00,32.4
2025-05-04 03:00:00,20.69
2025-05-04 04:00:00,20.23
2025-05-04 05:00:00,15.58
2025-05-04 06:00:00,13.62
2025-05-04 07:00:00,7.83
2025-05-04 08:00:00,2.93
2025-05-04 09:00:00,0.0
2025-05-04 10:00:00,-0.01
2025-05-04 11:00:00,-0.01
2025-05-04 12:00:00,-0.02
2025-05-04 13:00:00,-2.0
2025-05-04 14:00:00,-5.01
2025-05-04 15:00:00,-1.59
2025-05-04 16:00:00,-0.01
2025-05-04 17:00:00,10.42
2025-05-04 18:00:00,82.69
2025-05-04 19:00:00,98.21
2025-05-04 20:00:00,109.23
2025-05-04 21:00:00,108.35
2025-05-04 22:00:00,100.65
2025-05-04 23:00:00,89.1
2025-05-05 00:00:00,71.15
2025-05-05 01:00:00,71.43
2025-05-05 02:00:00,67.52
2025-05-05 03:00:00,69.91
2025-05-05 04:00:00,71.42
2025-05-05 05:00:00,89.24
2025-05-05 06:00:00,107.88
2025-05-05 07:00:00,125.74
2025-05-05 08:00:00,110.08
2025-05-05 09:00:00,95.05
2025-05-05 10:00:00,90.2
2025-05-05 11:00:00,71.99
2025-05-05 12:00:00,59.99
2025-05-05 13:00:00,57.03
2025-05-05 14:00:00,58.91
2025-05-05 15:00:00,70.02
2025-05-05 16:00:00,124.67
2025-05-05 17:00:00,96.27
2025-05-05 18:00:00,107.26
2025-05-05 19:00:00,137.22
2025-05-05 20:00:00,270.33
2025-05-05 21:00:00,134.92
2025-05-05 22:00:00,110.66
2025-05-05 23:00:00,97.35
2025-05-06 00:00:00,86.15
2025-05-06 01:00:00,79.89
2025-05-06 02:00:00,77.55
2025-05-06 03:00:00,76.35
2025-05-06 04:00:00,82.53
2025-05-06 05:00:00,96.11
2025-05-06 06:00:00,112.7
2025-05-06 07:00:00,120.95
2025-05-06 08:00:00,110.93
2025-05-06 09:00:00,88.58
2025-05-06 10:00:00,81.88
2025-05-06 11:00:00,70.1
2025-05-06 12:00:00,61.17
2025-05-06 13:00:00,58.99
2025-05-06 14:00:00,62.85
2025-05-06 15:00:00,73.57
2025-05-06 16:00:00,80.18
2025-05-06 17:00:00,96.76
2025-05-06 18:00:00,114.97
2025-05-06 19:00:00,148.15
2025-05-06 20:00:00,160.08
2025-05-06 21:00:00,132.19
2025-05-06 22:00:00,113.21
2025-05-06 23:00:00,100.69
2025-05-07 00:00:00,95.43
2025-05-07 01:00:00,89.76
2025-05-07 02:00:00,88.0
2025-05-07 03:00:00,90.5
2025-05-07 04:00:00,93.61
2025-05-07 05:00:00,104.02
2025-05-07 06:00:00,127.31
2025-05-07 07:00:00,141.7
2025-05-07 08:00:00,122.0
2025-05-07 09:00:00,99.77
2025-05-07 10:00:00,91.32
2025-05-07 11:00:00,80.92
2025-05-07 12:00:00,71.41
2025-05-07 13:00:00,71.53
2025-05-07 14:00:00,74.5
2025-05-07 15:00:00,82.24
2025-05-07 16:00:00,87.76
2025-05-07 17:00:00,100.94
2025-05-07 18:00:00,112.64
2025-05-07 19:00:00,133.7
2025-05-07 20:00:00,151.52
2025-05-07 21:00:00,123.37
2025-05-07 22:00:00,110.39
2025-05-07 23:00:00,98.85
2025-05-08 00:00:00,98.58
2025-05-08 01:00:00,94.25
2025-05-08 02:00:00,94.13
2025-05-08 03:00:00,96.29
2025-05-08 04:00:00,95.95
2025-05-08 05:00:00,110.06
2025-05-08 06:00:00,125.01
2025-05-08 07:00:00,136.9
2025-05-08 08:00:00,121.68
2025-05-08 09:00:00,104.41
2025-05-08 10:00:00,91.32
2025-05-08 11:00:00,79.14
2025-05-08 12:00:00,66.99
2025-05-08 13:00:00,66.37
2025-05-08 14:00:00,73.06
2025-05-08 15:00:00,82.62
2025-05-08 16:00:00,92.1
2025-05-08 17:00:00,102.54
2025-05-08 18:00:00,121.81
2025-05-08 19:00:00,150.73
2025-05-08 20:00:00,195.76
2025-05-08 21:00:00,144.92
2025-05-08 22:00:00,123.88
2025-05-08 23:00:00,112.32
2025-05-09 00:00:00,101.62
2025-05-09 01:00:00,98.86
2025-05-09 02:00:00,95.97
2025-05-09 03:00:00,97.3
2025-05-09 04:00:00,100.07
2025-05-09 05:00:00,110.28
2025-05-09 06:00:00,135.29
2025-05-09 07:00:00,131.41
2025-05-09 08:00:00,95.73
2025-05-09 09:00:00,84.22
2025-05-09 10:00:00,53.73
2025-05-09 11:00:00,5.34
2025-05-09 12:00:00,5.54
2025-05-09 13:00:00,0.24
2025-05-09 14:00:00,0.02
2025-05-09 15:00:00,19.51
2025-05-09 16:00:00,67.29
2025-05-09 17:00:00,93.63
2025-05-09 18:00:00,104.23
2025-05-09 19:00:00,136.9
2025-05-09 20:00:00,174.0
2025-05-09 21:00:00,135.58
2025-05-09 22:00:00,114.14
2025-05-09 23:00:00,100.43
2025-05-10 00:00:00,105.86
2025-05-10 01:00:00,104.55
2025-05-10 02:00:00,100.36
2025-05-10 03:00:00,96.52
2025-05-10 04:00:00,100.87
2025-05-10 05:00:00,100.58
2025-05-10 06:00:00,97.74
2025-05-10 07:00:00,93.11
2025-05-10 08:00:00,72.27
2025-05-10 09:00:00,9.19
2025-05-10 10:00:00,-0.12
2025-05-10 11:00:00,-21.23
2025-05-10 12:00:00,-52.84
2025-05-10 13:00:00,-113.4
2025-05-10 14:00:00,-104.46
2025-05-10 15:00:00,-50.45
2025-05-10 16:00:00,-6.91
2025-05-10 17:00:00,36.61
2025-05-10 18:00:00,99.43
2025-05-10 19:00:00,125.81
2025-05-10 20:00:00,187.92
2025-05-10 21:00:00,128.52
2025-05-10 22:00:00,110.66
2025-05-10 23:00:00,96.32
2025-05-11 00:00:00,98.88
2025-05-11 01:00:00,97.3
2025-05-11 02:00:00,95.41
2025-05-11 03:00:00,97.76
2025-05-11 04:00:00,97.76
2025-05-11 05:00:00,97.75
2025-05-11 06:00:00,89.89
2025-05-11 07:00:00,67.31
2025-05-11 08:00:00,4.96
2025-05-11 09:00:00,-0.09
2025-05-11 10:00:00,-11.66
2025-05-11 11:00:00,-44.86
2025-05-11 12:00:00,-133.26
2025-05-11 13:00:00,-200.0
2025-05-11 14:00:00,-202.7
2025-05-11 15:00:00,-106.55
2025-05-11 16:00:00,-16.71
2025-05-11 17:00:00,3.45
2025-05-11 18:00:00,101.38
2025-05-11 19:00:00,133.79
2025-05-11 20:00:00,160.67
2025-05-11 21:00:00,124.65
2025-05-11 22:00:00,107.56
2025-05-11 23:00:00,93.23
2025-05-12 00:00:00,88.44
2025-05-12 01:00:00,83.6
2025-05-12 02:00:00,83.18
2025-05-12 03:00:00,83.79
2025-05-12 04:00:00,87.13
2025-05-12 05:00:00,102.29
2025-05-12 06:00:00,147.74
2025-05-12 07:00:00,150.04
2025-05-12 08:00:00,113.2
2025-05-12 09:00:00,77.58
2025-05-12 10:00:00,26.75
2025-05-12 11:00:00,16.7
2025-05-12 12:00:00,31.1
2025-05-12 13:00:00,31.0
2025-05-12 14:00:00,20.17
2025-05-12 15:00:00,44.15
2025-05-12 16:00:00,71.42
2025-05-12 17:00:00,91.06
2025-05-12 18:00:00,104.03
2025-05-12 19:00:00,146.83
2025-05-12 20:00:00,211.34
2025-05-12 21:00:00,152.0
2025-05-12 22:00:00,92.74
2025-05-12 23:00:00,94.41
2025-05-13 00:00:00,99.62
2025-05-13 01:00:00,92.08
2025-05-13 02:00:00,91.96
2025-05-13 03:00:00,95.75
2025-05-13 04:00:00,98.66
2025-05-13 05:00:00,111.68
2025-05-13 06:00:00,137.29
2025-05-13 07:00:00,128.54
2025-05-13 08:00:00,100.37
2025-05-13 09:00:00,81.2
2025-05-13 10:00:00,23.19
2025-05-13 11:00:00,4.88
2025-05-13 12:00:00,11.89
2025-05-13 13:00:00,13.14
2025-05-13 14:00:00,15.7
2025-05-13 15:00:00,23.4
2025-05-13 16:00:00,19.46
2025-05-13 17:00:00,74.37
2025-05-13 18:00:00,111.68
2025-05-13 19:00:00,162.55
2025-05-13 20:00:00,292.72
2025-05-13 21:00:00,155.96
2025-05-13 22:00:00,116.53
2025-05-13 23:00:00,105.08
2025-05-14 00:00:00,103.88
2025-05-14 01:00:00,98.89
2025-05-14 02:00:00,97.16
2025-05-14 03:00:00,100.04
2025-05-14 04:00:00,100.09
2025-05-14 05:00:00,104.21
2025-05-14 06:00:00,120.32
2025-05-14 07:00:00,122.16
2025-05-14 08:00:00,99.61
2025-05-14 09:00:00,72.19
2025-05-14 10:00:00,5.63
2025-05-14 11:00:00,6.16
2025-05-14 12:00:00,-0.2
2025-05-14 13:00:00,-8.01
2025-05-14 14:00:00,-8.76
2025-05-14 15:00:00,9.39
2025-05-14 16:00:00,22.27
2025-05-14 17:00:00,36.52
2025-05-14 18:00:00,73.03
2025-05-14 19:00:00,90.9
2025-05-14 20:00:00,135.15
2025-05-14 21:00:00,127.19
2025-05-14 22:00:00,113.63
2025-05-14 23:00:00,103.38
2025-05-15 00:00:00,101.0
2025-05-15 01:00:00,92.68
2025-05-15 02:00:00,91.29
2025-05-15 03:00:00,91.53
2025-05-15 04:00:00,94.03
2025-05-15 05:00:00,102.21
2025-05-15 06:00:00,122.62
2025-05-15 07:00:00,130.8
2025-05-15 08:00:00,99.99
2025-05-15 09:00:00,71.19
2025-05-15 10:00:00,14.92
2025-05-15 11:00:00,9.33
2025-05-15 12:00:00,7.13
2025-05-15 13:00:00,8.04
2025-05-15 14:00:00,7.95
2025-05-15 15:00:00,38.21
2025-05-15 16:00:00,69.29
2025-05-15 17:00:00,67.22
2025-05-15 18:00:00,87.63
2025-05-15 19:00:00,126.37
2025-05-15 20:00:00,157.6
2025-05-15 21:00:00,126.78
2025-05-15 22:00:00,111.12
2025-05-15 23:00:00,103.42
2025-05-16 00:00:00,96.79
2025-05-16 01:00:00,89.6
2025-05-16 02:00:00,86.71
2025-05-16 03:00:00,86.09
2025-05-16 04:00:00,89.91
2025-05-16 05:00:00,97.3
2025-05-16 06:00:00,111.09
2025-05-16 07:00:00,116.7
2025-05-16 08:00:00,106.82
2025-05-16 09:00:00,84.0
2025-05-16 10:00:00,35.47
2025-05-16 11:00:00,16.34
2025-05-16 12:00:00,20.28
2025-05-16 13:00:00,23.99
2025-05-16 14:00:00,27.1
2025-05-16 15:00:00,18.95
2025-05-16 16:00:00,34.81
2025-05-16 17:00:00,72.38
2025-05-16 18:00:00,115.92
2025-05-16 19:00:00,130.16
2025-05-16 20:00:00,164.9
2025-05-16 21:00:00,143.19
2025-05-16 22:00:00,116.52
2025-05-16 23:00:00,107.07
2025-05-17 00:00:00,93.76
2025-05-17 01:00:00,93.98
2025-05-17 02:00:00,89.18
2025-05-17 03:00:00,89.4
2025-05-17 04:00:00,90.6
2025-05-17 05:00:00,95.09
2025-05-17 06:00:00,92.26
2025-05-17 07:00:00,90.19
2025-05-17 08:00:00,60.04
2025-05-17 09:00:00,0.92
2025-05-17 10:00:00,-0.02
2025-05-17 11:00:00,-1.16
2025-05-17 12:00:00,-3.92
2025-05-17 13:00:00,-9.8
2025-05-17 14:00:00,-11.03
2025-05-17 15:00:00,-5.18
2025-05-17 16:00:00,3.32
2025-05-17 17:00:00,38.06
2025-05-17 18:00:00,92.87
2025-05-17 19:00:00,114.69
2025-05-17 20:00:00,161.81
2025-05-17 21:00:00,142.45
2025-05-17 22:00:00,138.06
2025-05-17 23:00:00,120.46
2025-05-18 00:00:00,107.38
2025-05-18 01:00:00,102.07
2025-05-18 02:00:00,99.16
2025-05-18 03:00:00,97.99
2025-05-18 04:00:00,98.94
2025-05-18 05:00:00,98.61
2025-05-18 06:00:00,91.76
2025-05-18 07:00:00,87.65
2025-05-18 08:00:00,64.36
2025-05-18 09:00:00,8.85
2025-05-18 10:00:00,0.0
2025-05-18 11:00:00,-0.2
2025-05-18 12:00:00,-2.0
2025-05-18 13:00:00,-7.37
2025-05-18 14:00:00,-15.0
2025-05-18 15:00:00,-8.97
2025-05-18 16:00:00,-0.2
2025-05-18 17:00:00,21.12
2025-05-18 18:00:00,93.97
2025-05-18 19:00:00,116.8
2025-05-18 20:00:00,136.57
2025-05-18 21:00:00,131.79
2025-05-18 22:00:00,119.53
2025-05-18 23:00:00,105.25
2025-05-19 00:00:00,111.98
2025-05-19 01:00:00,105.19
2025-05-19 02:00:00,98.36
2025-05-19 03:00:00,95.19
2025-05-19 04:00:00,102.75
2025-05-19 05:00:00,114.21
2025-05-19 06:00:00,135.26
2025-05-19 07:00:00,135.46
2025-05-19 08:00:00,115.51
2025-05-19 09:00:00,95.48
2025-05-19 10:00:00,71.53
2025-05-19 11:00:00,28.93
2025-05-19 12:00:00,12.77
2025-05-19 13:00:00,5.0
2025-05-19 14:00:00,8.0
2025-05-19 15:00:00,28.81
2025-05-19 16:00:00,77.71
2025-05-19 17:00:00,101.83
2025-05-19 18:00:00,119.75
2025-05-19 19:00:00,150.49
2025-05-19 20:00:00,231.01
2025-05-19 21:00:00,154.01
2025-05-19 22:00:00,132.43
2025-05-19 23:00:00,116.64
2025-05-20 00:00:00,119.12
2025-05-20 01:00:00,108.73
2025-05-20 02:00:00,105.84
2025-05-20 03:00:00,108.56
2025-05-20 04:00:00,117.0
2025-05-20 05:00:00,126.53
2025-05-20 06:00:00,144.85
2025-05-20 07:00:00,133.53
2025-05-20 08:00:00,95.97
2025-05-20 09:00:00,70.2
2025-05-20 10:00:00,63.76
2025-05-20 11:00:00,16.0
2025-05-20 12:00:00,16.08
2025-05-20 13:00:00,18.38
2025-05-20 14:00:00,25.11
2025-05-20 15:00:00,46.27
2025-05-20 16:00:00,82.44
2025-05-20 17:00:00,104.68
2025-05-20 18:00:00,143.48
2025-05-20 19:00:00,178.83
2025-05-20 20:00:00,236.1
2025-05-20 21:00:00,160.82
2025-05-20 22:00:00,127.57
2025-05-20 23:00:00,113.1
2025-05-21 00:00:00,107.93
2025-05-21 01:00:00,102.33
2025-05-21 02:00:00,97.9
2025-05-21 03:00:00,94.9
2025-05-21 04:00:00,93.7
2025-05-21 05:00:00,102.49
2025-05-21 06:00:00,112.48
2025-05-21 07:00:00,116.54
2025-05-21 08:00:00,107.82
2025-05-21 09:00:00,84.82
2025-05-21 10:00:00,42.22
2025-05-21 11:00:00,57.3
2025-05-21 12:00:00,50.0
2025-05-21 13:00:00,45.17
2025-05-21 14:00:00,55.07
2025-05-21 15:00:00,82.0
2025-05-21 16:00:00,98.5
2025-05-21 17:00:00,152.6
2025-05-21 18:00:00,164.75
2025-05-21 19:00:00,211.78
2025-05-21 20:00:00,306.24
2025-05-21 21:00:00,110.27
2025-05-21 22:00:00,119.6
2025-05-21 23:00:00,90.0
2025-05-22 00:00:00,103.45
2025-05-22 01:00:00,93.12
2025-05-22 02:00:00,88.35
2025-05-22 03:00:00,88.56
2025-05-22 04:00:00,89.06
2025-05-22 05:00:00,95.85
2025-05-22 06:00:00,114.9
2025-05-22 07:00:00,117.9
2025-05-22 08:00:00,106.08
2025-05-22 09:00:00,88.22
2025-05-22 10:00:00,70.14
2025-05-22 11:00:00,66.11
2025-05-22 12:00:00,66.02
2025-05-22 13:00:00,54.01
2025-05-22 14:00:00,67.8
2025-05-22 15:00:00,91.82
2025-05-22 16:00:00,98.9
2025-05-22 17:00:00,112.07
2025-05-22 18:00:00,130.06
2025-05-22 19:00:00,133.23
2025-05-22 20:00:00,180.4
2025-05-22 21:00:00,134.53
2025-05-22 22:00:00,120.54
2025-05-22 23:00:00,108.63
2025-05-23 00:00:00,106.32
2025-05-23 01:00:00,98.11
2025-05-23 02:00:00,91.56
2025-05-23 03:00:00,91.19
2025-05-23 04:00:00,98.2
2025-05-23 05:00:00,112.8
2025-05-23 06:00:00,135.08
2025-05-23 07:00:00,139.83
2025-05-23 08:00:00,121.78
2025-05-23 09:00:00,91.87
2025-05-23 10:00:00,80.62
2025-05-23 11:00:00,69.41
2025-05-23 12:00:00,33.17
2025-05-23 13:00:00,36.91
2025-05-23 14:00:00,47.59
2025-05-23 15:00:00,75.4
2025-05-23 16:00:00,98.56
2025-05-23 17:00:00,114.89
2025-05-23 18:00:00,126.04
2025-05-23 19:00:00,151.56
2025-05-23 20:00:00,215.07
2025-05-23 21:00:00,151.25
2025-05-23 22:00:00,128.81
2025-05-23 23:00:00,112.12
2025-05-24 00:00:00,112.3
2025-05-24 01:00:00,97.4
2025-05-24 02:00:00,91.7
2025-05-24 03:00:00,86.93
2025-05-24 04:00:00,85.6
2025-05-24 05:00:00,84.26
2025-05-24 06:00:00,86.28
2025-05-24 07:00:00,77.53
2025-05-24 08:00:00,62.69
2025-05-24 09:00:00,12.26
2025-05-24 10:00:00,-0.04
2025-05-24 11:00:00,-0.79
2025-05-24 12:00:00,-1.12
2025-05-24 13:00:00,-1.4
2025-05-24 14:00:00,-2.12
2025-05-24 15:00:00,-2.45
2025-05-24 16:00:00,-1.36
2025-05-24 17:00:00,50.11
2025-05-24 18:00:00,89.4
2025-05-24 19:00:00,121.15
2025-05-24 20:00:00,165.82
2025-05-24 21:00:00,137.58
2025-05-24 22:00:00,119.54
2025-05-24 23:00:00,102.41
2025-05-25 00:00:00,93.56
2025-05-25 01:00:00,45.81
2025-05-25 02:00:00,20.18
2025-05-25 03:00:00,8.34
2025-05-25 04:00:00,3.8
2025-05-25 05:00:00,3.38
2025-05-25 06:00:00,1.22
2025-05-25 07:00:00,1.26
2025-05-25 08:00:00,-0.11
2025-05-25 09:00:00,-0.09
2025-05-25 10:00:00,-0.27
2025-05-25 11:00:00,-1.06
2025-05-25 12:00:00,-2.09
2025-05-25 13:00:00,-7.84
2025-05-25 14:00:00,-8.37
2025-05-25 15:00:00,-8.93
2025-05-25 16:00:00,-2.99
2025-05-25 17:00:00,0.0
2025-05-25 18:00:00,23.05
2025-05-25 19:00:00,97.97
2025-05-25 20:00:00,116.9
2025-05-25 21:00:00,114.72
2025-05-25 22:00:00,104.48
2025-05-25 23:00:00,95.42
2025-05-26 00:00:00,93.13
2025-05-26 01:00:00,83.13
2025-05-26 02:00:00,79.15
2025-05-26 03:00:00,78.64
2025-05-26 04:00:00,83.89
2025-05-26 05:00:00,92.65
2025-05-26 06:00:00,122.9
2025-05-26 07:00:00,148.64
2025-05-26 08:00:00,132.88
2025-05-26 09:00:00,96.04
2025-05-26 10:00:00,67.32
2025-05-26 11:00:00,24.23
2025-05-26 12:00:00,16.4
2025-05-26 13:00:00,11.28
2025-05-26 14:00:00,12.3
2025-05-26 15:00:00,10.32
2025-05-26 16:00:00,48.48
2025-05-26 17:00:00,94.84
2025-05-26 18:00:00,127.27
2025-05-26 19:00:00,170.3
2025-05-26 20:00:00,251.58
2025-05-26 21:00:00,179.26
2025-05-26 22:00:00,139.0
2025-05-26 23:00:00,112.41
2025-05-27 00:00:00,106.84
2025-05-27 01:00:00,95.67
2025-05-27 02:00:00,90.27
2025-05-27 03:00:00,88.98
2025-05-27 04:00:00,91.93
2025-05-27 05:00:00,99.23
2025-05-27 06:00:00,117.31
2025-05-27 07:00:00,95.43
2025-05-27 08:00:00,69.84
2025-05-27 09:00:00,51.63
2025-05-27 10:00:00,4.46
2025-05-27 11:00:00,3.49
2025-05-27 12:00:00,0.16
2025-05-27 13:00:00,1.36
2025-05-27 14:00:00,3.64
2025-05-27 15:00:00,15.47
2025-05-27 16:00:00,59.63
2025-05-27 17:00:00,90.51
2025-05-27 18:00:00,117.52
2025-05-27 19:00:00,145.09
2025-05-27 20:00:00,220.84
2025-05-27 21:00:00,152.95
2025-05-27 22:00:00,121.1
2025-05-27 23:00:00,101.17
2025-05-28 00:00:00,92.91
2025-05-28 01:00:00,75.75
2025-05-28 02:00:00,72.54
2025-05-28 03:00:00,68.6
2025-05-28 04:00:00,70.84
2025-05-28 05:00:00,83.42
2025-05-28 06:00:00,96.32
2025-05-28 07:00:00,102.07
2025-05-28 08:00:00,96.95
2025-05-28 09:00:00,92.71
2025-05-28 10:00:00,79.35
2025-05-28 11:00:00,74.21
2025-05-28 12:00:00,67.79
2025-05-28 13:00:00,60.93
2025-05-28 14:00:00,57.86
2025-05-28 15:00:00,59.69
2025-05-28 16:00:00,73.52
2025-05-28 17:00:00,110.1
2025-05-28 18:00:00,131.15
2025-05-28 19:00:00,142.73
2025-05-28 20:00:00,176.37
2025-05-28 21:00:00,136.98
2025-05-28 22:00:00,122.17
2025-05-28 23:00:00,106.55
2025-05-29 00:00:00,97.13
2025-05-29 01:00:00,92.71
2025-05-29 02:00:00,90.65
2025-05-29 03:00:00,90.21
2025-05-29 04:00:00,90.03
2025-05-29 05:00:00,90.37
2025-05-29 06:00:00,93.46
2025-05-29 07:00:00,83.27
2025-05-29 08:00:00,81.98
2025-05-29 09:00:00,61.11
2025-05-29 10:00:00,18.29
2025-05-29 11:00:00,1.67
2025-05-29 12:00:00,0.6
2025-05-29 13:00:00,7.46
2025-05-29 14:00:00,4.06
2025-05-29 15:00:00,14.35
2025-05-29 16:00:00,25.28
2025-05-29 17:00:00,49.8
2025-05-29 18:00:00,87.37
2025-05-29 19:00:00,122.84
2025-05-29 20:00:00,157.37
2025-05-29 21:00:00,131.37
2025-05-29 22:00:00,104.62
2025-05-29 23:00:00,88.89
2025-05-30 00:00:00,75.74
2025-05-30 01:00:00,52.17
2025-05-30 02:00:00,41.99
2025-05-30 03:00:00,33.95
2025-05-30 04:00:00,37.39
2025-05-30 05:00:00,56.55
2025-05-30 06:00:00,90.73
2025-05-30 07:00:00,68.38
2025-05-30 08:00:00,53.01
2025-05-30 09:00:00,29.13
2025-05-30 10:00:00,1.88
2025-05-30 11:00:00,0.51
2025-05-30 12:00:00,3.97
2025-05-30 13:00:00,1.09
2025-05-30 14:00:00,-0.3
2025-05-30 15:00:00,0.2
2025-05-30 16:00:00,0.15
2025-05-30 17:00:00,22.49
2025-05-30 18:00:00,76.38
2025-05-30 19:00:00,133.34
2025-05-30 20:00:00,167.68
2025-05-30 21:00:00,145.47
2025-05-30 22:00:00,130.19
2025-05-30 23:00:00,108.24
2025-05-31 00:00:00,107.0
2025-05-31 01:00:00,100.71
2025-05-31 02:00:00,100.07
2025-05-31 03:00:00,100.91
2025-05-31 04:00:00,101.89
2025-05-31 05:00:00,99.9
2025-05-31 06:00:00,90.46
2025-05-31 07:00:00,78.86
2025-05-31 08:00:00,54.14
2025-05-31 09:00:00,1.0
2025-05-31 10:00:00,-0.02
2025-05-31 11:00:00,-1.0
2025-05-31 12:00:00,-3.07
2025-05-31 13:00:00,-13.17
2025-05-31 14:00:00,-7.75
2025-05-31 15:00:00,-3.0
2025-05-31 16:00:00,-0.05
2025-05-31 17:00:00,42.89
2025-05-31 18:00:00,88.89
2025-05-31 19:00:00,131.46
2025-05-31 20:00:00,213.32
2025-05-31 21:00:00,191.84
2025-05-31 22:00:00,132.07
2025-05-31 23:00:00,102.86
2025-06-01 00:00:00,94.72
2025-06-01 01:00:00,85.21
2025-06-01 02:00:00,80.71
2025-06-01 03:00:00,73.56
2025-06-01 04:00:00,70.28
2025-06-01 05:00:00,64.18
2025-06-01 06:00:00,35.13
2025-06-01 07:00:00,13.0
2025-06-01 08:00:00,2.4
2025-06-01 09:00:00,-0.01
2025-06-01 10:00:00,-0.6
2025-06-01 11:00:00,-2.11
2025-06-01 12:00:00,-5.48
2025-06-01 13:00:00,-12.93
2025-06-01 14:00:00,-20.41
2025-06-01 15:00:00,-15.61
2025-06-01 16:00:00,-6.0
2025-06-01 17:00:00,5.55
2025-06-01 18:00:00,43.14
2025-06-01 19:00:00,117.52
2025-06-01 20:00:00,118.75
2025-06-01 21:00:00,115.97
2025-06-01 22:00:00,108.49
2025-06-01 23:00:00,94.23
2025-06-02 00:00:00,85.17
2025-06-02 01:00:00,77.53
2025-06-02 02:00:00,76.54
2025-06-02 03:00:00,80.58
2025-06-02 04:00:00,85.8
2025-06-02 05:00:00,98.17
2025-06-02 06:00:00,110.03
2025-06-02 07:00:00,111.47
2025-06-02 08:00:00,102.29
2025-06-02 09:00:00,87.28
2025-06-02 10:00:00,59.11
2025-06-02 11:00:00,33.21
2025-06-02 12:00:00,20.0
2025-06-02 13:00:00,12.78
2025-06-02 14:00:00,11.0
2025-06-02 15:00:00,19.75
2025-06-02 16:00:00,58.94
2025-06-02 17:00:00,94.64
2025-06-02 18:00:00,152.6
2025-06-02 19:00:00,263.47
2025-06-02 20:00:00,371.23
2025-06-02 21:00:00,248.31
2025-06-02 22:00:00,143.43
2025-06-02 23:00:00,116.42
2025-06-03 00:00:00,115.98
2025-06-03 01:00:00,113.57
2025-06-03 02:00:00,105.27
2025-06-03 03:00:00,102.9
2025-06-03 04:00:00,103.17
2025-06-03 05:00:00,118.95
2025-06-03 06:00:00,137.18
2025-06-03 07:00:00,122.87
2025-06-03 08:00:00,87.88
2025-06-03 09:00:00,58.88
2025-06-03 10:00:00,6.04
2025-06-03 11:00:00,5.82
2025-06-03 12:00:00,7.19
2025-06-03 13:00:00,5.64
2025-06-03 14:00:00,3.97
2025-06-03 15:00:00,10.59
2025-06-03 16:00:00,50.96
2025-06-03 17:00:00,76.96
2025-06-03 18:00:00,96.88
2025-06-03 19:00:00,170.8
2025-06-03 20:00:00,267.59
2025-06-03 21:00:00,160.44
2025-06-03 22:00:00,101.65
2025-06-03 23:00:00,85.39
2025-06-04 00:00:00,64.77
2025-06-04 01:00:00,60.72
2025-06-04 02:00:00,59.93
2025-06-04 03:00:00,60.41
2025-06-04 04:00:00,63.18
2025-06-04 05:00:00,82.36
2025-06-04 06:00:00,101.31
2025-06-04 07:00:00,112.7
2025-06-04 08:00:00,103.1
2025-06-04 09:00:00,57.21
2025-06-04 10:00:00,17.8
2025-06-04 11:00:00,20.41
2025-06-04 12:00:00,13.84
2025-06-04 13:00:00,9.69
2025-06-04 14:00:00,18.27
2025-06-04 15:00:00,48.92
2025-06-04 16:00:00,82.23
2025-06-04 17:00:00,109.17
2025-06-04 18:00:00,128.73
2025-06-04 19:00:00,163.4
2025-06-04 20:00:00,220.76
2025-06-04 21:00:00,138.82
2025-06-04 22:00:00,113.33
2025-06-04 23:00:00,92.26
2025-06-05 00:00:00,113.22
2025-06-05 01:00:00,103.89
2025-06-05 02:00:00,95.86
2025-06-05 03:00:00,94.63
2025-06-05 04:00:00,96.94
2025-06-05 05:00:00,96.07
2025-06-05 06:00:00,111.48
2025-06-05 07:00:00,126.79
2025-06-05 08:00:00,113.8
2025-06-05 09:00:00,79.77
2025-06-05 10:00:00,65.85
2025-06-05 11:00:00,48.2
2025-06-05 12:00:00,20.26
2025-06-05 13:00:00,11.9
2025-06-05 14:00:00,8.06
2025-06-05 15:00:00,22.38
2025-06-05 16:00:00,73.66
2025-06-05 17:00:00,91.4
2025-06-05 18:00:00,122.27
2025-06-05 19:00:00,153.85
2025-06-05 20:00:00,220.59
2025-06-05 21:00:00,137.56
2025-06-05 22:00:00,102.36
2025-06-05 23:00:00,91.33
2025-06-06 00:00:00,77.74
2025-06-06 01:00:00,56.71
2025-06-06 02:00:00,53.95
2025-06-06 03:00:00,50.25
2025-06-06 04:00:00,37.82
2025-06-06 05:00:00,66.28
2025-06-06 06:00:00,100.85
2025-06-06 07:00:00,94.13
2025-06-06 08:00:00,63.84
2025-06-06 09:00:00,8.25
2025-06-06 10:00:00,0.04
2025-06-06 11:00:00,1.08
2025-06-06 12:00:00,6.74
2025-06-06 13:00:00,18.02
2025-06-06 14:00:00,15.18
2025-06-06 15:00:00,30.76
2025-06-06 16:00:00,70.31
2025-06-06 17:00:00,1.17
2025-06-06 18:00:00,11.3
2025-06-06 19:00:00,138.78
2025-06-06 20:00:00,172.92
2025-06-06 21:00:00,138.06
2025-06-06 22:00:00,125.31
2025-06-06 23:00:00,106.34
2025-06-07 00:00:00,100.36
2025-06-07 01:00:00,90.4
2025-06-07 02:00:00,86.28
2025-06-07 03:00:00,88.7
2025-06-07 04:00:00,88.57
2025-06-07 05:00:00,90.58
2025-06-07 06:00:00,82.74
2025-06-07 07:00:00,82.86
2025-06-07 08:00:00,75.5
2025-06-07 09:00:00,61.21
2025-06-07 10:00:00,28.54
2025-06-07 11:00:00,9.44
2025-06-07 12:00:00,1.19
2025-06-07 13:00:00,-0.01
2025-06-07 14:00:00,-0.02
2025-06-07 15:00:00,-0.02
2025-06-07 16:00:00,5.44
2025-06-07 17:00:00,44.15
2025-06-07 18:00:00,100.35
2025-06-07 19:00:00,146.3
2025-06-07 20:00:00,164.53
2025-06-07 21:00:00,131.19
2025-06-07 22:00:00,111.79
2025-06-07 23:00:00,99.47
2025-06-08 00:00:00,95.19
2025-06-08 01:00:00,86.53
2025-06-08 02:00:00,81.12
2025-06-08 03:00:00,77.63
2025-06-08 04:00:00,72.56
2025-06-08 05:00:00,60.47
2025-06-08 06:00:00,42.3
2025-06-08 07:00:00,3.94
2025-06-08 08:00:00,0.0
2025-06-08 09:00:00,-0.5
2025-06-08 10:00:00,-2.0
2025-06-08 11:00:00,-3.03
2025-06-08 12:00:00,-16.98
2025-06-08 13:00:00,-25.33
2025-06-08 14:00:00,-32.42
2025-06-08 15:00:00,-16.68
2025-06-08 16:00:00,-3.57
2025-06-08 17:00:00,67.77
2025-06-08 18:00:00,48.65
2025-06-08 19:00:00,127.12
2025-06-08 20:00:00,161.49
2025-06-08 21:00:00,99.16
2025-06-08 22:00:00,70.34
2025-06-08 23:00:00,60.53
2025-06-09 00:00:00,50.87
2025-06-09 01:00:00,30.19
2025-06-09 02:00:00,10.48
2025-06-09 03:00:00,10.2
2025-06-09 04:00:00,11.98
2025-06-09 05:00:00,29.51
2025-06-09 06:00:00,86.53
2025-06-09 07:00:00,77.23
2025-06-09 08:00:00,46.05
2025-06-09 09:00:00,10.78
2025-06-09 10:00:00,5.33
2025-06-09 11:00:00,7.37
2025-06-09 12:00:00,4.07
2025-06-09 13:00:00,-3.13
2025-06-09 14:00:00,-8.42
2025-06-09 15:00:00,0.56
2025-06-09 16:00:00,8.35
2025-06-09 17:00:00,70.34
2025-06-09 18:00:00,100.12
2025-06-09 19:00:00,137.04
2025-06-09 20:00:00,193.9
2025-06-09 21:00:00,155.74
2025-06-09 22:00:00,125.03
2025-06-09 23:00:00,104.56
2025-06-10 00:00:00,89.28
2025-06-10 01:00:00,81.05
2025-06-10 02:00:00,70.8
2025-06-10 03:00:00,61.46
2025-06-10 04:00:00,55.76
2025-06-10 05:00:00,67.39
2025-06-10 06:00:00,79.95
2025-06-10 07:00:00,84.52
2025-06-10 08:00:00,85.4
2025-06-10 09:00:00,65.13
2025-06-10 10:00:00,22.87
2025-06-10 11:00:00,0.88
2025-06-10 12:00:00,0.31
2025-06-10 13:00:00,-0.19
2025-06-10 14:00:00,15.22
2025-06-10 15:00:00,41.92
2025-06-10 16:00:00,57.93
2025-06-10 17:00:00,104.62
2025-06-10 18:00:00,138.11
2025-06-10 19:00:00,182.63
2025-06-10 20:00:00,208.8
2025-06-10 21:00:00,135.7
2025-06-10 22:00:00,100.42
2025-06-10 23:00:00,92.2
2025-06-11 00:00:00,82.21
2025-06-11 01:00:00,76.39
2025-06-11 02:00:00,69.88
2025-06-11 03:00:00,71.98
2025-06-11 04:00:00,73.23
2025-06-11 05:00:00,84.97
2025-06-11 06:00:00,108.99
2025-06-11 07:00:00,108.44
2025-06-11 08:00:00,84.28
2025-06-11 09:00:00,61.58
2025-06-11 10:00:00,20.55
2025-06-11 11:00:00,1.32
2025-06-11 12:00:00,3.3
2025-06-11 13:00:00,6.19
2025-06-11 14:00:00,8.63
2025-06-11 15:00:00,21.58
2025-06-11 16:00:00,55.21
2025-06-11 17:00:00,95.24
2025-06-11 18:00:00,106.73
2025-06-11 19:00:00,145.44
2025-06-11 20:00:00,218.01
2025-06-11 21:00:00,176.83
2025-06-11 22:00:00,121.87
2025-06-11 23:00:00,100.82
2025-06-12 00:00:00,102.24
2025-06-12 01:00:00,88.02
2025-06-12 02:00:00,85.11
2025-06-12 03:00:00,85.22
2025-06-12 04:00:00,89.5
2025-06-12 05:00:00,95.58
2025-06-12 06:00:00,112.99
2025-06-12 07:00:00,101.86
2025-06-12 08:00:00,77.72
2025-06-12 09:00:00,36.55
2025-06-12 10:00:00,0.01
2025-06-12 11:00:00,2.36
2025-06-12 12:00:00,4.36
2025-06-12 13:00:00,1.57
2025-06-12 14:00:00,14.2
2025-06-12 15:00:00,24.89
2025-06-12 16:00:00,23.44
2025-06-12 17:00:00,41.7
2025-06-12 18:00:00,95.86
2025-06-12 19:00:00,159.91
2025-06-12 20:00:00,204.53
2025-06-12 21:00:00,156.15
2025-06-12 22:00:00,122.13
2025-06-12 23:00:00,106.53
2025-06-13 00:00:00,94.25
2025-06-13 01:00:00,89.34
2025-06-13 02:00:00,84.87
2025-06-13 03:00:00,83.0
2025-06-13 04:00:00,81.27
2025-06-13 05:00:00,88.19
2025-06-13 06:00:00,97.83
2025-06-13 07:00:00,86.88
2025-06-13 08:00:00,76.2
2025-06-13 09:00:00,40.02
2025-06-13 10:00:00,4.6
2025-06-13 11:00:00,0.33
2025-06-13 12:00:00,0.82
2025-06-13 13:00:00,-1.4
2025-06-13 14:00:00,3.01
2025-06-13 15:00:00,23.63
2025-06-13 16:00:00,29.93
2025-06-13 17:00:00,85.74
2025-06-13 18:00:00,88.29
2025-06-13 19:00:00,139.32
2025-06-13 20:00:00,184.92
2025-06-13 21:00:00,152.11
2025-06-13 22:00:00,106.87
2025-06-13 23:00:00,97.33
2025-06-14 00:00:00,113.67
2025-06-14 01:00:00,95.65
2025-06-14 02:00:00,83.32
2025-06-14 03:00:00,82.72
2025-06-14 04:00:00,69.94
2025-06-14 05:00:00,64.4
2025-06-14 06:00:00,52.61
2025-06-14 07:00:00,21.99
2025-06-14 08:00:00,8.29
2025-06-14 09:00:00,0.0
2025-06-14 10:00:00,-2.43
2025-06-14 11:00:00,-10.47
2025-06-14 12:00:00,-26.25
2025-06-14 13:00:00,-28.26
2025-06-14 14:00:00,-25.02
2025-06-14 15:00:00,-6.68
2025-06-14 16:00:00,-0.33
2025-06-14 17:00:00,9.02
2025-06-14 18:00:00,87.92
2025-06-14 19:00:00,135.97
2025-06-14 20:00:00,175.28
2025-06-14 21:00:00,155.15
2025-06-14 22:00:00,131.55
2025-06-14 23:00:00,111.02
2025-06-15 00:00:00,92.06
2025-06-15 01:00:00,87.92
2025-06-15 02:00:00,86.24
2025-06-15 03:00:00,88.9
2025-06-15 04:00:00,90.81
2025-06-15 05:00:00,91.0
2025-06-15 06:00:00,81.91
2025-06-15 07:00:00,61.54
2025-06-15 08:00:00,10.9
2025-06-15 09:00:00,0.0
2025-06-15 10:00:00,0.0
2025-06-15 11:00:00,-0.02
2025-06-15 12:00:00,-1.46
2025-06-15 13:00:00,-5.8
2025-06-15 14:00:00,-5.0
2025-06-15 15:00:00,-2.0
2025-06-15 16:00:00,-0.01
2025-06-15 17:00:00,59.44
2025-06-15 18:00:00,102.43
2025-06-15 19:00:00,128.5
2025-06-15 20:00:00,162.0
2025-06-15 21:00:00,144.89
2025-06-15 22:00:00,136.71
2025-06-15 23:00:00,110.31
2025-06-16 00:00:00,104.26
2025-06-16 01:00:00,91.63
2025-06-16 02:00:00,86.5
2025-06-16 03:00:00,85.28
2025-06-16 04:00:00,83.14
2025-06-16 05:00:00,96.69
2025-06-16 06:00:00,110.38
2025-06-16 07:00:00,123.08
2025-06-16 08:00:00,106.91
2025-06-16 09:00:00,82.38
2025-06-16 10:00:00,63.33
2025-06-16 11:00:00,43.76
2025-06-16 12:00:00,41.45
2025-06-16 13:00:00,40.3
2025-06-16 14:00:00,39.38
2025-06-16 15:00:00,54.08
2025-06-16 16:00:00,75.33
2025-06-16 17:00:00,86.68
2025-06-16 18:00:00,106.07
2025-06-16 19:00:00,124.12
2025-06-16 20:00:00,186.12
2025-06-16 21:00:00,189.91
2025-06-16 22:00:00,121.5
2025-06-16 23:00:00,99.72
2025-06-17 00:00:00,103.51
2025-06-17 01:00:00,96.61
2025-06-17 02:00:00,94.3
2025-06-17 03:00:00,93.81
2025-06-17 04:00:00,94.71
2025-06-17 05:00:00,102.51
2025-06-17 06:00:00,117.61
2025-06-17 07:00:00,106.06
2025-06-17 08:00:00,96.73
2025-06-17 09:00:00,67.37
2025-06-17 10:00:00,6.02
2025-06-17 11:00:00,6.48
2025-06-17 12:00:00,8.54
2025-06-17 13:00:00,7.4
2025-06-17 14:00:00,14.97
2025-06-17 15:00:00,24.69
2025-06-17 16:00:00,64.11
2025-06-17 17:00:00,95.59
2025-06-17 18:00:00,111.02
2025-06-17 19:00:00,152.11
2025-06-17 20:00:00,250.07
2025-06-17 21:00:00,242.34
2025-06-17 22:00:00,136.65
2025-06-17 23:00:00,116.15
2025-06-18 00:00:00,112.87
2025-06-18 01:00:00,106.45
2025-06-18 02:00:00,101.37
2025-06-18 03:00:00,95.3
2025-06-18 04:00:00,96.55
2025-06-18 05:00:00,102.61
2025-06-18 06:00:00,111.54
2025-06-18 07:00:00,114.44
2025-06-18 08:00:00,107.04
2025-06-18 09:00:00,69.96
2025-06-18 10:00:00,22.22
2025-06-18 11:00:00,1.17
2025-06-18 12:00:00,2.62
2025-06-18 13:00:00,4.21
2025-06-18 14:00:00,8.32
2025-06-18 15:00:00,52.19
2025-06-18 16:00:00,77.0
2025-06-18 17:00:00,100.71
2025-06-18 18:00:00,129.49
2025-06-18 19:00:00,163.07
2025-06-18 20:00:00,231.25
2025-06-18 21:00:00,177.33
2025-06-18 22:00:00,133.63
2025-06-18 23:00:00,114.59
2025-06-19 00:00:00,113.27
2025-06-19 01:00:00,107.02
2025-06-19 02:00:00,103.99
2025-06-19 03:00:00,99.86
2025-06-19 04:00:00,98.98
2025-06-19 05:00:00,98.96
2025-06-19 06:00:00,99.28
2025-06-19 07:00:00,87.26
2025-06-19 08:00:00,85.39
2025-06-19 09:00:00,8.67
2025-06-19 10:00:00,0.48
2025-06-19 11:00:00,10.88
2025-06-19 12:00:00,9.98
2025-06-19 13:00:00,10.62
2025-06-19 14:00:00,29.75
2025-06-19 15:00:00,76.8
2025-06-19 16:00:00,88.95
2025-06-19 17:00:00,120.81
2025-06-19 18:00:00,167.94
2025-06-19 19:00:00,155.08
2025-06-19 20:00:00,119.23
2025-06-19 21:00:00,130.29
2025-06-19 22:00:00,120.92
2025-06-19 23:00:00,101.34
2025-06-20 00:00:00,110.23
2025-06-20 01:00:00,104.57
2025-06-20 02:00:00,105.38
2025-06-20 03:00:00,105.76
2025-06-20 04:00:00,104.43
2025-06-20 05:00:00,109.29
2025-06-20 06:00:00,120.23
2025-06-20 07:00:00,116.75
2025-06-20 08:00:00,101.52
2025-06-20 09:00:00,56.24
2025-06-20 10:00:00,16.94
2025-06-20 11:00:00,4.22
2025-06-20 12:00:00,-0.19
2025-06-20 13:00:00,-0.44
2025-06-20 14:00:00,-0.08
2025-06-20 15:00:00,6.37
2025-06-20 16:00:00,58.87
2025-06-20 17:00:00,99.4
2025-06-20 18:00:00,108.67
2025-06-20 19:00:00,136.73
2025-06-20 20:00:00,202.93
2025-06-20 21:00:00,180.0
2025-06-20 22:00:00,137.05
2025-06-20 23:00:00,121.38
2025-06-21 00:00:00,119.16
2025-06-21 01:00:00,110.48
2025-06-21 02:00:00,108.15
2025-06-21 03:00:00,106.95
2025-06-21 04:00:00,108.77
2025-06-21 05:00:00,104.26
2025-06-21 06:00:00,100.7
2025-06-21 07:00:00,90.74
2025-06-21 08:00:00,75.93
2025-06-21 09:00:00,23.4
2025-06-21 10:00:00,-0.04
2025-06-21 11:00:00,-2.76
2025-06-21 12:00:00,-17.46
2025-06-21 13:00:00,-21.86
2025-06-21 14:00:00,-17.01
2025-06-21 15:00:00,-1.11
2025-06-21 16:00:00,0.26
2025-06-21 17:00:00,70.31
2025-06-21 18:00:00,112.43
2025-06-21 19:00:00,132.26
2025-06-21 20:00:00,159.01
2025-06-21 21:00:00,166.9
2025-06-21 22:00:00,140.79
2025-06-21 23:00:00,120.67
2025-06-22 00:00:00,108.8
2025-06-22 01:00:00,101.02
2025-06-22 02:00:00,96.61
2025-06-22 03:00:00,92.86
2025-06-22 04:00:00,90.61
2025-06-22 05:00:00,88.24
2025-06-22 06:00:00,73.18
2025-06-22 07:00:00,26.44
2025-06-22 08:00:00,0.0
2025-06-22 09:00:00,-0.09
2025-06-22 10:00:00,-11.11
2025-06-22 11:00:00,-37.71
2025-06-22 12:00:00,-63.4
2025-06-22 13:00:00,-88.42
2025-06-22 14:00:00,-72.1
2025-06-22 15:00:00,-35.2
2025-06-22 16:00:00,-3.83
2025-06-22 17:00:00,17.21
2025-06-22 18:00:00,96.43
2025-06-22 19:00:00,126.25
2025-06-22 20:00:00,145.42
2025-06-22 21:00:00,139.34
2025-06-22 22:00:00,126.49
2025-06-22 23:00:00,101.63
2025-06-23 00:00:00,85.86
2025-06-23 01:00:00,78.51
2025-06-23 02:00:00,69.54
2025-06-23 03:00:00,68.92
2025-06-23 04:00:00,79.78
2025-06-23 05:00:00,94.61
2025-06-23 06:00:00,112.68
2025-06-23 07:00:00,104.62
2025-06-23 08:00:00,87.21
2025-06-23 09:00:00,34.41
2025-06-23 10:00:00,18.34
2025-06-23 11:00:00,16.13
2025-06-23 12:00:00,32.98
2025-06-23 13:00:00,37.43
2025-06-23 14:00:00,33.53
2025-06-23 15:00:00,55.39
2025-06-23 16:00:00,93.19
2025-06-23 17:00:00,139.0
2025-06-23 18:00:00,210.15
2025-06-23 19:00:00,128.97
2025-06-23 20:00:00,113.23
2025-06-23 21:00:00,93.32
2025-06-23 22:00:00,90.64
2025-06-23 23:00:00,71.37
2025-06-24 00:00:00,94.4
2025-06-24 01:00:00,102.38
2025-06-24 02:00:00,99.68
2025-06-24 03:00:00,95.61
2025-06-24 04:00:00,87.44
2025-06-24 05:00:00,110.02
2025-06-24 06:00:00,106.07
2025-06-24 07:00:00,105.55
2025-06-24 08:00:00,95.05
2025-06-24 09:00:00,63.7
2025-06-24 10:00:00,25.04
2025-06-24 11:00:00,20.1
2025-06-24 12:00:00,20.79
2025-06-24 13:00:00,18.97
2025-06-24 14:00:00,18.18
2025-06-24 15:00:00,34.7
2025-06-24 16:00:00,64.6
2025-06-24 17:00:00,114.11
2025-06-24 18:00:00,147.34
2025-06-24 19:00:00,186.58
2025-06-24 20:00:00,159.67
2025-06-24 21:00:00,119.64
2025-06-24 22:00:00,138.88
2025-06-24 23:00:00,105.5
2025-06-25 00:00:00,139.52
2025-06-25 01:00:00,115.0
2025-06-25 02:00:00,117.75
2025-06-25 03:00:00,108.0
2025-06-25 04:00:00,121.46
2025-06-25 05:00:00,126.05
2025-06-25 06:00:00,108.41
2025-06-25 07:00:00,111.93
2025-06-25 08:00:00,98.52
2025-06-25 09:00:00,72.49
2025-06-25 10:00:00,25.74
2025-06-25 11:00:00,13.66
2025-06-25 12:00:00,15.47
2025-06-25 13:00:00,14.0
2025-06-25 14:00:00,33.04
2025-06-25 15:00:00,48.73
2025-06-25 16:00:00,93.21
2025-06-25 17:00:00,114.32
2025-06-25 18:00:00,136.34
2025-06-25 19:00:00,168.15
2025-06-25 20:00:00,198.96
2025-06-25 21:00:00,240.25
2025-06-25 22:00:00,171.99
2025-06-25 23:00:00,126.46
2025-06-26 00:00:00,119.95
2025-06-26 01:00:00,108.45
2025-06-26 02:00:00,103.85
2025-06-26 03:00:00,100.95
2025-06-26 04:00:00,101.01
2025-06-26 05:00:00,105.9
2025-06-26 06:00:00,120.03
2025-06-26 07:00:00,120.99
2025-06-26 08:00:00,106.79
2025-06-26 09:00:00,97.0
2025-06-26 10:00:00,88.19
2025-06-26 11:00:00,82.14
2025-06-26 12:00:00,70.59
2025-06-26 13:00:00,70.81
2025-06-26 14:00:00,71.67
2025-06-26 15:00:00,81.79
2025-06-26 16:00:00,97.39
2025-06-26 17:00:00,115.18
2025-06-26 18:00:00,155.32
2025-06-26 19:00:00,233.84
2025-06-26 20:00:00,252.35
2025-06-26 21:00:00,201.2
2025-06-26 22:00:00,145.9
2025-06-26 23:00:00,136.35
2025-06-27 00:00:00,137.32
2025-06-27 01:00:00,137.36
2025-06-27 02:00:00,125.55
2025-06-27 03:00:00,125.81
2025-06-27 04:00:00,123.49
2025-06-27 05:00:00,116.1
2025-06-27 06:00:00,107.58
2025-06-27 07:00:00,113.2
2025-06-27 08:00:00,107.7
2025-06-27 09:00:00,91.23
2025-06-27 10:00:00,79.2
2025-06-27 11:00:00,67.45
2025-06-27 12:00:00,55.16
2025-06-27 13:00:00,74.77
2025-06-27 14:00:00,83.89
2025-06-27 15:00:00,97.56
2025-06-27 16:00:00,92.63
2025-06-27 17:00:00,129.6
2025-06-27 18:00:00,144.3
2025-06-27 19:00:00,142.08
2025-06-27 20:00:00,138.91
2025-06-27 21:00:00,135.65
2025-06-27 22:00:00,125.33
2025-06-27 23:00:00,109.95
2025-06-28 00:00:00,103.4
2025-06-28 01:00:00,89.9
2025-06-28 02:00:00,82.42
2025-06-28 03:00:00,77.3
2025-06-28 04:00:00,70.69
2025-06-28 05:00:00,76.15
2025-06-28 06:00:00,75.15
2025-06-28 07:00:00,59.18
2025-06-28 08:00:00,27.8
2025-06-28 09:00:00,2.34
2025-06-28 10:00:00,0.01
2025-06-28 11:00:00,0.11
2025-06-28 12:00:00,-0.12
2025-06-28 13:00:00,-0.01
2025-06-28 14:00:00,-0.32
2025-06-28 15:00:00,0.11
2025-06-28 16:00:00,20.14
2025-06-28 17:00:00,49.77
2025-06-28 18:00:00,73.33
2025-06-28 19:00:00,113.97
2025-06-28 20:00:00,124.16
2025-06-28 21:00:00,126.51
2025-06-28 22:00:00,119.83
2025-06-28 23:00:00,103.5
2025-06-29 00:00:00,95.07
2025-06-29 01:00:00,89.42
2025-06-29 02:00:00,89.66
2025-06-29 03:00:00,86.82
2025-06-29 04:00:00,85.25
2025-06-29 05:00:00,85.3
2025-06-29 06:00:00,86.36
2025-06-29 07:00:00,76.89
2025-06-29 08:00:00,48.56
2025-06-29 09:00:00,2.0
2025-06-29 10:00:00,0.0
2025-06-29 11:00:00,-0.25
2025-06-29 12:00:00,-4.77
2025-06-29 13:00:00,-13.22
2025-06-29 14:00:00,-3.71
2025-06-29 15:00:00,1.17
2025-06-29 16:00:00,0.66
2025-06-29 17:00:00,48.26
2025-06-29 18:00:00,95.0
2025-06-29 19:00:00,102.14
2025-06-29 20:00:00,111.98
2025-06-29 21:00:00,118.07
2025-06-29 22:00:00,113.73
2025-06-29 23:00:00,101.0
2025-06-30 00:00:00,98.73
2025-06-30 01:00:00,89.03
2025-06-30 02:00:00,85.03
2025-06-30 03:00:00,84.13
2025-06-30 04:00:00,86.32
2025-06-30 05:00:00,96.68
2025-06-30 06:00:00,114.23
2025-06-30 07:00:00,111.84
2025-06-30 08:00:00,104.48
2025-06-30 09:00:00,98.29
2025-06-30 10:00:00,88.0
2025-06-30 11:00:00,61.17
2025-06-30 12:00:00,53.33
2025-06-30 13:00:00,45.67
2025-06-30 14:00:00,56.19
2025-06-30 15:00:00,118.19
2025-06-30 16:00:00,100.21
2025-06-30 17:00:00,104.15
2025-06-30 18:00:00,111.22
2025-06-30 19:00:00,178.94
2025-06-30 20:00:00,280.05
2025-06-30 21:00:00,233.0
2025-06-30 22:00:00,157.0
2025-06-30 23:00:00,122.65
2025-07-01 00:00:00,111.28
2025-07-01 01:00:00,99.24
2025-07-01 02:00:00,89.1
2025-07-01 03:00:00,88.44
2025-07-01 04:00:00,90.01
2025-07-01 05:00:00,101.14
2025-07-01 06:00:00,114.97
2025-07-01 07:00:00,120.8
2025-07-01 08:00:00,110.3
2025-07-01 09:00:00,50.01
2025-07-01 10:00:00,36.75
2025-07-01 11:00:00,29.87
2025-07-01 12:00:00,47.8
2025-07-01 13:00:00,47.45
2025-07-01 14:00:00,69.72
2025-07-01 15:00:00,78.38
2025-07-01 16:00:00,90.8
2025-07-01 17:00:00,116.84
2025-07-01 18:00:00,152.11
2025-07-01 19:00:00,302.22
2025-07-01 20:00:00,463.96
2025-07-01 21:00:00,394.02
2025-07-01 22:00:00,240.15
2025-07-01 23:00:00,145.09
2025-07-02 00:00:00,119.29
2025-07-02 01:00:00,102.81
2025-07-02 02:00:00,92.54
2025-07-02 03:00:00,92.08
2025-07-02 04:00:00,90.81
2025-07-02 05:00:00,99.65
2025-07-02 06:00:00,114.94
2025-07-02 07:00:00,110.07
2025-07-02 08:00:00,104.52
2025-07-02 09:00:00,90.28
2025-07-02 10:00:00,77.47
2025-07-02 11:00:00,69.83
2025-07-02 12:00:00,47.23
2025-07-02 13:00:00,33.58
2025-07-02 14:00:00,56.04
2025-07-02 15:00:00,72.28
2025-07-02 16:00:00,85.07
2025-07-02 17:00:00,110.33
2025-07-02 18:00:00,162.42
2025-07-02 19:00:00,352.57
2025-07-02 20:00:00,391.06
2025-07-02 21:00:00,197.2
2025-07-02 22:00:00,136.22
2025-07-02 23:00:00,111.77
2025-07-03 00:00:00,99.18
2025-07-03 01:00:00,86.46
2025-07-03 02:00:00,79.0
2025-07-03 03:00:00,78.93
2025-07-03 04:00:00,80.88
2025-07-03 05:00:00,90.24
2025-07-03 06:00:00,104.12
2025-07-03 07:00:00,107.26
2025-07-03 08:00:00,104.9
2025-07-03 09:00:00,90.45
2025-07-03 10:00:00,75.06
2025-07-03 11:00:00,57.35
2025-07-03 12:00:00,42.16
2025-07-03 13:00:00,42.28
2025-07-03 14:00:00,55.42
2025-07-03 15:00:00,69.15
2025-07-03 16:00:00,90.61
2025-07-03 17:00:00,112.94
2025-07-03 18:00:00,140.19
2025-07-03 19:00:00,186.24
2025-07-03 20:00:00,239.09
2025-07-03 21:00:00,166.78
2025-07-03 22:00:00,133.5
2025-07-03 23:00:00,113.97
2025-07-04 00:00:00,109.25
2025-07-04 01:00:00,104.83
2025-07-04 02:00:00,102.34
2025-07-04 03:00:00,97.7
2025-07-04 04:00:00,103.62
2025-07-04 05:00:00,107.31
2025-07-04 06:00:00,121.39
2025-07-04 07:00:00,116.17
2025-07-04 08:00:00,100.0
2025-07-04 09:00:00,91.15
2025-07-04 10:00:00,70.01
2025-07-04 11:00:00,56.03
2025-07-04 12:00:00,63.07
2025-07-04 13:00:00,52.71
2025-07-04 14:00:00,55.2
2025-07-04 15:00:00,69.76
2025-07-04 16:00:00,77.2
2025-07-04 17:00:00,110.36
2025-07-04 18:00:00,126.97
2025-07-04 19:00:00,144.68
2025-07-04 20:00:00,177.94
2025-07-04 21:00:00,156.69
2025-07-04 22:00:00,129.41
2025-07-04 23:00:00,112.07
2025-07-05 00:00:00,112.0
2025-07-05 01:00:00,105.95
2025-07-05 02:00:00,100.94
2025-07-05 03:00:00,97.2
2025-07-05 04:00:00,93.45
2025-07-05 05:00:00,88.23
2025-07-05 06:00:00,83.84
2025-07-05 07:00:00,45.51
2025-07-05 08:00:00,17.86
2025-07-05 09:00:00,3.34
2025-07-05 10:00:00,0.0
2025-07-05 11:00:00,-0.1
2025-07-05 12:00:00,-1.45
2025-07-05 13:00:00,0.63
2025-07-05 14:00:00,-2.53
2025-07-05 15:00:00,7.76
2025-07-05 16:00:00,64.73
2025-07-05 17:00:00,87.39
2025-07-05 18:00:00,131.75
2025-07-05 19:00:00,177.38
2025-07-05 20:00:00,168.46
2025-07-05 21:00:00,135.57
2025-07-05 22:00:00,109.66
2025-07-05 23:00:00,104.36
2025-07-06 00:00:00,96.39
2025-07-06 01:00:00,87.68
2025-07-06 02:00:00,92.0
2025-07-06 03:00:00,93.05
2025-07-06 04:00:00,93.94
2025-07-06 05:00:00,88.27
2025-07-06 06:00:00,76.72
2025-07-06 07:00:00,75.71
2025-07-06 08:00:00,68.0
2025-07-06 09:00:00,35.54
2025-07-06 10:00:00,19.15
2025-07-06 11:00:00,15.66
2025-07-06 12:00:00,13.68
2025-07-06 13:00:00,7.61
2025-07-06 14:00:00,11.75
2025-07-06 15:00:00,70.31
2025-07-06 16:00:00,76.82
2025-07-06 17:00:00,102.81
2025-07-06 18:00:00,118.33
2025-07-06 19:00:00,155.35
2025-07-06 20:00:00,176.99
2025-07-06 21:00:00,153.24
2025-07-06 22:00:00,126.2
2025-07-06 23:00:00,108.9
2025-07-07 00:00:00,118.48
2025-07-07 01:00:00,105.64
2025-07-07 02:00:00,100.98
2025-07-07 03:00:00,97.67
2025-07-07 04:00:00,100.07
2025-07-07 05:00:00,109.67
2025-07-07 06:00:00,132.59
2025-07-07 07:00:00,140.49
2025-07-07 08:00:00,146.42
2025-07-07 09:00:00,131.32
2025-07-07 10:00:00,110.49
2025-07-07 11:00:00,107.26
2025-07-07 12:00:00,89.74
2025-07-07 13:00:00,93.49
2025-07-07 14:00:00,91.15
2025-07-07 15:00:00,95.67
2025-07-07 16:00:00,116.3
2025-07-07 17:00:00,129.02
2025-07-07 18:00:00,150.08
2025-07-07 19:00:00,189.77
2025-07-07 20:00:00,205.27
2025-07-07 21:00:00,158.78
2025-07-07 22:00:00,112.28
2025-07-07 23:00:00,100.03
2025-07-08 00:00:00,106.96
2025-07-08 01:00:00,96.56
2025-07-08 02:00:00,92.18
2025-07-08 03:00:00,92.22
2025-07-08 04:00:00,92.61
2025-07-08 05:00:00,95.45
2025-07-08 06:00:00,114.01
2025-07-08 07:00:00,118.33
2025-07-08 08:00:00,114.74
2025-07-08 09:00:00,89.19
2025-07-08 10:00:00,84.18
2025-07-08 11:00:00,82.74
2025-07-08 12:00:00,84.84
2025-07-08 13:00:00,79.91
2025-07-08 14:00:00,76.02
2025-07-08 15:00:00,89.0
2025-07-08 16:00:00,101.02
2025-07-08 17:00:00,106.09
2025-07-08 18:00:00,117.69
2025-07-08 19:00:00,140.36
2025-07-08 20:00:00,149.05
2025-07-08 21:00:00,129.23
2025-07-08 22:00:00,120.31
2025-07-08 23:00:00,100.49
2025-07-09 00:00:00,96.96
2025-07-09 01:00:00,84.79
2025-07-09 02:00:00,81.96
2025-07-09 03:00:00,81.49
2025-07-09 04:00:00,81.54
2025-07-09 05:00:00,93.88
2025-07-09 06:00:00,113.66
2025-07-09 07:00:00,116.46
2025-07-09 08:00:00,114.08
2025-07-09 09:00:00,96.59
2025-07-09 10:00:00,83.78
2025-07-09 11:00:00,74.0
2025-07-09 12:00:00,62.18
2025-07-09 13:00:00,44.77
2025-07-09 14:00:00,35.94
2025-07-09 15:00:00,50.55
2025-07-09 16:00:00,70.94
2025-07-09 17:00:00,82.97
2025-07-09 18:00:00,105.92
2025-07-09 19:00:00,120.31
2025-07-09 20:00:00,140.57
2025-07-09 21:00:00,137.6
2025-07-09 22:00:00,116.27
2025-07-09 23:00:00,104.51
2025-07-10 00:00:00,100.91
2025-07-10 01:00:00,95.73
2025-07-10 02:00:00,89.1
2025-07-10 03:00:00,86.33
2025-07-10 04:00:00,87.47
2025-07-10 05:00:00,98.25
2025-07-10 06:00:00,106.89
2025-07-10 07:00:00,108.74
2025-07-10 08:00:00,105.12
2025-07-10 09:00:00,88.28
2025-07-10 10:00:00,77.78
2025-07-10 11:00:00,62.79
2025-07-10 12:00:00,45.1
2025-07-10 13:00:00,39.04
2025-07-10 14:00:00,38.98
2025-07-10 15:00:00,56.09
2025-07-10 16:00:00,76.32
2025-07-10 17:00:00,88.16
2025-07-10 18:00:00,102.81
2025-07-10 19:00:00,118.42
2025-07-10 20:00:00,140.99
2025-07-10 21:00:00,137.35
2025-07-10 22:00:00,120.31
2025-07-10 23:00:00,107.26
2025-07-11 00:00:00,103.55
2025-07-11 01:00:00,96.63
2025-07-11 02:00:00,91.96
2025-07-11 03:00:00,88.88
2025-07-11 04:00:00,89.69
2025-07-11 05:00:00,95.58
2025-07-11 06:00:00,104.78
2025-07-11 07:00:00,102.99
2025-07-11 08:00:00,98.26
2025-07-11 09:00:00,91.05
2025-07-11 10:00:00,80.28
2025-07-11 11:00:00,70.03
2025-07-11 12:00:00,60.94
2025-07-11 13:00:00,40.6
2025-07-11 14:00:00,32.04
2025-07-11 15:00:00,60.43
2025-07-11 16:00:00,85.07
2025-07-11 17:00:00,108.35
2025-07-11 18:00:00,126.78
2025-07-11 19:00:00,131.03
2025-07-11 20:00:00,131.74
2025-07-11 21:00:00,125.77
2025-07-11 22:00:00,119.3
2025-07-11 23:00:00,103.13
2025-07-12 00:00:00,110.6
2025-07-12 01:00:00,103.43
2025-07-12 02:00:00,102.36
2025-07-12 03:00:00,96.46
2025-07-12 04:00:00,92.32
2025-07-12 05:00:00,89.19
2025-07-12 06:00:00,84.43
2025-07-12 07:00:00,87.08
2025-07-12 08:00:00,82.25
2025-07-12 09:00:00,60.36
2025-07-12 10:00:00,18.19
2025-07-12 11:00:00,3.0
2025-07-12 12:00:00,0.22
2025-07-12 13:00:00,0.0
2025-07-12 14:00:00,0.0
2025-07-12 15:00:00,0.22
2025-07-12 16:00:00,29.17
2025-07-12 17:00:00,83.11
2025-07-12 18:00:00,104.73
2025-07-12 19:00:00,109.35
2025-07-12 20:00:00,122.02
2025-07-12 21:00:00,125.74
2025-07-12 22:00:00,124.99
2025-07-12 23:00:00,115.38
2025-07-13 00:00:00,114.3
2025-07-13 01:00:00,107.77
2025-07-13 02:00:00,106.48
2025-07-13 03:00:00,105.03
2025-07-13 04:00:00,102.14
2025-07-13 05:00:00,98.44
2025-07-13 06:00:00,93.39
2025-07-13 07:00:00,90.75
2025-07-13 08:00:00,75.74
2025-07-13 09:00:00,30.56
2025-07-13 10:00:00,4.28
2025-07-13 11:00:00,0.05
2025-07-13 12:00:00,0.0
2025-07-13 13:00:00,0.0
2025-07-13 14:00:00,0.0
2025-07-13 15:00:00,0.0
2025-07-13 16:00:00,2.27
2025-07-13 17:00:00,69.5
2025-07-13 18:00:00,103.0
2025-07-13 19:00:00,115.97
2025-07-13 20:00:00,124.27
2025-07-13 21:00:00,128.39
2025-07-13 22:00:00,126.94
2025-07-13 23:00:00,115.89
2025-07-14 00:00:00,113.51
2025-07-14 01:00:00,102.09
2025-07-14 02:00:00,96.11
2025-07-14 03:00:00,92.17
2025-07-14 04:00:00,95.31
2025-07-14 05:00:00,107.07
2025-07-14 06:00:00,117.45
2025-07-14 07:00:00,118.42
2025-07-14 08:00:00,101.85
2025-07-14 09:00:00,86.34
2025-07-14 10:00:00,79.46
2025-07-14 11:00:00,76.53
2025-07-14 12:00:00,72.42
2025-07-14 13:00:00,65.4
2025-07-14 14:00:00,58.41
2025-07-14 15:00:00,74.75
2025-07-14 16:00:00,98.31
2025-07-14 17:00:00,111.85
2025-07-14 18:00:00,134.0
2025-07-14 19:00:00,184.25
2025-07-14 20:00:00,233.47
2025-07-14 21:00:00,186.6
2025-07-14 22:00:00,131.03
2025-07-14 23:00:00,115.39
2025-07-15 00:00:00,108.68
2025-07-15 01:00:00,101.92
2025-07-15 02:00:00,91.52
2025-07-15 03:00:00,87.91
2025-07-15 04:00:00,86.92
2025-07-15 05:00:00,92.67
2025-07-15 06:00:00,109.44
2025-07-15 07:00:00,112.37
2025-07-15 08:00:00,106.5
2025-07-15 09:00:00,89.62
2025-07-15 10:00:00,74.61
2025-07-15 11:00:00,63.38
2025-07-15 12:00:00,61.49
2025-07-15 13:00:00,49.51
2025-07-15 14:00:00,54.84
2025-07-15 15:00:00,78.29
2025-07-15 16:00:00,98.92
2025-07-15 17:00:00,112.55
2025-07-15 18:00:00,130.0
2025-07-15 19:00:00,161.13
2025-07-15 20:00:00,172.2
2025-07-15 21:00:00,148.61
2025-07-15 22:00:00,120.0
2025-07-15 23:00:00,109.32
2025-07-16 00:00:00,97.94
2025-07-16 01:00:00,91.58
2025-07-16 02:00:00,84.45
2025-07-16 03:00:00,80.95
2025-07-16 04:00:00,81.43
2025-07-16 05:00:00,87.31
2025-07-16 06:00:00,105.38
2025-07-16 07:00:00,112.06
2025-07-16 08:00:00,110.8
2025-07-16 09:00:00,101.77
2025-07-16 10:00:00,90.93
2025-07-16 11:00:00,95.53
2025-07-16 12:00:00,96.11
2025-07-16 13:00:00,95.65
2025-07-16 14:00:00,97.57
2025-07-16 15:00:00,101.84
2025-07-16 16:00:00,107.96
2025-07-16 17:00:00,111.82
2025-07-16 18:00:00,118.76
2025-07-16 19:00:00,143.83
2025-07-16 20:00:00,163.48
2025-07-16 21:00:00,143.82
2025-07-16 22:00:00,125.51
2025-07-16 23:00:00,113.41
2025-07-17 00:00:00,106.84
2025-07-17 01:00:00,101.59
2025-07-17 02:00:00,93.15
2025-07-17 03:00:00,93.13
2025-07-17 04:00:00,94.04
2025-07-17 05:00:00,98.02
2025-07-17 06:00:00,114.09
2025-07-17 07:00:00,118.17
2025-07-17 08:00:00,105.92
2025-07-17 09:00:00,93.1
2025-07-17 10:00:00,85.0
2025-07-17 11:00:00,77.07
2025-07-17 12:00:00,70.17
2025-07-17 13:00:00,63.08
2025-07-17 14:00:00,63.96
2025-07-17 15:00:00,69.1
2025-07-17 16:00:00,100.8
2025-07-17 17:00:00,104.67
2025-07-17 18:00:00,127.8
2025-07-17 19:00:00,145.22
2025-07-17 20:00:00,156.83
2025-07-17 21:00:00,136.72
2025-07-17 22:00:00,125.07
2025-07-17 23:00:00,114.18
2025-07-18 00:00:00,108.86
2025-07-18 01:00:00,100.09
2025-07-18 02:00:00,97.02
2025-07-18 03:00:00,96.11
2025-07-18 04:00:00,97.18
2025-07-18 05:00:00,106.6
2025-07-18 06:00:00,117.44
2025-07-18 07:00:00,115.39
2025-07-18 08:00:00,109.42
2025-07-18 09:00:00,97.62
2025-07-18 10:00:00,84.87
2025-07-18 11:00:00,82.0
2025-07-18 12:00:00,80.0
2025-07-18 13:00:00,73.02
2025-07-18 14:00:00,71.2
2025-07-18 15:00:00,72.68
2025-07-18 16:00:00,96.72
2025-07-18 17:00:00,101.2
2025-07-18 18:00:00,112.89
2025-07-18 19:00:00,129.85
2025-07-18 20:00:00,153.69
2025-07-18 21:00:00,149.35
2025-07-18 22:00:00,127.45
2025-07-18 23:00:00,116.84
2025-07-19 00:00:00,110.13
2025-07-19 01:00:00,105.36
2025-07-19 02:00:00,103.35
2025-07-19 03:00:00,101.19
2025-07-19 04:00:00,96.76
2025-07-19 05:00:00,99.0
2025-07-19 06:00:00,95.53
2025-07-19 07:00:00,85.02
2025-07-19 08:00:00,77.35
2025-07-19 09:00:00,51.68
2025-07-19 10:00:00,10.0
2025-07-19 11:00:00,0.65
2025-07-19 12:00:00,0.0
2025-07-19 13:00:00,-0.01
2025-07-19 14:00:00,0.0
2025-07-19 15:00:00,6.42
2025-07-19 16:00:00,53.35
2025-07-19 17:00:00,94.03
2025-07-19 18:00:00,116.1
2025-07-19 19:00:00,126.71
2025-07-19 20:00:00,136.53
2025-07-19 21:00:00,145.07
2025-07-19 22:00:00,122.1
2025-07-19 23:00:00,113.6
2025-07-20 00:00:00,107.65
2025-07-20 01:00:00,96.35
2025-07-20 02:00:00,94.46
2025-07-20 03:00:00,100.28
2025-07-20 04:00:00,98.93
2025-07-20 05:00:00,97.27
2025-07-20 06:00:00,94.57
2025-07-20 07:00:00,76.33
2025-07-20 08:00:00,72.29
2025-07-20 09:00:00,38.99
2025-07-20 10:00:00,7.83
2025-07-20 11:00:00,1.92
2025-07-20 12:00:00,0.0
2025-07-20 13:00:00,-0.01
2025-07-20 14:00:00,0.0
2025-07-20 15:00:00,8.37
2025-07-20 16:00:00,70.38
2025-07-20 17:00:00,96.62
2025-07-20 18:00:00,111.08
2025-07-20 19:00:00,124.88
2025-07-20 20:00:00,136.74
2025-07-20 21:00:00,142.28
2025-07-20 22:00:00,125.55
2025-07-20 23:00:00,112.98
2025-07-21 00:00:00,98.69
2025-07-21 01:00:00,90.49
2025-07-21 02:00:00,85.78
2025-07-21 03:00:00,85.74
2025-07-21 04:00:00,88.46
2025-07-21 05:00:00,94.91
2025-07-21 06:00:00,118.52
2025-07-21 07:00:00,121.45
2025-07-21 08:00:00,115.34
2025-07-21 09:00:00,101.12
2025-07-21 10:00:00,93.04
2025-07-21 11:00:00,89.87
2025-07-21 12:00:00,84.87
2025-07-21 13:00:00,84.64
2025-07-21 14:00:00,80.68
2025-07-21 15:00:00,82.53
2025-07-21 16:00:00,97.93
2025-07-21 17:00:00,104.88
2025-07-21 18:00:00,139.5
2025-07-21 19:00:00,182.96
2025-07-21 20:00:00,159.56
2025-07-21 21:00:00,133.91
2025-07-21 22:00:00,113.31
2025-07-21 23:00:00,100.83
2025-07-22 00:00:00,96.96
2025-07-22 01:00:00,89.97
2025-07-22 02:00:00,86.4
2025-07-22 03:00:00,84.33
2025-07-22 04:00:00,86.53
2025-07-22 05:00:00,95.49
2025-07-22 06:00:00,109.63
2025-07-22 07:00:00,108.84
2025-07-22 08:00:00,99.78
2025-07-22 09:00:00,93.07
2025-07-22 10:00:00,83.59
2025-07-22 11:00:00,70.43
2025-07-22 12:00:00,60.68
2025-07-22 13:00:00,29.05
2025-07-22 14:00:00,24.65
2025-07-22 15:00:00,62.2
2025-07-22 16:00:00,100.25
2025-07-22 17:00:00,116.14
2025-07-22 18:00:00,142.2
2025-07-22 19:00:00,167.33
2025-07-22 20:00:00,171.1
2025-07-22 21:00:00,143.08
2025-07-22 22:00:00,108.59
2025-07-22 23:00:00,100.6
2025-07-23 00:00:00,127.97
2025-07-23 01:00:00,131.69
2025-07-23 02:00:00,117.02
2025-07-23 03:00:00,123.48
2025-07-23 04:00:00,119.0
2025-07-23 05:00:00,98.21
2025-07-23 06:00:00,101.84
2025-07-23 07:00:00,105.32
2025-07-23 08:00:00,96.5
2025-07-23 09:00:00,86.13
2025-07-23 10:00:00,80.59
2025-07-23 11:00:00,76.77
2025-07-23 12:00:00,74.46
2025-07-23 13:00:00,73.75
2025-07-23 14:00:00,74.21
2025-07-23 15:00:00,86.72
2025-07-23 16:00:00,122.69
2025-07-23 17:00:00,120.0
2025-07-23 18:00:00,172.57
2025-07-23 19:00:00,255.42
2025-07-23 20:00:00,246.21
2025-07-23 21:00:00,164.22
2025-07-23 22:00:00,104.09
2025-07-23 23:00:00,96.04
2025-07-24 00:00:00,93.81
2025-07-24 01:00:00,102.41
2025-07-24 02:00:00,96.7
2025-07-24 03:00:00,95.14
2025-07-24 04:00:00,96.25
2025-07-24 05:00:00,108.97
2025-07-24 06:00:00,111.15
2025-07-24 07:00:00,115.13
2025-07-24 08:00:00,109.55
2025-07-24 09:00:00,96.49
2025-07-24 10:00:00,90.1
2025-07-24 11:00:00,85.34
2025-07-24 12:00:00,83.35
2025-07-24 13:00:00,90.08
2025-07-24 14:00:00,91.81
2025-07-24 15:00:00,104.65
2025-07-24 16:00:00,110.32
2025-07-24 17:00:00,118.13
2025-07-24 18:00:00,154.0
2025-07-24 19:00:00,222.98
2025-07-24 20:00:00,234.42
2025-07-24 21:00:00,169.15
2025-07-24 22:00:00,132.57
2025-07-24 23:00:00,111.98
2025-07-25 00:00:00,111.51
2025-07-25 01:00:00,104.75
2025-07-25 02:00:00,99.8
2025-07-25 03:00:00,97.56
2025-07-25 04:00:00,100.56
2025-07-25 05:00:00,103.45
2025-07-25 06:00:00,112.8
2025-07-25 07:00:00,112.39
2025-07-25 08:00:00,111.46
2025-07-25 09:00:00,98.96
2025-07-25 10:00:00,95.99
2025-07-25 11:00:00,86.22
2025-07-25 12:00:00,84.43
2025-07-25 13:00:00,83.04
2025-07-25 14:00:00,82.38
2025-07-25 15:00:00,93.2
2025-07-25 16:00:00,102.13
2025-07-25 17:00:00,110.59
2025-07-25 18:00:00,181.26
2025-07-25 19:00:00,243.77
2025-07-25 20:00:00,295.85
2025-07-25 21:00:00,157.87
2025-07-25 22:00:00,129.35
2025-07-25 23:00:00,112.87
2025-07-26 00:00:00,114.1
2025-07-26 01:00:00,107.61
2025-07-26 02:00:00,103.18
2025-07-26 03:00:00,100.52
2025-07-26 04:00:00,100.16
2025-07-26 05:00:00,99.51
2025-07-26 06:00:00,100.72
2025-07-26 07:00:00,98.58
2025-07-26 08:00:00,89.16
2025-07-26 09:00:00,87.79
2025-07-26 10:00:00,81.84
2025-07-26 11:00:00,77.4
2025-07-26 12:00:00,68.15
2025-07-26 13:00:00,66.25
2025-07-26 14:00:00,64.01
2025-07-26 15:00:00,75.52
2025-07-26 16:00:00,96.72
2025-07-26 17:00:00,120.0
2025-07-26 18:00:00,111.3
2025-07-26 19:00:00,131.34
2025-07-26 20:00:00,154.74
2025-07-26 21:00:00,146.29
2025-07-26 22:00:00,120.17
2025-07-26 23:00:00,108.46
2025-07-27 00:00:00,100.13
2025-07-27 01:00:00,94.24
2025-07-27 02:00:00,89.78
2025-07-27 03:00:00,86.72
2025-07-27 04:00:00,88.9
2025-07-27 05:00:00,87.17
2025-07-27 06:00:00,87.79
2025-07-27 07:00:00,84.82
2025-07-27 08:00:00,79.15
2025-07-27 09:00:00,79.08
2025-07-27 10:00:00,77.71
2025-07-27 11:00:00,71.61
2025-07-27 12:00:00,46.34
2025-07-27 13:00:00,15.04
2025-07-27 14:00:00,8.85
2025-07-27 15:00:00,23.13
2025-07-27 16:00:00,74.71
2025-07-27 17:00:00,91.29
2025-07-27 18:00:00,103.46
2025-07-27 19:00:00,105.82
2025-07-27 20:00:00,128.65
2025-07-27 21:00:00,158.64
2025-07-27 22:00:00,146.97
2025-07-27 23:00:00,115.44
2025-07-28 00:00:00,96.1
2025-07-28 01:00:00,85.89
2025-07-28 02:00:00,81.42
2025-07-28 03:00:00,80.65
2025-07-28 04:00:00,81.36
2025-07-28 05:00:00,88.06
2025-07-28 06:00:00,105.83
2025-07-28 07:00:00,116.0
2025-07-28 08:00:00,117.97
2025-07-28 09:00:00,109.27
2025-07-28 10:00:00,101.69
2025-07-28 11:00:00,94.32
2025-07-28 12:00:00,85.33
2025-07-28 13:00:00,81.65
2025-07-28 14:00:00,74.26
2025-07-28 15:00:00,78.33
2025-07-28 16:00:00,78.51
2025-07-28 17:00:00,94.26
2025-07-28 18:00:00,103.69
2025-07-28 19:00:00,126.79
2025-07-28 20:00:00,137.03
2025-07-28 21:00:00,129.01
2025-07-28 22:00:00,108.7
2025-07-28 23:00:00,93.38
2025-07-29 00:00:00,89.0
2025-07-29 01:00:00,88.1
2025-07-29 02:00:00,85.53
2025-07-29 03:00:00,84.95
2025-07-29 04:00:00,87.33
2025-07-29 05:00:00,96.72
2025-07-29 06:00:00,101.97
2025-07-29 07:00:00,108.68
2025-07-29 08:00:00,96.06
2025-07-29 09:00:00,82.91
2025-07-29 10:00:00,69.77
2025-07-29 11:00:00,56.78
2025-07-29 12:00:00,23.2
2025-07-29 13:00:00,11.44
2025-07-29 14:00:00,23.51
2025-07-29 15:00:00,38.25
2025-07-29 16:00:00,66.32
2025-07-29 17:00:00,82.27
2025-07-29 18:00:00,109.81
2025-07-29 19:00:00,131.66
2025-07-29 20:00:00,160.8
2025-07-29 21:00:00,138.02
2025-07-29 22:00:00,115.72
2025-07-29 23:00:00,102.76
2025-07-30 00:00:00,96.62
2025-07-30 01:00:00,92.56
2025-07-30 02:00:00,87.08
2025-07-30 03:00:00,85.95
2025-07-30 04:00:00,88.07
2025-07-30 05:00:00,98.14
2025-07-30 06:00:00,104.09
2025-07-30 07:00:00,100.54
2025-07-30 08:00:00,89.95
2025-07-30 09:00:00,71.0
2025-07-30 10:00:00,55.5
2025-07-30 11:00:00,40.45
2025-07-30 12:00:00,24.79
2025-07-30 13:00:00,17.69
2025-07-30 14:00:00,10.7
2025-07-30 15:00:00,28.31
2025-07-30 16:00:00,63.61
2025-07-30 17:00:00,86.52
2025-07-30 18:00:00,114.82
2025-07-30 19:00:00,153.73
2025-07-30 20:00:00,174.3
2025-07-30 21:00:00,143.24
2025-07-30 22:00:00,114.68
2025-07-30 23:00:00,100.44
2025-07-31 00:00:00,99.98
2025-07-31 01:00:00,94.13
2025-07-31 02:00:00,78.15
2025-07-31 03:00:00,75.24
2025-07-31 04:00:00,78.3
2025-07-31 05:00:00,89.51
2025-07-31 06:00:00,103.54
2025-07-31 07:00:00,100.99
2025-07-31 08:00:00,93.91
2025-07-31 09:00:00,84.5
2025-07-31 10:00:00,72.84
2025-07-31 11:00:00,72.44
2025-07-31 12:00:00,62.84
2025-07-31 13:00:00,49.88
2025-07-31 14:00:00,35.14
2025-07-31 15:00:00,55.4
2025-07-31 16:00:00,72.91
2025-07-31 17:00:00,94.17
2025-07-31 18:00:00,111.71
2025-07-31 19:00:00,125.92
2025-07-31 20:00:00,143.81
2025-07-31 21:00:00,133.89
2025-07-31 22:00:00,123.16
2025-07-31 23:00:00,102.71
2025-08-01 00:00:00,105.21
2025-08-01 01:00:00,98.38
2025-08-01 02:00:00,91.74
2025-08-01 03:00:00,87.98
2025-08-01 04:00:00,93.62
2025-08-01 05:00:00,100.52
2025-08-01 06:00:00,106.2
2025-08-01 07:00:00,109.68
2025-08-01 08:00:00,105.62
2025-08-01 09:00:00,95.25
2025-08-01 10:00:00,68.67
2025-08-01 11:00:00,68.21
2025-08-01 12:00:00,68.81
2025-08-01 13:00:00,64.34
2025-08-01 14:00:00,50.95
2025-08-01 15:00:00,51.44
2025-08-01 16:00:00,73.42
2025-08-01 17:00:00,88.75
2025-08-01 18:00:00,116.78
2025-08-01 19:00:00,133.74
2025-08-01 20:00:00,151.28
2025-08-01 21:00:00,141.76
2025-08-01 22:00:00,116.16
2025-08-01 23:00:00,104.39
2025-08-02 00:00:00,107.19
2025-08-02 01:00:00,100.23
2025-08-02 02:00:00,96.99
2025-08-02 03:00:00,91.34
2025-08-02 04:00:00,90.5
2025-08-02 05:00:00,90.07
2025-08-02 06:00:00,88.72
2025-08-02 07:00:00,83.9
2025-08-02 08:00:00,76.7
2025-08-02 09:00:00,58.54
2025-08-02 10:00:00,32.37
2025-08-02 11:00:00,5.68
2025-08-02 12:00:00,2.95
2025-08-02 13:00:00,0.0
2025-08-02 14:00:00,0.0
2025-08-02 15:00:00,0.0
2025-08-02 16:00:00,5.52
2025-08-02 17:00:00,62.86
2025-08-02 18:00:00,93.89
2025-08-02 19:00:00,118.94
2025-08-02 20:00:00,139.94
2025-08-02 21:00:00,121.19
2025-08-02 22:00:00,108.84
2025-08-02 23:00:00,95.05
2025-08-03 00:00:00,87.57
2025-08-03 01:00:00,77.64
2025-08-03 02:00:00,71.34
2025-08-03 03:00:00,69.32
2025-08-03 04:00:00,67.09
2025-08-03 05:00:00,61.27
2025-08-03 06:00:00,47.48
2025-08-03 07:00:00,26.2
2025-08-03 08:00:00,6.16
2025-08-03 09:00:00,0.0
2025-08-03 10:00:00,-1.01
2025-08-03 11:00:00,-2.1
2025-08-03 12:00:00,-3.0
2025-08-03 13:00:00,-9.9
2025-08-03 14:00:00,-10.08
2025-08-03 15:00:00,-4.98
2025-08-03 16:00:00,-1.45
2025-08-03 17:00:00,10.61
2025-08-03 18:00:00,81.3
2025-08-03 19:00:00,94.57
2025-08-03 20:00:00,119.14
2025-08-03 21:00:00,107.01
2025-08-03 22:00:00,102.34
2025-08-03 23:00:00,85.09
2025-08-04 00:00:00,84.46
2025-08-04 01:00:00,70.07
2025-08-04 02:00:00,69.97
2025-08-04 03:00:00,69.68
2025-08-04 04:00:00,72.88
2025-08-04 05:00:00,83.07
2025-08-04 06:00:00,94.25
2025-08-04 07:00:00,101.66
2025-08-04 08:00:00,97.69
2025-08-04 09:00:00,89.61
2025-08-04 10:00:00,70.24
2025-08-04 11:00:00,51.33
2025-08-04 12:00:00,14.79
2025-08-04 13:00:00,4.05
2025-08-04 14:00:00,0.66
2025-08-04 15:00:00,20.45
2025-08-04 16:00:00,43.33
2025-08-04 17:00:00,82.51
2025-08-04 18:00:00,115.11
2025-08-04 19:00:00,155.8
2025-08-04 20:00:00,175.34
2025-08-04 21:00:00,125.48
2025-08-04 22:00:00,99.86
2025-08-04 23:00:00,85.76
2025-08-05 00:00:00,38.75
2025-08-05 01:00:00,15.84
2025-08-05 02:00:00,22.59
2025-08-05 03:00:00,24.75
2025-08-05 04:00:00,57.9
2025-08-05 05:00:00,79.39
2025-08-05 06:00:00,99.38
2025-08-05 07:00:00,94.42
2025-08-05 08:00:00,74.49
2025-08-05 09:00:00,3.86
2025-08-05 10:00:00,0.0
2025-08-05 11:00:00,-1.82
2025-08-05 12:00:00,-4.89
2025-08-05 13:00:00,-3.16
2025-08-05 14:00:00,-11.84
2025-08-05 15:00:00,-2.81
2025-08-05 16:00:00,32.78
2025-08-05 17:00:00,91.69
2025-08-05 18:00:00,112.06
2025-08-05 19:00:00,136.47
2025-08-05 20:00:00,152.54
2025-08-05 21:00:00,117.23
2025-08-05 22:00:00,102.36
2025-08-05 23:00:00,83.2
2025-08-06 00:00:00,75.79
2025-08-06 01:00:00,60.16
2025-08-06 02:00:00,64.81
2025-08-06 03:00:00,65.98
2025-08-06 04:00:00,64.33
2025-08-06 05:00:00,82.52
2025-08-06 06:00:00,97.82
2025-08-06 07:00:00,98.65
2025-08-06 08:00:00,83.96
2025-08-06 09:00:00,27.84
2025-08-06 10:00:00,0.01
2025-08-06 11:00:00,-0.06
2025-08-06 12:00:00,0.2
2025-08-06 13:00:00,-1.17
2025-08-06 14:00:00,0.0
2025-08-06 15:00:00,21.89
2025-08-06 16:00:00,35.48
2025-08-06 17:00:00,62.75
2025-08-06 18:00:00,100.1
2025-08-06 19:00:00,122.81
2025-08-06 20:00:00,174.78
2025-08-06 21:00:00,156.72
2025-08-06 22:00:00,110.0
2025-08-06 23:00:00,101.39
2025-08-07 00:00:00,97.54
2025-08-07 01:00:00,97.29
2025-08-07 02:00:00,91.76
2025-08-07 03:00:00,89.66
2025-08-07 04:00:00,89.76
2025-08-07 05:00:00,94.42
2025-08-07 06:00:00,109.7
2025-08-07 07:00:00,104.82
2025-08-07 08:00:00,65.14
2025-08-07 09:00:00,31.15
2025-08-07 10:00:00,1.98
2025-08-07 11:00:00,0.0
2025-08-07 12:00:00,-0.16
2025-08-07 13:00:00,-2.97
2025-08-07 14:00:00,-0.18
2025-08-07 15:00:00,0.0
2025-08-07 16:00:00,28.38
2025-08-07 17:00:00,70.98
2025-08-07 18:00:00,109.67
2025-08-07 19:00:00,134.11
2025-08-07 20:00:00,158.55
2025-08-07 21:00:00,128.9
2025-08-07 22:00:00,110.0
2025-08-07 23:00:00,101.28
2025-08-08 00:00:00,94.32
2025-08-08 01:00:00,90.16
2025-08-08 02:00:00,86.26
2025-08-08 03:00:00,83.27
2025-08-08 04:00:00,81.58
2025-08-08 05:00:00,91.16
2025-08-08 06:00:00,100.97
2025-08-08 07:00:00,102.91
2025-08-08 08:00:00,88.27
2025-08-08 09:00:00,57.59
2025-08-08 10:00:00,19.54
2025-08-08 11:00:00,7.25
2025-08-08 12:00:00,0.0
2025-08-08 13:00:00,-0.01
2025-08-08 14:00:00,-0.01
2025-08-08 15:00:00,0.0
2025-08-08 16:00:00,10.49
2025-08-08 17:00:00,78.88
2025-08-08 18:00:00,113.77
2025-08-08 19:00:00,151.05
2025-08-08 20:00:00,192.13
2025-08-08 21:00:00,155.73
2025-08-08 22:00:00,123.33
2025-08-08 23:00:00,108.68
2025-08-09 00:00:00,102.89
2025-08-09 01:00:00,102.38
2025-08-09 02:00:00,101.65
2025-08-09 03:00:00,99.09
2025-08-09 04:00:00,99.1
2025-08-09 05:00:00,99.15
2025-08-09 06:00:00,98.52
2025-08-09 07:00:00,93.45
2025-08-09 08:00:00,68.84
2025-08-09 09:00:00,15.34
2025-08-09 10:00:00,-0.02
2025-08-09 11:00:00,-1.0
2025-08-09 12:00:00,-9.53
2025-08-09 13:00:00,-16.26
2025-08-09 14:00:00,-15.09
2025-08-09 15:00:00,-3.02
2025-08-09 16:00:00,0.02
2025-08-09 17:00:00,52.73
2025-08-09 18:00:00,105.61
2025-08-09 19:00:00,130.32
2025-08-09 20:00:00,155.7
2025-08-09 21:00:00,125.9
2025-08-09 22:00:00,112.05
2025-08-09 23:00:00,95.35
2025-08-10 00:00:00,84.77
2025-08-10 01:00:00,83.18
2025-08-10 02:00:00,83.04
2025-08-10 03:00:00,77.88
2025-08-10 04:00:00,80.61
2025-08-10 05:00:00,83.6
2025-08-10 06:00:00,81.92
2025-08-10 07:00:00,70.78
2025-08-10 08:00:00,26.43
2025-08-10 09:00:00,-0.01
2025-08-10 10:00:00,-3.41
2025-08-10 11:00:00,-15.6
2025-08-10 12:00:00,-38.56
2025-08-10 13:00:00,-60.84
2025-08-10 14:00:00,-48.79
2025-08-10 15:00:00,-20.28
2025-08-10 16:00:00,0.48
2025-08-10 17:00:00,28.34
2025-08-10 18:00:00,87.02
2025-08-10 19:00:00,113.68
2025-08-10 20:00:00,129.89
2025-08-10 21:00:00,120.17
2025-08-10 22:00:00,106.91
2025-08-10 23:00:00,98.46
2025-08-11 00:00:00,100.36
2025-08-11 01:00:00,92.23
2025-08-11 02:00:00,87.69
2025-08-11 03:00:00,85.27
2025-08-11 04:00:00,93.37
2025-08-11 05:00:00,104.56
2025-08-11 06:00:00,130.78
2025-08-11 07:00:00,129.63
2025-08-11 08:00:00,103.3
2025-08-11 09:00:00,49.57
2025-08-11 10:00:00,14.26
2025-08-11 11:00:00,2.54
2025-08-11 12:00:00,0.0
2025-08-11 13:00:00,0.0
2025-08-11 14:00:00,0.0
2025-08-11 15:00:00,9.0
2025-08-11 16:00:00,58.73
2025-08-11 17:00:00,95.89
2025-08-11 18:00:00,125.02
2025-08-11 19:00:00,181.84
2025-08-11 20:00:00,234.81
2025-08-11 21:00:00,140.75
2025-08-11 22:00:00,108.87
2025-08-11 23:00:00,96.0
2025-08-12 00:00:00,93.0
2025-08-12 01:00:00,89.67
2025-08-12 02:00:00,85.41
2025-08-12 03:00:00,85.28
2025-08-12 04:00:00,86.84
2025-08-12 05:00:00,94.48
2025-08-12 06:00:00,108.04
2025-08-12 07:00:00,105.63
2025-08-12 08:00:00,98.03
2025-08-12 09:00:00,82.07
2025-08-12 10:00:00,27.99
2025-08-12 11:00:00,18.17
2025-08-12 12:00:00,8.38
2025-08-12 13:00:00,3.0
2025-08-12 14:00:00,5.15
2025-08-12 15:00:00,35.05
2025-08-12 16:00:00,73.23
2025-08-12 17:00:00,104.26
2025-08-12 18:00:00,130.73
2025-08-12 19:00:00,211.63
2025-08-12 20:00:00,254.49
2025-08-12 21:00:00,149.95
2025-08-12 22:00:00,114.42
2025-08-12 23:00:00,98.12
2025-08-13 00:00:00,96.72
2025-08-13 01:00:00,90.0
2025-08-13 02:00:00,86.89
2025-08-13 03:00:00,84.71
2025-08-13 04:00:00,87.07
2025-08-13 05:00:00,93.82
2025-08-13 06:00:00,108.93
2025-08-13 07:00:00,107.92
2025-08-13 08:00:00,104.09
2025-08-13 09:00:00,71.57
2025-08-13 10:00:00,29.95
2025-08-13 11:00:00,27.82
2025-08-13 12:00:00,14.55
2025-08-13 13:00:00,13.46
2025-08-13 14:00:00,41.3
2025-08-13 15:00:00,70.9
2025-08-13 16:00:00,84.3
2025-08-13 17:00:00,96.64
2025-08-13 18:00:00,130.78
2025-08-13 19:00:00,240.32
2025-08-13 20:00:00,275.16
2025-08-13 21:00:00,154.96
2025-08-13 22:00:00,123.21
2025-08-13 23:00:00,106.27
2025-08-14 00:00:00,98.1
2025-08-14 01:00:00,92.0
2025-08-14 02:00:00,88.45
2025-08-14 03:00:00,87.86
2025-08-14 04:00:00,88.21
2025-08-14 05:00:00,97.29
2025-08-14 06:00:00,109.3
2025-08-14 07:00:00,110.54
2025-08-14 08:00:00,100.52
2025-08-14 09:00:00,92.12
2025-08-14 10:00:00,77.54
2025-08-14 11:00:00,67.44
2025-08-14 12:00:00,52.48
2025-08-14 13:00:00,41.85
2025-08-14 14:00:00,54.9
2025-08-14 15:00:00,69.43
2025-08-14 16:00:00,78.99
2025-08-14 17:00:00,102.93
2025-08-14 18:00:00,138.55
2025-08-14 19:00:00,244.02
2025-08-14 20:00:00,282.28
2025-08-14 21:00:00,155.69
2025-08-14 22:00:00,121.08
2025-08-14 23:00:00,105.95
2025-08-15 00:00:00,99.64
2025-08-15 01:00:00,98.71
2025-08-15 02:00:00,93.22
2025-08-15 03:00:00,89.3
2025-08-15 04:00:00,91.18
2025-08-15 05:00:00,95.58
2025-08-15 06:00:00,100.37
2025-08-15 07:00:00,100.3
2025-08-15 08:00:00,94.96
2025-08-15 09:00:00,73.36
2025-08-15 10:00:00,28.23
2025-08-15 11:00:00,3.0
2025-08-15 12:00:00,0.08
2025-08-15 13:00:00,0.0
2025-08-15 14:00:00,0.0
2025-08-15 15:00:00,1.73
2025-08-15 16:00:00,40.28
2025-08-15 17:00:00,85.44
2025-08-15 18:00:00,106.14
2025-08-15 19:00:00,119.33
2025-08-15 20:00:00,131.66
2025-08-15 21:00:00,112.18
2025-08-15 22:00:00,105.87
2025-08-15 23:00:00,95.86
2025-08-16 00:00:00,95.24
2025-08-16 01:00:00,90.21
2025-08-16 02:00:00,89.0
2025-08-16 03:00:00,84.2
2025-08-16 04:00:00,82.75
2025-08-16 05:00:00,85.63
2025-08-16 06:00:00,88.89
2025-08-16 07:00:00,88.41
2025-08-16 08:00:00,78.9
2025-08-16 09:00:00,65.98
2025-08-16 10:00:00,25.67
2025-08-16 11:00:00,3.8
2025-08-16 12:00:00,0.17
2025-08-16 13:00:00,-0.01
2025-08-16 14:00:00,-0.01
2025-08-16 15:00:00,0.01
2025-08-16 16:00:00,39.69
2025-08-16 17:00:00,87.68
2025-08-16 18:00:00,89.12
2025-08-16 19:00:00,121.25
2025-08-16 20:00:00,129.43
2025-08-16 21:00:00,113.92
2025-08-16 22:00:00,97.47
2025-08-16 23:00:00,89.88
2025-08-17 00:00:00,90.83
2025-08-17 01:00:00,84.54
2025-08-17 02:00:00,85.16
2025-08-17 03:00:00,84.45
2025-08-17 04:00:00,85.07
2025-08-17 05:00:00,86.72
2025-08-17 06:00:00,86.64
2025-08-17 07:00:00,77.26
2025-08-17 08:00:00,73.53
2025-08-17 09:00:00,25.8
2025-08-17 10:00:00,7.0
2025-08-17 11:00:00,0.36
2025-08-17 12:00:00,-0.02
2025-08-17 13:00:00,-0.74
2025-08-17 14:00:00,-0.87
2025-08-17 15:00:00,0.65
2025-08-17 16:00:00,16.94
2025-08-17 17:00:00,68.88
2025-08-17 18:00:00,95.58
2025-08-17 19:00:00,110.04
2025-08-17 20:00:00,111.92
2025-08-17 21:00:00,110.12
2025-08-17 22:00:00,104.96
2025-08-17 23:00:00,102.22
2025-08-18 00:00:00,90.98
2025-08-18 01:00:00,86.36
2025-08-18 02:00:00,83.5
2025-08-18 03:00:00,82.13
2025-08-18 04:00:00,87.21
2025-08-18 05:00:00,97.95
2025-08-18 06:00:00,115.79
2025-08-18 07:00:00,123.48
2025-08-18 08:00:00,107.75
2025-08-18 09:00:00,88.2
2025-08-18 10:00:00,69.48
2025-08-18 11:00:00,45.93
2025-08-18 12:00:00,20.04
2025-08-18 13:00:00,14.23
2025-08-18 14:00:00,18.34
2025-08-18 15:00:00,54.56
2025-08-18 16:00:00,72.03
2025-08-18 17:00:00,96.12
2025-08-18 18:00:00,112.47
2025-08-18 19:00:00,184.95
2025-08-18 20:00:00,218.21
2025-08-18 21:00:00,125.48
2025-08-18 22:00:00,106.98
2025-08-18 23:00:00,100.5
2025-08-19 00:00:00,100.68
2025-08-19 01:00:00,94.07
2025-08-19 02:00:00,87.51
2025-08-19 03:00:00,85.54
2025-08-19 04:00:00,89.07
2025-08-19 05:00:00,101.41
2025-08-19 06:00:00,110.09
2025-08-19 07:00:00,108.98
2025-08-19 08:00:00,98.05
2025-08-19 09:00:00,88.57
2025-08-19 10:00:00,69.64
2025-08-19 11:00:00,43.23
2025-08-19 12:00:00,27.83
2025-08-19 13:00:00,32.22
2025-08-19 14:00:00,39.44
2025-08-19 15:00:00,50.14
2025-08-19 16:00:00,68.2
2025-08-19 17:00:00,99.27
2025-08-19 18:00:00,130.64
2025-08-19 19:00:00,177.24
2025-08-19 20:00:00,186.4
2025-08-19 21:00:00,118.55
2025-08-19 22:00:00,104.55
2025-08-19 23:00:00,98.55
2025-08-20 00:00:00,97.08
2025-08-20 01:00:00,92.38
2025-08-20 02:00:00,86.92
2025-08-20 03:00:00,84.95
2025-08-20 04:00:00,88.87
2025-08-20 05:00:00,97.86
2025-08-20 06:00:00,108.82
2025-08-20 07:00:00,108.59
2025-08-20 08:00:00,102.15
2025-08-20 09:00:00,86.44
2025-08-20 10:00:00,75.08
2025-08-20 11:00:00,63.11
2025-08-20 12:00:00,48.33
2025-08-20 13:00:00,35.0
2025-08-20 14:00:00,41.58
2025-08-20 15:00:00,71.02
2025-08-20 16:00:00,79.08
2025-08-20 17:00:00,104.11
2025-08-20 18:00:00,116.25
2025-08-20 19:00:00,134.32
2025-08-20 20:00:00,138.93
2025-08-20 21:00:00,117.14
2025-08-20 22:00:00,106.66
2025-08-20 23:00:00,99.83
2025-08-21 00:00:00,96.64
2025-08-21 01:00:00,86.69
2025-08-21 02:00:00,84.95
2025-08-21 03:00:00,87.7
2025-08-21 04:00:00,88.75
2025-08-21 05:00:00,104.48
2025-08-21 06:00:00,111.75
2025-08-21 07:00:00,113.04
2025-08-21 08:00:00,105.33
2025-08-21 09:00:00,100.11
2025-08-21 10:00:00,89.35
2025-08-21 11:00:00,81.5
2025-08-21 12:00:00,72.98
2025-08-21 13:00:00,70.33
2025-08-21 14:00:00,76.14
2025-08-21 15:00:00,82.9
2025-08-21 16:00:00,91.92
2025-08-21 17:00:00,108.2
2025-08-21 18:00:00,123.9
2025-08-21 19:00:00,145.35
2025-08-21 20:00:00,149.04
2025-08-21 21:00:00,115.32
2025-08-21 22:00:00,103.55
2025-08-21 23:00:00,93.14
2025-08-22 00:00:00,87.71
2025-08-22 01:00:00,79.96
2025-08-22 02:00:00,76.34
2025-08-22 03:00:00,74.84
2025-08-22 04:00:00,74.2
2025-08-22 05:00:00,84.8
2025-08-22 06:00:00,103.72
2025-08-22 07:00:00,105.28
2025-08-22 08:00:00,102.28
2025-08-22 09:00:00,92.9
2025-08-22 10:00:00,73.51
2025-08-22 11:00:00,41.34
2025-08-22 12:00:00,15.32
2025-08-22 13:00:00,4.75
2025-08-22 14:00:00,1.07
2025-08-22 15:00:00,5.45
2025-08-22 16:00:00,48.08
2025-08-22 17:00:00,71.9
2025-08-22 18:00:00,93.45
2025-08-22 19:00:00,104.35
2025-08-22 20:00:00,112.82
2025-08-22 21:00:00,107.35
2025-08-22 22:00:00,102.97
2025-08-22 23:00:00,94.37
2025-08-23 00:00:00,95.33
2025-08-23 01:00:00,89.32
2025-08-23 02:00:00,87.35
2025-08-23 03:00:00,84.79
2025-08-23 04:00:00,84.99
2025-08-23 05:00:00,85.21
2025-08-23 06:00:00,86.5
2025-08-23 07:00:00,86.75
2025-08-23 08:00:00,83.12
2025-08-23 09:00:00,45.61
2025-08-23 10:00:00,7.66
2025-08-23 11:00:00,3.33
2025-08-23 12:00:00,1.33
2025-08-23 13:00:00,0.05
2025-08-23 14:00:00,0.32
2025-08-23 15:00:00,3.52
2025-08-23 16:00:00,16.49
2025-08-23 17:00:00,95.2
2025-08-23 18:00:00,106.72
2025-08-23 19:00:00,118.08
2025-08-23 20:00:00,131.06
2025-08-23 21:00:00,120.22
2025-08-23 22:00:00,111.16
2025-08-23 23:00:00,105.42
2025-08-24 00:00:00,100.5
2025-08-24 01:00:00,95.12
2025-08-24 02:00:00,94.0
2025-08-24 03:00:00,91.63
2025-08-24 04:00:00,90.62
2025-08-24 05:00:00,90.63
2025-08-24 06:00:00,90.0
2025-08-24 07:00:00,84.8
2025-08-24 08:00:00,40.76
2025-08-24 09:00:00,0.99
2025-08-24 10:00:00,-0.01
2025-08-24 11:00:00,-0.07
2025-08-24 12:00:00,-1.98
2025-08-24 13:00:00,-7.45
2025-08-24 14:00:00,-7.4
2025-08-24 15:00:00,-0.1
2025-08-24 16:00:00,0.0
2025-08-24 17:00:00,66.66
2025-08-24 18:00:00,101.54
2025-08-24 19:00:00,110.38
2025-08-24 20:00:00,117.21
2025-08-24 21:00:00,114.32
2025-08-24 22:00:00,107.5
2025-08-24 23:00:00,100.52
2025-08-25 00:00:00,95.28
2025-08-25 01:00:00,87.03
2025-08-25 02:00:00,83.14
2025-08-25 03:00:00,80.98
2025-08-25 04:00:00,81.83
2025-08-25 05:00:00,100.97
2025-08-25 06:00:00,113.46
2025-08-25 07:00:00,122.43
2025-08-25 08:00:00,108.36
2025-08-25 09:00:00,91.97
2025-08-25 10:00:00,67.4
2025-08-25 11:00:00,35.02
2025-08-25 12:00:00,10.0
2025-08-25 13:00:00,5.93
2025-08-25 14:00:00,6.78
2025-08-25 15:00:00,25.2
2025-08-25 16:00:00,65.89
2025-08-25 17:00:00,89.43
2025-08-25 18:00:00,111.57
2025-08-25 19:00:00,155.45
2025-08-25 20:00:00,223.2
2025-08-25 21:00:00,137.03
2025-08-25 22:00:00,115.04
2025-08-25 23:00:00,105.15
2025-08-26 00:00:00,105.12
2025-08-26 01:00:00,101.33
2025-08-26 02:00:00,98.37
2025-08-26 03:00:00,96.91
2025-08-26 04:00:00,98.91
2025-08-26 05:00:00,103.94
2025-08-26 06:00:00,121.63
2025-08-26 07:00:00,121.68
2025-08-26 08:00:00,106.32
2025-08-26 09:00:00,90.0
2025-08-26 10:00:00,78.69
2025-08-26 11:00:00,71.02
2025-08-26 12:00:00,48.95
2025-08-26 13:00:00,26.28
2025-08-26 14:00:00,38.05
2025-08-26 15:00:00,73.44
2025-08-26 16:00:00,90.01
2025-08-26 17:00:00,108.15
2025-08-26 18:00:00,130.1
2025-08-26 19:00:00,189.96
2025-08-26 20:00:00,187.41
2025-08-26 21:00:00,125.98
2025-08-26 22:00:00,109.83
2025-08-26 23:00:00,100.38
2025-08-27 00:00:00,100.19
2025-08-27 01:00:00,90.37
2025-08-27 02:00:00,86.9
2025-08-27 03:00:00,88.16
2025-08-27 04:00:00,91.24
2025-08-27 05:00:00,99.08
2025-08-27 06:00:00,110.11
2025-08-27 07:00:00,115.46
2025-08-27 08:00:00,113.64
2025-08-27 09:00:00,101.63
2025-08-27 10:00:00,88.37
2025-08-27 11:00:00,91.75
2025-08-27 12:00:00,70.44
2025-08-27 13:00:00,57.62
2025-08-27 14:00:00,53.34
2025-08-27 15:00:00,77.24
2025-08-27 16:00:00,86.39
2025-08-27 17:00:00,106.58
2025-08-27 18:00:00,132.03
2025-08-27 19:00:00,213.71
2025-08-27 20:00:00,213.83
2025-08-27 21:00:00,127.29
2025-08-27 22:00:00,113.63
2025-08-27 23:00:00,103.57
2025-08-28 00:00:00,97.15
2025-08-28 01:00:00,92.05
2025-08-28 02:00:00,88.02
2025-08-28 03:00:00,88.03
2025-08-28 04:00:00,91.67
2025-08-28 05:00:00,97.8
2025-08-28 06:00:00,119.51
2025-08-28 07:00:00,130.57
2025-08-28 08:00:00,109.02
2025-08-28 09:00:00,46.9
2025-08-28 10:00:00,28.5
2025-08-28 11:00:00,19.35
2025-08-28 12:00:00,18.76
2025-08-28 13:00:00,17.65
2025-08-28 14:00:00,20.37
2025-08-28 15:00:00,48.74
2025-08-28 16:00:00,88.73
2025-08-28 17:00:00,121.97
2025-08-28 18:00:00,151.18
2025-08-28 19:00:00,178.48
2025-08-28 20:00:00,148.18
2025-08-28 21:00:00,121.87
2025-08-28 22:00:00,106.4
2025-08-28 23:00:00,91.41
2025-08-29 00:00:00,85.22
2025-08-29 01:00:00,85.74
2025-08-29 02:00:00,85.5
2025-08-29 03:00:00,85.59
2025-08-29 04:00:00,87.8
2025-08-29 05:00:00,96.1
2025-08-29 06:00:00,110.86
2025-08-29 07:00:00,116.37
2025-08-29 08:00:00,114.2
2025-08-29 09:00:00,106.83
2025-08-29 10:00:00,92.5
2025-08-29 11:00:00,106.63
2025-08-29 12:00:00,93.53
2025-08-29 13:00:00,64.24
2025-08-29 14:00:00,64.67
2025-08-29 15:00:00,79.09
2025-08-29 16:00:00,90.74
2025-08-29 17:00:00,111.67
2025-08-29 18:00:00,137.26
2025-08-29 19:00:00,158.91
2025-08-29 20:00:00,157.19
2025-08-29 21:00:00,125.19
2025-08-29 22:00:00,103.16
2025-08-29 23:00:00,92.37
2025-08-30 00:00:00,93.73
2025-08-30 01:00:00,88.14
2025-08-30 02:00:00,84.47
2025-08-30 03:00:00,81.51
2025-08-30 04:00:00,85.48
2025-08-30 05:00:00,90.57
2025-08-30 06:00:00,93.45
2025-08-30 07:00:00,95.87
2025-08-30 08:00:00,88.84
2025-08-30 09:00:00,81.01
2025-08-30 10:00:00,37.75
2025-08-30 11:00:00,5.23
2025-08-30 12:00:00,0.0
2025-08-30 13:00:00,0.0
2025-08-30 14:00:00,0.0
2025-08-30 15:00:00,6.61
2025-08-30 16:00:00,48.89
2025-08-30 17:00:00,100.1
2025-08-30 18:00:00,116.4
2025-08-30 19:00:00,126.18
2025-08-30 20:00:00,130.98
2025-08-30 21:00:00,117.37
2025-08-30 22:00:00,103.11
2025-08-30 23:00:00,87.89
2025-08-31 00:00:00,84.82
2025-08-31 01:00:00,75.22
2025-08-31 02:00:00,67.27
2025-08-31 03:00:00,63.71
2025-08-31 04:00:00,60.57
2025-08-31 05:00:00,67.92
2025-08-31 06:00:00,68.48
2025-08-31 07:00:00,65.02
2025-08-31 08:00:00,22.31
2025-08-31 09:00:00,5.32
2025-08-31 10:00:00,0.0
2025-08-31 11:00:00,-0.01
2025-08-31 12:00:00,-0.1
2025-08-31 13:00:00,-0.98
2025-08-31 14:00:00,-0.6
2025-08-31 15:00:00,0.0
2025-08-31 16:00:00,26.83
2025-08-31 17:00:00,84.33
2025-08-31 18:00:00,117.84
2025-08-31 19:00:00,137.1
2025-08-31 20:00:00,133.73
2025-08-31 21:00:00,115.06
2025-08-31 22:00:00,103.05
2025-08-31 23:00:00,91.86
2025-09-01 00:00:00,87.54
2025-09-01 01:00:00,86.44
2025-09-01 02:00:00,85.52
2025-09-01 03:00:00,84.55
2025-09-01 04:00:00,86.18
2025-09-01 05:00:00,96.71
2025-09-01 06:00:00,118.75
2025-09-01 07:00:00,126.44
2025-09-01 08:00:00,110.59
2025-09-01 09:00:00,99.64
2025-09-01 10:00:00,77.22
2025-09-01 11:00:00,66.54
2025-09-01 12:00:00,39.61
2025-09-01 13:00:00,23.96
2025-09-01 14:00:00,40.94
2025-09-01 15:00:00,70.25
2025-09-01 16:00:00,84.1
2025-09-01 17:00:00,110.87
2025-09-01 18:00:00,162.79
2025-09-01 19:00:00,232.47
2025-09-01 20:00:00,207.06
2025-09-01 21:00:00,123.89
2025-09-01 22:00:00,110.02
2025-09-01 23:00:00,98.03
2025-09-02 00:00:00,90.35
2025-09-02 01:00:00,86.67
2025-09-02 02:00:00,88.58
2025-09-02 03:00:00,89.48
2025-09-02 04:00:00,91.83
2025-09-02 05:00:00,102.14
2025-09-02 06:00:00,124.89
2025-09-02 07:00:00,146.11
2025-09-02 08:00:00,144.04
2025-09-02 09:00:00,111.79
2025-09-02 10:00:00,71.74
2025-09-02 11:00:00,70.31
2025-09-02 12:00:00,68.32
2025-09-02 13:00:00,70.8
2025-09-02 14:00:00,73.64
2025-09-02 15:00:00,79.24
2025-09-02 16:00:00,97.7
2025-09-02 17:00:00,119.2
2025-09-02 18:00:00,168.99
2025-09-02 19:00:00,292.65
2025-09-02 20:00:00,248.89
2025-09-02 21:00:00,133.49
2025-09-02 22:00:00,106.18
2025-09-02 23:00:00,91.54
2025-09-03 00:00:00,101.76
2025-09-03 01:00:00,86.08
2025-09-03 02:00:00,82.66
2025-09-03 03:00:00,77.31
2025-09-03 04:00:00,80.82
2025-09-03 05:00:00,97.92
2025-09-03 06:00:00,123.57
2025-09-03 07:00:00,122.88
2025-09-03 08:00:00,107.6
2025-09-03 09:00:00,82.47
2025-09-03 10:00:00,36.35
2025-09-03 11:00:00,8.11
2025-09-03 12:00:00,6.2
2025-09-03 13:00:00,5.83
2025-09-03 14:00:00,10.3
2025-09-03 15:00:00,43.89
2025-09-03 16:00:00,88.45
2025-09-03 17:00:00,106.1
2025-09-03 18:00:00,138.6
2025-09-03 19:00:00,215.25
2025-09-03 20:00:00,184.45
2025-09-03 21:00:00,122.39
2025-09-03 22:00:00,88.37
2025-09-03 23:00:00,95.39
2025-09-04 00:00:00,73.01
2025-09-04 01:00:00,53.09
2025-09-04 02:00:00,50.64
2025-09-04 03:00:00,53.95
2025-09-04 04:00:00,71.58
2025-09-04 05:00:00,94.76
2025-09-04 06:00:00,121.38
2025-09-04 07:00:00,121.76
2025-09-04 08:00:00,108.73
2025-09-04 09:00:00,75.76
2025-09-04 10:00:00,40.11
2025-09-04 11:00:00,5.79
2025-09-04 12:00:00,3.2
2025-09-04 13:00:00,3.27
2025-09-04 14:00:00,32.99
2025-09-04 15:00:00,67.02
2025-09-04 16:00:00,95.24
2025-09-04 17:00:00,132.68
2025-09-04 18:00:00,183.0
2025-09-04 19:00:00,325.57
2025-09-04 20:00:00,250.73
2025-09-04 21:00:00,135.63
2025-09-04 22:00:00,110.36
2025-09-04 23:00:00,104.07
2025-09-05 00:00:00,98.35
2025-09-05 01:00:00,86.4
2025-09-05 02:00:00,83.93
2025-09-05 03:00:00,83.3
2025-09-05 04:00:00,83.36
2025-09-05 05:00:00,95.64
2025-09-05 06:00:00,116.5
2025-09-05 07:00:00,129.5
2025-09-05 08:00:00,123.41
2025-09-05 09:00:00,101.45
2025-09-05 10:00:00,90.45
2025-09-05 11:00:00,87.94
2025-09-05 12:00:00,81.44
2025-09-05 13:00:00,74.93
2025-09-05 14:00:00,73.41
2025-09-05 15:00:00,80.6
2025-09-05 16:00:00,97.04
2025-09-05 17:00:00,131.86
2025-09-05 18:00:00,149.86
2025-09-05 19:00:00,171.17
2025-09-05 20:00:00,160.05
2025-09-05 21:00:00,123.13
2025-09-05 22:00:00,114.33
2025-09-05 23:00:00,102.15
2025-09-06 00:00:00,102.17
2025-09-06 01:00:00,102.14
2025-09-06 02:00:00,101.68
2025-09-06 03:00:00,100.62
2025-09-06 04:00:00,99.72
2025-09-06 05:00:00,100.64
2025-09-06 06:00:00,99.02
2025-09-06 07:00:00,97.08
2025-09-06 08:00:00,98.04
2025-09-06 09:00:00,81.72
2025-09-06 10:00:00,11.74
2025-09-06 11:00:00,0.0
2025-09-06 12:00:00,-0.02
2025-09-06 13:00:00,-0.86
2025-09-06 14:00:00,-0.99
2025-09-06 15:00:00,-0.01
2025-09-06 16:00:00,43.86
2025-09-06 17:00:00,95.69
2025-09-06 18:00:00,128.28
2025-09-06 19:00:00,174.68
2025-09-06 20:00:00,152.2
2025-09-06 21:00:00,115.13
2025-09-06 22:00:00,112.71
2025-09-06 23:00:00,83.04
2025-09-07 00:00:00,85.33
2025-09-07 01:00:00,81.66
2025-09-07 02:00:00,77.53
2025-09-07 03:00:00,80.06
2025-09-07 04:00:00,79.57
2025-09-07 05:00:00,79.36
2025-09-07 06:00:00,77.87
2025-09-07 07:00:00,53.32
2025-09-07 08:00:00,0.0
2025-09-07 09:00:00,-0.09
2025-09-07 10:00:00,-4.0
2025-09-07 11:00:00,-20.09
2025-09-07 12:00:00,-40.02
2025-09-07 13:00:00,-53.4
2025-09-07 14:00:00,-43.88
2025-09-07 15:00:00,-20.21
2025-09-07 16:00:00,-3.16
2025-09-07 17:00:00,42.22
2025-09-07 18:00:00,118.3
2025-09-07 19:00:00,151.86
2025-09-07 20:00:00,151.92
2025-09-07 21:00:00,123.72
2025-09-07 22:00:00,109.48
2025-09-07 23:00:00,97.3
2025-09-08 00:00:00,88.54
2025-09-08 01:00:00,87.08
2025-09-08 02:00:00,86.33
2025-09-08 03:00:00,85.86
2025-09-08 04:00:00,87.42
2025-09-08 05:00:00,100.05
2025-09-08 06:00:00,134.04
2025-09-08 07:00:00,149.81
2025-09-08 08:00:00,124.34
2025-09-08 09:00:00,101.79
2025-09-08 10:00:00,85.84
2025-09-08 11:00:00,77.23
2025-09-08 12:00:00,66.37
2025-09-08 13:00:00,61.82
2025-09-08 14:00:00,71.08
2025-09-08 15:00:00,80.73
2025-09-08 16:00:00,102.4
2025-09-08 17:00:00,138.44
2025-09-08 18:00:00,223.83
2025-09-08 19:00:00,417.98
2025-09-08 20:00:00,316.7
2025-09-08 21:00:00,149.43
2025-09-08 22:00:00,110.49
2025-09-08 23:00:00,100.62
2025-09-09 00:00:00,98.33
2025-09-09 01:00:00,105.23
2025-09-09 02:00:00,100.84
2025-09-09 03:00:00,97.56
2025-09-09 04:00:00,95.9
2025-09-09 05:00:00,106.98
2025-09-09 06:00:00,182.39
2025-09-09 07:00:00,286.79
2025-09-09 08:00:00,189.98
2025-09-09 09:00:00,123.8
2025-09-09 10:00:00,103.11
2025-09-09 11:00:00,95.51
2025-09-09 12:00:00,84.43
2025-09-09 13:00:00,84.32
2025-09-09 14:00:00,88.55
2025-09-09 15:00:00,96.22
2025-09-09 16:00:00,107.23
2025-09-09 17:00:00,140.61
2025-09-09 18:00:00,206.74
2025-09-09 19:00:00,391.82
2025-09-09 20:00:00,224.79
2025-09-09 21:00:00,130.02
2025-09-09 22:00:00,106.19
2025-09-09 23:00:00,99.34
2025-09-10 00:00:00,102.27
2025-09-10 01:00:00,99.53
2025-09-10 02:00:00,97.09
2025-09-10 03:00:00,97.68
2025-09-10 04:00:00,97.01
2025-09-10 05:00:00,105.9
2025-09-10 06:00:00,131.66
2025-09-10 07:00:00,213.34
2025-09-10 08:00:00,159.99
2025-09-10 09:00:00,120.64
2025-09-10 10:00:00,114.11
2025-09-10 11:00:00,112.4
2025-09-10 12:00:00,99.66
2025-09-10 13:00:00,93.95
2025-09-10 14:00:00,79.89
2025-09-10 15:00:00,98.94
2025-09-10 16:00:00,113.42
2025-09-10 17:00:00,132.55
2025-09-10 18:00:00,177.27
2025-09-10 19:00:00,276.46
2025-09-10 20:00:00,176.59
2025-09-10 21:00:00,121.25
2025-09-10 22:00:00,98.94
2025-09-10 23:00:00,79.29
2025-09-11 00:00:00,82.06
2025-09-11 01:00:00,80.32
2025-09-11 02:00:00,73.4
2025-09-11 03:00:00,60.68
2025-09-11 04:00:00,57.97
2025-09-11 05:00:00,55.65
2025-09-11 06:00:00,92.61
2025-09-11 07:00:00,134.17
2025-09-11 08:00:00,120.82
2025-09-11 09:00:00,106.28
2025-09-11 10:00:00,77.3
2025-09-11 11:00:00,71.07
2025-09-11 12:00:00,77.44
2025-09-11 13:00:00,72.96
2025-09-11 14:00:00,68.71
2025-09-11 15:00:00,66.26
2025-09-11 16:00:00,71.08
2025-09-11 17:00:00,121.32
2025-09-11 18:00:00,164.13
2025-09-11 19:00:00,237.01
2025-09-11 20:00:00,170.94
2025-09-11 21:00:00,113.09
2025-09-11 22:00:00,88.68
2025-09-11 23:00:00,87.86
2025-09-12 00:00:00,51.07
2025-09-12 01:00:00,41.3
2025-09-12 02:00:00,37.39
2025-09-12 03:00:00,37.34
2025-09-12 04:00:00,42.64
2025-09-12 05:00:00,79.82
2025-09-12 06:00:00,121.64
2025-09-12 07:00:00,130.72
2025-09-12 08:00:00,116.42
2025-09-12 09:00:00,92.68
2025-09-12 10:00:00,58.95
2025-09-12 11:00:00,50.44
2025-09-12 12:00:00,42.44
2025-09-12 13:00:00,46.93
2025-09-12 14:00:00,56.32
2025-09-12 15:00:00,76.99
2025-09-12 16:00:00,92.55
2025-09-12 17:00:00,136.99
2025-09-12 18:00:00,159.62
2025-09-12 19:00:00,229.2
2025-09-12 20:00:00,173.04
2025-09-12 21:00:00,121.77
2025-09-12 22:00:00,103.61
2025-09-12 23:00:00,99.05
2025-09-13 00:00:00,99.47
2025-09-13 01:00:00,83.17
2025-09-13 02:00:00,71.13
2025-09-13 03:00:00,72.69
2025-09-13 04:00:00,83.77
2025-09-13 05:00:00,87.65
2025-09-13 06:00:00,94.0
2025-09-13 07:00:00,80.28
2025-09-13 08:00:00,70.1
2025-09-13 09:00:00,55.12
2025-09-13 10:00:00,14.1
2025-09-13 11:00:00,2.37
2025-09-13 12:00:00,0.0
2025-09-13 13:00:00,0.0
2025-09-13 14:00:00,0.0
2025-09-13 15:00:00,0.01
2025-09-13 16:00:00,57.64
2025-09-13 17:00:00,127.45
2025-09-13 18:00:00,135.96
2025-09-13 19:00:00,153.54
2025-09-13 20:00:00,133.89
2025-09-13 21:00:00,113.3
2025-09-13 22:00:00,100.68
2025-09-13 23:00:00,89.08
2025-09-14 00:00:00,84.27
2025-09-14 01:00:00,75.46
2025-09-14 02:00:00,77.46
2025-09-14 03:00:00,82.6
2025-09-14 04:00:00,90.01
2025-09-14 05:00:00,96.91
2025-09-14 06:00:00,96.5
2025-09-14 07:00:00,100.58
2025-09-14 08:00:00,105.36
2025-09-14 09:00:00,86.61
2025-09-14 10:00:00,60.75
2025-09-14 11:00:00,17.77
2025-09-14 12:00:00,6.64
2025-09-14 13:00:00,0.0
2025-09-14 14:00:00,-0.01
2025-09-14 15:00:00,0.0
2025-09-14 16:00:00,19.82
2025-09-14 17:00:00,94.05
2025-09-14 18:00:00,126.39
2025-09-14 19:00:00,153.3
2025-09-14 20:00:00,126.73
2025-09-14 21:00:00,93.77
2025-09-14 22:00:00,80.37
2025-09-14 23:00:00,35.05
2025-09-15 00:00:00,39.01
2025-09-15 01:00:00,38.07
2025-09-15 02:00:00,27.25
2025-09-15 03:00:00,26.08
2025-09-15 04:00:00,25.01
2025-09-15 05:00:00,61.91
2025-09-15 06:00:00,159.56
2025-09-15 07:00:00,162.58
2025-09-15 08:00:00,121.38
2025-09-15 09:00:00,61.05
2025-09-15 10:00:00,12.36
2025-09-15 11:00:00,9.24
2025-09-15 12:00:00,9.43
2025-09-15 13:00:00,10.74
2025-09-15 14:00:00,11.63
2025-09-15 15:00:00,31.95
2025-09-15 16:00:00,84.92
2025-09-15 17:00:00,85.2
2025-09-15 18:00:00,140.0
2025-09-15 19:00:00,101.57
2025-09-15 20:00:00,101.72
2025-09-15 21:00:00,98.72
2025-09-15 22:00:00,69.71
2025-09-15 23:00:00,9.48
2025-09-16 00:00:00,47.56
2025-09-16 01:00:00,58.49
2025-09-16 02:00:00,63.4
2025-09-16 03:00:00,77.12
2025-09-16 04:00:00,73.94
2025-09-16 05:00:00,62.83
2025-09-16 06:00:00,118.66
2025-09-16 07:00:00,133.53
2025-09-16 08:00:00,125.01
2025-09-16 09:00:00,95.46
2025-09-16 10:00:00,80.87
2025-09-16 11:00:00,52.97
2025-09-16 12:00:00,66.91
2025-09-16 13:00:00,59.72
2025-09-16 14:00:00,59.46
2025-09-16 15:00:00,87.25
2025-09-16 16:00:00,120.79
2025-09-16 17:00:00,186.56
2025-09-16 18:00:00,78.96
2025-09-16 19:00:00,146.24
2025-09-16 20:00:00,100.88
2025-09-16 21:00:00,79.9
2025-09-16 22:00:00,84.63
2025-09-16 23:00:00,62.82
2025-09-17 00:00:00,65.61
2025-09-17 01:00:00,63.53
2025-09-17 02:00:00,50.97
2025-09-17 03:00:00,47.53
2025-09-17 04:00:00,55.92
2025-09-17 05:00:00,60.01
2025-09-17 06:00:00,122.11
2025-09-17 07:00:00,129.32
2025-09-17 08:00:00,112.67
2025-09-17 09:00:00,93.96
2025-09-17 10:00:00,68.99
2025-09-17 11:00:00,43.54
2025-09-17 12:00:00,12.21
2025-09-17 13:00:00,8.63
2025-09-17 14:00:00,12.0
2025-09-17 15:00:00,46.74
2025-09-17 16:00:00,84.71
2025-09-17 17:00:00,105.51
2025-09-17 18:00:00,130.77
2025-09-17 19:00:00,209.1
2025-09-17 20:00:00,153.39
2025-09-17 21:00:00,105.38
2025-09-17 22:00:00,97.81
2025-09-17 23:00:00,75.81
2025-09-18 00:00:00,57.64
2025-09-18 01:00:00,49.75
2025-09-18 02:00:00,39.04
2025-09-18 03:00:00,39.13
2025-09-18 04:00:00,49.76
2025-09-18 05:00:00,76.74
2025-09-18 06:00:00,120.41
2025-09-18 07:00:00,117.81
2025-09-18 08:00:00,115.48
2025-09-18 09:00:00,92.4
2025-09-18 10:00:00,67.15
2025-09-18 11:00:00,6.03
2025-09-18 12:00:00,0.2
2025-09-18 13:00:00,0.0
2025-09-18 14:00:00,0.0
2025-09-18 15:00:00,0.54
2025-09-18 16:00:00,80.06
2025-09-18 17:00:00,143.22
2025-09-18 18:00:00,166.48
2025-09-18 19:00:00,271.9
2025-09-18 20:00:00,161.18
2025-09-18 21:00:00,110.0
2025-09-18 22:00:00,104.28
2025-09-18 23:00:00,88.2
2025-09-19 00:00:00,74.09
2025-09-19 01:00:00,72.15
2025-09-19 02:00:00,70.42
2025-09-19 03:00:00,70.0
2025-09-19 04:00:00,70.02
2025-09-19 05:00:00,88.08
2025-09-19 06:00:00,119.45
2025-09-19 07:00:00,141.47
2025-09-19 08:00:00,117.2
2025-09-19 09:00:00,91.4
2025-09-19 10:00:00,52.63
2025-09-19 11:00:00,13.26
2025-09-19 12:00:00,0.99
2025-09-19 13:00:00,0.0
2025-09-19 14:00:00,0.0
2025-09-19 15:00:00,11.97
2025-09-19 16:00:00,78.34
2025-09-19 17:00:00,117.3
2025-09-19 18:00:00,255.21
2025-09-19 19:00:00,409.24
2025-09-19 20:00:00,165.66
2025-09-19 21:00:00,109.8
2025-09-19 22:00:00,101.84
2025-09-19 23:00:00,80.92
2025-09-20 00:00:00,91.92
2025-09-20 01:00:00,82.02
2025-09-20 02:00:00,78.37
2025-09-20 03:00:00,78.23
2025-09-20 04:00:00,78.19
2025-09-20 05:00:00,84.01
2025-09-20 06:00:00,92.4
2025-09-20 07:00:00,91.03
2025-09-20 08:00:00,78.9
2025-09-20 09:00:00,24.91
2025-09-20 10:00:00,0.23
2025-09-20 11:00:00,-1.35
2025-09-20 12:00:00,-8.42
2025-09-20 13:00:00,-10.11
2025-09-20 14:00:00,-4.5
2025-09-20 15:00:00,0.13
2025-09-20 16:00:00,29.85
2025-09-20 17:00:00,99.36
2025-09-20 18:00:00,129.94
2025-09-20 19:00:00,139.9
2025-09-20 20:00:00,104.59
2025-09-20 21:00:00,84.14
2025-09-20 22:00:00,76.11
2025-09-20 23:00:00,49.76
2025-09-21 00:00:00,-5.51
2025-09-21 01:00:00,-3.76
2025-09-21 02:00:00,1.05
2025-09-21 03:00:00,-1.37
2025-09-21 04:00:00,-0.26
2025-09-21 05:00:00,-4.53
2025-09-21 06:00:00,4.41
2025-09-21 07:00:00,5.23
2025-09-21 08:00:00,3.23
2025-09-21 09:00:00,0.07
2025-09-21 10:00:00,-0.62
2025-09-21 11:00:00,-9.22
2025-09-21 12:00:00,-13.8
2025-09-21 13:00:00,-14.06
2025-09-21 14:00:00,-3.1
2025-09-21 15:00:00,-0.14
2025-09-21 16:00:00,9.47
2025-09-21 17:00:00,90.65
2025-09-21 18:00:00,107.91
2025-09-21 19:00:00,118.64
2025-09-21 20:00:00,116.33
2025-09-21 21:00:00,101.86
2025-09-21 22:00:00,98.38
2025-09-21 23:00:00,88.38
2025-09-22 00:00:00,82.06
2025-09-22 01:00:00,78.46
2025-09-22 02:00:00,75.0
2025-09-22 03:00:00,74.29
2025-09-22 04:00:00,74.75
2025-09-22 05:00:00,89.0
2025-09-22 06:00:00,118.7
2025-09-22 07:00:00,129.86
2025-09-22 08:00:00,128.47
2025-09-22 09:00:00,104.14
2025-09-22 10:00:00,76.7
2025-09-22 11:00:00,33.22
2025-09-22 12:00:00,55.95
2025-09-22 13:00:00,36.57
2025-09-22 14:00:00,57.59
2025-09-22 15:00:00,73.49
2025-09-22 16:00:00,90.46
2025-09-22 17:00:00,135.47
2025-09-22 18:00:00,153.29
2025-09-22 19:00:00,275.96
2025-09-22 20:00:00,155.86
2025-09-22 21:00:00,114.01
2025-09-22 22:00:00,102.96
2025-09-22 23:00:00,94.1
2025-09-23 00:00:00,85.12
2025-09-23 01:00:00,83.98
2025-09-23 02:00:00,83.26
2025-09-23 03:00:00,83.17
2025-09-23 04:00:00,86.71
2025-09-23 05:00:00,102.41
2025-09-23 06:00:00,129.96
2025-09-23 07:00:00,173.19
2025-09-23 08:00:00,158.59
2025-09-23 09:00:00,118.52
2025-09-23 10:00:00,88.32
2025-09-23 11:00:00,91.38
2025-09-23 12:00:00,83.13
2025-09-23 13:00:00,80.16
2025-09-23 14:00:00,79.33
2025-09-23 15:00:00,90.8
2025-09-23 16:00:00,113.43
2025-09-23 17:00:00,150.14
2025-09-23 18:00:00,175.3
2025-09-23 19:00:00,306.74
2025-09-23 20:00:00,158.95
2025-09-23 21:00:00,114.81
2025-09-23 22:00:00,101.32
2025-09-23 23:00:00,95.97
2025-09-24 00:00:00,81.51
2025-09-24 01:00:00,72.35
2025-09-24 02:00:00,71.64
2025-09-24 03:00:00,70.11
2025-09-24 04:00:00,61.38
2025-09-24 05:00:00,80.32
2025-09-24 06:00:00,120.69
2025-09-24 07:00:00,136.26
2025-09-24 08:00:00,119.93
2025-09-24 09:00:00,99.56
2025-09-24 10:00:00,79.49
2025-09-24 11:00:00,63.73
2025-09-24 12:00:00,54.94
2025-09-24 13:00:00,55.35
2025-09-24 14:00:00,72.43
2025-09-24 15:00:00,86.93
2025-09-24 16:00:00,102.49
2025-09-24 17:00:00,88.41
2025-09-24 18:00:00,103.28
2025-09-24 19:00:00,168.65
2025-09-24 20:00:00,118.09
2025-09-24 21:00:00,93.89
2025-09-24 22:00:00,82.39
2025-09-24 23:00:00,64.92
2025-09-25 00:00:00,72.83
2025-09-25 01:00:00,70.41
2025-09-25 02:00:00,66.67
2025-09-25 03:00:00,65.95
2025-09-25 04:00:00,68.71
2025-09-25 05:00:00,80.23
2025-09-25 06:00:00,109.7
2025-09-25 07:00:00,128.97
2025-09-25 08:00:00,124.72
2025-09-25 09:00:00,91.82
2025-09-25 10:00:00,67.57
2025-09-25 11:00:00,120.28
2025-09-25 12:00:00,114.15
2025-09-25 13:00:00,65.81
2025-09-25 14:00:00,69.13
2025-09-25 15:00:00,91.69
2025-09-25 16:00:00,104.08
2025-09-25 17:00:00,122.72
2025-09-25 18:00:00,113.36
2025-09-25 19:00:00,146.82
2025-09-25 20:00:00,123.52
2025-09-25 21:00:00,108.46
2025-09-25 22:00:00,98.71
2025-09-25 23:00:00,81.09
2025-09-26 00:00:00,78.48
2025-09-26 01:00:00,75.14
2025-09-26 02:00:00,73.18
2025-09-26 03:00:00,73.23
2025-09-26 04:00:00,75.26
2025-09-26 05:00:00,82.51
2025-09-26 06:00:00,116.6
2025-09-26 07:00:00,122.86
2025-09-26 08:00:00,125.21
2025-09-26 09:00:00,119.8
2025-09-26 10:00:00,109.59
2025-09-26 11:00:00,105.0
2025-09-26 12:00:00,103.95
2025-09-26 13:00:00,97.88
2025-09-26 14:00:00,96.32
2025-09-26 15:00:00,95.0
2025-09-26 16:00:00,101.08
2025-09-26 17:00:00,111.63
2025-09-26 18:00:00,123.9
2025-09-26 19:00:00,132.96
2025-09-26 20:00:00,119.61
2025-09-26 21:00:00,106.21
2025-09-26 22:00:00,96.9
2025-09-26 23:00:00,89.9
2025-09-27 00:00:00,85.03
2025-09-27 01:00:00,84.17
2025-09-27 02:00:00,83.86
2025-09-27 03:00:00,83.83
2025-09-27 04:00:00,86.92
2025-09-27 05:00:00,90.87
2025-09-27 06:00:00,89.58
2025-09-27 07:00:00,103.48
2025-09-27 08:00:00,108.49
2025-09-27 09:00:00,97.55
2025-09-27 10:00:00,90.67
2025-09-27 11:00:00,79.6
2025-09-27 12:00:00,63.94
2025-09-27 13:00:00,37.13
2025-09-27 14:00:00,50.22
2025-09-27 15:00:00,81.11
2025-09-27 16:00:00,96.64
2025-09-27 17:00:00,112.91
2025-09-27 18:00:00,133.07
2025-09-27 19:00:00,147.18
2025-09-27 20:00:00,118.97
2025-09-27 21:00:00,110.59
2025-09-27 22:00:00,105.42
2025-09-27 23:00:00,96.91
2025-09-28 00:00:00,99.32
2025-09-28 01:00:00,97.12
2025-09-28 02:00:00,93.57
2025-09-28 03:00:00,91.77
2025-09-28 04:00:00,93.88
2025-09-28 05:00:00,95.26
2025-09-28 06:00:00,97.77
2025-09-28 07:00:00,103.1
2025-09-28 08:00:00,96.49
2025-09-28 09:00:00,89.29
2025-09-28 10:00:00,84.47
2025-09-28 11:00:00,37.9
2025-09-28 12:00:00,17.11
2025-09-28 13:00:00,8.53
2025-09-28 14:00:00,13.0
2025-09-28 15:00:00,64.25
2025-09-28 16:00:00,92.39
2025-09-28 17:00:00,95.45
2025-09-28 18:00:00,131.9
2025-09-28 19:00:00,144.54
2025-09-28 20:00:00,129.32
2025-09-28 21:00:00,103.32
2025-09-28 22:00:00,100.56
2025-09-28 23:00:00,97.41
2025-09-29 00:00:00,93.25
2025-09-29 01:00:00,91.2
2025-09-29 02:00:00,90.4
2025-09-29 03:00:00,90.66
2025-09-29 04:00:00,90.7
2025-09-29 05:00:00,100.92
2025-09-29 06:00:00,130.03
2025-09-29 07:00:00,212.21
2025-09-29 08:00:00,161.17
2025-09-29 09:00:00,118.76
2025-09-29 10:00:00,91.55
2025-09-29 11:00:00,86.91
2025-09-29 12:00:00,80.66
2025-09-29 13:00:00,79.22
2025-09-29 14:00:00,86.2
2025-09-29 15:00:00,90.05
2025-09-29 16:00:00,106.56
2025-09-29 17:00:00,145.62
2025-09-29 18:00:00,274.59
2025-09-29 19:00:00,402.21
2025-09-29 20:00:00,161.26
2025-09-29 21:00:00,118.1
2025-09-29 22:00:00,101.28
2025-09-29 23:00:00,91.08
2025-09-30 00:00:00,100.97
2025-09-30 01:00:00,96.88
2025-09-30 02:00:00,96.91
2025-09-30 03:00:00,97.46
2025-09-30 04:00:00,99.01
2025-09-30 05:00:00,103.1
2025-09-30 06:00:00,137.47
2025-09-30 07:00:00,253.55
2025-09-30 08:00:00,209.23
2025-09-30 09:00:00,137.66
2025-09-30 10:00:00,117.65
2025-09-30 11:00:00,99.62
2025-09-30 12:00:00,91.17
2025-09-30 13:00:00,90.2
2025-09-30 14:00:00,92.55
2025-09-30 15:00:00,100.24
2025-09-30 16:00:00,134.72
2025-09-30 17:00:00,185.03
2025-09-30 18:00:00,258.18
2025-09-30 19:00:00,369.21
2025-09-30 20:00:00,124.59
2025-09-30 21:00:00,101.4
2025-09-30 22:00:00,97.02
2025-09-30 23:00:00,91.7
2025-10-01 00:00:00,99.26
2025-10-01 01:00:00,89.37
2025-10-01 02:00:00,83.72
2025-10-01 03:00:00,90.22
2025-10-01 04:00:00,88.55
2025-10-01 05:00:00,87.51
2025-10-01 06:00:00,99.89
2025-10-01 07:00:00,162.89
2025-10-01 08:00:00,196.28
2025-10-01 09:00:00,138.57
2025-10-01 10:00:00,103.35
2025-10-01 11:00:00,95.88
2025-10-01 12:00:00,84.2
2025-10-01 13:00:00,80.59
2025-10-01 14:00:00,81.27
2025-10-01 15:00:00,88.72
2025-10-01 16:00:00,91.94
2025-10-01 17:00:00,95.14
2025-10-01 18:00:00,147.78
2025-10-01 19:00:00,396.77
2025-10-01 20:00:00,214.09
2025-10-01 21:00:00,130.05
2025-10-01 22:00:00,109.57
2025-10-01 23:00:00,94.92
2025-10-02 00:00:00,99.72
2025-10-02 01:00:00,95.52
2025-10-02 02:00:00,86.8
2025-10-02 03:00:00,92.26
2025-10-02 04:00:00,91.0
2025-10-02 05:00:00,87.44
2025-10-02 06:00:00,96.59
2025-10-02 07:00:00,168.93
2025-10-02 08:00:00,187.64
2025-10-02 09:00:00,121.39
2025-10-02 10:00:00,102.33
2025-10-02 11:00:00,93.2
2025-10-02 12:00:00,80.29
2025-10-02 13:00:00,68.08
2025-10-02 14:00:00,73.54
2025-10-02 15:00:00,72.74
2025-10-02 16:00:00,83.88
2025-10-02 17:00:00,96.91
2025-10-02 18:00:00,133.11
2025-10-02 19:00:00,236.78
2025-10-02 20:00:00,167.79
2025-10-02 21:00:00,127.73
2025-10-02 22:00:00,115.36
2025-10-02 23:00:00,106.73
2025-10-03 00:00:00,95.64
2025-10-03 01:00:00,85.61
2025-10-03 02:00:00,80.84
2025-10-03 03:00:00,63.4
2025-10-03 04:00:00,73.63
2025-10-03 05:00:00,86.16
2025-10-03 06:00:00,102.27
2025-10-03 07:00:00,153.43
2025-10-03 08:00:00,145.27
2025-10-03 09:00:00,116.98
2025-10-03 10:00:00,100.95
2025-10-03 11:00:00,50.28
2025-10-03 12:00:00,33.95
2025-10-03 13:00:00,24.1
2025-10-03 14:00:00,16.34
2025-10-03 15:00:00,32.79
2025-10-03 16:00:00,83.84
2025-10-03 17:00:00,97.79
2025-10-03 18:00:00,130.5
2025-10-03 19:00:00,163.91
2025-10-03 20:00:00,157.54
2025-10-03 21:00:00,130.35
2025-10-03 22:00:00,93.54
2025-10-03 23:00:00,96.37
2025-10-04 00:00:00,114.26
2025-10-04 01:00:00,91.71
2025-10-04 02:00:00,74.75
2025-10-04 03:00:00,49.56
2025-10-04 04:00:00,48.13
2025-10-04 05:00:00,5.07
2025-10-04 06:00:00,2.35
2025-10-04 07:00:00,39.11
2025-10-04 08:00:00,49.57
2025-10-04 09:00:00,62.97
2025-10-04 10:00:00,43.56
2025-10-04 11:00:00,2.49
2025-10-04 12:00:00,0.9
2025-10-04 13:00:00,1.63
2025-10-04 14:00:00,4.41
2025-10-04 15:00:00,13.34
2025-10-04 16:00:00,32.08
2025-10-04 17:00:00,29.6
2025-10-04 18:00:00,10.96
2025-10-04 19:00:00,34.11
2025-10-04 20:00:00,67.52
2025-10-04 21:00:00,38.93
2025-10-04 22:00:00,47.67
2025-10-04 23:00:00,8.36
2025-10-05 00:00:00,22.43
2025-10-05 01:00:00,13.55
2025-10-05 02:00:00,-1.07
2025-10-05 03:00:00,-0.02
2025-10-05 04:00:00,-1.13
2025-10-05 05:00:00,-0.72
2025-10-05 06:00:00,-1.64
2025-10-05 07:00:00,-2.02
2025-10-05 08:00:00,47.32
2025-10-05 09:00:00,29.15
2025-10-05 10:00:00,11.57
2025-10-05 11:00:00,13.42
2025-10-05 12:00:00,23.29
2025-10-05 13:00:00,6.07
2025-10-05 14:00:00,-0.09
2025-10-05 15:00:00,0.07
2025-10-05 16:00:00,2.0
2025-10-05 17:00:00,-3.16
2025-10-05 18:00:00,92.56
2025-10-05 19:00:00,106.59
2025-10-05 20:00:00,153.35
2025-10-05 21:00:00,82.1
2025-10-05 22:00:00,78.41
2025-10-05 23:00:00,94.0
2025-10-06 00:00:00,68.07
2025-10-06 01:00:00,70.1
2025-10-06 02:00:00,67.0
2025-10-06 03:00:00,34.84
2025-10-06 04:00:00,12.42
2025-10-06 05:00:00,1.51
2025-10-06 06:00:00,17.26
2025-10-06 07:00:00,68.5
2025-10-06 08:00:00,76.35
2025-10-06 09:00:00,126.25
2025-10-06 10:00:00,114.76
2025-10-06 11:00:00,101.37
2025-10-06 12:00:00,86.31
2025-10-06 13:00:00,121.6
2025-10-06 14:00:00,90.0
2025-10-06 15:00:00,95.38
2025-10-06 16:00:00,102.93
2025-10-06 17:00:00,103.35
2025-10-06 18:00:00,95.27
2025-10-06 19:00:00,126.63
2025-10-06 20:00:00,130.01
2025-10-06 21:00:00,125.96
2025-10-06 22:00:00,138.62
2025-10-06 23:00:00,112.33
2025-10-07 00:00:00,105.51
2025-10-07 01:00:00,100.0
2025-10-07 02:00:00,91.62
2025-10-07 03:00:00,88.86
2025-10-07 04:00:00,87.9
2025-10-07 05:00:00,87.98
2025-10-07 06:00:00,106.64
2025-10-07 07:00:00,148.03
2025-10-07 08:00:00,303.74
2025-10-07 09:00:00,282.42
2025-10-07 10:00:00,189.21
2025-10-07 11:00:00,152.07
2025-10-07 12:00:00,126.51
2025-10-07 13:00:00,116.08
2025-10-07 14:00:00,106.85
2025-10-07 15:00:00,104.88
2025-10-07 16:00:00,107.86
2025-10-07 17:00:00,114.7
2025-10-07 18:00:00,147.29
2025-10-07 19:00:00,263.82
2025-10-07 20:00:00,178.77
2025-10-07 21:00:00,147.22
2025-10-07 22:00:00,116.35
2025-10-07 23:00:00,107.82
2025-10-08 00:00:00,101.74
2025-10-08 01:00:00,91.85
2025-10-08 02:00:00,89.21
2025-10-08 03:00:00,87.07
2025-10-08 04:00:00,85.66
2025-10-08 05:00:00,86.98
2025-10-08 06:00:00,92.99
2025-10-08 07:00:00,121.48
2025-10-08 08:00:00,202.68
2025-10-08 09:00:00,171.67
2025-10-08 10:00:00,136.19
2025-10-08 11:00:00,124.26
2025-10-08 12:00:00,95.56
2025-10-08 13:00:00,91.66
2025-10-08 14:00:00,86.61
2025-10-08 15:00:00,90.56
2025-10-08 16:00:00,96.37
2025-10-08 17:00:00,105.25
2025-10-08 18:00:00,121.85
2025-10-08 19:00:00,235.23
2025-10-08 20:00:00,169.96
2025-10-08 21:00:00,124.7
2025-10-08 22:00:00,116.59
2025-10-08 23:00:00,108.43
2025-10-09 00:00:00,109.74
2025-10-09 01:00:00,91.92
2025-10-09 02:00:00,96.61
2025-10-09 03:00:00,94.58
2025-10-09 04:00:00,88.45
2025-10-09 05:00:00,89.71
2025-10-09 06:00:00,104.83
2025-10-09 07:00:00,106.01
2025-10-09 08:00:00,173.11
2025-10-09 09:00:00,166.52
2025-10-09 10:00:00,132.44
2025-10-09 11:00:00,106.52
2025-10-09 12:00:00,100.33
2025-10-09 13:00:00,98.96
2025-10-09 14:00:00,77.77
2025-10-09 15:00:00,93.2
2025-10-09 16:00:00,100.8
2025-10-09 17:00:00,91.01
2025-10-09 18:00:00,104.15
2025-10-09 19:00:00,103.76
2025-10-09 20:00:00,96.8
2025-10-09 21:00:00,99.12
2025-10-09 22:00:00,102.63
2025-10-09 23:00:00,142.94
2025-10-10 00:00:00,101.18
2025-10-10 01:00:00,93.54
2025-10-10 02:00:00,83.87
2025-10-10 03:00:00,83.89
2025-10-10 04:00:00,83.97
2025-10-10 05:00:00,86.0
2025-10-10 06:00:00,52.73
2025-10-10 07:00:00,65.6
2025-10-10 08:00:00,142.22
2025-10-10 09:00:00,143.83
2025-10-10 10:00:00,124.53
2025-10-10 11:00:00,96.26
2025-10-10 12:00:00,87.9
2025-10-10 13:00:00,77.75
2025-10-10 14:00:00,63.42
2025-10-10 15:00:00,80.4
2025-10-10 16:00:00,78.37
2025-10-10 17:00:00,87.44
2025-10-10 18:00:00,70.42
2025-10-10 19:00:00,79.81
2025-10-10 20:00:00,93.53
2025-10-10 21:00:00,93.6
2025-10-10 22:00:00,85.49
2025-10-10 23:00:00,83.55
2025-10-11 00:00:00,102.97
2025-10-11 01:00:00,91.25
2025-10-11 02:00:00,87.83
2025-10-11 03:00:00,86.81
2025-10-11 04:00:00,83.95
2025-10-11 05:00:00,82.57
2025-10-11 06:00:00,87.87
2025-10-11 07:00:00,96.71
2025-10-11 08:00:00,103.96
2025-10-11 09:00:00,111.74
2025-10-11 10:00:00,103.66
2025-10-11 11:00:00,87.64
2025-10-11 12:00:00,71.06
2025-10-11 13:00:00,51.11
2025-10-11 14:00:00,41.42
2025-10-11 15:00:00,54.47
2025-10-11 16:00:00,66.41
2025-10-11 17:00:00,87.56
2025-10-11 18:00:00,102.35
2025-10-11 19:00:00,129.62
2025-10-11 20:00:00,147.52
2025-10-11 21:00:00,127.14
2025-10-11 22:00:00,125.04
2025-10-11 23:00:00,104.94
2025-10-12 00:00:00,108.87
2025-10-12 01:00:00,103.21
2025-10-12 02:00:00,98.35
2025-10-12 03:00:00,91.54
2025-10-12 04:00:00,79.85
2025-10-12 05:00:00,85.44
2025-10-12 06:00:00,86.71
2025-10-12 07:00:00,99.2
2025-10-12 08:00:00,103.53
2025-10-12 09:00:00,102.65
2025-10-12 10:00:00,92.86
2025-10-12 11:00:00,82.55
2025-10-12 12:00:00,71.33
2025-10-12 13:00:00,57.9
2025-10-12 14:00:00,58.21
2025-10-12 15:00:00,76.19
2025-10-12 16:00:00,78.73
2025-10-12 17:00:00,91.03
2025-10-12 18:00:00,79.17
2025-10-12 19:00:00,84.37
2025-10-12 20:00:00,96.48
2025-10-12 21:00:00,110.13
2025-10-12 22:00:00,122.22
2025-10-12 23:00:00,103.46
2025-10-13 00:00:00,105.64
2025-10-13 01:00:00,92.14
2025-10-13 02:00:00,94.52
2025-10-13 03:00:00,92.53
2025-10-13 04:00:00,97.54
2025-10-13 05:00:00,92.46
2025-10-13 06:00:00,62.71
2025-10-13 07:00:00,82.21
2025-10-13 08:00:00,246.66
2025-10-13 09:00:00,197.37
2025-10-13 10:00:00,143.75
2025-10-13 11:00:00,133.64
2025-10-13 12:00:00,105.19
2025-10-13 13:00:00,96.62
2025-10-13 14:00:00,84.29
2025-10-13 15:00:00,92.59
2025-10-13 16:00:00,94.3
2025-10-13 17:00:00,76.26
2025-10-13 18:00:00,153.95
2025-10-13 19:00:00,366.1
2025-10-13 20:00:00,199.26
2025-10-13 21:00:00,132.63
2025-10-13 22:00:00,127.59
2025-10-13 23:00:00,124.77
2025-10-14 00:00:00,114.93
2025-10-14 01:00:00,107.39
2025-10-14 02:00:00,104.85
2025-10-14 03:00:00,101.88
2025-10-14 04:00:00,99.69
2025-10-14 05:00:00,102.4
2025-10-14 06:00:00,100.4
2025-10-14 07:00:00,99.02
2025-10-14 08:00:00,243.19
2025-10-14 09:00:00,222.26
2025-10-14 10:00:00,176.39
2025-10-14 11:00:00,137.73
2025-10-14 12:00:00,115.4
2025-10-14 13:00:00,108.67
2025-10-14 14:00:00,101.21
2025-10-14 15:00:00,113.51
2025-10-14 16:00:00,124.64
2025-10-14 17:00:00,141.66
2025-10-14 18:00:00,220.91
2025-10-14 19:00:00,467.95
2025-10-14 20:00:00,295.72
2025-10-14 21:00:00,158.74
2025-10-14 22:00:00,124.29
2025-10-14 23:00:00,119.45
2025-10-15 00:00:00,122.94
2025-10-15 01:00:00,120.02
2025-10-15 02:00:00,112.22
2025-10-15 03:00:00,108.2
2025-10-15 04:00:00,105.72
2025-10-15 05:00:00,111.8
2025-10-15 06:00:00,112.58
2025-10-15 07:00:00,231.34
2025-10-15 08:00:00,352.89
2025-10-15 09:00:00,247.79
2025-10-15 10:00:00,178.47
2025-10-15 11:00:00,150.06
2025-10-15 12:00:00,131.66
2025-10-15 13:00:00,121.69
2025-10-15 14:00:00,110.97
2025-10-15 15:00:00,110.38
2025-10-15 16:00:00,108.36
2025-10-15 17:00:00,107.11
2025-10-15 18:00:00,128.64
2025-10-15 19:00:00,225.65
2025-10-15 20:00:00,153.3
2025-10-15 21:00:00,92.06
2025-10-15 22:00:00,103.89
2025-10-15 23:00:00,84.87
2025-10-16 00:00:00,95.15
2025-10-16 01:00:00,94.61
2025-10-16 02:00:00,93.73
2025-10-16 03:00:00,93.49
2025-10-16 04:00:00,92.01
2025-10-16 05:00:00,83.4
2025-10-16 06:00:00,100.27
2025-10-16 07:00:00,86.62
2025-10-16 08:00:00,147.9
2025-10-16 09:00:00,147.5
2025-10-16 10:00:00,120.06
2025-10-16 11:00:00,104.26
2025-10-16 12:00:00,90.97
2025-10-16 13:00:00,86.15
2025-10-16 14:00:00,78.25
2025-10-16 15:00:00,72.96
2025-10-16 16:00:00,100.95
2025-10-16 17:00:00,85.99
2025-10-16 18:00:00,110.43
2025-10-16 19:00:00,125.2
2025-10-16 20:00:00,134.9
2025-10-16 21:00:00,130.01
2025-10-16 22:00:00,109.98
2025-10-16 23:00:00,103.22
2025-10-17 00:00:00,94.13
2025-10-17 01:00:00,83.05
2025-10-17 02:00:00,89.61
2025-10-17 03:00:00,89.71
2025-10-17 04:00:00,87.87
2025-10-17 05:00:00,90.44
2025-10-17 06:00:00,97.74
2025-10-17 07:00:00,121.12
2025-10-17 08:00:00,162.92
2025-10-17 09:00:00,161.02
2025-10-17 10:00:00,130.99
2025-10-17 11:00:00,116.53
2025-10-17 12:00:00,96.9
2025-10-17 13:00:00,90.83
2025-10-17 14:00:00,86.59
2025-10-17 15:00:00,95.51
2025-10-17 16:00:00,112.89
2025-10-17 17:00:00,104.05
2025-10-17 18:00:00,125.29
2025-10-17 19:00:00,145.52
2025-10-17 20:00:00,133.55
2025-10-17 21:00:00,120.87
2025-10-17 22:00:00,95.53
2025-10-17 23:00:00,105.12
2025-10-18 00:00:00,99.05
2025-10-18 01:00:00,88.37
2025-10-18 02:00:00,92.69
2025-10-18 03:00:00,82.1
2025-10-18 04:00:00,83.74
2025-10-18 05:00:00,79.25
2025-10-18 06:00:00,66.52
2025-10-18 07:00:00,89.83
2025-10-18 08:00:00,101.78
2025-10-18 09:00:00,131.83
2025-10-18 10:00:00,122.45
2025-10-18 11:00:00,92.15
2025-10-18 12:00:00,82.51
2025-10-18 13:00:00,78.66
2025-10-18 14:00:00,74.15
2025-10-18 15:00:00,76.52
2025-10-18 16:00:00,60.93
2025-10-18 17:00:00,73.44
2025-10-18 18:00:00,103.54
2025-10-18 19:00:00,117.92
2025-10-18 20:00:00,123.75
2025-10-18 21:00:00,96.68
2025-10-18 22:00:00,110.72
2025-10-18 23:00:00,107.08
2025-10-19 00:00:00,103.62
2025-10-19 01:00:00,96.7
2025-10-19 02:00:00,84.55
2025-10-19 03:00:00,82.73
2025-10-19 04:00:00,85.93
2025-10-19 05:00:00,84.43
2025-10-19 06:00:00,89.64
2025-10-19 07:00:00,100.21
2025-10-19 08:00:00,113.12
2025-10-19 09:00:00,101.67
2025-10-19 10:00:00,85.39
2025-10-19 11:00:00,78.29
2025-10-19 12:00:00,56.04
2025-10-19 13:00:00,24.08
2025-10-19 14:00:00,11.97
2025-10-19 15:00:00,42.04
2025-10-19 16:00:00,61.97
2025-10-19 17:00:00,102.88
2025-10-19 18:00:00,108.99
2025-10-19 19:00:00,124.48
2025-10-19 20:00:00,125.94
2025-10-19 21:00:00,112.65
2025-10-19 22:00:00,93.77
2025-10-19 23:00:00,84.24
2025-10-20 00:00:00,92.79
2025-10-20 01:00:00,81.93
2025-10-20 02:00:00,78.18
2025-10-20 03:00:00,76.5
2025-10-20 04:00:00,59.98
2025-10-20 05:00:00,70.0
2025-10-20 06:00:00,61.09
2025-10-20 07:00:00,81.45
2025-10-20 08:00:00,117.6
2025-10-20 09:00:00,135.09
2025-10-20 10:00:00,102.7
2025-10-20 11:00:00,86.31
2025-10-20 12:00:00,80.03
2025-10-20 13:00:00,85.57
2025-10-20 14:00:00,79.31
2025-10-20 15:00:00,80.12
2025-10-20 16:00:00,92.41
2025-10-20 17:00:00,61.67
2025-10-20 18:00:00,41.87
2025-10-20 19:00:00,41.01
2025-10-20 20:00:00,40.24
2025-10-20 21:00:00,68.92
2025-10-20 22:00:00,66.23
2025-10-20 23:00:00,55.89
2025-10-21 00:00:00,81.94
2025-10-21 01:00:00,58.78
2025-10-21 02:00:00,72.74
2025-10-21 03:00:00,64.37
2025-10-21 04:00:00,53.99
2025-10-21 05:00:00,47.24
2025-10-21 06:00:00,7.3
2025-10-21 07:00:00,100.06
2025-10-21 08:00:00,114.67
2025-10-21 09:00:00,210.37
2025-10-21 10:00:00,170.77
2025-10-21 11:00:00,116.2
2025-10-21 12:00:00,124.02
2025-10-21 13:00:00,100.93
2025-10-21 14:00:00,91.4
2025-10-21 15:00:00,105.49
2025-10-21 16:00:00,129.47
2025-10-21 17:00:00,90.91
2025-10-21 18:00:00,56.58
2025-10-21 19:00:00,102.96
2025-10-21 20:00:00,121.51
2025-10-21 21:00:00,115.51
2025-10-21 22:00:00,99.9
2025-10-21 23:00:00,97.13
2025-10-22 00:00:00,103.29
2025-10-22 01:00:00,98.59
2025-10-22 02:00:00,96.23
2025-10-22 03:00:00,93.53
2025-10-22 04:00:00,89.4
2025-10-22 05:00:00,87.55
2025-10-22 06:00:00,98.58
2025-10-22 07:00:00,107.36
2025-10-22 08:00:00,152.04
2025-10-22 09:00:00,148.0
2025-10-22 10:00:00,130.54
2025-10-22 11:00:00,101.53
2025-10-22 12:00:00,98.59
2025-10-22 13:00:00,96.34
2025-10-22 14:00:00,82.69
2025-10-22 15:00:00,98.63
2025-10-22 16:00:00,103.08
2025-10-22 17:00:00,150.3
2025-10-22 18:00:00,219.56
2025-10-22 19:00:00,316.39
2025-10-22 20:00:00,256.52
2025-10-22 21:00:00,182.92
2025-10-22 22:00:00,147.79
2025-10-22 23:00:00,119.22
2025-10-23 00:00:00,115.91
2025-10-23 01:00:00,112.84
2025-10-23 02:00:00,109.6
2025-10-23 03:00:00,99.32
2025-10-23 04:00:00,88.34
2025-10-23 05:00:00,93.54
2025-10-23 06:00:00,120.79
2025-10-23 07:00:00,135.07
2025-10-23 08:00:00,160.53
2025-10-23 09:00:00,134.28
2025-10-23 10:00:00,116.55
2025-10-23 11:00:00,92.28
2025-10-23 12:00:00,72.15
2025-10-23 13:00:00,70.27
2025-10-23 14:00:00,62.75
2025-10-23 15:00:00,68.96
2025-10-23 16:00:00,104.56
2025-10-23 17:00:00,103.84
2025-10-23 18:00:00,109.67
2025-10-23 19:00:00,134.48
2025-10-23 20:00:00,117.52
2025-10-23 21:00:00,104.51
2025-10-23 22:00:00,107.98
2025-10-23 23:00:00,86.29
2025-10-24 00:00:00,66.13
2025-10-24 01:00:00,54.37
2025-10-24 02:00:00,45.77
2025-10-24 03:00:00,49.22
2025-10-24 04:00:00,26.09
2025-10-24 05:00:00,24.75
2025-10-24 06:00:00,86.82
2025-10-24 07:00:00,134.53
2025-10-24 08:00:00,165.97
2025-10-24 09:00:00,162.2
2025-10-24 10:00:00,144.79
2025-10-24 11:00:00,109.31
2025-10-24 12:00:00,100.24
2025-10-24 13:00:00,83.42
2025-10-24 14:00:00,62.35
2025-10-24 15:00:00,84.32
2025-10-24 16:00:00,66.75
2025-10-24 17:00:00,87.32
2025-10-24 18:00:00,112.36
2025-10-24 19:00:00,148.27
2025-10-24 20:00:00,148.27
2025-10-24 21:00:00,121.57
2025-10-24 22:00:00,76.24
2025-10-24 23:00:00,65.48
2025-10-25 00:00:00,52.91
2025-10-25 01:00:00,50.25
2025-10-25 02:00:00,45.56
2025-10-25 03:00:00,39.37
2025-10-25 04:00:00,37.14
2025-10-25 05:00:00,35.25
2025-10-25 06:00:00,12.46
2025-10-25 07:00:00,22.19
2025-10-25 08:00:00,71.23
2025-10-25 09:00:00,96.8
2025-10-25 10:00:00,77.24
2025-10-25 11:00:00,57.25
2025-10-25 12:00:00,25.44
2025-10-25 13:00:00,20.56
2025-10-25 14:00:00,14.11
2025-10-25 15:00:00,41.41
2025-10-25 16:00:00,33.51
2025-10-25 17:00:00,88.3
2025-10-25 18:00:00,67.15
2025-10-25 19:00:00,94.12
2025-10-25 20:00:00,94.8
2025-10-25 21:00:00,51.35
2025-10-25 22:00:00,42.63
2025-10-25 23:00:00,35.29
2025-10-26 00:00:00,55.8
2025-10-26 01:00:00,48.55
2025-10-26 02:00:00,57.07
2025-10-26 03:00:00,46.97
2025-10-26 04:00:00,39.03
2025-10-26 05:00:00,38.95
2025-10-26 06:00:00,53.85
2025-10-26 07:00:00,67.87
2025-10-26 08:00:00,74.34
2025-10-26 09:00:00,59.16
2025-10-26 10:00:00,48.95
2025-10-26 11:00:00,18.28
2025-10-26 12:00:00,10.08
2025-10-26 13:00:00,7.53
2025-10-26 14:00:00,29.07
2025-10-26 15:00:00,28.96
2025-10-26 16:00:00,66.95
2025-10-26 17:00:00,107.05
2025-10-26 18:00:00,117.82
2025-10-26 19:00:00,140.69
2025-10-26 20:00:00,139.61
2025-10-26 21:00:00,105.16
2025-10-26 22:00:00,79.4
2025-10-26 23:00:00,94.29
2025-10-27 00:00:00,64.13
2025-10-27 01:00:00,40.44
2025-10-27 02:00:00,28.09
2025-10-27 03:00:00,28.33
2025-10-27 04:00:00,29.39
2025-10-27 05:00:00,-13.01
2025-10-27 06:00:00,41.22
2025-10-27 07:00:00,104.18
2025-10-27 08:00:00,119.78
2025-10-27 09:00:00,120.34
2025-10-27 10:00:00,107.63
2025-10-27 11:00:00,103.9
2025-10-27 12:00:00,96.46
2025-10-27 13:00:00,95.64
2025-10-27 14:00:00,102.67
2025-10-27 15:00:00,108.12
2025-10-27 16:00:00,134.25
2025-10-27 17:00:00,131.93
2025-10-27 18:00:00,97.94
2025-10-27 19:00:00,136.24
2025-10-27 20:00:00,111.41
2025-10-27 21:00:00,121.15
2025-10-27 22:00:00,105.59
2025-10-27 23:00:00,93.09
2025-10-28 00:00:00,62.73
2025-10-28 01:00:00,62.04
2025-10-28 02:00:00,50.85
2025-10-28 03:00:00,35.62
2025-10-28 04:00:00,27.99
2025-10-28 05:00:00,3.07
2025-10-28 06:00:00,29.42
2025-10-28 07:00:00,98.21
2025-10-28 08:00:00,106.3
2025-10-28 09:00:00,98.48
2025-10-28 10:00:00,94.57
2025-10-28 11:00:00,80.4
2025-10-28 12:00:00,75.7
2025-10-28 13:00:00,78.65
2025-10-28 14:00:00,77.24
2025-10-28 15:00:00,93.15
2025-10-28 16:00:00,89.63
2025-10-28 17:00:00,100.92
2025-10-28 18:00:00,92.3
2025-10-28 19:00:00,91.57
2025-10-28 20:00:00,108.0
2025-10-28 21:00:00,100.52
2025-10-28 22:00:00,96.18
2025-10-28 23:00:00,98.91
2025-10-29 00:00:00,81.46
2025-10-29 01:00:00,83.64
2025-10-29 02:00:00,77.27
2025-10-29 03:00:00,74.36
2025-10-29 04:00:00,51.98
2025-10-29 05:00:00,82.8
2025-10-29 06:00:00,101.99
2025-10-29 07:00:00,120.9
2025-10-29 08:00:00,120.22
2025-10-29 09:00:00,108.36
2025-10-29 10:00:00,84.65
2025-10-29 11:00:00,74.34
2025-10-29 12:00:00,67.96
2025-10-29 13:00:00,70.6
2025-10-29 14:00:00,60.03
2025-10-29 15:00:00,96.73
2025-10-29 16:00:00,125.48
2025-10-29 17:00:00,159.16
2025-10-29 18:00:00,139.29
2025-10-29 19:00:00,147.3
2025-10-29 20:00:00,149.15
2025-10-29 21:00:00,109.37
2025-10-29 22:00:00,103.75
2025-10-29 23:00:00,92.35
2025-10-30 00:00:00,93.21
2025-10-30 01:00:00,85.66
2025-10-30 02:00:00,79.9
2025-10-30 03:00:00,68.34
2025-10-30 04:00:00,69.38
2025-10-30 05:00:00,55.72
2025-10-30 06:00:00,83.33
2025-10-30 07:00:00,104.08
2025-10-30 08:00:00,119.18
2025-10-30 09:00:00,104.0
2025-10-30 10:00:00,77.57
2025-10-30 11:00:00,55.61
2025-10-30 12:00:00,48.71
2025-10-30 13:00:00,77.5
2025-10-30 14:00:00,90.42
2025-10-30 15:00:00,131.42
2025-10-30 16:00:00,185.32
2025-10-30 17:00:00,146.49
2025-10-30 18:00:00,147.81
2025-10-30 19:00:00,146.85
2025-10-30 20:00:00,156.77
2025-10-30 21:00:00,133.97
2025-10-30 22:00:00,111.49
2025-10-30 23:00:00,109.24
2025-10-31 00:00:00,110.35
2025-10-31 01:00:00,99.51
2025-10-31 02:00:00,98.0
2025-10-31 03:00:00,88.0
2025-10-31 04:00:00,87.59
2025-10-31 05:00:00,102.03
2025-10-31 06:00:00,94.16
2025-10-31 07:00:00,119.13
2025-10-31 08:00:00,141.17
2025-10-31 09:00:00,112.14
2025-10-31 10:00:00,83.09
2025-10-31 11:00:00,78.49
2025-10-31 12:00:00,74.92
2025-10-31 13:00:00,78.34
2025-10-31 14:00:00,82.74
2025-10-31 15:00:00,104.87
2025-10-31 16:00:00,133.18
2025-10-31 17:00:00,173.78
2025-10-31 18:00:00,142.43
2025-10-31 19:00:00,119.8
2025-10-31 20:00:00,118.07
2025-10-31 21:00:00,124.08
2025-10-31 22:00:00,93.73
2025-10-31 23:00:00,106.4
2025-11-01 00:00:00,110.43
2025-11-01 01:00:00,94.75
2025-11-01 02:00:00,73.55
2025-11-01 03:00:00,75.47
2025-11-01 04:00:00,64.86
2025-11-01 05:00:00,72.56
2025-11-01 06:00:00,51.59
2025-11-01 07:00:00,83.94
2025-11-01 08:00:00,74.6
2025-11-01 09:00:00,67.95
2025-11-01 10:00:00,23.72
2025-11-01 11:00:00,15.0
2025-11-01 12:00:00,14.85
2025-11-01 13:00:00,20.25
2025-11-01 14:00:00,45.12
2025-11-01 15:00:00,52.97
2025-11-01 16:00:00,81.78
2025-11-01 17:00:00,100.96
2025-11-01 18:00:00,104.54
2025-11-01 19:00:00,100.29
2025-11-01 20:00:00,79.24
2025-11-01 21:00:00,69.85
2025-11-01 22:00:00,78.04
2025-11-01 23:00:00,97.9
2025-11-02 00:00:00,76.55
2025-11-02 01:00:00,80.15
2025-11-02 02:00:00,76.25
2025-11-02 03:00:00,75.92
2025-11-02 04:00:00,74.52
2025-11-02 05:00:00,78.4
2025-11-02 06:00:00,80.56
2025-11-02 07:00:00,80.54
2025-11-02 08:00:00,84.14
2025-11-02 09:00:00,99.0
2025-11-02 10:00:00,91.77
2025-11-02 11:00:00,84.91
2025-11-02 12:00:00,83.84
2025-11-02 13:00:00,86.33
2025-11-02 14:00:00,88.61
2025-11-02 15:00:00,101.59
2025-11-02 16:00:00,107.8
2025-11-02 17:00:00,117.04
2025-11-02 18:00:00,133.98
2025-11-02 19:00:00,130.05
2025-11-02 20:00:00,130.52
2025-11-02 21:00:00,111.56
2025-11-02 22:00:00,108.93
2025-11-02 23:00:00,101.42
2025-11-03 00:00:00,87.72
2025-11-03 01:00:00,85.78
2025-11-03 02:00:00,83.23
2025-11-03 03:00:00,71.44
2025-11-03 04:00:00,84.87
2025-11-03 05:00:00,85.71
2025-11-03 06:00:00,100.05
2025-11-03 07:00:00,127.35
2025-11-03 08:00:00,148.38
2025-11-03 09:00:00,129.22
2025-11-03 10:00:00,104.95
2025-11-03 11:00:00,99.07
2025-11-03 12:00:00,103.49
2025-11-03 13:00:00,106.6
2025-11-03 14:00:00,89.68
2025-11-03 15:00:00,95.38
2025-11-03 16:00:00,112.57
2025-11-03 17:00:00,129.71
2025-11-03 18:00:00,115.55
2025-11-03 19:00:00,144.32
2025-11-03 20:00:00,134.52
2025-11-03 21:00:00,109.39
2025-11-03 22:00:00,96.14
2025-11-03 23:00:00,95.61
2025-11-04 00:00:00,117.3
2025-11-04 01:00:00,110.3
2025-11-04 02:00:00,103.33
2025-11-04 03:00:00,101.65
2025-11-04 04:00:00,105.36
2025-11-04 05:00:00,17.83
2025-11-04 06:00:00,78.65
2025-11-04 07:00:00,175.13
2025-11-04 08:00:00,128.36
2025-11-04 09:00:00,107.95
2025-11-04 10:00:00,87.61
2025-11-04 11:00:00,71.67
2025-11-04 12:00:00,67.66
2025-11-04 13:00:00,74.36
2025-11-04 14:00:00,79.5
2025-11-04 15:00:00,91.93
2025-11-04 16:00:00,139.93
2025-11-04 17:00:00,159.4
2025-11-04 18:00:00,115.49
2025-11-04 19:00:00,132.19
2025-11-04 20:00:00,139.97
2025-11-04 21:00:00,112.3
2025-11-04 22:00:00,121.83
2025-11-04 23:00:00,122.63
2025-11-05 00:00:00,101.66
2025-11-05 01:00:00,99.65
2025-11-05 02:00:00,91.28
2025-11-05 03:00:00,82.44
2025-11-05 04:00:00,81.88
2025-11-05 05:00:00,95.13
2025-11-05 06:00:00,105.85
2025-11-05 07:00:00,95.98
2025-11-05 08:00:00,145.62
2025-11-05 09:00:00,114.03
2025-11-05 10:00:00,102.51
2025-11-05 11:00:00,86.52
2025-11-05 12:00:00,82.23
2025-11-05 13:00:00,84.02
2025-11-05 14:00:00,84.85
2025-11-05 15:00:00,97.51
2025-11-05 16:00:00,108.84
2025-11-05 17:00:00,134.28
2025-11-05 18:00:00,145.22
2025-11-05 19:00:00,155.98
2025-11-05 20:00:00,122.03
2025-11-05 21:00:00,124.35
2025-11-05 22:00:00,100.53
2025-11-05 23:00:00,137.64
2025-11-06 00:00:00,101.1
2025-11-06 01:00:00,97.42
2025-11-06 02:00:00,97.22
2025-11-06 03:00:00,96.24
2025-11-06 04:00:00,96.4
2025-11-06 05:00:00,90.31
2025-11-06 06:00:00,89.74
2025-11-06 07:00:00,119.79
2025-11-06 08:00:00,149.99
2025-11-06 09:00:00,122.22
2025-11-06 10:00:00,97.37
2025-11-06 11:00:00,89.31
2025-11-06 12:00:00,83.02
2025-11-06 13:00:00,82.07
2025-11-06 14:00:00,79.53
2025-11-06 15:00:00,103.8
2025-11-06 16:00:00,104.17
2025-11-06 17:00:00,146.29
2025-11-06 18:00:00,130.38
2025-11-06 19:00:00,120.79
2025-11-06 20:00:00,105.96
2025-11-06 21:00:00,122.72
2025-11-06 22:00:00,93.7
2025-11-06 23:00:00,92.78
2025-11-07 00:00:00,92.57
2025-11-07 01:00:00,92.49
2025-11-07 02:00:00,92.61
2025-11-07 03:00:00,92.55
2025-11-07 04:00:00,90.01
2025-11-07 05:00:00,87.53
2025-11-07 06:00:00,78.73
2025-11-07 07:00:00,94.38
2025-11-07 08:00:00,158.3
2025-11-07 09:00:00,128.2
2025-11-07 10:00:00,105.73
2025-11-07 11:00:00,94.42
2025-11-07 12:00:00,89.68
2025-11-07 13:00:00,90.29
2025-11-07 14:00:00,82.46
2025-11-07 15:00:00,96.36
2025-11-07 16:00:00,122.74
2025-11-07 17:00:00,243.58
2025-11-07 18:00:00,158.01
2025-11-07 19:00:00,151.98
2025-11-07 20:00:00,161.15
2025-11-07 21:00:00,140.43
2025-11-07 22:00:00,109.45
2025-11-07 23:00:00,128.6
2025-11-08 00:00:00,106.07
2025-11-08 01:00:00,102.0
2025-11-08 02:00:00,103.07
2025-11-08 03:00:00,96.89
2025-11-08 04:00:00,96.5
2025-11-08 05:00:00,96.69
2025-11-08 06:00:00,104.73
2025-11-08 07:00:00,102.19
2025-11-08 08:00:00,120.24
2025-11-08 09:00:00,127.03
2025-11-08 10:00:00,141.59
2025-11-08 11:00:00,122.54
2025-11-08 12:00:00,113.08
2025-11-08 13:00:00,107.57
2025-11-08 14:00:00,108.34
2025-11-08 15:00:00,98.64
2025-11-08 16:00:00,117.74
2025-11-08 17:00:00,127.51
2025-11-08 18:00:00,135.11
2025-11-08 19:00:00,135.82
2025-11-08 20:00:00,134.75
2025-11-08 21:00:00,124.54
2025-11-08 22:00:00,114.32
2025-11-08 23:00:00,105.59
2025-11-09 00:00:00,100.27
2025-11-09 01:00:00,102.06
2025-11-09 02:00:00,96.72
2025-11-09 03:00:00,93.29
2025-11-09 04:00:00,92.25
2025-11-09 05:00:00,93.54
2025-11-09 06:00:00,91.75
2025-11-09 07:00:00,96.62
2025-11-09 08:00:00,102.59
2025-11-09 09:00:00,102.31
2025-11-09 10:00:00,101.13
2025-11-09 11:00:00,101.67
2025-11-09 12:00:00,101.5
2025-11-09 13:00:00,101.51
2025-11-09 14:00:00,99.58
2025-11-09 15:00:00,104.33
2025-11-09 16:00:00,113.29
2025-11-09 17:00:00,131.84
2025-11-09 18:00:00,127.32
2025-11-09 19:00:00,134.71
2025-11-09 20:00:00,136.3
2025-11-09 21:00:00,122.18
2025-11-09 22:00:00,113.3
2025-11-09 23:00:00,100.7
2025-11-10 00:00:00,94.04
2025-11-10 01:00:00,90.32
2025-11-10 02:00:00,92.35
2025-11-10 03:00:00,91.18
2025-11-10 04:00:00,88.36
2025-11-10 05:00:00,89.92
2025-11-10 06:00:00,102.52
2025-11-10 07:00:00,131.41
2025-11-10 08:00:00,174.96
2025-11-10 09:00:00,174.62
2025-11-10 10:00:00,151.04
2025-11-10 11:00:00,126.89
2025-11-10 12:00:00,112.29
2025-11-10 13:00:00,122.86
2025-11-10 14:00:00,112.43
2025-11-10 15:00:00,137.03
2025-11-10 16:00:00,165.77
2025-11-10 17:00:00,166.81
2025-11-10 18:00:00,161.61
2025-11-10 19:00:00,152.04
2025-11-10 20:00:00,181.29
2025-11-10 21:00:00,126.85
2025-11-10 22:00:00,122.68
2025-11-10 23:00:00,108.65
2025-11-11 00:00:00,95.43
2025-11-11 01:00:00,94.64
2025-11-11 02:00:00,84.44
2025-11-11 03:00:00,82.72
2025-11-11 04:00:00,83.4
2025-11-11 05:00:00,88.99
2025-11-11 06:00:00,96.8
2025-11-11 07:00:00,119.8
2025-11-11 08:00:00,131.83
2025-11-11 09:00:00,126.67
2025-11-11 10:00:00,110.37
2025-11-11 11:00:00,97.23
2025-11-11 12:00:00,89.08
2025-11-11 13:00:00,87.72
2025-11-11 14:00:00,92.59
2025-11-11 15:00:00,103.56
2025-11-11 16:00:00,126.92
2025-11-11 17:00:00,131.37
2025-11-11 18:00:00,135.17
2025-11-11 19:00:00,122.79
2025-11-11 20:00:00,127.31
2025-11-11 21:00:00,119.17
2025-11-11 22:00:00,124.43
2025-11-11 23:00:00,108.25
2025-11-12 00:00:00,91.58
2025-11-12 01:00:00,97.94
2025-11-12 02:00:00,97.35
2025-11-12 03:00:00,83.54
2025-11-12 04:00:00,83.22
2025-11-12 05:00:00,97.05
2025-11-12 06:00:00,116.98
2025-11-12 07:00:00,144.4
2025-11-12 08:00:00,169.55
2025-11-12 09:00:00,132.35
2025-11-12 10:00:00,104.6
2025-11-12 11:00:00,94.58
2025-11-12 12:00:00,85.38
2025-11-12 13:00:00,86.66
2025-11-12 14:00:00,99.41
2025-11-12 15:00:00,108.92
2025-11-12 16:00:00,95.86
2025-11-12 17:00:00,86.16
2025-11-12 18:00:00,92.1
2025-11-12 19:00:00,146.0
2025-11-12 20:00:00,237.21
2025-11-12 21:00:00,145.65
2025-11-12 22:00:00,151.13
2025-11-12 23:00:00,88.97
2025-11-13 00:00:00,147.1
2025-11-13 01:00:00,138.58
2025-11-13 02:00:00,133.14
2025-11-13 03:00:00,128.7
2025-11-13 04:00:00,103.12
2025-11-13 05:00:00,116.63
2025-11-13 06:00:00,124.04
2025-11-13 07:00:00,176.62
2025-11-13 08:00:00,149.65
2025-11-13 09:00:00,109.35
2025-11-13 10:00:00,134.94
2025-11-13 11:00:00,108.84
2025-11-13 12:00:00,118.98
2025-11-13 13:00:00,131.97
2025-11-13 14:00:00,128.26
2025-11-13 15:00:00,139.45
2025-11-13 16:00:00,155.08
2025-11-13 17:00:00,164.62
2025-11-13 18:00:00,185.0
2025-11-13 19:00:00,118.57
2025-11-13 20:00:00,243.59
2025-11-13 21:00:00,171.3
2025-11-13 22:00:00,133.79
2025-11-13 23:00:00,129.91
2025-11-14 00:00:00,106.13
2025-11-14 01:00:00,105.84
2025-11-14 02:00:00,103.63
2025-11-14 03:00:00,105.31
2025-11-14 04:00:00,94.67
2025-11-14 05:00:00,99.88
2025-11-14 06:00:00,103.16
2025-11-14 07:00:00,138.9
2025-11-14 08:00:00,158.0
2025-11-14 09:00:00,139.15
2025-11-14 10:00:00,126.99
2025-11-14 11:00:00,114.34
2025-11-14 12:00:00,105.79
2025-11-14 13:00:00,107.8
2025-11-14 14:00:00,108.44
2025-11-14 15:00:00,117.4
2025-11-14 16:00:00,116.85
2025-11-14 17:00:00,186.72
2025-11-14 18:00:00,145.59
2025-11-14 19:00:00,164.95
2025-11-14 20:00:00,146.65
2025-11-14 21:00:00,132.07
2025-11-14 22:00:00,116.9
2025-11-14 23:00:00,102.38
2025-11-15 00:00:00,122.77
2025-11-15 01:00:00,115.4
2025-11-15 02:00:00,105.96
2025-11-15 03:00:00,98.0
2025-11-15 04:00:00,92.14
2025-11-15 05:00:00,108.72
2025-11-15 06:00:00,104.76
2025-11-15 07:00:00,109.93
2025-11-15 08:00:00,103.78
2025-11-15 09:00:00,103.52
2025-11-15 10:00:00,104.65
2025-11-15 11:00:00,100.48
2025-11-15 12:00:00,97.63
2025-11-15 13:00:00,104.2
2025-11-15 14:00:00,102.77
2025-11-15 15:00:00,118.97
2025-11-15 16:00:00,134.28
2025-11-15 17:00:00,153.34
2025-11-15 18:00:00,146.91
2025-11-15 19:00:00,147.15
2025-11-15 20:00:00,141.29
2025-11-15 21:00:00,126.61
2025-11-15 22:00:00,127.67
2025-11-15 23:00:00,115.89
2025-11-16 00:00:00,121.97
2025-11-16 01:00:00,104.56
2025-11-16 02:00:00,100.92
2025-11-16 03:00:00,99.96
2025-11-16 04:00:00,101.94
2025-11-16 05:00:00,100.82
2025-11-16 06:00:00,104.56
2025-11-16 07:00:00,99.89
2025-11-16 08:00:00,102.24
2025-11-16 09:00:00,105.58
2025-11-16 10:00:00,103.56
2025-11-16 11:00:00,105.61
2025-11-16 12:00:00,108.19
2025-11-16 13:00:00,105.42
2025-11-16 14:00:00,104.5
2025-11-16 15:00:00,111.23
2025-11-16 16:00:00,120.35
2025-11-16 17:00:00,126.85
2025-11-16 18:00:00,130.07
2025-11-16 19:00:00,122.31
2025-11-16 20:00:00,123.03
2025-11-16 21:00:00,113.98
2025-11-16 22:00:00,106.54
2025-11-16 23:00:00,101.18
2025-11-17 00:00:00,90.82
2025-11-17 01:00:00,87.45
2025-11-17 02:00:00,79.04
2025-11-17 03:00:00,74.41
2025-11-17 04:00:00,74.19
2025-11-17 05:00:00,74.51
2025-11-17 06:00:00,94.62
2025-11-17 07:00:00,113.48
2025-11-17 08:00:00,140.61
2025-11-17 09:00:00,141.39
2025-11-17 10:00:00,127.7
2025-11-17 11:00:00,120.82
2025-11-17 12:00:00,129.94
2025-11-17 13:00:00,133.59
2025-11-17 14:00:00,121.0
2025-11-17 15:00:00,118.33
2025-11-17 16:00:00,114.98
2025-11-17 17:00:00,116.16
2025-11-17 18:00:00,120.35
2025-11-17 19:00:00,114.59
2025-11-17 20:00:00,107.98
2025-11-17 21:00:00,102.54
2025-11-17 22:00:00,95.04
2025-11-17 23:00:00,90.61
2025-11-18 00:00:00,89.07
2025-11-18 01:00:00,87.06
2025-11-18 02:00:00,81.75
2025-11-18 03:00:00,78.55
2025-11-18 04:00:00,77.35
2025-11-18 05:00:00,77.17
2025-11-18 06:00:00,87.41
2025-11-18 07:00:00,123.1
2025-11-18 08:00:00,132.91
2025-11-18 09:00:00,133.83
2025-11-18 10:00:00,102.49
2025-11-18 11:00:00,89.46
2025-11-18 12:00:00,89.91
2025-11-18 13:00:00,96.59
2025-11-18 14:00:00,103.3
2025-11-18 15:00:00,117.25
2025-11-18 16:00:00,137.24
2025-11-18 17:00:00,149.6
2025-11-18 18:00:00,152.7
2025-11-18 19:00:00,141.13
2025-11-18 20:00:00,138.8
2025-11-18 21:00:00,120.62
2025-11-18 22:00:00,114.08
2025-11-18 23:00:00,97.35
2025-11-19 00:00:00,91.46
2025-11-19 01:00:00,86.85
2025-11-19 02:00:00,85.77
2025-11-19 03:00:00,82.2
2025-11-19 04:00:00,81.43
2025-11-19 05:00:00,89.56
2025-11-19 06:00:00,104.33
2025-11-19 07:00:00,139.97
2025-11-19 08:00:00,158.09
2025-11-19 09:00:00,133.11
2025-11-19 10:00:00,115.09
2025-11-19 11:00:00,102.32
2025-11-19 12:00:00,102.17
2025-11-19 13:00:00,105.82
2025-11-19 14:00:00,109.92
2025-11-19 15:00:00,132.92
2025-11-19 16:00:00,157.92
2025-11-19 17:00:00,158.51
2025-11-19 18:00:00,145.54
2025-11-19 19:00:00,140.37
2025-11-19 20:00:00,143.51
2025-11-19 21:00:00,128.96
2025-11-19 22:00:00,117.68
2025-11-19 23:00:00,95.75
2025-11-20 00:00:00,93.6
2025-11-20 01:00:00,90.02
2025-11-20 02:00:00,88.66
2025-11-20 03:00:00,86.89
2025-11-20 04:00:00,86.78
2025-11-20 05:00:00,88.2
2025-11-20 06:00:00,111.7
2025-11-20 07:00:00,144.31
2025-11-20 08:00:00,155.71
2025-11-20 09:00:00,180.86
2025-11-20 10:00:00,163.56
2025-11-20 11:00:00,144.13
2025-11-20 12:00:00,138.16
2025-11-20 13:00:00,145.29
2025-11-20 14:00:00,136.81
2025-11-20 15:00:00,152.87
2025-11-20 16:00:00,164.1
2025-11-20 17:00:00,176.08
2025-11-20 18:00:00,171.32
2025-11-20 19:00:00,166.7
2025-11-20 20:00:00,147.18
2025-11-20 21:00:00,139.68
2025-11-20 22:00:00,119.91
2025-11-20 23:00:00,105.79
2025-11-21 00:00:00,104.02
2025-11-21 01:00:00,103.3
2025-11-21 02:00:00,93.99
2025-11-21 03:00:00,90.0
2025-11-21 04:00:00,88.89
2025-11-21 05:00:00,91.06
2025-11-21 06:00:00,107.0
2025-11-21 07:00:00,147.03
2025-11-21 08:00:00,229.12
2025-11-21 09:00:00,220.0
2025-11-21 10:00:00,184.85
2025-11-21 11:00:00,159.2
2025-11-21 12:00:00,138.06
2025-11-21 13:00:00,129.01
2025-11-21 14:00:00,125.54
2025-11-21 15:00:00,151.86
2025-11-21 16:00:00,194.0
2025-11-21 17:00:00,253.76
2025-11-21 18:00:00,227.73
2025-11-21 19:00:00,184.35
2025-11-21 20:00:00,174.8
2025-11-21 21:00:00,134.92
2025-11-21 22:00:00,116.44
2025-11-21 23:00:00,109.44
2025-11-22 00:00:00,123.49
2025-11-22 01:00:00,98.95
2025-11-22 02:00:00,90.37
2025-11-22 03:00:00,86.64
2025-11-22 04:00:00,82.19
2025-11-22 05:00:00,85.49
2025-11-22 06:00:00,86.43
2025-11-22 07:00:00,99.78
2025-11-22 08:00:00,121.8
2025-11-22 09:00:00,115.24
2025-11-22 10:00:00,103.66
2025-11-22 11:00:00,102.36
2025-11-22 12:00:00,99.02
2025-11-22 13:00:00,103.01
2025-11-22 14:00:00,110.7
2025-11-22 15:00:00,131.35
2025-11-22 16:00:00,142.44
2025-11-22 17:00:00,152.56
2025-11-22 18:00:00,145.2
2025-11-22 19:00:00,143.65
2025-11-22 20:00:00,153.04
2025-11-22 21:00:00,114.93
2025-11-22 22:00:00,103.87
2025-11-22 23:00:00,88.0
2025-11-23 00:00:00,95.06
2025-11-23 01:00:00,81.22
2025-11-23 02:00:00,74.84
2025-11-23 03:00:00,65.18
2025-11-23 04:00:00,62.74
2025-11-23 05:00:00,63.89
2025-11-23 06:00:00,70.96
2025-11-23 07:00:00,79.05
2025-11-23 08:00:00,99.62
2025-11-23 09:00:00,100.62
2025-11-23 10:00:00,100.02
2025-11-23 11:00:00,97.25
2025-11-23 12:00:00,98.45
2025-11-23 13:00:00,99.87
2025-11-23 14:00:00,106.26
2025-11-23 15:00:00,115.58
2025-11-23 16:00:00,138.85
2025-11-23 17:00:00,134.68
2025-11-23 18:00:00,139.99
2025-11-23 19:00:00,140.22
2025-11-23 20:00:00,140.47
2025-11-23 21:00:00,119.51
2025-11-23 22:00:00,112.19
2025-11-23 23:00:00,86.65
2025-11-24 00:00:00,80.12
2025-11-24 01:00:00,74.21
2025-11-24 02:00:00,69.3
2025-11-24 03:00:00,72.29
2025-11-24 04:00:00,73.24
2025-11-24 05:00:00,71.27
2025-11-24 06:00:00,105.91
2025-11-24 07:00:00,147.94
2025-11-24 08:00:00,169.16
2025-11-24 09:00:00,182.07
2025-11-24 10:00:00,186.74
2025-11-24 11:00:00,184.12
2025-11-24 12:00:00,215.51
2025-11-24 13:00:00,199.6
2025-11-24 14:00:00,210.78
2025-11-24 15:00:00,197.51
2025-11-24 16:00:00,223.63
2025-11-24 17:00:00,244.47
2025-11-24 18:00:00,284.32
2025-11-24 19:00:00,228.82
2025-11-24 20:00:00,217.66
2025-11-24 21:00:00,165.58
2025-11-24 22:00:00,138.46
2025-11-24 23:00:00,117.6
2025-11-25 00:00:00,103.35
2025-11-25 01:00:00,105.19
2025-11-25 02:00:00,101.65
2025-11-25 03:00:00,102.94
2025-11-25 04:00:00,102.49
2025-11-25 05:00:00,104.37
2025-11-25 06:00:00,133.01
2025-11-25 07:00:00,205.36
2025-11-25 08:00:00,315.37
2025-11-25 09:00:00,369.33
2025-11-25 10:00:00,354.23
2025-11-25 11:00:00,295.12
2025-11-25 12:00:00,332.13
2025-11-25 13:00:00,379.87
2025-11-25 14:00:00,329.85
2025-11-25 15:00:00,302.41
2025-11-25 16:00:00,290.34
2025-11-25 17:00:00,352.64
2025-11-25 18:00:00,329.94
2025-11-25 19:00:00,340.62
2025-11-25 20:00:00,219.93
2025-11-25 21:00:00,165.18
2025-11-25 22:00:00,130.19
2025-11-25 23:00:00,115.5
2025-11-26 00:00:00,101.85
2025-11-26 01:00:00,94.03
2025-11-26 02:00:00,91.24
2025-11-26 03:00:00,90.13
2025-11-26 04:00:00,88.68
2025-11-26 05:00:00,87.48
2025-11-26 06:00:00,98.51
2025-11-26 07:00:00,144.94
2025-11-26 08:00:00,211.77
2025-11-26 09:00:00,240.42
2025-11-26 10:00:00,240.78
2025-11-26 11:00:00,180.1
2025-11-26 12:00:00,165.87
2025-11-26 13:00:00,167.26
2025-11-26 14:00:00,161.23
2025-11-26 15:00:00,168.83
2025-11-26 16:00:00,212.16
2025-11-26 17:00:00,285.82
2025-11-26 18:00:00,264.3
2025-11-26 19:00:00,219.26
2025-11-26 20:00:00,174.38
2025-11-26 21:00:00,140.53
2025-11-26 22:00:00,118.91
2025-11-26 23:00:00,100.32
2025-11-27 00:00:00,94.07
2025-11-27 01:00:00,89.05
2025-11-27 02:00:00,83.98
2025-11-27 03:00:00,81.66
2025-11-27 04:00:00,77.79
2025-11-27 05:00:00,84.15
2025-11-27 06:00:00,91.04
2025-11-27 07:00:00,116.67
2025-11-27 08:00:00,147.22
2025-11-27 09:00:00,144.03
2025-11-27 10:00:00,127.33
2025-11-27 11:00:00,109.38
2025-11-27 12:00:00,105.97
2025-11-27 13:00:00,126.63
2025-11-27 14:00:00,131.74
2025-11-27 15:00:00,155.68
2025-11-27 16:00:00,181.87
2025-11-27 17:00:00,177.95
2025-11-27 18:00:00,144.27
2025-11-27 19:00:00,145.46
2025-11-27 20:00:00,133.51
2025-11-27 21:00:00,114.81
2025-11-27 22:00:00,108.13
2025-11-27 23:00:00,97.62
2025-11-28 00:00:00,84.89
2025-11-28 01:00:00,82.05
2025-11-28 02:00:00,76.45
2025-11-28 03:00:00,72.76
2025-11-28 04:00:00,64.37
2025-11-28 05:00:00,86.88
2025-11-28 06:00:00,98.69
2025-11-28 07:00:00,126.56
2025-11-28 08:00:00,160.41
2025-11-28 09:00:00,167.08
2025-11-28 10:00:00,148.28
2025-11-28 11:00:00,118.36
2025-11-28 12:00:00,119.28
2025-11-28 13:00:00,122.47
2025-11-28 14:00:00,132.83
2025-11-28 15:00:00,118.67
2025-11-28 16:00:00,148.86
2025-11-28 17:00:00,147.1
2025-11-28 18:00:00,133.54
2025-11-28 19:00:00,146.18
2025-11-28 20:00:00,134.93
2025-11-28 21:00:00,118.03
2025-11-28 22:00:00,121.63
2025-11-28 23:00:00,109.57
2025-11-29 00:00:00,100.54
2025-11-29 01:00:00,90.41
2025-11-29 02:00:00,95.96
2025-11-29 03:00:00,89.52
2025-11-29 04:00:00,86.93
2025-11-29 05:00:00,93.86
2025-11-29 06:00:00,81.2
2025-11-29 07:00:00,105.66
2025-11-29 08:00:00,114.36
2025-11-29 09:00:00,115.91
2025-11-29 10:00:00,111.65
2025-11-29 11:00:00,103.4
2025-11-29 12:00:00,105.77
2025-11-29 13:00:00,105.65
2025-11-29 14:00:00,100.65
2025-11-29 15:00:00,104.72
2025-11-29 16:00:00,134.78
2025-11-29 17:00:00,142.6
2025-11-29 18:00:00,142.67
2025-11-29 19:00:00,145.52
2025-11-29 20:00:00,148.72
2025-11-29 21:00:00,127.46
2025-11-29 22:00:00,131.18
2025-11-29 23:00:00,127.44
2025-11-30 00:00:00,105.9
2025-11-30 01:00:00,94.08
2025-11-30 02:00:00,87.57
2025-11-30 03:00:00,84.75
2025-11-30 04:00:00,83.12
2025-11-30 05:00:00,84.73
2025-11-30 06:00:00,87.59
2025-11-30 07:00:00,91.04
2025-11-30 08:00:00,93.68
2025-11-30 09:00:00,99.68
2025-11-30 10:00:00,91.4
2025-11-30 11:00:00,85.29
2025-11-30 12:00:00,94.08
2025-11-30 13:00:00,85.02
2025-11-30 14:00:00,90.69
2025-11-30 15:00:00,96.25
2025-11-30 16:00:00,114.87
2025-11-30 17:00:00,124.76
2025-11-30 18:00:00,127.81
2025-11-30 19:00:00,131.79
2025-11-30 20:00:00,137.55
2025-11-30 21:00:00,132.12
2025-11-30 22:00:00,119.46
2025-11-30 23:00:00,109.45
2025-12-01 00:00:00,102.88
2025-12-01 01:00:00,103.56
2025-12-01 02:00:00,98.74
2025-12-01 03:00:00,88.44
2025-12-01 04:00:00,93.12
2025-12-01 05:00:00,90.78
2025-12-01 06:00:00,109.07
2025-12-01 07:00:00,156.23
2025-12-01 08:00:00,177.81
2025-12-01 09:00:00,177.11
2025-12-01 10:00:00,151.98
2025-12-01 11:00:00,138.92
2025-12-01 12:00:00,154.66
2025-12-01 13:00:00,152.17
2025-12-01 14:00:00,158.62
2025-12-01 15:00:00,197.73
2025-12-01 16:00:00,255.5
2025-12-01 17:00:00,236.28
2025-12-01 18:00:00,253.73
2025-12-01 19:00:00,248.3
2025-12-01 20:00:00,223.23
2025-12-01 21:00:00,187.01
2025-12-01 22:00:00,146.78
2025-12-01 23:00:00,126.51
2025-12-02 00:00:00,117.9
2025-12-02 01:00:00,107.07
2025-12-02 02:00:00,108.15
2025-12-02 03:00:00,93.97
2025-12-02 04:00:00,94.7
2025-12-02 05:00:00,88.78
2025-12-02 06:00:00,112.86
2025-12-02 07:00:00,151.32
2025-12-02 08:00:00,187.18
2025-12-02 09:00:00,192.18
2025-12-02 10:00:00,168.21
2025-12-02 11:00:00,161.92
2025-12-02 12:00:00,145.92
2025-12-02 13:00:00,152.88
2025-12-02 14:00:00,147.85
2025-12-02 15:00:00,177.46
2025-12-02 16:00:00,200.16
2025-12-02 17:00:00,196.63
2025-12-02 18:00:00,171.5
2025-12-02 19:00:00,186.56
2025-12-02 20:00:00,177.37
2025-12-02 21:00:00,140.65
2025-12-02 22:00:00,131.41
2025-12-02 23:00:00,112.38
2025-12-03 00:00:00,110.26
2025-12-03 01:00:00,108.56
2025-12-03 02:00:00,100.99
2025-12-03 03:00:00,98.67
2025-12-03 04:00:00,98.58
2025-12-03 05:00:00,96.7
2025-12-03 06:00:00,112.61
2025-12-03 07:00:00,149.03
2025-12-03 08:00:00,226.83
2025-12-03 09:00:00,256.25
2025-12-03 10:00:00,202.86
2025-12-03 11:00:00,171.51
2025-12-03 12:00:00,161.9
2025-12-03 13:00:00,168.33
2025-12-03 14:00:00,173.86
2025-12-03 15:00:00,195.24
2025-12-03 16:00:00,241.28
2025-12-03 17:00:00,276.13
2025-12-03 18:00:00,219.0
2025-12-03 19:00:00,202.13
2025-12-03 20:00:00,173.5
2025-12-03 21:00:00,139.33
2025-12-03 22:00:00,134.03
2025-12-03 23:00:00,120.38
2025-12-04 00:00:00,103.39
2025-12-04 01:00:00,101.63
2025-12-04 02:00:00,94.55
2025-12-04 03:00:00,94.3
2025-12-04 04:00:00,93.01
2025-12-04 05:00:00,95.14
2025-12-04 06:00:00,105.05
2025-12-04 07:00:00,146.18
2025-12-04 08:00:00,168.43
2025-12-04 09:00:00,187.02
2025-12-04 10:00:00,153.34
2025-12-04 11:00:00,152.6
2025-12-04 12:00:00,147.28
2025-12-04 13:00:00,146.04
2025-12-04 14:00:00,145.77
2025-12-04 15:00:00,151.02
2025-12-04 16:00:00,149.58
2025-12-04 17:00:00,150.08
2025-12-04 18:00:00,142.5
2025-12-04 19:00:00,151.94
2025-12-04 20:00:00,139.64
2025-12-04 21:00:00,129.1
2025-12-04 22:00:00,115.98
2025-12-04 23:00:00,108.88
2025-12-05 00:00:00,104.16
2025-12-05 01:00:00,100.44
2025-12-05 02:00:00,93.98
2025-12-05 03:00:00,89.22
2025-12-05 04:00:00,93.61
2025-12-05 05:00:00,93.71
2025-12-05 06:00:00,98.6
2025-12-05 07:00:00,144.22
2025-12-05 08:00:00,160.63
2025-12-05 09:00:00,198.36
2025-12-05 10:00:00,179.2
2025-12-05 11:00:00,172.69
2025-12-05 12:00:00,166.74
2025-12-05 13:00:00,158.97
2025-12-05 14:00:00,152.98
2025-12-05 15:00:00,152.51
2025-12-05 16:00:00,153.8
2025-12-05 17:00:00,161.38
2025-12-05 18:00:00,156.88
2025-12-05 19:00:00,144.78
2025-12-05 20:00:00,123.86
2025-12-05 21:00:00,109.53
2025-12-05 22:00:00,104.21
2025-12-05 23:00:00,100.34
2025-12-06 00:00:00,96.23
2025-12-06 01:00:00,87.63
2025-12-06 02:00:00,81.66
2025-12-06 03:00:00,77.59
2025-12-06 04:00:00,77.82
2025-12-06 05:00:00,83.95
2025-12-06 06:00:00,77.54
2025-12-06 07:00:00,97.36
2025-12-06 08:00:00,108.62
2025-12-06 09:00:00,112.86
2025-12-06 10:00:00,107.62
2025-12-06 11:00:00,106.44
2025-12-06 12:00:00,105.56
2025-12-06 13:00:00,102.72
2025-12-06 14:00:00,104.03
2025-12-06 15:00:00,113.46
2025-12-06 16:00:00,122.58
2025-12-06 17:00:00,127.17
2025-12-06 18:00:00,123.11
2025-12-06 19:00:00,124.65
2025-12-06 20:00:00,133.97
2025-12-06 21:00:00,108.04
2025-12-06 22:00:00,99.23
2025-12-06 23:00:00,93.76
2025-12-07 00:00:00,90.3
2025-12-07 01:00:00,81.97
2025-12-07 02:00:00,82.29
2025-12-07 03:00:00,76.15
2025-12-07 04:00:00,77.3
2025-12-07 05:00:00,76.6
2025-12-07 06:00:00,75.13
2025-12-07 07:00:00,82.04
2025-12-07 08:00:00,84.24
2025-12-07 09:00:00,90.63
2025-12-07 10:00:00,95.41
2025-12-07 11:00:00,90.82
2025-12-07 12:00:00,101.44
2025-12-07 13:00:00,102.56
2025-12-07 14:00:00,107.19
2025-12-07 15:00:00,106.99
2025-12-07 16:00:00,110.46
2025-12-07 17:00:00,115.54
2025-12-07 18:00:00,110.45
2025-12-07 19:00:00,113.52
2025-12-07 20:00:00,118.32
2025-12-07 21:00:00,112.14
2025-12-07 22:00:00,101.24
2025-12-07 23:00:00,86.06
2025-12-08 00:00:00,77.61
2025-12-08 01:00:00,74.75
2025-12-08 02:00:00,68.14
2025-12-08 03:00:00,75.65
2025-12-08 04:00:00,73.0
2025-12-08 05:00:00,81.64
2025-12-08 06:00:00,88.06
2025-12-08 07:00:00,120.78
2025-12-08 08:00:00,120.79
2025-12-08 09:00:00,120.04
2025-12-08 10:00:00,123.94
2025-12-08 11:00:00,108.56
2025-12-08 12:00:00,104.06
2025-12-08 13:00:00,104.36
2025-12-08 14:00:00,98.87
2025-12-08 15:00:00,109.04
2025-12-08 16:00:00,127.13
2025-12-08 17:00:00,136.33
2025-12-08 18:00:00,125.43
2025-12-08 19:00:00,128.91
2025-12-08 20:00:00,127.98
2025-12-08 21:00:00,121.54
2025-12-08 22:00:00,114.9
2025-12-08 23:00:00,96.89
2025-12-09 00:00:00,90.27
2025-12-09 01:00:00,85.33
2025-12-09 02:00:00,86.1
2025-12-09 03:00:00,82.12
2025-12-09 04:00:00,82.07
2025-12-09 05:00:00,79.7
2025-12-09 06:00:00,91.53
2025-12-09 07:00:00,110.23
2025-12-09 08:00:00,137.36
2025-12-09 09:00:00,128.82
2025-12-09 10:00:00,118.43
2025-12-09 11:00:00,110.9
2025-12-09 12:00:00,111.39
2025-12-09 13:00:00,115.63
2025-12-09 14:00:00,122.28
2025-12-09 15:00:00,111.21
2025-12-09 16:00:00,129.24
2025-12-09 17:00:00,140.51
2025-12-09 18:00:00,137.0
2025-12-09 19:00:00,136.32
2025-12-09 20:00:00,136.69
2025-12-09 21:00:00,115.69
2025-12-09 22:00:00,115.6
2025-12-09 23:00:00,95.78
2025-12-10 00:00:00,81.84
2025-12-10 01:00:00,80.44
2025-12-10 02:00:00,79.96
2025-12-10 03:00:00,79.93
2025-12-10 04:00:00,80.55
2025-12-10 05:00:00,74.32
2025-12-10 06:00:00,86.63
2025-12-10 07:00:00,108.43
2025-12-10 08:00:00,114.1
2025-12-10 09:00:00,135.06
2025-12-10 10:00:00,117.81
2025-12-10 11:00:00,104.07
2025-12-10 12:00:00,99.51
2025-12-10 13:00:00,103.29
2025-12-10 14:00:00,99.95
2025-12-10 15:00:00,108.93
2025-12-10 16:00:00,115.28
2025-12-10 17:00:00,120.04
2025-12-10 18:00:00,115.99
2025-12-10 19:00:00,114.38
2025-12-10 20:00:00,103.66
2025-12-10 21:00:00,107.04
2025-12-10 22:00:00,104.36
2025-12-10 23:00:00,84.42
2025-12-11 00:00:00,98.4
2025-12-11 01:00:00,90.47
2025-12-11 02:00:00,88.8
2025-12-11 03:00:00,87.3
2025-12-11 04:00:00,87.79
2025-12-11 05:00:00,85.62
2025-12-11 06:00:00,88.1
2025-12-11 07:00:00,106.47
2025-12-11 08:00:00,106.4
2025-12-11 09:00:00,127.21
2025-12-11 10:00:00,119.33
2025-12-11 11:00:00,108.17
2025-12-11 12:00:00,105.33
2025-12-11 13:00:00,100.63
2025-12-11 14:00:00,102.22
2025-12-11 15:00:00,104.81
2025-12-11 16:00:00,112.94
2025-12-11 17:00:00,121.76
2025-12-11 18:00:00,126.63
2025-12-11 19:00:00,130.53
2025-12-11 20:00:00,117.31
2025-12-11 21:00:00,112.48
2025-12-11 22:00:00,110.59
2025-12-11 23:00:00,105.99
2025-12-12 00:00:00,98.37
2025-12-12 01:00:00,96.53
2025-12-12 02:00:00,96.33
2025-12-12 03:00:00,95.42
2025-12-12 04:00:00,89.52
2025-12-12 05:00:00,91.55
2025-12-12 06:00:00,99.06
2025-12-12 07:00:00,118.84
2025-12-12 08:00:00,129.55
2025-12-12 09:00:00,134.52
2025-12-12 10:00:00,130.1
2025-12-12 11:00:00,123.67
2025-12-12 12:00:00,112.69
2025-12-12 13:00:00,115.48
2025-12-12 14:00:00,116.4
2025-12-12 15:00:00,124.41
2025-12-12 16:00:00,139.99
2025-12-12 17:00:00,151.88
2025-12-12 18:00:00,137.2
2025-12-12 19:00:00,136.49
2025-12-12 20:00:00,140.81
2025-12-12 21:00:00,129.53
2025-12-12 22:00:00,113.92
2025-12-12 23:00:00,108.76
2025-12-13 00:00:00,107.49
2025-12-13 01:00:00,102.65
2025-12-13 02:00:00,98.71
2025-12-13 03:00:00,95.01
2025-12-13 04:00:00,88.28
2025-12-13 05:00:00,91.88
2025-12-13 06:00:00,96.57
2025-12-13 07:00:00,109.43
2025-12-13 08:00:00,113.54
2025-12-13 09:00:00,110.46
2025-12-13 10:00:00,109.45
2025-12-13 11:00:00,104.15
2025-12-13 12:00:00,102.36
2025-12-13 13:00:00,100.77
2025-12-13 14:00:00,98.25
2025-12-13 15:00:00,109.46
2025-12-13 16:00:00,115.72
2025-12-13 17:00:00,121.59
2025-12-13 18:00:00,119.27
2025-12-13 19:00:00,122.13
2025-12-13 20:00:00,128.2
2025-12-13 21:00:00,121.0
2025-12-13 22:00:00,109.85
2025-12-13 23:00:00,101.24
2025-12-14 00:00:00,97.5
2025-12-14 01:00:00,99.69
2025-12-14 02:00:00,90.25
2025-12-14 03:00:00,81.71
2025-12-14 04:00:00,84.46
2025-12-14 05:00:00,82.4
2025-12-14 06:00:00,79.05
2025-12-14 07:00:00,93.48
2025-12-14 08:00:00,85.71
2025-12-14 09:00:00,104.78
2025-12-14 10:00:00,105.7
2025-12-14 11:00:00,103.26
2025-12-14 12:00:00,100.16
2025-12-14 13:00:00,102.77
2025-12-14 14:00:00,89.33
2025-12-14 15:00:00,93.98
2025-12-14 16:00:00,110.02
2025-12-14 17:00:00,116.77
2025-12-14 18:00:00,118.15
2025-12-14 19:00:00,116.5
2025-12-14 20:00:00,116.5
2025-12-14 21:00:00,112.1
2025-12-14 22:00:00,103.73
2025-12-14 23:00:00,97.36
2025-12-15 00:00:00,88.25
2025-12-15 01:00:00,85.68
2025-12-15 02:00:00,83.66
2025-12-15 03:00:00,83.93
2025-12-15 04:00:00,82.66
2025-12-15 05:00:00,70.74
2025-12-15 06:00:00,103.3
2025-12-15 07:00:00,109.31
2025-12-15 08:00:00,141.28
2025-12-15 09:00:00,156.56
2025-12-15 10:00:00,129.57
2025-12-15 11:00:00,112.05
2025-12-15 12:00:00,102.1
2025-12-15 13:00:00,108.21
2025-12-15 14:00:00,107.62
2025-12-15 15:00:00,120.23
2025-12-15 16:00:00,145.46
2025-12-15 17:00:00,136.97
2025-12-15 18:00:00,134.86
2025-12-15 19:00:00,125.45
2025-12-15 20:00:00,132.78
2025-12-15 21:00:00,110.72
2025-12-15 22:00:00,100.24
2025-12-15 23:00:00,99.91
2025-12-16 00:00:00,96.02
2025-12-16 01:00:00,99.78
2025-12-16 02:00:00,93.93
2025-12-16 03:00:00,94.03
2025-12-16 04:00:00,99.67
2025-12-16 05:00:00,89.63
2025-12-16 06:00:00,104.03
2025-12-16 07:00:00,108.36
2025-12-16 08:00:00,147.04
2025-12-16 09:00:00,137.85
2025-12-16 10:00:00,131.95
2025-12-16 11:00:00,122.1
2025-12-16 12:00:00,117.3
2025-12-16 13:00:00,121.18
2025-12-16 14:00:00,124.96
2025-12-16 15:00:00,131.59
2025-12-16 16:00:00,174.58
2025-12-16 17:00:00,190.95
2025-12-16 18:00:00,162.49
2025-12-16 19:00:00,166.52
2025-12-16 20:00:00,124.35
2025-12-16 21:00:00,134.93
2025-12-16 22:00:00,129.5
2025-12-16 23:00:00,114.56
2025-12-17 00:00:00,100.6
2025-12-17 01:00:00,98.45
2025-12-17 02:00:00,93.15
2025-12-17 03:00:00,91.86
2025-12-17 04:00:00,92.08
2025-12-17 05:00:00,90.66
2025-12-17 06:00:00,107.95
2025-12-17 07:00:00,130.3
2025-12-17 08:00:00,151.62
2025-12-17 09:00:00,151.37
2025-12-17 10:00:00,137.77
2025-12-17 11:00:00,127.82
2025-12-17 12:00:00,126.6
2025-12-17 13:00:00,132.35
2025-12-17 14:00:00,122.79
2025-12-17 15:00:00,124.4
2025-12-17 16:00:00,134.42
2025-12-17 17:00:00,148.04
2025-12-17 18:00:00,151.76
2025-12-17 19:00:00,145.94
2025-12-17 20:00:00,139.38
2025-12-17 21:00:00,124.91
2025-12-17 22:00:00,117.26
2025-12-17 23:00:00,107.49
2025-12-18 00:00:00,89.55
2025-12-18 01:00:00,86.22
2025-12-18 02:00:00,93.8
2025-12-18 03:00:00,87.58
2025-12-18 04:00:00,84.98
2025-12-18 05:00:00,83.01
2025-12-18 06:00:00,101.22
2025-12-18 07:00:00,113.31
2025-12-18 08:00:00,157.68
2025-12-18 09:00:00,154.06
2025-12-18 10:00:00,138.42
2025-12-18 11:00:00,118.93
2025-12-18 12:00:00,113.57
2025-12-18 13:00:00,113.18
2025-12-18 14:00:00,113.83
2025-12-18 15:00:00,120.45
2025-12-18 16:00:00,171.16
2025-12-18 17:00:00,152.0
2025-12-18 18:00:00,147.54
2025-12-18 19:00:00,129.0
2025-12-18 20:00:00,137.21
2025-12-18 21:00:00,95.6
2025-12-18 22:00:00,95.87
2025-12-18 23:00:00,84.03
2025-12-19 00:00:00,62.2
2025-12-19 01:00:00,91.0
2025-12-19 02:00:00,70.0
2025-12-19 03:00:00,67.38
2025-12-19 04:00:00,80.0
2025-12-19 05:00:00,96.4
2025-12-19 06:00:00,102.44
2025-12-19 07:00:00,92.69
2025-12-19 08:00:00,108.05
2025-12-19 09:00:00,122.54
2025-12-19 10:00:00,118.37
2025-12-19 11:00:00,112.41
2025-12-19 12:00:00,99.46
2025-12-19 13:00:00,105.1
2025-12-19 14:00:00,104.42
2025-12-19 15:00:00,107.12
2025-12-19 16:00:00,138.82
2025-12-19 17:00:00,121.51
2025-12-19 18:00:00,125.18
2025-12-19 19:00:00,122.37
2025-12-19 20:00:00,116.71
2025-12-19 21:00:00,107.65
2025-12-19 22:00:00,113.01
2025-12-19 23:00:00,94.08
2025-12-20 00:00:00,99.25
2025-12-20 01:00:00,95.73
2025-12-20 02:00:00,89.0
2025-12-20 03:00:00,87.19
2025-12-20 04:00:00,87.89
2025-12-20 05:00:00,87.92
2025-12-20 06:00:00,93.52
2025-12-20 07:00:00,101.28
2025-12-20 08:00:00,110.26
2025-12-20 09:00:00,116.49
2025-12-20 10:00:00,116.17
2025-12-20 11:00:00,115.43
2025-12-20 12:00:00,111.21
2025-12-20 13:00:00,112.26
2025-12-20 14:00:00,118.56
2025-12-20 15:00:00,120.12
2025-12-20 16:00:00,126.29
2025-12-20 17:00:00,130.65
2025-12-20 18:00:00,132.04
2025-12-20 19:00:00,129.38
2025-12-20 20:00:00,121.0
2025-12-20 21:00:00,120.73
2025-12-20 22:00:00,115.74
2025-12-20 23:00:00,106.97
2025-12-21 00:00:00,106.11
2025-12-21 01:00:00,100.68
2025-12-21 02:00:00,92.35
2025-12-21 03:00:00,88.26
2025-12-21 04:00:00,88.3
2025-12-21 05:00:00,90.35
2025-12-21 06:00:00,87.21
2025-12-21 07:00:00,92.43
2025-12-21 08:00:00,101.18
2025-12-21 09:00:00,108.81
2025-12-21 10:00:00,114.22
2025-12-21 11:00:00,110.94
2025-12-21 12:00:00,110.05
2025-12-21 13:00:00,109.98
2025-12-21 14:00:00,108.9
2025-12-21 15:00:00,110.19
2025-12-21 16:00:00,112.92
2025-12-21 17:00:00,119.39
2025-12-21 18:00:00,117.05
2025-12-21 19:00:00,117.83
2025-12-21 20:00:00,119.29
2025-12-21 21:00:00,118.57
2025-12-21 22:00:00,111.36
2025-12-21 23:00:00,96.42
2025-12-22 00:00:00,88.26
2025-12-22 01:00:00,84.56
2025-12-22 02:00:00,85.12
2025-12-22 03:00:00,78.99
2025-12-22 04:00:00,81.58
2025-12-22 05:00:00,79.02
2025-12-22 06:00:00,85.56
2025-12-22 07:00:00,104.7
2025-12-22 08:00:00,109.57
2025-12-22 09:00:00,129.47
2025-12-22 10:00:00,124.77
2025-12-22 11:00:00,120.51
2025-12-22 12:00:00,109.63
2025-12-22 13:00:00,118.42
2025-12-22 14:00:00,120.85
2025-12-22 15:00:00,106.97
2025-12-22 16:00:00,134.5
2025-12-22 17:00:00,127.29
2025-12-22 18:00:00,127.78
2025-12-22 19:00:00,130.18
2025-12-22 20:00:00,132.89
2025-12-22 21:00:00,104.35
2025-12-22 22:00:00,115.32
2025-12-22 23:00:00,104.88
2025-12-23 00:00:00,83.01
2025-12-23 01:00:00,81.47
2025-12-23 02:00:00,77.5
2025-12-23 03:00:00,81.61
2025-12-23 04:00:00,82.81
2025-12-23 05:00:00,67.31
2025-12-23 06:00:00,64.99
2025-12-23 07:00:00,92.0
2025-12-23 08:00:00,104.67
2025-12-23 09:00:00,117.1
2025-12-23 10:00:00,119.2
2025-12-23 11:00:00,116.02
2025-12-23 12:00:00,117.42
2025-12-23 13:00:00,118.96
2025-12-23 14:00:00,112.05
2025-12-23 15:00:00,106.37
2025-12-23 16:00:00,107.97
2025-12-23 17:00:00,98.48
2025-12-23 18:00:00,109.42
2025-12-23 19:00:00,108.13
2025-12-23 20:00:00,107.33
2025-12-23 21:00:00,105.91
2025-12-23 22:00:00,96.84
2025-12-23 23:00:00,93.19
2025-12-24 00:00:00,86.25
2025-12-24 01:00:00,82.32
2025-12-24 02:00:00,72.62
2025-12-24 03:00:00,73.43
2025-12-24 04:00:00,60.37
2025-12-24 05:00:00,59.42
2025-12-24 06:00:00,67.3
2025-12-24 07:00:00,63.67
2025-12-24 08:00:00,75.67
2025-12-24 09:00:00,99.5
2025-12-24 10:00:00,98.0
2025-12-24 11:00:00,93.38
2025-12-24 12:00:00,92.62
2025-12-24 13:00:00,92.75
2025-12-24 14:00:00,84.48
2025-12-24 15:00:00,82.44
2025-12-24 16:00:00,109.44
2025-12-24 17:00:00,121.35
2025-12-24 18:00:00,104.67
2025-12-24 19:00:00,87.02
2025-12-24 20:00:00,84.49
2025-12-24 21:00:00,88.0
2025-12-24 22:00:00,92.87
2025-12-24 23:00:00,72.65
2025-12-25 00:00:00,72.7
2025-12-25 01:00:00,65.67
2025-12-25 02:00:00,67.28
2025-12-25 03:00:00,67.07
2025-12-25 04:00:00,61.9
2025-12-25 05:00:00,61.71
2025-12-25 06:00:00,66.9
2025-12-25 07:00:00,47.16
2025-12-25 08:00:00,76.68
2025-12-25 09:00:00,82.95
2025-12-25 10:00:00,74.24
2025-12-25 11:00:00,74.74
2025-12-25 12:00:00,80.74
2025-12-25 13:00:00,62.66
2025-12-25 14:00:00,64.15
2025-12-25 15:00:00,90.11
2025-12-25 16:00:00,100.72
2025-12-25 17:00:00,105.86
2025-12-25 18:00:00,106.6
2025-12-25 19:00:00,108.83
2025-12-25 20:00:00,119.39
2025-12-25 21:00:00,119.02
2025-12-25 22:00:00,117.67
2025-12-25 23:00:00,109.72
2025-12-26 00:00:00,106.45
2025-12-26 01:00:00,95.66
2025-12-26 02:00:00,90.74
2025-12-26 03:00:00,85.0
2025-12-26 04:00:00,80.52
2025-12-26 05:00:00,81.61
2025-12-26 06:00:00,80.65
2025-12-26 07:00:00,89.47
2025-12-26 08:00:00,94.93
2025-12-26 09:00:00,103.9
2025-12-26 10:00:00,96.0
2025-12-26 11:00:00,89.0
2025-12-26 12:00:00,83.11
2025-12-26 13:00:00,80.0
2025-12-26 14:00:00,75.12
2025-12-26 15:00:00,91.32
2025-12-26 16:00:00,112.49
2025-12-26 17:00:00,120.79
2025-12-26 18:00:00,120.2
2025-12-26 19:00:00,118.73
2025-12-26 20:00:00,122.93
2025-12-26 21:00:00,119.79
2025-12-26 22:00:00,119.14
2025-12-26 23:00:00,111.66
2025-12-27 00:00:00,103.71
2025-12-27 01:00:00,103.01
2025-12-27 02:00:00,88.61
2025-12-27 03:00:00,85.64
2025-12-27 04:00:00,84.9
2025-12-27 05:00:00,79.97
2025-12-27 06:00:00,78.07
2025-12-27 07:00:00,94.56
2025-12-27 08:00:00,106.07
2025-12-27 09:00:00,109.58
2025-12-27 10:00:00,102.61
2025-12-27 11:00:00,78.11
2025-12-27 12:00:00,78.0
2025-12-27 13:00:00,71.67
2025-12-27 14:00:00,69.24
2025-12-27 15:00:00,90.02
2025-12-27 16:00:00,110.16
2025-12-27 17:00:00,127.43
2025-12-27 18:00:00,125.82
2025-12-27 19:00:00,127.33
2025-12-27 20:00:00,124.77
2025-12-27 21:00:00,103.95
2025-12-27 22:00:00,109.51
2025-12-27 23:00:00,103.71
2025-12-28 00:00:00,111.28
2025-12-28 01:00:00,91.22
2025-12-28 02:00:00,88.66
2025-12-28 03:00:00,85.79
2025-12-28 04:00:00,83.65
2025-12-28 05:00:00,85.0
2025-12-28 06:00:00,82.8
2025-12-28 07:00:00,93.25
2025-12-28 08:00:00,94.08
2025-12-28 09:00:00,100.77
2025-12-28 10:00:00,100.74
2025-12-28 11:00:00,80.43
2025-12-28 12:00:00,82.85
2025-12-28 13:00:00,76.6
2025-12-28 14:00:00,80.29
2025-12-28 15:00:00,87.9
2025-12-28 16:00:00,103.69
2025-12-28 17:00:00,113.03
2025-12-28 18:00:00,122.17
2025-12-28 19:00:00,116.17
2025-12-28 20:00:00,108.44
2025-12-28 21:00:00,101.08
2025-12-28 22:00:00,100.01
2025-12-28 23:00:00,97.74
2025-12-29 00:00:00,102.93
2025-12-29 01:00:00,93.43
2025-12-29 02:00:00,89.89
2025-12-29 03:00:00,84.38
2025-12-29 04:00:00,82.09
2025-12-29 05:00:00,84.67
2025-12-29 06:00:00,87.64
2025-12-29 07:00:00,108.36
2025-12-29 08:00:00,119.18
2025-12-29 09:00:00,120.05
2025-12-29 10:00:00,107.76
2025-12-29 11:00:00,94.89
2025-12-29 12:00:00,88.42
2025-12-29 13:00:00,87.81
2025-12-29 14:00:00,90.38
2025-12-29 15:00:00,97.73
2025-12-29 16:00:00,98.69
2025-12-29 17:00:00,101.79
2025-12-29 18:00:00,114.41
2025-12-29 19:00:00,100.92
2025-12-29 20:00:00,108.0
2025-12-29 21:00:00,117.17
2025-12-29 22:00:00,82.17
2025-12-29 23:00:00,87.2
2025-12-30 00:00:00,85.59
2025-12-30 01:00:00,81.54
2025-12-30 02:00:00,82.92
2025-12-30 03:00:00,78.9
2025-12-30 04:00:00,82.34
2025-12-30 05:00:00,81.17
2025-12-30 06:00:00,66.63
2025-12-30 07:00:00,83.06
2025-12-30 08:00:00,93.18
2025-12-30 09:00:00,104.6
2025-12-30 10:00:00,96.73
2025-12-30 11:00:00,81.4
2025-12-30 12:00:00,78.97
2025-12-30 13:00:00,72.83
2025-12-30 14:00:00,71.63
2025-12-30 15:00:00,91.61
2025-12-30 16:00:00,100.86
2025-12-30 17:00:00,109.38
2025-12-30 18:00:00,116.04
2025-12-30 19:00:00,105.2
2025-12-30 20:00:00,103.3
2025-12-30 21:00:00,100.95
2025-12-30 22:00:00,97.94
2025-12-30 23:00:00,94.86
2025-12-31 00:00:00,94.87
2025-12-31 01:00:00,90.11
2025-12-31 02:00:00,83.54
2025-12-31 03:00:00,80.0
2025-12-31 04:00:00,74.41
2025-12-31 05:00:00,75.05
2025-12-31 06:00:00,77.82
2025-12-31 07:00:00,85.06
2025-12-31 08:00:00,95.06
2025-12-31 09:00:00,103.79
2025-12-31 10:00:00,98.03
2025-12-31 11:00:00,87.93
2025-12-31 12:00:00,83.3
2025-12-31 13:00:00,83.1
2025-12-31 14:00:00,85.2
2025-12-31 15:00:00,100.0
2025-12-31 16:00:00,116.13
2025-12-31 17:00:00,134.03
2025-12-31 18:00:00,120.77
2025-12-31 19:00:00,119.65
2025-12-31 20:00:00,128.05
2025-12-31 21:00:00,123.02
2025-12-31 22:00:00,124.2
2025-12-31 23:00:00,103.39
2026-01-01 00:00:00,106.27
2026-01-01 01:00:00,101.95
2026-01-01 02:00:00,100.02
2026-01-01 03:00:00,85.07
2026-01-01 04:00:00,55.51
2026-01-01 05:00:00,54.76
2026-01-01 06:00:00,39.32
2026-01-01 07:00:00,46.74
2026-01-01 08:00:00,48.69
2026-01-01 09:00:00,55.43
2026-01-01 10:00:00,49.22
2026-01-01 11:00:00,43.04
2026-01-01 12:00:00,24.23
2026-01-01 13:00:00,42.71
2026-01-01 14:00:00,41.38
2026-01-01 15:00:00,59.73
2026-01-01 16:00:00,45.37
2026-01-01 17:00:00,78.21
2026-01-01 18:00:00,84.94
2026-01-01 19:00:00,91.84
2026-01-01 20:00:00,109.39
2026-01-01 21:00:00,109.24
2026-01-01 22:00:00,108.65
2026-01-01 23:00:00,97.13
2026-01-02 00:00:00,97.3
2026-01-02 01:00:00,74.86
2026-01-02 02:00:00,45.14
2026-01-02 03:00:00,29.52
2026-01-02 04:00:00,28.68
2026-01-02 05:00:00,31.78
2026-01-02 06:00:00,19.08
2026-01-02 07:00:00,93.9
2026-01-02 08:00:00,100.71
2026-01-02 09:00:00,102.0
2026-01-02 10:00:00,95.06
2026-01-02 11:00:00,89.04
2026-01-02 12:00:00,82.07
2026-01-02 13:00:00,78.96
2026-01-02 14:00:00,82.58
2026-01-02 15:00:00,93.23
2026-01-02 16:00:00,105.27
2026-01-02 17:00:00,120.11
2026-01-02 18:00:00,117.44
2026-01-02 19:00:00,118.69
2026-01-02 20:00:00,126.29
2026-01-02 21:00:00,118.98
2026-01-02 22:00:00,105.28
2026-01-02 23:00:00,87.51
2026-01-03 00:00:00,84.34
2026-01-03 01:00:00,80.9
2026-01-03 02:00:00,88.35
2026-01-03 03:00:00,86.29
2026-01-03 04:00:00,83.06
2026-01-03 05:00:00,75.67
2026-01-03 06:00:00,79.67
2026-01-03 07:00:00,78.56
2026-01-03 08:00:00,87.85
2026-01-03 09:00:00,95.35
2026-01-03 10:00:00,98.94
2026-01-03 11:00:00,91.95
2026-01-03 12:00:00,87.85
2026-01-03 13:00:00,85.85
2026-01-03 14:00:00,85.11
2026-01-03 15:00:00,90.0
2026-01-03 16:00:00,102.21
2026-01-03 17:00:00,113.19
2026-01-03 18:00:00,115.51
2026-01-03 19:00:00,111.55
2026-01-03 20:00:00,114.07
2026-01-03 21:00:00,113.9
2026-01-03 22:00:00,90.88
2026-01-03 23:00:00,92.8
2026-01-04 00:00:00,94.01
2026-01-04 01:00:00,87.72
2026-01-04 02:00:00,87.13
2026-01-04 03:00:00,85.36
2026-01-04 04:00:00,82.6
2026-01-04 05:00:00,82.51
2026-01-04 06:00:00,82.83
2026-01-04 07:00:00,85.62
2026-01-04 08:00:00,87.22
2026-01-04 09:00:00,94.02
2026-01-04 10:00:00,103.94
2026-01-04 11:00:00,93.85
2026-01-04 12:00:00,91.3
2026-01-04 13:00:00,86.2
2026-01-04 14:00:00,83.5
2026-01-04 15:00:00,83.78
2026-01-04 16:00:00,101.32
2026-01-04 17:00:00,113.99
2026-01-04 18:00:00,121.0
2026-01-04 19:00:00,123.5
2026-01-04 20:00:00,121.3
2026-01-04 21:00:00,106.87
2026-01-04 22:00:00,111.85
2026-01-04 23:00:00,97.61
2026-01-05 00:00:00,108.05
2026-01-05 01:00:00,92.96
2026-01-05 02:00:00,87.21
2026-01-05 03:00:00,86.36
2026-01-05 04:00:00,86.25
2026-01-05 05:00:00,87.46
2026-01-05 06:00:00,87.38
2026-01-05 07:00:00,114.46
2026-01-05 08:00:00,145.35
2026-01-05 09:00:00,162.99
2026-01-05 10:00:00,162.46
2026-01-05 11:00:00,140.74
2026-01-05 12:00:00,135.01
2026-01-05 13:00:00,133.82
2026-01-05 14:00:00,140.51
2026-01-05 15:00:00,174.0
2026-01-05 16:00:00,184.88
2026-01-05 17:00:00,201.66
2026-01-05 18:00:00,219.44
2026-01-05 19:00:00,222.12
2026-01-05 20:00:00,171.3
2026-01-05 21:00:00,137.82
2026-01-05 22:00:00,128.71
2026-01-05 23:00:00,119.51
2026-01-06 00:00:00,114.77
2026-01-06 01:00:00,110.0
2026-01-06 02:00:00,104.37
2026-01-06 03:00:00,101.03
2026-01-06 04:00:00,99.11
2026-01-06 05:00:00,100.39
2026-01-06 06:00:00,112.07
2026-01-06 07:00:00,121.67
2026-01-06 08:00:00,153.51
2026-01-06 09:00:00,189.91
2026-01-06 10:00:00,176.85
2026-01-06 11:00:00,161.63
2026-01-06 12:00:00,140.92
2026-01-06 13:00:00,133.71
2026-01-06 14:00:00,128.49
2026-01-06 15:00:00,129.22
2026-01-06 16:00:00,132.28
2026-01-06 17:00:00,142.17
2026-01-06 18:00:00,159.94
2026-01-06 19:00:00,154.98
2026-01-06 20:00:00,133.99
2026-01-06 21:00:00,124.11
2026-01-06 22:00:00,115.93
2026-01-06 23:00:00,106.62
2026-01-07 00:00:00,102.18
2026-01-07 01:00:00,93.5
2026-01-07 02:00:00,87.14
2026-01-07 03:00:00,83.86
2026-01-07 04:00:00,81.01
2026-01-07 05:00:00,85.78
2026-01-07 06:00:00,106.99
2026-01-07 07:00:00,131.06
2026-01-07 08:00:00,148.78
2026-01-07 09:00:00,176.03
2026-01-07 10:00:00,163.46
2026-01-07 11:00:00,151.44
2026-01-07 12:00:00,162.41
2026-01-07 13:00:00,171.46
2026-01-07 14:00:00,161.49
2026-01-07 15:00:00,200.31
2026-01-07 16:00:00,170.06
2026-01-07 17:00:00,192.99
2026-01-07 18:00:00,198.64
2026-01-07 19:00:00,179.3
2026-01-07 20:00:00,196.89
2026-01-07 21:00:00,141.54
2026-01-07 22:00:00,122.5
2026-01-07 23:00:00,117.51
2026-01-08 00:00:00,110.4
2026-01-08 01:00:00,100.56
2026-01-08 02:00:00,84.7
2026-01-08 03:00:00,82.64
2026-01-08 04:00:00,81.04
2026-01-08 05:00:00,85.26
2026-01-08 06:00:00,106.6
2026-01-08 07:00:00,137.15
2026-01-08 08:00:00,184.36
2026-01-08 09:00:00,230.18
2026-01-08 10:00:00,204.01
2026-01-08 11:00:00,218.84
2026-01-08 12:00:00,209.02
2026-01-08 13:00:00,209.96
2026-01-08 14:00:00,219.52
2026-01-08 15:00:00,240.05
2026-01-08 16:00:00,214.14
2026-01-08 17:00:00,264.63
2026-01-08 18:00:00,261.42
2026-01-08 19:00:00,232.0
2026-01-08 20:00:00,187.11
2026-01-08 21:00:00,150.64
2026-01-08 22:00:00,131.34
2026-01-08 23:00:00,116.72
2026-01-09 00:00:00,111.42
2026-01-09 01:00:00,98.0
2026-01-09 02:00:00,93.98
2026-01-09 03:00:00,85.69
2026-01-09 04:00:00,95.3
2026-01-09 05:00:00,100.61
2026-01-09 06:00:00,113.39
2026-01-09 07:00:00,205.33
2026-01-09 08:00:00,181.93
2026-01-09 09:00:00,187.96
2026-01-09 10:00:00,137.9
2026-01-09 11:00:00,156.03
2026-01-09 12:00:00,152.69
2026-01-09 13:00:00,152.61
2026-01-09 14:00:00,132.42
2026-01-09 15:00:00,144.56
2026-01-09 16:00:00,144.04
2026-01-09 17:00:00,143.03
2026-01-09 18:00:00,140.37
2026-01-09 19:00:00,148.06
2026-01-09 20:00:00,203.77
2026-01-09 21:00:00,143.11
2026-01-09 22:00:00,113.37
2026-01-09 23:00:00,106.68
2026-01-10 00:00:00,123.04
2026-01-10 01:00:00,116.52
2026-01-10 02:00:00,111.53
2026-01-10 03:00:00,105.54
2026-01-10 04:00:00,103.0
2026-01-10 05:00:00,102.0
2026-01-10 06:00:00,109.87
2026-01-10 07:00:00,110.33
2026-01-10 08:00:00,128.66
2026-01-10 09:00:00,153.78
2026-01-10 10:00:00,146.01
2026-01-10 11:00:00,139.45
2026-01-10 12:00:00,135.55
2026-01-10 13:00:00,132.43
2026-01-10 14:00:00,129.5
2026-01-10 15:00:00,127.35
2026-01-10 16:00:00,126.41
2026-01-10 17:00:00,136.43
2026-01-10 18:00:00,145.6
2026-01-10 19:00:00,135.3
2026-01-10 20:00:00,129.73
2026-01-10 21:00:00,119.24
2026-01-10 22:00:00,115.11
2026-01-10 23:00:00,101.76
2026-01-11 00:00:00,108.2
2026-01-11 01:00:00,98.99
2026-01-11 02:00:00,91.99
2026-01-11 03:00:00,84.18
2026-01-11 04:00:00,85.04
2026-01-11 05:00:00,81.64
2026-01-11 06:00:00,80.93
2026-01-11 07:00:00,81.13
2026-01-11 08:00:00,87.02
2026-01-11 09:00:00,103.91
2026-01-11 10:00:00,103.93
2026-01-11 11:00:00,102.68
2026-01-11 12:00:00,99.8
2026-01-11 13:00:00,99.08
2026-01-11 14:00:00,96.97
2026-01-11 15:00:00,90.57
2026-01-11 16:00:00,104.14
2026-01-11 17:00:00,117.44
2026-01-11 18:00:00,119.74
2026-01-11 19:00:00,117.16
2026-01-11 20:00:00,117.26
2026-01-11 21:00:00,114.43
2026-01-11 22:00:00,111.24
2026-01-11 23:00:00,102.19
2026-01-12 00:00:00,84.42
2026-01-12 01:00:00,85.29
2026-01-12 02:00:00,88.07
2026-01-12 03:00:00,82.19
2026-01-12 04:00:00,86.7
2026-01-12 05:00:00,81.17
2026-01-12 06:00:00,115.32
2026-01-12 07:00:00,173.11
2026-01-12 08:00:00,278.0
2026-01-12 09:00:00,292.17
2026-01-12 10:00:00,250.21
2026-01-12 11:00:00,237.4
2026-01-12 12:00:00,222.66
2026-01-12 13:00:00,264.58
2026-01-12 14:00:00,243.95
2026-01-12 15:00:00,270.05
2026-01-12 16:00:00,311.19
2026-01-12 17:00:00,350.06
2026-01-12 18:00:00,300.68
2026-01-12 19:00:00,348.33
2026-01-12 20:00:00,313.83
2026-01-12 21:00:00,193.93
2026-01-12 22:00:00,135.33
2026-01-12 23:00:00,120.63
2026-01-13 00:00:00,115.3
2026-01-13 01:00:00,119.62
2026-01-13 02:00:00,112.39
2026-01-13 03:00:00,106.22
2026-01-13 04:00:00,103.82
2026-01-13 05:00:00,100.38
2026-01-13 06:00:00,121.57
2026-01-13 07:00:00,226.75
2026-01-13 08:00:00,288.0
2026-01-13 09:00:00,339.28
2026-01-13 10:00:00,308.09
2026-01-13 11:00:00,311.91
2026-01-13 12:00:00,330.24
2026-01-13 13:00:00,323.36
2026-01-13 14:00:00,292.93
2026-01-13 15:00:00,319.78
2026-01-13 16:00:00,274.72
2026-01-13 17:00:00,313.0
2026-01-13 18:00:00,317.24
2026-01-13 19:00:00,298.68
2026-01-13 20:00:00,307.5
2026-01-13 21:00:00,198.91
2026-01-13 22:00:00,165.15
2026-01-13 23:00:00,112.81
2026-01-14 00:00:00,121.94
2026-01-14 01:00:00,115.76
2026-01-14 02:00:00,120.22
2026-01-14 03:00:00,119.93
2026-01-14 04:00:00,114.0
2026-01-14 05:00:00,102.69
2026-01-14 06:00:00,125.0
2026-01-14 07:00:00,200.66
2026-01-14 08:00:00,219.05
2026-01-14 09:00:00,248.74
2026-01-14 10:00:00,227.4
2026-01-14 11:00:00,232.64
2026-01-14 12:00:00,180.6
2026-01-14 13:00:00,163.33
2026-01-14 14:00:00,169.59
2026-01-14 15:00:00,140.08
2026-01-14 16:00:00,139.0
2026-01-14 17:00:00,231.59
2026-01-14 18:00:00,252.0
2026-01-14 19:00:00,171.7
2026-01-14 20:00:00,247.5
2026-01-14 21:00:00,241.25
2026-01-14 22:00:00,128.27
2026-01-14 23:00:00,120.98
2026-01-15 00:00:00,119.55
2026-01-15 01:00:00,111.35
2026-01-15 02:00:00,110.97
2026-01-15 03:00:00,107.18
2026-01-15 04:00:00,108.5
2026-01-15 05:00:00,112.14
2026-01-15 06:00:00,119.63
2026-01-15 07:00:00,175.65
2026-01-15 08:00:00,223.85
2026-01-15 09:00:00,232.89
2026-01-15 10:00:00,195.28
2026-01-15 11:00:00,192.78
2026-01-15 12:00:00,186.83
2026-01-15 13:00:00,189.31
2026-01-15 14:00:00,158.95
2026-01-15 15:00:00,162.97
2026-01-15 16:00:00,189.6
2026-01-15 17:00:00,227.42
2026-01-15 18:00:00,223.61
2026-01-15 19:00:00,210.61
2026-01-15 20:00:00,200.8
2026-01-15 21:00:00,123.4
2026-01-15 22:00:00,130.37
2026-01-15 23:00:00,124.28
2026-01-16 00:00:00,127.91
2026-01-16 01:00:00,105.88
2026-01-16 02:00:00,119.84
2026-01-16 03:00:00,116.97
2026-01-16 04:00:00,114.7
2026-01-16 05:00:00,110.85
2026-01-16 06:00:00,111.65
2026-01-16 07:00:00,154.9
2026-01-16 08:00:00,175.15
2026-01-16 09:00:00,192.75
2026-01-16 10:00:00,193.72
2026-01-16 11:00:00,178.83
2026-01-16 12:00:00,178.73
2026-01-16 13:00:00,165.0
2026-01-16 14:00:00,148.88
2026-01-16 15:00:00,151.26
2026-01-16 16:00:00,154.12
2026-01-16 17:00:00,164.0
2026-01-16 18:00:00,174.78
2026-01-16 19:00:00,172.95
2026-01-16 20:00:00,169.0
2026-01-16 21:00:00,137.02
2026-01-16 22:00:00,129.06
2026-01-16 23:00:00,121.66
2026-01-17 00:00:00,122.95
2026-01-17 01:00:00,115.69
2026-01-17 02:00:00,102.23
2026-01-17 03:00:00,100.49
2026-01-17 04:00:00,98.42
2026-01-17 05:00:00,104.21
2026-01-17 06:00:00,103.13
2026-01-17 07:00:00,106.4
2026-01-17 08:00:00,116.16
2026-01-17 09:00:00,126.34
2026-01-17 10:00:00,125.84
2026-01-17 11:00:00,120.52
2026-01-17 12:00:00,119.39
2026-01-17 13:00:00,114.35
2026-01-17 14:00:00,111.27
2026-01-17 15:00:00,115.01
2026-01-17 16:00:00,127.47
2026-01-17 17:00:00,138.01
2026-01-17 18:00:00,140.49
2026-01-17 19:00:00,141.8
2026-01-17 20:00:00,139.4
2026-01-17 21:00:00,116.64
2026-01-17 22:00:00,119.94
2026-01-17 23:00:00,115.99
2026-01-18 00:00:00,115.24
2026-01-18 01:00:00,112.99
2026-01-18 02:00:00,111.23
2026-01-18 03:00:00,103.83
2026-01-18 04:00:00,102.99
2026-01-18 05:00:00,101.43
2026-01-18 06:00:00,100.2
2026-01-18 07:00:00,107.52
2026-01-18 08:00:00,119.34
2026-01-18 09:00:00,115.13
2026-01-18 10:00:00,105.31
2026-01-18 11:00:00,103.63
2026-01-18 12:00:00,98.0
2026-01-18 13:00:00,96.13
2026-01-18 14:00:00,98.0
2026-01-18 15:00:00,101.46
2026-01-18 16:00:00,117.91
2026-01-18 17:00:00,93.75
2026-01-18 18:00:00,129.96
2026-01-18 19:00:00,141.37
2026-01-18 20:00:00,121.25
2026-01-18 21:00:00,130.09
2026-01-18 22:00:00,127.86
2026-01-18 23:00:00,110.0
2026-01-19 00:00:00,104.8
2026-01-19 01:00:00,100.2
2026-01-19 02:00:00,102.12
2026-01-19 03:00:00,100.48
2026-01-19 04:00:00,99.45
2026-01-19 05:00:00,97.7
2026-01-19 06:00:00,114.33
2026-01-19 07:00:00,142.29
2026-01-19 08:00:00,177.24
2026-01-19 09:00:00,190.2
2026-01-19 10:00:00,161.05
2026-01-19 11:00:00,135.21
2026-01-19 12:00:00,120.03
2026-01-19 13:00:00,119.0
2026-01-19 14:00:00,120.68
2026-01-19 15:00:00,135.0
2026-01-19 16:00:00,197.26
2026-01-19 17:00:00,214.69
2026-01-19 18:00:00,249.12
2026-01-19 19:00:00,219.29
2026-01-19 20:00:00,204.43
2026-01-19 21:00:00,147.48
2026-01-19 22:00:00,132.73
2026-01-19 23:00:00,128.56
2026-01-20 00:00:00,133.59
2026-01-20 01:00:00,115.45
2026-01-20 02:00:00,112.63
2026-01-20 03:00:00,110.14
2026-01-20 04:00:00,108.98
2026-01-20 05:00:00,123.26
2026-01-20 06:00:00,123.27
2026-01-20 07:00:00,167.2
2026-01-20 08:00:00,311.21
2026-01-20 09:00:00,242.75
2026-01-20 10:00:00,167.47
2026-01-20 11:00:00,123.64
2026-01-20 12:00:00,109.15
2026-01-20 13:00:00,109.6
2026-01-20 14:00:00,105.95
2026-01-20 15:00:00,135.73
2026-01-20 16:00:00,196.12
2026-01-20 17:00:00,282.71
2026-01-20 18:00:00,224.49
2026-01-20 19:00:00,251.04
2026-01-20 20:00:00,219.45
2026-01-20 21:00:00,212.81
2026-01-20 22:00:00,133.53
2026-01-20 23:00:00,115.5
2026-01-21 00:00:00,113.26
2026-01-21 01:00:00,135.45
2026-01-21 02:00:00,119.28
2026-01-21 03:00:00,114.06
2026-01-21 04:00:00,114.39
2026-01-21 05:00:00,125.31
2026-01-21 06:00:00,137.12
2026-01-21 07:00:00,174.55
2026-01-21 08:00:00,208.92
2026-01-21 09:00:00,172.53
2026-01-21 10:00:00,162.81
2026-01-21 11:00:00,138.24
2026-01-21 12:00:00,135.66
2026-01-21 13:00:00,123.78
2026-01-21 14:00:00,127.05
2026-01-21 15:00:00,155.99
2026-01-21 16:00:00,188.0
2026-01-21 17:00:00,256.52
2026-01-21 18:00:00,215.9
2026-01-21 19:00:00,218.1
2026-01-21 20:00:00,236.51
2026-01-21 21:00:00,177.64
2026-01-21 22:00:00,159.23
2026-01-21 23:00:00,140.31
2026-01-22 00:00:00,126.72
2026-01-22 01:00:00,125.04
2026-01-22 02:00:00,123.24
2026-01-22 03:00:00,116.09
2026-01-22 04:00:00,118.77
2026-01-22 05:00:00,122.72
2026-01-22 06:00:00,132.48
2026-01-22 07:00:00,174.5
2026-01-22 08:00:00,229.0
2026-01-22 09:00:00,259.98
2026-01-22 10:00:00,268.86
2026-01-22 11:00:00,138.25
2026-01-22 12:00:00,125.7
2026-01-22 13:00:00,126.79
2026-01-22 14:00:00,111.19
2026-01-22 15:00:00,154.28
2026-01-22 16:00:00,196.36
2026-01-22 17:00:00,214.44
2026-01-22 18:00:00,183.12
2026-01-22 19:00:00,174.58
2026-01-22 20:00:00,174.26
2026-01-22 21:00:00,113.59
2026-01-22 22:00:00,134.48
2026-01-22 23:00:00,125.64
2026-01-23 00:00:00,148.99
2026-01-23 01:00:00,138.8
2026-01-23 02:00:00,141.3
2026-01-23 03:00:00,142.6
2026-01-23 04:00:00,115.86
2026-01-23 05:00:00,145.86
2026-01-23 06:00:00,152.04
2026-01-23 07:00:00,193.48
2026-01-23 08:00:00,272.18
2026-01-23 09:00:00,400.61
2026-01-23 10:00:00,294.0
2026-01-23 11:00:00,345.4
2026-01-23 12:00:00,222.0
2026-01-23 13:00:00,197.62
2026-01-23 14:00:00,175.85
2026-01-23 15:00:00,174.96
2026-01-23 16:00:00,169.8
2026-01-23 17:00:00,200.83
2026-01-23 18:00:00,243.5
2026-01-23 19:00:00,206.37
2026-01-23 20:00:00,226.19
2026-01-23 21:00:00,182.83
2026-01-23 22:00:00,149.71
2026-01-23 23:00:00,121.27
2026-01-24 00:00:00,118.53
2026-01-24 01:00:00,114.65
2026-01-24 02:00:00,108.44
2026-01-24 03:00:00,106.24
2026-01-24 04:00:00,107.65
2026-01-24 05:00:00,106.6
2026-01-24 06:00:00,104.71
2026-01-24 07:00:00,108.66
2026-01-24 08:00:00,114.12
2026-01-24 09:00:00,148.14
2026-01-24 10:00:00,153.79
2026-01-24 11:00:00,155.24
2026-01-24 12:00:00,146.12
2026-01-24 13:00:00,138.4
2026-01-24 14:00:00,124.86
2026-01-24 15:00:00,128.42
2026-01-24 16:00:00,140.29
2026-01-24 17:00:00,145.23
2026-01-24 18:00:00,150.34
2026-01-24 19:00:00,140.55
2026-01-24 20:00:00,133.06
2026-01-24 21:00:00,136.41
2026-01-24 22:00:00,122.39
2026-01-24 23:00:00,129.0
2026-01-25 00:00:00,101.5
2026-01-25 01:00:00,102.21
2026-01-25 02:00:00,102.38
2026-01-25 03:00:00,103.0
2026-01-25 04:00:00,102.24
2026-01-25 05:00:00,100.98
2026-01-25 06:00:00,102.68
2026-01-25 07:00:00,103.29
2026-01-25 08:00:00,109.48
2026-01-25 09:00:00,119.58
2026-01-25 10:00:00,131.4
2026-01-25 11:00:00,129.18
2026-01-25 12:00:00,132.22
2026-01-25 13:00:00,131.38
2026-01-25 14:00:00,120.36
2026-01-25 15:00:00,112.55
2026-01-25 16:00:00,115.26
2026-01-25 17:00:00,127.45
2026-01-25 18:00:00,140.72
2026-01-25 19:00:00,136.74
2026-01-25 20:00:00,134.37
2026-01-25 21:00:00,120.37
2026-01-25 22:00:00,119.05
2026-01-25 23:00:00,108.3
2026-01-26 00:00:00,109.76
2026-01-26 01:00:00,103.11
2026-01-26 02:00:00,101.17
2026-01-26 03:00:00,95.44
2026-01-26 04:00:00,95.09
2026-01-26 05:00:00,93.64
2026-01-26 06:00:00,103.55
2026-01-26 07:00:00,150.22
2026-01-26 08:00:00,178.6
2026-01-26 09:00:00,201.14
2026-01-26 10:00:00,188.48
2026-01-26 11:00:00,187.81
2026-01-26 12:00:00,182.08
2026-01-26 13:00:00,183.81
2026-01-26 14:00:00,168.42
2026-01-26 15:00:00,177.41
2026-01-26 16:00:00,178.15
2026-01-26 17:00:00,236.36
2026-01-26 18:00:00,235.85
2026-01-26 19:00:00,230.21
2026-01-26 20:00:00,229.16
2026-01-26 21:00:00,170.07
2026-01-26 22:00:00,144.22
2026-01-26 23:00:00,126.94
2026-01-27 00:00:00,123.58
2026-01-27 01:00:00,117.44
2026-01-27 02:00:00,115.04
2026-01-27 03:00:00,120.56
2026-01-27 04:00:00,119.3
2026-01-27 05:00:00,119.37
2026-01-27 06:00:00,123.39
2026-01-27 07:00:00,215.84
2026-01-27 08:00:00,285.19
2026-01-27 09:00:00,268.02
2026-01-27 10:00:00,207.64
2026-01-27 11:00:00,167.27
2026-01-27 12:00:00,152.12
2026-01-27 13:00:00,159.51
2026-01-27 14:00:00,162.92
2026-01-27 15:00:00,194.69
2026-01-27 16:00:00,199.4
2026-01-27 17:00:00,254.61
2026-01-27 18:00:00,273.72
2026-01-27 19:00:00,283.58
2026-01-27 20:00:00,282.16
2026-01-27 21:00:00,167.13
2026-01-27 22:00:00,142.56
2026-01-27 23:00:00,132.61
2026-01-28 00:00:00,120.98
2026-01-28 01:00:00,118.12
2026-01-28 02:00:00,114.25
2026-01-28 03:00:00,112.41
2026-01-28 04:00:00,109.84
2026-01-28 05:00:00,114.02
2026-01-28 06:00:00,131.35
2026-01-28 07:00:00,192.0
2026-01-28 08:00:00,226.0
2026-01-28 09:00:00,251.18
2026-01-28 10:00:00,209.29
2026-01-28 11:00:00,204.19
2026-01-28 12:00:00,189.0
2026-01-28 13:00:00,184.21
2026-01-28 14:00:00,167.46
2026-01-28 15:00:00,183.0
2026-01-28 16:00:00,192.26
2026-01-28 17:00:00,196.62
2026-01-28 18:00:00,173.56
2026-01-28 19:00:00,169.73
2026-01-28 20:00:00,162.17
2026-01-28 21:00:00,151.72
2026-01-28 22:00:00,135.48
2026-01-28 23:00:00,119.23
2026-01-29 00:00:00,109.33
2026-01-29 01:00:00,105.8
2026-01-29 02:00:00,103.22
2026-01-29 03:00:00,100.03
2026-01-29 04:00:00,99.89
2026-01-29 05:00:00,101.57
2026-01-29 06:00:00,105.28
2026-01-29 07:00:00,141.43
2026-01-29 08:00:00,170.81
2026-01-29 09:00:00,181.37
2026-01-29 10:00:00,188.22
2026-01-29 11:00:00,177.67
2026-01-29 12:00:00,172.2
2026-01-29 13:00:00,168.72
2026-01-29 14:00:00,163.56
2026-01-29 15:00:00,158.38
2026-01-29 16:00:00,155.2
2026-01-29 17:00:00,163.89
2026-01-29 18:00:00,162.65
2026-01-29 19:00:00,164.62
2026-01-29 20:00:00,160.24
2026-01-29 21:00:00,138.92
2026-01-29 22:00:00,130.47
2026-01-29 23:00:00,110.96
2026-01-30 00:00:00,125.08
2026-01-30 01:00:00,106.22
2026-01-30 02:00:00,104.26
2026-01-30 03:00:00,99.9
2026-01-30 04:00:00,97.76
2026-01-30 05:00:00,94.34
2026-01-30 06:00:00,108.53
2026-01-30 07:00:00,141.47
2026-01-30 08:00:00,173.21
2026-01-30 09:00:00,175.89
2026-01-30 10:00:00,171.13
2026-01-30 11:00:00,167.34
2026-01-30 12:00:00,155.32
2026-01-30 13:00:00,147.5
2026-01-30 14:00:00,142.21
2026-01-30 15:00:00,148.5
2026-01-30 16:00:00,156.84
2026-01-30 17:00:00,157.21
2026-01-30 18:00:00,141.19
2026-01-30 19:00:00,141.15
2026-01-30 20:00:00,165.0
2026-01-30 21:00:00,132.46
2026-01-30 22:00:00,128.57
2026-01-30 23:00:00,118.41
2026-01-31 00:00:00,108.8
2026-01-31 01:00:00,100.83
2026-01-31 02:00:00,96.18
2026-01-31 03:00:00,98.17
2026-01-31 04:00:00,97.71
2026-01-31 05:00:00,97.78
2026-01-31 06:00:00,97.59
2026-01-31 07:00:00,108.2
2026-01-31 08:00:00,116.57
2026-01-31 09:00:00,126.07
2026-01-31 10:00:00,130.42
2026-01-31 11:00:00,126.14
2026-01-31 12:00:00,124.62
2026-01-31 13:00:00,114.15
2026-01-31 14:00:00,109.98
2026-01-31 15:00:00,111.14
2026-01-31 16:00:00,114.07
2026-01-31 17:00:00,137.2
2026-01-31 18:00:00,141.49
2026-01-31 19:00:00,145.05
2026-01-31 20:00:00,137.67
2026-01-31 21:00:00,124.36
2026-01-31 22:00:00,122.55
2026-01-31 23:00:00,110.26
2026-02-01 00:00:00,109.02
2026-02-01 01:00:00,105.19
2026-02-01 02:00:00,100.95
2026-02-01 03:00:00,93.64
2026-02-01 04:00:00,98.85
2026-02-01 05:00:00,97.71
2026-02-01 06:00:00,94.47
2026-02-01 07:00:00,102.09
2026-02-01 08:00:00,107.58
2026-02-01 09:00:00,111.91
2026-02-01 10:00:00,115.32
2026-02-01 11:00:00,111.46
2026-02-01 12:00:00,114.14
2026-02-01 13:00:00,102.81
2026-02-01 14:00:00,100.46
2026-02-01 15:00:00,103.52
2026-02-01 16:00:00,106.54
2026-02-01 17:00:00,124.58
2026-02-01 18:00:00,133.65
2026-02-01 19:00:00,143.23
2026-02-01 20:00:00,132.79
2026-02-01 21:00:00,122.15
2026-02-01 22:00:00,125.83
2026-02-01 23:00:00,120.14
2026-02-02 00:00:00,103.08
2026-02-02 01:00:00,100.16
2026-02-02 02:00:00,96.8
2026-02-02 03:00:00,101.91
2026-02-02 04:00:00,99.68
2026-02-02 05:00:00,99.76
2026-02-02 06:00:00,120.38
2026-02-02 07:00:00,153.38
2026-02-02 08:00:00,190.23
2026-02-02 09:00:00,167.08
2026-02-02 10:00:00,158.47
2026-02-02 11:00:00,143.83
2026-02-02 12:00:00,139.29
2026-02-02 13:00:00,143.53
2026-02-02 14:00:00,145.27
2026-02-02 15:00:00,139.6
2026-02-02 16:00:00,158.45
2026-02-02 17:00:00,212.61
2026-02-02 18:00:00,136.42
2026-02-02 19:00:00,153.23
2026-02-02 20:00:00,141.18
2026-02-02 21:00:00,104.1
2026-02-02 22:00:00,113.8
2026-02-02 23:00:00,114.85
2026-02-03 00:00:00,103.47
2026-02-03 01:00:00,102.85
2026-02-03 02:00:00,103.75
2026-02-03 03:00:00,97.61
2026-02-03 04:00:00,95.92
2026-02-03 05:00:00,101.68
2026-02-03 06:00:00,108.72
2026-02-03 07:00:00,144.39
2026-02-03 08:00:00,196.77
2026-02-03 09:00:00,169.2
2026-02-03 10:00:00,173.12
2026-02-03 11:00:00,135.88
2026-02-03 12:00:00,128.01
2026-02-03 13:00:00,130.14
2026-02-03 14:00:00,125.72
2026-02-03 15:00:00,146.48
2026-02-03 16:00:00,131.59
2026-02-03 17:00:00,133.0
2026-02-03 18:00:00,122.7
2026-02-03 19:00:00,120.48
2026-02-03 20:00:00,127.77
2026-02-03 21:00:00,112.19
2026-02-03 22:00:00,119.34
2026-02-03 23:00:00,113.14
2026-02-04 00:00:00,103.89
2026-02-04 01:00:00,107.67
2026-02-04 02:00:00,107.12
2026-02-04 03:00:00,100.58
2026-02-04 04:00:00,100.84
2026-02-04 05:00:00,94.98
2026-02-04 06:00:00,112.72
2026-02-04 07:00:00,134.22
2026-02-04 08:00:00,145.18
2026-02-04 09:00:00,166.13
2026-02-04 10:00:00,170.75
2026-02-04 11:00:00,157.52
2026-02-04 12:00:00,149.09
2026-02-04 13:00:00,151.42
2026-02-04 14:00:00,152.81
2026-02-04 15:00:00,156.21
2026-02-04 16:00:00,147.79
2026-02-04 17:00:00,152.57
2026-02-04 18:00:00,153.37
2026-02-04 19:00:00,149.43
2026-02-04 20:00:00,141.43
2026-02-04 21:00:00,122.58
2026-02-04 22:00:00,115.21
2026-02-04 23:00:00,100.87
2026-02-05 00:00:00,93.12
2026-02-05 01:00:00,92.06
2026-02-05 02:00:00,89.57
2026-02-05 03:00:00,91.44
2026-02-05 04:00:00,94.88
2026-02-05 05:00:00,92.27
2026-02-05 06:00:00,106.46
2026-02-05 07:00:00,135.12
2026-02-05 08:00:00,137.71
2026-02-05 09:00:00,146.81
2026-02-05 10:00:00,142.39
2026-02-05 11:00:00,140.67
2026-02-05 12:00:00,132.14
2026-02-05 13:00:00,126.41
2026-02-05 14:00:00,126.02
2026-02-05 15:00:00,129.63
2026-02-05 16:00:00,134.0
2026-02-05 17:00:00,138.63
2026-02-05 18:00:00,150.73
2026-02-05 19:00:00,145.0
2026-02-05 20:00:00,149.29
2026-02-05 21:00:00,128.16
2026-02-05 22:00:00,123.63
2026-02-05 23:00:00,119.28
2026-02-06 00:00:00,100.52
2026-02-06 01:00:00,103.02
2026-02-06 02:00:00,101.62
2026-02-06 03:00:00,101.69
2026-02-06 04:00:00,103.8
2026-02-06 05:00:00,102.97
2026-02-06 06:00:00,104.76
2026-02-06 07:00:00,135.93
2026-02-06 08:00:00,147.96
2026-02-06 09:00:00,150.7
2026-02-06 10:00:00,153.03
2026-02-06 11:00:00,149.08
2026-02-06 12:00:00,144.71
2026-02-06 13:00:00,144.87
2026-02-06 14:00:00,137.95
2026-02-06 15:00:00,141.93
2026-02-06 16:00:00,159.06
2026-02-06 17:00:00,169.09
2026-02-06 18:00:00,175.4
2026-02-06 19:00:00,173.63
2026-02-06 20:00:00,166.63
2026-02-06 21:00:00,135.69
2026-02-06 22:00:00,128.15
2026-02-06 23:00:00,116.43
2026-02-07 00:00:00,115.32
2026-02-07 01:00:00,101.97
2026-02-07 02:00:00,102.62
2026-02-07 03:00:00,100.79
2026-02-07 04:00:00,99.56
2026-02-07 05:00:00,98.31
2026-02-07 06:00:00,92.82
2026-02-07 07:00:00,102.46
2026-02-07 08:00:00,110.21
2026-02-07 09:00:00,128.26
2026-02-07 10:00:00,119.23
2026-02-07 11:00:00,110.93
2026-02-07 12:00:00,108.97
2026-02-07 13:00:00,105.26
2026-02-07 14:00:00,106.31
2026-02-07 15:00:00,109.29
2026-02-07 16:00:00,115.28
2026-02-07 17:00:00,132.25
2026-02-07 18:00:00,141.55
2026-02-07 19:00:00,132.5
2026-02-07 20:00:00,131.65
2026-02-07 21:00:00,117.95
2026-02-07 22:00:00,113.72
2026-02-07 23:00:00,108.09
2026-02-08 00:00:00,110.67
2026-02-08 01:00:00,103.49
2026-02-08 02:00:00,100.99
2026-02-08 03:00:00,99.67
2026-02-08 04:00:00,97.54
2026-02-08 05:00:00,97.61
2026-02-08 06:00:00,93.19
2026-02-08 07:00:00,95.13
2026-02-08 08:00:00,98.76
2026-02-08 09:00:00,102.87
2026-02-08 10:00:00,108.41
2026-02-08 11:00:00,109.31
2026-02-08 12:00:00,106.29
2026-02-08 13:00:00,102.87
2026-02-08 14:00:00,98.02
2026-02-08 15:00:00,101.53
2026-02-08 16:00:00,105.24
2026-02-08 17:00:00,123.55
2026-02-08 18:00:00,131.16
2026-02-08 19:00:00,132.96
2026-02-08 20:00:00,127.56
2026-02-08 21:00:00,117.56
2026-02-08 22:00:00,117.15
2026-02-08 23:00:00,107.86
2026-02-09 00:00:00,101.78
2026-02-09 01:00:00,103.49
2026-02-09 02:00:00,98.58
2026-02-09 03:00:00,98.84
2026-02-09 04:00:00,96.85
2026-02-09 05:00:00,97.89
2026-02-09 06:00:00,110.0
2026-02-09 07:00:00,140.78
2026-02-09 08:00:00,170.29
2026-02-09 09:00:00,184.68
2026-02-09 10:00:00,170.18
2026-02-09 11:00:00,155.19
2026-02-09 12:00:00,145.55
2026-02-09 13:00:00,139.42
2026-02-09 14:00:00,127.5
2026-02-09 15:00:00,133.42
2026-02-09 16:00:00,148.42
2026-02-09 17:00:00,178.97
2026-02-09 18:00:00,204.55
2026-02-09 19:00:00,190.22
2026-02-09 20:00:00,167.77
2026-02-09 21:00:00,150.28
2026-02-09 22:00:00,135.81
2026-02-09 23:00:00,120.45
2026-02-10 00:00:00,107.91
2026-02-10 01:00:00,109.29
2026-02-10 02:00:00,107.31
2026-02-10 03:00:00,109.05
2026-02-10 04:00:00,109.32
2026-02-10 05:00:00,109.4
2026-02-10 06:00:00,112.93
2026-02-10 07:00:00,147.41
2026-02-10 08:00:00,171.44
2026-02-10 09:00:00,170.91
2026-02-10 10:00:00,153.14
2026-02-10 11:00:00,134.4
2026-02-10 12:00:00,124.9
2026-02-10 13:00:00,122.47
2026-02-10 14:00:00,125.36
2026-02-10 15:00:00,129.92
2026-02-10 16:00:00,141.34
2026-02-10 17:00:00,155.7
2026-02-10 18:00:00,159.09
2026-02-10 19:00:00,162.16
2026-02-10 20:00:00,146.08
2026-02-10 21:00:00,127.35
2026-02-10 22:00:00,115.67
2026-02-10 23:00:00,112.63
2026-02-11 00:00:00,102.2
2026-02-11 01:00:00,102.14
2026-02-11 02:00:00,101.12
2026-02-11 03:00:00,101.22
2026-02-11 04:00:00,101.23
2026-02-11 05:00:00,101.27
2026-02-11 06:00:00,104.4
2026-02-11 07:00:00,120.01
2026-02-11 08:00:00,141.8
2026-02-11 09:00:00,140.57
2026-02-11 10:00:00,138.71
2026-02-11 11:00:00,143.96
2026-02-11 12:00:00,130.45
2026-02-11 13:00:00,130.8
2026-02-11 14:00:00,127.02
2026-02-11 15:00:00,126.51
2026-02-11 16:00:00,126.3
2026-02-11 17:00:00,139.59
2026-02-11 18:00:00,137.47
2026-02-11 19:00:00,136.59
2026-02-11 20:00:00,131.16
2026-02-11 21:00:00,119.25
2026-02-11 22:00:00,114.96
2026-02-11 23:00:00,109.37
2026-02-12 00:00:00,95.63
2026-02-12 01:00:00,95.41
2026-02-12 02:00:00,95.41
2026-02-12 03:00:00,93.19
2026-02-12 04:00:00,93.27
2026-02-12 05:00:00,94.56
2026-02-12 06:00:00,103.21
2026-02-12 07:00:00,123.05
2026-02-12 08:00:00,135.03
2026-02-12 09:00:00,139.48
2026-02-12 10:00:00,130.94
2026-02-12 11:00:00,120.84
2026-02-12 12:00:00,114.28
2026-02-12 13:00:00,113.1
2026-02-12 14:00:00,111.57
2026-02-12 15:00:00,114.67
2026-02-12 16:00:00,128.66
2026-02-12 17:00:00,142.55
2026-02-12 18:00:00,144.01
2026-02-12 19:00:00,142.85
2026-02-12 20:00:00,147.25
2026-02-12 21:00:00,119.75
2026-02-12 22:00:00,115.07
2026-02-12 23:00:00,108.15
2026-02-13 00:00:00,91.42
2026-02-13 01:00:00,90.08
2026-02-13 02:00:00,87.94
2026-02-13 03:00:00,87.95
2026-02-13 04:00:00,88.72
2026-02-13 05:00:00,90.6
2026-02-13 06:00:00,87.8
2026-02-13 07:00:00,115.63
2026-02-13 08:00:00,125.55
2026-02-13 09:00:00,128.9
2026-02-13 10:00:00,113.29
2026-02-13 11:00:00,106.38
2026-02-13 12:00:00,99.82
2026-02-13 13:00:00,98.1
2026-02-13 14:00:00,100.84
2026-02-13 15:00:00,111.69
2026-02-13 16:00:00,126.82
2026-02-13 17:00:00,127.94
2026-02-13 18:00:00,144.01
2026-02-13 19:00:00,145.5
2026-02-13 20:00:00,149.36
2026-02-13 21:00:00,133.3
2026-02-13 22:00:00,126.87
2026-02-13 23:00:00,110.65
2026-02-14 00:00:00,107.98
2026-02-14 01:00:00,98.68
2026-02-14 02:00:00,96.9
2026-02-14 03:00:00,98.21
2026-02-14 04:00:00,93.55
2026-02-14 05:00:00,94.76
2026-02-14 06:00:00,95.11
2026-02-14 07:00:00,96.69
2026-02-14 08:00:00,103.32
2026-02-14 09:00:00,119.82
2026-02-14 10:00:00,122.49
2026-02-14 11:00:00,112.3
2026-02-14 12:00:00,107.2
2026-02-14 13:00:00,105.42
2026-02-14 14:00:00,102.25
2026-02-14 15:00:00,107.12
2026-02-14 16:00:00,126.75
2026-02-14 17:00:00,143.33
2026-02-14 18:00:00,148.17
2026-02-14 19:00:00,143.1
2026-02-14 20:00:00,132.59
2026-02-14 21:00:00,131.49
2026-02-14 22:00:00,126.0
2026-02-14 23:00:00,107.35
2026-02-15 00:00:00,110.94
2026-02-15 01:00:00,109.69
2026-02-15 02:00:00,108.15
2026-02-15 03:00:00,113.17
2026-02-15 04:00:00,112.05
2026-02-15 05:00:00,108.22
2026-02-15 06:00:00,102.93
2026-02-15 07:00:00,106.79
2026-02-15 08:00:00,109.47
2026-02-15 09:00:00,112.67
2026-02-15 10:00:00,104.85
2026-02-15 11:00:00,90.3
2026-02-15 12:00:00,74.72
2026-02-15 13:00:00,71.65
2026-02-15 14:00:00,70.64
2026-02-15 15:00:00,71.31
2026-02-15 16:00:00,82.07
2026-02-15 17:00:00,112.68
2026-02-15 18:00:00,122.82
2026-02-15 19:00:00,126.73
2026-02-15 20:00:00,132.85
2026-02-15 21:00:00,115.92
2026-02-15 22:00:00,112.22
2026-02-15 23:00:00,105.16
2026-02-16 00:00:00,99.0
2026-02-16 01:00:00,90.07
2026-02-16 02:00:00,89.4
2026-02-16 03:00:00,79.38
2026-02-16 04:00:00,84.46
2026-02-16 05:00:00,79.73
2026-02-16 06:00:00,104.19
2026-02-16 07:00:00,99.09
2026-02-16 08:00:00,135.84
2026-02-16 09:00:00,146.75
2026-02-16 10:00:00,120.65
2026-02-16 11:00:00,107.33
2026-02-16 12:00:00,98.75
2026-02-16 13:00:00,109.94
2026-02-16 14:00:00,104.98
2026-02-16 15:00:00,111.37
2026-02-16 16:00:00,119.27
2026-02-16 17:00:00,131.66
2026-02-16 18:00:00,154.45
2026-02-16 19:00:00,140.77
2026-02-16 20:00:00,147.3
2026-02-16 21:00:00,132.2
2026-02-16 22:00:00,112.69
2026-02-16 23:00:00,108.35
2026-02-17 00:00:00,94.0
2026-02-17 01:00:00,92.24
2026-02-17 02:00:00,90.14
2026-02-17 03:00:00,92.14
2026-02-17 04:00:00,88.08
2026-02-17 05:00:00,88.9
2026-02-17 06:00:00,94.72
2026-02-17 07:00:00,124.69
2026-02-17 08:00:00,140.56
2026-02-17 09:00:00,144.48
2026-02-17 10:00:00,125.65
2026-02-17 11:00:00,117.71
2026-02-17 12:00:00,102.6
2026-02-17 13:00:00,100.42
2026-02-17 14:00:00,98.74
2026-02-17 15:00:00,112.48
2026-02-17 16:00:00,122.77
2026-02-17 17:00:00,178.63
2026-02-17 18:00:00,166.7
2026-02-17 19:00:00,148.07
2026-02-17 20:00:00,154.5
2026-02-17 21:00:00,131.41
2026-02-17 22:00:00,105.28
2026-02-17 23:00:00,101.22
2026-02-18 00:00:00,107.33
2026-02-18 01:00:00,103.18
2026-02-18 02:00:00,100.39
2026-02-18 03:00:00,101.92
2026-02-18 04:00:00,99.29
2026-02-18 05:00:00,105.7
2026-02-18 06:00:00,102.84
2026-02-18 07:00:00,148.68
2026-02-18 08:00:00,205.59
2026-02-18 09:00:00,152.07
2026-02-18 10:00:00,142.33
2026-02-18 11:00:00,123.79
2026-02-18 12:00:00,116.28
2026-02-18 13:00:00,113.76
2026-02-18 14:00:00,107.8
2026-02-18 15:00:00,113.56
2026-02-18 16:00:00,118.9
2026-02-18 17:00:00,142.19
2026-02-18 18:00:00,180.02
2026-02-18 19:00:00,165.65
2026-02-18 20:00:00,159.13
2026-02-18 21:00:00,146.1
2026-02-18 22:00:00,122.61
2026-02-18 23:00:00,107.1
2026-02-19 00:00:00,98.26
2026-02-19 01:00:00,96.13
2026-02-19 02:00:00,91.01
2026-02-19 03:00:00,89.34
2026-02-19 04:00:00,91.64
2026-02-19 05:00:00,88.26
2026-02-19 06:00:00,100.13
2026-02-19 07:00:00,143.85
2026-02-19 08:00:00,146.43
2026-02-19 09:00:00,143.2
2026-02-19 10:00:00,128.0
2026-02-19 11:00:00,120.53
2026-02-19 12:00:00,113.54
2026-02-19 13:00:00,123.58
2026-02-19 14:00:00,116.69
2026-02-19 15:00:00,121.59
2026-02-19 16:00:00,136.1
2026-02-19 17:00:00,160.66
2026-02-19 18:00:00,175.3
2026-02-19 19:00:00,158.29
2026-02-19 20:00:00,147.34
2026-02-19 21:00:00,121.01
2026-02-19 22:00:00,107.27
2026-02-19 23:00:00,99.24
2026-02-20 00:00:00,91.77
2026-02-20 01:00:00,93.03
2026-02-20 02:00:00,90.29
2026-02-20 03:00:00,92.74
2026-02-20 04:00:00,90.75
2026-02-20 05:00:00,90.2
2026-02-20 06:00:00,100.34
2026-02-20 07:00:00,154.59
2026-02-20 08:00:00,146.05
2026-02-20 09:00:00,131.86
2026-02-20 10:00:00,112.67
2026-02-20 11:00:00,101.97
2026-02-20 12:00:00,95.75
2026-02-20 13:00:00,90.78
2026-02-20 14:00:00,84.61
2026-02-20 15:00:00,91.41
2026-02-20 16:00:00,105.72
2026-02-20 17:00:00,163.55
2026-02-20 18:00:00,131.44
2026-02-20 19:00:00,131.53
2026-02-20 20:00:00,119.77
2026-02-20 21:00:00,101.49
2026-02-20 22:00:00,95.44
2026-02-20 23:00:00,84.81
2026-02-21 00:00:00,69.96
2026-02-21 01:00:00,74.49
2026-02-21 02:00:00,68.2
2026-02-21 03:00:00,49.78
2026-02-21 04:00:00,60.17
2026-02-21 05:00:00,53.04
2026-02-21 06:00:00,45.28
2026-02-21 07:00:00,76.02
2026-02-21 08:00:00,97.74
2026-02-21 09:00:00,88.02
2026-02-21 10:00:00,86.2
2026-02-21 11:00:00,87.21
2026-02-21 12:00:00,78.32
2026-02-21 13:00:00,75.12
2026-02-21 14:00:00,60.33
2026-02-21 15:00:00,64.67
2026-02-21 16:00:00,91.56
2026-02-21 17:00:00,100.84
2026-02-21 18:00:00,112.89
2026-02-21 19:00:00,113.87
2026-02-21 20:00:00,107.59
2026-02-21 21:00:00,95.42
2026-02-21 22:00:00,89.76
2026-02-21 23:00:00,85.0
2026-02-22 00:00:00,72.77
2026-02-22 01:00:00,67.01
2026-02-22 02:00:00,57.24
2026-02-22 03:00:00,45.42
2026-02-22 04:00:00,59.37
2026-02-22 05:00:00,44.03
2026-02-22 06:00:00,53.67
2026-02-22 07:00:00,62.52
2026-02-22 08:00:00,44.79
2026-02-22 09:00:00,58.86
2026-02-22 10:00:00,67.02
2026-02-22 11:00:00,63.73
2026-02-22 12:00:00,67.82
2026-02-22 13:00:00,62.99
2026-02-22 14:00:00,67.87
2026-02-22 15:00:00,82.44
2026-02-22 16:00:00,89.12
2026-02-22 17:00:00,95.24
2026-02-22 18:00:00,100.28
2026-02-22 19:00:00,101.32
2026-02-22 20:00:00,97.14
2026-02-22 21:00:00,83.23
2026-02-22 22:00:00,89.66
2026-02-22 23:00:00,75.63
2026-02-23 00:00:00,53.58
2026-02-23 01:00:00,48.45
2026-02-23 02:00:00,48.07
2026-02-23 03:00:00,47.82
2026-02-23 04:00:00,43.21
2026-02-23 05:00:00,50.06
2026-02-23 06:00:00,57.74
2026-02-23 07:00:00,97.01
2026-02-23 08:00:00,121.39
2026-02-23 09:00:00,117.93
2026-02-23 10:00:00,102.43
2026-02-23 11:00:00,98.23
2026-02-23 12:00:00,65.08
2026-02-23 13:00:00,74.09
2026-02-23 14:00:00,51.02
2026-02-23 15:00:00,64.4
2026-02-23 16:00:00,89.8
2026-02-23 17:00:00,110.31
2026-02-23 18:00:00,120.87
2026-02-23 19:00:00,114.94
2026-02-23 20:00:00,132.87
2026-02-23 21:00:00,94.94
2026-02-23 22:00:00,101.22
2026-02-23 23:00:00,94.9
2026-02-24 00:00:00,87.97
2026-02-24 01:00:00,88.15
2026-02-24 02:00:00,88.79
2026-02-24 03:00:00,88.14
2026-02-24 04:00:00,91.58
2026-02-24 05:00:00,91.64
2026-02-24 06:00:00,97.51
2026-02-24 07:00:00,115.84
2026-02-24 08:00:00,137.46
2026-02-24 09:00:00,138.41
2026-02-24 10:00:00,137.26
2026-02-24 11:00:00,117.25
2026-02-24 12:00:00,104.1
2026-02-24 13:00:00,94.68
2026-02-24 14:00:00,95.97
2026-02-24 15:00:00,99.16
2026-02-24 16:00:00,113.86
2026-02-24 17:00:00,129.48
2026-02-24 18:00:00,183.68
2026-02-24 19:00:00,173.63
2026-02-24 20:00:00,134.88
2026-02-24 21:00:00,123.42
2026-02-24 22:00:00,114.03
2026-02-24 23:00:00,102.55
2026-02-25 00:00:00,104.81
2026-02-25 01:00:00,100.44
2026-02-25 02:00:00,94.94
2026-02-25 03:00:00,95.19
2026-02-25 04:00:00,94.23
2026-02-25 05:00:00,96.8
2026-02-25 06:00:00,100.88
2026-02-25 07:00:00,126.55
2026-02-25 08:00:00,140.73
2026-02-25 09:00:00,134.66
2026-02-25 10:00:00,112.11
2026-02-25 11:00:00,96.23
2026-02-25 12:00:00,93.27
2026-02-25 13:00:00,73.11
2026-02-25 14:00:00,49.6
2026-02-25 15:00:00,75.92
2026-02-25 16:00:00,88.76
2026-02-25 17:00:00,122.67
2026-02-25 18:00:00,159.55
2026-02-25 19:00:00,150.78
2026-02-25 20:00:00,144.97
2026-02-25 21:00:00,129.21
2026-02-25 22:00:00,103.34
2026-02-25 23:00:00,91.75
2026-02-26 00:00:00,90.75
2026-02-26 01:00:00,84.9
2026-02-26 02:00:00,73.41
2026-02-26 03:00:00,74.44
2026-02-26 04:00:00,69.25
2026-02-26 05:00:00,68.18
2026-02-26 06:00:00,92.27
2026-02-26 07:00:00,117.29
2026-02-26 08:00:00,111.66
2026-02-26 09:00:00,107.53
2026-02-26 10:00:00,82.32
2026-02-26 11:00:00,84.88
2026-02-26 12:00:00,49.45
2026-02-26 13:00:00,12.25
2026-02-26 14:00:00,14.94
2026-02-26 15:00:00,60.39
2026-02-26 16:00:00,69.17
2026-02-26 17:00:00,106.58
2026-02-26 18:00:00,118.95
2026-02-26 19:00:00,120.96
2026-02-26 20:00:00,114.13
2026-02-26 21:00:00,97.35
2026-02-26 22:00:00,95.46
2026-02-26 23:00:00,87.83
2026-02-27 00:00:00,61.0
2026-02-27 01:00:00,63.5
2026-02-27 02:00:00,61.67
2026-02-27 03:00:00,64.01
2026-02-27 04:00:00,59.23
2026-02-27 05:00:00,63.85
2026-02-27 06:00:00,101.57
2026-02-27 07:00:00,131.2
2026-02-27 08:00:00,102.05
2026-02-27 09:00:00,93.85
2026-02-27 10:00:00,69.1
2026-02-27 11:00:00,5.18
2026-02-27 12:00:00,0.29
2026-02-27 13:00:00,0.6
2026-02-27 14:00:00,2.56
2026-02-27 15:00:00,18.86
2026-02-27 16:00:00,82.32
2026-02-27 17:00:00,115.78
2026-02-27 18:00:00,128.99
2026-02-27 19:00:00,130.26
2026-02-27 20:00:00,129.2
2026-02-27 21:00:00,104.91
2026-02-27 22:00:00,99.43
2026-02-27 23:00:00,87.67
2026-02-28 00:00:00,87.92
2026-02-28 01:00:00,85.24
2026-02-28 02:00:00,83.41
2026-02-28 03:00:00,79.83
2026-02-28 04:00:00,77.54
2026-02-28 05:00:00,77.1
2026-02-28 06:00:00,74.7
2026-02-28 07:00:00,88.44
2026-02-28 08:00:00,91.38
2026-02-28 09:00:00,55.55
2026-02-28 10:00:00,0.48
2026-02-28 11:00:00,0.0
2026-02-28 12:00:00,-0.02
2026-02-28 13:00:00,-0.18
2026-02-28 14:00:00,-0.03
2026-02-28 15:00:00,0.0
2026-02-28 16:00:00,36.95
2026-02-28 17:00:00,91.02
2026-02-28 18:00:00,104.79
2026-02-28 19:00:00,103.19
2026-02-28 20:00:00,95.01
2026-02-28 21:00:00,83.42
2026-02-28 22:00:00,77.25
2026-02-28 23:00:00,78.0
2026-03-01 00:00:00,62.32
2026-03-01 01:00:00,68.6
2026-03-01 02:00:00,61.73
2026-03-01 03:00:00,59.33
2026-03-01 04:00:00,57.96
2026-03-01 05:00:00,68.12
2026-03-01 06:00:00,63.95
2026-03-01 07:00:00,73.08
2026-03-01 08:00:00,73.07
2026-03-01 09:00:00,51.94
2026-03-01 10:00:00,0.91
2026-03-01 11:00:00,0.01
2026-03-01 12:00:00,-0.1
2026-03-01 13:00:00,-1.01
2026-03-01 14:00:00,-1.0
2026-03-01 15:00:00,0.0
2026-03-01 16:00:00,42.04
2026-03-01 17:00:00,101.17
2026-03-01 18:00:00,114.59
2026-03-01 19:00:00,120.61
2026-03-01 20:00:00,116.34
2026-03-01 21:00:00,109.23
2026-03-01 22:00:00,111.48
2026-03-01 23:00:00,88.4
2026-03-02 00:00:00,89.8
2026-03-02 01:00:00,79.28
2026-03-02 02:00:00,74.06
2026-03-02 03:00:00,74.76
2026-03-02 04:00:00,72.95
2026-03-02 05:00:00,88.58
2026-03-02 06:00:00,114.73
2026-03-02 07:00:00,159.98
2026-03-02 08:00:00,186.67
2026-03-02 09:00:00,119.04
2026-03-02 10:00:00,87.37
2026-03-02 11:00:00,83.89
2026-03-02 12:00:00,44.36
2026-03-02 13:00:00,19.54
2026-03-02 14:00:00,15.75
2026-03-02 15:00:00,72.23
2026-03-02 16:00:00,87.35
2026-03-02 17:00:00,141.03
2026-03-02 18:00:00,244.15
2026-03-02 19:00:00,230.66
2026-03-02 20:00:00,178.51
2026-03-02 21:00:00,152.54
2026-03-02 22:00:00,116.23
2026-03-02 23:00:00,98.91
2026-03-03 00:00:00,98.41
2026-03-03 01:00:00,93.01
2026-03-03 02:00:00,92.91
2026-03-03 03:00:00,99.06
2026-03-03 04:00:00,100.65
2026-03-03 05:00:00,98.17
2026-03-03 06:00:00,114.9
2026-03-03 07:00:00,170.09
2026-03-03 08:00:00,194.3
2026-03-03 09:00:00,129.0
2026-03-03 10:00:00,97.82
2026-03-03 11:00:00,86.08
2026-03-03 12:00:00,47.43
2026-03-03 13:00:00,23.21
2026-03-03 14:00:00,34.43
2026-03-03 15:00:00,65.56
2026-03-03 16:00:00,84.79
2026-03-03 17:00:00,78.89
2026-03-03 18:00:00,165.16
2026-03-03 19:00:00,208.88
2026-03-03 20:00:00,139.92
2026-03-03 21:00:00,125.57
2026-03-03 22:00:00,127.37
2026-03-03 23:00:00,117.4
2026-03-04 00:00:00,149.76
2026-03-04 01:00:00,154.1
2026-03-04 02:00:00,140.12
2026-03-04 03:00:00,135.91
2026-03-04 04:00:00,135.85
2026-03-04 05:00:00,140.18
2026-03-04 06:00:00,143.55
2026-03-04 07:00:00,314.6
2026-03-04 08:00:00,270.1
2026-03-04 09:00:00,115.8
2026-03-04 10:00:00,113.57
2026-03-04 11:00:00,113.79
2026-03-04 12:00:00,59.05
2026-03-04 13:00:00,49.45
2026-03-04 14:00:00,28.06
2026-03-04 15:00:00,74.73
2026-03-04 16:00:00,96.18
2026-03-04 17:00:00,117.16
2026-03-04 18:00:00,258.44
2026-03-04 19:00:00,304.13
2026-03-04 20:00:00,194.52
2026-03-04 21:00:00,177.9
2026-03-04 22:00:00,163.48
2026-03-04 23:00:00,145.23
2026-03-05 00:00:00,134.8
2026-03-05 01:00:00,114.29
2026-03-05 02:00:00,111.74
2026-03-05 03:00:00,111.7
2026-03-05 04:00:00,113.26
2026-03-05 05:00:00,111.07
2026-03-05 06:00:00,129.95
2026-03-05 07:00:00,204.9
2026-03-05 08:00:00,176.43
2026-03-05 09:00:00,136.07
2026-03-05 10:00:00,105.57
2026-03-05 11:00:00,59.61
2026-03-05 12:00:00,14.3
2026-03-05 13:00:00,1.07
2026-03-05 14:00:00,11.09
2026-03-05 15:00:00,59.82
2026-03-05 16:00:00,92.87
2026-03-05 17:00:00,118.62
2026-03-05 18:00:00,213.67
2026-03-05 19:00:00,204.15
2026-03-05 20:00:00,168.38
2026-03-05 21:00:00,159.31
2026-03-05 22:00:00,141.43
2026-03-05 23:00:00,135.89
2026-03-06 00:00:00,105.92
2026-03-06 01:00:00,110.0
2026-03-06 02:00:00,113.92
2026-03-06 03:00:00,113.62
2026-03-06 04:00:00,115.29
2026-03-06 05:00:00,119.57
2026-03-06 06:00:00,133.1
2026-03-06 07:00:00,209.05
2026-03-06 08:00:00,201.06
2026-03-06 09:00:00,163.84
2026-03-06 10:00:00,33.32
2026-03-06 11:00:00,7.47
2026-03-06 12:00:00,15.0
2026-03-06 13:00:00,3.39
2026-03-06 14:00:00,8.77
2026-03-06 15:00:00,52.39
2026-03-06 16:00:00,89.47
2026-03-06 17:00:00,107.26
2026-03-06 18:00:00,216.33
2026-03-06 19:00:00,225.89
2026-03-06 20:00:00,161.65
2026-03-06 21:00:00,154.77
2026-03-06 22:00:00,139.56
2026-03-06 23:00:00,140.35
2026-03-07 00:00:00,147.05
2026-03-07 01:00:00,144.12
2026-03-07 02:00:00,135.91
2026-03-07 03:00:00,133.24
2026-03-07 04:00:00,129.92
2026-03-07 05:00:00,131.79
2026-03-07 06:00:00,138.48
2026-03-07 07:00:00,153.36
2026-03-07 08:00:00,145.92
2026-03-07 09:00:00,29.32
2026-03-07 10:00:00,8.23
2026-03-07 11:00:00,3.17
2026-03-07 12:00:00,-0.68
2026-03-07 13:00:00,-0.62
2026-03-07 14:00:00,0.18
2026-03-07 15:00:00,36.65
2026-03-07 16:00:00,85.78
2026-03-07 17:00:00,114.69
2026-03-07 18:00:00,157.4
2026-03-07 19:00:00,180.14
2026-03-07 20:00:00,159.29
2026-03-07 21:00:00,150.52
2026-03-07 22:00:00,146.12
2026-03-07 23:00:00,148.53
2026-03-08 00:00:00,148.47
2026-03-08 01:00:00,142.84
2026-03-08 02:00:00,137.54
2026-03-08 03:00:00,136.55
2026-03-08 04:00:00,133.34
2026-03-08 05:00:00,133.91
2026-03-08 06:00:00,134.93
2026-03-08 07:00:00,142.44
2026-03-08 08:00:00,120.23
2026-03-08 09:00:00,23.93
2026-03-08 10:00:00,1.37
2026-03-08 11:00:00,-0.25
2026-03-08 12:00:00,-0.34
2026-03-08 13:00:00,-0.38
2026-03-08 14:00:00,0.0
2026-03-08 15:00:00,15.57
2026-03-08 16:00:00,74.64
2026-03-08 17:00:00,125.9
2026-03-08 18:00:00,151.39
2026-03-08 19:00:00,160.2
2026-03-08 20:00:00,150.37
2026-03-08 21:00:00,146.07
2026-03-08 22:00:00,150.21
2026-03-08 23:00:00,133.29
2026-03-09 00:00:00,136.92
2026-03-09 01:00:00,119.7
2026-03-09 02:00:00,104.98
2026-03-09 03:00:00,107.48
2026-03-09 04:00:00,116.19
2026-03-09 05:00:00,114.04
2026-03-09 06:00:00,140.92
2026-03-09 07:00:00,209.99
2026-03-09 08:00:00,225.33
2026-03-09 09:00:00,174.79
2026-03-09 10:00:00,62.05
2026-03-09 11:00:00,30.22
2026-03-09 12:00:00,18.04
2026-03-09 13:00:00,17.81
2026-03-09 14:00:00,23.31
2026-03-09 15:00:00,91.82
2026-03-09 16:00:00,101.16
2026-03-09 17:00:00,121.96
2026-03-09 18:00:00,210.41
2026-03-09 19:00:00,245.83
2026-03-09 20:00:00,217.77
2026-03-09 21:00:00,189.29
2026-03-09 22:00:00,155.92
2026-03-09 23:00:00,159.24
2026-03-10 00:00:00,142.28
2026-03-10 01:00:00,163.58
2026-03-10 02:00:00,153.72
2026-03-10 03:00:00,149.68
2026-03-10 04:00:00,140.12
2026-03-10 05:00:00,142.72
2026-03-10 06:00:00,147.84
2026-03-10 07:00:00,193.18
2026-03-10 08:00:00,160.87
2026-03-10 09:00:00,168.79
2026-03-10 10:00:00,94.85
2026-03-10 11:00:00,60.21
2026-03-10 12:00:00,22.76
2026-03-10 13:00:00,26.84
2026-03-10 14:00:00,55.64
2026-03-10 15:00:00,129.57
2026-03-10 16:00:00,106.18
2026-03-10 17:00:00,117.56
2026-03-10 18:00:00,193.67
2026-03-10 19:00:00,235.39
2026-03-10 20:00:00,178.49
2026-03-10 21:00:00,167.4
2026-03-10 22:00:00,157.34
2026-03-10 23:00:00,142.48
2026-03-11 00:00:00,97.19
2026-03-11 01:00:00,99.76
2026-03-11 02:00:00,89.86
2026-03-11 03:00:00,93.37
2026-03-11 04:00:00,98.17
2026-03-11 05:00:00,105.02
2026-03-11 06:00:00,151.98
2026-03-11 07:00:00,123.39
2026-03-11 08:00:00,93.4
2026-03-11 09:00:00,84.69
2026-03-11 10:00:00,77.82
2026-03-11 11:00:00,26.72
2026-03-11 12:00:00,10.79
2026-03-11 13:00:00,15.14
2026-03-11 14:00:00,27.01
2026-03-11 15:00:00,56.26
2026-03-11 16:00:00,93.85
2026-03-11 17:00:00,150.92
2026-03-11 18:00:00,162.08
2026-03-11 19:00:00,143.04
2026-03-11 20:00:00,152.04
2026-03-11 21:00:00,149.77
2026-03-11 22:00:00,140.82
2026-03-11 23:00:00,141.02
2026-03-12 00:00:00,132.88
2026-03-12 01:00:00,132.02
2026-03-12 02:00:00,125.82
2026-03-12 03:00:00,117.93
2026-03-12 04:00:00,109.99
2026-03-12 05:00:00,147.02
2026-03-12 06:00:00,149.99
2026-03-12 07:00:00,164.55
2026-03-12 08:00:00,146.43
2026-03-12 09:00:00,117.17
2026-03-12 10:00:00,83.87
2026-03-12 11:00:00,23.72
2026-03-12 12:00:00,9.16
2026-03-12 13:00:00,25.62
2026-03-12 14:00:00,26.0
2026-03-12 15:00:00,60.85
2026-03-12 16:00:00,101.22
2026-03-12 17:00:00,195.93
2026-03-12 18:00:00,182.3
2026-03-12 19:00:00,203.87
2026-03-12 20:00:00,166.6
2026-03-12 21:00:00,176.0
2026-03-12 22:00:00,170.92
2026-03-12 23:00:00,160.38
2026-03-13 00:00:00,143.48
2026-03-13 01:00:00,112.22
2026-03-13 02:00:00,99.17
2026-03-13 03:00:00,105.67
2026-03-13 04:00:00,115.0
2026-03-13 05:00:00,111.58
2026-03-13 06:00:00,180.33
2026-03-13 07:00:00,187.98
2026-03-13 08:00:00,143.39
2026-03-13 09:00:00,33.19
2026-03-13 10:00:00,12.46
2026-03-13 11:00:00,4.35
2026-03-13 12:00:00,1.82
2026-03-13 13:00:00,0.5
2026-03-13 14:00:00,3.87
2026-03-13 15:00:00,13.09
2026-03-13 16:00:00,45.11
2026-03-13 17:00:00,120.97
2026-03-13 18:00:00,160.79
2026-03-13 19:00:00,178.3
2026-03-13 20:00:00,164.09
2026-03-13 21:00:00,149.11
2026-03-13 22:00:00,134.3
2026-03-13 23:00:00,133.69
2026-03-14 00:00:00,126.93
2026-03-14 01:00:00,114.62
2026-03-14 02:00:00,107.63
2026-03-14 03:00:00,103.57
2026-03-14 04:00:00,105.76
2026-03-14 05:00:00,104.69
2026-03-14 06:00:00,106.27
2026-03-14 07:00:00,130.83
2026-03-14 08:00:00,58.85
2026-03-14 09:00:00,5.59
2026-03-14 10:00:00,3.58
2026-03-14 11:00:00,0.7
2026-03-14 12:00:00,-1.88
2026-03-14 13:00:00,-6.81
2026-03-14 14:00:00,-1.22
2026-03-14 15:00:00,6.99
2026-03-14 16:00:00,64.71
2026-03-14 17:00:00,120.19
2026-03-14 18:00:00,140.0
2026-03-14 19:00:00,183.48
2026-03-14 20:00:00,176.36
2026-03-14 21:00:00,140.0
2026-03-14 22:00:00,139.53
2026-03-14 23:00:00,139.61
2026-03-15 00:00:00,138.06
2026-03-15 01:00:00,124.68
2026-03-15 02:00:00,127.72
2026-03-15 03:00:00,116.3
2026-03-15 04:00:00,121.74
2026-03-15 05:00:00,122.46
2026-03-15 06:00:00,122.97
2026-03-15 07:00:00,132.17
2026-03-15 08:00:00,121.39
2026-03-15 09:00:00,48.99
2026-03-15 10:00:00,21.54
2026-03-15 11:00:00,29.73
2026-03-15 12:00:00,21.95
2026-03-15 13:00:00,15.6
2026-03-15 14:00:00,9.03
2026-03-15 15:00:00,56.35
2026-03-15 16:00:00,59.71
2026-03-15 17:00:00,108.58
2026-03-15 18:00:00,147.77
2026-03-15 19:00:00,158.1
2026-03-15 20:00:00,167.81
2026-03-15 21:00:00,161.53
2026-03-15 22:00:00,147.01
2026-03-15 23:00:00,142.43
2026-03-16 00:00:00,88.94
2026-03-16 01:00:00,85.78
2026-03-16 02:00:00,84.66
2026-03-16 03:00:00,73.51
2026-03-16 04:00:00,69.23
2026-03-16 05:00:00,108.15
2026-03-16 06:00:00,134.36
2026-03-16 07:00:00,169.46
2026-03-16 08:00:00,133.47
2026-03-16 09:00:00,99.64
2026-03-16 10:00:00,63.91
2026-03-16 11:00:00,23.02
2026-03-16 12:00:00,18.3
2026-03-16 13:00:00,25.27
2026-03-16 14:00:00,59.72
2026-03-16 15:00:00,89.66
2026-03-16 16:00:00,103.31
2026-03-16 17:00:00,118.69
2026-03-16 18:00:00,172.13
2026-03-16 19:00:00,189.89
2026-03-16 20:00:00,191.06
2026-03-16 21:00:00,133.39
2026-03-16 22:00:00,132.74
2026-03-16 23:00:00,111.67
2026-03-17 00:00:00,132.74
2026-03-17 01:00:00,106.31
2026-03-17 02:00:00,107.47
2026-03-17 03:00:00,106.92
2026-03-17 04:00:00,111.6
2026-03-17 05:00:00,109.77
2026-03-17 06:00:00,137.1
2026-03-17 07:00:00,174.21
2026-03-17 08:00:00,192.66
2026-03-17 09:00:00,149.95
2026-03-17 10:00:00,136.9
2026-03-17 11:00:00,109.74
2026-03-17 12:00:00,104.04
2026-03-17 13:00:00,105.82
2026-03-17 14:00:00,105.6
2026-03-17 15:00:00,108.84
2026-03-17 16:00:00,121.35
2026-03-17 17:00:00,137.74
2026-03-17 18:00:00,178.0
2026-03-17 19:00:00,248.46
2026-03-17 20:00:00,178.51
2026-03-17 21:00:00,148.51
2026-03-17 22:00:00,137.9
2026-03-17 23:00:00,113.59
2026-03-18 00:00:00,104.27
2026-03-18 01:00:00,99.0
2026-03-18 02:00:00,94.61
2026-03-18 03:00:00,95.43
2026-03-18 04:00:00,95.94
2026-03-18 05:00:00,95.9
2026-03-18 06:00:00,118.73
2026-03-18 07:00:00,155.13
2026-03-18 08:00:00,135.85
2026-03-18 09:00:00,117.24
2026-03-18 10:00:00,107.16
2026-03-18 11:00:00,10.45
2026-03-18 12:00:00,11.67
2026-03-18 13:00:00,13.08
2026-03-18 14:00:00,4.44
2026-03-18 15:00:00,5.6
2026-03-18 16:00:00,70.64
2026-03-18 17:00:00,106.21
2026-03-18 18:00:00,169.91
2026-03-18 19:00:00,222.72
2026-03-18 20:00:00,175.06
2026-03-18 21:00:00,152.06
2026-03-18 22:00:00,143.12
2026-03-18 23:00:00,130.32
2026-03-19 00:00:00,116.6
2026-03-19 01:00:00,116.29
2026-03-19 02:00:00,117.7
2026-03-19 03:00:00,114.13
2026-03-19 04:00:00,124.89
2026-03-19 05:00:00,126.91
2026-03-19 06:00:00,142.91
2026-03-19 07:00:00,198.4
2026-03-19 08:00:00,189.76
2026-03-19 09:00:00,124.6
2026-03-19 10:00:00,110.76
2026-03-19 11:00:00,22.11
2026-03-19 12:00:00,3.44
2026-03-19 13:00:00,9.46
2026-03-19 14:00:00,18.68
2026-03-19 15:00:00,46.87
2026-03-19 16:00:00,105.55
2026-03-19 17:00:00,108.85
2026-03-19 18:00:00,169.96
2026-03-19 19:00:00,238.64
2026-03-19 20:00:00,207.45
2026-03-19 21:00:00,170.59
2026-03-19 22:00:00,159.54
2026-03-19 23:00:00,148.44
2026-03-20 00:00:00,163.93
2026-03-20 01:00:00,147.38
2026-03-20 02:00:00,142.96
2026-03-20 03:00:00,143.28
2026-03-20 04:00:00,141.67
2026-03-20 05:00:00,146.12
2026-03-20 06:00:00,176.17
2026-03-20 07:00:00,248.3
2026-03-20 08:00:00,210.72
2026-03-20 09:00:00,182.55
2026-03-20 10:00:00,114.81
2026-03-20 11:00:00,102.05
2026-03-20 12:00:00,76.27
2026-03-20 13:00:00,60.28
2026-03-20 14:00:00,64.29
2026-03-20 15:00:00,108.25
2026-03-20 16:00:00,113.66
2026-03-20 17:00:00,150.31
2026-03-20 18:00:00,189.52
2026-03-20 19:00:00,281.13
2026-03-20 20:00:00,229.19
2026-03-20 21:00:00,182.88
2026-03-20 22:00:00,172.29
2026-03-20 23:00:00,170.84
2026-03-21 00:00:00,157.41
2026-03-21 01:00:00,148.66
2026-03-21 02:00:00,142.12
2026-03-21 03:00:00,137.81
2026-03-21 04:00:00,140.43
2026-03-21 05:00:00,145.53
2026-03-21 06:00:00,149.1
2026-03-21 07:00:00,159.23
2026-03-21 08:00:00,140.23
2026-03-21 09:00:00,136.94
2026-03-21 10:00:00,157.78
2026-03-21 11:00:00,104.8
2026-03-21 12:00:00,63.07
2026-03-21 13:00:00,37.62
2026-03-21 14:00:00,66.27
2026-03-21 15:00:00,104.07
2026-03-21 16:00:00,105.7
2026-03-21 17:00:00,132.27
2026-03-21 18:00:00,169.12
2026-03-21 19:00:00,193.54
2026-03-21 20:00:00,163.39
2026-03-21 21:00:00,135.56
2026-03-21 22:00:00,136.78
2026-03-21 23:00:00,132.87
2026-03-22 00:00:00,105.46
2026-03-22 01:00:00,100.91
2026-03-22 02:00:00,99.77
2026-03-22 03:00:00,100.83
2026-03-22 04:00:00,102.7
2026-03-22 05:00:00,106.26
2026-03-22 06:00:00,107.94
2026-03-22 07:00:00,123.5
2026-03-22 08:00:00,83.32
2026-03-22 09:00:00,19.9
2026-03-22 10:00:00,0.01
2026-03-22 11:00:00,4.61
2026-03-22 12:00:00,3.24
2026-03-22 13:00:00,1.14
2026-03-22 14:00:00,1.79
2026-03-22 15:00:00,7.71
2026-03-22 16:00:00,43.0
2026-03-22 17:00:00,103.86
2026-03-22 18:00:00,172.28
2026-03-22 19:00:00,191.51
2026-03-22 20:00:00,191.8
2026-03-22 21:00:00,186.37
2026-03-22 22:00:00,178.46
2026-03-22 23:00:00,178.09
2026-03-23 00:00:00,138.49
2026-03-23 01:00:00,145.73
2026-03-23 02:00:00,135.34
2026-03-23 03:00:00,137.75
2026-03-23 04:00:00,142.64
2026-03-23 05:00:00,146.43
2026-03-23 06:00:00,167.84
2026-03-23 07:00:00,233.64
2026-03-23 08:00:00,199.99
2026-03-23 09:00:00,159.62
2026-03-23 10:00:00,134.75
2026-03-23 11:00:00,109.18
2026-03-23 12:00:00,84.37
2026-03-23 13:00:00,104.87
2026-03-23 14:00:00,97.55
2026-03-23 15:00:00,116.68
2026-03-23 16:00:00,113.41
2026-03-23 17:00:00,138.45
2026-03-23 18:00:00,199.34
2026-03-23 19:00:00,271.94
2026-03-23 20:00:00,261.75
2026-03-23 21:00:00,236.07
2026-03-23 22:00:00,173.08
2026-03-23 23:00:00,152.95
2026-03-24 00:00:00,149.61
2026-03-24 01:00:00,154.17
2026-03-24 02:00:00,129.69
2026-03-24 03:00:00,114.36
2026-03-24 04:00:00,104.23
2026-03-24 05:00:00,118.14
2026-03-24 06:00:00,128.6
2026-03-24 07:00:00,148.39
2026-03-24 08:00:00,144.6
2026-03-24 09:00:00,101.33
2026-03-24 10:00:00,74.23
2026-03-24 11:00:00,10.32
2026-03-24 12:00:00,15.86
2026-03-24 13:00:00,27.05
2026-03-24 14:00:00,68.54
2026-03-24 15:00:00,77.2
2026-03-24 16:00:00,104.05
2026-03-24 17:00:00,143.31
2026-03-24 18:00:00,151.71
2026-03-24 19:00:00,196.74
2026-03-24 20:00:00,162.59
2026-03-24 21:00:00,223.66
2026-03-24 22:00:00,150.73
2026-03-24 23:00:00,146.03
2026-03-25 00:00:00,110.96
2026-03-25 01:00:00,99.35
2026-03-25 02:00:00,97.31
2026-03-25 03:00:00,98.47
2026-03-25 04:00:00,101.62
2026-03-25 05:00:00,98.85
2026-03-25 06:00:00,144.68
2026-03-25 07:00:00,182.79
2026-03-25 08:00:00,164.54
2026-03-25 09:00:00,138.47
2026-03-25 10:00:00,57.96
2026-03-25 11:00:00,2.46
2026-03-25 12:00:00,2.38
2026-03-25 13:00:00,9.69
2026-03-25 14:00:00,12.41
2026-03-25 15:00:00,20.89
2026-03-25 16:00:00,90.54
2026-03-25 17:00:00,143.91
2026-03-25 18:00:00,152.03
2026-03-25 19:00:00,183.78
2026-03-25 20:00:00,186.88
2026-03-25 21:00:00,167.26
2026-03-25 22:00:00,136.92
2026-03-25 23:00:00,121.49
2026-03-26 00:00:00,106.8
2026-03-26 01:00:00,102.11
2026-03-26 02:00:00,93.86
2026-03-26 03:00:00,97.9
2026-03-26 04:00:00,100.12
2026-03-26 05:00:00,93.98
2026-03-26 06:00:00,158.39
2026-03-26 07:00:00,155.91
2026-03-26 08:00:00,159.32
2026-03-26 09:00:00,100.68
2026-03-26 10:00:00,86.14
2026-03-26 11:00:00,71.9
2026-03-26 12:00:00,71.57
2026-03-26 13:00:00,78.13
2026-03-26 14:00:00,92.68
2026-03-26 15:00:00,113.88
2026-03-26 16:00:00,125.59
2026-03-26 17:00:00,140.15
2026-03-26 18:00:00,147.45
2026-03-26 19:00:00,183.3
2026-03-26 20:00:00,190.57
2026-03-26 21:00:00,153.53
2026-03-26 22:00:00,131.26
2026-03-26 23:00:00,123.78
2026-03-27 00:00:00,124.51
2026-03-27 01:00:00,125.89
2026-03-27 02:00:00,120.92
2026-03-27 03:00:00,116.5
2026-03-27 04:00:00,117.67
2026-03-27 05:00:00,121.35
2026-03-27 06:00:00,152.2
2026-03-27 07:00:00,206.94
2026-03-27 08:00:00,196.75
2026-03-27 09:00:00,154.12
2026-03-27 10:00:00,138.27
2026-03-27 11:00:00,99.78
2026-03-27 12:00:00,101.75
2026-03-27 13:00:00,104.13
2026-03-27 14:00:00,71.46
2026-03-27 15:00:00,97.7
2026-03-27 16:00:00,100.0
2026-03-27 17:00:00,116.72
2026-03-27 18:00:00,158.98
2026-03-27 19:00:00,210.05
2026-03-27 20:00:00,185.84
2026-03-27 21:00:00,142.77
2026-03-27 22:00:00,123.1
2026-03-27 23:00:00,113.65
2026-03-28 00:00:00,97.61
2026-03-28 01:00:00,96.0
2026-03-28 02:00:00,92.09
2026-03-28 03:00:00,89.56
2026-03-28 04:00:00,89.96
2026-03-28 05:00:00,89.57
2026-03-28 06:00:00,91.21
2026-03-28 07:00:00,89.43
2026-03-28 08:00:00,80.69
2026-03-28 09:00:00,76.16
2026-03-28 10:00:00,36.94
2026-03-28 11:00:00,9.05
2026-03-28 12:00:00,7.0
2026-03-28 13:00:00,6.4
2026-03-28 14:00:00,7.48
2026-03-28 15:00:00,22.28
2026-03-28 16:00:00,64.8
2026-03-28 17:00:00,109.08
2026-03-28 18:00:00,129.41
2026-03-28 19:00:00,158.0
2026-03-28 20:00:00,161.79
2026-03-28 21:00:00,144.63
2026-03-28 22:00:00,130.24
2026-03-28 23:00:00,130.0
2026-03-29 00:00:00,125.88
2026-03-29 01:00:00,112.96
2026-03-29 03:00:00,104.9
2026-03-29 04:00:00,118.36
2026-03-29 05:00:00,110.47
2026-03-29 06:00:00,103.22
2026-03-29 07:00:00,119.67
2026-03-29 08:00:00,122.47
2026-03-29 09:00:00,113.83
2026-03-29 10:00:00,101.22
2026-03-29 11:00:00,73.88
2026-03-29 12:00:00,53.91
2026-03-29 13:00:00,44.08
2026-03-29 14:00:00,9.06
2026-03-29 15:00:00,9.12
2026-03-29 16:00:00,9.84
2026-03-29 17:00:00,24.73
2026-03-29 18:00:00,86.39
2026-03-29 19:00:00,120.58
2026-03-29 20:00:00,144.58
2026-03-29 21:00:00,129.09
2026-03-29 22:00:00,128.89
2026-03-29 23:00:00,132.02
2026-03-30 00:00:00,93.52
2026-03-30 01:00:00,56.86
2026-03-30 02:00:00,77.79
2026-03-30 03:00:00,67.47
2026-03-30 04:00:00,60.28
2026-03-30 05:00:00,44.52
2026-03-30 06:00:00,112.81
2026-03-30 07:00:00,183.58
2026-03-30 08:00:00,191.8
2026-03-30 09:00:00,187.85
2026-03-30 10:00:00,149.99
2026-03-30 11:00:00,147.02
2026-03-30 12:00:00,139.5
2026-03-30 13:00:00,129.51
2026-03-30 14:00:00,115.3
2026-03-30 15:00:00,123.2
2026-03-30 16:00:00,141.05
2026-03-30 17:00:00,117.98
2026-03-30 18:00:00,128.73
2026-03-30 19:00:00,203.28
2026-03-30 20:00:00,294.08
2026-03-30 21:00:00,189.84
2026-03-30 22:00:00,142.7
2026-03-30 23:00:00,150.53
2026-03-31 00:00:00,130.77
2026-03-31 01:00:00,111.73
2026-03-31 02:00:00,105.62
2026-03-31 03:00:00,103.65
2026-03-31 04:00:00,104.45
2026-03-31 05:00:00,109.14
2026-03-31 06:00:00,126.6
2026-03-31 07:00:00,183.04
2026-03-31 08:00:00,209.53
2026-03-31 09:00:00,193.31
2026-03-31 10:00:00,182.95
2026-03-31 11:00:00,139.55
2026-03-31 12:00:00,132.15
2026-03-31 13:00:00,149.37
2026-03-31 14:00:00,105.03
2026-03-31 15:00:00,94.69
2026-03-31 16:00:00,101.31
2026-03-31 17:00:00,125.67
2026-03-31 18:00:00,127.93
2026-03-31 19:00:00,153.48
2026-03-31 20:00:00,206.84
2026-03-31 21:00:00,205.25
2026-03-31 22:00:00,170.83
2026-03-31 23:00:00,154.17
2026-04-01 00:00:00,160.63
2026-04-01 01:00:00,141.41
2026-04-01 02:00:00,125.68
2026-04-01 03:00:00,123.68
2026-04-01 04:00:00,128.28
2026-04-01 05:00:00,136.4
2026-04-01 06:00:00,155.29
2026-04-01 07:00:00,231.09
2026-04-01 08:00:00,239.12
2026-04-01 09:00:00,209.0
2026-04-01 10:00:00,166.87
2026-04-01 11:00:00,151.17
2026-04-01 12:00:00,152.7
2026-04-01 13:00:00,127.62
2026-04-01 14:00:00,110.53
2026-04-01 15:00:00,92.3
2026-04-01 16:00:00,79.27
2026-04-01 17:00:00,118.47
2026-04-01 18:00:00,92.64
2026-04-01 19:00:00,152.4
2026-04-01 20:00:00,191.01
2026-04-01 21:00:00,178.68
2026-04-01 22:00:00,167.64
2026-04-01 23:00:00,147.94
