datetime,target,q10,q50,q90,pred_median,pred_direction,actual_direction
2026-02-01 00:00:00,-2.545,-6.4220588215606575,-0.7994842348615135,2.8151884971105177,-0.7994842348615135,-1.0,-1.0
2026-02-01 00:15:00,6.106,-5.43434608226215,-1.9129190837428358,3.6916639676308334,-1.9129190837428358,-1.0,1.0
2026-02-01 00:30:00,-0.112,-5.903467771818475,-2.7834070345230115,2.153625457436047,-2.7834070345230115,-1.0,-1.0
2026-02-01 00:45:00,-3.552,-4.836891000544433,-1.4001007290743526,3.305326339154903,-1.4001007290743526,-1.0,-1.0
2026-02-01 01:00:00,-4.654,-6.551896623587392,-1.0114424754003393,1.9071005416867854,-1.0114424754003393,-1.0,-1.0
2026-02-01 01:15:00,4.672,-5.75764688284089,-1.3052274924252614,2.031540079142408,-1.3052274924252614,-1.0,1.0
2026-02-01 01:30:00,-0.686,-6.790754556208688,-0.5551950084739379,2.7929009004338945,-0.5551950084739379,-1.0,-1.0
2026-02-01 01:45:00,-2.962,-6.861352515279665,-0.06737997467027772,3.057188083095231,-0.06737997467027772,-1.0,-1.0
2026-02-01 02:00:00,-2.601,-6.858019119071553,0.8105387821265693,3.9936943951503148,0.8105387821265693,1.0,-1.0
2026-02-01 02:15:00,-0.422,-5.430244104895678,0.8815010287682337,4.264797362862472,0.8815010287682337,1.0,-1.0
2026-02-01 02:30:00,-0.9,-4.568690322828846,-0.469197705981163,2.147161103027651,-0.469197705981163,-1.0,-1.0
2026-02-01 02:45:00,6.82,-7.3494497206964695,-1.898435617310549,2.040967822941564,-1.898435617310549,-1.0,1.0
2026-02-01 03:00:00,0.751,-8.789226616169747,-1.1037584066751642,0.5808122250368843,-1.1037584066751642,-1.0,1.0
2026-02-01 03:15:00,-1.852,-5.603819072187641,-0.18855919375722632,1.8324052584486168,-0.18855919375722632,-1.0,-1.0
2026-02-01 03:30:00,-2.076,-5.746240548249387,-0.567004047487836,3.1171007000340993,-0.567004047487836,-1.0,-1.0
2026-02-01 03:45:00,-1.476,-6.137385295905647,-1.471684272157351,1.302762460371716,-1.471684272157351,-1.0,-1.0
2026-02-01 04:00:00,-1.253,-8.281998560992426,-1.1316748974681188,0.9021009911935186,-1.1316748974681188,-1.0,-1.0
2026-02-01 04:15:00,-1.21,-5.169389687431887,-0.35368849977242023,1.6839550511603856,-0.35368849977242023,-1.0,-1.0
2026-02-01 04:30:00,1.709,-4.72794415583628,0.34356008846025604,0.9055910107419602,0.34356008846025604,1.0,1.0
2026-02-01 04:45:00,-1.955,-3.311910724827035,2.353205805569525,3.8751488582880413,2.353205805569525,1.0,-1.0
2026-02-01 05:00:00,3.411,-4.552680505033009,1.3354397461591048,2.122636015942748,1.3354397461591048,1.0,1.0
2026-02-01 05:15:00,2.043,-4.13895150968328,0.036666195002891026,2.068694624645096,0.036666195002891026,1.0,1.0
2026-02-01 05:30:00,9.699,-4.637101150632525,0.05430877574162806,1.2401682159746399,0.05430877574162806,1.0,1.0
2026-02-01 05:45:00,13.161,-4.188323406996847,-0.47179937078130463,3.2621836976925414,-0.47179937078130463,-1.0,1.0
2026-02-01 06:00:00,16.756,-6.211023814480146,-0.5806070884315837,4.929606998985851,-0.5806070884315837,-1.0,1.0
2026-02-01 06:15:00,5.326,-5.275791599250233,0.06932710730952742,4.8327239672075315,0.06932710730952742,1.0,1.0
2026-02-01 06:30:00,4.777,-4.701857907065943,0.4245710061314537,5.397190977999632,0.4245710061314537,1.0,1.0
2026-02-01 06:45:00,10.119,-5.963832571453732,-0.05205145376130052,6.826628045122788,-0.05205145376130052,-1.0,1.0
2026-02-01 07:00:00,16.918,-6.5168437228156995,0.5275527581733552,6.285419474925117,0.5275527581733552,1.0,1.0
2026-02-01 07:15:00,18.233,-4.029278286846744,2.112643306206749,7.6142774553132515,2.112643306206749,1.0,1.0
2026-02-01 07:30:00,15.954,-3.699622105227212,4.290061074939589,10.16253591142038,4.290061074939589,1.0,1.0
2026-02-01 07:45:00,14.548,-2.8647995087443126,4.159050809948315,13.3982267990817,4.159050809948315,1.0,1.0
2026-02-01 08:00:00,16.189,-4.314866948101465,3.2108012593143473,11.37229031840326,3.2108012593143473,1.0,1.0
2026-02-01 08:15:00,21.303,-2.8018149815649513,3.422166286779329,10.190305005760026,3.422166286779329,1.0,1.0
2026-02-01 08:30:00,18.138,-3.3865918511139754,3.4312069301206374,11.91580493829705,3.4312069301206374,1.0,1.0
2026-02-01 08:45:00,20.1,-2.7660649350768427,5.166689381366711,14.366987585334353,5.166689381366711,1.0,1.0
2026-02-01 09:00:00,3.085,-0.9746784331706875,5.53718977183409,15.2698053295669,5.53718977183409,1.0,1.0
2026-02-01 09:15:00,0.539,-1.2859908331571328,6.739279387825119,15.907241895269173,6.739279387825119,1.0,1.0
2026-02-01 09:30:00,-8.094,-2.493737606062589,5.956612862645619,16.867363100269586,5.956612862645619,1.0,-1.0
2026-02-01 09:45:00,-4.443,-1.9224268903189845,8.637919433484061,17.386535741385828,8.637919433484061,1.0,-1.0
2026-02-01 10:00:00,-9.373,-3.765864911796351,5.4875052479248065,15.636282520277822,5.4875052479248065,1.0,-1.0
2026-02-01 10:15:00,-4.164,-1.6395381003172533,4.25616756015788,16.21752891120294,4.25616756015788,1.0,-1.0
2026-02-01 10:30:00,-9.835,-2.623845456895359,2.8613816041190825,17.38019951632789,2.8613816041190825,1.0,-1.0
2026-02-01 10:45:00,-14.542,-5.338918439870037,4.19356355899544,17.91439921221802,4.19356355899544,1.0,-1.0
2026-02-01 11:00:00,-13.478,-8.497668758545853,0.32315562189202485,13.874435309903193,0.32315562189202485,1.0,-1.0
2026-02-01 11:15:00,-2.256,-13.235596481689468,0.6614592182114543,9.76910644339234,0.6614592182114543,1.0,-1.0
2026-02-01 11:30:00,-5.446,-11.46808933032189,-0.8802080681753753,9.033749662701695,-0.8802080681753753,-1.0,-1.0
2026-02-01 11:45:00,3.143,-13.31771800776912,-1.6957677009137715,7.255880122273094,-1.6957677009137715,-1.0,1.0
2026-02-01 12:00:00,3.589,-16.554472194742093,-2.1793271131683842,7.849082891635111,-2.1793271131683842,-1.0,1.0
2026-02-01 12:15:00,2.032,-15.282404852708806,-3.681550006543673,4.473314761531873,-3.681550006543673,-1.0,1.0
2026-02-01 12:30:00,-3.797,-16.81777608247348,-5.540855352802756,2.9869807393071017,-5.540855352802756,-1.0,-1.0
2026-02-01 12:45:00,-9.488,-14.6056393912039,-3.965755021755516,3.395136687471291,-3.965755021755516,-1.0,-1.0
2026-02-01 13:00:00,-13.753,-12.205705587363461,-2.2530679680440695,4.232806977324172,-2.2530679680440695,-1.0,-1.0
2026-02-01 13:15:00,-6.2,-9.260766976376772,-1.4427338285051932,4.679587948490998,-1.4427338285051932,-1.0,-1.0
2026-02-01 13:30:00,-8.882,-7.204449371924469,2.2277072777257243,7.904867984609021,2.2277072777257243,1.0,-1.0
2026-02-01 13:45:00,-4.535,-5.098399841537698,3.836370072371959,12.491011424171937,3.836370072371959,1.0,-1.0
2026-02-01 14:00:00,-1.289,-8.969930683897145,2.689607879755195,9.385663357806393,2.689607879755195,1.0,-1.0
2026-02-01 14:15:00,-8.799,-8.19227091236585,3.299042702837278,9.257160447752765,3.299042702837278,1.0,-1.0
2026-02-01 14:30:00,-5.597,-8.639009198803587,2.560697673836909,6.259888214256734,2.560697673836909,1.0,-1.0
2026-02-01 14:45:00,-1.559,-8.995473644660951,0.9647451069850304,5.586513514137383,0.9647451069850304,1.0,-1.0
2026-02-01 15:00:00,-3.802,-12.564983620928372,-2.791235351462177,3.609195455000336,-2.791235351462177,-1.0,-1.0
2026-02-01 15:15:00,-6.149,-11.87291348709308,-4.041777138420757,3.189197701847592,-4.041777138420757,-1.0,-1.0
2026-02-01 15:30:00,-15.98,-13.091287650685564,-2.8385952277579496,2.681973223592097,-2.8385952277579496,-1.0,-1.0
2026-02-01 15:45:00,6.354,-12.994565117513321,-1.3607449006520493,3.982985988542075,-1.3607449006520493,-1.0,1.0
2026-02-01 16:00:00,6.633,-11.961093507829249,-0.7865026482205298,5.533505285683054,-0.7865026482205298,-1.0,1.0
2026-02-01 16:15:00,2.944,-10.385214124651252,-0.30685280708921353,4.3475426781845385,-0.30685280708921353,-1.0,1.0
2026-02-01 16:30:00,4.01,-8.584149534702036,-0.9481791213069226,6.375824552777505,-0.9481791213069226,-1.0,1.0
2026-02-01 16:45:00,10.885,-9.611283531985451,-2.052125250673665,6.029868949008057,-2.052125250673665,-1.0,1.0
2026-02-01 17:00:00,0.265,-9.479794564981788,-0.8399110997866568,4.533759920891327,-0.8399110997866568,-1.0,1.0
2026-02-01 17:15:00,2.578,-9.709621070970307,-2.3900225613795945,2.829946367635011,-2.3900225613795945,-1.0,1.0
2026-02-01 17:30:00,1.096,-9.209400434080452,-1.3157489240208187,4.44134888278965,-1.3157489240208187,-1.0,1.0
2026-02-01 17:45:00,4.357,-8.664194585331698,0.8517304831098771,4.355805755434887,0.8517304831098771,1.0,1.0
2026-02-01 18:00:00,2.637,-7.51216843414906,-0.3772589813105946,4.3982739499717285,-0.3772589813105946,-1.0,1.0
2026-02-01 18:15:00,0.321,-4.0819869154144754,1.3544339736521036,6.609712799621564,1.3544339736521036,1.0,1.0
2026-02-01 18:30:00,-1.473,-5.674524380796913,2.0149168688904053,9.812033146607725,2.0149168688904053,1.0,-1.0
2026-02-01 18:45:00,-1.646,-5.254965316888344,0.9213057152697144,6.5277305498563605,0.9213057152697144,1.0,-1.0
2026-02-01 19:00:00,2.805,-7.027641272908506,0.6691366268172468,6.202276323781641,0.6691366268172468,1.0,1.0
2026-02-01 19:15:00,1.796,-5.776750042621347,0.5892060928665818,4.880201644121482,0.5892060928665818,1.0,1.0
2026-02-01 19:30:00,1.487,-4.1130007752337665,0.7183839663039446,6.110903410906913,0.7183839663039446,1.0,1.0
2026-02-01 19:45:00,3.006,-3.1822070456236413,2.2663176381071395,8.356830204186126,2.2663176381071395,1.0,1.0
2026-02-01 20:00:00,4.401,-8.72027841367938,0.33457383863422596,6.349271205490089,0.33457383863422596,1.0,1.0
2026-02-01 20:15:00,4.754,-5.40829125029623,0.9674109300339493,3.849589683923455,0.9674109300339493,1.0,1.0
2026-02-01 20:30:00,3.625,-5.392495926838879,1.426614962403277,6.865849201919219,1.426614962403277,1.0,1.0
2026-02-01 20:45:00,2.155,-5.349029054994463,3.681983073642327,10.341763618953884,3.681983073642327,1.0,1.0
2026-02-01 21:00:00,6.248,-7.009170966361737,1.968589737540457,7.810560102240275,1.968589737540457,1.0,1.0
2026-02-01 21:15:00,4.492,-4.5604741378990035,0.2892637970148602,7.465670262266206,0.2892637970148602,1.0,1.0
2026-02-01 21:30:00,1.758,-3.4983140343584425,0.5711875297869515,7.700723675502213,0.5711875297869515,1.0,1.0
2026-02-01 21:45:00,9.329,-4.510196958991828,1.0451555727568411,7.572745935757792,1.0451555727568411,1.0,1.0
2026-02-01 22:00:00,-0.594,-7.2665739501835676,-0.3837034895276629,5.963508060788339,-0.3837034895276629,-1.0,-1.0
2026-02-01 22:15:00,-6.189,-4.120751748554565,-0.3186420825905801,5.398429228178231,-0.3186420825905801,-1.0,-1.0
2026-02-01 22:30:00,-6.081,-5.702459196257207,-0.31247742314434035,4.245945520064905,-0.31247742314434035,-1.0,-1.0
2026-02-01 22:45:00,-1.109,-4.645588624490345,3.432655119984655,6.603079186648431,3.432655119984655,1.0,-1.0
2026-02-01 23:00:00,8.844,-4.861015206024869,0.18312515224939438,7.482442357244205,0.18312515224939438,1.0,1.0
2026-02-01 23:15:00,8.601,-2.4668364735761203,0.49735284147357917,6.9656776712567945,0.49735284147357917,1.0,1.0
2026-02-01 23:30:00,11.778,-2.995522683552224,1.1361802455549626,8.103064779900981,1.1361802455549626,1.0,1.0
2026-02-01 23:45:00,21.952,-0.43119316851678774,3.147776276055896,8.837342547352462,3.147776276055896,1.0,1.0
2026-02-02 00:00:00,0.799,-6.21844397331238,0.6586240710176251,5.589696963667409,0.6586240710176251,1.0,1.0
2026-02-02 00:15:00,-7.498,-3.1478381994590556,-0.11894682323738688,4.128855463191587,-0.11894682323738688,-1.0,-1.0
2026-02-02 00:30:00,-6.573,-4.707322329667051,0.85430609272577,3.577330668615821,0.85430609272577,1.0,-1.0
2026-02-02 00:45:00,-4.755,-2.74674015539095,3.2587254691066554,8.026061935969436,3.2587254691066554,1.0,-1.0
2026-02-02 01:00:00,-15.345,-4.25540474743709,1.6157472071664627,10.34134926898369,1.6157472071664627,1.0,-1.0
2026-02-02 01:15:00,-10.264,-1.349748806809795,2.881873448915419,12.097824923424875,2.881873448915419,1.0,-1.0
2026-02-02 01:30:00,-5.791,-1.2715502683925104,8.069899061635006,15.139962860407117,8.069899061635006,1.0,-1.0
2026-02-02 01:45:00,-5.937,-0.8704197267553158,6.68177416153976,13.067318849329338,6.68177416153976,1.0,-1.0
2026-02-02 02:00:00,-7.928,-5.901511385846306,-0.20090248837245953,6.2747793340990325,-0.20090248837245953,-1.0,-1.0
2026-02-02 02:15:00,-7.512,-7.123616873002559,-1.387001798946088,4.978658411192996,-1.387001798946088,-1.0,-1.0
2026-02-02 02:30:00,-4.408,-9.805607052339438,-1.8883064934812492,2.6560009390095627,-1.8883064934812492,-1.0,-1.0
2026-02-02 02:45:00,-8.014,-11.953694862908675,-2.293092554506568,1.9360543793368872,-2.293092554506568,-1.0,-1.0
2026-02-02 03:00:00,-8.052,-12.308215509571966,-4.414944559647034,-0.7446432573123607,-4.414944559647034,-1.0,-1.0
2026-02-02 03:15:00,-7.771,-11.17641752390495,-2.8038089637740247,-0.7860050734036217,-2.8038089637740247,-1.0,-1.0
2026-02-02 03:30:00,-8.492,-9.716196588036409,-2.5911179864929803,-0.7258716565869491,-2.5911179864929803,-1.0,-1.0
2026-02-02 03:45:00,-8.165,-10.458709005191043,-3.1427452781541882,-1.7146488500209172,-3.1427452781541882,-1.0,-1.0
2026-02-02 04:00:00,-7.278,-11.805796256241397,-5.13634235786859,-2.701759319840319,-5.13634235786859,-1.0,-1.0
2026-02-02 04:15:00,-4.587,-10.746786432211863,-3.6343804470998764,-2.458336315109197,-3.6343804470998764,-1.0,-1.0
2026-02-02 04:30:00,-2.184,-11.597402043214986,-5.223194772920322,-2.7397923123452776,-5.223194772920322,-1.0,-1.0
2026-02-02 04:45:00,1.691,-12.246485459379262,-5.478724979408465,-2.375791714765416,-5.478724979408465,-1.0,1.0
2026-02-02 05:00:00,5.153,-10.538450080427737,-0.7801810737517993,-0.20174250415767125,-0.7801810737517993,-1.0,1.0
2026-02-02 05:15:00,12.602,-8.925386547260562,-0.8198068281465514,0.29048739009224533,-0.8198068281465514,-1.0,1.0
2026-02-02 05:30:00,15.502,-9.30623342541519,-0.6552046953028985,1.715749707015076,-0.6552046953028985,-1.0,1.0
2026-02-02 05:45:00,16.171,-8.919851136379389,-1.2818006552690666,3.51882870563843,-1.2818006552690666,-1.0,1.0
2026-02-02 06:00:00,16.479,-9.890452459287644,1.0188279760113383,5.40434230514384,1.0188279760113383,1.0,1.0
2026-02-02 06:15:00,13.052,-8.312388759369341,-0.25051720825743395,5.141041453944635,-0.25051720825743395,-1.0,1.0
2026-02-02 06:30:00,3.22,-9.158428060756943,0.07332304939504425,4.493769563437515,0.07332304939504425,1.0,1.0
2026-02-02 06:45:00,-0.504,-8.538820642627986,-0.5603654613374163,6.370709524675404,-0.5603654613374163,-1.0,-1.0
2026-02-02 07:00:00,23.602,-10.039159041001497,0.8295925997955387,10.516496702816362,0.8295925997955387,1.0,1.0
2026-02-02 07:15:00,24.764,-8.140198982391263,2.9902466269459103,13.778017545492148,2.9902466269459103,1.0,1.0
2026-02-02 07:30:00,9.003,-9.180450125554247,1.1742750838306748,13.378851854342097,1.1742750838306748,1.0,1.0
2026-02-02 07:45:00,4.139,-6.8735334380126405,1.3635703180612067,12.233606821216249,1.3635703180612067,1.0,1.0
2026-02-02 08:00:00,16.458,-9.10936531266319,2.3753647849824557,12.831531880775033,2.3753647849824557,1.0,1.0
2026-02-02 08:15:00,8.734,-8.10743316807402,1.6415684639347647,11.964685421081905,1.6415684639347647,1.0,1.0
2026-02-02 08:30:00,2.952,-7.0615070345871125,0.3959286540108501,11.279255480065027,0.3959286540108501,1.0,1.0
2026-02-02 08:45:00,1.079,-5.865931997735089,3.1551554180303985,15.245665395104583,3.1551554180303985,1.0,1.0
2026-02-02 09:00:00,-11.192,-4.58386561275177,2.4017462114189465,14.547184233583518,2.4017462114189465,1.0,-1.0
2026-02-02 09:15:00,-7.573,-4.686871951543615,1.7061832042699645,13.510253669472224,1.7061832042699645,1.0,-1.0
2026-02-02 09:30:00,-8.948,-7.057859864191284,-1.7673365386864985,9.660527410084985,-1.7673365386864985,-1.0,-1.0
2026-02-02 09:45:00,-3.496,-3.1923621632388204,0.8820553374440161,14.797741905049547,0.8820553374440161,1.0,-1.0
2026-02-02 10:00:00,-3.229,-8.602231459557045,0.0550784510189072,11.592115773742524,0.0550784510189072,1.0,-1.0
2026-02-02 10:15:00,-4.226,-7.645056585328258,-1.2315691264953932,9.784481866896956,-1.2315691264953932,-1.0,-1.0
2026-02-02 10:30:00,-13.353,-7.6703546045132125,-1.1686102120711623,9.129836374288002,-1.1686102120711623,-1.0,-1.0
2026-02-02 10:45:00,-4.918,-8.37277712917749,-1.7942389573974729,6.643515653651695,-1.7942389573974729,-1.0,-1.0
2026-02-02 11:00:00,-17.793,-14.61318000150731,-4.757739688477228,4.020370425345283,-4.757739688477228,-1.0,-1.0
2026-02-02 11:15:00,-11.68,-11.349396701182108,-3.4318114905498227,5.670404711801405,-3.4318114905498227,-1.0,-1.0
2026-02-02 11:30:00,-16.001,-12.114956555526973,-1.4433532725064535,3.815286304356582,-1.4433532725064535,-1.0,-1.0
2026-02-02 11:45:00,-15.137,-10.430696148021003,-0.5176157620337707,6.804468773183328,-0.5176157620337707,-1.0,-1.0
2026-02-02 12:00:00,-9.002,-15.229156915807417,-2.5469639750871207,5.643654646212748,-2.5469639750871207,-1.0,-1.0
2026-02-02 12:15:00,-13.803,-14.50418549513203,-3.719513797471096,2.6206750598600674,-3.719513797471096,-1.0,-1.0
2026-02-02 12:30:00,-12.314,-15.704917150348656,-5.036500440590628,1.1549097712625889,-5.036500440590628,-1.0,-1.0
2026-02-02 12:45:00,-12.684,-14.84624992614865,-6.976003722126586,0.009853056770614824,-6.976003722126586,-1.0,-1.0
2026-02-02 13:00:00,-10.566,-19.718206110464987,-8.675843350618944,-2.4797025547166127,-8.675843350618944,-1.0,-1.0
2026-02-02 13:15:00,-13.783,-15.55910871350178,-8.793049150752847,-1.7178006688358531,-8.793049150752847,-1.0,-1.0
2026-02-02 13:30:00,-5.338,-17.372888894357086,-9.07938446623906,-2.540363575783517,-9.07938446623906,-1.0,-1.0
2026-02-02 13:45:00,-3.683,-13.178297351245593,-6.563260889503679,-0.7121622910281247,-6.563260889503679,-1.0,-1.0
2026-02-02 14:00:00,-4.998,-13.80706584736374,-7.788572033654099,0.41348539717946653,-7.788572033654099,-1.0,-1.0
2026-02-02 14:15:00,-1.174,-13.468246844772072,-7.3136342524065014,-1.177823581495411,-7.3136342524065014,-1.0,-1.0
2026-02-02 14:30:00,-1.856,-15.377650617006765,-7.412586919669838,-1.1156596596535446,-7.412586919669838,-1.0,-1.0
2026-02-02 14:45:00,-8.687,-13.98185124549619,-5.424328175176492,-0.856149312529441,-5.424328175176492,-1.0,-1.0
2026-02-02 15:00:00,-23.579,-16.333028998248043,-4.679916428915934,-0.9908035373505635,-4.679916428915934,-1.0,-1.0
2026-02-02 15:15:00,-27.362,-12.263903293077433,-2.7566603837595967,0.23847516396896656,-2.7566603837595967,-1.0,-1.0
2026-02-02 15:30:00,-11.818,-11.445687905385189,-4.30152019712019,-0.12072644176840087,-4.30152019712019,-1.0,-1.0
2026-02-02 15:45:00,-9.386,-7.72781491536094,-3.0762622990686546,0.6633512500871724,-3.0762622990686546,-1.0,-1.0
2026-02-02 16:00:00,-11.718,-9.687529263134726,-2.656228138085782,5.457411473504435,-2.656228138085782,-1.0,-1.0
2026-02-02 16:15:00,-27.779,-9.447857866512086,-2.2256515024233168,3.2138188962880405,-2.2256515024233168,-1.0,-1.0
2026-02-02 16:30:00,-31.302,-9.184609857004668,-2.7946276572439404,2.249646547601556,-2.7946276572439404,-1.0,-1.0
2026-02-02 16:45:00,-20.474,-11.354923723474588,-6.149556761087833,3.0633178876062637,-6.149556761087833,-1.0,-1.0
2026-02-02 17:00:00,-9.809,-13.861232424831933,-6.079535863540482,3.892609031543229,-6.079535863540482,-1.0,-1.0
2026-02-02 17:15:00,-12.826,-11.901093650267018,-5.512027747429426,2.8265226678865853,-5.512027747429426,-1.0,-1.0
2026-02-02 17:30:00,-8.156,-9.065520988111912,-4.671644478821631,2.8381480524436937,-4.671644478821631,-1.0,-1.0
2026-02-02 17:45:00,-0.382,-9.170709989478077,-3.5133136308547828,4.631716781800204,-3.5133136308547828,-1.0,-1.0
2026-02-02 18:00:00,-0.341,-12.783725973488785,-5.7617593632120006,3.7380476391558393,-5.7617593632120006,-1.0,-1.0
2026-02-02 18:15:00,1.669,-15.241174170089192,-7.248304784225091,0.8934104010258589,-7.248304784225091,-1.0,1.0
2026-02-02 18:30:00,-2.148,-15.60567094532784,-7.861633525591964,0.1440474922350256,-7.861633525591964,-1.0,-1.0
2026-02-02 18:45:00,0.343,-13.781181002927548,-6.41275817723512,1.5476478232440747,-6.41275817723512,-1.0,1.0
2026-02-02 19:00:00,-7.399,-14.747804596542881,-7.06952979042283,0.5894043313306502,-7.06952979042283,-1.0,-1.0
2026-02-02 19:15:00,-4.261,-13.101687728696357,-5.771981588159742,0.05788101354531741,-5.771981588159742,-1.0,-1.0
2026-02-02 19:30:00,-4.016,-11.587506295461086,-5.126315242564102,-1.0625886329568925,-5.126315242564102,-1.0,-1.0
2026-02-02 19:45:00,1.565,-9.636348236208146,-1.7872452136109895,4.563675875255473,-1.7872452136109895,-1.0,1.0
2026-02-02 20:00:00,-2.248,-13.092475736298825,-3.9646114870492317,4.920163390575969,-3.9646114870492317,-1.0,-1.0
2026-02-02 20:15:00,-3.912,-8.840520048429816,-2.790445437458488,3.3689341390169925,-2.790445437458488,-1.0,-1.0
2026-02-02 20:30:00,-6.282,-7.789836812248524,-2.0884121496756727,4.399578629443264,-2.0884121496756727,-1.0,-1.0
2026-02-02 20:45:00,-6.383,-12.552287947460837,-2.931984283524397,3.0564209647469696,-2.931984283524397,-1.0,-1.0
2026-02-02 21:00:00,2.415,-14.106660283838854,-4.6318364876793305,2.139907031473638,-4.6318364876793305,-1.0,1.0
2026-02-02 21:15:00,-6.862,-10.777232910226486,-4.63416739475831,1.1772683652799716,-4.63416739475831,-1.0,-1.0
2026-02-02 21:30:00,-6.134,-10.506024411321214,-4.135196933595938,2.501692945950929,-4.135196933595938,-1.0,-1.0
2026-02-02 21:45:00,-1.542,-8.160943555539042,0.18994967780608765,6.56327947071965,0.18994967780608765,1.0,-1.0
2026-02-02 22:00:00,-10.5,-13.746139956645434,-4.40818194702535,1.9654212354899,-4.40818194702535,-1.0,-1.0
2026-02-02 22:15:00,-12.631,-12.14952789884917,-4.793300017241233,0.41197606994167696,-4.793300017241233,-1.0,-1.0
2026-02-02 22:30:00,-10.267,-14.018576998186868,-4.97695861266051,0.2479339105348094,-4.97695861266051,-1.0,-1.0
2026-02-02 22:45:00,-6.608,-7.496429771248506,-2.374963670039904,2.815059243915223,-2.374963670039904,-1.0,-1.0
2026-02-02 23:00:00,-4.278,-9.487800130305343,-3.475157943019853,1.9510389598174969,-3.475157943019853,-1.0,-1.0
2026-02-02 23:15:00,-1.876,-9.771008195897926,-3.902365045734492,0.09142804227692944,-3.902365045734492,-1.0,-1.0
2026-02-02 23:30:00,1.377,-10.98659143055391,-4.086155518508296,0.4576365819284704,-4.086155518508296,-1.0,1.0
2026-02-02 23:45:00,2.913,-11.26822138859146,-3.0892625498940216,3.1812652717623227,-3.0892625498940216,-1.0,1.0
2026-02-03 00:00:00,5.31,-17.244289088497815,-4.3313505195749045,-0.5874771724694748,-4.3313505195749045,-1.0,1.0
2026-02-03 00:15:00,6.731,-17.601668706155806,-3.3151157794378823,-0.34041432709085157,-3.3151157794378823,-1.0,1.0
2026-02-03 00:30:00,5.431,-15.72879145775238,-3.9798113956101235,-0.2014086975592239,-3.9798113956101235,-1.0,1.0
2026-02-03 00:45:00,5.85,-10.319007203243874,-1.5153485793877,1.7075993066242128,-1.5153485793877,-1.0,1.0
2026-02-03 01:00:00,8.634,-10.986001660373903,-4.610972394857358,1.0028536524624252,-4.610972394857358,-1.0,1.0
2026-02-03 01:15:00,9.679,-8.671023289754336,-3.597698378445083,3.8629732448539853,-3.597698378445083,-1.0,1.0
2026-02-03 01:30:00,15.176,-5.387939593116977,-3.2057385704551904,3.3291724067966246,-3.2057385704551904,-1.0,1.0
2026-02-03 01:45:00,12.592,-3.795756234529556,-1.6714217614899172,7.471387220630731,-1.6714217614899172,-1.0,1.0
2026-02-03 02:00:00,9.964,-6.029421323772134,-2.89817619744703,3.596838530078239,-2.89817619744703,-1.0,1.0
2026-02-03 02:15:00,12.121,-4.088971975507894,-1.9956711682769506,6.1969351752701485,-1.9956711682769506,-1.0,1.0
2026-02-03 02:30:00,11.346,-3.2593675635663484,-1.5499419782806445,4.779004512883972,-1.5499419782806445,-1.0,1.0
2026-02-03 02:45:00,9.28,-1.3049695174129998,-0.9466636930567109,8.434806075435006,-0.9466636930567109,-1.0,1.0
2026-02-03 03:00:00,6.533,-2.7597019413214388,-1.5121992294629656,8.859070998197058,-1.5121992294629656,-1.0,1.0
2026-02-03 03:15:00,7.878,-1.46448158027404,0.2596223681760836,10.254212793524244,0.2596223681760836,1.0,1.0
2026-02-03 03:30:00,2.625,-1.7803929131065526,0.018974997501480965,10.020331443417357,0.018974997501480965,1.0,1.0
2026-02-03 03:45:00,1.958,-1.7090629624780984,0.4002766217550427,10.20182552094058,0.4002766217550427,1.0,1.0
2026-02-03 04:00:00,0.698,-2.376150603359882,1.9378181007125226,10.678390029150613,1.9378181007125226,1.0,1.0
2026-02-03 04:15:00,-2.248,-3.4678569521577445,1.3018828342055824,10.600467351844307,1.3018828342055824,1.0,-1.0
2026-02-03 04:30:00,-6.236,-4.303122262638645,-0.5028184906151456,9.934658592293625,-0.5028184906151456,-1.0,-1.0
2026-02-03 04:45:00,-7.0,-3.7821578143095804,-0.41528051555791046,10.680370868356528,-0.41528051555791046,-1.0,-1.0
2026-02-03 05:00:00,-4.25,-1.9009431417205471,1.172482161414988,12.534952730848516,1.172482161414988,1.0,-1.0
2026-02-03 05:15:00,-6.794,-2.527857030794494,1.4110000158129776,12.870358675235158,1.4110000158129776,1.0,-1.0
2026-02-03 05:30:00,-2.417,-2.882852012716196,0.18030843224439988,9.944720267662822,0.18030843224439988,1.0,-1.0
2026-02-03 05:45:00,-2.031,-4.021506847995369,-0.46008401652064035,9.563357933137565,-0.46008401652064035,-1.0,-1.0
2026-02-03 06:00:00,-1.212,-2.767290675698649,2.156450354603658,15.46645631432587,2.156450354603658,1.0,-1.0
2026-02-03 06:15:00,-3.077,-3.122835630632584,-1.4643083733395796,6.914725557618037,-1.4643083733395796,-1.0,-1.0
2026-02-03 06:30:00,-5.354,-6.918003308112023,-3.889362517779912,5.403317239562622,-3.889362517779912,-1.0,-1.0
2026-02-03 06:45:00,-8.026,-8.24867417719771,-3.7271505109348073,5.738667220199012,-3.7271505109348073,-1.0,-1.0
2026-02-03 07:00:00,3.035,-9.268376165541724,-1.0251018662541025,8.070484843286001,-1.0251018662541025,-1.0,1.0
2026-02-03 07:15:00,-3.189,-6.797195697941209,1.0863641235205586,11.38111091608325,1.0863641235205586,1.0,-1.0
2026-02-03 07:30:00,-4.396,-7.26273037868862,-0.33717484983973783,11.635293879683836,-0.33717484983973783,-1.0,-1.0
2026-02-03 07:45:00,-7.596,-7.32706234420942,0.39397355611746415,10.893278758217289,0.39397355611746415,1.0,-1.0
2026-02-03 08:00:00,0.67,-10.771081998536836,-1.3405095152180846,8.895894889448762,-1.3405095152180846,-1.0,1.0
2026-02-03 08:15:00,-7.239,-7.72959059178846,-1.5852891410970906,9.171173315022825,-1.5852891410970906,-1.0,-1.0
2026-02-03 08:30:00,-7.124,-9.080262501389749,-2.108875569132051,8.25107509303181,-2.108875569132051,-1.0,-1.0
2026-02-03 08:45:00,-2.833,-8.491150342627758,-0.3330365074738947,8.14372687974635,-0.3330365074738947,-1.0,-1.0
2026-02-03 09:00:00,-8.539,-15.953418217568716,-3.9632180176288,4.227748480670022,-3.9632180176288,-1.0,-1.0
2026-02-03 09:15:00,-0.054,-13.606749054536667,-2.6642474878188187,3.693106960290543,-2.6642474878188187,-1.0,-1.0
2026-02-03 09:30:00,-7.555,-11.244868033211118,-4.133492414637364,2.8831648304577664,-4.133492414637364,-1.0,-1.0
2026-02-03 09:45:00,-7.611,-7.243463771050009,-3.8608558268898165,5.9256866343044505,-3.8608558268898165,-1.0,-1.0
2026-02-03 10:00:00,-25.687,-11.56553434239549,-4.1784931905292195,4.232884989202905,-4.1784931905292195,-1.0,-1.0
2026-02-03 10:15:00,-4.575,-12.075065640303588,-5.672027664387276,4.016030121691754,-5.672027664387276,-1.0,-1.0
2026-02-03 10:30:00,-5.881,-11.31072368874941,-5.54970977209445,2.2736782727936653,-5.54970977209445,-1.0,-1.0
2026-02-03 10:45:00,4.528,-11.344464218495759,-3.884633321365027,3.7375865979934733,-3.884633321365027,-1.0,1.0
2026-02-03 11:00:00,10.378,-16.642974678176977,-4.760662675237278,3.68593723766705,-4.760662675237278,-1.0,1.0
2026-02-03 11:15:00,8.515,-15.530880208266593,-5.407894006864831,4.426898084842866,-5.407894006864831,-1.0,1.0
2026-02-03 11:30:00,12.162,-14.568521858995245,-6.356995225028184,3.2161197410115054,-6.356995225028184,-1.0,1.0
2026-02-03 11:45:00,12.908,-21.454009847693158,-9.523570276328543,1.4766621303465979,-9.523570276328543,-1.0,1.0
2026-02-03 12:00:00,6.979,-17.74568960434006,-4.068657895047104,3.133648807074357,-4.068657895047104,-1.0,1.0
2026-02-03 12:15:00,-3.217,-15.34248282394146,-3.5933722190164223,4.000166844056843,-3.5933722190164223,-1.0,-1.0
2026-02-03 12:30:00,-0.211,-12.60095950297321,-0.3968389374190667,5.640417715688591,-0.3968389374190667,-1.0,-1.0
2026-02-03 12:45:00,-1.376,-8.021103626894394,-1.0419172578957523,10.404266779995785,-1.0419172578957523,-1.0,-1.0
2026-02-03 13:00:00,-5.116,-12.109588119474457,-0.6422141716146259,10.704376008482106,-0.6422141716146259,-1.0,-1.0
2026-02-03 13:15:00,-17.412,-7.19423161242763,1.4590972167790237,12.900579010292066,1.4590972167790237,1.0,-1.0
2026-02-03 13:30:00,-9.218,-8.32552206691201,2.30981421998447,12.844220529652373,2.30981421998447,1.0,-1.0
2026-02-03 13:45:00,-22.221,-8.382262161023322,3.052283835207427,13.471736705582078,3.052283835207427,1.0,-1.0
2026-02-03 14:00:00,-2.114,-8.81789825629931,1.3542946322671985,9.778448168436423,1.3542946322671985,1.0,-1.0
2026-02-03 14:15:00,-0.358,-7.256348692828704,0.8704930065832708,8.496549879692576,0.8704930065832708,1.0,-1.0
2026-02-03 14:30:00,-1.304,-9.270949666500849,0.29632200943942777,9.414772085120779,0.29632200943942777,1.0,-1.0
2026-02-03 14:45:00,-3.578,-7.398704389965011,0.9530489264886456,9.87931322704851,0.9530489264886456,1.0,-1.0
2026-02-03 15:00:00,-2.761,-10.349164126325936,-0.7653275154964988,8.92175382829247,-0.7653275154964988,-1.0,-1.0
2026-02-03 15:15:00,-9.345,-9.88951404230667,-0.12900958251571623,7.070658689016318,-0.12900958251571623,-1.0,-1.0
2026-02-03 15:30:00,-14.265,-19.46308891820379,-4.879607809190549,4.538113726958598,-4.879607809190549,-1.0,-1.0
2026-02-03 15:45:00,-14.375,-12.384234003234178,-1.4504511144027918,6.962458895589427,-1.4504511144027918,-1.0,-1.0
2026-02-03 16:00:00,-14.152,-13.328940785722335,-0.42942789166168743,5.56905906396277,-0.42942789166168743,-1.0,-1.0
2026-02-03 16:15:00,-7.045,-8.033319433012213,-1.1275138161668898,3.738873851971644,-1.1275138161668898,-1.0,-1.0
2026-02-03 16:30:00,-1.794,-8.830368476157851,-1.33526385681971,4.004779650940298,-1.33526385681971,-1.0,-1.0
2026-02-03 16:45:00,-0.937,-10.507011320096712,-0.5323791767938109,2.417495800256377,-0.5323791767938109,-1.0,-1.0
2026-02-03 17:00:00,-4.194,-8.794781000431488,-2.198850534087211,4.152231987533493,-2.198850534087211,-1.0,-1.0
2026-02-03 17:15:00,-11.515,-10.722965396554766,-2.864791116285644,2.880924922913179,-2.864791116285644,-1.0,-1.0
2026-02-03 17:30:00,-10.449,-9.630117289252194,-3.4360831298270016,3.460888047744524,-3.4360831298270016,-1.0,-1.0
2026-02-03 17:45:00,-1.75,-13.239291133378876,-4.289497475638446,2.6223196131679964,-4.289497475638446,-1.0,-1.0
2026-02-03 18:00:00,2.513,-8.95003834364642,-1.5283026329694012,5.335081714478194,-1.5283026329694012,-1.0,1.0
2026-02-03 18:15:00,1.659,-5.60266692301173,-2.2090138630460827,4.66174932963199,-2.2090138630460827,-1.0,1.0
2026-02-03 18:30:00,0.659,-4.7579237474290474,-1.6224919932488373,6.203276202427748,-1.6224919932488373,-1.0,1.0
2026-02-03 18:45:00,-2.598,-5.204462635068423,-1.5752906821708939,4.55346103383856,-1.5752906821708939,-1.0,-1.0
2026-02-03 19:00:00,-6.598,-10.629688074700097,-1.9452137211752847,3.2979997242770804,-1.9452137211752847,-1.0,-1.0
2026-02-03 19:15:00,-4.241,-9.173744246133523,-2.767019560161061,3.367879832463993,-2.767019560161061,-1.0,-1.0
2026-02-03 19:30:00,-3.47,-4.097787726344229,-2.1655737868597202,2.585805893824781,-2.1655737868597202,-1.0,-1.0
2026-02-03 19:45:00,3.607,-3.5692471756028428,0.4697483826291234,4.680797363506621,0.4697483826291234,1.0,1.0
2026-02-03 20:00:00,-9.061,-7.020884487454135,-1.608959025225252,3.4527254442107767,-1.608959025225252,-1.0,-1.0
2026-02-03 20:15:00,-10.051,-5.2988050370833975,-1.7034041576212426,4.212782484270141,-1.7034041576212426,-1.0,-1.0
2026-02-03 20:30:00,-3.489,-6.365403401467677,-1.8411906256899213,3.395282453006948,-1.8411906256899213,-1.0,-1.0
2026-02-03 20:45:00,-8.181,-8.460651760370462,-2.51466200786616,4.085144099230572,-2.51466200786616,-1.0,-1.0
2026-02-03 21:00:00,-1.495,-10.033783833546734,-2.950534896866611,4.035857768171791,-2.950534896866611,-1.0,-1.0
2026-02-03 21:15:00,-0.14,-7.120743394114626,-2.805970485856859,2.194717922214573,-2.805970485856859,-1.0,-1.0
2026-02-03 21:30:00,-1.485,-6.716679612631433,-2.1624835346251934,2.5396739314203156,-2.1624835346251934,-1.0,-1.0
2026-02-03 21:45:00,0.724,-8.367635344789703,-2.4829201840335324,4.003937844643684,-2.4829201840335324,-1.0,1.0
2026-02-03 22:00:00,-7.928,-13.566432538149101,-3.9223428943676266,0.8257330482305922,-3.9223428943676266,-1.0,-1.0
2026-02-03 22:15:00,-10.129,-6.556552165088408,-2.525210539586662,1.4689170586102016,-2.525210539586662,-1.0,-1.0
2026-02-03 22:30:00,-8.496,-10.54154739418466,-3.8385880910237873,0.4800512991832004,-3.8385880910237873,-1.0,-1.0
2026-02-03 22:45:00,-2.045,-5.488025608562764,-2.6294515493195507,2.5820932200322253,-2.6294515493195507,-1.0,-1.0
2026-02-03 23:00:00,1.673,-8.240983458145124,-3.703695856618831,1.6444760342384535,-3.703695856618831,-1.0,1.0
2026-02-03 23:15:00,4.821,-5.649974487951071,-0.7628615888018695,1.717306592005946,-0.7628615888018695,-1.0,1.0
2026-02-03 23:30:00,1.604,-4.967414181133534,-0.47729304926834887,3.3034877061186054,-0.47729304926834887,-1.0,1.0
2026-02-03 23:45:00,-4.582,-3.7324635366958923,0.27832690665666865,5.007283838492127,0.27832690665666865,1.0,-1.0
2026-02-04 00:00:00,-4.082,-11.268894806018615,-1.0737402402526834,2.204466990493877,-1.0737402402526834,-1.0,-1.0
2026-02-04 00:15:00,-1.12,-5.9976756401379605,-1.7574219680406729,0.7750536500020708,-1.7574219680406729,-1.0,-1.0
2026-02-04 00:30:00,-3.844,-6.7250367807274225,-0.2829151285458143,1.3192637896602328,-0.2829151285458143,-1.0,-1.0
2026-02-04 00:45:00,10.465,-3.996104073619605,0.8987560326908406,3.742558320883661,0.8987560326908406,1.0,1.0
2026-02-04 01:00:00,6.552,-7.517013700674903,-0.8574923411083217,4.389403955439445,-0.8574923411083217,-1.0,1.0
2026-02-04 01:15:00,5.326,-5.3798401178890725,0.8248816105779597,5.5848326008881575,0.8248816105779597,1.0,1.0
2026-02-04 01:30:00,2.367,-5.2563617962504114,1.4453962042866344,6.443989319460959,1.4453962042866344,1.0,1.0
2026-02-04 01:45:00,5.909,-6.051130357491738,0.9797214560189108,5.341593323834354,0.9797214560189108,1.0,1.0
2026-02-04 02:00:00,-4.702,-9.313536481274905,0.1285348605631666,3.06116785824527,0.1285348605631666,1.0,-1.0
2026-02-04 02:15:00,-2.621,-5.662812977812772,1.0362916420400357,3.33085259886026,1.0362916420400357,1.0,-1.0
2026-02-04 02:30:00,1.041,-4.420033159082097,1.3815029000893955,5.2040639936862085,1.3815029000893955,1.0,1.0
2026-02-04 02:45:00,-0.086,-3.908911126783383,4.1179613651065505,9.54882389754623,4.1179613651065505,1.0,-1.0
2026-02-04 03:00:00,-1.237,-5.765755348714913,1.2011581994816711,7.91945240078835,1.2011581994816711,1.0,-1.0
2026-02-04 03:15:00,0.731,-4.214219124181631,1.6008542003861834,8.04857478441744,1.6008542003861834,1.0,1.0
2026-02-04 03:30:00,5.398,-4.282634505181099,1.0918972539024232,6.980239749897854,1.0918972539024232,1.0,1.0
2026-02-04 03:45:00,0.349,-3.655029108517356,1.6405265663717121,7.0853250497498665,1.6405265663717121,1.0,1.0
2026-02-04 04:00:00,1.63,-3.7932450738582335,0.7840821836290551,6.2917117275751355,0.7840821836290551,1.0,1.0
2026-02-04 04:15:00,3.318,-3.3201629493174676,0.6931244227350098,6.133610407842351,0.6931244227350098,1.0,1.0
2026-02-04 04:30:00,3.522,-5.115941904267584,1.4619757586941855,6.352472967256853,1.4619757586941855,1.0,1.0
2026-02-04 04:45:00,3.492,-4.999763077626139,1.4000330124363805,6.759380159508538,1.4000330124363805,1.0,1.0
2026-02-04 05:00:00,7.703,-6.0463794701441,2.7908921931964783,6.557147709574719,2.7908921931964783,1.0,1.0
2026-02-04 05:15:00,8.703,-3.5110705376817126,3.1081652079387974,7.4226688703038795,3.1081652079387974,1.0,1.0
2026-02-04 05:30:00,-1.548,-3.514967170861452,2.4637436178820864,9.134149453725241,2.4637436178820864,1.0,-1.0
2026-02-04 05:45:00,5.712,-3.4136059895554673,2.6782559013267715,7.978277397214759,2.6782559013267715,1.0,1.0
2026-02-04 06:00:00,1.571,-3.225395792992298,5.245554675609255,12.50132958132719,5.245554675609255,1.0,1.0
2026-02-04 06:15:00,5.694,-3.9781518108213048,3.634763606205801,10.152638769472858,3.634763606205801,1.0,1.0
2026-02-04 06:30:00,-5.526,-5.292675180902962,1.4300013565530065,10.173215786183166,1.4300013565530065,1.0,-1.0
2026-02-04 06:45:00,-3.098,-4.760693081204701,-0.1914356398311693,11.14016881930885,-0.1914356398311693,-1.0,-1.0
2026-02-04 07:00:00,-3.008,-6.356554653739854,1.2603004582796964,9.221356792939348,1.2603004582796964,1.0,-1.0
2026-02-04 07:15:00,-8.377,-5.136994985427004,1.6907355100477925,8.720024051204424,1.6907355100477925,1.0,-1.0
2026-02-04 07:30:00,-4.894,-7.333953246756325,-0.33914276338660027,8.606860950223437,-0.33914276338660027,-1.0,-1.0
2026-02-04 07:45:00,-3.061,-6.661646262052814,0.6707087316481689,7.926540340612165,0.6707087316481689,1.0,-1.0
2026-02-04 08:00:00,1.329,-8.757940709934198,0.5695697134131885,8.866966719039032,0.5695697134131885,1.0,1.0
2026-02-04 08:15:00,-2.391,-5.552462153236113,-1.1179978283978742,7.15691462219042,-1.1179978283978742,-1.0,-1.0
2026-02-04 08:30:00,1.034,-5.603084996430824,-0.6161929133579851,5.966890899814325,-0.6161929133579851,-1.0,1.0
2026-02-04 08:45:00,1.951,-5.606265752869989,-2.2094480041844458,7.595243828184573,-2.2094480041844458,-1.0,1.0
2026-02-04 09:00:00,0.43,-11.769518611328133,-1.973982912549148,7.342111184495601,-1.973982912549148,-1.0,1.0
2026-02-04 09:15:00,6.792,-7.204760029396365,-1.190774856841682,8.755444717653129,-1.190774856841682,-1.0,1.0
2026-02-04 09:30:00,7.531,-8.697440975975455,-1.6575024808288308,8.096801212351076,-1.6575024808288308,-1.0,1.0
2026-02-04 09:45:00,6.237,-7.196427772461174,-1.3400697837964863,12.4106376242344,-1.3400697837964863,-1.0,1.0
2026-02-04 10:00:00,13.028,-13.277985884170109,-3.1824516051568867,8.639259406343285,-3.1824516051568867,-1.0,1.0
2026-02-04 10:15:00,19.664,-11.713513354122691,-1.5988868436382082,10.77547756626284,-1.5988868436382082,-1.0,1.0
2026-02-04 10:30:00,17.692,-9.106178654799292,0.4451189462218666,12.58117383270124,0.4451189462218666,1.0,1.0
2026-02-04 10:45:00,15.856,-8.52099639033157,2.0084038897710728,11.812866056753924,2.0084038897710728,1.0,1.0
2026-02-04 11:00:00,19.642,-10.879918767894658,2.3636350846142227,12.670781850871593,2.3636350846142227,1.0,1.0
2026-02-04 11:15:00,17.379,-8.148632489373249,3.1393938432185817,14.640622752461061,3.1393938432185817,1.0,1.0
2026-02-04 11:30:00,13.548,-8.973959045140463,4.113700676866233,13.599659933323201,4.113700676866233,1.0,1.0
2026-02-04 11:45:00,18.348,-6.4758619065483956,5.194994240959628,17.956021939922415,5.194994240959628,1.0,1.0
2026-02-04 12:00:00,13.487,-5.9692023591569185,4.669776396716831,17.619081901716587,4.669776396716831,1.0,1.0
2026-02-04 12:15:00,12.776,-1.1557712819952684,5.065099232142321,15.801028430839796,5.065099232142321,1.0,1.0
2026-02-04 12:30:00,9.332,-2.310897557062426,1.7612794175971442,17.226756623645574,1.7612794175971442,1.0,1.0
2026-02-04 12:45:00,10.318,-4.147852884780924,0.7206524984417635,16.47596698532565,0.7206524984417635,1.0,1.0
2026-02-04 13:00:00,10.073,-4.80738284581379,0.3974943428492707,15.932521794578516,0.3974943428492707,1.0,1.0
2026-02-04 13:15:00,10.063,-3.0688653765153715,1.8781290143802605,13.821049852221446,1.8781290143802605,1.0,1.0
2026-02-04 13:30:00,8.443,-3.5444980060558624,2.791683083059138,15.977219492978238,2.791683083059138,1.0,1.0
2026-02-04 13:45:00,4.251,-2.5493440870434068,3.8948477362471117,15.32300311158436,3.8948477362471117,1.0,1.0
2026-02-04 14:00:00,-3.657,-3.218681752132213,0.642006767233538,12.89889846358928,0.642006767233538,1.0,-1.0
2026-02-04 14:15:00,-2.917,-1.539296650795205,4.096812666125179,12.798726928812837,4.096812666125179,1.0,-1.0
2026-02-04 14:30:00,-2.93,-2.8183699130595334,1.5921730218697312,12.752615984185612,1.5921730218697312,1.0,-1.0
2026-02-04 14:45:00,-4.793,-3.122400721633691,2.121724352031874,13.031059122950051,2.121724352031874,1.0,-1.0
2026-02-04 15:00:00,5.071,-3.3371186797376255,-0.03904523119173299,13.092983222207392,-0.03904523119173299,-1.0,1.0
2026-02-04 15:15:00,-5.27,-1.8908053072031137,0.28244077573526205,11.045045316776065,0.28244077573526205,1.0,-1.0
2026-02-04 15:30:00,3.196,-4.148061511959063,-0.49356489019050964,9.45224797336015,-0.49356489019050964,-1.0,1.0
2026-02-04 15:45:00,5.936,-2.5397681234050626,0.46812631374660074,9.47546770813589,0.46812631374660074,1.0,1.0
2026-02-04 16:00:00,-9.934,-4.836571835684927,-0.2859725971485152,7.192479159012476,-0.2859725971485152,-1.0,-1.0
2026-02-04 16:15:00,-7.313,-5.145006916434096,-0.5676919610087736,4.332150605291085,-0.5676919610087736,-1.0,-1.0
2026-02-04 16:30:00,-4.702,-6.084852539533691,0.04198175610295966,4.946972686767684,0.04198175610295966,1.0,-1.0
2026-02-04 16:45:00,1.924,-3.8689366645919336,2.727976104197948,7.9437922007589785,2.727976104197948,1.0,1.0
2026-02-04 17:00:00,6.653,-2.8614003165300046,1.2540702287494474,6.569129033363016,1.2540702287494474,1.0,1.0
2026-02-04 17:15:00,-0.798,-3.338116929721229,0.7929494671108288,6.383269210797051,0.7929494671108288,1.0,-1.0
2026-02-04 17:30:00,0.506,-4.429350431726246,1.6697283701722494,7.635216391883951,1.6697283701722494,1.0,1.0
2026-02-04 17:45:00,-0.769,-5.361337999383376,1.7005006783466965,6.779276498433538,1.7005006783466965,1.0,-1.0
2026-02-04 18:00:00,-2.047,-8.502752917317585,-0.30791389135599323,8.455493869512006,-0.30791389135599323,-1.0,-1.0
2026-02-04 18:15:00,-0.36,-6.438047589286637,-0.21323204790288522,8.61728646259084,-0.21323204790288522,-1.0,-1.0
2026-02-04 18:30:00,2.109,-5.046845265211988,-0.6389436001585393,9.663813382412945,-0.6389436001585393,-1.0,1.0
2026-02-04 18:45:00,3.301,-3.3922958114237414,0.678689039463537,10.299114687824355,0.678689039463537,1.0,1.0
2026-02-04 19:00:00,5.884,-6.4724596462859525,-0.8485661784911724,5.701988228606509,-0.8485661784911724,-1.0,1.0
2026-02-04 19:15:00,2.972,-4.306620659907427,0.7339763773811601,4.3099934238580495,0.7339763773811601,1.0,1.0
2026-02-04 19:30:00,2.862,-6.27555242651897,-1.0902515126489973,4.103364014448301,-1.0902515126489973,-1.0,1.0
2026-02-04 19:45:00,2.857,-5.88996439974204,0.5560337461801509,6.235738611172287,0.5560337461801509,1.0,1.0
2026-02-04 20:00:00,3.141,-8.663773798579273,-1.8048446024130262,5.104164202945973,-1.8048446024130262,-1.0,1.0
2026-02-04 20:15:00,1.0,-7.665549317670076,-1.167657998341638,3.752150861975946,-1.167657998341638,-1.0,1.0
2026-02-04 20:30:00,0.634,-3.8534675159105065,-0.5074310308099801,5.99659518846587,-0.5074310308099801,-1.0,1.0
2026-02-04 20:45:00,0.926,-4.81175674291983,1.652693779711045,7.387736716685007,1.652693779711045,1.0,1.0
2026-02-04 21:00:00,4.782,-6.274078014420613,-0.6437400479299,7.309083134756007,-0.6437400479299,-1.0,1.0
2026-02-04 21:15:00,0.743,-3.6582527186994525,0.1832983747294369,5.626518002663723,0.1832983747294369,1.0,1.0
2026-02-04 21:30:00,1.163,-3.9875028799402226,1.029016073665157,4.804532679082998,1.029016073665157,1.0,1.0
2026-02-04 21:45:00,8.373,-3.2786541239222635,4.080992893314908,8.82033974784603,4.080992893314908,1.0,1.0
2026-02-04 22:00:00,17.899,-9.042359093654245,-0.8840199892620628,7.65583218891261,-0.8840199892620628,-1.0,1.0
2026-02-04 22:15:00,13.386,-7.69839913142292,0.43243279887039565,5.921359088029656,0.43243279887039565,1.0,1.0
2026-02-04 22:30:00,4.409,-6.442522978833674,-1.1535156116427439,5.813411643947934,-1.1535156116427439,-1.0,1.0
2026-02-04 22:45:00,5.803,-2.971546316334808,1.3900091184964896,8.143342997264716,1.3900091184964896,1.0,1.0
2026-02-04 23:00:00,4.416,-6.135709824180554,0.16085503407110108,7.268762912332864,0.16085503407110108,1.0,1.0
2026-02-04 23:15:00,4.585,-3.9241766496840196,1.6840228865339446,6.792084566717076,1.6840228865339446,1.0,1.0
2026-02-04 23:30:00,-0.994,-4.65205471225361,2.0484245719941656,7.863463912416993,2.0484245719941656,1.0,-1.0
2026-02-04 23:45:00,-1.819,-0.36187695376493895,5.414799284413023,10.238137329550236,5.414799284413023,1.0,-1.0
2026-02-05 00:00:00,-0.56,-4.710973281673742,3.361157880886482,11.572975183901779,3.361157880886482,1.0,-1.0
2026-02-05 00:15:00,2.224,-2.778441784876089,3.6855963770433715,10.593687207088514,3.6855963770433715,1.0,1.0
2026-02-05 00:30:00,1.701,-3.3385203298730337,2.9581728412773813,10.468112980090702,2.9581728412773813,1.0,1.0
2026-02-05 00:45:00,2.228,-3.6707929176622707,4.326490368793068,11.847444652640458,4.326490368793068,1.0,1.0
2026-02-05 01:00:00,1.1,-8.498599089378972,0.6546229504583088,10.001560228684603,0.6546229504583088,1.0,1.0
2026-02-05 01:15:00,0.259,-4.534102052555469,2.1499112473218056,8.87862144457758,2.1499112473218056,1.0,1.0
2026-02-05 01:30:00,-0.51,-5.373437060712953,1.4130050533178813,7.8906903487984215,1.4130050533178813,1.0,-1.0
2026-02-05 01:45:00,5.042,-4.431317351827655,2.149771324117013,9.26305522951961,2.149771324117013,1.0,1.0
2026-02-05 02:00:00,5.632,-6.514354399487677,-0.009385494815779528,6.089718823872601,-0.009385494815779528,-1.0,1.0
2026-02-05 02:15:00,13.727,-3.0608519125484817,2.035424349974907,7.853496921344402,2.035424349974907,1.0,1.0
2026-02-05 02:30:00,16.969,-3.7130314630659194,2.21114597134378,8.235435069902197,2.21114597134378,1.0,1.0
2026-02-05 02:45:00,11.013,-3.7628935958700347,3.14056861266521,9.284790687562147,3.14056861266521,1.0,1.0
2026-02-05 03:00:00,11.772,-5.5991137240095705,2.5842603780521425,6.7696667764389895,2.5842603780521425,1.0,1.0
2026-02-05 03:15:00,6.252,-3.4064970118845035,2.818905931215664,7.845169429505324,2.818905931215664,1.0,1.0
2026-02-05 03:30:00,8.636,-3.713939716989647,2.4766406087175756,8.277649683221263,2.4766406087175756,1.0,1.0
2026-02-05 03:45:00,10.218,-2.7526801376011694,3.60497460571205,9.73402018321453,3.60497460571205,1.0,1.0
2026-02-05 04:00:00,9.971,-2.8258991909565934,5.176316799830491,11.072200692332466,5.176316799830491,1.0,1.0
2026-02-05 04:15:00,9.561,0.05696103989438369,5.926314616350114,15.706206408867729,5.926314616350114,1.0,1.0
2026-02-05 04:30:00,8.914,-0.0920545318269132,7.778503863597361,14.512617243544694,7.778503863597361,1.0,1.0
2026-02-05 04:45:00,11.457,-0.33405390903743937,4.760583271028582,13.296667885223092,4.760583271028582,1.0,1.0
2026-02-05 05:00:00,9.441,-0.7976626698849552,6.0020954387361405,14.52796260655811,6.0020954387361405,1.0,1.0
2026-02-05 05:15:00,8.352,-0.1373149978672103,5.152238741491996,14.678822207357465,5.152238741491996,1.0,1.0
2026-02-05 05:30:00,3.744,-1.655769024755197,3.623301117494991,12.761057921341074,3.623301117494991,1.0,1.0
2026-02-05 05:45:00,1.458,-0.24273760306870437,4.73962166198078,14.538264141699372,4.73962166198078,1.0,1.0
2026-02-05 06:00:00,-3.91,-1.4349645974880911,6.794994765285584,15.795152740273615,6.794994765285584,1.0,-1.0
2026-02-05 06:15:00,-3.886,-1.92047637093748,5.545203352586098,13.405094067294247,5.545203352586098,1.0,-1.0
2026-02-05 06:30:00,-3.766,-4.029459399758195,2.8131267892868554,12.656713896766293,2.8131267892868554,1.0,-1.0
2026-02-05 06:45:00,-4.162,-2.805082661513224,2.250729228201963,11.546733589741311,2.250729228201963,1.0,-1.0
2026-02-05 07:00:00,10.101,-4.955284928469844,0.8567601404230956,11.463158314539056,0.8567601404230956,1.0,1.0
2026-02-05 07:15:00,0.815,-3.393863021143314,-0.29050924701360037,10.71114598332124,-0.29050924701360037,-1.0,1.0
2026-02-05 07:30:00,8.298,-3.862341080864212,0.0236225842537078,9.37778454759218,0.0236225842537078,1.0,1.0
2026-02-05 07:45:00,-1.484,-5.024041109129428,0.6810195807917883,8.714107538647385,0.6810195807917883,1.0,-1.0
2026-02-05 08:00:00,-8.058,-7.729881196134193,0.3109997650380837,9.68346939928633,0.3109997650380837,1.0,-1.0
2026-02-05 08:15:00,0.88,-5.096147121644395,-0.7505318696169242,8.65334683249169,-0.7505318696169242,-1.0,1.0
2026-02-05 08:30:00,4.536,-5.579265970918182,-0.8451046256498392,8.144978691552161,-0.8451046256498392,-1.0,1.0
2026-02-05 08:45:00,3.051,-3.850830264089488,3.7988865553550433,14.27954821849711,3.7988865553550433,1.0,1.0
2026-02-05 09:00:00,19.79,-8.051369457536541,0.5322641898624567,9.76837435648145,0.5322641898624567,1.0,1.0
2026-02-05 09:15:00,27.122,-3.7375388561631997,3.817198837735825,14.222716571746721,3.817198837735825,1.0,1.0
2026-02-05 09:30:00,20.344,-4.910075644719437,1.1197429441500413,9.445010856406304,1.1197429441500413,1.0,1.0
2026-02-05 09:45:00,23.165,-6.676038672231073,0.9884945889451242,11.53746380993424,0.9884945889451242,1.0,1.0
2026-02-05 10:00:00,7.665,-7.160223017126221,2.449796770840928,12.04891425412102,2.449796770840928,1.0,1.0
2026-02-05 10:15:00,4.452,-6.091194023962894,2.4490098694705917,11.526966030636586,2.4490098694705917,1.0,1.0
2026-02-05 10:30:00,1.199,-6.665782355931429,3.6084944183131373,14.281410996394213,3.6084944183131373,1.0,1.0
2026-02-05 10:45:00,5.286,-3.2337763101665784,5.976692836181896,19.07288322360437,5.976692836181896,1.0,1.0
2026-02-05 11:00:00,-3.195,-1.3266904864306421,11.138988771880287,23.99425347313482,11.138988771880287,1.0,-1.0
2026-02-05 11:15:00,2.194,1.3168623048405848,14.064005805513226,26.48251157822726,14.064005805513226,1.0,1.0
2026-02-05 11:30:00,-2.471,0.8864986629644045,11.659014022602102,24.00414023610944,11.659014022602102,1.0,-1.0
2026-02-05 11:45:00,0.748,0.27245378592817315,11.465931473357195,23.132507587382783,11.465931473357195,1.0,1.0
2026-02-05 12:00:00,14.011,-3.8968843950691814,5.861095197786289,17.697684059492815,5.861095197786289,1.0,1.0
2026-02-05 12:15:00,21.957,-2.824616386846563,6.300474014450338,16.8272213902283,6.300474014450338,1.0,1.0
2026-02-05 12:30:00,6.306,-4.1619497537436025,5.755277114111405,15.469828255836697,5.755277114111405,1.0,1.0
2026-02-05 12:45:00,3.108,-4.5529128657605265,5.2872559605220975,14.478120714015295,5.2872559605220975,1.0,1.0
2026-02-05 13:00:00,-0.795,-4.982091691582956,5.861885416564113,15.678246613236828,5.861885416564113,1.0,-1.0
2026-02-05 13:15:00,2.077,-4.09389679413541,5.414673665066609,14.407553519523807,5.414673665066609,1.0,1.0
2026-02-05 13:30:00,5.941,-3.758862472522912,4.831594197181085,13.16973683369884,4.831594197181085,1.0,1.0
2026-02-05 13:45:00,6.154,-1.5931173467944209,6.7286127988228985,20.378633089358548,6.7286127988228985,1.0,1.0
2026-02-05 14:00:00,12.974,-0.21147703797121334,8.343497091434651,19.844546313202134,8.343497091434651,1.0,1.0
2026-02-05 14:15:00,12.115,-1.6427596574827144,6.493475101910209,18.472351894540473,6.493475101910209,1.0,1.0
2026-02-05 14:30:00,15.551,-4.1142305266785035,5.155717088809284,16.321236643579716,5.155717088809284,1.0,1.0
2026-02-05 14:45:00,11.364,-4.457779421031642,3.2988359044037003,13.705588622675426,3.2988359044037003,1.0,1.0
2026-02-05 15:00:00,13.335,-3.656653558405108,3.3539388692209773,11.982119241012182,3.3539388692209773,1.0,1.0
2026-02-05 15:15:00,11.307,-3.6197158142344366,3.7023389169486247,11.109460291360714,3.7023389169486247,1.0,1.0
2026-02-05 15:30:00,17.831,-3.8974825160440147,4.392562761562626,12.189250979241617,4.392562761562626,1.0,1.0
2026-02-05 15:45:00,17.302,-2.3695274072288277,4.96213863229504,15.987611926810944,4.96213863229504,1.0,1.0
2026-02-05 16:00:00,12.252,-4.052242897336825,3.1973696018966673,18.709757256275154,3.1973696018966673,1.0,1.0
2026-02-05 16:15:00,8.856,-3.719263439742537,3.7497363664971237,18.65836010139213,3.7497363664971237,1.0,1.0
2026-02-05 16:30:00,9.981,-3.5576488238388357,2.245162314187365,17.96589147326691,2.245162314187365,1.0,1.0
2026-02-05 16:45:00,7.901,-2.2452323645126517,2.956235846599031,16.91339568869829,2.956235846599031,1.0,1.0
2026-02-05 17:00:00,11.535,-0.689523213083831,5.38144439343047,15.717022752595419,5.38144439343047,1.0,1.0
2026-02-05 17:15:00,0.614,-0.5325966649108681,4.347809918391131,17.43011389207017,4.347809918391131,1.0,1.0
2026-02-05 17:30:00,1.842,-1.397511315489287,3.496646660587163,18.396197596714842,3.496646660587163,1.0,1.0
2026-02-05 17:45:00,1.991,-3.25026116009482,0.12453661618177592,15.16523278095093,0.12453661618177592,1.0,1.0
2026-02-05 18:00:00,0.139,-2.9911971271050115,-0.26080031612294835,15.08011953431713,-0.26080031612294835,-1.0,1.0
2026-02-05 18:15:00,8.389,-0.7277745759614324,0.06093274842991977,13.279919804466767,0.06093274842991977,1.0,1.0
2026-02-05 18:30:00,-1.982,-1.4757972697806783,1.48351450675404,12.878328513335283,1.48351450675404,1.0,-1.0
2026-02-05 18:45:00,-1.777,-0.7584452393197392,0.39634179919546864,14.504364756652738,0.39634179919546864,1.0,-1.0
2026-02-05 19:00:00,-0.461,-1.616696377012959,0.054713813278166504,9.843099531470484,0.054713813278166504,1.0,-1.0
2026-02-05 19:15:00,-3.755,-1.3913790748786468,0.6929941220532435,9.918185286976572,0.6929941220532435,1.0,-1.0
2026-02-05 19:30:00,-3.215,-0.9336267166292032,2.425541874120164,8.13635918290244,2.425541874120164,1.0,-1.0
2026-02-05 19:45:00,-2.641,-0.9634476221128704,4.323769615255843,9.510678179230688,4.323769615255843,1.0,-1.0
2026-02-05 20:00:00,-6.829,-2.1300806967587826,1.9847373846427934,10.403766335820078,1.9847373846427934,1.0,-1.0
2026-02-05 20:15:00,-3.789,-0.8625824397628232,2.7095432731126006,9.352182459279268,2.7095432731126006,1.0,-1.0
2026-02-05 20:30:00,-1.705,-1.9169759991540942,2.6988514701344295,7.503076568697519,2.6988514701344295,1.0,-1.0
2026-02-05 20:45:00,4.474,-3.4585829004444384,3.0793828310383744,10.745746805558268,3.0793828310383744,1.0,1.0
2026-02-05 21:00:00,3.772,-7.418368360171931,-0.3459012142047624,7.454372186921169,-0.3459012142047624,-1.0,1.0
2026-02-05 21:15:00,6.128,-4.880345559638252,0.22235967595082035,6.329966959067989,0.22235967595082035,1.0,1.0
2026-02-05 21:30:00,0.899,-4.656491349642997,-0.8656661093237373,7.576975708358208,-0.8656661093237373,-1.0,1.0
2026-02-05 21:45:00,16.341,-3.5927908688435335,1.028243697307103,9.671343627296253,1.028243697307103,1.0,1.0
2026-02-05 22:00:00,-1.744,-8.560849046149759,-0.08922877565963602,6.84746277173676,-0.08922877565963602,-1.0,-1.0
2026-02-05 22:15:00,2.875,-3.709395803304734,0.46419762568720085,6.370306443044318,0.46419762568720085,1.0,1.0
2026-02-05 22:30:00,-0.42,-3.8150529331165197,0.7112180255278657,6.621366268392293,0.7112180255278657,1.0,-1.0
2026-02-05 22:45:00,2.583,-2.6019154764742742,4.739380938328086,9.560827115007319,4.739380938328086,1.0,1.0
2026-02-05 23:00:00,-0.303,-5.8239770431677025,1.8177311364662294,8.946084463748042,1.8177311364662294,1.0,-1.0
2026-02-05 23:15:00,7.723,-2.800238976004275,2.7974983942979783,8.648017817674623,2.7974983942979783,1.0,1.0
2026-02-05 23:30:00,13.291,-0.6976230173597532,2.0170105472274202,9.983998935422616,2.0170105472274202,1.0,1.0
2026-02-05 23:45:00,23.955,-0.14732371656264392,3.4862045830817943,11.41063089218338,3.4862045830817943,1.0,1.0
2026-02-06 00:00:00,6.518,-6.296406503492897,1.1554020893232622,8.409993168481886,1.1554020893232622,1.0,1.0
2026-02-06 00:15:00,2.243,-1.7298980731530709,1.9182607267354075,8.066687054318708,1.9182607267354075,1.0,1.0
2026-02-06 00:30:00,3.194,-2.036319226693636,2.452526443279909,10.501604142816872,2.452526443279909,1.0,1.0
2026-02-06 00:45:00,2.72,-1.7582604180152912,3.9038272573212263,11.514414363222967,3.9038272573212263,1.0,1.0
2026-02-06 01:00:00,10.373,-3.209976761182651,3.124242477450173,9.990564018919402,3.124242477450173,1.0,1.0
2026-02-06 01:15:00,9.633,1.1153718794438758,4.392181206940706,11.751187475160071,4.392181206940706,1.0,1.0
2026-02-06 01:30:00,11.029,2.768481816865227,4.6518439310373765,15.374957745196157,4.6518439310373765,1.0,1.0
2026-02-06 01:45:00,10.106,2.609255027061301,6.245112980677267,15.722282278492596,6.245112980677267,1.0,1.0
2026-02-06 02:00:00,8.239,-2.2737415038444597,1.3623301209970187,9.205414928497014,1.3623301209970187,1.0,1.0
2026-02-06 02:15:00,8.236,-0.185117638502508,1.413850204314559,9.851730568385133,1.413850204314559,1.0,1.0
2026-02-06 02:30:00,7.776,-0.9960956796137579,3.0014254070718827,9.334009393951268,3.0014254070718827,1.0,1.0
2026-02-06 02:45:00,6.296,-1.0858798754599464,4.475481603762479,10.422663794654147,4.475481603762479,1.0,1.0
2026-02-06 03:00:00,0.103,-1.1050123895806876,3.2105809751850174,12.734687074416678,3.2105809751850174,1.0,1.0
2026-02-06 03:15:00,-1.14,0.599512162578744,2.614500177160972,11.921458204355115,2.614500177160972,1.0,-1.0
2026-02-06 03:30:00,-6.595,1.2091669901111184,3.0773652319126596,11.162978260953027,3.0773652319126596,1.0,-1.0
2026-02-06 03:45:00,-4.048,1.03739013218439,3.250625444438466,10.940739882603111,3.250625444438466,1.0,-1.0
2026-02-06 04:00:00,-11.371,-1.6797558223090685,3.530328349259176,9.728248146734233,3.530328349259176,1.0,-1.0
2026-02-06 04:15:00,3.183,-1.3925853797174828,2.6027842219384394,9.37064550175047,2.6027842219384394,1.0,1.0
2026-02-06 04:30:00,1.742,-1.4157106580170502,2.978111783129743,9.313909717926835,2.978111783129743,1.0,1.0
2026-02-06 04:45:00,2.42,-1.9557551232224066,1.5658442951486036,8.774019054417359,1.5658442951486036,1.0,1.0
2026-02-06 05:00:00,-0.423,-2.550774712751291,4.938108157264999,8.770287632009172,4.938108157264999,1.0,-1.0
2026-02-06 05:15:00,11.943,-3.549856096886793,3.6729802672811447,7.981142621676703,3.6729802672811447,1.0,1.0
2026-02-06 05:30:00,12.382,-3.460112116158689,1.8411841622399647,7.384975548552312,1.8411841622399647,1.0,1.0
2026-02-06 05:45:00,14.298,-5.598300780429496,0.2986513892327366,6.044664125926113,0.2986513892327366,1.0,1.0
2026-02-06 06:00:00,12.21,-7.0068210211815485,-0.1390351067570727,9.633148800333666,-0.1390351067570727,-1.0,1.0
2026-02-06 06:15:00,17.697,-2.9820370684967545,1.2118862209092265,8.658281062908591,1.2118862209092265,1.0,1.0
2026-02-06 06:30:00,12.643,-4.781162386900233,2.3472260563658156,7.377585171528852,2.3472260563658156,1.0,1.0
2026-02-06 06:45:00,8.552,-3.4299791424688566,1.852002677405095,8.596958555753138,1.852002677405095,1.0,1.0
2026-02-06 07:00:00,7.928,-4.964578235909125,3.3797940905784567,9.474088251967885,3.3797940905784567,1.0,1.0
2026-02-06 07:15:00,-0.397,-4.1229329343007715,3.622665156162913,10.983980900786843,3.622665156162913,1.0,-1.0
2026-02-06 08:45:00,-0.353,-3.8740174515391854,4.167653056128347,16.29379419121618,4.167653056128347,1.0,-1.0
2026-02-06 09:00:00,-2.723,-11.2197379384131,1.4656197561700433,12.904197741818887,1.4656197561700433,1.0,-1.0
2026-02-06 09:15:00,-1.521,-5.615314186720021,3.1119503338089443,14.167931754946723,3.1119503338089443,1.0,-1.0
2026-02-06 09:30:00,-1.213,-6.244962067974656,3.971385006104995,14.184424321377998,3.971385006104995,1.0,-1.0
2026-02-06 09:45:00,-2.771,-4.270846557708747,3.2046108898962737,14.653672747527716,3.2046108898962737,1.0,-1.0
2026-02-06 10:00:00,13.901,-9.136188031896607,1.2383673056657856,10.209704762022469,1.2383673056657856,1.0,1.0
2026-02-06 10:15:00,9.848,-4.8634206408161775,3.974244914666073,11.418718317843844,3.974244914666073,1.0,1.0
2026-02-06 10:30:00,7.504,-4.31858956400155,4.932424909585427,11.662674374337252,4.932424909585427,1.0,1.0
2026-02-06 10:45:00,11.236,-3.7468259805107005,6.839806187631467,12.834921613104228,6.839806187631467,1.0,1.0
2026-02-06 11:00:00,9.128,-12.13898623084215,3.7566829017514607,7.922775182711518,3.7566829017514607,1.0,1.0
2026-02-06 11:15:00,4.453,-7.635363909214118,3.2281074468012187,14.826777052326007,3.2281074468012187,1.0,1.0
2026-02-06 11:30:00,1.844,-7.641043089788428,2.472426032815738,13.922706580981878,2.472426032815738,1.0,1.0
2026-02-06 11:45:00,5.592,-3.162740905841134,5.792105575515071,17.868347666868598,5.792105575515071,1.0,1.0
2026-02-06 12:00:00,-0.558,-6.330654197011727,4.143648155638321,14.837159400166984,4.143648155638321,1.0,-1.0
2026-02-06 12:15:00,-2.966,-3.4299542401585024,4.177730539179318,15.222432656572963,4.177730539179318,1.0,-1.0
2026-02-06 12:30:00,0.113,-5.59727667043246,4.118385194348762,13.715848250620374,4.118385194348762,1.0,1.0
2026-02-06 12:45:00,3.649,-5.614534187990231,1.7060001191866598,14.135742543321241,1.7060001191866598,1.0,1.0
2026-02-06 13:00:00,4.978,-10.813324437085136,-0.8611590162900495,10.890389083642264,-0.8611590162900495,-1.0,1.0
2026-02-06 13:15:00,5.929,-8.813927091698055,0.774173035541267,15.546689369881783,0.774173035541267,1.0,1.0
2026-02-06 13:30:00,2.947,-7.610421112820519,1.5598066302851403,13.810629956363575,1.5598066302851403,1.0,1.0
2026-02-06 13:45:00,0.673,-7.988253532883194,0.660809989320545,15.149038656624246,0.660809989320545,1.0,1.0
2026-02-06 14:00:00,8.106,-8.497398734429401,0.013639286929290288,7.736941484497104,0.013639286929290288,1.0,1.0
2026-02-06 14:15:00,3.622,-8.126844687521821,-0.6404375640025799,8.077169720246689,-0.6404375640025799,-1.0,1.0
2026-02-06 14:30:00,-0.402,-7.751910876028625,-0.03256449212870977,8.101625436850664,-0.03256449212870977,-1.0,-1.0
2026-02-06 14:45:00,7.067,-7.872408675696549,1.6058953020851536,10.080548428231802,1.6058953020851536,1.0,1.0
2026-02-06 15:00:00,8.249,-5.278278842558345,2.0679636018440277,13.056770174564157,2.0679636018440277,1.0,1.0
2026-02-06 15:15:00,-4.619,-6.245841941176474,1.0530404604192167,9.498373180395987,1.0530404604192167,1.0,-1.0
2026-02-06 15:30:00,6.654,-7.434703335369072,0.2883320081373655,9.915643041868925,0.2883320081373655,1.0,1.0
2026-02-06 15:45:00,5.16,-5.945069240549042,1.3700176469201284,12.9083208403072,1.3700176469201284,1.0,1.0
2026-02-06 16:00:00,-1.05,-2.8906401484398963,3.172016232549407,12.060999053017747,3.172016232549407,1.0,-1.0
2026-02-06 16:15:00,1.99,-4.265249696089676,2.29904062788825,12.283716724898378,2.29904062788825,1.0,1.0
2026-02-06 16:30:00,7.336,-2.8779891369421495,2.5495463849665048,13.039438659924203,2.5495463849665048,1.0,1.0
2026-02-06 16:45:00,3.138,-2.7160606318753584,4.523442047600854,15.951264392871314,4.523442047600854,1.0,1.0
2026-02-06 17:00:00,15.837,-0.5900349246970987,2.1024198130053566,13.848981861958872,2.1024198130053566,1.0,1.0
2026-02-06 17:15:00,8.735,-1.3425569308033911,3.2719132218754656,12.956130576663492,3.2719132218754656,1.0,1.0
2026-02-06 17:30:00,11.093,-2.0898926182656634,3.3717345853290484,12.239403382180459,3.3717345853290484,1.0,1.0
2026-02-06 17:45:00,5.535,0.17997403275162083,4.718342749119518,12.159259849805236,4.718342749119518,1.0,1.0
2026-02-06 18:00:00,11.36,-3.6886238244450804,0.7133116563144917,11.96036818388465,0.7133116563144917,1.0,1.0
2026-02-06 18:15:00,-0.051,-3.446167988707922,-0.14902643264803217,11.03674049600207,-0.14902643264803217,-1.0,-1.0
2026-02-06 18:30:00,0.258,-2.4284522233168038,-0.06959617421506974,9.266099086659391,-0.06959617421506974,-1.0,1.0
2026-02-06 18:45:00,5.046,-1.9195598595762653,0.7403173687628686,13.23051577619491,0.7403173687628686,1.0,1.0
2026-02-06 19:00:00,1.471,-4.219764842995488,-0.43643667880941234,10.686739699471628,-0.43643667880941234,-1.0,1.0
2026-02-06 19:15:00,0.619,-1.3842744697629787,1.3140787086180614,11.841760519881078,1.3140787086180614,1.0,1.0
2026-02-06 19:30:00,5.737,-1.8288063802099639,1.9627347064636063,11.991246857981508,1.9627347064636063,1.0,1.0
2026-02-06 19:45:00,9.177,-2.838206928559252,2.437456117321544,12.42201228414401,2.437456117321544,1.0,1.0
2026-02-06 20:00:00,1.751,-5.695599777728266,-0.5120040735882653,9.024202589353786,-0.5120040735882653,-1.0,1.0
2026-02-06 20:15:00,3.864,-1.1037792121534387,-0.17314659152445414,6.895933353383964,-0.17314659152445414,-1.0,1.0
2026-02-06 20:30:00,6.066,-2.9435470742924434,0.7215307141553473,6.933169764141347,0.7215307141553473,1.0,1.0
2026-02-06 20:45:00,-0.422,-1.381640869696724,3.57960236015003,10.24567504745044,3.57960236015003,1.0,-1.0
2026-02-06 21:00:00,-1.832,-5.095602255855082,-0.3544142398257236,9.200057196737475,-0.3544142398257236,-1.0,-1.0
2026-02-06 21:15:00,1.816,-2.151909080835555,1.8663242327270635,9.903161649764185,1.8663242327270635,1.0,1.0
2026-02-06 21:30:00,-2.795,-0.9938083083283211,2.449341965792563,10.514686571170682,2.449341965792563,1.0,-1.0
2026-02-06 21:45:00,0.099,-1.5648648520317974,4.205779615079853,12.393325252732247,4.205779615079853,1.0,1.0
2026-02-06 22:00:00,-2.607,-5.921464199848275,-0.09302158202185011,8.89611879248519,-0.09302158202185011,-1.0,-1.0
2026-02-06 22:15:00,-6.31,-4.4233040710671965,-0.9685902104568329,9.328175287947147,-0.9685902104568329,-1.0,-1.0
2026-02-06 22:30:00,-3.266,-4.945950025654878,-0.6093723921873037,8.072012550750594,-0.6093723921873037,-1.0,-1.0
2026-02-06 22:45:00,-5.182,-4.843862101644319,1.4681795722621938,7.9786830805542595,1.4681795722621938,1.0,-1.0
2026-02-06 23:00:00,-0.254,-7.297939130935442,1.0450754247872311,7.135275335675752,1.0450754247872311,1.0,-1.0
2026-02-06 23:15:00,1.916,-4.206641209304755,2.030986673628849,7.2027398298529155,2.030986673628849,1.0,1.0
2026-02-06 23:30:00,1.171,-3.30533623928603,1.3262858644544528,6.238792653450482,1.3262858644544528,1.0,1.0
2026-02-06 23:45:00,0.03,-3.992022651332044,1.4107136768814457,6.2545667681052795,1.4107136768814457,1.0,1.0
2026-02-07 00:00:00,-6.809,-9.429337023637569,-1.288620410397011,4.934478677921387,-1.288620410397011,-1.0,-1.0
2026-02-07 00:15:00,-1.102,-6.001116933053086,-0.8146920884145319,3.681354731033492,-0.8146920884145319,-1.0,-1.0
2026-02-07 00:30:00,-1.498,-6.479377372172901,0.41378208931702065,5.156381978853259,0.41378208931702065,1.0,-1.0
2026-02-07 00:45:00,5.666,-5.196471537507733,0.4154366502040892,5.551855608781886,0.4154366502040892,1.0,1.0
2026-02-07 01:00:00,-5.426,-5.27867307622128,0.6711482939340525,6.042399329132792,0.6711482939340525,1.0,-1.0
2026-02-07 01:15:00,-3.289,-4.040695195041074,1.168916108513454,6.466897521550226,1.168916108513454,1.0,-1.0
2026-02-07 01:30:00,0.674,-4.2427158728615835,0.6311393385602446,5.96925612802598,0.6311393385602446,1.0,1.0
2026-02-07 01:45:00,5.529,-4.957850873850499,1.1161857644656297,5.437526586998784,1.1161857644656297,1.0,1.0
2026-02-07 02:00:00,1.013,-6.52118995807725,-0.9446103990278765,1.1496609310618342,-0.9446103990278765,-1.0,1.0
2026-02-07 02:15:00,-0.781,-4.43151269228218,-0.10683028632077221,2.516486738191167,-0.10683028632077221,-1.0,-1.0
2026-02-07 02:30:00,0.863,-3.357940550875057,0.6632648337445344,3.9777862452953676,0.6632648337445344,1.0,1.0
2026-02-07 02:45:00,6.86,-3.7210822755215744,2.434491882265527,5.890116867104477,2.434491882265527,1.0,1.0
2026-02-07 03:00:00,7.85,-4.463923040553118,-1.277675527144909,4.467802131630031,-1.277675527144909,-1.0,1.0
2026-02-07 03:15:00,7.8,-1.8990896979517553,0.3363244208684631,5.3503605771155,0.3363244208684631,1.0,1.0
2026-02-07 03:30:00,5.897,-2.5147735913420375,0.453658452367633,5.993157398923332,0.453658452367633,1.0,1.0
2026-02-07 03:45:00,11.246,-1.72358830262215,1.7780075738421104,7.7307913188145925,1.7780075738421104,1.0,1.0
2026-02-07 04:00:00,13.538,-5.669653634399307,1.9432671438013471,5.850513485255329,1.9432671438013471,1.0,1.0
2026-02-07 04:15:00,11.594,-3.7928000405566897,0.9851004931234048,4.487905547641078,0.9851004931234048,1.0,1.0
2026-02-07 04:30:00,3.506,-3.938414907045751,2.682079185142665,5.964445217774143,2.682079185142665,1.0,1.0
2026-02-07 04:45:00,2.258,-3.4134833382186156,4.058713289085398,8.243328668081121,4.058713289085398,1.0,1.0
2026-02-07 05:00:00,6.671,-2.4993881313033715,4.128714083759488,10.96430376017929,4.128714083759488,1.0,1.0
2026-02-07 05:15:00,11.337,-2.60678684911795,3.254587757974813,9.896057895250962,3.254587757974813,1.0,1.0
2026-02-07 05:30:00,4.797,-2.050100841957849,2.938934143279038,12.343527068229697,2.938934143279038,1.0,1.0
2026-02-07 05:45:00,5.383,-1.0694540640022177,4.342691789159944,13.151659411485072,4.342691789159944,1.0,1.0
2026-02-07 06:00:00,5.082,-1.0099894321956306,6.188963612344652,15.369265640477144,6.188963612344652,1.0,1.0
2026-02-07 06:15:00,1.808,-1.3048357191629976,3.180583026762744,11.781800822212547,3.180583026762744,1.0,1.0
2026-02-07 06:30:00,-0.898,-2.9056324988993847,3.935044989560916,12.887331267667221,3.935044989560916,1.0,-1.0
2026-02-07 06:45:00,-2.919,-2.5429633203486763,4.929667637695866,15.029457537411247,4.929667637695866,1.0,-1.0
2026-02-07 07:00:00,-0.369,-0.6702199032233597,6.258265559958227,14.15927639526869,6.258265559958227,1.0,-1.0
2026-02-07 07:15:00,-1.479,-0.22386983954605433,6.813819451067833,14.857313604836227,6.813819451067833,1.0,-1.0
2026-02-07 07:30:00,-2.966,-0.20350828579753663,7.924414002755176,15.328144695759896,7.924414002755176,1.0,-1.0
2026-02-07 07:45:00,-3.694,-0.09175724219188705,6.114241301802708,15.54361998152888,6.114241301802708,1.0,-1.0
2026-02-07 08:00:00,-4.12,-3.8815778492854767,4.163592606293102,16.14477074934288,4.163592606293102,1.0,-1.0
2026-02-07 08:15:00,-0.823,-4.482330748107574,2.54769274876039,15.57485372573252,2.54769274876039,1.0,-1.0
2026-02-07 08:30:00,2.217,-4.930491673762134,2.2643334932005135,13.069783388826165,2.2643334932005135,1.0,1.0
2026-02-07 08:45:00,5.606,-5.12898271117178,1.9416441365867518,14.168695382757365,1.9416441365867518,1.0,1.0
2026-02-07 09:00:00,8.389,-11.266802596494015,0.3014144276820387,10.587327787330619,0.3014144276820387,1.0,1.0
2026-02-07 09:15:00,12.819,-11.017657908392398,-0.44585761734824786,11.032394627063182,-0.44585761734824786,-1.0,1.0
2026-02-07 09:30:00,22.951,-12.327372416428418,-0.3746981346282068,11.079167257588793,-0.3746981346282068,-1.0,1.0
2026-02-07 09:45:00,21.319,-10.500296413032254,-0.0966339407916756,11.562308212282023,-0.0966339407916756,-1.0,1.0
2026-02-07 10:00:00,14.954,-12.048572500207642,-0.09480413596906481,10.180692894978943,-0.09480413596906481,-1.0,1.0
2026-02-07 10:15:00,10.262,-7.636883850119414,1.0469200576528153,12.344860180743437,1.0469200576528153,1.0,1.0
2026-02-07 10:30:00,8.923,-8.313031198736985,0.3903584278050794,12.005664694296941,0.3903584278050794,1.0,1.0
2026-02-07 10:45:00,4.56,-6.172917359645998,2.806790360922039,15.841293810404629,2.806790360922039,1.0,1.0
2026-02-07 11:00:00,-2.681,-9.566117124280177,-0.21867179238287035,16.695822026452376,-0.21867179238287035,-1.0,-1.0
2026-02-07 11:15:00,-3.886,-3.7054689360037316,2.67183696351342,15.702300381994043,2.67183696351342,1.0,-1.0
2026-02-07 11:30:00,-2.791,-2.5705308401394626,5.846330838846025,20.722043151491047,5.846330838846025,1.0,-1.0
2026-02-07 11:45:00,-3.497,-1.1245624659410278,7.527584075584906,20.106235150036323,7.527584075584906,1.0,-1.0
2026-02-07 12:00:00,-2.864,-4.426370521384542,4.410255717452186,18.731924378646905,4.410255717452186,1.0,-1.0
2026-02-07 12:15:00,-3.669,-5.312147178074273,1.2742841302415815,18.577323709414106,1.2742841302415815,1.0,-1.0
2026-02-07 12:30:00,-4.575,-7.027118708729143,1.6368473795203577,15.363008430563308,1.6368473795203577,1.0,-1.0
2026-02-07 12:45:00,1.271,-7.225929635282894,1.7436059387018874,13.193153364125028,1.7436059387018874,1.0,1.0
2026-02-07 13:00:00,3.389,-9.752872609964134,-0.19229109669366964,9.512557090055026,-0.19229109669366964,-1.0,1.0
2026-02-07 13:15:00,3.263,-7.01457571120273,0.693204191133238,10.8504114870859,0.693204191133238,1.0,1.0
2026-02-07 13:30:00,6.706,-5.69709283266272,2.272528266731865,13.61467766240675,2.272528266731865,1.0,1.0
2026-02-07 13:45:00,7.293,-5.05579659977676,1.8496812095138717,12.334356856219832,1.8496812095138717,1.0,1.0
2026-02-07 14:00:00,19.527,-5.5527405204709845,1.666083888859596,14.482308819924246,1.666083888859596,1.0,1.0
2026-02-07 14:15:00,18.949,-4.863136097892812,0.5796948048996706,11.280862014765177,0.5796948048996706,1.0,1.0
2026-02-07 14:30:00,13.578,-6.02559423762325,0.5986115915100247,12.284611359060488,0.5986115915100247,1.0,1.0
2026-02-07 14:45:00,14.691,-5.579501609912116,2.5929404801205735,13.355622725600123,2.5929404801205735,1.0,1.0
2026-02-07 15:00:00,-0.307,-4.611309477972617,5.534180053744461,15.341324635981492,5.534180053744461,1.0,-1.0
2026-02-07 15:15:00,0.964,-4.343893628337594,5.522687760661833,14.285001054770454,5.522687760661833,1.0,1.0
2026-02-07 15:30:00,-2.367,-5.252668831967804,5.180070540264685,13.403062403843386,5.180070540264685,1.0,-1.0
2026-02-07 15:45:00,-4.638,-1.9691573822327404,5.679273844710149,16.111077045824697,5.679273844710149,1.0,-1.0
2026-02-07 16:00:00,-0.86,-1.0880700715997698,5.100055051341201,18.615146465035213,5.100055051341201,1.0,-1.0
2026-02-07 16:15:00,-0.505,-2.145941418922949,8.00600962915997,17.203970219438908,8.00600962915997,1.0,-1.0
2026-02-07 16:30:00,8.157,-2.5516530443174164,6.9527638421785865,14.85203343163837,6.9527638421785865,1.0,1.0
2026-02-07 16:45:00,6.22,-4.886279878101174,4.515583478188627,14.739910853019696,4.515583478188627,1.0,1.0
2026-02-07 17:00:00,13.832,-2.8314341474344777,2.4602725656137894,13.506143942818577,2.4602725656137894,1.0,1.0
2026-02-07 17:15:00,6.657,-3.654396965440365,0.8155385907860975,13.199053515583149,0.8155385907860975,1.0,1.0
2026-02-07 17:30:00,3.062,-3.3179250798007214,-0.100948958416188,10.407823955901486,-0.100948958416188,-1.0,1.0
2026-02-07 17:45:00,-3.819,-2.8950189329635454,1.0343085193070092,9.524941165296548,1.0343085193070092,1.0,-1.0
2026-02-07 18:00:00,0.326,-1.496104174062989,0.872958876886051,10.81112996237509,0.872958876886051,1.0,1.0
2026-02-07 18:15:00,-2.475,-0.691464222307984,0.9836173372714294,10.278806885430445,0.9836173372714294,1.0,-1.0
2026-02-07 18:30:00,-4.539,-1.1486242892200202,1.7617881709271976,11.600268570980088,1.7617881709271976,1.0,-1.0
2026-02-07 18:45:00,3.459,0.02765437390300163,4.5079549205775065,14.281353269364715,4.5079549205775065,1.0,1.0
2026-02-07 19:00:00,1.802,-1.4408578252070237,2.545463156217738,13.592572830542753,2.545463156217738,1.0,1.0
2026-02-07 19:15:00,1.22,-0.4856758879915664,0.9478234991723713,10.56013779510156,0.9478234991723713,1.0,1.0
2026-02-07 19:30:00,-6.19,-1.147059308565536,2.3476693369279245,9.416379101394467,2.3476693369279245,1.0,-1.0
2026-02-07 19:45:00,16.478,-3.370821314572761,3.314137285653185,11.204544433523449,3.314137285653185,1.0,1.0
2026-02-07 20:00:00,2.52,-6.284260819821099,1.970414118458546,9.169170898904826,1.970414118458546,1.0,1.0
2026-02-07 20:15:00,6.088,-3.314718627316387,1.9349942487696041,7.163904984982183,1.9349942487696041,1.0,1.0
2026-02-07 20:30:00,2.1,-2.785922381913566,0.5117177991555355,6.568226268737922,0.5117177991555355,1.0,1.0
2026-02-07 20:45:00,6.938,-0.3852058463491498,3.7569875073771657,9.538822584455794,3.7569875073771657,1.0,1.0
2026-02-07 21:00:00,2.025,-4.9013258873993495,0.998968879827953,6.913779676675278,0.998968879827953,1.0,1.0
2026-02-07 21:15:00,-7.127,-4.518683211353424,1.1221407384054536,6.0102541281198985,1.1221407384054536,1.0,-1.0
2026-02-07 21:30:00,-2.113,-3.6385446154224232,2.4311655775259213,7.3079443197995255,2.4311655775259213,1.0,-1.0
2026-02-07 21:45:00,-3.177,-1.395271123350256,4.716214378988952,10.998853934586819,4.716214378988952,1.0,-1.0
2026-02-07 22:00:00,4.291,-6.480898998899124,-0.42147593032254366,6.832884358947558,-0.42147593032254366,-1.0,1.0
2026-02-07 22:15:00,0.305,-2.699472441566219,-0.16060263062273492,8.41855919834135,-0.16060263062273492,-1.0,1.0
2026-02-07 22:30:00,-0.054,-1.7741376614088522,0.3589688350390565,8.027824441726127,0.3589688350390565,1.0,-1.0
2026-02-07 22:45:00,1.194,-0.07284528904190873,2.2574748794608253,11.16306590798841,2.2574748794608253,1.0,1.0
2026-02-07 23:00:00,11.639,-6.500660193900973,0.28258713898587906,5.766957310728452,0.28258713898587906,1.0,1.0
2026-02-07 23:15:00,0.75,-4.8612460999403275,0.6696498793896835,5.369113513542259,0.6696498793896835,1.0,1.0
2026-02-07 23:30:00,0.593,-5.362681253654394,0.883770776502733,5.706964325622747,0.883770776502733,1.0,1.0
2026-02-07 23:45:00,5.32,-3.566839723527566,1.1249122100800624,8.494271719714082,1.1249122100800624,1.0,1.0
2026-02-08 00:00:00,11.89,-4.9992745947328014,0.3499603170286661,8.121961146399325,0.3499603170286661,1.0,1.0
2026-02-08 00:15:00,10.543,-2.495014304641854,1.4506094224241557,7.301163703966331,1.4506094224241557,1.0,1.0
2026-02-08 00:30:00,11.267,-1.6706198584524288,1.2405910869807855,6.517580316250882,1.2405910869807855,1.0,1.0
2026-02-08 00:45:00,8.822,-1.3600072429911658,3.1250550820686915,11.759498833733176,3.1250550820686915,1.0,1.0
2026-02-08 01:00:00,0.816,-5.517924313257073,0.6697118617720497,8.510107068468153,0.6697118617720497,1.0,1.0
2026-02-08 01:15:00,3.914,-2.4054108289819727,0.686628057180716,6.284919764285145,0.686628057180716,1.0,1.0
2026-02-08 01:30:00,3.401,-3.4344868894452736,1.1282541893320066,7.316518477557188,1.1282541893320066,1.0,1.0
2026-02-08 01:45:00,13.454,-2.4970872818295007,4.144357281834653,11.928815683909576,4.144357281834653,1.0,1.0
2026-02-08 02:00:00,1.746,-3.809061097265877,3.253990259403326,12.07376960233591,3.253990259403326,1.0,1.0
2026-02-08 02:15:00,1.816,0.28107832587249304,3.6442419924470926,11.379189823418777,3.6442419924470926,1.0,1.0
2026-02-08 02:30:00,3.19,0.7602584227042366,4.429544785714593,11.032975215209115,4.429544785714593,1.0,1.0
2026-02-08 02:45:00,7.506,-0.49434549656640514,4.884395199452691,12.799381492307514,4.884395199452691,1.0,1.0
2026-02-08 03:00:00,7.398,-1.8466546981167948,1.860476619342966,10.485193288697168,1.860476619342966,1.0,1.0
2026-02-08 03:15:00,4.18,-0.7320374010571742,3.8179696712410807,10.336502584612823,3.8179696712410807,1.0,1.0
2026-02-08 03:30:00,0.57,0.7383935487914514,4.1270893900522045,11.420365622915396,4.1270893900522045,1.0,1.0
2026-02-08 03:45:00,6.083,1.1459508970673598,5.244517726062095,14.231087790440233,5.244517726062095,1.0,1.0
2026-02-08 04:00:00,12.544,-0.035348415178947545,4.425597683624798,10.630230752318141,4.425597683624798,1.0,1.0
2026-02-08 04:15:00,9.437,0.3829892610137663,5.36529523809114,10.429095784886533,5.36529523809114,1.0,1.0
2026-02-08 04:30:00,11.605,-1.1958817270587856,3.7658072071773545,8.738003902791995,3.7658072071773545,1.0,1.0
2026-02-08 04:45:00,11.001,-0.22365692137126975,4.698944255632662,11.409201951281016,4.698944255632662,1.0,1.0
2026-02-08 05:00:00,12.319,-1.2050923533134468,6.203348834400318,13.025496929467534,6.203348834400318,1.0,1.0
2026-02-08 05:15:00,4.137,-1.2357671912121597,6.727119295813319,12.293316633428807,6.727119295813319,1.0,1.0
2026-02-08 05:30:00,7.269,-1.2969495331785361,5.143786370639217,10.353525363252627,5.143786370639217,1.0,1.0
2026-02-08 05:45:00,6.831,-0.7122225170048543,5.746648067159173,13.719659350674599,5.746648067159173,1.0,1.0
2026-02-08 06:00:00,13.694,-1.6708381744956986,9.372815512921372,16.92688445857012,9.372815512921372,1.0,1.0
2026-02-08 06:15:00,9.525,-0.3375622266890617,7.1436033136296855,14.254752265959109,7.1436033136296855,1.0,1.0
2026-02-08 06:30:00,4.184,-0.8323649199608634,5.024410586512307,10.570147319902523,5.024410586512307,1.0,1.0
2026-02-08 06:45:00,6.807,-0.8105620620799358,5.798908620019586,13.897204942393564,5.798908620019586,1.0,1.0
2026-02-08 07:00:00,7.616,-0.5893129216048292,5.961189864405109,11.59691601351525,5.961189864405109,1.0,1.0
2026-02-08 07:15:00,12.61,-1.0005005310486546,4.74533372167699,11.73954333839675,4.74533372167699,1.0,1.0
2026-02-08 07:30:00,7.604,-0.8073859024786029,7.621253268149226,12.717155814429674,7.621253268149226,1.0,1.0
2026-02-08 07:45:00,6.221,-1.2601326640989312,4.909219175028869,13.31412799651423,4.909219175028869,1.0,1.0
2026-02-08 08:00:00,-3.152,-2.84366713036503,5.348393283710868,12.626332683236962,5.348393283710868,1.0,-1.0
2026-02-08 08:15:00,-3.41,-1.5938148324591843,3.4334157595221346,10.17241888973375,3.4334157595221346,1.0,-1.0
2026-02-08 08:30:00,-3.994,-2.8086905025328748,3.8839060632889484,11.804845437582808,3.8839060632889484,1.0,-1.0
2026-02-08 08:45:00,0.622,-4.13161325615362,3.463861511534397,13.5263796128439,3.463861511534397,1.0,1.0
2026-02-08 09:00:00,5.025,-6.286675951719775,4.3041393042956395,15.970602586785887,4.3041393042956395,1.0,1.0
2026-02-08 09:15:00,3.568,-4.413551675094342,7.014158337320934,16.587801326823197,7.014158337320934,1.0,1.0
2026-02-08 09:30:00,10.7,-6.284447288265569,4.865002480786628,17.389062667013103,4.865002480786628,1.0,1.0
2026-02-08 09:45:00,16.068,-6.378315409936553,5.724835105053333,19.051467706147495,5.724835105053333,1.0,1.0
2026-02-08 10:00:00,20.386,-8.491172006387865,1.4166450357931129,10.904693197858858,1.4166450357931129,1.0,1.0
2026-02-08 10:15:00,19.117,-6.890197135428988,0.8185726277033804,10.92277550135025,0.8185726277033804,1.0,1.0
2026-02-08 10:30:00,25.776,-8.501288452198674,0.8761493207854268,10.132439266222539,0.8761493207854268,1.0,1.0
2026-02-08 10:45:00,33.453,-6.773895144363054,2.554635821416672,15.712050605159053,2.554635821416672,1.0,1.0
2026-02-08 11:00:00,36.182,-8.989349777757548,-0.27369715594708804,10.050220515828046,-0.27369715594708804,-1.0,1.0
2026-02-08 11:15:00,37.508,-5.024925720334863,0.2545349046911542,13.500612674421701,0.2545349046911542,1.0,1.0
2026-02-08 11:30:00,34.099,-4.621025431787587,0.5426321424826008,15.100755165648327,0.5426321424826008,1.0,1.0
2026-02-08 11:45:00,28.241,0.31523279527638126,6.376134439504703,17.331430334251703,6.376134439504703,1.0,1.0
2026-02-08 12:00:00,30.827,1.3203617751358656,7.963783416177708,19.258829734801175,7.963783416177708,1.0,1.0
2026-02-08 12:15:00,24.138,0.27295909090612364,5.948439644888396,17.72160573118486,5.948439644888396,1.0,1.0
2026-02-08 12:30:00,21.699,-0.37048650882265133,11.694532405601253,25.379021443710123,11.694532405601253,1.0,1.0
2026-02-08 12:45:00,12.449,-1.278927107401072,10.990823715372496,21.697780000130084,10.990823715372496,1.0,1.0
2026-02-08 13:00:00,2.404,-0.5880323561371824,7.637987816281917,24.164472993164722,7.637987816281917,1.0,1.0
2026-02-08 13:15:00,-0.653,2.559616855933744,13.18892540680279,24.043898843020585,13.18892540680279,1.0,-1.0
2026-02-08 13:30:00,-2.692,3.551636917451974,12.527958834837897,23.346314238070622,12.527958834837897,1.0,-1.0
2026-02-08 13:45:00,-2.193,3.414596857070597,12.308126456135598,22.56324056414224,12.308126456135598,1.0,-1.0
2026-02-08 14:00:00,3.396,3.107739047398615,14.129754411563393,23.511707755843887,14.129754411563393,1.0,1.0
2026-02-08 14:15:00,1.846,2.204268214029745,10.894904006367636,19.913010774630294,10.894904006367636,1.0,1.0
2026-02-08 14:30:00,4.61,-0.5237891644119937,6.072398195056392,16.054868505549766,6.072398195056392,1.0,1.0
2026-02-08 14:45:00,-2.416,-3.612788066941005,6.808236484706896,13.74104085330398,6.808236484706896,1.0,-1.0
2026-02-08 15:00:00,18.573,-4.176522409971274,5.9093639252278685,13.64343145961309,5.9093639252278685,1.0,1.0
2026-02-08 15:15:00,27.637,-3.0968231224470935,4.2338973935706345,13.003675726890867,4.2338973935706345,1.0,1.0
2026-02-08 15:30:00,16.434,-2.6596501021996457,4.018452159434782,11.930066144907547,4.018452159434782,1.0,1.0
2026-02-08 15:45:00,14.45,-2.906790437299157,4.126996108187842,12.641400174188261,4.126996108187842,1.0,1.0
2026-02-08 16:00:00,18.845,-3.607489748984241,5.14349460368454,15.517395892831209,5.14349460368454,1.0,1.0
2026-02-08 16:15:00,18.536,-1.9526313604694099,6.485794742933731,16.020136901380962,6.485794742933731,1.0,1.0
2026-02-08 16:30:00,6.17,-3.1824151889780983,4.738134049300331,12.614205550584241,4.738134049300331,1.0,1.0
2026-02-08 16:45:00,8.595,-2.0492195203445833,6.337825152782266,18.283577049411807,6.337825152782266,1.0,1.0
2026-02-08 17:00:00,10.469,2.060066106934547,13.302952940342998,20.29219829066706,13.302952940342998,1.0,1.0
2026-02-08 17:15:00,3.238,1.6940641603510924,10.149420703777798,16.791336369993505,10.149420703777798,1.0,1.0
2026-02-08 17:30:00,-8.152,1.5713037979767044,7.331708799117502,16.201169526793066,7.331708799117502,1.0,-1.0
2026-02-08 17:45:00,-5.295,-0.4330468043297343,2.854801212109114,14.965301247562143,2.854801212109114,1.0,-1.0
2026-02-08 18:00:00,-6.524,0.22248086636180642,1.3997115843808388,15.98592939483863,1.3997115843808388,1.0,-1.0
2026-02-08 18:15:00,-3.17,0.2843480078047287,1.2842355284767932,14.816665830602464,1.2842355284767932,1.0,-1.0
2026-02-08 18:30:00,-2.851,-0.508994247207241,0.12373805661712091,11.305301022123162,0.12373805661712091,1.0,-1.0
2026-02-08 18:45:00,-0.752,0.16213648694342586,1.7110133587761918,13.698777892820615,1.7110133587761918,1.0,-1.0
2026-02-08 19:00:00,1.349,-1.009008186926686,0.0025926780221652056,11.15668932644885,0.0025926780221652056,1.0,1.0
2026-02-08 19:15:00,1.637,-3.2534196607345747,-1.580133518730963,5.483877466983687,-1.580133518730963,-1.0,1.0
2026-02-08 19:30:00,2.008,-6.6471169731926745,-2.2674165233755526,2.6461635315803615,-2.2674165233755526,-1.0,1.0
2026-02-08 19:45:00,0.188,-2.484476073246266,0.15886431098330742,6.830160444604674,0.15886431098330742,1.0,1.0
2026-02-08 20:00:00,-0.164,-7.181121699256374,-1.363619363504379,4.78039496276054,-1.363619363504379,-1.0,-1.0
2026-02-08 20:15:00,1.52,-2.620592524155559,-0.6213166446496936,4.61384692690375,-0.6213166446496936,-1.0,1.0
2026-02-08 20:30:00,5.707,-1.0081622811699273,0.3449591554431067,4.835662180959075,0.3449591554431067,1.0,1.0
2026-02-08 20:45:00,8.307,-1.4983716863791667,1.3382081173484144,8.928942791206515,1.3382081173484144,1.0,1.0
2026-02-08 21:00:00,1.373,-5.458722764958704,-0.3941939369939777,6.236420115952591,-0.3941939369939777,-1.0,1.0
2026-02-08 21:15:00,1.335,-3.302526342949876,-1.3484877060311906,5.06615954595331,-1.3484877060311906,-1.0,1.0
2026-02-08 21:30:00,3.048,-3.0452054946824982,-1.1968290880266537,5.0731112866067285,-1.1968290880266537,-1.0,1.0
2026-02-08 21:45:00,6.256,-3.2654893554136337,-0.6339885524043298,6.723112611552062,-0.6339885524043298,-1.0,1.0
2026-02-08 22:00:00,4.514,-7.344567753310672,-0.7650819300550099,4.820814203579199,-0.7650819300550099,-1.0,1.0
2026-02-08 22:15:00,10.506,-3.8091180596200744,0.3084823991393088,6.403481241948847,0.3084823991393088,1.0,1.0
2026-02-08 22:30:00,4.721,-3.038950402837324,0.3203629251816104,8.847589199134381,0.3203629251816104,1.0,1.0
2026-02-08 22:45:00,6.993,-2.8388640164568995,2.7814329654960033,9.666497373043688,2.7814329654960033,1.0,1.0
2026-02-08 23:00:00,7.981,-5.962589568102223,0.5914443943476062,7.009462796395337,0.5914443943476062,1.0,1.0
2026-02-08 23:15:00,14.59,-3.3989708872877444,0.06386232141361886,5.323286709749281,0.06386232141361886,1.0,1.0
2026-02-08 23:30:00,20.036,-3.6641208525667284,1.2842370605944993,7.438091702022055,1.2842370605944993,1.0,1.0
2026-02-08 23:45:00,8.004,-2.0978833187578725,3.0424254435208606,9.689065389151452,3.0424254435208606,1.0,1.0
2026-02-09 00:00:00,6.326,-3.8691563357254566,5.631876576622129,12.472613907742343,5.631876576622129,1.0,1.0
2026-02-09 00:15:00,4.496,-0.7639508754664138,6.269623300783141,13.245081605502971,6.269623300783141,1.0,1.0
2026-02-09 00:30:00,3.532,-0.8036089937645439,5.878143627178176,12.459903151441132,5.878143627178176,1.0,1.0
2026-02-09 00:45:00,5.914,0.00020981121824480294,7.0583661619557025,12.34839983108452,7.0583661619557025,1.0,1.0
2026-02-09 01:00:00,8.674,-1.5824203921820008,4.4629914048885615,10.477883800188357,4.4629914048885615,1.0,1.0
2026-02-09 01:15:00,4.487,2.252948162728169,10.413824434324018,16.203531841255472,10.413824434324018,1.0,1.0
2026-02-09 01:30:00,3.351,0.08510977650988114,6.601510226437558,13.910997398584923,6.601510226437558,1.0,1.0
2026-02-09 01:45:00,4.314,-0.7035457067960155,7.068170464536928,13.847531805656445,7.068170464536928,1.0,1.0
2026-02-09 02:00:00,8.54,-1.9102035458075572,4.051797978480067,11.417869018374569,4.051797978480067,1.0,1.0
2026-02-09 02:15:00,14.531,-2.204591871050078,4.029504277913185,9.161920835106171,4.029504277913185,1.0,1.0
2026-02-09 02:30:00,13.746,-2.740113025982445,2.6496256057556744,8.992376584049653,2.6496256057556744,1.0,1.0
2026-02-09 02:45:00,10.589,-1.8537705250858543,5.359718725456233,10.819946975582615,5.359718725456233,1.0,1.0
2026-02-09 03:00:00,6.997,-0.44137162633021065,4.483587540142271,13.508398797028375,4.483587540142271,1.0,1.0
2026-02-09 03:15:00,5.268,-0.9130204879589278,3.9628569495745043,10.554135721187134,3.9628569495745043,1.0,1.0
2026-02-09 03:30:00,7.218,-1.781483827263159,3.121647797982021,8.666556192928908,3.121647797982021,1.0,1.0
2026-02-09 03:45:00,0.665,-1.3533209595674711,5.003931717564073,10.353023840316288,5.003931717564073,1.0,1.0
2026-02-09 04:00:00,-0.449,0.47063057372638706,8.05441626529229,14.093859510907622,8.05441626529229,1.0,-1.0
2026-02-09 04:15:00,3.08,1.7549972249911847,7.662867922404194,14.194724744031255,7.662867922404194,1.0,1.0
2026-02-09 04:30:00,4.488,1.1035638552719056,8.091462942056024,12.875903316434133,8.091462942056024,1.0,1.0
2026-02-09 04:45:00,3.248,1.085230378113365,8.236618118802312,12.57701046400431,8.236618118802312,1.0,1.0
2026-02-09 05:00:00,5.307,-0.4113591318931323,9.105585050053303,12.736779048558587,9.105585050053303,1.0,1.0
2026-02-09 05:15:00,4.807,-0.3137313565116657,7.020675070350223,10.832244056836085,7.020675070350223,1.0,1.0
2026-02-09 05:30:00,-1.33,-0.7021580122045453,7.010692741151973,11.112469640229307,7.010692741151973,1.0,-1.0
2026-02-09 05:45:00,-4.625,-2.8985827250982044,3.832213180974084,10.056044359634853,3.832213180974084,1.0,-1.0
2026-02-09 06:00:00,-4.392,-4.976084044291461,4.4366715188526245,14.07124485109536,4.4366715188526245,1.0,-1.0
2026-02-09 06:15:00,-8.595,-4.257090246812622,4.593406296469458,12.77887325901066,4.593406296469458,1.0,-1.0
2026-02-09 06:30:00,-5.716,-6.131800429621303,3.371061205114653,11.973261439157223,3.371061205114653,1.0,-1.0
2026-02-09 06:45:00,-4.297,-4.653425907108932,3.7670888136689,11.8076628260053,3.7670888136689,1.0,-1.0
2026-02-09 07:00:00,-0.383,-5.7958894409987405,0.014611759316631383,10.012472764988713,0.014611759316631383,1.0,-1.0
2026-02-09 07:15:00,-2.14,-6.627312479535404,2.3746583638167484,9.97990889652931,2.3746583638167484,1.0,-1.0
2026-02-09 07:30:00,-2.348,-6.4489770660121115,2.135316080757984,8.076746125604531,2.135316080757984,1.0,-1.0
2026-02-09 07:45:00,-0.128,-6.285976104176801,1.0428001742192916,10.800766649493166,1.0428001742192916,1.0,-1.0
2026-02-09 08:00:00,-3.93,-9.087051815233405,-2.557766230099829,3.4140420285247974,-2.557766230099829,-1.0,-1.0
2026-02-09 08:15:00,1.258,-11.025025238080579,-2.026572658523031,4.291057944694159,-2.026572658523031,-1.0,1.0
2026-02-09 08:30:00,-2.453,-8.505858690902057,-2.3286750411149186,4.906476268224082,-2.3286750411149186,-1.0,-1.0
2026-02-09 08:45:00,-5.778,-8.983602186979455,-0.6386607497299117,7.480431712950188,-0.6386607497299117,-1.0,-1.0
2026-02-09 09:00:00,-10.466,-14.94560846886564,-1.0575140484165337,9.658716882112786,-1.0575140484165337,-1.0,-1.0
2026-02-09 09:15:00,-7.305,-11.536294798824999,-1.163149493520105,8.745789073075416,-1.163149493520105,-1.0,-1.0
2026-02-09 09:30:00,-20.13,-7.209631478889974,0.15159213203100433,12.590389526641339,0.15159213203100433,1.0,-1.0
2026-02-09 09:45:00,-15.151,-8.381478087280431,1.9778506139601426,12.5600949655516,1.9778506139601426,1.0,-1.0
2026-02-09 10:00:00,-6.743,-12.979579407933043,-1.3238253280589394,10.147622465106902,-1.3238253280589394,-1.0,-1.0
2026-02-09 10:15:00,-1.931,-10.97825685696317,-0.9656081580353364,8.754130250574839,-0.9656081580353364,-1.0,-1.0
2026-02-09 10:30:00,-6.131,-11.860151837517535,-1.114868896291455,7.9879319284452235,-1.114868896291455,-1.0,-1.0
2026-02-09 10:45:00,-2.351,-8.847336389898507,0.735238725423136,10.177939613105213,0.735238725423136,1.0,-1.0
2026-02-09 11:00:00,-4.125,-12.64340113330915,-5.433367066823371,4.668436707622008,-5.433367066823371,-1.0,-1.0
2026-02-09 11:15:00,-9.083,-12.277354132419436,-5.38209542899335,4.026814356601902,-5.38209542899335,-1.0,-1.0
2026-02-09 11:30:00,-4.29,-12.933561022287307,-5.946213888476986,2.0015765348980437,-5.946213888476986,-1.0,-1.0
2026-02-09 11:45:00,-2.858,-11.176399792055383,-4.815736833938163,2.3020649642723137,-4.815736833938163,-1.0,-1.0
2026-02-09 12:00:00,-30.021,-10.96949838181407,-2.6007089681525954,5.18200659074791,-2.6007089681525954,-1.0,-1.0
2026-02-09 12:15:00,-19.999,-9.541310587964412,-1.2543352073911673,6.6183713612756705,-1.2543352073911673,-1.0,-1.0
2026-02-09 12:30:00,-23.109,-9.903118503901416,-2.3723187906450147,8.592670179287373,-2.3723187906450147,-1.0,-1.0
2026-02-09 12:45:00,-23.095,-10.66963825772144,-1.4523741609171383,9.681343554426817,-1.4523741609171383,-1.0,-1.0
2026-02-09 13:00:00,-14.325,-12.561499969515937,-4.623973627558123,4.998086010552545,-4.623973627558123,-1.0,-1.0
2026-02-09 13:15:00,-14.53,-8.561193650354138,-3.439924831947123,7.334880626617049,-3.439924831947123,-1.0,-1.0
2026-02-09 13:30:00,-8.351,-8.897617210025453,-1.620219838158274,8.244009468023672,-1.620219838158274,-1.0,-1.0
2026-02-09 13:45:00,-13.119,-12.46017161673018,-4.374445252500377,5.5553401639923425,-4.374445252500377,-1.0,-1.0
2026-02-09 14:00:00,-31.49,-12.641082256805953,0.032453443345950565,10.801268976671135,0.032453443345950565,1.0,-1.0
2026-02-09 14:15:00,-43.631,-10.164123792267466,-2.0741870834103056,10.30385356104858,-2.0741870834103056,-1.0,-1.0
2026-02-09 14:30:00,-25.613,-10.057575704825979,-3.6942208200084297,8.833004806715293,-3.6942208200084297,-1.0,-1.0
2026-02-09 14:45:00,-32.342,-9.1485194865034,-1.7265172441247745,9.578588251646098,-1.7265172441247745,-1.0,-1.0
2026-02-09 15:00:00,-15.937,-10.268205172026876,-1.6147609978327273,8.96586696574863,-1.6147609978327273,-1.0,-1.0
2026-02-09 15:15:00,-19.279,-8.631575741949764,-1.405948871501088,10.08663185743239,-1.405948871501088,-1.0,-1.0
2026-02-09 15:30:00,-11.143,-9.208323154458766,-4.360407525943444,6.39564941422843,-4.360407525943444,-1.0,-1.0
2026-02-09 15:45:00,-9.598,-10.83845944969731,-5.355680234965963,6.592714918625895,-5.355680234965963,-1.0,-1.0
2026-02-09 16:00:00,-5.371,-13.709762407379369,-8.460736657674795,3.9414998754401926,-8.460736657674795,-1.0,-1.0
2026-02-09 16:15:00,-7.486,-15.758337909536055,-7.826649092146871,1.543022106171086,-7.826649092146871,-1.0,-1.0
2026-02-09 16:30:00,-7.286,-17.366947770459078,-9.613452903043623,0.2393778732427367,-9.613452903043623,-1.0,-1.0
2026-02-09 16:45:00,-8.128,-15.294110607141297,-7.711833914489305,1.1901124483726995,-7.711833914489305,-1.0,-1.0
2026-02-09 17:00:00,-2.643,-12.621022566166477,-8.412258674040823,3.066153249944231,-8.412258674040823,-1.0,-1.0
2026-02-09 17:15:00,-2.995,-11.792121686026908,-8.982236581118121,1.5651874663860272,-8.982236581118121,-1.0,-1.0
2026-02-09 17:30:00,-11.053,-12.862613116005678,-11.45057038313883,-1.7936422805372587,-11.45057038313883,-1.0,-1.0
2026-02-09 17:45:00,-3.758,-13.716195859302685,-10.444698730200233,0.5076083405051001,-10.444698730200233,-1.0,-1.0
2026-02-09 18:00:00,0.643,-9.927171616897876,-8.91590720112794,0.4840375726078939,-8.91590720112794,-1.0,1.0
2026-02-09 18:15:00,2.648,-13.583249147998519,-9.064917543131504,-1.2518751689619603,-9.064917543131504,-1.0,1.0
2026-02-09 18:30:00,-2.152,-11.166339436777745,-7.751142620767837,-1.254617683863799,-7.751142620767837,-1.0,-1.0
2026-02-09 18:45:00,5.205,-10.042479070090284,-4.768383279601623,0.5096753871545876,-4.768383279601623,-1.0,1.0
2026-02-09 19:00:00,-3.803,-7.833081166926431,-5.546658911690078,-0.9865839693984714,-5.546658911690078,-1.0,-1.0
2026-02-09 19:15:00,2.479,-12.963876449550614,-5.927407593478461,-2.1924211465356676,-5.927407593478461,-1.0,1.0
2026-02-09 19:30:00,0.34,-14.735311030072095,-5.4310370754944755,0.39526282820775926,-5.4310370754944755,-1.0,1.0
2026-02-09 19:45:00,4.872,-10.843852946073524,-3.4349451595209617,1.8700056415634725,-3.4349451595209617,-1.0,1.0
2026-02-09 20:00:00,1.097,-9.494811240562669,-4.267447011552818,1.7128226771570643,-4.267447011552818,-1.0,1.0
2026-02-09 20:15:00,4.875,-6.3854822418968675,-3.0699409135784714,3.202708299440379,-3.0699409135784714,-1.0,1.0
2026-02-09 20:30:00,4.319,-4.768633358444417,-2.140897811629652,6.726112666385963,-2.140897811629652,-1.0,1.0
2026-02-09 20:45:00,7.889,-10.212706889199922,0.42664653065461033,6.5875191837196505,0.42664653065461033,1.0,1.0
2026-02-09 21:00:00,1.179,-12.137577789554921,-5.063407872462082,2.54157827891318,-5.063407872462082,-1.0,1.0
2026-02-09 21:15:00,4.706,-7.554594235576031,-2.428809383568943,2.6204631193611325,-2.428809383568943,-1.0,1.0
2026-02-09 21:30:00,10.058,-6.3812675824962035,-0.7699185757463362,2.2291252357147684,-0.7699185757463362,-1.0,1.0
2026-02-09 21:45:00,7.31,-5.747792107655345,2.1145970940787775,7.734122622947378,2.1145970940787775,1.0,1.0
2026-02-09 22:00:00,8.499,-8.638376351461087,-1.4340156657632774,6.404629883066999,-1.4340156657632774,-1.0,1.0
2026-02-09 22:15:00,6.404,-3.704394665901584,0.3596871311395517,7.394503254524046,0.3596871311395517,1.0,1.0
2026-02-09 22:30:00,4.492,-4.324719517785459,0.0656049562067055,7.081391516838801,0.0656049562067055,1.0,1.0
2026-02-09 22:45:00,7.417,-4.622684759663349,2.5691308320484443,9.168568891984144,2.5691308320484443,1.0,1.0
2026-02-09 23:00:00,-1.137,-10.290745112267643,-2.1161090849144584,6.5482664960880435,-2.1161090849144584,-1.0,-1.0
2026-02-09 23:15:00,-1.151,-6.202512409935738,0.7636334850599786,7.8734751804751015,0.7636334850599786,1.0,-1.0
2026-02-09 23:30:00,3.975,-5.901046310861474,0.8227058585813489,12.059374299404201,0.8227058585813489,1.0,1.0
2026-02-09 23:45:00,6.637,-4.401200314787959,2.253884594232788,9.254890424724694,2.253884594232788,1.0,1.0
2026-02-10 00:00:00,-7.131,-6.0436525987675465,-0.8813672507364045,8.024519058643328,-0.8813672507364045,-1.0,-1.0
2026-02-10 00:15:00,-4.612,-4.617901921636631,0.22134846876450373,7.9673151133927345,0.22134846876450373,1.0,-1.0
2026-02-10 00:30:00,0.64,-3.944152858066659,0.2210176067590163,6.6248105526085395,0.2210176067590163,1.0,1.0
2026-02-10 00:45:00,-1.789,-3.424008656410447,0.7943775477093947,8.031235377399737,0.7943775477093947,1.0,-1.0
2026-02-10 01:00:00,-0.038,-5.18127427454651,-0.6026156008896789,7.859740466395953,-0.6026156008896789,-1.0,-1.0
2026-02-10 01:15:00,-4.257,-4.1107366066565625,0.20401954116116888,7.231954435259854,0.20401954116116888,1.0,-1.0
2026-02-10 01:30:00,-0.885,-3.73257292586773,1.3630165843591229,9.741080282867525,1.3630165843591229,1.0,-1.0
2026-02-10 01:45:00,0.079,-3.585721287610817,1.7727393557756734,11.09516036277541,1.7727393557756734,1.0,1.0
2026-02-10 02:00:00,-8.142,-5.622148611481443,0.20872983397460412,4.325580756945014,0.20872983397460412,1.0,-1.0
2026-02-10 02:15:00,-7.309,-4.8603465592636415,1.011455838023564,6.586898691855761,1.011455838023564,1.0,-1.0
2026-02-10 02:30:00,-6.42,-3.814426035456469,0.03728217794997704,4.396015037020564,0.03728217794997704,1.0,-1.0
2026-02-10 02:45:00,-4.526,-3.6090656738739746,0.88524452151189,5.789803286083767,0.88524452151189,1.0,-1.0
2026-02-10 03:00:00,-2.56,-4.203301697316187,-1.4212283473441198,5.901371772035659,-1.4212283473441198,-1.0,-1.0
2026-02-10 03:15:00,-1.12,-4.676779055818669,-1.3231552771860553,4.9807069806201225,-1.3231552771860553,-1.0,-1.0
2026-02-10 03:30:00,0.134,-3.223326785351774,-0.1925189674413763,5.49932413698976,-0.1925189674413763,-1.0,1.0
2026-02-10 03:45:00,-0.151,-5.003498511376793,-1.562621483949954,3.9581224178331516,-1.562621483949954,-1.0,-1.0
2026-02-10 04:00:00,-0.86,-7.556688225257339,-2.7719438565715384,1.3390578680322232,-2.7719438565715384,-1.0,-1.0
2026-02-10 04:15:00,-1.722,-7.4646968901503685,-2.746363247119261,0.9963843732478351,-2.746363247119261,-1.0,-1.0
2026-02-10 04:30:00,-5.454,-8.491482650957424,-4.575869066664086,-0.080026995542723,-4.575869066664086,-1.0,-1.0
2026-02-10 04:45:00,-7.545,-7.775757267633792,-3.7009255702931574,1.3921035459524378,-3.7009255702931574,-1.0,-1.0
2026-02-10 05:00:00,-4.831,-7.0394755692769735,-1.465443317676489,3.3511075657707945,-1.465443317676489,-1.0,-1.0
2026-02-10 05:15:00,-0.867,-6.211200974801222,-0.9910196690075532,3.2500398414383103,-0.9910196690075532,-1.0,-1.0
2026-02-10 05:30:00,1.123,-5.353576720417326,-1.2039897717999033,2.8747945281359546,-1.2039897717999033,-1.0,1.0
2026-02-10 05:45:00,-5.466,-6.2956128124951345,-1.8436300235621683,3.54092986374298,-1.8436300235621683,-1.0,-1.0
2026-02-10 06:00:00,-12.224,-5.143317009827452,0.21171497847665485,6.6736013626825486,0.21171497847665485,1.0,-1.0
2026-02-10 06:15:00,-3.56,-6.688282590685529,-2.023093289277139,3.8345521843368746,-2.023093289277139,-1.0,-1.0
2026-02-10 06:30:00,-4.994,-9.917607496690751,-1.9404805950010253,3.8862197211090126,-1.9404805950010253,-1.0,-1.0
2026-02-10 06:45:00,-6.468,-9.574507007608933,-1.4069351405885997,3.288502914739145,-1.4069351405885997,-1.0,-1.0
2026-02-10 07:00:00,-2.969,-10.97050345479959,-1.638701920983959,6.3003508707449605,-1.638701920983959,-1.0,-1.0
2026-02-10 07:15:00,-1.538,-7.51411108897746,-0.9152398771049226,8.330686933127506,-0.9152398771049226,-1.0,-1.0
2026-02-10 07:30:00,-2.151,-6.797754663800279,-0.8050691623056543,6.369571403196737,-0.8050691623056543,-1.0,-1.0
2026-02-10 07:45:00,-1.758,-10.419500127638589,-1.5126513767085439,6.066946418261271,-1.5126513767085439,-1.0,-1.0
2026-02-10 08:00:00,-5.096,-12.433982568293175,-2.935449638995652,7.3307988170203755,-2.935449638995652,-1.0,-1.0
2026-02-10 08:15:00,-8.486,-9.833065874573057,-1.5065085792008523,7.908729405724313,-1.5065085792008523,-1.0,-1.0
2026-02-10 08:30:00,-9.026,-10.37826596948238,-1.3688314772634351,9.169021230255506,-1.3688314772634351,-1.0,-1.0
2026-02-10 08:45:00,-2.716,-9.775878260017084,0.24503177925300731,12.310407738739492,0.24503177925300731,1.0,-1.0
2026-02-10 09:00:00,0.894,-13.358499642513852,-1.768903711457065,7.098461565355692,-1.768903711457065,-1.0,1.0
2026-02-10 09:15:00,-4.47,-9.901169785303827,-0.6875378707487921,6.275084337538739,-0.6875378707487921,-1.0,-1.0
2026-02-10 09:30:00,0.386,-7.22025736400864,-0.28605385749239615,9.697726154453314,-0.28605385749239615,-1.0,1.0
2026-02-10 09:45:00,-2.406,-8.62102504419071,-1.828823221076552,7.503379422141521,-1.828823221076552,-1.0,-1.0
2026-02-10 10:00:00,-0.265,-8.824083970521073,-0.7825243335217164,7.34253753262984,-0.7825243335217164,-1.0,-1.0
2026-02-10 10:15:00,-2.548,-7.30660037445936,-1.229989173567417,7.399073114826148,-1.229989173567417,-1.0,-1.0
2026-02-10 10:30:00,-6.462,-8.965472545284381,0.6602325554971267,10.416665982973457,0.6602325554971267,1.0,-1.0
2026-02-10 10:45:00,-4.909,-10.369867262832566,0.09845546119708355,13.822799755745542,0.09845546119708355,1.0,-1.0
2026-02-10 11:00:00,-14.396,-12.308589663821472,-0.5877510859488797,11.583174995919075,-0.5877510859488797,-1.0,-1.0
2026-02-10 11:15:00,-4.056,-9.964875725374322,0.4452461032262947,11.378093782481542,0.4452461032262947,1.0,-1.0
2026-02-10 11:30:00,-18.325,-11.022483469708183,1.3103757505868472,10.168204993423432,1.3103757505868472,1.0,-1.0
2026-02-10 11:45:00,-24.717,-9.177539863153545,1.1267941089058124,11.414330311855881,1.1267941089058124,1.0,-1.0
2026-02-10 12:00:00,-16.817,-10.506636615782439,-1.7658158217840676,8.678144303100712,-1.7658158217840676,-1.0,-1.0
2026-02-10 12:15:00,-10.111,-10.765125385163735,-1.9469232547536521,8.303043723277078,-1.9469232547536521,-1.0,-1.0
2026-02-10 12:30:00,-15.902,-10.789955309171129,-2.9277381038157335,5.403654946473968,-2.9277381038157335,-1.0,-1.0
2026-02-10 12:45:00,-18.52,-11.815649621185178,-3.4423412915599343,7.924584861063005,-3.4423412915599343,-1.0,-1.0
2026-02-10 13:00:00,-12.928,-10.961568065107409,-3.5823214919429445,5.669138285293377,-3.5823214919429445,-1.0,-1.0
2026-02-10 13:15:00,-13.913,-12.271343963786798,-3.153232994310138,4.885770600641157,-3.153232994310138,-1.0,-1.0
2026-02-10 13:30:00,-6.734,-11.19859464790398,-3.0737478417935074,4.421463666107335,-3.0737478417935074,-1.0,-1.0
2026-02-10 13:45:00,-10.222,-14.257001510376666,-3.013905464906049,4.057243883882069,-3.013905464906049,-1.0,-1.0
2026-02-10 14:00:00,-19.0,-15.342791420227956,-4.695843502536759,5.08837351472416,-4.695843502536759,-1.0,-1.0
2026-02-10 14:15:00,-23.444,-13.775106093426535,-3.8770022450198622,4.179708171787654,-3.8770022450198622,-1.0,-1.0
2026-02-10 14:30:00,-30.33,-17.84186392508999,-6.562500349428992,4.513293112560056,-6.562500349428992,-1.0,-1.0
2026-02-10 14:45:00,-27.825,-13.15679318963889,-3.749670156849156,4.505399727017123,-3.749670156849156,-1.0,-1.0
2026-02-10 15:00:00,-24.709,-15.988113952527042,-6.555510508672491,5.725080231211179,-6.555510508672491,-1.0,-1.0
2026-02-10 15:15:00,-30.96,-12.13925436805377,-4.1465296725441805,5.525543958732743,-4.1465296725441805,-1.0,-1.0
2026-02-10 15:30:00,-39.636,-9.871934050767832,-2.6650986022076326,5.3065881411829245,-2.6650986022076326,-1.0,-1.0
2026-02-10 15:45:00,-10.736,-12.154776311351485,-4.5128049047572105,5.300351767438837,-4.5128049047572105,-1.0,-1.0
2026-02-10 16:00:00,-20.143,-16.498614251017553,-4.180862567530011,5.97614306968872,-4.180862567530011,-1.0,-1.0
2026-02-10 16:15:00,-29.286,-17.334739282643174,-6.459381979590813,4.467107706408993,-6.459381979590813,-1.0,-1.0
2026-02-10 16:30:00,-3.787,-19.127265239724736,-6.236892108591984,3.7744279144360773,-6.236892108591984,-1.0,-1.0
2026-02-10 16:45:00,-5.358,-20.384274498780552,-6.467866648099735,2.377872122099016,-6.467866648099735,-1.0,-1.0
2026-02-10 17:00:00,-12.303,-16.607018504723932,-3.226457595840405,4.249385247979092,-3.226457595840405,-1.0,-1.0
2026-02-10 17:15:00,-19.339,-17.73333586802401,-5.291539256596136,3.8567393101897225,-5.291539256596136,-1.0,-1.0
2026-02-10 17:30:00,-18.394,-16.587371958674055,-7.119406247520304,2.5069797289401485,-7.119406247520304,-1.0,-1.0
2026-02-10 17:45:00,-13.06,-15.546667364313143,-6.579488034101033,2.8189589051038246,-6.579488034101033,-1.0,-1.0
2026-02-10 18:00:00,-12.669,-16.06408712146178,-6.316572203337747,3.396363011554494,-6.316572203337747,-1.0,-1.0
2026-02-10 18:15:00,-7.324,-12.645938155674576,-4.138871520930761,4.102541980055391,-4.138871520930761,-1.0,-1.0
2026-02-10 18:30:00,-3.957,-11.260043434684619,-2.852242545416602,3.8990032715431306,-2.852242545416602,-1.0,-1.0
2026-02-10 18:45:00,-1.87,-9.834241591237944,-2.9691456919224586,6.403045027551635,-2.9691456919224586,-1.0,-1.0
2026-02-10 19:00:00,-1.593,-12.636238539033515,-6.822832613087675,1.419897143241581,-6.822832613087675,-1.0,-1.0
2026-02-10 19:15:00,-5.299,-13.819690333872044,-4.434934473765383,2.7756839384532546,-4.434934473765383,-1.0,-1.0
2026-02-10 19:30:00,-7.041,-13.22149079534856,-4.930603062789064,2.546480463379962,-4.930603062789064,-1.0,-1.0
2026-02-10 19:45:00,1.082,-12.754783588200205,-4.938970840848768,3.276452535693822,-4.938970840848768,-1.0,1.0
2026-02-10 20:00:00,-7.847,-11.598602980755146,-3.0411528790534814,2.7237869387573608,-3.0411528790534814,-1.0,-1.0
2026-02-10 20:15:00,-2.784,-10.254785524438306,-2.0297464278194064,1.9122872469593952,-2.0297464278194064,-1.0,-1.0
2026-02-10 20:30:00,-8.331,-8.554831248236763,-0.19342237448191782,5.221291411023778,-0.19342237448191782,-1.0,-1.0
2026-02-10 20:45:00,-3.192,-5.365626681389898,2.8099578339672857,7.491133958742156,2.8099578339672857,1.0,-1.0
2026-02-10 21:00:00,-23.822,-8.698521524774817,-2.0577234249364555,4.537583057583061,-2.0577234249364555,-1.0,-1.0
2026-02-10 21:15:00,-25.786,-7.917715414383968,-2.8108589163152464,3.64255736578388,-2.8108589163152464,-1.0,-1.0
2026-02-10 21:30:00,-19.74,-8.440197414612568,-1.2411368656600645,4.175567015151462,-1.2411368656600645,-1.0,-1.0
2026-02-10 21:45:00,-13.841,-8.369720503347068,1.7411842157282318,6.312715592291077,1.7411842157282318,1.0,-1.0
2026-02-10 22:00:00,-11.904,-12.860509297515392,-3.7982858086638074,2.883575109539683,-3.7982858086638074,-1.0,-1.0
2026-02-10 22:15:00,-5.45,-10.265909304605248,-2.4622038741902412,4.038987734048621,-2.4622038741902412,-1.0,-1.0
2026-02-10 22:30:00,-6.599,-15.134193674161153,-4.506446088424165,3.143419572975939,-4.506446088424165,-1.0,-1.0
2026-02-10 22:45:00,-14.394,-15.464208903060774,-3.952330317095616,3.4685938065740114,-3.952330317095616,-1.0,-1.0
2026-02-10 23:00:00,-10.684,-19.588167843285635,-4.94998654522788,0.41121731503493486,-4.94998654522788,-1.0,-1.0
2026-02-10 23:15:00,-6.671,-16.099177030385743,-3.9972528189296956,0.3198323821636593,-3.9972528189296956,-1.0,-1.0
2026-02-10 23:30:00,-8.589,-18.383623381517516,-3.6829555557087024,1.5880318747215783,-3.6829555557087024,-1.0,-1.0
2026-02-10 23:45:00,-4.043,-14.457837578126517,-2.9716441287736037,3.073666220674669,-2.9716441287736037,-1.0,-1.0
2026-02-11 00:00:00,-14.314,-17.553956081295233,-4.681300143378386,0.5992104932141039,-4.681300143378386,-1.0,-1.0
2026-02-11 00:15:00,-7.762,-15.866723972873997,-5.131069275401056,2.4109545487237285,-5.131069275401056,-1.0,-1.0
2026-02-11 00:30:00,-6.639,-11.308581100897579,-4.00577053286071,2.1797266494398637,-4.00577053286071,-1.0,-1.0
2026-02-11 00:45:00,-0.487,-10.416182701845628,-3.93506385469053,2.6223455524252524,-3.93506385469053,-1.0,-1.0
2026-02-11 01:00:00,-1.713,-13.204079215687099,-4.796810696761586,2.727086931228307,-4.796810696761586,-1.0,-1.0
2026-02-11 01:15:00,-5.825,-12.391329176998992,-3.874920984133577,2.7966434611734714,-3.874920984133577,-1.0,-1.0
2026-02-11 01:30:00,-6.05,-13.232767215623522,-4.193874167298903,2.1157354889631583,-4.193874167298903,-1.0,-1.0
2026-02-11 01:45:00,0.033,-12.586876630255414,-4.328372896386917,2.981727551884667,-4.328372896386917,-1.0,1.0
2026-02-11 02:00:00,-8.899,-14.948853108931736,-5.726001224910853,0.9155234004073237,-5.726001224910853,-1.0,-1.0
2026-02-11 02:15:00,-7.72,-14.186489706364739,-3.816454867046897,1.7708126459136662,-3.816454867046897,-1.0,-1.0
2026-02-11 02:30:00,-4.359,-11.65036026266449,-2.2923832513843334,1.536141808532146,-2.2923832513843334,-1.0,-1.0
2026-02-11 02:45:00,-5.577,-8.360487183256218,-2.9538280142698574,2.591409596281976,-2.9538280142698574,-1.0,-1.0
2026-02-11 03:00:00,-5.558,-9.82014630405607,-4.598547492311839,1.190884823406992,-4.598547492311839,-1.0,-1.0
2026-02-11 03:15:00,-7.363,-10.534570022692142,-4.370176812251707,0.9264980455550055,-4.370176812251707,-1.0,-1.0
2026-02-11 03:30:00,-5.582,-7.920557630673508,-4.315623103396206,1.2032539136430342,-4.315623103396206,-1.0,-1.0
2026-02-11 03:45:00,-6.873,-6.774467534377733,-3.494721433565837,2.723410949394525,-3.494721433565837,-1.0,-1.0
2026-02-11 04:00:00,-4.996,-9.110106519373911,-3.1025584215573483,1.666047343939831,-3.1025584215573483,-1.0,-1.0
2026-02-11 04:15:00,-1.095,-7.569848874517962,-3.0769324469772403,1.6625177623670522,-3.0769324469772403,-1.0,-1.0
2026-02-11 04:30:00,-2.838,-8.560662542454297,-2.8463574996905248,2.0417561753678957,-2.8463574996905248,-1.0,-1.0
2026-02-11 04:45:00,-5.228,-9.906117709044564,-2.966964226008373,2.3961630089169916,-2.966964226008373,-1.0,-1.0
2026-02-11 05:00:00,-5.738,-9.596679078752635,-2.1312372748039623,3.6104917209313596,-2.1312372748039623,-1.0,-1.0
2026-02-11 05:15:00,-8.235,-8.875740081340465,-1.7448996611858396,3.47282424186415,-1.7448996611858396,-1.0,-1.0
2026-02-11 05:30:00,-7.407,-7.965428128924189,-1.5442227424085069,2.8002846429753308,-1.5442227424085069,-1.0,-1.0
2026-02-11 05:45:00,-3.931,-9.485057805335892,-2.782962800785298,2.4915887441385824,-2.782962800785298,-1.0,-1.0
2026-02-11 06:00:00,-3.304,-9.310718907286205,-2.198335904817777,5.6172297557146855,-2.198335904817777,-1.0,-1.0
2026-02-11 06:15:00,-7.031,-8.115042061742075,-2.676535859664583,4.812634534251747,-2.676535859664583,-1.0,-1.0
2026-02-11 06:30:00,-5.511,-9.09437729614843,-2.5502627291097477,5.3933630409405335,-2.5502627291097477,-1.0,-1.0
2026-02-11 06:45:00,-5.165,-10.010540011809159,-2.819479948816719,3.948981938865622,-2.819479948816719,-1.0,-1.0
2026-02-11 07:00:00,-17.534,-10.291638480002723,-3.3051861686057866,6.981006108327697,-3.3051861686057866,-1.0,-1.0
2026-02-11 07:15:00,-0.935,-9.236836806306496,-2.698138592815741,7.402906602229447,-2.698138592815741,-1.0,-1.0
2026-02-11 07:30:00,-1.953,-10.445013963816637,-2.005812100164353,6.243452578375413,-2.005812100164353,-1.0,-1.0
2026-02-11 07:45:00,-0.053,-8.337277858325523,-2.486118678066216,8.68106214654903,-2.486118678066216,-1.0,-1.0
2026-02-11 08:00:00,-5.286,-11.615318913064709,-4.043896890545829,7.635382599619152,-4.043896890545829,-1.0,-1.0
2026-02-11 08:15:00,-0.616,-10.264216718057057,-3.5770474014170173,8.518215134276804,-3.5770474014170173,-1.0,-1.0
2026-02-11 08:30:00,-4.494,-10.903775148253597,-3.3264881238993946,7.2290484347174635,-3.3264881238993946,-1.0,-1.0
2026-02-11 08:45:00,-3.504,-10.268084401633086,-3.636349954506691,9.753152129470683,-3.636349954506691,-1.0,-1.0
2026-02-11 09:00:00,-3.126,-13.738855718628763,-4.3864823185791835,2.1841620005020794,-4.3864823185791835,-1.0,-1.0
2026-02-11 09:15:00,11.386,-10.305377676124202,-3.7264060337013043,3.1937780920827925,-3.7264060337013043,-1.0,1.0
2026-02-11 09:30:00,-0.473,-8.365116989443447,-2.453273562562468,6.826280719553991,-2.453273562562468,-1.0,-1.0
2026-02-11 09:45:00,-4.78,-10.990933177841026,-1.4674578050854745,7.0550431225128,-1.4674578050854745,-1.0,-1.0
2026-02-11 10:00:00,-10.303,-12.411357147601963,-2.9813989951937887,6.5791911766245645,-2.9813989951937887,-1.0,-1.0
2026-02-11 10:15:00,-5.38,-12.025607309671406,-1.5861118107579792,7.5148724262800775,-1.5861118107579792,-1.0,-1.0
2026-02-11 10:30:00,-9.91,-11.450047992889475,-1.999990245307552,5.393809135801628,-1.999990245307552,-1.0,-1.0
2026-02-11 10:45:00,-8.22,-14.584746773578917,-1.9459169073293203,11.498856903160556,-1.9459169073293203,-1.0,-1.0
2026-02-11 11:00:00,-19.272,-12.052272879183151,-2.2141255137184013,10.181334150453008,-2.2141255137184013,-1.0,-1.0
2026-02-11 11:15:00,-9.411,-11.256690619401528,-0.6626582778656677,7.820556408337626,-0.6626582778656677,-1.0,-1.0
2026-02-11 11:30:00,-9.174,-10.188968886777822,-2.4157352149205367,7.184564888811972,-2.4157352149205367,-1.0,-1.0
2026-02-11 11:45:00,-0.645,-9.927190495146622,-3.2953018229293636,6.2917552908807926,-3.2953018229293636,-1.0,-1.0
2026-02-11 12:00:00,2.246,-14.48791257359637,-6.675920315617331,3.7057569202277545,-6.675920315617331,-1.0,1.0
2026-02-11 12:15:00,-1.869,-12.754239754497387,-4.795302924012262,2.6089902303351793,-4.795302924012262,-1.0,-1.0
2026-02-11 12:30:00,-1.504,-11.94272675019634,-6.0674544817412235,1.1247145471919535,-6.0674544817412235,-1.0,-1.0
2026-02-11 12:45:00,-4.115,-15.624260471178767,-6.702334825160528,0.9442786767104605,-6.702334825160528,-1.0,-1.0
2026-02-11 13:00:00,-15.0,-11.596614850229106,-5.9711138259372385,0.7321614313663936,-5.9711138259372385,-1.0,-1.0
2026-02-11 13:15:00,-9.547,-12.552941279265816,-4.1661449225911165,1.7644624379533396,-4.1661449225911165,-1.0,-1.0
2026-02-11 13:30:00,-1.4,-10.18569972629028,-1.0737006316384559,3.176386527522908,-1.0737006316384559,-1.0,-1.0
2026-02-11 13:45:00,0.886,-11.686636485488863,-1.5748581034860631,4.2978494636497375,-1.5748581034860631,-1.0,1.0
2026-02-11 14:00:00,0.224,-13.048120461029558,-3.0219656143512377,4.623487523170741,-3.0219656143512377,-1.0,1.0
2026-02-11 14:15:00,-3.458,-17.074545580798276,-2.432016885205508,4.027844427469921,-2.432016885205508,-1.0,-1.0
2026-02-11 14:30:00,2.381,-15.93221831424806,-2.7288275146018934,5.43902799158658,-2.7288275146018934,-1.0,1.0
2026-02-11 14:45:00,7.357,-14.346403223354894,-4.263179588503365,3.78478077764098,-4.263179588503365,-1.0,1.0
2026-02-11 15:00:00,-1.255,-13.086838348183223,-3.6724224170706647,4.488353055341677,-3.6724224170706647,-1.0,-1.0
2026-02-11 15:15:00,1.416,-12.402924427482809,-3.715946520137688,4.68406903522212,-3.715946520137688,-1.0,1.0
2026-02-11 15:30:00,-3.452,-9.637374816184584,-4.100811013596223,6.21121116528638,-4.100811013596223,-1.0,-1.0
2026-02-11 15:45:00,-4.988,-8.56765824504009,-0.5347671796248592,7.744442226481129,-0.5347671796248592,-1.0,-1.0
2026-02-11 16:00:00,9.735,-8.609845861385535,-0.9281507538305098,6.644787735748483,-0.9281507538305098,-1.0,1.0
2026-02-11 16:15:00,-2.611,-8.086253857182662,-1.8102192074027021,5.839862824156785,-1.8102192074027021,-1.0,-1.0
2026-02-11 16:30:00,4.071,-7.46842191963614,0.9234619666452581,8.370325578874304,0.9234619666452581,1.0,1.0
2026-02-11 16:45:00,0.091,-8.529684459281018,-0.1639064788687522,9.019452011872144,-0.1639064788687522,-1.0,1.0
2026-02-11 17:00:00,5.634,-6.753521981385898,-0.8907990277192346,6.985546375199699,-0.8907990277192346,-1.0,1.0
2026-02-11 17:15:00,-11.801,-6.29055543165283,-1.9346513791452007,6.051422976367797,-1.9346513791452007,-1.0,-1.0
2026-02-11 17:30:00,-4.846,-3.7058771599355036,-2.6929913704896684,4.93251587462038,-2.6929913704896684,-1.0,-1.0
2026-02-11 17:45:00,-11.929,-4.537832908739054,-0.8909287214805461,5.976148439133625,-0.8909287214805461,-1.0,-1.0
2026-02-11 18:00:00,-4.996,-5.236849096466547,-2.537614291362786,4.608243744952866,-2.537614291362786,-1.0,-1.0
2026-02-11 18:15:00,-11.407,-3.068654029149123,-0.7476203587259747,4.530977803064529,-0.7476203587259747,-1.0,-1.0
2026-02-11 18:30:00,-11.006,-3.6347246653146352,-1.7445120339200217,5.690999205357291,-1.7445120339200217,-1.0,-1.0
2026-02-11 18:45:00,-1.202,-3.4911855590267926,0.6288860703900776,7.855722613063854,0.6288860703900776,1.0,-1.0
2026-02-11 19:00:00,2.196,-5.173251860091002,-0.9411418246913008,4.530524855077853,-0.9411418246913008,-1.0,1.0
2026-02-11 19:15:00,-5.214,-6.047508069596464,-2.791899202056795,2.9140874638121996,-2.791899202056795,-1.0,-1.0
2026-02-11 19:30:00,-1.655,-7.521719238681874,-3.3373960592473924,0.5946248633229095,-3.3373960592473924,-1.0,-1.0
2026-02-11 19:45:00,-3.19,-5.7643284302051,-0.887382731701064,2.032903635955062,-0.887382731701064,-1.0,-1.0
2026-02-11 20:00:00,-8.423,-10.304507205754957,-3.543084284984782,1.0393718031875538,-3.543084284984782,-1.0,-1.0
2026-02-11 20:15:00,-25.789,-8.774303044456783,-1.6269904457935471,1.8961924339600778,-1.6269904457935471,-1.0,-1.0
2026-02-11 20:30:00,-20.476,-10.949920792048939,-1.1716300097177845,0.34497918856319176,-1.1716300097177845,-1.0,-1.0
2026-02-11 20:45:00,-10.233,-6.924846464342739,-0.4469638314332113,2.5532448706191544,-0.4469638314332113,-1.0,-1.0
2026-02-11 21:00:00,-20.758,-9.756364829195661,-1.0755992561923484,2.4253524783445726,-1.0755992561923484,-1.0,-1.0
2026-02-11 21:15:00,-24.515,-9.066188152718784,-0.646378647784493,1.8293815120035697,-0.646378647784493,-1.0,-1.0
2026-02-11 21:30:00,-16.01,-6.721956197136018,-0.9550180435617617,1.6263363250923288,-0.9550180435617617,-1.0,-1.0
2026-02-11 21:45:00,0.185,-7.370196352429526,-1.6919858307603342,3.8754017214189114,-1.6919858307603342,-1.0,1.0
2026-02-11 22:00:00,-5.707,-20.521780768064495,-8.691744489780325,-0.8975989812922142,-8.691744489780325,-1.0,-1.0
2026-02-11 22:15:00,-18.998,-13.363298657730095,-6.681126234576552,-0.7715120782713488,-6.681126234576552,-1.0,-1.0
2026-02-11 22:30:00,-11.583,-12.685213036453364,-4.080328487642169,-0.3164887297697965,-4.080328487642169,-1.0,-1.0
2026-02-11 22:45:00,-1.422,-15.293434900323408,-5.004408220441014,-1.082853205384862,-5.004408220441014,-1.0,-1.0
2026-02-11 23:00:00,-13.289,-19.877797475723153,-7.855742227701092,-2.3892753915673888,-7.855742227701092,-1.0,-1.0
2026-02-11 23:15:00,-16.875,-11.612883100270752,-4.766909188339634,0.1612421056038883,-4.766909188339634,-1.0,-1.0
2026-02-11 23:30:00,-3.391,-12.096755275861705,-5.488501789391602,-0.06239618765374602,-5.488501789391602,-1.0,-1.0
2026-02-11 23:45:00,3.522,-6.253358263256436,-2.8012594558063646,1.805045378776886,-2.8012594558063646,-1.0,1.0
2026-02-12 00:00:00,-8.422,-15.360747080179117,-6.237343936798966,0.7775938663635211,-6.237343936798966,-1.0,-1.0
2026-02-12 00:15:00,-9.03,-10.395756251227159,-4.4326686623342715,0.30405505902443153,-4.4326686623342715,-1.0,-1.0
2026-02-12 00:30:00,-8.278,-9.33228002151507,-2.566500775238306,0.14570412584823333,-2.566500775238306,-1.0,-1.0
2026-02-12 00:45:00,-5.922,-6.768544607417074,-2.0220684520166112,2.2588792081267006,-2.0220684520166112,-1.0,-1.0
2026-02-12 01:00:00,-1.717,-12.001715907061621,-2.6346716683319515,-1.0624674068921522,-2.6346716683319515,-1.0,-1.0
2026-02-12 01:15:00,-0.446,-9.983070496295127,-2.7573994147836425,-0.2067282046333947,-2.7573994147836425,-1.0,-1.0
2026-02-12 01:30:00,-1.871,-8.692426103519626,-1.8663070252455476,2.2764688808765814,-1.8663070252455476,-1.0,-1.0
2026-02-12 01:45:00,2.878,-4.962017753692262,-1.3101227456072906,5.20920692091154,-1.3101227456072906,-1.0,1.0
2026-02-12 02:00:00,-1.64,-14.358954066835489,-6.923768517804486,0.5005095808238633,-6.923768517804486,-1.0,-1.0
2026-02-12 02:15:00,-1.351,-15.077096646553516,-5.072258790591336,1.4200879089238692,-5.072258790591336,-1.0,-1.0
2026-02-12 02:30:00,-4.296,-14.17346142820144,-6.048393714069567,-0.2209762263624063,-6.048393714069567,-1.0,-1.0
2026-02-12 02:45:00,2.467,-11.880445701225119,-4.489860929322756,0.6828923840240831,-4.489860929322756,-1.0,1.0
2026-02-12 03:00:00,-0.544,-8.505445717588296,-3.290001441768422,0.022248140214937925,-3.290001441768422,-1.0,-1.0
2026-02-12 03:15:00,-1.757,-6.608962618463148,-2.182719617699097,1.5573511687387542,-2.182719617699097,-1.0,-1.0
2026-02-12 03:30:00,-0.521,-4.993706922865593,-1.6724080564391952,2.273835200289499,-1.6724080564391952,-1.0,-1.0
2026-02-12 03:45:00,-0.571,-6.167048830383367,-2.144888565573952,2.5644891375687515,-2.144888565573952,-1.0,-1.0
2026-02-12 04:00:00,-2.527,-6.643643091053559,-2.987628888093779,2.023945536456364,-2.987628888093779,-1.0,-1.0
2026-02-12 04:15:00,-5.812,-5.244232314941687,-2.9506298466595404,2.0479283964413937,-2.9506298466595404,-1.0,-1.0
2026-02-12 04:30:00,-9.271,-7.726997896065233,-2.593045561230418,2.4712363461828395,-2.593045561230418,-1.0,-1.0
2026-02-12 04:45:00,-6.772,-6.815416418204432,-2.6193740606066505,3.507315958584534,-2.6193740606066505,-1.0,-1.0
2026-02-12 05:00:00,-4.344,-8.813873928044346,-1.336171679970145,3.6627183811484896,-1.336171679970145,-1.0,-1.0
2026-02-12 05:15:00,-9.403,-6.100190453985294,-1.265560711880817,2.2955064507226246,-1.265560711880817,-1.0,-1.0
2026-02-12 05:30:00,-7.81,-7.091838397732451,-0.911335111490917,3.1203630643609648,-0.911335111490917,-1.0,-1.0
2026-02-12 05:45:00,-15.727,-6.7049054239971175,-1.6157566648300081,2.80875488489871,-1.6157566648300081,-1.0,-1.0
2026-02-12 06:00:00,-0.004,-7.993327151812306,0.08953573021344044,6.031195485111417,0.08953573021344044,1.0,-1.0
2026-02-12 06:15:00,-5.269,-9.819654985486824,-2.1933551739312036,3.669789198755502,-2.1933551739312036,-1.0,-1.0
2026-02-12 06:30:00,-4.497,-9.802185780889895,-2.1146134484386105,4.132716202406985,-2.1146134484386105,-1.0,-1.0
2026-02-12 06:45:00,-5.574,-11.733402294728657,-1.2204553648787524,2.818137262560626,-1.2204553648787524,-1.0,-1.0
2026-02-12 07:00:00,-5.697,-13.955104244417434,-2.886602782061799,3.631374893201504,-2.886602782061799,-1.0,-1.0
2026-02-12 07:15:00,-5.519,-9.810954431353885,-1.5428890377692355,5.011838741371477,-1.5428890377692355,-1.0,-1.0
2026-02-12 07:30:00,-2.251,-10.976041551885942,-2.1838712048625326,6.201768622481693,-2.1838712048625326,-1.0,-1.0
2026-02-12 07:45:00,-0.997,-9.535324149086147,-1.2558796454574923,6.906487211441336,-1.2558796454574923,-1.0,-1.0
2026-02-12 08:00:00,0.794,-11.884802766852761,-2.1103779844921196,6.731042807198951,-2.1103779844921196,-1.0,1.0
2026-02-12 08:15:00,3.143,-9.896540865493513,-1.6684291186884852,7.000223495607955,-1.6684291186884852,-1.0,1.0
2026-02-12 08:30:00,2.381,-7.1228062902122256,-1.1313676537959416,8.207938217390726,-1.1313676537959416,-1.0,1.0
2026-02-12 08:45:00,0.968,-9.670610239541306,-2.07587032889433,10.463143759310018,-2.07587032889433,-1.0,1.0
2026-02-12 09:00:00,-5.291,-13.351581017413,-0.36318830957709497,5.3067327374314175,-0.36318830957709497,-1.0,-1.0
2026-02-12 09:15:00,-2.148,-10.720396411940577,2.3042575849699203,7.85242232754566,2.3042575849699203,1.0,-1.0
2026-02-12 09:30:00,-0.214,-11.64223566086726,-0.6311967725764838,6.9569026412105,-0.6311967725764838,-1.0,-1.0
2026-02-12 09:45:00,5.137,-9.781562092331658,0.966923088742117,11.061542773941161,0.966923088742117,1.0,1.0
2026-02-12 10:00:00,-2.593,-14.574444733601174,-2.1996395194388616,9.699097351874583,-2.1996395194388616,-1.0,-1.0
2026-02-12 10:15:00,1.682,-9.569644389893046,-1.0535960328983216,10.55689444768094,-1.0535960328983216,-1.0,1.0
2026-02-12 10:30:00,7.048,-8.737739681893558,-0.18468208172476047,11.600342547373764,-0.18468208172476047,-1.0,1.0
2026-02-12 10:45:00,16.172,-10.889362539799865,0.7216705454427345,12.760219318703651,0.7216705454427345,1.0,1.0
2026-02-12 11:00:00,8.303,-15.29474597753152,-2.4857607008825116,8.110977864438816,-2.4857607008825116,-1.0,1.0
2026-02-12 11:15:00,19.477,-10.9395909828183,-1.250229222874459,8.073762062658915,-1.250229222874459,-1.0,1.0
2026-02-12 11:30:00,12.507,-9.909060817697156,0.018602377122155567,8.670918915373253,0.018602377122155567,1.0,1.0
2026-02-12 11:45:00,15.011,-9.057870835717491,-0.5285821694909967,12.913769332588506,-0.5285821694909967,-1.0,1.0
2026-02-12 12:00:00,20.213,-9.159430464602542,-0.13630540125590945,10.930900264746503,-0.13630540125590945,-1.0,1.0
2026-02-12 12:15:00,21.847,-5.347983623026738,2.6329985207664013,12.897706207972105,2.6329985207664013,1.0,1.0
2026-02-12 12:30:00,21.281,-6.186752242763076,0.6925128145032595,13.55153724166209,0.6925128145032595,1.0,1.0
2026-02-12 12:45:00,21.443,-4.548223176845773,1.6768263776930155,14.139403968555571,1.6768263776930155,1.0,1.0
2026-02-12 13:00:00,8.012,-6.017653451608929,1.2419608614253506,13.262951377684955,1.2419608614253506,1.0,1.0
2026-02-12 13:15:00,5.758,-4.6738803637659,2.580547938357004,11.872947327862292,2.580547938357004,1.0,1.0
2026-02-12 13:30:00,7.38,-7.449516638468474,1.162502162049595,12.099729772502238,1.162502162049595,1.0,1.0
2026-02-12 13:45:00,6.153,-4.053917927169406,3.663208341715672,14.324041930195564,3.663208341715672,1.0,1.0
2026-02-12 14:00:00,13.481,-2.050435429345702,4.656377958928185,15.567737896530154,4.656377958928185,1.0,1.0
2026-02-12 14:15:00,2.408,-3.0620893358934964,4.958533201293928,14.61909884610803,4.958533201293928,1.0,1.0
2026-02-12 14:30:00,-1.207,-3.312156089176401,4.520992214212849,16.741756926453753,4.520992214212849,1.0,-1.0
2026-02-12 14:45:00,-5.84,-5.844510817021916,4.613665195588794,14.31773663252637,4.613665195588794,1.0,-1.0
2026-02-12 15:00:00,-0.767,-2.84618450531097,2.6055177849310667,15.079699641385629,2.6055177849310667,1.0,-1.0
2026-02-12 15:15:00,-2.424,-4.020909796390833,4.026291502740823,14.078286423959728,4.026291502740823,1.0,-1.0
2026-02-12 15:30:00,-1.4,-5.330641602151976,1.7529268099610842,12.885009248474312,1.7529268099610842,1.0,-1.0
2026-02-12 15:45:00,-4.398,-3.3055656350254656,0.4307875186617161,13.910348473801625,0.4307875186617161,1.0,-1.0
2026-02-12 16:00:00,-2.318,-0.7204925889475761,5.761537972568615,16.008633886699293,5.761537972568615,1.0,-1.0
2026-02-12 16:15:00,-1.978,-4.125036694343902,3.0580915990987263,13.529471907706487,3.0580915990987263,1.0,-1.0
2026-02-12 16:30:00,-8.52,-3.811442362189818,3.0256469481024437,12.056916135904459,3.0256469481024437,1.0,-1.0
2026-02-12 16:45:00,-0.776,-4.295293707945276,3.116621573999179,11.263693590137006,3.116621573999179,1.0,-1.0
2026-02-12 19:45:00,-11.766,-1.5856210651739917,1.7289409272894485,8.823431320753679,1.7289409272894485,1.0,-1.0
2026-02-12 20:00:00,3.74,-5.449086046073481,2.3117868902356555,7.490454404624122,2.3117868902356555,1.0,1.0
2026-02-12 20:15:00,-8.793,-5.5195486166275805,-0.1524729009782643,6.626176069536364,-0.1524729009782643,-1.0,-1.0
2026-02-12 20:30:00,-0.8,-4.936800527441221,-1.6874377869549506,5.839032230328565,-1.6874377869549506,-1.0,-1.0
2026-02-12 20:45:00,-2.168,-5.273576052141192,1.7275049330244676,7.545096378485972,1.7275049330244676,1.0,-1.0
2026-02-12 21:00:00,-8.271,-8.41323910013774,-3.131323698655035,5.999662805319525,-3.131323698655035,-1.0,-1.0
2026-02-12 21:15:00,-8.433,-8.34065609787719,-2.342341572073403,5.878538305377868,-2.342341572073403,-1.0,-1.0
2026-02-12 21:30:00,2.201,-7.191922801186562,-0.6040118310930293,4.347165544249137,-0.6040118310930293,-1.0,1.0
2026-02-12 21:45:00,19.882,-3.6517784615083384,0.6210684059308511,7.432912928198719,0.6210684059308511,1.0,1.0
2026-02-12 22:00:00,13.588,-7.576358727025605,-2.073216958591987,4.514601843396028,-2.073216958591987,-1.0,1.0
2026-02-12 22:15:00,5.126,-3.6120586854108403,-0.3599316927514919,2.8727848965498897,-0.3599316927514919,-1.0,1.0
2026-02-12 22:30:00,6.763,-5.504813025420173,-1.9239334536281516,3.286517465707283,-1.9239334536281516,-1.0,1.0
2026-02-12 22:45:00,7.479,-4.919737701149672,-0.19693150281422703,5.368072815281434,-0.19693150281422703,-1.0,1.0
2026-02-12 23:00:00,2.178,-9.784009455644226,-1.6848358963922654,1.5396824513951712,-1.6848358963922654,-1.0,1.0
2026-02-12 23:15:00,0.755,-6.473195513422928,0.24375257901396588,2.3058235139323555,0.24375257901396588,1.0,1.0
2026-02-12 23:30:00,-2.031,-6.589761589858257,2.7390674235110826,3.90904997469822,2.7390674235110826,1.0,-1.0
2026-02-12 23:45:00,-2.009,-2.7233315542476033,5.833925112175491,11.131525951786895,5.833925112175491,1.0,-1.0
2026-02-13 00:00:00,-3.464,-6.524830486341197,1.0745136821748393,7.271410648183923,1.0745136821748393,1.0,-1.0
2026-02-13 00:15:00,-0.301,-1.696606598432383,1.3368813484406097,6.028811579329539,1.3368813484406097,1.0,-1.0
2026-02-13 00:30:00,-6.708,-1.0933318619950534,1.5158890800801843,7.440112556012393,1.5158890800801843,1.0,-1.0
2026-02-13 00:45:00,-10.456,-0.8804699816967808,2.777092683386411,8.032271300571177,2.777092683386411,1.0,-1.0
2026-02-13 01:00:00,-9.393,-6.284343435887603,-0.737297717760683,5.243424981178899,-0.737297717760683,-1.0,-1.0
2026-02-13 01:15:00,-5.15,-3.3189673017665653,0.2286736538847964,3.9220055440859363,0.2286736538847964,1.0,-1.0
2026-02-13 01:30:00,-9.295,-2.56029875265812,0.05098939137058171,3.9563512385782484,0.05098939137058171,1.0,-1.0
2026-02-13 01:45:00,-6.72,-3.448324873017862,1.4440816726550785,4.857495402201895,1.4440816726550785,1.0,-1.0
2026-02-13 02:00:00,4.535,-5.493043984310316,0.14026291172493133,2.898069957883749,0.14026291172493133,1.0,1.0
2026-02-13 02:15:00,7.069,-4.488042480736935,-0.11947350631933572,4.456687517453725,-0.11947350631933572,-1.0,1.0
2026-02-13 02:30:00,4.244,-4.92954922598692,-1.047152087566975,3.1719968490081434,-1.047152087566975,-1.0,1.0
2026-02-13 02:45:00,1.425,-5.810673745226671,-1.535412973421454,3.097654217547935,-1.535412973421454,-1.0,1.0
2026-02-13 03:00:00,4.643,-8.045976375501487,-2.6772528665586846,2.612760373255206,-2.6772528665586846,-1.0,1.0
2026-02-13 03:15:00,9.912,-7.624669557388772,-2.337301506493957,3.0613595603842696,-2.337301506493957,-1.0,1.0
2026-02-13 03:30:00,11.942,-7.81406487189685,-1.8153887067328043,2.7150658992945615,-1.8153887067328043,-1.0,1.0
2026-02-13 03:45:00,2.856,-3.643749361945219,-0.4764858166955686,3.7182373388756327,-0.4764858166955686,-1.0,1.0
2026-02-13 04:00:00,3.751,-2.966071396455364,1.2617999872278765,4.760136281308314,1.2617999872278765,1.0,1.0
2026-02-13 04:15:00,10.045,-1.164655722717313,1.5369250669009384,4.985716472284126,1.5369250669009384,1.0,1.0
2026-02-13 04:30:00,7.078,-0.9575003599214301,2.3617757879824683,5.487084696460713,2.3617757879824683,1.0,1.0
2026-02-13 04:45:00,4.772,-2.4953492617159356,2.217142628369284,7.467688595914911,2.217142628369284,1.0,1.0
2026-02-13 05:00:00,5.271,-2.6851175992054985,3.642288418848977,7.864282782876795,3.642288418848977,1.0,1.0
2026-02-13 05:15:00,16.152,0.09145638570756438,4.076514727027403,11.556509179754615,4.076514727027403,1.0,1.0
2026-02-13 05:30:00,17.773,-0.23154163371389713,3.0219430187406697,8.86863787954656,3.0219430187406697,1.0,1.0
2026-02-13 05:45:00,4.253,-1.0485458765179319,2.3637197510453807,8.817792764960052,2.3637197510453807,1.0,1.0
2026-02-13 06:00:00,3.719,-2.0067456916478896,4.281385151063097,10.513572902832559,4.281385151063097,1.0,1.0
2026-02-13 06:15:00,12.227,-2.839042602007049,3.3084593026128215,8.391670801011507,3.3084593026128215,1.0,1.0
2026-02-13 06:30:00,14.831,-3.224724829316555,2.28627109282952,9.21700990622049,2.28627109282952,1.0,1.0
2026-02-13 06:45:00,5.102,-4.506786805122497,2.4469567940576784,7.432517092974444,2.4469567940576784,1.0,1.0
2026-02-13 07:00:00,-0.986,-4.593153947291026,2.804055431446877,9.012431959201992,2.804055431446877,1.0,-1.0
2026-02-13 07:15:00,-6.833,0.13734139004887622,5.6182730712021165,14.20419018302751,5.6182730712021165,1.0,-1.0
2026-02-13 07:30:00,-0.256,-0.6819370631050427,3.453666902137825,11.547246682501308,3.453666902137825,1.0,-1.0
2026-02-13 07:45:00,3.37,-1.5768419655453882,1.5553853768178123,10.104068526065909,1.5553853768178123,1.0,1.0
2026-02-13 08:00:00,2.472,-5.310247897796842,0.60676690756116,9.371615574309503,0.60676690756116,1.0,1.0
2026-02-13 08:15:00,2.51,-2.4477998488523713,3.635111822910451,14.798752957191192,3.635111822910451,1.0,1.0
2026-02-13 08:30:00,3.346,-1.9647627252022146,3.7321648719647675,10.678588435146693,3.7321648719647675,1.0,1.0
2026-02-13 08:45:00,8.278,-2.4364220432901984,3.8072417329576753,12.816167275307487,3.8072417329576753,1.0,1.0
2026-02-13 09:00:00,18.645,-7.2980750458395836,-1.4767763726328516,6.575886298185592,-1.4767763726328516,-1.0,1.0
2026-02-13 09:15:00,17.158,-6.776138988204101,0.9504213174111708,8.182371611018466,0.9504213174111708,1.0,1.0
2026-02-13 09:30:00,18.154,-4.90627663188985,2.205176049736869,9.604600016072409,2.205176049736869,1.0,1.0
2026-02-13 09:45:00,12.755,-3.7955946749270795,1.720601803335825,13.072509226989263,1.720601803335825,1.0,1.0
2026-02-13 10:00:00,12.27,-6.29843002359933,3.971521784622942,11.1685859160225,3.971521784622942,1.0,1.0
2026-02-13 10:15:00,15.242,-4.897060319133364,2.232633097707303,12.005640864882333,2.232633097707303,1.0,1.0
2026-02-13 10:30:00,16.569,-3.5812992963660197,3.3369669424666424,13.208051510992812,3.3369669424666424,1.0,1.0
2026-02-13 10:45:00,21.985,-2.707793545749304,5.767411411925407,18.111268293971797,5.767411411925407,1.0,1.0
2026-02-13 11:00:00,23.797,-1.5857333514851506,8.892848873306425,18.93124955008787,8.892848873306425,1.0,1.0
2026-02-13 11:15:00,16.886,-1.0353374691809698,8.417229850208175,19.200801370968517,8.417229850208175,1.0,1.0
2026-02-13 11:30:00,8.905,-2.2825680954292413,8.972649292561455,18.439815833275844,8.972649292561455,1.0,1.0
2026-02-13 11:45:00,4.718,-1.8438916348751833,8.305226876330357,18.860492219278022,8.305226876330357,1.0,1.0
2026-02-13 12:00:00,-0.45,-2.6012018468398357,6.576250998211239,18.662866166489067,6.576250998211239,1.0,-1.0
2026-02-13 12:15:00,5.409,-0.23659163119641285,7.375052679261294,17.927534470162687,7.375052679261294,1.0,1.0
2026-02-13 12:30:00,0.775,-2.210718037336334,8.119113714517587,18.59832121239586,8.119113714517587,1.0,1.0
2026-02-13 12:45:00,-9.755,0.25328930098221447,12.756456240149745,21.134905682540655,12.756456240149745,1.0,-1.0
2026-02-13 13:00:00,21.763,-2.4088097830466504,8.77641369389077,17.152501306006204,8.77641369389077,1.0,1.0
2026-02-13 13:15:00,14.833,-3.0423123789477633,6.403096997692721,15.496115003078408,6.403096997692721,1.0,1.0
2026-02-13 13:30:00,-1.159,-4.217860774978331,5.858214904969388,15.418983358928061,5.858214904969388,1.0,-1.0
2026-02-13 13:45:00,-0.882,-3.6067104410999096,5.880207790848361,14.244520732038673,5.880207790848361,1.0,-1.0
2026-02-13 14:00:00,6.506,-4.784840740759507,6.169695309637342,16.42350784507763,6.169695309637342,1.0,1.0
2026-02-13 14:15:00,11.604,-4.778500683707177,5.115776494174634,14.386312111743264,5.115776494174634,1.0,1.0
2026-02-13 14:30:00,12.667,-6.258514746807958,1.409040455482601,10.723349771719391,1.409040455482601,1.0,1.0
2026-02-13 14:45:00,23.757,-2.596831088643505,8.663240699752931,16.99808092617904,8.663240699752931,1.0,1.0
2026-02-13 15:00:00,19.653,0.433441177946585,9.594529151686702,18.684165180789478,9.594529151686702,1.0,1.0
2026-02-13 15:15:00,18.122,-2.1867226483119517,7.195818896878283,14.237166057505336,7.195818896878283,1.0,1.0
2026-02-13 15:30:00,16.03,-2.1833571412397004,6.873823753168686,13.750696481618036,6.873823753168686,1.0,1.0
2026-02-13 15:45:00,24.504,-4.05429303954232,2.3482176264187045,10.2249580547639,2.3482176264187045,1.0,1.0
2026-02-13 16:00:00,20.351,-1.310848468973907,6.7290823915323745,14.560997388561391,6.7290823915323745,1.0,1.0
2026-02-13 16:15:00,11.806,-2.2042786006925117,5.845626636550961,14.496865675841878,5.845626636550961,1.0,1.0
2026-02-13 16:30:00,8.651,-0.3121725348571107,7.982629444428203,17.31165822366152,7.982629444428203,1.0,1.0
2026-02-13 16:45:00,10.857,0.11018124512812295,6.876577448592203,14.633693832877672,6.876577448592203,1.0,1.0
2026-02-13 17:00:00,22.64,-0.43392145271508586,5.449199937608302,14.075887269966753,5.449199937608302,1.0,1.0
2026-02-13 17:15:00,11.159,-0.2724886614616149,3.8302970049669303,14.062912213709689,3.8302970049669303,1.0,1.0
2026-02-13 17:30:00,3.165,1.1607424757484361,4.107262974806145,17.551117245176933,4.107262974806145,1.0,1.0
2026-02-13 17:45:00,13.751,-1.446664953399626,4.315909808610948,17.290475270108317,4.315909808610948,1.0,1.0
2026-02-13 18:00:00,6.337,-2.418676199581922,4.134711311979233,12.933408915538589,4.134711311979233,1.0,1.0
2026-02-13 18:15:00,1.313,-2.1795063742143386,2.9042621931167596,11.266316926328027,2.9042621931167596,1.0,1.0
2026-02-13 18:30:00,-0.766,-3.609272887857615,0.06984308105408435,10.501120856182311,0.06984308105408435,1.0,-1.0
2026-02-13 18:45:00,-3.914,-1.4862194035405676,0.9776594985133075,10.492776364562406,0.9776594985133075,1.0,-1.0
2026-02-13 19:00:00,4.16,-3.0794957087093193,2.102378653460643,12.2772975010305,2.102378653460643,1.0,1.0
2026-02-13 19:15:00,9.817,-1.9356347460006236,0.1323257749220908,9.096387067379672,0.1323257749220908,1.0,1.0
2026-02-13 19:30:00,8.986,-2.4553093003010362,2.6671485158573125,11.931198070950261,2.6671485158573125,1.0,1.0
2026-02-13 19:45:00,8.931,-3.9852812125283292,3.1983894992047044,11.960184185506826,3.1983894992047044,1.0,1.0
2026-02-13 20:00:00,2.614,-4.003408012435313,0.5364148967179434,10.230857637878117,0.5364148967179434,1.0,1.0
2026-02-13 20:15:00,7.474,-3.9311753599334223,1.254283428588451,6.620361335398765,1.254283428588451,1.0,1.0
2026-02-13 20:30:00,2.063,-3.541107770012902,0.2649114607042232,5.923693830723012,0.2649114607042232,1.0,1.0
2026-02-13 20:45:00,4.836,-2.5929522415565374,2.0232707304730444,7.0877895021484525,2.0232707304730444,1.0,1.0
2026-02-13 21:00:00,-0.321,-6.002372993204204,0.4964265705223742,6.695922294951191,0.4964265705223742,1.0,-1.0
2026-02-13 21:15:00,-0.988,-2.7376381493764055,2.5518977747940643,8.798247486364534,2.5518977747940643,1.0,-1.0
2026-02-13 21:30:00,0.088,-2.0802971311092247,2.6701949017033195,9.753461541624974,2.6701949017033195,1.0,1.0
2026-02-13 21:45:00,6.463,-2.0049152271624004,5.269735078687067,13.040423056627878,5.269735078687067,1.0,1.0
2026-02-13 22:00:00,-1.508,-3.85791309369196,3.7530128600999886,10.749165151571981,3.7530128600999886,1.0,-1.0
2026-02-13 22:15:00,-4.289,-2.169116951692945,2.112195280050545,7.367736033188547,2.112195280050545,1.0,-1.0
2026-02-13 22:30:00,-1.657,-3.5196517204258226,1.0355003121399915,7.317551472787423,1.0355003121399915,1.0,-1.0
2026-02-13 22:45:00,3.015,-4.397202135169859,1.8260331047536709,8.207166280046431,1.8260331047536709,1.0,1.0
2026-02-13 23:00:00,-3.476,-8.09439378125658,0.105361524781672,5.720711555530635,0.105361524781672,1.0,-1.0
2026-02-13 23:15:00,-0.591,-6.554263293977686,0.46966842495149264,5.360199196751496,0.46966842495149264,1.0,-1.0
2026-02-13 23:30:00,-3.544,-5.362400183449016,0.3907042909028197,5.528315568529882,0.3907042909028197,1.0,-1.0
2026-02-13 23:45:00,0.765,-4.155861008721327,1.9581207279203758,8.125639271384843,1.9581207279203758,1.0,1.0
2026-02-14 00:00:00,-3.312,-7.663918211471011,-1.0340545572186834,4.74916375611016,-1.0340545572186834,-1.0,-1.0
2026-02-14 00:15:00,2.994,-5.2304616367230645,-1.108508688625772,3.7314075913479954,-1.108508688625772,-1.0,1.0
2026-02-14 00:30:00,4.029,-5.9745384458390225,-0.28811269127985006,4.147459357145225,-0.28811269127985006,-1.0,1.0
2026-02-14 00:45:00,2.092,-4.702931226856885,1.6485368324536813,7.454988100487983,1.6485368324536813,1.0,1.0
2026-02-14 01:00:00,1.774,-7.083851857093922,-0.45130337524958947,5.083220996490739,-0.45130337524958947,-1.0,1.0
2026-02-14 01:15:00,5.225,-6.504397814300682,0.6374582772922825,4.825843208460337,0.6374582772922825,1.0,1.0
2026-02-14 01:30:00,2.644,-5.550650919463939,0.21314125726831767,4.533300384366597,0.21314125726831767,1.0,1.0
2026-02-14 01:45:00,4.797,-6.536302581031236,1.1093323574496428,6.963980920027234,1.1093323574496428,1.0,1.0
2026-02-14 02:00:00,1.016,-6.196584954710963,-1.3362364115050431,4.24757349936785,-1.3362364115050431,-1.0,1.0
2026-02-14 02:15:00,-0.216,-3.452342968383121,0.5320167209106081,5.485489547433046,0.5320167209106081,1.0,-1.0
2026-02-14 02:30:00,-2.355,-3.9581434834754976,1.1414008989151703,6.212967974420867,1.1414008989151703,1.0,-1.0
2026-02-14 02:45:00,1.373,-4.760889985192938,0.6468650884317801,5.944322173986886,0.6468650884317801,1.0,1.0
2026-02-14 03:00:00,0.618,-8.87452260442446,-1.714147176350645,4.360236526497863,-1.714147176350645,-1.0,1.0
2026-02-14 03:15:00,1.074,-6.224015592829314,-0.5033113664804041,6.25238686670424,-0.5033113664804041,-1.0,1.0
2026-02-14 03:30:00,-1.282,-7.0552060667783785,0.2145722097525115,7.034408349335338,0.2145722097525115,1.0,-1.0
2026-02-14 03:45:00,-0.034,-7.831217241796482,0.13068109683758777,4.685710754252043,0.13068109683758777,1.0,-1.0
2026-02-14 04:00:00,9.408,-9.656437676398248,-0.3770664174445373,4.752753801904871,-0.3770664174445373,-1.0,1.0
2026-02-14 04:15:00,4.174,-8.753495123481954,-0.12239627277408514,4.888466501028173,-0.12239627277408514,-1.0,1.0
2026-02-14 04:30:00,10.193,-9.446177972630153,-0.5073187628593239,5.109278369392461,-0.5073187628593239,-1.0,1.0
2026-02-14 04:45:00,7.964,-6.412495769799955,-0.4150040436162074,4.7851020397249,-0.4150040436162074,-1.0,1.0
2026-02-14 05:00:00,3.392,-4.0565658117180226,-0.27819090532226415,5.0616506060862045,-0.27819090532226415,-1.0,1.0
2026-02-14 05:15:00,2.899,-3.7849746298202134,1.0342271965376844,5.508319478562549,1.0342271965376844,1.0,1.0
2026-02-14 05:30:00,1.63,-4.455565090814729,2.3706412606648337,5.859786942369014,2.3706412606648337,1.0,1.0
2026-02-14 05:45:00,0.715,-3.033642366876251,0.20807245872095087,8.407570578056724,0.20807245872095087,1.0,1.0
2026-02-14 06:00:00,6.427,-2.4235656675755606,4.29417249581781,7.430017339341664,4.29417249581781,1.0,1.0
2026-02-14 06:15:00,6.425,-0.5286066145854718,2.394961377109095,10.64974126754313,2.394961377109095,1.0,1.0
2026-02-14 06:30:00,2.147,-2.825486075350087,3.7418022451685164,12.841606069060754,3.7418022451685164,1.0,1.0
2026-02-14 06:45:00,2.316,-4.757480127392336,2.1389318540153424,8.706715313471664,2.1389318540153424,1.0,1.0
2026-02-14 07:00:00,-2.131,-7.49101791988519,0.6275645911937653,7.666376454290483,0.6275645911937653,1.0,-1.0
2026-02-14 07:15:00,-3.242,-6.828810169395131,-0.11459960779313912,7.187445397483749,-0.11459960779313912,-1.0,-1.0
2026-02-14 07:30:00,-2.689,-7.270671575381204,1.356276175783624,7.814644769536949,1.356276175783624,1.0,-1.0
2026-02-14 07:45:00,-3.04,-5.988703794638506,1.4185672150052033,11.174874315191676,1.4185672150052033,1.0,-1.0
2026-02-14 08:00:00,-1.303,-6.037947814309079,1.1494565892518334,12.101499231741464,1.1494565892518334,1.0,-1.0
2026-02-14 08:15:00,1.86,-7.373669208595457,0.8589904906963272,11.223961918888657,0.8589904906963272,1.0,1.0
2026-02-14 08:30:00,1.518,-6.195030851507365,1.6450427296017633,10.861616460690351,1.6450427296017633,1.0,1.0
2026-02-14 08:45:00,1.925,-5.852372728987845,3.6132648710669657,16.564714569443368,3.6132648710669657,1.0,1.0
2026-02-14 09:00:00,0.231,-15.205731749022851,0.09608160802995987,9.777018583062059,0.09608160802995987,1.0,1.0
2026-02-14 09:15:00,2.969,-11.603193359121757,0.9892901691307672,10.531513664652312,0.9892901691307672,1.0,1.0
2026-02-14 09:30:00,2.017,-10.744406789788512,1.055675170429963,10.264641160864644,1.055675170429963,1.0,1.0
2026-02-14 09:45:00,-1.466,-11.42191644677855,2.540414385706967,14.26086750746419,2.540414385706967,1.0,-1.0
2026-02-14 10:00:00,3.868,-9.800673797469031,1.0951914745917477,10.640906369816294,1.0951914745917477,1.0,1.0
2026-02-14 10:15:00,0.591,-12.255774613165665,1.6737217413246164,11.601464208578202,1.6737217413246164,1.0,1.0
2026-02-14 10:30:00,-0.372,-9.826883386518471,2.429562502208964,13.500224081451163,2.429562502208964,1.0,-1.0
2026-02-14 10:45:00,8.668,-7.3159558361692785,4.0517298469970955,15.5297133297618,4.0517298469970955,1.0,1.0
2026-02-14 11:00:00,12.272,-12.928758853138408,1.5516019816431308,9.000775202115864,1.5516019816431308,1.0,1.0
2026-02-14 11:15:00,13.995,-11.618652395065183,1.3515718406239219,10.357116954453078,1.3515718406239219,1.0,1.0
2026-02-14 11:30:00,11.089,-10.844158805652595,1.714775942376581,9.406251372787127,1.714775942376581,1.0,1.0
2026-02-14 11:45:00,13.485,-10.492553858974224,2.0504091783401,13.501556951888954,2.0504091783401,1.0,1.0
2026-02-14 12:00:00,13.542,-13.96976367177755,-0.28876479452101766,10.339320017742736,-0.28876479452101766,-1.0,1.0
2026-02-14 12:15:00,14.229,-10.751110619448568,0.24985221368022636,10.53504754656496,0.24985221368022636,1.0,1.0
2026-02-14 12:30:00,14.531,-9.589854237676699,1.483657655861001,12.2549962425666,1.483657655861001,1.0,1.0
2026-02-14 12:45:00,18.495,-8.524332820893557,1.8498966656983882,15.713348480857052,1.8498966656983882,1.0,1.0
2026-02-14 13:00:00,3.726,-6.714415766841484,3.66330979487649,15.735939674963568,3.66330979487649,1.0,1.0
2026-02-14 13:15:00,0.652,-4.28596211934773,5.858345089893417,15.689101296218796,5.858345089893417,1.0,1.0
2026-02-14 13:30:00,2.174,-5.435742648117371,4.332642011950711,12.572777371867735,4.332642011950711,1.0,1.0
2026-02-14 13:45:00,0.756,-4.677261624290667,6.206883268877677,14.919953242811495,6.206883268877677,1.0,1.0
2026-02-14 14:00:00,-4.582,-1.5253514465437155,7.3126417884837345,15.40605177629455,7.3126417884837345,1.0,-1.0
2026-02-14 14:15:00,-2.757,-2.081042374446691,9.07610807754463,15.810622402555772,9.07610807754463,1.0,-1.0
2026-02-14 14:30:00,-3.266,0.06020876969622291,8.366926268473494,15.918961754232845,8.366926268473494,1.0,-1.0
2026-02-14 14:45:00,-1.762,-0.07990951941596804,9.190316552564486,16.88480854781581,9.190316552564486,1.0,-1.0
2026-02-14 15:00:00,-3.947,-1.8385316848175135,6.739871490168798,15.584434888274458,6.739871490168798,1.0,-1.0
2026-02-14 15:15:00,-8.433,-3.3372814297574513,6.077560163133749,14.15786957475447,6.077560163133749,1.0,-1.0
2026-02-14 15:30:00,-4.155,-4.089151155526881,4.5025280086651085,12.683761615351436,4.5025280086651085,1.0,-1.0
2026-02-14 15:45:00,-4.986,-6.300610690513016,3.760407173792878,11.028467841639527,3.760407173792878,1.0,-1.0
2026-02-14 16:00:00,-0.679,-3.1631218645528136,5.8508404917645205,13.045162677946944,5.8508404917645205,1.0,-1.0
2026-02-14 16:15:00,-1.432,-2.14723101289338,5.031299402310731,11.458361308187953,5.031299402310731,1.0,-1.0
2026-02-14 16:30:00,4.596,-2.840058415159236,2.578110301386962,10.387859909548254,2.578110301386962,1.0,1.0
2026-02-14 16:45:00,6.452,-3.4380026169216578,2.757024982673471,10.497648021610171,2.757024982673471,1.0,1.0
2026-02-14 17:00:00,4.185,-3.6531031049536526,2.215994840946899,11.085139463509323,2.215994840946899,1.0,1.0
2026-02-14 17:15:00,0.358,-3.6519823034774896,0.28854269209899114,8.34844976335317,0.28854269209899114,1.0,1.0
2026-02-14 17:30:00,4.933,-3.930905233784917,0.04753087548683718,6.20575128503179,0.04753087548683718,1.0,1.0
2026-02-14 17:45:00,1.516,-4.671720615053178,0.5422541510646322,8.178483541011088,0.5422541510646322,1.0,1.0
2026-02-14 18:00:00,-1.46,-4.5932566437863755,0.07241192681658662,8.775017140215745,0.07241192681658662,1.0,-1.0
2026-02-14 18:15:00,1.625,-2.6284247800967337,1.068757405805466,5.410284478974236,1.068757405805466,1.0,1.0
2026-02-14 18:30:00,3.021,-4.918785637617715,0.8630783948880711,7.136880893576845,0.8630783948880711,1.0,1.0
2026-02-14 18:45:00,-1.723,-5.682707258029609,2.8181016662381726,8.619676203910695,2.8181016662381726,1.0,-1.0
2026-02-14 19:00:00,5.566,-5.4754527437195835,1.1575001089614816,7.191845124437374,1.1575001089614816,1.0,1.0
2026-02-14 19:15:00,2.308,-4.319921051792456,0.5513948649353573,6.793572047473004,0.5513948649353573,1.0,1.0
2026-02-14 19:30:00,0.987,-4.65849560799729,0.7327915749064996,8.063750841032316,0.7327915749064996,1.0,1.0
2026-02-14 19:45:00,4.648,-5.750804882549856,2.7383839353182324,10.920131426229258,2.7383839353182324,1.0,1.0
2026-02-14 20:00:00,2.578,-5.989312846344834,2.402785363240817,5.888131694216039,2.402785363240817,1.0,1.0
2026-02-14 20:15:00,1.797,-4.190573887745827,2.14107960780751,8.44028043508511,2.14107960780751,1.0,1.0
2026-02-14 20:30:00,-1.387,-3.2134012854207303,2.9231473523700293,8.16488077432868,2.9231473523700293,1.0,-1.0
2026-02-14 20:45:00,-1.942,-3.2939605105892977,5.570185881891292,10.09497782360516,5.570185881891292,1.0,-1.0
2026-02-14 21:00:00,-2.66,-6.36301736231813,1.313526703455085,7.386489968132047,1.313526703455085,1.0,-1.0
2026-02-14 21:15:00,-3.986,-4.080409276779995,2.0397387306704244,6.967694992495882,2.0397387306704244,1.0,-1.0
2026-02-14 21:30:00,-1.939,-3.173258882935203,3.4063223498911506,6.655442664296237,3.4063223498911506,1.0,-1.0
2026-02-14 21:45:00,3.707,-2.780715120506444,4.396928748298578,10.739142802386935,4.396928748298578,1.0,1.0
2026-02-14 22:00:00,1.864,-7.876077815761341,0.7341137851196835,6.0368000300301485,0.7341137851196835,1.0,1.0
2026-02-14 22:15:00,0.963,-4.238724690454301,1.667785438766801,5.59157711348458,1.667785438766801,1.0,1.0
2026-02-14 22:30:00,-0.567,-4.50331414002903,1.8691887281700084,4.956074534024145,1.8691887281700084,1.0,-1.0
2026-02-14 22:45:00,-0.93,-2.669143433264277,2.8446168340016422,8.06622497143885,2.8446168340016422,1.0,-1.0
2026-02-14 23:00:00,-0.195,-6.160182160658619,0.33106261226503,5.585795345513133,0.33106261226503,1.0,-1.0
2026-02-14 23:15:00,2.978,-4.242845581300754,0.7441056044361928,6.1402901446492635,0.7441056044361928,1.0,1.0
2026-02-14 23:30:00,2.379,-3.8131238711547093,0.9921948653515555,7.879363891646199,0.9921948653515555,1.0,1.0
2026-02-14 23:45:00,1.738,-4.350029580096177,2.5845480212683585,11.552545680079886,2.5845480212683585,1.0,1.0
2026-02-15 00:00:00,-1.94,-10.366748244774863,-0.5321854635650654,7.713579645248741,-0.5321854635650654,-1.0,-1.0
2026-02-15 00:15:00,-2.225,-6.473254431577557,1.0879335366067002,8.345899971670784,1.0879335366067002,1.0,-1.0
2026-02-15 00:30:00,-1.341,-5.710567597676827,0.6995609889090815,7.775850203835185,0.6995609889090815,1.0,-1.0
2026-02-15 00:45:00,1.677,-6.746228063398749,1.6518623304394702,9.261563681921833,1.6518623304394702,1.0,1.0
2026-02-15 01:00:00,-1.286,-8.341422428059182,0.30424436681128514,5.55117156809065,0.30424436681128514,1.0,-1.0
2026-02-15 01:15:00,1.054,-6.8717925979604795,1.8834964723023633,6.572943898595317,1.8834964723023633,1.0,1.0
2026-02-15 01:30:00,0.361,-7.938572962876826,1.7729322836594874,6.430136720585679,1.7729322836594874,1.0,1.0
2026-02-15 01:45:00,3.781,-7.434237981432961,2.410554601733877,7.640319432758088,2.410554601733877,1.0,1.0
2026-02-15 02:00:00,0.266,-12.586563375975585,-1.0763967974586712,3.7149016691415877,-1.0763967974586712,-1.0,1.0
2026-02-15 02:15:00,1.275,-7.587831742640673,-0.6574194220481208,3.9565234157266884,-0.6574194220481208,-1.0,1.0
2026-02-15 02:30:00,3.209,-6.882996152587052,0.5148884184359885,4.292478629024789,0.5148884184359885,1.0,1.0
2026-02-15 02:45:00,-0.173,-6.33153737564135,2.177258417090742,5.134277213220586,2.177258417090742,1.0,-1.0
2026-02-15 03:00:00,0.557,-9.556084041862022,0.8647548214346619,4.750984928397088,0.8647548214346619,1.0,1.0
2026-02-15 03:15:00,-1.096,-7.3548903638960175,0.9819573241142472,5.322295659061128,0.9819573241142472,1.0,-1.0
2026-02-15 03:30:00,-1.944,-5.792804178380937,1.403470562643849,6.29137744670935,1.403470562643849,1.0,-1.0
2026-02-15 03:45:00,-3.838,-5.6021298495889775,1.0676732155624686,8.36328677524529,1.0676732155624686,1.0,-1.0
2026-02-15 04:00:00,0.027,-11.023092340826947,0.8535036219647321,8.164381724304334,0.8535036219647321,1.0,1.0
2026-02-15 04:15:00,0.581,-9.09439590326598,0.8012029590824459,7.338661272939252,0.8012029590824459,1.0,1.0
2026-02-15 04:30:00,-1.215,-11.019224152616665,0.8096762105410781,7.049269131295099,0.8096762105410781,1.0,-1.0
2026-02-15 04:45:00,0.444,-11.301143854367707,0.9791356494089863,7.527043549407005,0.9791356494089863,1.0,1.0
2026-02-15 05:00:00,2.617,-11.843205601144208,2.1502292129097373,6.511633808563043,2.1502292129097373,1.0,1.0
2026-02-15 05:15:00,1.092,-9.735201775777348,2.4379718514713513,6.373468807954069,2.4379718514713513,1.0,1.0
2026-02-15 05:30:00,0.412,-9.299242848810616,1.2447116688729292,6.764061507725686,1.2447116688729292,1.0,1.0
2026-02-15 05:45:00,1.285,-11.354066359612629,-1.1104226967315538,5.944966324419878,-1.1104226967315538,-1.0,1.0
2026-02-15 06:00:00,2.382,-9.763292745512231,1.1546793857336959,8.656114881127431,1.1546793857336959,1.0,1.0
2026-02-15 06:15:00,4.216,-8.473837607798796,1.0633258592309458,8.899244770147213,1.0633258592309458,1.0,1.0
2026-02-15 06:30:00,0.599,-8.170501757395686,0.1375312581972558,7.207412004743274,0.1375312581972558,1.0,1.0
2026-02-15 06:45:00,-0.037,-9.013705096918533,0.36399943341871216,8.487876845348813,0.36399943341871216,1.0,-1.0
2026-02-15 07:00:00,4.829,-14.648876920777049,0.48086552123442466,9.369119834116441,0.48086552123442466,1.0,1.0
2026-02-15 07:15:00,-0.063,-10.23242043651795,0.4684494276013766,8.824383752240328,0.4684494276013766,1.0,-1.0
2026-02-15 07:30:00,-1.279,-9.466171207460699,1.433939577347879,9.124202997179772,1.433939577347879,1.0,-1.0
2026-02-15 07:45:00,2.305,-10.813048846810444,1.9102784632339318,10.297382334026823,1.9102784632339318,1.0,1.0
2026-02-15 08:00:00,5.463,-9.886254099714838,-1.5228279587568025,10.978069628803004,-1.5228279587568025,-1.0,1.0
2026-02-15 08:15:00,3.193,-5.2716216749351705,0.7968096988663276,11.17450550535518,0.7968096988663276,1.0,1.0
2026-02-15 08:30:00,3.512,-4.998986826315312,0.31054990308559033,11.120648492283753,0.31054990308559033,1.0,1.0
2026-02-15 08:45:00,1.301,-5.098206449395128,2.748306854226513,15.74508646702222,2.748306854226513,1.0,1.0
2026-02-15 09:00:00,-6.203,-11.086764043671371,-1.200750140039781,10.495463990937857,-1.200750140039781,-1.0,-1.0
2026-02-15 09:15:00,-3.398,-9.717238082548537,1.1574431381982455,11.084873330581242,1.1574431381982455,1.0,-1.0
2026-02-15 09:30:00,-4.616,-7.679450205082673,-0.02187930050016527,12.335184564347227,-0.02187930050016527,-1.0,-1.0
2026-02-15 09:45:00,-2.551,-6.319142050989479,0.5845054257175235,15.98416547787174,0.5845054257175235,1.0,-1.0
2026-02-15 10:00:00,-1.36,-11.450471055928093,-3.520120437810483,9.722750581689933,-3.520120437810483,-1.0,-1.0
2026-02-15 10:15:00,-5.995,-7.283651692064939,-1.6473202156652549,11.783472542517805,-1.6473202156652549,-1.0,-1.0
2026-02-15 10:30:00,-1.696,-8.311953076253122,-0.8871443709106093,11.14002073962621,-0.8871443709106093,-1.0,-1.0
2026-02-15 10:45:00,-1.462,-8.735471096284556,0.4850160960712202,13.362112582964453,0.4850160960712202,1.0,-1.0
2026-02-15 11:00:00,-0.265,-11.626234388584365,-0.8428433393355149,11.362592267634247,-0.8428433393355149,-1.0,-1.0
2026-02-15 11:15:00,2.835,-7.65134207265068,-0.4982514808604721,11.278326813544401,-0.4982514808604721,-1.0,1.0
2026-02-15 11:30:00,-1.41,-6.426907430003283,1.2318741535177207,11.429535577101532,1.2318741535177207,1.0,-1.0
2026-02-15 11:45:00,-1.104,-4.8522024165727276,4.007404803639421,14.711514983732574,4.007404803639421,1.0,-1.0
2026-02-15 12:00:00,-2.187,-10.911112835021047,0.5522711205618438,10.924691286732598,0.5522711205618438,1.0,-1.0
2026-02-15 12:15:00,-4.994,-7.41697840583331,1.1093127787852235,10.608301163897622,1.1093127787852235,1.0,-1.0
2026-02-15 12:30:00,-1.124,-6.85185975285379,2.0153907156154998,9.622317655981119,2.0153907156154998,1.0,-1.0
2026-02-15 12:45:00,-4.796,-8.464448041706177,4.47298603780965,13.239529280412206,4.47298603780965,1.0,-1.0
2026-02-15 13:00:00,-1.464,-11.225307230503496,2.4783023811455345,12.13435408881848,2.4783023811455345,1.0,-1.0
2026-02-15 13:15:00,1.929,-8.207735546184493,1.8422730520774155,12.183776012274834,1.8422730520774155,1.0,1.0
2026-02-15 13:30:00,7.675,-9.880031879888364,2.8815476931246287,10.072455305791609,2.8815476931246287,1.0,1.0
2026-02-15 13:45:00,0.592,-9.929668303160769,2.4936652688590204,11.901873498010755,2.4936652688590204,1.0,1.0
2026-02-15 14:00:00,3.082,-12.53318501693893,0.48827974591475715,10.861322692768862,0.48827974591475715,1.0,1.0
2026-02-15 14:15:00,6.588,-11.59239230155296,1.9996019663258413,11.527400103375555,1.9996019663258413,1.0,1.0
2026-02-15 14:30:00,5.068,-9.665166609770079,1.7472337487926666,11.217635022235207,1.7472337487926666,1.0,1.0
2026-02-15 14:45:00,1.782,-9.160120374080451,4.138145368003881,14.997437132927017,4.138145368003881,1.0,1.0
2026-02-15 15:00:00,10.998,-8.041139195039571,1.5672618305921757,13.391104993460306,1.5672618305921757,1.0,1.0
2026-02-15 15:15:00,3.651,-5.247151992295648,3.3024022719523383,14.374237612098435,3.3024022719523383,1.0,1.0
2026-02-15 15:30:00,0.257,-7.115287905355172,2.438662612011388,14.201256064086216,2.438662612011388,1.0,1.0
2026-02-15 15:45:00,5.369,-8.067574892155072,2.3751214400380776,14.98446763504334,2.3751214400380776,1.0,1.0
2026-02-15 16:00:00,2.421,-8.754702116721006,1.829522746667198,15.317407409580628,1.829522746667198,1.0,1.0
2026-02-15 16:15:00,8.698,-8.239245844459253,3.489686073961698,14.346484943413202,3.489686073961698,1.0,1.0
2026-02-15 16:30:00,9.709,-8.117345972422,2.7135302353153588,10.847083431120595,2.7135302353153588,1.0,1.0
2026-02-15 16:45:00,13.062,-8.78608612457399,3.0083925194029484,13.077872395810896,3.0083925194029484,1.0,1.0
2026-02-15 17:00:00,15.745,-4.340678990968984,2.873258709280851,11.100569714119764,2.873258709280851,1.0,1.0
2026-02-15 17:15:00,1.667,-4.348896736442583,1.0619910223084146,9.314351679720527,1.0619910223084146,1.0,1.0
2026-02-15 17:30:00,5.035,-5.560243365118263,1.9858473363452764,7.20854649750779,1.9858473363452764,1.0,1.0
2026-02-15 17:45:00,0.332,-5.987836822497636,4.196742591355273,7.941321895154033,4.196742591355273,1.0,1.0
2026-02-15 18:00:00,-0.383,-6.827116366413195,0.2719942305900814,6.676244841101286,0.2719942305900814,1.0,-1.0
2026-02-15 18:15:00,-2.983,-4.183349395041507,1.1778620941363072,9.127111003890002,1.1778620941363072,1.0,-1.0
2026-02-15 18:30:00,-3.864,-5.578895355961762,0.47178332626655733,10.010569327721836,0.47178332626655733,1.0,-1.0
2026-02-15 18:45:00,-3.306,-5.7496316766977635,1.3806881405433853,11.656301793323301,1.3806881405433853,1.0,-1.0
2026-02-15 19:00:00,-6.066,-5.32849413258169,-0.33917588988200276,8.025348077445148,-0.33917588988200276,-1.0,-1.0
2026-02-15 19:15:00,-5.924,-4.663712259672494,-1.6816394429616213,7.465513556006665,-1.6816394429616213,-1.0,-1.0
2026-02-15 19:30:00,-2.902,-5.277763623644154,-1.5261267500036957,5.892971005230788,-1.5261267500036957,-1.0,-1.0
2026-02-15 19:45:00,0.735,-6.970245994702926,1.1113039623834746,7.089970375157361,1.1113039623834746,1.0,1.0
2026-02-15 20:00:00,-3.49,-10.501837591967318,-1.748655384889776,3.17265702815089,-1.748655384889776,-1.0,-1.0
2026-02-15 20:15:00,-5.579,-8.553278635305391,0.4757579240630425,1.3835132701607271,0.4757579240630425,1.0,-1.0
2026-02-15 20:30:00,-6.866,-9.228696140381613,-0.6403688068524138,1.5961285894249209,-0.6403688068524138,-1.0,-1.0
2026-02-15 20:45:00,-5.638,-10.310342244324785,-0.7410800230559502,2.6083969283073363,-0.7410800230559502,-1.0,-1.0
2026-02-15 21:00:00,-0.706,-12.614477761219513,-3.0187241094511523,0.5617029676514536,-3.0187241094511523,-1.0,-1.0
2026-02-15 21:15:00,-3.478,-10.01351522817249,-3.205594507876826,1.2763539323089321,-3.205594507876826,-1.0,-1.0
2026-02-15 21:30:00,0.493,-9.178823590344782,-1.1235116805363057,0.024388262813850755,-1.1235116805363057,-1.0,1.0
2026-02-15 21:45:00,1.457,-7.774614792676922,-0.8000180333508842,1.753278696997029,-0.8000180333508842,-1.0,1.0
2026-02-15 22:00:00,-1.262,-13.146530045471154,-2.0549854956193294,0.35438577726941767,-2.0549854956193294,-1.0,-1.0
2026-02-15 22:15:00,0.652,-12.658845737560931,-2.0467093082721375,-0.6601846495883896,-2.0467093082721375,-1.0,1.0
2026-02-15 22:30:00,-1.152,-10.809321514615611,-3.0082456345302084,-1.2742796492150115,-3.0082456345302084,-1.0,-1.0
2026-02-15 22:45:00,2.708,-10.716235413923247,-2.3580215505765048,0.5495560765587288,-2.3580215505765048,-1.0,1.0
2026-02-15 23:00:00,-7.884,-8.725659573769375,-4.405865988015399,-0.9521466655507927,-4.405865988015399,-1.0,-1.0
2026-02-15 23:15:00,-4.56,-8.589606133077679,-2.7367815431054545,-0.059908465069708434,-2.7367815431054545,-1.0,-1.0
2026-02-15 23:30:00,-12.068,-8.919622218285685,-2.4335649338896848,0.9026781626505783,-2.4335649338896848,-1.0,-1.0
2026-02-15 23:45:00,-3.927,-9.049820184304478,-0.9570168714293386,2.0561289308463095,-0.9570168714293386,-1.0,-1.0
2026-02-16 00:00:00,1.279,-8.802868123694472,-1.3515491029988016,1.1497875150755121,-1.3515491029988016,-1.0,1.0
2026-02-16 00:15:00,10.279,-8.257573755624575,-0.07475567855818425,2.995483163666236,-0.07475567855818425,-1.0,1.0
2026-02-16 00:30:00,10.713,-6.555456546623166,0.0071819069569711395,4.764738106508532,0.0071819069569711395,1.0,1.0
2026-02-16 00:45:00,7.556,-6.167642591018476,0.6292455782997924,5.518457698540107,0.6292455782997924,1.0,1.0
2026-02-16 01:00:00,13.062,-12.511260877298495,-3.168132414616958,1.3152210829753224,-3.168132414616958,-1.0,1.0
2026-02-16 01:15:00,12.371,-11.412581096510007,-2.374024637569966,0.6366669400134195,-2.374024637569966,-1.0,1.0
2026-02-16 01:30:00,16.974,-12.268199351233596,-2.7343504682715687,-0.6422694761264928,-2.7343504682715687,-1.0,1.0
2026-02-16 01:45:00,15.661,-9.410581751074329,-1.5744282627349313,1.2692737052747056,-1.5744282627349313,-1.0,1.0
2026-02-16 02:00:00,1.292,-8.431518924820564,-2.061302916538154,0.8075286287757245,-2.061302916538154,-1.0,1.0
2026-02-16 02:15:00,3.161,-4.326614999418564,0.2026979849173068,8.628879539367514,0.2026979849173068,1.0,1.0
2026-02-16 02:30:00,0.177,-4.021586938154887,2.975182387658364,9.88065785412567,2.975182387658364,1.0,1.0
2026-02-16 02:45:00,2.563,-2.807984022514539,2.780380703654306,8.561829560147642,2.780380703654306,1.0,1.0
2026-02-16 03:00:00,-2.709,-3.2484561981946993,2.5742145300736303,7.553575102628454,2.5742145300736303,1.0,-1.0
2026-02-16 03:15:00,-2.063,-1.7821044146500498,1.7483352934023286,10.2650324019565,1.7483352934023286,1.0,-1.0
2026-02-16 03:30:00,-5.524,-1.622386314649593,4.569631691426465,13.633162755452515,4.569631691426465,1.0,-1.0
2026-02-16 03:45:00,-4.858,-2.7732173928063513,1.0492243822840894,8.691000398740094,1.0492243822840894,1.0,-1.0
2026-02-16 04:00:00,-6.447,-4.087766398654616,1.1135052475195009,8.42977848160932,1.1135052475195009,1.0,-1.0
2026-02-16 04:15:00,-13.27,-3.01307601156231,-0.7561229689234649,6.119554074852455,-0.7561229689234649,-1.0,-1.0
2026-02-16 04:30:00,-14.93,-4.253269322623891,-0.16193339276495972,5.231993134852705,-0.16193339276495972,-1.0,-1.0
2026-02-16 04:45:00,-3.894,-5.137459552053695,-1.6415172190210514,3.6865611124318876,-1.6415172190210514,-1.0,-1.0
2026-02-16 05:00:00,-0.683,-5.2984846002279165,3.213832632987422,3.344738516627289,3.213832632987422,1.0,-1.0
2026-02-16 05:15:00,-2.073,-8.174234492364707,0.40949250125527004,2.7274967676296615,0.40949250125527004,1.0,-1.0
2026-02-16 05:30:00,-2.453,-11.104519501683491,-3.2601857537011942,1.6940190544969371,-3.2601857537011942,-1.0,-1.0
2026-02-16 05:45:00,-8.376,-11.585558346287801,-3.0205942051643895,1.5160524041905494,-3.0205942051643895,-1.0,-1.0
2026-02-16 06:00:00,-11.875,-11.902265363464844,-1.7319206879509754,2.677304923379837,-1.7319206879509754,-1.0,-1.0
2026-02-16 06:15:00,-1.014,-14.339696613122197,-3.408161374150148,1.0194510172111888,-3.408161374150148,-1.0,-1.0
2026-02-16 06:30:00,-5.936,-14.115333391939302,-4.162726236809936,-0.06070425327099822,-4.162726236809936,-1.0,-1.0
2026-02-16 06:45:00,-7.823,-14.005409633352276,-3.8006442314047004,0.4446336682449616,-3.8006442314047004,-1.0,-1.0
2026-02-16 07:00:00,-1.353,-13.196876187053181,-4.7622342086109635,1.1549158960597883,-4.7622342086109635,-1.0,-1.0
2026-02-16 07:15:00,-7.581,-9.717049363550485,-4.470333798992844,1.5981430236226408,-4.470333798992844,-1.0,-1.0
2026-02-16 07:30:00,1.542,-11.101883245090743,-4.092268722215396,1.1328743863624386,-4.092268722215396,-1.0,1.0
2026-02-16 07:45:00,-3.563,-12.80534119943223,-5.441676155117739,1.036871258492601,-5.441676155117739,-1.0,-1.0
2026-02-16 08:00:00,-0.233,-12.850176089272253,-7.560905123679549,0.06422121472402814,-7.560905123679549,-1.0,-1.0
2026-02-16 08:15:00,-1.264,-15.124802637341887,-7.3754872525914115,0.5068539041410225,-7.3754872525914115,-1.0,-1.0
2026-02-16 08:30:00,-6.095,-13.765183268422055,-8.417732963906007,0.3987382880488286,-8.417732963906007,-1.0,-1.0
2026-02-16 08:45:00,-7.638,-10.858615916671692,-4.974145283783037,4.523914458173515,-4.974145283783037,-1.0,-1.0
2026-02-16 09:00:00,6.181,-15.230163706183214,-7.650420065649767,1.2703352795064442,-7.650420065649767,-1.0,1.0
2026-02-16 09:15:00,1.017,-9.677479373925634,-5.224269280543132,1.8704040723451094,-5.224269280543132,-1.0,1.0
2026-02-16 09:30:00,6.796,-10.692260049735719,-5.897901381784968,2.2350578780475168,-5.897901381784968,-1.0,1.0
2026-02-16 09:45:00,2.922,-10.811422391168577,-4.19134094212533,2.5711633450319606,-4.19134094212533,-1.0,1.0
2026-02-16 10:00:00,16.411,-16.210994072843768,-5.790991374709438,0.5968469152360282,-5.790991374709438,-1.0,1.0
2026-02-16 10:15:00,10.716,-14.634028025131988,-6.747015690939774,-0.6718086256410009,-6.747015690939774,-1.0,1.0
2026-02-16 10:30:00,3.958,-14.63425864800558,-7.795220898113338,-1.8688943816977788,-7.795220898113338,-1.0,1.0
2026-02-16 10:45:00,-5.454,-10.583490852072343,-4.4018543436057485,4.733202375229,-4.4018543436057485,-1.0,-1.0
2026-02-16 11:00:00,-9.579,-10.753383866390447,-7.137787597541021,3.4739150327687494,-7.137787597541021,-1.0,-1.0
2026-02-16 11:15:00,-13.593,-8.22628333860445,-1.9385010605814519,7.571802693092566,-1.9385010605814519,-1.0,-1.0
2026-02-16 11:30:00,-13.216,-12.418036050349176,-2.952506840948902,7.176826396284896,-2.952506840948902,-1.0,-1.0
2026-02-16 11:45:00,-17.907,-9.471155470940296,0.6378680542886015,12.180609952203913,0.6378680542886015,1.0,-1.0
2026-02-16 12:00:00,-4.551,-9.931600533614176,-0.9259162227662323,10.489859984126277,-0.9259162227662323,-1.0,-1.0
2026-02-16 12:15:00,-1.723,-6.619004145125672,-0.11219937649737159,9.331978386054617,-0.11219937649737159,-1.0,-1.0
2026-02-16 12:30:00,-11.75,-10.122234783198405,-3.038520944661231,4.569732854622192,-3.038520944661231,-1.0,-1.0
2026-02-16 12:45:00,-5.664,-11.527723785958162,-4.501239911758528,2.970512790385894,-4.501239911758528,-1.0,-1.0
2026-02-16 13:00:00,6.026,-12.709411359558487,-4.442952058651276,0.8999738956313119,-4.442952058651276,-1.0,1.0
2026-02-16 13:15:00,-1.904,-12.821884056236282,-5.16229342462473,0.4498942459832771,-5.16229342462473,-1.0,-1.0
2026-02-16 13:30:00,-1.82,-14.20919484162571,-5.1696821268523685,3.667460823681866,-5.1696821268523685,-1.0,-1.0
2026-02-16 13:45:00,0.859,-8.655803269542739,-4.186935071602581,4.75621660300851,-4.186935071602581,-1.0,1.0
2026-02-16 14:00:00,-0.871,-8.966846520626532,-1.901399196883121,4.175689183088635,-1.901399196883121,-1.0,-1.0
2026-02-16 14:15:00,-0.787,-7.68126062485357,-2.5558064862972594,3.970548864517363,-2.5558064862972594,-1.0,-1.0
2026-02-16 14:30:00,1.846,-11.343198801304474,-5.159467319978844,3.218707374028778,-5.159467319978844,-1.0,1.0
2026-02-16 14:45:00,1.324,-8.304504222106653,-1.9681289734729186,8.290009459104787,-1.9681289734729186,-1.0,1.0
2026-02-16 15:00:00,-9.088,-10.212358568271656,-3.361217318677483,8.527554871887292,-3.361217318677483,-1.0,-1.0
2026-02-16 15:15:00,-17.615,-10.011938909198124,-3.6214448112644884,8.209933188731215,-3.6214448112644884,-1.0,-1.0
2026-02-16 15:30:00,-9.403,-10.73363904144851,-0.8869207727203072,8.52022356776541,-0.8869207727203072,-1.0,-1.0
2026-02-16 15:45:00,-11.255,-11.878933138159786,1.0072937726424276,8.887210761307157,1.0072937726424276,1.0,-1.0
2026-02-16 16:00:00,-11.969,-12.167674688174069,0.15668334100130904,5.942915918807302,0.15668334100130904,1.0,-1.0
2026-02-16 16:15:00,-5.013,-9.887862066710271,0.3560073527972533,5.607546733683725,0.3560073527972533,1.0,-1.0
2026-02-16 16:30:00,-3.307,-15.286621890572967,-0.47743007987884895,7.907070276924887,-0.47743007987884895,-1.0,-1.0
2026-02-16 16:45:00,-6.622,-10.643500792163094,-0.05858277011810313,5.903035377580275,-0.05858277011810313,-1.0,-1.0
2026-02-16 17:00:00,-4.684,-10.717064469444148,-2.9755039062852497,6.0166771231799325,-2.9755039062852497,-1.0,-1.0
2026-02-16 17:15:00,-9.309,-7.166550548308414,-3.7023786826993095,4.818765151732587,-3.7023786826993095,-1.0,-1.0
2026-02-16 17:30:00,-6.523,-7.566015036811262,-5.670117160989795,2.7548893454905117,-5.670117160989795,-1.0,-1.0
2026-02-16 17:45:00,-5.822,-9.060651161064854,-5.993258759938476,1.8808015348257046,-5.993258759938476,-1.0,-1.0
2026-02-16 18:00:00,-15.992,-12.05648051996667,-5.178335828896103,4.546964330939602,-5.178335828896103,-1.0,-1.0
2026-02-16 18:15:00,-12.581,-7.695196158207007,-4.0292420778418,4.719593542801309,-4.0292420778418,-1.0,-1.0
2026-02-16 18:30:00,-9.94,-10.863821722098685,-4.036364459813105,3.702748819997008,-4.036364459813105,-1.0,-1.0
2026-02-16 18:45:00,-10.939,-11.848092423554531,-4.547289112378958,2.6167239832692744,-4.547289112378958,-1.0,-1.0
2026-02-16 19:00:00,-13.717,-10.737444044991411,-6.77354412912201,-0.3775582624466617,-6.77354412912201,-1.0,-1.0
2026-02-16 19:15:00,-15.986,-11.188091341634996,-6.158414608738009,-1.0241215211864716,-6.158414608738009,-1.0,-1.0
2026-02-16 19:30:00,-15.137,-8.717434374792703,-6.603317055450664,-2.492357766716546,-6.603317055450664,-1.0,-1.0
2026-02-16 19:45:00,-5.102,-9.310517843472386,-5.83005376252738,-1.9664310317734623,-5.83005376252738,-1.0,-1.0
2026-02-16 20:00:00,-4.428,-11.471822795146801,-6.350708445140659,-1.7535448154466462,-6.350708445140659,-1.0,-1.0
2026-02-16 20:15:00,-7.979,-12.917272453751064,-7.8600156333065785,-1.6970208588872566,-7.8600156333065785,-1.0,-1.0
2026-02-16 20:30:00,-6.709,-14.269396670969735,-8.683659608604714,-1.3233824517971444,-8.683659608604714,-1.0,-1.0
2026-02-16 20:45:00,-1.112,-12.91120957158952,-7.954831983037171,0.10610114712722894,-7.954831983037171,-1.0,-1.0
2026-02-16 21:00:00,-6.726,-12.610122125640384,-10.690859888352435,-1.5653605595557627,-10.690859888352435,-1.0,-1.0
2026-02-16 21:15:00,-7.224,-11.053595544167571,-10.09135523952592,-2.0098543496027403,-10.09135523952592,-1.0,-1.0
2026-02-16 21:30:00,-14.287,-10.619079986058514,-9.45632601860282,-1.5297989665994332,-9.45632601860282,-1.0,-1.0
2026-02-16 21:45:00,-4.756,-8.97755847735856,-5.608508564397663,1.4493475969573075,-5.608508564397663,-1.0,-1.0
2026-02-16 22:00:00,-6.747,-13.253330499604083,-6.113068475119146,-0.08963199837160452,-6.113068475119146,-1.0,-1.0
2026-02-16 22:15:00,-4.344,-12.221723789830245,-5.689874904057677,-0.40728760627908395,-5.689874904057677,-1.0,-1.0
2026-02-16 22:30:00,-3.5,-10.978084769007088,-3.7451673137075394,-0.9935075751240793,-3.7451673137075394,-1.0,-1.0
2026-02-16 22:45:00,-0.922,-9.383472922285486,-3.0883153000751293,-0.2731882387935752,-3.0883153000751293,-1.0,-1.0
2026-02-16 23:00:00,4.722,-13.948721355193834,-6.6054203697196145,-1.3462795454508916,-6.6054203697196145,-1.0,1.0
2026-02-16 23:15:00,5.42,-12.881166241790195,-7.001846323596612,-1.2117456357230274,-7.001846323596612,-1.0,1.0
2026-02-16 23:30:00,2.878,-12.074775500986172,-6.387233100548209,-2.0297631317531915,-6.387233100548209,-1.0,1.0
2026-02-16 23:45:00,-2.855,-10.189727420144273,-3.837382841566701,-0.28481661456907387,-3.837382841566701,-1.0,-1.0
2026-02-17 00:00:00,-7.972,-9.769796248917212,-4.932695109044753,0.2351120919322258,-4.932695109044753,-1.0,-1.0
2026-02-17 00:15:00,-3.932,-7.8498229137386115,-3.868037214560533,-0.3653891185237546,-3.868037214560533,-1.0,-1.0
2026-02-17 00:30:00,-4.98,-8.157210759059932,-3.676601838812953,2.038609891816484,-3.676601838812953,-1.0,-1.0
2026-02-17 00:45:00,-3.666,-6.400139374571184,1.7574146315001729,5.101919961372881,1.7574146315001729,1.0,-1.0
2026-02-17 01:00:00,-15.529,-6.384060880950707,-1.6223837710602553,4.2453441796952625,-1.6223837710602553,-1.0,-1.0
2026-02-17 01:15:00,-8.397,-4.351692324504692,0.8873688751070037,6.0714599901653985,0.8873688751070037,1.0,-1.0
2026-02-17 01:30:00,-7.554,-3.8275452193077513,0.6787382456530096,4.7917912143715,0.6787382456530096,1.0,-1.0
2026-02-17 01:45:00,-3.946,-7.264336368093643,-0.7070453262857516,3.7820872683770475,-0.7070453262857516,-1.0,-1.0
2026-02-17 02:00:00,-12.458,-13.27897006788507,-5.914640360264885,-0.07082512217574624,-5.914640360264885,-1.0,-1.0
2026-02-17 02:15:00,-6.627,-10.659841194987658,-6.10463088124812,0.1723908778872172,-6.10463088124812,-1.0,-1.0
2026-02-17 02:30:00,-12.32,-11.043229720672851,-6.429999660713667,-0.5917099137480297,-6.429999660713667,-1.0,-1.0
2026-02-17 02:45:00,-9.649,-8.672865421251743,-4.6310094767851915,0.05851854025719671,-4.6310094767851915,-1.0,-1.0
2026-02-17 03:00:00,-2.907,-11.246152929536565,-5.16895449372058,-0.081510061579411,-5.16895449372058,-1.0,-1.0
2026-02-17 03:15:00,-1.261,-7.545748629310937,-4.000785061787681,-0.454995847553007,-4.000785061787681,-1.0,-1.0
2026-02-17 03:30:00,-0.578,-7.772395109634133,-4.500703224546439,0.11614679548423898,-4.500703224546439,-1.0,-1.0
2026-02-17 03:45:00,10.919,-8.297980607091471,-5.562361437819575,0.1766334457782944,-5.562361437819575,-1.0,1.0
2026-02-17 04:00:00,3.787,-7.584919193095669,-2.3277639126854686,1.7930841419597194,-2.3277639126854686,-1.0,1.0
2026-02-17 04:15:00,-1.699,-10.447179836136979,-1.18322539219636,1.4537144193684546,-1.18322539219636,-1.0,-1.0
2026-02-17 04:30:00,3.388,-11.670827302974889,-2.4847645376155296,1.4446797735706307,-2.4847645376155296,-1.0,1.0
2026-02-17 04:45:00,1.387,-6.614658029254223,-1.429572289418204,2.7267838045053785,-1.429572289418204,-1.0,1.0
2026-02-17 05:00:00,2.209,-6.1175071730927195,0.7823333302399038,1.90525744540503,0.7823333302399038,1.0,1.0
2026-02-17 05:15:00,4.25,-5.2853335299309325,-0.27391209861901694,1.4971159850168654,-0.27391209861901694,-1.0,1.0
2026-02-17 05:30:00,2.845,-3.9921311583988475,-0.1036114329151402,5.526663850801137,-0.1036114329151402,-1.0,1.0
2026-02-17 05:45:00,2.363,-3.3110696372007045,0.7133842497038532,7.1863611602238455,0.7133842497038532,1.0,1.0
2026-02-17 06:00:00,0.576,-8.189248287270138,2.5055602615138435,8.20978834971991,2.5055602615138435,1.0,1.0
2026-02-17 06:15:00,6.914,-6.138872097743486,-0.9327147120857906,6.140752439288057,-0.9327147120857906,-1.0,1.0
2026-02-17 06:30:00,5.102,-7.840281825699007,-1.6360109068238171,6.040117101972861,-1.6360109068238171,-1.0,1.0
2026-02-17 06:45:00,1.256,-8.532514987666532,-0.271443258245325,6.416171634056548,-0.271443258245325,-1.0,1.0
2026-02-17 07:00:00,-0.561,-8.562011257721679,2.117601807419873,6.5557768349924554,2.117601807419873,1.0,-1.0
2026-02-17 07:15:00,4.952,-6.900363815340424,0.39608766084344477,8.27864824166479,0.39608766084344477,1.0,1.0
2026-02-17 07:30:00,1.516,-6.134844819263085,0.12741260951585354,7.554594856988029,0.12741260951585354,1.0,1.0
2026-02-17 07:45:00,-3.424,-7.590237059363805,2.186169842714687,7.427239588797145,2.186169842714687,1.0,-1.0
2026-02-17 08:00:00,-14.098,-10.065551516807208,1.5368453554791655,8.940159947222215,1.5368453554791655,1.0,-1.0
2026-02-17 08:15:00,-16.799,-6.2497674344903835,1.3054707012756213,7.998767193629252,1.3054707012756213,1.0,-1.0
2026-02-17 08:30:00,-7.167,-5.346102748813599,2.3621511399842965,8.61238094988815,2.3621511399842965,1.0,-1.0
2026-02-17 08:45:00,-10.841,-6.618417316399456,2.0986410097534747,9.819061497316323,2.0986410097534747,1.0,-1.0
2026-02-17 09:00:00,-32.794,-9.777087516103776,1.9963863669172583,8.49210703820373,1.9963863669172583,1.0,-1.0
2026-02-17 09:15:00,-26.342,-7.259558151570724,1.639108467618383,7.9247762728626405,1.639108467618383,1.0,-1.0
2026-02-17 09:30:00,-12.22,-8.065083578073613,2.155259593025928,9.960163446430968,2.155259593025928,1.0,-1.0
2026-02-17 09:45:00,-10.513,-8.166292933472464,2.040203702845332,9.431547326118165,2.040203702845332,1.0,-1.0
2026-02-17 10:00:00,-0.423,-12.68050178116321,0.5285625440050937,5.997935090876343,0.5285625440050937,1.0,-1.0
2026-02-17 10:15:00,6.171,-9.237626830804862,1.3567525458184366,7.272803788099899,1.3567525458184366,1.0,1.0
2026-02-17 10:30:00,11.643,-10.608207497180164,1.0316344041905123,7.583008132344822,1.0316344041905123,1.0,1.0
2026-02-17 10:45:00,17.887,-15.323733195213066,-0.7281366220894376,7.220264406999038,-0.7281366220894376,-1.0,1.0
2026-02-17 11:00:00,4.294,-18.512968235609694,-3.337752620757934,9.28187553263213,-3.337752620757934,-1.0,1.0
2026-02-17 11:15:00,3.609,-17.79824234902112,-1.3131839888762273,8.921028466639823,-1.3131839888762273,-1.0,1.0
2026-02-17 11:30:00,14.083,-15.839689996322177,-1.8982676347758864,7.347477405046198,-1.8982676347758864,-1.0,1.0
2026-02-17 11:45:00,13.818,-15.111105252558241,-0.632369117395067,10.042631342073532,-0.632369117395067,-1.0,1.0
2026-02-17 12:00:00,13.898,-11.965593063747749,-0.6150918441696873,9.129079852718805,-0.6150918441696873,-1.0,1.0
2026-02-17 12:15:00,6.573,-4.915680691736488,1.2633371329040786,13.366256937547075,1.2633371329040786,1.0,1.0
2026-02-17 12:30:00,20.376,-5.537159377304398,1.6905898423722991,16.675514074276993,1.6905898423722991,1.0,1.0
2026-02-17 12:45:00,28.763,-6.858116815181808,1.832106445374473,16.23116451916409,1.832106445374473,1.0,1.0
2026-02-17 13:00:00,13.793,-11.021878521862282,0.6744969138625335,11.866898908910967,0.6744969138625335,1.0,1.0
2026-02-17 13:15:00,13.762,-8.293012080042548,1.9586104677953182,12.29174155469766,1.9586104677953182,1.0,1.0
2026-02-17 13:30:00,19.034,-6.540208369010811,2.6508994606073903,12.369073817908786,2.6508994606073903,1.0,1.0
2026-02-17 13:45:00,22.056,-4.762681037498603,3.097616248058028,15.564566928112416,3.097616248058028,1.0,1.0
2026-02-17 14:00:00,25.151,-8.729323196244334,1.5094544923086626,14.135723759209526,1.5094544923086626,1.0,1.0
2026-02-17 14:15:00,26.978,-3.035178998605982,3.9691935216123273,13.339685080234204,3.9691935216123273,1.0,1.0
2026-02-17 14:30:00,19.805,-1.0774932493856868,6.641161775613921,15.73912823476148,6.641161775613921,1.0,1.0
2026-02-17 14:45:00,13.732,-1.4314778801154995,6.572685929532979,12.179232395062876,6.572685929532979,1.0,1.0
2026-02-17 15:00:00,22.463,0.03808022836779562,3.9996046037317843,15.110940961529401,3.9996046037317843,1.0,1.0
2026-02-17 15:15:00,6.122,0.21804769369478963,4.147502960351341,12.09060106194455,4.147502960351341,1.0,1.0
2026-02-17 15:30:00,9.421,-0.9669275894098632,3.503944528168176,13.660199133051318,3.503944528168176,1.0,1.0
2026-02-17 15:45:00,15.736,0.0040566251466796575,3.826109958035098,15.171410438561805,3.826109958035098,1.0,1.0
2026-02-17 16:00:00,-0.608,0.061039319706130364,11.593123740732159,22.156415851906047,11.593123740732159,1.0,-1.0
2026-02-17 16:15:00,-8.108,-0.43434449992829355,7.897067113579148,18.03746512811969,7.897067113579148,1.0,-1.0
2026-02-17 16:30:00,6.931,-1.7230364192301377,2.04865457955988,13.88407644733914,2.04865457955988,1.0,1.0
2026-02-17 16:45:00,-0.459,-1.5996168416252032,2.657098944684209,13.211530989185196,2.657098944684209,1.0,-1.0
2026-02-17 17:00:00,-3.115,-0.8487049538409969,4.710625356375255,14.252876457444419,4.710625356375255,1.0,-1.0
2026-02-17 17:15:00,-7.335,-0.968635150564167,4.799632324393749,11.693489946698252,4.799632324393749,1.0,-1.0
2026-02-17 17:30:00,-11.411,-1.755188374867541,0.8692377897490435,11.751166425457342,0.8692377897490435,1.0,-1.0
2026-02-17 17:45:00,-2.575,-2.647088517279666,1.3668313205099367,7.9746470570776165,1.3668313205099367,1.0,-1.0
2026-02-17 18:00:00,1.365,-4.1054314617907774,1.2266342945558515,8.653643928195448,1.2266342945558515,1.0,1.0
2026-02-17 18:15:00,-0.586,-5.207557888523294,-0.6837765669110837,8.293357419659992,-0.6837765669110837,-1.0,-1.0
2026-02-17 18:30:00,7.493,-3.2204224942129698,1.3404160244452865,10.044690024501232,1.3404160244452865,1.0,1.0
2026-02-17 18:45:00,6.848,-3.556876779006551,2.6667465299868134,9.553846494719485,2.6667465299868134,1.0,1.0
2026-02-17 19:00:00,6.384,-3.7366504900574906,1.1443823000371276,6.538213076815369,1.1443823000371276,1.0,1.0
2026-02-17 19:15:00,7.528,-6.251697634157196,0.33863832017531376,6.399269487006785,0.33863832017531376,1.0,1.0
2026-02-17 19:30:00,5.506,-5.086948660798302,-0.06529218284350079,5.569143747878277,-0.06529218284350079,-1.0,1.0
2026-02-17 19:45:00,3.178,-4.114474732407217,1.4840931677142049,10.007845731189857,1.4840931677142049,1.0,1.0
2026-02-17 20:00:00,-5.529,-4.7979058163633495,2.8648612912630957,7.644637042574226,2.8648612912630957,1.0,-1.0
2026-02-17 20:15:00,2.634,-5.454893020069454,4.384784387326546,9.81033995636868,4.384784387326546,1.0,1.0
2026-02-17 20:30:00,-3.143,-1.6493828765338039,2.1756965787316416,9.245835832590588,2.1756965787316416,1.0,-1.0
2026-02-17 20:45:00,0.736,-1.5586770612926084,3.9136155898695164,12.427129218751864,3.9136155898695164,1.0,1.0
2026-02-17 21:00:00,1.723,-4.176959712625139,-0.22225732781325233,9.253142804486174,-0.22225732781325233,-1.0,1.0
2026-02-17 21:15:00,5.24,-1.415567756604049,-0.9772746934596623,10.313425490156698,-0.9772746934596623,-1.0,1.0
2026-02-17 21:30:00,7.466,-2.885537031553104,-0.6366686257748908,9.57951546933,-0.6366686257748908,-1.0,1.0
2026-02-17 21:45:00,11.06,-6.041998564354864,0.10832156006525046,9.663219109197582,0.10832156006525046,1.0,1.0
2026-02-17 22:00:00,10.255,-8.355611021925942,0.14827287169359477,5.112773068698861,0.14827287169359477,1.0,1.0
2026-02-17 22:15:00,3.938,-6.324995371001084,1.7268308737798377,5.495535811800474,1.7268308737798377,1.0,1.0
2026-02-17 22:30:00,6.612,-5.104803497273104,1.0553289960734362,5.77002411844542,1.0553289960734362,1.0,1.0
2026-02-17 22:45:00,9.31,-5.2690737246769626,1.9450734270161565,7.969841177184192,1.9450734270161565,1.0,1.0
2026-02-17 23:00:00,11.396,-6.793879746791622,0.7262841655485217,9.040898741041802,0.7262841655485217,1.0,1.0
2026-02-17 23:15:00,10.536,-1.8685026745378104,2.9503934156054727,10.228982678029878,2.9503934156054727,1.0,1.0
2026-02-17 23:30:00,14.017,-2.148370657391986,4.0306328849669,12.27670264755391,4.0306328849669,1.0,1.0
2026-02-17 23:45:00,13.306,0.7233311308307467,4.399974616649856,11.900519615319688,4.399974616649856,1.0,1.0
2026-02-18 00:00:00,31.657,-3.945610588914863,3.6871298651189157,9.724186068339467,3.6871298651189157,1.0,1.0
2026-02-18 00:15:00,24.233,-1.1664753334741857,3.636197580565055,9.800275805605176,3.636197580565055,1.0,1.0
2026-02-18 00:30:00,21.544,-1.065169933790548,3.9861779218822964,10.684428063730973,3.9861779218822964,1.0,1.0
2026-02-18 00:45:00,14.115,-0.5874282621265351,3.7246677419692897,11.406394367543987,3.7246677419692897,1.0,1.0
2026-02-18 01:00:00,9.04,-2.3584374019534016,3.2541178626869542,10.690359193088671,3.2541178626869542,1.0,1.0
2026-02-18 01:15:00,5.772,-0.2668665552840164,5.21556183617929,11.31178095573118,5.21556183617929,1.0,1.0
2026-02-18 01:30:00,6.33,0.20098525937121564,6.2955269935087,13.925602558272356,6.2955269935087,1.0,1.0
2026-02-18 01:45:00,5.227,0.8031566618854782,10.1203438999102,23.688585679155132,10.1203438999102,1.0,1.0
2026-02-18 02:00:00,4.323,0.5243740686065761,10.085891020133477,21.037936261132707,10.085891020133477,1.0,1.0
2026-02-18 02:15:00,6.983,1.5354840090159463,11.050528893177967,19.58923132619759,11.050528893177967,1.0,1.0
2026-02-18 02:30:00,12.866,0.5094625341047098,8.553265560371793,17.598913401713855,8.553265560371793,1.0,1.0
2026-02-18 02:45:00,15.648,0.34925121173574375,6.280309412087176,15.222594253232865,6.280309412087176,1.0,1.0
2026-02-18 03:00:00,9.679,0.01575042921855839,2.6387682866574758,10.255344315932748,2.6387682866574758,1.0,1.0
2026-02-18 03:15:00,9.869,-0.8575482084133801,3.5527476525072825,9.284873712979836,3.5527476525072825,1.0,1.0
2026-02-18 03:30:00,13.682,-1.815864815637008,3.541626232990257,9.36744178928091,3.541626232990257,1.0,1.0
2026-02-18 03:45:00,13.477,-1.6922036371669682,3.6565277457771406,9.351791864312593,3.6565277457771406,1.0,1.0
2026-02-18 04:00:00,11.242,-3.0023326171296403,4.27434427594079,8.853695907156865,4.27434427594079,1.0,1.0
2026-02-18 04:15:00,4.206,-2.069382620840636,3.8846599036378664,9.425100746595982,3.8846599036378664,1.0,1.0
2026-02-18 04:30:00,5.029,-2.3333737843647575,4.313084199654255,10.547278637771473,4.313084199654255,1.0,1.0
2026-02-18 04:45:00,5.857,-0.7605819537246349,4.392517095431418,11.227684227331283,4.392517095431418,1.0,1.0
2026-02-18 05:00:00,14.66,0.12020749025618732,9.847580578887568,11.089469739624807,9.847580578887568,1.0,1.0
2026-02-18 05:15:00,17.755,0.07457763815855295,9.557664668022356,12.455838413857137,9.557664668022356,1.0,1.0
2026-02-18 05:30:00,18.188,-1.301137392093731,8.230462354171843,12.421842733433909,8.230462354171843,1.0,1.0
2026-02-18 05:45:00,26.986,-1.2531630983402662,7.559310187603822,12.658143301449812,7.559310187603822,1.0,1.0
2026-02-18 06:00:00,13.799,-3.865127195499507,5.778128702075911,14.643851759079858,5.778128702075911,1.0,1.0
2026-02-18 06:15:00,9.179,-4.244124619273249,4.7926432197905235,11.580573422268222,4.7926432197905235,1.0,1.0
2026-02-18 06:30:00,13.96,-3.907538948320704,3.825311085721796,12.59216853477016,3.825311085721796,1.0,1.0
2026-02-18 06:45:00,16.446,-4.033364407140141,1.5128783573275846,12.33136489507467,1.5128783573275846,1.0,1.0
2026-02-18 07:00:00,0.475,-1.3061708710925455,4.1718649300846575,13.500158083721157,4.1718649300846575,1.0,1.0
2026-02-18 07:15:00,3.299,2.453546274569983,5.072246973805594,14.61701933878267,5.072246973805594,1.0,1.0
2026-02-18 07:30:00,10.117,2.8353180461440024,6.803003242539382,17.75617760992772,6.803003242539382,1.0,1.0
2026-02-18 07:45:00,14.827,-0.5452286740582813,7.647102498039683,12.99512853638607,7.647102498039683,1.0,1.0
2026-02-18 08:00:00,23.379,-4.072370347347129,2.1259897227295084,12.107330979383487,2.1259897227295084,1.0,1.0
2026-02-18 08:15:00,24.098,-0.505654378510897,3.0495194831918546,13.33465790486947,3.0495194831918546,1.0,1.0
2026-02-18 08:30:00,22.393,-1.5880034334136244,4.595141045593654,16.454249598125656,4.595141045593654,1.0,1.0
2026-02-18 08:45:00,30.426,-2.4590257999238334,5.073815249495344,14.480030697027633,5.073815249495344,1.0,1.0
2026-02-18 09:00:00,22.694,-9.342858951117542,0.05084977229174696,9.47749831053063,0.05084977229174696,1.0,1.0
2026-02-18 09:15:00,19.407,-2.447719790744231,2.699054860556771,12.422403962518219,2.699054860556771,1.0,1.0
2026-02-18 09:30:00,8.942,-1.6286680148827086,2.408435012637151,14.327580813632311,2.408435012637151,1.0,1.0
2026-02-18 09:45:00,8.275,0.8084130457588611,8.35759042601781,22.424067064897116,8.35759042601781,1.0,1.0
2026-02-18 10:00:00,6.677,2.564144282524892,11.321233246716046,24.853472802519544,11.321233246716046,1.0,1.0
2026-02-18 10:15:00,3.316,2.362952482176683,13.744105281928727,28.621363927924534,13.744105281928727,1.0,1.0
2026-02-18 10:30:00,9.852,1.1092282290069455,15.434218032672458,24.596178914627252,15.434218032672458,1.0,1.0
2026-02-18 10:45:00,0.387,0.2344528122284194,15.044080341002832,28.46548226470165,15.044080341002832,1.0,1.0
2026-02-18 11:00:00,0.075,1.210892392941188,15.414926896561647,22.83247896806407,15.414926896561647,1.0,1.0
2026-02-18 11:15:00,-10.318,-0.046918570865358146,10.960240370145659,18.853636105189462,10.960240370145659,1.0,-1.0
2026-02-18 11:30:00,-9.671,0.030988742027327053,10.994945036085658,17.445552886924396,10.994945036085658,1.0,-1.0
2026-02-18 11:45:00,-16.07,-1.94984885896541,7.7023422194937865,17.761114062189804,7.7023422194937865,1.0,-1.0
2026-02-18 12:00:00,-17.347,-8.344278165044395,5.060197277688043,17.330302802865493,5.060197277688043,1.0,-1.0
2026-02-18 12:15:00,-21.453,-6.706835824864112,7.153843630457936,16.3479922563725,7.153843630457936,1.0,-1.0
2026-02-18 12:30:00,-15.942,-3.689976334829107,5.821503805489026,17.074680064189465,5.821503805489026,1.0,-1.0
2026-02-18 12:45:00,-26.3,-3.0033312341428053,7.038869864338964,19.19804185036779,7.038869864338964,1.0,-1.0
2026-02-18 13:00:00,-16.248,-7.558253845459752,1.2022772142641416,10.189585797387403,1.2022772142641416,1.0,-1.0
2026-02-18 13:15:00,-10.903,-8.453629796704988,0.3144854794815582,10.549447369480326,0.3144854794815582,1.0,-1.0
2026-02-18 13:30:00,-5.954,-8.382115113635585,2.6478766661470834,11.159160520179693,2.6478766661470834,1.0,-1.0
2026-02-18 13:45:00,-5.796,-8.413603267774324,1.783188546452802,10.886657020034832,1.783188546452802,1.0,-1.0
2026-02-18 14:00:00,5.106,-13.22639527509189,1.842238134446566,12.922057570146135,1.842238134446566,1.0,1.0
2026-02-18 14:15:00,9.027,-12.233626739951852,0.8043998779406838,11.071060409618951,0.8043998779406838,1.0,1.0
2026-02-18 14:30:00,15.018,-12.549152256535667,-0.7209544619235174,10.222398134693565,-0.7209544619235174,-1.0,1.0
2026-02-18 14:45:00,3.93,-12.714026817871938,-2.1825096141472073,8.88713374755253,-2.1825096141472073,-1.0,1.0
2026-02-18 15:00:00,18.799,-11.28372940115719,-0.006586785123958589,16.789222265394596,-0.006586785123958589,-1.0,1.0
2026-02-18 15:15:00,15.802,-12.074743279841877,-0.045126540011572625,13.963830206898724,-0.045126540011572625,-1.0,1.0
2026-02-18 15:30:00,17.982,-14.634689011894187,-0.2501454911401831,14.077915672546592,-0.2501454911401831,-1.0,1.0
2026-02-18 15:45:00,18.006,-11.92210643172012,2.209645422163746,14.988989560577624,2.209645422163746,1.0,1.0
2026-02-18 16:00:00,16.852,-8.60833261589591,3.5199324726573047,13.951741988965924,3.5199324726573047,1.0,1.0
2026-02-18 16:15:00,14.446,-7.854449357551281,2.9098823595289987,14.482181533198364,2.9098823595289987,1.0,1.0
2026-02-18 16:30:00,26.483,-7.142858024458364,2.7313787663849713,12.978836974457309,2.7313787663849713,1.0,1.0
2026-02-18 16:45:00,24.113,-6.010878503684921,3.0723105454212347,12.367234704076019,3.0723105454212347,1.0,1.0
2026-02-18 17:00:00,35.076,-2.7412437999737347,4.999524539346662,14.526145409114477,4.999524539346662,1.0,1.0
2026-02-18 17:15:00,21.481,-2.712823932574019,5.087650380287802,13.930780627381361,5.087650380287802,1.0,1.0
2026-02-18 17:30:00,14.921,-2.805427768421864,2.0884387834285754,13.25414904832978,2.0884387834285754,1.0,1.0
2026-02-18 17:45:00,10.818,-3.042771473012785,1.661332419291156,12.747632936661676,1.661332419291156,1.0,1.0
2026-02-18 18:00:00,-10.075,-1.5298625968923059,1.3311315435787159,12.876824657356954,1.3311315435787159,1.0,-1.0
2026-02-18 18:15:00,-12.295,-0.3167170102935153,1.7567824604530269,14.028146433025695,1.7567824604530269,1.0,-1.0
2026-02-18 18:30:00,-4.797,0.3000114182641227,1.7915123233276815,11.615742175223495,1.7915123233276815,1.0,-1.0
2026-02-18 18:45:00,0.374,-1.6332653888396966,4.958781023166656,15.219637544984705,4.958781023166656,1.0,1.0
2026-02-18 19:00:00,-1.975,-2.0378019689519316,5.471840132695817,17.44309654485671,5.471840132695817,1.0,-1.0
2026-02-18 19:15:00,-2.766,-1.7746590159655693,0.4641374569150333,12.264051879377686,0.4641374569150333,1.0,-1.0
2026-02-18 19:30:00,0.178,-2.622570409472745,2.4265625244633107,12.281806001880781,2.4265625244633107,1.0,1.0
2026-02-18 19:45:00,0.568,-3.826635002823676,4.2548968919490004,11.332486444639423,4.2548968919490004,1.0,1.0
2026-02-18 20:00:00,1.025,-10.17152858099418,-1.593461950434544,8.373476305941772,-1.593461950434544,-1.0,1.0
2026-02-18 20:15:00,-5.499,-6.472289313816521,-1.4155211552336402,8.713045043453953,-1.4155211552336402,-1.0,-1.0
2026-02-18 20:30:00,0.508,-2.4224371696145415,1.4933368730310015,8.042562770893525,1.4933368730310015,1.0,1.0
2026-02-18 20:45:00,-1.319,-3.20422145769751,4.849254377301387,12.268990419955982,4.849254377301387,1.0,-1.0
2026-02-18 21:00:00,-2.145,-6.930695824273843,3.118660834819015,7.90711442786408,3.118660834819015,1.0,-1.0
2026-02-18 21:15:00,-0.932,-3.116285340924691,2.9037798553637,8.799077570279211,2.9037798553637,1.0,-1.0
2026-02-18 21:30:00,-6.858,-3.9260238982167577,2.5087344186935026,7.528107474033496,2.5087344186935026,1.0,-1.0
2026-02-18 21:45:00,2.89,-1.5959216560121117,4.601324197533169,12.003333691121806,4.601324197533169,1.0,1.0
2026-02-18 22:00:00,-3.759,-6.742255825096161,2.39098008835298,6.687844165183137,2.39098008835298,1.0,-1.0
2026-02-18 22:15:00,-4.983,-4.9833633210399935,0.6962223694322804,4.939234158522642,0.6962223694322804,1.0,-1.0
2026-02-18 22:30:00,-5.415,-4.811369329286858,0.37384399411526487,4.352669254612042,0.37384399411526487,1.0,-1.0
2026-02-18 22:45:00,3.957,-4.100916163668516,1.0778273965265064,8.04252089676011,1.0778273965265064,1.0,1.0
2026-02-18 23:00:00,10.846,-6.408216780332997,1.624049448395971,4.666367498384199,1.624049448395971,1.0,1.0
2026-02-18 23:15:00,10.08,-4.660706367953007,1.3278083948457216,3.828178619785469,1.3278083948457216,1.0,1.0
2026-02-18 23:30:00,8.101,-4.326240084722658,1.572076475692806,5.579701536879815,1.572076475692806,1.0,1.0
2026-02-18 23:45:00,7.7,-4.219005661845986,3.491692281022631,6.628089652343404,3.491692281022631,1.0,1.0
2026-02-19 00:00:00,7.844,-7.078699348327959,2.306228535715095,5.319414734270242,2.306228535715095,1.0,1.0
2026-02-19 00:15:00,11.34,-3.7269928299068464,1.8429231260616588,5.880347004266136,1.8429231260616588,1.0,1.0
2026-02-19 00:30:00,8.119,-2.590088434444953,1.5353680939280328,7.267057227314747,1.5353680939280328,1.0,1.0
2026-02-19 00:45:00,8.268,-1.9164442660130925,4.371768065762183,12.133249297321408,4.371768065762183,1.0,1.0
2026-02-19 01:00:00,4.784,-5.510733677536059,2.9841975152309668,10.168053006997402,2.9841975152309668,1.0,1.0
2026-02-19 01:15:00,5.097,-1.547826724641376,3.7774003883033447,11.576424833322076,3.7774003883033447,1.0,1.0
2026-02-19 01:30:00,3.566,-1.7550264650092489,1.9828811511399254,10.316987783163656,1.9828811511399254,1.0,1.0
2026-02-19 01:45:00,12.509,-2.2265787874832594,2.4425534254489043,11.844383213599377,2.4425534254489043,1.0,1.0
2026-02-19 02:00:00,7.37,-2.012856152982091,0.950656001539733,11.408860092577564,0.950656001539733,1.0,1.0
2026-02-19 02:15:00,8.3,-1.6007113337397905,1.7489375782553425,12.045200225094012,1.7489375782553425,1.0,1.0
2026-02-19 02:30:00,7.722,-2.7234433970750866,1.9333031998948504,13.050122744890405,1.9333031998948504,1.0,1.0
2026-02-19 02:45:00,6.793,-1.428670678046846,3.4524046165579994,14.17421444434575,3.4524046165579994,1.0,1.0
2026-02-19 03:00:00,10.333,-3.1599005484590497,1.593810922834117,11.521992109585472,1.593810922834117,1.0,1.0
2026-02-19 03:15:00,10.051,-2.83891246779308,2.185082777940877,10.72041781846812,2.185082777940877,1.0,1.0
2026-02-19 03:30:00,10.239,0.5493867858680606,2.137414114301404,13.102623767580027,2.137414114301404,1.0,1.0
2026-02-19 03:45:00,10.771,0.6984777703761264,2.4778152637896693,12.818084018986069,2.4778152637896693,1.0,1.0
2026-02-19 04:00:00,2.276,-0.6908320938253304,1.7715088421950806,11.085691990383776,1.7715088421950806,1.0,1.0
2026-02-19 04:15:00,2.0,-0.5530988486029095,1.5793817884048849,9.598212677219836,1.5793817884048849,1.0,1.0
2026-02-19 04:30:00,5.266,-2.9758328824924116,1.309460369040988,9.812572008302231,1.309460369040988,1.0,1.0
2026-02-19 04:45:00,4.466,-2.827625626183965,2.2487233994666393,10.794183304224404,2.2487233994666393,1.0,1.0
2026-02-19 05:00:00,11.227,0.48510661858314574,5.530840369163175,12.843731619873376,5.530840369163175,1.0,1.0
2026-02-19 05:15:00,14.029,1.0878712749347865,5.691468623106537,14.240881874927128,5.691468623106537,1.0,1.0
2026-02-19 05:30:00,11.474,-0.5185303728437167,5.622323259806434,13.126422998198516,5.622323259806434,1.0,1.0
2026-02-19 05:45:00,8.442,-0.27263317757093697,4.809023237202523,13.398902318842945,4.809023237202523,1.0,1.0
2026-02-19 06:00:00,15.653,-1.7491334856773393,5.710189082364608,17.17664644547814,5.710189082364608,1.0,1.0
2026-02-19 06:15:00,16.548,-3.461137685255438,2.6455571869582744,8.977498155453954,2.6455571869582744,1.0,1.0
2026-02-19 06:30:00,9.613,-4.711923139595875,2.4036948943141003,10.5063910816706,2.4036948943141003,1.0,1.0
2026-02-19 06:45:00,9.987,-3.9335677046392377,4.045791910745654,15.873712183159807,4.045791910745654,1.0,1.0
2026-02-19 07:00:00,3.282,-2.6098505961308462,1.0089403636423806,12.237366142162028,1.0089403636423806,1.0,1.0
2026-02-19 07:15:00,3.75,-1.0324348210449843,2.64691123578057,12.37195703587187,2.64691123578057,1.0,1.0
2026-02-19 07:30:00,6.414,-0.7892442438864944,4.474696047763732,13.181491742840747,4.474696047763732,1.0,1.0
2026-02-19 07:45:00,22.6,0.16099091263097814,6.9194717170815565,16.54910941390182,6.9194717170815565,1.0,1.0
2026-02-19 08:00:00,32.676,-1.7102940917394542,9.002828701873728,17.844083743176252,9.002828701873728,1.0,1.0
2026-02-19 08:15:00,24.787,-0.29380935633960975,7.198302206005672,17.327711293452897,7.198302206005672,1.0,1.0
2026-02-19 08:30:00,21.576,-2.0826219950680813,5.396555758683398,18.76272034375167,5.396555758683398,1.0,1.0
2026-02-19 08:45:00,20.063,-3.1096657658091567,6.575106078278685,17.63683611184227,6.575106078278685,1.0,1.0
2026-02-19 09:00:00,6.39,-5.864961301289188,4.708883037905174,16.03693608177306,4.708883037905174,1.0,1.0
2026-02-19 09:15:00,-0.754,-5.318964383828219,3.8302038250184194,13.704656479940581,3.8302038250184194,1.0,-1.0
2026-02-19 09:30:00,-4.09,-2.5949833161847375,4.12028342729864,15.37226078231126,4.12028342729864,1.0,-1.0
2026-02-19 09:45:00,-5.886,0.2665807201287083,8.411372928288847,21.176666188719455,8.411372928288847,1.0,-1.0
2026-02-19 10:00:00,-0.962,-1.404049393608512,10.180791013441857,21.172945779878006,10.180791013441857,1.0,-1.0
2026-02-19 10:15:00,2.727,-3.993239458618578,6.814232609491163,20.178442300293842,6.814232609491163,1.0,1.0
2026-02-19 10:30:00,-7.758,-2.174105454852267,9.871943285077093,19.24645220744033,9.871943285077093,1.0,-1.0
2026-02-19 10:45:00,-7.235,-1.7844683320021357,5.278574717124954,19.679089614293893,5.278574717124954,1.0,-1.0
2026-02-19 11:00:00,-1.599,-8.370776658335252,5.125414431829254,12.564480275448997,5.125414431829254,1.0,-1.0
2026-02-19 11:15:00,-2.677,-10.101858905033867,3.9789923736340165,12.659091449188955,3.9789923736340165,1.0,-1.0
2026-02-19 11:30:00,-1.306,-9.936127356207047,3.3669430198451797,11.181944916669746,3.3669430198451797,1.0,-1.0
2026-02-19 11:45:00,-0.908,-10.533449539013187,2.430343457165229,11.280244487029256,2.430343457165229,1.0,-1.0
2026-02-19 12:00:00,1.879,-11.716933186732096,2.557977047451724,12.45501874705199,2.557977047451724,1.0,1.0
2026-02-19 12:15:00,2.499,-9.63737887237754,1.9506615691640206,11.92552041298218,1.9506615691640206,1.0,1.0
2026-02-19 12:30:00,-1.503,-7.616155549480745,0.20743299648744085,10.849965832614345,0.20743299648744085,1.0,-1.0
2026-02-19 12:45:00,0.193,-9.274825668867352,0.8669511840836694,11.63886332000782,0.8669511840836694,1.0,1.0
2026-02-19 13:00:00,-11.612,-11.047867667059704,-2.2152920550912425,7.728460015777644,-2.2152920550912425,-1.0,-1.0
2026-02-19 13:15:00,-12.872,-9.057649189407469,-0.8603707397459788,8.631471194409615,-0.8603707397459788,-1.0,-1.0
2026-02-19 13:30:00,-23.891,-7.364759060857324,-0.8258157305702061,9.966673857690175,-0.8258157305702061,-1.0,-1.0
2026-02-19 13:45:00,-12.861,-6.574005052217291,0.5113577902712052,12.110100405084467,0.5113577902712052,1.0,-1.0
2026-02-19 14:00:00,2.024,-7.253775684051536,0.7918285152528606,12.166389241634342,0.7918285152528606,1.0,1.0
2026-02-19 14:15:00,4.84,-6.761593634945482,0.004098417640559764,11.869799342248596,0.004098417640559764,1.0,1.0
2026-02-19 14:30:00,1.817,-8.249534417583517,-0.030594804989818015,10.129879085487616,-0.030594804989818015,-1.0,1.0
2026-02-19 14:45:00,5.353,-8.955080552968145,-1.393335846661819,8.242148729121464,-1.393335846661819,-1.0,1.0
2026-02-19 15:00:00,12.755,-8.767025552708521,-2.4931137216084958,9.623745053541537,-2.4931137216084958,-1.0,1.0
2026-02-19 15:15:00,7.174,-10.988830433524841,-3.945860608924588,5.420941582836027,-3.945860608924588,-1.0,1.0
2026-02-19 15:30:00,6.259,-9.113352766553632,-3.0571319972903592,6.106196424014573,-3.0571319972903592,-1.0,1.0
2026-02-19 15:45:00,1.58,-5.389147328340726,-1.4179830512886684,7.8313144271227735,-1.4179830512886684,-1.0,1.0
2026-02-19 16:00:00,3.439,-7.42588700267984,0.8123978900569275,11.070128871452217,0.8123978900569275,1.0,1.0
2026-02-19 16:15:00,-1.657,-6.028915358776662,-0.826496180338703,10.613742870441774,-0.826496180338703,-1.0,-1.0
2026-02-19 16:30:00,8.124,-5.08887807235223,0.955376987616509,12.144636984278325,0.955376987616509,1.0,1.0
2026-02-19 16:45:00,-3.837,-4.7261915453007415,1.9164346707343578,15.254368382081411,1.9164346707343578,1.0,-1.0
2026-02-19 17:00:00,-25.533,-2.936588419212101,1.5838758768883268,16.84017925231,1.5838758768883268,1.0,-1.0
2026-02-19 17:15:00,-22.495,-1.1402472901425154,2.433266550368835,16.225906611377475,2.433266550368835,1.0,-1.0
2026-02-19 17:30:00,-24.394,-3.2249954481162613,1.061821778956384,12.24836394661456,1.061821778956384,1.0,-1.0
2026-02-19 17:45:00,-20.977,-2.025873395892044,2.994099381930539,15.11469476401152,2.994099381930539,1.0,-1.0
2026-02-19 18:00:00,-15.426,-5.098092738024241,-0.47370103865215685,7.719357664247892,-0.47370103865215685,-1.0,-1.0
2026-02-19 18:15:00,-9.798,-4.974225636363405,1.472099014228843,8.521073373395705,1.472099014228843,1.0,-1.0
2026-02-19 18:30:00,-0.918,-2.404303973976392,0.844841575986413,10.16254446539361,0.844841575986413,1.0,-1.0
2026-02-19 18:45:00,0.641,-8.422579146055476,0.14549125732518806,8.538028358822295,0.14549125732518806,1.0,1.0
2026-02-19 19:00:00,-5.011,-12.780020224289727,-1.2546543489448339,5.333727805412937,-1.2546543489448339,-1.0,-1.0
2026-02-19 19:15:00,3.038,-12.741210134351002,-3.665003880145584,3.8615909388641407,-3.665003880145584,-1.0,1.0
2026-02-19 19:30:00,0.724,-13.092573676573402,-2.763974987236265,4.36157469732536,-2.763974987236265,-1.0,1.0
2026-02-19 19:45:00,-9.147,-13.98905155732889,-1.9367613072561238,6.67418833461012,-1.9367613072561238,-1.0,-1.0
2026-02-19 20:00:00,3.002,-10.813531912016172,-1.8739891381750473,4.543281943520589,-1.8739891381750473,-1.0,1.0
2026-02-19 20:15:00,1.671,-6.759655634967559,0.09620093416805096,4.895870061999836,0.09620093416805096,1.0,1.0
2026-02-19 20:30:00,0.315,-6.4683527912428795,-1.356097640064826,4.565804517157843,-1.356097640064826,-1.0,1.0
2026-02-19 20:45:00,11.476,-8.045863190826367,0.8167952857076162,7.721135644104199,0.8167952857076162,1.0,1.0
2026-02-19 21:00:00,2.402,-7.913882026227308,-1.2133598397853727,5.24481680754115,-1.2133598397853727,-1.0,1.0
2026-02-19 21:15:00,3.162,-4.494727218808546,-0.36299713197046896,3.576765296339522,-0.36299713197046896,-1.0,1.0
2026-02-19 21:30:00,2.855,-10.326208811959482,-2.013921367387008,3.353565622589797,-2.013921367387008,-1.0,1.0
2026-02-19 21:45:00,3.174,-5.2048802660903,-0.09079832701296013,7.1849504597371245,-0.09079832701296013,-1.0,1.0
2026-02-19 22:00:00,2.089,-9.06311785210985,-2.823315452116587,4.123308853417621,-2.823315452116587,-1.0,1.0
2026-02-19 22:15:00,-1.192,-6.890592362235782,-1.0853620293922877,1.7840141200782755,-1.0853620293922877,-1.0,-1.0
2026-02-19 22:30:00,-3.683,-4.365977683718675,-0.9898594409576642,4.882084985754134,-0.9898594409576642,-1.0,-1.0
2026-02-19 22:45:00,-4.956,-3.7255588892159635,1.481327531702602,7.738189604656748,1.481327531702602,1.0,-1.0
2026-02-19 23:00:00,-0.477,-7.251380492964897,-0.9453170442949119,7.090526814268031,-0.9453170442949119,-1.0,-1.0
2026-02-19 23:15:00,2.643,-4.528021790598446,0.005241409021988561,6.914719842676583,0.005241409021988561,1.0,1.0
2026-02-19 23:30:00,0.881,-6.820313472859185,1.0123541958049667,7.720804558443743,1.0123541958049667,1.0,1.0
2026-02-19 23:45:00,-2.428,-3.4177419395185336,2.7122553712790722,9.16615039835492,2.7122553712790722,1.0,-1.0
2026-02-20 00:00:00,-0.897,-7.01163398585947,0.09701736260509755,7.413042243782681,0.09701736260509755,1.0,-1.0
2026-02-20 00:15:00,4.789,-4.234635803480739,1.6103792813771758,7.54293982725728,1.6103792813771758,1.0,1.0
2026-02-20 00:30:00,-0.437,-5.777402382677651,0.6975972789617728,8.908326526806158,0.6975972789617728,1.0,-1.0
2026-02-20 00:45:00,3.197,-4.988847432136823,1.5647353622272937,9.339218217257196,1.5647353622272937,1.0,1.0
2026-02-20 01:00:00,-3.132,-7.906544068134455,0.7620127272294259,8.456667162816615,0.7620127272294259,1.0,-1.0
2026-02-20 01:15:00,0.787,-4.875950431672488,1.1470996809538634,8.45571954575222,1.1470996809538634,1.0,1.0
2026-02-20 01:30:00,3.455,-3.982680622962022,1.167022155080246,9.061866282957935,1.167022155080246,1.0,1.0
2026-02-20 01:45:00,7.403,-6.329639491237153,1.8469421964656751,9.631709986488783,1.8469421964656751,1.0,1.0
2026-02-20 02:00:00,0.008,-7.0722838640198225,1.1506673854739515,6.599486978532074,1.1506673854739515,1.0,1.0
2026-02-20 02:15:00,8.213,-4.197303889670551,2.1870206125955547,6.868797530806675,2.1870206125955547,1.0,1.0
2026-02-20 02:30:00,-1.101,-6.338690402248654,2.0682689290996574,7.521299958117773,2.0682689290996574,1.0,-1.0
2026-02-20 02:45:00,-0.541,-3.682940128195522,1.547712765481886,8.487611652439279,1.547712765481886,1.0,-1.0
2026-02-20 03:00:00,-4.953,-5.485104544279475,1.6778134501735162,8.159940463833998,1.6778134501735162,1.0,-1.0
2026-02-20 03:15:00,-4.568,-2.836328561025169,1.6796719753771143,7.866200243657186,1.6796719753771143,1.0,-1.0
2026-02-20 03:30:00,-3.399,-2.322742736132406,3.421872212195114,9.022443134978047,3.421872212195114,1.0,-1.0
2026-02-20 03:45:00,-7.023,-2.784125410574059,2.510389508688642,9.456714075990627,2.510389508688642,1.0,-1.0
2026-02-20 04:00:00,-5.645,-2.5099653133853863,5.442006792675481,11.129786765086173,5.442006792675481,1.0,-1.0
2026-02-20 04:15:00,0.928,-3.9804398164102794,2.2946323990566477,9.342067278568017,2.2946323990566477,1.0,1.0
2026-02-20 04:30:00,-5.209,-4.2222787455098425,2.3871034005625695,7.5658555700987655,2.3871034005625695,1.0,-1.0
2026-02-20 04:45:00,-1.288,-5.370955936440388,0.9665522104389848,7.325035930632899,0.9665522104389848,1.0,-1.0
2026-02-20 05:00:00,-0.551,-6.048392519707519,2.6388250806663045,8.261598290035506,2.6388250806663045,1.0,-1.0
2026-02-20 05:15:00,4.608,-2.5613051568147394,2.731783347323486,7.472061657898745,2.731783347323486,1.0,1.0
2026-02-20 05:30:00,6.114,-4.396151703417498,2.3923140971407686,5.201077371596428,2.3923140971407686,1.0,1.0
2026-02-20 05:45:00,9.518,-3.961225712659171,1.7270251856105605,5.673104425003864,1.7270251856105605,1.0,1.0
2026-02-20 06:00:00,12.343,-5.850272590788167,2.874398603938414,9.99193017838527,2.874398603938414,1.0,1.0
2026-02-20 06:15:00,0.916,-3.756429059632858,0.8805160089077995,5.996101770761453,0.8805160089077995,1.0,1.0
2026-02-20 06:30:00,5.901,-7.474756433758326,1.6673849950772763,6.3223421429349616,1.6673849950772763,1.0,1.0
2026-02-20 06:45:00,-0.326,-5.78070924824226,1.576023866078839,8.36706305890548,1.576023866078839,1.0,-1.0
2026-02-20 07:00:00,-4.665,-7.178265293294969,0.12268799026360794,6.818105833278482,0.12268799026360794,1.0,-1.0
2026-02-20 07:15:00,-7.276,-3.33626020941431,2.8486016130858305,10.856132151456158,2.8486016130858305,1.0,-1.0
2026-02-20 07:30:00,-2.748,-3.8035457570089046,3.6919273231713943,11.125495944906438,3.6919273231713943,1.0,-1.0
2026-02-20 07:45:00,4.074,-1.7192339897976003,4.951956169665018,15.143833940728852,4.951956169665018,1.0,1.0
2026-02-20 08:00:00,16.658,-5.415713879219295,5.640753478303583,13.31551208162628,5.640753478303583,1.0,1.0
2026-02-20 08:15:00,9.948,-2.8155558592024224,6.078462176691699,14.865311993350735,6.078462176691699,1.0,1.0
2026-02-20 08:30:00,1.858,-4.825975663500772,5.260671191629471,17.803988188668114,5.260671191629471,1.0,1.0
2026-02-20 08:45:00,4.378,-4.347359571185279,5.653542703343039,14.789464665349632,5.653542703343039,1.0,1.0
2026-02-20 09:00:00,8.789,-7.989070601887849,-0.4875446899185179,12.075362186292123,-0.4875446899185179,-1.0,1.0
2026-02-20 09:15:00,1.412,-5.8594825434766715,1.4865772190161113,12.999823774139346,1.4865772190161113,1.0,1.0
2026-02-20 09:30:00,4.402,-5.508080153038564,2.4896916904125206,13.794979160748793,2.4896916904125206,1.0,1.0
2026-02-20 09:45:00,1.556,-2.293615169766723,5.376761209032303,19.46016118853372,5.376761209032303,1.0,1.0
2026-02-20 10:00:00,1.46,-5.957325867413863,4.384877794084123,14.86275957613343,4.384877794084123,1.0,1.0
2026-02-20 10:15:00,0.055,-4.266083645551363,4.247614610057911,14.66070172601032,4.247614610057911,1.0,1.0
2026-02-20 10:30:00,-3.429,-4.939375644299372,3.575764399281194,12.451936164102376,3.575764399281194,1.0,-1.0
2026-02-20 10:45:00,5.954,-4.843962582800785,5.610592891787027,15.189471101756455,5.610592891787027,1.0,1.0
2026-02-20 11:00:00,21.73,-8.296105924623284,4.01347851080765,11.010151087243294,4.01347851080765,1.0,1.0
2026-02-20 11:15:00,30.544,-8.164328611360121,5.775703650203537,10.853601208566023,5.775703650203537,1.0,1.0
2026-02-20 11:30:00,36.885,-8.928975184907863,2.9320205804280692,10.655812421812524,2.9320205804280692,1.0,1.0
2026-02-20 11:45:00,39.26,-10.052149347741022,2.2077952159756733,11.392569997614455,2.2077952159756733,1.0,1.0
2026-02-20 12:00:00,33.534,-11.817801207067012,-1.5033203325484716,8.781610616093552,-1.5033203325484716,-1.0,1.0
2026-02-20 12:15:00,34.385,-10.838623500955906,-1.0591922085550072,8.570613501967902,-1.0591922085550072,-1.0,1.0
2026-02-20 12:30:00,32.352,-9.061261027897565,1.2741861143244002,10.344700655705415,1.2741861143244002,1.0,1.0
2026-02-20 12:45:00,42.096,-3.500431528638763,5.2599165424778365,15.093657772941931,5.2599165424778365,1.0,1.0
2026-02-20 13:00:00,44.958,-1.766149274064066,6.911312743967047,21.37465443549974,6.911312743967047,1.0,1.0
2026-02-20 13:15:00,38.0,-2.5686116632080713,12.246359783520095,23.729509433309957,12.246359783520095,1.0,1.0
2026-02-20 13:30:00,35.341,-2.205556785963514,10.720077872420747,19.55660281087334,10.720077872420747,1.0,1.0
2026-02-20 13:45:00,31.797,1.2769690500978037,9.397129320003089,17.455069750365066,9.397129320003089,1.0,1.0
2026-02-20 14:00:00,16.608,2.6397083579520615,8.262863499799488,23.184324848536317,8.262863499799488,1.0,1.0
2026-02-20 14:15:00,12.188,0.752435833709868,11.652201890814137,22.462083276426046,11.652201890814137,1.0,1.0
2026-02-20 14:30:00,6.614,1.6295727374088147,13.897296158808865,25.04919401057783,13.897296158808865,1.0,1.0
2026-02-20 14:45:00,5.843,2.6912006916648656,13.821613621679566,25.524011413344095,13.821613621679566,1.0,1.0
2026-02-20 15:00:00,14.815,3.2079914573462505,18.381099113793233,31.080531632028055,18.381099113793233,1.0,1.0
2026-02-20 15:15:00,15.675,3.4907760456206867,17.799594863340587,27.549974922992224,17.799594863340587,1.0,1.0
2026-02-20 15:30:00,13.599,5.528122157125062,14.923703116882935,23.66330521006112,14.923703116882935,1.0,1.0
2026-02-20 15:45:00,19.073,2.2145093158973457,9.227227829041142,19.45676692454774,9.227227829041142,1.0,1.0
2026-02-20 16:00:00,0.152,2.205871423603734,9.641917002616912,26.10815227118689,9.641917002616912,1.0,1.0
2026-02-20 16:15:00,8.18,0.04912433891797909,5.403713983228719,16.180273484719493,5.403713983228719,1.0,1.0
2026-02-20 16:30:00,5.749,0.26677326226547166,4.555537556033274,16.01426252605227,4.555537556033274,1.0,1.0
2026-02-20 16:45:00,0.637,0.44915576278467567,2.88516796352061,15.919810495904322,2.88516796352061,1.0,1.0
2026-02-20 17:00:00,15.994,-0.48894578772342834,10.66029761469187,13.603259104961294,10.66029761469187,1.0,1.0
2026-02-20 17:15:00,28.729,-1.5320300027414682,9.122564134142896,12.19568354872827,9.122564134142896,1.0,1.0
2026-02-20 17:30:00,19.976,-1.6960494982486896,3.143537994509633,16.515568176465518,3.143537994509633,1.0,1.0
2026-02-20 17:45:00,19.424,-1.7508097885430616,1.960072520769274,8.268496772952963,1.960072520769274,1.0,1.0
2026-02-20 18:00:00,6.03,-4.119269455439241,5.802338127713684,13.724833194636354,5.802338127713684,1.0,1.0
2026-02-20 18:15:00,2.444,-1.6655518481927987,3.6255920888451185,11.867866303738705,3.6255920888451185,1.0,1.0
2026-02-20 18:30:00,-1.875,-0.525468786290295,2.9568471009647466,12.975744515353384,2.9568471009647466,1.0,-1.0
2026-02-20 18:45:00,3.77,-1.8896664287157827,2.658267146552729,13.220419630799842,2.658267146552729,1.0,1.0
2026-02-20 19:00:00,16.77,-2.5198056819044723,5.5719994090582015,17.649066839012757,5.5719994090582015,1.0,1.0
2026-02-20 19:15:00,3.85,0.6183810628878699,4.7422989545581276,16.340539821678348,4.7422989545581276,1.0,1.0
2026-02-20 19:30:00,5.327,0.7934856404515519,6.231753416964572,16.23483197898778,6.231753416964572,1.0,1.0
2026-02-20 19:45:00,4.453,-0.23933601594982465,1.970786716893719,11.510420098053427,1.970786716893719,1.0,1.0
2026-02-20 20:00:00,-0.026,-2.10944453742907,2.976493051862337,9.008961581083057,2.976493051862337,1.0,-1.0
2026-02-20 20:15:00,-0.515,-0.17426938699287928,3.949889040539641,7.994197511856442,3.949889040539641,1.0,-1.0
2026-02-20 20:30:00,-0.08,-0.6413845187314792,3.3338176275346254,9.414287120735425,3.3338176275346254,1.0,-1.0
2026-02-20 20:45:00,-8.542,-0.06757674670747452,5.362549338761856,14.871792188642859,5.362549338761856,1.0,-1.0
2026-02-20 21:00:00,4.5,-1.53453053093632,4.857687160840588,15.691089714634597,4.857687160840588,1.0,1.0
2026-02-20 21:15:00,4.357,0.9138427311277351,4.668680093354529,14.435963007421616,4.668680093354529,1.0,1.0
2026-02-20 21:30:00,4.453,0.015179882807223703,4.144972738250873,12.540067277425958,4.144972738250873,1.0,1.0
2026-02-20 21:45:00,2.582,0.2346239044485103,6.536001947392649,13.099772341606736,6.536001947392649,1.0,1.0
2026-02-20 22:00:00,1.932,-4.548205782334025,3.3210542743197284,8.984650266416573,3.3210542743197284,1.0,1.0
2026-02-20 22:15:00,2.942,-2.0799607294711433,2.2308908923545023,8.570712596148327,2.2308908923545023,1.0,1.0
2026-02-20 22:30:00,-3.718,-5.3310584386971875,0.42336904028916367,5.307670025091793,0.42336904028916367,1.0,-1.0
2026-02-20 22:45:00,-14.542,-4.14105981971431,1.31333130198262,8.164272106241247,1.31333130198262,1.0,-1.0
2026-02-20 23:00:00,-7.521,-5.2862273971921425,2.8509794228316534,11.843455738500943,2.8509794228316534,1.0,-1.0
2026-02-20 23:15:00,-2.431,-2.7750932445228718,4.4251250186625475,13.509226063496822,4.4251250186625475,1.0,-1.0
2026-02-20 23:30:00,-8.727,-2.5157454357451474,5.091029104438418,15.001896172024237,5.091029104438418,1.0,-1.0
2026-02-20 23:45:00,-11.299,-3.0108617622983433,3.7304658586497688,13.638841383532627,3.7304658586497688,1.0,-1.0
2026-02-21 00:00:00,-22.827,-6.3178620439444995,1.1046072158718796,15.397383945925593,1.1046072158718796,1.0,-1.0
2026-02-21 00:15:00,-7.651,-1.9269508710767065,4.054878505907879,16.336601978539274,4.054878505907879,1.0,-1.0
2026-02-21 00:30:00,-22.829,-5.208513227979612,0.5091032749892543,13.88817456184006,0.5091032749892543,1.0,-1.0
2026-02-21 00:45:00,-23.067,-7.698085465333233,-0.019912745572099384,12.681522150329645,-0.019912745572099384,-1.0,-1.0
2026-02-21 01:00:00,-11.171,-10.740874122699863,0.20291499790560766,7.141106367250687,0.20291499790560766,1.0,-1.0
2026-02-21 01:15:00,-8.81,-10.356982971930321,0.47921137089907,8.238622719958068,0.47921137089907,1.0,-1.0
2026-02-21 01:30:00,-5.585,-7.3904044674187634,0.17119545534817843,4.394722386846634,0.17119545534817843,1.0,-1.0
2026-02-21 01:45:00,-8.568,-7.6011770134524115,0.7061831936127589,5.995419787169048,0.7061831936127589,1.0,-1.0
2026-02-21 02:00:00,-10.892,-14.143677071978342,-5.447298617850412,4.2944107464468475,-5.447298617850412,-1.0,-1.0
2026-02-21 02:15:00,-5.704,-11.84453062203749,-6.306477180941551,2.68340991608893,-6.306477180941551,-1.0,-1.0
2026-02-21 02:30:00,-12.029,-15.476550395356806,-9.78152659647609,0.9680938705646163,-9.78152659647609,-1.0,-1.0
2026-02-21 02:45:00,-12.522,-13.913042265600946,-9.699361867849758,1.8340357874644362,-9.699361867849758,-1.0,-1.0
2026-02-21 03:00:00,-15.225,-15.508979947944304,-7.500755730654722,0.8219141148137994,-7.500755730654722,-1.0,-1.0
2026-02-21 03:15:00,-11.849,-16.933857968618263,-5.299628570551172,0.21639358385937027,-5.299628570551172,-1.0,-1.0
2026-02-21 03:30:00,-13.851,-17.237170844567746,-7.395010228206085,0.7650093906946227,-7.395010228206085,-1.0,-1.0
2026-02-21 03:45:00,-10.67,-15.575011981756148,-8.898588545043715,2.93584569483845,-8.898588545043715,-1.0,-1.0
2026-02-21 04:00:00,-21.417,-15.589907886637299,-8.011179235608576,-0.6932465723377907,-8.011179235608576,-1.0,-1.0
2026-02-21 04:15:00,-21.07,-14.657442591493162,-7.826791312790306,-1.6677659855559848,-7.826791312790306,-1.0,-1.0
2026-02-21 04:30:00,-20.821,-18.69614965161652,-9.788535749424154,0.6849662613531947,-9.788535749424154,-1.0,-1.0
2026-02-21 04:45:00,-14.277,-17.763581209255754,-10.14657345946519,1.291001923422198,-10.14657345946519,-1.0,-1.0
2026-02-21 05:00:00,-8.138,-18.43268984340732,-6.41203331389651,2.057964517866583,-6.41203331389651,-1.0,-1.0
2026-02-21 05:15:00,-16.014,-17.852224767583692,-6.769301313064753,1.1920931412853366,-6.769301313064753,-1.0,-1.0
2026-02-21 05:30:00,-22.716,-18.31241474138774,-5.633269211335077,1.144648144202013,-5.633269211335077,-1.0,-1.0
2026-02-21 05:45:00,-17.335,-18.065789661040277,-6.750208068905124,1.9247842976175813,-6.750208068905124,-1.0,-1.0
2026-02-21 06:00:00,-6.493,-23.044495178845203,-6.278678520485583,3.7922263968093928,-6.278678520485583,-1.0,-1.0
2026-02-21 06:15:00,-2.017,-24.308888727666858,-7.378757054210915,2.0660483720283636,-7.378757054210915,-1.0,-1.0
2026-02-21 06:30:00,-8.382,-24.296166717135304,-7.895611296618886,0.7875617074400783,-7.895611296618886,-1.0,-1.0
2026-02-21 06:45:00,-11.229,-21.455854728979602,-6.632736319077512,3.606657479166299,-6.632736319077512,-1.0,-1.0
2026-02-21 07:00:00,-13.472,-22.71811735056626,-10.585941151889164,2.016110927932616,-10.585941151889164,-1.0,-1.0
2026-02-21 07:15:00,-21.123,-25.347764803020173,-12.900940594183714,1.3721081503696066,-12.900940594183714,-1.0,-1.0
2026-02-21 07:30:00,-5.924,-25.723661433181572,-10.635006561912748,1.5414523568222462,-10.635006561912748,-1.0,-1.0
2026-02-21 07:45:00,-7.155,-23.214545699064097,-8.82501730684619,2.4197082186673162,-8.82501730684619,-1.0,-1.0
2026-02-21 08:00:00,-9.927,-16.275363793983463,1.2124930788436508,7.2541601866006715,1.2124930788436508,1.0,-1.0
2026-02-21 08:15:00,-9.29,-17.221937366287005,0.0570443453386108,8.945060236435761,0.0570443453386108,1.0,-1.0
2026-02-21 08:30:00,-0.663,-21.761511684738736,-2.431524020160263,7.125317693094725,-2.431524020160263,-1.0,-1.0
2026-02-21 08:45:00,-0.827,-21.282828926866095,-2.895001381789071,6.382310582478625,-2.895001381789071,-1.0,-1.0
2026-02-21 09:00:00,-9.795,-27.398849036779204,-6.726572794673802,5.64939416511933,-6.726572794673802,-1.0,-1.0
2026-02-21 09:15:00,-6.588,-21.33045663477063,-3.2748115448271156,4.995963366727579,-3.2748115448271156,-1.0,-1.0
2026-02-21 09:30:00,-6.801,-18.406374184194096,-4.484573098343866,5.876669574724588,-4.484573098343866,-1.0,-1.0
2026-02-21 09:45:00,-4.837,-17.861927803921507,-3.923641769430128,4.635764918018543,-3.923641769430128,-1.0,-1.0
2026-02-21 10:00:00,1.714,-21.870436072258286,-4.1151037060254305,4.880995681942336,-4.1151037060254305,-1.0,1.0
2026-02-21 10:15:00,3.299,-20.643873041716272,-2.650908364772512,6.6969961508394125,-2.650908364772512,-1.0,1.0
2026-02-21 10:30:00,-3.644,-23.478014634851835,-2.8116814438266644,7.589123991422203,-2.8116814438266644,-1.0,-1.0
2026-02-21 10:45:00,-1.251,-24.71881078286783,-4.68707883765354,7.667136431584165,-4.68707883765354,-1.0,-1.0
2026-02-21 11:00:00,2.264,-22.737339739242657,-7.071008217000459,4.422099956401211,-7.071008217000459,-1.0,1.0
2026-02-21 11:15:00,2.271,-19.802636870337743,-6.191467856101416,5.166874682575618,-6.191467856101416,-1.0,1.0
2026-02-21 11:30:00,2.571,-18.186174412628,-5.854060493086478,5.034797220163384,-5.854060493086478,-1.0,1.0
2026-02-21 11:45:00,0.765,-15.279784941167952,-5.319819449651121,7.230076492447503,-5.319819449651121,-1.0,1.0
2026-02-21 12:00:00,-0.893,-12.953376163127446,-1.6936452943345774,10.371489260357299,-1.6936452943345774,-1.0,-1.0
2026-02-21 12:15:00,-2.334,-12.996864996946817,0.5763615974106338,10.782016314800025,0.5763615974106338,1.0,-1.0
2026-02-21 12:30:00,-1.265,-14.370207097320593,-0.5939575922103919,7.9789386025067,-0.5939575922103919,-1.0,-1.0
2026-02-21 12:45:00,-2.224,-14.737225402307597,1.7835565637782813,10.178937576505103,1.7835565637782813,1.0,-1.0
2026-02-21 13:00:00,2.927,-13.406282666983676,-0.324097893469571,10.11500805373723,-0.324097893469571,-1.0,1.0
2026-02-21 13:15:00,-4.702,-12.740958494381388,1.9749662684320826,12.10849457100298,1.9749662684320826,1.0,-1.0
2026-02-21 13:30:00,-0.423,-15.886601821538436,-0.16936232682542968,12.926839065437264,-0.16936232682542968,-1.0,-1.0
2026-02-21 13:45:00,-3.24,-15.407249105362519,0.41659347499389027,12.864652673115359,0.41659347499389027,1.0,-1.0
2026-02-21 14:00:00,-0.678,-12.88473451270596,1.548222115564405,10.627142296647044,1.548222115564405,1.0,-1.0
2026-02-21 14:15:00,0.066,-11.336080371089283,0.394806335946104,9.58292255303528,0.394806335946104,1.0,1.0
2026-02-21 14:30:00,3.844,-12.904440351132154,1.7488510058556308,6.407588851623557,1.7488510058556308,1.0,1.0
2026-02-21 14:45:00,-4.7,-6.915927468058842,0.41849612409781284,7.974686738629286,0.41849612409781284,1.0,-1.0
2026-02-21 15:00:00,-8.39,-8.497509416423995,3.5316250900800634,13.142274900006353,3.5316250900800634,1.0,-1.0
2026-02-21 15:15:00,-3.18,-8.708455393155525,2.1553247866954197,9.8582275158817,2.1553247866954197,1.0,-1.0
2026-02-21 15:30:00,-1.228,-10.16015272202785,1.6257614289638962,9.758117229483751,1.6257614289638962,1.0,-1.0
2026-02-21 15:45:00,-6.358,-12.34480836263868,0.47401654124987463,7.8445731110981,0.47401654124987463,1.0,-1.0
2026-02-21 16:00:00,-5.748,-10.836449780131598,1.684381929085622,8.647929937888037,1.684381929085622,1.0,-1.0
2026-02-21 16:15:00,-10.604,-13.35602706630688,-0.2255409992164074,8.447711369756904,-0.2255409992164074,-1.0,-1.0
2026-02-21 16:30:00,-6.56,-13.479294447850526,-0.9627763810380596,11.112035635630585,-0.9627763810380596,-1.0,-1.0
2026-02-21 16:45:00,2.317,-12.399202761965919,-3.184040334588873,5.5127730252359175,-3.184040334588873,-1.0,1.0
2026-02-21 17:00:00,-1.616,-8.299981856087019,0.30521528503331097,9.574588228779598,0.30521528503331097,1.0,-1.0
2026-02-21 17:15:00,-4.994,-5.857352318456315,0.15989409381164094,8.099538379488477,0.15989409381164094,1.0,-1.0
2026-02-21 17:30:00,-3.987,-6.058184853005875,-0.32954067212495186,6.376076145020466,-0.32954067212495186,-1.0,-1.0
2026-02-21 17:45:00,-2.601,-5.691501786309061,-0.8392834107623381,5.05556632340183,-0.8392834107623381,-1.0,-1.0
2026-02-21 18:00:00,-7.307,-7.777170904646096,-3.338750268716475,7.375401739731685,-3.338750268716475,-1.0,-1.0
2026-02-21 18:15:00,-15.245,-6.29554149379631,-4.676870630886516,2.704280570084391,-4.676870630886516,-1.0,-1.0
2026-02-21 18:30:00,-8.125,-4.547155117508815,-2.824070776943944,5.270191956753905,-2.824070776943944,-1.0,-1.0
2026-02-21 18:45:00,-4.88,-3.9032100922731257,-3.0227466314293836,5.93663777588155,-3.0227466314293836,-1.0,-1.0
2026-02-21 19:00:00,-3.055,-4.693096104511394,-3.1197814912825117,4.474631262176296,-3.1197814912825117,-1.0,-1.0
2026-02-21 19:15:00,-5.148,-5.41876171275215,-3.528879094098851,2.8235809219000485,-3.528879094098851,-1.0,-1.0
2026-02-21 19:30:00,-5.49,-6.484768043462711,-4.2387130095838925,2.814078526985041,-4.2387130095838925,-1.0,-1.0
2026-02-21 19:45:00,-2.524,-7.9279228005879965,-3.654884983820497,2.7447523090272146,-3.654884983820497,-1.0,-1.0
2026-02-21 20:00:00,-4.613,-10.000967641884676,-5.534890890433215,2.057447204186044,-5.534890890433215,-1.0,-1.0
2026-02-21 20:15:00,0.168,-8.530081563603105,-3.705007512573271,1.8187305682432935,-3.705007512573271,-1.0,1.0
2026-02-21 20:30:00,-3.741,-6.585396425757574,-2.702688873947387,2.0410322207420437,-2.702688873947387,-1.0,-1.0
2026-02-21 20:45:00,3.703,-7.779751517882866,-3.220278262824216,1.8608555582654476,-3.220278262824216,-1.0,1.0
2026-02-21 21:00:00,-2.11,-10.586754879921958,-3.1213622377275287,2.0111482061805788,-3.1213622377275287,-1.0,-1.0
2026-02-21 21:15:00,-7.343,-8.345397304609023,-2.9569824326867167,1.6317293725380198,-2.9569824326867167,-1.0,-1.0
2026-02-21 21:30:00,-5.828,-8.039491040061344,-3.403423673436732,2.117283190255877,-3.403423673436732,-1.0,-1.0
2026-02-21 21:45:00,0.305,-7.075200377945253,-2.598927667620227,1.93294618191679,-2.598927667620227,-1.0,1.0
2026-02-21 22:00:00,-5.711,-9.590562691687511,-3.2414418928679907,1.9014760579106946,-3.2414418928679907,-1.0,-1.0
2026-02-21 22:15:00,-10.392,-8.211487727736932,-3.2591601557736625,2.7355545118666305,-3.2591601557736625,-1.0,-1.0
2026-02-21 22:30:00,-6.065,-6.888545479912566,-2.9406353417996023,1.866081567928884,-2.9406353417996023,-1.0,-1.0
2026-02-21 22:45:00,-8.499,-9.166215371635792,-1.812510305394235,2.409849425515368,-1.812510305394235,-1.0,-1.0
2026-02-21 23:00:00,-10.607,-12.541312326421728,-4.7109959979803735,0.3271560656662597,-4.7109959979803735,-1.0,-1.0
2026-02-21 23:15:00,-2.668,-7.942818086582938,-2.7264826777449147,0.90708542773993,-2.7264826777449147,-1.0,-1.0
2026-02-21 23:30:00,0.294,-6.0832056886320025,-3.1425377290399648,1.2474252209663224,-3.1425377290399648,-1.0,1.0
2026-02-21 23:45:00,-13.788,-9.096204507470626,-3.9838564081433714,2.746975318364216,-3.9838564081433714,-1.0,-1.0
2026-02-22 00:00:00,-15.07,-11.138773793999293,-2.972068364210983,0.4223473766240424,-2.972068364210983,-1.0,-1.0
2026-02-22 00:15:00,-5.925,-8.626557641234875,-1.2636382921782419,0.11893005207335393,-1.2636382921782419,-1.0,-1.0
2026-02-22 00:30:00,-6.569,-9.338392267054791,-1.5126443911427208,0.43096726125872176,-1.5126443911427208,-1.0,-1.0
2026-02-22 00:45:00,-22.129,-8.760555717734109,-0.9751592300618581,1.8477861505301967,-0.9751592300618581,-1.0,-1.0
2026-02-22 01:00:00,-13.177,-10.289920499871705,-2.235713072505063,0.7108895978025702,-2.235713072505063,-1.0,-1.0
2026-02-22 01:15:00,-5.039,-6.766495872912119,-1.4093505438124874,6.435162374073217,-1.4093505438124874,-1.0,-1.0
2026-02-22 01:30:00,-1.723,-6.839444381267999,-0.41973367094670155,6.12612504695286,-0.41973367094670155,-1.0,-1.0
2026-02-22 01:45:00,-4.19,-12.230302647631076,-1.677351329679667,4.374976092775606,-1.677351329679667,-1.0,-1.0
2026-02-22 02:00:00,-16.361,-10.245003339719242,-2.209027807013308,1.5619737882353613,-2.209027807013308,-1.0,-1.0
2026-02-22 02:15:00,-14.065,-6.514601242066951,1.2056948891134298,0.7533040179300802,1.2056948891134298,1.0,-1.0
2026-02-22 02:30:00,-19.007,-11.02387370330625,-2.758906596780376,1.332591372789233,-2.758906596780376,-1.0,-1.0
2026-02-22 02:45:00,-17.741,-9.948081982249798,-2.8321966110028938,1.7123833963666077,-2.8321966110028938,-1.0,-1.0
2026-02-22 03:00:00,-25.381,-10.881848372752623,-1.6367067802408228,0.16748452230010968,-1.6367067802408228,-1.0,-1.0
2026-02-22 03:15:00,-15.871,-5.8527333149863905,1.3406100356834314,0.11099701156195203,1.3406100356834314,1.0,-1.0
2026-02-22 03:30:00,-17.663,-4.19452275648671,0.6791689331023159,1.7541580226614135,0.6791689331023159,1.0,-1.0
2026-02-22 03:45:00,-19.994,-6.709174048178249,0.25340982221093616,2.5434747722026856,0.25340982221093616,1.0,-1.0
2026-02-22 04:00:00,-21.496,-10.07197716434001,-3.3014605823889287,2.246834230555372,-3.3014605823889287,-1.0,-1.0
2026-02-22 04:15:00,-13.334,-10.494062381305381,-5.02001280433826,0.06494024931346107,-5.02001280433826,-1.0,-1.0
2026-02-22 04:30:00,-16.451,-10.660041925046146,-6.2994890972479585,0.3243543921463096,-6.2994890972479585,-1.0,-1.0
2026-02-22 04:45:00,-7.076,-13.651055127575537,-6.4885290006180165,0.5067480487809729,-6.4885290006180165,-1.0,-1.0
2026-02-22 05:00:00,-3.41,-11.415457911736489,-8.541038990587584,0.39360340153139106,-8.541038990587584,-1.0,-1.0
2026-02-22 05:15:00,-2.288,-17.738252664207256,-10.031544366195051,-1.9462770423583138,-10.031544366195051,-1.0,-1.0
2026-02-22 05:30:00,-3.512,-19.1439002905605,-10.358766224297769,-2.743472909460419,-10.358766224297769,-1.0,-1.0
2026-02-22 05:45:00,1.793,-18.331606404333062,-9.335177513699268,-1.5665834464038573,-9.335177513699268,-1.0,1.0
2026-02-22 06:00:00,-8.875,-13.918315196784182,-5.013549683921737,0.7160560002802697,-5.013549683921737,-1.0,-1.0
2026-02-22 06:15:00,-8.827,-13.803326416328328,-5.442275034680298,0.2916165736802601,-5.442275034680298,-1.0,-1.0
2026-02-22 06:30:00,-10.276,-14.262937024962692,-6.538435069595335,2.1489097956654697,-6.538435069595335,-1.0,-1.0
2026-02-22 06:45:00,-5.66,-13.378571333300536,-4.564277342337619,4.035561730736008,-4.564277342337619,-1.0,-1.0
2026-02-22 07:00:00,-13.739,-12.089501451851955,-2.59157725312667,4.821744464437766,-2.59157725312667,-1.0,-1.0
2026-02-22 07:15:00,-14.089,-10.094758385628154,-2.0823082941740463,5.543572090592918,-2.0823082941740463,-1.0,-1.0
2026-02-22 07:30:00,-10.574,-6.892818591336033,-0.23477787381314402,6.183657150857031,-0.23477787381314402,-1.0,-1.0
2026-02-22 07:45:00,5.773,-8.086813484784557,-0.7631802781582415,8.152377272359205,-0.7631802781582415,-1.0,1.0
2026-02-22 08:00:00,2.529,-13.102733304900426,-2.4858496916069432,7.529480737515976,-2.4858496916069432,-1.0,1.0
2026-02-22 08:15:00,4.652,-13.315234176714961,-1.1577756113524904,7.924643412379132,-1.1577756113524904,-1.0,1.0
2026-02-22 08:30:00,-0.389,-13.738367876540313,-0.6478010560018832,8.34682187114833,-0.6478010560018832,-1.0,-1.0
2026-02-22 08:45:00,10.12,-11.124555711114326,-1.3124459067226448,11.976478919617092,-1.3124459067226448,-1.0,1.0
2026-02-22 09:00:00,0.183,-14.253609759611955,-6.5685165239692775,3.8941106037777344,-6.5685165239692775,-1.0,1.0
2026-02-22 09:15:00,-2.072,-14.363973814529789,-4.569607562913035,4.182807021591342,-4.569607562913035,-1.0,-1.0
2026-02-22 09:30:00,0.592,-11.75839441642855,-3.5068832778964425,7.290687199878142,-3.5068832778964425,-1.0,1.0
2026-02-22 09:45:00,1.32,-12.342512943790233,-2.140927261715601,9.462382025713572,-2.140927261715601,-1.0,1.0
2026-02-22 10:00:00,8.426,-13.865483737048528,-0.6058478301308929,6.327143694548676,-0.6058478301308929,-1.0,1.0
2026-02-22 10:15:00,0.627,-14.084217071351729,0.8433043677639456,6.830072672265065,0.8433043677639456,1.0,1.0
2026-02-22 10:30:00,6.121,-10.726395744095603,0.7949803994619817,8.488572731854564,0.7949803994619817,1.0,1.0
2026-02-22 10:45:00,22.196,-8.785235015319818,1.584333350898912,13.984858577384998,1.584333350898912,1.0,1.0
2026-02-22 11:00:00,7.686,-17.026016696544108,-1.7878092884918673,9.803178833589461,-1.7878092884918673,-1.0,1.0
2026-02-22 11:15:00,8.792,-14.412784383055936,0.571731056681034,9.849175175883545,0.571731056681034,1.0,1.0
2026-02-22 11:30:00,1.867,-15.480716588448459,-0.10331342643280438,10.375497819485194,-0.10331342643280438,-1.0,1.0
2026-02-22 11:45:00,3.104,-10.660984672923203,1.678280304078553,11.883345531610885,1.678280304078553,1.0,1.0
2026-02-22 12:00:00,-2.559,-11.755501010697975,3.005668868728708,12.317489339031457,3.005668868728708,1.0,-1.0
2026-02-22 12:15:00,-7.492,-9.998369072426502,4.914831098910414,12.831697587863422,4.914831098910414,1.0,-1.0
2026-02-22 12:30:00,-5.791,-3.622423531125121,7.070895875397213,16.566675784086584,7.070895875397213,1.0,-1.0
2026-02-22 12:45:00,-1.014,-5.1709556931507805,5.198123940184502,17.82890273488808,5.198123940184502,1.0,-1.0
2026-02-22 13:00:00,0.686,-6.332112730450091,6.780955039032334,17.67176584123409,6.780955039032334,1.0,1.0
2026-02-22 13:15:00,0.053,-6.620000341458425,4.785112067983591,15.839137816638754,4.785112067983591,1.0,1.0
2026-02-22 13:30:00,-2.519,-8.615532451689186,4.544256246340782,15.900528658040281,4.544256246340782,1.0,-1.0
2026-02-22 13:45:00,-6.833,-7.04019718503648,5.405882574213344,17.272455644957464,5.405882574213344,1.0,-1.0
2026-02-22 14:00:00,-3.072,-9.306374211620648,3.2835055250373437,10.224877837499406,3.2835055250373437,1.0,-1.0
2026-02-22 14:15:00,2.862,-8.834770298212849,0.8055690273225268,12.168113810821321,0.8055690273225268,1.0,1.0
2026-02-22 14:30:00,-1.428,-9.015379403735539,1.855082569855612,9.71537513073823,1.855082569855612,1.0,-1.0
2026-02-22 14:45:00,1.793,-8.229429669108189,2.245512962690297,9.887097825802549,2.245512962690297,1.0,1.0
2026-02-22 15:00:00,9.153,-9.06806891911837,4.19284857286448,11.126206357731464,4.19284857286448,1.0,1.0
2026-02-22 15:15:00,6.889,-9.264588740810973,2.163994239739512,10.678216390396871,2.163994239739512,1.0,1.0
2026-02-22 15:30:00,7.656,-9.71250360519041,1.5134991281269357,9.511847070579284,1.5134991281269357,1.0,1.0
2026-02-22 15:45:00,2.361,-8.639895028949185,-1.8717648432873528,8.5402173314293,-1.8717648432873528,-1.0,1.0
2026-02-22 16:00:00,5.736,-10.516412887130212,0.9484348786814978,11.12400715393541,0.9484348786814978,1.0,1.0
2026-02-22 16:15:00,-0.957,-10.012439801355596,0.5280389718907887,9.719718527323677,0.5280389718907887,1.0,-1.0
2026-02-22 16:30:00,0.066,-8.804091615620196,-1.6180519869577499,8.532749348693962,-1.6180519869577499,-1.0,1.0
2026-02-22 16:45:00,6.637,-7.498640927679125,0.5331307847693507,10.187130024908486,0.5331307847693507,1.0,1.0
2026-02-22 17:00:00,12.083,-3.381763634904578,-0.8583621479032864,10.279211648289317,-0.8583621479032864,-1.0,1.0
2026-02-22 17:15:00,6.224,-2.909202794500496,2.0925893117079397,10.283648723833457,2.0925893117079397,1.0,1.0
2026-02-22 17:30:00,2.884,-3.6242686099944295,-0.6754107652687897,10.93179100896713,-0.6754107652687897,-1.0,1.0
2026-02-22 17:45:00,-0.128,-2.2256422506927627,1.3807779811277503,10.115916589269064,1.3807779811277503,1.0,-1.0
2026-02-22 18:00:00,-2.123,-3.563310758536928,-1.3369833675148781,9.857451739647127,-1.3369833675148781,-1.0,-1.0
2026-02-22 18:15:00,-0.818,-6.033689506519318,-2.793217465244709,7.256730570465379,-2.793217465244709,-1.0,-1.0
2026-02-22 18:30:00,-3.486,-5.765917294242754,-1.1329451168100932,9.35082841013011,-1.1329451168100932,-1.0,-1.0
2026-02-22 18:45:00,1.585,-4.544086912966605,0.23970647724357608,12.22451376882125,0.23970647724357608,1.0,1.0
2026-02-22 19:00:00,-1.134,-3.019585144569303,0.9043054902490124,12.975055532057537,0.9043054902490124,1.0,-1.0
2026-02-22 19:15:00,-0.042,-4.051062077042209,0.013145813892933221,9.468762401185785,0.013145813892933221,1.0,-1.0
2026-02-22 19:30:00,-1.051,-5.048510074136282,-0.5265803166474022,5.89110216033212,-0.5265803166474022,-1.0,-1.0
2026-02-22 19:45:00,2.92,-5.3780015068627876,0.22446241293465394,7.729385123378055,0.22446241293465394,1.0,1.0
2026-02-22 20:00:00,2.504,-5.4611349908452445,0.18778562833698942,6.3853127493520425,0.18778562833698942,1.0,1.0
2026-02-22 20:15:00,2.14,-2.297781059321889,0.0872517146163336,5.615402435396529,0.0872517146163336,1.0,1.0
2026-02-22 20:30:00,0.795,-1.9900997729869006,1.0180572354251893,6.502489164425798,1.0180572354251893,1.0,1.0
2026-02-22 20:45:00,0.347,-2.5171310662761317,2.6824169823800204,7.504270330569775,2.6824169823800204,1.0,1.0
2026-02-22 21:00:00,-3.24,-6.896557136535207,0.07263944072826009,6.913014039268255,0.07263944072826009,1.0,-1.0
2026-02-22 21:15:00,0.194,-5.725425446625376,0.40623708590601565,6.498446431995882,0.40623708590601565,1.0,1.0
2026-02-22 21:30:00,-4.565,-4.933281621703054,-0.07197401036507568,5.828401415361474,-0.07197401036507568,-1.0,-1.0
2026-02-22 21:45:00,0.458,-5.345482018121594,0.38295937861173995,6.860886550896772,0.38295937861173995,1.0,1.0
2026-02-22 22:00:00,5.172,-6.52558896688165,0.3371069446950464,7.708640100859594,0.3371069446950464,1.0,1.0
2026-02-22 22:15:00,6.817,-3.2698636471557943,-1.6605266196903667,6.019659508706997,-1.6605266196903667,-1.0,1.0
2026-02-22 22:30:00,1.475,-4.425581941812793,-0.7622022286712118,5.016281262724558,-0.7622022286712118,-1.0,1.0
2026-02-22 22:45:00,-2.098,-4.6555705804745235,-0.7555127368237244,4.49062597744229,-0.7555127368237244,-1.0,-1.0
2026-02-22 23:00:00,-0.062,-7.994660274565349,0.17892500438045064,6.0721644422083605,0.17892500438045064,1.0,-1.0
2026-02-22 23:15:00,4.162,-4.616063863677016,1.6975254522437515,6.1991863978112764,1.6975254522437515,1.0,1.0
2026-02-22 23:30:00,2.072,-5.16505194354715,2.6127184945005753,5.456934370223356,2.6127184945005753,1.0,1.0
2026-02-22 23:45:00,-3.724,-5.6897602958093865,2.6112388805050117,9.350693165168567,2.6112388805050117,1.0,-1.0
2026-02-23 00:00:00,-1.67,-9.393107461782867,2.126848729077399,13.708728574860007,2.126848729077399,1.0,-1.0
2026-02-23 00:15:00,8.896,-3.3543477087816678,3.0043285995201447,13.700841733561543,3.0043285995201447,1.0,1.0
2026-02-23 00:30:00,4.598,-2.783595951769917,2.7520213306316217,10.722005869233419,2.7520213306316217,1.0,1.0
2026-02-23 00:45:00,3.525,-4.346472583824717,2.0518238223168885,11.761458800695442,2.0518238223168885,1.0,1.0
2026-02-23 01:00:00,2.602,-8.817754791218004,-0.7055310321049517,11.609300450385133,-0.7055310321049517,-1.0,1.0
2026-02-23 01:15:00,9.121,-4.841027216539433,2.4434664114796925,12.361211258773723,2.4434664114796925,1.0,1.0
2026-02-23 01:30:00,5.952,-3.0702117571121286,3.6637285767847887,12.380348425251649,3.6637285767847887,1.0,1.0
2026-02-23 01:45:00,8.579,-3.128078422277212,1.9146047657147687,12.302983823301448,1.9146047657147687,1.0,1.0
2026-02-23 02:00:00,8.721,-8.807567068992457,0.09323935108250686,10.939754800369634,0.09323935108250686,1.0,1.0
2026-02-23 02:15:00,9.004,-4.13507765526771,4.70601227824442,17.494852013685563,4.70601227824442,1.0,1.0
2026-02-23 02:30:00,2.751,-2.5761386881216533,3.469076684338237,14.184359323999143,3.469076684338237,1.0,1.0
2026-02-23 02:45:00,3.093,-3.0332108481468687,4.424656790842113,14.060143134106315,4.424656790842113,1.0,1.0
2026-02-23 03:00:00,-1.165,-4.508384135729271,3.023357241683228,13.61167612089548,3.023357241683228,1.0,-1.0
2026-02-23 03:15:00,0.619,-1.3247961870638514,6.528818550386348,17.78187981370375,6.528818550386348,1.0,1.0
2026-02-23 03:30:00,2.973,-2.225501592001591,3.763902145651106,15.767378194180212,3.763902145651106,1.0,1.0
2026-02-23 03:45:00,0.148,-2.2749208251590702,4.040991109404772,15.122316777250678,4.040991109404772,1.0,1.0
2026-02-23 04:00:00,12.392,-6.0445889942762285,2.6629833179696307,15.039417160333109,2.6629833179696307,1.0,1.0
2026-02-23 04:15:00,-1.549,-2.868046972950035,2.8626366479936056,14.000639728655758,2.8626366479936056,1.0,-1.0
2026-02-23 04:30:00,-3.485,-3.7925605858274634,1.6048892069189178,13.342187487710241,1.6048892069189178,1.0,-1.0
2026-02-23 04:45:00,0.798,-3.7286018306186994,1.9404914807245346,11.185752162610013,1.9404914807245346,1.0,1.0
2026-02-23 05:00:00,9.113,-3.2370180085365106,3.8234079231045697,9.739372157755016,3.8234079231045697,1.0,1.0
2026-02-23 05:15:00,5.617,-4.120358464895943,2.2802677677628487,8.663150542822539,2.2802677677628487,1.0,1.0
2026-02-23 05:30:00,3.573,-6.174212181151267,3.1326305016168896,7.9853298861951645,3.1326305016168896,1.0,1.0
2026-02-23 05:45:00,8.692,-2.717188289682331,4.2589867028978885,11.053188914139383,4.2589867028978885,1.0,1.0
2026-02-23 06:00:00,-9.673,-7.331442760595981,2.7550491633336494,13.32106716776946,2.7550491633336494,1.0,-1.0
2026-02-23 06:15:00,-2.732,-7.520111225653774,-1.72592384033414,8.002117322218833,-1.72592384033414,-1.0,-1.0
2026-02-23 06:30:00,-6.586,-10.88074044855427,-0.4791282503791378,6.980289631962782,-0.4791282503791378,-1.0,-1.0
2026-02-23 06:45:00,-2.342,-9.213401522010123,1.5671421024459837,7.932827158695623,1.5671421024459837,1.0,-1.0
2026-02-23 07:00:00,-1.595,-9.01929619930995,0.9181902280984562,7.856842966105439,0.9181902280984562,1.0,-1.0
2026-02-23 07:15:00,-9.984,-6.220370463305103,1.673280287238638,9.632982562387209,1.673280287238638,1.0,-1.0
2026-02-23 07:30:00,2.322,-5.436407435550706,2.8132398831409797,11.373567200296405,2.8132398831409797,1.0,1.0
2026-02-23 07:45:00,0.265,-6.490467127364903,2.793706808178119,9.643589093586053,2.793706808178119,1.0,1.0
2026-02-23 08:00:00,4.556,-6.007154493071196,0.7393495443476673,8.229904413132621,0.7393495443476673,1.0,1.0
2026-02-23 08:15:00,3.632,-5.387601932699597,-0.13529618497245943,7.289877780346645,-0.13529618497245943,-1.0,1.0
2026-02-23 08:30:00,4.177,-4.026246555360258,0.15998974136821684,9.012265120115071,0.15998974136821684,1.0,1.0
2026-02-23 08:45:00,16.073,-3.1442483690174576,3.0160681958384448,12.595159643209938,3.0160681958384448,1.0,1.0
2026-02-23 09:00:00,9.928,-10.002130482136382,-2.9843337184372034,5.943747733123723,-2.9843337184372034,-1.0,1.0
2026-02-23 09:15:00,9.096,-6.047126353583306,1.34437087309868,7.996407506499296,1.34437087309868,1.0,1.0
2026-02-23 09:30:00,9.439,-4.663242724705133,1.4234807551781483,10.902076736310294,1.4234807551781483,1.0,1.0
2026-02-23 09:45:00,13.063,-5.049338036545212,2.266330389254399,11.243426828046243,2.266330389254399,1.0,1.0
2026-02-23 10:00:00,18.668,-9.648994037528434,2.236259451030974,12.798052335125941,2.236259451030974,1.0,1.0
2026-02-23 10:15:00,17.176,-5.430739784098689,2.467882038632491,12.125518410272141,2.467882038632491,1.0,1.0
2026-02-23 10:30:00,23.239,-5.23251865460621,4.561261497224097,15.968728866163165,4.561261497224097,1.0,1.0
2026-02-23 10:45:00,36.086,-6.101804711995946,6.185466607674545,18.050604512695788,6.185466607674545,1.0,1.0
2026-02-23 11:00:00,51.092,-8.710310901372162,1.942414912906754,13.343261438129018,1.942414912906754,1.0,1.0
2026-02-23 11:15:00,58.644,-7.228775896946305,3.488983189319146,15.410904567999486,3.488983189319146,1.0,1.0
2026-02-23 11:30:00,37.048,-5.272094612008843,2.2612321563971127,12.34525728881609,2.2612321563971127,1.0,1.0
2026-02-23 11:45:00,44.642,-1.5804635517090566,4.275757543633207,17.034036115767027,4.275757543633207,1.0,1.0
2026-02-23 12:00:00,14.407,-2.385345121917571,2.8695502643276822,18.33404630646134,2.8695502643276822,1.0,1.0
2026-02-23 12:15:00,10.289,-0.444251598260329,5.920746183015223,18.77500195664629,5.920746183015223,1.0,1.0
2026-02-23 12:30:00,2.962,-0.11223642882492907,10.035454967949592,21.24719579324318,10.035454967949592,1.0,1.0
2026-02-23 12:45:00,0.439,-0.609823678237915,11.149382167977407,19.23264355938979,11.149382167977407,1.0,1.0
2026-02-23 13:00:00,3.206,-1.3113178492487199,11.70110665327173,20.637381085933903,11.70110665327173,1.0,1.0
2026-02-23 13:15:00,7.745,0.34402802336187205,11.68048564716321,21.01554087648501,11.68048564716321,1.0,1.0
2026-02-23 13:30:00,0.753,-1.677708221857913,13.338752463618693,21.77485919540663,13.338752463618693,1.0,1.0
2026-02-23 13:45:00,5.352,-1.2969867377709259,7.113805047135797,19.705305612099153,7.113805047135797,1.0,1.0
2026-02-23 14:00:00,-2.199,-3.5605601426335807,4.704669312724616,19.48920787418977,4.704669312724616,1.0,-1.0
2026-02-23 14:15:00,-9.017,-2.7680147697723094,4.2660752809090425,16.406646754905356,4.2660752809090425,1.0,-1.0
2026-02-23 14:30:00,-4.745,-4.279681263557629,4.199409148112374,14.371536486499155,4.199409148112374,1.0,-1.0
2026-02-23 14:45:00,1.11,-3.9356228880251964,5.900196097568608,13.194866406823518,5.900196097568608,1.0,1.0
2026-02-23 15:00:00,0.991,-2.764068871404041,8.258551745496936,16.12544157324453,8.258551745496936,1.0,1.0
2026-02-23 15:15:00,-0.94,-4.15708098144682,6.514051707526009,12.346934030826018,6.514051707526009,1.0,-1.0
2026-02-23 15:30:00,-6.311,-5.373754453715383,2.9784052443934304,12.864510107281397,2.9784052443934304,1.0,-1.0
2026-02-23 15:45:00,3.61,-6.96387032825638,2.034242563095599,12.091208309864044,2.034242563095599,1.0,1.0
2026-02-23 16:00:00,5.224,-4.9734756256890185,4.689069774607827,16.039420557826297,4.689069774607827,1.0,1.0
2026-02-23 16:15:00,-4.798,-6.537013597624991,1.2428998884133828,13.355424646019083,1.2428998884133828,1.0,-1.0
2026-02-23 16:30:00,-3.662,-5.326142833145001,2.594565946232399,11.002370209365349,2.594565946232399,1.0,-1.0
2026-02-23 16:45:00,-2.763,-5.137397955654492,1.0021202535995606,11.066532295089905,1.0021202535995606,1.0,-1.0
2026-02-23 17:00:00,1.942,-3.0466722719833306,3.8396250926091295,16.661709527306343,3.8396250926091295,1.0,1.0
2026-02-23 17:15:00,7.404,-3.127138849302249,2.59315862448759,14.255225142451957,2.59315862448759,1.0,1.0
2026-02-23 17:30:00,9.401,-5.5365316712926855,1.420126267137161,10.91137906098358,1.420126267137161,1.0,1.0
2026-02-23 17:45:00,7.725,-5.380312413930879,3.626745614607952,11.705070698908647,3.626745614607952,1.0,1.0
2026-02-23 18:00:00,17.73,-4.651440544978934,2.173310628618124,11.79826584129402,2.173310628618124,1.0,1.0
2026-02-23 18:15:00,18.514,-4.242390903943555,2.0233711751965893,9.087912313783153,2.0233711751965893,1.0,1.0
2026-02-23 18:30:00,18.546,-3.813026566891781,0.432017725531985,8.423315316129655,0.432017725531985,1.0,1.0
2026-02-23 18:45:00,-2.582,-3.312931361828538,-0.087831313927215,7.593951419058812,-0.087831313927215,-1.0,-1.0
2026-02-23 19:00:00,-1.099,-2.687246486854566,0.6413467633781536,7.787003736790804,0.6413467633781536,1.0,-1.0
2026-02-23 19:15:00,4.604,-2.8668769468175728,0.23687033993422468,8.621518939177433,0.23687033993422468,1.0,1.0
2026-02-23 19:30:00,6.433,-2.341793208795017,0.35993248833841224,11.230589814164844,0.35993248833841224,1.0,1.0
2026-02-23 19:45:00,-2.557,-2.055301196394606,2.6072930310228606,10.765831939195028,2.6072930310228606,1.0,-1.0
2026-02-23 20:00:00,-3.121,-2.7329229973596147,2.5570605306298733,14.591088784077366,2.5570605306298733,1.0,-1.0
2026-02-23 20:15:00,5.09,-1.6413522408578736,4.721924461019644,15.899644062337956,4.721924461019644,1.0,1.0
2026-02-23 20:30:00,-2.147,-0.8350457024013566,2.9687089250257874,13.970766324116534,2.9687089250257874,1.0,-1.0
2026-02-23 20:45:00,2.155,-1.8046125320242983,2.9838900831942294,10.973438045723206,2.9838900831942294,1.0,1.0
2026-02-23 21:00:00,7.365,-6.74913259944172,0.8771597035375179,7.761323985179288,0.8771597035375179,1.0,1.0
2026-02-23 21:15:00,4.089,-3.483336709348025,3.220483604476617,11.414282005012831,3.220483604476617,1.0,1.0
2026-02-23 21:30:00,3.477,-2.9518259229171724,1.7296385426800494,9.143096760601997,1.7296385426800494,1.0,1.0
2026-02-23 21:45:00,6.145,-4.238539587480478,1.6338671312627717,9.099541424295069,1.6338671312627717,1.0,1.0
2026-02-23 22:00:00,-2.574,-7.499591490453204,-0.26163095009859444,7.41435333760167,-0.26163095009859444,-1.0,-1.0
2026-02-23 22:15:00,0.038,-4.433683376660119,1.812045309975041,9.012372165186246,1.812045309975041,1.0,1.0
2026-02-23 22:30:00,2.566,-3.6587461321117876,1.194524398934785,7.7663358200134684,1.194524398934785,1.0,1.0
2026-02-23 22:45:00,2.571,-3.157951270301169,5.379188282725213,9.453559733697618,5.379188282725213,1.0,1.0
2026-02-23 23:00:00,1.061,-5.299332293575447,1.7549081297284048,7.642575371085404,1.7549081297284048,1.0,1.0
2026-02-23 23:15:00,6.687,-3.1952742617736107,1.158646736906125,7.840010464288544,1.158646736906125,1.0,1.0
2026-02-23 23:30:00,4.98,-2.766052300250523,3.3378562306773594,9.196275394670657,3.3378562306773594,1.0,1.0
2026-02-23 23:45:00,3.646,-2.873728095947383,3.250816337697949,9.515611458416116,3.250816337697949,1.0,1.0
2026-02-24 00:00:00,-11.918,-7.9935811977831195,-0.1795109927236767,5.760149390349007,-0.1795109927236767,-1.0,-1.0
2026-02-24 00:15:00,-8.64,-4.741590763836151,1.1039601504006749,6.47852281562259,1.1039601504006749,1.0,-1.0
2026-02-24 00:30:00,-11.151,-4.963215303535096,1.564338345263511,7.1438966399943435,1.564338345263511,1.0,-1.0
2026-02-24 00:45:00,-15.649,-5.056500326934084,2.576073163400028,9.693429566527136,2.576073163400028,1.0,-1.0
2026-02-24 01:00:00,-15.556,-6.756533939492549,-1.196354830450198,7.656763189008351,-1.196354830450198,-1.0,-1.0
2026-02-24 01:15:00,-9.13,-2.5738513865636685,0.02447880389518286,7.240388556880873,0.02447880389518286,1.0,-1.0
2026-02-24 01:30:00,-14.187,-2.7474866725436633,1.3840091545964148,7.21907165287637,1.3840091545964148,1.0,-1.0
2026-02-24 01:45:00,-9.459,-4.115270397871486,1.4747710291430662,7.8417640221396345,1.4747710291430662,1.0,-1.0
2026-02-24 02:00:00,-13.628,-8.278473629373718,-2.6300687923504937,3.9046205024425844,-2.6300687923504937,-1.0,-1.0
2026-02-24 02:15:00,-5.63,-7.54243150929603,-1.6028342495928878,3.0398557261697983,-1.6028342495928878,-1.0,-1.0
2026-02-24 02:30:00,-8.49,-7.628816446603333,-2.4054817371519697,1.2111323173471764,-2.4054817371519697,-1.0,-1.0
2026-02-24 02:45:00,-6.029,-8.578965827739975,-2.0484390320899175,1.3096494358275461,-2.0484390320899175,-1.0,-1.0
2026-02-24 03:00:00,-8.807,-9.159404963544318,-3.6979277561735997,-0.1740486253713743,-3.6979277561735997,-1.0,-1.0
2026-02-24 03:15:00,-11.726,-7.934516438277508,-2.7525885571157285,0.45524980672759335,-2.7525885571157285,-1.0,-1.0
2026-02-24 03:30:00,-0.838,-8.589238744996763,-3.4168291430317677,0.6901561743896744,-3.4168291430317677,-1.0,-1.0
2026-02-24 03:45:00,0.0,-7.621995035021329,-4.390855392928553,0.9233585052523988,-4.390855392928553,-1.0,0.0
2026-02-24 04:00:00,-0.911,-6.621007664284599,-3.6711419362597386,1.4469223624576122,-3.6711419362597386,-1.0,-1.0
2026-02-24 04:15:00,-1.32,-7.497681383820523,-1.84958950557013,0.8528371119068794,-1.84958950557013,-1.0,-1.0
2026-02-24 04:30:00,-3.086,-9.825176875119567,-2.2826981846374457,0.6111336427848578,-2.2826981846374457,-1.0,-1.0
2026-02-24 04:45:00,-4.893,-9.397884356811332,-2.2079032804309535,1.8125461509874679,-2.2079032804309535,-1.0,-1.0
2026-02-24 05:00:00,2.85,-8.186259575573628,-2.3905321944833426,3.142936769988597,-2.3905321944833426,-1.0,1.0
2026-02-24 05:15:00,2.042,-7.730513397996188,-1.8368269321109447,1.837177808619761,-1.8368269321109447,-1.0,1.0
2026-02-24 05:30:00,0.808,-6.07081398982353,-0.045380432625222455,3.414638051414134,-0.045380432625222455,-1.0,1.0
2026-02-24 05:45:00,0.336,-3.7312437298525283,-0.29036756003010517,5.636031214915257,-0.29036756003010517,-1.0,1.0
2026-02-24 06:00:00,-1.442,-6.187038927736713,2.1697852483158027,6.83212689569405,2.1697852483158027,1.0,-1.0
2026-02-24 06:15:00,0.436,-4.331813768802178,1.5974003676525848,5.0333329263724,1.5974003676525848,1.0,1.0
2026-02-24 06:30:00,5.307,-5.9321397249653,0.3550143110284078,5.975633352213402,0.3550143110284078,1.0,1.0
2026-02-24 06:45:00,6.957,-5.616424840436525,0.11390082852392207,5.273414464263945,0.11390082852392207,1.0,1.0
2026-02-24 07:00:00,-5.145,-9.707073870645498,0.3782814361676416,5.456829263429254,0.3782814361676416,1.0,-1.0
2026-02-24 07:15:00,-5.491,-7.884390344990052,1.1308370456153989,6.1179128495457755,1.1308370456153989,1.0,-1.0
2026-02-24 07:30:00,6.025,-7.839936378424042,1.4348529033722652,6.285211787544587,1.4348529033722652,1.0,1.0
2026-02-24 07:45:00,4.07,-7.477396019402649,-0.45811138280897556,7.4792857861210775,-0.45811138280897556,-1.0,1.0
2026-02-24 08:00:00,-3.728,-12.138995475299934,-1.6978829711144667,7.93228230794301,-1.6978829711144667,-1.0,-1.0
2026-02-24 08:15:00,0.04,-6.470148350371083,-0.10623390976727919,10.804828414284556,-0.10623390976727919,-1.0,1.0
2026-02-24 08:30:00,-4.45,-5.660198928241233,0.7985137742746287,9.975363071840368,0.7985137742746287,1.0,-1.0
2026-02-24 08:45:00,2.878,-4.745975436807971,3.447913718478841,17.090259553549625,3.447913718478841,1.0,1.0
2026-02-24 09:00:00,6.717,-9.523384953264555,-0.20305302937330186,12.262839146441125,-0.20305302937330186,-1.0,1.0
2026-02-24 09:15:00,8.854,-2.490983904401993,1.6546071623093184,13.162050917631143,1.6546071623093184,1.0,1.0
2026-02-24 09:30:00,18.235,-3.5518146986552455,2.0723035142875803,17.66325714038473,2.0723035142875803,1.0,1.0
2026-02-24 09:45:00,15.763,-3.704083838554041,4.066474736360836,21.439431636608536,4.066474736360836,1.0,1.0
2026-02-24 10:00:00,27.339,-10.619205318793435,1.641033867194716,14.727504997416434,1.641033867194716,1.0,1.0
2026-02-24 10:15:00,24.689,-8.294461925581425,2.7797582350990115,13.998959376944745,2.7797582350990115,1.0,1.0
2026-02-24 10:30:00,33.144,-9.486260895144405,2.466573702313449,13.877596841187662,2.466573702313449,1.0,1.0
2026-02-24 10:45:00,17.251,-3.6133276329909796,6.56187256294022,23.90679456978624,6.56187256294022,1.0,1.0
2026-02-24 11:00:00,-1.51,-3.568154061427408,6.169804755645776,18.343622246677672,6.169804755645776,1.0,-1.0
2026-02-24 11:15:00,-1.532,-1.0945782293735529,8.44448616281318,17.87861632874806,8.44448616281318,1.0,-1.0
2026-02-24 11:30:00,-3.51,-1.5531723209046342,10.07196456915567,18.115498132533883,10.07196456915567,1.0,-1.0
2026-02-24 11:45:00,-15.167,2.764631547377691,13.698211132193073,20.519994256751705,13.698211132193073,1.0,-1.0
2026-02-24 12:00:00,-3.456,-0.715814823280458,12.208969828121555,20.42020955358183,12.208969828121555,1.0,-1.0
2026-02-24 12:15:00,-4.368,1.6628334641164695,12.818823944161277,24.38708458602433,12.818823944161277,1.0,-1.0
2026-02-24 12:30:00,-7.368,-0.23001858754501286,14.504353142383643,21.85262081785115,14.504353142383643,1.0,-1.0
2026-02-24 12:45:00,5.571,-4.096445866992093,7.768523908505337,17.118738760572306,7.768523908505337,1.0,1.0
2026-02-24 13:00:00,-3.599,-7.383902499359452,2.735648482474329,11.451818801624212,2.735648482474329,1.0,-1.0
2026-02-24 13:15:00,-5.296,-6.354838207634063,1.6010302974856618,11.526136834776327,1.6010302974856618,1.0,-1.0
2026-02-24 13:30:00,-0.811,-9.954373283678091,-1.1046363612151393,9.214238070114288,-1.1046363612151393,-1.0,-1.0
2026-02-24 13:45:00,-12.541,-9.337434903531834,1.486901459926526,10.608909076479824,1.486901459926526,1.0,-1.0
2026-02-24 14:00:00,-13.656,-6.771660909190377,2.6531537547507575,11.660271764202907,2.6531537547507575,1.0,-1.0
2026-02-24 14:15:00,-16.964,-7.800562219116979,1.7355692956192013,8.18637508256988,1.7355692956192013,1.0,-1.0
2026-02-24 14:30:00,-12.247,-8.037418605019772,3.039944296275905,16.610175759749374,3.039944296275905,1.0,-1.0
2026-02-24 14:45:00,-5.204,-5.756099348538589,4.400604031774413,13.088754584152746,4.400604031774413,1.0,-1.0
2026-02-24 15:00:00,-3.345,-3.0676237204255807,1.8194285380488717,8.898621596450726,1.8194285380488717,1.0,-1.0
2026-02-24 15:15:00,-12.959,-4.134513064527719,1.9347885663232638,9.452077391637573,1.9347885663232638,1.0,-1.0
2026-02-24 15:30:00,-7.37,-7.860905866443988,-0.5126307412849578,5.262963937595897,-0.5126307412849578,-1.0,-1.0
2026-02-24 15:45:00,-4.764,-8.168074116049125,-1.6218204257973905,4.485389101949712,-1.6218204257973905,-1.0,-1.0
2026-02-24 16:00:00,-1.137,-10.942336934496819,-2.417995608643129,7.072766647511832,-2.417995608643129,-1.0,-1.0
2026-02-24 16:15:00,-4.405,-9.852256666557892,-1.7858425548478616,5.617452340754478,-1.7858425548478616,-1.0,-1.0
2026-02-24 16:30:00,3.713,-7.155726075531009,-0.5171175083647332,4.472932377862522,-0.5171175083647332,-1.0,1.0
2026-02-24 16:45:00,1.578,-6.735380485117309,-1.2707363989100902,2.5620994252859597,-1.2707363989100902,-1.0,1.0
2026-02-24 17:00:00,7.279,-7.311647640126318,0.5943586758100416,5.380479455363659,0.5943586758100416,1.0,1.0
2026-02-24 17:15:00,-1.391,-6.232155071661057,-1.4494951761402877,6.461470026917019,-1.4494951761402877,-1.0,-1.0
2026-02-24 17:30:00,8.685,-7.342393733576858,-1.159106718269318,5.676354242245057,-1.159106718269318,-1.0,1.0
2026-02-24 17:45:00,-5.603,-6.9221149183503154,-1.931945285342933,2.666620893083645,-1.931945285342933,-1.0,-1.0
2026-02-24 18:00:00,-14.591,-5.994055017865206,0.4557029858192923,9.183853954996222,0.4557029858192923,1.0,-1.0
2026-02-24 18:15:00,-2.498,-5.266796494193074,0.9734058182741758,9.448073449452911,0.9734058182741758,1.0,-1.0
2026-02-24 18:30:00,-1.93,-4.344676441277249,0.812029499681379,8.03601385468412,0.812029499681379,1.0,-1.0
2026-02-24 18:45:00,-8.026,-5.895975452755703,1.2470741412690225,7.824852992271949,1.2470741412690225,1.0,-1.0
2026-02-24 19:00:00,-3.209,-9.035368052696736,-0.687929372057654,7.638443994401966,-0.687929372057654,-1.0,-1.0
2026-02-24 19:15:00,2.25,-5.637138260013444,0.8922940307991416,8.4566157402348,0.8922940307991416,1.0,1.0
2026-02-24 19:30:00,1.566,-7.008529394416616,-0.38521350601632576,8.268184126673702,-0.38521350601632576,-1.0,1.0
2026-02-24 19:45:00,2.747,-7.64242552599402,0.39198602604337773,5.39605126085729,0.39198602604337773,1.0,1.0
2026-02-24 20:00:00,-3.341,-9.497997906331777,-1.0250910242831344,3.5941525111695807,-1.0250910242831344,-1.0,-1.0
2026-02-24 20:15:00,-3.293,-4.429480247345098,-0.8901266383776718,2.9729890881998635,-0.8901266383776718,-1.0,-1.0
2026-02-24 20:30:00,-0.773,-5.892621245737699,0.9942254543374804,2.9698229833903254,0.9942254543374804,1.0,-1.0
2026-02-24 20:45:00,-9.324,-4.7053973666728135,1.0674091356499456,5.4912272263334305,1.0674091356499456,1.0,-1.0
2026-02-24 21:00:00,-10.415,-7.685376540045348,-0.7134863100192093,6.642027285022586,-0.7134863100192093,-1.0,-1.0
2026-02-24 21:15:00,-8.862,-4.315485576870485,0.44254209156112184,4.309269791216647,0.44254209156112184,1.0,-1.0
2026-02-24 21:30:00,4.422,-5.030334593739898,1.7330703454552134,4.876325570865717,1.7330703454552134,1.0,1.0
2026-02-24 21:45:00,4.37,-5.789634558976394,1.8219062871397271,6.19914513385213,1.8219062871397271,1.0,1.0
2026-02-24 22:00:00,-1.672,-8.670317975802014,-0.9035959009181016,4.716399303002115,-0.9035959009181016,-1.0,-1.0
2026-02-24 22:15:00,-9.046,-6.204830556930411,0.22183396948805792,4.629809563342471,0.22183396948805792,1.0,-1.0
2026-02-24 22:30:00,-3.878,-9.437734249968825,-0.33252878002477854,4.234250421768659,-0.33252878002477854,-1.0,-1.0
2026-02-24 22:45:00,-5.226,-6.517066092416555,0.4802894558118002,5.31686454651777,0.4802894558118002,1.0,-1.0
2026-02-24 23:00:00,1.254,-9.742586014768621,-2.99159460196742,3.2990062332316437,-2.99159460196742,-1.0,1.0
2026-02-24 23:15:00,7.373,-6.25642134477925,-0.9402214739789099,3.7684329563750096,-0.9402214739789099,-1.0,1.0
2026-02-24 23:30:00,14.469,-4.1450483809022876,0.7851055683229495,6.151651951005443,0.7851055683229495,1.0,1.0
2026-02-24 23:45:00,7.21,-4.025912835289856,2.5643694129617205,5.420393130608345,2.5643694129617205,1.0,1.0
2026-02-25 00:00:00,-11.175,-9.882538506653063,0.10998009629938948,3.692956752294799,0.10998009629938948,1.0,-1.0
2026-02-25 00:15:00,-2.122,-7.545644091545814,0.9969544300773443,3.9057036654709623,0.9969544300773443,1.0,-1.0
2026-02-25 00:30:00,-0.223,-7.397348642605607,0.3336574280764363,4.100574785459335,0.3336574280764363,1.0,-1.0
2026-02-25 00:45:00,-1.093,-6.238225392485676,2.0655809834744776,6.446763233836853,2.0655809834744776,1.0,-1.0
2026-02-25 01:00:00,2.316,-7.580769363287705,0.8994672728213817,6.4732239409058225,0.8994672728213817,1.0,1.0
2026-02-25 01:15:00,4.323,-5.189989207485096,3.2549347016365306,10.54764598583608,3.2549347016365306,1.0,1.0
2026-02-25 01:30:00,3.257,-3.5173229018440786,1.7581001341372557,9.172063185634649,1.7581001341372557,1.0,1.0
2026-02-25 01:45:00,9.184,-7.401075960687083,0.642944375221303,5.8078394643215,0.642944375221303,1.0,1.0
2026-02-25 02:00:00,-3.659,-10.246149452318253,-1.864476687992613,3.1520865868232955,-1.864476687992613,-1.0,-1.0
2026-02-25 02:15:00,-3.466,-7.476520823774523,-0.404562086946769,3.9214382310987133,-0.404562086946769,-1.0,-1.0
2026-02-25 02:30:00,-10.835,-7.891507021546765,1.211742014832222,3.0438312770032185,1.211742014832222,1.0,-1.0
2026-02-25 02:45:00,-3.9,-5.201788754586474,1.995429903739277,6.081936294591749,1.995429903739277,1.0,-1.0
2026-02-25 03:00:00,-8.622,-6.513268121333206,1.5786359268142203,7.0266574209386645,1.5786359268142203,1.0,-1.0
2026-02-25 03:15:00,-9.754,-3.6121347266898054,3.111456309071077,7.480461456643243,3.111456309071077,1.0,-1.0
2026-02-25 03:30:00,-11.646,-3.1903372770428455,2.6180850737404264,8.538801859023813,2.6180850737404264,1.0,-1.0
2026-02-25 03:45:00,-6.864,-2.1357583180586333,2.480345332468133,7.268139203665858,2.480345332468133,1.0,-1.0
2026-02-25 04:00:00,1.523,-2.572761228700393,2.229759891024679,5.906618665083572,2.229759891024679,1.0,1.0
2026-02-25 04:15:00,-3.458,-3.577229143277419,-0.6492186356016459,3.842346305372155,-0.6492186356016459,-1.0,-1.0
2026-02-25 04:30:00,-2.953,-7.236376674293281,-0.6412278743643031,2.857582800752698,-0.6412278743643031,-1.0,-1.0
2026-02-25 04:45:00,-1.588,-5.996577874636308,-0.5244306390320135,3.2594951742572174,-0.5244306390320135,-1.0,-1.0
2026-02-25 05:00:00,-11.364,-6.677072918341505,0.5286051136081727,2.4363433916779034,0.5286051136081727,1.0,-1.0
2026-02-25 05:15:00,-13.625,-6.690878292983084,0.5473072271784081,2.0465186448273123,0.5473072271784081,1.0,-1.0
2026-02-25 05:30:00,-13.94,-6.546801867295617,-0.8699881468588714,2.6181023149547786,-0.8699881468588714,-1.0,-1.0
2026-02-25 05:45:00,-11.581,-4.864168353679148,-0.017434555014464642,3.9274321468160456,-0.017434555014464642,-1.0,-1.0
2026-02-25 06:00:00,-21.236,-8.790523956952264,2.05589359750419,6.937716111795657,2.05589359750419,1.0,-1.0
2026-02-25 06:15:00,-16.205,-8.161854759616288,0.9929842288186592,4.748183479853233,0.9929842288186592,1.0,-1.0
2026-02-25 06:30:00,-17.595,-5.796337045926598,0.9834314524163845,6.115268197936875,0.9834314524163845,1.0,-1.0
2026-02-25 06:45:00,-11.779,-8.689818308507093,-0.8361164624409333,6.144763409959941,-0.8361164624409333,-1.0,-1.0
2026-02-25 07:00:00,-13.152,-12.627318152777415,-3.1397220595946003,4.490367809831948,-3.1397220595946003,-1.0,-1.0
2026-02-25 07:15:00,-14.243,-10.688487234317122,-2.1096004949577476,5.105572127520442,-2.1096004949577476,-1.0,-1.0
2026-02-25 07:30:00,-8.922,-8.269561254622353,-2.234489848747505,4.787412108560781,-2.234489848747505,-1.0,-1.0
2026-02-25 07:45:00,-9.451,-9.512968146730874,-0.8882670572540861,7.080620297835837,-0.8882670572540861,-1.0,-1.0
2026-02-25 08:00:00,-14.559,-11.938185264855852,-3.8967805619032854,5.114672763011341,-3.8967805619032854,-1.0,-1.0
2026-02-25 08:15:00,-1.481,-8.110440929618216,-2.177059900433145,6.328896063334818,-2.177059900433145,-1.0,-1.0
2026-02-25 08:30:00,-10.136,-9.835306291785116,-2.9550432930136448,5.286388312795802,-2.9550432930136448,-1.0,-1.0
2026-02-25 08:45:00,-6.308,-9.25697660464935,-0.5722199589275894,7.238151188538634,-0.5722199589275894,-1.0,-1.0
2026-02-25 09:00:00,-5.877,-14.47003020747816,-6.882869477933868,7.930552653306858,-6.882869477933868,-1.0,-1.0
2026-02-25 09:15:00,-11.742,-11.677098519517582,-5.86599925709507,7.106705982444967,-5.86599925709507,-1.0,-1.0
2026-02-25 09:30:00,-16.914,-10.123499000405598,-3.7675688824245674,8.076591722209367,-3.7675688824245674,-1.0,-1.0
2026-02-25 09:45:00,-12.52,-11.370067767221306,-2.441212619833886,7.833888624661635,-2.441212619833886,-1.0,-1.0
2026-02-25 10:00:00,-10.757,-15.575664411068136,-0.6803902898281489,7.6140774377001454,-0.6803902898281489,-1.0,-1.0
2026-02-25 10:15:00,-4.359,-12.060189401235274,1.9184340259649122,7.862849313802931,1.9184340259649122,1.0,-1.0
2026-02-25 10:30:00,-10.314,-12.834233648971853,1.5426832708389742,7.9535479773465365,1.5426832708389742,1.0,-1.0
2026-02-25 10:45:00,-2.637,-11.719790681860529,1.6526188701420035,11.886935616530065,1.6526188701420035,1.0,-1.0
2026-02-25 11:00:00,-17.516,-18.928450249428465,-2.32171987246561,8.637243286624669,-2.32171987246561,-1.0,-1.0
2026-02-25 11:15:00,-10.402,-15.074005763262146,-2.1662564834769067,9.058402122363079,-2.1662564834769067,-1.0,-1.0
2026-02-25 11:30:00,-15.905,-16.19237285081502,-1.4638898561314948,8.00206674533325,-1.4638898561314948,-1.0,-1.0
2026-02-25 11:45:00,-10.878,-13.25462015837033,-2.0469482707244837,8.743465272588299,-2.0469482707244837,-1.0,-1.0
2026-02-25 12:00:00,3.647,-14.885124581452276,-1.1360869093099641,9.49120013600579,-1.1360869093099641,-1.0,1.0
2026-02-25 12:15:00,5.068,-12.895179249083697,0.05728581847000255,8.790632696756475,0.05728581847000255,1.0,1.0
2026-02-25 12:30:00,5.006,-13.999718021758524,-0.5867430787381556,10.215321994883785,-0.5867430787381556,-1.0,1.0
2026-02-25 12:45:00,16.109,-16.176742808426674,0.3449813198690631,9.474597073281524,0.3449813198690631,1.0,1.0
2026-02-25 13:00:00,12.034,-17.156337634428407,-1.43111877782632,7.470842634864581,-1.43111877782632,-1.0,1.0
2026-02-25 13:15:00,5.308,-11.557890956255564,-2.255656407817556,9.137600765116272,-2.255656407817556,-1.0,1.0
2026-02-25 13:30:00,0.744,-17.71581727783105,-0.4618334179432348,9.686513068751491,-0.4618334179432348,-1.0,1.0
2026-02-25 13:45:00,-0.461,-10.619133971296224,5.358714629917255,16.097295933970692,5.358714629917255,1.0,-1.0
2026-02-25 14:00:00,5.345,-7.96877521109232,4.254558927021481,14.439775585018625,4.254558927021481,1.0,1.0
2026-02-25 14:15:00,-3.138,-6.160203264913798,3.0862944631247045,13.733612543147627,3.0862944631247045,1.0,-1.0
2026-02-25 14:30:00,-0.657,-5.118031281646113,7.266196176239655,13.828136847450866,7.266196176239655,1.0,-1.0
2026-02-25 14:45:00,-1.839,-6.23946704358829,5.177175179119652,11.748932997657347,5.177175179119652,1.0,-1.0
2026-02-25 15:00:00,-1.205,-5.998916018631273,4.010521089679821,12.784638565450052,4.010521089679821,1.0,-1.0
2026-02-25 15:15:00,-2.208,-7.2910927525368585,2.4360712012968366,9.357219483662337,2.4360712012968366,1.0,-1.0
2026-02-25 15:30:00,-4.713,-7.149661705335617,0.6828256101077864,10.517215806634928,0.6828256101077864,1.0,-1.0
2026-02-25 15:45:00,-0.826,-7.35114175576722,0.14780797464619302,9.347878662068528,0.14780797464619302,1.0,-1.0
2026-02-25 16:00:00,-0.355,-5.862800506236007,1.1199039604423757,14.043369187754417,1.1199039604423757,1.0,-1.0
2026-02-25 16:15:00,-8.145,-4.502059262289127,0.3872662211741873,12.223159598385697,0.3872662211741873,1.0,-1.0
2026-02-25 16:30:00,-3.982,-4.75303265377514,1.172137191549851,13.643269628338038,1.172137191549851,1.0,-1.0
2026-02-25 16:45:00,-9.313,-4.933170646571343,-0.29281956615249327,12.52154944610492,-0.29281956615249327,-1.0,-1.0
2026-02-25 17:00:00,3.823,-2.501422706726535,2.86803517828658,13.878328369153133,2.86803517828658,1.0,1.0
2026-02-25 17:15:00,2.244,-1.5595486476139107,3.3806902385364888,11.523791254947595,3.3806902385364888,1.0,1.0
2026-02-25 17:30:00,-0.782,-1.6453288469911058,1.6058481311321091,8.993031090189056,1.6058481311321091,1.0,-1.0
2026-02-25 17:45:00,-2.911,-3.416074214840031,0.5716083631142119,5.928745873888367,0.5716083631142119,1.0,-1.0
2026-02-25 18:00:00,1.086,-6.510870955244456,-1.1720431585875732,5.467211973120156,-1.1720431585875732,-1.0,1.0
2026-02-25 18:15:00,-2.284,-5.50317435776942,-0.38649657772331997,5.848815682664783,-0.38649657772331997,-1.0,-1.0
2026-02-25 18:30:00,-6.005,-4.391560590463451,1.5331118164706417,5.97526376653395,1.5331118164706417,1.0,-1.0
2026-02-25 18:45:00,4.974,-9.73530433382721,1.4507272885872218,5.13215073545193,1.4507272885872218,1.0,1.0
2026-02-25 19:00:00,-0.617,-5.687318147489306,0.4011702018736036,4.721648072730238,0.4011702018736036,1.0,-1.0
2026-02-25 19:15:00,-0.104,-4.23333936022533,2.3526419645778454,3.4269105052782622,2.3526419645778454,1.0,-1.0
2026-02-25 19:30:00,2.373,-4.510008302216668,0.3394751373461921,5.377625554746348,0.3394751373461921,1.0,1.0
2026-02-25 19:45:00,0.921,-4.9340626421299,0.3533462263805512,3.7318900666047137,0.3533462263805512,1.0,1.0
2026-02-25 20:00:00,12.035,-7.3639243537085175,-1.5950481790002446,1.9301488069011343,-1.5950481790002446,-1.0,1.0
2026-02-25 20:15:00,3.249,-6.675242611458019,-1.369335966579619,2.214553302366031,-1.369335966579619,-1.0,1.0
2026-02-25 20:30:00,-4.207,-7.0899240837095245,-0.23465994915125565,5.530842649139789,-0.23465994915125565,-1.0,-1.0
2026-02-25 20:45:00,2.174,-7.365105965443716,1.4058497608426026,6.862115363036436,1.4058497608426026,1.0,1.0
2026-02-25 21:00:00,-15.531,-7.581114102989404,-1.0435989271472301,5.126493221490435,-1.0435989271472301,-1.0,-1.0
2026-02-25 21:15:00,-18.605,-6.014555938404844,1.2401031994293519,6.527626233529055,1.2401031994293519,1.0,-1.0
2026-02-25 21:30:00,-7.118,-4.382136822862958,2.194600887805761,5.893752634115614,2.194600887805761,1.0,-1.0
2026-02-25 21:45:00,-9.664,-3.0346307893797224,4.379697682791892,9.181255667396572,4.379697682791892,1.0,-1.0
2026-02-25 22:00:00,-3.576,-6.429333699968701,-0.08410429941548597,6.918107974695256,-0.08410429941548597,-1.0,-1.0
2026-02-25 22:15:00,-11.464,-6.740042947149084,1.7275419490680557,4.578039159492993,1.7275419490680557,1.0,-1.0
2026-02-25 22:30:00,-11.965,-5.5852633862742795,2.5459645570521245,4.610119914898587,2.5459645570521245,1.0,-1.0
2026-02-25 22:45:00,-8.852,-10.028420043629069,1.1115212264267658,6.574530851583541,1.1115212264267658,1.0,-1.0
2026-02-25 23:00:00,-2.497,-9.523710061397523,-0.7251905038902082,2.1151781071476066,-0.7251905038902082,-1.0,-1.0
2026-02-25 23:15:00,-0.429,-6.572642718802935,0.050530922020730326,2.9888521810159516,0.050530922020730326,1.0,-1.0
2026-02-25 23:30:00,3.73,-7.128482784023921,-1.1984246539085712,2.8791013539086547,-1.1984246539085712,-1.0,1.0
2026-02-25 23:45:00,3.501,-4.7434591249535165,0.6188561971857476,6.266694386235606,0.6188561971857476,1.0,1.0
2026-02-26 00:00:00,4.22,-10.381474870191068,-2.315120722154188,3.0038792249206625,-2.315120722154188,-1.0,1.0
2026-02-26 00:15:00,8.909,-7.859581444989579,0.5592800504173743,2.1610580426266455,0.5592800504173743,1.0,1.0
2026-02-26 00:30:00,1.095,-7.532029709482268,-0.3125591469298647,2.1930652752612376,-0.3125591469298647,-1.0,1.0
2026-02-26 00:45:00,-2.618,-6.33754297588091,2.7169926796043127,3.9260044074049367,2.7169926796043127,1.0,-1.0
2026-02-26 01:00:00,-6.128,-8.89355568712417,-1.0428341398389687,2.9077232543159575,-1.0428341398389687,-1.0,-1.0
2026-02-26 01:15:00,-6.578,-4.304721187708472,0.685493688144678,6.090045339141338,0.685493688144678,1.0,-1.0
2026-02-26 01:30:00,-10.997,-4.824396922300722,0.04688477015348838,7.228567592171776,0.04688477015348838,1.0,-1.0
2026-02-26 01:45:00,-11.34,-4.094924647882693,1.5964192303831772,10.084473134462884,1.5964192303831772,1.0,-1.0
2026-02-26 02:00:00,-19.699,-7.521399866514287,-1.8894052611629162,6.786640498255039,-1.8894052611629162,-1.0,-1.0
2026-02-26 02:15:00,-16.393,-3.463657130500335,-0.7533171165242547,6.863626707507314,-0.7533171165242547,-1.0,-1.0
2026-02-26 02:30:00,-13.334,-6.643563005671688,-0.31866262640447196,2.9466353221978356,-0.31866262640447196,-1.0,-1.0
2026-02-26 02:45:00,-15.29,-6.3516685565232525,-0.7714044513855993,2.921361766062438,-0.7714044513855993,-1.0,-1.0
2026-02-26 03:00:00,-14.927,-8.614881920141709,-2.0491129635569574,0.4494691086750209,-2.0491129635569574,-1.0,-1.0
2026-02-26 03:15:00,-10.994,-10.981156374418052,-1.308445576623349,0.4801251483518023,-1.308445576623349,-1.0,-1.0
2026-02-26 03:30:00,-17.35,-10.266787728604031,-2.4832553945525295,-0.00966796398778352,-2.4832553945525295,-1.0,-1.0
2026-02-26 03:45:00,-20.914,-11.970909412474526,-3.2947181494821574,-1.0869549599104267,-3.2947181494821574,-1.0,-1.0
2026-02-26 04:00:00,-10.232,-10.532617162672041,-4.392541648563216,-1.2466404414901462,-4.392541648563216,-1.0,-1.0
2026-02-26 04:15:00,-12.052,-8.120798425582382,-5.4460406535142685,-1.4161964960277356,-5.4460406535142685,-1.0,-1.0
2026-02-26 04:30:00,-11.812,-13.247715527388575,-8.003910222360279,-1.7577364141092844,-8.003910222360279,-1.0,-1.0
2026-02-26 04:45:00,1.645,-11.802533513607656,-8.104729743645148,0.06740589040691876,-8.104729743645148,-1.0,1.0
2026-02-26 05:00:00,3.68,-11.210698325842051,-5.196206688818708,0.8915816820302109,-5.196206688818708,-1.0,1.0
2026-02-26 05:15:00,-6.993,-12.95575983778092,-6.370164708957969,-0.5940772901217859,-6.370164708957969,-1.0,-1.0
2026-02-26 05:30:00,-7.018,-19.16025672499462,-10.948667990814968,-1.2008747286741643,-10.948667990814968,-1.0,-1.0
2026-02-26 05:45:00,-4.25,-15.551408760644275,-8.514956376394471,-0.12535014680308812,-8.514956376394471,-1.0,-1.0
2026-02-26 06:00:00,-5.411,-14.354924909465405,-8.084378475457877,1.319925257572691,-8.084378475457877,-1.0,-1.0
2026-02-26 06:15:00,-9.909,-14.620891270113045,-8.023068669643981,-1.0261625698289174,-8.023068669643981,-1.0,-1.0
2026-02-26 06:30:00,-11.07,-18.637756738691536,-7.592904388029461,0.6028851228869364,-7.592904388029461,-1.0,-1.0
2026-02-26 06:45:00,-12.981,-10.336795883738406,-6.406216619203898,3.482816929576537,-6.406216619203898,-1.0,-1.0
2026-02-26 07:00:00,-24.269,-12.269636790218298,-4.576669660073489,2.2127318131363363,-4.576669660073489,-1.0,-1.0
2026-02-26 07:15:00,-11.324,-13.777929929545014,-4.227120581797348,0.15473878862218882,-4.227120581797348,-1.0,-1.0
2026-02-26 07:30:00,-5.928,-11.142088688920673,-3.62458006380937,0.5607467550104694,-3.62458006380937,-1.0,-1.0
2026-02-26 07:45:00,3.599,-9.160935626649039,-4.161118442393034,0.31390223539124007,-4.161118442393034,-1.0,1.0
2026-02-26 08:00:00,-0.324,-14.463430803087963,-5.014878727994809,3.5174234516411156,-5.014878727994809,-1.0,-1.0
2026-02-26 08:15:00,6.002,-10.617064065680237,-4.489933130918463,4.376916110974911,-4.489933130918463,-1.0,1.0
2026-02-26 08:30:00,4.366,-11.535126410551795,-5.62163825478028,4.026908670633119,-5.62163825478028,-1.0,1.0
2026-02-26 08:45:00,4.99,-16.33925167077205,-7.108736698922548,5.87689201435968,-7.108736698922548,-1.0,1.0
2026-02-26 09:00:00,5.091,-16.339887411215354,-5.125960516298852,6.896618515384294,-5.125960516298852,-1.0,1.0
2026-02-26 09:15:00,13.638,-16.433350859123035,-4.38835021714971,7.689473211916588,-4.38835021714971,-1.0,1.0
2026-02-26 09:30:00,24.373,-16.759745505868207,-0.876857688987075,8.846240744335407,-0.876857688987075,-1.0,1.0
2026-02-26 09:45:00,9.952,-14.343111849593924,1.5907996161559703,16.742214336879695,1.5907996161559703,1.0,1.0
2026-02-26 10:00:00,6.131,-15.120437399363741,-1.3577488934601487,8.87690628028773,-1.3577488934601487,-1.0,1.0
2026-02-26 10:15:00,19.325,-9.418504618845336,0.4154096473392597,10.954725745409004,0.4154096473392597,1.0,1.0
2026-02-26 10:30:00,23.722,-8.0233604598162,1.3494621610780457,11.345440305139123,1.3494621610780457,1.0,1.0
2026-02-26 10:45:00,23.061,-7.7340430724795315,1.7836804299436637,15.267378392866705,1.7836804299436637,1.0,1.0
2026-02-26 11:00:00,26.336,-7.526617883158668,1.5727527286737264,13.140166931431855,1.5727527286737264,1.0,1.0
2026-02-26 11:15:00,32.901,-3.97623398753125,6.025877443283408,22.757340085711306,6.025877443283408,1.0,1.0
2026-02-26 11:30:00,39.407,-4.884250281056617,7.676295058349477,22.580324112155537,7.676295058349477,1.0,1.0
2026-02-26 11:45:00,35.327,-7.217657205907255,1.8434326423547427,15.767523879625328,1.8434326423547427,1.0,1.0
2026-02-26 12:00:00,42.678,-0.3986839913328224,5.291360410710726,22.970382869319383,5.291360410710726,1.0,1.0
2026-02-26 12:15:00,39.747,3.7050818139042794,11.379903824110093,21.633951495121895,11.379903824110093,1.0,1.0
2026-02-26 12:30:00,58.528,3.7309102662700218,8.456981836408769,21.029860668762577,8.456981836408769,1.0,1.0
2026-02-26 12:45:00,46.08,5.420374778831042,12.526000852995711,24.112508975896443,12.526000852995711,1.0,1.0
2026-02-26 13:00:00,31.966,6.544743633782786,15.284439609854088,27.968895355978017,15.284439609854088,1.0,1.0
2026-02-26 13:15:00,35.677,6.016753989140473,16.362200846080885,28.815825091605166,16.362200846080885,1.0,1.0
2026-02-26 13:30:00,34.553,4.508468261993231,18.329117721721918,30.33344370992937,18.329117721721918,1.0,1.0
2026-02-26 13:45:00,34.357,3.9620522149562367,15.384147987947063,28.351052058831765,15.384147987947063,1.0,1.0
2026-02-26 14:00:00,39.277,4.076256029303364,14.85076892615467,27.076728779444185,14.85076892615467,1.0,1.0
2026-02-26 14:15:00,40.773,3.7187558552347406,12.17884733732356,24.782647062323566,12.17884733732356,1.0,1.0
2026-02-26 14:30:00,24.407,-0.6340308819400579,5.690404093451941,19.65700096381078,5.690404093451941,1.0,1.0
2026-02-26 14:45:00,10.287,0.9309224877634434,8.125151063363804,20.028603874439128,8.125151063363804,1.0,1.0
2026-02-26 15:00:00,16.079,1.691190609493689,15.007032535691286,25.442210889236115,15.007032535691286,1.0,1.0
2026-02-26 15:15:00,8.357,2.521308884990052,10.029454076358455,20.752578677874652,10.029454076358455,1.0,1.0
2026-02-26 15:30:00,3.827,0.03692210832424568,2.264992918859387,19.243604497419735,2.264992918859387,1.0,1.0
2026-02-26 15:45:00,7.801,-0.6899225048354791,0.20781627449578266,17.842066486226667,0.20781627449578266,1.0,1.0
2026-02-26 16:00:00,-11.289,0.7322113622247697,7.951555962624288,23.297890396040167,7.951555962624288,1.0,-1.0
2026-02-26 16:15:00,-5.299,-1.8861837238160504,2.3012002168885224,14.736683125291366,2.3012002168885224,1.0,-1.0
2026-02-26 16:30:00,0.26,-5.383080840621207,-0.057222836204671154,13.390823825521977,-0.057222836204671154,-1.0,1.0
2026-02-26 16:45:00,1.536,-6.386654801231496,-2.3470324074297872,12.349242420719962,-2.3470324074297872,-1.0,1.0
2026-02-26 17:00:00,-2.095,-0.9985568653668541,5.162396766278719,17.686636493273316,5.162396766278719,1.0,-1.0
2026-02-26 17:15:00,-9.658,-3.1163690773105865,5.395563717894151,11.758316173697393,5.395563717894151,1.0,-1.0
2026-02-26 17:30:00,-7.847,-2.2210193809763203,1.6625795465640933,11.36695367210946,1.6625795465640933,1.0,-1.0
2026-02-26 17:45:00,-11.14,-4.733292900578424,1.661530544971272,9.681843229375511,1.661530544971272,1.0,-1.0
2026-02-26 18:00:00,5.111,-2.9827141121439404,2.636521048315559,10.44531769700224,2.636521048315559,1.0,1.0
2026-02-26 18:15:00,-0.407,-1.9009609010067365,3.6220399866960804,7.700450191205644,3.6220399866960804,1.0,-1.0
2026-02-26 18:30:00,1.843,-3.319458086735848,0.37086682246842845,8.225973430519344,0.37086682246842845,1.0,1.0
2026-02-26 18:45:00,4.281,-0.6704113020966407,0.07108405380022612,10.39667192408982,0.07108405380022612,1.0,1.0
2026-02-26 19:00:00,-1.353,-2.1236237308450354,1.0558500691588568,7.944884860438658,1.0558500691588568,1.0,-1.0
2026-02-26 19:15:00,2.197,-3.7526184443316306,-1.5810494169563971,4.060520006538988,-1.5810494169563971,-1.0,1.0
2026-02-26 19:30:00,0.494,-5.131541390891376,-0.24068639760774813,5.979208113580186,-0.24068639760774813,-1.0,1.0
2026-02-26 19:45:00,1.475,-3.4179830642123976,1.9285986016561072,4.63514325469185,1.9285986016561072,1.0,1.0
2026-02-26 20:00:00,0.132,-3.5852673806151776,0.6044328047599432,6.06030120056021,0.6044328047599432,1.0,1.0
2026-02-26 20:15:00,-4.623,-2.1020076581571283,0.6763350124759204,3.693903671874101,0.6763350124759204,1.0,-1.0
2026-02-26 20:30:00,-2.607,-1.3979106379590935,-0.6260223094842048,3.423283208979622,-0.6260223094842048,-1.0,-1.0
2026-02-26 20:45:00,-3.457,-2.8313405259022324,0.5557142486563588,4.796935681363839,0.5557142486563588,1.0,-1.0
2026-02-26 21:00:00,2.599,-11.200022644421397,-2.3641069358154834,2.664250164538218,-2.3641069358154834,-1.0,1.0
2026-02-26 21:15:00,7.422,-8.360308656710291,-0.5604550240030491,4.482229363197235,-0.5604550240030491,-1.0,1.0
2026-02-26 21:30:00,6.56,-8.679086183495045,-2.090202080473176,3.154067682704559,-2.090202080473176,-1.0,1.0
2026-02-26 21:45:00,3.964,-7.874086747215035,-0.5267561182050822,4.897173004344001,-0.5267561182050822,-1.0,1.0
2026-02-26 22:00:00,-2.034,-8.693127899948925,-2.893273145872525,4.210194539911457,-2.893273145872525,-1.0,-1.0
2026-02-26 22:15:00,-7.059,-8.747449855970215,-1.2415487321344059,3.9067965460629304,-1.2415487321344059,-1.0,-1.0
2026-02-26 22:30:00,-6.425,-9.285094015234142,-2.767039772745649,2.842548247966138,-2.767039772745649,-1.0,-1.0
2026-02-26 22:45:00,-12.07,-9.574904336866126,-0.6169106027434759,3.4310582934425846,-0.6169106027434759,-1.0,-1.0
2026-02-26 23:00:00,-13.365,-7.085500937012407,-0.19584655924054192,4.502011742276893,-0.19584655924054192,-1.0,-1.0
2026-02-26 23:15:00,-12.469,-5.683134914826428,1.933071142389465,6.326560981606675,1.933071142389465,1.0,-1.0
2026-02-26 23:30:00,-13.212,-5.083349336855491,1.335026250729179,5.773231939022426,1.335026250729179,1.0,-1.0
2026-02-26 23:45:00,-8.88,-6.333057777077616,2.519272495492776,5.54495302035887,2.519272495492776,1.0,-1.0
2026-02-27 00:00:00,-13.874,-9.900991834103987,-0.9208632992904175,2.690084723466946,-0.9208632992904175,-1.0,-1.0
2026-02-27 00:15:00,-12.208,-7.923083574293902,-1.5902999081927143,4.218073679778559,-1.5902999081927143,-1.0,-1.0
2026-02-27 00:30:00,-18.229,-11.583688817780077,-1.148330872755463,1.9795973493618693,-1.148330872755463,-1.0,-1.0
2026-02-27 00:45:00,-12.141,-14.471172647515713,-2.028897579474088,2.476654350018203,-2.028897579474088,-1.0,-1.0
2026-02-27 01:00:00,-0.504,-14.546264544023291,-5.867718400577721,0.2989723793729413,-5.867718400577721,-1.0,-1.0
2026-02-27 01:15:00,-3.025,-16.481874034029712,-5.849387450768704,-0.13183326330447262,-5.849387450768704,-1.0,-1.0
2026-02-27 01:30:00,-2.959,-15.655835771602531,-4.843612076393212,-0.12458183445416961,-4.843612076393212,-1.0,-1.0
2026-02-27 01:45:00,3.898,-15.719586892057936,-3.9766290863547327,0.8735778828257706,-3.9766290863547327,-1.0,1.0
2026-02-27 02:00:00,2.957,-17.24914209551654,-7.876266724331069,-1.1494324089296495,-7.876266724331069,-1.0,1.0
2026-02-27 02:15:00,1.024,-17.705043159889513,-8.350324090415072,-0.627887059514435,-8.350324090415072,-1.0,1.0
2026-02-27 02:30:00,-0.42,-14.848290843629012,-6.398504444673561,0.04405413891222179,-6.398504444673561,-1.0,-1.0
2026-02-27 02:45:00,0.474,-15.683223614496972,-2.5831116820673805,2.229639680570698,-2.5831116820673805,-1.0,1.0
2026-02-27 03:00:00,-0.851,-9.686548617857103,0.6167812894466875,3.965745445316272,0.6167812894466875,1.0,-1.0
2026-02-27 03:15:00,1.237,-10.754007791159944,1.953411862968047,2.8934514729705505,1.953411862968047,1.0,1.0
2026-02-27 03:30:00,-0.994,-9.746822664089027,-0.835184096381625,3.545936173713704,-0.835184096381625,-1.0,-1.0
2026-02-27 03:45:00,2.068,-8.792574446312026,1.629761007197061,4.438223951678118,1.629761007197061,1.0,1.0
2026-02-27 04:00:00,3.337,-10.922401851549383,0.13372498947624498,5.927422616891903,0.13372498947624498,1.0,1.0
2026-02-27 04:15:00,2.743,-11.172607546000522,0.8231673404478688,5.7748364952249265,0.8231673404478688,1.0,1.0
2026-02-27 04:30:00,3.212,-11.655878396783086,-0.5010917759721132,5.48446557565738,-0.5010917759721132,-1.0,1.0
2026-02-27 04:45:00,-4.021,-9.169138952409774,0.5864876453366874,5.274468175067487,0.5864876453366874,1.0,-1.0
2026-02-27 05:00:00,-5.851,-7.668758769642686,0.2488056151693165,5.302641088570813,0.2488056151693165,1.0,-1.0
2026-02-27 05:15:00,-2.31,-8.346681789208915,0.5489568298979045,3.6726851575530883,0.5489568298979045,1.0,-1.0
2026-02-27 05:30:00,-3.082,-11.95238339029615,-0.5149588828729561,3.956672306689385,-0.5149588828729561,-1.0,-1.0
2026-02-27 05:45:00,-2.84,-9.071432922888784,-0.33415396110887047,3.9392932969539993,-0.33415396110887047,-1.0,-1.0
2026-02-27 06:00:00,-12.128,-7.652954155430491,1.306178221868896,9.768271926831481,1.306178221868896,1.0,-1.0
2026-02-27 06:15:00,-12.871,-8.193332393257672,-0.22819203371670235,5.559929816739455,-0.22819203371670235,-1.0,-1.0
2026-02-27 06:30:00,-11.356,-8.882206193300393,-2.958351741857082,6.177196417963575,-2.958351741857082,-1.0,-1.0
2026-02-27 06:45:00,-6.997,-9.429259443301328,-4.2329283376896285,4.527083467052824,-4.2329283376896285,-1.0,-1.0
2026-02-27 07:00:00,-13.063,-15.080558574693292,-3.1349072657617425,4.429872595285441,-3.1349072657617425,-1.0,-1.0
2026-02-27 07:15:00,-3.19,-10.109432730577309,-2.0288359598824446,4.6979599212160545,-2.0288359598824446,-1.0,-1.0
2026-02-27 07:30:00,-11.237,-9.196836825281155,-1.1273728915612402,5.434497878271858,-1.1273728915612402,-1.0,-1.0
2026-02-27 07:45:00,-6.504,-9.234783836515566,1.3749432784380256,7.99127175532085,1.3749432784380256,1.0,-1.0
2026-02-27 08:00:00,7.219,-10.020402336439348,-1.8742547991916538,8.131666689865607,-1.8742547991916538,-1.0,1.0
2026-02-27 08:15:00,-0.52,-9.942315133937809,-0.4672225559362589,10.498015370090346,-0.4672225559362589,-1.0,-1.0
2026-02-27 08:30:00,1.336,-9.202945520050948,-0.6054761604638421,13.264794663849395,-0.6054761604638421,-1.0,1.0
2026-02-27 08:45:00,1.119,-8.767162205670564,0.9737926226331064,16.59959834757225,0.9737926226331064,1.0,1.0
2026-02-27 09:00:00,21.532,-14.689972119793046,-1.000713812781847,12.459822196335761,-1.000713812781847,-1.0,1.0
2026-02-27 09:15:00,5.999,-13.832662220449087,-0.32944266022737984,10.590968143038246,-0.32944266022737984,-1.0,1.0
2026-02-27 09:30:00,5.2,-13.380547707287802,0.5365063616115776,11.783596794810911,0.5365063616115776,1.0,1.0
2026-02-27 09:45:00,8.413,-7.612794713886547,2.955525792841142,18.911130684941458,2.955525792841142,1.0,1.0
2026-02-27 10:00:00,29.12,-11.592006189596129,0.9943324632507957,13.232866349455835,0.9943324632507957,1.0,1.0
2026-02-27 10:15:00,24.496,-5.9018388442479734,2.4955822197176816,14.7245753291583,2.4955822197176816,1.0,1.0
2026-02-27 10:30:00,11.655,-8.171250058516431,2.90145775313874,14.223164355398893,2.90145775313874,1.0,1.0
2026-02-27 10:45:00,27.31,-4.767550530867725,7.230811599686874,22.374449465326876,7.230811599686874,1.0,1.0
2026-02-27 11:00:00,21.244,-5.833966689657012,8.69455102670116,21.528882627373854,8.69455102670116,1.0,1.0
2026-02-27 11:15:00,28.365,-2.8284918220255113,8.096236425877539,19.386349308368956,8.096236425877539,1.0,1.0
2026-02-27 11:30:00,41.402,-0.461239887668087,9.290856768374715,20.74252036879235,9.290856768374715,1.0,1.0
2026-02-27 11:45:00,30.434,2.6359032917956147,11.452014574517516,21.77963229361517,11.452014574517516,1.0,1.0
2026-02-27 12:00:00,17.607,3.084742307834974,17.828036632503693,28.707636348165757,17.828036632503693,1.0,1.0
2026-02-27 12:15:00,14.463,3.780459238169413,18.848331512241185,27.14711144834475,18.848331512241185,1.0,1.0
2026-02-27 12:30:00,10.435,5.190844071461399,13.713776415414253,24.768809996491335,13.713776415414253,1.0,1.0
2026-02-27 12:45:00,13.868,2.4749087350311654,14.41192874111254,27.639666943075774,14.41192874111254,1.0,1.0
2026-02-27 13:00:00,23.609,2.4038307939067582,13.273235841707246,26.884554927616755,13.273235841707246,1.0,1.0
2026-02-27 13:15:00,15.354,4.939653071483401,21.61841916656183,30.280979154161923,21.61841916656183,1.0,1.0
2026-02-27 13:30:00,8.108,3.6913677117486667,20.756910804779743,32.34036831043732,20.756910804779743,1.0,1.0
2026-02-27 13:45:00,12.241,6.344374050715097,16.589037539284895,28.487508356062705,16.589037539284895,1.0,1.0
2026-02-27 14:00:00,16.568,6.4394369108833365,15.045950407780728,31.182782073998666,15.045950407780728,1.0,1.0
2026-02-27 14:15:00,14.773,3.242609027004611,14.11246555041405,22.735038664384202,14.11246555041405,1.0,1.0
2026-02-27 14:30:00,7.995,2.899886415351178,10.052687573678329,20.84474423955678,10.052687573678329,1.0,1.0
2026-02-27 14:45:00,10.249,2.364130201188049,8.239691536862528,18.243260669807928,8.239691536862528,1.0,1.0
2026-02-27 15:00:00,-4.893,0.5749346407486906,10.592872298601648,20.19698113854613,10.592872298601648,1.0,-1.0
2026-02-27 15:15:00,-7.34,-1.1200625666357327,7.745920969112897,14.972769758473726,7.745920969112897,1.0,-1.0
2026-02-27 15:30:00,-12.253,-5.174466175767932,-0.6704298328800241,12.281702962250824,-0.6704298328800241,-1.0,-1.0
2026-02-27 15:45:00,-3.56,-4.118748492171549,3.605535649878528,11.774743298802578,3.605535649878528,1.0,-1.0
2026-02-27 16:00:00,-18.952,-1.195487765808768,10.42434048128776,17.596498518251504,10.42434048128776,1.0,-1.0
2026-02-27 16:15:00,-16.774,-3.7404391229976897,4.581850647874655,13.119832319282155,4.581850647874655,1.0,-1.0
2026-02-27 16:30:00,-10.132,-4.550223383444912,-2.008268480994253,10.863396192999186,-2.008268480994253,-1.0,-1.0
2026-02-27 16:45:00,-4.957,-4.359603510848877,-1.7218679697461607,11.49862411120111,-1.7218679697461607,-1.0,-1.0
2026-02-27 17:00:00,12.682,-2.241111834618923,2.9537143650539743,15.098964913635905,2.9537143650539743,1.0,1.0
2026-02-27 17:15:00,10.49,-7.017935744633146,1.6143386529179442,9.227588356585736,1.6143386529179442,1.0,1.0
2026-02-27 17:30:00,3.274,-6.61006204168075,-1.4922149332758519,5.2086434636706676,-1.4922149332758519,-1.0,1.0
2026-02-27 17:45:00,1.034,-9.164947684387345,-2.4480342483017576,2.911197074246678,-2.4480342483017576,-1.0,1.0
2026-02-27 18:00:00,1.796,-5.942266874046689,-0.7715859235704131,11.332984678564912,-0.7715859235704131,-1.0,1.0
2026-02-27 18:15:00,1.331,-4.644768985948429,-1.807891068209004,3.961808437970352,-1.807891068209004,-1.0,1.0
2026-02-27 18:30:00,0.717,-3.8313202511696516,-0.7998948765746856,7.860581558844536,-0.7998948765746856,-1.0,1.0
2026-02-27 18:45:00,2.966,-1.309848783438392,-0.10496308638451511,8.482970642600325,-0.10496308638451511,-1.0,1.0
2026-02-27 19:00:00,8.877,-2.032156801014565,3.0640542814249008,11.059469656327616,3.0640542814249008,1.0,1.0
2026-02-27 19:15:00,10.498,-0.09723821024828373,3.8049615323534636,11.845249688094036,3.8049615323534636,1.0,1.0
2026-02-27 19:30:00,4.701,-1.8388054111514556,3.0835609659600296,8.878930479056448,3.0835609659600296,1.0,1.0
2026-02-27 19:45:00,4.135,-1.9304399109533121,3.2932430003712607,7.374050991055883,3.2932430003712607,1.0,1.0
2026-02-27 20:00:00,6.366,-4.558709419208106,2.463160879678264,8.331527591850307,2.463160879678264,1.0,1.0
2026-02-27 20:15:00,-0.292,-3.285576206769444,1.7969357499716851,8.274699265798024,1.7969357499716851,1.0,-1.0
2026-02-27 20:30:00,0.446,-1.2185735917188212,1.0189645676905408,5.476080387792356,1.0189645676905408,1.0,1.0
2026-02-27 20:45:00,0.181,-2.092952349058873,2.9019332307980115,8.974215179957389,2.9019332307980115,1.0,1.0
2026-02-27 21:00:00,0.483,-3.5177416401783965,1.1982071382810942,9.688826482293138,1.1982071382810942,1.0,1.0
2026-02-27 21:15:00,-2.721,-1.5186792314766038,2.7216307018787362,9.112326877416837,2.7216307018787362,1.0,-1.0
2026-02-27 21:30:00,-4.307,-2.4073631508373445,1.1342291122877288,5.242506891641003,1.1342291122877288,1.0,-1.0
2026-02-27 21:45:00,-0.331,-3.7428047472221446,4.305081202066217,6.568994240326566,4.305081202066217,1.0,-1.0
2026-02-27 22:00:00,-1.775,-5.685867605404419,0.5814987569387565,5.133865169971842,0.5814987569387565,1.0,-1.0
2026-02-27 22:15:00,-0.016,-7.016174059905111,1.4527308142887994,3.69857297071877,1.4527308142887994,1.0,-1.0
2026-02-27 22:30:00,6.906,-6.410924481370325,1.6320206617308624,3.310731210170923,1.6320206617308624,1.0,1.0
2026-02-27 22:45:00,12.164,-7.180252748060858,2.207437908915845,4.264233833676067,2.207437908915845,1.0,1.0
2026-02-27 23:00:00,-0.234,-8.12704539768956,0.9158993089757245,6.824139744627416,0.9158993089757245,1.0,-1.0
2026-02-27 23:15:00,-3.319,-6.613702966447327,1.2256776225732127,5.88880967566099,1.2256776225732127,1.0,-1.0
2026-02-27 23:30:00,0.363,-6.586749321772347,0.49337658597864537,3.913597504486291,0.49337658597864537,1.0,1.0
2026-02-27 23:45:00,4.768,-6.379097179436514,0.6002255937038784,5.809174900245004,0.6002255937038784,1.0,1.0
2026-02-28 00:00:00,-2.249,-10.081235976864857,-0.44744997216573407,5.874137277890938,-0.44744997216573407,-1.0,-1.0
2026-02-28 00:15:00,-4.945,-5.870724304729603,1.4828173131191118,7.173391839987282,1.4828173131191118,1.0,-1.0
2026-02-28 00:30:00,-6.139,-4.604334177499127,3.3678046890579143,13.560508609619886,3.3678046890579143,1.0,-1.0
2026-02-28 00:45:00,1.955,-4.483202977013295,3.953933743231163,11.951569974607137,3.953933743231163,1.0,1.0
2026-02-28 01:00:00,-13.518,-6.946450034393726,0.22351314271449474,4.014153845340041,0.22351314271449474,1.0,-1.0
2026-02-28 01:15:00,-7.408,-4.876828638287804,0.8578567865194695,4.99725897798577,0.8578567865194695,1.0,-1.0
2026-02-28 01:30:00,-5.372,-5.344054025780318,1.0768180647482906,6.731313191664679,1.0768180647482906,1.0,-1.0
2026-02-28 01:45:00,-4.393,-5.35394705319211,1.8342355928995813,9.1798721934347,1.8342355928995813,1.0,-1.0
2026-02-28 02:00:00,-7.16,-8.368179465878425,-1.3658588266605745,4.9720596466571605,-1.3658588266605745,-1.0,-1.0
2026-02-28 02:15:00,-1.268,-7.198400550908013,-1.0952082452847218,2.9495893290684294,-1.0952082452847218,-1.0,-1.0
2026-02-28 02:30:00,0.611,-6.49464964207936,-0.04234732210971293,4.003116365118793,-0.04234732210971293,-1.0,1.0
2026-02-28 02:45:00,1.285,-8.63364842855901,0.5297306798355372,3.761608067937518,0.5297306798355372,1.0,1.0
2026-02-28 03:00:00,-3.776,-8.63690396482806,-1.1891056989096462,1.5519083251956547,-1.1891056989096462,-1.0,-1.0
2026-02-28 03:15:00,-5.415,-8.826233177127227,-0.5718531623800738,2.0754406571839095,-0.5718531623800738,-1.0,-1.0
2026-02-28 03:30:00,-4.173,-7.779376102161552,-1.0068530655151013,0.7397106042483251,-1.0068530655151013,-1.0,-1.0
2026-02-28 03:45:00,0.812,-8.216642618963274,-1.3391333189044148,1.7439116105484862,-1.3391333189044148,-1.0,1.0
2026-02-28 04:00:00,-0.37,-5.886719822982471,-1.2395041706176066,2.6547344579147905,-1.2395041706176066,-1.0,-1.0
2026-02-28 04:15:00,0.469,-5.226912571431285,-0.6393084479072806,3.1795409647973427,-0.6393084479072806,-1.0,1.0
2026-02-28 04:30:00,-5.689,-5.413134255950196,-1.2669012925211238,3.8863594586244044,-1.2669012925211238,-1.0,-1.0
2026-02-28 04:45:00,-8.661,-5.599559422978193,-2.0020932498052915,5.003835275207973,-2.0020932498052915,-1.0,-1.0
2026-02-28 05:00:00,-3.487,-6.696948704246362,-0.2902048791184873,3.9433337304897687,-0.2902048791184873,-1.0,-1.0
2026-02-28 05:15:00,-1.808,-6.433148135182389,-0.604054695698403,2.7312076420598275,-0.604054695698403,-1.0,-1.0
2026-02-28 05:30:00,-9.086,-7.088069592208913,-0.6923589407232003,2.1104501986296342,-0.6923589407232003,-1.0,-1.0
2026-02-28 05:45:00,-10.248,-5.351104491600251,-1.4700900080344783,4.016899758631495,-1.4700900080344783,-1.0,-1.0
2026-02-28 06:00:00,-9.671,-8.126944022954696,2.103486152753235,6.661417092829634,2.103486152753235,1.0,-1.0
2026-02-28 06:15:00,-5.198,-7.8351093697420096,-0.3450962060475116,3.6361732426460702,-0.3450962060475116,-1.0,-1.0
2026-02-28 06:30:00,-23.76,-11.79161824688406,-1.8433475347685677,1.7770658533332588,-1.8433475347685677,-1.0,-1.0
2026-02-28 06:45:00,-9.58,-12.761913295455463,-1.3549987162441912,1.3307649973033677,-1.3549987162441912,-1.0,-1.0
2026-02-28 07:00:00,-20.948,-11.427490449262962,-2.377100520871041,3.0350696156519286,-2.377100520871041,-1.0,-1.0
2026-02-28 07:15:00,-12.24,-8.787737255313672,-1.3403085989750663,2.9270447085661404,-1.3403085989750663,-1.0,-1.0
2026-02-28 07:30:00,-11.547,-14.505201327550692,-2.6418071046529517,2.1812021321822876,-2.6418071046529517,-1.0,-1.0
2026-02-28 07:45:00,2.232,-13.475496156886722,-3.771229933228627,2.827784607250898,-3.771229933228627,-1.0,1.0
2026-02-28 08:00:00,4.534,-13.239139878005599,-2.6948745151678355,5.771752906867919,-2.6948745151678355,-1.0,1.0
2026-02-28 08:15:00,7.456,-15.07798522693873,-4.434674925914681,3.1706421815809396,-4.434674925914681,-1.0,1.0
2026-02-28 08:30:00,-4.34,-12.124179002499712,-4.374833613121264,5.766954535968615,-4.374833613121264,-1.0,-1.0
2026-02-28 08:45:00,7.617,-19.86886786902546,-4.791288438476955,6.396982835517461,-4.791288438476955,-1.0,1.0
2026-02-28 09:00:00,7.498,-15.131881641275966,-3.887218781146487,10.001673560706656,-3.887218781146487,-1.0,1.0
2026-02-28 09:15:00,6.783,-10.669195923606537,-2.2517272003713087,10.797905873629306,-2.2517272003713087,-1.0,1.0
2026-02-28 09:30:00,4.964,-9.213187459519403,1.462172760058409,13.39838299451929,1.462172760058409,1.0,1.0
2026-02-28 09:45:00,9.76,-8.684129485668093,4.073697089772956,18.4586170858846,4.073697089772956,1.0,1.0
2026-02-28 10:00:00,4.321,-6.328431828322813,7.762509166311412,20.415253420484483,7.762509166311412,1.0,1.0
2026-02-28 10:15:00,10.033,-4.0572866918029336,8.274446019365511,20.16912140604395,8.274446019365511,1.0,1.0
2026-02-28 10:30:00,5.047,-3.3690316175066193,5.966205232518912,17.275217271788375,5.966205232518912,1.0,1.0
2026-02-28 10:45:00,11.296,-3.3240627991322733,10.095597925226606,24.557871662884036,10.095597925226606,1.0,1.0
2026-02-28 11:00:00,18.725,-5.243942249549464,9.396039859028711,21.215180948136908,9.396039859028711,1.0,1.0
2026-02-28 11:15:00,20.549,-3.5689563249006593,11.436562173117052,21.86656874886989,11.436562173117052,1.0,1.0
2026-02-28 11:30:00,19.88,-4.857902556330651,12.266568089330594,26.515672426639725,12.266568089330594,1.0,1.0
2026-02-28 11:45:00,14.096,-1.4791247897461757,13.945506651499684,27.920481923065203,13.945506651499684,1.0,1.0
2026-02-28 12:00:00,15.885,-5.7637711952520085,12.278885103650312,25.040971791976027,12.278885103650312,1.0,1.0
2026-02-28 12:15:00,21.137,-3.863892115587684,11.762231864115291,24.48045890733021,11.762231864115291,1.0,1.0
2026-02-28 12:30:00,15.569,-7.442532119102621,12.304306936966556,24.96935225420302,12.304306936966556,1.0,1.0
2026-02-28 12:45:00,13.47,-1.747715934121398,15.000735858921336,26.868460834280647,15.000735858921336,1.0,1.0
2026-02-28 13:00:00,8.878,2.195488249108056,18.075425014773295,31.06262648011185,18.075425014773295,1.0,1.0
2026-02-28 13:15:00,16.73,4.082162540243998,20.863489956181613,31.50372088534819,20.863489956181613,1.0,1.0
2026-02-28 13:30:00,13.697,-0.748222888469842,18.79371005253713,31.21445604942048,18.79371005253713,1.0,1.0
2026-02-28 13:45:00,21.666,0.5758890936648906,18.50678515415868,32.09149598960387,18.50678515415868,1.0,1.0
2026-02-28 14:00:00,21.389,4.759076331215224,20.961494509846034,34.45792576835309,20.961494509846034,1.0,1.0
2026-02-28 14:15:00,18.972,1.9770346952800688,19.94856967805494,32.416274416478075,19.94856967805494,1.0,1.0
2026-02-28 14:30:00,14.255,-0.5459112181261693,14.29671472144271,25.88213043294784,14.29671472144271,1.0,1.0
2026-02-28 14:45:00,4.897,-1.1305292554484008,12.597272195693035,24.380281014701566,12.597272195693035,1.0,1.0
2026-02-28 15:00:00,20.431,3.206413897952202,14.402516343118881,22.913862097964348,14.402516343118881,1.0,1.0
2026-02-28 15:15:00,21.888,-1.0301383415515488,11.046613325057537,18.01625435147499,11.046613325057537,1.0,1.0
2026-02-28 15:30:00,17.223,-0.9750604035615983,7.556484137779399,19.418600587623917,7.556484137779399,1.0,1.0
2026-02-28 15:45:00,6.652,0.052858847733143574,8.315505370018927,19.064022487632673,8.315505370018927,1.0,1.0
2026-02-28 16:00:00,-1.459,-1.6274243332749618,10.746530331664243,18.40207052139217,10.746530331664243,1.0,-1.0
2026-02-28 16:15:00,-6.017,-4.006386044859262,5.189952065289857,13.732588546718942,5.189952065289857,1.0,-1.0
2026-02-28 16:30:00,-6.118,-5.962428122728659,-0.9868863469243792,10.601680606341422,-0.9868863469243792,-1.0,-1.0
2026-02-28 16:45:00,-9.793,-5.051071983967382,-0.05256548598618336,9.725348218480049,-0.05256548598618336,-1.0,-1.0
2026-02-28 17:00:00,4.281,1.7726202297472122,8.15474497278245,19.09448155065863,8.15474497278245,1.0,1.0
2026-02-28 17:15:00,-0.227,1.7992550642121823,4.993919590028824,12.81316855753077,4.993919590028824,1.0,-1.0
2026-02-28 17:30:00,-2.129,-5.885002757764018,2.32768896461548,12.787563679514282,2.32768896461548,1.0,-1.0
2026-02-28 17:45:00,-6.256,-5.566081617547768,1.607961382442339,11.502499574664123,1.607961382442339,1.0,-1.0
2026-02-28 18:00:00,-16.622,-3.3446423478004395,4.844048430040283,13.706288396749756,4.844048430040283,1.0,-1.0
2026-02-28 18:15:00,-19.45,-6.756144767433476,3.8692977730128963,9.665281740752816,3.8692977730128963,1.0,-1.0
2026-02-28 18:30:00,-21.354,-3.1445339745251917,-1.4583146734169175,7.386418304597827,-1.4583146734169175,-1.0,-1.0
2026-02-28 18:45:00,-21.005,-2.8616955866479925,0.2851238218895316,7.004017195040963,0.2851238218895316,1.0,-1.0
2026-02-28 19:00:00,-6.018,-0.6253007872470836,0.7580394092846579,10.179044156415966,0.7580394092846579,1.0,-1.0
2026-02-28 19:15:00,-10.552,-0.180414697393936,1.5730127509748426,12.23697558684087,1.5730127509748426,1.0,-1.0
2026-02-28 19:30:00,-13.106,-2.3907101637259895,0.5127706115464443,8.127264641513053,0.5127706115464443,1.0,-1.0
2026-02-28 19:45:00,-11.379,-4.600444977696592,-1.4023409590824096,5.5892044099236164,-1.4023409590824096,-1.0,-1.0
2026-02-28 20:00:00,1.294,-7.025554249269837,-3.755791529368315,3.3390091567853535,-3.755791529368315,-1.0,1.0
2026-02-28 20:15:00,-4.143,-10.152316376217302,-5.444870301974642,1.1631779720253133,-5.444870301974642,-1.0,-1.0
2026-02-28 20:30:00,-1.863,-9.083926720754864,-5.141203715918802,1.1283856742518943,-5.141203715918802,-1.0,-1.0
2026-02-28 20:45:00,5.668,-7.222169429335919,-3.848290420561996,3.376407664634405,-3.848290420561996,-1.0,1.0
2026-02-28 21:00:00,4.366,-9.103266352367033,-5.4074322856647505,3.119288795432344,-5.4074322856647505,-1.0,1.0
2026-02-28 21:15:00,12.064,-7.959176329373347,-5.226054432985538,1.9542102410827114,-5.226054432985538,-1.0,1.0
2026-02-28 21:30:00,17.184,-9.728945320171999,-4.925078174803073,2.3418860683388045,-4.925078174803073,-1.0,1.0
2026-02-28 21:45:00,15.39,-7.7586230933273095,-1.5219259326804735,4.5434519105272555,-1.5219259326804735,-1.0,1.0
2026-02-28 22:00:00,4.974,-8.510682257765957,-3.392768528742784,3.7279410221242277,-3.392768528742784,-1.0,1.0
2026-02-28 22:15:00,4.778,-7.696387866571125,-1.8268109916210695,4.859442377703367,-1.8268109916210695,-1.0,1.0
2026-02-28 22:30:00,5.865,-5.361500789045641,-0.6908067602840857,5.374410688647657,-0.6908067602840857,-1.0,1.0
2026-02-28 22:45:00,7.323,-5.940152743945228,1.751496339578767,8.550701251134731,1.751496339578767,1.0,1.0
2026-02-28 23:00:00,2.239,-5.746139268245486,0.9753334201468766,6.941415857898621,0.9753334201468766,1.0,1.0
2026-02-28 23:15:00,7.176,-3.254796393146323,3.333105900784458,10.815413262653994,3.333105900784458,1.0,1.0
2026-02-28 23:30:00,11.857,-4.465983116673162,3.406694762783508,12.044400036707207,3.406694762783508,1.0,1.0
2026-02-28 23:45:00,16.711,-4.166459156404798,4.375920992385284,11.760769875849142,4.375920992385284,1.0,1.0
2026-03-01 00:00:00,6.276,-5.5801974157585414,0.463430244505032,9.877882204847982,0.463430244505032,1.0,1.0
2026-03-01 00:15:00,10.437,-6.089756617742488,1.2314206846473725,8.37929427564252,1.2314206846473725,1.0,1.0
2026-03-01 00:30:00,6.527,-3.7963798802973767,1.5922973587047782,9.899902990896717,1.5922973587047782,1.0,1.0
2026-03-01 00:45:00,2.257,-3.0937686140370815,2.486739529398189,9.767800821621247,2.486739529398189,1.0,1.0
2026-03-01 01:00:00,9.88,-5.545114214567051,0.6958934291322316,8.516005212572075,0.6958934291322316,1.0,1.0
2026-03-01 01:15:00,8.527,-0.6661270036920605,3.0069155281299422,10.938974770099339,3.0069155281299422,1.0,1.0
2026-03-01 01:30:00,11.415,0.54257189627804,5.086334238348249,14.902920074469748,5.086334238348249,1.0,1.0
2026-03-01 01:45:00,6.761,0.9716775341682184,6.785864259611369,14.134419296852137,6.785864259611369,1.0,1.0
2026-03-01 02:00:00,2.789,-0.6609267470412409,4.327942283246056,11.421552174488394,4.327942283246056,1.0,1.0
2026-03-01 02:15:00,5.363,0.6589911634059388,4.259854805223548,10.662638065714034,4.259854805223548,1.0,1.0
2026-03-01 02:30:00,7.099,-2.481677644921116,2.4730512900824535,7.166756866383769,2.4730512900824535,1.0,1.0
2026-03-01 02:45:00,13.753,-1.8724770927862424,4.592272374305933,9.74715236647225,4.592272374305933,1.0,1.0
2026-03-01 03:00:00,7.868,-1.0800942310365782,3.6695072515080764,9.63634764773412,3.6695072515080764,1.0,1.0
2026-03-01 03:15:00,7.602,0.2585607198153146,4.740667722065636,11.201771787013962,4.740667722065636,1.0,1.0
2026-03-01 03:30:00,10.915,1.142941392472306,5.212638383250531,10.754165496420228,5.212638383250531,1.0,1.0
2026-03-01 03:45:00,17.266,-0.041049235639268364,2.4385574325200094,7.955828819849719,2.4385574325200094,1.0,1.0
2026-03-01 04:00:00,12.952,-0.4333420265780846,3.394132603432561,8.934766137042722,3.394132603432561,1.0,1.0
2026-03-01 04:15:00,-0.44,0.5202336735256005,3.3441596348942135,8.115731971238384,3.3441596348942135,1.0,-1.0
2026-03-01 04:30:00,-1.312,1.0900041271373069,3.2383890555757624,9.89382261495834,3.2383890555757624,1.0,-1.0
2026-03-01 04:45:00,-4.069,0.4716900822565674,3.877880538767132,11.04148770377911,3.877880538767132,1.0,-1.0
2026-03-01 05:00:00,0.599,-0.8846844106439117,4.2591768249515916,9.979402310474056,4.2591768249515916,1.0,1.0
2026-03-01 05:15:00,-1.96,0.4871165409736004,4.762658616261368,9.756678941712675,4.762658616261368,1.0,-1.0
2026-03-01 05:30:00,-1.722,0.27382964409997,7.988551225448793,12.75120255146775,7.988551225448793,1.0,-1.0
2026-03-01 05:45:00,-2.537,2.037671299329508,10.814095839018629,15.860198227167325,10.814095839018629,1.0,-1.0
2026-03-01 06:00:00,10.764,-0.14845239430803084,8.035559347449675,11.113501058324857,8.035559347449675,1.0,1.0
2026-03-01 06:15:00,7.618,-1.4518596913974204,4.694451616180801,8.01407193775269,4.694451616180801,1.0,1.0
2026-03-01 06:30:00,8.841,-4.692985691958287,1.8115584388601906,6.110416364576042,1.8115584388601906,1.0,1.0
2026-03-01 06:45:00,7.101,-3.115433243456686,2.2663012953161865,6.316153722377458,2.2663012953161865,1.0,1.0
2026-03-01 07:00:00,-0.009,-5.12847745482144,0.804843964926981,8.265419721980985,0.804843964926981,1.0,-1.0
2026-03-01 07:15:00,-0.019,-3.203981899324842,1.5053327093766686,8.023056661408903,1.5053327093766686,1.0,-1.0
2026-03-01 07:30:00,-0.036,-3.9939854307238365,1.6955348140427873,8.883426377653151,1.6955348140427873,1.0,-1.0
2026-03-01 07:45:00,5.664,-1.9580806680031557,3.5440058586729393,11.760651767827863,3.5440058586729393,1.0,1.0
2026-03-01 08:00:00,-2.372,-3.5933658334483294,4.217848498578805,18.529790203824472,4.217848498578805,1.0,-1.0
2026-03-01 08:15:00,7.357,-3.3263956777430876,5.56920856269751,16.91635800881102,5.56920856269751,1.0,1.0
2026-03-01 08:30:00,3.978,-3.4322070132970053,3.684638578751936,16.47395909826061,3.684638578751936,1.0,1.0
2026-03-01 08:45:00,2.11,-5.707971571780836,3.610440844085108,17.498446495434447,3.610440844085108,1.0,1.0
2026-03-01 09:00:00,-8.281,-7.785044507163257,4.438619860154647,19.32567675821181,4.438619860154647,1.0,-1.0
2026-03-01 09:15:00,-7.792,-4.116161746866621,3.581409538770294,17.954164326658155,3.581409538770294,1.0,-1.0
2026-03-01 09:30:00,-3.403,-3.4274999632417322,3.695931414476914,18.764064067757413,3.695931414476914,1.0,-1.0
2026-03-01 09:45:00,-0.928,-5.279480556832702,5.015589201817402,22.493967047653932,5.015589201817402,1.0,-1.0
2026-03-01 10:00:00,0.634,-6.5001599583296,6.9248823128535255,18.74514723927715,6.9248823128535255,1.0,1.0
2026-03-01 10:15:00,5.426,-3.6981204575590247,9.462127864456384,24.15584893029982,9.462127864456384,1.0,1.0
2026-03-01 10:30:00,2.739,-2.0606768478477417,7.211857635139091,19.634220984156254,7.211857635139091,1.0,1.0
2026-03-01 10:45:00,9.049,-1.1307165175163774,7.563377231727174,22.797869988600272,7.563377231727174,1.0,1.0
2026-03-01 11:00:00,6.598,-5.878835844094759,6.364781105303589,17.676938248993928,6.364781105303589,1.0,1.0
2026-03-01 11:15:00,8.683,-2.472580391496909,7.255736647840279,16.861472796164573,7.255736647840279,1.0,1.0
2026-03-01 11:30:00,8.377,-2.655026430390126,9.58423786463084,20.25639563990641,9.58423786463084,1.0,1.0
2026-03-01 11:45:00,7.108,-2.185415304706164,8.800486544791456,26.218947101307013,8.800486544791456,1.0,1.0
2026-03-01 12:00:00,9.276,-2.3649602991201637,9.400914862238336,26.749497309822814,9.400914862238336,1.0,1.0
2026-03-01 12:15:00,7.759,-0.9119304742704992,10.476290691757894,21.568781082657214,10.476290691757894,1.0,1.0
2026-03-01 12:30:00,4.91,-0.8194676050484188,8.687211086168999,21.319930601397104,8.687211086168999,1.0,1.0
2026-03-01 12:45:00,12.885,-0.34865664712577416,7.159118934275337,19.475305245755937,7.159118934275337,1.0,1.0
2026-03-01 13:00:00,17.006,-1.06886843906752,7.706227707379188,21.353852659650652,7.706227707379188,1.0,1.0
2026-03-01 13:15:00,19.907,0.29427217423519425,7.413367083726142,20.46592390565978,7.413367083726142,1.0,1.0
2026-03-01 13:30:00,19.062,-2.0942960473447236,5.074646351947343,18.454517691138413,5.074646351947343,1.0,1.0
2026-03-01 13:45:00,27.042,-1.5301418272269394,6.855774669973615,21.235872031069793,6.855774669973615,1.0,1.0
2026-03-01 14:00:00,45.265,0.7973205362659401,9.042901861600328,22.725603150425226,9.042901861600328,1.0,1.0
2026-03-01 14:15:00,34.702,0.07058282439620603,8.623153067684534,21.201400694414296,8.623153067684534,1.0,1.0
2026-03-01 14:30:00,31.021,-0.7446559373849324,6.326695918864042,20.603760117148536,6.326695918864042,1.0,1.0
2026-03-01 14:45:00,24.805,1.6944936807712956,6.778973081935512,24.827930579023192,6.778973081935512,1.0,1.0
2026-03-01 15:00:00,27.36,4.830442867227721,11.942211566870785,21.246710755143894,11.942211566870785,1.0,1.0
2026-03-01 15:15:00,22.584,2.9522195970726837,12.100492919715265,24.251451076655055,12.100492919715265,1.0,1.0
2026-03-01 15:30:00,14.519,3.9527087806661565,10.034244399691577,23.11830496757408,10.034244399691577,1.0,1.0
2026-03-01 15:45:00,9.849,5.164688320717608,13.772053002503327,30.67210585357117,13.772053002503327,1.0,1.0
2026-03-01 16:00:00,13.453,2.6972460704813117,13.479924378967503,22.6511395201205,13.479924378967503,1.0,1.0
2026-03-01 16:15:00,15.091,2.191204297178489,8.451503536884863,20.445900867137436,8.451503536884863,1.0,1.0
2026-03-01 16:30:00,3.706,0.14713247850220687,6.828795620387668,17.3913909486634,6.828795620387668,1.0,1.0
2026-03-01 16:45:00,0.901,-1.661977015954857,3.5972585227328953,12.40967547448619,3.5972585227328953,1.0,1.0
2026-03-01 17:00:00,15.821,2.8461518137818906,12.236813676784255,21.23544408544991,12.236813676784255,1.0,1.0
2026-03-01 17:15:00,13.142,0.8911608829061588,8.88137185813003,16.787411822470474,8.88137185813003,1.0,1.0
2026-03-01 17:30:00,8.004,-1.2573810219535466,4.164170488335789,11.691484601206945,4.164170488335789,1.0,1.0
2026-03-01 17:45:00,4.348,-3.4347797971837024,1.7300337632958538,9.393937167093627,1.7300337632958538,1.0,1.0
2026-03-01 18:00:00,0.357,-2.947562656585791,7.407537569809116,13.571461737118575,7.407537569809116,1.0,1.0
2026-03-01 18:15:00,3.417,-3.4120351491283816,5.227441831468028,11.410069866252957,5.227441831468028,1.0,1.0
2026-03-01 18:30:00,-0.701,-5.2502616569486245,0.11729002133095831,7.901017378035709,0.11729002133095831,1.0,-1.0
2026-03-01 18:45:00,3.652,-4.820730641129262,0.03597818057497828,8.004296678863689,0.03597818057497828,1.0,1.0
2026-03-01 19:00:00,2.103,-4.30639422859003,2.3314257829548493,10.477384053040455,2.3314257829548493,1.0,1.0
2026-03-01 19:15:00,-2.263,-3.0774159822412597,0.13208617857556917,9.10793423799677,0.13208617857556917,1.0,-1.0
2026-03-01 19:30:00,1.243,-2.9011041335949335,-2.957172437150374,9.49885442096106,-2.957172437150374,-1.0,1.0
2026-03-01 19:45:00,6.722,-2.860577673869296,-0.0322120999005096,8.568398300259208,-0.0322120999005096,-1.0,1.0
2026-03-01 20:00:00,4.411,-4.639762958113251,-0.9113378481040082,6.643891856697798,-0.9113378481040082,-1.0,1.0
2026-03-01 20:15:00,6.096,-3.1682819037948753,0.0343601397251707,5.462030883284522,0.0343601397251707,1.0,1.0
2026-03-01 20:30:00,10.133,-2.606887161629165,0.610485134833933,4.227986310170952,0.610485134833933,1.0,1.0
2026-03-01 20:45:00,20.146,-1.7632928241074182,3.635043860153737,8.227568701104047,3.635043860153737,1.0,1.0
2026-03-01 21:00:00,5.243,-4.765332348658583,1.048056323772752,7.6478529994554165,1.048056323772752,1.0,1.0
2026-03-01 21:15:00,11.907,-1.7137845713760538,1.3212975922725523,8.527320519045713,1.3212975922725523,1.0,1.0
2026-03-01 21:30:00,10.791,-2.4334003000687914,1.7833187083995257,9.247101366223601,1.7833187083995257,1.0,1.0
2026-03-01 21:45:00,12.987,-1.1184950066087096,3.418965561948031,10.483763092644214,3.418965561948031,1.0,1.0
2026-03-01 22:00:00,11.6,-4.509186283014383,2.032837103655336,9.379499810824358,2.032837103655336,1.0,1.0
2026-03-01 22:15:00,5.664,-2.6226768189901652,1.8199499271109305,10.902175185077839,1.8199499271109305,1.0,1.0
2026-03-01 22:30:00,8.77,-0.7901755171161533,5.216197782234058,12.199563294309376,5.216197782234058,1.0,1.0
2026-03-01 22:45:00,8.84,-0.09679038482093216,7.323885365752942,12.73473294271771,7.323885365752942,1.0,1.0
2026-03-01 23:00:00,1.703,-3.2901017679258495,3.8116431024641884,9.651448888111178,3.8116431024641884,1.0,1.0
2026-03-01 23:15:00,3.019,-1.2151289296218268,4.562778888571003,12.278981096947597,4.562778888571003,1.0,1.0
2026-03-01 23:30:00,5.132,-1.0380563717007216,4.054466584443872,12.412078416027821,4.054466584443872,1.0,1.0
2026-03-01 23:45:00,4.484,-0.013337322596628846,6.062597343533196,15.789376479021014,6.062597343533196,1.0,1.0
2026-03-02 00:00:00,-12.482,-2.831684270953838,5.875031301817418,11.004682132135416,5.875031301817418,1.0,-1.0
2026-03-02 00:15:00,-7.143,-0.5739923391757482,6.29602912932375,13.454356494974862,6.29602912932375,1.0,-1.0
2026-03-02 00:30:00,-9.93,0.11008784050575525,6.676459793941453,11.298034375048871,6.676459793941453,1.0,-1.0
2026-03-02 00:45:00,2.086,-0.6512655765312815,6.5720941555680765,11.659361953692525,6.5720941555680765,1.0,1.0
2026-03-02 01:00:00,-9.28,-4.3157120637742725,5.149859344462709,10.302024813242811,5.149859344462709,1.0,-1.0
2026-03-02 01:15:00,-7.673,-2.1392362274182535,5.540021687475581,9.098531470120625,5.540021687475581,1.0,-1.0
2026-03-02 01:30:00,-7.134,-0.13751164768614538,6.821162176323948,11.502889609615202,6.821162176323948,1.0,-1.0
2026-03-02 01:45:00,3.108,-2.112488782604454,4.873103363552984,9.0643418771571,4.873103363552984,1.0,1.0
2026-03-02 02:00:00,-8.894,-5.56630172628364,-0.2797570548339922,4.2174251611811355,-0.2797570548339922,-1.0,-1.0
2026-03-02 02:15:00,-4.759,-4.27887309232454,-0.3581583063509869,4.838026473512645,-0.3581583063509869,-1.0,-1.0
2026-03-02 02:30:00,-5.004,-4.4583454105611695,-0.2704033112966707,4.962690748689601,-0.2704033112966707,-1.0,-1.0
2026-03-02 02:45:00,2.229,-3.0419780694588714,1.5763735059533606,6.668446298829137,1.5763735059533606,1.0,1.0
2026-03-02 03:00:00,-2.691,-6.448749778334793,-1.4858920346400828,3.7619347543172292,-1.4858920346400828,-1.0,-1.0
2026-03-02 03:15:00,0.312,-6.228690005207572,-1.2536426552603617,3.92595018374101,-1.2536426552603617,-1.0,1.0
2026-03-02 03:30:00,-2.107,-4.7315691124503765,-0.08936724047348736,5.858768280785674,-0.08936724047348736,-1.0,-1.0
2026-03-02 03:45:00,-0.549,-4.506744925106684,-0.43805655323232606,7.1626982423991885,-0.43805655323232606,-1.0,-1.0
2026-03-02 04:00:00,2.785,-5.274188776304176,-0.774383518945567,4.3148778206474026,-0.774383518945567,-1.0,1.0
2026-03-02 04:15:00,0.661,-6.682770138208163,-1.135081175592395,3.2748993060433658,-1.135081175592395,-1.0,1.0
2026-03-02 04:30:00,-0.619,-5.124110126991225,-0.7388168829378752,3.7069954877961306,-0.7388168829378752,-1.0,-1.0
2026-03-02 04:45:00,1.518,-4.922218696499166,-1.1813110705050685,4.870321664567994,-1.1813110705050685,-1.0,1.0
2026-03-02 05:00:00,5.397,-4.701957170766854,0.4977073762961419,3.9375791889855787,0.4977073762961419,1.0,1.0
2026-03-02 05:15:00,3.241,-4.74023936472574,0.14061467204896075,4.624367347289157,0.14061467204896075,1.0,1.0
2026-03-02 05:30:00,-0.499,-5.0658680613397555,-0.3604115866741531,3.98755928619258,-0.3604115866741531,-1.0,-1.0
2026-03-02 05:45:00,1.854,-5.493985726960417,-0.5333928098613818,4.826760635857388,-0.5333928098613818,-1.0,1.0
2026-03-02 06:00:00,-7.231,-5.964465365238683,1.4716934998357376,12.11002695266264,1.4716934998357376,1.0,-1.0
2026-03-02 06:15:00,-4.033,-4.822964707565193,0.5856167810886155,9.20743526093718,0.5856167810886155,1.0,-1.0
2026-03-02 06:30:00,-3.841,-5.697996492626278,-0.17647111332145102,9.868474841336994,-0.17647111332145102,-1.0,-1.0
2026-03-02 06:45:00,-0.218,-5.865245405051798,-0.16865487392647657,8.97357564500963,-0.16865487392647657,-1.0,-1.0
2026-03-02 07:00:00,-6.547,-9.578287101090899,-1.0070892585535731,6.963160867812961,-1.0070892585535731,-1.0,-1.0
2026-03-02 07:15:00,-5.387,-5.798502402982363,-0.16666235111786917,6.180768018708913,-0.16666235111786917,-1.0,-1.0
2026-03-02 07:30:00,-4.172,-6.128926821658794,-0.8004414628573528,7.439978910772324,-0.8004414628573528,-1.0,-1.0
2026-03-02 07:45:00,-6.357,-6.702908507106113,-0.5261070444795983,8.401560953539192,-0.5261070444795983,-1.0,-1.0
2026-03-02 08:00:00,-10.881,-10.325051139688068,-1.5725404872861684,6.09715853459964,-1.5725404872861684,-1.0,-1.0
2026-03-02 08:15:00,-0.876,-6.479950454176454,-1.616233447095801,6.2446655041443995,-1.616233447095801,-1.0,-1.0
2026-03-02 08:30:00,-8.618,-6.685286076739719,-1.9419190417992378,10.649194662430896,-1.9419190417992378,-1.0,-1.0
2026-03-02 08:45:00,-11.538,-6.52404359674577,-0.8492264577607989,10.476751067909811,-0.8492264577607989,-1.0,-1.0
2026-03-02 09:00:00,-7.943,-12.246932076717453,-3.33597073202639,7.138845992645325,-3.33597073202639,-1.0,-1.0
2026-03-02 09:15:00,-16.092,-9.44341644479648,-2.9908095042370966,6.469619812259252,-2.9908095042370966,-1.0,-1.0
2026-03-02 09:30:00,-16.463,-9.723497942842787,-3.059843483046398,4.674656989991374,-3.059843483046398,-1.0,-1.0
2026-03-02 09:45:00,-27.672,-10.772042492852634,-1.039772117382816,3.9012222681198896,-1.039772117382816,-1.0,-1.0
2026-03-02 10:00:00,-18.878,-12.379369383584505,-1.998579119538032,6.450563100350872,-1.998579119538032,-1.0,-1.0
2026-03-02 10:15:00,-16.371,-9.272406211737048,-1.911095147144193,6.911057628234932,-1.911095147144193,-1.0,-1.0
2026-03-02 10:30:00,-14.529,-12.727368164926197,-5.410879091081104,4.072149910462855,-5.410879091081104,-1.0,-1.0
2026-03-02 10:45:00,-9.948,-9.48168536809695,-0.9894425219035061,7.4791019552783675,-0.9894425219035061,-1.0,-1.0
2026-03-02 11:00:00,-3.228,-14.516002290862104,-5.480690008800962,4.292006316628796,-5.480690008800962,-1.0,-1.0
2026-03-02 11:15:00,1.0,-13.523863855364452,-5.804138585005801,4.338518197764007,-5.804138585005801,-1.0,1.0
2026-03-02 11:30:00,11.052,-20.613391288968295,-9.730283897509889,3.715879010894384,-9.730283897509889,-1.0,1.0
2026-03-02 11:45:00,4.675,-17.757641742061818,-10.124297460135928,2.98216906504242,-10.124297460135928,-1.0,1.0
2026-03-02 12:00:00,13.542,-20.254263868423728,-6.639992163600068,5.194982362220252,-6.639992163600068,-1.0,1.0
2026-03-02 12:15:00,14.8,-18.566262927267495,-3.495131381005799,6.198509551398419,-3.495131381005799,-1.0,1.0
2026-03-02 12:30:00,18.376,-21.680373596336043,-3.522333407654465,3.862887325359455,-3.522333407654465,-1.0,1.0
2026-03-02 12:45:00,24.462,-13.782188338918084,-2.203022710646135,6.83271962644315,-2.203022710646135,-1.0,1.0
2026-03-02 13:00:00,14.583,-14.306298821386093,-4.627435912008726,4.494197152668926,-4.627435912008726,-1.0,1.0
2026-03-02 13:15:00,23.205,-9.164834286418335,0.4464933634455404,9.490333623912758,0.4464933634455404,1.0,1.0
2026-03-02 13:30:00,25.857,-13.128484965660345,-0.577657162080353,11.340525894947202,-0.577657162080353,-1.0,1.0
2026-03-02 13:45:00,23.09,-11.723020312639786,2.7938340519448888,16.026992874050674,2.7938340519448888,1.0,1.0
2026-03-02 14:00:00,3.139,-9.304816303686726,5.273116752775149,21.41464014433714,5.273116752775149,1.0,1.0
2026-03-02 14:15:00,7.497,-5.495395956248811,6.711421499155723,22.5296698818156,6.711421499155723,1.0,1.0
2026-03-02 14:30:00,2.638,-5.951447470278625,9.683002244832533,22.561197794645384,9.683002244832533,1.0,1.0
2026-03-02 14:45:00,-4.311,-7.530305407327351,7.066741309910591,18.756074952387365,7.066741309910591,1.0,-1.0
2026-03-02 15:00:00,-6.046,0.3580069881050826,11.909813869141034,20.560007402504652,11.909813869141034,1.0,-1.0
2026-03-02 15:15:00,-9.274,-1.7259035082787468,10.154190418683806,18.82552138546352,10.154190418683806,1.0,-1.0
2026-03-02 15:30:00,-11.103,-1.5595342127846712,9.201556799393693,19.104685978991338,9.201556799393693,1.0,-1.0
2026-03-02 15:45:00,-10.234,-9.413751455050262,4.40105656948105,15.224327846378115,4.40105656948105,1.0,-1.0
2026-03-02 16:00:00,0.754,-1.5830491934028195,7.43532455397506,16.56482196731432,7.43532455397506,1.0,1.0
2026-03-02 16:15:00,1.603,-4.1890385567326085,5.525080341570247,17.37370276339715,5.525080341570247,1.0,1.0
2026-03-02 16:30:00,-7.503,-7.440893105521228,1.962151528725857,12.889983501238442,1.962151528725857,1.0,-1.0
2026-03-02 16:45:00,-8.817,-9.824717150164728,-1.0816153447633556,9.6361798773007,-1.0816153447633556,-1.0,-1.0
2026-03-02 17:00:00,-2.692,-4.1037690632578885,1.7950751760792398,20.089153003021426,1.7950751760792398,1.0,-1.0
2026-03-02 17:15:00,-4.864,-5.038444665976631,1.4664358950808873,12.13208302872197,1.4664358950808873,1.0,-1.0
2026-03-02 17:30:00,-4.589,-5.629559540781709,-1.804779599419756,9.108258848611635,-1.804779599419756,-1.0,-1.0
2026-03-02 17:45:00,-7.189,-7.088258014302747,-0.6099512142083345,8.115521157370095,-0.6099512142083345,-1.0,-1.0
2026-03-02 18:00:00,-12.241,-2.7622682999435884,3.9735789028514206,10.299703287604833,3.9735789028514206,1.0,-1.0
2026-03-02 18:15:00,-4.359,-2.942512559889381,0.6366350187150376,7.166478242070819,0.6366350187150376,1.0,-1.0
2026-03-02 18:30:00,-10.769,-6.14489010386761,-2.1011845211901896,3.653422992532051,-2.1011845211901896,-1.0,-1.0
2026-03-02 18:45:00,-12.081,-3.8920124690636406,-1.6648150694917654,6.131228123033633,-1.6648150694917654,-1.0,-1.0
2026-03-02 19:00:00,-16.937,-4.847477999099246,-1.2771017785181438,5.586857298156518,-1.2771017785181438,-1.0,-1.0
2026-03-02 19:15:00,-9.679,-5.8208512337068,-2.018995327297594,3.873176656791828,-2.018995327297594,-1.0,-1.0
2026-03-02 19:30:00,-13.22,-7.014298520825311,-1.0338341449668993,5.516544746377123,-1.0338341449668993,-1.0,-1.0
2026-03-02 19:45:00,-7.879,-7.80029507708402,0.20291838663744133,7.386432141041166,0.20291838663744133,1.0,-1.0
2026-03-02 20:00:00,-8.441,-7.859179948026906,-3.521371019235516,6.648782711414857,-3.521371019235516,-1.0,-1.0
2026-03-02 20:15:00,-0.157,-6.435202287179856,-2.805800375585614,5.303543843263386,-2.805800375585614,-1.0,-1.0
2026-03-02 20:30:00,-9.272,-7.783156061907377,-3.2309763653276526,4.520973522545606,-3.2309763653276526,-1.0,-1.0
2026-03-02 20:45:00,-8.285,-6.148079798116282,-2.58479886324876,5.55496974427044,-2.58479886324876,-1.0,-1.0
2026-03-02 21:00:00,-1.803,-9.791749848718704,-4.874176633975733,3.3722306513466664,-4.874176633975733,-1.0,-1.0
2026-03-02 21:15:00,0.94,-8.410000079819127,-2.9963379174925917,3.2537164730970494,-2.9963379174925917,-1.0,1.0
2026-03-02 21:30:00,2.113,-9.573296899717725,-1.6789917011339242,4.10640143237461,-1.6789917011339242,-1.0,1.0
2026-03-02 21:45:00,3.984,-10.012491195929972,-1.466372372984801,6.432266300841149,-1.466372372984801,-1.0,1.0
2026-03-02 22:00:00,-4.216,-12.72431546225502,-2.5884326941163813,5.012099406692542,-2.5884326941163813,-1.0,-1.0
2026-03-02 22:15:00,-2.484,-11.53992345266974,-2.949834449631215,4.804410585875961,-2.949834449631215,-1.0,-1.0
2026-03-02 22:30:00,-3.685,-12.100908952213324,-2.4047421844760595,2.955502137266661,-2.4047421844760595,-1.0,-1.0
2026-03-02 22:45:00,-4.013,-9.53845698086114,-0.8462747831312665,7.34665972751429,-0.8462747831312665,-1.0,-1.0
2026-03-02 23:00:00,-4.118,-13.086203026097072,-4.255413290710483,2.356277377663258,-4.255413290710483,-1.0,-1.0
2026-03-02 23:15:00,-0.963,-8.317607790589555,-2.43210539530855,4.571559694038412,-2.43210539530855,-1.0,-1.0
2026-03-02 23:30:00,-4.563,-9.042271565086658,-2.2937635417487017,3.781103098207156,-2.2937635417487017,-1.0,-1.0
2026-03-02 23:45:00,-2.143,-7.861716777522713,0.0018013054682838748,4.791805588528373,0.0018013054682838748,1.0,-1.0
2026-03-03 00:00:00,-3.127,-9.626426506907343,-3.4131181961023245,1.4141716755416172,-3.4131181961023245,-1.0,-1.0
2026-03-03 00:15:00,-3.618,-8.226378202354745,-1.5432701249165688,2.365523252071197,-1.5432701249165688,-1.0,-1.0
2026-03-03 00:30:00,-2.76,-6.295725599628015,-1.3236395208844458,2.010122089051978,-1.3236395208844458,-1.0,-1.0
2026-03-03 00:45:00,-4.695,-5.281458796436829,0.08303644708850563,2.9042496884389806,0.08303644708850563,1.0,-1.0
2026-03-03 01:00:00,0.562,-10.01036729285053,-2.168021402867762,2.13855541000335,-2.168021402867762,-1.0,1.0
2026-03-03 01:15:00,-1.469,-7.36526306173342,-0.6733550539206614,2.0720797991775495,-0.6733550539206614,-1.0,-1.0
2026-03-03 01:30:00,-2.476,-8.186816038517684,-0.8735071035870987,1.8514368261593994,-0.8735071035870987,-1.0,-1.0
2026-03-03 01:45:00,3.576,-6.3078992308191255,-1.4930371140709187,3.9520421864433235,-1.4930371140709187,-1.0,1.0
2026-03-03 02:00:00,-6.004,-9.836999987244278,-3.957940560273122,1.3592575834861385,-3.957940560273122,-1.0,-1.0
2026-03-03 02:15:00,-6.515,-9.921808193233353,-3.2310384512480472,1.6622747045866084,-3.2310384512480472,-1.0,-1.0
2026-03-03 02:30:00,-11.516,-10.012370272475858,-3.376260265837893,1.5578538051953745,-3.376260265837893,-1.0,-1.0
2026-03-03 02:45:00,-3.877,-8.483322399841775,-1.9757337199406528,2.765690618467985,-1.9757337199406528,-1.0,-1.0
2026-03-03 03:00:00,-7.697,-9.450550318383458,-2.28990137127089,2.508933575010743,-2.28990137127089,-1.0,-1.0
2026-03-03 03:15:00,-9.827,-7.904680236018358,-1.5272421746603535,2.1892221966084486,-1.5272421746603535,-1.0,-1.0
2026-03-03 03:30:00,-5.317,-6.309450074758041,-2.0312602671725877,2.090044492187899,-2.0312602671725877,-1.0,-1.0
2026-03-03 03:45:00,-4.229,-6.706172224949876,-1.0179472372837202,2.7521990103595027,-1.0179472372837202,-1.0,-1.0
2026-03-03 04:00:00,-10.189,-8.006911367211632,-1.6601133045882652,0.6525902062225182,-1.6601133045882652,-1.0,-1.0
2026-03-03 04:15:00,-10.551,-7.66517092754139,-2.0914359091894,-0.614912512885835,-2.0914359091894,-1.0,-1.0
2026-03-03 04:30:00,-11.442,-9.59192472448876,-2.885768957222905,-0.8884140326836683,-2.885768957222905,-1.0,-1.0
2026-03-03 04:45:00,-5.379,-9.666623976028536,-2.5040155308976915,1.226776282281867,-2.5040155308976915,-1.0,-1.0
2026-03-03 05:00:00,-5.501,-10.472972035079058,-3.7113183196307475,-0.20027871749710738,-3.7113183196307475,-1.0,-1.0
2026-03-03 05:15:00,-4.366,-9.059303985825807,-3.7036550157048325,-0.08769428480815926,-3.7036550157048325,-1.0,-1.0
2026-03-03 05:30:00,-8.973,-9.356652698882279,-4.490766405225991,-0.7324818638028655,-4.490766405225991,-1.0,-1.0
2026-03-03 05:45:00,-10.802,-10.410692687137258,-5.407954068678528,0.05371904331330954,-5.407954068678528,-1.0,-1.0
2026-03-03 06:00:00,-9.654,-13.42607317266604,-5.156643574732113,-0.39814122478278613,-5.156643574732113,-1.0,-1.0
2026-03-03 06:15:00,-8.082,-10.87539420015031,-5.347294485931821,-1.2151104243388355,-5.347294485931821,-1.0,-1.0
2026-03-03 06:30:00,-6.439,-14.906903625572676,-7.087434701403,-1.9468167500887559,-7.087434701403,-1.0,-1.0
2026-03-03 06:45:00,-5.813,-11.822333725830575,-7.073602317523455,-1.9480598680463823,-7.073602317523455,-1.0,-1.0
2026-03-03 07:00:00,-4.444,-10.997946705403566,-3.88960744406707,1.0574121961962193,-3.88960744406707,-1.0,-1.0
2026-03-03 07:15:00,-1.383,-10.687385396174333,-2.393958322682429,1.2978172335707252,-2.393958322682429,-1.0,-1.0
2026-03-03 07:30:00,-3.805,-10.015295148238103,-2.454359864551077,1.4112872441853874,-2.454359864551077,-1.0,-1.0
2026-03-03 07:45:00,4.142,-10.18507807179763,-2.7691119465175498,4.905468150868532,-2.7691119465175498,-1.0,1.0
2026-03-03 08:00:00,2.249,-18.68577694761321,-8.183064031689781,0.9233761017865788,-8.183064031689781,-1.0,1.0
2026-03-03 08:15:00,5.142,-13.466260519764106,-6.379805117231369,1.476749314628343,-6.379805117231369,-1.0,1.0
2026-03-03 08:30:00,0.699,-13.381735822228118,-5.440287998014835,1.805198526492438,-5.440287998014835,-1.0,1.0
2026-03-03 08:45:00,6.35,-16.225975447042988,-4.174362591503144,3.032263116658185,-4.174362591503144,-1.0,1.0
2026-03-03 09:00:00,0.846,-24.555361429077674,-9.390442630989831,3.1599964026474097,-9.390442630989831,-1.0,1.0
2026-03-03 09:15:00,-1.95,-19.336197283483436,-4.9888393939769236,3.257509385010634,-4.9888393939769236,-1.0,-1.0
2026-03-03 09:30:00,-11.956,-17.550516791595626,-3.412609105400073,4.432146433507667,-3.412609105400073,-1.0,-1.0
2026-03-03 09:45:00,-2.895,-12.827151986811742,-0.5619194437584176,11.498486398853105,-0.5619194437584176,-1.0,-1.0
2026-03-03 10:00:00,-20.263,-14.58964808265197,-4.788991236018273,4.412261432162977,-4.788991236018273,-1.0,-1.0
2026-03-03 10:15:00,-26.103,-11.089594052627188,-5.0984831612829415,4.970545210609984,-5.0984831612829415,-1.0,-1.0
2026-03-03 10:30:00,-7.164,-11.549295310980964,-4.217585458694362,8.21371545819423,-4.217585458694362,-1.0,-1.0
2026-03-03 10:45:00,-12.015,-10.646760906532231,-1.7236013372389318,13.947194091357158,-1.7236013372389318,-1.0,-1.0
2026-03-03 11:00:00,-7.666,-12.12066431585919,-2.6155794337456735,7.874613762884636,-2.6155794337456735,-1.0,-1.0
2026-03-03 11:15:00,-17.087,-9.370414869430975,-2.6034812750669856,9.14383938341476,-2.6034812750669856,-1.0,-1.0
2026-03-03 11:30:00,-11.153,-6.413172341274674,-0.7333187284637441,9.065661374180323,-0.7333187284637441,-1.0,-1.0
2026-03-03 11:45:00,-3.65,-7.4060507588218645,-0.832830427092675,11.13791548367704,-0.832830427092675,-1.0,-1.0
2026-03-03 12:00:00,-1.085,-12.081367975892283,2.199719579753836,13.399877198077785,2.199719579753836,1.0,-1.0
2026-03-03 12:15:00,0.358,-5.308200992807805,4.301321809534914,14.3575086686403,4.301321809534914,1.0,1.0
2026-03-03 12:30:00,3.253,-8.410210769873563,5.749227027287487,13.020704919038367,5.749227027287487,1.0,1.0
2026-03-03 12:45:00,8.106,-6.832432179539143,5.258202030924804,11.4226477476905,5.258202030924804,1.0,1.0
2026-03-03 13:00:00,10.873,-7.02115582306291,-0.09028507588111767,9.177088935575888,-0.09028507588111767,-1.0,1.0
2026-03-03 13:15:00,3.933,-6.419465735459255,1.4333068119889263,11.74424658103336,1.4333068119889263,1.0,1.0
2026-03-03 13:30:00,5.363,-7.424541134118714,0.7135927303836742,14.046461797304323,0.7135927303836742,1.0,1.0
2026-03-03 13:45:00,-1.277,-8.875686411433154,2.6829018860749714,13.60348826994496,2.6829018860749714,1.0,-1.0
2026-03-03 14:00:00,-12.774,-5.498733597011714,5.286825297377348,13.24368430004124,5.286825297377348,1.0,-1.0
2026-03-03 14:15:00,-8.836,-6.501292464447495,3.2299059413689903,12.793733586024796,3.2299059413689903,1.0,-1.0
2026-03-03 14:30:00,-20.208,-9.086117959177255,0.7898340111240123,11.24210401856553,0.7898340111240123,1.0,-1.0
2026-03-03 14:45:00,-14.811,-7.055897837568073,0.018663345400073462,10.315882654913963,0.018663345400073462,1.0,-1.0
2026-03-03 15:00:00,-15.509,-6.756939181049065,5.611976787907207,16.107745393169296,5.611976787907207,1.0,-1.0
2026-03-03 15:15:00,-1.907,-7.993662268692603,1.425119443172617,12.070383311698313,1.425119443172617,1.0,-1.0
2026-03-03 15:30:00,-13.799,-10.029720124900178,-0.3710203937852995,10.097723390726467,-0.3710203937852995,-1.0,-1.0
2026-03-03 15:45:00,-13.749,-13.205611773638353,-3.7811054231101275,7.935612298889452,-3.7811054231101275,-1.0,-1.0
2026-03-03 16:00:00,-8.807,-7.64491741885715,2.497440452637447,13.723364901156984,2.497440452637447,1.0,-1.0
2026-03-03 16:15:00,-14.628,-13.469570916277693,0.913551947226972,10.223623385272884,0.913551947226972,1.0,-1.0
2026-03-03 16:30:00,-16.26,-11.949354912210072,-0.6042411068578306,5.495298234457331,-0.6042411068578306,-1.0,-1.0
2026-03-03 16:45:00,-15.125,-13.840712632862973,-3.2965729001338047,5.9813636377181165,-3.2965729001338047,-1.0,-1.0
2026-03-03 17:00:00,-4.224,-6.106255073444766,-0.2814202017174537,7.049289371465932,-0.2814202017174537,-1.0,-1.0
2026-03-03 17:15:00,-5.623,-5.332479403839846,-3.113884661023568,3.838898052170502,-3.113884661023568,-1.0,-1.0
2026-03-03 17:30:00,0.988,-9.483311038446267,-4.86515232280539,1.7567983607411302,-4.86515232280539,-1.0,1.0
2026-03-03 17:45:00,-7.054,-9.459059114172106,-4.437543993003197,1.5033084225693527,-4.437543993003197,-1.0,-1.0
2026-03-03 18:00:00,-8.401,-11.241742772280894,-6.15480290517916,4.090187481854169,-6.15480290517916,-1.0,-1.0
2026-03-03 18:15:00,-5.165,-10.298933885465905,-6.881822664218217,3.8942453791554703,-6.881822664218217,-1.0,-1.0
2026-03-03 18:30:00,-11.891,-8.885536845493027,-8.573671860322168,2.927120471994637,-8.573671860322168,-1.0,-1.0
2026-03-03 18:45:00,-6.281,-9.782144431896189,-7.445316204824556,2.353784720607747,-7.445316204824556,-1.0,-1.0
2026-03-03 19:00:00,-17.037,-13.62913101775953,-6.336881815838094,4.619730650646072,-6.336881815838094,-1.0,-1.0
2026-03-03 19:15:00,-8.888,-10.958821583281374,-5.24259589307511,4.228038008939701,-5.24259589307511,-1.0,-1.0
2026-03-03 19:30:00,-10.581,-8.865092869666407,-2.9585284607571247,3.345866849662726,-2.9585284607571247,-1.0,-1.0
2026-03-03 19:45:00,1.96,-10.42996140046028,-2.4985866545459765,4.013590992987323,-2.4985866545459765,-1.0,1.0
2026-03-03 20:00:00,-9.536,-11.33849827599083,-3.790427444579055,2.1969360622597747,-3.790427444579055,-1.0,-1.0
2026-03-03 20:15:00,0.825,-6.740873388509833,-2.8234879260574144,1.66922360036663,-2.8234879260574144,-1.0,1.0
2026-03-03 20:30:00,-4.186,-11.1033059588208,-1.1334073104758309,2.6985645636910047,-1.1334073104758309,-1.0,-1.0
2026-03-03 20:45:00,1.22,-18.398443668260843,-1.885581642291776,2.4692864397705376,-1.885581642291776,-1.0,1.0
2026-03-03 21:00:00,-16.376,-15.933222880917441,-4.749322735171931,1.564495281647915,-4.749322735171931,-1.0,-1.0
2026-03-03 21:15:00,-13.939,-14.258059634129712,-4.437437902130937,1.3597472574617981,-4.437437902130937,-1.0,-1.0
2026-03-03 21:30:00,-15.415,-7.285042424197511,-4.399238469120448,1.3124072685372574,-4.399238469120448,-1.0,-1.0
2026-03-03 21:45:00,-11.812,-9.254401495843751,-2.174801564207455,4.541172098247017,-2.174801564207455,-1.0,-1.0
2026-03-03 22:00:00,-15.375,-13.300332317975684,-5.104223235106464,2.36441484076479,-5.104223235106464,-1.0,-1.0
2026-03-03 22:15:00,-18.738,-8.544312813213567,-3.629344657514945,2.6679939596807185,-3.629344657514945,-1.0,-1.0
2026-03-03 22:30:00,-12.233,-9.993114311057775,-3.534051320576341,1.1954984662607335,-3.534051320576341,-1.0,-1.0
2026-03-03 22:45:00,-6.001,-10.009206900688682,-4.108877205400707,2.485601671441986,-4.108877205400707,-1.0,-1.0
2026-03-03 23:00:00,-3.298,-20.716582275065512,-6.942836066921616,0.19659465822988703,-6.942836066921616,-1.0,-1.0
2026-03-03 23:15:00,5.82,-15.929809690113844,-6.830049345343176,-0.8779147551029036,-6.830049345343176,-1.0,1.0
2026-03-03 23:30:00,5.651,-19.070411137613828,-8.694749436472692,-0.7833602007761523,-8.694749436472692,-1.0,1.0
2026-03-03 23:45:00,-3.728,-16.80027040869717,-6.6514640250916175,0.8950014675312437,-6.6514640250916175,-1.0,-1.0
2026-03-04 00:00:00,-11.263,-25.559679200549734,-7.935579678384339,1.4402579102238597,-7.935579678384339,-1.0,-1.0
2026-03-04 00:15:00,-8.867,-18.89524287982199,-8.137157542012817,0.9827630059074518,-8.137157542012817,-1.0,-1.0
2026-03-04 00:30:00,-10.369,-18.118599081777333,-7.117754171981006,2.145000450538967,-7.117754171981006,-1.0,-1.0
2026-03-04 00:45:00,-11.719,-15.346225840916505,-5.308740017203099,3.16618570944544,-5.308740017203099,-1.0,-1.0
2026-03-04 01:00:00,-11.692,-9.58659368212937,-1.6421438390970766,5.901613578388098,-1.6421438390970766,-1.0,-1.0
2026-03-04 01:15:00,-8.904,-6.320134434354352,-0.46683131796933836,8.31404789909316,-0.46683131796933836,-1.0,-1.0
2026-03-04 01:30:00,-12.214,-6.644185966130666,-1.2576068117021428,7.327013638938214,-1.2576068117021428,-1.0,-1.0
2026-03-04 01:45:00,-5.34,-6.359285135046455,-2.0289325737258106,5.919879367127992,-2.0289325737258106,-1.0,-1.0
2026-03-04 02:00:00,-16.322,-12.712782483740899,-5.384108922759388,2.8978587037387906,-5.384108922759388,-1.0,-1.0
2026-03-04 02:15:00,-13.904,-9.66138554145234,-4.973201082733509,2.1967410072691234,-4.973201082733509,-1.0,-1.0
2026-03-04 02:30:00,-10.179,-13.559262241761804,-6.452888515349142,-0.20719997788923838,-6.452888515349142,-1.0,-1.0
2026-03-04 02:45:00,-10.323,-12.409084041294891,-6.077632822504391,2.145414152749527,-6.077632822504391,-1.0,-1.0
2026-03-04 03:00:00,-7.395,-12.417776019912527,-6.769002938047708,0.1524313715467087,-6.769002938047708,-1.0,-1.0
2026-03-04 03:15:00,-6.252,-14.349172670441462,-7.003172147013193,0.052095144925190566,-7.003172147013193,-1.0,-1.0
2026-03-04 03:30:00,-5.444,-15.413908689622605,-7.014972633654822,0.8512317663654789,-7.014972633654822,-1.0,-1.0
2026-03-04 03:45:00,-6.924,-16.75613958116178,-8.662225863710484,1.267949987340879,-8.662225863710484,-1.0,-1.0
2026-03-04 04:00:00,-4.888,-17.258164076044583,-11.85965812245449,-1.0098604826786584,-11.85965812245449,-1.0,-1.0
2026-03-04 04:15:00,-8.224,-20.044315232621106,-9.336913850356002,-0.6635108181375582,-9.336913850356002,-1.0,-1.0
2026-03-04 04:30:00,-9.234,-18.57164908253872,-9.224869236625272,-1.006905396036194,-9.224869236625272,-1.0,-1.0
2026-03-04 04:45:00,-10.174,-18.391735865786245,-6.876522813115167,0.8157336386507322,-6.876522813115167,-1.0,-1.0
2026-03-04 05:00:00,-5.914,-19.253542745200892,-7.847245669513443,1.4126048066844357,-7.847245669513443,-1.0,-1.0
2026-03-04 05:15:00,-8.1,-11.988361632659638,-6.063788941078085,0.20227849968229566,-6.063788941078085,-1.0,-1.0
2026-03-04 05:30:00,-9.288,-20.290410311241175,-8.09879938506803,-0.0887494172959896,-8.09879938506803,-1.0,-1.0
2026-03-04 05:45:00,-14.306,-13.927559763348775,-6.636656377750109,0.33851773927579343,-6.636656377750109,-1.0,-1.0
2026-03-04 06:00:00,-13.299,-16.164421116997303,-3.318640338642331,2.657923705685536,-3.318640338642331,-1.0,-1.0
2026-03-04 06:15:00,-16.632,-15.137279799629635,-3.7306497936412,1.9166981751575123,-3.7306497936412,-1.0,-1.0
2026-03-04 06:30:00,-2.735,-14.495945743914152,-4.274862225084647,1.7156994207267515,-4.274862225084647,-1.0,-1.0
2026-03-04 06:45:00,-4.439,-13.781513707005432,-4.132972089004705,2.146278424239295,-4.132972089004705,-1.0,-1.0
2026-03-04 07:00:00,-10.274,-18.66616563084607,-5.661527446025425,2.3432190033839357,-5.661527446025425,-1.0,-1.0
2026-03-04 07:15:00,-3.39,-13.326906827362656,-3.4005738477588405,3.261841344354915,-3.4005738477588405,-1.0,-1.0
2026-03-04 07:30:00,-6.179,-17.356013040065626,-4.212402510771957,2.165279360087202,-4.212402510771957,-1.0,-1.0
2026-03-04 07:45:00,-3.999,-17.63751747202495,-2.917687037189931,3.2505384073027686,-2.917687037189931,-1.0,-1.0
2026-03-04 08:00:00,-4.145,-25.021827564465344,-7.764630398473468,1.7815175736340227,-7.764630398473468,-1.0,-1.0
2026-03-04 08:15:00,2.55,-16.348235610300442,-6.06998156272719,3.0529834710234898,-6.06998156272719,-1.0,1.0
2026-03-04 08:30:00,-8.191,-11.192511450786405,-3.7540811920133508,4.555673441847455,-3.7540811920133508,-1.0,-1.0
2026-03-04 08:45:00,-5.441,-14.590957720859745,-2.1348064516751326,5.800112018947767,-2.1348064516751326,-1.0,-1.0
2026-03-04 09:00:00,-2.704,-22.472216796490113,-4.021255104263124,6.6668933690279335,-4.021255104263124,-1.0,-1.0
2026-03-04 09:15:00,-6.332,-16.938785578582685,-2.361824308059189,6.290349742932138,-2.361824308059189,-1.0,-1.0
2026-03-04 09:30:00,-5.725,-18.79110808994481,-5.953434879816467,6.673289641611389,-5.953434879816467,-1.0,-1.0
2026-03-04 09:45:00,3.109,-16.53127847155862,-3.715884990423772,11.825457448935587,-3.715884990423772,-1.0,1.0
2026-03-04 10:00:00,-4.711,-18.931776492780468,-7.339043444005016,3.988357032779392,-7.339043444005016,-1.0,-1.0
2026-03-04 10:15:00,-16.164,-15.881384950993098,-6.3141875392771585,4.29562561562429,-6.3141875392771585,-1.0,-1.0
2026-03-04 10:30:00,-12.769,-19.329377059983827,-6.878346241401102,3.3587622424195245,-6.878346241401102,-1.0,-1.0
2026-03-04 10:45:00,-9.171,-15.434106880386706,-5.598751588808296,5.914031704296402,-5.598751588808296,-1.0,-1.0
2026-03-04 11:00:00,-18.946,-18.712795806827952,-7.784134612589474,5.386000297998578,-7.784134612589474,-1.0,-1.0
2026-03-04 11:15:00,-25.332,-16.157356906406385,-7.231689525452911,4.881741371164504,-7.231689525452911,-1.0,-1.0
2026-03-04 11:30:00,-27.292,-12.85025584361367,-5.162882993856424,5.829052323944156,-5.162882993856424,-1.0,-1.0
2026-03-04 11:45:00,-28.471,-14.511084656849679,-3.080244127193129,9.010478045899593,-3.080244127193129,-1.0,-1.0
2026-03-04 12:00:00,-24.93,-15.541374428196228,-2.345648736043292,5.1305753461628205,-2.345648736043292,-1.0,-1.0
2026-03-04 12:15:00,-20.821,-12.438067041605244,-2.194064874645023,3.256883119977653,-2.194064874645023,-1.0,-1.0
2026-03-04 12:30:00,-27.598,-17.33663136364649,-0.6842397858790727,4.689542791087616,-0.6842397858790727,-1.0,-1.0
2026-03-04 12:45:00,-19.832,-15.728437138494504,-1.4941111800264169,4.702763355541349,-1.4941111800264169,-1.0,-1.0
2026-03-04 13:00:00,-6.345,-18.905605551236793,-1.8556916423179777,7.310141160310072,-1.8556916423179777,-1.0,-1.0
2026-03-04 13:15:00,-4.464,-22.175941752517073,-2.6822448024463683,8.411837074163252,-2.6822448024463683,-1.0,-1.0
2026-03-04 13:30:00,-1.926,-22.22533745434769,-5.102097018841146,9.408575436531851,-5.102097018841146,-1.0,-1.0
2026-03-04 13:45:00,5.545,-24.502208620419793,-6.400393112962561,7.619341243535504,-6.400393112962561,-1.0,1.0
2026-03-04 14:00:00,8.555,-27.82019322269797,-7.5918707085866775,3.7485705946451895,-7.5918707085866775,-1.0,1.0
2026-03-04 14:15:00,4.484,-29.15646288775362,-8.436038332522978,1.9329927147715043,-8.436038332522978,-1.0,1.0
2026-03-04 14:30:00,12.197,-26.7717939683172,-9.520714203777128,2.763520688227695,-9.520714203777128,-1.0,1.0
2026-03-04 14:45:00,6.331,-23.953961378725005,-8.391310498099912,3.5556543901762074,-8.391310498099912,-1.0,1.0
2026-03-04 15:00:00,-2.607,-18.770728926943143,0.6894728626062303,10.246069810648061,0.6894728626062303,1.0,-1.0
2026-03-04 15:15:00,-1.848,-16.469860485014507,0.7995717327481602,8.985900913883597,0.7995717327481602,1.0,-1.0
2026-03-04 15:30:00,-0.791,-13.532316511765096,0.23959807654401283,10.077838174165846,0.23959807654401283,1.0,-1.0
2026-03-04 15:45:00,3.124,-15.894290307126328,-0.3078547063933558,9.615661866791653,-0.3078547063933558,-1.0,1.0
2026-03-04 16:00:00,9.403,-12.861257004727479,3.642187185912488,13.667255716829665,3.642187185912488,1.0,1.0
2026-03-04 16:15:00,11.223,-11.7253671487254,2.3813476110394967,8.686319508224685,2.3813476110394967,1.0,1.0
2026-03-04 16:30:00,4.403,-13.37679081156542,1.1801950415540599,10.854894141967213,1.1801950415540599,1.0,1.0
2026-03-04 16:45:00,2.079,-15.705517323194,-1.8731211124070868,9.258184089213733,-1.8731211124070868,-1.0,1.0
2026-03-04 17:00:00,7.906,-5.551961522764196,-0.5233863438276739,10.126598743746815,-0.5233863438276739,-1.0,1.0
2026-03-04 17:15:00,12.992,-6.638193951923065,-1.5523377510854788,6.893491100689346,-1.5523377510854788,-1.0,1.0
2026-03-04 17:30:00,13.878,-5.530350800995875,-2.743603758093047,5.108387844976593,-2.743603758093047,-1.0,1.0
2026-03-04 17:45:00,21.648,-5.231873918495331,-2.7556547035179317,6.827279334042845,-2.7556547035179317,-1.0,1.0
2026-03-04 18:00:00,12.722,-5.859510015212083,2.352416442878525,11.364567406209039,2.352416442878525,1.0,1.0
2026-03-04 18:15:00,11.085,-5.43518375789519,1.8330365556423718,10.857951686782833,1.8330365556423718,1.0,1.0
2026-03-04 18:30:00,4.493,-4.5082757184663595,0.42916372461101543,9.000462395473418,0.42916372461101543,1.0,1.0
2026-03-04 18:45:00,-0.247,-4.447686291658173,0.49971235192849106,7.847179021470179,0.49971235192849106,1.0,-1.0
2026-03-04 19:00:00,-0.028,-5.094472256874972,-0.29556274603476734,11.029662314631743,-0.29556274603476734,-1.0,-1.0
2026-03-04 19:15:00,1.374,-4.545271225295731,-2.149067778082602,11.983573363570937,-2.149067778082602,-1.0,1.0
2026-03-04 19:30:00,0.375,-3.6886470174499864,0.11012753969162431,14.847636084508897,0.11012753969162431,1.0,1.0
2026-03-04 19:45:00,4.797,-1.1971573943372376,3.6502006246610077,12.20606296092788,3.6502006246610077,1.0,1.0
2026-03-04 20:00:00,-4.258,-4.953434729986607,-0.42518266711280917,10.244531220475379,-0.42518266711280917,-1.0,-1.0
2026-03-04 20:15:00,2.822,-0.4468691030680463,2.450822295282302,9.921751667000699,2.450822295282302,1.0,1.0
2026-03-04 20:30:00,-5.994,-2.5631551628799687,2.5015469032256106,8.65004161864713,2.5015469032256106,1.0,-1.0
2026-03-04 20:45:00,-0.772,-2.6205967294165884,2.760599041097323,9.633107971089748,2.760599041097323,1.0,-1.0
2026-03-04 21:00:00,0.558,-7.204672657476822,1.8295741823065774,8.426141472961678,1.8295741823065774,1.0,1.0
2026-03-04 21:15:00,1.191,-4.333149469703848,1.810400468983112,5.241392845516473,1.810400468983112,1.0,1.0
2026-03-04 21:30:00,2.285,-5.316139683322712,0.5074431100844052,4.647733691592391,0.5074431100844052,1.0,1.0
2026-03-04 21:45:00,7.149,-4.89592648021395,1.511097289539249,8.20550904456258,1.511097289539249,1.0,1.0
2026-03-04 22:00:00,7.311,-9.037388162492599,-0.571888020242575,5.72666609476042,-0.571888020242575,-1.0,1.0
2026-03-04 22:15:00,4.176,-7.596932627337674,-0.8070088847238014,5.551355452772038,-0.8070088847238014,-1.0,1.0
2026-03-04 22:30:00,5.125,-8.846888984936152,-0.8018730835573116,2.4563980044543894,-0.8018730835573116,-1.0,1.0
2026-03-04 22:45:00,5.083,-5.689533951126892,-0.7374097118422993,4.836023251276381,-0.7374097118422993,-1.0,1.0
2026-03-04 23:00:00,7.609,-7.817971202289683,-2.7581697210654466,2.542889064197233,-2.7581697210654466,-1.0,1.0
2026-03-04 23:15:00,12.336,-3.577939755932041,-0.6441362125941055,4.411207267286471,-0.6441362125941055,-1.0,1.0
2026-03-04 23:30:00,5.363,-4.155138557790334,-0.30144563783149697,5.965248615703558,-0.30144563783149697,-1.0,1.0
2026-03-04 23:45:00,5.41,-3.0240644917457744,2.7449357904328573,9.355824959250182,2.7449357904328573,1.0,1.0
2026-03-05 00:00:00,-5.212,-7.59388211352056,-1.1794936917426717,6.266621099233876,-1.1794936917426717,-1.0,-1.0
2026-03-05 00:15:00,-4.821,-4.987702267921142,1.8130792005900023,5.749212634714518,1.8130792005900023,1.0,-1.0
2026-03-05 00:30:00,-4.053,-6.30628506029484,1.3498154130210422,6.847489534945588,1.3498154130210422,1.0,-1.0
2026-03-05 00:45:00,-4.561,-6.317561166464919,2.3805039893642888,7.841475721400081,2.3805039893642888,1.0,-1.0
2026-03-05 01:00:00,-8.664,-7.104479027926429,1.3297036084534413,10.328341165703927,1.3297036084534413,1.0,-1.0
2026-03-05 01:15:00,-0.395,-6.177803402388641,1.7199481973079758,7.341974192111807,1.7199481973079758,1.0,-1.0
2026-03-05 01:30:00,-2.203,-6.053413630853618,0.43067820599761536,7.343840901691958,0.43067820599761536,1.0,-1.0
2026-03-05 01:45:00,-2.897,-4.381049534749461,0.332258356340438,7.4039676395339,0.332258356340438,1.0,-1.0
2026-03-05 02:00:00,1.445,-7.0860428837266065,-2.2368589858266437,3.347469721907628,-2.2368589858266437,-1.0,1.0
2026-03-05 02:15:00,0.689,-7.1697311466147635,-0.599024428424282,2.870661642013208,-0.599024428424282,-1.0,1.0
2026-03-05 02:30:00,0.107,-6.103875506049856,-0.33441918210910915,2.3932658286780426,-0.33441918210910915,-1.0,1.0
2026-03-05 02:45:00,-0.296,-7.710134855271602,-1.618469918758385,2.68402674562105,-1.618469918758385,-1.0,-1.0
2026-03-05 03:00:00,0.457,-9.264893658306725,-1.6018802877776992,1.1901250187572296,-1.6018802877776992,-1.0,1.0
2026-03-05 03:15:00,1.707,-7.641263011598946,0.33105319829418806,2.6686468847277194,0.33105319829418806,1.0,1.0
2026-03-05 03:30:00,-0.208,-5.9520414451383665,0.3885805656821135,2.42778525237366,0.3885805656821135,1.0,-1.0
2026-03-05 03:45:00,1.249,-3.6292641784883397,-0.1396111310542285,4.5278308166962375,-0.1396111310542285,-1.0,1.0
2026-03-05 04:00:00,2.66,-3.948874869855193,-1.1955412605625948,2.840179096352553,-1.1955412605625948,-1.0,1.0
2026-03-05 04:15:00,2.431,-4.291484325191854,-2.0163788439967,1.8287564357128623,-2.0163788439967,-1.0,1.0
2026-03-05 04:30:00,4.552,-5.626170246700983,-0.7065484968833231,2.2482754698834047,-0.7065484968833231,-1.0,1.0
2026-03-05 04:45:00,8.066,-6.166541158210994,-1.1777432488417672,3.7468628499449994,-1.1777432488417672,-1.0,1.0
2026-03-05 05:00:00,-1.988,-7.554046140410621,0.6479163483012851,4.754749380967648,0.6479163483012851,1.0,-1.0
2026-03-05 05:15:00,1.5,-6.428227060720476,0.9534081210458143,3.78959395949905,0.9534081210458143,1.0,1.0
2026-03-05 05:30:00,-2.53,-8.24767967418704,0.016277227838616008,2.9582557107731944,0.016277227838616008,1.0,-1.0
2026-03-05 05:45:00,3.299,-9.655393951266714,-0.514086844894776,4.679933391610952,-0.514086844894776,-1.0,1.0
2026-03-05 06:00:00,6.449,-8.243558947656522,1.654919177953234,9.736132777377525,1.654919177953234,1.0,1.0
2026-03-05 06:15:00,0.73,-6.186695503413283,0.6136718365139597,5.318509901199926,0.6136718365139597,1.0,1.0
2026-03-05 06:30:00,2.21,-5.853173954018525,1.2442166086355873,7.385445127094932,1.2442166086355873,1.0,1.0
2026-03-05 06:45:00,1.383,-7.961360374857953,1.07046907633897,6.529921205501654,1.07046907633897,1.0,1.0
2026-03-05 07:00:00,7.1,-12.277810496075368,-1.3037788384569446,7.599504039961228,-1.3037788384569446,-1.0,1.0
2026-03-05 07:15:00,7.92,-8.163410892861663,-0.14187542076599335,8.6951184818826,-0.14187542076599335,-1.0,1.0
2026-03-05 07:30:00,14.782,-7.359542014979979,0.16191708713547534,8.474367805621213,0.16191708713547534,1.0,1.0
2026-03-05 07:45:00,17.781,-7.492290021140978,0.41114880043256724,12.360727190817327,0.41114880043256724,1.0,1.0
2026-03-05 08:00:00,2.686,-11.276553644388725,-4.454011440125131,8.820700482735441,-4.454011440125131,-1.0,1.0
2026-03-05 08:15:00,-0.641,-8.607805496040978,-1.2148343090212552,10.963459189262347,-1.2148343090212552,-1.0,-1.0
2026-03-05 08:30:00,-2.068,-6.307013519292659,-1.3073165497359316,13.190595640801273,-1.3073165497359316,-1.0,-1.0
2026-03-05 08:45:00,10.295,-5.855988824772311,0.3190346114021685,16.868270266457348,0.3190346114021685,1.0,1.0
2026-03-05 09:00:00,2.127,-5.02494013000743,-0.8835986291170295,10.491920136811341,-0.8835986291170295,-1.0,1.0
2026-03-05 09:15:00,2.063,-4.05661432858692,3.4891423693623764,15.318868710626061,3.4891423693623764,1.0,1.0
2026-03-05 09:30:00,4.149,-1.9941132451034203,4.888038842282102,16.019144780298618,4.888038842282102,1.0,1.0
2026-03-05 09:45:00,-2.3,-2.3487811016358435,3.4923935261301513,16.91903927565491,3.4923935261301513,1.0,-1.0
2026-03-05 10:00:00,17.874,-9.386678275925412,-0.18843534257527245,13.014954213861868,-0.18843534257527245,-1.0,1.0
2026-03-05 10:15:00,8.671,-7.064073206545716,-0.8753497008476855,10.018933577214659,-0.8753497008476855,-1.0,1.0
2026-03-05 10:30:00,6.263,-6.492299397468352,0.3943361127595827,11.596732577285994,0.3943361127595827,1.0,1.0
2026-03-05 10:45:00,11.359,-8.180645166329962,3.9178643609572203,16.17272106014904,3.9178643609572203,1.0,1.0
2026-03-05 11:00:00,6.732,-11.043932059761627,2.054848137871138,12.139970947967564,2.054848137871138,1.0,1.0
2026-03-05 11:15:00,9.201,-2.857355161303714,3.8082802289112347,15.654899177181782,3.8082802289112347,1.0,1.0
2026-03-05 11:30:00,7.836,-8.25890447512035,1.9320227422155365,12.656384910889559,1.9320227422155365,1.0,1.0
2026-03-05 11:45:00,9.44,-2.576204952876666,4.576537291309454,15.958371124027735,4.576537291309454,1.0,1.0
2026-03-05 12:00:00,-6.855,-4.663106796710673,2.241567129949883,22.242056469139385,2.241567129949883,1.0,-1.0
2026-03-05 12:15:00,-9.257,-2.3731986656166804,3.0817044486238143,21.1040676183121,3.0817044486238143,1.0,-1.0
2026-03-05 12:30:00,-11.397,-1.8016284071001856,1.2603532170643656,21.56920697545988,1.2603532170643656,1.0,-1.0
2026-03-05 12:45:00,-9.608,-2.1652578728085254,2.1821379265712806,18.773350629636653,2.1821379265712806,1.0,-1.0
2026-03-05 13:00:00,-3.358,-2.0955476673151336,2.7068029891595513,19.77036174145883,2.7068029891595513,1.0,-1.0
2026-03-05 13:15:00,-0.104,-1.707929473781262,3.1187227282972247,19.483644591434917,3.1187227282972247,1.0,-1.0
2026-03-05 13:30:00,1.413,-2.405110116852155,2.7508945654787977,17.772544712026843,2.7508945654787977,1.0,1.0
2026-03-05 13:45:00,3.99,-5.48864940264085,5.321281817010065,16.184429882135916,5.321281817010065,1.0,1.0
2026-03-05 14:00:00,3.327,-4.100132448213167,3.9397722430048026,14.202019343830623,3.9397722430048026,1.0,1.0
2026-03-05 14:15:00,-4.163,-6.210639303690412,5.638701102184813,12.634231653270614,5.638701102184813,1.0,-1.0
2026-03-05 14:30:00,-13.573,-4.451073197688557,5.323852697117093,16.03828361951478,5.323852697117093,1.0,-1.0
2026-03-05 14:45:00,-18.828,-6.197932761324141,6.845394128117465,13.159768068322395,6.845394128117465,1.0,-1.0
2026-03-05 15:00:00,0.277,-8.365901593631701,7.10586613563183,15.894151803474296,7.10586613563183,1.0,1.0
2026-03-05 15:15:00,-10.759,-8.75155153459749,5.22355058103122,10.996938210871322,5.22355058103122,1.0,-1.0
2026-03-05 15:30:00,-1.263,-6.881300815929207,3.224397596864533,11.364668569840772,3.224397596864533,1.0,-1.0
2026-03-05 15:45:00,7.83,-9.859196757118708,0.7686096630099009,10.29222705081024,0.7686096630099009,1.0,1.0
2026-03-05 16:00:00,8.364,-3.401335592047848,6.653218678163654,17.832061788114938,6.653218678163654,1.0,1.0
2026-03-05 16:15:00,9.502,-8.062465866795419,1.5942121914946985,12.14895919725666,1.5942121914946985,1.0,1.0
2026-03-05 16:30:00,-0.962,-9.771401272400468,-1.8034036185840907,7.6063908467364945,-1.8034036185840907,-1.0,-1.0
2026-03-05 16:45:00,0.556,-10.902611563529968,-1.1652051018241896,5.815312767198128,-1.1652051018241896,-1.0,1.0
2026-03-05 17:00:00,-9.399,-5.038419297525811,2.544477872742389,8.646917253670335,2.544477872742389,1.0,-1.0
2026-03-05 17:15:00,8.124,-4.356233937320451,1.8599552253083391,6.406835322964203,1.8599552253083391,1.0,1.0
2026-03-05 17:30:00,1.094,-5.093579459128161,0.47411746862742526,7.591922833884085,0.47411746862742526,1.0,1.0
2026-03-05 17:45:00,-0.611,-5.220957756067681,0.4185084906585876,7.977218598499862,0.4185084906585876,1.0,-1.0
2026-03-05 18:00:00,7.202,-5.734237453985842,3.07862419423929,13.785192641579076,3.07862419423929,1.0,1.0
2026-03-05 18:15:00,-1.448,-7.269779433061951,0.3492969938743156,13.343342856064703,0.3492969938743156,1.0,-1.0
2026-03-05 18:30:00,-2.721,-5.248183164483267,1.4263219060130372,10.957895702863519,1.4263219060130372,1.0,-1.0
2026-03-05 18:45:00,-3.129,-4.23472900920601,0.6623482664724811,7.322102518326706,0.6623482664724811,1.0,-1.0
2026-03-05 19:00:00,1.763,-4.3992350258919855,2.0813444711731917,6.81554617473069,2.0813444711731917,1.0,1.0
2026-03-05 19:15:00,-1.985,-2.6427729877288137,0.1379731455188086,6.447988885639382,0.1379731455188086,1.0,-1.0
2026-03-05 19:30:00,-1.635,-3.8673893614226027,0.16266332037238493,5.329200832972503,0.16266332037238493,1.0,-1.0
2026-03-05 19:45:00,3.549,-2.7703095055173654,3.116873051908457,7.66149076318618,3.116873051908457,1.0,1.0
2026-03-05 20:00:00,3.245,-4.865240655353617,-0.5213135783955848,5.8398799520305715,-0.5213135783955848,-1.0,1.0
2026-03-05 20:15:00,5.622,-2.4974025564622626,1.0901114755980523,3.226521068561445,1.0901114755980523,1.0,1.0
2026-03-05 20:30:00,3.873,-0.7618960701280544,0.32714087860118773,4.312401060430742,0.32714087860118773,1.0,1.0
2026-03-05 20:45:00,8.041,-0.6508564879861846,2.5897765112052937,5.70094645597799,2.5897765112052937,1.0,1.0
2026-03-05 21:00:00,-6.235,-8.754980726603613,-0.45106798579451796,6.260515438079236,-0.45106798579451796,-1.0,-1.0
2026-03-05 21:15:00,-5.524,-4.748696501703302,0.38423730198551204,4.22775904839932,0.38423730198551204,1.0,-1.0
2026-03-05 21:30:00,-1.108,-4.597510194130989,0.48412430419507824,5.524870878890741,0.48412430419507824,1.0,-1.0
2026-03-05 21:45:00,-5.356,-4.874261001060623,3.972085398054158,11.088493360916942,3.972085398054158,1.0,-1.0
2026-03-05 22:00:00,-7.723,-7.607002851703941,0.24434876313963486,7.1887226541867815,0.24434876313963486,1.0,-1.0
2026-03-05 22:15:00,-11.328,-2.9615228570151864,1.0108912810900184,6.613627191840429,1.0108912810900184,1.0,-1.0
2026-03-05 22:30:00,-5.445,-3.8774154582278224,1.1306141981650035,5.476752703478034,1.1306141981650035,1.0,-1.0
2026-03-05 22:45:00,-5.85,-5.679709520695757,1.7977047680515512,7.614535797900224,1.7977047680515512,1.0,-1.0
2026-03-05 23:00:00,-12.928,-8.977334270858508,0.6517534143398842,4.899810061165499,0.6517534143398842,1.0,-1.0
2026-03-05 23:15:00,-13.444,-5.35646457637733,0.39409469147006804,4.787669844349159,0.39409469147006804,1.0,-1.0
2026-03-05 23:30:00,-4.053,-8.719123983319292,-1.255256125048649,3.896306751544973,-1.255256125048649,-1.0,-1.0
2026-03-05 23:45:00,7.724,-7.683494347576797,-1.5780309374590402,4.153259638486352,-1.5780309374590402,-1.0,1.0
2026-03-06 00:00:00,-5.011,-11.756372190379729,-2.8520384409477058,2.537304786580081,-2.8520384409477058,-1.0,-1.0
2026-03-06 00:15:00,-4.121,-11.403260515514503,-1.982090472766978,3.4022742802872963,-1.982090472766978,-1.0,-1.0
2026-03-06 00:30:00,-6.169,-5.7636889878786866,-0.46529672479313106,4.247011937630605,-0.46529672479313106,-1.0,-1.0
2026-03-06 00:45:00,-1.136,-6.522639187275841,-0.98551334389268,4.559616099072427,-0.98551334389268,-1.0,-1.0
2026-03-06 01:00:00,-2.129,-11.165013973536785,-4.67363700165135,1.1413381181434787,-4.67363700165135,-1.0,-1.0
2026-03-06 01:15:00,-3.272,-9.242879203055175,-2.4981534280853315,4.365287560441318,-2.4981534280853315,-1.0,-1.0
2026-03-06 01:30:00,-7.497,-7.876452529212685,-1.4092646671558413,5.344830715378827,-1.4092646671558413,-1.0,-1.0
2026-03-06 01:45:00,-3.128,-4.5538051860647615,0.20103291654137295,6.500915806387846,0.20103291654137295,1.0,-1.0
2026-03-06 02:00:00,-3.777,-8.33703578189652,-1.3487341656714573,3.450706649627451,-1.3487341656714573,-1.0,-1.0
2026-03-06 02:15:00,-0.911,-6.254236594847993,-1.0424318672157715,2.4386777321249395,-1.0424318672157715,-1.0,-1.0
2026-03-06 02:30:00,-1.801,-8.405429911612389,-2.689745443624974,2.8306796879839524,-2.689745443624974,-1.0,-1.0
2026-03-06 02:45:00,-3.394,-7.065678763473182,-2.1816987293688315,3.7491693526886998,-2.1816987293688315,-1.0,-1.0
2026-03-06 03:00:00,-4.869,-8.523328991658888,-3.3102569037855143,3.0860855070991366,-3.3102569037855143,-1.0,-1.0
2026-03-06 03:15:00,-3.114,-7.430019753249695,-2.351091195234094,3.4585876058210556,-2.351091195234094,-1.0,-1.0
2026-03-06 03:30:00,-6.642,-8.296279831741112,-3.2086404136551847,1.651693187205194,-3.2086404136551847,-1.0,-1.0
2026-03-06 03:45:00,-3.128,-7.20924987657492,-2.552548841905976,2.5041829337492367,-2.552548841905976,-1.0,-1.0
2026-03-06 04:00:00,0.899,-8.92065032782634,-0.36153031076333514,2.823938765040759,-0.36153031076333514,-1.0,1.0
2026-03-06 04:15:00,-2.124,-6.898705737670684,-0.2649398457535348,2.3997216573118987,-0.2649398457535348,-1.0,-1.0
2026-03-06 04:30:00,-0.538,-8.211140092620177,-1.6014215169624875,2.8489219306465223,-1.6014215169624875,-1.0,-1.0
2026-03-06 04:45:00,1.273,-8.034160938852859,-1.6265167245004255,2.7229612591096766,-1.6265167245004255,-1.0,1.0
2026-03-06 05:00:00,0.417,-8.728809321116989,-1.549513296132858,2.2859703851434126,-1.549513296132858,-1.0,1.0
2026-03-06 05:15:00,7.148,-9.008557949662661,-2.491748459425026,2.8170968425216207,-2.491748459425026,-1.0,1.0
2026-03-06 05:30:00,1.486,-8.884207356102893,-2.550588590813662,2.3235142954233776,-2.550588590813662,-1.0,1.0
2026-03-06 05:45:00,1.7,-8.160624385716915,-1.7588103495515899,3.850382781342058,-1.7588103495515899,-1.0,1.0
2026-03-06 06:00:00,-9.04,-8.196825099963744,-0.16839801677423238,5.6174017923045305,-0.16839801677423238,-1.0,-1.0
2026-03-06 06:15:00,-10.487,-9.01090693985638,-1.4122640328235363,2.771977781197341,-1.4122640328235363,-1.0,-1.0
2026-03-06 06:30:00,0.19,-9.456290968135503,-1.5869379604130496,3.0840038680365307,-1.5869379604130496,-1.0,1.0
2026-03-06 06:45:00,-2.52,-11.00499402983538,-1.3156406246459769,3.532281934478656,-1.3156406246459769,-1.0,-1.0
2026-03-06 07:00:00,-7.923,-10.550055207966738,-2.030108834790704,6.369646887084731,-2.030108834790704,-1.0,-1.0
2026-03-06 07:15:00,-7.443,-7.465853063721479,-0.833372499379655,5.911106772558549,-0.833372499379655,-1.0,-1.0
2026-03-06 07:30:00,-1.208,-6.048462141781131,-0.35100371209970854,9.931714062542744,-0.35100371209970854,-1.0,-1.0
2026-03-06 07:45:00,-1.325,-10.788683394952521,0.058147783393830046,10.950103380845267,0.058147783393830046,1.0,-1.0
2026-03-06 08:00:00,1.339,-20.878758073830063,-4.189901027542819,5.037847898512875,-4.189901027542819,-1.0,1.0
2026-03-06 08:15:00,6.995,-15.284144814002577,-2.4039691052694394,3.7764130915172824,-2.4039691052694394,-1.0,1.0
2026-03-06 08:30:00,4.141,-14.383833628353072,-2.2702882237698834,6.496109416888047,-2.2702882237698834,-1.0,1.0
2026-03-06 08:45:00,14.703,-12.72743360537697,0.32651617463972743,14.312664360673445,0.32651617463972743,1.0,1.0
2026-03-06 09:00:00,-7.342,-14.890983172123589,-4.188890787278749,9.803605174342685,-4.188890787278749,-1.0,-1.0
2026-03-06 09:15:00,-11.269,-15.120119450128342,-1.965981426861009,6.60340221871526,-1.965981426861009,-1.0,-1.0
2026-03-06 09:30:00,-10.416,-14.710067422608336,-1.402638863507399,9.656446446499103,-1.402638863507399,-1.0,-1.0
2026-03-06 09:45:00,-4.636,-15.847329588697594,0.7300534952583375,14.410299899772552,0.7300534952583375,1.0,-1.0
2026-03-06 10:00:00,7.459,-9.183170644777599,3.1724641996655247,19.721958789052977,3.1724641996655247,1.0,1.0
2026-03-06 10:15:00,-11.915,-10.549117158077497,1.932663721939856,17.8446470468665,1.932663721939856,1.0,-1.0
2026-03-06 10:30:00,-4.978,-5.9410736444767975,4.3332902105103,19.83081816553333,4.3332902105103,1.0,-1.0
2026-03-06 10:45:00,-2.627,-6.485074930420882,2.381101445676881,21.804085129112522,2.381101445676881,1.0,-1.0
2026-03-06 11:00:00,-4.316,-12.492074195315803,0.6826155415564118,17.587825539825964,0.6826155415564118,1.0,-1.0
2026-03-06 11:15:00,-7.912,-6.649675262262494,-0.07098890946940034,17.085469399443785,-0.07098890946940034,-1.0,-1.0
2026-03-06 11:30:00,-4.435,-11.278511009113878,1.3150151600454498,18.734560020857245,1.3150151600454498,1.0,-1.0
2026-03-06 11:45:00,-3.456,-4.181854268003093,5.5787422948682055,24.26753587169129,5.5787422948682055,1.0,-1.0
2026-03-06 12:00:00,-1.307,-13.136123817829,2.122301456119486,16.29744866120885,2.122301456119486,1.0,-1.0
2026-03-06 12:15:00,5.839,-10.313366232854847,1.4163656876675421,14.169925867467738,1.4163656876675421,1.0,1.0
2026-03-06 12:30:00,2.892,-7.2804385614818425,3.2586704042803163,17.65894344134383,3.2586704042803163,1.0,1.0
2026-03-06 12:45:00,6.385,-6.591141203973217,3.018128488457618,15.37385039178608,3.018128488457618,1.0,1.0
2026-03-06 13:00:00,4.938,-6.392430844830321,8.13236197217597,17.506863687747263,8.13236197217597,1.0,1.0
2026-03-06 13:15:00,6.34,-7.786514212097855,7.788938206860209,16.94398169950607,7.788938206860209,1.0,1.0
2026-03-06 13:30:00,11.375,-4.77926770328141,5.519667573860782,19.485167160221753,5.519667573860782,1.0,1.0
2026-03-06 13:45:00,3.588,-7.235409206554848,3.504858812079006,18.2400997900502,3.504858812079006,1.0,1.0
2026-03-06 14:00:00,-6.958,-2.627080542681401,5.0905169220169,16.6038297777307,5.0905169220169,1.0,-1.0
2026-03-06 14:15:00,-15.57,-3.799509244644871,4.08196730754455,15.088388898271653,4.08196730754455,1.0,-1.0
2026-03-06 14:30:00,-25.099,-3.2612527619697733,2.943605429065395,12.101448078754602,2.943605429065395,1.0,-1.0
2026-03-06 14:45:00,-23.381,-2.9009159885218407,2.0600870556641855,11.258408701445363,2.0600870556641855,1.0,-1.0
2026-03-06 15:00:00,-16.654,-5.319084596921507,6.67654542148344,13.261615384220612,6.67654542148344,1.0,-1.0
2026-03-06 15:15:00,-18.649,-5.781060434133463,3.2556031373224816,9.959935268720923,3.2556031373224816,1.0,-1.0
2026-03-06 15:30:00,-13.573,-6.850082366885089,0.6348630908790873,9.918819483762956,0.6348630908790873,1.0,-1.0
2026-03-06 15:45:00,-0.82,-7.902161069250902,-0.05403547014193561,7.771648048239535,-0.05403547014193561,-1.0,-1.0
2026-03-06 16:00:00,-2.27,-5.92190848372245,4.591004192785607,12.570505359853094,4.591004192785607,1.0,-1.0
2026-03-06 16:15:00,-0.863,-13.424269229802697,0.05507077897883644,8.404558348389635,0.05507077897883644,1.0,-1.0
2026-03-06 16:30:00,12.905,-15.414164036787675,-2.237296376397548,4.913619601330569,-2.237296376397548,-1.0,1.0
2026-03-06 16:45:00,11.103,-13.36267677198128,-4.749299282580916,4.120046483132215,-4.749299282580916,-1.0,1.0
2026-03-06 17:00:00,-1.914,-9.831487336748811,-3.2407900162350134,9.438759683090327,-3.2407900162350134,-1.0,-1.0
2026-03-06 17:15:00,0.304,-6.088080822510216,-1.3166756928985515,9.132649840015173,-1.3166756928985515,-1.0,1.0
2026-03-06 17:30:00,-1.298,-7.378307196743901,-1.275710600596219,4.88212205935273,-1.275710600596219,-1.0,-1.0
2026-03-06 17:45:00,-7.108,-4.440996646390387,-2.731027242728319,8.546490012959072,-2.731027242728319,-1.0,-1.0
2026-03-06 18:00:00,-6.347,-5.383216794098883,0.6224166853407891,13.836760851815793,0.6224166853407891,1.0,-1.0
2026-03-06 18:15:00,-6.944,-5.151267312640981,-0.8134534946422316,8.365792484516769,-0.8134534946422316,-1.0,-1.0
2026-03-06 18:30:00,-10.644,-4.74648532578359,-1.1184730355860149,9.082743607383888,-1.1184730355860149,-1.0,-1.0
2026-03-06 18:45:00,-0.238,-4.169349564332354,-0.29086397914631906,7.63065473121727,-0.29086397914631906,-1.0,-1.0
2026-03-06 19:00:00,-5.017,-4.169512487655318,0.8031482265477543,5.131931933446607,0.8031482265477543,1.0,-1.0
2026-03-06 19:15:00,-6.271,-2.453903910832118,-1.0677769375076092,3.7066007546875825,-1.0677769375076092,-1.0,-1.0
2026-03-06 19:30:00,-3.375,-3.692749647355423,-1.989403873412111,3.714864370848407,-1.989403873412111,-1.0,-1.0
2026-03-06 19:45:00,-2.836,-2.820124513915317,-0.4472156293611542,3.350442833963389,-0.4472156293611542,-1.0,-1.0
2026-03-06 20:00:00,-8.071,-4.6357849158586095,-2.928514880673893,3.827841533473599,-2.928514880673893,-1.0,-1.0
2026-03-06 20:15:00,5.661,-4.718224672657119,-2.4811721150435213,2.459051977866225,-2.4811721150435213,-1.0,1.0
2026-03-06 20:30:00,-0.945,-2.554046887500842,-1.9213415670248135,6.076154329529197,-1.9213415670248135,-1.0,-1.0
2026-03-06 20:45:00,-1.197,-4.622205273049562,0.3329354754005918,6.559029411257189,0.3329354754005918,1.0,-1.0
2026-03-06 21:00:00,0.432,-7.192973693341109,-2.147093467942386,2.572739823623073,-2.147093467942386,-1.0,1.0
2026-03-06 21:15:00,0.558,-7.46173222621272,-2.0488469990778175,3.3510915397113,-2.0488469990778175,-1.0,1.0
2026-03-06 21:30:00,-2.238,-6.2828317170086,-2.2574478172782335,3.6669064775215143,-2.2574478172782335,-1.0,-1.0
2026-03-06 21:45:00,-3.577,-8.631157011248364,-2.1431354233120263,5.372183821854916,-2.1431354233120263,-1.0,-1.0
2026-03-06 22:00:00,-7.662,-9.86961053075604,-1.4356121464740914,6.252296113177285,-1.4356121464740914,-1.0,-1.0
2026-03-06 22:15:00,-13.175,-9.279901551724842,-1.4309197542048546,6.230988617518594,-1.4309197542048546,-1.0,-1.0
2026-03-06 22:30:00,-9.127,-8.580171781841607,-1.1691184282421259,3.3384707680187957,-1.1691184282421259,-1.0,-1.0
2026-03-06 22:45:00,-5.53,-7.314074686438819,-0.4890383675711348,6.762921672491486,-0.4890383675711348,-1.0,-1.0
2026-03-06 23:00:00,-12.315,-11.510404724399491,-3.558718654236757,3.7539083542672915,-3.558718654236757,-1.0,-1.0
2026-03-06 23:15:00,-10.868,-7.939788904882574,-1.9261976159639946,4.825427094336749,-1.9261976159639946,-1.0,-1.0
2026-03-06 23:30:00,-3.936,-10.760302447887108,-2.258426622971398,2.88122422196233,-2.258426622971398,-1.0,-1.0
2026-03-06 23:45:00,-6.548,-8.575036716118095,-1.6347686536220083,4.69332042355072,-1.6347686536220083,-1.0,-1.0
2026-03-07 00:00:00,1.125,-12.691127806779797,-2.540422967758348,2.0998551257800213,-2.540422967758348,-1.0,1.0
2026-03-07 00:15:00,2.649,-8.561587087698705,-2.1139622953352264,2.7838506185095127,-2.1139622953352264,-1.0,1.0
2026-03-07 00:30:00,1.498,-8.555239907555801,-1.7340323022389224,3.659449453994953,-1.7340323022389224,-1.0,1.0
2026-03-07 00:45:00,1.51,-7.6487947792228175,-1.3096824935905746,4.868721571226,-1.3096824935905746,-1.0,1.0
2026-03-07 01:00:00,1.146,-9.578319048941593,-3.6374231664015984,3.4249293557490668,-3.6374231664015984,-1.0,1.0
2026-03-07 01:15:00,-4.47,-9.396050069388151,-2.873010689884024,3.0367880800872715,-2.873010689884024,-1.0,-1.0
2026-03-07 01:30:00,-1.818,-12.317838816450534,-3.9809761713595817,2.602390232357632,-3.9809761713595817,-1.0,-1.0
2026-03-07 01:45:00,-0.115,-9.298492345387851,-0.8960384316600749,5.489490622931089,-0.8960384316600749,-1.0,-1.0
2026-03-07 02:00:00,-3.478,-9.751720455545925,-2.595156761463904,4.686510483346204,-2.595156761463904,-1.0,-1.0
2026-03-07 02:15:00,-6.713,-8.537193121026236,-0.8546544463602292,4.338260463122733,-0.8546544463602292,-1.0,-1.0
2026-03-07 02:30:00,-10.818,-8.283904506528286,-1.3776522828455606,2.778291673117701,-1.3776522828455606,-1.0,-1.0
2026-03-07 02:45:00,-8.137,-7.55248776284774,-0.8966660706335214,6.905089539878333,-0.8966660706335214,-1.0,-1.0
2026-03-07 03:00:00,-7.544,-9.751269043145095,-2.2934300916147032,2.3638910339757437,-2.2934300916147032,-1.0,-1.0
2026-03-07 03:15:00,-0.504,-8.318567975972648,-1.8005637651094113,2.6043590941334176,-1.8005637651094113,-1.0,-1.0
2026-03-07 03:30:00,-3.383,-8.527368261169501,-1.2983900672064035,2.81813853399489,-1.2983900672064035,-1.0,-1.0
2026-03-07 03:45:00,-2.372,-8.442343763873508,-1.2776770759526461,3.8914290628017056,-1.2776770759526461,-1.0,-1.0
2026-03-07 04:00:00,-5.266,-10.977103649209214,-3.0501717391254197,3.5553113450673894,-3.0501717391254197,-1.0,-1.0
2026-03-07 04:15:00,-4.58,-12.28676432433989,-3.2633055468249177,2.8090432812650965,-3.2633055468249177,-1.0,-1.0
2026-03-07 04:30:00,-4.348,-12.15512127599433,-3.2203863067743264,2.719063783439888,-3.2203863067743264,-1.0,-1.0
2026-03-07 04:45:00,-3.905,-10.305526842332329,-3.589859652809994,2.4870915178658155,-3.589859652809994,-1.0,-1.0
2026-03-07 05:00:00,-3.788,-12.735581904238826,-3.5953006458930923,2.387896291262537,-3.5953006458930923,-1.0,-1.0
2026-03-07 05:15:00,-5.582,-12.935635454826008,-2.9264057323247497,3.0500313586817964,-2.9264057323247497,-1.0,-1.0
2026-03-07 05:30:00,-3.051,-11.904644012312422,-2.8785687917107983,3.4561962574005864,-2.8785687917107983,-1.0,-1.0
2026-03-07 05:45:00,-2.325,-13.046305431708726,-3.0985863519288643,5.4324110798363945,-3.0985863519288643,-1.0,-1.0
2026-03-07 06:00:00,6.014,-11.500479901696263,-3.251113445292225,2.1111476430715217,-3.251113445292225,-1.0,1.0
2026-03-07 06:15:00,0.126,-9.912895290630377,-4.053725086432195,2.4566524400532144,-4.053725086432195,-1.0,1.0
2026-03-07 06:30:00,-1.34,-9.621640453400689,-3.6888833764183273,3.132202466024275,-3.6888833764183273,-1.0,-1.0
2026-03-07 06:45:00,-0.554,-8.575551715743522,-2.677426541872543,4.144525042003323,-2.677426541872543,-1.0,-1.0
2026-03-07 07:00:00,-0.263,-9.044719700363553,-3.5047216199681186,3.427689526526577,-3.5047216199681186,-1.0,-1.0
2026-03-07 07:15:00,1.516,-11.452988365885913,-2.0958401398735456,3.7110254103241407,-2.0958401398735456,-1.0,1.0
2026-03-07 07:30:00,0.438,-7.829446407772949,-0.10408282118331355,2.6633735673359134,-0.10408282118331355,-1.0,1.0
2026-03-07 07:45:00,0.815,-8.163388404789726,0.9267269787814121,8.530830903411436,0.9267269787814121,1.0,1.0
2026-03-07 08:00:00,-7.241,-14.181218666847252,-1.1076699558837724,8.722421647967307,-1.1076699558837724,-1.0,-1.0
2026-03-07 08:15:00,-3.039,-9.433923657615919,0.3362118590559597,10.204126927585968,0.3362118590559597,1.0,-1.0
2026-03-07 08:30:00,-10.096,-9.416493997024538,0.4461524952220069,8.826785414193527,0.4461524952220069,1.0,-1.0
2026-03-07 08:45:00,-9.984,-9.131450989920127,3.2540065307469264,14.200310546068048,3.2540065307469264,1.0,-1.0
2026-03-07 09:00:00,-5.111,-12.699060967487219,2.1774134627623116,11.063670435837079,2.1774134627623116,1.0,-1.0
2026-03-07 09:15:00,2.295,-10.802839612925464,3.4876635733235264,11.839069017638579,3.4876635733235264,1.0,1.0
2026-03-07 09:30:00,7.952,-10.138658031691975,4.656931417825697,12.964475892811775,4.656931417825697,1.0,1.0
2026-03-07 09:45:00,6.236,-9.83180781979647,2.521099775837757,18.664318897512757,2.521099775837757,1.0,1.0
2026-03-07 10:00:00,-4.278,-6.944546077972719,4.018707545048947,15.535735330991253,4.018707545048947,1.0,-1.0
2026-03-07 10:15:00,-11.69,-4.038649651777377,4.222708496118478,14.616485766080492,4.222708496118478,1.0,-1.0
2026-03-07 10:30:00,-10.862,-5.797065807897216,4.394874135821731,12.922647414582903,4.394874135821731,1.0,-1.0
2026-03-07 10:45:00,-8.336,-6.0448403536722095,7.1142287270838205,16.08917588366948,7.1142287270838205,1.0,-1.0
2026-03-07 11:00:00,24.413,-4.518703838336687,4.647903424266075,15.143054270234636,4.647903424266075,1.0,1.0
2026-03-07 11:15:00,21.832,-2.0505893199290206,9.713086528548748,20.11198698146096,9.713086528548748,1.0,1.0
2026-03-07 11:30:00,22.44,-2.7367748471837228,6.187559875278073,26.24773973451394,6.187559875278073,1.0,1.0
2026-03-07 11:45:00,26.67,-2.8942126204765475,8.40977948089945,23.9893693493228,8.40977948089945,1.0,1.0
2026-03-07 12:00:00,17.854,-4.843568422660797,2.6609832971818808,16.69132498312575,2.6609832971818808,1.0,1.0
2026-03-07 12:15:00,12.918,-4.3292935944814,2.406346155399378,15.519439122664064,2.406346155399378,1.0,1.0
2026-03-07 12:30:00,7.672,-5.410632331561888,0.7737395153880062,15.28747423613924,0.7737395153880062,1.0,1.0
2026-03-07 12:45:00,11.045,-2.104376360097209,8.623555401463609,21.77928369785633,8.623555401463609,1.0,1.0
2026-03-07 13:00:00,-4.488,0.16813306601039527,13.185655390736896,23.68789256563981,13.185655390736896,1.0,-1.0
2026-03-07 13:15:00,-3.426,0.9910916104619625,15.766643106020643,23.20629679410958,15.766643106020643,1.0,-1.0
2026-03-07 13:30:00,3.58,4.41245959905037,16.478233749919283,27.92280740982805,16.478233749919283,1.0,1.0
2026-03-07 13:45:00,5.108,4.010452182845924,13.113179466545173,23.468029194364835,13.113179466545173,1.0,1.0
2026-03-07 14:00:00,-11.594,4.3476217816515765,17.043860234405074,21.74769447937782,17.043860234405074,1.0,-1.0
2026-03-07 14:15:00,-14.631,2.5674693138772318,13.064641498379746,20.527686664023268,13.064641498379746,1.0,-1.0
2026-03-07 14:30:00,-12.119,1.7148715528538796,12.565699125931452,17.107171114207627,12.565699125931452,1.0,-1.0
2026-03-07 14:45:00,-20.016,-0.9673815406577956,5.956390089804549,19.342588120275803,5.956390089804549,1.0,-1.0
2026-03-07 15:00:00,-24.54,-4.156292401765827,7.1563956007829574,18.666167255998307,7.1563956007829574,1.0,-1.0
2026-03-07 15:15:00,-21.991,-4.250789588442212,6.081002879256669,13.872610486929306,6.081002879256669,1.0,-1.0
2026-03-07 15:30:00,-8.901,-4.765323511063187,2.270978265987677,9.030900899341743,2.270978265987677,1.0,-1.0
2026-03-07 15:45:00,0.598,-3.939625123107786,0.8386014700784036,13.265072255448935,0.8386014700784036,1.0,1.0
2026-03-07 16:00:00,-12.403,-5.119349472205961,4.504907589734351,14.375776536834183,4.504907589734351,1.0,-1.0
2026-03-07 16:15:00,-3.601,-6.283387215249113,1.6545163687928341,9.820536859693025,1.6545163687928341,1.0,-1.0
2026-03-07 16:30:00,-1.426,-8.528361181044191,2.0209517641630588,6.047362543341177,2.0209517641630588,1.0,-1.0
2026-03-07 16:45:00,-2.218,-8.925802648993733,-0.6866544015680913,7.591194555271414,-0.6866544015680913,-1.0,-1.0
2026-03-07 17:00:00,-7.141,-8.954389589636193,-1.502472288311878,12.615061185578028,-1.502472288311878,-1.0,-1.0
2026-03-07 17:15:00,-6.514,-6.358474757070847,-0.49494921116328205,7.265320768888815,-0.49494921116328205,-1.0,-1.0
2026-03-07 17:30:00,-8.127,-7.91143491415175,-3.7418128464275164,3.1153765813192553,-3.7418128464275164,-1.0,-1.0
2026-03-07 17:45:00,-6.751,-7.509304850319019,-3.4293422249124603,3.8272218937387845,-3.4293422249124603,-1.0,-1.0
2026-03-07 18:00:00,-11.28,-10.391042300219441,-0.3241753569971873,8.391346502857786,-0.3241753569971873,-1.0,-1.0
2026-03-07 18:15:00,-12.094,-8.311612671881514,-0.2829293271813332,7.235113644355227,-0.2829293271813332,-1.0,-1.0
2026-03-07 18:30:00,-24.334,-6.488798873895482,-2.4711614503254205,4.0483740291833366,-2.4711614503254205,-1.0,-1.0
2026-03-07 18:45:00,-26.892,-5.04572944821711,-1.7440217142371561,4.485652089814052,-1.7440217142371561,-1.0,-1.0
2026-03-07 19:00:00,-20.722,-7.141895199739926,-1.6597076750484108,5.006402237395206,-1.6597076750484108,-1.0,-1.0
2026-03-07 19:15:00,-17.577,-7.645353172530918,-1.7161126092202843,4.004993915503956,-1.7161126092202843,-1.0,-1.0
2026-03-07 19:30:00,-16.102,-7.497279766646496,0.4753605615049372,2.399971651394322,0.4753605615049372,1.0,-1.0
2026-03-07 19:45:00,-16.096,-7.3788234001692565,-1.2560536112144012,2.7609181853324793,-1.2560536112144012,-1.0,-1.0
2026-03-07 20:00:00,-2.615,-9.761921844881421,-2.48709741603472,4.960756784065273,-2.48709741603472,-1.0,-1.0
2026-03-07 20:15:00,-4.381,-12.561682872364171,-0.9957423906567735,4.526941060752297,-0.9957423906567735,-1.0,-1.0
2026-03-07 20:30:00,-1.302,-17.644601828292192,-2.2311789405640807,3.891675379744316,-2.2311789405640807,-1.0,-1.0
2026-03-07 20:45:00,-3.42,-16.616641322666243,-1.9202315468230204,4.70088361450268,-1.9202315468230204,-1.0,-1.0
2026-03-07 21:00:00,-1.886,-13.45276249133265,-4.63918019845989,2.111834602957695,-4.63918019845989,-1.0,-1.0
2026-03-07 21:15:00,-8.749,-10.77749238157278,-4.299369022442449,3.05193736376195,-4.299369022442449,-1.0,-1.0
2026-03-07 21:30:00,-5.895,-14.883278038781828,-6.886594245542435,2.3544113984841357,-6.886594245542435,-1.0,-1.0
2026-03-07 21:45:00,-2.298,-13.503297541771909,-2.6039445653920676,4.190253375295848,-2.6039445653920676,-1.0,-1.0
2026-03-07 22:00:00,1.449,-13.032230712161287,-3.435859408375249,4.010352110794381,-3.435859408375249,-1.0,1.0
2026-03-07 22:15:00,-3.382,-15.273904574223268,-3.388126102646166,3.4742824536993293,-3.388126102646166,-1.0,-1.0
2026-03-07 22:30:00,-6.19,-11.426370508300536,-1.373457926172337,3.947006626179261,-1.373457926172337,-1.0,-1.0
2026-03-07 22:45:00,-3.57,-7.640988126114051,-0.21496393876955855,5.9041212070249385,-0.21496393876955855,-1.0,-1.0
2026-03-07 23:00:00,-7.316,-18.861869609606714,-4.538016835809929,4.4288778571849505,-4.538016835809929,-1.0,-1.0
2026-03-07 23:15:00,-11.143,-19.347431685593943,-2.586840033825279,4.096640566438243,-2.586840033825279,-1.0,-1.0
2026-03-07 23:30:00,-14.177,-17.725086396467518,-3.3516708486110933,3.8792237818486757,-3.3516708486110933,-1.0,-1.0
2026-03-07 23:45:00,-14.644,-11.996773565041762,-1.766418158188428,5.416943029433282,-1.766418158188428,-1.0,-1.0
2026-03-08 00:00:00,0.839,-12.235265568883989,-2.5354187073890984,3.4255323626424437,-2.5354187073890984,-1.0,1.0
2026-03-08 00:15:00,3.103,-9.520346197046797,-1.541474853587267,2.059714174055123,-1.541474853587267,-1.0,1.0
2026-03-08 00:30:00,4.319,-10.463829845342376,-1.926408204008467,3.0984846039508254,-1.926408204008467,-1.0,1.0
2026-03-08 00:45:00,4.563,-6.999663021649354,-0.8621387249476306,5.518471527298679,-0.8621387249476306,-1.0,1.0
2026-03-08 01:00:00,9.7,-9.492842754106988,-1.7942569657480574,4.055240185354341,-1.7942569657480574,-1.0,1.0
2026-03-08 01:15:00,4.804,-8.982264841747174,-2.048337193475602,4.426655295989654,-2.048337193475602,-1.0,1.0
2026-03-08 01:30:00,0.166,-12.667231510292355,-2.7587151618707457,4.769396549035365,-2.7587151618707457,-1.0,1.0
2026-03-08 01:45:00,5.894,-10.181135025131496,-0.15713603266969678,6.102187202695475,-0.15713603266969678,-1.0,1.0
2026-03-08 02:00:00,4.437,-12.945089221833696,-1.102262683814079,4.371719752881574,-1.102262683814079,-1.0,1.0
2026-03-08 02:15:00,1.159,-9.419106056460752,0.501944675855267,5.118585909619748,0.501944675855267,1.0,1.0
2026-03-08 02:30:00,1.367,-10.022770350917572,-0.2575687433144766,5.262774760578438,-0.2575687433144766,-1.0,1.0
2026-03-08 02:45:00,1.35,-5.68574141176471,1.963211967057448,8.732022663771161,1.963211967057448,1.0,1.0
2026-03-08 03:00:00,-0.829,-4.542662796612728,0.9486631597178803,6.034198653394659,0.9486631597178803,1.0,-1.0
2026-03-08 03:15:00,-0.253,-4.26567916238656,2.026528118041007,6.289249716444939,2.026528118041007,1.0,-1.0
2026-03-08 03:30:00,-0.145,-3.2308321507072315,1.4829869634265278,6.5892326434743635,1.4829869634265278,1.0,-1.0
2026-03-08 03:45:00,-7.318,-4.979132614435222,2.975105096523685,10.10444513839674,2.975105096523685,1.0,-1.0
2026-03-08 04:00:00,-0.985,-8.734775967012707,-0.28481946491402765,4.778289723246842,-0.28481946491402765,-1.0,-1.0
2026-03-08 04:15:00,-1.226,-7.175779295606882,0.039452235441380136,4.529262456478464,0.039452235441380136,1.0,-1.0
2026-03-08 04:30:00,-2.92,-5.90273494787954,-0.02137474401184408,4.649022072677769,-0.02137474401184408,-1.0,-1.0
2026-03-08 04:45:00,-6.788,-3.2371226648288305,-0.12064535050080998,7.38904500362555,-0.12064535050080998,-1.0,-1.0
2026-03-08 05:00:00,-0.95,-7.016857712698168,-1.593850900465755,5.014142520851438,-1.593850900465755,-1.0,-1.0
2026-03-08 05:15:00,1.996,-8.052227584686289,0.29108523452676255,5.1299869752300875,0.29108523452676255,1.0,1.0
2026-03-08 05:30:00,-3.895,-8.25474726840923,-1.537008260075213,5.716159442620361,-1.537008260075213,-1.0,-1.0
2026-03-08 05:45:00,-3.303,-10.180900269981802,-1.927505210743984,5.175870664822072,-1.927505210743984,-1.0,-1.0
2026-03-08 06:00:00,-6.933,-7.241136946964276,-0.39200261001932574,6.560329944589023,-0.39200261001932574,-1.0,-1.0
2026-03-08 06:15:00,-7.506,-6.708962550260262,-1.93106813332059,4.050092566163469,-1.93106813332059,-1.0,-1.0
2026-03-08 06:30:00,-4.011,-10.340162850377752,-3.4368079509291856,3.1856717544518194,-3.4368079509291856,-1.0,-1.0
2026-03-08 06:45:00,-8.505,-11.38740813830281,-3.343531254301362,3.3013380475508645,-3.343531254301362,-1.0,-1.0
2026-03-08 07:00:00,-11.533,-10.75074038857129,-0.7003293495667524,5.879841047572952,-0.7003293495667524,-1.0,-1.0
2026-03-08 07:15:00,-10.413,-7.895896792502517,-0.2054212335398388,8.153216007529815,-0.2054212335398388,-1.0,-1.0
2026-03-08 07:30:00,-9.983,-7.665800969767041,-0.5506112901965043,7.369620989412213,-0.5506112901965043,-1.0,-1.0
2026-03-08 07:45:00,-3.568,-7.2285084819458225,1.0990318795162004,8.11198474623253,1.0990318795162004,1.0,-1.0
2026-03-08 08:00:00,-11.372,-11.979030121706655,-2.1551600188104083,4.90797548644976,-2.1551600188104083,-1.0,-1.0
2026-03-08 08:15:00,-13.9,-9.88340510203651,-0.21457371785511148,5.344077394430189,-0.21457371785511148,-1.0,-1.0
2026-03-08 08:30:00,-10.314,-11.12498484739336,-1.14320277079965,4.792073949964848,-1.14320277079965,-1.0,-1.0
2026-03-08 08:45:00,-15.042,-13.70027611936128,-0.521483342819743,9.116494468224754,-0.521483342819743,-1.0,-1.0
2026-03-08 09:00:00,-23.31,-16.809897160113234,-4.054011453712137,10.933756993877983,-4.054011453712137,-1.0,-1.0
2026-03-08 09:15:00,-18.516,-12.776403343805505,-4.689215584624121,11.002187987140347,-4.689215584624121,-1.0,-1.0
2026-03-08 09:30:00,-20.755,-12.356437429548913,-1.138573811081775,12.757896423039405,-1.138573811081775,-1.0,-1.0
2026-03-08 09:45:00,-15.826,-11.970672016645231,-0.438347941541972,14.548675961253867,-0.438347941541972,-1.0,-1.0
2026-03-08 10:00:00,-28.552,-10.375108374881407,-3.4159937377815757,9.868438035066145,-3.4159937377815757,-1.0,-1.0
2026-03-08 10:15:00,-23.888,-12.544990404895302,-4.740181552044197,9.407812713329566,-4.740181552044197,-1.0,-1.0
2026-03-08 10:30:00,-21.383,-12.695161213255012,-5.803778467713414,10.35207947433504,-5.803778467713414,-1.0,-1.0
2026-03-08 10:45:00,-19.527,-19.99577551591875,-5.014679939536559,13.473207314541412,-5.014679939536559,-1.0,-1.0
2026-03-08 11:00:00,-27.742,-10.537792643190654,3.774481274445682,12.427022177269224,3.774481274445682,1.0,-1.0
2026-03-08 11:15:00,-24.144,-9.387371828472936,4.440487710829454,13.226704417892357,4.440487710829454,1.0,-1.0
2026-03-08 11:30:00,-37.449,-8.304420127133715,4.1989304101872085,12.462259489680983,4.1989304101872085,1.0,-1.0
2026-03-08 11:45:00,-31.38,-15.059790257319982,2.969458589131522,13.308175762851462,2.969458589131522,1.0,-1.0
2026-03-08 12:00:00,-1.78,-14.21987531321703,2.3080786251312886,12.298389447293632,2.3080786251312886,1.0,-1.0
2026-03-08 12:15:00,-28.022,-14.079735365236994,1.9668915223916463,12.023661890789901,1.9668915223916463,1.0,-1.0
2026-03-08 12:30:00,-15.384,-17.685487808232487,0.5705589659740189,11.234247918377466,0.5705589659740189,1.0,-1.0
2026-03-08 12:45:00,-0.07,-14.852801415968719,3.295661216594623,11.746513209612582,3.295661216594623,1.0,-1.0
2026-03-08 13:00:00,-4.741,-16.614736550025665,-0.17002430874801736,12.125735926525703,-0.17002430874801736,-1.0,-1.0
2026-03-08 13:15:00,-8.262,-17.861653867937882,0.7113738096048198,13.027291334004195,0.7113738096048198,1.0,-1.0
2026-03-08 13:30:00,-1.82,-17.82884967055084,-1.6259742879888517,11.751326891927969,-1.6259742879888517,-1.0,-1.0
2026-03-08 13:45:00,1.902,-20.29115900672431,0.9208113108839378,19.39441327350734,0.9208113108839378,1.0,1.0
2026-03-08 14:00:00,-5.307,-17.17007452381052,2.7297896113227296,20.886174207596266,2.7297896113227296,1.0,-1.0
2026-03-08 14:15:00,-7.609,-24.50105983082267,-3.347137343608337,19.286948954019845,-3.347137343608337,-1.0,-1.0
2026-03-08 14:30:00,0.483,-21.08540641225616,-2.419120788339186,18.233836212807518,-2.419120788339186,-1.0,1.0
2026-03-08 14:45:00,-3.173,-16.512561150199797,-2.598912463220064,18.386244884523283,-2.598912463220064,-1.0,-1.0
2026-03-08 15:00:00,-9.386,-19.96679178879097,-0.3070440992106346,14.282349041567622,-0.3070440992106346,-1.0,-1.0
2026-03-08 15:15:00,-20.596,-16.319972228481326,-1.7430763629473334,12.400323782669028,-1.7430763629473334,-1.0,-1.0
2026-03-08 15:30:00,-17.116,-13.269515521967518,-0.7043655772829407,11.026463067055,-0.7043655772829407,-1.0,-1.0
2026-03-08 15:45:00,-9.131,-14.621228419379818,-3.0907911004567277,6.209221231501083,-3.0907911004567277,-1.0,-1.0
2026-03-08 16:00:00,-18.495,-13.959807403438687,-0.4784854624571458,14.513663080202527,-0.4784854624571458,-1.0,-1.0
2026-03-08 16:15:00,-14.282,-14.446617145377237,-0.4709407251650594,9.87815392404694,-0.4709407251650594,-1.0,-1.0
2026-03-08 16:30:00,-11.206,-15.467197074191947,-2.495807658402216,8.942380129920078,-2.495807658402216,-1.0,-1.0
2026-03-08 16:45:00,-15.488,-18.957408832565445,-4.523196507892324,8.513201593114573,-4.523196507892324,-1.0,-1.0
2026-03-08 17:00:00,-1.286,-14.46791378883801,-2.6880560687371355,13.316480526665742,-2.6880560687371355,-1.0,-1.0
2026-03-08 17:15:00,-5.386,-18.228948809827845,-3.8538680385566546,8.223803934649649,-3.8538680385566546,-1.0,-1.0
2026-03-08 17:30:00,-9.793,-12.359871409035023,-3.4078167147808687,6.3363567133324565,-3.4078167147808687,-1.0,-1.0
2026-03-08 17:45:00,-1.868,-14.007154940246458,-4.784791040446191,3.7445424809254746,-4.784791040446191,-1.0,-1.0
2026-03-08 18:00:00,-9.412,-10.768611423066371,-3.2418849431428516,8.746534577964516,-3.2418849431428516,-1.0,-1.0
2026-03-08 18:15:00,-1.363,-9.872181559493502,-3.6967434897097595,6.573665398319887,-3.6967434897097595,-1.0,-1.0
2026-03-08 18:30:00,-1.507,-11.486865257319941,-3.8629534695442818,4.074843788499573,-3.8629534695442818,-1.0,-1.0
2026-03-08 18:45:00,-0.161,-11.871611121376173,-4.200459045541921,3.7991777220954726,-4.200459045541921,-1.0,-1.0
2026-03-08 19:00:00,-1.658,-10.984150528454272,-3.7832000168973896,3.1097660997935663,-3.7832000168973896,-1.0,-1.0
2026-03-08 19:15:00,4.558,-10.580782679717705,-4.1508587049096155,3.0575656599660435,-4.1508587049096155,-1.0,1.0
2026-03-08 19:30:00,0.006,-13.462953087251057,-4.608028591322925,2.080679226927944,-4.608028591322925,-1.0,1.0
2026-03-08 19:45:00,1.437,-13.130039903028258,-4.893805115789237,2.1181955716855225,-4.893805115789237,-1.0,1.0
2026-03-08 20:00:00,-7.32,-14.623725633876896,-5.312250512945447,1.9264286599621028,-5.312250512945447,-1.0,-1.0
2026-03-08 20:15:00,-7.139,-8.869352972876879,-5.524309800621567,2.2637577111565306,-5.524309800621567,-1.0,-1.0
2026-03-08 20:30:00,-21.73,-7.178722175998473,-5.919906730299265,3.396575527416956,-5.919906730299265,-1.0,-1.0
2026-03-08 20:45:00,-20.691,-5.976378566091982,-3.990746576881573,4.497742175704984,-3.990746576881573,-1.0,-1.0
2026-03-08 21:00:00,-5.263,-10.220077732629962,-4.293747468162807,2.700015081174644,-4.293747468162807,-1.0,-1.0
2026-03-08 21:15:00,-9.886,-8.859828237578528,-2.367288249518707,3.595000494554944,-2.367288249518707,-1.0,-1.0
2026-03-08 21:30:00,-18.778,-7.615426053239799,-1.89580851988813,4.644667146451694,-1.89580851988813,-1.0,-1.0
2026-03-08 21:45:00,-15.465,-6.89611151104573,-3.3580948251746667,5.619456348994527,-3.3580948251746667,-1.0,-1.0
2026-03-08 22:00:00,-14.38,-11.920766359780016,-5.559657258751423,4.001092738859748,-5.559657258751423,-1.0,-1.0
2026-03-08 22:15:00,-9.579,-16.78746374074254,-7.572665246069997,2.462066374269713,-7.572665246069997,-1.0,-1.0
2026-03-08 22:30:00,-15.732,-21.71445576329188,-7.651719139107383,1.52026574479547,-7.651719139107383,-1.0,-1.0
2026-03-08 22:45:00,-10.106,-14.12918323625983,-4.422365312172691,3.483285676879045,-4.422365312172691,-1.0,-1.0
2026-03-08 23:00:00,-23.768,-17.805464490699812,-5.14319992878412,1.9623259779582347,-5.14319992878412,-1.0,-1.0
2026-03-08 23:15:00,-19.241,-18.059100392519724,-7.47101759844036,0.7044948956645709,-7.47101759844036,-1.0,-1.0
2026-03-08 23:30:00,-25.055,-22.288844125925728,-8.48930624619629,1.038982741104239,-8.48930624619629,-1.0,-1.0
2026-03-08 23:45:00,-12.401,-20.3594513863977,-9.932408497180893,2.0752401884236993,-9.932408497180893,-1.0,-1.0
2026-03-09 00:00:00,-10.943,-14.068513939836322,-5.424945461877861,2.0923248097967604,-5.424945461877861,-1.0,-1.0
2026-03-09 00:15:00,-10.907,-13.380672334506981,-4.871636507213451,2.0212336269003717,-4.871636507213451,-1.0,-1.0
2026-03-09 00:30:00,-11.419,-14.721369599967916,-4.136387254555732,3.255951293371283,-4.136387254555732,-1.0,-1.0
2026-03-09 00:45:00,-8.619,-17.510932529459172,-5.390235648212695,5.551804128766185,-5.390235648212695,-1.0,-1.0
2026-03-09 01:00:00,-3.11,-17.95729349566834,-10.186845867422303,2.1057338625155713,-10.186845867422303,-1.0,-1.0
2026-03-09 01:15:00,-5.271,-20.51208828002274,-8.316228573541446,1.468108616419111,-8.316228573541446,-1.0,-1.0
2026-03-09 01:30:00,-3.416,-18.441569213987908,-11.891238949967905,0.843467666897139,-11.891238949967905,-1.0,-1.0
2026-03-09 01:45:00,-2.212,-18.953054526881814,-10.628264563991758,2.7371190338696043,-10.628264563991758,-1.0,-1.0
2026-03-09 02:00:00,-8.653,-19.141469166751474,-7.72866735601698,1.9687088653080154,-7.72866735601698,-1.0,-1.0
2026-03-09 02:15:00,-9.705,-18.36442626724055,-7.193155583473885,1.735206932753631,-7.193155583473885,-1.0,-1.0
2026-03-09 02:30:00,-13.225,-16.856661982046333,-4.726178185719389,0.9278868167260094,-4.726178185719389,-1.0,-1.0
2026-03-09 02:45:00,-7.152,-15.42652562550834,-3.5341089818680804,2.4248891582223573,-3.5341089818680804,-1.0,-1.0
2026-03-09 03:00:00,-10.164,-16.224027426643314,-5.358895070616343,0.3981970468599907,-5.358895070616343,-1.0,-1.0
2026-03-09 03:15:00,-10.138,-12.48794382018077,-1.307013958467547,1.0030622007586227,-1.307013958467547,-1.0,-1.0
2026-03-09 03:30:00,-10.333,-10.38776085517636,-2.385376165227343,0.2869425998479225,-2.385376165227343,-1.0,-1.0
2026-03-09 03:45:00,-5.557,-9.489867329027396,-2.7880508943199986,2.2263382715041415,-2.7880508943199986,-1.0,-1.0
2026-03-09 04:00:00,-4.485,-14.600425688711214,-4.1933482244047475,0.3459327027459853,-4.1933482244047475,-1.0,-1.0
2026-03-09 04:15:00,-6.994,-15.610264719765157,-4.4837159981839765,0.20398140757654343,-4.4837159981839765,-1.0,-1.0
2026-03-09 04:30:00,-6.06,-16.076415100158226,-4.811531363680443,0.6256137348622314,-4.811531363680443,-1.0,-1.0
2026-03-09 04:45:00,-4.745,-15.022004603211172,-7.508988206713085,0.8336160574796421,-7.508988206713085,-1.0,-1.0
2026-03-09 05:00:00,-3.293,-17.468005642680517,-7.097955927446992,0.3635823751101177,-7.097955927446992,-1.0,-1.0
2026-03-09 05:15:00,-7.962,-15.734330432170069,-8.89766360669864,-0.05858041052710393,-8.89766360669864,-1.0,-1.0
2026-03-09 05:30:00,-7.475,-16.58770451590286,-8.269897550421224,-0.05672419890522124,-8.269897550421224,-1.0,-1.0
2026-03-09 05:45:00,-4.116,-16.670963678347,-7.898412266208955,1.069940073325062,-7.898412266208955,-1.0,-1.0
2026-03-09 06:00:00,-9.153,-15.890505648420744,-6.580405768782322,3.432967221120549,-6.580405768782322,-1.0,-1.0
2026-03-09 06:15:00,-8.372,-16.03993053566924,-6.5286579334046095,4.548333541716946,-6.5286579334046095,-1.0,-1.0
2026-03-09 06:30:00,-4.059,-15.99496869898607,-4.335841784919311,4.493857739301741,-4.335841784919311,-1.0,-1.0
2026-03-09 06:45:00,-2.531,-14.666158074716979,-6.091258084068488,3.428158517763424,-6.091258084068488,-1.0,-1.0
2026-03-09 07:00:00,-1.313,-17.218494324661318,-9.250249493097007,1.5724744108183843,-9.250249493097007,-1.0,-1.0
2026-03-09 07:15:00,5.853,-17.04765959336426,-8.026792797405337,2.1942612773256935,-8.026792797405337,-1.0,1.0
2026-03-09 07:30:00,9.153,-14.325240545265213,-5.731093028254118,1.9181661942928077,-5.731093028254118,-1.0,1.0
2026-03-09 07:45:00,20.135,-14.714941166046675,-5.85981086638807,2.975270260424931,-5.85981086638807,-1.0,1.0
2026-03-09 08:00:00,24.001,-23.640218789564084,-8.737502351433623,1.3731889074223789,-8.737502351433623,-1.0,1.0
2026-03-09 08:15:00,17.711,-22.22430207894304,-7.623395962206994,2.0369393108179317,-7.623395962206994,-1.0,1.0
2026-03-09 08:30:00,15.171,-18.66717905566603,-3.8456915925277686,2.8469683652191735,-3.8456915925277686,-1.0,1.0
2026-03-09 08:45:00,25.138,-15.37806605535987,-2.3970913686983484,7.2977153316314265,-2.3970913686983484,-1.0,1.0
2026-03-09 09:00:00,21.129,-11.750679120304525,-3.3212888317836673,6.862185669256358,-3.3212888317836673,-1.0,1.0
2026-03-09 09:15:00,2.851,-6.280373369998153,-0.3994941312027012,8.819746006331782,-0.3994941312027012,-1.0,1.0
2026-03-09 09:30:00,0.944,-8.91283483851608,1.763245586134484,13.96891825030371,1.763245586134484,1.0,1.0
2026-03-09 09:45:00,10.497,-7.022412686321929,6.225608961182425,19.85081590484024,6.225608961182425,1.0,1.0
2026-03-09 10:00:00,-5.029,-6.158596164960886,8.861758019246256,22.497289960655955,8.861758019246256,1.0,-1.0
2026-03-09 10:15:00,-5.563,-3.167170401798739,9.71890087975666,21.767328073002368,9.71890087975666,1.0,-1.0
2026-03-09 10:30:00,-10.767,-3.386239623681099,12.476064058524953,20.865669556274167,12.476064058524953,1.0,-1.0
2026-03-09 10:45:00,1.332,-3.4933496202669425,12.961003904018913,23.941218137471413,12.961003904018913,1.0,1.0
2026-03-09 11:00:00,-2.199,-2.2176105377514355,11.713490366582349,27.596574852080305,11.713490366582349,1.0,-1.0
2026-03-09 11:15:00,7.356,-2.9403190842691447,6.7563504578156754,25.790317568864086,6.7563504578156754,1.0,1.0
2026-03-09 11:30:00,8.264,-0.1776315822750962,8.18560251141169,27.636450906334264,8.18560251141169,1.0,1.0
2026-03-09 11:45:00,5.438,-3.860258194502108,8.272604836548451,30.69663061468031,8.272604836548451,1.0,1.0
2026-03-09 12:00:00,5.662,-5.320064778538752,8.062721696560104,24.41767603708346,8.062721696560104,1.0,1.0
2026-03-09 12:15:00,5.078,-5.884542139051516,5.5248472881206485,20.69592508115648,5.5248472881206485,1.0,1.0
2026-03-09 12:30:00,5.634,-7.055101039848593,4.929088613514475,18.32916400297982,4.929088613514475,1.0,1.0
2026-03-09 12:45:00,5.243,-6.801582966444455,7.386875523422045,19.921758683502663,7.386875523422045,1.0,1.0
2026-03-09 13:00:00,11.706,-5.183246585461409,6.113608965059282,20.89289695532232,6.113608965059282,1.0,1.0
2026-03-09 13:15:00,7.72,-2.950782398039408,6.988904851836896,24.156656603353138,6.988904851836896,1.0,1.0
2026-03-09 13:30:00,3.69,-6.142819678182283,5.6832620177705575,23.17689926109627,5.6832620177705575,1.0,1.0
2026-03-09 13:45:00,11.271,-5.095690204077335,5.5809009262782086,22.701358831645734,5.5809009262782086,1.0,1.0
2026-03-09 14:00:00,1.318,-5.788663676515664,4.960007682338473,14.547778290012966,4.960007682338473,1.0,1.0
2026-03-09 14:15:00,-6.032,-8.4620577377652,3.5493050891669937,12.590262339713325,3.5493050891669937,1.0,-1.0
2026-03-09 14:30:00,-4.105,-9.74308429376284,2.754997309353939,11.684010168492147,2.754997309353939,1.0,-1.0
2026-03-09 14:45:00,-5.975,-11.809587776083914,0.31661688052076714,10.700126064362085,0.31661688052076714,1.0,-1.0
2026-03-09 15:00:00,13.734,-5.916752964637584,5.859103142791889,16.285769252675383,5.859103142791889,1.0,1.0
2026-03-09 15:15:00,-4.798,-6.708532256945224,2.8622751250256453,11.903229835561818,2.8622751250256453,1.0,-1.0
2026-03-09 15:30:00,-0.501,-9.282334331695262,-1.5545475950919339,11.66560920834707,-1.5545475950919339,-1.0,-1.0
2026-03-09 15:45:00,-2.919,-11.67504090476756,0.27607284133973276,11.128908372860137,0.27607284133973276,1.0,-1.0
2026-03-09 16:00:00,-5.362,-4.969256255000486,2.5346418514761524,13.790547552619971,2.5346418514761524,1.0,-1.0
2026-03-09 16:15:00,-7.982,-5.982734912810214,-0.9014079608049919,10.167440372518612,-0.9014079608049919,-1.0,-1.0
2026-03-09 16:30:00,-0.748,-7.555210614780708,-0.7445485888634116,11.248386469583552,-0.7445485888634116,-1.0,-1.0
2026-03-09 16:45:00,-10.718,-5.860760542791923,-1.6916756961411885,9.03398452666454,-1.6916756961411885,-1.0,-1.0
2026-03-09 17:00:00,3.101,-4.540958274000893,3.981271635241454,15.934407668967463,3.981271635241454,1.0,1.0
2026-03-09 17:15:00,-2.248,-3.0727510741916735,-0.04921599151621259,9.231802382044338,-0.04921599151621259,-1.0,-1.0
2026-03-09 17:30:00,-0.575,-7.715126809224722,-0.1475828435869759,5.6798612297471935,-0.1475828435869759,-1.0,-1.0
2026-03-09 17:45:00,-5.312,-8.281499545829877,-1.8628181832970427,5.230497186208957,-1.8628181832970427,-1.0,-1.0
2026-03-09 18:00:00,0.603,-7.169380481271854,-1.465807901279822,8.038860404090608,-1.465807901279822,-1.0,1.0
2026-03-09 18:15:00,-4.748,-2.944297578822969,-2.5744969617291167,7.008072065217782,-2.5744969617291167,-1.0,-1.0
2026-03-09 18:30:00,-8.651,-3.0490297682413634,-2.752965951789938,4.349939112123439,-2.752965951789938,-1.0,-1.0
2026-03-09 18:45:00,4.858,-5.106705904634895,-3.8161374002351502,4.183017479332104,-3.8161374002351502,-1.0,1.0
2026-03-09 19:00:00,-0.314,-7.377920563277864,-1.8612994821550948,6.308312276564699,-1.8612994821550948,-1.0,-1.0
2026-03-09 19:15:00,-4.151,-3.3100929974295368,-0.6814611790901586,7.049452375438531,-0.6814611790901586,-1.0,-1.0
2026-03-09 19:30:00,-10.919,-4.467656688289588,-1.0269077693471282,5.198997662121851,-1.0269077693471282,-1.0,-1.0
2026-03-09 19:45:00,-0.617,-5.655015022998846,-0.47898414891963675,6.712517546888737,-0.47898414891963675,-1.0,-1.0
2026-03-09 20:00:00,-6.284,-5.477944573176203,-2.4115239753542417,4.450964828176742,-2.4115239753542417,-1.0,-1.0
2026-03-09 20:15:00,-1.634,-5.943674601897603,-1.4117705257630653,3.265229889887947,-1.4117705257630653,-1.0,-1.0
2026-03-09 20:30:00,-8.833,-6.44130518226168,-0.9509483371254406,2.7603257550804505,-0.9509483371254406,-1.0,-1.0
2026-03-09 20:45:00,-11.429,-4.9145457042863905,2.395940007130605,7.6363179728166015,2.395940007130605,1.0,-1.0
2026-03-09 21:00:00,-8.152,-9.149722950084065,-1.617670054798362,4.5913405692598355,-1.617670054798362,-1.0,-1.0
2026-03-09 21:15:00,-1.287,-12.172052668736585,-0.3235832348726138,4.179167013415651,-0.3235832348726138,-1.0,-1.0
2026-03-09 21:30:00,-1.414,-11.623622003466497,-1.9219825269110373,3.5979792106873347,-1.9219825269110373,-1.0,-1.0
2026-03-09 21:45:00,3.099,-10.93785167431875,0.37421525599595495,4.639394069290374,0.37421525599595495,1.0,1.0
2026-03-09 22:00:00,-0.122,-11.663470917192038,-5.133476367868548,4.910592922047021,-5.133476367868548,-1.0,-1.0
2026-03-09 22:15:00,-2.794,-8.657504474547027,-2.530318374575062,7.315603692771976,-2.530318374575062,-1.0,-1.0
2026-03-09 22:30:00,-5.306,-22.88610634448021,-6.833583596048816,3.093869296293112,-6.833583596048816,-1.0,-1.0
2026-03-09 22:45:00,1.149,-15.391684838979499,-3.5911932160980493,3.814407345371394,-3.5911932160980493,-1.0,1.0
2026-03-09 23:00:00,4.23,-16.236227285579705,-4.771987575407686,2.8108944930361286,-4.771987575407686,-1.0,1.0
2026-03-09 23:15:00,3.14,-9.869418853570522,-2.2881847439960237,3.4384297157078545,-2.2881847439960237,-1.0,1.0
2026-03-09 23:30:00,0.973,-9.09738004999821,-0.014017614735840768,3.4261674087042793,-0.014017614735840768,-1.0,1.0
2026-03-09 23:45:00,0.92,-9.498820473631369,0.7054645903353018,5.386539433887561,0.7054645903353018,1.0,1.0
2026-03-10 00:00:00,8.191,-8.393887246268054,-2.0050948438838145,2.902458654867766,-2.0050948438838145,-1.0,1.0
2026-03-10 00:15:00,6.551,-6.944579882987527,-1.472314531319583,3.282014625782026,-1.472314531319583,-1.0,1.0
2026-03-10 00:30:00,2.306,-7.731951957484838,-1.8055170662151485,4.54327694761549,-1.8055170662151485,-1.0,1.0
2026-03-10 00:45:00,1.068,-7.205660030626543,-0.06507740125245932,6.998858099994618,-0.06507740125245932,-1.0,1.0
2026-03-10 01:00:00,1.207,-7.049090965481592,-1.2821968088856475,6.206142341712781,-1.2821968088856475,-1.0,1.0
2026-03-10 01:15:00,4.556,-5.553842726410438,-0.15339807651731938,6.807067468539856,-0.15339807651731938,-1.0,1.0
2026-03-10 01:30:00,-3.343,-5.598626180880959,0.05297085198572867,6.156375062897932,0.05297085198572867,1.0,-1.0
2026-03-10 01:45:00,0.265,-3.600864053298092,0.7679348180228083,8.450022666704204,0.7679348180228083,1.0,1.0
2026-03-10 02:00:00,2.466,-4.5187930143793045,0.7379101456035233,8.99632546385597,0.7379101456035233,1.0,1.0
2026-03-10 02:15:00,4.113,-3.1960458185068066,0.7528239314717617,7.437375772015865,0.7528239314717617,1.0,1.0
2026-03-10 02:30:00,-1.822,-4.9747931177537605,0.48476979380896285,5.200319298999911,0.48476979380896285,1.0,-1.0
2026-03-10 02:45:00,-0.197,-4.019991419104305,0.06907773600720349,5.020189604195155,0.06907773600720349,1.0,-1.0
2026-03-10 03:00:00,-0.73,-6.373879927582077,-0.41034939479800236,4.743594502477084,-0.41034939479800236,-1.0,-1.0
2026-03-10 03:15:00,4.393,-6.022329115850564,0.03356399494570347,4.55587328969427,0.03356399494570347,1.0,1.0
2026-03-10 03:30:00,-3.232,-6.299470293102903,-0.20552534807501582,3.6869246560990825,-0.20552534807501582,-1.0,-1.0
2026-03-10 03:45:00,-8.62,-6.247997010671891,0.0820164692932125,4.956050998712098,0.0820164692932125,1.0,-1.0
2026-03-10 04:00:00,-10.036,-7.388217329620241,0.18764871430687538,5.240767712682442,0.18764871430687538,1.0,-1.0
2026-03-10 04:15:00,-7.518,-5.350808646856585,1.342040897175667,5.219571857669114,1.342040897175667,1.0,-1.0
2026-03-10 04:30:00,-9.641,-6.767992842954001,0.9613709128700736,3.543214760183568,0.9613709128700736,1.0,-1.0
2026-03-10 04:45:00,-20.312,-7.1524244052685795,0.26664642389307774,4.53888318143538,0.26664642389307774,1.0,-1.0
2026-03-10 05:00:00,-0.734,-7.0931205133232105,1.6696319821855887,6.1321739140885665,1.6696319821855887,1.0,-1.0
2026-03-10 05:15:00,-3.332,-6.783034035849433,0.38281462319512255,5.295980507559146,0.38281462319512255,1.0,-1.0
2026-03-10 05:30:00,5.244,-8.86910971608727,-1.069208500730868,2.7924808359154047,-1.069208500730868,-1.0,1.0
2026-03-10 05:45:00,-0.498,-9.548151779862959,-3.1945132529873503,2.784555007017128,-3.1945132529873503,-1.0,-1.0
2026-03-10 06:00:00,-7.143,-12.089158190528133,-2.2630834212118236,3.3148077921426022,-2.2630834212118236,-1.0,-1.0
2026-03-10 06:15:00,-3.867,-10.312679251207262,-2.3436646758517163,2.2082540485932896,-2.3436646758517163,-1.0,-1.0
2026-03-10 06:30:00,-3.214,-14.378005960940312,-4.7931721326395325,1.711506391305803,-4.7931721326395325,-1.0,-1.0
2026-03-10 06:45:00,-9.868,-9.23513698735436,-3.634886509114105,1.773380278746381,-3.634886509114105,-1.0,-1.0
2026-03-10 07:00:00,-1.828,-11.433796449021553,-4.662192558422742,2.8075944116508893,-4.662192558422742,-1.0,-1.0
2026-03-10 07:15:00,8.521,-6.498874872170586,-1.659025865270123,7.368941523163321,-1.659025865270123,-1.0,1.0
2026-03-10 07:30:00,7.305,-8.5886415486774,-0.7256402203659871,8.254821473746011,-0.7256402203659871,-1.0,1.0
2026-03-10 07:45:00,7.17,-6.78316032796645,1.1248882747179314,15.002824840641336,1.1248882747179314,1.0,1.0
2026-03-10 08:00:00,10.079,-10.42571569361809,0.0008712349798751539,11.29009547539254,0.0008712349798751539,1.0,1.0
2026-03-10 08:15:00,8.908,-7.466804024841565,0.20161462768545688,10.39326969423293,0.20161462768545688,1.0,1.0
2026-03-10 08:30:00,9.73,-7.706754622631331,0.07509441149881936,10.167002558651722,0.07509441149881936,1.0,1.0
2026-03-10 08:45:00,8.705,-8.783730569652642,2.43874587817697,18.02055566742653,2.43874587817697,1.0,1.0
2026-03-10 09:00:00,26.32,-16.421063105631905,-1.362886666503044,11.077952654394057,-1.362886666503044,-1.0,1.0
2026-03-10 09:15:00,19.009,-7.277465735728124,1.3664636751145618,13.597675927746621,1.3664636751145618,1.0,1.0
2026-03-10 09:30:00,28.632,-9.074231540392562,0.7180294305246078,13.328217943513668,0.7180294305246078,1.0,1.0
2026-03-10 09:45:00,9.33,-8.959327656967377,4.398779076052289,18.080580380064703,4.398779076052289,1.0,1.0
2026-03-10 10:00:00,7.753,-6.570054390784952,1.770126691005778,10.552728169982837,1.770126691005778,1.0,1.0
2026-03-10 10:15:00,10.172,-7.043405766569625,3.299919244052737,13.363293790007782,3.299919244052737,1.0,1.0
2026-03-10 10:30:00,10.85,-5.2890122963805215,3.2485690506383404,12.004240795362817,3.2485690506383404,1.0,1.0
2026-03-10 10:45:00,7.618,-2.243694211510035,10.254550501546715,17.49509068565685,10.254550501546715,1.0,1.0
2026-03-10 11:00:00,14.409,-1.1368017103963146,15.022740810806933,25.0732672141128,15.022740810806933,1.0,1.0
2026-03-10 11:15:00,14.434,2.0983499309181837,14.696114972622356,26.16552878679278,14.696114972622356,1.0,1.0
2026-03-10 11:30:00,16.823,1.5841553293355646,12.698427774348051,23.598764524705004,12.698427774348051,1.0,1.0
2026-03-10 11:45:00,8.467,-0.15810582696776163,8.772482871949641,22.489909687265534,8.772482871949641,1.0,1.0
2026-03-10 12:00:00,-2.208,-2.179932704194725,8.146584459942876,20.375421742735906,8.146584459942876,1.0,-1.0
2026-03-10 12:15:00,-4.657,-4.6561942601332795,7.964451044692724,21.37697008223545,7.964451044692724,1.0,-1.0
2026-03-10 12:30:00,-5.949,-4.268329156531468,5.865673182003328,20.068900148897473,5.865673182003328,1.0,-1.0
2026-03-10 12:45:00,1.424,-3.0978399208640024,6.778778207111933,19.506568362254143,6.778778207111933,1.0,1.0
2026-03-10 13:00:00,-4.964,-4.287190129801425,5.75586067476793,17.067960768010344,5.75586067476793,1.0,-1.0
2026-03-10 13:15:00,-14.063,-3.000271763160464,6.386703039174514,16.709035260862738,6.386703039174514,1.0,-1.0
2026-03-10 13:30:00,-5.413,-5.821010442357547,4.663149834643064,12.180849856413293,4.663149834643064,1.0,-1.0
2026-03-10 13:45:00,1.326,-6.825882248812878,4.455737626396718,14.765562343789602,4.455737626396718,1.0,1.0
2026-03-10 14:00:00,-6.869,-3.9140533682552965,3.0387389813433847,14.254712471961971,3.0387389813433847,1.0,-1.0
2026-03-10 14:15:00,-5.672,-7.25849507090339,-0.48925196841193375,9.77670171825955,-0.48925196841193375,-1.0,-1.0
2026-03-10 14:30:00,-0.138,-10.734718853555519,-2.3830715471430644,8.859906219149568,-2.3830715471430644,-1.0,-1.0
2026-03-10 14:45:00,9.165,-10.91487715567966,-1.0626425467265261,7.94509869612325,-1.0626425467265261,-1.0,1.0
2026-03-10 15:00:00,0.245,-9.965585192377258,3.9583642155762675,12.735703286186624,3.9583642155762675,1.0,1.0
2026-03-10 15:15:00,4.902,-10.684732403791097,1.6667333055871816,9.969369435948792,1.6667333055871816,1.0,1.0
2026-03-10 15:30:00,7.782,-12.658345035908631,-0.49090887530270483,6.921641525701672,-0.49090887530270483,-1.0,1.0
2026-03-10 15:45:00,3.038,-13.14505485043082,-2.8411657694263224,6.043715145482784,-2.8411657694263224,-1.0,1.0
2026-03-10 16:00:00,-4.212,-7.433101547622017,1.5160880951019222,10.803621076787067,1.5160880951019222,1.0,-1.0
2026-03-10 16:15:00,-1.334,-12.020085105515516,0.10649397723406562,7.927791200575598,0.10649397723406562,1.0,-1.0
2026-03-10 16:30:00,-9.447,-10.418520089247437,-1.3235620164252535,6.924702572893464,-1.3235620164252535,-1.0,-1.0
2026-03-10 16:45:00,-18.869,-12.151316784172915,-2.2980608227118173,7.674270099477406,-2.2980608227118173,-1.0,-1.0
2026-03-10 17:00:00,-13.306,-4.104568300260372,2.320097224901029,10.168837604161538,2.320097224901029,1.0,-1.0
2026-03-10 17:15:00,-17.709,-5.3911182532117286,0.6604617972018771,7.4688241795702055,0.6604617972018771,1.0,-1.0
2026-03-10 17:30:00,-18.954,-5.503415696273417,-1.0236573352050193,5.197185856901052,-1.0236573352050193,-1.0,-1.0
2026-03-10 17:45:00,-12.252,-4.447944195613619,-2.049951193255551,4.6992217211980485,-2.049951193255551,-1.0,-1.0
2026-03-10 18:00:00,-14.955,-3.3955119294744645,-0.3128918060855582,7.008797007403453,-0.3128918060855582,-1.0,-1.0
2026-03-10 18:15:00,-8.88,-3.6077980574746342,-2.7542256758891677,5.830795035832151,-2.7542256758891677,-1.0,-1.0
2026-03-10 18:30:00,-12.965,-10.932296025526117,-6.1270402175447956,2.333918679398523,-6.1270402175447956,-1.0,-1.0
2026-03-10 18:45:00,-11.438,-8.599385690051989,-4.212099396674505,2.7894091918353157,-4.212099396674505,-1.0,-1.0
2026-03-10 19:00:00,-17.61,-5.557930564559681,-4.775662090252519,2.363968007680584,-4.775662090252519,-1.0,-1.0
2026-03-10 19:15:00,-14.273,-9.804455910528679,-7.149533434660038,0.5115376944210548,-7.149533434660038,-1.0,-1.0
2026-03-10 19:30:00,-12.674,-12.099185371508804,-6.909956443021832,1.7802273048944233,-6.909956443021832,-1.0,-1.0
2026-03-10 19:45:00,-3.447,-9.876552612186892,-3.3380624554973135,2.783659252000311,-3.3380624554973135,-1.0,-1.0
2026-03-10 20:00:00,-9.53,-7.821431019252487,-3.6216755140461956,4.979592290759696,-3.6216755140461956,-1.0,-1.0
2026-03-10 20:15:00,-4.2,-7.263006300530886,-4.446452620815177,3.553268777156933,-4.446452620815177,-1.0,-1.0
2026-03-10 20:30:00,-2.96,-7.174458571555475,-1.513303677799461,4.936536973747001,-1.513303677799461,-1.0,-1.0
2026-03-10 20:45:00,-12.59,-18.320409332474597,-8.112319934315527,4.118735991180817,-8.112319934315527,-1.0,-1.0
2026-03-10 21:00:00,-19.801,-11.007101161941433,-6.500665907939669,2.850111439027571,-6.500665907939669,-1.0,-1.0
2026-03-10 21:15:00,-14.975,-9.006680036317986,-6.513127876441914,2.6625471993558523,-6.513127876441914,-1.0,-1.0
2026-03-10 21:30:00,-4.993,-9.527449933860868,-5.585588821515125,2.6281293777244668,-5.585588821515125,-1.0,-1.0
2026-03-10 21:45:00,-18.831,-10.49456317715112,-4.228663259755135,5.826529409097343,-4.228663259755135,-1.0,-1.0
2026-03-10 22:00:00,-5.891,-12.411017155941932,-5.92403591206529,1.5746623731112768,-5.92403591206529,-1.0,-1.0
2026-03-10 22:15:00,2.2,-8.754568439175964,-3.5599067648622977,2.475924201731573,-3.5599067648622977,-1.0,1.0
2026-03-10 22:30:00,-0.883,-15.479890640789566,-4.332295409436148,0.5950384425032412,-4.332295409436148,-1.0,-1.0
2026-03-10 22:45:00,2.035,-9.964628569659705,-3.745113074986088,1.0993679694242744,-3.745113074986088,-1.0,1.0
2026-03-10 23:00:00,2.207,-12.424997620541243,-2.8464104219501016,0.15149489772501198,-2.8464104219501016,-1.0,1.0
2026-03-10 23:15:00,-2.065,-8.814716138847162,-2.789678688543754,-0.22420738874363202,-2.789678688543754,-1.0,-1.0
2026-03-10 23:30:00,-4.805,-13.921116758255689,-2.97817810450505,2.0431828332417017,-2.97817810450505,-1.0,-1.0
2026-03-10 23:45:00,0.243,-9.884144723291554,-2.0895705846344574,2.987300453591999,-2.0895705846344574,-1.0,1.0
2026-03-11 00:00:00,-8.212,-9.398974991178921,-2.417507327380637,3.6719851279750375,-2.417507327380637,-1.0,-1.0
2026-03-11 00:15:00,-13.454,-7.809211587770654,-0.5612410585556888,3.1625504974473353,-0.5612410585556888,-1.0,-1.0
2026-03-11 00:30:00,-12.724,-5.435127799745232,-1.639517503383447,4.845069953037463,-1.639517503383447,-1.0,-1.0
2026-03-11 00:45:00,-18.143,-4.772712397319338,1.0426568033271322,6.287878960548216,1.0426568033271322,1.0,-1.0
2026-03-11 01:00:00,-12.608,-6.873643825417343,-2.2321425073685672,3.6800096061320406,-2.2321425073685672,-1.0,-1.0
2026-03-11 01:15:00,-14.414,-6.16307096867269,0.10432603368572815,4.695752484115575,0.10432603368572815,1.0,-1.0
2026-03-11 01:30:00,-7.805,-6.29057604572709,-0.5784002870277303,3.971968153458565,-0.5784002870277303,-1.0,-1.0
2026-03-11 01:45:00,-10.26,-7.7775095847805895,0.2524142976707626,5.6654158195325985,0.2524142976707626,1.0,-1.0
2026-03-11 02:00:00,-20.671,-14.888694083760027,-7.798714643722933,2.764615686996167,-7.798714643722933,-1.0,-1.0
2026-03-11 02:15:00,-20.458,-16.878450633055618,-7.890718597058594,1.9010079934258826,-7.890718597058594,-1.0,-1.0
2026-03-11 02:30:00,-19.132,-18.47157239248262,-8.676207101535395,-1.0250670521853413,-8.676207101535395,-1.0,-1.0
2026-03-11 02:45:00,-24.777,-13.539398133187277,-9.098377024194606,0.993074650822252,-9.098377024194606,-1.0,-1.0
2026-03-11 03:00:00,-24.469,-16.978152507963344,-11.310131649241802,-1.3425506272385828,-11.310131649241802,-1.0,-1.0
2026-03-11 03:15:00,-23.275,-14.80565083103089,-9.977703177836695,-0.9854830856189601,-9.977703177836695,-1.0,-1.0
2026-03-11 03:30:00,-25.256,-13.556415772683078,-9.220704732682442,-0.5970963349757635,-9.220704732682442,-1.0,-1.0
2026-03-11 03:45:00,-22.444,-20.61337987792636,-14.742907566078081,-0.8040018500791972,-14.742907566078081,-1.0,-1.0
2026-03-11 04:00:00,-13.303,-25.093182237022525,-16.212604420609143,-2.9251850287428303,-16.212604420609143,-1.0,-1.0
2026-03-11 04:15:00,-16.136,-22.89916657479719,-14.173354883835334,-2.3879716816301046,-14.173354883835334,-1.0,-1.0
2026-03-11 04:30:00,-14.616,-23.542501147667853,-16.839065318533,-1.4943058106525946,-16.839065318533,-1.0,-1.0
2026-03-11 04:45:00,-12.415,-29.40981380678384,-20.541400966265467,-4.038329858862338,-20.541400966265467,-1.0,-1.0
2026-03-11 05:00:00,6.254,-21.842402643561698,-13.335698712314297,-2.588698999208539,-13.335698712314297,-1.0,1.0
2026-03-11 05:15:00,-3.061,-19.34925834024658,-12.427330001511319,-2.584399588574186,-12.427330001511319,-1.0,-1.0
2026-03-11 05:30:00,-10.988,-19.513739200879574,-8.599348997825242,-1.0295633151153794,-8.599348997825242,-1.0,-1.0
2026-03-11 05:45:00,-14.57,-19.745795568180167,-10.183794014969084,-2.4395159940785476,-10.183794014969084,-1.0,-1.0
2026-03-11 06:00:00,-2.153,-19.09319429619247,-7.262000250619047,0.40771820451658725,-7.262000250619047,-1.0,-1.0
2026-03-11 06:15:00,-0.588,-18.257690406812934,-9.141403841224136,-0.04617105163539081,-9.141403841224136,-1.0,-1.0
2026-03-11 06:30:00,-6.253,-14.53394711535766,-7.538039202570798,-0.642179468390641,-7.538039202570798,-1.0,-1.0
2026-03-11 06:45:00,-0.009,-15.347413211812238,-6.623142313873056,1.3229759861592802,-6.623142313873056,-1.0,-1.0
2026-03-11 07:00:00,-6.729,-11.965891149762504,-5.69712540718829,3.8907475797815505,-5.69712540718829,-1.0,-1.0
2026-03-11 07:15:00,-1.892,-11.665210523497716,-2.6261303535401876,5.192963962715116,-2.6261303535401876,-1.0,-1.0
2026-03-11 07:30:00,0.652,-15.946737187549077,-4.0700359722965995,4.563159558709794,-4.0700359722965995,-1.0,1.0
2026-03-11 07:45:00,0.651,-14.891571847695518,-2.376915381298075,7.9470715736537,-2.376915381298075,-1.0,1.0
2026-03-11 08:00:00,-0.573,-13.834495534594414,-2.0955552850338983,9.306570873839991,-2.0955552850338983,-1.0,-1.0
2026-03-11 08:15:00,0.491,-13.626218010940422,-1.7686427002298395,9.332197891062295,-1.7686427002298395,-1.0,1.0
2026-03-11 08:30:00,5.764,-12.491035710390632,-0.13989936999806452,11.171689163066931,-0.13989936999806452,-1.0,1.0
2026-03-11 08:45:00,1.453,-10.702526281944124,1.8182435317978194,12.942792687409183,1.8182435317978194,1.0,1.0
2026-03-11 09:00:00,2.065,-18.482454143557213,-1.729617783719326,10.605186286267969,-1.729617783719326,-1.0,1.0
2026-03-11 09:15:00,-0.734,-13.566551788789303,-0.530142400398095,8.728056251880137,-0.530142400398095,-1.0,-1.0
2026-03-11 09:30:00,-0.724,-9.990417313939849,1.0905542292315444,11.583119883407745,1.0905542292315444,1.0,-1.0
2026-03-11 09:45:00,-14.049,-10.534239938928176,2.110239617404328,14.998604477270403,2.110239617404328,1.0,-1.0
2026-03-11 10:00:00,0.899,-14.409974619455069,-1.3235668016741688,11.780066230870666,-1.3235668016741688,-1.0,1.0
2026-03-11 10:15:00,-7.239,-10.596887350766096,2.900657887484953,13.205541453893968,2.900657887484953,1.0,-1.0
2026-03-11 10:30:00,-13.318,-8.671744692981504,3.680573760205024,11.878330127544633,3.680573760205024,1.0,-1.0
2026-03-11 10:45:00,-0.142,-9.527055580266959,3.632610494533957,15.774013038089997,3.632610494533957,1.0,-1.0
2026-03-11 11:00:00,-2.6,-12.16074629543983,2.1543768004953883,15.170315267372285,2.1543768004953883,1.0,-1.0
2026-03-11 11:15:00,13.434,-7.162564367370553,5.736921644898826,15.481073031847886,5.736921644898826,1.0,1.0
2026-03-11 11:30:00,10.762,-10.695166995123412,3.513285612660331,17.865187629057008,3.513285612660331,1.0,1.0
2026-03-11 11:45:00,10.016,-6.5480064698076,2.545852932694021,19.8270775095546,2.545852932694021,1.0,1.0
2026-03-11 12:00:00,14.013,-9.384387889698848,2.160410765446689,18.16418775454053,2.160410765446689,1.0,1.0
2026-03-11 12:15:00,-0.822,-11.569850750121777,1.070425125148057,16.210750324226442,1.070425125148057,1.0,-1.0
2026-03-11 12:30:00,6.971,-11.747445115575907,3.0397933557882983,15.15711020698457,3.0397933557882983,1.0,1.0
2026-03-11 12:45:00,10.21,-11.205840943934202,4.300435527944563,15.07282414072272,4.300435527944563,1.0,1.0
2026-03-11 13:00:00,8.378,-5.4275503501262286,7.685102321435358,19.924251832081257,7.685102321435358,1.0,1.0
2026-03-11 13:15:00,3.258,-4.228210772417129,5.900115775940143,21.26533899678025,5.900115775940143,1.0,1.0
2026-03-11 13:30:00,8.57,-7.613921617959941,6.6475566621320565,17.071827758297058,6.6475566621320565,1.0,1.0
2026-03-11 13:45:00,3.865,-7.337987168656896,7.436006770759272,19.805295442942263,7.436006770759272,1.0,1.0
2026-03-11 14:00:00,-5.494,-8.793405081606544,2.776268537834437,12.999710303972082,2.776268537834437,1.0,-1.0
2026-03-11 14:15:00,-4.3,-8.204501047280129,2.1597154359033937,9.590775831120434,2.1597154359033937,1.0,-1.0
2026-03-11 14:30:00,-12.57,-8.447626569193622,1.7482349453186286,8.249034155510415,1.7482349453186286,1.0,-1.0
2026-03-11 14:45:00,-19.295,-8.276592401869099,1.6917887127127085,7.314137827156646,1.6917887127127085,1.0,-1.0
2026-03-11 15:00:00,-18.16,-9.89358044363327,5.958230809358183,12.866513233191881,5.958230809358183,1.0,-1.0
2026-03-11 15:15:00,-12.994,-9.742813426199397,1.6553622599683189,9.776680969619743,1.6553622599683189,1.0,-1.0
2026-03-11 15:30:00,-16.567,-11.08214685598148,-0.12350106435730865,9.819428169914385,-0.12350106435730865,-1.0,-1.0
2026-03-11 15:45:00,-9.489,-13.183142753724756,-2.1287667856071706,6.928362389721632,-2.1287667856071706,-1.0,-1.0
2026-03-11 16:00:00,2.058,-8.412454269442964,2.704060073061306,12.597982313482845,2.704060073061306,1.0,1.0
2026-03-11 16:15:00,1.478,-6.534579025275146,1.3620303907804772,8.89542261657058,1.3620303907804772,1.0,1.0
2026-03-11 16:30:00,3.293,-8.928988053079408,0.1895441671808411,6.4443954399228165,0.1895441671808411,1.0,1.0
2026-03-11 16:45:00,0.739,-14.9868556231109,-4.643048535488706,4.929222445180412,-4.643048535488706,-1.0,1.0
2026-03-11 17:00:00,10.57,-4.994532984644023,0.24559696483024135,9.301346318685539,0.24559696483024135,1.0,1.0
2026-03-11 17:15:00,6.515,-8.897875181934022,-4.471811731519422,3.806568503779897,-4.471811731519422,-1.0,1.0
2026-03-11 17:30:00,0.116,-7.542177177547085,-3.7177874000698212,3.172444398808954,-3.7177874000698212,-1.0,1.0
2026-03-11 17:45:00,2.57,-6.410218553511938,-1.969984502394807,3.0494216951310316,-1.969984502394807,-1.0,1.0
2026-03-11 18:00:00,4.666,-5.5045802551449174,-2.514837367641208,6.235374982363379,-2.514837367641208,-1.0,1.0
2026-03-11 18:15:00,5.843,-5.198288007269392,-2.927198425180697,6.1743739519208445,-2.927198425180697,-1.0,1.0
2026-03-11 18:30:00,1.105,-7.105056298582612,-1.90554529656898,5.542002557402482,-1.90554529656898,-1.0,1.0
2026-03-11 18:45:00,-2.895,-4.3121228414294315,-2.2124521425831043,7.02631798511428,-2.2124521425831043,-1.0,-1.0
2026-03-11 19:00:00,-9.149,-7.090926047412889,0.17062898733380744,10.560795463319113,0.17062898733380744,1.0,-1.0
2026-03-11 19:15:00,-2.241,-3.768104428561635,-0.947836715653751,7.650606842095245,-0.947836715653751,-1.0,-1.0
2026-03-11 19:30:00,-3.296,-6.672558556953926,-1.3301963349605788,5.537119696104835,-1.3301963349605788,-1.0,-1.0
2026-03-11 19:45:00,4.648,-4.354552177159472,-2.1621873942916987,7.116931785527936,-2.1621873942916987,-1.0,1.0
2026-03-11 20:00:00,-5.152,-6.836975569889637,-4.371609543272912,6.963763218494196,-4.371609543272912,-1.0,-1.0
2026-03-11 20:15:00,-13.209,-4.615954227866323,-3.5076378605570913,5.770471822748199,-3.5076378605570913,-1.0,-1.0
2026-03-11 20:30:00,-12.589,-3.7485140470584173,-1.3013828677238442,5.011342700666488,-1.3013828677238442,-1.0,-1.0
2026-03-11 20:45:00,-7.726,-9.001420622298287,-0.8875891524787879,4.732901582761867,-0.8875891524787879,-1.0,-1.0
2026-03-11 21:00:00,-9.941,-11.939828969856931,-3.25595272949443,4.319852025369473,-3.25595272949443,-1.0,-1.0
2026-03-11 21:15:00,-8.145,-7.326040250414424,-1.4906263934839856,4.688086173506368,-1.4906263934839856,-1.0,-1.0
2026-03-11 21:30:00,-23.799,-4.3186047094457605,-1.302369901890072,5.073440396694273,-1.302369901890072,-1.0,-1.0
2026-03-11 21:45:00,-11.305,-6.033444681366656,0.03786023730309025,7.127388150960864,0.03786023730309025,1.0,-1.0
2026-03-11 22:00:00,-20.297,-10.586551380015441,-3.097664809207217,2.4814669697410427,-3.097664809207217,-1.0,-1.0
2026-03-11 22:15:00,-13.973,-8.249972935073352,-3.3516003991286953,1.5236162812037073,-3.3516003991286953,-1.0,-1.0
2026-03-11 22:30:00,-12.065,-8.850057144029295,-3.5514863119294935,3.066745241702218,-3.5514863119294935,-1.0,-1.0
2026-03-11 22:45:00,-17.038,-6.692455847215599,-2.3462937742266883,3.1092823319295664,-2.3462937742266883,-1.0,-1.0
2026-03-11 23:00:00,-15.303,-8.529768152910945,-3.854956258670062,0.9617535466505698,-3.854956258670062,-1.0,-1.0
2026-03-11 23:15:00,-8.95,-10.976034939523439,-0.3588213548671312,1.0251722391018148,-0.3588213548671312,-1.0,-1.0
2026-03-11 23:30:00,-4.318,-11.121089865720506,-2.239309659683586,0.8628099678967714,-2.239309659683586,-1.0,-1.0
2026-03-11 23:45:00,-7.143,-10.614621184838906,-1.093250519858242,2.817343610518154,-1.093250519858242,-1.0,-1.0
2026-03-12 00:00:00,-5.993,-11.594584427663746,-3.933875685298534,1.2422613666164133,-3.933875685298534,-1.0,-1.0
2026-03-12 00:15:00,-1.027,-12.057928146605898,-1.1471701467577446,2.168475920776779,-1.1471701467577446,-1.0,-1.0
2026-03-12 00:30:00,-2.524,-17.787591699420517,-4.077640216262338,1.7912142736796017,-4.077640216262338,-1.0,-1.0
2026-03-12 00:45:00,-1.361,-15.293195467678938,-3.0016894416726685,2.854251785238622,-3.0016894416726685,-1.0,-1.0
2026-03-12 01:00:00,0.232,-12.891458564608087,-4.466035029383581,1.1084198313501612,-4.466035029383581,-1.0,1.0
2026-03-12 01:15:00,3.693,-13.197563601332822,-1.8010085465216057,1.9263084283524265,-1.8010085465216057,-1.0,1.0
2026-03-12 01:30:00,3.872,-9.110173988544863,-2.2866381855217517,0.590455581441111,-2.2866381855217517,-1.0,1.0
2026-03-12 01:45:00,0.775,-9.434522063553048,-3.511230012003324,2.4378837567050393,-3.511230012003324,-1.0,1.0
2026-03-12 02:00:00,6.371,-11.359374125837967,-5.616688496747458,0.6212175032766999,-5.616688496747458,-1.0,1.0
2026-03-12 02:15:00,2.133,-9.71559047676117,-3.0393936654943645,1.1213946677927904,-3.0393936654943645,-1.0,1.0
2026-03-12 02:30:00,-0.085,-8.308470985197856,-3.661173541574865,0.9071140223439927,-3.661173541574865,-1.0,-1.0
2026-03-12 02:45:00,2.766,-8.025806085035994,-2.3177674303416853,2.3207837009747845,-2.3177674303416853,-1.0,1.0
2026-03-12 03:00:00,-1.754,-9.094722265297342,-3.26153896292139,1.8334414540817634,-3.26153896292139,-1.0,-1.0
2026-03-12 03:15:00,-2.669,-7.379033687713948,-1.569879959641775,3.1143263212365766,-1.569879959641775,-1.0,-1.0
2026-03-12 03:30:00,-3.697,-8.299916561043462,-2.0558172619230244,3.2555644744065995,-2.0558172619230244,-1.0,-1.0
2026-03-12 03:45:00,-7.218,-6.299963617778943,-0.898202229288984,4.956107334471178,-0.898202229288984,-1.0,-1.0
2026-03-12 04:00:00,-4.024,-6.798329898691062,-0.12757991289457365,3.651015494361986,-0.12757991289457365,-1.0,-1.0
2026-03-12 04:15:00,-3.871,-8.66431665691009,-0.6440263027278416,2.9697644547417394,-0.6440263027278416,-1.0,-1.0
2026-03-12 04:30:00,-2.033,-7.9312832444484895,-1.2301857137012946,1.568860804465766,-1.2301857137012946,-1.0,-1.0
2026-03-12 04:45:00,-7.18,-10.310825065316978,-1.9750013664894452,3.0776029526173643,-1.9750013664894452,-1.0,-1.0
2026-03-12 05:00:00,-3.22,-5.537679280812127,0.5523492657448495,4.700170457447816,0.5523492657448495,1.0,-1.0
2026-03-12 05:15:00,-8.292,-6.372489087698929,-0.13165826237975586,4.735414797603186,-0.13165826237975586,-1.0,-1.0
2026-03-12 05:30:00,-7.072,-10.14403846387083,-2.25543554415294,3.413029359572905,-2.25543554415294,-1.0,-1.0
2026-03-12 05:45:00,1.077,-13.174147956976691,-2.8194886408547606,2.894847247706436,-2.8194886408547606,-1.0,1.0
2026-03-12 06:00:00,-11.815,-9.171965731866912,0.551032942119743,8.06869727802027,0.551032942119743,1.0,-1.0
2026-03-12 06:15:00,-2.434,-7.7233002378049305,-0.2632909283619956,8.112718687375502,-0.2632909283619956,-1.0,-1.0
2026-03-12 06:30:00,-0.431,-9.526466686364756,-2.01579683356832,6.960976651991874,-2.01579683356832,-1.0,-1.0
2026-03-12 06:45:00,12.137,-9.314424125196833,-3.0416777751248745,5.076473496566088,-3.0416777751248745,-1.0,1.0
2026-03-12 07:00:00,-7.547,-10.185487999457477,-4.124650810314394,5.610307749058677,-4.124650810314394,-1.0,-1.0
2026-03-12 07:15:00,-6.46,-8.518270512549304,-2.608875718749528,6.182192311819772,-2.608875718749528,-1.0,-1.0
2026-03-12 07:30:00,-0.092,-8.543911124048758,-2.4262190290425703,6.486415904408391,-2.4262190290425703,-1.0,-1.0
2026-03-12 07:45:00,-2.161,-9.266241620621116,-0.9151240602317173,9.34203704289918,-0.9151240602317173,-1.0,-1.0
2026-03-12 08:00:00,-5.619,-11.207626399089914,-4.505196153205275,6.644354952400365,-4.505196153205275,-1.0,-1.0
2026-03-12 08:15:00,-6.514,-8.448610209612351,-2.7965176481757235,7.49118865874004,-2.7965176481757235,-1.0,-1.0
2026-03-12 08:30:00,-5.366,-5.422007797689656,-0.31327180703612173,10.319099620750164,-0.31327180703612173,-1.0,-1.0
2026-03-12 08:45:00,-5.016,-7.680941020251822,-0.13440256317713767,13.12976795625908,-0.13440256317713767,-1.0,-1.0
2026-03-12 09:00:00,7.067,-14.292041824208233,-2.9347474888858045,8.707176590948038,-2.9347474888858045,-1.0,1.0
2026-03-12 09:15:00,3.892,-15.331592207135632,-2.1525162039538497,9.528740970200307,-2.1525162039538497,-1.0,1.0
2026-03-12 09:30:00,-126.115,-14.112959824553611,-2.0630419125844157,10.49070064866393,-2.0630419125844157,-1.0,-1.0
2026-03-12 09:45:00,21.544,-13.704482078787796,-2.1950147643924747,12.686940389674136,-2.1950147643924747,-1.0,1.0
2026-03-12 10:00:00,21.796,-15.725435927467931,-2.4901757219720433,10.209277473217101,-2.4901757219720433,-1.0,1.0
2026-03-12 10:15:00,31.608,-13.675187749639589,-3.6948519511748996,9.322798966063322,-3.6948519511748996,-1.0,1.0
2026-03-12 10:30:00,13.712,-13.113605860526214,-2.642895336628944,9.871216653662813,-2.642895336628944,-1.0,1.0
2026-03-12 10:45:00,14.932,-8.664973261764587,1.1525885853346582,11.594920029686294,1.1525885853346582,1.0,1.0
2026-03-12 11:00:00,18.19,-8.817092782722842,5.299850344556938,18.16644331403826,5.299850344556938,1.0,1.0
2026-03-12 11:15:00,28.676,-2.294848929278137,10.332567865369148,19.591976290213008,10.332567865369148,1.0,1.0
2026-03-12 11:30:00,29.61,-1.444043714173548,12.27615809189534,24.338030002308283,12.27615809189534,1.0,1.0
2026-03-12 11:45:00,19.966,1.0385252602892403,11.774354562105168,22.640572562094487,11.774354562105168,1.0,1.0
2026-03-12 12:00:00,11.662,2.3029066091219472,16.760124720778485,30.0861873709508,16.760124720778485,1.0,1.0
2026-03-12 12:15:00,5.097,3.1445674453804653,14.030807788811966,28.16872073804436,14.030807788811966,1.0,1.0
2026-03-12 12:30:00,13.858,-0.6413093403523105,6.082121216141342,25.16263441244089,6.082121216141342,1.0,1.0
2026-03-12 12:45:00,14.134,-0.763743341122763,7.663642782590056,24.164022986733816,7.663642782590056,1.0,1.0
2026-03-12 13:00:00,10.964,-0.6481024926723267,8.037411987565894,23.422205385824217,8.037411987565894,1.0,1.0
2026-03-12 13:15:00,8.383,1.0573183507100747,10.108301038731858,24.47362240524834,10.108301038731858,1.0,1.0
2026-03-12 13:30:00,8.572,1.0376174995165321,10.438481008057092,19.795460081035014,10.438481008057092,1.0,1.0
2026-03-12 13:45:00,-0.074,-2.5656356832291696,5.756674696926676,15.874042725931021,5.756674696926676,1.0,-1.0
2026-03-12 14:00:00,-4.419,-3.3269259903375494,7.290578038473532,14.04831838343134,7.290578038473532,1.0,-1.0
2026-03-12 14:15:00,-3.674,-6.713094056781404,2.50914423870977,12.01078125498343,2.50914423870977,1.0,-1.0
2026-03-12 14:30:00,17.214,-8.78776449351778,0.23257533615118614,8.614082967296675,0.23257533615118614,1.0,1.0
2026-03-12 14:45:00,6.714,-10.0522418077689,-1.0844556339077878,9.63495619749753,-1.0844556339077878,-1.0,1.0
2026-03-12 15:00:00,2.83,-4.267489635303566,3.089235917403149,15.540298251144085,3.089235917403149,1.0,1.0
2026-03-12 15:15:00,9.68,-5.348388889920481,-0.9513091825863775,12.598473987043311,-0.9513091825863775,-1.0,1.0
2026-03-12 15:30:00,9.022,-9.081895567515556,-0.6461688233332186,13.190401277763579,-0.6461688233332186,-1.0,1.0
2026-03-12 15:45:00,1.362,-7.944158125822528,-1.4078330726821895,9.869930940847887,-1.4078330726821895,-1.0,1.0
2026-03-12 16:00:00,2.926,-4.057673184272326,3.730568607088109,13.484573162145418,3.730568607088109,1.0,1.0
2026-03-12 16:15:00,1.371,-3.7313471826787077,1.887699326361717,14.589955985818012,1.887699326361717,1.0,1.0
2026-03-12 16:30:00,1.558,-4.855473409930344,0.25355090224588245,11.406743823013409,0.25355090224588245,1.0,1.0
2026-03-12 16:45:00,-3.449,-7.1467458122832825,-0.42991240718721574,6.623164051603401,-0.42991240718721574,-1.0,-1.0
2026-03-12 17:00:00,-3.47,-0.45750170799249534,5.592519812765156,16.43243537290016,5.592519812765156,1.0,-1.0
2026-03-12 17:15:00,2.56,-1.3015999949511456,3.695025414116611,11.202984064338253,3.695025414116611,1.0,1.0
2026-03-12 17:30:00,12.352,-4.324855095546853,0.9311600977555617,7.953494654214217,0.9311600977555617,1.0,1.0
2026-03-12 17:45:00,14.87,-2.473886563705815,-0.6887460002029212,6.516205368138485,-0.6887460002029212,-1.0,1.0
2026-03-12 18:00:00,29.671,-2.0766199612006653,4.458461146108453,9.902817240687193,4.458461146108453,1.0,1.0
2026-03-12 18:15:00,26.276,-2.9354894525944624,0.1550510113309043,8.035239591876548,0.1550510113309043,1.0,1.0
2026-03-12 18:30:00,29.873,-2.5203227094471266,-0.8208875209697855,4.992933424241023,-0.8208875209697855,-1.0,1.0
2026-03-12 18:45:00,22.941,-2.4946021056518983,-2.988572624173661,1.7951156059407687,-2.988572624173661,-1.0,1.0
2026-03-12 19:00:00,-1.39,-5.798904444792036,-1.111640363755686,3.9483392727028113,-1.111640363755686,-1.0,-1.0
2026-03-12 19:15:00,5.166,-3.9356612623643974,-0.5113979763277399,6.545726057195204,-0.5113979763277399,-1.0,1.0
2026-03-12 19:30:00,-8.31,-3.1716831129813694,-0.05408105313166048,9.832233939721347,-0.05408105313166048,-1.0,-1.0
2026-03-12 19:45:00,-8.226,-1.8658498494304712,2.6299928427070527,11.617379683566485,2.6299928427070527,1.0,-1.0
2026-03-12 20:00:00,-7.592,-4.043196390618387,2.2873196080814484,11.804088224400289,2.2873196080814484,1.0,-1.0
2026-03-12 20:15:00,-2.998,-2.4671895179466876,4.022660336566887,14.432583995092182,4.022660336566887,1.0,-1.0
2026-03-12 20:30:00,-7.72,-1.2075062533449459,6.596110733656079,15.465890665353626,6.596110733656079,1.0,-1.0
2026-03-12 20:45:00,0.677,-3.360373037769465,1.448451160035924,12.44425638520942,1.448451160035924,1.0,1.0
2026-03-12 21:00:00,-12.364,-8.13085280509258,-0.16191807143213488,11.889390100128011,-0.16191807143213488,-1.0,-1.0
2026-03-12 21:15:00,-12.938,-8.73362193300077,-0.3832989855946657,6.113129281430769,-0.3832989855946657,-1.0,-1.0
2026-03-12 21:30:00,-1.479,-10.794965483115387,-3.114227843748463,3.1507774863278626,-3.114227843748463,-1.0,-1.0
2026-03-12 21:45:00,-0.348,-16.51134430666263,-2.497579498251921,6.604182597895968,-2.497579498251921,-1.0,-1.0
2026-03-12 22:00:00,-19.397,-15.109317343489462,-3.122373526809829,2.913263833866716,-3.122373526809829,-1.0,-1.0
2026-03-12 22:15:00,-20.305,-8.455552938719904,-0.8531098053889933,4.2808877197301625,-0.8531098053889933,-1.0,-1.0
2026-03-12 22:30:00,-11.821,-10.875720860560802,-1.4747523975213173,2.576217379705321,-1.4747523975213173,-1.0,-1.0
2026-03-12 22:45:00,-18.876,-9.35763423681775,-0.9710075584783819,3.5744316670038754,-0.9710075584783819,-1.0,-1.0
2026-03-12 23:00:00,-25.44,-15.354056548606934,-4.2377295886695485,0.9315624386867641,-4.2377295886695485,-1.0,-1.0
2026-03-12 23:15:00,-6.25,-9.914625536030973,-2.1359279818652306,0.9105512401262152,-2.1359279818652306,-1.0,-1.0
2026-03-12 23:30:00,-9.113,-8.106785164350363,-1.8456088165618603,2.403915635812263,-1.8456088165618603,-1.0,-1.0
2026-03-12 23:45:00,-10.233,-7.585456478428812,-2.333646825181787,3.2245539243334194,-2.333646825181787,-1.0,-1.0
2026-03-13 00:00:00,-8.507,-13.441030749319754,-3.7648852652219404,0.2996380383377172,-3.7648852652219404,-1.0,-1.0
2026-03-13 00:15:00,-6.436,-7.7167574394643035,-3.7751591537862415,1.592709554173042,-3.7751591537862415,-1.0,-1.0
2026-03-13 00:30:00,0.035,-8.630723241027095,-3.671713339889472,3.102621881741371,-3.671713339889472,-1.0,1.0
2026-03-13 00:45:00,0.329,-9.281959783502028,-5.3285219787529305,5.82525675120569,-5.3285219787529305,-1.0,1.0
2026-03-13 01:00:00,6.789,-11.851148771101194,-5.527126084228265,0.8058301204334036,-5.527126084228265,-1.0,1.0
2026-03-13 01:15:00,3.658,-9.926180886949213,-6.014088621261761,0.15268272143939945,-6.014088621261761,-1.0,1.0
2026-03-13 01:30:00,-1.536,-12.344308916654603,-4.6613672273331765,0.33925941929791725,-4.6613672273331765,-1.0,-1.0
2026-03-13 01:45:00,5.804,-11.807720522626257,-5.879226738821677,3.058365981308229,-5.879226738821677,-1.0,1.0
2026-03-13 02:00:00,2.786,-14.57124736532768,-7.930537046807477,0.9395524665492981,-7.930537046807477,-1.0,1.0
2026-03-13 02:15:00,0.068,-10.290689197777219,-3.902860588774929,1.5921830738103062,-3.902860588774929,-1.0,1.0
2026-03-13 02:30:00,-4.621,-8.872275929855167,-2.8618958423994556,2.3594979213897513,-2.8618958423994556,-1.0,-1.0
2026-03-13 02:45:00,-0.816,-7.046516963031996,0.8974523052654291,6.506489334464045,0.8974523052654291,1.0,-1.0
2026-03-13 03:00:00,-4.418,-5.354996294639852,-1.4750398470947979,5.405077164824612,-1.4750398470947979,-1.0,-1.0
2026-03-13 03:15:00,-7.071,-7.014393805881161,-0.8020880828876631,3.9784472531338486,-0.8020880828876631,-1.0,-1.0
2026-03-13 03:30:00,-4.605,-6.707204572385162,-0.22342754786806693,4.273233061355981,-0.22342754786806693,-1.0,-1.0
2026-03-13 03:45:00,-7.283,-6.68456155041482,0.1830517024615191,5.602259146464384,0.1830517024615191,1.0,-1.0
2026-03-13 04:00:00,-5.675,-6.957159431176784,-0.41047790120344385,5.842436791536279,-0.41047790120344385,-1.0,-1.0
2026-03-13 04:15:00,-12.209,-7.273763951004739,-0.6564548408842948,4.587272326198538,-0.6564548408842948,-1.0,-1.0
2026-03-13 04:30:00,-3.139,-5.827054361118442,-1.0093186410617752,4.980819491283419,-1.0093186410617752,-1.0,-1.0
2026-03-13 04:45:00,-6.828,-8.53840333603139,-1.793456501755386,4.042918325963022,-1.793456501755386,-1.0,-1.0
2026-03-13 05:00:00,5.493,-7.304280212492914,-1.3232992485474324,4.29714061437777,-1.3232992485474324,-1.0,1.0
2026-03-13 05:15:00,-1.785,-10.127182113222508,-1.0507862863499215,2.943713770653448,-1.0507862863499215,-1.0,-1.0
2026-03-13 05:30:00,12.862,-9.353099898471688,-2.2453842054532904,1.7285502408402373,-2.2453842054532904,-1.0,1.0
2026-03-13 05:45:00,6.258,-8.416917709550434,-2.5280142625590916,1.622755085082075,-2.5280142625590916,-1.0,1.0
2026-03-13 06:00:00,0.012,-9.522554439566074,-3.420059928407381,4.011413080701565,-3.420059928407381,-1.0,1.0
2026-03-13 06:15:00,1.985,-6.599228142565822,-2.407691852462701,3.457918579458816,-2.407691852462701,-1.0,1.0
2026-03-13 06:30:00,2.148,-8.281967505367236,-2.183541480792843,3.8725134890886346,-2.183541480792843,-1.0,1.0
2026-03-13 06:45:00,8.477,-8.357776277463197,-4.008352470058365,7.054496655417819,-4.008352470058365,-1.0,1.0
2026-03-13 07:00:00,10.213,-9.847680280541656,-1.5929952216815428,4.457108128905139,-1.5929952216815428,-1.0,1.0
2026-03-13 07:15:00,6.59,-6.926341370024842,1.2106595549015327,7.145340681379507,1.2106595549015327,1.0,1.0
2026-03-13 07:30:00,13.507,-6.8394183245917475,1.2089227166420962,9.070494666457577,1.2089227166420962,1.0,1.0
2026-03-13 07:45:00,18.398,-9.905474225044491,-1.0998648534558026,11.158259006102163,-1.0998648534558026,-1.0,1.0
2026-03-13 08:00:00,6.285,-11.914047854466626,-3.581211253173464,8.565431477643841,-3.581211253173464,-1.0,1.0
2026-03-13 08:15:00,6.971,-10.327731500466522,-2.219350745129533,7.943362800492711,-2.219350745129533,-1.0,1.0
2026-03-13 08:30:00,2.553,-8.545230802365579,-3.6135615755761985,10.880446864778888,-3.6135615755761985,-1.0,1.0
2026-03-13 08:45:00,18.727,-10.95427486865114,0.02128007479305028,15.422299729308449,0.02128007479305028,1.0,1.0
2026-03-13 09:00:00,19.067,-14.685363390237905,-0.9639523471466125,17.583474483109413,-0.9639523471466125,-1.0,1.0
2026-03-13 09:15:00,8.496,-10.062539784531811,1.79303440867584,18.94531145996303,1.79303440867584,1.0,1.0
2026-03-13 09:30:00,-2.312,-2.7322109212209926,3.1881045524093814,22.984040002409177,3.1881045524093814,1.0,-1.0
2026-03-13 09:45:00,1.281,-3.78491945295202,6.047656995605977,25.645241747672724,6.047656995605977,1.0,1.0
2026-03-13 10:00:00,-4.626,-3.188036454572129,5.277392544414334,20.000153869706057,5.277392544414334,1.0,-1.0
2026-03-13 10:15:00,-6.236,-4.593424143018387,3.582370505418433,19.40143688827268,3.582370505418433,1.0,-1.0
2026-03-13 10:30:00,-3.423,-5.1257000302300035,5.305229397355219,17.206969321901187,5.305229397355219,1.0,-1.0
2026-03-13 10:45:00,-0.824,-2.4138385992606772,13.632416499122172,21.65686187894399,13.632416499122172,1.0,-1.0
2026-03-13 11:00:00,-1.311,-3.5140016726593517,13.921361745088001,22.544550717960472,13.921361745088001,1.0,-1.0
2026-03-13 11:15:00,1.333,-1.7588185054063261,9.718472666446658,22.218247474622988,9.718472666446658,1.0,1.0
2026-03-13 11:30:00,-6.292,-4.033794326720782,7.697549693191291,23.678915367722777,7.697549693191291,1.0,-1.0
2026-03-13 11:45:00,0.583,-4.402330673196955,7.37703240295827,25.041772144980474,7.37703240295827,1.0,1.0
2026-03-13 12:00:00,-14.086,-8.539115897716728,3.382773064933468,21.76378692349955,3.382773064933468,1.0,-1.0
2026-03-13 12:15:00,-14.744,-7.146865598528405,2.2600614341715546,17.842431977898187,2.2600614341715546,1.0,-1.0
2026-03-13 12:30:00,-20.85,-6.6758377344650075,5.476554836531418,17.567012606128724,5.476554836531418,1.0,-1.0
2026-03-13 12:45:00,-15.927,-6.3738891420105706,5.9812680654204025,18.78252675556204,5.9812680654204025,1.0,-1.0
2026-03-13 13:00:00,-19.239,-4.184673812168582,6.683454609658882,18.21986234407244,6.683454609658882,1.0,-1.0
2026-03-13 13:15:00,-23.483,-7.595142271220607,3.935673415766287,13.665930811889801,3.935673415766287,1.0,-1.0
2026-03-13 13:30:00,-24.208,-6.484356698942992,3.0252388692311443,14.135954770506117,3.0252388692311443,1.0,-1.0
2026-03-13 13:45:00,-24.869,-9.701450786672474,2.183765665555449,14.143454859929891,2.183765665555449,1.0,-1.0
2026-03-13 14:00:00,-27.292,-7.3499259399045735,3.02202282486905,12.61640695732499,3.02202282486905,1.0,-1.0
2026-03-13 14:15:00,-30.898,-11.632340462751023,1.9390908336038775,12.952815698311516,1.9390908336038775,1.0,-1.0
2026-03-13 14:30:00,-18.101,-10.261402061926997,2.049401974211846,11.757215260592579,2.049401974211846,1.0,-1.0
2026-03-13 14:45:00,-22.139,-10.725030676727815,3.436957587074253,8.555967972082671,3.436957587074253,1.0,-1.0
2026-03-13 15:00:00,3.478,-12.555186755609899,-0.5156656959961887,9.698856569449783,-0.5156656959961887,-1.0,1.0
2026-03-13 15:15:00,8.835,-11.891913048548291,0.03311428925847311,9.211743696125613,0.03311428925847311,1.0,1.0
2026-03-13 15:30:00,2.035,-11.212442397855787,-0.9095630372194524,8.411275177342901,-0.9095630372194524,-1.0,1.0
2026-03-13 15:45:00,4.066,-14.430025303248627,-5.121149738564856,5.10669455182384,-5.121149738564856,-1.0,1.0
2026-03-13 16:00:00,6.36,-14.544815313207076,-3.0283517725299403,9.179350739367441,-3.0283517725299403,-1.0,1.0
2026-03-13 16:15:00,10.91,-13.699129714511484,-3.7061008341129527,7.649895695145511,-3.7061008341129527,-1.0,1.0
2026-03-13 16:30:00,9.51,-17.45910368477078,-6.605324357755026,3.6360966169271753,-6.605324357755026,-1.0,1.0
2026-03-13 16:45:00,2.648,-17.26386371315686,-5.371068658817773,4.125655742544702,-5.371068658817773,-1.0,1.0
2026-03-13 17:00:00,5.951,-9.451443750004348,1.5296163472426045,8.967983963631378,1.5296163472426045,1.0,1.0
2026-03-13 17:15:00,11.9,-7.161960225465744,2.2183208442044537,8.811659982096076,2.2183208442044537,1.0,1.0
2026-03-13 17:30:00,12.381,-8.956371544180946,0.3709330295887399,12.406182724955821,0.3709330295887399,1.0,1.0
2026-03-13 17:45:00,17.405,-8.127406540763369,-0.3772483841633855,11.155424529208911,-0.3772483841633855,-1.0,1.0
2026-03-13 18:00:00,15.16,-4.828662644276025,6.643202666178621,21.513288428318003,6.643202666178621,1.0,1.0
2026-03-13 18:15:00,17.824,-3.4019747798000948,3.255107704229913,19.263888632354107,3.255107704229913,1.0,1.0
2026-03-13 18:30:00,12.111,-3.652741524012601,2.394597786139176,16.723007075537282,2.394597786139176,1.0,1.0
2026-03-13 18:45:00,9.592,-4.559129279779844,0.23792687825032072,12.30248732301827,0.23792687825032072,1.0,1.0
2026-03-13 19:00:00,-7.401,-6.8215605258865795,3.1528570739463766,12.740659873481397,3.1528570739463766,1.0,-1.0
2026-03-13 19:15:00,-7.402,-5.178055642125829,1.5125971425855407,12.7645322838605,1.5125971425855407,1.0,-1.0
2026-03-13 19:30:00,-9.126,-3.007128638616835,0.9845103489000306,14.817987909057148,0.9845103489000306,1.0,-1.0
2026-03-13 19:45:00,-6.909,-4.801079406600697,1.3562810723265137,12.314116990715306,1.3562810723265137,1.0,-1.0
2026-03-13 20:00:00,0.318,-7.171803421813542,-0.6653000993041618,12.839609372368384,-0.6653000993041618,-1.0,1.0
2026-03-13 20:15:00,5.204,-4.194833562250955,1.312987960639162,11.401477005450722,1.312987960639162,1.0,1.0
2026-03-13 20:30:00,0.815,-3.41565899332306,2.116268774365795,10.781950307408959,2.116268774365795,1.0,1.0
2026-03-13 20:45:00,-4.409,-4.0584545958883185,1.89988285827656,10.859298508506669,1.89988285827656,1.0,-1.0
2026-03-13 21:00:00,-2.443,-8.280890726297626,-2.626170126131184,3.2507982860951072,-2.626170126131184,-1.0,-1.0
2026-03-13 21:15:00,-7.556,-9.174751401162535,-2.2585741009941986,1.9293662393871505,-2.2585741009941986,-1.0,-1.0
2026-03-13 21:30:00,-13.051,-9.064404482095886,-1.4319457427137432,3.63563908888004,-1.4319457427137432,-1.0,-1.0
2026-03-13 21:45:00,0.521,-6.100949382976567,0.624849622574291,6.65179357428516,0.624849622574291,1.0,1.0
2026-03-13 22:00:00,-2.323,-13.043717576096357,0.2881244701474775,5.680441443115244,0.2881244701474775,1.0,-1.0
2026-03-13 22:15:00,-6.662,-6.458492266943956,1.1428381408378911,7.790522544380019,1.1428381408378911,1.0,-1.0
2026-03-13 22:30:00,-9.921,-6.883554128420348,0.273209432195012,6.341806588469817,0.273209432195012,1.0,-1.0
2026-03-13 22:45:00,3.25,-7.872789163134026,-0.4617865120727981,7.43595864321632,-0.4617865120727981,-1.0,1.0
2026-03-13 23:00:00,-0.044,-10.92432438274691,-2.744710060952011,4.8321124776107585,-2.744710060952011,-1.0,-1.0
2026-03-13 23:15:00,-0.815,-10.212192425895052,-2.3461295130733144,3.598689082574565,-2.3461295130733144,-1.0,-1.0
2026-03-13 23:30:00,0.785,-8.385116571963454,-1.5105398448063725,4.975854687285486,-1.5105398448063725,-1.0,1.0
2026-03-13 23:45:00,0.202,-7.634729043190412,-1.0464354509571976,7.792145548842489,-1.0464354509571976,-1.0,1.0
2026-03-14 00:00:00,-1.369,-11.305745779274835,-3.311540606481136,1.7274548514143744,-3.311540606481136,-1.0,-1.0
2026-03-14 00:15:00,-0.143,-10.106342850197315,-1.9612027216519528,2.515937278605506,-1.9612027216519528,-1.0,-1.0
2026-03-14 00:30:00,-0.838,-6.770496880369791,-0.8331986424001134,2.761825897153448,-0.8331986424001134,-1.0,-1.0
2026-03-14 00:45:00,-0.434,-4.84495186837872,1.3196203348886897,5.970951305265811,1.3196203348886897,1.0,-1.0
2026-03-14 01:00:00,-2.336,-8.179273820617166,-0.6632058727943291,3.945028537040933,-0.6632058727943291,-1.0,-1.0
2026-03-14 01:15:00,-4.131,-4.585390815201823,1.1249686427272119,3.9254776479724787,1.1249686427272119,1.0,-1.0
2026-03-14 01:30:00,-3.679,-4.616088782960026,0.6203890431259225,4.2355856530124205,0.6203890431259225,1.0,-1.0
2026-03-14 01:45:00,2.715,-4.589672376450095,0.19972348365232212,6.680120006724963,0.19972348365232212,1.0,1.0
2026-03-14 02:00:00,-3.158,-6.119919004465218,-2.1554750283456436,4.178153448247421,-2.1554750283456436,-1.0,-1.0
2026-03-14 02:15:00,-1.256,-6.379207018841639,-1.4879843425501273,2.500845797938857,-1.4879843425501273,-1.0,-1.0
2026-03-14 02:30:00,-2.254,-3.8803113047855424,-0.8819600976715285,2.4438698196122424,-0.8819600976715285,-1.0,-1.0
2026-03-14 02:45:00,-0.185,-4.31951501835057,-0.7593251448296958,4.373638057063407,-0.7593251448296958,-1.0,-1.0
2026-03-14 03:00:00,-3.185,-5.424414058232392,-2.736635629842441,3.981774393136008,-2.736635629842441,-1.0,-1.0
2026-03-14 03:15:00,-4.573,-5.3383852699850705,-3.035327736766603,3.0735791016761125,-3.035327736766603,-1.0,-1.0
2026-03-14 03:30:00,-4.534,-3.4063232018033838,-1.76954435394989,4.033586420953374,-1.76954435394989,-1.0,-1.0
2026-03-14 03:45:00,-0.048,-4.098350736862962,-0.4527879900560403,4.496012073487646,-0.4527879900560403,-1.0,-1.0
2026-03-14 04:00:00,-10.446,-6.287835875145962,-1.1677482131638948,5.168259327872693,-1.1677482131638948,-1.0,-1.0
2026-03-14 04:15:00,-5.137,-9.113999923924537,-1.7316872130752088,4.148543482256114,-1.7316872130752088,-1.0,-1.0
2026-03-14 04:30:00,-0.058,-6.207870879426947,-0.9366785593955061,2.6706007430298153,-0.9366785593955061,-1.0,-1.0
2026-03-14 04:45:00,-3.985,-6.569888596313974,-1.8087243998659628,2.8415165817603074,-1.8087243998659628,-1.0,-1.0
2026-03-14 05:00:00,-2.527,-6.566314100823146,-1.4874277836616905,2.7068281283785067,-1.4874277836616905,-1.0,-1.0
2026-03-14 05:15:00,-1.046,-5.857581861878468,-1.842751020488238,2.2520899766157534,-1.842751020488238,-1.0,-1.0
2026-03-14 05:30:00,-2.752,-3.8362892837874196,-0.7442224768694652,2.9288695973202654,-0.7442224768694652,-1.0,-1.0
2026-03-14 05:45:00,-0.748,-7.1509628394955955,-0.7048266426807754,4.8721477920263,-0.7048266426807754,-1.0,-1.0
2026-03-14 06:00:00,3.421,-6.793143598985185,-1.0689834779779979,3.587150671822212,-1.0689834779779979,-1.0,1.0
2026-03-14 06:15:00,5.729,-4.303190644260021,-0.39209601040636227,5.546574813572347,-0.39209601040636227,-1.0,1.0
2026-03-14 06:30:00,9.666,-4.396070215223893,0.5465906305794735,4.330210257710444,0.5465906305794735,1.0,1.0
2026-03-14 06:45:00,6.221,-3.9739906412411066,0.3403167470889023,6.465549118378615,0.3403167470889023,1.0,1.0
2026-03-14 07:00:00,3.772,-5.432736805535118,0.49352855768984516,7.46096064278542,0.49352855768984516,1.0,1.0
2026-03-14 07:15:00,1.71,-3.3070297092820953,1.6196518938121147,6.944664746320387,1.6196518938121147,1.0,1.0
2026-03-14 07:30:00,0.564,-3.2950700462009763,1.557260186627896,8.428761633511169,1.557260186627896,1.0,1.0
2026-03-14 07:45:00,12.029,-2.972366952529921,3.3512727604679435,14.409104363313787,3.3512727604679435,1.0,1.0
2026-03-14 08:00:00,-6.646,-7.274487920887275,2.9383324135641082,15.826833842830474,2.9383324135641082,1.0,-1.0
2026-03-14 08:15:00,-5.575,-4.178479746706512,6.772901090172909,16.292463418960946,6.772901090172909,1.0,-1.0
2026-03-14 08:30:00,-5.023,-4.919274265451947,4.7477087018558795,14.363269183983396,4.7477087018558795,1.0,-1.0
2026-03-14 08:45:00,-3.975,-6.231258673702704,5.409167376963248,22.843564813028895,5.409167376963248,1.0,-1.0
2026-03-14 09:00:00,-8.437,-11.500183066008757,3.0105302005268566,17.096314479332165,3.0105302005268566,1.0,-1.0
2026-03-14 09:15:00,-7.562,-7.452841277327473,0.9482792840574013,15.416654979461915,0.9482792840574013,1.0,-1.0
2026-03-14 09:30:00,-10.106,-6.189038988003377,2.776245871446559,16.343062833780216,2.776245871446559,1.0,-1.0
2026-03-14 09:45:00,-6.211,-5.430328557006462,3.8744606273678133,20.06569481034214,3.8744606273678133,1.0,-1.0
2026-03-14 10:00:00,-0.791,-12.975632940745081,2.6345521187673557,13.273068063973191,2.6345521187673557,1.0,-1.0
2026-03-14 10:15:00,7.039,-10.288101878383388,3.202903538403159,13.375632906023244,3.202903538403159,1.0,1.0
2026-03-14 10:30:00,1.334,-5.878604608936273,0.976844896372656,12.129488396367083,0.976844896372656,1.0,1.0
2026-03-14 10:45:00,10.878,-5.58082537299903,2.338129721958743,15.261729084895876,2.338129721958743,1.0,1.0
2026-03-14 11:00:00,10.428,-11.721951891828114,1.0707355914281482,11.782635231916972,1.0707355914281482,1.0,1.0
2026-03-14 11:15:00,3.256,-6.866620577765734,2.8522833279497624,12.22277261753164,2.8522833279497624,1.0,1.0
2026-03-14 11:30:00,7.428,-8.776786782204415,3.6180940920491667,12.720274667421844,3.6180940920491667,1.0,1.0
2026-03-14 11:45:00,10.275,-7.190973636675965,4.883949218756291,13.308085089141361,4.883949218756291,1.0,1.0
2026-03-14 12:00:00,1.358,-5.663096427096071,4.25895922045506,16.669269836219506,4.25895922045506,1.0,1.0
2026-03-14 12:15:00,-0.676,-3.614256161384011,3.8227211350878343,17.02874281027457,3.8227211350878343,1.0,-1.0
2026-03-14 12:30:00,-8.843,-3.6754226521209628,4.97760556713891,19.508775264912213,4.97760556713891,1.0,-1.0
2026-03-14 12:45:00,-5.995,-5.210161439594189,7.686968803724931,21.153172818764926,7.686968803724931,1.0,-1.0
2026-03-14 13:00:00,-4.857,-9.089960308353715,5.084706393376338,19.584505748468725,5.084706393376338,1.0,-1.0
2026-03-14 13:15:00,-26.159,-7.692939330160342,5.061302004554734,18.366960379957277,5.061302004554734,1.0,-1.0
2026-03-14 13:30:00,-25.573,-5.361017968615413,4.492559280443701,18.98267959910926,4.492559280443701,1.0,-1.0
2026-03-14 13:45:00,-17.195,-4.546596078434649,5.015892586530319,20.89815269516337,5.015892586530319,1.0,-1.0
2026-03-14 14:00:00,-10.285,-5.859493707563071,6.41089938756678,19.879610094395623,6.41089938756678,1.0,-1.0
2026-03-14 14:15:00,-14.101,-8.265873829389323,5.517170008594246,17.927393812031116,5.517170008594246,1.0,-1.0
2026-03-14 14:30:00,-3.867,-8.362163870620437,4.091711885986897,18.783637363139167,4.091711885986897,1.0,-1.0
2026-03-14 14:45:00,-14.56,-7.530508631372036,2.4293362275549177,15.455298365113224,2.4293362275549177,1.0,-1.0
2026-03-14 15:00:00,-14.51,-14.297904620176148,1.1820439359719959,11.819006094069053,1.1820439359719959,1.0,-1.0
2026-03-14 15:15:00,-19.36,-14.649858789236603,0.5024511560943492,12.67257559209202,0.5024511560943492,1.0,-1.0
2026-03-14 15:30:00,-26.987,-16.449373669652974,1.9170616099612705,7.392720879239803,1.9170616099612705,1.0,-1.0
2026-03-14 15:45:00,-18.718,-12.111429522094834,-0.03769157293685893,8.373152902421754,-0.03769157293685893,-1.0,-1.0
2026-03-14 16:00:00,-10.501,-10.579464404293441,0.6331760443611321,7.967624994913249,0.6331760443611321,1.0,-1.0
2026-03-14 16:15:00,-15.112,-9.216439370715326,2.5602944604153013,11.067113014715323,2.5602944604153013,1.0,-1.0
2026-03-14 16:30:00,-15.252,-9.508891657324238,0.07502175903371525,9.814750059750056,0.07502175903371525,1.0,-1.0
2026-03-14 16:45:00,-6.28,-14.691003405124707,-1.8624413595987113,6.374581912216014,-1.8624413595987113,-1.0,-1.0
2026-03-14 17:00:00,-14.535,-14.998781421093835,-2.2901323166926155,11.118351860586843,-2.2901323166926155,-1.0,-1.0
2026-03-14 17:15:00,-10.428,-17.39157571815647,-0.3274884128228386,11.467960289698937,-0.3274884128228386,-1.0,-1.0
2026-03-14 17:30:00,-3.668,-14.16572323872919,-2.383181167797605,5.5927838026492545,-2.383181167797605,-1.0,-1.0
2026-03-14 17:45:00,-1.92,-14.365253760653875,-2.4721874788708065,5.363588860641608,-2.4721874788708065,-1.0,-1.0
2026-03-14 18:00:00,1.997,-11.260225763208545,0.5704299585717458,9.940715700992108,0.5704299585717458,1.0,1.0
2026-03-14 18:15:00,4.708,-14.518008436540537,-1.051302778707675,10.456857259832947,-1.051302778707675,-1.0,1.0
2026-03-14 18:30:00,1.403,-10.871785440733557,-2.728728099850986,8.944925302389008,-2.728728099850986,-1.0,1.0
2026-03-14 18:45:00,1.837,-13.779115975112818,-2.012088462329954,7.829378357421787,-2.012088462329954,-1.0,1.0
2026-03-14 19:00:00,1.131,-9.842318169477387,-3.6623059974123713,3.1989702990022035,-3.6623059974123713,-1.0,1.0
2026-03-14 19:15:00,4.414,-10.681255776281347,-4.241843549266024,4.607955492523501,-4.241843549266024,-1.0,1.0
2026-03-14 19:30:00,-0.443,-11.378478229803122,-2.9016234054630776,4.422422272582305,-2.9016234054630776,-1.0,-1.0
2026-03-14 19:45:00,-1.431,-11.223103103069596,-3.0700815983842977,4.6089966783402545,-3.0700815983842977,-1.0,-1.0
2026-03-14 20:00:00,-5.545,-8.000514526599916,-1.1865717327595486,5.20657109482979,-1.1865717327595486,-1.0,-1.0
2026-03-14 20:15:00,-9.956,-4.669957846915193,0.8848599166294968,6.235856508564939,0.8848599166294968,1.0,-1.0
2026-03-14 20:30:00,-6.759,-4.170059506359022,-0.0753776434262388,5.7883307393949375,-0.0753776434262388,-1.0,-1.0
2026-03-14 20:45:00,-8.307,-6.4519073238097215,-1.7474782526546426,6.221195593156231,-1.7474782526546426,-1.0,-1.0
2026-03-14 21:00:00,-5.352,-10.738700963974877,-2.7015916934924666,3.373499858077234,-2.7015916934924666,-1.0,-1.0
2026-03-14 21:15:00,-1.817,-7.293980367814986,-1.1734027648189165,5.131890144829197,-1.1734027648189165,-1.0,-1.0
2026-03-14 21:30:00,2.127,-6.136653049518107,-1.6213440496357405,3.2103108101362756,-1.6213440496357405,-1.0,1.0
2026-03-14 21:45:00,5.903,-5.060995189862693,0.05503417859676676,5.675802774733817,0.05503417859676676,1.0,1.0
2026-03-14 22:00:00,-1.017,-10.29047747976188,-3.585452832951464,3.064196480410762,-3.585452832951464,-1.0,-1.0
2026-03-14 22:15:00,0.074,-12.488880236876762,-3.0863430960350327,2.902709426366083,-3.0863430960350327,-1.0,1.0
2026-03-14 22:30:00,-7.153,-12.234800767460134,-4.000743271778427,1.8614305622921383,-4.000743271778427,-1.0,-1.0
2026-03-14 22:45:00,-0.114,-8.512952563200656,-1.996161844791406,5.07634448091212,-1.996161844791406,-1.0,-1.0
2026-03-14 23:00:00,-7.194,-11.432412718715815,-1.675596865148069,2.1780666192220774,-1.675596865148069,-1.0,-1.0
2026-03-14 23:15:00,-5.235,-5.736099781611551,-0.7714133673526209,3.0367462745942833,-0.7714133673526209,-1.0,-1.0
2026-03-14 23:30:00,-2.466,-5.975378892088223,0.5035655304404751,5.940920377479203,0.5035655304404751,1.0,-1.0
2026-03-14 23:45:00,-1.648,-5.16536590682374,0.9972372858672485,8.430012562692625,0.9972372858672485,1.0,-1.0
2026-03-15 00:00:00,-6.23,-8.482303924961428,-1.6992693611718965,5.6619940684374805,-1.6992693611718965,-1.0,-1.0
2026-03-15 00:15:00,-2.961,-7.048119877389576,-0.514373136489364,5.45001175396734,-0.514373136489364,-1.0,-1.0
2026-03-15 00:30:00,1.326,-3.8254225290873083,-1.308982991967138,5.704116717877601,-1.308982991967138,-1.0,1.0
2026-03-15 00:45:00,1.57,-5.83982376275052,-0.7046356858232391,8.336363432203216,-0.7046356858232391,-1.0,1.0
2026-03-15 01:00:00,2.316,-9.930670335102494,-3.2189504792042345,2.3922704236670875,-3.2189504792042345,-1.0,1.0
2026-03-15 01:15:00,0.242,-8.58575610136283,-0.8628289612074955,3.6865306214944376,-0.8628289612074955,-1.0,1.0
2026-03-15 01:30:00,-0.418,-9.517728030415274,-0.49485031913505,3.351657245679572,-0.49485031913505,-1.0,-1.0
2026-03-15 01:45:00,2.651,-7.808610842943066,0.27972160871389923,3.9697805207090684,0.27972160871389923,1.0,1.0
2026-03-15 02:00:00,1.312,-9.482833805931142,-1.5614179806596455,2.604696590931631,-1.5614179806596455,-1.0,1.0
2026-03-15 02:15:00,1.197,-5.472868771527095,-0.20293009604550963,4.186654241072255,-0.20293009604550963,-1.0,1.0
2026-03-15 02:30:00,5.724,-5.703435010602275,0.22832669143671366,3.940214498544727,0.22832669143671366,1.0,1.0
2026-03-15 02:45:00,8.837,-4.783129480990633,0.642067680896204,4.560103627178705,0.642067680896204,1.0,1.0
2026-03-15 03:00:00,10.193,-6.881270611493396,0.08833716219486626,4.1201743389479155,0.08833716219486626,1.0,1.0
2026-03-15 03:15:00,0.696,-7.400536315580353,0.5294736516763027,2.826468669927564,0.5294736516763027,1.0,1.0
2026-03-15 03:30:00,4.218,-6.628453140843246,1.0980966518227953,3.1219177214171223,1.0980966518227953,1.0,1.0
2026-03-15 03:45:00,0.737,-6.184895581902081,0.6078196249679158,5.280720792499271,0.6078196249679158,1.0,1.0
2026-03-15 04:00:00,9.596,-8.921574431770074,0.6972206608724081,4.573889296358559,0.6972206608724081,1.0,1.0
2026-03-15 04:15:00,3.362,-4.902963499776589,0.7566427096409256,5.95372585500468,0.7566427096409256,1.0,1.0
2026-03-15 04:30:00,5.982,-3.846498218414786,1.7603215313456368,9.49022894636079,1.7603215313456368,1.0,1.0
2026-03-15 04:45:00,5.066,-2.5050181655775265,2.974511020425557,10.414324593274431,2.974511020425557,1.0,1.0
2026-03-15 05:00:00,15.48,-3.0540260203227776,2.6119441676614503,10.070317876339132,2.6119441676614503,1.0,1.0
2026-03-15 05:15:00,11.836,-2.731415876356454,2.3781188193843192,9.033351371341993,2.3781188193843192,1.0,1.0
2026-03-15 05:30:00,17.291,-2.701853577511275,2.006614170440218,8.538990840296687,2.006614170440218,1.0,1.0
2026-03-15 05:45:00,16.001,-1.3347531200688347,0.48911073155576834,8.52514075563693,0.48911073155576834,1.0,1.0
2026-03-15 06:00:00,16.028,-2.126307117187022,5.558234771638039,12.340753492383342,5.558234771638039,1.0,1.0
2026-03-15 06:15:00,8.033,-1.8959138827965467,3.372263366948485,11.614279829520013,3.372263366948485,1.0,1.0
2026-03-15 06:30:00,8.438,-0.8629831724890087,3.8594257910666068,10.52268310971561,3.8594257910666068,1.0,1.0
2026-03-15 06:45:00,8.6,0.9155281578861517,6.209107069549291,13.926483023097836,6.209107069549291,1.0,1.0
2026-03-15 07:00:00,21.486,0.6055355793608951,8.25471421757255,12.740620748441989,8.25471421757255,1.0,1.0
2026-03-15 07:15:00,22.75,1.0355940766022131,7.416165792932182,14.961616944393239,7.416165792932182,1.0,1.0
2026-03-15 07:30:00,17.62,0.3422131441539795,8.766300340753592,19.066345837979696,8.766300340753592,1.0,1.0
2026-03-15 07:45:00,15.238,1.0158467126868278,12.09694623162286,22.52329186749203,12.09694623162286,1.0,1.0
2026-03-15 08:00:00,-0.105,-1.6426435942753725,7.569248086394194,17.29506793815099,7.569248086394194,1.0,-1.0
2026-03-15 08:15:00,2.19,-1.1862561592505712,4.689104557906236,13.799209692916001,4.689104557906236,1.0,1.0
2026-03-15 08:30:00,-8.922,-1.959967361560181,4.165408518744614,13.646501624507396,4.165408518744614,1.0,-1.0
2026-03-15 08:45:00,-4.708,-0.7165763711686819,10.687757974653778,21.61286345868162,10.687757974653778,1.0,-1.0
2026-03-15 09:00:00,-22.099,-0.8799837996002988,21.109102014011533,29.43946946048092,21.109102014011533,1.0,-1.0
2026-03-15 09:15:00,-20.558,2.999714160818481,19.67418334539018,26.478367116789187,19.67418334539018,1.0,-1.0
2026-03-15 09:30:00,-25.582,0.9561221884118076,18.314852517589994,26.220959267729327,18.314852517589994,1.0,-1.0
2026-03-15 09:45:00,-16.609,-1.4799223028932953,11.70037630285418,26.913873924446975,11.70037630285418,1.0,-1.0
2026-03-15 10:00:00,-12.636,-5.313255775986483,6.21661598481744,17.602695842587007,6.21661598481744,1.0,-1.0
2026-03-15 10:15:00,-14.337,-5.581720825895784,3.2738780881142175,16.794529015093932,3.2738780881142175,1.0,-1.0
2026-03-15 10:30:00,-13.319,-5.2893460061247675,1.5622991044962686,17.131329159600803,1.5622991044962686,1.0,-1.0
2026-03-15 11:00:00,-19.965,-9.313952471080619,0.24642910464656867,15.60116620905625,0.24642910464656867,1.0,-1.0
2026-03-15 11:15:00,-24.646,-8.19777454029772,0.6786864351871945,18.597462380532445,0.6786864351871945,1.0,-1.0
2026-03-15 11:30:00,-26.676,-8.530954916698088,-1.8567674266676928,17.394201146164757,-1.8567674266676928,-1.0,-1.0
2026-03-15 11:45:00,-24.715,-6.837856729417781,0.9287090165982491,18.714864547286286,0.9287090165982491,1.0,-1.0
2026-03-15 12:00:00,-19.006,-5.099746541530393,2.512419056216124,19.227446249957115,2.512419056216124,1.0,-1.0
2026-03-15 12:15:00,-8.326,-6.807794045182521,-0.6916850398233181,14.501427430898502,-0.6916850398233181,-1.0,-1.0
2026-03-15 12:30:00,-11.351,-9.551048399050066,-2.764084308995757,15.679437286781758,-2.764084308995757,-1.0,-1.0
2026-03-15 12:45:00,-3.665,-10.747133078074768,-0.5108794279486026,10.549631883585254,-0.5108794279486026,-1.0,-1.0
2026-03-15 13:00:00,1.266,-11.520720596799897,-1.2714751629992365,10.731345523762515,-1.2714751629992365,-1.0,1.0
2026-03-15 13:15:00,-6.355,-12.807388321076354,1.8231493711059241,13.680724992440677,1.8231493711059241,1.0,-1.0
2026-03-15 13:30:00,-6.024,-14.88819011609962,1.1494687800398948,10.747185596533775,1.1494687800398948,1.0,-1.0
2026-03-15 13:45:00,-3.573,-14.202392129965816,0.4815787249944675,10.888830073515852,0.4815787249944675,1.0,-1.0
2026-03-15 14:00:00,-1.071,-15.477081078143913,3.495839716980981,12.35863126813569,3.495839716980981,1.0,-1.0
2026-03-15 14:15:00,-0.346,-16.515838634002037,1.9647825562907908,11.584880224604973,1.9647825562907908,1.0,-1.0
2026-03-15 14:30:00,1.999,-14.118658053754077,2.8824460990756875,11.478713192165863,2.8824460990756875,1.0,1.0
2026-03-15 14:45:00,1.517,-12.263831386377205,3.3938107562539686,10.296437943815373,3.3938107562539686,1.0,1.0
2026-03-15 15:00:00,3.748,-10.099648266239653,-0.1565025228466695,9.14198244677831,-0.1565025228466695,-1.0,1.0
2026-03-15 15:15:00,-1.265,-17.247860781787104,-1.9433207267218453,8.140159980727478,-1.9433207267218453,-1.0,-1.0
2026-03-15 15:30:00,5.468,-14.320156640484168,-1.7608846168332586,7.082956324877989,-1.7608846168332586,-1.0,1.0
2026-03-15 15:45:00,2.755,-14.629685773837611,-1.4992360018552975,5.509439066558382,-1.4992360018552975,-1.0,1.0
2026-03-15 16:00:00,-7.757,-8.901441389374611,0.16629718933068552,5.023744449333481,0.16629718933068552,1.0,-1.0
2026-03-15 16:15:00,-0.535,-10.868536123789484,-2.637421120882744,3.0711161643502605,-2.637421120882744,-1.0,-1.0
2026-03-15 16:30:00,3.392,-15.474751712889248,-2.8292169278115122,3.831799084245636,-2.8292169278115122,-1.0,1.0
2026-03-15 16:45:00,3.031,-21.419356353427574,-3.0419545306274274,1.3257398429204337,-3.0419545306274274,-1.0,1.0
2026-03-15 17:00:00,4.0,-7.646762317255568,2.168970932951822,9.95750264851625,2.168970932951822,1.0,1.0
2026-03-15 17:15:00,1.346,-9.55683002995661,-0.5201086568580897,7.293602727407907,-0.5201086568580897,-1.0,1.0
2026-03-15 17:30:00,-0.126,-9.517911777236685,-1.5070373671174853,8.631956259972052,-1.5070373671174853,-1.0,-1.0
2026-03-15 17:45:00,7.525,-9.92522550518355,-3.0531213630270226,8.203002076469769,-3.0531213630270226,-1.0,1.0
2026-03-15 18:00:00,3.102,-6.166828681206957,2.0360927407905325,13.53137404373677,2.0360927407905325,1.0,1.0
2026-03-15 18:15:00,2.652,-5.1180285193006725,0.06114369483288152,11.55432687108219,0.06114369483288152,1.0,1.0
2026-03-15 18:30:00,3.863,-6.179783369210578,-0.34394940205173186,8.826083311140804,-0.34394940205173186,-1.0,1.0
2026-03-15 18:45:00,0.331,-5.130407895701825,-0.9952364951196748,6.642053859544746,-0.9952364951196748,-1.0,1.0
2026-03-15 19:00:00,-7.261,-3.9136282192411147,2.1029948200035364,6.884621466603475,2.1029948200035364,1.0,-1.0
2026-03-15 19:15:00,-4.673,-1.6938775822507905,0.870653516872857,4.092395161296846,0.870653516872857,1.0,-1.0
2026-03-15 19:30:00,-9.523,-2.8170638349507855,1.5180157129495904,6.276563380861173,1.5180157129495904,1.0,-1.0
2026-03-15 19:45:00,-2.85,-3.43628923803296,0.038861251218895096,4.355313242707449,0.038861251218895096,1.0,-1.0
2026-03-15 20:00:00,2.711,-7.00104211281164,-1.1760125523283604,2.4194903247969126,-1.1760125523283604,-1.0,1.0
2026-03-15 20:15:00,1.495,-4.841562582250438,-2.9681937707273867,3.569339321103591,-2.9681937707273867,-1.0,1.0
2026-03-15 20:30:00,-0.959,-5.587528488508774,-2.3277273648768046,4.75290702543934,-2.3277273648768046,-1.0,-1.0
2026-03-15 20:45:00,2.868,-6.474749050805642,-0.45324602071367515,6.461891317968182,-0.45324602071367515,-1.0,1.0
2026-03-15 21:00:00,2.617,-12.847401814640882,-4.967559218541842,2.593067281802917,-4.967559218541842,-1.0,1.0
2026-03-15 21:15:00,-2.518,-10.08961170793828,-2.595610610949424,3.0433166634117517,-2.595610610949424,-1.0,-1.0
2026-03-15 21:30:00,2.597,-7.351027616799659,-2.9305971220193223,3.3751256534094436,-2.9305971220193223,-1.0,1.0
2026-03-15 21:45:00,3.815,-6.014115709024566,-0.4757077054193054,5.946512172641893,-0.4757077054193054,-1.0,1.0
2026-03-15 22:00:00,7.656,-8.351618003306402,-1.5961337956042196,5.312545991804737,-1.5961337956042196,-1.0,1.0
2026-03-15 22:15:00,4.271,-5.7821265364989864,-1.0167141843334198,4.749217883147964,-1.0167141843334198,-1.0,1.0
2026-03-15 22:30:00,5.675,-5.651046581429927,0.8373580217105305,4.9863580935687155,0.8373580217105305,1.0,1.0
2026-03-15 22:45:00,7.435,-7.431316573815191,1.1015890996078181,5.042428573688453,1.1015890996078181,1.0,1.0
2026-03-15 23:00:00,2.972,-10.16156263729053,-1.1803748982242726,3.6552406473573593,-1.1803748982242726,-1.0,1.0
2026-03-15 23:15:00,3.079,-6.133854717366111,0.3552435600822046,4.444630708852483,0.3552435600822046,1.0,1.0
2026-03-15 23:30:00,7.393,-5.292058309779085,-0.37463079831009366,6.366155331868086,-0.37463079831009366,-1.0,1.0
2026-03-15 23:45:00,7.989,-5.122514633353552,2.8605839629372105,10.122135336342675,2.8605839629372105,1.0,1.0
2026-03-16 00:00:00,9.279,-6.405783206177676,2.2670129027039088,12.723894420052044,2.2670129027039088,1.0,1.0
2026-03-16 00:15:00,7.848,-3.570430208611466,3.1498333494597097,10.819886963384977,3.1498333494597097,1.0,1.0
2026-03-16 00:30:00,11.747,-2.3829152112028487,4.340249405602141,10.393433245330439,4.340249405602141,1.0,1.0
2026-03-16 00:45:00,7.623,-1.929637426852332,5.323747047491561,12.401599506836112,5.323747047491561,1.0,1.0
2026-03-16 01:00:00,0.733,-8.164137023008257,1.8356880640536923,8.838073868319482,1.8356880640536923,1.0,1.0
2026-03-16 01:15:00,7.177,-5.465059258557674,2.8203939111568803,9.43475046431366,2.8203939111568803,1.0,1.0
2026-03-16 01:30:00,5.245,-1.3777978055451274,4.20796795337124,12.370170602798279,4.20796795337124,1.0,1.0
2026-03-16 01:45:00,1.54,0.553614976157529,6.029479900655652,13.39381809000207,6.029479900655652,1.0,1.0
2026-03-16 02:00:00,8.01,-1.0524209423402202,5.510449311352532,12.936858435332638,5.510449311352532,1.0,1.0
2026-03-16 02:15:00,10.393,0.9091306804277525,6.010458482001634,14.069383578734065,6.010458482001634,1.0,1.0
2026-03-16 02:30:00,11.468,1.3407148532475655,4.001421108736037,12.468231119398736,4.001421108736037,1.0,1.0
2026-03-16 02:45:00,2.691,-0.1409299101000747,5.578838896865848,13.50161903333214,5.578838896865848,1.0,1.0
2026-03-16 03:00:00,2.565,-0.9284195356952314,3.8815052746464667,10.752728762742011,3.8815052746464667,1.0,1.0
2026-03-16 03:15:00,-1.73,0.6469421444032679,6.0084240557211706,11.780404595454185,6.0084240557211706,1.0,-1.0
2026-03-16 03:30:00,-0.758,-0.0489833628950002,3.8027067285324563,8.456940720569355,3.8027067285324563,1.0,-1.0
2026-03-16 03:45:00,2.859,-1.2667839322753078,2.9758907011449116,8.624544731834499,2.9758907011449116,1.0,1.0
2026-03-16 04:00:00,-1.66,-0.6843091258598135,4.472557074635649,9.93131580511522,4.472557074635649,1.0,-1.0
2026-03-16 04:15:00,-6.774,0.5166148199237204,6.082580335328596,10.775658808989398,6.082580335328596,1.0,-1.0
2026-03-16 04:30:00,-3.856,-0.12061897911053374,5.9653096362062445,9.446331589672399,5.9653096362062445,1.0,-1.0
2026-03-16 04:45:00,-2.861,-0.8618619875931088,3.6252078308091473,9.39824996598266,3.6252078308091473,1.0,-1.0
2026-03-16 05:00:00,6.872,-0.6128691139864497,5.903105199364034,7.406163064368983,5.903105199364034,1.0,1.0
2026-03-16 05:15:00,6.083,-1.918756155351341,4.457700437969004,7.001109425923866,4.457700437969004,1.0,1.0
2026-03-16 05:30:00,14.795,-1.6669282951263704,3.1055768434376314,6.545360838445149,3.1055768434376314,1.0,1.0
2026-03-16 05:45:00,26.198,-2.36466903260341,3.0338066240096513,7.323302899487141,3.0338066240096513,1.0,1.0
2026-03-16 06:00:00,18.53,-5.28614731375337,3.3337967621649014,9.995981436947888,3.3337967621649014,1.0,1.0
2026-03-16 06:15:00,9.822,-4.493896392849099,1.657373463092537,8.166394102431745,1.657373463092537,1.0,1.0
2026-03-16 06:30:00,15.354,-4.437260447190538,-0.5884044211828838,7.353002756334227,-0.5884044211828838,-1.0,1.0
2026-03-16 06:45:00,16.641,-5.5331055728890925,1.2946865506809762,6.951849339403741,1.2946865506809762,1.0,1.0
2026-03-16 07:00:00,21.431,-6.887409502105583,1.5500693398673706,9.460081342967289,1.5500693398673706,1.0,1.0
2026-03-16 07:15:00,25.448,-4.310797191341887,6.221398708316068,15.412513168781228,6.221398708316068,1.0,1.0
2026-03-16 07:30:00,19.376,-3.8824822448314853,12.415453216627627,20.247982496857155,12.415453216627627,1.0,1.0
2026-03-16 07:45:00,8.524,-4.476443354941341,10.077211203649446,22.229965008553965,10.077211203649446,1.0,1.0
2026-03-16 08:00:00,16.555,-6.610866892914092,4.644516490446254,19.05012869254873,4.644516490446254,1.0,1.0
2026-03-16 08:15:00,11.027,-3.1065230505328105,4.633483888860507,18.653653351538445,4.633483888860507,1.0,1.0
2026-03-16 08:30:00,8.443,-1.5997496790211918,5.45135178606538,17.628879214455637,5.45135178606538,1.0,1.0
2026-03-16 08:45:00,6.987,-1.8155334370170122,6.74807399886635,23.82324740530659,6.74807399886635,1.0,1.0
2026-03-16 09:00:00,9.002,-3.247975679080631,6.69447533695524,22.2545122953445,6.69447533695524,1.0,1.0
2026-03-16 09:15:00,6.344,-1.8162451049186898,12.101874601063496,23.457806532978722,12.101874601063496,1.0,1.0
2026-03-16 09:30:00,-3.104,-2.4110704562928955,10.046109531596704,20.170936070225718,10.046109531596704,1.0,-1.0
2026-03-16 09:45:00,-2.23,-2.2366111563895568,9.534108228697043,23.360113665263828,9.534108228697043,1.0,-1.0
2026-03-16 10:45:00,-16.007,-2.4662453214191786,15.934438829266732,33.25323408438866,15.934438829266732,1.0,-1.0
2026-03-16 11:00:00,-21.764,-2.3075313575716008,13.49613529991245,28.43930321638956,13.49613529991245,1.0,-1.0
2026-03-16 11:15:00,-31.698,-0.08596912489532828,11.943798824857828,30.75045329381843,11.943798824857828,1.0,-1.0
2026-03-16 11:30:00,-34.872,-0.945469225885445,11.189494250214056,29.398808631412145,11.189494250214056,1.0,-1.0
2026-03-16 11:45:00,-44.373,-1.0252445127203313,10.363898783829827,30.752776386467072,10.363898783829827,1.0,-1.0
2026-03-16 12:00:00,-16.537,-6.7767513448570575,6.543104471346761,25.376542248010217,6.543104471346761,1.0,-1.0
2026-03-16 12:15:00,-8.635,-7.822440428910013,3.8983073546684035,22.443134559211128,3.8983073546684035,1.0,-1.0
2026-03-16 12:30:00,-9.445,-10.835941344697705,-2.409927371405833,21.15571703209721,-2.409927371405833,-1.0,-1.0
2026-03-16 12:45:00,-6.444,-12.72494982215985,-4.272883922958335,16.699906108126882,-4.272883922958335,-1.0,-1.0
2026-03-16 13:00:00,2.466,-16.346919642649432,-9.158071501364596,9.705442908075845,-9.158071501364596,-1.0,1.0
2026-03-16 13:15:00,6.356,-13.67413836401545,-7.704247654015912,9.471146993033276,-7.704247654015912,-1.0,1.0
2026-03-16 13:30:00,4.495,-16.500215028904023,-8.535897870403447,11.24416974077237,-8.535897870403447,-1.0,1.0
2026-03-16 13:45:00,2.34,-16.87968526463832,-7.1663370918292175,10.571974481821773,-7.1663370918292175,-1.0,1.0
2026-03-16 14:00:00,-5.832,-9.496419736807457,-4.991922051766326,12.343267403616974,-4.991922051766326,-1.0,-1.0
2026-03-16 14:15:00,-18.177,-12.902195451441365,-5.7732283355271194,9.954064637126574,-5.7732283355271194,-1.0,-1.0
2026-03-16 14:30:00,-15.503,-13.363501125182841,-4.770591633490295,9.341159695911076,-4.770591633490295,-1.0,-1.0
2026-03-16 14:45:00,-9.155,-11.96798870651037,-1.488819491424165,7.883801372125019,-1.488819491424165,-1.0,-1.0
2026-03-16 15:00:00,7.016,-7.257127830713855,3.764082255451999,13.78004503822967,3.764082255451999,1.0,1.0
2026-03-16 15:15:00,0.121,-10.181876323266282,2.045578605569196,9.107092707158033,2.045578605569196,1.0,1.0
2026-03-16 15:30:00,-5.36,-13.627881474750687,-0.21065402502244027,10.936787738430432,-0.21065402502244027,-1.0,-1.0
2026-03-16 15:45:00,4.481,-14.515705546392708,-3.213420556033992,4.095343184543101,-3.213420556033992,-1.0,1.0
2026-03-16 16:00:00,-2.798,-11.532537605613564,-4.7882851424143205,6.791346654303203,-4.7882851424143205,-1.0,-1.0
2026-03-16 16:15:00,-0.698,-18.423965503823194,-10.373232682399529,3.3220073824867264,-10.373232682399529,-1.0,-1.0
2026-03-16 16:30:00,-1.525,-14.545371569638066,-7.883403948180336,2.4538710610647736,-7.883403948180336,-1.0,-1.0
2026-03-16 16:45:00,-4.67,-17.415903720145835,-6.656226818879985,2.4703702447524787,-6.656226818879985,-1.0,-1.0
2026-03-16 17:00:00,3.0,-7.805427798143182,-2.758863616593375,9.299871899817674,-2.758863616593375,-1.0,1.0
2026-03-16 17:15:00,-5.045,-7.330131345350475,-3.2518589452315614,3.5557285480991743,-3.2518589452315614,-1.0,-1.0
2026-03-16 17:30:00,5.735,-7.018407032596758,-2.0834530171829955,5.882295536904739,-2.0834530171829955,-1.0,1.0
2026-03-16 17:45:00,6.732,-6.152784572422078,-2.389374885501176,2.096952914151545,-2.389374885501176,-1.0,1.0
2026-03-16 18:00:00,10.655,-4.000983903582763,-0.07971037379196896,7.773128374926534,-0.07971037379196896,-1.0,1.0
2026-03-16 18:15:00,-1.821,-4.44518635687974,0.1260850311956194,6.712654218202549,0.1260850311956194,1.0,-1.0
2026-03-16 18:30:00,-1.999,-3.1255093718624662,-1.1371621631343007,9.219269088487728,-1.1371621631343007,-1.0,-1.0
2026-03-16 18:45:00,-4.117,-3.99543618510426,-0.8942825059664044,7.279479008510928,-0.8942825059664044,-1.0,-1.0
2026-03-16 19:00:00,-13.277,-7.730550442971245,-1.5144225851591901,5.994374338159976,-1.5144225851591901,-1.0,-1.0
2026-03-16 19:15:00,-6.716,-4.540819067644113,-1.4516204586641812,5.196002480889923,-1.4516204586641812,-1.0,-1.0
2026-03-16 19:30:00,-1.107,-4.118496163980476,0.6933772345477083,6.539818332250596,0.6933772345477083,1.0,-1.0
2026-03-16 19:45:00,-2.806,-5.4613874779592875,0.7955452664490308,8.727146152738685,0.7955452664490308,1.0,-1.0
2026-03-16 20:00:00,0.773,-8.106587392309295,-0.7430275526829639,8.465320663236485,-0.7430275526829639,-1.0,1.0
2026-03-16 20:15:00,0.36,-6.162243831644066,0.2699413431765684,4.59128494758805,0.2699413431765684,1.0,1.0
2026-03-16 20:30:00,-2.73,-6.433322030995859,-1.2449101826212425,5.622450454012815,-1.2449101826212425,-1.0,-1.0
2026-03-16 20:45:00,1.604,-9.099992978868295,-0.7375489662035634,5.646747257242813,-0.7375489662035634,-1.0,1.0
2026-03-16 21:00:00,-4.834,-10.9745272975058,-3.7083879280400964,2.045533495192728,-3.7083879280400964,-1.0,-1.0
2026-03-16 21:15:00,0.166,-5.164626521004783,-0.522745525085843,3.7425913034755474,-0.522745525085843,-1.0,1.0
2026-03-16 21:30:00,-9.887,-8.030129142578039,0.27351567115163106,3.3823624471291556,0.27351567115163106,1.0,-1.0
2026-03-16 21:45:00,-11.447,-6.280097736190857,2.4823458099314872,9.588326474911199,2.4823458099314872,1.0,-1.0
2026-03-16 22:00:00,-17.565,-11.681871117960473,-0.27047134383814003,5.519177342878108,-0.27047134383814003,-1.0,-1.0
2026-03-16 22:15:00,-16.166,-6.460915339832374,0.4741089219561488,5.585976882701972,0.4741089219561488,1.0,-1.0
2026-03-16 22:30:00,-12.999,-7.673294452494085,0.9057425282256693,7.945210366424402,0.9057425282256693,1.0,-1.0
2026-03-16 22:45:00,-13.735,-7.331917253327233,2.615327580702742,9.222522074112945,2.615327580702742,1.0,-1.0
2026-03-16 23:00:00,-15.871,-10.032974874942404,-1.4843546806660384,6.853641482150521,-1.4843546806660384,-1.0,-1.0
2026-03-16 23:15:00,-17.906,-9.049695625054621,-2.0710390277090553,5.241232458688217,-2.0710390277090553,-1.0,-1.0
2026-03-16 23:30:00,-13.682,-10.148772198388222,-3.4894990090199296,5.28654566863173,-3.4894990090199296,-1.0,-1.0
2026-03-16 23:45:00,-11.709,-9.412159709416725,-2.634819782945015,9.001663152171199,-2.634819782945015,-1.0,-1.0
2026-03-17 00:00:00,-24.789,-12.88549069865009,-3.7208212397652405,2.7915635957405143,-3.7208212397652405,-1.0,-1.0
2026-03-17 00:15:00,-0.569,-9.764585636354855,-2.1732073935269565,2.993116261742801,-2.1732073935269565,-1.0,-1.0
2026-03-17 00:30:00,-7.706,-9.728905808306058,-4.871620100192747,4.587398244191199,-4.871620100192747,-1.0,-1.0
2026-03-17 00:45:00,-8.254,-10.507148647490249,-4.889602524183314,8.333931009479059,-4.889602524183314,-1.0,-1.0
2026-03-17 01:00:00,-8.644,-12.742270050548322,-4.134324937225875,6.453424725380502,-4.134324937225875,-1.0,-1.0
2026-03-17 01:15:00,-13.182,-12.615792993580364,-4.5555685223008595,7.1177114140191,-4.5555685223008595,-1.0,-1.0
2026-03-17 01:30:00,-17.229,-10.97270399951484,-5.243490969036494,5.5000941393034,-5.243490969036494,-1.0,-1.0
2026-03-17 01:45:00,-3.877,-10.92941495507654,-4.286552642534647,6.299838257686959,-4.286552642534647,-1.0,-1.0
2026-03-17 02:00:00,-11.036,-12.875304609212357,-5.057785538042467,4.476634946077571,-5.057785538042467,-1.0,-1.0
2026-03-17 02:15:00,-20.584,-9.878341580842557,-3.8478520885638026,4.933937126821112,-3.8478520885638026,-1.0,-1.0
2026-03-17 02:30:00,-15.044,-10.421704650917116,-2.8412402178367335,2.9183154429277267,-2.8412402178367335,-1.0,-1.0
2026-03-17 02:45:00,-8.207,-11.010559398792461,-2.355459906838789,5.9019680549096805,-2.355459906838789,-1.0,-1.0
2026-03-17 03:00:00,-7.785,-11.456838798200755,-3.5571947522899734,5.166755711564167,-3.5571947522899734,-1.0,-1.0
2026-03-17 03:15:00,-10.741,-9.309509111277624,-2.6879730915990954,4.471400523852988,-2.6879730915990954,-1.0,-1.0
2026-03-17 03:30:00,-9.056,-11.652402385230147,-4.850313163179878,3.0396294081435156,-4.850313163179878,-1.0,-1.0
2026-03-17 03:45:00,-9.737,-11.035522392334215,-4.764782535473432,3.8166029239243238,-4.764782535473432,-1.0,-1.0
2026-03-17 04:00:00,-1.951,-12.908478532374879,-4.003995893213124,1.8827068089345014,-4.003995893213124,-1.0,-1.0
2026-03-17 04:15:00,-4.856,-15.448295169731988,-6.09921957124749,0.9783527416827379,-6.09921957124749,-1.0,-1.0
2026-03-17 04:30:00,-7.243,-13.06682519737353,-5.858920860012745,2.0535873213285343,-5.858920860012745,-1.0,-1.0
2026-03-17 04:45:00,-6.41,-11.653538272920516,-5.62290766784503,2.3380723053158703,-5.62290766784503,-1.0,-1.0
2026-03-17 05:00:00,5.216,-11.254904165461497,-4.358078733334364,2.418649551364019,-4.358078733334364,-1.0,1.0
2026-03-17 05:15:00,6.8,-11.572396464871138,-3.8052791458614608,2.6334100181374707,-3.8052791458614608,-1.0,1.0
2026-03-17 05:30:00,9.913,-12.799466136370457,-4.688038439756636,2.7488887897144614,-4.688038439756636,-1.0,1.0
2026-03-17 05:45:00,16.154,-12.300707037658208,-3.669333741427829,4.600093358957874,-3.669333741427829,-1.0,1.0
2026-03-17 06:00:00,0.603,-10.927344187984293,-0.17646069833191425,6.671424782866473,-0.17646069833191425,-1.0,1.0
2026-03-17 06:15:00,1.153,-10.765309048859319,-3.67012932430355,5.287323950664189,-3.67012932430355,-1.0,1.0
2026-03-17 06:30:00,2.393,-12.946513765317082,-2.0626077188157823,6.922685036752773,-2.0626077188157823,-1.0,1.0
2026-03-17 06:45:00,2.747,-8.250948433994552,-1.5682375143805025,8.12863263148295,-1.5682375143805025,-1.0,1.0
2026-03-17 07:00:00,0.874,-9.719482662402761,-2.9848945945571734,8.564576252708932,-2.9848945945571734,-1.0,1.0
2026-03-17 07:15:00,0.271,-7.010181494269087,-0.28585483084083246,10.84945804974394,-0.28585483084083246,-1.0,1.0
2026-03-17 07:30:00,5.0,-6.845148591298371,1.7440304664668427,16.811230805173178,1.7440304664668427,1.0,1.0
2026-03-17 07:45:00,1.148,-7.792928765969486,1.1892628311856916,17.989152876842322,1.1892628311856916,1.0,1.0
2026-03-17 08:00:00,4.757,-9.819045813489225,0.09711738701246382,10.772833794632175,0.09711738701246382,1.0,1.0
2026-03-17 08:15:00,10.822,-6.597136023601029,1.9742638956017884,13.8240165720507,1.9742638956017884,1.0,1.0
2026-03-17 08:30:00,7.958,-6.4502111194793725,-1.191816243745114,12.330955424821639,-1.191816243745114,-1.0,1.0
2026-03-17 08:45:00,10.032,-5.020579580786485,1.4124261086162793,15.675944375480931,1.4124261086162793,1.0,1.0
2026-03-17 09:00:00,2.367,-13.563916712529718,-2.435021592255922,8.995144884184205,-2.435021592255922,-1.0,1.0
2026-03-17 09:15:00,7.64,-11.908857529152407,-0.059685435802183676,11.71553013746647,-0.059685435802183676,-1.0,1.0
2026-03-17 09:30:00,6.044,-11.917095784642454,-0.21514155336617044,12.551524301090334,-0.21514155336617044,-1.0,1.0
2026-03-17 09:45:00,17.653,-8.095839503053899,1.678443062315649,17.69516662454764,1.678443062315649,1.0,1.0
2026-03-17 10:00:00,15.09,-11.286602767080367,0.8255571336852794,14.560246742619087,0.8255571336852794,1.0,1.0
2026-03-17 10:15:00,4.834,-9.987924575893986,1.2340897047670363,16.77189388484368,1.2340897047670363,1.0,1.0
2026-03-17 10:30:00,1.752,-15.086533972150274,0.6727219031559641,14.86070970395,0.6727219031559641,1.0,1.0
2026-03-17 10:45:00,9.475,-11.923974051932776,0.27010574742309573,14.230563688714208,0.27010574742309573,1.0,1.0
2026-03-17 11:00:00,1.389,-13.376844424110217,1.2886624773172004,11.227623751937957,1.2886624773172004,1.0,1.0
2026-03-17 11:15:00,7.147,-11.684233553054849,0.24188846749436993,9.878993759343178,0.24188846749436993,1.0,1.0
2026-03-17 11:30:00,1.809,-5.692258704539603,2.5546397761869057,9.699420941248524,2.5546397761869057,1.0,1.0
2026-03-17 11:45:00,2.359,-2.358711181718219,3.870087923354173,14.62230685370912,3.870087923354173,1.0,1.0
2026-03-17 12:00:00,-3.721,-9.358042963392116,-0.051911449227760836,12.53440186080505,-0.051911449227760836,-1.0,-1.0
2026-03-17 12:15:00,-12.437,-17.15344762181637,-0.5768171057234701,9.912173144788921,-0.5768171057234701,-1.0,-1.0
2026-03-17 12:30:00,-4.966,-10.738242350127855,0.5751468501347742,11.184711668948463,0.5751468501347742,1.0,-1.0
2026-03-17 12:45:00,-4.482,-12.090026948568429,2.8103455003237023,14.086282676879263,2.8103455003237023,1.0,-1.0
2026-03-17 13:00:00,-2.125,-11.761944814158385,3.2546293930076553,9.499682744541767,3.2546293930076553,1.0,-1.0
2026-03-17 13:15:00,-0.14,-9.817938375826355,3.3424130713602,9.140140959767896,3.3424130713602,1.0,-1.0
2026-03-17 13:30:00,7.986,-10.50204012327695,3.0185891388597983,10.563077369527615,3.0185891388597983,1.0,1.0
2026-03-17 13:45:00,6.459,-12.684974457723426,3.4443382371318356,12.599522929792473,3.4443382371318356,1.0,1.0
2026-03-17 14:00:00,19.46,-11.723304163539874,2.269772440110024,8.953104011674812,2.269772440110024,1.0,1.0
2026-03-17 14:15:00,18.39,-12.640550157975387,0.7708321260098853,8.9210889106726,0.7708321260098853,1.0,1.0
2026-03-17 14:30:00,9.167,-11.231326170969023,-0.7813451995618024,9.287528502737143,-0.7813451995618024,-1.0,1.0
2026-03-17 14:45:00,13.901,-11.651880417953398,0.23653581917505156,9.551719085446962,0.23653581917505156,1.0,1.0
2026-03-17 15:00:00,16.321,-8.001873843084244,3.066965071147135,14.826066633895586,3.066965071147135,1.0,1.0
2026-03-17 15:15:00,6.762,-10.139178195998946,2.0863223053793973,12.39346357770738,2.0863223053793973,1.0,1.0
2026-03-17 15:30:00,3.299,-5.326564877180453,2.0238006054905835,12.624490148605819,2.0238006054905835,1.0,1.0
2026-03-17 15:45:00,4.506,-3.780119637894711,0.8018150500652426,12.956929450977,0.8018150500652426,1.0,1.0
2026-03-17 16:00:00,-2.728,-2.104505973825158,3.7679692079441653,16.388674815262696,3.7679692079441653,1.0,-1.0
2026-03-17 16:15:00,-9.056,-4.609121665280371,1.4840889894869422,11.310585365840339,1.4840889894869422,1.0,-1.0
2026-03-17 16:30:00,-9.669,-7.203827713983498,-1.784839866765921,12.234346811429356,-1.784839866765921,-1.0,-1.0
2026-03-17 16:45:00,-12.006,-5.90104654769857,-1.9584226242900777,12.241326823011203,-1.9584226242900777,-1.0,-1.0
2026-03-17 18:45:00,-4.388,-6.207316879021167,-1.5798979724656301,12.967792837598163,-1.5798979724656301,-1.0,-1.0
2026-03-17 19:00:00,-2.295,-6.299532867078238,-0.263302966100037,10.311629547206117,-0.263302966100037,-1.0,-1.0
2026-03-17 19:15:00,-0.849,-5.600837208486162,-0.8174085402777683,9.489941893801763,-0.8174085402777683,-1.0,-1.0
2026-03-17 19:30:00,-2.152,-3.2047512508119036,-0.9202698965974825,7.091744113745001,-0.9202698965974825,-1.0,-1.0
2026-03-17 19:45:00,3.794,-4.098326203177734,-0.704977837534506,6.056276277925434,-0.704977837534506,-1.0,1.0
2026-03-17 20:00:00,-0.739,-7.501660586751591,-3.5792950476861867,2.354323787251643,-3.5792950476861867,-1.0,-1.0
2026-03-17 20:15:00,2.018,-6.119023710972584,-1.66132002117225,2.993242515623823,-1.66132002117225,-1.0,1.0
2026-03-17 20:30:00,-0.481,-6.395838153729194,-1.294167607544595,2.5917213006276967,-1.294167607544595,-1.0,-1.0
2026-03-17 20:45:00,1.943,-5.955318265184441,-1.5474024323234365,6.3642485274253255,-1.5474024323234365,-1.0,1.0
2026-03-17 21:00:00,-1.827,-9.646601561480072,-0.3717558666846839,4.745636432426924,-0.3717558666846839,-1.0,-1.0
2026-03-17 21:15:00,1.997,-4.820409529772981,-1.5404182024353894,5.920191041084221,-1.5404182024353894,-1.0,1.0
2026-03-17 21:30:00,-0.184,-4.723075944633268,-1.4249840341915223,6.015125557113527,-1.4249840341915223,-1.0,-1.0
2026-03-17 21:45:00,6.939,-4.011061056041697,2.3309389520568713,7.317401685324928,2.3309389520568713,1.0,1.0
2026-03-17 22:00:00,6.808,-7.4319615602475295,-0.587506019486129,5.842027264733372,-0.587506019486129,-1.0,1.0
2026-03-17 22:15:00,9.648,-2.8724295583899297,0.2977759848603387,6.641507791226578,0.2977759848603387,1.0,1.0
2026-03-17 22:30:00,8.219,-6.455609177294505,-0.798097977129439,5.333545178201719,-0.798097977129439,-1.0,1.0
2026-03-17 22:45:00,8.763,-4.68678451470555,-0.5925252511366084,5.382089096964542,-0.5925252511366084,-1.0,1.0
2026-03-17 23:00:00,4.595,-8.546798650871338,-1.9682760041217016,3.7892321549672143,-1.9682760041217016,-1.0,1.0
2026-03-17 23:15:00,4.496,-7.766512397404691,-1.480471877237124,2.9828750202095167,-1.480471877237124,-1.0,1.0
2026-03-17 23:30:00,-0.563,-5.629775656340918,-1.0634656776592342,3.460034200112493,-1.0634656776592342,-1.0,-1.0
2026-03-17 23:45:00,3.697,-3.8070675077825245,0.5671247964841846,7.042217197743311,0.5671247964841846,1.0,1.0
2026-03-18 00:00:00,-4.357,-6.344921647812182,-1.188496530779117,6.501195121886827,-1.188496530779117,-1.0,-1.0
2026-03-18 00:15:00,-4.677,-3.1730381905662273,2.6766543021364497,8.389592250399511,2.6766543021364497,1.0,-1.0
2026-03-18 00:30:00,-2.69,-3.804423276050286,1.1668155945007543,8.779586115617628,1.1668155945007543,1.0,-1.0
2026-03-18 00:45:00,0.598,-3.5178191462575854,2.450192402797033,10.152034977819683,2.450192402797033,1.0,1.0
2026-03-18 01:00:00,-2.769,-6.6329743990231735,-0.17554711975596862,8.572276296948635,-0.17554711975596862,-1.0,-1.0
2026-03-18 01:15:00,0.468,-4.394580017887604,0.43429285028786613,6.467878113982191,0.43429285028786613,1.0,1.0
2026-03-18 01:30:00,-1.446,-3.948663371953236,0.6248052119392111,5.749985806347423,0.6248052119392111,1.0,-1.0
2026-03-18 01:45:00,-1.647,-4.237744890024337,-0.2599753835733739,7.8869899495494264,-0.2599753835733739,-1.0,-1.0
2026-03-18 02:00:00,-12.367,-6.879331613853922,-2.345619736789468,4.1046561493241756,-2.345619736789468,-1.0,-1.0
2026-03-18 02:15:00,-9.822,-6.473084142452713,-0.8462104411126509,4.20939684360668,-0.8462104411126509,-1.0,-1.0
2026-03-18 02:30:00,-11.897,-4.896471111625602,0.04771321107583997,4.690941881510179,0.04771321107583997,1.0,-1.0
2026-03-18 02:45:00,-10.715,-4.0820448020752815,-0.15792237676155163,4.876126700670923,-0.15792237676155163,-1.0,-1.0
2026-03-18 03:00:00,-1.161,-4.231289734834596,-0.37208468662542543,4.630204734524607,-0.37208468662542543,-1.0,-1.0
2026-03-18 03:15:00,-0.754,-4.232296033743506,-0.8327001364982738,5.008794514561381,-0.8327001364982738,-1.0,-1.0
2026-03-18 03:30:00,0.649,-5.433050544523019,-0.8776614402468861,5.1548845405536685,-0.8776614402468861,-1.0,1.0
2026-03-18 03:45:00,-2.925,-8.848731158710212,-2.416182211049676,5.31648962662101,-2.416182211049676,-1.0,-1.0
2026-03-18 04:00:00,-2.856,-15.172007184513713,-3.561768866857421,1.4301022500319474,-3.561768866857421,-1.0,-1.0
2026-03-18 04:15:00,-2.15,-13.127237486970627,-6.222804359177502,0.11458234968882679,-6.222804359177502,-1.0,-1.0
2026-03-18 04:30:00,-2.925,-11.082324506064026,-5.57509740080154,-0.05743160992670468,-5.57509740080154,-1.0,-1.0
2026-03-18 04:45:00,-4.361,-12.97522000337127,-2.4387202761599234,2.207680602391725,-2.4387202761599234,-1.0,-1.0
2026-03-18 05:00:00,-3.255,-7.364286736356639,-0.7702168855927769,3.7444749237364117,-0.7702168855927769,-1.0,-1.0
2026-03-18 05:15:00,-2.582,-6.2202999261078915,-1.248518863049192,3.520628839017088,-1.248518863049192,-1.0,-1.0
2026-03-18 05:30:00,-1.743,-6.627141722766211,-0.9257327510532389,3.0304636898262887,-0.9257327510532389,-1.0,-1.0
2026-03-18 05:45:00,-0.735,-5.881843318767053,-1.8472187891812228,2.0730077716159014,-1.8472187891812228,-1.0,-1.0
2026-03-18 06:00:00,-7.154,-7.745114574074358,0.9008966888868082,9.23453659496886,0.9008966888868082,1.0,-1.0
2026-03-18 06:15:00,-2.016,-7.050440538054352,0.14438524086439936,6.573214181599846,0.14438524086439936,1.0,-1.0
2026-03-18 06:30:00,-0.174,-7.905360036061955,-1.1319959124586898,5.669407646646563,-1.1319959124586898,-1.0,-1.0
2026-03-18 06:45:00,-4.431,-7.889860302142474,-1.0253755407678709,4.774300204339918,-1.0253755407678709,-1.0,-1.0
2026-03-18 07:00:00,0.769,-7.824130724065632,-1.904394063133203,7.888202322062634,-1.904394063133203,-1.0,1.0
2026-03-18 07:15:00,7.049,-6.301387832753529,-0.35033485562761685,8.476446306974147,-0.35033485562761685,-1.0,1.0
2026-03-18 07:30:00,2.496,-6.565831675711379,0.5199932621133558,9.29105585145355,0.5199932621133558,1.0,1.0
2026-03-18 07:45:00,-0.426,-6.00496518593777,0.756243783278723,8.08627494419157,0.756243783278723,1.0,-1.0
2026-03-18 08:00:00,5.751,-10.433435985201017,-1.9991472529124052,8.207424996062228,-1.9991472529124052,-1.0,1.0
2026-03-18 08:30:00,-4.397,-6.697319419654842,0.10926180242670656,10.132293948448606,0.10926180242670656,1.0,-1.0
2026-03-18 09:45:00,4.394,-9.840004341456712,-0.28387392936595973,12.809237053556716,-0.28387392936595973,-1.0,1.0
2026-03-18 10:00:00,18.203,-13.287548336365326,-1.8889707924797288,9.434077830825284,-1.8889707924797288,-1.0,1.0
2026-03-18 10:15:00,14.17,-8.006782504878446,1.2149571807416806,10.402535409848705,1.2149571807416806,1.0,1.0
2026-03-18 10:30:00,14.938,-5.965301209900813,2.719509214620203,13.21332085323136,2.719509214620203,1.0,1.0
2026-03-18 10:45:00,14.701,-6.06538309117775,3.9580209731414024,18.629141821572304,3.9580209731414024,1.0,1.0
2026-03-18 11:00:00,5.016,-5.733568489465066,5.2448436423704425,19.829633042064103,5.2448436423704425,1.0,1.0
2026-03-18 11:15:00,1.889,-3.660400939784239,2.011826517816466,13.291823837413979,2.011826517816466,1.0,1.0
2026-03-18 11:30:00,7.0,-5.24347218578808,1.9839271559865588,13.54656695503396,1.9839271559865588,1.0,1.0
2026-03-18 11:45:00,12.168,-3.184114520508101,6.311780753579448,22.310887601549865,6.311780753579448,1.0,1.0
2026-03-18 12:00:00,5.916,-4.091760082255519,3.2327283551935304,21.973169982201203,3.2327283551935304,1.0,1.0
2026-03-18 12:15:00,10.523,0.46271262055450463,7.232983282761489,22.97981731914236,7.232983282761489,1.0,1.0
2026-03-18 12:30:00,-2.548,-2.3383899057414474,8.165935295187886,18.471106910850736,8.165935295187886,1.0,-1.0
2026-03-18 12:45:00,1.981,-2.142887426953765,7.375494970226669,21.651070021079345,7.375494970226669,1.0,1.0
2026-03-18 13:00:00,3.534,-0.01754307814149032,8.48898014887761,21.897638428390202,8.48898014887761,1.0,1.0
2026-03-18 13:15:00,5.616,-2.5624684442090655,6.190704167512437,19.812066836198547,6.190704167512437,1.0,1.0
2026-03-18 13:30:00,7.103,-3.4394773854043557,6.348317200148776,19.708857438395945,6.348317200148776,1.0,1.0
2026-03-18 13:45:00,5.062,-5.053024574102272,5.0807285363786665,24.470441719903626,5.0807285363786665,1.0,1.0
2026-03-18 14:00:00,0.317,-2.998649847393782,6.496736768104404,18.996872284416558,6.496736768104404,1.0,1.0
2026-03-18 14:15:00,-3.676,-5.314911513956385,5.123739641892618,15.820516937796855,5.123739641892618,1.0,-1.0
2026-03-18 14:30:00,-3.921,-7.083720508319948,1.409350341372382,11.908536391575973,1.409350341372382,1.0,-1.0
2026-03-18 14:45:00,-12.03,-8.931040388297662,1.4128315764442423,12.535583788015538,1.4128315764442423,1.0,-1.0
2026-03-18 15:00:00,-0.417,-7.256478270064843,5.446785078998856,14.746335305311662,5.446785078998856,1.0,-1.0
2026-03-18 15:15:00,-12.932,-9.149851302454081,1.5765997440372057,11.499401301180587,1.5765997440372057,1.0,-1.0
2026-03-18 15:30:00,-15.019,-12.077443120230143,-1.3899498639051588,8.322344770038931,-1.3899498639051588,-1.0,-1.0
2026-03-18 15:45:00,-18.794,-12.854805090482703,-4.182681560239813,6.842842834768852,-4.182681560239813,-1.0,-1.0
2026-03-18 16:00:00,-4.297,-3.861573838193475,1.279380846060507,14.977372817991656,1.279380846060507,1.0,-1.0
2026-03-18 16:15:00,-9.714,-5.801109762121905,0.07895904435651424,8.435987564346364,0.07895904435651424,1.0,-1.0
2026-03-18 16:30:00,-4.316,-8.739655744452493,-1.6287006898491492,7.3706646998457686,-1.6287006898491492,-1.0,-1.0
2026-03-18 16:45:00,-15.119,-8.127461784161971,-3.5117427279643687,4.953017095625672,-3.5117427279643687,-1.0,-1.0
2026-03-18 17:00:00,-3.162,-3.232010582206328,4.7694761383576,13.070277910002439,4.7694761383576,1.0,-1.0
2026-03-18 17:15:00,-4.68,-3.81449030421942,2.807964082762002,11.088387937313932,2.807964082762002,1.0,-1.0
2026-03-18 17:30:00,-0.431,-6.3956755922633715,0.04520659434069383,6.934651611453466,0.04520659434069383,1.0,-1.0
2026-03-18 17:45:00,2.605,-6.33188419215109,-1.0516226451543504,5.718618658246246,-1.0516226451543504,-1.0,1.0
2026-03-18 18:00:00,2.617,-2.9513716227206057,-0.1682445505102375,7.442809861834717,-0.1682445505102375,-1.0,1.0
2026-03-18 18:15:00,3.06,-2.8820348233396316,-2.0693401614312683,4.517454926772826,-2.0693401614312683,-1.0,1.0
2026-03-18 18:30:00,-4.648,-4.958884978188046,-3.2445540811295683,3.2326730894732574,-3.2445540811295683,-1.0,-1.0
2026-03-18 18:45:00,-3.462,-4.863990371000823,-4.492545481639116,4.746613536321894,-4.492545481639116,-1.0,-1.0
2026-03-18 19:00:00,-9.71,-5.228534394685135,-3.222365108603656,3.958712568296239,-3.222365108603656,-1.0,-1.0
2026-03-18 19:15:00,-6.827,-7.3812494710574095,-4.269534733058575,2.743534645849767,-4.269534733058575,-1.0,-1.0
2026-03-18 19:30:00,-3.287,-4.892341713869753,-4.031862505774234,4.8976856049976725,-4.031862505774234,-1.0,-1.0
2026-03-18 19:45:00,-2.429,-2.7177565957540173,-3.0759725567357883,5.917653693610822,-3.0759725567357883,-1.0,-1.0
2026-03-18 20:00:00,2.426,-7.797670248846216,-3.489173338108447,3.6549038689880406,-3.489173338108447,-1.0,1.0
2026-03-18 20:15:00,-3.078,-4.329871173834119,-1.5097631568166308,3.393083030366118,-1.5097631568166308,-1.0,-1.0
2026-03-18 20:30:00,0.852,-4.115026053024305,-1.8773526989137599,5.093831553466822,-1.8773526989137599,-1.0,1.0
2026-03-18 20:45:00,7.493,-6.247879084293171,-2.1398827696445877,4.158369183898394,-2.1398827696445877,-1.0,1.0
2026-03-18 21:00:00,2.684,-8.527529827167056,-3.8867880768914302,5.650983254011021,-3.8867880768914302,-1.0,1.0
2026-03-18 21:15:00,-0.27,-6.448560941438372,-2.885704316261126,4.818305748808631,-2.885704316261126,-1.0,-1.0
2026-03-18 21:30:00,-2.94,-7.7172005163789725,-2.278275953733482,3.2549235999025883,-2.278275953733482,-1.0,-1.0
2026-03-18 21:45:00,-2.813,-4.282689046728738,1.3139976768407606,7.18289128618695,1.3139976768407606,1.0,-1.0
2026-03-18 22:00:00,-7.755,-8.249887229957858,-3.3764641974376572,4.806391886022197,-3.3764641974376572,-1.0,-1.0
2026-03-18 22:15:00,-2.3,-6.419088816897887,-3.137144900242363,3.638162073343073,-3.137144900242363,-1.0,-1.0
2026-03-18 22:30:00,-5.053,-6.690929034789901,-2.9394703413306607,3.22941846085015,-2.9394703413306607,-1.0,-1.0
2026-03-18 22:45:00,-2.853,-7.218405109888113,1.5229817445776077,7.398694197115339,1.5229817445776077,1.0,-1.0
2026-03-18 23:00:00,-0.795,-9.221377019744267,-2.5433606077447113,1.8280753146363151,-2.5433606077447113,-1.0,-1.0
2026-03-18 23:15:00,2.945,-8.692614879689577,-0.6586726877554862,2.6351535429526862,-0.6586726877554862,-1.0,1.0
2026-03-18 23:30:00,1.724,-10.259912197660071,-2.2571199304433356,2.82898981132125,-2.2571199304433356,-1.0,1.0
2026-03-18 23:45:00,-3.445,-8.346099685462637,-1.9809072194593602,4.22946765882894,-1.9809072194593602,-1.0,-1.0
2026-03-19 00:00:00,9.453,-9.838086102656863,-2.9793671662719383,2.463932695567458,-2.9793671662719383,-1.0,1.0
2026-03-19 00:15:00,7.441,-6.928660980660664,-2.0396974470043454,2.294671609593257,-2.0396974470043454,-1.0,1.0
2026-03-19 00:30:00,1.898,-6.0738542056199805,-2.238368947444017,3.064077660806882,-2.238368947444017,-1.0,1.0
2026-03-19 00:45:00,2.853,-6.13229618550296,-0.8987637127841268,5.18750580295835,-0.8987637127841268,-1.0,1.0
2026-03-19 01:00:00,4.654,-9.731818054793642,-0.9920096807677812,4.001716400346669,-0.9920096807677812,-1.0,1.0
2026-03-19 01:15:00,-1.049,-5.990962052293297,0.5614332119414778,4.497459034717728,0.5614332119414778,1.0,-1.0
2026-03-19 01:30:00,3.983,-6.201586324707362,0.5222209757018881,4.200370641324436,0.5222209757018881,1.0,1.0
2026-03-19 01:45:00,3.735,-4.48065201089926,1.410665522510954,6.918515267847967,1.410665522510954,1.0,1.0
2026-03-19 02:00:00,0.667,-5.0440839016300725,2.0717693827848125,10.28382201705109,2.0717693827848125,1.0,1.0
2026-03-19 02:15:00,3.319,-3.2504370927488218,0.9276567496007224,8.137237001524166,0.9276567496007224,1.0,1.0
2026-03-19 02:30:00,1.701,-5.1013507430903715,-0.6409572249145481,6.3821483433123305,-0.6409572249145481,-1.0,1.0
2026-03-19 02:45:00,4.212,-4.9806457924585645,0.5321615288346684,7.742251582375666,0.5321615288346684,1.0,1.0
2026-03-19 03:00:00,4.924,-4.694372658538794,-1.0569621780074416,4.206305050942149,-1.0569621780074416,-1.0,1.0
2026-03-19 03:15:00,6.861,-3.303661324395468,0.6029845486865986,4.427864403598439,0.6029845486865986,1.0,1.0
2026-03-19 03:30:00,7.428,-2.8865385509586807,0.09695345905398728,4.746353092002098,0.09695345905398728,1.0,1.0
2026-03-19 03:45:00,3.065,-4.116634349208285,-0.054001240709797844,4.883968066689397,-0.054001240709797844,-1.0,1.0
2026-03-19 04:00:00,0.701,-3.8927471673736718,0.3569348082626875,5.006267022993585,0.3569348082626875,1.0,1.0
2026-03-19 04:15:00,1.121,-3.1873872344224496,-0.09292249792982936,5.84581336888976,-0.09292249792982936,-1.0,1.0
2026-03-19 04:30:00,-1.445,-6.993040283788987,-0.06463197783748292,5.5292206614986315,-0.06463197783748292,-1.0,-1.0
2026-03-19 04:45:00,-0.457,-2.704168644650887,1.0340991033048754,7.048014100717206,1.0340991033048754,1.0,-1.0
2026-03-19 05:00:00,-3.478,-3.219466036751682,2.7963407463059524,7.862270365391684,2.7963407463059524,1.0,-1.0
2026-03-19 05:15:00,-2.376,-2.5869472286575195,2.779494938997482,7.842512732613111,2.779494938997482,1.0,-1.0
2026-03-19 05:30:00,-0.978,-2.9889740340609183,1.4359583684634694,7.509053746189061,1.4359583684634694,1.0,-1.0
2026-03-19 05:45:00,-3.966,-5.498336853044694,0.17337955417710807,7.450086963725355,0.17337955417710807,1.0,-1.0
2026-03-19 06:00:00,0.653,-10.040794524702331,1.7449834068119499,13.025976414788808,1.7449834068119499,1.0,1.0
2026-03-19 06:15:00,-3.279,-10.370194872505701,-0.12405922396180974,9.706974602831497,-0.12405922396180974,-1.0,-1.0
2026-03-19 06:30:00,-8.62,-8.992383857603343,0.0744779071551102,9.968087880682507,0.0744779071551102,1.0,-1.0
2026-03-19 06:45:00,-7.068,-10.640831786344204,1.1704119705770903,8.6585339297635,1.1704119705770903,1.0,-1.0
2026-03-19 07:00:00,-0.441,-14.54942001082064,-2.844017955862793,7.685368614120801,-2.844017955862793,-1.0,-1.0
2026-03-19 07:15:00,-4.431,-10.65166184838054,-2.182846560904762,6.716321532587431,-2.182846560904762,-1.0,-1.0
2026-03-19 07:30:00,-4.597,-11.66476463586589,-2.7894404558001504,7.077501133933114,-2.7894404558001504,-1.0,-1.0
2026-03-19 07:45:00,2.709,-11.18280439576222,0.49011858717242246,8.719068109514431,0.49011858717242246,1.0,1.0
2026-03-19 08:00:00,0.241,-15.19523167316731,-2.5846855682172243,6.509625843053786,-2.5846855682172243,-1.0,1.0
2026-03-19 08:15:00,3.006,-11.733940068579008,-2.5003560104751346,6.691018384405404,-2.5003560104751346,-1.0,1.0
2026-03-19 08:30:00,-0.826,-10.264603934723898,-3.988577341980304,9.462349994634057,-3.988577341980304,-1.0,-1.0
2026-03-19 08:45:00,3.649,-8.82810406533297,-0.19791201343902598,13.947579592608164,-0.19791201343902598,-1.0,1.0
2026-03-19 09:00:00,3.485,-22.998023210042312,-4.680276952192087,6.498247617261267,-4.680276952192087,-1.0,1.0
2026-03-19 09:15:00,2.199,-18.362662383799183,-2.0184841850452537,9.836007409604216,-2.0184841850452537,-1.0,1.0
2026-03-19 09:30:00,6.591,-17.44379272616526,-1.562305359506676,9.78245305181689,-1.562305359506676,-1.0,1.0
2026-03-19 09:45:00,11.925,-18.84478312560375,0.6110041549174352,15.419784259891049,0.6110041549174352,1.0,1.0
2026-03-19 10:00:00,-4.436,-17.511067166381423,0.307836972697566,11.633016588851588,0.307836972697566,1.0,-1.0
2026-03-19 10:15:00,-15.445,-13.255045308114216,0.3334414254106432,10.660877651349494,0.3334414254106432,1.0,-1.0
2026-03-19 10:30:00,-19.246,-12.184139344853865,-0.0909019735873844,9.947344817494056,-0.0909019735873844,-1.0,-1.0
2026-03-19 10:45:00,-7.246,-9.604795544967038,2.9337605501585347,14.371936210318824,2.9337605501585347,1.0,-1.0
2026-03-19 11:00:00,-0.588,-12.681940323491432,2.5890341517518336,14.570652954621913,2.5890341517518336,1.0,-1.0
2026-03-19 11:15:00,-6.521,-9.98192439428786,4.603733882605373,15.7925547131707,4.603733882605373,1.0,-1.0
2026-03-19 11:30:00,-10.169,-10.183286738929196,4.4762913815637955,21.53128677523682,4.4762913815637955,1.0,-1.0
2026-03-19 11:45:00,-0.783,-8.483729189522668,5.880616806039781,20.289132399365837,5.880616806039781,1.0,-1.0
2026-03-19 12:00:00,12.664,-11.716531891517867,1.1333289890110416,14.490091084640035,1.1333289890110416,1.0,1.0
2026-03-19 12:15:00,5.534,-13.748894614592174,-0.0933554604210803,14.032730077267635,-0.0933554604210803,-1.0,1.0
2026-03-19 12:30:00,7.726,-14.245203464293716,-1.4065057906619463,10.871158437325406,-1.4065057906619463,-1.0,1.0
2026-03-19 12:45:00,2.93,-13.016685015676575,-0.05543303595522689,13.484556961185895,-0.05543303595522689,-1.0,1.0
2026-03-19 13:00:00,7.709,-18.839507559182636,-2.7037852270917364,13.764339141073703,-2.7037852270917364,-1.0,1.0
2026-03-19 13:15:00,14.347,-17.319421215254824,-4.550376479144254,13.088477639026046,-4.550376479144254,-1.0,1.0
2026-03-19 13:30:00,2.264,-12.68025721689617,-1.1633482193122382,17.43714084810539,-1.1633482193122382,-1.0,1.0
2026-03-19 13:45:00,-2.217,-9.983330240391995,1.4033224471663712,19.776517192630113,1.4033224471663712,1.0,-1.0
2026-03-19 14:00:00,-3.718,-7.581095987645696,1.8454215190725543,13.825257474732709,1.8454215190725543,1.0,-1.0
2026-03-19 14:15:00,-2.152,-7.742589067461751,-0.005811193555433777,13.776419634014786,-0.005811193555433777,-1.0,-1.0
2026-03-19 14:30:00,-3.327,-14.48824092059196,-2.1002527123427503,8.881542395104882,-2.1002527123427503,-1.0,-1.0
2026-03-19 14:45:00,-22.222,-11.274293041532944,-4.437462563412459,7.023679751361812,-4.437462563412459,-1.0,-1.0
2026-03-19 15:00:00,-10.531,-8.255098983436417,2.486419938020854,14.290254511040272,2.486419938020854,1.0,-1.0
2026-03-19 15:15:00,-11.822,-11.437716296994422,-2.2065087584350915,8.78969022539706,-2.2065087584350915,-1.0,-1.0
2026-03-19 15:30:00,-8.106,-12.577797354317388,-3.5161924062041163,4.6640397965476845,-3.5161924062041163,-1.0,-1.0
2026-03-19 15:45:00,4.127,-13.957998222823985,-7.222509762420235,0.8473105514660381,-7.222509762420235,-1.0,1.0
2026-03-19 16:00:00,12.124,-11.201745579486929,0.1700047474330303,9.527551180302481,0.1700047474330303,1.0,1.0
2026-03-19 16:15:00,-2.011,-9.611507738783033,-0.29890037895416094,8.739041666330609,-0.29890037895416094,-1.0,-1.0
2026-03-19 16:30:00,1.349,-17.70253954506105,-5.809530501861091,4.0345930908235665,-5.809530501861091,-1.0,1.0
2026-03-19 16:45:00,-7.344,-19.291542691735753,-8.982639398495165,0.9871405192290427,-8.982639398495165,-1.0,-1.0
2026-03-19 17:00:00,-5.666,-7.646006702094532,-2.2250879010552937,5.328481835314645,-2.2250879010552937,-1.0,-1.0
2026-03-19 17:15:00,1.533,-9.298811775243703,0.26396468953283936,5.111094791065028,0.26396468953283936,1.0,1.0
2026-03-19 17:30:00,12.02,-5.419523252380698,-1.2831684381450772,5.620267015993432,-1.2831684381450772,-1.0,1.0
2026-03-19 17:45:00,14.954,-3.7141051644550385,-0.8051902155344408,10.234311644022759,-0.8051902155344408,-1.0,1.0
2026-03-19 18:00:00,13.879,-8.374737664564883,-0.7091274799038287,10.561311955566785,-0.7091274799038287,-1.0,1.0
2026-03-19 18:15:00,12.508,-6.721896688521023,-1.827260278941923,5.182987553482273,-1.827260278941923,-1.0,1.0
2026-03-19 18:30:00,9.801,-6.051570813077809,-2.4720024440854256,3.4926595269169813,-2.4720024440854256,-1.0,1.0
2026-03-19 18:45:00,11.359,-6.593058273525283,-1.8787446307560596,2.9241666938040782,-1.8787446307560596,-1.0,1.0
2026-03-19 19:00:00,-0.817,-11.464073767089127,-3.813429058123163,1.115886006372032,-3.813429058123163,-1.0,-1.0
2026-03-19 19:15:00,2.528,-8.181502185091501,-2.092196753655509,1.99991243087181,-2.092196753655509,-1.0,1.0
2026-03-19 19:30:00,-3.404,-6.528338480454353,-2.1287909140573693,7.368365752030284,-2.1287909140573693,-1.0,-1.0
2026-03-19 19:45:00,-3.663,-6.976016359593909,-1.3578212892803248,8.708568947310132,-1.3578212892803248,-1.0,-1.0
2026-03-19 20:00:00,0.489,-7.7095664144838745,-0.997282830198065,9.727262408725448,-0.997282830198065,-1.0,1.0
2026-03-19 20:15:00,-9.551,-5.0720200255318275,-2.420325444120377,9.36576091659089,-2.420325444120377,-1.0,-1.0
2026-03-19 20:30:00,-12.192,-4.204460557427536,-2.4420436856497996,11.238836846404556,-2.4420436856497996,-1.0,-1.0
2026-03-19 20:45:00,-4.048,-4.468577824133058,1.7452524099971076,10.632047310087357,1.7452524099971076,1.0,-1.0
2026-03-19 21:00:00,-6.065,-9.323240959171528,-0.19612705501357253,9.508418881439946,-0.19612705501357253,-1.0,-1.0
2026-03-19 21:15:00,-5.47,-5.120151560353254,0.20320103665246403,5.17033934329212,0.20320103665246403,1.0,-1.0
2026-03-19 21:30:00,-4.925,-8.884394763315479,-0.41425305189903805,3.7729702172454265,-0.41425305189903805,-1.0,-1.0
2026-03-19 21:45:00,-4.813,-8.870769193377699,1.3204820728371014,5.644645651629453,1.3204820728371014,1.0,-1.0
2026-03-19 22:00:00,2.999,-9.884017326984086,-0.9513767967168396,3.2300879517005576,-0.9513767967168396,-1.0,1.0
2026-03-19 22:15:00,5.043,-9.716630342966793,-2.62385507098294,2.3538443253797285,-2.62385507098294,-1.0,1.0
2026-03-19 22:30:00,1.817,-10.763176514667348,-0.9171776156455331,2.170858989270501,-0.9171776156455331,-1.0,1.0
2026-03-19 22:45:00,0.365,-10.270208957040321,-1.306486698965069,3.7696535508657396,-1.306486698965069,-1.0,1.0
2026-03-19 23:00:00,0.322,-12.247626093546836,-1.202188181939563,3.9279929065070656,-1.202188181939563,-1.0,1.0
2026-03-19 23:15:00,0.277,-8.613090342070002,-0.3030128991159901,5.502151891570595,-0.3030128991159901,-1.0,1.0
2026-03-19 23:30:00,1.409,-10.213312147407915,-1.173013191550514,0.9961988082991803,-1.173013191550514,-1.0,1.0
2026-03-19 23:45:00,1.096,-7.695276090801442,-1.9770084811985302,5.44215201420907,-1.9770084811985302,-1.0,1.0
2026-03-20 00:00:00,-4.237,-11.232586960138567,-2.144306622769514,5.554858235496935,-2.144306622769514,-1.0,-1.0
2026-03-20 00:15:00,0.308,-7.289732607764773,-0.09295349437440145,7.740713815835612,-0.09295349437440145,-1.0,1.0
2026-03-20 00:30:00,-4.666,-6.673439109066269,-0.20819913080506122,4.924729447773202,-0.20819913080506122,-1.0,-1.0
2026-03-20 00:45:00,-3.354,-6.137603870177462,-0.43458798147949135,7.3595477416699655,-0.43458798147949135,-1.0,-1.0
2026-03-20 01:00:00,-3.631,-7.8408168979402335,-2.367463866627937,4.405139327467686,-2.367463866627937,-1.0,-1.0
2026-03-20 01:15:00,-1.524,-12.971743440837985,-1.4557257147915532,4.3096808330328376,-1.4557257147915532,-1.0,-1.0
2026-03-20 01:30:00,0.529,-6.569711897602215,-0.9654273625248204,5.213996867559648,-0.9654273625248204,-1.0,1.0
2026-03-20 01:45:00,2.288,-7.796057956295114,1.3305885631886905,7.406816085129952,1.3305885631886905,1.0,1.0
2026-03-20 02:00:00,0.183,-11.743784606190145,-2.555802369854649,2.9679111745974036,-2.555802369854649,-1.0,1.0
2026-03-20 02:15:00,1.934,-8.150576385498228,-1.3927798291783313,3.3666598200791364,-1.3927798291783313,-1.0,1.0
2026-03-20 02:30:00,6.332,-7.416219981540362,-1.7726978532050746,1.9284468585338066,-1.7726978532050746,-1.0,1.0
2026-03-20 02:45:00,3.997,-7.41604204498221,-0.16883422302243234,5.101734374410246,-0.16883422302243234,-1.0,1.0
2026-03-20 03:00:00,5.372,-8.969226873366475,-0.974589914001428,1.5052813150035669,-0.974589914001428,-1.0,1.0
2026-03-20 03:15:00,10.093,-9.72266853294638,-0.47517234781744905,2.953331925966844,-0.47517234781744905,-1.0,1.0
2026-03-20 03:30:00,11.51,-7.837121458817698,-0.5054939011167507,5.194030882345967,-0.5054939011167507,-1.0,1.0
2026-03-20 03:45:00,5.186,-8.793704209140662,0.9769514976637577,7.877340777051085,0.9769514976637577,1.0,1.0
2026-03-20 04:00:00,0.987,-7.431667145853915,-0.040928604993151034,4.437129020337305,-0.040928604993151034,-1.0,1.0
2026-03-20 04:15:00,5.324,-5.463874132495885,-0.08226777042494177,6.322124069486232,-0.08226777042494177,-1.0,1.0
2026-03-20 04:30:00,9.54,-7.051513313935501,-0.0841220505795413,4.9703269632176985,-0.0841220505795413,-1.0,1.0
2026-03-20 04:45:00,1.694,-3.9470144006609016,0.24321105476127625,6.435871652095207,0.24321105476127625,1.0,1.0
2026-03-20 05:00:00,2.967,-4.222639128199244,1.8537557903611868,9.411655880487226,1.8537557903611868,1.0,1.0
2026-03-20 05:15:00,-0.3,-3.5995959080603668,2.8879828149951288,9.140520317995989,2.8879828149951288,1.0,-1.0
2026-03-20 05:30:00,0.45,-3.8569621039680957,2.6549429069764705,9.319638243092152,2.6549429069764705,1.0,1.0
2026-03-20 05:45:00,9.744,-4.707728775126407,1.1355604718431058,8.22504395271667,1.1355604718431058,1.0,1.0
2026-03-20 06:00:00,-4.874,-5.504158980554664,3.949372261158377,13.161056497292149,3.949372261158377,1.0,-1.0
2026-03-20 06:15:00,-10.477,-4.951161845486256,1.2796011017782623,9.557899362402281,1.2796011017782623,1.0,-1.0
2026-03-20 06:30:00,-1.892,-4.775887790907883,1.081568367764524,8.31640601649191,1.081568367764524,1.0,-1.0
2026-03-20 06:45:00,-10.586,-6.539003920265082,-0.7226263249620959,7.166355007616736,-0.7226263249620959,-1.0,-1.0
2026-03-20 07:00:00,-14.259,-9.468854747787706,-0.6655704891933883,8.850342633143702,-0.6655704891933883,-1.0,-1.0
2026-03-20 07:15:00,-17.389,-4.841611141891314,-1.5305377106130131,9.616769709683222,-1.5305377106130131,-1.0,-1.0
2026-03-20 07:30:00,-10.108,-7.13950215031992,-0.44239223595273164,9.738617692964187,-0.44239223595273164,-1.0,-1.0
2026-03-20 07:45:00,-8.146,-7.995145407246154,1.3644816461289313,12.016111135807542,1.3644816461289313,1.0,-1.0
2026-03-20 08:00:00,-4.478,-17.394581249050123,-2.479820328585671,8.340169477555529,-2.479820328585671,-1.0,-1.0
2026-03-20 08:15:00,-11.195,-13.11853929666539,-3.483965972365422,7.907766065491914,-3.483965972365422,-1.0,-1.0
2026-03-20 08:30:00,-9.139,-12.371156101331396,-5.29183677049007,7.615825703280075,-5.29183677049007,-1.0,-1.0
2026-03-20 08:45:00,-28.637,-12.526847437212037,-1.9855173602262326,10.008039956893812,-1.9855173602262326,-1.0,-1.0
2026-03-20 09:00:00,-34.324,-22.78697643531226,-7.569889119907724,5.6752609960506,-7.569889119907724,-1.0,-1.0
2026-03-20 09:15:00,-7.193,-20.56578315708518,-6.355572569871616,7.751904588701109,-6.355572569871616,-1.0,-1.0
2026-03-20 09:30:00,-2.731,-18.054343423929616,-6.468971685956185,10.920924581499335,-6.468971685956185,-1.0,-1.0
2026-03-20 09:45:00,2.167,-14.278148530437603,-2.159179361068116,13.739244581698474,-2.159179361068116,-1.0,1.0
2026-03-20 10:00:00,0.645,-18.29105026054082,-0.9609763256596537,10.896798602237176,-0.9609763256596537,-1.0,1.0
2026-03-20 10:15:00,-7.209,-17.252655109599008,-2.333758132610118,12.342840193089431,-2.333758132610118,-1.0,-1.0
2026-03-20 10:30:00,-12.997,-24.32382577580577,-4.9079036272764505,7.628284294379759,-4.9079036272764505,-1.0,-1.0
2026-03-20 10:45:00,-12.748,-29.03826836160652,-7.505486445128982,8.47508787036093,-7.505486445128982,-1.0,-1.0
2026-03-20 11:00:00,-2.998,-28.784298396809174,-7.280711376410622,7.174289261435717,-7.280711376410622,-1.0,-1.0
2026-03-20 11:15:00,-17.319,-27.124056213228748,-6.935512963018486,7.183360382718624,-6.935512963018486,-1.0,-1.0
2026-03-20 11:30:00,-11.42,-16.83158344232236,-4.839252305305275,6.060507904936374,-4.839252305305275,-1.0,-1.0
2026-03-20 11:45:00,-9.352,-11.336005491533635,-0.49749502032998477,12.219521900657844,-0.49749502032998477,-1.0,-1.0
2026-03-20 12:00:00,-14.184,-19.270992573127536,-7.6979910142517305,4.729628241994756,-7.6979910142517305,-1.0,-1.0
2026-03-20 12:15:00,-13.681,-19.364609215271532,-10.783854744787142,4.088628254897466,-10.783854744787142,-1.0,-1.0
2026-03-20 12:30:00,-11.18,-18.522722344226636,-10.104516817084734,5.277321480398714,-10.104516817084734,-1.0,-1.0
2026-03-20 12:45:00,-10.378,-19.5418670598458,-4.998574861420892,5.00563489537003,-4.998574861420892,-1.0,-1.0
2026-03-20 13:00:00,-13.823,-20.567955967683467,-3.703316107888833,6.291169175271984,-3.703316107888833,-1.0,-1.0
2026-03-20 13:15:00,-17.832,-14.990513927843848,-4.255320802313813,6.466891564715408,-4.255320802313813,-1.0,-1.0
2026-03-20 13:30:00,-4.102,-14.16485302363677,-3.514494482321405,7.414149221413731,-3.514494482321405,-1.0,-1.0
2026-03-20 13:45:00,-4.777,-17.99531977884188,-4.071431066500089,3.356909545651007,-4.071431066500089,-1.0,-1.0
2026-03-20 14:00:00,-2.024,-11.733406834977417,0.22215325192842642,6.136946329084895,0.22215325192842642,1.0,-1.0
2026-03-20 14:15:00,-0.957,-15.252266858941017,-2.5689106632291003,5.606653387317506,-2.5689106632291003,-1.0,-1.0
2026-03-20 14:30:00,-6.065,-13.253055377383753,-2.628667057817787,4.43450560553825,-2.628667057817787,-1.0,-1.0
2026-03-20 14:45:00,-2.723,-13.422523020647187,-2.919944887478641,4.245738191339367,-2.919944887478641,-1.0,-1.0
2026-03-20 15:00:00,5.648,-21.019941370559938,-2.692870123920935,5.2657701939029185,-2.692870123920935,-1.0,1.0
2026-03-20 15:15:00,-2.142,-15.961512129753205,-0.30462801647026183,4.595148207094097,-0.30462801647026183,-1.0,-1.0
2026-03-20 15:30:00,14.311,-16.53956723619014,-0.9589737411369268,6.180928126658946,-0.9589737411369268,-1.0,1.0
2026-03-20 15:45:00,5.634,-15.464225081865688,-0.812992937695777,3.4999718720899695,-0.812992937695777,-1.0,1.0
2026-03-20 16:00:00,1.388,-9.47326411174113,3.4203271013954413,12.421746835022908,3.4203271013954413,1.0,1.0
2026-03-20 16:15:00,8.087,-11.867823040270071,-0.4343734029983454,6.710993756522674,-0.4343734029983454,-1.0,1.0
2026-03-20 16:30:00,6.313,-11.130188128894282,-2.385619964113622,7.277485901667926,-2.385619964113622,-1.0,1.0
2026-03-20 16:45:00,3.919,-12.988890231585824,-2.8578879492661753,6.228061793578901,-2.8578879492661753,-1.0,1.0
2026-03-20 17:00:00,-4.923,-10.535877312406216,-1.0606818130612226,9.180477635506744,-1.0606818130612226,-1.0,-1.0
2026-03-20 17:15:00,-1.323,-5.966259388497291,-0.3972481773091537,8.913929372526221,-0.3972481773091537,-1.0,-1.0
2026-03-20 17:30:00,-1.056,-5.18220139848067,1.855437265031756,10.78245183487611,1.855437265031756,1.0,-1.0
2026-03-20 17:45:00,-5.465,-4.735407264286271,-1.393149095561089,8.200913788019372,-1.393149095561089,-1.0,-1.0
2026-03-20 18:00:00,0.89,-3.4475495438509576,1.3040150584604961,11.397904121053784,1.3040150584604961,1.0,1.0
2026-03-20 18:15:00,-2.362,-3.130777632316917,0.41143473576989664,11.14439675430524,0.41143473576989664,1.0,-1.0
2026-03-20 18:30:00,-6.376,-2.8719694177404316,0.8230853580361308,8.759652332236447,0.8230853580361308,1.0,-1.0
2026-03-20 18:45:00,-5.228,-2.7664681061984475,-1.719208858280238,5.438537487087953,-1.719208858280238,-1.0,-1.0
2026-03-20 19:00:00,2.759,-4.067735772439275,-2.039676785314794,1.9606764063326074,-2.039676785314794,-1.0,1.0
2026-03-20 19:15:00,1.513,-3.689775260509016,-1.7229678532855028,1.3713865222116082,-1.7229678532855028,-1.0,1.0
2026-03-20 19:30:00,6.175,-4.077871934327315,-3.2187664748556766,1.048104981640191,-3.2187664748556766,-1.0,1.0
2026-03-20 19:45:00,2.848,-4.816420983886966,-0.8782817647296619,3.0947280346288175,-0.8782817647296619,-1.0,1.0
2026-03-20 20:00:00,0.832,-6.171258855500407,-2.1828830951405322,4.445484055335792,-2.1828830951405322,-1.0,1.0
2026-03-20 20:15:00,-1.277,-6.5714691333315445,-3.3207554383960285,2.9468761922973497,-3.3207554383960285,-1.0,-1.0
2026-03-20 20:30:00,-0.517,-6.836422436785213,-3.552078697456409,2.775725948567557,-3.552078697456409,-1.0,-1.0
2026-03-20 20:45:00,-0.938,-7.737026491019292,-0.7198713467480877,5.149342524574561,-0.7198713467480877,-1.0,-1.0
2026-03-20 21:00:00,0.028,-6.672003550566093,-1.7533440259628028,4.528690736425134,-1.7533440259628028,-1.0,1.0
2026-03-20 21:15:00,-1.621,-5.483277135425563,0.9582874577806899,5.82369912776592,0.9582874577806899,1.0,-1.0
2026-03-20 21:30:00,1.714,-4.7000974263785285,2.8531129021714765,6.466730571061146,2.8531129021714765,1.0,1.0
2026-03-20 21:45:00,1.627,-2.7511564157858457,4.135471663303522,9.180555047188001,4.135471663303522,1.0,1.0
2026-03-20 22:00:00,-4.374,-7.627883273677665,-1.1907999107364966,6.10887044284371,-1.1907999107364966,-1.0,-1.0
2026-03-20 22:15:00,-5.961,-5.630772436363957,-0.28193340544623724,6.624394620507619,-0.28193340544623724,-1.0,-1.0
2026-03-20 22:30:00,-9.053,-9.081820942600793,0.10764846623367094,4.960882070432988,0.10764846623367094,1.0,-1.0
2026-03-20 22:45:00,-3.449,-5.483324242417785,-0.515171450178414,6.889166692200641,-0.515171450178414,-1.0,-1.0
2026-03-20 23:00:00,-21.172,-11.09564471151247,-4.1495143299092,3.5880760730996295,-4.1495143299092,-1.0,-1.0
2026-03-20 23:15:00,-21.684,-7.140130729155013,-2.1365676736340973,3.8199823704942237,-2.1365676736340973,-1.0,-1.0
2026-03-20 23:30:00,-20.536,-7.869869779881623,-1.9749895105576452,4.69940124394305,-1.9749895105576452,-1.0,-1.0
2026-03-20 23:45:00,-6.986,-7.1881165441206525,0.8499762001163836,8.00375249710026,0.8499762001163836,1.0,-1.0
2026-03-21 00:00:00,1.479,-8.786421796485232,-2.1286744313526333,4.5183554063807545,-2.1286744313526333,-1.0,1.0
2026-03-21 00:15:00,1.318,-5.52297816414581,-1.695582503669586,5.690208475594271,-1.695582503669586,-1.0,1.0
2026-03-21 00:30:00,0.755,-8.27287256431981,-1.7093584884588435,5.895897842054032,-1.7093584884588435,-1.0,1.0
2026-03-21 00:45:00,-4.537,-9.17322646665356,-2.296937506902259,5.46319517920242,-2.296937506902259,-1.0,-1.0
2026-03-21 01:00:00,-2.341,-9.478617219614124,-2.864113043549759,1.0003586772956332,-2.864113043549759,-1.0,-1.0
2026-03-21 01:15:00,0.215,-10.345561430276351,-4.701821873337929,2.2289916559809453,-4.701821873337929,-1.0,1.0
2026-03-21 01:30:00,0.622,-9.262462873891455,-5.383932726873514,2.018717201198153,-5.383932726873514,-1.0,1.0
2026-03-21 01:45:00,2.509,-8.259690450675166,-1.3657665747638041,5.465939879817328,-1.3657665747638041,-1.0,1.0
2026-03-21 02:00:00,-4.776,-9.406551532237563,-2.172497685626753,5.895575109632429,-2.172497685626753,-1.0,-1.0
2026-03-21 02:15:00,-4.577,-8.85586901948764,-2.535913038897782,4.555282592241985,-2.535913038897782,-1.0,-1.0
2026-03-21 02:30:00,-2.814,-8.843584885083404,-1.396864494455415,3.674121660157393,-1.396864494455415,-1.0,-1.0
2026-03-21 02:45:00,1.39,-8.586331822173541,-0.5411583468121924,4.164219205698008,-0.5411583468121924,-1.0,1.0
2026-03-21 03:00:00,0.995,-8.763968621631594,-1.739516874738225,2.6057327292680705,-1.739516874738225,-1.0,1.0
2026-03-21 03:15:00,0.159,-7.134953523353826,-0.159290253543752,3.6135492948197476,-0.159290253543752,-1.0,1.0
2026-03-21 03:30:00,2.78,-6.172301076180714,0.3605429883574471,5.593240481561588,0.3605429883574471,1.0,1.0
2026-03-21 03:45:00,-1.69,-5.782186720413207,0.13656503848730325,5.3013317162150715,0.13656503848730325,1.0,-1.0
2026-03-21 04:00:00,-2.321,-12.775768764510769,-2.9198236305866563,3.9235809719509893,-2.9198236305866563,-1.0,-1.0
2026-03-21 04:15:00,-0.674,-8.93617263813235,-2.1092658874697325,3.470808741628599,-2.1092658874697325,-1.0,-1.0
2026-03-21 04:30:00,-2.794,-5.632703362254314,-0.969396094569954,5.557189892817094,-0.969396094569954,-1.0,-1.0
2026-03-21 04:45:00,-2.885,-4.9849505817001205,0.30872559875917555,5.533772335337314,0.30872559875917555,1.0,-1.0
2026-03-21 05:00:00,0.522,-6.373958913316578,0.8128183842690406,5.953039192096963,0.8128183842690406,1.0,1.0
2026-03-21 05:15:00,2.474,-3.9200287895228034,0.5083343120151949,6.296040244325004,0.5083343120151949,1.0,1.0
2026-03-21 05:30:00,3.046,-4.682803006101899,1.396971257300565,6.67290641062136,1.396971257300565,1.0,1.0
2026-03-21 05:45:00,2.453,-4.97886066555041,1.3408065882869642,8.2199293973173,1.3408065882869642,1.0,1.0
2026-03-21 06:00:00,8.779,-5.713258166728138,2.0432324332836322,9.256445982710112,2.0432324332836322,1.0,1.0
2026-03-21 06:15:00,11.152,-4.738179980489607,1.2535509393204656,7.552457425433754,1.2535509393204656,1.0,1.0
2026-03-21 06:30:00,8.44,-5.903589075484972,-0.1481133159721309,7.31586608029049,-0.1481133159721309,-1.0,1.0
2026-03-21 06:45:00,-1.244,-5.277134133534021,-0.5548322336549834,8.364785784942198,-0.5548322336549834,-1.0,-1.0
2026-03-21 07:00:00,5.455,-7.41231280102411,-0.13426122836447685,9.925157964187946,-0.13426122836447685,-1.0,1.0
2026-03-21 07:15:00,8.942,-5.71268194837242,2.372154716645156,11.91363588408331,2.372154716645156,1.0,1.0
2026-03-21 07:30:00,10.467,-5.461794133026913,0.5463430228012807,11.968598931425507,0.5463430228012807,1.0,1.0
2026-03-21 07:45:00,10.832,-4.907266366256431,2.5356519787662557,14.545426941183939,2.5356519787662557,1.0,1.0
2026-03-21 08:00:00,22.745,-3.839876807180881,1.9797010596492761,14.062635875857241,1.9797010596492761,1.0,1.0
2026-03-21 08:15:00,28.992,-4.598948218658947,2.778114490117073,13.258804313027285,2.778114490117073,1.0,1.0
2026-03-21 08:30:00,38.098,-5.412367408303663,2.578187928438539,12.386884638153349,2.578187928438539,1.0,1.0
2026-03-21 08:45:00,44.608,-6.516181392785093,3.2259453818354205,13.770253000379952,3.2259453818354205,1.0,1.0
2026-03-21 09:00:00,38.348,-12.45146931688596,-0.8476403545005349,10.892043909711436,-0.8476403545005349,-1.0,1.0
2026-03-21 09:15:00,44.579,-8.506005586539242,2.400100311028309,12.54940926637332,2.400100311028309,1.0,1.0
2026-03-21 09:30:00,43.422,-10.042700267492949,1.3323317929547032,14.02772044654621,1.3323317929547032,1.0,1.0
2026-03-21 09:45:00,19.382,-5.1146252001636086,8.917246157858393,20.859249805392796,8.917246157858393,1.0,1.0
2026-03-21 10:00:00,11.01,-2.9174020382677344,6.346494694253591,20.639073551222847,6.346494694253591,1.0,1.0
2026-03-21 10:15:00,21.038,-3.8448676033138267,7.284169733138106,21.39635437126086,7.284169733138106,1.0,1.0
2026-03-21 10:30:00,39.225,-1.86476828445509,10.721497659787845,21.074638391908312,10.721497659787845,1.0,1.0
2026-03-21 10:45:00,33.842,-0.7917871578107976,10.550870521767909,21.40659846715721,10.550870521767909,1.0,1.0
2026-03-21 11:00:00,59.37,-4.934226886804953,4.76015666054961,19.514312146102363,4.76015666054961,1.0,1.0
2026-03-21 11:15:00,44.374,-2.9770813685874584,8.015875024946197,18.471460070122582,8.015875024946197,1.0,1.0
2026-03-21 11:30:00,12.934,-0.10759357906009723,13.375391232377094,16.448794300933155,13.375391232377094,1.0,1.0
2026-03-21 11:45:00,6.014,-2.533803393647526,9.812989419170085,21.01477649397939,9.812989419170085,1.0,1.0
2026-03-21 12:00:00,4.905,-0.5098640267532971,13.241120909602202,21.186044194641447,13.241120909602202,1.0,1.0
2026-03-21 12:15:00,0.846,0.9116125938059098,16.542887715434592,24.06389770574553,16.542887715434592,1.0,1.0
2026-03-21 12:30:00,-4.952,4.323443180438269,18.468789068930263,28.41421007301149,18.468789068930263,1.0,-1.0
2026-03-21 12:45:00,-3.224,-1.2373831121814496,15.222408375302473,27.976954002012548,15.222408375302473,1.0,-1.0
2026-03-21 13:00:00,-0.026,-0.6825824480609227,15.54528060169166,28.31074938316573,15.54528060169166,1.0,-1.0
2026-03-21 13:15:00,-2.853,2.5343807735511397,9.182283129844093,23.189173049680512,9.182283129844093,1.0,-1.0
2026-03-21 13:30:00,-6.894,-3.5201728530846026,3.711337462398229,22.818036182729198,3.711337462398229,1.0,-1.0
2026-03-21 13:45:00,-8.782,-3.2301881459761286,3.837317583982096,20.977156767059718,3.837317583982096,1.0,-1.0
2026-03-21 14:00:00,-25.924,-5.682997187518596,0.8234520255122044,15.35123385554061,0.8234520255122044,1.0,-1.0
2026-03-21 14:15:00,-28.657,-8.865701728572404,-0.03462654180927002,14.14995367847455,-0.03462654180927002,-1.0,-1.0
2026-03-21 14:30:00,-26.742,-10.013290808228959,-0.2922625318879192,13.035330427067736,-0.2922625318879192,-1.0,-1.0
2026-03-21 14:45:00,-12.115,-8.751484310788719,0.24622085023396686,14.430468004717348,0.24622085023396686,1.0,-1.0
2026-03-21 15:00:00,-17.808,-8.214464746728096,3.8619171996412875,17.2996108222752,3.8619171996412875,1.0,-1.0
2026-03-21 15:15:00,-19.803,-10.338244565560892,1.005884531577963,9.799629508147524,1.005884531577963,1.0,-1.0
2026-03-21 15:30:00,-18.2,-11.013529778475903,-0.5634980827555404,8.10133101310424,-0.5634980827555404,-1.0,-1.0
2026-03-21 15:45:00,-15.487,-9.760563388073,-2.055165251033385,6.752155229122048,-2.055165251033385,-1.0,-1.0
2026-03-21 16:00:00,-8.982,-13.130199904681815,-4.919301462633298,6.351720162761421,-4.919301462633298,-1.0,-1.0
2026-03-21 16:15:00,-8.869,-10.95703844668633,-6.055965115510718,7.045373895639304,-6.055965115510718,-1.0,-1.0
2026-03-21 16:30:00,-5.029,-12.562374822371362,-3.38099551615983,4.55225223545861,-3.38099551615983,-1.0,-1.0
2026-03-21 16:45:00,-1.349,-12.201140991002507,-3.034264832673675,5.617935217259601,-3.034264832673675,-1.0,-1.0
2026-03-21 17:00:00,2.636,-18.377850144062243,-6.383976616213239,6.56893020335269,-6.383976616213239,-1.0,1.0
2026-03-21 17:15:00,1.516,-11.504482197211939,-3.2209195915533986,6.930830886418347,-3.2209195915533986,-1.0,1.0
2026-03-21 17:30:00,-12.903,-11.5933270219341,-4.281449506273397,5.652229216062497,-4.281449506273397,-1.0,-1.0
2026-03-21 17:45:00,10.518,-10.54535720963256,-4.813321560826431,4.440688874990909,-4.813321560826431,-1.0,1.0
2026-03-21 18:00:00,4.817,-8.80611182361294,-2.2162210543910446,5.8025208283083085,-2.2162210543910446,-1.0,1.0
2026-03-21 18:15:00,7.986,-9.047159000241434,-2.655910151176938,4.27576459245184,-2.655910151176938,-1.0,1.0
2026-03-21 18:30:00,6.551,-6.723366911462269,-4.07252281142041,5.337831334989115,-4.07252281142041,-1.0,1.0
2026-03-21 18:45:00,9.492,-5.724745782561529,-3.4410164275152946,5.193124794549,-3.4410164275152946,-1.0,1.0
2026-03-21 19:00:00,1.452,-5.5862528867963865,-0.263286962009123,5.964057622211338,-0.263286962009123,-1.0,1.0
2026-03-21 19:15:00,1.12,-7.829659817949872,-1.7674927392215753,2.666347029852756,-1.7674927392215753,-1.0,1.0
2026-03-21 19:30:00,3.205,-6.9823448200717735,0.6889612142981354,7.902057193291443,0.6889612142981354,1.0,1.0
2026-03-21 19:45:00,4.057,-3.4523137637090335,2.494793146860404,6.328104073073576,2.494793146860404,1.0,1.0
2026-03-21 20:00:00,-1.139,-8.142900878591096,-0.8457144239941801,6.938212921423683,-0.8457144239941801,-1.0,-1.0
2026-03-21 20:15:00,0.348,-3.8712494724683477,0.40625203227155854,6.481604430014781,0.40625203227155854,1.0,1.0
2026-03-21 20:30:00,1.137,-2.595708163222762,2.211064645216151,10.17641812537025,2.211064645216151,1.0,1.0
2026-03-21 20:45:00,0.251,-3.2007433468844946,1.7506938349301326,9.933521888643211,1.7506938349301326,1.0,1.0
2026-03-21 21:00:00,-2.152,-6.736003955887192,0.6512984890736656,6.655383172936804,0.6512984890736656,1.0,-1.0
2026-03-21 21:15:00,-7.232,-4.416769418877364,0.15676556150179738,6.770268520712088,0.15676556150179738,1.0,-1.0
2026-03-21 21:30:00,-5.948,-3.8896413423621876,0.6711564028066742,7.32011998429649,0.6711564028066742,1.0,-1.0
2026-03-21 21:45:00,-0.937,-4.819585265836957,2.279590128550642,8.886127757659299,2.279590128550642,1.0,-1.0
2026-03-21 22:00:00,-5.681,-7.4097919891995305,-1.2758504295444077,6.018943756221237,-1.2758504295444077,-1.0,-1.0
2026-03-21 22:15:00,-7.485,-5.9899988136843545,-0.6477355036489436,5.084891123610199,-0.6477355036489436,-1.0,-1.0
2026-03-21 22:30:00,-7.571,-5.979561701275813,0.5061322189533699,5.5281809308212475,0.5061322189533699,1.0,-1.0
2026-03-21 22:45:00,-2.652,-4.252379534983241,0.3366871657192986,6.302332457461151,0.3366871657192986,1.0,-1.0
2026-03-21 23:00:00,-6.512,-10.961960211788087,-2.3779255550601173,5.7556267287176395,-2.3779255550601173,-1.0,-1.0
2026-03-21 23:15:00,-3.172,-8.288528721743166,-1.950763987017857,4.60875057604026,-1.950763987017857,-1.0,-1.0
2026-03-21 23:30:00,-2.322,-7.873036506586992,-1.46722061417173,4.337424499851466,-1.46722061417173,-1.0,-1.0
2026-03-21 23:45:00,1.102,-5.712040014948933,-0.3697544520507203,6.493666618781536,-0.3697544520507203,-1.0,1.0
2026-03-22 00:00:00,-18.559,-10.839952510352767,-0.5366869107142118,4.320268870387714,-0.5366869107142118,-1.0,-1.0
2026-03-22 00:15:00,-10.513,-8.294582639669116,-0.8358225874224766,3.0048530614620996,-0.8358225874224766,-1.0,-1.0
2026-03-22 00:30:00,-16.078,-6.120419152428358,-0.2426745350755515,2.8909143467410683,-0.2426745350755515,-1.0,-1.0
2026-03-22 00:45:00,-1.929,-5.929374952888032,0.7362258632627523,6.339768028005501,0.7362258632627523,1.0,-1.0
2026-03-22 01:00:00,-9.771,-9.397295596146249,-0.7652379159640739,2.9669098093598163,-0.7652379159640739,-1.0,-1.0
2026-03-22 01:15:00,-3.359,-5.186016782866869,-0.38883590046944677,2.9486169128472524,-0.38883590046944677,-1.0,-1.0
2026-03-22 01:30:00,-7.765,-5.0865098010476055,0.23159531908013048,5.401262843984199,0.23159531908013048,1.0,-1.0
2026-03-22 01:45:00,2.623,-8.992012543083586,0.3108549784796494,6.171637219238091,0.3108549784796494,1.0,1.0
2026-03-22 02:00:00,-3.637,-9.294041825833958,-2.7357246172492538,2.9198878198975806,-2.7357246172492538,-1.0,-1.0
2026-03-22 02:15:00,-3.388,-7.515800746942081,-1.7384247627088154,1.9322747256223511,-1.7384247627088154,-1.0,-1.0
2026-03-22 02:30:00,-4.741,-6.902385232371054,-1.140534033071507,1.9884615682804003,-1.140534033071507,-1.0,-1.0
2026-03-22 02:45:00,1.81,-4.526491192113721,-0.349735142188859,3.649694339159503,-0.349735142188859,-1.0,1.0
2026-03-22 03:00:00,-0.194,-7.524133647553459,-1.655419548729179,1.8732769406062644,-1.655419548729179,-1.0,-1.0
2026-03-22 03:15:00,-9.353,-5.417229500987209,-1.4983026731296891,1.4646049374342283,-1.4983026731296891,-1.0,-1.0
2026-03-22 03:30:00,-7.088,-5.654373936732234,-1.018610518229828,3.898382984120413,-1.018610518229828,-1.0,-1.0
2026-03-22 03:45:00,-0.902,-3.857065366433082,-0.003030847855008789,4.169365137478407,-0.003030847855008789,-1.0,-1.0
2026-03-22 04:00:00,1.537,-5.606126712869989,-0.47997958143282093,4.230666439953812,-0.47997958143282093,-1.0,1.0
2026-03-22 04:15:00,-1.335,-3.523892520638671,-1.3759077391462184,4.426461475752352,-1.3759077391462184,-1.0,-1.0
2026-03-22 04:30:00,-5.274,-3.8788346338277897,-0.04401317799145206,4.802655490688905,-0.04401317799145206,-1.0,-1.0
2026-03-22 04:45:00,-1.95,-4.548704183737582,0.06099222280563535,5.064811488515797,0.06099222280563535,1.0,-1.0
2026-03-22 05:00:00,-4.693,-6.088885800453903,-0.44942753415405406,2.985099496685067,-0.44942753415405406,-1.0,-1.0
2026-03-22 05:15:00,-8.34,-6.318435902159962,-1.3655940670952411,2.818400511590862,-1.3655940670952411,-1.0,-1.0
2026-03-22 05:30:00,-9.548,-5.303004516971766,-0.6965671072421807,2.421719709461051,-0.6965671072421807,-1.0,-1.0
2026-03-22 05:45:00,-6.327,-4.774134190958465,0.42203051731035185,5.475465567684915,0.42203051731035185,1.0,-1.0
2026-03-22 06:00:00,-2.635,-4.702959940647697,3.139082352351047,9.130254304327295,3.139082352351047,1.0,-1.0
2026-03-22 06:15:00,-1.295,-5.556044370592931,1.1778768384261966,9.913735971681948,1.1778768384261966,1.0,-1.0
2026-03-22 06:30:00,1.349,-6.7622868789539385,-0.16323973392478763,8.215171336352691,-0.16323973392478763,-1.0,1.0
2026-03-22 06:45:00,3.054,-7.363025730185479,-0.008093539786641915,5.792664933646799,-0.008093539786641915,-1.0,1.0
2026-03-22 07:00:00,9.62,-7.8981603698657565,-0.2606695916224072,5.566813120875179,-0.2606695916224072,-1.0,1.0
2026-03-22 07:15:00,6.318,-6.683707487483116,-0.812827763735279,6.958281405446142,-0.812827763735279,-1.0,1.0
2026-03-22 07:30:00,8.791,-5.513967632803461,-0.47447358857546934,8.25519620698798,-0.47447358857546934,-1.0,1.0
2026-03-22 07:45:00,5.838,-5.793468821769245,0.9453576569581006,10.366769668580003,0.9453576569581006,1.0,1.0
2026-03-22 08:00:00,18.146,-7.868666143167269,0.00029276912082467493,12.685731255263766,0.00029276912082467493,1.0,1.0
2026-03-22 08:15:00,1.805,-4.24953097006374,2.3489814479618336,14.207802458983092,2.3489814479618336,1.0,1.0
2026-03-22 08:30:00,3.635,-2.7784485523320046,1.3528569520510185,15.98027611698904,1.3528569520510185,1.0,1.0
2026-03-22 08:45:00,14.075,-3.0611045986562937,4.935792487510671,21.49753750026554,4.935792487510671,1.0,1.0
2026-03-22 09:00:00,23.334,-3.632693851091293,7.126799111183947,24.593876766017512,7.126799111183947,1.0,1.0
2026-03-22 09:15:00,22.629,-2.1955679237423764,9.265513313185984,24.373008607065053,9.265513313185984,1.0,1.0
2026-03-22 09:30:00,24.958,-3.6631600924688947,9.234435787248508,22.646360486751718,9.234435787248508,1.0,1.0
2026-03-22 09:45:00,25.038,1.1737389771282345,13.704844165846968,24.45014051473935,13.704844165846968,1.0,1.0
2026-03-22 10:00:00,27.581,-9.773381866314034,8.887751648829827,24.448452917962687,8.887751648829827,1.0,1.0
2026-03-22 10:15:00,27.733,-7.262622925173361,6.709281388154385,19.447333701442204,6.709281388154385,1.0,1.0
2026-03-22 10:30:00,9.867,-4.637888572535103,7.66262172003503,21.65246189329292,7.66262172003503,1.0,1.0
2026-03-22 10:45:00,16.179,0.33304914296881827,15.963104579216413,24.738624505172083,15.963104579216413,1.0,1.0
2026-03-22 11:00:00,16.187,-0.8967227083984669,14.295511595032194,30.925121405243683,14.295511595032194,1.0,1.0
2026-03-22 11:15:00,6.919,2.0382385949621793,19.712055908071722,29.475100474091366,19.712055908071722,1.0,1.0
2026-03-22 11:30:00,-11.13,1.8232721202787312,18.918518148129966,33.97155008489204,18.918518148129966,1.0,-1.0
2026-03-22 11:45:00,-27.124,4.695616545266679,21.99258365236064,34.00775851801421,21.99258365236064,1.0,-1.0
2026-03-22 12:00:00,-38.66,2.02623461923366,18.14274917645815,32.51159915312976,18.14274917645815,1.0,-1.0
2026-03-22 12:15:00,-39.574,-0.49217021801885286,12.449621377151129,26.17746671964382,12.449621377151129,1.0,-1.0
2026-03-22 12:30:00,-43.623,-0.7441801756865928,9.464554024701073,20.832994092394006,9.464554024701073,1.0,-1.0
2026-03-22 12:45:00,-42.561,0.16855577399863728,9.896421615055587,21.2068948205442,9.896421615055587,1.0,-1.0
2026-03-22 13:00:00,-41.905,-2.1795557282531317,9.299673660516223,19.68013828400562,9.299673660516223,1.0,-1.0
2026-03-22 13:15:00,-34.492,-6.967056649150375,5.940505299847762,21.408625413269565,5.940505299847762,1.0,-1.0
2026-03-22 13:30:00,-30.891,-14.028014944210183,-0.6444064212947733,18.602728465511525,-0.6444064212947733,-1.0,-1.0
2026-03-22 13:45:00,-24.902,-22.51510861191294,-4.859836602194208,18.011902502972344,-4.859836602194208,-1.0,-1.0
2026-03-22 14:00:00,0.967,-17.49381776823456,-4.23462649753446,13.363501333088346,-4.23462649753446,-1.0,1.0
2026-03-22 14:15:00,5.198,-15.5202485619985,-4.799984308982083,12.893132008863061,-4.799984308982083,-1.0,1.0
2026-03-22 14:30:00,0.304,-15.313622511217545,-2.7820180745720697,10.014182142067687,-2.7820180745720697,-1.0,1.0
2026-03-22 14:45:00,-0.939,-15.542831352019077,-4.822937830679537,10.504444428808402,-4.822937830679537,-1.0,-1.0
2026-03-22 15:00:00,7.12,-14.17545850779236,-3.885741593357916,7.692958794355595,-3.885741593357916,-1.0,1.0
2026-03-22 15:15:00,-2.845,-15.288307295838145,-5.010150014926633,6.372127185985189,-5.010150014926633,-1.0,-1.0
2026-03-22 15:30:00,1.807,-16.4431053789774,-6.955468108855679,6.819993288520827,-6.955468108855679,-1.0,1.0
2026-03-22 15:45:00,-1.556,-20.91569336899608,-3.719700388952048,6.158760988229495,-3.719700388952048,-1.0,-1.0
2026-03-22 16:00:00,-5.747,-9.962241397959067,2.8427857661417884,10.947227800686102,2.8427857661417884,1.0,-1.0
2026-03-22 16:15:00,1.91,-9.52071206128275,-0.8097626337207233,6.716322967023691,-0.8097626337207233,-1.0,1.0
2026-03-22 16:30:00,6.711,-14.41508700845815,-3.6653279488593866,5.139513039754722,-3.6653279488593866,-1.0,1.0
2026-03-22 16:45:00,-0.749,-14.76010357702698,-3.513474386964307,3.646292290486982,-3.513474386964307,-1.0,-1.0
2026-03-22 17:00:00,-7.931,-5.700346099180326,1.352460256150323,10.87946846341301,1.352460256150323,1.0,-1.0
2026-03-22 17:15:00,-1.152,-8.684688471257909,-0.2631232827285556,6.550516543414571,-0.2631232827285556,-1.0,-1.0
2026-03-22 17:30:00,-1.351,-10.593215585794304,-0.786902075815779,2.997884907138122,-0.786902075815779,-1.0,-1.0
2026-03-22 17:45:00,2.617,-8.24236700297047,-0.5233356023553989,5.392427713786651,-0.5233356023553989,-1.0,1.0
2026-03-22 18:00:00,6.8,-4.285196873143033,2.068439596052651,6.930336583498316,2.068439596052651,1.0,1.0
2026-03-22 18:15:00,6.051,-2.936528287019535,1.5256716898506941,7.09627038300043,1.5256716898506941,1.0,1.0
2026-03-22 18:30:00,-2.162,-5.288315181350929,0.3905132793114486,4.737082470875895,0.3905132793114486,1.0,-1.0
2026-03-22 18:45:00,0.865,-5.0872969091791855,-2.426540021690036,5.542324034606215,-2.426540021690036,-1.0,1.0
2026-03-22 19:00:00,-3.107,-5.594518448023988,-2.3163651795511955,1.847621280390276,-2.3163651795511955,-1.0,-1.0
2026-03-22 19:15:00,-2.731,-4.839266283517445,-1.5994523290838818,1.4683311070578515,-1.5994523290838818,-1.0,-1.0
2026-03-22 19:30:00,-7.982,-3.782470752637316,0.7795659303094593,3.821882053897873,0.7795659303094593,1.0,-1.0
2026-03-22 19:45:00,-1.741,-2.6669647436019916,2.4210637276410596,8.646977490875257,2.4210637276410596,1.0,-1.0
2026-03-22 20:00:00,3.371,-6.589740837276696,0.9399568114813295,5.287834409735879,0.9399568114813295,1.0,1.0
2026-03-22 20:15:00,-2.062,-2.697186039195924,0.4610967003791739,3.5752926558367535,0.4610967003791739,1.0,-1.0
2026-03-22 20:30:00,-0.504,-2.640963432483835,1.2559223578012717,6.908236330969146,1.2559223578012717,1.0,-1.0
2026-03-22 20:45:00,4.18,-1.916616340058159,3.243767750312191,7.63019647686468,3.243767750312191,1.0,1.0
2026-03-22 21:00:00,0.58,-5.540517327876345,-0.6795827027509874,4.006790787371729,-0.6795827027509874,-1.0,1.0
2026-03-22 21:15:00,-2.546,-8.502055388233135,-2.630603247564693,3.4796008180470706,-2.630603247564693,-1.0,-1.0
2026-03-22 21:30:00,0.202,-9.921558665880323,-1.8031596076302332,2.698942547935709,-1.8031596076302332,-1.0,1.0
2026-03-22 21:45:00,7.541,-5.06122035278145,0.49039219453926325,7.196864008613717,0.49039219453926325,1.0,1.0
2026-03-22 22:00:00,3.827,-10.23760066607269,-2.314086021501359,5.234321596289695,-2.314086021501359,-1.0,1.0
2026-03-22 22:15:00,-1.664,-7.490865085887777,-1.457734635112441,4.108536523779202,-1.457734635112441,-1.0,-1.0
2026-03-22 22:30:00,-2.893,-7.204075954758727,-1.3616997807138453,4.012802273379156,-1.3616997807138453,-1.0,-1.0
2026-03-22 22:45:00,1.654,-6.416214306033432,0.5174350806662013,5.766550433492393,0.5174350806662013,1.0,1.0
2026-03-22 23:00:00,0.669,-11.826080079602393,-2.2075658560633413,5.489302810386848,-2.2075658560633413,-1.0,1.0
2026-03-22 23:15:00,-13.329,-8.911275093802569,-0.38831029688054747,6.02347641357006,-0.38831029688054747,-1.0,-1.0
2026-03-22 23:30:00,-14.532,-9.567734533756308,0.42102791021205854,5.797672723072683,0.42102791021205854,1.0,-1.0
2026-03-22 23:45:00,-12.275,-6.105974967392544,2.3952082698763046,8.451262072445322,2.3952082698763046,1.0,-1.0
2026-03-23 00:00:00,-23.584,-10.864739157673572,-1.4017516908492218,3.9551832377596483,-1.4017516908492218,-1.0,-1.0
2026-03-23 00:15:00,-22.787,-7.789918743130441,0.1711964934376545,3.9243308515022255,0.1711964934376545,1.0,-1.0
2026-03-23 00:30:00,-13.485,-7.6889134783218775,-0.07320015768400857,4.552380660742662,-0.07320015768400857,-1.0,-1.0
2026-03-23 00:45:00,-15.971,-5.9474795494998975,0.9697470716028608,7.686604784629617,0.9697470716028608,1.0,-1.0
2026-03-23 01:00:00,-2.178,-10.415371684855835,-1.924601943178522,4.252346192350537,-1.924601943178522,-1.0,-1.0
2026-03-23 01:15:00,-5.007,-9.840533623880933,-2.588316903054895,1.4963396902594515,-2.588316903054895,-1.0,-1.0
2026-03-23 01:30:00,-4.804,-10.126479724110808,-3.1376164366060597,2.320799705180439,-3.1376164366060597,-1.0,-1.0
2026-03-23 01:45:00,-3.774,-9.98151391218482,-2.4849734858617567,4.211674252547063,-2.4849734858617567,-1.0,-1.0
2026-03-23 02:00:00,-8.868,-10.567874640553741,-5.402539671806398,1.73845287963394,-5.402539671806398,-1.0,-1.0
2026-03-23 02:15:00,-8.365,-7.674040539331989,-6.420485393613366,2.133867213596661,-6.420485393613366,-1.0,-1.0
2026-03-23 02:30:00,-8.932,-8.855815531969096,-7.926411025802048,1.830894480134225,-7.926411025802048,-1.0,-1.0
2026-03-23 02:45:00,-5.552,-7.01382348061177,-4.4905793983795865,2.2245217113480376,-4.4905793983795865,-1.0,-1.0
2026-03-23 03:00:00,-6.472,-7.66763479719942,-4.132786005918175,1.7903817023904265,-4.132786005918175,-1.0,-1.0
2026-03-23 03:15:00,-3.749,-8.14657958182422,-2.8624025368344386,1.7829922487360343,-2.8624025368344386,-1.0,-1.0
2026-03-23 03:30:00,-6.896,-7.848578230705746,-1.8645952160622439,2.0424955743138966,-1.8645952160622439,-1.0,-1.0
2026-03-23 03:45:00,-9.257,-7.334463058630622,-4.28314655261367,3.0646048513391917,-4.28314655261367,-1.0,-1.0
2026-03-23 04:00:00,-10.769,-11.93706901322569,-2.9828758221946803,2.1137792325775733,-2.9828758221946803,-1.0,-1.0
2026-03-23 04:15:00,-4.51,-12.948323649250689,-3.0842315045873687,2.7599356585883457,-3.0842315045873687,-1.0,-1.0
2026-03-23 04:30:00,-2.423,-12.806862020575583,-2.805724461713157,2.672565270868523,-2.805724461713157,-1.0,-1.0
2026-03-23 04:45:00,-4.062,-13.359494980080266,-1.9525997804696889,3.0986804692301173,-1.9525997804696889,-1.0,-1.0
2026-03-23 05:00:00,-11.041,-11.18953473941507,-3.1196512332910755,2.909458634757312,-3.1196512332910755,-1.0,-1.0
2026-03-23 05:15:00,-12.152,-11.13397631105716,-1.820767722924567,1.9369684625976513,-1.820767722924567,-1.0,-1.0
2026-03-23 05:30:00,-10.074,-12.040582299803942,-2.239835459275309,1.983429906145906,-2.239835459275309,-1.0,-1.0
2026-03-23 05:45:00,-6.665,-12.035891586502014,-4.597607310995053,1.8866588276518794,-4.597607310995053,-1.0,-1.0
2026-03-23 06:00:00,-11.943,-12.11672417633658,-3.8383749598918624,5.044723246947274,-3.8383749598918624,-1.0,-1.0
2026-03-23 06:15:00,-5.826,-9.595971067791222,-2.655830557460464,4.937771359835031,-2.655830557460464,-1.0,-1.0
2026-03-23 06:30:00,-8.742,-8.911993069114246,-2.3474307547620294,6.794862814318071,-2.3474307547620294,-1.0,-1.0
2026-03-23 06:45:00,-10.608,-9.873254358418302,-5.703548836265906,4.6690779192200225,-5.703548836265906,-1.0,-1.0
2026-03-23 07:00:00,-10.252,-12.371594569476537,-5.440647579883015,7.500683669237215,-5.440647579883015,-1.0,-1.0
2026-03-23 07:15:00,-19.862,-9.833706516638143,-2.8171608124139453,7.930052389573971,-2.8171608124139453,-1.0,-1.0
2026-03-23 07:30:00,-14.352,-9.091173216088979,-2.523230057377056,9.63420148601852,-2.523230057377056,-1.0,-1.0
2026-03-23 07:45:00,-9.025,-9.243381144832682,-2.3122441835340513,12.605062043666798,-2.3122441835340513,-1.0,-1.0
2026-03-23 08:00:00,-20.791,-10.399001810511983,-1.0890505175782483,11.742175510769053,-1.0890505175782483,-1.0,-1.0
2026-03-23 08:15:00,-30.098,-15.106660222920036,-1.516065609426488,11.959489384147778,-1.516065609426488,-1.0,-1.0
2026-03-23 08:30:00,-35.693,-14.011986769391331,0.20498897752753867,12.44570722403651,0.20498897752753867,1.0,-1.0
2026-03-23 08:45:00,-24.931,-13.83891790766981,2.0146805899586964,16.84063457002079,2.0146805899586964,1.0,-1.0
2026-03-23 09:00:00,-2.74,-19.252956960781756,-2.2782409836874518,10.587982387731348,-2.2782409836874518,-1.0,-1.0
2026-03-23 09:15:00,-4.854,-15.85167158145509,-2.4196455535898265,10.890187792649517,-2.4196455535898265,-1.0,-1.0
2026-03-23 09:30:00,9.745,-13.808662133203299,-0.3266639172869696,11.464062377688101,-0.3266639172869696,-1.0,1.0
2026-03-23 09:45:00,13.937,-13.75519440883728,-0.7064279953793036,12.867502868978187,-0.7064279953793036,-1.0,1.0
2026-03-23 10:00:00,9.413,-18.361986523221915,-3.4032622907457313,7.4995608353851875,-3.4032622907457313,-1.0,1.0
2026-03-23 10:15:00,16.172,-18.005888986399206,-2.492724505881206,9.695527522139164,-2.492724505881206,-1.0,1.0
2026-03-23 10:30:00,13.864,-23.281355522440823,-5.972631012249371,8.040956042612594,-5.972631012249371,-1.0,1.0
2026-03-23 10:45:00,12.438,-22.53783989578389,-2.404627485987922,11.685807422375822,-2.404627485987922,-1.0,1.0
2026-03-23 11:00:00,6.73,-21.729350410435984,-6.207505508675997,7.660190802754442,-6.207505508675997,-1.0,1.0
2026-03-23 11:15:00,13.465,-17.232991214305358,-2.389176971726373,10.323655940316078,-2.389176971726373,-1.0,1.0
2026-03-23 11:30:00,11.606,-13.57085245494686,-0.6117643739013048,12.076892643097734,-0.6117643739013048,-1.0,1.0
2026-03-23 11:45:00,15.683,-11.60923720516266,-0.23628212002464205,12.152948254770061,-0.23628212002464205,-1.0,1.0
2026-03-23 12:00:00,20.222,-9.195290998812919,0.9837327541080838,14.164291526951015,0.9837327541080838,1.0,1.0
2026-03-23 12:15:00,9.49,-5.562233540658162,0.5886320278224026,13.791295344851083,0.5886320278224026,1.0,1.0
2026-03-23 12:30:00,3.529,-10.431063950941429,3.701142187651194,12.705316476383297,3.701142187651194,1.0,1.0
2026-03-23 12:45:00,1.499,-11.084862739674778,3.0209768873868623,13.204542585793497,3.0209768873868623,1.0,1.0
2026-03-23 13:00:00,-8.017,-10.525694116795947,2.6152512718558003,13.76465627341958,2.6152512718558003,1.0,-1.0
2026-03-23 13:15:00,-21.868,-10.71693078745966,3.9971187021329873,13.736417685354253,3.9971187021329873,1.0,-1.0
2026-03-23 13:30:00,-27.74,-7.858981569327743,4.294803616362255,13.067129126146785,4.294803616362255,1.0,-1.0
2026-03-23 13:45:00,-25.756,-3.418280224994312,5.70568593375349,13.374959060820808,5.70568593375349,1.0,-1.0
2026-03-23 14:00:00,-9.207,-4.915481974823661,5.492411053391538,16.53862177859537,5.492411053391538,1.0,-1.0
2026-03-23 14:15:00,-22.664,-10.659682858413957,1.8080452614990141,13.369486579112165,1.8080452614990141,1.0,-1.0
2026-03-23 14:30:00,-16.97,-10.601838510206722,0.3303173189804056,10.584410678356853,0.3303173189804056,1.0,-1.0
2026-03-23 14:45:00,-8.776,-12.012982586047858,-0.18165459558039074,10.434394309954095,-0.18165459558039074,-1.0,-1.0
2026-03-23 15:00:00,-7.357,-7.954910938602999,2.1941365933074612,15.623235231124463,2.1941365933074612,1.0,-1.0
2026-03-23 15:15:00,-9.09,-17.980573142080956,-3.9505328601425354,10.8052338526084,-3.9505328601425354,-1.0,-1.0
2026-03-23 15:30:00,-6.45,-17.549363114588672,-6.3592770408306585,7.364921673464821,-6.3592770408306585,-1.0,-1.0
2026-03-23 15:45:00,-10.605,-11.865801646259913,-1.1217513128056813,7.34270647354407,-1.1217513128056813,-1.0,-1.0
2026-03-23 16:00:00,-0.666,-8.829569360164877,-1.1157113898702766,9.077463408662357,-1.1157113898702766,-1.0,-1.0
2026-03-23 16:15:00,-6.899,-9.811743651780384,1.9650109577732913,7.528849976892447,1.9650109577732913,1.0,-1.0
2026-03-23 16:30:00,2.508,-11.844933589257009,-1.1960995740665092,6.428277714411875,-1.1960995740665092,-1.0,1.0
2026-03-23 16:45:00,-1.422,-12.629291919316286,-1.3500596778892313,4.858872136903722,-1.3500596778892313,-1.0,-1.0
2026-03-23 17:00:00,-1.309,-8.149031492160749,0.4930373820346436,8.374480822764392,0.4930373820346436,1.0,-1.0
2026-03-23 17:15:00,-4.112,-8.951794882282043,0.24088845548513838,6.898704870110826,0.24088845548513838,1.0,-1.0
2026-03-23 17:30:00,-2.915,-10.001808419147672,-2.299538086596088,5.862361793660368,-2.299538086596088,-1.0,-1.0
2026-03-23 17:45:00,-2.192,-8.50835593249596,0.7245105462340347,5.5994991672388235,0.7245105462340347,1.0,-1.0
2026-03-23 18:00:00,-0.283,-5.271739290392722,2.777335733771213,5.7267369334769125,2.777335733771213,1.0,-1.0
2026-03-23 18:15:00,-10.504,-5.4435579287699065,1.8066939425793271,7.4765216946972,1.8066939425793271,1.0,-1.0
2026-03-23 18:30:00,-24.078,-3.3514514826338417,-0.01788432568475892,5.283609055110379,-0.01788432568475892,-1.0,-1.0
2026-03-23 18:45:00,-18.754,-1.8296616012802656,-1.3255703573010018,3.611828085973636,-1.3255703573010018,-1.0,-1.0
2026-03-23 19:00:00,-10.728,-5.505824017003064,-1.4206999883245142,7.7535524492600025,-1.4206999883245142,-1.0,-1.0
2026-03-23 19:15:00,-5.439,-4.143830122206696,-1.686398016730438,5.499998802204276,-1.686398016730438,-1.0,-1.0
2026-03-23 19:30:00,-2.106,-4.99231025602933,-3.025201633561145,7.045195755061902,-3.025201633561145,-1.0,-1.0
2026-03-23 19:45:00,-0.169,-3.683895283017258,-0.5923397344449739,9.118637536493088,-0.5923397344449739,-1.0,-1.0
2026-03-23 20:00:00,4.08,-7.2039445718373445,-2.574529331925165,6.200245698243668,-2.574529331925165,-1.0,1.0
2026-03-23 20:15:00,0.527,-10.591477246212474,-3.2923112976335585,2.3410686628785995,-3.2923112976335585,-1.0,1.0
2026-03-23 20:30:00,0.521,-11.056000247434662,-3.2625090486756765,2.732851977460294,-3.2625090486756765,-1.0,1.0
2026-03-23 20:45:00,5.791,-8.184537096785759,-0.3877984236898779,3.931136853038343,-0.3877984236898779,-1.0,1.0
2026-03-23 21:00:00,0.164,-8.75535641772185,-3.3577893045591285,1.2388733663756135,-3.3577893045591285,-1.0,1.0
2026-03-23 21:15:00,4.577,-5.967552449135074,-0.8166782083505852,3.0538079779148792,-0.8166782083505852,-1.0,1.0
2026-03-23 21:30:00,2.148,-5.566143887050456,-0.7944220464135827,4.878777474435735,-0.7944220464135827,-1.0,1.0
2026-03-23 21:45:00,5.804,-5.015855409186065,2.083940021004596,6.772764619269329,2.083940021004596,1.0,1.0
2026-03-23 22:00:00,-2.807,-9.506432356954116,-0.6074326124670817,6.004039604964194,-0.6074326124670817,-1.0,-1.0
2026-03-23 22:15:00,2.407,-6.813792505453796,-0.36498246030074016,6.266713251470805,-0.36498246030074016,-1.0,1.0
2026-03-23 22:30:00,1.567,-8.279281734944801,0.11347146123955024,7.625786593415957,0.11347146123955024,1.0,1.0
2026-03-23 22:45:00,-0.982,-7.980242408366967,1.9813347114877224,10.382509792080937,1.9813347114877224,1.0,-1.0
2026-03-23 23:00:00,-4.556,-10.090078296300517,0.5167502711987259,6.817354813654009,0.5167502711987259,1.0,-1.0
2026-03-23 23:15:00,-0.573,-8.060327092173521,0.42757227065026876,8.01567949991542,0.42757227065026876,1.0,-1.0
2026-03-23 23:30:00,-4.773,-7.993700683958997,2.8815112374232075,6.0572873455762775,2.8815112374232075,1.0,-1.0
2026-03-23 23:45:00,-2.805,-6.759985059623221,2.313570831431642,6.78535382222928,2.313570831431642,1.0,-1.0
2026-03-24 00:00:00,-5.931,-9.74514699952941,-2.6123180282787475,3.376925856876059,-2.6123180282787475,-1.0,-1.0
2026-03-24 00:15:00,-1.838,-5.2311799011327125,1.0918292840876673,4.859137504297578,1.0918292840876673,1.0,-1.0
2026-03-24 00:30:00,-3.034,-8.666842524261451,0.07436760623156864,4.408919741617267,0.07436760623156864,1.0,-1.0
2026-03-24 00:45:00,-0.677,-5.108042614231112,0.5322167002170599,5.381706560891951,0.5322167002170599,1.0,-1.0
2026-03-24 01:00:00,0.616,-8.036806967704647,-0.5786813825271355,3.0947518122116735,-0.5786813825271355,-1.0,1.0
2026-03-24 01:15:00,-3.983,-5.899014604755972,0.21779701287091496,3.4121286387161596,0.21779701287091496,1.0,-1.0
2026-03-24 01:30:00,0.516,-5.273811490874653,-1.1210166162589925,4.016061016044484,-1.1210166162589925,-1.0,1.0
2026-03-24 01:45:00,-0.788,-5.591961255110852,-0.12536297714142547,5.798207618945524,-0.12536297714142547,-1.0,-1.0
2026-03-24 02:00:00,-1.299,-8.427740783822097,-0.6555016913917434,3.7713679871806254,-0.6555016913917434,-1.0,-1.0
2026-03-24 02:15:00,-8.672,-6.2568388469559375,0.08778046531681964,3.5876618311187163,0.08778046531681964,1.0,-1.0
2026-03-24 02:30:00,-5.94,-7.329525528945134,-0.29708257650847597,3.778681981051237,-0.29708257650847597,-1.0,-1.0
2026-03-24 02:45:00,-5.922,-5.632962200931172,0.2774096532067551,4.121961361734421,0.2774096532067551,1.0,-1.0
2026-03-24 03:00:00,-4.189,-9.261639665710325,-2.831596216469626,4.696054035981574,-2.831596216469626,-1.0,-1.0
2026-03-24 03:15:00,-8.809,-5.419878087367742,-1.9103726506973397,3.814968049136449,-1.9103726506973397,-1.0,-1.0
2026-03-24 03:30:00,-1.734,-9.521537636754621,0.30879010485552477,3.931829718551689,0.30879010485552477,1.0,-1.0
2026-03-24 03:45:00,-5.16,-9.810862584281544,-0.7005450010505729,5.227231546459872,-0.7005450010505729,-1.0,-1.0
2026-03-24 04:00:00,-1.063,-10.827667183528542,-2.9038588192405683,3.1937821979861694,-2.9038588192405683,-1.0,-1.0
2026-03-24 04:15:00,-4.538,-10.806552427105277,-2.5454561289717454,3.487257016055586,-2.5454561289717454,-1.0,-1.0
2026-03-24 04:30:00,-6.588,-8.87372760817117,-4.303708206735653,3.3792519238916485,-4.303708206735653,-1.0,-1.0
2026-03-24 04:45:00,-2.364,-9.561975132057484,-3.056643032769161,2.545647695860603,-3.056643032769161,-1.0,-1.0
2026-03-24 05:00:00,-6.462,-11.916641896133548,-1.8817669773736911,2.4903567047838533,-1.8817669773736911,-1.0,-1.0
2026-03-24 05:15:00,-3.065,-9.73607825173369,-2.151930840127312,2.160004286713526,-2.151930840127312,-1.0,-1.0
2026-03-24 05:30:00,-8.599,-9.511343625052861,-0.16524337621626914,2.56234786985323,-0.16524337621626914,-1.0,-1.0
2026-03-24 05:45:00,-2.539,-11.043714100156002,-0.9439379555249563,4.022073407453636,-0.9439379555249563,-1.0,-1.0
2026-03-24 06:00:00,-5.445,-9.545677873840987,1.8324530285665293,6.985792425275154,1.8324530285665293,1.0,-1.0
2026-03-24 06:15:00,-4.104,-10.467289766293886,-1.216370550728541,5.20810881489678,-1.216370550728541,-1.0,-1.0
2026-03-24 06:30:00,-8.922,-11.84386126666666,-2.7605266801227946,4.428503161307918,-2.7605266801227946,-1.0,-1.0
2026-03-24 06:45:00,-10.338,-13.848293106147288,-2.9778775795664845,2.976654706343871,-2.9778775795664845,-1.0,-1.0
2026-03-24 07:00:00,-8.59,-14.457496716094177,-2.028209972168016,6.46141884508889,-2.028209972168016,-1.0,-1.0
2026-03-24 07:15:00,-7.578,-12.269498456672823,-0.46092328934714166,6.589569476439192,-0.46092328934714166,-1.0,-1.0
2026-03-24 07:30:00,-9.813,-12.186856130214407,-0.5463948510809836,6.3512441949570375,-0.5463948510809836,-1.0,-1.0
2026-03-24 07:45:00,-3.438,-13.51350087110276,-0.27097852905225867,10.02591131123813,-0.27097852905225867,-1.0,-1.0
2026-03-24 08:00:00,4.12,-12.753795100487272,-3.1443639361279323,10.386852108924963,-3.1443639361279323,-1.0,1.0
2026-03-24 08:15:00,6.437,-13.030945961403077,-2.148682000048413,8.874884911143315,-2.148682000048413,-1.0,1.0
2026-03-24 08:30:00,8.139,-13.605476710021671,-3.583771077841722,8.870372642806993,-3.583771077841722,-1.0,1.0
2026-03-24 08:45:00,9.795,-13.616444889967655,-1.749616532496014,10.571807595151958,-1.749616532496014,-1.0,1.0
2026-03-24 09:00:00,3.791,-16.506680599144868,-4.056856174819487,9.591768355787021,-4.056856174819487,-1.0,1.0
2026-03-24 09:15:00,2.476,-13.510326663922525,-3.1415253020335894,8.733951501560467,-3.1415253020335894,-1.0,1.0
2026-03-24 09:30:00,0.171,-13.063525140276777,-1.6421780022502321,9.667503719903177,-1.6421780022502321,-1.0,1.0
2026-03-24 09:45:00,16.35,-8.666293646890722,0.9979635280997761,15.802986594500455,0.9979635280997761,1.0,1.0
2026-03-24 10:00:00,23.907,-11.47155005337732,2.676158528062059,12.812126527154449,2.676158528062059,1.0,1.0
2026-03-24 10:15:00,14.918,-7.5939979602939065,5.6267495010229265,15.262901462653225,5.6267495010229265,1.0,1.0
2026-03-24 10:30:00,9.001,-6.866999525639142,5.87728276403952,18.39775784635075,5.87728276403952,1.0,1.0
2026-03-24 10:45:00,4.983,-8.384996137088585,6.2950966032482825,16.32136856341307,6.2950966032482825,1.0,1.0
2026-03-24 11:00:00,-8.017,-7.4055614645863646,2.7668420582050546,17.05540181458058,2.7668420582050546,1.0,-1.0
2026-03-24 11:15:00,-13.407,-6.878251852782515,2.9641134385701404,16.391231447468574,2.9641134385701404,1.0,-1.0
2026-03-24 11:30:00,-19.899,-8.611234996235268,2.641478601379466,18.646906743565555,2.641478601379466,1.0,-1.0
2026-03-24 11:45:00,-53.358,-0.23595188516957222,9.637386255045103,24.177447764538464,9.637386255045103,1.0,-1.0
2026-03-24 12:00:00,-41.024,-4.66073701124508,7.67622689836348,23.99939110991081,7.67622689836348,1.0,-1.0
2026-03-24 12:15:00,-42.548,-2.521880520397227,6.870403386588726,22.082362463019912,6.870403386588726,1.0,-1.0
2026-03-24 12:30:00,-34.374,-10.061240490230448,2.6085017213091053,18.472466271823595,2.6085017213091053,1.0,-1.0
2026-03-24 12:45:00,-36.032,-12.685317440636373,1.6523466080572762,18.452832171561703,1.6523466080572762,1.0,-1.0
2026-03-24 13:00:00,-35.704,-14.177832984110694,-3.0216484980597245,12.19184141908354,-3.0216484980597245,-1.0,-1.0
2026-03-24 13:15:00,-31.429,-16.54310868575507,-3.351381816597117,10.583102617107922,-3.351381816597117,-1.0,-1.0
2026-03-24 13:30:00,-11.265,-25.85365329863096,-8.101156231661552,11.194046955388052,-8.101156231661552,-1.0,-1.0
2026-03-24 13:45:00,-4.15,-25.196250187307683,-7.680637538653555,11.727311672027147,-7.680637538653555,-1.0,-1.0
2026-03-24 14:00:00,-19.393,-24.0510465521951,-10.100003143449555,9.776605500891582,-10.100003143449555,-1.0,-1.0
2026-03-24 14:15:00,-19.577,-29.0746916324605,-12.017616542820505,6.143681649646852,-12.017616542820505,-1.0,-1.0
2026-03-24 14:30:00,-5.294,-28.20030532276681,-10.179961535556517,5.997805235712308,-10.179961535556517,-1.0,-1.0
2026-03-24 14:45:00,-10.074,-26.68747715020939,-8.932948367221984,2.389990970161624,-8.932948367221984,-1.0,-1.0
2026-03-24 15:00:00,-21.591,-22.15419619719848,-5.639250252767023,9.306770719416757,-5.639250252767023,-1.0,-1.0
2026-03-24 15:15:00,-17.829,-17.670468853850334,-2.9599863427055695,8.02981198598462,-2.9599863427055695,-1.0,-1.0
2026-03-24 15:30:00,-16.376,-20.73841599662221,-2.583717795166204,8.008844493952106,-2.583717795166204,-1.0,-1.0
2026-03-24 15:45:00,-10.24,-22.728642350245277,-6.876543836808279,5.190583998253644,-6.876543836808279,-1.0,-1.0
2026-03-24 16:00:00,-5.094,-19.656495970409058,-2.325979202140427,10.254819535368686,-2.325979202140427,-1.0,-1.0
2026-03-24 16:15:00,-8.051,-15.504427335853011,0.9591408583150882,6.468781499386357,0.9591408583150882,1.0,-1.0
2026-03-24 16:30:00,-6.938,-14.559707426641609,-2.7844027085787895,7.130076195461616,-2.7844027085787895,-1.0,-1.0
2026-03-24 16:45:00,-11.528,-21.805731518100554,-5.012185365692399,5.799081127283302,-5.012185365692399,-1.0,-1.0
2026-03-24 17:00:00,-0.469,-15.870067864178441,-1.091061057917537,11.015569153750262,-1.091061057917537,-1.0,-1.0
2026-03-24 17:15:00,-6.479,-17.99790167611858,-3.656496804864729,6.527507899768896,-3.656496804864729,-1.0,-1.0
2026-03-24 17:30:00,-4.582,-14.392459007595853,-3.343471927213938,5.335965672007499,-3.343471927213938,-1.0,-1.0
2026-03-24 17:45:00,-3.612,-14.265195727401018,-4.436022390373489,4.411292395226435,-4.436022390373489,-1.0,-1.0
2026-03-24 18:00:00,-1.654,-10.593155392587583,0.671960349905729,9.276866931199812,0.671960349905729,1.0,-1.0
2026-03-24 18:15:00,-1.676,-13.952264160762693,-0.3594582736257527,4.55403088493485,-0.3594582736257527,-1.0,-1.0
2026-03-24 18:30:00,-10.22,-15.176093038880207,-4.207332163620135,4.407619623613493,-4.207332163620135,-1.0,-1.0
2026-03-24 18:45:00,-15.845,-17.591019110430636,-3.6061948113009383,5.293385907701536,-3.6061948113009383,-1.0,-1.0
2026-03-24 19:00:00,-10.611,-13.83345425572691,-2.9174663187835,4.366908789204566,-2.9174663187835,-1.0,-1.0
2026-03-24 19:15:00,-14.256,-14.078953327385232,-2.738327838421845,4.98633860457604,-2.738327838421845,-1.0,-1.0
2026-03-24 19:30:00,-1.313,-11.631399928306928,-2.671863809999948,3.468397187953703,-2.671863809999948,-1.0,-1.0
2026-03-24 19:45:00,-5.074,-7.8607047124620415,-0.8142951072797158,6.334189532248088,-0.8142951072797158,-1.0,-1.0
2026-03-24 20:00:00,-18.653,-11.650752601406138,-2.0338975849568923,3.6081395337137563,-2.0338975849568923,-1.0,-1.0
2026-03-24 20:15:00,-16.172,-9.71887866446558,-2.41771674624852,3.5942921616646055,-2.41771674624852,-1.0,-1.0
2026-03-24 20:30:00,-27.559,-11.907464495756543,-2.83283663020195,3.526241625837375,-2.83283663020195,-1.0,-1.0
2026-03-24 20:45:00,-15.249,-11.462128050255368,-0.1419241855788805,5.2089339708288245,-0.1419241855788805,-1.0,-1.0
2026-03-24 21:00:00,-35.482,-12.324457011602176,-4.772971788959548,2.6728355867382847,-4.772971788959548,-1.0,-1.0
2026-03-24 21:15:00,-40.93,-10.708773718908427,-1.2485627845354546,4.0002194117446574,-1.2485627845354546,-1.0,-1.0
2026-03-24 21:30:00,-35.299,-11.654681658319532,-3.4999034560914195,5.400532048569083,-3.4999034560914195,-1.0,-1.0
2026-03-24 21:45:00,-20.366,-11.286773220167191,-0.5510962335506085,5.294475028005539,-0.5510962335506085,-1.0,-1.0
2026-03-24 22:00:00,-24.688,-19.979897732711166,-7.841674352112357,2.8539157241525843,-7.841674352112357,-1.0,-1.0
2026-03-24 22:15:00,-18.758,-16.14519892149355,-6.037385622466298,2.5583583328403288,-6.037385622466298,-1.0,-1.0
2026-03-24 22:30:00,-12.063,-14.996374339333041,-5.824661330296592,3.3594149712561685,-5.824661330296592,-1.0,-1.0
2026-03-24 22:45:00,-20.845,-16.59914390304085,-5.37596292487404,4.14311549144741,-5.37596292487404,-1.0,-1.0
2026-03-24 23:00:00,-16.725,-18.440334596262385,-5.682773870585133,1.1795740665913144,-5.682773870585133,-1.0,-1.0
2026-03-24 23:15:00,-11.135,-16.613206203135135,-4.55226686775275,1.907959413675229,-4.55226686775275,-1.0,-1.0
2026-03-24 23:30:00,-6.275,-12.307720685309414,-3.827628085443007,3.0033808556053216,-3.827628085443007,-1.0,-1.0
2026-03-24 23:45:00,-10.57,-13.057454256332118,-4.286846848493199,4.344645348988334,-4.286846848493199,-1.0,-1.0
2026-03-26 00:00:00,-2.687,-15.162966882262271,-9.162220178730365,0.36504302271029665,-9.162220178730365,-1.0,-1.0
2026-03-26 00:15:00,0.555,-14.057141963768576,-7.298277134242681,2.4120737022224814,-7.298277134242681,-1.0,1.0
2026-03-26 00:30:00,0.256,-13.920353772422821,-10.601030379292007,1.0555148883747665,-10.601030379292007,-1.0,1.0
2026-03-26 00:45:00,0.666,-14.005919123297302,-9.546243320461066,3.1643068925217217,-9.546243320461066,-1.0,1.0
2026-03-26 01:00:00,0.539,-15.826621405883364,-8.692455589341781,2.6649283765457734,-8.692455589341781,-1.0,1.0
2026-03-26 01:15:00,-1.103,-12.643086841604852,-5.656227085632831,3.3082514111526233,-5.656227085632831,-1.0,-1.0
2026-03-26 01:30:00,-0.295,-15.420906299631422,-4.906312158758778,2.468985373372394,-4.906312158758778,-1.0,-1.0
2026-03-26 01:45:00,3.284,-10.98353517268924,-2.210882746317156,5.114267470300587,-2.210882746317156,-1.0,1.0
2026-03-26 02:00:00,2.835,-9.972595292744025,-4.920096460739623,3.2178226162460355,-4.920096460739623,-1.0,1.0
2026-03-26 02:15:00,2.92,-9.150628909105471,-2.12578579975958,3.845557492924718,-2.12578579975958,-1.0,1.0
2026-03-26 02:30:00,1.032,-6.9366333122315895,-1.1979358092932286,1.9865002087488506,-1.1979358092932286,-1.0,1.0
2026-03-26 02:45:00,1.603,-6.117026268568391,0.1720902875853228,2.9881860667645426,0.1720902875853228,1.0,1.0
2026-03-26 03:00:00,-0.948,-5.839778586080383,-1.3116646376949395,2.919880155771767,-1.3116646376949395,-1.0,-1.0
2026-03-26 03:15:00,2.541,-4.691961321490174,-0.22829995550974289,2.824898362155104,-0.22829995550974289,-1.0,1.0
2026-03-26 03:30:00,-0.276,-3.767233275873631,-0.7593901218371688,2.9652316642253833,-0.7593901218371688,-1.0,-1.0
2026-03-26 03:45:00,-3.448,-5.177153835205106,-0.061985170395779596,3.9121560330979226,-0.061985170395779596,-1.0,-1.0
2026-03-26 04:00:00,-6.906,-4.3981395148412155,1.8660249506156674,6.159800319355577,1.8660249506156674,1.0,-1.0
2026-03-26 04:15:00,-5.637,-4.7961951967829055,2.276755375420286,6.071699621110247,2.276755375420286,1.0,-1.0
2026-03-26 04:30:00,-11.464,-3.6796999538059056,1.8106002092844267,4.90076414683157,1.8106002092844267,1.0,-1.0
2026-03-26 04:45:00,-8.985,-3.009502613506085,1.040873300865433,4.2622487012964925,1.040873300865433,1.0,-1.0
2026-03-26 05:00:00,4.295,-4.32866559641334,1.9488145070158582,5.837272750810541,1.9488145070158582,1.0,1.0
2026-03-26 05:15:00,5.988,-3.853247577434156,1.8822729962068503,6.397670355732393,1.8822729962068503,1.0,1.0
2026-03-26 05:30:00,9.74,-5.521216021567997,1.7732673625841948,5.162972538456595,1.7732673625841948,1.0,1.0
2026-03-26 05:45:00,7.893,-8.071826703230782,-0.1631954957109743,4.736691963381212,-0.1631954957109743,-1.0,1.0
2026-03-26 06:00:00,20.602,-8.396326542439363,0.29299877475176106,7.939396713156468,0.29299877475176106,1.0,1.0
2026-03-26 06:15:00,22.764,-9.101860811090901,-1.3897676018515344,7.108146018787695,-1.3897676018515344,-1.0,1.0
2026-03-26 06:30:00,24.951,-8.478347909892499,-1.6753020662128724,6.215008946406531,-1.6753020662128724,-1.0,1.0
2026-03-26 06:45:00,8.139,-9.767097958526515,-1.9779462237673435,6.27113136097384,-1.9779462237673435,-1.0,1.0
2026-03-26 07:00:00,14.899,-10.12458931644652,0.006840731483447066,7.981143370860403,0.006840731483447066,1.0,1.0
2026-03-26 07:15:00,14.76,-9.425591049562602,2.1031362844140724,10.83833371503108,2.1031362844140724,1.0,1.0
2026-03-26 07:30:00,11.123,-7.925967619961396,3.57436759576449,10.670155456543434,3.57436759576449,1.0,1.0
2026-03-26 07:45:00,13.464,-6.027881590922516,4.1858723710499,14.308380848044067,4.1858723710499,1.0,1.0
2026-03-26 08:00:00,8.167,-5.903499274957948,3.2266216356628243,17.037846557876676,3.2266216356628243,1.0,1.0
2026-03-26 08:15:00,15.252,-5.77169924872621,6.042338754591487,18.366435981207424,6.042338754591487,1.0,1.0
2026-03-26 08:30:00,14.09,-4.7612037204449225,3.002649743377795,15.54418396571834,3.002649743377795,1.0,1.0
2026-03-26 08:45:00,19.495,-6.094438300865592,4.223028232320218,19.234821515483443,4.223028232320218,1.0,1.0
2026-03-26 09:00:00,4.837,-10.339405593225582,1.531701924586237,17.349544449154617,1.531701924586237,1.0,1.0
2026-03-26 09:15:00,14.37,-8.780462989645402,2.7774501834318146,15.957886760467664,2.7774501834318146,1.0,1.0
2026-03-26 09:30:00,17.061,-4.359637660275141,6.658367133687398,20.414114181990207,6.658367133687398,1.0,1.0
2026-03-26 09:45:00,-3.61,-8.031129061860478,6.847678980204344,21.201303976594886,6.847678980204344,1.0,-1.0
2026-03-26 10:00:00,-4.708,-5.853126236876358,5.367590832196802,18.641391597698444,5.367590832196802,1.0,-1.0
2026-03-26 10:15:00,-10.304,-5.76511789412866,4.285881958055072,21.513014002496323,4.285881958055072,1.0,-1.0
2026-03-26 10:30:00,-5.1,-6.429255802860876,3.761184592901764,19.5261654998378,3.761184592901764,1.0,-1.0
2026-03-26 10:45:00,-7.465,-8.102822331130223,4.505354034190226,23.317621436698623,4.505354034190226,1.0,-1.0
2026-03-26 11:00:00,-21.805,-12.408976709016576,3.2439484936856444,16.11698370518053,3.2439484936856444,1.0,-1.0
2026-03-26 11:15:00,-21.619,-6.001390293288913,4.165429933768815,18.706918050358013,4.165429933768815,1.0,-1.0
2026-03-26 11:30:00,-14.553,-12.32075031369227,2.956717469040436,12.653338439919374,2.956717469040436,1.0,-1.0
2026-03-26 11:45:00,-15.859,-12.356998737611205,0.27968359371734136,10.112593223319706,0.27968359371734136,1.0,-1.0
2026-03-26 12:00:00,-19.383,-18.355312563542533,-2.380797217666922,8.049046516343116,-2.380797217666922,-1.0,-1.0
2026-03-26 12:15:00,-22.322,-17.902552059902302,-0.9462023361276282,10.446248116852747,-0.9462023361276282,-1.0,-1.0
2026-03-26 12:30:00,-23.279,-18.71037499382667,-1.8660042843340179,6.658188376151501,-1.8660042843340179,-1.0,-1.0
2026-03-26 12:45:00,-11.991,-21.519886723517388,-3.741089823213092,6.209054092905095,-3.741089823213092,-1.0,-1.0
2026-03-26 13:00:00,-8.156,-22.739044647884015,-3.8953464339502344,4.303219012330573,-3.8953464339502344,-1.0,-1.0
2026-03-26 13:15:00,-12.126,-19.97421433894222,-2.222199913474151,3.2496001298463044,-2.222199913474151,-1.0,-1.0
2026-03-26 13:30:00,-21.584,-21.409080899778086,-3.8783064362366533,5.053886905166354,-3.8783064362366533,-1.0,-1.0
2026-03-26 13:45:00,-19.182,-18.023646698658364,-3.190988870269545,6.336926655836722,-3.190988870269545,-1.0,-1.0
2026-03-26 14:00:00,-21.371,-20.779345409499417,-8.38470450064315,6.4320613264941775,-8.38470450064315,-1.0,-1.0
2026-03-26 14:15:00,-21.318,-22.444075477924454,-9.294282513988831,5.4038094939045305,-9.294282513988831,-1.0,-1.0
2026-03-26 14:30:00,-23.655,-17.183389881490005,-5.486699757568941,4.122550917768486,-5.486699757568941,-1.0,-1.0
2026-03-26 14:45:00,-24.156,-16.616755318021983,-5.502787826497302,5.230224061643897,-5.502787826497302,-1.0,-1.0
2026-03-26 15:00:00,-4.519,-17.799067813093565,-4.538578690834294,5.2197311692769075,-4.538578690834294,-1.0,-1.0
2026-03-26 15:15:00,3.611,-22.8381326939185,-8.688511408675659,2.9201531886606205,-8.688511408675659,-1.0,1.0
2026-03-26 15:30:00,-2.606,-20.550770201852472,-6.1240889887574665,1.7289588103993139,-6.1240889887574665,-1.0,-1.0
2026-03-26 15:45:00,-16.914,-22.347227508782424,-8.495227625795277,1.7542903511796994,-8.495227625795277,-1.0,-1.0
2026-03-26 16:00:00,7.412,-15.789839040157482,-5.501375145567452,6.055412973163385,-5.501375145567452,-1.0,1.0
2026-03-26 16:15:00,-11.07,-15.516149008404566,-6.377861956501817,4.400596660342188,-6.377861956501817,-1.0,-1.0
2026-03-26 16:30:00,-3.303,-18.525207829023028,-8.758236355154773,2.874705137249668,-8.758236355154773,-1.0,-1.0
2026-03-26 16:45:00,-7.823,-15.037384204066022,-4.723194412171098,2.6775681984487063,-4.723194412171098,-1.0,-1.0
2026-03-26 17:00:00,2.308,-12.77002955453354,-1.3017546171966121,6.944985262758997,-1.3017546171966121,-1.0,1.0
2026-03-26 17:15:00,-3.487,-7.304513575349246,-0.6261784027334041,4.836659363535262,-0.6261784027334041,-1.0,-1.0
2026-03-26 17:30:00,0.126,-15.062608522745016,-6.364920580895175,4.7575746887200365,-6.364920580895175,-1.0,1.0
2026-03-26 17:45:00,-1.16,-9.281743114457933,-1.574317581081552,6.123842799744353,-1.574317581081552,-1.0,-1.0
2026-03-26 18:00:00,18.012,-10.54846688395093,-2.591024240744254,7.66735973090905,-2.591024240744254,-1.0,1.0
2026-03-26 18:15:00,14.931,-7.892949202544123,-2.8912644721686895,4.300712818367271,-2.8912644721686895,-1.0,1.0
2026-03-26 18:30:00,12.425,-12.858668753799893,-3.4428115112427964,4.176978845344913,-3.4428115112427964,-1.0,1.0
2026-03-26 18:45:00,7.6,-13.05560754307984,-4.797962782226324,5.562547032747102,-4.797962782226324,-1.0,1.0
2026-03-26 19:00:00,4.105,-8.647694177446336,-5.068527731925243,5.210805394997273,-5.068527731925243,-1.0,1.0
2026-03-26 19:15:00,3.273,-5.461696740373995,-4.157615770056717,6.116191621758666,-4.157615770056717,-1.0,1.0
2026-03-26 19:30:00,4.11,-6.623992383982542,-0.952138905936829,8.019622271381946,-0.952138905936829,-1.0,1.0
2026-03-26 19:45:00,2.615,-3.8827324477065823,0.9180108307676387,10.211642103031828,0.9180108307676387,1.0,1.0
2026-03-26 20:00:00,-1.839,-7.992890057049654,-1.9519367255078994,9.531741153973336,-1.9519367255078994,-1.0,-1.0
2026-03-26 20:15:00,2.074,-4.43104696266679,0.3750884053734082,9.980141932130898,0.3750884053734082,1.0,1.0
2026-03-26 20:30:00,1.838,-4.58806787577048,1.8345843464722007,10.892247010657156,1.8345843464722007,1.0,1.0
2026-03-26 20:45:00,4.461,-3.7013013025282,1.957658391807713,11.725954228784735,1.957658391807713,1.0,1.0
2026-03-26 21:00:00,4.625,-8.424528019368394,-1.25333667500124,9.25413224058088,-1.25333667500124,-1.0,1.0
2026-03-26 21:15:00,14.987,-4.0411967371643875,1.1837113599565077,10.402589718923098,1.1837113599565077,1.0,1.0
2026-03-26 21:30:00,2.357,-2.1443868412431284,1.7802175859607146,10.90723869765044,1.7802175859607146,1.0,1.0
2026-03-26 21:45:00,10.421,-4.738701016282333,2.699793657733511,12.523870144090107,2.699793657733511,1.0,1.0
2026-03-26 22:00:00,-8.339,-8.441970588620908,0.1563137862321668,7.811936858159497,0.1563137862321668,1.0,-1.0
2026-03-26 22:15:00,-12.568,-5.250168532044527,0.46518134399269995,8.575157689240848,0.46518134399269995,1.0,-1.0
2026-03-26 22:30:00,-10.571,-8.336228475579333,0.5421987554149178,6.724163451354118,0.5421987554149178,1.0,-1.0
2026-03-26 22:45:00,-3.025,-5.830411862025512,1.282581228792248,8.05168877796258,1.282581228792248,1.0,-1.0
2026-03-26 23:00:00,-4.839,-6.33492723807224,0.8995428470666067,9.889061442362232,0.8995428470666067,1.0,-1.0
2026-03-26 23:15:00,-7.413,-3.465210621044017,1.957979159650847,10.025703782905039,1.957979159650847,1.0,-1.0
2026-03-26 23:30:00,-8.839,-3.2304934356758293,1.277491114168201,11.09731947688009,1.277491114168201,1.0,-1.0
2026-03-26 23:45:00,2.103,-6.8200345236717785,1.4845878418786589,9.916086460295483,1.4845878418786589,1.0,1.0
2026-03-27 00:00:00,-1.817,-8.447091907531822,-2.1753970337117328,2.9240638865233106,-2.1753970337117328,-1.0,-1.0
2026-03-27 00:15:00,-7.834,-5.368962639987098,-2.229045882377601,2.8257153280723917,-2.229045882377601,-1.0,-1.0
2026-03-27 00:30:00,-1.626,-8.482910538443843,-1.8737969903560174,3.541570697568648,-1.8737969903560174,-1.0,-1.0
2026-03-27 00:45:00,1.319,-5.866997830197303,-0.7509325390807216,5.08512612667497,-0.7509325390807216,-1.0,1.0
2026-03-27 01:00:00,0.385,-10.114625668319626,-2.5422795099944944,2.776319919677695,-2.5422795099944944,-1.0,1.0
2026-03-27 01:15:00,-2.502,-8.862270894237714,-2.6893351045699143,2.9411010629608705,-2.6893351045699143,-1.0,-1.0
2026-03-27 01:30:00,1.202,-5.015313685880553,-2.156800760048117,4.27827400435203,-2.156800760048117,-1.0,1.0
2026-03-27 01:45:00,1.007,-5.030851285212794,0.028134337332809123,5.597384366666,0.028134337332809123,1.0,1.0
2026-03-27 02:00:00,-3.914,-9.125366235080907,-1.7323220584897179,3.7312138126522068,-1.7323220584897179,-1.0,-1.0
2026-03-27 02:15:00,-9.104,-8.275164935838331,-1.9718607634737553,2.9080710199288378,-1.9718607634737553,-1.0,-1.0
2026-03-27 02:30:00,-1.659,-8.87293242104323,-2.464251685830079,3.169796904547071,-2.464251685830079,-1.0,-1.0
2026-03-27 02:45:00,-3.987,-7.553056107852664,0.15183413601844384,4.917312819748023,0.15183413601844384,1.0,-1.0
2026-03-27 03:00:00,-8.327,-8.454538661367623,-2.6295841434901046,3.8635065471088414,-2.6295841434901046,-1.0,-1.0
2026-03-27 03:15:00,-14.601,-7.172947910479509,-3.1551576153514955,4.851435006994581,-3.1551576153514955,-1.0,-1.0
2026-03-27 03:30:00,-4.666,-5.806911858144702,-3.9009384457231406,5.045086387624767,-3.9009384457231406,-1.0,-1.0
2026-03-27 03:45:00,-9.071,-6.489833805808864,-3.031212108886888,5.7924290615418625,-3.031212108886888,-1.0,-1.0
2026-03-27 04:00:00,-3.184,-11.566325160690532,-3.74962646106326,1.886511768028957,-3.74962646106326,-1.0,-1.0
2026-03-27 04:15:00,-6.449,-9.577199691362985,-3.8164094758202687,1.515940572395637,-3.8164094758202687,-1.0,-1.0
2026-03-27 04:30:00,-8.962,-12.14916348603381,-4.742607241578808,0.9230585102466083,-4.742607241578808,-1.0,-1.0
2026-03-27 04:45:00,-2.083,-11.15843116093215,-5.121929037195166,0.58374615005858,-5.121929037195166,-1.0,-1.0
2026-03-27 05:00:00,2.23,-9.934209631906816,-2.1201226617419664,2.466820534799569,-2.1201226617419664,-1.0,1.0
2026-03-27 05:15:00,3.091,-7.6258034934697125,-2.111343342739502,1.6925015216190251,-2.111343342739502,-1.0,1.0
2026-03-27 05:30:00,-1.676,-6.441253630660276,-3.72630435049483,2.071102016664326,-3.72630435049483,-1.0,-1.0
2026-03-27 05:45:00,1.846,-8.237031015280387,-3.457383665139932,2.4064824233487205,-3.457383665139932,-1.0,1.0
2026-03-27 06:00:00,17.5,-5.163181063013744,-1.4483585581703782,5.885097947158831,-1.4483585581703782,-1.0,1.0
2026-03-27 06:15:00,19.499,-4.18134173751169,-3.422217085526312,3.372057310113822,-3.422217085526312,-1.0,1.0
2026-03-27 06:30:00,21.51,-3.832052014163848,-3.736996547683356,3.6733449009538854,-3.736996547683356,-1.0,1.0
2026-03-27 06:45:00,16.756,-4.428263669813619,-2.2622727073290614,5.39245558816356,-2.2622727073290614,-1.0,1.0
2026-03-27 07:00:00,0.262,-7.908694889099087,-2.994826134059373,9.275546431112506,-2.994826134059373,-1.0,1.0
2026-03-27 07:15:00,3.47,-6.0175228222684405,-1.674463563317554,7.3843408754457736,-1.674463563317554,-1.0,1.0
2026-03-27 07:30:00,-3.347,-5.500486489827269,-0.8894268440932562,8.415624147033695,-0.8894268440932562,-1.0,-1.0
2026-03-27 07:45:00,-7.341,-5.901477771168209,1.786556824097183,14.282220100213408,1.786556824097183,1.0,-1.0
2026-03-27 08:00:00,-9.972,-11.359007934088591,1.4910709701399658,13.406154461260043,1.4910709701399658,1.0,-1.0
2026-03-27 08:15:00,-3.894,-2.241152367968811,4.652287879131712,16.115648787259,4.652287879131712,1.0,-1.0
2026-03-27 08:30:00,-15.398,-3.163568729484954,4.419290614578009,15.355744829096992,4.419290614578009,1.0,-1.0
2026-03-27 08:45:00,-12.166,-6.141204793035164,1.870808315649679,17.209604286055804,1.870808315649679,1.0,-1.0
2026-03-27 09:00:00,-22.017,-11.791916103297941,-0.7956467942419764,10.11903487219286,-0.7956467942419764,-1.0,-1.0
2026-03-27 09:15:00,-24.196,-13.04871619276786,-1.4216092930477227,8.885558989395207,-1.4216092930477227,-1.0,-1.0
2026-03-27 09:30:00,-18.775,-12.651263958631464,-1.106695094098944,10.391820084829464,-1.106695094098944,-1.0,-1.0
2026-03-27 09:45:00,-11.344,-10.723402986176383,-3.2044379241702083,11.121058015544145,-3.2044379241702083,-1.0,-1.0
2026-03-27 10:00:00,-16.62,-14.771011878470965,-3.3139659458937425,8.397075420887695,-3.3139659458937425,-1.0,-1.0
2026-03-27 10:15:00,-7.15,-14.814392023107322,-4.431315560621494,5.068635481609255,-4.431315560621494,-1.0,-1.0
2026-03-27 10:30:00,-12.643,-21.236774024337812,-2.785953485636158,5.073237400716858,-2.785953485636158,-1.0,-1.0
2026-03-27 10:45:00,-2.836,-28.859387570853755,-5.686277713949562,3.936912978132915,-5.686277713949562,-1.0,-1.0
2026-03-27 11:00:00,-17.641,-31.298396399358186,-11.627835382240702,-0.3946621268913411,-11.627835382240702,-1.0,-1.0
2026-03-27 11:15:00,-16.046,-29.41738154118912,-14.692749249365624,0.14563014372483646,-14.692749249365624,-1.0,-1.0
2026-03-27 11:30:00,-24.845,-25.053537626911194,-9.120925554731274,0.6684773314114361,-9.120925554731274,-1.0,-1.0
2026-03-27 11:45:00,-26.852,-18.90545760198963,-8.504990050018272,0.7684882052654489,-8.504990050018272,-1.0,-1.0
2026-03-27 12:00:00,-27.973,-20.738244521175954,-8.944311367547513,0.3520805637958954,-8.944311367547513,-1.0,-1.0
2026-03-27 12:15:00,-29.11,-18.43130342153566,-5.089067175993397,2.3309949384250146,-5.089067175993397,-1.0,-1.0
2026-03-27 12:30:00,-24.253,-16.820861850137252,-6.850504957840291,3.4174747969876607,-6.850504957840291,-1.0,-1.0
2026-03-27 12:45:00,-26.517,-15.538908453416662,-6.955960285839551,2.4344413025880125,-6.955960285839551,-1.0,-1.0
2026-03-27 13:00:00,-23.75,-18.661125785176235,-5.6585569853113675,2.8375760837423596,-5.6585569853113675,-1.0,-1.0
2026-03-27 13:15:00,-25.604,-25.936789997024245,-7.0041438365069295,3.2371045627951145,-7.0041438365069295,-1.0,-1.0
2026-03-27 13:30:00,-23.777,-25.904525205739795,-9.090489080725543,0.9894831931457876,-9.090489080725543,-1.0,-1.0
2026-03-27 13:45:00,-20.154,-26.310959957800225,-9.042258788015037,0.5660612775840339,-9.042258788015037,-1.0,-1.0
2026-03-27 14:00:00,-11.592,-20.68664621570685,-9.627019718939625,1.3506381635729738,-9.627019718939625,-1.0,-1.0
2026-03-27 14:15:00,-7.323,-22.970309621550054,-10.519591022387509,1.1533474801271648,-10.519591022387509,-1.0,-1.0
2026-03-27 14:30:00,-14.147,-24.663306079136966,-11.35065095613798,0.309106887208533,-11.35065095613798,-1.0,-1.0
2026-03-27 14:45:00,-23.795,-23.38455218866976,-11.594552983066658,-0.008923396236121746,-11.594552983066658,-1.0,-1.0
2026-03-27 15:00:00,-14.182,-27.001996468105897,-12.844421403674609,-1.6799058562876268,-12.844421403674609,-1.0,-1.0
2026-03-27 15:15:00,-20.928,-25.353847794095532,-12.035203900051348,-1.018888802617305,-12.035203900051348,-1.0,-1.0
2026-03-27 15:30:00,-22.271,-27.49162745346738,-14.888791280925062,-1.7379597853013429,-14.888791280925062,-1.0,-1.0
2026-03-27 15:45:00,-12.54,-25.34098181029274,-12.424758632328878,-1.9357378442193303,-12.424758632328878,-1.0,-1.0
2026-03-27 16:00:00,-25.401,-18.568203928282013,-8.084895326377588,0.8367912656762172,-8.084895326377588,-1.0,-1.0
2026-03-27 16:15:00,-15.036,-18.06382928105999,-10.394550887680644,0.8443913078285508,-10.394550887680644,-1.0,-1.0
2026-03-27 16:30:00,-16.799,-22.777376852543128,-10.290544867298951,0.9524466086194512,-10.290544867298951,-1.0,-1.0
2026-03-27 16:45:00,-21.797,-25.062789734690515,-11.257369639220519,-0.21780044060259446,-11.257369639220519,-1.0,-1.0
2026-03-27 17:00:00,-8.566,-19.639262227657426,-7.113404553896988,0.1556942946690182,-7.113404553896988,-1.0,-1.0
2026-03-27 17:15:00,-8.995,-21.11073973246578,-12.256011348883108,-1.8958423954913926,-12.256011348883108,-1.0,-1.0
2026-03-27 17:30:00,-13.982,-15.936471359174227,-6.577126357591247,0.07569073874286128,-6.577126357591247,-1.0,-1.0
2026-03-27 17:45:00,0.76,-18.178693972910544,-6.829929078142961,1.007962702704419,-6.829929078142961,-1.0,1.0
2026-03-27 18:00:00,10.33,-17.672958038576066,-4.28065357678173,8.310144249094966,-4.28065357678173,-1.0,1.0
2026-03-27 18:15:00,3.726,-12.123740874393649,-3.3901944836204825,6.95715324229831,-3.3901944836204825,-1.0,1.0
2026-03-27 18:30:00,3.596,-13.569004904110757,-7.540882784327765,4.940541120117896,-7.540882784327765,-1.0,1.0
2026-03-27 18:45:00,8.825,-14.525743031367814,-8.103389735821102,4.732236252281582,-8.103389735821102,-1.0,1.0
2026-03-27 19:00:00,-0.181,-13.338012564807727,-7.757613182560734,2.841389542383323,-7.757613182560734,-1.0,-1.0
2026-03-27 19:15:00,1.02,-12.031591673764307,-6.69322712828129,1.0033298120635927,-6.69322712828129,-1.0,1.0
2026-03-27 19:30:00,4.711,-11.655887902852031,-6.488744086284374,3.412840161790732,-6.488744086284374,-1.0,1.0
2026-03-27 19:45:00,8.34,-5.519809471824451,-1.0753408599539638,4.820965429515081,-1.0753408599539638,-1.0,1.0
2026-03-27 20:00:00,-10.909,-8.807136744900168,-3.0307683461404,4.831191526330929,-3.0307683461404,-1.0,-1.0
2026-03-27 20:15:00,-8.799,-6.345042911797611,-2.4166314254923713,3.3569491524711044,-2.4166314254923713,-1.0,-1.0
2026-03-27 20:30:00,-9.262,-4.8283193886189,-0.8187002484934318,7.1314090943065205,-0.8187002484934318,-1.0,-1.0
2026-03-27 20:45:00,-10.827,-6.336664020564179,0.18322453406772246,7.79345597663886,0.18322453406772246,1.0,-1.0
2026-03-27 21:00:00,-2.46,-6.786018426054603,-1.7123534934113636,5.574417385594959,-1.7123534934113636,-1.0,-1.0
2026-03-27 21:15:00,-7.91,-2.2931603735249837,0.5131744166267886,6.798389500251477,0.5131744166267886,1.0,-1.0
2026-03-27 21:30:00,-9.257,-1.569561656494995,1.1726846062519658,8.792741970061975,1.1726846062519658,1.0,-1.0
2026-03-27 21:45:00,-4.139,-3.2055763883255484,3.799873084128935,10.041469045363213,3.799873084128935,1.0,-1.0
2026-03-27 22:00:00,-5.997,-10.491260626726643,-3.1618972641158,4.152627192663001,-3.1618972641158,-1.0,-1.0
2026-03-27 22:15:00,-9.376,-12.065165238986536,-3.841566575666629,3.010303948694379,-3.841566575666629,-1.0,-1.0
2026-03-27 22:30:00,-1.733,-14.505264703398126,-4.5251165622064145,-0.8330223966004614,-4.5251165622064145,-1.0,-1.0
2026-03-27 22:45:00,-5.506,-10.39011420303065,-2.7839838643744277,2.2364284813717474,-2.7839838643744277,-1.0,-1.0
2026-03-27 23:00:00,-10.622,-11.688306559937795,-4.423858358413439,1.2061079659702323,-4.423858358413439,-1.0,-1.0
2026-03-27 23:15:00,-9.024,-15.990097356664272,-4.00640290814673,0.6542583032926664,-4.00640290814673,-1.0,-1.0
2026-03-27 23:30:00,-17.843,-10.853256776052948,-4.002892242826894,1.453403391089381,-4.002892242826894,-1.0,-1.0
2026-03-27 23:45:00,-11.903,-6.879864012582011,-1.019043351318468,2.815208639685876,-1.019043351318468,-1.0,-1.0
2026-03-28 00:00:00,-40.942,-10.975015411978376,-3.267407602323452,0.9165446345690489,-3.267407602323452,-1.0,-1.0
2026-03-28 00:15:00,-33.739,-11.852706655123066,-2.998586009134437,1.9518948109465495,-2.998586009134437,-1.0,-1.0
2026-03-28 00:30:00,-4.745,-8.569705393143881,-3.58503527770887,2.2113651802877707,-3.58503527770887,-1.0,-1.0
2026-03-28 00:45:00,-2.895,-9.886269676762115,-3.054212522379402,3.6909861644732387,-3.054212522379402,-1.0,-1.0
2026-03-28 01:00:00,6.825,-10.424671131529028,-3.150839993970575,2.9955616103073615,-3.150839993970575,-1.0,1.0
2026-03-28 01:15:00,0.256,-8.590349866238531,-4.841764651815669,3.195918638804281,-4.841764651815669,-1.0,1.0
2026-03-28 01:30:00,2.54,-8.198640838983565,-4.396752948015141,1.995833566462536,-4.396752948015141,-1.0,1.0
2026-03-28 01:45:00,2.073,-11.585828423780562,-1.941077468488153,2.856389651996955,-1.941077468488153,-1.0,1.0
2026-03-28 02:00:00,6.606,-15.93080986900869,-12.12523800828203,-0.9436954676224208,-12.12523800828203,-1.0,1.0
2026-03-28 02:15:00,11.708,-13.222149402979893,-7.6803204885654175,-0.37903207789264665,-7.6803204885654175,-1.0,1.0
2026-03-28 02:30:00,16.309,-12.151062969021561,-7.527366473793152,-2.0312414144627615,-7.527366473793152,-1.0,1.0
2026-03-28 02:45:00,4.474,-9.856660803504036,-3.2083743667478584,1.8246551568312728,-3.2083743667478584,-1.0,1.0
2026-03-28 03:00:00,4.767,-11.033982069223534,-6.583718321628117,1.4924604487634434,-6.583718321628117,-1.0,1.0
2026-03-28 03:15:00,0.56,-11.44527870481028,-6.012759213927897,1.0948512039734002,-6.012759213927897,-1.0,1.0
2026-03-28 03:30:00,-14.457,-12.704320976704803,-7.835395463397395,0.8147939164346937,-7.835395463397395,-1.0,-1.0
2026-03-28 03:45:00,-8.21,-10.808721388033472,-4.880713419326919,3.83347699081837,-4.880713419326919,-1.0,-1.0
2026-03-28 04:00:00,-5.961,-6.532431187484955,-0.804241918321801,7.136424222876865,-0.804241918321801,-1.0,-1.0
2026-03-28 04:15:00,-1.121,-5.226813146776208,1.1024758573446953,10.563127248681875,1.1024758573446953,1.0,-1.0
2026-03-28 04:30:00,-11.867,-5.139850818927117,0.3897528429316662,6.5789085748548555,0.3897528429316662,1.0,-1.0
2026-03-28 04:45:00,-10.18,-4.119872512426527,-1.7577170458266052,9.064306001360357,-1.7577170458266052,-1.0,-1.0
2026-03-28 05:00:00,-11.374,-4.7966269155609815,0.6353192393534149,6.012985094235013,0.6353192393534149,1.0,-1.0
2026-03-28 05:15:00,-1.411,-7.046217678826462,-1.994734235200724,2.1778962257903016,-1.994734235200724,-1.0,-1.0
2026-03-28 05:30:00,-3.789,-8.833360409049382,-4.142293486352426,1.3835662513408846,-4.142293486352426,-1.0,-1.0
2026-03-28 05:45:00,-7.954,-8.1854716222557,-3.7625377544985508,3.294681902909613,-3.7625377544985508,-1.0,-1.0
2026-03-28 06:00:00,-4.398,-6.140554745453752,-0.5108233276546466,10.090243220820756,-0.5108233276546466,-1.0,-1.0
2026-03-28 06:15:00,1.826,-8.324734702004864,-0.6090374927903808,8.189046136738462,-0.6090374927903808,-1.0,1.0
2026-03-28 06:30:00,-1.145,-8.079614191976153,-0.8544780095979045,8.435037569480205,-0.8544780095979045,-1.0,-1.0
2026-03-28 06:45:00,-5.124,-10.311463040607178,-1.9100078577831843,7.328293975272048,-1.9100078577831843,-1.0,-1.0
2026-03-28 07:00:00,-4.642,-12.436138714277972,-1.9751036588756632,8.51070428550228,-1.9751036588756632,-1.0,-1.0
2026-03-28 07:15:00,3.0,-9.964198760772964,-0.7746623123052501,9.285772036920605,-0.7746623123052501,-1.0,1.0
2026-03-28 07:30:00,3.099,-12.186384677223954,-1.501339904229824,9.142881955402286,-1.501339904229824,-1.0,1.0
2026-03-28 07:45:00,5.485,-12.730996979478133,-1.3236620077465022,9.863926331503151,-1.3236620077465022,-1.0,1.0
2026-03-28 08:00:00,-1.754,-14.16569015136165,-2.8225114685931234,11.908112774645948,-2.8225114685931234,-1.0,-1.0
2026-03-28 08:15:00,-0.887,-12.09547071223408,-1.4701776794131007,10.997461614357933,-1.4701776794131007,-1.0,-1.0
2026-03-28 08:30:00,-6.507,-12.024389152081207,-1.6420369518519904,11.204516220549067,-1.6420369518519904,-1.0,-1.0
2026-03-28 08:45:00,-8.602,-10.259932400801981,-1.8349181903487861,12.688134066788145,-1.8349181903487861,-1.0,-1.0
2026-03-28 09:00:00,-20.493,-17.16322766386551,-4.949926635278938,7.261349560453071,-4.949926635278938,-1.0,-1.0
2026-03-28 09:15:00,-28.186,-15.887580138285257,-1.838813912836741,8.534312364760158,-1.838813912836741,-1.0,-1.0
2026-03-28 09:30:00,-23.911,-16.982761234493836,-2.2447147142702626,10.950482616475478,-2.2447147142702626,-1.0,-1.0
2026-03-28 09:45:00,-17.505,-20.24401527644661,-2.6180987243290272,10.572611334792478,-2.6180987243290272,-1.0,-1.0
2026-03-28 10:00:00,-2.746,-21.321431892090285,0.8031045815406306,10.553322643776589,0.8031045815406306,1.0,-1.0
2026-03-28 10:15:00,13.373,-20.722905264548277,2.1642739547258394,10.098748731774132,2.1642739547258394,1.0,1.0
2026-03-28 10:30:00,13.828,-18.14665860737736,2.8703653581408113,10.396783979377599,2.8703653581408113,1.0,1.0
2026-03-28 10:45:00,18.517,-22.207005345930114,-0.2105455095404628,9.351634651256795,-0.2105455095404628,-1.0,1.0
2026-03-28 11:00:00,2.388,-30.03029201852088,-3.680734957133517,8.946854739452736,-3.680734957133517,-1.0,1.0
2026-03-28 11:15:00,6.271,-26.60079549543139,-3.1697902520315955,8.636238431296258,-3.1697902520315955,-1.0,1.0
2026-03-28 11:30:00,0.73,-25.36308219499251,-4.2800252401325345,9.655438237545166,-4.2800252401325345,-1.0,1.0
2026-03-28 11:45:00,4.804,-16.309125453567844,0.22393195068414012,13.267930255477014,0.22393195068414012,1.0,1.0
2026-03-28 12:00:00,20.017,-13.81119371983168,5.606666904252648,17.99129086403,5.606666904252648,1.0,1.0
2026-03-28 12:15:00,20.302,-13.451065566872517,8.072670074599431,20.464138832137934,8.072670074599431,1.0,1.0
2026-03-28 12:30:00,18.847,-13.842481858939715,7.906455389247648,24.976968044717452,7.906455389247648,1.0,1.0
2026-03-28 12:45:00,12.972,-11.936059267804323,7.779990598463354,25.696655269513297,7.779990598463354,1.0,1.0
2026-03-28 13:00:00,10.566,-11.347983157152836,1.5504156912586322,20.43624106175049,1.5504156912586322,1.0,1.0
2026-03-28 13:15:00,7.582,-10.50503165333468,2.800092323994257,20.262244846730027,2.800092323994257,1.0,1.0
2026-03-28 13:30:00,5.77,-11.180539262149285,3.999773780926104,17.141366504988973,3.999773780926104,1.0,1.0
2026-03-28 13:45:00,2.638,-8.259498065943891,4.3987968711439285,19.574491106996152,4.3987968711439285,1.0,1.0
2026-03-28 14:00:00,-0.045,-5.254859618588819,11.500797805550052,27.27828932392508,11.500797805550052,1.0,-1.0
2026-03-28 14:15:00,6.72,-4.585852164287216,10.094032398037417,25.55798748115542,10.094032398037417,1.0,1.0
2026-03-28 14:30:00,1.469,-6.739130770976961,6.858982912582437,23.150875528711246,6.858982912582437,1.0,1.0
2026-03-28 14:45:00,2.424,-7.965011646042265,5.85908596463314,21.258024570235825,5.85908596463314,1.0,1.0
2026-03-28 15:00:00,4.625,-6.75784393624244,8.75484562458536,21.740232029697793,8.75484562458536,1.0,1.0
2026-03-28 15:15:00,-0.789,-7.523190236771727,6.491804493888362,20.758668449448777,6.491804493888362,1.0,-1.0
2026-03-28 15:30:00,-6.0,-10.113193772327211,4.1805005656655005,18.92534705344646,4.1805005656655005,1.0,-1.0
2026-03-28 15:45:00,-8.626,-12.78204740063486,3.4544553291885176,20.244679598860024,3.4544553291885176,1.0,-1.0
2026-03-28 16:00:00,-0.055,-4.554396132697037,7.580380902599354,23.94926949628134,7.580380902599354,1.0,-1.0
2026-03-28 16:15:00,1.439,-6.328840714590827,6.968237968970712,19.27302236516113,6.968237968970712,1.0,1.0
2026-03-28 16:30:00,-6.377,-7.585919037784019,4.3540839416548796,14.39269365288978,4.3540839416548796,1.0,-1.0
2026-03-28 16:45:00,-6.151,-8.833162205205603,3.3705221479128524,13.054055005950463,3.3705221479128524,1.0,-1.0
2026-03-28 17:00:00,-0.766,-5.01892811831341,5.799290206696248,15.603526956382343,5.799290206696248,1.0,-1.0
2026-03-28 17:15:00,2.516,-7.887355121090402,4.469255181769476,9.748750582102483,4.469255181769476,1.0,1.0
2026-03-28 17:30:00,-11.592,-10.105186538910726,0.5891066629769408,9.952569520189607,0.5891066629769408,1.0,-1.0
2026-03-28 17:45:00,-19.556,-10.207821133876335,-0.29833749980900925,9.117288568234615,-0.29833749980900925,-1.0,-1.0
2026-03-28 18:00:00,-20.814,-4.788228257345397,2.858849583664761,13.717554648079762,2.858849583664761,1.0,-1.0
2026-03-28 18:15:00,0.241,-6.5873013283850455,3.5590898284422154,11.086798077027378,3.5590898284422154,1.0,1.0
2026-03-28 18:30:00,-10.328,-6.6173200632032,0.6886805372856184,5.900154524220427,0.6886805372856184,1.0,-1.0
2026-03-28 18:45:00,-9.33,-6.228832971250551,0.2621434320586546,6.770480661831742,0.2621434320586546,1.0,-1.0
2026-03-28 19:00:00,-24.825,-6.704324359716367,-0.7321658187222049,6.328729754175728,-0.7321658187222049,-1.0,-1.0
2026-03-28 19:15:00,-25.775,-6.157548429815561,-1.8971439397726733,3.8227907572231636,-1.8971439397726733,-1.0,-1.0
2026-03-28 19:30:00,-18.891,-11.577788620654264,-3.580627626181536,3.0634885273111094,-3.580627626181536,-1.0,-1.0
2026-03-28 19:45:00,-8.132,-14.782533153259683,-5.474968534392306,3.5367571550010477,-5.474968534392306,-1.0,-1.0
2026-03-28 20:00:00,-3.835,-13.057521895974693,-5.081105025245441,1.7079997034524317,-5.081105025245441,-1.0,-1.0
2026-03-28 20:15:00,-5.486,-12.32103285284955,-4.5435841247768405,-0.20580212531652772,-4.5435841247768405,-1.0,-1.0
2026-03-28 20:30:00,-6.72,-11.732589154192087,-3.519154596354274,0.789902970236936,-3.519154596354274,-1.0,-1.0
2026-03-28 20:45:00,-11.614,-18.40817649372536,-5.256264129951329,1.3913242168663906,-5.256264129951329,-1.0,-1.0
2026-03-28 21:00:00,-9.241,-15.221153375455168,-4.296277345370586,2.300909545141451,-4.296277345370586,-1.0,-1.0
2026-03-28 21:15:00,1.551,-14.736431083911974,-3.3527979037377222,2.53229584963997,-3.3527979037377222,-1.0,1.0
2026-03-28 21:30:00,0.223,-10.100686725577741,-5.610473458461606,2.4294415885739653,-5.610473458461606,-1.0,1.0
2026-03-28 21:45:00,4.82,-10.496033395785387,-2.4016829114848157,5.414401563777207,-2.4016829114848157,-1.0,1.0
2026-03-28 22:00:00,-5.035,-10.430361311511385,-3.8936397694886296,1.6832930008596068,-3.8936397694886296,-1.0,-1.0
2026-03-28 22:15:00,-1.31,-12.418088969347473,-2.7760793263698753,1.3659734649626685,-2.7760793263698753,-1.0,-1.0
2026-03-28 22:30:00,-1.212,-11.640984343974408,-2.5208589765990865,1.7705524004373683,-2.5208589765990865,-1.0,-1.0
2026-03-28 22:45:00,2.512,-13.032892427741281,-2.103452131236885,4.427382238539263,-2.103452131236885,-1.0,1.0
2026-03-28 23:00:00,-9.073,-13.229898085300512,-4.775430959941239,1.4697477864219655,-4.775430959941239,-1.0,-1.0
2026-03-28 23:15:00,-13.78,-11.765988853234706,-1.3707287062093583,3.7767390910871725,-1.3707287062093583,-1.0,-1.0
2026-03-28 23:30:00,-8.045,-11.608273935800446,-2.2019481989509453,2.9997746606929487,-2.2019481989509453,-1.0,-1.0
2026-03-28 23:45:00,-3.512,-12.157998888933411,-3.144419615448707,3.7024202089444143,-3.144419615448707,-1.0,-1.0
2026-03-29 00:00:00,-3.951,-12.734522122388757,-5.741590770061795,2.053337960215368,-5.741590770061795,-1.0,-1.0
2026-03-29 00:15:00,0.586,-12.627214013338683,-3.915601607120324,3.877410299766154,-3.915601607120324,-1.0,1.0
2026-03-29 00:30:00,0.8,-13.479961771600982,-3.3585308031965373,4.910985963846392,-3.3585308031965373,-1.0,1.0
2026-03-29 00:45:00,0.129,-14.971686122458099,-1.8812818557479045,7.459541971410609,-1.8812818557479045,-1.0,1.0
2026-03-29 01:00:00,-0.916,-12.633867566455116,-4.769761324018309,3.1673558513046793,-4.769761324018309,-1.0,-1.0
2026-03-29 01:15:00,-5.595,-11.262202871459282,-4.1314640591310265,3.3798913825646366,-4.1314640591310265,-1.0,-1.0
2026-03-29 01:30:00,-3.048,-11.981489159291414,-3.813513663977085,2.777469135779019,-3.813513663977085,-1.0,-1.0
2026-03-29 01:45:00,0.155,-7.91301789702857,-2.2233031303562796,4.251244992476941,-2.2233031303562796,-1.0,1.0
2026-03-29 03:00:00,-4.155,-10.13402094726475,-2.5195740852635518,3.2576870744917,-2.5195740852635518,-1.0,-1.0
2026-03-29 03:15:00,-9.347,-8.659584261516727,-1.4140967498234542,5.678456716378272,-1.4140967498234542,-1.0,-1.0
2026-03-29 03:30:00,-6.834,-8.19391343790937,-1.6934456125335975,5.111823152602063,-1.6934456125335975,-1.0,-1.0
2026-03-29 03:45:00,-5.431,-7.715916428634142,-1.0705852041921873,5.7112664999291125,-1.0705852041921873,-1.0,-1.0
2026-03-29 04:00:00,-1.458,-8.172267841381506,-3.315724769507972,5.55595681674149,-3.315724769507972,-1.0,-1.0
2026-03-29 04:15:00,-2.308,-9.34245983624137,-2.9376203941940386,3.673394895792659,-2.9376203941940386,-1.0,-1.0
2026-03-29 04:30:00,-3.346,-8.704138134561012,-1.5544933715085612,4.046893307349132,-1.5544933715085612,-1.0,-1.0
2026-03-29 04:45:00,-5.772,-9.30374804886007,-2.843336267339596,2.663280338904073,-2.843336267339596,-1.0,-1.0
2026-03-29 05:00:00,-2.106,-9.659626168222779,-3.0890272318247733,2.3453598281465196,-3.0890272318247733,-1.0,-1.0
2026-03-29 05:15:00,-0.69,-8.669852554230266,-3.1068239902430332,2.1079185894832713,-3.1068239902430332,-1.0,-1.0
2026-03-29 05:30:00,-0.308,-9.720932136220101,-3.214340524539691,0.9717994651192737,-3.214340524539691,-1.0,-1.0
2026-03-29 05:45:00,4.85,-11.848846285151504,-3.4506666379689874,1.9947509769599379,-3.4506666379689874,-1.0,1.0
2026-03-29 06:00:00,7.437,-8.239276917663824,-2.534079109919611,5.417341780368704,-2.534079109919611,-1.0,1.0
2026-03-29 06:15:00,2.495,-13.147120159501142,-3.9631379735486596,5.897905100917096,-3.9631379735486596,-1.0,1.0
2026-03-29 06:30:00,8.785,-11.515913105378548,-3.791222278924382,5.901533523159007,-3.791222278924382,-1.0,1.0
2026-03-29 06:45:00,9.133,-11.826120548906957,-4.56218720076112,5.536296764144229,-4.56218720076112,-1.0,1.0
2026-03-29 07:00:00,6.325,-9.87414039237138,-2.3017718102982045,7.454959284080096,-2.3017718102982045,-1.0,1.0
2026-03-29 07:15:00,5.923,-8.024634635080657,-1.124975692317648,7.557542215610535,-1.124975692317648,-1.0,1.0
2026-03-29 07:30:00,-1.493,-9.03020317238551,-1.3551565527234346,7.7072653331468395,-1.3551565527234346,-1.0,-1.0
2026-03-29 07:45:00,1.075,-10.47977579357804,-1.8114268003514358,7.96599422032339,-1.8114268003514358,-1.0,1.0
2026-03-29 08:00:00,-16.574,-10.455290368311365,-2.3963600336501143,9.557999732473087,-2.3963600336501143,-1.0,-1.0
2026-03-29 08:15:00,-17.332,-8.277920833261792,-1.0631771582910556,9.70102753241591,-1.0631771582910556,-1.0,-1.0
2026-03-29 08:30:00,-19.376,-9.19672712352606,-1.3058871777776582,11.428588973332964,-1.3058871777776582,-1.0,-1.0
2026-03-29 08:45:00,-9.708,-7.95929157549024,1.3897058650839829,14.553214462543611,1.3897058650839829,1.0,-1.0
2026-03-29 09:00:00,-18.329,-14.21228516226395,-2.0394026171991038,9.30002772185106,-2.0394026171991038,-1.0,-1.0
2026-03-29 09:15:00,-22.911,-10.777680288084952,-0.7260454151598237,11.417542975157184,-0.7260454151598237,-1.0,-1.0
2026-03-29 09:30:00,-26.197,-10.889752277179396,-1.3998424688181157,12.776174990399854,-1.3998424688181157,-1.0,-1.0
2026-03-29 09:45:00,-13.877,-10.89485646639457,0.34431957591084367,14.822564907131085,0.34431957591084367,1.0,-1.0
2026-03-29 10:00:00,-16.566,-15.896268488010938,-3.201397285469195,11.654984457778754,-3.201397285469195,-1.0,-1.0
2026-03-29 10:15:00,-11.703,-14.150702011362236,-3.195817840043894,7.408731492021366,-3.195817840043894,-1.0,-1.0
2026-03-29 10:30:00,-12.839,-18.182918751068964,-2.7277324323777195,6.03910773414879,-2.7277324323777195,-1.0,-1.0
2026-03-29 10:45:00,-9.562,-19.286240467127943,-4.652207590546217,6.9184416551850125,-4.652207590546217,-1.0,-1.0
2026-03-29 11:00:00,-34.252,-26.60627570060635,-10.470843319176039,1.9896451111078792,-10.470843319176039,-1.0,-1.0
2026-03-29 11:15:00,-37.242,-21.829122206439408,-9.901894110377338,4.349630401662271,-9.901894110377338,-1.0,-1.0
2026-03-29 11:30:00,-35.571,-19.274781869181748,-8.038749732275841,4.688392062079372,-8.038749732275841,-1.0,-1.0
2026-03-29 11:45:00,-25.902,-17.3898599664511,-7.440365162047718,6.293896208627259,-7.440365162047718,-1.0,-1.0
2026-03-29 12:00:00,-22.948,-21.12949890736634,-10.447440178801381,7.444610543099709,-10.447440178801381,-1.0,-1.0
2026-03-29 12:15:00,-12.677,-24.02872321846137,-9.953432030638407,7.180879879587648,-9.953432030638407,-1.0,-1.0
2026-03-29 12:30:00,-12.466,-20.89235793496181,-7.692428165926667,8.847684923505453,-7.692428165926667,-1.0,-1.0
2026-03-29 12:45:00,-16.436,-20.588636439086308,-6.107892059570257,10.50469522508764,-6.107892059570257,-1.0,-1.0
2026-03-29 13:00:00,-5.787,-17.881868716375543,-0.20261197511182608,15.485085705171164,-0.20261197511182608,-1.0,-1.0
2026-03-29 13:15:00,-12.675,-14.390316630181678,-1.2346970376039528,16.61263205760538,-1.2346970376039528,-1.0,-1.0
2026-03-29 13:30:00,-14.907,-16.829591440024256,-0.5105086104791081,19.315545829266085,-0.5105086104791081,-1.0,-1.0
2026-03-29 13:45:00,-21.334,-21.677055878225314,-5.260151514675081,16.551080015280462,-5.260151514675081,-1.0,-1.0
2026-03-29 14:00:00,-25.441,-20.586191977129577,-9.031148285200963,14.692647130073624,-9.031148285200963,-1.0,-1.0
2026-03-29 14:15:00,-19.9,-21.5396463373817,-9.370506873953188,14.558173502785454,-9.370506873953188,-1.0,-1.0
2026-03-29 14:30:00,-25.3,-24.488305723664627,-9.603896786828393,13.019417429835523,-9.603896786828393,-1.0,-1.0
2026-03-29 14:45:00,-24.046,-23.738100319323923,-8.090984864153864,13.349268818525509,-8.090984864153864,-1.0,-1.0
2026-03-29 15:00:00,-20.995,-22.525383389255417,-1.3067872342939326,17.672362693151012,-1.3067872342939326,-1.0,-1.0
2026-03-29 15:15:00,-28.679,-21.351037938286964,-3.250640820190564,14.756241308653589,-3.250640820190564,-1.0,-1.0
2026-03-29 15:30:00,-32.917,-22.905040759061727,-2.470931922576754,16.27283110206646,-2.470931922576754,-1.0,-1.0
2026-03-29 15:45:00,-24.563,-21.899852785049017,0.21351345106242525,18.677595391994956,0.21351345106242525,1.0,-1.0
2026-03-29 16:00:00,-22.946,-15.13972754487078,1.2367757663069983,17.340652036937335,1.2367757663069983,1.0,-1.0
2026-03-29 16:15:00,-21.279,-16.801212178457302,1.275036874987921,13.894642300845048,1.275036874987921,1.0,-1.0
2026-03-29 16:30:00,-28.266,-21.652547201242225,-0.1736529310092039,13.43237623773773,-0.1736529310092039,-1.0,-1.0
2026-03-29 16:45:00,-28.445,-20.882713424513344,-2.3692036598106205,12.790632609773425,-2.3692036598106205,-1.0,-1.0
2026-03-29 17:00:00,-22.323,-20.247397654744905,-3.877045355645622,10.22391038966042,-3.877045355645622,-1.0,-1.0
2026-03-29 17:15:00,-21.148,-16.883187265997975,-0.547425050504948,8.88503989891503,-0.547425050504948,-1.0,-1.0
2026-03-29 17:30:00,-9.497,-21.824139145878082,-5.148186160101266,6.202130313002167,-5.148186160101266,-1.0,-1.0
2026-03-29 17:45:00,-5.912,-20.84758742313241,-5.51359319654383,6.461556947730859,-5.51359319654383,-1.0,-1.0
2026-03-29 18:00:00,-5.415,-21.656073326167967,-5.585781807431044,8.666026958706913,-5.585781807431044,-1.0,-1.0
2026-03-29 18:15:00,-4.818,-18.534141255071315,-4.151646233904332,7.262647547818613,-4.151646233904332,-1.0,-1.0
2026-03-29 18:30:00,-11.478,-17.979148058019025,-6.640112807886821,7.127382226840495,-6.640112807886821,-1.0,-1.0
2026-03-29 18:45:00,-12.614,-20.657665241775007,-7.880694352597699,5.668180586510173,-7.880694352597699,-1.0,-1.0
2026-03-29 19:00:00,-23.284,-19.178082960897598,-6.313658299969492,5.331351720323329,-6.313658299969492,-1.0,-1.0
2026-03-29 19:15:00,-20.633,-15.46560520974256,-5.801963183642898,4.817305249777619,-5.801963183642898,-1.0,-1.0
2026-03-29 19:30:00,-11.095,-17.691653757050087,-7.297998879793466,3.501230651559277,-7.297998879793466,-1.0,-1.0
2026-03-29 19:45:00,-8.053,-14.886565619683344,-6.997209806692654,4.852922974621792,-6.997209806692654,-1.0,-1.0
2026-03-29 20:00:00,-7.285,-20.498202993674386,-6.546235625345915,5.54283939965575,-6.546235625345915,-1.0,-1.0
2026-03-29 20:15:00,-9.915,-18.124855941844064,-2.143635615260742,6.5450094289281235,-2.143635615260742,-1.0,-1.0
2026-03-29 20:30:00,-11.123,-15.256273446254301,-0.9260499668370643,7.705044953696133,-0.9260499668370643,-1.0,-1.0
2026-03-29 20:45:00,-11.291,-12.2353159696616,2.173982427655179,11.025540553042086,2.173982427655179,1.0,-1.0
2026-03-29 21:00:00,-12.144,-16.370700917702813,-2.8661328433414615,6.911828138313209,-2.8661328433414615,-1.0,-1.0
2026-03-29 21:15:00,-4.785,-15.761205016232159,-2.1868172506795474,6.226025388773535,-2.1868172506795474,-1.0,-1.0
2026-03-29 21:30:00,-3.553,-15.361758079232388,-3.5870840838868636,4.2388345982807865,-3.5870840838868636,-1.0,-1.0
2026-03-29 21:45:00,-1.253,-16.234022759647154,-2.998289683934652,6.1733947354219785,-2.998289683934652,-1.0,-1.0
2026-03-29 22:00:00,-14.28,-20.380550026363117,-9.672843273995797,-0.29676221369163003,-9.672843273995797,-1.0,-1.0
2026-03-29 22:15:00,-14.264,-18.796677664377153,-7.275300037713298,0.020663303317167828,-7.275300037713298,-1.0,-1.0
2026-03-29 22:30:00,-9.242,-15.16758542956511,-4.737998629818756,0.3312679068639853,-4.737998629818756,-1.0,-1.0
2026-03-29 22:45:00,-6.308,-13.948530430572944,-4.122287414420199,4.011103416319454,-4.122287414420199,-1.0,-1.0
