{
  "description": "Stage 2 with cascade features",
  "results": {
    "1": {
      "baseline_mae": 85.52340067340067,
      "s1_mae": 43.56071559812196,
      "s2_base_mae": 34.76764090970041,
      "s2_cascade_mae": 34.271186501777464,
      "cascade_gain": 1.4279208911883141
    },
    "2": {
      "baseline_mae": 85.59848229342327,
      "s1_mae": 55.762107563943104,
      "s2_base_mae": 48.29512183039312,
      "s2_cascade_mae": 48.047659106650535,
      "cascade_gain": 0.5123969344391486
    },
    "3": {
      "baseline_mae": 85.83063973063973,
      "s1_mae": 62.642414601501756,
      "s2_base_mae": 55.97778615469016,
      "s2_cascade_mae": 57.643816527830516,
      "cascade_gain": -2.9762348381131334
    },
    "4": {
      "baseline_mae": 84.20550206327371,
      "s1_mae": 64.89684309844009,
      "s2_base_mae": 61.11050502553234,
      "s2_cascade_mae": 62.87992803785862,
      "cascade_gain": -2.895448191087609
    },
    "5": {
      "baseline_mae": 85.5356282271945,
      "s1_mae": 70.81468954059815,
      "s2_base_mae": 68.87758989802053,
      "s2_cascade_mae": 69.62484888781105,
      "cascade_gain": -1.084908735768641
    }
  }
}