{
  "timestamp": "2026-02-02T18:54:29.929407",
  "s1_trials": 160,
  "s2_trials": 80,
  "total_time_seconds": 2835.810583,
  "results": {
    "1": {
      "status": "OK",
      "s1_mae": 39.6453063495001,
      "s2_mae": 33.112843585129646,
      "improvement": 22.550633843979867,
      "time": 644.510468
    },
    "2": {
      "status": "OK",
      "s1_mae": 48.359619277604914,
      "s2_mae": 44.80054400799861,
      "improvement": 13.47633187988802,
      "time": 623.595504
    },
    "3": {
      "status": "OK",
      "s1_mae": 53.760035537307566,
      "s2_mae": 51.26790117905686,
      "improvement": 9.364488112137996,
      "time": 595.660687
    },
    "4": {
      "status": "OK",
      "s1_mae": 57.42509398044939,
      "s2_mae": 56.25913720440568,
      "improvement": 5.845988910725892,
      "time": 483.301795
    },
    "5": {
      "status": "OK",
      "s1_mae": 59.66969232994103,
      "s2_mae": 59.870443062444565,
      "improvement": 3.9975908856725804,
      "time": 488.742129
    }
  }
}