time,price,imb,regime,hour,hour_of_day,weekday
2026-01-01 00:00:00+00:00,139.155,-20.185,deficit,0.0,0,3
2026-01-01 00:15:00+00:00,128.299,-19.59,deficit,0.25,0,3
2026-01-01 00:30:00+00:00,111.455,-13.131,deficit,0.5,0,3
2026-01-01 00:45:00+00:00,135.171,-10.001,deficit,0.75,0,3
2026-01-01 01:00:00+00:00,114.366,-20.192,deficit,1.0,1,3
2026-01-01 01:15:00+00:00,101.673,-16.387,deficit,1.25,1,3
2026-01-01 01:30:00+00:00,98.904,-21.209,deficit,1.5,1,3
2026-01-01 01:45:00+00:00,90.299,-19.766,deficit,1.75,1,3
2026-01-01 02:00:00+00:00,131.364,-22.614,deficit,2.0,2,3
2026-01-01 02:15:00+00:00,108.913,-21.524,deficit,2.25,2,3
2026-01-01 02:30:00+00:00,94.257,-17.005,deficit,2.5,2,3
2026-01-01 02:45:00+00:00,97.306,-8.81,deficit,2.75,2,3
2026-01-01 03:00:00+00:00,75.722,-5.406,deficit,3.0,3,3
2026-01-01 03:15:00+00:00,82.395,-2.764,deficit,3.25,3,3
2026-01-01 03:30:00+00:00,48.98,1.392,surplus,3.5,3,3
2026-01-01 03:45:00+00:00,81.02,-2.599,deficit,3.75,3,3
2026-01-01 04:00:00+00:00,86.886,-3.568,deficit,4.0,4,3
2026-01-01 04:15:00+00:00,76.169,-3.182,deficit,4.25,4,3
2026-01-01 04:30:00+00:00,111.145,-3.968,deficit,4.5,4,3
2026-01-01 04:45:00+00:00,81.183,-3.397,deficit,4.75,4,3
2026-01-01 05:00:00+00:00,79.691,-2.105,deficit,5.0,5,3
2026-01-01 05:15:00+00:00,75.8375,-3.061,deficit,5.25,5,3
2026-01-01 05:30:00+00:00,44.38,1.306,surplus,5.5,5,3
2026-01-01 05:45:00+00:00,71.995,-3.83,deficit,5.75,5,3
2026-01-01 06:00:00+00:00,55.793,-4.376,deficit,6.0,6,3
2026-01-01 06:15:00+00:00,78.76,1.897,surplus,6.25,6,3
2026-01-01 06:30:00+00:00,31.4943,4.868,surplus,6.5,6,3
2026-01-01 06:45:00+00:00,43.0928,0.698,surplus,6.75,6,3
2026-01-01 07:00:00+00:00,48.69,1.749,surplus,7.0,7,3
2026-01-01 07:15:00+00:00,47.5,3.465,surplus,7.25,7,3
2026-01-01 07:30:00+00:00,23.373,9.739,surplus,7.5,7,3
2026-01-01 07:45:00+00:00,-1.427,1.995,surplus,7.75,7,3
2026-01-01 08:00:00+00:00,73.796,-0.48,deficit,8.0,8,3
2026-01-01 08:15:00+00:00,44.0765,8.103,surplus,8.25,8,3
2026-01-01 08:30:00+00:00,132.873,-6.451,deficit,8.5,8,3
2026-01-01 08:45:00+00:00,11.12,2.277,surplus,8.75,8,3
2026-01-01 09:00:00+00:00,120.411,-1.06,deficit,9.0,9,3
2026-01-01 09:15:00+00:00,70.349,-1.347,deficit,9.25,9,3
2026-01-01 09:30:00+00:00,34.2418,-1.028,deficit,9.5,9,3
2026-01-01 09:45:00+00:00,1.475,3.992,surplus,9.75,9,3
2026-01-01 10:00:00+00:00,32.79,2.168,surplus,10.0,10,3
2026-01-01 10:15:00+00:00,15.832,3.95,surplus,10.25,10,3
2026-01-01 10:30:00+00:00,-12.746,4.238,surplus,10.5,10,3
2026-01-01 10:45:00+00:00,-16.125,8.1,surplus,10.75,10,3
2026-01-01 11:00:00+00:00,16.317,14.524,surplus,11.0,11,3
2026-01-01 11:15:00+00:00,1.563,10.761,surplus,11.25,11,3
2026-01-01 11:30:00+00:00,1.476,13.924,surplus,11.5,11,3
2026-01-01 11:45:00+00:00,-5.239,15.711,surplus,11.75,11,3
2026-01-01 12:00:00+00:00,-2.862,10.184,surplus,12.0,12,3
2026-01-01 12:15:00+00:00,-1.776,7.04,surplus,12.25,12,3
2026-01-01 12:30:00+00:00,25.2779,3.104,surplus,12.5,12,3
2026-01-01 12:45:00+00:00,25.3408,2.329,surplus,12.75,12,3
2026-01-01 13:00:00+00:00,28.5277,0.426,surplus,13.0,13,3
2026-01-01 13:15:00+00:00,96.539,-4.098,deficit,13.25,13,3
2026-01-01 13:30:00+00:00,123.278,-19.787,deficit,13.5,13,3
2026-01-01 13:45:00+00:00,125.412,-18.288,deficit,13.75,13,3
2026-01-01 14:00:00+00:00,131.953,-3.379,deficit,14.0,14,3
2026-01-01 14:15:00+00:00,114.654,-11.888,deficit,14.25,14,3
2026-01-01 14:30:00+00:00,97.307,-6.429,deficit,14.5,14,3
2026-01-01 14:45:00+00:00,111.133,-6.526,deficit,14.75,14,3
2026-01-01 15:00:00+00:00,75.0105,-10.766,deficit,15.0,15,3
2026-01-01 15:15:00+00:00,121.176,-10.77,deficit,15.25,15,3
2026-01-01 15:30:00+00:00,131.549,-4.858,deficit,15.5,15,3
2026-01-01 15:45:00+00:00,111.859,-9.199,deficit,15.75,15,3
2026-01-01 16:00:00+00:00,86.031,-4.566,deficit,16.0,16,3
2026-01-01 16:15:00+00:00,107.8476,-1.829,deficit,16.25,16,3
2026-01-01 16:30:00+00:00,102.6713,-2.453,deficit,16.5,16,3
2026-01-01 16:45:00+00:00,97.9537,-6.07,deficit,16.75,16,3
2026-01-01 17:00:00+00:00,93.434,-2.698,deficit,17.0,17,3
2026-01-01 17:15:00+00:00,108.02,-4.082,deficit,17.25,17,3
2026-01-01 17:30:00+00:00,96.4247,-0.979,deficit,17.5,17,3
2026-01-01 17:45:00+00:00,84.6466,-3.839,deficit,17.75,17,3
2026-01-01 18:00:00+00:00,101.024,-3.805,deficit,18.0,18,3
2026-01-01 18:15:00+00:00,95.876,-0.915,deficit,18.25,18,3
2026-01-01 18:30:00+00:00,91.5511,-1.013,deficit,18.5,18,3
2026-01-01 18:45:00+00:00,96.794,-2.237,deficit,18.75,18,3
2026-01-01 19:00:00+00:00,120.329,-2.182,deficit,19.0,19,3
2026-01-01 19:15:00+00:00,58.771,0.168,surplus,19.25,19,3
2026-01-01 19:30:00+00:00,95.8816,-2.736,deficit,19.5,19,3
2026-01-01 19:45:00+00:00,85.8765,-2.522,deficit,19.75,19,3
2026-01-01 20:00:00+00:00,140.772,-0.598,deficit,20.0,20,3
2026-01-01 20:15:00+00:00,66.13,0.498,surplus,20.25,20,3
2026-01-01 20:30:00+00:00,116.998,-3.257,deficit,20.5,20,3
2026-01-01 20:45:00+00:00,77.8212,-9.176,deficit,20.75,20,3
2026-01-01 21:00:00+00:00,142.131,-7.283,deficit,21.0,21,3
2026-01-01 21:15:00+00:00,96.954,-0.223,deficit,21.25,21,3
2026-01-01 21:30:00+00:00,86.5705,-2.51,deficit,21.5,21,3
2026-01-01 21:45:00+00:00,83.2276,-6.483,deficit,21.75,21,3
2026-01-01 22:00:00+00:00,106.843,-8.143,deficit,22.0,22,3
2026-01-01 22:15:00+00:00,43.95,4.68,surplus,22.25,22,3
2026-01-01 22:30:00+00:00,78.7123,-1.121,deficit,22.5,22,3
2026-01-01 22:45:00+00:00,64.6502,-7.02,deficit,22.75,22,3
2026-01-01 23:00:00+00:00,119.7052,-4.156,deficit,23.0,23,3
2026-01-01 23:15:00+00:00,134.131,-2.669,deficit,23.25,23,3
2026-01-01 23:30:00+00:00,98.831,-7.525,deficit,23.5,23,3
2026-01-01 23:45:00+00:00,71.314,-6.581,deficit,23.75,23,3
2026-01-02 00:00:00+00:00,72.6432,3.362,surplus,0.0,0,4
2026-01-02 00:15:00+00:00,34.184,5.326,surplus,0.25,0,4
2026-01-02 00:30:00+00:00,54.439,0.27,surplus,0.5,0,4
2026-01-02 00:45:00+00:00,30.62,0.346,surplus,0.75,0,4
2026-01-02 01:00:00+00:00,85.53,-8.204,deficit,1.0,1,4
2026-01-02 01:15:00+00:00,43.69,0.908,surplus,1.25,1,4
2026-01-02 01:30:00+00:00,38.1,0.188,surplus,1.5,1,4
2026-01-02 01:45:00+00:00,23.61,0.884,surplus,1.75,1,4
2026-01-02 02:00:00+00:00,56.116,-3.69,deficit,2.0,2,4
2026-01-02 02:15:00+00:00,43.03,1.476,surplus,2.25,2,4
2026-01-02 02:30:00+00:00,32.93,0.997,surplus,2.5,2,4
2026-01-02 02:45:00+00:00,84.178,-2.295,deficit,2.75,2,4
2026-01-02 03:00:00+00:00,90.53,-1.192,deficit,3.0,3,4
2026-01-02 03:15:00+00:00,105.481,-1.506,deficit,3.25,3,4
2026-01-02 03:30:00+00:00,57.12,1.308,surplus,3.5,3,4
2026-01-02 03:45:00+00:00,31.31,2.661,surplus,3.75,3,4
2026-01-02 04:00:00+00:00,86.356,-0.787,deficit,4.0,4,4
2026-01-02 04:15:00+00:00,54.601,1.033,surplus,4.25,4,4
2026-01-02 04:30:00+00:00,66.27,4.963,surplus,4.5,4,4
2026-01-02 04:45:00+00:00,66.374,10.928,surplus,4.75,4,4
2026-01-02 05:00:00+00:00,73.2363,-6.196,deficit,5.0,5,4
2026-01-02 05:15:00+00:00,51.682,6.358,surplus,5.25,5,4
2026-01-02 05:30:00+00:00,79.19,15.995,surplus,5.5,5,4
2026-01-02 05:45:00+00:00,64.879,16.066,surplus,5.75,5,4
2026-01-02 06:00:00+00:00,59.499,19.293,surplus,6.0,6,4
2026-01-02 06:15:00+00:00,51.863,19.896,surplus,6.25,6,4
2026-01-02 06:30:00+00:00,49.476,18.789,surplus,6.5,6,4
2026-01-02 06:45:00+00:00,51.555,14.526,surplus,6.75,6,4
2026-01-02 07:00:00+00:00,67.856,17.346,surplus,7.0,7,4
2026-01-02 07:15:00+00:00,74.605,13.961,surplus,7.25,7,4
2026-01-02 07:30:00+00:00,84.332,3.599,surplus,7.5,7,4
2026-01-02 07:45:00+00:00,88.44,2.737,surplus,7.75,7,4
2026-01-02 08:00:00+00:00,112.2,-3.471,deficit,8.0,8,4
2026-01-02 08:15:00+00:00,108.2506,-10.526,deficit,8.25,8,4
2026-01-02 08:30:00+00:00,106.1712,-5.461,deficit,8.5,8,4
2026-01-02 08:45:00+00:00,102.5533,-16.61,deficit,8.75,8,4
2026-01-02 09:00:00+00:00,111.524,-13.248,deficit,9.0,9,4
2026-01-02 09:15:00+00:00,105.9081,-10.751,deficit,9.25,9,4
2026-01-02 09:30:00+00:00,104.357,-7.802,deficit,9.5,9,4
2026-01-02 09:45:00+00:00,100.4038,-3.981,deficit,9.75,9,4
2026-01-02 10:00:00+00:00,89.04,3.759,surplus,10.0,10,4
2026-01-02 10:15:00+00:00,75.085,4.405,surplus,10.25,10,4
2026-01-02 10:30:00+00:00,101.031,-0.886,deficit,10.5,10,4
2026-01-02 10:45:00+00:00,81.96,0.175,surplus,10.75,10,4
2026-01-02 11:00:00+00:00,82.07,3.457,surplus,11.0,11,4
2026-01-02 11:15:00+00:00,81.21,4.417,surplus,11.25,11,4
2026-01-02 11:30:00+00:00,102.6059,-8.209,deficit,11.5,11,4
2026-01-02 11:45:00+00:00,101.6836,-2.486,deficit,11.75,11,4
2026-01-02 12:00:00+00:00,110.5166,-2.482,deficit,12.0,12,4
2026-01-02 12:15:00+00:00,115.3585,-6.224,deficit,12.25,12,4
2026-01-02 12:30:00+00:00,114.2947,-1.695,deficit,12.5,12,4
2026-01-02 12:45:00+00:00,53.693,2.082,surplus,12.75,12,4
2026-01-02 13:00:00+00:00,82.58,7.75,surplus,13.0,13,4
2026-01-02 13:15:00+00:00,82.235,1.977,surplus,13.25,13,4
2026-01-02 13:30:00+00:00,80.949,4.003,surplus,13.5,13,4
2026-01-02 13:45:00+00:00,121.9429,-0.364,deficit,13.75,13,4
2026-01-02 14:00:00+00:00,86.822,2.607,surplus,14.0,14,4
2026-01-02 14:15:00+00:00,61.31,6.366,surplus,14.25,14,4
2026-01-02 14:30:00+00:00,91.96,2.475,surplus,14.5,14,4
2026-01-02 14:45:00+00:00,71.253,2.259,surplus,14.75,14,4
2026-01-02 15:00:00+00:00,125.0041,-6.152,deficit,15.0,15,4
2026-01-02 15:15:00+00:00,127.787,-8.289,deficit,15.25,15,4
2026-01-02 15:30:00+00:00,131.659,-9.851,deficit,15.5,15,4
2026-01-02 15:45:00+00:00,131.527,-7.656,deficit,15.75,15,4
2026-01-02 16:00:00+00:00,132.121,-6.796,deficit,16.0,16,4
2026-01-02 16:15:00+00:00,129.8,-1.776,deficit,16.25,16,4
2026-01-02 16:30:00+00:00,128.326,-1.583,deficit,16.5,16,4
2026-01-02 16:45:00+00:00,89.649,1.372,surplus,16.75,16,4
2026-01-02 17:00:00+00:00,129.184,-2.114,deficit,17.0,17,4
2026-01-02 17:15:00+00:00,73.02,2.863,surplus,17.25,17,4
2026-01-02 17:30:00+00:00,126.5,-2.6,deficit,17.5,17,4
2026-01-02 17:45:00+00:00,127.05,-0.783,deficit,17.75,17,4
2026-01-02 18:00:00+00:00,84.974,2.333,surplus,18.0,18,4
2026-01-02 18:15:00+00:00,75.752,5.059,surplus,18.25,18,4
2026-01-02 18:30:00+00:00,75.228,3.342,surplus,18.5,18,4
2026-01-02 18:45:00+00:00,85.547,3.967,surplus,18.75,18,4
2026-01-02 19:00:00+00:00,93.087,4.387,surplus,19.0,19,4
2026-01-02 19:15:00+00:00,83.821,6.632,surplus,19.25,19,4
2026-01-02 19:30:00+00:00,128.997,-0.722,deficit,19.5,19,4
2026-01-02 19:45:00+00:00,118.2619,-0.2,deficit,19.75,19,4
2026-01-02 20:00:00+00:00,130.878,-0.399,deficit,20.0,20,4
2026-01-02 20:15:00+00:00,121.155,-3.538,deficit,20.25,20,4
2026-01-02 20:30:00+00:00,134.317,-4.82,deficit,20.5,20,4
2026-01-02 20:45:00+00:00,178.181,-10.829,deficit,20.75,20,4
2026-01-02 21:00:00+00:00,137.487,-0.397,deficit,21.0,21,4
2026-01-02 21:15:00+00:00,123.875,-2.793,deficit,21.25,21,4
2026-01-02 21:30:00+00:00,134.042,-3.377,deficit,21.5,21,4
2026-01-02 21:45:00+00:00,83.8984,2.754,surplus,21.75,21,4
2026-01-02 22:00:00+00:00,79.3559,6.217,surplus,22.0,22,4
2026-01-02 22:15:00+00:00,92.085,-5.029,deficit,22.25,22,4
2026-01-02 22:30:00+00:00,96.685,-9.299,deficit,22.5,22,4
2026-01-02 22:45:00+00:00,86.867,-4.957,deficit,22.75,22,4
2026-01-02 23:00:00+00:00,138.762,-5.562,deficit,23.0,23,4
2026-01-02 23:15:00+00:00,91.069,-2.081,deficit,23.25,23,4
2026-01-02 23:30:00+00:00,86.801,-2.713,deficit,23.5,23,4
2026-01-02 23:45:00+00:00,76.21,3.496,surplus,23.75,23,4
2026-01-03 00:00:00+00:00,99.7181,-3.286,deficit,0.0,0,5
2026-01-03 00:15:00+00:00,99.7181,-5.228,deficit,0.25,0,5
2026-01-03 00:30:00+00:00,99.7181,-9.267,deficit,0.5,0,5
2026-01-03 00:45:00+00:00,37.957,2.723,surplus,0.75,0,5
2026-01-03 01:00:00+00:00,97.185,-2.668,deficit,1.0,1,5
2026-01-03 01:15:00+00:00,94.7229,-5.392,deficit,1.25,1,5
2026-01-03 01:30:00+00:00,94.7229,-4.806,deficit,1.5,1,5
2026-01-03 01:45:00+00:00,57.731,4.306,surplus,1.75,1,5
2026-01-03 02:00:00+00:00,97.3776,-0.618,deficit,2.0,2,5
2026-01-03 02:15:00+00:00,52.56,1.209,surplus,2.25,2,5
2026-01-03 02:30:00+00:00,97.3776,-3.832,deficit,2.5,2,5
2026-01-03 02:45:00+00:00,44.551,0.044,surplus,2.75,2,5
2026-01-03 03:00:00+00:00,13.33,8.335,surplus,3.0,3,5
2026-01-03 03:15:00+00:00,58.842,0.175,surplus,3.25,3,5
2026-01-03 03:30:00+00:00,97.657,-0.531,deficit,3.5,3,5
2026-01-03 03:45:00+00:00,89.0658,-4.805,deficit,3.75,3,5
2026-01-03 04:00:00+00:00,88.2713,-0.127,deficit,4.0,4,5
2026-01-03 04:15:00+00:00,94.0606,-4.126,deficit,4.25,4,5
2026-01-03 04:30:00+00:00,96.015,-4.538,deficit,4.5,4,5
2026-01-03 04:45:00+00:00,99.001,-13.126,deficit,4.75,4,5
2026-01-03 05:00:00+00:00,100.4951,-3.472,deficit,5.0,5,5
2026-01-03 05:15:00+00:00,100.4951,-2.278,deficit,5.25,5,5
2026-01-03 05:30:00+00:00,100.4951,-0.656,deficit,5.5,5,5
2026-01-03 05:45:00+00:00,100.4951,-3.761,deficit,5.75,5,5
2026-01-03 06:00:00+00:00,44.441,3.16,surplus,6.0,6,5
2026-01-03 06:15:00+00:00,82.05,4.999,surplus,6.25,6,5
2026-01-03 06:30:00+00:00,79.013,8.651,surplus,6.5,6,5
2026-01-03 06:45:00+00:00,87.96,9.045,surplus,6.75,6,5
2026-01-03 07:00:00+00:00,105.019,-4.589,deficit,7.0,7,5
2026-01-03 07:15:00+00:00,105.019,-3.995,deficit,7.25,7,5
2026-01-03 07:30:00+00:00,105.019,-8.73,deficit,7.5,7,5
2026-01-03 07:45:00+00:00,101.915,-11.759,deficit,7.75,7,5
2026-01-03 08:00:00+00:00,104.885,-19.086,deficit,8.0,8,5
2026-01-03 08:15:00+00:00,106.0464,-21.857,deficit,8.25,8,5
2026-01-03 08:30:00+00:00,106.0464,-18.056,deficit,8.5,8,5
2026-01-03 08:45:00+00:00,106.0464,-19.74,deficit,8.75,8,5
2026-01-03 09:00:00+00:00,108.834,-19.747,deficit,9.0,9,5
2026-01-03 09:15:00+00:00,104.5,-17.133,deficit,9.25,9,5
2026-01-03 09:30:00+00:00,118.562,-12.858,deficit,9.5,9,5
2026-01-03 09:45:00+00:00,101.9666,-3.217,deficit,9.75,9,5
2026-01-03 10:00:00+00:00,101.145,-13.47,deficit,10.0,10,5
2026-01-03 10:15:00+00:00,98.4309,-11.995,deficit,10.25,10,5
2026-01-03 10:30:00+00:00,100.007,-13.423,deficit,10.5,10,5
2026-01-03 10:45:00+00:00,98.4309,-9.267,deficit,10.75,10,5
2026-01-03 11:00:00+00:00,100.4587,-9.58,deficit,11.0,11,5
2026-01-03 11:15:00+00:00,100.4587,-8.696,deficit,11.25,11,5
2026-01-03 11:30:00+00:00,99.7503,-7.288,deficit,11.5,11,5
2026-01-03 11:45:00+00:00,100.4587,-9.185,deficit,11.75,11,5
2026-01-03 12:00:00+00:00,98.4894,-2.3,deficit,12.0,12,5
2026-01-03 12:15:00+00:00,75.641,3.04,surplus,12.25,12,5
2026-01-03 12:30:00+00:00,81.63,7.409,surplus,12.5,12,5
2026-01-03 12:45:00+00:00,88.5834,4.908,surplus,12.75,12,5
2026-01-03 13:00:00+00:00,69.843,9.236,surplus,13.0,13,5
2026-01-03 13:15:00+00:00,111.362,-0.744,deficit,13.25,13,5
2026-01-03 13:30:00+00:00,118.969,-2.811,deficit,13.5,13,5
2026-01-03 13:45:00+00:00,113.135,-3.326,deficit,13.75,13,5
2026-01-03 14:00:00+00:00,113.2988,-10.568,deficit,14.0,14,5
2026-01-03 14:15:00+00:00,114.117,-14.922,deficit,14.25,14,5
2026-01-03 14:30:00+00:00,117.37,-2.53,deficit,14.5,14,5
2026-01-03 14:45:00+00:00,131.802,-1.057,deficit,14.75,14,5
2026-01-03 15:00:00+00:00,131.1115,-4.523,deficit,15.0,15,5
2026-01-03 15:15:00+00:00,129.5808,-3.867,deficit,15.25,15,5
2026-01-03 15:30:00+00:00,122.947,-0.01,deficit,15.5,15,5
2026-01-03 15:45:00+00:00,124.0466,-3.717,deficit,15.75,15,5
2026-01-03 16:00:00+00:00,125.4476,-4.336,deficit,16.0,16,5
2026-01-03 16:15:00+00:00,125.7416,-1.128,deficit,16.25,16,5
2026-01-03 16:30:00+00:00,125.1102,-3.368,deficit,16.5,16,5
2026-01-03 16:45:00+00:00,125.1834,-0.876,deficit,16.75,16,5
2026-01-03 17:00:00+00:00,127.237,-8.531,deficit,17.0,17,5
2026-01-03 17:15:00+00:00,94.374,1.891,surplus,17.25,17,5
2026-01-03 17:30:00+00:00,125.345,-2.859,deficit,17.5,17,5
2026-01-03 17:45:00+00:00,123.1212,-8.266,deficit,17.75,17,5
2026-01-03 18:00:00+00:00,129.5299,-13.302,deficit,18.0,18,5
2026-01-03 18:15:00+00:00,128.3228,-3.77,deficit,18.25,18,5
2026-01-03 18:30:00+00:00,128.9153,-12.352,deficit,18.5,18,5
2026-01-03 18:45:00+00:00,121.374,-9.51,deficit,18.75,18,5
2026-01-03 19:00:00+00:00,282.391,-17.712,deficit,19.0,19,5
2026-01-03 19:15:00+00:00,255.943,-19.068,deficit,19.25,19,5
2026-01-03 19:30:00+00:00,151.127,-8.759,deficit,19.5,19,5
2026-01-03 19:45:00+00:00,118.288,-3.344,deficit,19.75,19,5
2026-01-03 20:00:00+00:00,152.801,-3.27,deficit,20.0,20,5
2026-01-03 20:15:00+00:00,125.622,-3.26,deficit,20.25,20,5
2026-01-03 20:30:00+00:00,84.405,1.13,surplus,20.5,20,5
2026-01-03 20:45:00+00:00,106.6763,-0.368,deficit,20.75,20,5
2026-01-03 21:00:00+00:00,105.8554,-3.082,deficit,21.0,21,5
2026-01-03 21:15:00+00:00,105.8554,-13.089,deficit,21.25,21,5
2026-01-03 21:30:00+00:00,106.9889,-6.786,deficit,21.5,21,5
2026-01-03 21:45:00+00:00,105.5889,-10.821,deficit,21.75,21,5
2026-01-03 22:00:00+00:00,108.671,-4.33,deficit,22.0,22,5
2026-01-03 22:15:00+00:00,104.4888,-11.659,deficit,22.25,22,5
2026-01-03 22:30:00+00:00,117.819,-10.833,deficit,22.5,22,5
2026-01-03 22:45:00+00:00,104.022,-9.364,deficit,22.75,22,5
2026-01-03 23:00:00+00:00,137.933,-0.883,deficit,23.0,23,5
2026-01-03 23:15:00+00:00,89.42,0.64,surplus,23.25,23,5
2026-01-03 23:30:00+00:00,96.791,-0.884,deficit,23.5,23,5
2026-01-03 23:45:00+00:00,92.488,-1.225,deficit,23.75,23,5
2026-01-04 00:00:00+00:00,87.72,5.414,surplus,0.0,0,6
2026-01-04 00:15:00+00:00,53.91,0.138,surplus,0.25,0,6
2026-01-04 00:30:00+00:00,41.839,0.506,surplus,0.5,0,6
2026-01-04 00:45:00+00:00,56.007,3.682,surplus,0.75,0,6
2026-01-04 01:00:00+00:00,95.843,-5.327,deficit,1.0,1,6
2026-01-04 01:15:00+00:00,49.758,4.199,surplus,1.25,1,6
2026-01-04 01:30:00+00:00,72.121,1.492,surplus,1.5,1,6
2026-01-04 01:45:00+00:00,22.799,4.944,surplus,1.75,1,6
2026-01-04 02:00:00+00:00,31.142,0.731,surplus,2.0,2,6
2026-01-04 02:15:00+00:00,17.813,2.005,surplus,2.25,2,6
2026-01-04 02:30:00+00:00,91.773,-2.609,deficit,2.5,2,6
2026-01-04 02:45:00+00:00,67.576,1.427,surplus,2.75,2,6
2026-01-04 03:00:00+00:00,97.321,-1.777,deficit,3.0,3,6
2026-01-04 03:15:00+00:00,100.864,-4.597,deficit,3.25,3,6
2026-01-04 03:30:00+00:00,95.676,-4.595,deficit,3.5,3,6
2026-01-04 03:45:00+00:00,81.0437,0.861,surplus,3.75,3,6
2026-01-04 04:00:00+00:00,80.224,2.206,surplus,4.0,4,6
2026-01-04 04:15:00+00:00,83.18,3.832,surplus,4.25,4,6
2026-01-04 04:30:00+00:00,84.01,2.166,surplus,4.5,4,6
2026-01-04 04:45:00+00:00,71.866,7.236,surplus,4.75,4,6
2026-01-04 05:00:00+00:00,77.018,2.244,surplus,5.0,5,6
2026-01-04 05:15:00+00:00,75.233,5.58,surplus,5.25,5,6
2026-01-04 05:30:00+00:00,55.971,2.309,surplus,5.5,5,6
2026-01-04 05:45:00+00:00,93.269,-1.984,deficit,5.75,5,6
2026-01-04 06:00:00+00:00,82.693,4.232,surplus,6.0,6,6
2026-01-04 06:15:00+00:00,82.07,5.298,surplus,6.25,6,6
2026-01-04 06:30:00+00:00,86.9,4.81,surplus,6.5,6,6
2026-01-04 06:45:00+00:00,90.1,10.376,surplus,6.75,6,6
2026-01-04 07:00:00+00:00,77.663,4.22,surplus,7.0,7,6
2026-01-04 07:15:00+00:00,97.449,-0.205,deficit,7.25,7,6
2026-01-04 07:30:00+00:00,97.735,-5.624,deficit,7.5,7,6
2026-01-04 07:45:00+00:00,98.549,-0.941,deficit,7.75,7,6
2026-01-04 08:00:00+00:00,103.422,-20.434,deficit,8.0,8,6
2026-01-04 08:15:00+00:00,105.6,-11.929,deficit,8.25,8,6
2026-01-04 08:30:00+00:00,105.589,-3.921,deficit,8.5,8,6
2026-01-04 08:45:00+00:00,100.309,-1.674,deficit,8.75,8,6
2026-01-04 09:00:00+00:00,89.783,2.374,surplus,9.0,9,6
2026-01-04 09:15:00+00:00,73.731,4.367,surplus,9.25,9,6
2026-01-04 09:30:00+00:00,65.017,2.395,surplus,9.5,9,6
2026-01-04 09:45:00+00:00,45.276,13.22,surplus,9.75,9,6
2026-01-04 10:00:00+00:00,93.85,2.796,surplus,10.0,10,6
2026-01-04 10:15:00+00:00,78.878,3.201,surplus,10.25,10,6
2026-01-04 10:30:00+00:00,89.96,7.059,surplus,10.5,10,6
2026-01-04 10:45:00+00:00,89.71,5.973,surplus,10.75,10,6
2026-01-04 11:00:00+00:00,70.952,4.982,surplus,11.0,11,6
2026-01-04 11:15:00+00:00,30.187,7.473,surplus,11.25,11,6
2026-01-04 11:30:00+00:00,-11.975,5.017,surplus,11.5,11,6
2026-01-04 11:45:00+00:00,3.147,15.183,surplus,11.75,11,6
2026-01-04 12:00:00+00:00,79.525,16.871,surplus,12.0,12,6
2026-01-04 12:15:00+00:00,84.8851,13.736,surplus,12.25,12,6
2026-01-04 12:30:00+00:00,84.3736,9.468,surplus,12.5,12,6
2026-01-04 12:45:00+00:00,83.7435,17.629,surplus,12.75,12,6
2026-01-04 13:00:00+00:00,83.5,22.289,surplus,13.0,13,6
2026-01-04 13:15:00+00:00,89.51,17.955,surplus,13.25,13,6
2026-01-04 13:30:00+00:00,91.1044,5.933,surplus,13.5,13,6
2026-01-04 13:45:00+00:00,91.1044,1.552,surplus,13.75,13,6
2026-01-04 14:00:00+00:00,73.029,17.389,surplus,14.0,14,6
2026-01-04 14:15:00+00:00,89.942,7.422,surplus,14.25,14,6
2026-01-04 14:30:00+00:00,91.4177,0.747,surplus,14.5,14,6
2026-01-04 14:45:00+00:00,142.267,-0.476,deficit,14.75,14,6
2026-01-04 15:00:00+00:00,39.807,17.283,surplus,15.0,15,6
2026-01-04 15:15:00+00:00,66.487,5.589,surplus,15.25,15,6
2026-01-04 15:30:00+00:00,145.775,-11.042,deficit,15.5,15,6
2026-01-04 15:45:00+00:00,134.263,-7.742,deficit,15.75,15,6
2026-01-04 16:00:00+00:00,140.131,-1.652,deficit,16.0,16,6
2026-01-04 16:15:00+00:00,134.532,-8.683,deficit,16.25,16,6
2026-01-04 16:30:00+00:00,135.6166,-7.262,deficit,16.5,16,6
2026-01-04 16:45:00+00:00,140.226,-23.624,deficit,16.75,16,6
2026-01-04 17:00:00+00:00,145.237,-3.429,deficit,17.0,17,6
2026-01-04 17:15:00+00:00,142.011,-2.612,deficit,17.25,17,6
2026-01-04 17:30:00+00:00,137.3144,-4.772,deficit,17.5,17,6
2026-01-04 17:45:00+00:00,139.135,-1.737,deficit,17.75,17,6
2026-01-04 18:00:00+00:00,138.5784,-6.409,deficit,18.0,18,6
2026-01-04 18:15:00+00:00,138.5784,-16.773,deficit,18.25,18,6
2026-01-04 18:30:00+00:00,139.2003,-13.204,deficit,18.5,18,6
2026-01-04 18:45:00+00:00,137.5979,-14.766,deficit,18.75,18,6
2026-01-04 19:00:00+00:00,137.944,-12.645,deficit,19.0,19,6
2026-01-04 19:15:00+00:00,134.883,-12.435,deficit,19.25,19,6
2026-01-04 19:30:00+00:00,134.7905,-11.898,deficit,19.5,19,6
2026-01-04 19:45:00+00:00,131.7196,-9.638,deficit,19.75,19,6
2026-01-04 20:00:00+00:00,132.737,-18.273,deficit,20.0,20,6
2026-01-04 20:15:00+00:00,126.3343,-22.624,deficit,20.25,20,6
2026-01-04 20:30:00+00:00,128.507,-25.547,deficit,20.5,20,6
2026-01-04 20:45:00+00:00,118.4089,-20.896,deficit,20.75,20,6
2026-01-04 21:00:00+00:00,143.886,-47.327,deficit,21.0,21,6
2026-01-04 21:15:00+00:00,140.069,-106.119,deficit,21.25,21,6
2026-01-04 21:30:00+00:00,140.062,-118.982,deficit,21.5,21,6
2026-01-04 21:45:00+00:00,126.915,-106.975,deficit,21.75,21,6
2026-01-04 22:00:00+00:00,243.24,-71.54,deficit,22.0,22,6
2026-01-04 22:15:00+00:00,145.2,-24.665,deficit,22.25,22,6
2026-01-04 22:30:00+00:00,104.0445,-8.632,deficit,22.5,22,6
2026-01-04 22:45:00+00:00,103.9388,-0.504,deficit,22.75,22,6
2026-01-04 23:00:00+00:00,132.444,-4.475,deficit,23.0,23,6
2026-01-04 23:15:00+00:00,108.532,-6.987,deficit,23.25,23,6
2026-01-04 23:30:00+00:00,110.2093,-5.299,deficit,23.5,23,6
2026-01-04 23:45:00+00:00,116.072,-1.941,deficit,23.75,23,6
2026-01-05 00:00:00+00:00,379.815,-15.077,deficit,0.0,0,0
2026-01-05 00:15:00+00:00,145.2,-13.492,deficit,0.25,0,0
2026-01-05 00:30:00+00:00,448.124,-18.892,deficit,0.5,0,0
2026-01-05 00:45:00+00:00,145.2,-8.259,deficit,0.75,0,0
2026-01-05 01:00:00+00:00,844.281,-24.305,deficit,1.0,1,0
2026-01-05 01:15:00+00:00,401.183,-24.223,deficit,1.25,1,0
2026-01-05 01:30:00+00:00,271.236,-26.484,deficit,1.5,1,0
2026-01-05 01:45:00+00:00,113.636,-16.942,deficit,1.75,1,0
2026-01-05 02:00:00+00:00,97.093,-24.262,deficit,2.0,2,0
2026-01-05 02:15:00+00:00,94.567,-28.692,deficit,2.25,2,0
2026-01-05 02:30:00+00:00,111.341,-18.221,deficit,2.5,2,0
2026-01-05 02:45:00+00:00,95.898,-21.665,deficit,2.75,2,0
2026-01-05 03:00:00+00:00,96.9824,-19.437,deficit,3.0,3,0
2026-01-05 03:15:00+00:00,96.6982,-21.716,deficit,3.25,3,0
2026-01-05 03:30:00+00:00,96.5248,-23.74,deficit,3.5,3,0
2026-01-05 03:45:00+00:00,101.336,-29.583,deficit,3.75,3,0
2026-01-05 04:00:00+00:00,96.206,-28.842,deficit,4.0,4,0
2026-01-05 04:15:00+00:00,97.185,-19.75,deficit,4.25,4,0
2026-01-05 04:30:00+00:00,99.2194,-18.257,deficit,4.5,4,0
2026-01-05 04:45:00+00:00,108.361,-17.169,deficit,4.75,4,0
2026-01-05 05:00:00+00:00,102.9262,-10.339,deficit,5.0,5,0
2026-01-05 05:15:00+00:00,122.55,-1.731,deficit,5.25,5,0
2026-01-05 05:30:00+00:00,130.9824,-4.887,deficit,5.5,5,0
2026-01-05 05:45:00+00:00,137.61,-7.302,deficit,5.75,5,0
2026-01-05 06:00:00+00:00,141.9472,-1.57,deficit,6.0,6,0
2026-01-05 06:15:00+00:00,145.3787,-4.426,deficit,6.25,6,0
2026-01-05 06:30:00+00:00,168.748,-4.777,deficit,6.5,6,0
2026-01-05 06:45:00+00:00,163.801,-9.636,deficit,6.75,6,0
2026-01-05 07:00:00+00:00,172.6414,-14.061,deficit,7.0,7,0
2026-01-05 07:15:00+00:00,177.4609,-12.845,deficit,7.25,7,0
2026-01-05 07:30:00+00:00,174.9451,-20.571,deficit,7.5,7,0
2026-01-05 07:45:00+00:00,174.9917,-22.374,deficit,7.75,7,0
2026-01-05 08:00:00+00:00,179.289,-21.733,deficit,8.0,8,0
2026-01-05 08:15:00+00:00,190.016,-24.929,deficit,8.25,8,0
2026-01-05 08:30:00+00:00,223.688,-21.081,deficit,8.5,8,0
2026-01-05 08:45:00+00:00,227.233,-17.214,deficit,8.75,8,0
2026-01-05 09:00:00+00:00,181.521,-7.938,deficit,9.0,9,0
2026-01-05 09:15:00+00:00,201.207,-12.5,deficit,9.25,9,0
2026-01-05 09:30:00+00:00,182.396,-12.813,deficit,9.5,9,0
2026-01-05 09:45:00+00:00,186.197,-17.307,deficit,9.75,9,0
2026-01-05 10:00:00+00:00,181.5871,-14.64,deficit,10.0,10,0
2026-01-05 10:15:00+00:00,182.0693,-18.492,deficit,10.25,10,0
2026-01-05 10:30:00+00:00,179.1841,-11.656,deficit,10.5,10,0
2026-01-05 10:45:00+00:00,179.9914,-13.81,deficit,10.75,10,0
2026-01-05 11:00:00+00:00,191.407,-14.675,deficit,11.0,11,0
2026-01-05 11:15:00+00:00,229.198,-20.117,deficit,11.25,11,0
2026-01-05 11:30:00+00:00,219.278,-20.283,deficit,11.5,11,0
2026-01-05 11:45:00+00:00,180.4373,-18.004,deficit,11.75,11,0
2026-01-05 12:00:00+00:00,195.175,-28.154,deficit,12.0,12,0
2026-01-05 12:15:00+00:00,224.49,-25.72,deficit,12.25,12,0
2026-01-05 12:30:00+00:00,306.686,-23.688,deficit,12.5,12,0
2026-01-05 12:45:00+00:00,282.962,-20.815,deficit,12.75,12,0
2026-01-05 13:00:00+00:00,239.6923,-8.115,deficit,13.0,13,0
2026-01-05 13:15:00+00:00,244.5746,-9.063,deficit,13.25,13,0
2026-01-05 13:30:00+00:00,264.8195,-16.594,deficit,13.5,13,0
2026-01-05 13:45:00+00:00,279.6628,-27.874,deficit,13.75,13,0
2026-01-05 14:00:00+00:00,291.9186,-13.644,deficit,14.0,14,0
2026-01-05 14:15:00+00:00,307.2842,-13.123,deficit,14.25,14,0
2026-01-05 14:30:00+00:00,303.3966,-8.763,deficit,14.5,14,0
2026-01-05 14:45:00+00:00,309.0492,-7.138,deficit,14.75,14,0
2026-01-05 15:00:00+00:00,311.3196,-44.033,deficit,15.0,15,0
2026-01-05 15:15:00+00:00,319.0025,-45.328,deficit,15.25,15,0
2026-01-05 15:30:00+00:00,363.84,-39.022,deficit,15.5,15,0
2026-01-05 15:45:00+00:00,338.1085,-40.824,deficit,15.75,15,0
2026-01-05 16:00:00+00:00,389.9699,-28.911,deficit,16.0,16,0
2026-01-05 16:15:00+00:00,552.175,-32.978,deficit,16.25,16,0
2026-01-05 16:30:00+00:00,486.192,-38.929,deficit,16.5,16,0
2026-01-05 16:45:00+00:00,612.163,-42.894,deficit,16.75,16,0
2026-01-05 17:00:00+00:00,397.7181,-47.484,deficit,17.0,17,0
2026-01-05 17:15:00+00:00,398.4641,-43.229,deficit,17.25,17,0
2026-01-05 17:30:00+00:00,396.1627,-42.746,deficit,17.5,17,0
2026-01-05 17:45:00+00:00,392.5187,-38.926,deficit,17.75,17,0
2026-01-05 18:00:00+00:00,428.1059,-8.176,deficit,18.0,18,0
2026-01-05 18:15:00+00:00,391.0499,-8.921,deficit,18.25,18,0
2026-01-05 18:30:00+00:00,382.0647,-6.121,deficit,18.5,18,0
2026-01-05 18:45:00+00:00,138.11,0.946,surplus,18.75,18,0
2026-01-05 19:00:00+00:00,277.5213,-3.327,deficit,19.0,19,0
2026-01-05 19:15:00+00:00,252.0746,-3.177,deficit,19.25,19,0
2026-01-05 19:30:00+00:00,235.987,-7.386,deficit,19.5,19,0
2026-01-05 19:45:00+00:00,221.1334,-5.332,deficit,19.75,19,0
2026-01-05 20:00:00+00:00,285.837,-22.216,deficit,20.0,20,0
2026-01-05 20:15:00+00:00,228.773,-22.566,deficit,20.25,20,0
2026-01-05 20:30:00+00:00,177.9203,-20.856,deficit,20.5,20,0
2026-01-05 20:45:00+00:00,174.6611,-25.85,deficit,20.75,20,0
2026-01-05 21:00:00+00:00,170.0118,-22.535,deficit,21.0,21,0
2026-01-05 21:15:00+00:00,164.2523,-29.261,deficit,21.25,21,0
2026-01-05 21:30:00+00:00,191.871,-30.839,deficit,21.5,21,0
2026-01-05 21:45:00+00:00,161.113,-23.894,deficit,21.75,21,0
2026-01-05 22:00:00+00:00,187.917,-31.681,deficit,22.0,22,0
2026-01-05 22:15:00+00:00,200.095,-34.32,deficit,22.25,22,0
2026-01-05 22:30:00+00:00,179.178,-33.1,deficit,22.5,22,0
2026-01-05 22:45:00+00:00,194.073,-26.217,deficit,22.75,22,0
2026-01-05 23:00:00+00:00,222.692,-23.703,deficit,23.0,23,0
2026-01-05 23:15:00+00:00,141.7,-22.429,deficit,23.25,23,0
2026-01-05 23:30:00+00:00,135.578,-15.417,deficit,23.5,23,0
2026-01-05 23:45:00+00:00,130.9015,-16.416,deficit,23.75,23,0
2026-01-06 00:00:00+00:00,132.338,-21.758,deficit,0.0,0,1
2026-01-06 00:15:00+00:00,137.562,-22.175,deficit,0.25,0,1
2026-01-06 00:30:00+00:00,120.631,-22.041,deficit,0.5,0,1
2026-01-06 00:45:00+00:00,130.6072,-22.352,deficit,0.75,0,1
2026-01-06 01:00:00+00:00,143.633,-21.66,deficit,1.0,1,1
2026-01-06 01:15:00+00:00,144.244,-21.864,deficit,1.25,1,1
2026-01-06 01:30:00+00:00,128.9246,-21.146,deficit,1.5,1,1
2026-01-06 01:45:00+00:00,128.9246,-19.584,deficit,1.75,1,1
2026-01-06 02:00:00+00:00,127.8726,-23.836,deficit,2.0,2,1
2026-01-06 02:15:00+00:00,127.8726,-19.748,deficit,2.25,2,1
2026-01-06 02:30:00+00:00,139.238,-24.423,deficit,2.5,2,1
2026-01-06 02:45:00+00:00,140.288,-25.114,deficit,2.75,2,1
2026-01-06 03:00:00+00:00,143.417,-27.747,deficit,3.0,3,1
2026-01-06 03:15:00+00:00,150.369,-25.197,deficit,3.25,3,1
2026-01-06 03:30:00+00:00,128.2098,-24.587,deficit,3.5,3,1
2026-01-06 03:45:00+00:00,128.806,-20.359,deficit,3.75,3,1
2026-01-06 04:00:00+00:00,153.8695,-23.841,deficit,4.0,4,1
2026-01-06 04:15:00+00:00,157.0487,-21.147,deficit,4.25,4,1
2026-01-06 04:30:00+00:00,156.9731,-24.459,deficit,4.5,4,1
2026-01-06 04:45:00+00:00,159.1318,-26.079,deficit,4.75,4,1
2026-01-06 05:00:00+00:00,160.544,-14.322,deficit,5.0,5,1
2026-01-06 05:15:00+00:00,161.2828,-5.129,deficit,5.25,5,1
2026-01-06 05:30:00+00:00,162.2178,-8.371,deficit,5.5,5,1
2026-01-06 05:45:00+00:00,170.931,-12.893,deficit,5.75,5,1
2026-01-06 06:00:00+00:00,202.6613,-19.656,deficit,6.0,6,1
2026-01-06 06:15:00+00:00,210.6305,-22.619,deficit,6.25,6,1
2026-01-06 06:30:00+00:00,216.425,-19.118,deficit,6.5,6,1
2026-01-06 06:45:00+00:00,216.7985,-18.729,deficit,6.75,6,1
2026-01-06 07:00:00+00:00,266.8852,-29.611,deficit,7.0,7,1
2026-01-06 07:15:00+00:00,266.8852,-35.259,deficit,7.25,7,1
2026-01-06 07:30:00+00:00,264.9502,-44.074,deficit,7.5,7,1
2026-01-06 07:45:00+00:00,279.8728,-47.701,deficit,7.75,7,1
2026-01-06 08:00:00+00:00,287.8123,-29.281,deficit,8.0,8,1
2026-01-06 08:15:00+00:00,301.6009,-26.74,deficit,8.25,8,1
2026-01-06 08:30:00+00:00,311.2878,-42.204,deficit,8.5,8,1
2026-01-06 08:45:00+00:00,308.9292,-38.78,deficit,8.75,8,1
2026-01-06 09:00:00+00:00,356.089,-41.264,deficit,9.0,9,1
2026-01-06 09:15:00+00:00,334.6936,-28.551,deficit,9.25,9,1
2026-01-06 09:30:00+00:00,335.5772,-35.777,deficit,9.5,9,1
2026-01-06 09:45:00+00:00,331.7962,-41.787,deficit,9.75,9,1
2026-01-06 10:00:00+00:00,347.5809,-69.807,deficit,10.0,10,1
2026-01-06 10:15:00+00:00,332.7617,-64.594,deficit,10.25,10,1
2026-01-06 10:30:00+00:00,347.4517,-70.102,deficit,10.5,10,1
2026-01-06 10:45:00+00:00,338.6152,-51.097,deficit,10.75,10,1
2026-01-06 11:00:00+00:00,354.088,-48.444,deficit,11.0,11,1
2026-01-06 11:15:00+00:00,291.2437,-51.697,deficit,11.25,11,1
2026-01-06 11:30:00+00:00,291.6827,-62.945,deficit,11.5,11,1
2026-01-06 11:45:00+00:00,313.4173,-54.342,deficit,11.75,11,1
2026-01-06 12:00:00+00:00,302.7533,-61.382,deficit,12.0,12,1
2026-01-06 12:15:00+00:00,318.3896,-55.876,deficit,12.25,12,1
2026-01-06 12:30:00+00:00,318.8873,-49.36,deficit,12.5,12,1
2026-01-06 12:45:00+00:00,327.8097,-48.825,deficit,12.75,12,1
2026-01-06 13:00:00+00:00,351.2118,-53.154,deficit,13.0,13,1
2026-01-06 13:15:00+00:00,352.5631,-48.864,deficit,13.25,13,1
2026-01-06 13:30:00+00:00,355.5698,-41.353,deficit,13.5,13,1
2026-01-06 13:45:00+00:00,358.8433,-37.055,deficit,13.75,13,1
2026-01-06 14:00:00+00:00,364.6486,-25.755,deficit,14.0,14,1
2026-01-06 14:15:00+00:00,368.8121,-19.63,deficit,14.25,14,1
2026-01-06 14:30:00+00:00,365.6029,-18.966,deficit,14.5,14,1
2026-01-06 14:45:00+00:00,361.3724,-16.608,deficit,14.75,14,1
2026-01-06 15:00:00+00:00,330.8734,-32.557,deficit,15.0,15,1
2026-01-06 15:15:00+00:00,373.6042,-43.075,deficit,15.25,15,1
2026-01-06 15:30:00+00:00,376.1174,-32.806,deficit,15.5,15,1
2026-01-06 15:45:00+00:00,402.092,-42.263,deficit,15.75,15,1
2026-01-06 16:00:00+00:00,407.9222,-30.67,deficit,16.0,16,1
2026-01-06 16:15:00+00:00,411.2173,-28.651,deficit,16.25,16,1
2026-01-06 16:30:00+00:00,404.9552,-32.111,deficit,16.5,16,1
2026-01-06 16:45:00+00:00,403.6626,-23.017,deficit,16.75,16,1
2026-01-06 17:00:00+00:00,364.1961,-29.048,deficit,17.0,17,1
2026-01-06 17:15:00+00:00,358.5721,-24.001,deficit,17.25,17,1
2026-01-06 17:30:00+00:00,355.0363,-21.82,deficit,17.5,17,1
2026-01-06 17:45:00+00:00,338.4543,-15.795,deficit,17.75,17,1
2026-01-06 18:00:00+00:00,271.336,-7.498,deficit,18.0,18,1
2026-01-06 18:15:00+00:00,249.0055,-14.921,deficit,18.25,18,1
2026-01-06 18:30:00+00:00,250.3229,-15.645,deficit,18.5,18,1
2026-01-06 18:45:00+00:00,231.42,-7.087,deficit,18.75,18,1
2026-01-06 19:00:00+00:00,185.9661,-0.657,deficit,19.0,19,1
2026-01-06 19:15:00+00:00,182.8615,-6.23,deficit,19.25,19,1
2026-01-06 19:30:00+00:00,180.499,-3.266,deficit,19.5,19,1
2026-01-06 19:45:00+00:00,99.6,3.388,surplus,19.75,19,1
2026-01-06 20:00:00+00:00,152.5804,-2.838,deficit,20.0,20,1
2026-01-06 20:15:00+00:00,74.746,0.34,surplus,20.25,20,1
2026-01-06 20:30:00+00:00,139.4748,-1.335,deficit,20.5,20,1
2026-01-06 20:45:00+00:00,138.3882,-2.693,deficit,20.75,20,1
2026-01-06 21:00:00+00:00,144.8819,-5.439,deficit,21.0,21,1
2026-01-06 21:15:00+00:00,140.913,-10.277,deficit,21.25,21,1
2026-01-06 21:30:00+00:00,138.8457,-1.273,deficit,21.5,21,1
2026-01-06 21:45:00+00:00,136.2467,-11.14,deficit,21.75,21,1
2026-01-06 22:00:00+00:00,124.7616,-3.159,deficit,22.0,22,1
2026-01-06 22:15:00+00:00,120.3089,-1.946,deficit,22.25,22,1
2026-01-06 22:30:00+00:00,91.65,1.717,surplus,22.5,22,1
2026-01-06 22:45:00+00:00,84.64,0.68,surplus,22.75,22,1
2026-01-06 23:00:00+00:00,60.965,10.543,surplus,23.0,23,1
2026-01-06 23:15:00+00:00,67.6,3.327,surplus,23.25,23,1
2026-01-06 23:30:00+00:00,98.89,-0.75,deficit,23.5,23,1
2026-01-06 23:45:00+00:00,86.29,0.366,surplus,23.75,23,1
2026-01-07 00:00:00+00:00,93.5,4.45,surplus,0.0,0,2
2026-01-07 00:15:00+00:00,90.55,4.413,surplus,0.25,0,2
2026-01-07 00:30:00+00:00,86.77,9.51,surplus,0.5,0,2
2026-01-07 00:45:00+00:00,85.44,19.235,surplus,0.75,0,2
2026-01-07 01:00:00+00:00,61.344,2.846,surplus,1.0,1,2
2026-01-07 01:15:00+00:00,71.203,7.199,surplus,1.25,1,2
2026-01-07 01:30:00+00:00,76.638,5.79,surplus,1.5,1,2
2026-01-07 01:45:00+00:00,83.57,2.388,surplus,1.75,1,2
2026-01-07 02:00:00+00:00,81.7002,1.582,surplus,2.0,2,2
2026-01-07 02:15:00+00:00,62.595,5.167,surplus,2.25,2,2
2026-01-07 02:30:00+00:00,58.281,6.987,surplus,2.5,2,2
2026-01-07 02:45:00+00:00,34.073,15.111,surplus,2.75,2,2
2026-01-07 03:00:00+00:00,14.991,18.401,surplus,3.0,3,2
2026-01-07 03:15:00+00:00,64.802,12.333,surplus,3.25,3,2
2026-01-07 03:30:00+00:00,76.355,8.564,surplus,3.5,3,2
2026-01-07 03:45:00+00:00,63.17,8.36,surplus,3.75,3,2
2026-01-07 04:00:00+00:00,-0.014,20.866,surplus,4.0,4,2
2026-01-07 04:15:00+00:00,53.159,14.126,surplus,4.25,4,2
2026-01-07 04:30:00+00:00,46.029,11.483,surplus,4.5,4,2
2026-01-07 04:45:00+00:00,0.307,3.904,surplus,4.75,4,2
2026-01-07 05:00:00+00:00,30.487,0.489,surplus,5.0,5,2
2026-01-07 05:15:00+00:00,138.6,-5.856,deficit,5.25,5,2
2026-01-07 05:30:00+00:00,143.836,-13.113,deficit,5.5,5,2
2026-01-07 05:45:00+00:00,438.754,-16.393,deficit,5.75,5,2
2026-01-07 06:00:00+00:00,150.422,-11.391,deficit,6.0,6,2
2026-01-07 06:15:00+00:00,172.986,-1.856,deficit,6.25,6,2
2026-01-07 06:30:00+00:00,99.715,0.617,surplus,6.5,6,2
2026-01-07 06:45:00+00:00,95.428,4.907,surplus,6.75,6,2
2026-01-07 07:00:00+00:00,163.658,-2.192,deficit,7.0,7,2
2026-01-07 07:15:00+00:00,181.852,-5.485,deficit,7.25,7,2
2026-01-07 07:30:00+00:00,235.917,-7.487,deficit,7.5,7,2
2026-01-07 07:45:00+00:00,221.991,-4.264,deficit,7.75,7,2
2026-01-07 08:00:00+00:00,193.633,-2.545,deficit,8.0,8,2
2026-01-07 08:15:00+00:00,219.417,-5.833,deficit,8.25,8,2
2026-01-07 08:30:00+00:00,197.604,-1.601,deficit,8.5,8,2
2026-01-07 08:45:00+00:00,95.565,0.459,surplus,8.75,8,2
2026-01-07 09:00:00+00:00,112.462,2.383,surplus,9.0,9,2
2026-01-07 09:15:00+00:00,67.616,2.221,surplus,9.25,9,2
2026-01-07 09:30:00+00:00,96.033,3.652,surplus,9.5,9,2
2026-01-07 09:45:00+00:00,81.98,4.893,surplus,9.75,9,2
2026-01-07 10:00:00+00:00,166.584,-12.342,deficit,10.0,10,2
2026-01-07 10:15:00+00:00,174.834,-4.056,deficit,10.25,10,2
2026-01-07 10:30:00+00:00,175.208,-8.554,deficit,10.5,10,2
2026-01-07 10:45:00+00:00,175.296,-14.865,deficit,10.75,10,2
2026-01-07 11:00:00+00:00,178.651,-16.382,deficit,11.0,11,2
2026-01-07 11:15:00+00:00,178.717,-16.874,deficit,11.25,11,2
2026-01-07 11:30:00+00:00,185.229,-15.512,deficit,11.5,11,2
2026-01-07 11:45:00+00:00,184.657,-11.855,deficit,11.75,11,2
2026-01-07 12:00:00+00:00,188.606,-2.356,deficit,12.0,12,2
2026-01-07 12:15:00+00:00,207.438,-7.949,deficit,12.25,12,2
2026-01-07 12:30:00+00:00,211.948,-5.029,deficit,12.5,12,2
2026-01-07 12:45:00+00:00,98.595,1.068,surplus,12.75,12,2
2026-01-07 13:00:00+00:00,177.639,-0.35,deficit,13.0,13,2
2026-01-07 13:15:00+00:00,186.813,-7.488,deficit,13.25,13,2
2026-01-07 13:30:00+00:00,228.272,-6.489,deficit,13.5,13,2
2026-01-07 13:45:00+00:00,218.581,-13.797,deficit,13.75,13,2
2026-01-07 14:00:00+00:00,220.341,-13.267,deficit,14.0,14,2
2026-01-07 14:15:00+00:00,224.224,-13.208,deficit,14.25,14,2
2026-01-07 14:30:00+00:00,227.073,-5.907,deficit,14.5,14,2
2026-01-07 14:45:00+00:00,233.255,-5.403,deficit,14.75,14,2
2026-01-07 15:00:00+00:00,137.83,1.285,surplus,15.0,15,2
2026-01-07 15:15:00+00:00,323.575,-4.049,deficit,15.25,15,2
2026-01-07 15:30:00+00:00,236.17,-2.606,deficit,15.5,15,2
2026-01-07 15:45:00+00:00,262.46,-14.525,deficit,15.75,15,2
2026-01-07 16:00:00+00:00,212.289,-6.656,deficit,16.0,16,2
2026-01-07 16:15:00+00:00,422.821,-2.381,deficit,16.25,16,2
2026-01-07 16:30:00+00:00,207.482,-12.746,deficit,16.5,16,2
2026-01-07 16:45:00+00:00,208.439,-13.006,deficit,16.75,16,2
2026-01-07 17:00:00+00:00,15.923,2.274,surplus,17.0,17,2
2026-01-07 17:15:00+00:00,199.458,-11.284,deficit,17.25,17,2
2026-01-07 17:30:00+00:00,245.325,-14.177,deficit,17.5,17,2
2026-01-07 17:45:00+00:00,280.462,-15.749,deficit,17.75,17,2
2026-01-07 18:00:00+00:00,197.23,-8.504,deficit,18.0,18,2
2026-01-07 18:15:00+00:00,203.654,-3.232,deficit,18.25,18,2
2026-01-07 18:30:00+00:00,194.561,-12.639,deficit,18.5,18,2
2026-01-07 18:45:00+00:00,215.021,-6.818,deficit,18.75,18,2
2026-01-07 19:00:00+00:00,218.978,-6.295,deficit,19.0,19,2
2026-01-07 19:15:00+00:00,250.238,-7.382,deficit,19.25,19,2
2026-01-07 19:30:00+00:00,164.657,-4.544,deficit,19.5,19,2
2026-01-07 19:45:00+00:00,473.017,-18.625,deficit,19.75,19,2
2026-01-07 20:00:00+00:00,251.089,-16.1,deficit,20.0,20,2
2026-01-07 20:15:00+00:00,226.24,-16.627,deficit,20.25,20,2
2026-01-07 20:30:00+00:00,240.156,-21.613,deficit,20.5,20,2
2026-01-07 20:45:00+00:00,160.784,-10.978,deficit,20.75,20,2
2026-01-07 21:00:00+00:00,199.604,-13.587,deficit,21.0,21,2
2026-01-07 21:15:00+00:00,142.6356,-13.913,deficit,21.25,21,2
2026-01-07 21:30:00+00:00,206.238,-14.631,deficit,21.5,21,2
2026-01-07 21:45:00+00:00,151.987,-5.764,deficit,21.75,21,2
2026-01-07 22:00:00+00:00,129.261,-1.41,deficit,22.0,22,2
2026-01-07 22:15:00+00:00,64.49,0.578,surplus,22.25,22,2
2026-01-07 22:30:00+00:00,56.994,0.984,surplus,22.5,22,2
2026-01-07 22:45:00+00:00,-2.639,1.393,surplus,22.75,22,2
2026-01-07 23:00:00+00:00,121.44,-0.869,deficit,23.0,23,2
2026-01-07 23:15:00+00:00,117.5397,-5.03,deficit,23.25,23,2
2026-01-07 23:30:00+00:00,117.5397,-3.434,deficit,23.5,23,2
2026-01-07 23:45:00+00:00,80.8,1.965,surplus,23.75,23,2
2026-01-08 00:00:00+00:00,100.56,0.081,surplus,0.0,0,3
2026-01-08 00:15:00+00:00,99.75,1.045,surplus,0.25,0,3
2026-01-08 00:30:00+00:00,88.57,2.102,surplus,0.5,0,3
2026-01-08 00:45:00+00:00,82.98,3.667,surplus,0.75,0,3
2026-01-08 01:00:00+00:00,115.9309,-7.038,deficit,1.0,1,3
2026-01-08 01:15:00+00:00,115.9309,-7.782,deficit,1.25,1,3
2026-01-08 01:30:00+00:00,115.9309,-8.424,deficit,1.5,1,3
2026-01-08 01:45:00+00:00,115.9309,-5.474,deficit,1.75,1,3
2026-01-08 02:00:00+00:00,116.4068,-4.113,deficit,2.0,2,3
2026-01-08 02:15:00+00:00,116.4068,-4.775,deficit,2.25,2,3
2026-01-08 02:30:00+00:00,116.4068,-3.083,deficit,2.5,2,3
2026-01-08 02:45:00+00:00,116.4068,-4.081,deficit,2.75,2,3
2026-01-08 03:00:00+00:00,119.6785,-5.769,deficit,3.0,3,3
2026-01-08 03:15:00+00:00,119.6785,-3.859,deficit,3.25,3,3
2026-01-08 03:30:00+00:00,121.696,-6.686,deficit,3.5,3,3
2026-01-08 03:45:00+00:00,115.3316,-2.905,deficit,3.75,3,3
2026-01-08 04:00:00+00:00,125.2318,-0.821,deficit,4.0,4,3
2026-01-08 04:15:00+00:00,96.33,3.897,surplus,4.25,4,3
2026-01-08 04:30:00+00:00,97.63,1.433,surplus,4.5,4,3
2026-01-08 04:45:00+00:00,124.9659,-5.28,deficit,4.75,4,3
2026-01-08 05:00:00+00:00,145.303,-3.127,deficit,5.0,5,3
2026-01-08 05:15:00+00:00,169.715,-4.161,deficit,5.25,5,3
2026-01-08 05:30:00+00:00,185.091,-7.472,deficit,5.5,5,3
2026-01-08 05:45:00+00:00,177.65,-9.033,deficit,5.75,5,3
2026-01-08 06:00:00+00:00,172.2947,-18.425,deficit,6.0,6,3
2026-01-08 06:15:00+00:00,189.9044,-22.769,deficit,6.25,6,3
2026-01-08 06:30:00+00:00,228.228,-23.483,deficit,6.5,6,3
2026-01-08 06:45:00+00:00,256.872,-27.972,deficit,6.75,6,3
2026-01-08 07:00:00+00:00,257.6629,-32.53,deficit,7.0,7,3
2026-01-08 07:15:00+00:00,281.686,-34.825,deficit,7.25,7,3
2026-01-08 07:30:00+00:00,317.363,-20.646,deficit,7.5,7,3
2026-01-08 07:45:00+00:00,308.692,-9.996,deficit,7.75,7,3
2026-01-08 08:00:00+00:00,368.762,-24.783,deficit,8.0,8,3
2026-01-08 08:15:00+00:00,301.1119,-14.209,deficit,8.25,8,3
2026-01-08 08:30:00+00:00,292.6573,-7.072,deficit,8.5,8,3
2026-01-08 08:45:00+00:00,286.3543,-1.296,deficit,8.75,8,3
2026-01-08 09:00:00+00:00,307.2106,-4.238,deficit,9.0,9,3
2026-01-08 09:15:00+00:00,199.059,1.877,surplus,9.25,9,3
2026-01-08 09:30:00+00:00,200.08,0.996,surplus,9.5,9,3
2026-01-08 09:45:00+00:00,194.143,6.122,surplus,9.75,9,3
2026-01-08 10:00:00+00:00,323.2504,-5.339,deficit,10.0,10,3
2026-01-08 10:15:00+00:00,319.8614,-3.422,deficit,10.25,10,3
2026-01-08 10:30:00+00:00,317.5828,-3.691,deficit,10.5,10,3
2026-01-08 10:45:00+00:00,309.952,-0.361,deficit,10.75,10,3
2026-01-08 11:00:00+00:00,308.6658,-1.174,deficit,11.0,11,3
2026-01-08 11:15:00+00:00,209.04,0.551,surplus,11.25,11,3
2026-01-08 11:30:00+00:00,325.3234,-3.146,deficit,11.5,11,3
2026-01-08 11:45:00+00:00,324.7139,-6.702,deficit,11.75,11,3
2026-01-08 12:00:00+00:00,209.96,0.923,surplus,12.0,12,3
2026-01-08 12:15:00+00:00,228.16,1.602,surplus,12.25,12,3
2026-01-08 12:30:00+00:00,233.68,9.62,surplus,12.5,12,3
2026-01-08 12:45:00+00:00,346.8509,-4.365,deficit,12.75,12,3
2026-01-08 13:00:00+00:00,203.766,2.35,surplus,13.0,13,3
2026-01-08 13:15:00+00:00,389.3479,-0.359,deficit,13.25,13,3
2026-01-08 13:30:00+00:00,402.0997,-6.534,deficit,13.5,13,3
2026-01-08 13:45:00+00:00,402.0277,-1.998,deficit,13.75,13,3
2026-01-08 14:00:00+00:00,375.11,-6.042,deficit,14.0,14,3
2026-01-08 14:15:00+00:00,381.2642,-4.084,deficit,14.25,14,3
2026-01-08 14:30:00+00:00,387.8569,-6.696,deficit,14.5,14,3
2026-01-08 14:45:00+00:00,392.9905,-1.986,deficit,14.75,14,3
2026-01-08 15:00:00+00:00,382.9485,-14.008,deficit,15.0,15,3
2026-01-08 15:15:00+00:00,386.4494,-8.524,deficit,15.25,15,3
2026-01-08 15:30:00+00:00,386.4425,-16.118,deficit,15.5,15,3
2026-01-08 15:45:00+00:00,384.0753,-15.872,deficit,15.75,15,3
2026-01-08 16:00:00+00:00,381.9005,-13.269,deficit,16.0,16,3
2026-01-08 16:15:00+00:00,371.0941,-6.848,deficit,16.25,16,3
2026-01-08 16:30:00+00:00,376.9262,-11.9,deficit,16.5,16,3
2026-01-08 16:45:00+00:00,357.7978,-12.516,deficit,16.75,16,3
2026-01-08 17:00:00+00:00,340.0207,-10.671,deficit,17.0,17,3
2026-01-08 17:15:00+00:00,327.885,-2.793,deficit,17.25,17,3
2026-01-08 17:30:00+00:00,322.4033,-12.206,deficit,17.5,17,3
2026-01-08 17:45:00+00:00,342.8625,-10.52,deficit,17.75,17,3
2026-01-08 18:00:00+00:00,359.5165,-12.746,deficit,18.0,18,3
2026-01-08 18:15:00+00:00,309.5999,-8.089,deficit,18.25,18,3
2026-01-08 18:30:00+00:00,296.2404,-5.543,deficit,18.5,18,3
2026-01-08 18:45:00+00:00,286.029,-7.726,deficit,18.75,18,3
2026-01-08 19:00:00+00:00,281.0163,-10.419,deficit,19.0,19,3
2026-01-08 19:15:00+00:00,268.9555,-0.543,deficit,19.25,19,3
2026-01-08 19:30:00+00:00,242.6781,-5.173,deficit,19.5,19,3
2026-01-08 19:45:00+00:00,229.6965,-10.562,deficit,19.75,19,3
2026-01-08 20:00:00+00:00,194.269,-7.338,deficit,20.0,20,3
2026-01-08 20:15:00+00:00,180.5869,-12.935,deficit,20.25,20,3
2026-01-08 20:30:00+00:00,169.0153,-16.283,deficit,20.5,20,3
2026-01-08 20:45:00+00:00,167.8326,-13.843,deficit,20.75,20,3
2026-01-08 21:00:00+00:00,159.5001,-0.908,deficit,21.0,21,3
2026-01-08 21:15:00+00:00,156.8312,-1.054,deficit,21.25,21,3
2026-01-08 21:30:00+00:00,149.3452,-3.337,deficit,21.5,21,3
2026-01-08 21:45:00+00:00,140.21,-0.126,deficit,21.75,21,3
2026-01-08 22:00:00+00:00,227.961,-11.091,deficit,22.0,22,3
2026-01-08 22:15:00+00:00,293.313,-1.223,deficit,22.25,22,3
2026-01-08 22:30:00+00:00,124.8017,-3.94,deficit,22.5,22,3
2026-01-08 22:45:00+00:00,124.9028,-8.726,deficit,22.75,22,3
2026-01-08 23:00:00+00:00,122.562,-12.235,deficit,23.0,23,3
2026-01-08 23:15:00+00:00,123.029,-12.125,deficit,23.25,23,3
2026-01-08 23:30:00+00:00,116.0582,-9.544,deficit,23.5,23,3
2026-01-08 23:45:00+00:00,137.419,-12.998,deficit,23.75,23,3
2026-01-09 00:00:00+00:00,114.331,-15.432,deficit,0.0,0,4
2026-01-09 00:15:00+00:00,108.9085,-12.529,deficit,0.25,0,4
2026-01-09 00:30:00+00:00,108.9085,-20.887,deficit,0.5,0,4
2026-01-09 00:45:00+00:00,108.9085,-21.469,deficit,0.75,0,4
2026-01-09 01:00:00+00:00,103.378,-29.895,deficit,1.0,1,4
2026-01-09 01:15:00+00:00,101.9626,-31.781,deficit,1.25,1,4
2026-01-09 01:30:00+00:00,106.612,-29.957,deficit,1.5,1,4
2026-01-09 01:45:00+00:00,101.9626,-24.87,deficit,1.75,1,4
2026-01-09 02:00:00+00:00,112.221,-26.213,deficit,2.0,2,4
2026-01-09 02:15:00+00:00,107.091,-25.449,deficit,2.25,2,4
2026-01-09 02:30:00+00:00,96.9214,-23.339,deficit,2.5,2,4
2026-01-09 02:45:00+00:00,100.983,-19.529,deficit,2.75,2,4
2026-01-09 03:00:00+00:00,107.0055,-13.71,deficit,3.0,3,4
2026-01-09 03:15:00+00:00,108.46,-5.249,deficit,3.25,3,4
2026-01-09 03:30:00+00:00,114.048,-17.306,deficit,3.5,3,4
2026-01-09 03:45:00+00:00,118.305,-30.155,deficit,3.75,3,4
2026-01-09 04:00:00+00:00,120.108,-30.687,deficit,4.0,4,4
2026-01-09 04:15:00+00:00,116.6435,-33.365,deficit,4.25,4,4
2026-01-09 04:30:00+00:00,121.946,-39.281,deficit,4.5,4,4
2026-01-09 04:45:00+00:00,133.056,-45.556,deficit,4.75,4,4
2026-01-09 05:00:00+00:00,536.412,-42.12,deficit,5.0,5,4
2026-01-09 05:15:00+00:00,399.0,-31.802,deficit,5.25,5,4
2026-01-09 05:30:00+00:00,399.0,-18.283,deficit,5.5,5,4
2026-01-09 05:45:00+00:00,536.898,-21.15,deficit,5.75,5,4
2026-01-09 06:00:00+00:00,307.99,-20.558,deficit,6.0,6,4
2026-01-09 06:15:00+00:00,246.609,-14.11,deficit,6.25,6,4
2026-01-09 06:30:00+00:00,214.401,-9.644,deficit,6.5,6,4
2026-01-09 06:45:00+00:00,228.019,-2.825,deficit,6.75,6,4
2026-01-09 07:00:00+00:00,200.123,-2.407,deficit,7.0,7,4
2026-01-09 07:15:00+00:00,195.151,-7.831,deficit,7.25,7,4
2026-01-09 07:30:00+00:00,200.233,-4.922,deficit,7.5,7,4
2026-01-09 07:45:00+00:00,191.961,-7.488,deficit,7.75,7,4
2026-01-09 08:00:00+00:00,206.756,-17.006,deficit,8.0,8,4
2026-01-09 08:15:00+00:00,195.866,-7.953,deficit,8.25,8,4
2026-01-09 08:30:00+00:00,189.409,-7.807,deficit,8.5,8,4
2026-01-09 08:45:00+00:00,178.354,-12.223,deficit,8.75,8,4
2026-01-09 09:00:00+00:00,191.282,-6.336,deficit,9.0,9,4
2026-01-09 09:15:00+00:00,191.531,-0.84,deficit,9.25,9,4
2026-01-09 09:30:00+00:00,189.487,-7.268,deficit,9.5,9,4
2026-01-09 09:45:00+00:00,195.371,-12.223,deficit,9.75,9,4
2026-01-09 10:00:00+00:00,212.303,-33.605,deficit,10.0,10,4
2026-01-09 10:15:00+00:00,187.196,-26.645,deficit,10.25,10,4
2026-01-09 10:30:00+00:00,201.908,-13.775,deficit,10.5,10,4
2026-01-09 10:45:00+00:00,174.449,-11.315,deficit,10.75,10,4
2026-01-09 11:00:00+00:00,96.45,0.457,surplus,11.0,11,4
2026-01-09 11:15:00+00:00,164.3708,-3.622,deficit,11.25,11,4
2026-01-09 11:30:00+00:00,95.306,0.489,surplus,11.5,11,4
2026-01-09 11:45:00+00:00,167.618,-1.891,deficit,11.75,11,4
2026-01-09 12:00:00+00:00,172.9738,-13.624,deficit,12.0,12,4
2026-01-09 12:15:00+00:00,176.1106,-12.805,deficit,12.25,12,4
2026-01-09 12:30:00+00:00,141.996,1.295,surplus,12.5,12,4
2026-01-09 12:45:00+00:00,179.6005,-12.139,deficit,12.75,12,4
2026-01-09 13:00:00+00:00,65.912,4.588,surplus,13.0,13,4
2026-01-09 13:15:00+00:00,190.107,-1.397,deficit,13.25,13,4
2026-01-09 13:30:00+00:00,187.793,-9.382,deficit,13.5,13,4
2026-01-09 13:45:00+00:00,200.2,-5.637,deficit,13.75,13,4
2026-01-09 14:00:00+00:00,161.0963,-2.341,deficit,14.0,14,4
2026-01-09 14:15:00+00:00,164.5695,-9.01,deficit,14.25,14,4
2026-01-09 14:30:00+00:00,168.861,-5.832,deficit,14.5,14,4
2026-01-09 14:45:00+00:00,54.61,7.027,surplus,14.75,14,4
2026-01-09 15:00:00+00:00,195.228,-1.824,deficit,15.0,15,4
2026-01-09 15:15:00+00:00,183.915,-5.343,deficit,15.25,15,4
2026-01-09 15:30:00+00:00,180.1794,-2.391,deficit,15.5,15,4
2026-01-09 15:45:00+00:00,186.0731,-1.84,deficit,15.75,15,4
2026-01-09 16:00:00+00:00,67.507,0.786,surplus,16.0,16,4
2026-01-09 16:15:00+00:00,202.053,-9.313,deficit,16.25,16,4
2026-01-09 16:30:00+00:00,67.495,1.085,surplus,16.5,16,4
2026-01-09 16:45:00+00:00,62.504,0.68,surplus,16.75,16,4
2026-01-09 17:00:00+00:00,202.619,-4.51,deficit,17.0,17,4
2026-01-09 17:15:00+00:00,175.318,-2.225,deficit,17.25,17,4
2026-01-09 17:30:00+00:00,170.5,-5.88,deficit,17.5,17,4
2026-01-09 17:45:00+00:00,191.184,-4.524,deficit,17.75,17,4
2026-01-09 18:00:00+00:00,188.124,-3.789,deficit,18.0,18,4
2026-01-09 18:15:00+00:00,51.509,4.486,surplus,18.25,18,4
2026-01-09 18:30:00+00:00,212.289,-2.055,deficit,18.5,18,4
2026-01-09 18:45:00+00:00,173.107,-2.847,deficit,18.75,18,4
2026-01-09 19:00:00+00:00,62.501,6.274,surplus,19.0,19,4
2026-01-09 19:15:00+00:00,62.502,3.811,surplus,19.25,19,4
2026-01-09 19:30:00+00:00,62.496,2.991,surplus,19.5,19,4
2026-01-09 19:45:00+00:00,61.549,3.825,surplus,19.75,19,4
2026-01-09 20:00:00+00:00,157.421,-3.482,deficit,20.0,20,4
2026-01-09 20:15:00+00:00,62.486,1.257,surplus,20.25,20,4
2026-01-09 20:30:00+00:00,38.842,0.401,surplus,20.5,20,4
2026-01-09 20:45:00+00:00,23.832,2.311,surplus,20.75,20,4
2026-01-09 21:00:00+00:00,188.122,-10.768,deficit,21.0,21,4
2026-01-09 21:15:00+00:00,149.549,-8.303,deficit,21.25,21,4
2026-01-09 21:30:00+00:00,157.514,-10.099,deficit,21.5,21,4
2026-01-09 21:45:00+00:00,127.9337,-9.094,deficit,21.75,21,4
2026-01-09 22:00:00+00:00,128.8739,-1.918,deficit,22.0,22,4
2026-01-09 22:15:00+00:00,122.7875,-8.691,deficit,22.25,22,4
2026-01-09 22:30:00+00:00,119.2277,-11.692,deficit,22.5,22,4
2026-01-09 22:45:00+00:00,112.4444,-0.946,deficit,22.75,22,4
2026-01-09 23:00:00+00:00,147.77,-8.436,deficit,23.0,23,4
2026-01-09 23:15:00+00:00,146.503,-9.245,deficit,23.25,23,4
2026-01-09 23:30:00+00:00,130.053,-9.34,deficit,23.5,23,4
2026-01-09 23:45:00+00:00,116.138,-7.181,deficit,23.75,23,4
2026-01-10 00:00:00+00:00,128.172,-3.501,deficit,0.0,0,5
2026-01-10 00:15:00+00:00,124.96,-6.204,deficit,0.25,0,5
2026-01-10 00:30:00+00:00,119.933,-1.07,deficit,0.5,0,5
2026-01-10 00:45:00+00:00,87.499,1.589,surplus,0.75,0,5
2026-01-10 01:00:00+00:00,122.683,-10.171,deficit,1.0,1,5
2026-01-10 01:15:00+00:00,121.198,-12.674,deficit,1.25,1,5
2026-01-10 01:30:00+00:00,119.142,-3.968,deficit,1.5,1,5
2026-01-10 01:45:00+00:00,115.874,-11.999,deficit,1.75,1,5
2026-01-10 02:00:00+00:00,116.094,-6.599,deficit,2.0,2,5
2026-01-10 02:15:00+00:00,115.28,-4.141,deficit,2.25,2,5
2026-01-10 02:30:00+00:00,114.752,-5.898,deficit,2.5,2,5
2026-01-10 02:45:00+00:00,114.081,-6.924,deficit,2.75,2,5
2026-01-10 03:00:00+00:00,113.3,-3.605,deficit,3.0,3,5
2026-01-10 03:15:00+00:00,114.587,-5.507,deficit,3.25,3,5
2026-01-10 03:30:00+00:00,112.299,-7.343,deficit,3.5,3,5
2026-01-10 03:45:00+00:00,113.278,-6.898,deficit,3.75,3,5
2026-01-10 04:00:00+00:00,114.8083,-13.906,deficit,4.0,4,5
2026-01-10 04:15:00+00:00,114.8083,-10.104,deficit,4.25,4,5
2026-01-10 04:30:00+00:00,121.891,-4.223,deficit,4.5,4,5
2026-01-10 04:45:00+00:00,126.5,-5.795,deficit,4.75,4,5
2026-01-10 05:00:00+00:00,94.228,4.016,surplus,5.0,5,5
2026-01-10 05:15:00+00:00,69.479,11.687,surplus,5.25,5,5
2026-01-10 05:30:00+00:00,67.695,6.603,surplus,5.5,5,5
2026-01-10 05:45:00+00:00,74.441,1.218,surplus,5.75,5,5
2026-01-10 06:00:00+00:00,83.899,2.656,surplus,6.0,6,5
2026-01-10 06:15:00+00:00,85.409,6.047,surplus,6.25,6,5
2026-01-10 06:30:00+00:00,92.761,9.378,surplus,6.5,6,5
2026-01-10 06:45:00+00:00,84.539,7.598,surplus,6.75,6,5
2026-01-10 07:00:00+00:00,93.165,12.88,surplus,7.0,7,5
2026-01-10 07:15:00+00:00,88.952,10.732,surplus,7.25,7,5
2026-01-10 07:30:00+00:00,89.752,10.975,surplus,7.5,7,5
2026-01-10 07:45:00+00:00,47.672,4.668,surplus,7.75,7,5
2026-01-10 08:00:00+00:00,188.654,-1.599,deficit,8.0,8,5
2026-01-10 08:15:00+00:00,190.647,-6.944,deficit,8.25,8,5
2026-01-10 08:30:00+00:00,192.844,-1.067,deficit,8.5,8,5
2026-01-10 08:45:00+00:00,208.362,-4.972,deficit,8.75,8,5
2026-01-10 09:00:00+00:00,315.51,-7.335,deficit,9.0,9,5
2026-01-10 09:15:00+00:00,161.524,-7.015,deficit,9.25,9,5
2026-01-10 09:30:00+00:00,160.281,-4.711,deficit,9.5,9,5
2026-01-10 09:45:00+00:00,157.234,-1.683,deficit,9.75,9,5
2026-01-10 10:00:00+00:00,153.395,-3.645,deficit,10.0,10,5
2026-01-10 10:15:00+00:00,153.032,-3.075,deficit,10.25,10,5
2026-01-10 10:30:00+00:00,166.036,-1.076,deficit,10.5,10,5
2026-01-10 10:45:00+00:00,161.906,-8.844,deficit,10.75,10,5
2026-01-10 11:00:00+00:00,178.036,-11.804,deficit,11.0,11,5
2026-01-10 11:15:00+00:00,149.303,-0.174,deficit,11.25,11,5
2026-01-10 11:30:00+00:00,151.503,-0.173,deficit,11.5,11,5
2026-01-10 11:45:00+00:00,149.325,-12.717,deficit,11.75,11,5
2026-01-10 12:00:00+00:00,145.673,-8.143,deficit,12.0,12,5
2026-01-10 12:15:00+00:00,146.069,-9.602,deficit,12.25,12,5
2026-01-10 12:30:00+00:00,145.42,-7.63,deficit,12.5,12,5
2026-01-10 12:45:00+00:00,147.554,-1.151,deficit,12.75,12,5
2026-01-10 13:00:00+00:00,142.45,-4.472,deficit,13.0,13,5
2026-01-10 13:15:00+00:00,42.683,0.998,surplus,13.25,13,5
2026-01-10 13:30:00+00:00,141.196,-0.685,deficit,13.5,13,5
2026-01-10 13:45:00+00:00,143.418,-1.683,deficit,13.75,13,5
2026-01-10 14:00:00+00:00,140.085,-5.183,deficit,14.0,14,5
2026-01-10 14:15:00+00:00,142.835,-8.802,deficit,14.25,14,5
2026-01-10 14:30:00+00:00,148.951,-8.385,deficit,14.5,14,5
2026-01-10 14:45:00+00:00,74.27,0.576,surplus,14.75,14,5
2026-01-10 15:00:00+00:00,139.051,-3.176,deficit,15.0,15,5
2026-01-10 15:15:00+00:00,87.915,0.694,surplus,15.25,15,5
2026-01-10 15:30:00+00:00,86.807,1.727,surplus,15.5,15,5
2026-01-10 15:45:00+00:00,159.995,-8.866,deficit,15.75,15,5
2026-01-10 16:00:00+00:00,21.282,2.37,surplus,16.0,16,5
2026-01-10 16:15:00+00:00,22.703,5.302,surplus,16.25,16,5
2026-01-10 16:30:00+00:00,158.873,-0.408,deficit,16.5,16,5
2026-01-10 16:45:00+00:00,58.286,1.019,surplus,16.75,16,5
2026-01-10 17:00:00+00:00,82.424,0.67,surplus,17.0,17,5
2026-01-10 17:15:00+00:00,101.293,3.366,surplus,17.25,17,5
2026-01-10 17:30:00+00:00,150.997,-0.734,deficit,17.5,17,5
2026-01-10 17:45:00+00:00,78.575,2.265,surplus,17.75,17,5
2026-01-10 18:00:00+00:00,148.83,-2.421,deficit,18.0,18,5
2026-01-10 18:15:00+00:00,142.472,-2.312,deficit,18.25,18,5
2026-01-10 18:30:00+00:00,137.896,-3.738,deficit,18.5,18,5
2026-01-10 18:45:00+00:00,135.817,-0.115,deficit,18.75,18,5
2026-01-10 19:00:00+00:00,142.703,-3.041,deficit,19.0,19,5
2026-01-10 19:15:00+00:00,133.056,-6.403,deficit,19.25,19,5
2026-01-10 19:30:00+00:00,131.395,-1.071,deficit,19.5,19,5
2026-01-10 19:45:00+00:00,84.556,1.387,surplus,19.75,19,5
2026-01-10 20:00:00+00:00,131.164,-7.219,deficit,20.0,20,5
2026-01-10 20:15:00+00:00,126.621,-12.167,deficit,20.25,20,5
2026-01-10 20:30:00+00:00,126.654,-0.682,deficit,20.5,20,5
2026-01-10 20:45:00+00:00,85.232,3.603,surplus,20.75,20,5
2026-01-10 21:00:00+00:00,126.621,-4.755,deficit,21.0,21,5
2026-01-10 21:15:00+00:00,125.906,-5.868,deficit,21.25,21,5
2026-01-10 21:30:00+00:00,97.3472,0.655,surplus,21.5,21,5
2026-01-10 21:45:00+00:00,109.032,-1.605,deficit,21.75,21,5
2026-01-10 22:00:00+00:00,111.936,-1.719,deficit,22.0,22,5
2026-01-10 22:15:00+00:00,107.25,-2.259,deficit,22.25,22,5
2026-01-10 22:30:00+00:00,107.525,-6.345,deficit,22.5,22,5
2026-01-10 22:45:00+00:00,105.358,-9.587,deficit,22.75,22,5
2026-01-10 23:00:00+00:00,89.3228,7.235,surplus,23.0,23,5
2026-01-10 23:15:00+00:00,89.3228,8.145,surplus,23.25,23,5
2026-01-10 23:30:00+00:00,77.598,9.695,surplus,23.5,23,5
2026-01-10 23:45:00+00:00,65.763,11.531,surplus,23.75,23,5
2026-01-11 00:00:00+00:00,83.3267,20.326,surplus,0.0,0,6
2026-01-11 00:15:00+00:00,83.3267,18.549,surplus,0.25,0,6
2026-01-11 00:30:00+00:00,83.3267,15.388,surplus,0.5,0,6
2026-01-11 00:45:00+00:00,84.5788,16.757,surplus,0.75,0,6
2026-01-11 01:00:00+00:00,83.479,19.944,surplus,1.0,1,6
2026-01-11 01:15:00+00:00,81.705,15.697,surplus,1.25,1,6
2026-01-11 01:30:00+00:00,82.246,13.629,surplus,1.5,1,6
2026-01-11 01:45:00+00:00,66.165,18.083,surplus,1.75,1,6
2026-01-11 02:00:00+00:00,76.24,15.376,surplus,2.0,2,6
2026-01-11 02:15:00+00:00,71.014,11.134,surplus,2.25,2,6
2026-01-11 02:30:00+00:00,80.038,7.772,surplus,2.5,2,6
2026-01-11 02:45:00+00:00,85.431,7.88,surplus,2.75,2,6
2026-01-11 03:00:00+00:00,47.392,10.784,surplus,3.0,3,6
2026-01-11 03:15:00+00:00,33.478,7.178,surplus,3.25,3,6
2026-01-11 03:30:00+00:00,81.42,2.226,surplus,3.5,3,6
2026-01-11 03:45:00+00:00,132.521,-0.282,deficit,3.75,3,6
2026-01-11 04:00:00+00:00,38.996,1.032,surplus,4.0,4,6
2026-01-11 04:15:00+00:00,40.329,6.145,surplus,4.25,4,6
2026-01-11 04:30:00+00:00,34.282,12.746,surplus,4.5,4,6
2026-01-11 04:45:00+00:00,40.767,5.47,surplus,4.75,4,6
2026-01-11 05:00:00+00:00,76.37,0.917,surplus,5.0,5,6
2026-01-11 05:15:00+00:00,76.476,0.368,surplus,5.25,5,6
2026-01-11 05:30:00+00:00,81.64,4.154,surplus,5.5,5,6
2026-01-11 05:45:00+00:00,35.903,6.607,surplus,5.75,5,6
2026-01-11 06:00:00+00:00,99.9832,-2.752,deficit,6.0,6,6
2026-01-11 06:15:00+00:00,99.9832,-0.205,deficit,6.25,6,6
2026-01-11 06:30:00+00:00,72.445,8.698,surplus,6.5,6,6
2026-01-11 06:45:00+00:00,79.703,3.767,surplus,6.75,6,6
2026-01-11 07:00:00+00:00,79.126,10.367,surplus,7.0,7,6
2026-01-11 07:15:00+00:00,89.497,20.004,surplus,7.25,7,6
2026-01-11 07:30:00+00:00,89.244,12.61,surplus,7.5,7,6
2026-01-11 07:45:00+00:00,96.3244,12.052,surplus,7.75,7,6
2026-01-11 08:00:00+00:00,129.297,-1.038,deficit,8.0,8,6
2026-01-11 08:15:00+00:00,129.431,-3.694,deficit,8.25,8,6
2026-01-11 08:30:00+00:00,114.708,-2.149,deficit,8.5,8,6
2026-01-11 08:45:00+00:00,120.017,-4.348,deficit,8.75,8,6
2026-01-11 09:00:00+00:00,114.346,-3.942,deficit,9.0,9,6
2026-01-11 09:15:00+00:00,112.464,-6.382,deficit,9.25,9,6
2026-01-11 09:30:00+00:00,111.507,-7.067,deficit,9.5,9,6
2026-01-11 09:45:00+00:00,108.438,-8.642,deficit,9.75,9,6
2026-01-11 10:00:00+00:00,128.61,-9.041,deficit,10.0,10,6
2026-01-11 10:15:00+00:00,135.833,-9.583,deficit,10.25,10,6
2026-01-11 10:30:00+00:00,115.011,-8.612,deficit,10.5,10,6
2026-01-11 10:45:00+00:00,107.921,-12.515,deficit,10.75,10,6
2026-01-11 11:00:00+00:00,109.78,-19.535,deficit,11.0,11,6
2026-01-11 11:15:00+00:00,108.317,-6.064,deficit,11.25,11,6
2026-01-11 11:30:00+00:00,108.163,-6.083,deficit,11.5,11,6
2026-01-11 11:45:00+00:00,103.4165,-4.579,deficit,11.75,11,6
2026-01-11 12:00:00+00:00,108.988,-2.552,deficit,12.0,12,6
2026-01-11 12:15:00+00:00,79.751,6.363,surplus,12.25,12,6
2026-01-11 12:30:00+00:00,77.699,13.046,surplus,12.5,12,6
2026-01-11 12:45:00+00:00,78.59,7.588,surplus,12.75,12,6
2026-01-11 13:00:00+00:00,106.667,-0.838,deficit,13.0,13,6
2026-01-11 13:15:00+00:00,92.668,11.504,surplus,13.25,13,6
2026-01-11 13:30:00+00:00,48.151,14.539,surplus,13.5,13,6
2026-01-11 13:45:00+00:00,49.027,6.697,surplus,13.75,13,6
2026-01-11 14:00:00+00:00,101.8469,-4.388,deficit,14.0,14,6
2026-01-11 14:15:00+00:00,61.99,4.743,surplus,14.25,14,6
2026-01-11 14:30:00+00:00,73.982,0.623,surplus,14.5,14,6
2026-01-11 14:45:00+00:00,93.724,2.676,surplus,14.75,14,6
2026-01-11 15:00:00+00:00,91.307,6.523,surplus,15.0,15,6
2026-01-11 15:15:00+00:00,77.75,14.529,surplus,15.25,15,6
2026-01-11 15:30:00+00:00,62.12,7.03,surplus,15.5,15,6
2026-01-11 15:45:00+00:00,139.414,-3.208,deficit,15.75,15,6
2026-01-11 16:00:00+00:00,90.073,3.622,surplus,16.0,16,6
2026-01-11 16:15:00+00:00,119.0842,5.715,surplus,16.25,16,6
2026-01-11 16:30:00+00:00,15.414,14.136,surplus,16.5,16,6
2026-01-11 16:45:00+00:00,79.095,3.797,surplus,16.75,16,6
2026-01-11 17:00:00+00:00,132.007,-5.924,deficit,17.0,17,6
2026-01-11 17:15:00+00:00,132.3407,-1.508,deficit,17.25,17,6
2026-01-11 17:30:00+00:00,132.1128,-2.973,deficit,17.5,17,6
2026-01-11 17:45:00+00:00,131.4362,-1.406,deficit,17.75,17,6
2026-01-11 18:00:00+00:00,136.2548,-2.629,deficit,18.0,18,6
2026-01-11 18:15:00+00:00,117.18,1.683,surplus,18.25,18,6
2026-01-11 18:30:00+00:00,103.919,7.722,surplus,18.5,18,6
2026-01-11 18:45:00+00:00,95.136,8.212,surplus,18.75,18,6
2026-01-11 19:00:00+00:00,97.084,7.739,surplus,19.0,19,6
2026-01-11 19:15:00+00:00,97.125,6.004,surplus,19.25,19,6
2026-01-11 19:30:00+00:00,113.424,14.679,surplus,19.5,19,6
2026-01-11 19:45:00+00:00,100.983,11.947,surplus,19.75,19,6
2026-01-11 20:00:00+00:00,96.126,23.396,surplus,20.0,20,6
2026-01-11 20:15:00+00:00,90.667,27.622,surplus,20.25,20,6
2026-01-11 20:30:00+00:00,86.031,17.168,surplus,20.5,20,6
2026-01-11 20:45:00+00:00,94.1499,16.385,surplus,20.75,20,6
2026-01-11 21:00:00+00:00,80.868,24.348,surplus,21.0,21,6
2026-01-11 21:15:00+00:00,99.1368,20.03,surplus,21.25,21,6
2026-01-11 21:30:00+00:00,88.391,23.87,surplus,21.5,21,6
2026-01-11 21:45:00+00:00,82.989,19.371,surplus,21.75,21,6
2026-01-11 22:00:00+00:00,95.4615,15.753,surplus,22.0,22,6
2026-01-11 22:15:00+00:00,94.6732,12.909,surplus,22.25,22,6
2026-01-11 22:30:00+00:00,87.53,11.196,surplus,22.5,22,6
2026-01-11 22:45:00+00:00,84.24,18.075,surplus,22.75,22,6
2026-01-11 23:00:00+00:00,84.42,20.818,surplus,23.0,23,6
2026-01-11 23:15:00+00:00,82.72,12.447,surplus,23.25,23,6
2026-01-11 23:30:00+00:00,85.59,12.203,surplus,23.5,23,6
2026-01-11 23:45:00+00:00,88.53,13.64,surplus,23.75,23,6
2026-01-12 00:00:00+00:00,80.974,11.991,surplus,0.0,0,0
2026-01-12 00:15:00+00:00,84.29,7.569,surplus,0.25,0,0
2026-01-12 00:30:00+00:00,85.298,14.605,surplus,0.5,0,0
2026-01-12 00:45:00+00:00,83.455,13.739,surplus,0.75,0,0
2026-01-12 01:00:00+00:00,88.07,10.972,surplus,1.0,1,0
2026-01-12 01:15:00+00:00,86.395,14.505,surplus,1.25,1,0
2026-01-12 01:30:00+00:00,74.301,16.463,surplus,1.5,1,0
2026-01-12 01:45:00+00:00,86.27,17.104,surplus,1.75,1,0
2026-01-12 02:00:00+00:00,82.19,14.043,surplus,2.0,2,0
2026-01-12 02:15:00+00:00,85.71,11.46,surplus,2.25,2,0
2026-01-12 02:30:00+00:00,73.127,20.709,surplus,2.5,2,0
2026-01-12 02:45:00+00:00,83.76,14.429,surplus,2.75,2,0
2026-01-12 03:00:00+00:00,64.471,13.273,surplus,3.0,3,0
2026-01-12 03:15:00+00:00,45.44,18.734,surplus,3.25,3,0
2026-01-12 03:30:00+00:00,93.896,18.69,surplus,3.5,3,0
2026-01-12 03:45:00+00:00,97.2948,17.625,surplus,3.75,3,0
2026-01-12 04:00:00+00:00,81.17,17.186,surplus,4.0,4,0
2026-01-12 04:15:00+00:00,76.131,18.161,surplus,4.25,4,0
2026-01-12 04:30:00+00:00,96.735,22.512,surplus,4.5,4,0
2026-01-12 04:45:00+00:00,102.1919,21.038,surplus,4.75,4,0
2026-01-12 05:00:00+00:00,115.32,6.209,surplus,5.0,5,0
2026-01-12 05:15:00+00:00,123.272,8.1,surplus,5.25,5,0
2026-01-12 05:30:00+00:00,187.467,-1.702,deficit,5.5,5,0
2026-01-12 05:45:00+00:00,164.969,0.124,surplus,5.75,5,0
2026-01-12 06:00:00+00:00,316.54,-1.806,deficit,6.0,6,0
2026-01-12 06:15:00+00:00,215.804,14.475,surplus,6.25,6,0
2026-01-12 06:30:00+00:00,186.773,18.228,surplus,6.5,6,0
2026-01-12 06:45:00+00:00,195.772,11.412,surplus,6.75,6,0
2026-01-12 07:00:00+00:00,138.711,14.156,surplus,7.0,7,0
2026-01-12 07:15:00+00:00,162.991,13.818,surplus,7.25,7,0
2026-01-12 07:30:00+00:00,157.339,14.438,surplus,7.5,7,0
2026-01-12 07:45:00+00:00,159.808,13.667,surplus,7.75,7,0
2026-01-12 08:00:00+00:00,377.1939,-14.806,deficit,8.0,8,0
2026-01-12 08:15:00+00:00,95.621,4.228,surplus,8.25,8,0
2026-01-12 08:30:00+00:00,123.492,9.288,surplus,8.5,8,0
2026-01-12 08:45:00+00:00,146.659,17.99,surplus,8.75,8,0
2026-01-12 09:00:00+00:00,152.77,10.939,surplus,9.0,9,0
2026-01-12 09:15:00+00:00,136.984,22.251,surplus,9.25,9,0
2026-01-12 09:30:00+00:00,174.098,7.684,surplus,9.5,9,0
2026-01-12 09:45:00+00:00,189.217,13.624,surplus,9.75,9,0
2026-01-12 10:00:00+00:00,179.549,13.998,surplus,10.0,10,0
2026-01-12 10:15:00+00:00,197.425,6.191,surplus,10.25,10,0
2026-01-12 10:30:00+00:00,230.3,0.715,surplus,10.5,10,0
2026-01-12 10:45:00+00:00,204.859,5.679,surplus,10.75,10,0
2026-01-12 11:00:00+00:00,126.224,5.146,surplus,11.0,11,0
2026-01-12 11:15:00+00:00,256.003,-1.564,deficit,11.25,11,0
2026-01-12 11:30:00+00:00,262.845,-2.473,deficit,11.5,11,0
2026-01-12 11:45:00+00:00,132.505,10.318,surplus,11.75,11,0
2026-01-12 12:00:00+00:00,51.96,13.336,surplus,12.0,12,0
2026-01-12 12:15:00+00:00,75.586,12.429,surplus,12.25,12,0
2026-01-12 12:30:00+00:00,97.616,13.181,surplus,12.5,12,0
2026-01-12 12:45:00+00:00,66.005,21.164,surplus,12.75,12,0
2026-01-12 13:00:00+00:00,225.4681,10.998,surplus,13.0,13,0
2026-01-12 13:15:00+00:00,235.5838,12.131,surplus,13.25,13,0
2026-01-12 13:30:00+00:00,236.1061,13.017,surplus,13.5,13,0
2026-01-12 13:45:00+00:00,205.544,22.635,surplus,13.75,13,0
2026-01-12 14:00:00+00:00,149.794,24.945,surplus,14.0,14,0
2026-01-12 14:15:00+00:00,155.482,8.259,surplus,14.25,14,0
2026-01-12 14:30:00+00:00,160.609,6.767,surplus,14.5,14,0
2026-01-12 14:45:00+00:00,369.765,-1.772,deficit,14.75,14,0
2026-01-12 15:00:00+00:00,186.977,9.283,surplus,15.0,15,0
2026-01-12 15:15:00+00:00,199.854,4.429,surplus,15.25,15,0
2026-01-12 15:30:00+00:00,431.442,-3.951,deficit,15.5,15,0
2026-01-12 15:45:00+00:00,444.235,-7.916,deficit,15.75,15,0
2026-01-12 16:00:00+00:00,451.6492,-14.997,deficit,16.0,16,0
2026-01-12 16:15:00+00:00,437.8822,-8.534,deficit,16.25,16,0
2026-01-12 16:30:00+00:00,446.1802,-16.253,deficit,16.5,16,0
2026-01-12 16:45:00+00:00,423.6393,-1.856,deficit,16.75,16,0
2026-01-12 17:00:00+00:00,125.726,6.685,surplus,17.0,17,0
2026-01-12 17:15:00+00:00,31.195,2.144,surplus,17.25,17,0
2026-01-12 17:30:00+00:00,14.732,6.873,surplus,17.5,17,0
2026-01-12 17:45:00+00:00,26.051,3.167,surplus,17.75,17,0
2026-01-12 18:00:00+00:00,383.163,-7.739,deficit,18.0,18,0
2026-01-12 18:15:00+00:00,361.3147,-2.935,deficit,18.25,18,0
2026-01-12 18:30:00+00:00,363.7113,-11.406,deficit,18.5,18,0
2026-01-12 18:45:00+00:00,353.6641,-4.71,deficit,18.75,18,0
2026-01-12 19:00:00+00:00,104.871,2.263,surplus,19.0,19,0
2026-01-12 19:15:00+00:00,165.468,3.578,surplus,19.25,19,0
2026-01-12 19:30:00+00:00,220.59,8.814,surplus,19.5,19,0
2026-01-12 19:45:00+00:00,109.353,8.323,surplus,19.75,19,0
2026-01-12 20:00:00+00:00,92.567,11.172,surplus,20.0,20,0
2026-01-12 20:15:00+00:00,104.347,9.66,surplus,20.25,20,0
2026-01-12 20:30:00+00:00,109.126,8.023,surplus,20.5,20,0
2026-01-12 20:45:00+00:00,72.204,21.255,surplus,20.75,20,0
2026-01-12 21:00:00+00:00,90.949,14.838,surplus,21.0,21,0
2026-01-12 21:15:00+00:00,90.564,11.032,surplus,21.25,21,0
2026-01-12 21:30:00+00:00,80.512,16.237,surplus,21.5,21,0
2026-01-12 21:45:00+00:00,67.531,15.78,surplus,21.75,21,0
2026-01-12 22:00:00+00:00,132.693,-7.035,deficit,22.0,22,0
2026-01-12 22:15:00+00:00,126.665,-5.69,deficit,22.25,22,0
2026-01-12 22:30:00+00:00,88.235,3.28,surplus,22.5,22,0
2026-01-12 22:45:00+00:00,118.8166,-0.984,deficit,22.75,22,0
2026-01-12 23:00:00+00:00,195.97,-5.608,deficit,23.0,23,0
2026-01-12 23:15:00+00:00,202.803,-11.106,deficit,23.25,23,0
2026-01-12 23:30:00+00:00,190.091,-11.233,deficit,23.5,23,0
2026-01-12 23:45:00+00:00,117.857,-8.066,deficit,23.75,23,0
2026-01-13 00:00:00+00:00,99.4036,1.141,surplus,0.0,0,1
2026-01-13 00:15:00+00:00,120.417,-2.369,deficit,0.25,0,1
2026-01-13 00:30:00+00:00,119.13,-7.75,deficit,0.5,0,1
2026-01-13 00:45:00+00:00,113.201,-9.493,deficit,0.75,0,1
2026-01-13 01:00:00+00:00,133.78,-1.4,deficit,1.0,1,1
2026-01-13 01:15:00+00:00,126.9681,-3.09,deficit,1.25,1,1
2026-01-13 01:30:00+00:00,126.9681,-4.541,deficit,1.5,1,1
2026-01-13 01:45:00+00:00,126.9681,-9.036,deficit,1.75,1,1
2026-01-13 02:00:00+00:00,116.842,-9.026,deficit,2.0,2,1
2026-01-13 02:15:00+00:00,118.448,-4.4,deficit,2.25,2,1
2026-01-13 02:30:00+00:00,135.746,-8.724,deficit,2.5,2,1
2026-01-13 02:45:00+00:00,120.91,-9.372,deficit,2.75,2,1
2026-01-13 03:00:00+00:00,128.879,-4.821,deficit,3.0,3,1
2026-01-13 03:15:00+00:00,75.72,4.677,surplus,3.25,3,1
2026-01-13 03:30:00+00:00,84.059,3.873,surplus,3.5,3,1
2026-01-13 03:45:00+00:00,122.43,-2.26,deficit,3.75,3,1
2026-01-13 04:00:00+00:00,100.38,0.295,surplus,4.0,4,1
2026-01-13 04:15:00+00:00,102.843,9.105,surplus,4.25,4,1
2026-01-13 04:30:00+00:00,70.536,5.726,surplus,4.5,4,1
2026-01-13 04:45:00+00:00,89.984,2.367,surplus,4.75,4,1
2026-01-13 05:00:00+00:00,158.147,-2.924,deficit,5.0,5,1
2026-01-13 05:15:00+00:00,91.435,2.505,surplus,5.25,5,1
2026-01-13 05:30:00+00:00,218.812,-11.199,deficit,5.5,5,1
2026-01-13 05:45:00+00:00,300.212,-17.671,deficit,5.75,5,1
2026-01-13 06:00:00+00:00,551.176,-32.817,deficit,6.0,6,1
2026-01-13 06:15:00+00:00,376.804,-27.806,deficit,6.25,6,1
2026-01-13 06:30:00+00:00,359.749,-26.075,deficit,6.5,6,1
2026-01-13 06:45:00+00:00,347.204,-23.596,deficit,6.75,6,1
2026-01-13 07:00:00+00:00,385.4596,-16.167,deficit,7.0,7,1
2026-01-13 07:15:00+00:00,412.883,-15.709,deficit,7.25,7,1
2026-01-13 07:30:00+00:00,397.9885,-4.731,deficit,7.5,7,1
2026-01-13 07:45:00+00:00,385.7789,-4.559,deficit,7.75,7,1
2026-01-13 08:00:00+00:00,374.6946,-6.122,deficit,8.0,8,1
2026-01-13 08:15:00+00:00,389.092,-11.864,deficit,8.25,8,1
2026-01-13 08:30:00+00:00,379.808,-4.04,deficit,8.5,8,1
2026-01-13 08:45:00+00:00,365.0826,-4.885,deficit,8.75,8,1
2026-01-13 09:00:00+00:00,343.009,-10.688,deficit,9.0,9,1
2026-01-13 09:15:00+00:00,271.693,2.602,surplus,9.25,9,1
2026-01-13 09:30:00+00:00,591.106,-14.028,deficit,9.5,9,1
2026-01-13 09:45:00+00:00,403.143,-2.757,deficit,9.75,9,1
2026-01-13 10:00:00+00:00,346.1148,-11.215,deficit,10.0,10,1
2026-01-13 10:15:00+00:00,348.403,-7.977,deficit,10.25,10,1
2026-01-13 10:30:00+00:00,349.4043,-10.266,deficit,10.5,10,1
2026-01-13 10:45:00+00:00,347.6873,-19.397,deficit,10.75,10,1
2026-01-13 11:00:00+00:00,370.7382,-11.919,deficit,11.0,11,1
2026-01-13 11:15:00+00:00,366.1125,-1.786,deficit,11.25,11,1
2026-01-13 11:30:00+00:00,368.39,-4.884,deficit,11.5,11,1
2026-01-13 11:45:00+00:00,59.273,5.188,surplus,11.75,11,1
2026-01-13 12:00:00+00:00,355.696,-0.557,deficit,12.0,12,1
2026-01-13 12:15:00+00:00,67.462,8.234,surplus,12.25,12,1
2026-01-13 12:30:00+00:00,100.411,3.428,surplus,12.5,12,1
2026-01-13 12:45:00+00:00,90.759,5.857,surplus,12.75,12,1
2026-01-13 13:00:00+00:00,322.223,-2.203,deficit,13.0,13,1
2026-01-13 13:15:00+00:00,343.706,-5.388,deficit,13.25,13,1
2026-01-13 13:30:00+00:00,372.174,-3.419,deficit,13.5,13,1
2026-01-13 13:45:00+00:00,376.079,-12.909,deficit,13.75,13,1
2026-01-13 14:00:00+00:00,351.758,-7.72,deficit,14.0,14,1
2026-01-13 14:15:00+00:00,359.579,-3.195,deficit,14.25,14,1
2026-01-13 14:30:00+00:00,340.901,-3.61,deficit,14.5,14,1
2026-01-13 14:45:00+00:00,350.3535,-3.099,deficit,14.75,14,1
2026-01-13 15:00:00+00:00,330.1068,-0.704,deficit,15.0,15,1
2026-01-13 15:15:00+00:00,347.754,-4.465,deficit,15.25,15,1
2026-01-13 15:30:00+00:00,111.993,1.694,surplus,15.5,15,1
2026-01-13 15:45:00+00:00,414.425,-8.98,deficit,15.75,15,1
2026-01-13 16:00:00+00:00,349.5539,-6.517,deficit,16.0,16,1
2026-01-13 16:15:00+00:00,377.355,-3.061,deficit,16.25,16,1
2026-01-13 16:30:00+00:00,358.622,-11.849,deficit,16.5,16,1
2026-01-13 16:45:00+00:00,346.1229,-14.758,deficit,16.75,16,1
2026-01-13 17:00:00+00:00,348.964,-8.225,deficit,17.0,17,1
2026-01-13 17:15:00+00:00,344.52,-5.852,deficit,17.25,17,1
2026-01-13 17:30:00+00:00,334.444,-13.98,deficit,17.5,17,1
2026-01-13 17:45:00+00:00,329.3183,-6.965,deficit,17.75,17,1
2026-01-13 18:00:00+00:00,328.548,-16.833,deficit,18.0,18,1
2026-01-13 18:15:00+00:00,349.757,-16.517,deficit,18.25,18,1
2026-01-13 18:30:00+00:00,359.696,-18.547,deficit,18.5,18,1
2026-01-13 18:45:00+00:00,327.0798,-5.714,deficit,18.75,18,1
2026-01-13 19:00:00+00:00,338.25,-1.973,deficit,19.0,19,1
2026-01-13 19:15:00+00:00,117.115,0.175,surplus,19.25,19,1
2026-01-13 19:30:00+00:00,104.341,10.087,surplus,19.5,19,1
2026-01-13 19:45:00+00:00,114.339,7.498,surplus,19.75,19,1
2026-01-13 20:00:00+00:00,95.084,3.089,surplus,20.0,20,1
2026-01-13 20:15:00+00:00,81.663,3.631,surplus,20.25,20,1
2026-01-13 20:30:00+00:00,38.693,5.459,surplus,20.5,20,1
2026-01-13 20:45:00+00:00,89.837,12.291,surplus,20.75,20,1
2026-01-13 21:00:00+00:00,97.287,3.726,surplus,21.0,21,1
2026-01-13 21:15:00+00:00,92.513,0.573,surplus,21.25,21,1
2026-01-13 21:30:00+00:00,67.707,7.659,surplus,21.5,21,1
2026-01-13 21:45:00+00:00,57.617,10.81,surplus,21.75,21,1
2026-01-13 22:00:00+00:00,78.184,4.708,surplus,22.0,22,1
2026-01-13 22:15:00+00:00,93.508,10.154,surplus,22.25,22,1
2026-01-13 22:30:00+00:00,52.344,2.063,surplus,22.5,22,1
2026-01-13 22:45:00+00:00,11.745,5.043,surplus,22.75,22,1
2026-01-13 23:00:00+00:00,134.134,-1.798,deficit,23.0,23,1
2026-01-13 23:15:00+00:00,130.328,-4.5,deficit,23.25,23,1
2026-01-13 23:30:00+00:00,103.073,1.628,surplus,23.5,23,1
2026-01-13 23:45:00+00:00,93.098,0.602,surplus,23.75,23,1
2026-01-14 00:00:00+00:00,74.918,2.763,surplus,0.0,0,2
2026-01-14 00:15:00+00:00,94.071,2.314,surplus,0.25,0,2
2026-01-14 00:30:00+00:00,67.198,8.427,surplus,0.5,0,2
2026-01-14 00:45:00+00:00,51.156,15.323,surplus,0.75,0,2
2026-01-14 01:00:00+00:00,100.911,10.239,surplus,1.0,1,2
2026-01-14 01:15:00+00:00,100.118,5.008,surplus,1.25,1,2
2026-01-14 01:30:00+00:00,89.905,9.065,surplus,1.5,1,2
2026-01-14 01:45:00+00:00,97.062,8.302,surplus,1.75,1,2
2026-01-14 02:00:00+00:00,104.371,1.195,surplus,2.0,2,2
2026-01-14 02:15:00+00:00,129.558,-1.291,deficit,2.25,2,2
2026-01-14 02:30:00+00:00,83.402,0.105,surplus,2.5,2,2
2026-01-14 02:45:00+00:00,91.289,3.411,surplus,2.75,2,2
2026-01-14 03:00:00+00:00,98.992,0.763,surplus,3.0,3,2
2026-01-14 03:15:00+00:00,48.655,0.951,surplus,3.25,3,2
2026-01-14 03:30:00+00:00,44.374,1.155,surplus,3.5,3,2
2026-01-14 03:45:00+00:00,97.431,1.237,surplus,3.75,3,2
2026-01-14 04:00:00+00:00,102.69,3.33,surplus,4.0,4,2
2026-01-14 04:15:00+00:00,82.873,10.632,surplus,4.25,4,2
2026-01-14 04:30:00+00:00,96.329,4.427,surplus,4.5,4,2
2026-01-14 04:45:00+00:00,90.317,14.637,surplus,4.75,4,2
2026-01-14 05:00:00+00:00,30.197,17.799,surplus,5.0,5,2
2026-01-14 05:15:00+00:00,90.911,9.442,surplus,5.25,5,2
2026-01-14 05:30:00+00:00,35.891,3.21,surplus,5.5,5,2
2026-01-14 05:45:00+00:00,67.119,10.185,surplus,5.75,5,2
2026-01-14 06:00:00+00:00,106.767,5.11,surplus,6.0,6,2
2026-01-14 06:15:00+00:00,109.848,8.016,surplus,6.25,6,2
2026-01-14 06:30:00+00:00,87.834,9.243,surplus,6.5,6,2
2026-01-14 06:45:00+00:00,88.041,1.909,surplus,6.75,6,2
2026-01-14 07:00:00+00:00,240.955,-0.658,deficit,7.0,7,2
2026-01-14 07:15:00+00:00,136.947,6.751,surplus,7.25,7,2
2026-01-14 07:30:00+00:00,137.948,2.471,surplus,7.5,7,2
2026-01-14 07:45:00+00:00,138.35,11.344,surplus,7.75,7,2
2026-01-14 08:00:00+00:00,129.271,2.789,surplus,8.0,8,2
2026-01-14 08:15:00+00:00,137.254,1.622,surplus,8.25,8,2
2026-01-14 08:30:00+00:00,221.232,-1.59,deficit,8.5,8,2
2026-01-14 08:45:00+00:00,223.993,-0.787,deficit,8.75,8,2
2026-01-14 09:00:00+00:00,138.032,0.874,surplus,9.0,9,2
2026-01-14 09:15:00+00:00,84.003,1.865,surplus,9.25,9,2
2026-01-14 09:30:00+00:00,270.6,-1.097,deficit,9.5,9,2
2026-01-14 09:45:00+00:00,79.324,7.262,surplus,9.75,9,2
2026-01-14 10:00:00+00:00,255.904,-9.628,deficit,10.0,10,2
2026-01-14 10:15:00+00:00,226.699,-7.035,deficit,10.25,10,2
2026-01-14 10:30:00+00:00,195.096,-3.068,deficit,10.5,10,2
2026-01-14 10:45:00+00:00,110.81,0.911,surplus,10.75,10,2
2026-01-14 11:00:00+00:00,44.734,0.075,surplus,11.0,11,2
2026-01-14 11:15:00+00:00,64.241,5.456,surplus,11.25,11,2
2026-01-14 11:30:00+00:00,105.016,1.995,surplus,11.5,11,2
2026-01-14 11:45:00+00:00,101.119,7.355,surplus,11.75,11,2
2026-01-14 12:00:00+00:00,13.622,15.854,surplus,12.0,12,2
2026-01-14 12:15:00+00:00,19.648,14.957,surplus,12.25,12,2
2026-01-14 12:30:00+00:00,30.621,13.711,surplus,12.5,12,2
2026-01-14 12:45:00+00:00,33.902,12.529,surplus,12.75,12,2
2026-01-14 13:00:00+00:00,62.436,12.954,surplus,13.0,13,2
2026-01-14 13:15:00+00:00,124.275,11.439,surplus,13.25,13,2
2026-01-14 13:30:00+00:00,107.735,10.501,surplus,13.5,13,2
2026-01-14 13:45:00+00:00,223.542,-1.725,deficit,13.75,13,2
2026-01-14 14:00:00+00:00,183.2765,-6.854,deficit,14.0,14,2
2026-01-14 14:15:00+00:00,189.738,-10.141,deficit,14.25,14,2
2026-01-14 14:30:00+00:00,183.942,-5.063,deficit,14.5,14,2
2026-01-14 14:45:00+00:00,42.362,0.657,surplus,14.75,14,2
2026-01-14 15:00:00+00:00,24.194,6.779,surplus,15.0,15,2
2026-01-14 15:15:00+00:00,35.572,4.44,surplus,15.25,15,2
2026-01-14 15:30:00+00:00,188.5406,-1.964,deficit,15.5,15,2
2026-01-14 15:45:00+00:00,284.9,-1.856,deficit,15.75,15,2
2026-01-14 16:00:00+00:00,35.784,0.554,surplus,16.0,16,2
2026-01-14 16:15:00+00:00,37.408,0.457,surplus,16.25,16,2
2026-01-14 16:30:00+00:00,38.286,0.578,surplus,16.5,16,2
2026-01-14 16:45:00+00:00,9.905,5.818,surplus,16.75,16,2
2026-01-14 17:00:00+00:00,277.2,-0.966,deficit,17.0,17,2
2026-01-14 17:15:00+00:00,32.455,3.814,surplus,17.25,17,2
2026-01-14 17:30:00+00:00,28.674,1.231,surplus,17.5,17,2
2026-01-14 17:45:00+00:00,35.477,2.105,surplus,17.75,17,2
2026-01-14 18:00:00+00:00,199.0726,-1.098,deficit,18.0,18,2
2026-01-14 18:15:00+00:00,28.379,1.888,surplus,18.25,18,2
2026-01-14 18:30:00+00:00,-10.358,2.143,surplus,18.5,18,2
2026-01-14 18:45:00+00:00,34.127,4.166,surplus,18.75,18,2
2026-01-14 19:00:00+00:00,272.25,-0.146,deficit,19.0,19,2
2026-01-14 19:15:00+00:00,18.56,6.506,surplus,19.25,19,2
2026-01-14 19:30:00+00:00,27.596,1.258,surplus,19.5,19,2
2026-01-14 19:45:00+00:00,166.518,-2.984,deficit,19.75,19,2
2026-01-14 20:00:00+00:00,35.473,2.011,surplus,20.0,20,2
2026-01-14 20:15:00+00:00,16.175,5.627,surplus,20.25,20,2
2026-01-14 20:30:00+00:00,38.197,1.397,surplus,20.5,20,2
2026-01-14 20:45:00+00:00,128.01,4.962,surplus,20.75,20,2
2026-01-14 21:00:00+00:00,156.5512,-1.19,deficit,21.0,21,2
2026-01-14 21:15:00+00:00,157.5468,-4.993,deficit,21.25,21,2
2026-01-14 21:30:00+00:00,1.609,6.768,surplus,21.5,21,2
2026-01-14 21:45:00+00:00,6.67,0.972,surplus,21.75,21,2
2026-01-14 22:00:00+00:00,75.53,3.875,surplus,22.0,22,2
2026-01-14 22:15:00+00:00,77.808,3.526,surplus,22.25,22,2
2026-01-14 22:30:00+00:00,94.84,6.176,surplus,22.5,22,2
2026-01-14 22:45:00+00:00,43.457,8.018,surplus,22.75,22,2
2026-01-14 23:00:00+00:00,75.867,4.347,surplus,23.0,23,2
2026-01-14 23:15:00+00:00,81.83,11.478,surplus,23.25,23,2
2026-01-14 23:30:00+00:00,92.451,14.645,surplus,23.5,23,2
2026-01-14 23:45:00+00:00,89.578,15.477,surplus,23.75,23,2
2026-01-15 00:00:00+00:00,82.183,15.76,surplus,0.0,0,3
2026-01-15 00:15:00+00:00,77.487,11.095,surplus,0.25,0,3
2026-01-15 00:30:00+00:00,85.406,5.375,surplus,0.5,0,3
2026-01-15 00:45:00+00:00,95.636,1.516,surplus,0.75,0,3
2026-01-15 01:00:00+00:00,122.067,-3.228,deficit,1.0,1,3
2026-01-15 01:15:00+00:00,85.073,2.821,surplus,1.25,1,3
2026-01-15 01:30:00+00:00,118.987,-2.603,deficit,1.5,1,3
2026-01-15 01:45:00+00:00,117.755,-6.652,deficit,1.75,1,3
2026-01-15 02:00:00+00:00,85.757,0.899,surplus,2.0,2,3
2026-01-15 02:15:00+00:00,93.386,4.498,surplus,2.25,2,3
2026-01-15 02:30:00+00:00,89.292,9.084,surplus,2.5,2,3
2026-01-15 02:45:00+00:00,80.67,4.914,surplus,2.75,2,3
2026-01-15 03:00:00+00:00,94.794,2.623,surplus,3.0,3,3
2026-01-15 03:15:00+00:00,81.792,6.268,surplus,3.25,3,3
2026-01-15 03:30:00+00:00,56.091,0.713,surplus,3.5,3,3
2026-01-15 03:45:00+00:00,78.463,5.878,surplus,3.75,3,3
2026-01-15 04:00:00+00:00,112.14,7.819,surplus,4.0,4,3
2026-01-15 04:15:00+00:00,83.396,2.362,surplus,4.25,4,3
2026-01-15 04:30:00+00:00,135.3082,-0.805,deficit,4.5,4,3
2026-01-15 04:45:00+00:00,74.301,1.566,surplus,4.75,4,3
2026-01-15 05:00:00+00:00,83.696,7.627,surplus,5.0,5,3
2026-01-15 05:15:00+00:00,167.2984,-0.669,deficit,5.25,5,3
2026-01-15 05:30:00+00:00,104.795,2.513,surplus,5.5,5,3
2026-01-15 05:45:00+00:00,104.432,1.593,surplus,5.75,5,3
2026-01-15 06:00:00+00:00,193.215,-0.757,deficit,6.0,6,3
2026-01-15 06:15:00+00:00,98.452,0.609,surplus,6.25,6,3
2026-01-15 06:30:00+00:00,117.894,11.523,surplus,6.5,6,3
2026-01-15 06:45:00+00:00,111.333,4.252,surplus,6.75,6,3
2026-01-15 07:00:00+00:00,96.248,16.379,surplus,7.0,7,3
2026-01-15 07:15:00+00:00,78.046,11.127,surplus,7.25,7,3
2026-01-15 07:30:00+00:00,111.151,11.293,surplus,7.5,7,3
2026-01-15 07:45:00+00:00,103.978,13.721,surplus,7.75,7,3
2026-01-15 08:00:00+00:00,97.351,7.719,surplus,8.0,8,3
2026-01-15 08:15:00+00:00,99.654,6.769,surplus,8.25,8,3
2026-01-15 08:30:00+00:00,96.788,4.782,surplus,8.5,8,3
2026-01-15 08:45:00+00:00,101.734,6.154,surplus,8.75,8,3
2026-01-15 09:00:00+00:00,24.366,16.446,surplus,9.0,9,3
2026-01-15 09:15:00+00:00,86.367,17.371,surplus,9.25,9,3
2026-01-15 09:30:00+00:00,67.062,24.701,surplus,9.5,9,3
2026-01-15 09:45:00+00:00,72.933,37.05,surplus,9.75,9,3
2026-01-15 10:00:00+00:00,67.454,28.18,surplus,10.0,10,3
2026-01-15 10:15:00+00:00,72.594,30.959,surplus,10.25,10,3
2026-01-15 10:30:00+00:00,75.561,31.932,surplus,10.5,10,3
2026-01-15 10:45:00+00:00,51.498,30.945,surplus,10.75,10,3
2026-01-15 11:00:00+00:00,43.784,35.821,surplus,11.0,11,3
2026-01-15 11:15:00+00:00,62.969,34.959,surplus,11.25,11,3
2026-01-15 11:30:00+00:00,70.952,26.938,surplus,11.5,11,3
2026-01-15 11:45:00+00:00,77.336,31.096,surplus,11.75,11,3
2026-01-15 12:00:00+00:00,98.961,20.127,surplus,12.0,12,3
2026-01-15 12:15:00+00:00,71.465,17.266,surplus,12.25,12,3
2026-01-15 12:30:00+00:00,89.378,13.21,surplus,12.5,12,3
2026-01-15 12:45:00+00:00,83.918,16.132,surplus,12.75,12,3
2026-01-15 13:00:00+00:00,88.908,15.669,surplus,13.0,13,3
2026-01-15 13:15:00+00:00,117.735,10.365,surplus,13.25,13,3
2026-01-15 13:30:00+00:00,112.543,7.611,surplus,13.5,13,3
2026-01-15 13:45:00+00:00,111.371,4.843,surplus,13.75,13,3
2026-01-15 14:00:00+00:00,110.202,10.637,surplus,14.0,14,3
2026-01-15 14:15:00+00:00,84.719,2.53,surplus,14.25,14,3
2026-01-15 14:30:00+00:00,89.524,17.364,surplus,14.5,14,3
2026-01-15 14:45:00+00:00,39.789,22.93,surplus,14.75,14,3
2026-01-15 15:00:00+00:00,208.56,-0.086,deficit,15.0,15,3
2026-01-15 15:15:00+00:00,236.082,-5.95,deficit,15.25,15,3
2026-01-15 15:30:00+00:00,247.819,-2.65,deficit,15.5,15,3
2026-01-15 15:45:00+00:00,286.154,-0.214,deficit,15.75,15,3
2026-01-15 16:00:00+00:00,250.162,-6.956,deficit,16.0,16,3
2026-01-15 16:15:00+00:00,111.381,0.454,surplus,16.25,16,3
2026-01-15 16:30:00+00:00,102.97,3.282,surplus,16.5,16,3
2026-01-15 16:45:00+00:00,97.602,3.924,surplus,16.75,16,3
2026-01-15 17:00:00+00:00,61.741,7.668,surplus,17.0,17,3
2026-01-15 17:15:00+00:00,125.342,8.539,surplus,17.25,17,3
2026-01-15 17:30:00+00:00,135.347,6.027,surplus,17.5,17,3
2026-01-15 17:45:00+00:00,143.189,0.516,surplus,17.75,17,3
2026-01-15 18:00:00+00:00,231.671,-1.345,deficit,18.0,18,3
2026-01-15 18:15:00+00:00,107.25,3.047,surplus,18.25,18,3
2026-01-15 18:30:00+00:00,137.649,3.224,surplus,18.5,18,3
2026-01-15 18:45:00+00:00,110.034,1.099,surplus,18.75,18,3
2026-01-15 19:00:00+00:00,107.006,1.766,surplus,19.0,19,3
2026-01-15 19:15:00+00:00,111.261,9.133,surplus,19.25,19,3
2026-01-15 19:30:00+00:00,106.91,4.691,surplus,19.5,19,3
2026-01-15 19:45:00+00:00,112.185,1.426,surplus,19.75,19,3
2026-01-15 20:00:00+00:00,138.5762,-2.35,deficit,20.0,20,3
2026-01-15 20:15:00+00:00,110.088,5.601,surplus,20.25,20,3
2026-01-15 20:30:00+00:00,140.3916,-4.409,deficit,20.5,20,3
2026-01-15 20:45:00+00:00,93.169,8.985,surplus,20.75,20,3
2026-01-15 21:00:00+00:00,77.063,4.614,surplus,21.0,21,3
2026-01-15 21:15:00+00:00,102.7988,6.452,surplus,21.25,21,3
2026-01-15 21:30:00+00:00,99.0434,17.199,surplus,21.5,21,3
2026-01-15 21:45:00+00:00,102.5315,6.632,surplus,21.75,21,3
2026-01-15 22:00:00+00:00,109.1055,11.723,surplus,22.0,22,3
2026-01-15 22:15:00+00:00,87.417,5.748,surplus,22.25,22,3
2026-01-15 22:30:00+00:00,90.787,7.246,surplus,22.5,22,3
2026-01-15 22:45:00+00:00,88.629,6.719,surplus,22.75,22,3
2026-01-15 23:00:00+00:00,95.983,2.175,surplus,23.0,23,3
2026-01-15 23:15:00+00:00,98.002,0.249,surplus,23.25,23,3
2026-01-15 23:30:00+00:00,53.543,0.901,surplus,23.5,23,3
2026-01-15 23:45:00+00:00,94.199,1.386,surplus,23.75,23,3
2026-01-16 00:00:00+00:00,93.134,0.772,surplus,0.0,0,4
2026-01-16 00:15:00+00:00,116.2057,-10.564,deficit,0.25,0,4
2026-01-16 00:30:00+00:00,116.2057,-13.415,deficit,0.5,0,4
2026-01-16 00:45:00+00:00,122.1,-7.917,deficit,0.75,0,4
2026-01-16 01:00:00+00:00,131.824,-0.811,deficit,1.0,1,4
2026-01-16 01:15:00+00:00,98.783,0.566,surplus,1.25,1,4
2026-01-16 01:30:00+00:00,67.321,0.337,surplus,1.5,1,4
2026-01-16 01:45:00+00:00,101.7886,1.547,surplus,1.75,1,4
2026-01-16 02:00:00+00:00,86.834,8.292,surplus,2.0,2,4
2026-01-16 02:15:00+00:00,65.283,4.311,surplus,2.25,2,4
2026-01-16 02:30:00+00:00,49.741,8.717,surplus,2.5,2,4
2026-01-16 02:45:00+00:00,90.717,4.178,surplus,2.75,2,4
2026-01-16 03:00:00+00:00,95.665,19.19,surplus,3.0,3,4
2026-01-16 03:15:00+00:00,96.12,14.632,surplus,3.25,3,4
2026-01-16 03:30:00+00:00,64.763,17.517,surplus,3.5,3,4
2026-01-16 03:45:00+00:00,82.087,12.963,surplus,3.75,3,4
2026-01-16 04:00:00+00:00,91.622,7.963,surplus,4.0,4,4
2026-01-16 04:15:00+00:00,46.439,3.497,surplus,4.25,4,4
2026-01-16 04:30:00+00:00,132.374,-1.245,deficit,4.5,4,4
2026-01-16 04:45:00+00:00,66.916,1.084,surplus,4.75,4,4
2026-01-16 05:00:00+00:00,108.888,2.137,surplus,5.0,5,4
2026-01-16 05:15:00+00:00,124.788,2.053,surplus,5.25,5,4
2026-01-16 05:30:00+00:00,167.519,-5.86,deficit,5.5,5,4
2026-01-16 05:45:00+00:00,197.142,-3.216,deficit,5.75,5,4
2026-01-16 06:00:00+00:00,183.4657,-8.242,deficit,6.0,6,4
2026-01-16 06:15:00+00:00,190.3,-3.396,deficit,6.25,6,4
2026-01-16 06:30:00+00:00,185.3859,-4.697,deficit,6.5,6,4
2026-01-16 06:45:00+00:00,199.265,-5.819,deficit,6.75,6,4
2026-01-16 07:00:00+00:00,202.9498,-1.516,deficit,7.0,7,4
2026-01-16 07:15:00+00:00,202.1603,-3.053,deficit,7.25,7,4
2026-01-16 07:30:00+00:00,204.3979,-0.792,deficit,7.5,7,4
2026-01-16 07:45:00+00:00,56.246,2.385,surplus,7.75,7,4
2026-01-16 08:00:00+00:00,55.954,4.607,surplus,8.0,8,4
2026-01-16 08:15:00+00:00,66.147,8.67,surplus,8.25,8,4
2026-01-16 08:30:00+00:00,33.331,6.43,surplus,8.5,8,4
2026-01-16 08:45:00+00:00,25.21,10.348,surplus,8.75,8,4
2026-01-16 09:00:00+00:00,66.526,2.713,surplus,9.0,9,4
2026-01-16 09:15:00+00:00,67.021,7.738,surplus,9.25,9,4
2026-01-16 09:30:00+00:00,204.0253,-0.532,deficit,9.5,9,4
2026-01-16 09:45:00+00:00,55.369,2.147,surplus,9.75,9,4
2026-01-16 10:00:00+00:00,30.598,14.079,surplus,10.0,10,4
2026-01-16 10:15:00+00:00,15.636,19.285,surplus,10.25,10,4
2026-01-16 10:30:00+00:00,8.033,23.772,surplus,10.5,10,4
2026-01-16 10:45:00+00:00,44.768,6.131,surplus,10.75,10,4
2026-01-16 11:00:00+00:00,38.659,21.011,surplus,11.0,11,4
2026-01-16 11:15:00+00:00,44.364,20.788,surplus,11.25,11,4
2026-01-16 11:30:00+00:00,58.053,13.394,surplus,11.5,11,4
2026-01-16 11:45:00+00:00,38.133,4.551,surplus,11.75,11,4
2026-01-16 12:00:00+00:00,95.026,4.9,surplus,12.0,12,4
2026-01-16 12:15:00+00:00,54.528,4.641,surplus,12.25,12,4
2026-01-16 12:30:00+00:00,174.295,-0.476,deficit,12.5,12,4
2026-01-16 12:45:00+00:00,113.603,4.946,surplus,12.75,12,4
2026-01-16 13:00:00+00:00,103.583,5.977,surplus,13.0,13,4
2026-01-16 13:15:00+00:00,120.63,2.085,surplus,13.25,13,4
2026-01-16 13:30:00+00:00,94.439,1.059,surplus,13.5,13,4
2026-01-16 13:45:00+00:00,188.375,-2.694,deficit,13.75,13,4
2026-01-16 14:00:00+00:00,169.3041,-1.896,deficit,14.0,14,4
2026-01-16 14:15:00+00:00,172.6459,-7.729,deficit,14.25,14,4
2026-01-16 14:30:00+00:00,182.655,-3.063,deficit,14.5,14,4
2026-01-16 14:45:00+00:00,75.784,2.964,surplus,14.75,14,4
2026-01-16 15:00:00+00:00,180.9636,-1.576,deficit,15.0,15,4
2026-01-16 15:15:00+00:00,98.31,3.401,surplus,15.25,15,4
2026-01-16 15:30:00+00:00,106.296,2.162,surplus,15.5,15,4
2026-01-16 15:45:00+00:00,110.476,7.616,surplus,15.75,15,4
2026-01-16 16:00:00+00:00,95.915,6.244,surplus,16.0,16,4
2026-01-16 16:15:00+00:00,196.119,-1.076,deficit,16.25,16,4
2026-01-16 16:30:00+00:00,109.385,5.905,surplus,16.5,16,4
2026-01-16 16:45:00+00:00,130.746,8.334,surplus,16.75,16,4
2026-01-16 17:00:00+00:00,107.671,11.278,surplus,17.0,17,4
2026-01-16 17:15:00+00:00,107.954,12.068,surplus,17.25,17,4
2026-01-16 17:30:00+00:00,88.514,25.565,surplus,17.5,17,4
2026-01-16 17:45:00+00:00,43.029,29.309,surplus,17.75,17,4
2026-01-16 18:00:00+00:00,104.393,14.094,surplus,18.0,18,4
2026-01-16 18:15:00+00:00,130.22,1.274,surplus,18.25,18,4
2026-01-16 18:30:00+00:00,112.083,3.544,surplus,18.5,18,4
2026-01-16 18:45:00+00:00,106.566,11.54,surplus,18.75,18,4
2026-01-16 19:00:00+00:00,104.8,0.923,surplus,19.0,19,4
2026-01-16 19:15:00+00:00,108.327,1.046,surplus,19.25,19,4
2026-01-16 19:30:00+00:00,123.096,0.023,surplus,19.5,19,4
2026-01-16 19:45:00+00:00,145.5279,-2.327,deficit,19.75,19,4
2026-01-16 20:00:00+00:00,150.722,-2.118,deficit,20.0,20,4
2026-01-16 20:15:00+00:00,145.2,-8.126,deficit,20.25,20,4
2026-01-16 20:30:00+00:00,144.584,-4.295,deficit,20.5,20,4
2026-01-16 20:45:00+00:00,134.6021,-3.322,deficit,20.75,20,4
2026-01-16 21:00:00+00:00,141.966,-9.567,deficit,21.0,21,4
2026-01-16 21:15:00+00:00,150.034,-7.607,deficit,21.25,21,4
2026-01-16 21:30:00+00:00,115.334,0.638,surplus,21.5,21,4
2026-01-16 21:45:00+00:00,111.753,3.537,surplus,21.75,21,4
2026-01-16 22:00:00+00:00,96.755,1.262,surplus,22.0,22,4
2026-01-16 22:15:00+00:00,94.743,0.761,surplus,22.25,22,4
2026-01-16 22:30:00+00:00,98.406,9.319,surplus,22.5,22,4
2026-01-16 22:45:00+00:00,95.268,17.518,surplus,22.75,22,4
2026-01-16 23:00:00+00:00,135.245,-14.08,deficit,23.0,23,4
2026-01-16 23:15:00+00:00,130.603,-9.502,deficit,23.25,23,4
2026-01-16 23:30:00+00:00,128.1924,-9.566,deficit,23.5,23,4
2026-01-16 23:45:00+00:00,98.24,1.113,surplus,23.75,23,4
2026-01-17 00:00:00+00:00,127.259,-15.688,deficit,0.0,0,5
2026-01-17 00:15:00+00:00,124.5175,-7.891,deficit,0.25,0,5
2026-01-17 00:30:00+00:00,122.0673,-7.681,deficit,0.5,0,5
2026-01-17 00:45:00+00:00,123.1374,-2.117,deficit,0.75,0,5
2026-01-17 01:00:00+00:00,119.9549,-7.431,deficit,1.0,1,5
2026-01-17 01:15:00+00:00,92.454,0.376,surplus,1.25,1,5
2026-01-17 01:30:00+00:00,120.7572,-0.348,deficit,1.5,1,5
2026-01-17 01:45:00+00:00,96.71,6.69,surplus,1.75,1,5
2026-01-17 02:00:00+00:00,84.326,0.753,surplus,2.0,2,5
2026-01-17 02:15:00+00:00,119.887,-2.248,deficit,2.25,2,5
2026-01-17 02:30:00+00:00,110.586,-3.503,deficit,2.5,2,5
2026-01-17 02:45:00+00:00,95.59,4.55,surplus,2.75,2,5
2026-01-17 03:00:00+00:00,116.625,-3.116,deficit,3.0,3,5
2026-01-17 03:15:00+00:00,112.948,-1.681,deficit,3.25,3,5
2026-01-17 03:30:00+00:00,116.625,-1.435,deficit,3.5,3,5
2026-01-17 03:45:00+00:00,116.625,-0.085,deficit,3.75,3,5
2026-01-17 04:00:00+00:00,141.555,-9.552,deficit,4.0,4,5
2026-01-17 04:15:00+00:00,130.155,-4.93,deficit,4.25,4,5
2026-01-17 04:30:00+00:00,124.17,-1.432,deficit,4.5,4,5
2026-01-17 04:45:00+00:00,120.5234,-1.163,deficit,4.75,4,5
2026-01-17 05:00:00+00:00,121.7212,-4.275,deficit,5.0,5,5
2026-01-17 05:15:00+00:00,104.751,0.606,surplus,5.25,5,5
2026-01-17 05:30:00+00:00,133.5902,-2.63,deficit,5.5,5,5
2026-01-17 05:45:00+00:00,139.7182,-2.719,deficit,5.75,5,5
2026-01-17 06:00:00+00:00,135.701,-16.436,deficit,6.0,6,5
2026-01-17 06:15:00+00:00,155.846,-22.333,deficit,6.25,6,5
2026-01-17 06:30:00+00:00,139.5811,-24.947,deficit,6.5,6,5
2026-01-17 06:45:00+00:00,143.4747,-22.76,deficit,6.75,6,5
2026-01-17 07:00:00+00:00,146.9793,-14.944,deficit,7.0,7,5
2026-01-17 07:15:00+00:00,160.61,-9.373,deficit,7.25,7,5
2026-01-17 07:30:00+00:00,154.711,-9.178,deficit,7.5,7,5
2026-01-17 07:45:00+00:00,150.2439,-0.536,deficit,7.75,7,5
2026-01-17 08:00:00+00:00,146.9589,-1.256,deficit,8.0,8,5
2026-01-17 08:15:00+00:00,145.3038,-2.17,deficit,8.25,8,5
2026-01-17 08:30:00+00:00,145.2166,-2.957,deficit,8.5,8,5
2026-01-17 08:45:00+00:00,142.7413,-5.581,deficit,8.75,8,5
2026-01-17 09:00:00+00:00,143.7702,-2.552,deficit,9.0,9,5
2026-01-17 09:15:00+00:00,143.3814,-5.948,deficit,9.25,9,5
2026-01-17 09:30:00+00:00,140.9192,-8.87,deficit,9.5,9,5
2026-01-17 09:45:00+00:00,140.4538,-1.721,deficit,9.75,9,5
2026-01-17 10:00:00+00:00,143.8316,-19.45,deficit,10.0,10,5
2026-01-17 10:15:00+00:00,143.6226,-6.017,deficit,10.25,10,5
2026-01-17 10:30:00+00:00,142.9455,-2.393,deficit,10.5,10,5
2026-01-17 10:45:00+00:00,96.864,3.826,surplus,10.75,10,5
2026-01-17 11:00:00+00:00,99.633,6.87,surplus,11.0,11,5
2026-01-17 11:15:00+00:00,77.247,4.96,surplus,11.25,11,5
2026-01-17 11:30:00+00:00,96.781,7.297,surplus,11.5,11,5
2026-01-17 11:45:00+00:00,83.562,14.016,surplus,11.75,11,5
2026-01-17 12:00:00+00:00,83.249,18.897,surplus,12.0,12,5
2026-01-17 12:15:00+00:00,89.041,18.442,surplus,12.25,12,5
2026-01-17 12:30:00+00:00,91.464,14.405,surplus,12.5,12,5
2026-01-17 12:45:00+00:00,93.642,17.917,surplus,12.75,12,5
2026-01-17 13:00:00+00:00,89.759,13.967,surplus,13.0,13,5
2026-01-17 13:15:00+00:00,100.856,16.705,surplus,13.25,13,5
2026-01-17 13:30:00+00:00,110.501,1.222,surplus,13.5,13,5
2026-01-17 13:45:00+00:00,94.113,2.087,surplus,13.75,13,5
2026-01-17 14:00:00+00:00,115.01,14.04,surplus,14.0,14,5
2026-01-17 14:15:00+00:00,120.89,3.18,surplus,14.25,14,5
2026-01-17 14:30:00+00:00,147.066,-4.468,deficit,14.5,14,5
2026-01-17 14:45:00+00:00,141.9222,-5.188,deficit,14.75,14,5
2026-01-17 15:00:00+00:00,154.2043,-6.402,deficit,15.0,15,5
2026-01-17 15:15:00+00:00,166.4987,-9.777,deficit,15.25,15,5
2026-01-17 15:30:00+00:00,168.2123,-0.327,deficit,15.5,15,5
2026-01-17 15:45:00+00:00,169.8134,-13.638,deficit,15.75,15,5
2026-01-17 16:00:00+00:00,165.5376,-4.739,deficit,16.0,16,5
2026-01-17 16:15:00+00:00,164.7421,-7.07,deficit,16.25,16,5
2026-01-17 16:30:00+00:00,164.6012,-3.072,deficit,16.5,16,5
2026-01-17 16:45:00+00:00,121.383,2.347,surplus,16.75,16,5
2026-01-17 17:00:00+00:00,126.973,6.36,surplus,17.0,17,5
2026-01-17 17:15:00+00:00,107.181,9.437,surplus,17.25,17,5
2026-01-17 17:30:00+00:00,109.135,3.511,surplus,17.5,17,5
2026-01-17 17:45:00+00:00,114.051,1.373,surplus,17.75,17,5
2026-01-17 18:00:00+00:00,96.567,2.401,surplus,18.0,18,5
2026-01-17 18:15:00+00:00,109.401,1.559,surplus,18.25,18,5
2026-01-17 18:30:00+00:00,98.256,0.977,surplus,18.5,18,5
2026-01-17 18:45:00+00:00,100.447,4.245,surplus,18.75,18,5
2026-01-17 19:00:00+00:00,158.4885,-0.187,deficit,19.0,19,5
2026-01-17 19:15:00+00:00,122.884,4.869,surplus,19.25,19,5
2026-01-17 19:30:00+00:00,146.3223,-0.975,deficit,19.5,19,5
2026-01-17 19:45:00+00:00,87.406,2.624,surplus,19.75,19,5
2026-01-17 20:00:00+00:00,135.1393,-1.432,deficit,20.0,20,5
2026-01-17 20:15:00+00:00,135.1393,-3.328,deficit,20.25,20,5
2026-01-17 20:30:00+00:00,135.1393,-2.758,deficit,20.5,20,5
2026-01-17 20:45:00+00:00,132.4237,-5.765,deficit,20.75,20,5
2026-01-17 21:00:00+00:00,132.9926,-3.766,deficit,21.0,21,5
2026-01-17 21:15:00+00:00,132.4034,-0.904,deficit,21.25,21,5
2026-01-17 21:30:00+00:00,132.0143,-3.025,deficit,21.5,21,5
2026-01-17 21:45:00+00:00,130.8215,-8.037,deficit,21.75,21,5
2026-01-17 22:00:00+00:00,73.916,4.261,surplus,22.0,22,5
2026-01-17 22:15:00+00:00,94.0,3.281,surplus,22.25,22,5
2026-01-17 22:30:00+00:00,66.341,4.818,surplus,22.5,22,5
2026-01-17 22:45:00+00:00,82.184,9.766,surplus,22.75,22,5
2026-01-17 23:00:00+00:00,78.489,17.843,surplus,23.0,23,5
2026-01-17 23:15:00+00:00,91.28,20.29,surplus,23.25,23,5
2026-01-17 23:30:00+00:00,86.388,21.427,surplus,23.5,23,5
2026-01-17 23:45:00+00:00,87.27,21.012,surplus,23.75,23,5
2026-01-18 00:00:00+00:00,82.86,19.728,surplus,0.0,0,6
2026-01-18 00:15:00+00:00,87.277,16.297,surplus,0.25,0,6
2026-01-18 00:30:00+00:00,68.668,10.785,surplus,0.5,0,6
2026-01-18 00:45:00+00:00,82.832,17.17,surplus,0.75,0,6
2026-01-18 01:00:00+00:00,97.339,4.444,surplus,1.0,1,6
2026-01-18 01:15:00+00:00,93.033,5.444,surplus,1.25,1,6
2026-01-18 01:30:00+00:00,99.04,5.423,surplus,1.5,1,6
2026-01-18 01:45:00+00:00,80.325,7.295,surplus,1.75,1,6
2026-01-18 02:00:00+00:00,114.213,-3.79,deficit,2.0,2,6
2026-01-18 02:15:00+00:00,113.3,-3.977,deficit,2.25,2,6
2026-01-18 02:30:00+00:00,111.903,-2.094,deficit,2.5,2,6
2026-01-18 02:45:00+00:00,111.76,-3.225,deficit,2.75,2,6
2026-01-18 03:00:00+00:00,99.3967,0.358,surplus,3.0,3,6
2026-01-18 03:15:00+00:00,112.882,-1.98,deficit,3.25,3,6
2026-01-18 03:30:00+00:00,111.903,-2.872,deficit,3.5,3,6
2026-01-18 03:45:00+00:00,111.76,-5.331,deficit,3.75,3,6
2026-01-18 04:00:00+00:00,112.465,-17.269,deficit,4.0,4,6
2026-01-18 04:15:00+00:00,111.76,-8.762,deficit,4.25,4,6
2026-01-18 04:30:00+00:00,119.962,-5.461,deficit,4.5,4,6
2026-01-18 04:45:00+00:00,122.082,-6.249,deficit,4.75,4,6
2026-01-18 05:00:00+00:00,112.376,-9.69,deficit,5.0,5,6
2026-01-18 05:15:00+00:00,113.0995,-0.236,deficit,5.25,5,6
2026-01-18 05:30:00+00:00,114.3574,-1.471,deficit,5.5,5,6
2026-01-18 05:45:00+00:00,116.4383,-2.546,deficit,5.75,5,6
2026-01-18 06:00:00+00:00,93.668,0.959,surplus,6.0,6,6
2026-01-18 06:15:00+00:00,107.983,0.738,surplus,6.25,6,6
2026-01-18 06:30:00+00:00,110.4428,0.942,surplus,6.5,6,6
2026-01-18 06:45:00+00:00,89.845,2.039,surplus,6.75,6,6
2026-01-18 07:00:00+00:00,99.403,5.839,surplus,7.0,7,6
2026-01-18 07:15:00+00:00,118.5779,2.091,surplus,7.25,7,6
2026-01-18 07:30:00+00:00,131.615,-2.934,deficit,7.5,7,6
2026-01-18 07:45:00+00:00,128.5958,-7.56,deficit,7.75,7,6
2026-01-18 08:00:00+00:00,126.643,-1.993,deficit,8.0,8,6
2026-01-18 08:15:00+00:00,123.5494,-5.819,deficit,8.25,8,6
2026-01-18 08:30:00+00:00,123.5494,-3.262,deficit,8.5,8,6
2026-01-18 08:45:00+00:00,15.71,1.001,surplus,8.75,8,6
2026-01-18 09:00:00+00:00,3.212,17.066,surplus,9.0,9,6
2026-01-18 09:15:00+00:00,17.698,20.865,surplus,9.25,9,6
2026-01-18 09:30:00+00:00,2.679,24.94,surplus,9.5,9,6
2026-01-18 09:45:00+00:00,-10.833,33.054,surplus,9.75,9,6
2026-01-18 10:00:00+00:00,-2.046,27.369,surplus,10.0,10,6
2026-01-18 10:15:00+00:00,-2.343,36.77,surplus,10.25,10,6
2026-01-18 10:30:00+00:00,26.182,31.288,surplus,10.5,10,6
2026-01-18 10:45:00+00:00,29.246,18.41,surplus,10.75,10,6
2026-01-18 11:00:00+00:00,79.4698,3.59,surplus,11.0,11,6
2026-01-18 11:15:00+00:00,78.2821,22.904,surplus,11.25,11,6
2026-01-18 11:30:00+00:00,75.2952,31.873,surplus,11.5,11,6
2026-01-18 11:45:00+00:00,72.9232,21.059,surplus,11.75,11,6
2026-01-18 12:00:00+00:00,83.7046,18.17,surplus,12.0,12,6
2026-01-18 12:15:00+00:00,61.141,22.138,surplus,12.25,12,6
2026-01-18 12:30:00+00:00,84.2671,19.765,surplus,12.5,12,6
2026-01-18 12:45:00+00:00,89.0741,21.632,surplus,12.75,12,6
2026-01-18 13:00:00+00:00,97.67,23.108,surplus,13.0,13,6
2026-01-18 13:15:00+00:00,100.37,17.046,surplus,13.25,13,6
2026-01-18 13:30:00+00:00,102.88,21.027,surplus,13.5,13,6
2026-01-18 13:45:00+00:00,104.1139,20.406,surplus,13.75,13,6
2026-01-18 14:00:00+00:00,101.46,25.127,surplus,14.0,14,6
2026-01-18 14:15:00+00:00,104.04,19.359,surplus,14.25,14,6
2026-01-18 14:30:00+00:00,114.5221,16.928,surplus,14.5,14,6
2026-01-18 14:45:00+00:00,96.381,8.983,surplus,14.75,14,6
2026-01-18 15:00:00+00:00,70.589,0.835,surplus,15.0,15,6
2026-01-18 15:15:00+00:00,35.045,6.163,surplus,15.25,15,6
2026-01-18 15:30:00+00:00,131.0005,-6.14,deficit,15.5,15,6
2026-01-18 15:45:00+00:00,131.1194,-9.706,deficit,15.75,15,6
2026-01-18 16:00:00+00:00,142.8874,-6.588,deficit,16.0,16,6
2026-01-18 16:15:00+00:00,147.5027,-3.46,deficit,16.25,16,6
2026-01-18 16:30:00+00:00,149.6646,-2.818,deficit,16.5,16,6
2026-01-18 16:45:00+00:00,151.9329,-2.776,deficit,16.75,16,6
2026-01-18 17:00:00+00:00,129.96,3.897,surplus,17.0,17,6
2026-01-18 17:15:00+00:00,136.38,10.919,surplus,17.25,17,6
2026-01-18 17:30:00+00:00,133.792,7.896,surplus,17.5,17,6
2026-01-18 17:45:00+00:00,112.263,2.824,surplus,17.75,17,6
2026-01-18 18:00:00+00:00,155.507,-1.085,deficit,18.0,18,6
2026-01-18 18:15:00+00:00,154.1892,-0.849,deficit,18.25,18,6
2026-01-18 18:30:00+00:00,155.7497,-8.759,deficit,18.5,18,6
2026-01-18 18:45:00+00:00,155.5081,-12.266,deficit,18.75,18,6
2026-01-18 19:00:00+00:00,141.6188,-18.176,deficit,19.0,19,6
2026-01-18 19:15:00+00:00,138.0793,-21.629,deficit,19.25,19,6
2026-01-18 19:30:00+00:00,144.1337,-16.898,deficit,19.5,19,6
2026-01-18 19:45:00+00:00,140.963,-16.641,deficit,19.75,19,6
2026-01-18 20:00:00+00:00,143.099,-8.523,deficit,20.0,20,6
2026-01-18 20:15:00+00:00,136.29,-12.261,deficit,20.25,20,6
2026-01-18 20:30:00+00:00,129.91,-13.408,deficit,20.5,20,6
2026-01-18 20:45:00+00:00,122.2186,-12.877,deficit,20.75,20,6
2026-01-18 21:00:00+00:00,140.653,-20.869,deficit,21.0,21,6
2026-01-18 21:15:00+00:00,129.811,-11.292,deficit,21.25,21,6
2026-01-18 21:30:00+00:00,125.18,-8.006,deficit,21.5,21,6
2026-01-18 21:45:00+00:00,131.042,-2.611,deficit,21.75,21,6
2026-01-18 22:00:00+00:00,134.991,-7.672,deficit,22.0,22,6
2026-01-18 22:15:00+00:00,115.049,-6.497,deficit,22.25,22,6
2026-01-18 22:30:00+00:00,112.9289,-8.296,deficit,22.5,22,6
2026-01-18 22:45:00+00:00,111.9746,-10.436,deficit,22.75,22,6
2026-01-18 23:00:00+00:00,115.28,-5.328,deficit,23.0,23,6
2026-01-18 23:15:00+00:00,71.408,1.498,surplus,23.25,23,6
2026-01-18 23:30:00+00:00,82.906,3.085,surplus,23.5,23,6
2026-01-18 23:45:00+00:00,89.669,1.064,surplus,23.75,23,6
2026-01-19 00:00:00+00:00,97.4587,0.864,surplus,0.0,0,0
2026-01-19 00:15:00+00:00,81.802,1.782,surplus,0.25,0,0
2026-01-19 00:30:00+00:00,89.311,2.474,surplus,0.5,0,0
2026-01-19 00:45:00+00:00,86.652,3.47,surplus,0.75,0,0
2026-01-19 01:00:00+00:00,112.332,-2.736,deficit,1.0,1,0
2026-01-19 01:15:00+00:00,111.089,-5.159,deficit,1.25,1,0
2026-01-19 01:30:00+00:00,110.231,-2.833,deficit,1.5,1,0
2026-01-19 01:45:00+00:00,86.565,3.951,surplus,1.75,1,0
2026-01-19 02:00:00+00:00,93.815,4.637,surplus,2.0,2,0
2026-01-19 02:15:00+00:00,96.2427,4.599,surplus,2.25,2,0
2026-01-19 02:30:00+00:00,71.946,5.145,surplus,2.5,2,0
2026-01-19 02:45:00+00:00,96.8989,1.542,surplus,2.75,2,0
2026-01-19 03:00:00+00:00,97.7542,2.956,surplus,3.0,3,0
2026-01-19 03:15:00+00:00,99.2905,4.276,surplus,3.25,3,0
2026-01-19 03:30:00+00:00,98.5736,1.776,surplus,3.5,3,0
2026-01-19 03:45:00+00:00,152.592,-9.869,deficit,3.75,3,0
2026-01-19 04:00:00+00:00,109.4423,-2.612,deficit,4.0,4,0
2026-01-19 04:15:00+00:00,103.56,0.959,surplus,4.25,4,0
2026-01-19 04:30:00+00:00,127.149,-2.678,deficit,4.5,4,0
2026-01-19 04:45:00+00:00,141.702,-5.718,deficit,4.75,4,0
2026-01-19 05:00:00+00:00,146.43,-1.853,deficit,5.0,5,0
2026-01-19 05:15:00+00:00,82.118,4.502,surplus,5.25,5,0
2026-01-19 05:30:00+00:00,156.959,-8.336,deficit,5.5,5,0
2026-01-19 05:45:00+00:00,172.656,-3.646,deficit,5.75,5,0
2026-01-19 06:00:00+00:00,111.974,0.429,surplus,6.0,6,0
2026-01-19 06:15:00+00:00,173.14,-4.689,deficit,6.25,6,0
2026-01-19 06:30:00+00:00,188.771,-1.535,deficit,6.5,6,0
2026-01-19 06:45:00+00:00,190.069,-2.356,deficit,6.75,6,0
2026-01-19 07:00:00+00:00,194.964,-2.328,deficit,7.0,7,0
2026-01-19 07:15:00+00:00,202.928,-7.922,deficit,7.25,7,0
2026-01-19 07:30:00+00:00,194.821,-5.614,deficit,7.5,7,0
2026-01-19 07:45:00+00:00,181.5,-1.422,deficit,7.75,7,0
2026-01-19 08:00:00+00:00,209.22,-2.742,deficit,8.0,8,0
2026-01-19 08:15:00+00:00,188.133,-2.205,deficit,8.25,8,0
2026-01-19 08:30:00+00:00,91.887,0.719,surplus,8.5,8,0
2026-01-19 08:45:00+00:00,164.9231,-12.668,deficit,8.75,8,0
2026-01-19 09:00:00+00:00,177.155,-1.458,deficit,9.0,9,0
2026-01-19 09:15:00+00:00,159.588,-7.921,deficit,9.25,9,0
2026-01-19 09:30:00+00:00,141.1987,-3.588,deficit,9.5,9,0
2026-01-19 09:45:00+00:00,138.3686,-0.979,deficit,9.75,9,0
2026-01-19 10:00:00+00:00,148.731,-10.034,deficit,10.0,10,0
2026-01-19 10:15:00+00:00,136.125,-6.891,deficit,10.25,10,0
2026-01-19 10:30:00+00:00,131.472,-5.755,deficit,10.5,10,0
2026-01-19 10:45:00+00:00,129.283,-6.911,deficit,10.75,10,0
2026-01-19 11:00:00+00:00,132.033,-2.036,deficit,11.0,11,0
2026-01-19 11:15:00+00:00,77.942,3.59,surplus,11.25,11,0
2026-01-19 11:30:00+00:00,36.508,4.891,surplus,11.5,11,0
2026-01-19 11:45:00+00:00,62.397,0.47,surplus,11.75,11,0
2026-01-19 12:00:00+00:00,39.54,15.236,surplus,12.0,12,0
2026-01-19 12:15:00+00:00,38.944,12.066,surplus,12.25,12,0
2026-01-19 12:30:00+00:00,68.079,9.518,surplus,12.5,12,0
2026-01-19 12:45:00+00:00,77.599,9.304,surplus,12.75,12,0
2026-01-19 13:00:00+00:00,69.802,14.538,surplus,13.0,13,0
2026-01-19 13:15:00+00:00,98.638,3.881,surplus,13.25,13,0
2026-01-19 13:30:00+00:00,162.987,-0.737,deficit,13.5,13,0
2026-01-19 13:45:00+00:00,190.058,-2.137,deficit,13.75,13,0
2026-01-19 14:00:00+00:00,102.593,2.264,surplus,14.0,14,0
2026-01-19 14:15:00+00:00,128.398,1.878,surplus,14.25,14,0
2026-01-19 14:30:00+00:00,152.111,1.016,surplus,14.5,14,0
2026-01-19 14:45:00+00:00,233.827,-5.711,deficit,14.75,14,0
2026-01-19 15:00:00+00:00,225.1896,-5.687,deficit,15.0,15,0
2026-01-19 15:15:00+00:00,231.0878,-2.344,deficit,15.25,15,0
2026-01-19 15:30:00+00:00,247.838,-0.936,deficit,15.5,15,0
2026-01-19 15:45:00+00:00,135.238,0.835,surplus,15.75,15,0
2026-01-19 16:00:00+00:00,241.9993,-4.514,deficit,16.0,16,0
2026-01-19 16:15:00+00:00,122.731,0.284,surplus,16.25,16,0
2026-01-19 16:30:00+00:00,258.2454,-3.71,deficit,16.5,16,0
2026-01-19 16:45:00+00:00,271.5542,-5.002,deficit,16.75,16,0
2026-01-19 17:00:00+00:00,123.377,5.521,surplus,17.0,17,0
2026-01-19 17:15:00+00:00,240.691,-1.167,deficit,17.25,17,0
2026-01-19 17:30:00+00:00,106.023,0.298,surplus,17.5,17,0
2026-01-19 17:45:00+00:00,247.038,-3.281,deficit,17.75,17,0
2026-01-19 18:00:00+00:00,241.219,-3.003,deficit,18.0,18,0
2026-01-19 18:15:00+00:00,286.77,-1.7,deficit,18.25,18,0
2026-01-19 18:30:00+00:00,237.0201,-3.121,deficit,18.5,18,0
2026-01-19 18:45:00+00:00,337.837,-1.502,deficit,18.75,18,0
2026-01-19 19:00:00+00:00,244.173,-1.236,deficit,19.0,19,0
2026-01-19 19:15:00+00:00,274.7,-8.975,deficit,19.25,19,0
2026-01-19 19:30:00+00:00,244.173,-4.072,deficit,19.5,19,0
2026-01-19 19:45:00+00:00,244.173,-4.869,deficit,19.75,19,0
2026-01-19 20:00:00+00:00,199.3778,-3.231,deficit,20.0,20,0
2026-01-19 20:15:00+00:00,206.0051,-3.633,deficit,20.25,20,0
2026-01-19 20:30:00+00:00,206.0051,-4.024,deficit,20.5,20,0
2026-01-19 20:45:00+00:00,103.916,1.619,surplus,20.75,20,0
2026-01-19 21:00:00+00:00,165.102,-8.22,deficit,21.0,21,0
2026-01-19 21:15:00+00:00,168.278,-12.633,deficit,21.25,21,0
2026-01-19 21:30:00+00:00,184.198,-15.539,deficit,21.5,21,0
2026-01-19 21:45:00+00:00,297.479,-16.877,deficit,21.75,21,0
2026-01-19 22:00:00+00:00,141.416,-2.794,deficit,22.0,22,0
2026-01-19 22:15:00+00:00,134.519,-1.71,deficit,22.25,22,0
2026-01-19 22:30:00+00:00,131.01,-7.207,deficit,22.5,22,0
2026-01-19 22:45:00+00:00,117.6192,-10.432,deficit,22.75,22,0
2026-01-19 23:00:00+00:00,250.565,-20.98,deficit,23.0,23,0
2026-01-19 23:15:00+00:00,132.517,-19.925,deficit,23.25,23,0
2026-01-19 23:30:00+00:00,137.788,-23.754,deficit,23.5,23,0
2026-01-19 23:45:00+00:00,151.84,-18.801,deficit,23.75,23,0
2026-01-20 00:00:00+00:00,141.112,-21.844,deficit,0.0,0,1
2026-01-20 00:15:00+00:00,157.194,-17.007,deficit,0.25,0,1
2026-01-20 00:30:00+00:00,135.13,-5.715,deficit,0.5,0,1
2026-01-20 00:45:00+00:00,148.15,-6.035,deficit,0.75,0,1
2026-01-20 01:00:00+00:00,171.686,-12.764,deficit,1.0,1,1
2026-01-20 01:15:00+00:00,171.502,-10.093,deficit,1.25,1,1
2026-01-20 01:30:00+00:00,160.156,-14.059,deficit,1.5,1,1
2026-01-20 01:45:00+00:00,123.42,-17.139,deficit,1.75,1,1
2026-01-20 02:00:00+00:00,171.626,-21.795,deficit,2.0,2,1
2026-01-20 02:15:00+00:00,150.839,-18.536,deficit,2.25,2,1
2026-01-20 02:30:00+00:00,191.898,-18.557,deficit,2.5,2,1
2026-01-20 02:45:00+00:00,201.972,-19.429,deficit,2.75,2,1
2026-01-20 03:00:00+00:00,135.808,-18.201,deficit,3.0,3,1
2026-01-20 03:15:00+00:00,178.707,-10.281,deficit,3.25,3,1
2026-01-20 03:30:00+00:00,305.445,-20.388,deficit,3.5,3,1
2026-01-20 03:45:00+00:00,503.565,-26.707,deficit,3.75,3,1
2026-01-20 04:00:00+00:00,201.875,-21.73,deficit,4.0,4,1
2026-01-20 04:15:00+00:00,421.936,-23.993,deficit,4.25,4,1
2026-01-20 04:30:00+00:00,457.183,-25.883,deficit,4.5,4,1
2026-01-20 04:45:00+00:00,464.915,-19.442,deficit,4.75,4,1
2026-01-20 05:00:00+00:00,52.951,0.026,surplus,5.0,5,1
2026-01-20 05:15:00+00:00,188.493,-10.98,deficit,5.25,5,1
2026-01-20 05:30:00+00:00,202.829,-35.883,deficit,5.5,5,1
2026-01-20 05:45:00+00:00,156.661,4.422,surplus,5.75,5,1
2026-01-20 06:00:00+00:00,210.1307,-4.701,deficit,6.0,6,1
2026-01-20 06:15:00+00:00,232.991,-12.664,deficit,6.25,6,1
2026-01-20 06:30:00+00:00,281.259,-11.139,deficit,6.5,6,1
2026-01-20 06:45:00+00:00,311.355,-5.927,deficit,6.75,6,1
2026-01-20 07:00:00+00:00,342.331,-11.287,deficit,7.0,7,1
2026-01-20 07:15:00+00:00,319.891,-9.439,deficit,7.25,7,1
2026-01-20 07:30:00+00:00,252.285,-4.477,deficit,7.5,7,1
2026-01-20 07:45:00+00:00,100.55,5.479,surplus,7.75,7,1
2026-01-20 08:00:00+00:00,132.757,4.003,surplus,8.0,8,1
2026-01-20 08:15:00+00:00,166.483,10.487,surplus,8.25,8,1
2026-01-20 08:30:00+00:00,147.871,13.193,surplus,8.5,8,1
2026-01-20 08:45:00+00:00,109.05,8.26,surplus,8.75,8,1
2026-01-20 09:00:00+00:00,126.104,13.137,surplus,9.0,9,1
2026-01-20 09:15:00+00:00,107.778,15.61,surplus,9.25,9,1
2026-01-20 09:30:00+00:00,98.896,22.396,surplus,9.5,9,1
2026-01-20 09:45:00+00:00,92.441,30.382,surplus,9.75,9,1
2026-01-20 10:00:00+00:00,115.323,7.857,surplus,10.0,10,1
2026-01-20 10:15:00+00:00,105.574,15.675,surplus,10.25,10,1
2026-01-20 10:30:00+00:00,97.011,13.286,surplus,10.5,10,1
2026-01-20 10:45:00+00:00,106.4,2.609,surplus,10.75,10,1
2026-01-20 11:00:00+00:00,131.3401,-4.385,deficit,11.0,11,1
2026-01-20 11:15:00+00:00,93.769,4.417,surplus,11.25,11,1
2026-01-20 11:30:00+00:00,74.92,6.686,surplus,11.5,11,1
2026-01-20 11:45:00+00:00,65.857,11.847,surplus,11.75,11,1
2026-01-20 12:00:00+00:00,79.134,30.339,surplus,12.0,12,1
2026-01-20 12:15:00+00:00,80.428,32.092,surplus,12.25,12,1
2026-01-20 12:30:00+00:00,87.538,17.811,surplus,12.5,12,1
2026-01-20 12:45:00+00:00,90.198,11.932,surplus,12.75,12,1
2026-01-20 13:00:00+00:00,97.218,17.994,surplus,13.0,13,1
2026-01-20 13:15:00+00:00,88.027,20.991,surplus,13.25,13,1
2026-01-20 13:30:00+00:00,101.271,12.26,surplus,13.5,13,1
2026-01-20 13:45:00+00:00,187.77,-0.608,deficit,13.75,13,1
2026-01-20 14:00:00+00:00,188.6696,-1.416,deficit,14.0,14,1
2026-01-20 14:15:00+00:00,195.832,-4.742,deficit,14.25,14,1
2026-01-20 14:30:00+00:00,163.166,2.247,surplus,14.5,14,1
2026-01-20 14:45:00+00:00,287.628,-8.75,deficit,14.75,14,1
2026-01-20 15:00:00+00:00,102.343,5.209,surplus,15.0,15,1
2026-01-20 15:15:00+00:00,146.613,9.149,surplus,15.25,15,1
2026-01-20 15:30:00+00:00,138.615,4.768,surplus,15.5,15,1
2026-01-20 15:45:00+00:00,115.0,1.822,surplus,15.75,15,1
2026-01-20 16:00:00+00:00,142.029,2.6,surplus,16.0,16,1
2026-01-20 16:15:00+00:00,297.561,-1.004,deficit,16.25,16,1
2026-01-20 16:30:00+00:00,178.455,0.565,surplus,16.5,16,1
2026-01-20 16:45:00+00:00,129.305,4.875,surplus,16.75,16,1
2026-01-20 17:00:00+00:00,150.118,13.723,surplus,17.0,17,1
2026-01-20 17:15:00+00:00,143.29,6.298,surplus,17.25,17,1
2026-01-20 17:30:00+00:00,144.17,13.263,surplus,17.5,17,1
2026-01-20 17:45:00+00:00,164.218,3.834,surplus,17.75,17,1
2026-01-20 18:00:00+00:00,276.144,-1.081,deficit,18.0,18,1
2026-01-20 18:15:00+00:00,150.528,0.646,surplus,18.25,18,1
2026-01-20 18:30:00+00:00,255.024,-2.673,deficit,18.5,18,1
2026-01-20 18:45:00+00:00,113.707,4.695,surplus,18.75,18,1
2026-01-20 19:00:00+00:00,241.395,-11.911,deficit,19.0,19,1
2026-01-20 19:15:00+00:00,288.222,-9.907,deficit,19.25,19,1
2026-01-20 19:30:00+00:00,199.452,-7.161,deficit,19.5,19,1
2026-01-20 19:45:00+00:00,169.6151,-1.123,deficit,19.75,19,1
2026-01-20 20:00:00+00:00,234.091,-5.699,deficit,20.0,20,1
2026-01-20 20:15:00+00:00,213.29,-0.038,deficit,20.25,20,1
2026-01-20 20:30:00+00:00,182.006,-5.12,deficit,20.5,20,1
2026-01-20 20:45:00+00:00,129.216,3.698,surplus,20.75,20,1
2026-01-20 21:00:00+00:00,153.502,-4.248,deficit,21.0,21,1
2026-01-20 21:15:00+00:00,112.555,3.582,surplus,21.25,21,1
2026-01-20 21:30:00+00:00,140.756,-3.55,deficit,21.5,21,1
2026-01-20 21:45:00+00:00,135.109,-4.118,deficit,21.75,21,1
2026-01-20 22:00:00+00:00,236.511,-14.506,deficit,22.0,22,1
2026-01-20 22:15:00+00:00,180.56,-7.117,deficit,22.25,22,1
2026-01-20 22:30:00+00:00,198.065,-12.325,deficit,22.5,22,1
2026-01-20 22:45:00+00:00,153.026,-7.421,deficit,22.75,22,1
2026-01-20 23:00:00+00:00,144.218,-6.029,deficit,23.0,23,1
2026-01-20 23:15:00+00:00,145.244,-14.209,deficit,23.25,23,1
2026-01-20 23:30:00+00:00,226.48,-21.814,deficit,23.5,23,1
2026-01-20 23:45:00+00:00,150.403,-19.876,deficit,23.75,23,1
2026-01-21 00:00:00+00:00,487.066,-25.58,deficit,0.0,0,2
2026-01-21 00:15:00+00:00,292.601,-22.82,deficit,0.25,0,2
2026-01-21 00:30:00+00:00,177.216,-21.744,deficit,0.5,0,2
2026-01-21 00:45:00+00:00,142.209,-16.396,deficit,0.75,0,2
2026-01-21 01:00:00+00:00,270.06,-21.021,deficit,1.0,1,2
2026-01-21 01:15:00+00:00,216.105,-25.662,deficit,1.25,1,2
2026-01-21 01:30:00+00:00,180.122,-20.875,deficit,1.5,1,2
2026-01-21 01:45:00+00:00,137.8168,-15.928,deficit,1.75,1,2
2026-01-21 02:00:00+00:00,135.6068,-4.196,deficit,2.0,2,2
2026-01-21 02:15:00+00:00,132.5769,-6.707,deficit,2.25,2,2
2026-01-21 02:30:00+00:00,135.6068,-4.853,deficit,2.5,2,2
2026-01-21 02:45:00+00:00,135.6068,-8.121,deficit,2.75,2,2
2026-01-21 03:00:00+00:00,130.6186,-0.998,deficit,3.0,3,2
2026-01-21 03:15:00+00:00,131.747,-5.385,deficit,3.25,3,2
2026-01-21 03:30:00+00:00,136.2895,-3.9,deficit,3.5,3,2
2026-01-21 03:45:00+00:00,136.2895,-10.923,deficit,3.75,3,2
2026-01-21 04:00:00+00:00,180.6058,-5.254,deficit,4.0,4,2
2026-01-21 04:15:00+00:00,180.6058,-2.173,deficit,4.25,4,2
2026-01-21 04:30:00+00:00,117.301,0.35,surplus,4.5,4,2
2026-01-21 04:45:00+00:00,180.6058,-7.7,deficit,4.75,4,2
2026-01-21 05:00:00+00:00,175.3056,-0.203,deficit,5.0,5,2
2026-01-21 05:15:00+00:00,204.298,-19.146,deficit,5.25,5,2
2026-01-21 05:30:00+00:00,185.548,-11.668,deficit,5.5,5,2
2026-01-21 05:45:00+00:00,364.175,-30.773,deficit,5.75,5,2
2026-01-21 06:00:00+00:00,238.886,-30.509,deficit,6.0,6,2
2026-01-21 06:15:00+00:00,360.963,-32.523,deficit,6.25,6,2
2026-01-21 06:30:00+00:00,275.45,-28.576,deficit,6.5,6,2
2026-01-21 06:45:00+00:00,252.351,-20.657,deficit,6.75,6,2
2026-01-21 07:00:00+00:00,243.1101,-26.832,deficit,7.0,7,2
2026-01-21 07:15:00+00:00,243.1101,-26.793,deficit,7.25,7,2
2026-01-21 07:30:00+00:00,243.1101,-15.129,deficit,7.5,7,2
2026-01-21 07:45:00+00:00,275.3327,-29.728,deficit,7.75,7,2
2026-01-21 08:00:00+00:00,189.783,-5.167,deficit,8.0,8,2
2026-01-21 08:15:00+00:00,226.2644,-2.248,deficit,8.25,8,2
2026-01-21 08:30:00+00:00,161.315,-3.261,deficit,8.5,8,2
2026-01-21 08:45:00+00:00,141.36,1.795,surplus,8.75,8,2
2026-01-21 09:00:00+00:00,219.8487,-23.604,deficit,9.0,9,2
2026-01-21 09:15:00+00:00,226.121,-18.158,deficit,9.25,9,2
2026-01-21 09:30:00+00:00,183.7533,-12.791,deficit,9.5,9,2
2026-01-21 09:45:00+00:00,114.102,3.356,surplus,9.75,9,2
2026-01-21 10:00:00+00:00,238.03,-41.347,deficit,10.0,10,2
2026-01-21 10:15:00+00:00,215.7281,-28.512,deficit,10.25,10,2
2026-01-21 10:30:00+00:00,233.268,-23.987,deficit,10.5,10,2
2026-01-21 10:45:00+00:00,236.75,-28.087,deficit,10.75,10,2
2026-01-21 11:00:00+00:00,269.585,-22.8,deficit,11.0,11,2
2026-01-21 11:15:00+00:00,276.322,-26.202,deficit,11.25,11,2
2026-01-21 11:30:00+00:00,242.749,-24.967,deficit,11.5,11,2
2026-01-21 11:45:00+00:00,386.258,-33.467,deficit,11.75,11,2
2026-01-21 12:00:00+00:00,537.237,-36.483,deficit,12.0,12,2
2026-01-21 12:15:00+00:00,749.99,-36.557,deficit,12.25,12,2
2026-01-21 12:30:00+00:00,657.159,-36.172,deficit,12.5,12,2
2026-01-21 12:45:00+00:00,255.349,-12.788,deficit,12.75,12,2
2026-01-21 13:00:00+00:00,115.986,17.278,surplus,13.0,13,2
2026-01-21 13:15:00+00:00,186.1294,-4.093,deficit,13.25,13,2
2026-01-21 13:30:00+00:00,200.8247,-3.223,deficit,13.5,13,2
2026-01-21 13:45:00+00:00,216.158,-7.449,deficit,13.75,13,2
2026-01-21 14:00:00+00:00,234.373,-5.164,deficit,14.0,14,2
2026-01-21 14:15:00+00:00,252.9162,-17.401,deficit,14.25,14,2
2026-01-21 14:30:00+00:00,259.4168,-19.905,deficit,14.5,14,2
2026-01-21 14:45:00+00:00,256.498,-9.571,deficit,14.75,14,2
2026-01-21 15:00:00+00:00,81.244,7.109,surplus,15.0,15,2
2026-01-21 15:15:00+00:00,88.027,3.716,surplus,15.25,15,2
2026-01-21 15:30:00+00:00,286.851,-12.404,deficit,15.5,15,2
2026-01-21 15:45:00+00:00,303.6015,-14.495,deficit,15.75,15,2
2026-01-21 16:00:00+00:00,384.7684,-12.73,deficit,16.0,16,2
2026-01-21 16:15:00+00:00,391.3671,-8.942,deficit,16.25,16,2
2026-01-21 16:30:00+00:00,392.2443,-8.72,deficit,16.5,16,2
2026-01-21 16:45:00+00:00,392.785,-3.705,deficit,16.75,16,2
2026-01-21 17:00:00+00:00,129.211,7.257,surplus,17.0,17,2
2026-01-21 17:15:00+00:00,99.34,4.957,surplus,17.25,17,2
2026-01-21 17:30:00+00:00,96.715,3.828,surplus,17.5,17,2
2026-01-21 17:45:00+00:00,122.19,2.103,surplus,17.75,17,2
2026-01-21 18:00:00+00:00,127.699,2.154,surplus,18.0,18,2
2026-01-21 18:15:00+00:00,121.281,3.677,surplus,18.25,18,2
2026-01-21 18:30:00+00:00,115.196,7.281,surplus,18.5,18,2
2026-01-21 18:45:00+00:00,130.551,3.219,surplus,18.75,18,2
2026-01-21 19:00:00+00:00,272.2864,-1.043,deficit,19.0,19,2
2026-01-21 19:15:00+00:00,80.598,3.271,surplus,19.25,19,2
2026-01-21 19:30:00+00:00,104.529,4.012,surplus,19.5,19,2
2026-01-21 19:45:00+00:00,90.331,5.131,surplus,19.75,19,2
2026-01-21 20:00:00+00:00,130.428,8.568,surplus,20.0,20,2
2026-01-21 20:15:00+00:00,126.813,16.978,surplus,20.25,20,2
2026-01-21 20:30:00+00:00,110.851,12.251,surplus,20.5,20,2
2026-01-21 20:45:00+00:00,105.181,17.125,surplus,20.75,20,2
2026-01-21 21:00:00+00:00,115.692,10.591,surplus,21.0,21,2
2026-01-21 21:15:00+00:00,108.217,11.757,surplus,21.25,21,2
2026-01-21 21:30:00+00:00,113.829,11.627,surplus,21.5,21,2
2026-01-21 21:45:00+00:00,104.974,13.769,surplus,21.75,21,2
2026-01-21 22:00:00+00:00,108.6688,13.907,surplus,22.0,22,2
2026-01-21 22:15:00+00:00,104.928,14.547,surplus,22.25,22,2
2026-01-21 22:30:00+00:00,104.5133,14.948,surplus,22.5,22,2
2026-01-21 22:45:00+00:00,83.684,23.455,surplus,22.75,22,2
2026-01-21 23:00:00+00:00,60.289,10.495,surplus,23.0,23,2
2026-01-21 23:15:00+00:00,33.012,1.923,surplus,23.25,23,2
2026-01-21 23:30:00+00:00,134.794,-1.085,deficit,23.5,23,2
2026-01-21 23:45:00+00:00,21.729,1.728,surplus,23.75,23,2
2026-01-22 00:00:00+00:00,137.544,-0.721,deficit,0.0,0,3
2026-01-22 00:15:00+00:00,44.959,1.496,surplus,0.25,0,3
2026-01-22 00:30:00+00:00,5.855,4.972,surplus,0.5,0,3
2026-01-22 00:45:00+00:00,-30.807,10.402,surplus,0.75,0,3
2026-01-22 01:00:00+00:00,-3.893,5.31,surplus,1.0,1,3
2026-01-22 01:15:00+00:00,37.728,4.46,surplus,1.25,1,3
2026-01-22 01:30:00+00:00,13.685,7.379,surplus,1.5,1,3
2026-01-22 01:45:00+00:00,15.585,5.679,surplus,1.75,1,3
2026-01-22 02:00:00+00:00,24.242,2.473,surplus,2.0,2,3
2026-01-22 02:15:00+00:00,17.23,3.927,surplus,2.25,2,3
2026-01-22 02:30:00+00:00,2.549,7.333,surplus,2.5,2,3
2026-01-22 02:45:00+00:00,20.425,3.409,surplus,2.75,2,3
2026-01-22 03:00:00+00:00,39.807,0.484,surplus,3.0,3,3
2026-01-22 03:15:00+00:00,37.807,0.558,surplus,3.25,3,3
2026-01-22 03:30:00+00:00,142.9783,-3.791,deficit,3.5,3,3
2026-01-22 03:45:00+00:00,142.9783,-3.51,deficit,3.75,3,3
2026-01-22 04:00:00+00:00,63.459,3.357,surplus,4.0,4,3
2026-01-22 04:15:00+00:00,61.119,5.661,surplus,4.25,4,3
2026-01-22 04:30:00+00:00,67.428,7.64,surplus,4.5,4,3
2026-01-22 04:45:00+00:00,68.996,0.9,surplus,4.75,4,3
2026-01-22 05:00:00+00:00,49.249,26.283,surplus,5.0,5,3
2026-01-22 05:15:00+00:00,66.355,22.35,surplus,5.25,5,3
2026-01-22 05:30:00+00:00,68.999,22.035,surplus,5.5,5,3
2026-01-22 05:45:00+00:00,69.002,10.605,surplus,5.75,5,3
2026-01-22 06:00:00+00:00,218.7426,-4.804,deficit,6.0,6,3
2026-01-22 06:15:00+00:00,38.003,1.077,surplus,6.25,6,3
2026-01-22 06:30:00+00:00,305.514,-2.455,deficit,6.5,6,3
2026-01-22 06:45:00+00:00,328.647,-1.621,deficit,6.75,6,3
2026-01-22 07:00:00+00:00,327.5173,-6.596,deficit,7.0,7,3
2026-01-22 07:15:00+00:00,38.018,0.712,surplus,7.25,7,3
2026-01-22 07:30:00+00:00,441.485,-3.162,deficit,7.5,7,3
2026-01-22 07:45:00+00:00,388.773,-2.515,deficit,7.75,7,3
2026-01-22 08:00:00+00:00,285.978,-8.521,deficit,8.0,8,3
2026-01-22 08:15:00+00:00,244.0248,-4.117,deficit,8.25,8,3
2026-01-22 08:30:00+00:00,364.023,-1.731,deficit,8.5,8,3
2026-01-22 08:45:00+00:00,246.2504,-18.617,deficit,8.75,8,3
2026-01-22 09:00:00+00:00,295.746,-15.775,deficit,9.0,9,3
2026-01-22 09:15:00+00:00,199.7087,-7.706,deficit,9.25,9,3
2026-01-22 09:30:00+00:00,192.2386,-12.662,deficit,9.5,9,3
2026-01-22 09:45:00+00:00,191.0312,-13.158,deficit,9.75,9,3
2026-01-22 10:00:00+00:00,199.3855,-31.021,deficit,10.0,10,3
2026-01-22 10:15:00+00:00,189.5458,-38.559,deficit,10.25,10,3
2026-01-22 10:30:00+00:00,181.855,-40.029,deficit,10.5,10,3
2026-01-22 10:45:00+00:00,180.445,-31.95,deficit,10.75,10,3
2026-01-22 11:00:00+00:00,178.7219,-19.441,deficit,11.0,11,3
2026-01-22 11:15:00+00:00,191.0923,-3.935,deficit,11.25,11,3
2026-01-22 11:30:00+00:00,160.1159,-2.388,deficit,11.5,11,3
2026-01-22 11:45:00+00:00,113.465,0.453,surplus,11.75,11,3
2026-01-22 12:00:00+00:00,173.1315,-15.716,deficit,12.0,12,3
2026-01-22 12:15:00+00:00,150.3849,-3.732,deficit,12.25,12,3
2026-01-22 12:30:00+00:00,143.8192,-0.155,deficit,12.5,12,3
2026-01-22 12:45:00+00:00,156.9801,-2.281,deficit,12.75,12,3
2026-01-22 13:00:00+00:00,168.7921,-12.733,deficit,13.0,13,3
2026-01-22 13:15:00+00:00,177.1301,-2.662,deficit,13.25,13,3
2026-01-22 13:30:00+00:00,97.46,0.735,surplus,13.5,13,3
2026-01-22 13:45:00+00:00,204.001,-7.884,deficit,13.75,13,3
2026-01-22 14:00:00+00:00,143.305,7.863,surplus,14.0,14,3
2026-01-22 14:15:00+00:00,143.48,10.577,surplus,14.25,14,3
2026-01-22 14:30:00+00:00,150.315,18.507,surplus,14.5,14,3
2026-01-22 14:45:00+00:00,127.099,5.723,surplus,14.75,14,3
2026-01-22 15:00:00+00:00,241.3139,-3.271,deficit,15.0,15,3
2026-01-22 15:15:00+00:00,56.542,3.528,surplus,15.25,15,3
2026-01-22 15:30:00+00:00,284.79,-1.83,deficit,15.5,15,3
2026-01-22 15:45:00+00:00,321.904,-0.22,deficit,15.75,15,3
2026-01-22 16:00:00+00:00,237.0707,-2.478,deficit,16.0,16,3
2026-01-22 16:15:00+00:00,146.098,5.716,surplus,16.25,16,3
2026-01-22 16:30:00+00:00,138.728,0.665,surplus,16.5,16,3
2026-01-22 16:45:00+00:00,125.043,6.354,surplus,16.75,16,3
2026-01-22 17:00:00+00:00,134.623,5.184,surplus,17.0,17,3
2026-01-22 17:15:00+00:00,151.668,7.601,surplus,17.25,17,3
2026-01-22 17:30:00+00:00,197.2976,-0.544,deficit,17.5,17,3
2026-01-22 17:45:00+00:00,105.565,4.054,surplus,17.75,17,3
2026-01-22 18:00:00+00:00,127.919,9.842,surplus,18.0,18,3
2026-01-22 18:15:00+00:00,115.457,6.919,surplus,18.25,18,3
2026-01-22 18:30:00+00:00,102.89,8.161,surplus,18.5,18,3
2026-01-22 18:45:00+00:00,90.051,4.618,surplus,18.75,18,3
2026-01-22 19:00:00+00:00,89.639,6.35,surplus,19.0,19,3
2026-01-22 19:15:00+00:00,92.567,8.409,surplus,19.25,19,3
2026-01-22 19:30:00+00:00,38.12,3.496,surplus,19.5,19,3
2026-01-22 19:45:00+00:00,63.256,9.145,surplus,19.75,19,3
2026-01-22 20:00:00+00:00,61.52,12.507,surplus,20.0,20,3
2026-01-22 20:15:00+00:00,84.658,19.157,surplus,20.25,20,3
2026-01-22 20:30:00+00:00,97.615,11.093,surplus,20.5,20,3
2026-01-22 20:45:00+00:00,76.478,23.059,surplus,20.75,20,3
2026-01-22 21:00:00+00:00,105.319,15.948,surplus,21.0,21,3
2026-01-22 21:15:00+00:00,106.865,16.662,surplus,21.25,21,3
2026-01-22 21:30:00+00:00,124.8959,14.511,surplus,21.5,21,3
2026-01-22 21:45:00+00:00,87.439,15.324,surplus,21.75,21,3
2026-01-22 22:00:00+00:00,77.272,15.803,surplus,22.0,22,3
2026-01-22 22:15:00+00:00,55.588,20.622,surplus,22.25,22,3
2026-01-22 22:30:00+00:00,72.585,13.272,surplus,22.5,22,3
2026-01-22 22:45:00+00:00,47.807,12.467,surplus,22.75,22,3
2026-01-22 23:00:00+00:00,85.021,9.338,surplus,23.0,23,3
2026-01-22 23:15:00+00:00,82.554,4.062,surplus,23.25,23,3
2026-01-22 23:30:00+00:00,119.8572,5.572,surplus,23.5,23,3
2026-01-22 23:45:00+00:00,95.648,11.718,surplus,23.75,23,3
2026-01-23 00:00:00+00:00,88.225,10.014,surplus,0.0,0,4
2026-01-23 00:15:00+00:00,81.102,12.039,surplus,0.25,0,4
2026-01-23 00:30:00+00:00,84.496,12.842,surplus,0.5,0,4
2026-01-23 00:45:00+00:00,72.44,15.323,surplus,0.75,0,4
2026-01-23 01:00:00+00:00,64.15,10.949,surplus,1.0,1,4
2026-01-23 01:15:00+00:00,71.009,7.644,surplus,1.25,1,4
2026-01-23 01:30:00+00:00,92.708,9.902,surplus,1.5,1,4
2026-01-23 01:45:00+00:00,92.385,8.238,surplus,1.75,1,4
2026-01-23 02:00:00+00:00,82.113,3.287,surplus,2.0,2,4
2026-01-23 02:15:00+00:00,84.622,3.163,surplus,2.25,2,4
2026-01-23 02:30:00+00:00,88.894,10.745,surplus,2.5,2,4
2026-01-23 02:45:00+00:00,91.484,6.039,surplus,2.75,2,4
2026-01-23 03:00:00+00:00,93.352,3.257,surplus,3.0,3,4
2026-01-23 03:15:00+00:00,102.229,7.374,surplus,3.25,3,4
2026-01-23 03:30:00+00:00,103.22,9.481,surplus,3.5,3,4
2026-01-23 03:45:00+00:00,94.198,6.026,surplus,3.75,3,4
2026-01-23 04:00:00+00:00,119.584,17.626,surplus,4.0,4,4
2026-01-23 04:15:00+00:00,114.152,14.293,surplus,4.25,4,4
2026-01-23 04:30:00+00:00,123.152,18.433,surplus,4.5,4,4
2026-01-23 04:45:00+00:00,106.019,19.76,surplus,4.75,4,4
2026-01-23 05:00:00+00:00,66.142,28.865,surplus,5.0,5,4
2026-01-23 05:15:00+00:00,57.741,15.91,surplus,5.25,5,4
2026-01-23 05:30:00+00:00,113.645,10.831,surplus,5.5,5,4
2026-01-23 05:45:00+00:00,125.831,23.524,surplus,5.75,5,4
2026-01-23 06:00:00+00:00,103.433,25.079,surplus,6.0,6,4
2026-01-23 06:15:00+00:00,108.697,21.243,surplus,6.25,6,4
2026-01-23 06:30:00+00:00,107.994,24.114,surplus,6.5,6,4
2026-01-23 06:45:00+00:00,110.482,18.16,surplus,6.75,6,4
2026-01-23 07:00:00+00:00,104.834,13.049,surplus,7.0,7,4
2026-01-23 07:15:00+00:00,126.103,6.751,surplus,7.25,7,4
2026-01-23 07:30:00+00:00,122.953,15.557,surplus,7.5,7,4
2026-01-23 07:45:00+00:00,100.757,20.54,surplus,7.75,7,4
2026-01-23 08:00:00+00:00,66.437,26.14,surplus,8.0,8,4
2026-01-23 08:15:00+00:00,80.178,23.603,surplus,8.25,8,4
2026-01-23 08:30:00+00:00,55.544,18.608,surplus,8.5,8,4
2026-01-23 08:45:00+00:00,98.519,8.92,surplus,8.75,8,4
2026-01-23 09:00:00+00:00,323.4,-2.12,deficit,9.0,9,4
2026-01-23 09:15:00+00:00,71.792,16.328,surplus,9.25,9,4
2026-01-23 09:30:00+00:00,64.25,21.367,surplus,9.5,9,4
2026-01-23 09:45:00+00:00,54.039,16.716,surplus,9.75,9,4
2026-01-23 10:00:00+00:00,52.526,8.305,surplus,10.0,10,4
2026-01-23 10:15:00+00:00,139.718,11.116,surplus,10.25,10,4
2026-01-23 10:30:00+00:00,113.018,11.631,surplus,10.5,10,4
2026-01-23 10:45:00+00:00,89.035,9.259,surplus,10.75,10,4
2026-01-23 11:00:00+00:00,116.433,14.46,surplus,11.0,11,4
2026-01-23 11:15:00+00:00,113.701,6.977,surplus,11.25,11,4
2026-01-23 11:30:00+00:00,102.154,9.298,surplus,11.5,11,4
2026-01-23 11:45:00+00:00,104.06,10.387,surplus,11.75,11,4
2026-01-23 12:00:00+00:00,99.719,17.513,surplus,12.0,12,4
2026-01-23 12:15:00+00:00,120.875,16.169,surplus,12.25,12,4
2026-01-23 12:30:00+00:00,133.988,7.328,surplus,12.5,12,4
2026-01-23 12:45:00+00:00,135.834,3.867,surplus,12.75,12,4
2026-01-23 13:00:00+00:00,193.435,-5.334,deficit,13.0,13,4
2026-01-23 13:15:00+00:00,235.331,-1.93,deficit,13.25,13,4
2026-01-23 13:30:00+00:00,214.181,-0.902,deficit,13.5,13,4
2026-01-23 13:45:00+00:00,224.532,-0.768,deficit,13.75,13,4
2026-01-23 14:00:00+00:00,112.182,1.624,surplus,14.0,14,4
2026-01-23 14:15:00+00:00,169.908,3.874,surplus,14.25,14,4
2026-01-23 14:30:00+00:00,222.101,-0.244,deficit,14.5,14,4
2026-01-23 14:45:00+00:00,169.223,1.378,surplus,14.75,14,4
2026-01-23 15:00:00+00:00,142.269,5.983,surplus,15.0,15,4
2026-01-23 15:15:00+00:00,136.472,4.529,surplus,15.25,15,4
2026-01-23 15:30:00+00:00,60.32,13.435,surplus,15.5,15,4
2026-01-23 15:45:00+00:00,114.298,16.554,surplus,15.75,15,4
2026-01-23 16:00:00+00:00,120.365,7.305,surplus,16.0,16,4
2026-01-23 16:15:00+00:00,132.295,2.884,surplus,16.25,16,4
2026-01-23 16:30:00+00:00,112.612,6.262,surplus,16.5,16,4
2026-01-23 16:45:00+00:00,102.815,13.654,surplus,16.75,16,4
2026-01-23 17:00:00+00:00,267.85,-4.464,deficit,17.0,17,4
2026-01-23 17:15:00+00:00,147.877,6.108,surplus,17.25,17,4
2026-01-23 17:30:00+00:00,138.778,0.274,surplus,17.5,17,4
2026-01-23 17:45:00+00:00,138.952,2.481,surplus,17.75,17,4
2026-01-23 18:00:00+00:00,119.978,1.246,surplus,18.0,18,4
2026-01-23 18:15:00+00:00,88.031,0.634,surplus,18.25,18,4
2026-01-23 18:30:00+00:00,106.738,2.091,surplus,18.5,18,4
2026-01-23 18:45:00+00:00,77.909,5.062,surplus,18.75,18,4
2026-01-23 19:00:00+00:00,96.959,4.498,surplus,19.0,19,4
2026-01-23 19:15:00+00:00,89.005,4.784,surplus,19.25,19,4
2026-01-23 19:30:00+00:00,102.916,8.832,surplus,19.5,19,4
2026-01-23 19:45:00+00:00,102.801,12.158,surplus,19.75,19,4
2026-01-23 20:00:00+00:00,102.094,8.865,surplus,20.0,20,4
2026-01-23 20:15:00+00:00,102.793,2.826,surplus,20.25,20,4
2026-01-23 20:30:00+00:00,78.979,7.869,surplus,20.5,20,4
2026-01-23 20:45:00+00:00,66.921,14.002,surplus,20.75,20,4
2026-01-23 21:00:00+00:00,130.9919,8.725,surplus,21.0,21,4
2026-01-23 21:15:00+00:00,143.275,-4.322,deficit,21.25,21,4
2026-01-23 21:30:00+00:00,142.9467,-7.447,deficit,21.5,21,4
2026-01-23 21:45:00+00:00,143.0534,-8.931,deficit,21.75,21,4
2026-01-23 22:00:00+00:00,106.858,0.762,surplus,22.0,22,4
2026-01-23 22:15:00+00:00,92.314,8.508,surplus,22.25,22,4
2026-01-23 22:30:00+00:00,107.592,8.618,surplus,22.5,22,4
2026-01-23 22:45:00+00:00,108.704,7.18,surplus,22.75,22,4
2026-01-23 23:00:00+00:00,145.0687,-4.629,deficit,23.0,23,4
2026-01-23 23:15:00+00:00,114.07,5.192,surplus,23.25,23,4
2026-01-23 23:30:00+00:00,102.228,1.636,surplus,23.5,23,4
2026-01-23 23:45:00+00:00,145.0687,-2.09,deficit,23.75,23,4
2026-01-24 00:00:00+00:00,126.115,-4.815,deficit,0.0,0,5
2026-01-24 00:15:00+00:00,132.617,-2.144,deficit,0.25,0,5
2026-01-24 00:30:00+00:00,120.549,-1.865,deficit,0.5,0,5
2026-01-24 00:45:00+00:00,89.546,2.472,surplus,0.75,0,5
2026-01-24 01:00:00+00:00,127.688,-2.654,deficit,1.0,1,5
2026-01-24 01:15:00+00:00,104.964,1.209,surplus,1.25,1,5
2026-01-24 01:30:00+00:00,124.0872,-6.5,deficit,1.5,1,5
2026-01-24 01:45:00+00:00,121.7267,-2.426,deficit,1.75,1,5
2026-01-24 02:00:00+00:00,134.9919,-4.821,deficit,2.0,2,5
2026-01-24 02:15:00+00:00,143.037,-3.515,deficit,2.25,2,5
2026-01-24 02:30:00+00:00,135.378,-5.782,deficit,2.5,2,5
2026-01-24 02:45:00+00:00,134.9919,-1.922,deficit,2.75,2,5
2026-01-24 03:00:00+00:00,107.65,3.94,surplus,3.0,3,5
2026-01-24 03:15:00+00:00,106.11,1.625,surplus,3.25,3,5
2026-01-24 03:30:00+00:00,102.536,3.293,surplus,3.5,3,5
2026-01-24 03:45:00+00:00,123.2581,-2.187,deficit,3.75,3,5
2026-01-24 04:00:00+00:00,106.6,1.227,surplus,4.0,4,5
2026-01-24 04:15:00+00:00,130.8777,-0.727,deficit,4.25,4,5
2026-01-24 04:30:00+00:00,93.172,5.223,surplus,4.5,4,5
2026-01-24 04:45:00+00:00,87.368,0.957,surplus,4.75,4,5
2026-01-24 05:00:00+00:00,142.66,-1.335,deficit,5.0,5,5
2026-01-24 05:15:00+00:00,149.0964,-8.651,deficit,5.25,5,5
2026-01-24 05:30:00+00:00,149.0964,-10.9,deficit,5.5,5,5
2026-01-24 05:45:00+00:00,149.0964,-10.586,deficit,5.75,5,5
2026-01-24 06:00:00+00:00,148.8921,-5.54,deficit,6.0,6,5
2026-01-24 06:15:00+00:00,148.8921,-4.332,deficit,6.25,6,5
2026-01-24 06:30:00+00:00,148.8921,-2.621,deficit,6.5,6,5
2026-01-24 06:45:00+00:00,157.8126,-0.144,deficit,6.75,6,5
2026-01-24 07:00:00+00:00,114.12,6.379,surplus,7.0,7,5
2026-01-24 07:15:00+00:00,114.74,3.183,surplus,7.25,7,5
2026-01-24 07:30:00+00:00,121.738,4.055,surplus,7.5,7,5
2026-01-24 07:45:00+00:00,133.315,6.569,surplus,7.75,7,5
2026-01-24 08:00:00+00:00,162.954,-1.193,deficit,8.0,8,5
2026-01-24 08:15:00+00:00,143.822,1.651,surplus,8.25,8,5
2026-01-24 08:30:00+00:00,141.8043,2.738,surplus,8.5,8,5
2026-01-24 08:45:00+00:00,161.447,-2.412,deficit,8.75,8,5
2026-01-24 09:00:00+00:00,146.522,3.132,surplus,9.0,9,5
2026-01-24 09:15:00+00:00,123.109,2.781,surplus,9.25,9,5
2026-01-24 09:30:00+00:00,115.172,1.264,surplus,9.5,9,5
2026-01-24 09:45:00+00:00,115.093,0.48,surplus,9.75,9,5
2026-01-24 10:00:00+00:00,182.345,-9.298,deficit,10.0,10,5
2026-01-24 10:15:00+00:00,197.635,-0.123,deficit,10.25,10,5
2026-01-24 10:30:00+00:00,164.582,-3.522,deficit,10.5,10,5
2026-01-24 10:45:00+00:00,155.8913,-6.324,deficit,10.75,10,5
2026-01-24 11:00:00+00:00,160.732,-18.58,deficit,11.0,11,5
2026-01-24 11:15:00+00:00,152.009,-11.799,deficit,11.25,11,5
2026-01-24 11:30:00+00:00,151.118,-16.387,deficit,11.5,11,5
2026-01-24 11:45:00+00:00,151.503,-11.126,deficit,11.75,11,5
2026-01-24 12:00:00+00:00,152.24,-11.372,deficit,12.0,12,5
2026-01-24 12:15:00+00:00,152.68,-10.327,deficit,12.25,12,5
2026-01-24 12:30:00+00:00,150.348,-13.743,deficit,12.5,12,5
2026-01-24 12:45:00+00:00,147.0267,-9.364,deficit,12.75,12,5
2026-01-24 13:00:00+00:00,141.3093,-1.64,deficit,13.0,13,5
2026-01-24 13:15:00+00:00,146.2817,-7.232,deficit,13.25,13,5
2026-01-24 13:30:00+00:00,154.0543,-12.936,deficit,13.5,13,5
2026-01-24 13:45:00+00:00,157.014,-16.282,deficit,13.75,13,5
2026-01-24 14:00:00+00:00,153.856,-12.77,deficit,14.0,14,5
2026-01-24 14:15:00+00:00,161.864,-9.06,deficit,14.25,14,5
2026-01-24 14:30:00+00:00,164.5502,-19.401,deficit,14.5,14,5
2026-01-24 14:45:00+00:00,165.722,-15.522,deficit,14.75,14,5
2026-01-24 15:00:00+00:00,176.0383,-6.977,deficit,15.0,15,5
2026-01-24 15:15:00+00:00,179.0742,-1.232,deficit,15.25,15,5
2026-01-24 15:30:00+00:00,176.3771,-1.404,deficit,15.5,15,5
2026-01-24 15:45:00+00:00,145.071,3.483,surplus,15.75,15,5
2026-01-24 16:00:00+00:00,112.89,21.893,surplus,16.0,16,5
2026-01-24 16:15:00+00:00,109.114,16.303,surplus,16.25,16,5
2026-01-24 16:30:00+00:00,136.162,11.62,surplus,16.5,16,5
2026-01-24 16:45:00+00:00,142.577,13.666,surplus,16.75,16,5
2026-01-24 17:00:00+00:00,168.5032,-2.628,deficit,17.0,17,5
2026-01-24 17:15:00+00:00,149.33,3.904,surplus,17.25,17,5
2026-01-24 17:30:00+00:00,142.42,1.762,surplus,17.5,17,5
2026-01-24 17:45:00+00:00,133.554,3.581,surplus,17.75,17,5
2026-01-24 18:00:00+00:00,121.485,0.841,surplus,18.0,18,5
2026-01-24 18:15:00+00:00,79.288,1.694,surplus,18.25,18,5
2026-01-24 18:30:00+00:00,159.896,-3.625,deficit,18.5,18,5
2026-01-24 18:45:00+00:00,107.317,1.815,surplus,18.75,18,5
2026-01-24 19:00:00+00:00,107.338,0.769,surplus,19.0,19,5
2026-01-24 19:15:00+00:00,106.446,1.79,surplus,19.25,19,5
2026-01-24 19:30:00+00:00,95.78,0.36,surplus,19.5,19,5
2026-01-24 19:45:00+00:00,85.181,4.072,surplus,19.75,19,5
2026-01-24 20:00:00+00:00,132.9273,13.562,surplus,20.0,20,5
2026-01-24 20:15:00+00:00,103.248,8.553,surplus,20.25,20,5
2026-01-24 20:30:00+00:00,112.5,10.827,surplus,20.5,20,5
2026-01-24 20:45:00+00:00,109.615,16.761,surplus,20.75,20,5
2026-01-24 21:00:00+00:00,104.72,20.482,surplus,21.0,21,5
2026-01-24 21:15:00+00:00,107.377,10.065,surplus,21.25,21,5
2026-01-24 21:30:00+00:00,114.003,9.003,surplus,21.5,21,5
2026-01-24 21:45:00+00:00,99.076,3.364,surplus,21.75,21,5
2026-01-24 22:00:00+00:00,112.087,9.723,surplus,22.0,22,5
2026-01-24 22:15:00+00:00,108.9736,15.056,surplus,22.25,22,5
2026-01-24 22:30:00+00:00,107.5697,24.11,surplus,22.5,22,5
2026-01-24 22:45:00+00:00,103.013,12.419,surplus,22.75,22,5
2026-01-24 23:00:00+00:00,89.044,13.218,surplus,23.0,23,5
2026-01-24 23:15:00+00:00,94.982,17.821,surplus,23.25,23,5
2026-01-24 23:30:00+00:00,99.328,13.881,surplus,23.5,23,5
2026-01-24 23:45:00+00:00,94.084,11.599,surplus,23.75,23,5
2026-01-25 00:00:00+00:00,102.21,3.385,surplus,0.0,0,6
2026-01-25 00:15:00+00:00,102.05,10.534,surplus,0.25,0,6
2026-01-25 00:30:00+00:00,102.12,7.44,surplus,0.5,0,6
2026-01-25 00:45:00+00:00,94.857,7.617,surplus,0.75,0,6
2026-01-25 01:00:00+00:00,102.38,0.595,surplus,1.0,1,6
2026-01-25 01:15:00+00:00,101.88,0.875,surplus,1.25,1,6
2026-01-25 01:30:00+00:00,100.045,5.061,surplus,1.5,1,6
2026-01-25 01:45:00+00:00,103.46,11.285,surplus,1.75,1,6
2026-01-25 02:00:00+00:00,97.917,11.494,surplus,2.0,2,6
2026-01-25 02:15:00+00:00,72.359,11.589,surplus,2.25,2,6
2026-01-25 02:30:00+00:00,84.118,11.639,surplus,2.5,2,6
2026-01-25 02:45:00+00:00,85.006,14.181,surplus,2.75,2,6
2026-01-25 03:00:00+00:00,102.24,15.887,surplus,3.0,3,6
2026-01-25 03:15:00+00:00,97.12,11.641,surplus,3.25,3,6
2026-01-25 03:30:00+00:00,100.898,11.979,surplus,3.5,3,6
2026-01-25 03:45:00+00:00,94.617,14.487,surplus,3.75,3,6
2026-01-25 04:00:00+00:00,96.527,12.877,surplus,4.0,4,6
2026-01-25 04:15:00+00:00,98.483,17.708,surplus,4.25,4,6
2026-01-25 04:30:00+00:00,103.16,15.927,surplus,4.5,4,6
2026-01-25 04:45:00+00:00,103.44,17.774,surplus,4.75,4,6
2026-01-25 05:00:00+00:00,102.68,22.854,surplus,5.0,5,6
2026-01-25 05:15:00+00:00,88.351,15.454,surplus,5.25,5,6
2026-01-25 05:30:00+00:00,82.88,15.78,surplus,5.5,5,6
2026-01-25 05:45:00+00:00,85.0,16.892,surplus,5.75,5,6
2026-01-25 06:00:00+00:00,87.925,21.373,surplus,6.0,6,6
2026-01-25 06:15:00+00:00,82.248,13.458,surplus,6.25,6,6
2026-01-25 06:30:00+00:00,81.463,8.312,surplus,6.5,6,6
2026-01-25 06:45:00+00:00,85.141,6.753,surplus,6.75,6,6
2026-01-25 07:00:00+00:00,93.003,5.16,surplus,7.0,7,6
2026-01-25 07:15:00+00:00,96.297,4.456,surplus,7.25,7,6
2026-01-25 07:30:00+00:00,104.102,5.515,surplus,7.5,7,6
2026-01-25 07:45:00+00:00,100.676,10.459,surplus,7.75,7,6
2026-01-25 08:00:00+00:00,106.913,7.283,surplus,8.0,8,6
2026-01-25 08:15:00+00:00,91.047,7.232,surplus,8.25,8,6
2026-01-25 08:30:00+00:00,96.029,5.539,surplus,8.5,8,6
2026-01-25 08:45:00+00:00,103.863,8.135,surplus,8.75,8,6
2026-01-25 09:00:00+00:00,144.54,-7.524,deficit,9.0,9,6
2026-01-25 09:15:00+00:00,144.771,-3.901,deficit,9.25,9,6
2026-01-25 09:30:00+00:00,190.345,-6.894,deficit,9.5,9,6
2026-01-25 09:45:00+00:00,139.876,-1.518,deficit,9.75,9,6
2026-01-25 10:00:00+00:00,142.098,-12.294,deficit,10.0,10,6
2026-01-25 10:15:00+00:00,141.691,-5.123,deficit,10.25,10,6
2026-01-25 10:30:00+00:00,140.261,-8.268,deficit,10.5,10,6
2026-01-25 10:45:00+00:00,171.07,-5.363,deficit,10.75,10,6
2026-01-25 11:00:00+00:00,125.9646,6.567,surplus,11.0,11,6
2026-01-25 11:15:00+00:00,114.367,0.338,surplus,11.25,11,6
2026-01-25 11:30:00+00:00,143.693,-1.861,deficit,11.5,11,6
2026-01-25 11:45:00+00:00,73.012,0.027,surplus,11.75,11,6
2026-01-25 12:00:00+00:00,124.7604,6.326,surplus,12.0,12,6
2026-01-25 12:15:00+00:00,108.296,4.898,surplus,12.25,12,6
2026-01-25 12:30:00+00:00,121.67,9.233,surplus,12.5,12,6
2026-01-25 12:45:00+00:00,121.8924,3.994,surplus,12.75,12,6
2026-01-25 13:00:00+00:00,120.36,1.008,surplus,13.0,13,6
2026-01-25 13:15:00+00:00,118.4067,3.546,surplus,13.25,13,6
2026-01-25 13:30:00+00:00,137.577,-1.003,deficit,13.5,13,6
2026-01-25 13:45:00+00:00,105.381,1.089,surplus,13.75,13,6
2026-01-25 14:00:00+00:00,112.526,4.672,surplus,14.0,14,6
2026-01-25 14:15:00+00:00,115.52,8.771,surplus,14.25,14,6
2026-01-25 14:30:00+00:00,119.351,4.958,surplus,14.5,14,6
2026-01-25 14:45:00+00:00,124.2222,5.136,surplus,14.75,14,6
2026-01-25 15:00:00+00:00,154.895,-2.292,deficit,15.0,15,6
2026-01-25 15:15:00+00:00,150.32,-2.868,deficit,15.25,15,6
2026-01-25 15:30:00+00:00,126.65,0.539,surplus,15.5,15,6
2026-01-25 15:45:00+00:00,155.706,-5.003,deficit,15.75,15,6
2026-01-25 16:00:00+00:00,160.136,-1.484,deficit,16.0,16,6
2026-01-25 16:15:00+00:00,158.112,-0.956,deficit,16.25,16,6
2026-01-25 16:30:00+00:00,159.423,-0.758,deficit,16.5,16,6
2026-01-25 16:45:00+00:00,133.3184,4.675,surplus,16.75,16,6
2026-01-25 17:00:00+00:00,127.918,2.948,surplus,17.0,17,6
2026-01-25 17:15:00+00:00,135.7268,8.911,surplus,17.25,17,6
2026-01-25 17:30:00+00:00,136.1497,2.619,surplus,17.5,17,6
2026-01-25 17:45:00+00:00,123.632,11.084,surplus,17.75,17,6
2026-01-25 18:00:00+00:00,136.74,7.679,surplus,18.0,18,6
2026-01-25 18:15:00+00:00,98.888,0.279,surplus,18.25,18,6
2026-01-25 18:30:00+00:00,129.339,0.396,surplus,18.5,18,6
2026-01-25 18:45:00+00:00,110.371,5.121,surplus,18.75,18,6
2026-01-25 19:00:00+00:00,147.807,-1.362,deficit,19.0,19,6
2026-01-25 19:15:00+00:00,121.776,1.386,surplus,19.25,19,6
2026-01-25 19:30:00+00:00,103.355,0.386,surplus,19.5,19,6
2026-01-25 19:45:00+00:00,137.9785,-1.14,deficit,19.75,19,6
2026-01-25 20:00:00+00:00,97.067,2.18,surplus,20.0,20,6
2026-01-25 20:15:00+00:00,134.6671,-0.354,deficit,20.25,20,6
2026-01-25 20:30:00+00:00,131.9679,-3.306,deficit,20.5,20,6
2026-01-25 20:45:00+00:00,102.286,0.994,surplus,20.75,20,6
2026-01-25 21:00:00+00:00,114.4779,6.198,surplus,21.0,21,6
2026-01-25 21:15:00+00:00,111.0439,9.696,surplus,21.25,21,6
2026-01-25 21:30:00+00:00,102.323,28.036,surplus,21.5,21,6
2026-01-25 21:45:00+00:00,105.5142,20.548,surplus,21.75,21,6
2026-01-25 22:00:00+00:00,103.5197,30.196,surplus,22.0,22,6
2026-01-25 22:15:00+00:00,90.603,22.211,surplus,22.25,22,6
2026-01-25 22:30:00+00:00,80.088,26.858,surplus,22.5,22,6
2026-01-25 22:45:00+00:00,63.542,21.364,surplus,22.75,22,6
2026-01-25 23:00:00+00:00,41.972,12.963,surplus,23.0,23,6
2026-01-25 23:15:00+00:00,81.507,16.606,surplus,23.25,23,6
2026-01-25 23:30:00+00:00,84.318,18.093,surplus,23.5,23,6
2026-01-25 23:45:00+00:00,89.698,23.314,surplus,23.75,23,6
2026-01-26 00:00:00+00:00,27.217,26.94,surplus,0.0,0,0
2026-01-26 00:15:00+00:00,81.838,33.387,surplus,0.25,0,0
2026-01-26 00:30:00+00:00,101.14,31.587,surplus,0.5,0,0
2026-01-26 00:45:00+00:00,85.732,27.151,surplus,0.75,0,0
2026-01-26 01:00:00+00:00,83.7824,29.948,surplus,1.0,1,0
2026-01-26 01:15:00+00:00,83.7824,37.618,surplus,1.25,1,0
2026-01-26 01:30:00+00:00,83.7824,38.719,surplus,1.5,1,0
2026-01-26 01:45:00+00:00,51.481,40.52,surplus,1.75,1,0
2026-01-26 02:00:00+00:00,42.968,38.975,surplus,2.0,2,0
2026-01-26 02:15:00+00:00,7.736,41.99,surplus,2.25,2,0
2026-01-26 02:30:00+00:00,-17.061,39.327,surplus,2.5,2,0
2026-01-26 02:45:00+00:00,-0.164,39.474,surplus,2.75,2,0
2026-01-26 03:00:00+00:00,-8.707,39.866,surplus,3.0,3,0
2026-01-26 03:15:00+00:00,-118.805,34.557,surplus,3.25,3,0
2026-01-26 03:30:00+00:00,-90.459,36.312,surplus,3.5,3,0
2026-01-26 03:45:00+00:00,-150.166,30.929,surplus,3.75,3,0
2026-01-26 04:00:00+00:00,40.682,30.907,surplus,4.0,4,0
2026-01-26 04:15:00+00:00,16.717,31.076,surplus,4.25,4,0
2026-01-26 04:30:00+00:00,-23.437,34.677,surplus,4.5,4,0
2026-01-26 04:45:00+00:00,29.476,23.891,surplus,4.75,4,0
2026-01-26 05:00:00+00:00,44.137,20.562,surplus,5.0,5,0
2026-01-26 05:15:00+00:00,60.481,24.345,surplus,5.25,5,0
2026-01-26 05:30:00+00:00,81.683,20.08,surplus,5.5,5,0
2026-01-26 05:45:00+00:00,88.311,18.844,surplus,5.75,5,0
2026-01-26 06:00:00+00:00,92.682,20.959,surplus,6.0,6,0
2026-01-26 06:15:00+00:00,108.979,14.631,surplus,6.25,6,0
2026-01-26 06:30:00+00:00,112.411,14.306,surplus,6.5,6,0
2026-01-26 06:45:00+00:00,108.638,3.909,surplus,6.75,6,0
2026-01-26 07:00:00+00:00,175.4162,5.355,surplus,7.0,7,0
2026-01-26 07:15:00+00:00,207.097,-0.586,deficit,7.25,7,0
2026-01-26 07:30:00+00:00,165.412,12.453,surplus,7.5,7,0
2026-01-26 07:45:00+00:00,176.2247,8.869,surplus,7.75,7,0
2026-01-26 08:00:00+00:00,157.265,7.632,surplus,8.0,8,0
2026-01-26 08:15:00+00:00,170.844,17.253,surplus,8.25,8,0
2026-01-26 08:30:00+00:00,159.408,9.659,surplus,8.5,8,0
2026-01-26 08:45:00+00:00,167.88,2.745,surplus,8.75,8,0
2026-01-26 09:00:00+00:00,188.48,1.71,surplus,9.0,9,0
2026-01-26 09:15:00+00:00,68.889,1.417,surplus,9.25,9,0
2026-01-26 09:30:00+00:00,78.269,7.413,surplus,9.5,9,0
2026-01-26 09:45:00+00:00,103.395,13.347,surplus,9.75,9,0
2026-01-26 10:00:00+00:00,148.555,10.323,surplus,10.0,10,0
2026-01-26 10:15:00+00:00,138.322,21.02,surplus,10.25,10,0
2026-01-26 10:30:00+00:00,139.945,11.704,surplus,10.5,10,0
2026-01-26 10:45:00+00:00,111.885,14.493,surplus,10.75,10,0
2026-01-26 11:00:00+00:00,123.428,12.386,surplus,11.0,11,0
2026-01-26 11:15:00+00:00,161.059,14.708,surplus,11.25,11,0
2026-01-26 11:30:00+00:00,127.284,17.182,surplus,11.5,11,0
2026-01-26 11:45:00+00:00,109.707,0.47,surplus,11.75,11,0
2026-01-26 12:00:00+00:00,161.76,3.503,surplus,12.0,12,0
2026-01-26 12:15:00+00:00,164.227,1.739,surplus,12.25,12,0
2026-01-26 12:30:00+00:00,173.415,7.081,surplus,12.5,12,0
2026-01-26 12:45:00+00:00,172.64,7.099,surplus,12.75,12,0
2026-01-26 13:00:00+00:00,168.42,11.258,surplus,13.0,13,0
2026-01-26 13:15:00+00:00,171.508,12.255,surplus,13.25,13,0
2026-01-26 13:30:00+00:00,170.981,5.64,surplus,13.5,13,0
2026-01-26 13:45:00+00:00,139.942,6.866,surplus,13.75,13,0
2026-01-26 14:00:00+00:00,111.32,4.048,surplus,14.0,14,0
2026-01-26 14:15:00+00:00,100.437,1.374,surplus,14.25,14,0
2026-01-26 14:30:00+00:00,135.535,7.429,surplus,14.5,14,0
2026-01-26 14:45:00+00:00,139.339,16.787,surplus,14.75,14,0
2026-01-26 15:00:00+00:00,102.103,20.382,surplus,15.0,15,0
2026-01-26 15:15:00+00:00,146.062,20.956,surplus,15.25,15,0
2026-01-26 15:30:00+00:00,153.64,14.686,surplus,15.5,15,0
2026-01-26 15:45:00+00:00,125.061,13.439,surplus,15.75,15,0
2026-01-26 16:00:00+00:00,128.323,19.213,surplus,16.0,16,0
2026-01-26 16:15:00+00:00,134.028,23.596,surplus,16.25,16,0
2026-01-26 16:30:00+00:00,111.021,13.877,surplus,16.5,16,0
2026-01-26 16:45:00+00:00,117.912,8.701,surplus,16.75,16,0
2026-01-26 17:00:00+00:00,157.879,4.159,surplus,17.0,17,0
2026-01-26 17:15:00+00:00,164.863,6.197,surplus,17.25,17,0
2026-01-26 17:30:00+00:00,138.413,2.836,surplus,17.5,17,0
2026-01-26 17:45:00+00:00,131.108,6.743,surplus,17.75,17,0
2026-01-26 18:00:00+00:00,144.428,8.002,surplus,18.0,18,0
2026-01-26 18:15:00+00:00,145.1,16.983,surplus,18.25,18,0
2026-01-26 18:30:00+00:00,139.929,19.028,surplus,18.5,18,0
2026-01-26 18:45:00+00:00,114.827,13.355,surplus,18.75,18,0
2026-01-26 19:00:00+00:00,131.31,25.309,surplus,19.0,19,0
2026-01-26 19:15:00+00:00,106.2,18.423,surplus,19.25,19,0
2026-01-26 19:30:00+00:00,129.516,13.751,surplus,19.5,19,0
2026-01-26 19:45:00+00:00,114.357,18.043,surplus,19.75,19,0
2026-01-26 20:00:00+00:00,123.933,18.215,surplus,20.0,20,0
2026-01-26 20:15:00+00:00,135.562,6.224,surplus,20.25,20,0
2026-01-26 20:30:00+00:00,114.617,7.148,surplus,20.5,20,0
2026-01-26 20:45:00+00:00,102.711,10.84,surplus,20.75,20,0
2026-01-26 21:00:00+00:00,109.755,14.351,surplus,21.0,21,0
2026-01-26 21:15:00+00:00,100.386,11.715,surplus,21.25,21,0
2026-01-26 21:30:00+00:00,104.208,9.967,surplus,21.5,21,0
2026-01-26 21:45:00+00:00,98.89,14.818,surplus,21.75,21,0
2026-01-26 22:00:00+00:00,95.925,14.969,surplus,22.0,22,0
2026-01-26 22:15:00+00:00,99.956,11.352,surplus,22.25,22,0
2026-01-26 22:30:00+00:00,105.15,10.842,surplus,22.5,22,0
2026-01-26 22:45:00+00:00,98.68,1.673,surplus,22.75,22,0
2026-01-26 23:00:00+00:00,96.286,2.203,surplus,23.0,23,0
2026-01-26 23:15:00+00:00,109.131,7.599,surplus,23.25,23,0
2026-01-26 23:30:00+00:00,109.131,12.199,surplus,23.5,23,0
2026-01-26 23:45:00+00:00,109.131,12.058,surplus,23.75,23,0
2026-01-27 00:00:00+00:00,106.1014,6.023,surplus,0.0,0,1
2026-01-27 00:15:00+00:00,106.1014,11.636,surplus,0.25,0,1
2026-01-27 00:30:00+00:00,95.17,7.716,surplus,0.5,0,1
2026-01-27 00:45:00+00:00,102.213,8.125,surplus,0.75,0,1
2026-01-27 01:00:00+00:00,82.267,3.702,surplus,1.0,1,1
2026-01-27 01:15:00+00:00,101.3574,13.715,surplus,1.25,1,1
2026-01-27 01:30:00+00:00,95.385,14.062,surplus,1.5,1,1
2026-01-27 01:45:00+00:00,100.408,4.906,surplus,1.75,1,1
2026-01-27 02:00:00+00:00,93.703,5.365,surplus,2.0,2,1
2026-01-27 02:15:00+00:00,96.751,8.594,surplus,2.25,2,1
2026-01-27 02:30:00+00:00,95.809,5.583,surplus,2.5,2,1
2026-01-27 02:45:00+00:00,92.066,0.089,surplus,2.75,2,1
2026-01-27 03:00:00+00:00,101.295,5.514,surplus,3.0,3,1
2026-01-27 03:15:00+00:00,108.11,7.87,surplus,3.25,3,1
2026-01-27 03:30:00+00:00,108.8858,13.611,surplus,3.5,3,1
2026-01-27 03:45:00+00:00,106.586,6.054,surplus,3.75,3,1
2026-01-27 04:00:00+00:00,164.93,-2.058,deficit,4.0,4,1
2026-01-27 04:15:00+00:00,156.842,-4.886,deficit,4.25,4,1
2026-01-27 04:30:00+00:00,155.649,-0.521,deficit,4.5,4,1
2026-01-27 04:45:00+00:00,162.788,-1.916,deficit,4.75,4,1
2026-01-27 05:00:00+00:00,190.632,-4.444,deficit,5.0,5,1
2026-01-27 05:15:00+00:00,167.9944,-3.347,deficit,5.25,5,1
2026-01-27 05:30:00+00:00,191.125,-6.688,deficit,5.5,5,1
2026-01-27 05:45:00+00:00,236.731,-8.075,deficit,5.75,5,1
2026-01-27 06:00:00+00:00,237.424,-1.046,deficit,6.0,6,1
2026-01-27 06:15:00+00:00,317.097,-2.155,deficit,6.25,6,1
2026-01-27 06:30:00+00:00,176.01,3.937,surplus,6.5,6,1
2026-01-27 06:45:00+00:00,181.23,2.36,surplus,6.75,6,1
2026-01-27 07:00:00+00:00,181.998,4.771,surplus,7.0,7,1
2026-01-27 07:15:00+00:00,172.105,11.497,surplus,7.25,7,1
2026-01-27 07:30:00+00:00,166.44,14.967,surplus,7.5,7,1
2026-01-27 07:45:00+00:00,131.749,9.949,surplus,7.75,7,1
2026-01-27 08:00:00+00:00,112.729,10.83,surplus,8.0,8,1
2026-01-27 08:15:00+00:00,246.884,-0.384,deficit,8.25,8,1
2026-01-27 08:30:00+00:00,104.012,6.118,surplus,8.5,8,1
2026-01-27 08:45:00+00:00,74.521,4.623,surplus,8.75,8,1
2026-01-27 09:00:00+00:00,97.412,6.365,surplus,9.0,9,1
2026-01-27 09:15:00+00:00,194.799,-2.178,deficit,9.25,9,1
2026-01-27 09:30:00+00:00,182.391,-3.128,deficit,9.5,9,1
2026-01-27 09:45:00+00:00,35.274,9.957,surplus,9.75,9,1
2026-01-27 10:00:00+00:00,102.636,4.758,surplus,10.0,10,1
2026-01-27 10:15:00+00:00,105.111,4.593,surplus,10.25,10,1
2026-01-27 10:30:00+00:00,123.732,4.557,surplus,10.5,10,1
2026-01-27 10:45:00+00:00,109.416,11.496,surplus,10.75,10,1
2026-01-27 11:00:00+00:00,119.82,15.664,surplus,11.0,11,1
2026-01-27 11:15:00+00:00,118.882,11.135,surplus,11.25,11,1
2026-01-27 11:30:00+00:00,127.4302,9.529,surplus,11.5,11,1
2026-01-27 11:45:00+00:00,127.8738,17.363,surplus,11.75,11,1
2026-01-27 12:00:00+00:00,120.032,3.214,surplus,12.0,12,1
2026-01-27 12:15:00+00:00,110.459,1.107,surplus,12.25,12,1
2026-01-27 12:30:00+00:00,179.828,-1.297,deficit,12.5,12,1
2026-01-27 12:45:00+00:00,90.239,4.33,surplus,12.75,12,1
2026-01-27 13:00:00+00:00,92.809,2.885,surplus,13.0,13,1
2026-01-27 13:15:00+00:00,139.6163,3.701,surplus,13.25,13,1
2026-01-27 13:30:00+00:00,223.146,-0.192,deficit,13.5,13,1
2026-01-27 13:45:00+00:00,258.016,-2.023,deficit,13.75,13,1
2026-01-27 14:00:00+00:00,214.159,-2.248,deficit,14.0,14,1
2026-01-27 14:15:00+00:00,261.8,-2.932,deficit,14.25,14,1
2026-01-27 14:30:00+00:00,134.633,17.846,surplus,14.5,14,1
2026-01-27 14:45:00+00:00,127.67,7.327,surplus,14.75,14,1
2026-01-27 15:00:00+00:00,219.34,-4.201,deficit,15.0,15,1
2026-01-27 15:15:00+00:00,110.823,2.356,surplus,15.25,15,1
2026-01-27 15:30:00+00:00,120.336,10.862,surplus,15.5,15,1
2026-01-27 15:45:00+00:00,176.762,7.344,surplus,15.75,15,1
2026-01-27 16:00:00+00:00,180.053,3.604,surplus,16.0,16,1
2026-01-27 16:15:00+00:00,136.071,0.111,surplus,16.25,16,1
2026-01-27 16:30:00+00:00,146.598,0.263,surplus,16.5,16,1
2026-01-27 16:45:00+00:00,120.9,3.252,surplus,16.75,16,1
2026-01-27 17:00:00+00:00,127.702,0.396,surplus,17.0,17,1
2026-01-27 17:15:00+00:00,297.308,-3.287,deficit,17.25,17,1
2026-01-27 17:30:00+00:00,289.674,-2.94,deficit,17.5,17,1
2026-01-27 17:45:00+00:00,118.374,7.687,surplus,17.75,17,1
2026-01-27 18:00:00+00:00,311.938,-4.691,deficit,18.0,18,1
2026-01-27 18:15:00+00:00,289.641,-4.219,deficit,18.25,18,1
2026-01-27 18:30:00+00:00,288.585,-4.484,deficit,18.5,18,1
2026-01-27 18:45:00+00:00,242.088,-10.953,deficit,18.75,18,1
2026-01-27 19:00:00+00:00,310.376,-1.063,deficit,19.0,19,1
2026-01-27 19:15:00+00:00,261.844,-5.314,deficit,19.25,19,1
2026-01-27 19:30:00+00:00,219.131,-4.232,deficit,19.5,19,1
2026-01-27 19:45:00+00:00,177.793,-6.601,deficit,19.75,19,1
2026-01-27 20:00:00+00:00,183.843,-7.3,deficit,20.0,20,1
2026-01-27 20:15:00+00:00,185.788,-2.616,deficit,20.25,20,1
2026-01-27 20:30:00+00:00,122.905,2.023,surplus,20.5,20,1
2026-01-27 20:45:00+00:00,152.747,-3.735,deficit,20.75,20,1
2026-01-27 21:00:00+00:00,130.9295,1.621,surplus,21.0,21,1
2026-01-27 21:15:00+00:00,117.493,4.956,surplus,21.25,21,1
2026-01-27 21:30:00+00:00,126.754,1.472,surplus,21.5,21,1
2026-01-27 21:45:00+00:00,117.72,0.919,surplus,21.75,21,1
2026-01-27 22:00:00+00:00,145.871,-0.227,deficit,22.0,22,1
2026-01-27 22:15:00+00:00,81.812,3.086,surplus,22.25,22,1
2026-01-27 22:30:00+00:00,90.076,4.818,surplus,22.5,22,1
2026-01-27 22:45:00+00:00,124.5657,-4.525,deficit,22.75,22,1
2026-01-27 23:00:00+00:00,142.188,-28.674,deficit,23.0,23,1
2026-01-27 23:15:00+00:00,149.661,-28.033,deficit,23.25,23,1
2026-01-27 23:30:00+00:00,127.875,-19.913,deficit,23.5,23,1
2026-01-27 23:45:00+00:00,125.323,-24.099,deficit,23.75,23,1
2026-01-28 00:00:00+00:00,129.932,-14.452,deficit,0.0,0,2
2026-01-28 00:15:00+00:00,127.061,-8.499,deficit,0.25,0,2
2026-01-28 00:30:00+00:00,123.3439,-7.713,deficit,0.5,0,2
2026-01-28 00:45:00+00:00,102.472,0.237,surplus,0.75,0,2
2026-01-28 01:00:00+00:00,125.675,-11.33,deficit,1.0,1,2
2026-01-28 01:15:00+00:00,123.3592,-6.41,deficit,1.25,1,2
2026-01-28 01:30:00+00:00,123.3592,-9.794,deficit,1.5,1,2
2026-01-28 01:45:00+00:00,123.3592,-8.979,deficit,1.75,1,2
2026-01-28 02:00:00+00:00,123.651,-5.64,deficit,2.0,2,2
2026-01-28 02:15:00+00:00,123.5624,-1.73,deficit,2.25,2,2
2026-01-28 02:30:00+00:00,123.5624,-0.046,deficit,2.5,2,2
2026-01-28 02:45:00+00:00,123.5624,-3.329,deficit,2.75,2,2
2026-01-28 03:00:00+00:00,109.84,0.077,surplus,3.0,3,2
2026-01-28 03:15:00+00:00,129.283,-3.161,deficit,3.25,3,2
2026-01-28 03:30:00+00:00,130.482,-3.208,deficit,3.5,3,2
2026-01-28 03:45:00+00:00,97.944,3.872,surplus,3.75,3,2
2026-01-28 04:00:00+00:00,96.429,7.791,surplus,4.0,4,2
2026-01-28 04:15:00+00:00,103.908,6.744,surplus,4.25,4,2
2026-01-28 04:30:00+00:00,102.327,5.126,surplus,4.5,4,2
2026-01-28 04:45:00+00:00,74.086,9.736,surplus,4.75,4,2
2026-01-28 05:00:00+00:00,73.037,14.961,surplus,5.0,5,2
2026-01-28 05:15:00+00:00,103.627,9.878,surplus,5.25,5,2
2026-01-28 05:30:00+00:00,112.965,4.838,surplus,5.5,5,2
2026-01-28 05:45:00+00:00,158.0148,4.53,surplus,5.75,5,2
2026-01-28 06:00:00+00:00,225.9527,-9.787,deficit,6.0,6,2
2026-01-28 06:15:00+00:00,233.156,-6.081,deficit,6.25,6,2
2026-01-28 06:30:00+00:00,251.097,-12.443,deficit,6.5,6,2
2026-01-28 06:45:00+00:00,259.864,-1.945,deficit,6.75,6,2
2026-01-28 07:00:00+00:00,248.6,-0.421,deficit,7.0,7,2
2026-01-28 07:15:00+00:00,132.269,1.143,surplus,7.25,7,2
2026-01-28 07:30:00+00:00,264.209,-4.664,deficit,7.5,7,2
2026-01-28 07:45:00+00:00,133.113,3.465,surplus,7.75,7,2
2026-01-28 08:00:00+00:00,140.464,3.612,surplus,8.0,8,2
2026-01-28 08:15:00+00:00,119.782,2.725,surplus,8.25,8,2
2026-01-28 08:30:00+00:00,237.479,-1.574,deficit,8.5,8,2
2026-01-28 08:45:00+00:00,210.364,-0.902,deficit,8.75,8,2
2026-01-28 09:00:00+00:00,130.792,2.418,surplus,9.0,9,2
2026-01-28 09:15:00+00:00,97.172,3.726,surplus,9.25,9,2
2026-01-28 09:30:00+00:00,126.093,5.465,surplus,9.5,9,2
2026-01-28 09:45:00+00:00,133.153,17.658,surplus,9.75,9,2
2026-01-28 10:00:00+00:00,152.595,10.239,surplus,10.0,10,2
2026-01-28 10:15:00+00:00,137.033,6.771,surplus,10.25,10,2
2026-01-28 10:30:00+00:00,138.16,12.097,surplus,10.5,10,2
2026-01-28 10:45:00+00:00,165.128,23.577,surplus,10.75,10,2
2026-01-28 11:00:00+00:00,157.9745,35.056,surplus,11.0,11,2
2026-01-28 11:15:00+00:00,139.937,31.947,surplus,11.25,11,2
2026-01-28 11:30:00+00:00,136.866,30.195,surplus,11.5,11,2
2026-01-28 11:45:00+00:00,162.3084,16.482,surplus,11.75,11,2
2026-01-28 12:00:00+00:00,160.955,26.142,surplus,12.0,12,2
2026-01-28 12:15:00+00:00,143.134,10.1,surplus,12.25,12,2
2026-01-28 12:30:00+00:00,161.659,19.334,surplus,12.5,12,2
2026-01-28 12:45:00+00:00,162.729,11.975,surplus,12.75,12,2
2026-01-28 13:00:00+00:00,190.265,-1.295,deficit,13.0,13,2
2026-01-28 13:15:00+00:00,164.1458,3.758,surplus,13.25,13,2
2026-01-28 13:30:00+00:00,219.879,-0.96,deficit,13.5,13,2
2026-01-28 13:45:00+00:00,214.962,-1.43,deficit,13.75,13,2
2026-01-28 14:00:00+00:00,206.761,-4.219,deficit,14.0,14,2
2026-01-28 14:15:00+00:00,207.317,-4.593,deficit,14.25,14,2
2026-01-28 14:30:00+00:00,237.875,-7.965,deficit,14.5,14,2
2026-01-28 14:45:00+00:00,137.911,2.033,surplus,14.75,14,2
2026-01-28 15:00:00+00:00,211.486,-7.118,deficit,15.0,15,2
2026-01-28 15:15:00+00:00,217.096,-3.471,deficit,15.25,15,2
2026-01-28 15:30:00+00:00,145.597,0.945,surplus,15.5,15,2
2026-01-28 15:45:00+00:00,106.83,0.255,surplus,15.75,15,2
2026-01-28 16:00:00+00:00,216.282,-1.455,deficit,16.0,16,2
2026-01-28 16:15:00+00:00,224.873,-1.504,deficit,16.25,16,2
2026-01-28 16:30:00+00:00,39.474,11.96,surplus,16.5,16,2
2026-01-28 16:45:00+00:00,134.036,5.557,surplus,16.75,16,2
2026-01-28 17:00:00+00:00,190.916,-22.915,deficit,17.0,17,2
2026-01-28 17:15:00+00:00,189.9906,-23.618,deficit,17.25,17,2
2026-01-28 17:30:00+00:00,189.3409,-18.474,deficit,17.5,17,2
2026-01-28 17:45:00+00:00,207.071,-13.469,deficit,17.75,17,2
2026-01-28 18:00:00+00:00,186.703,-10.767,deficit,18.0,18,2
2026-01-28 18:15:00+00:00,183.48,-18.1,deficit,18.25,18,2
2026-01-28 18:30:00+00:00,177.32,-12.408,deficit,18.5,18,2
2026-01-28 18:45:00+00:00,170.9532,-10.864,deficit,18.75,18,2
2026-01-28 19:00:00+00:00,178.387,-15.321,deficit,19.0,19,2
2026-01-28 19:15:00+00:00,168.465,-13.424,deficit,19.25,19,2
2026-01-28 19:30:00+00:00,154.2891,-16.903,deficit,19.5,19,2
2026-01-28 19:45:00+00:00,151.7941,-14.452,deficit,19.75,19,2
2026-01-28 20:00:00+00:00,166.892,-0.162,deficit,20.0,20,2
2026-01-28 20:15:00+00:00,96.019,0.112,surplus,20.25,20,2
2026-01-28 20:30:00+00:00,104.604,0.132,surplus,20.5,20,2
2026-01-28 20:45:00+00:00,139.5313,-0.618,deficit,20.75,20,2
2026-01-28 21:00:00+00:00,111.468,0.591,surplus,21.0,21,2
2026-01-28 21:15:00+00:00,117.306,2.728,surplus,21.25,21,2
2026-01-28 21:30:00+00:00,110.575,4.635,surplus,21.5,21,2
2026-01-28 21:45:00+00:00,107.754,6.087,surplus,21.75,21,2
2026-01-28 22:00:00+00:00,99.299,1.12,surplus,22.0,22,2
2026-01-28 22:15:00+00:00,89.291,4.613,surplus,22.25,22,2
2026-01-28 22:30:00+00:00,105.261,5.043,surplus,22.5,22,2
2026-01-28 22:45:00+00:00,104.01,2.527,surplus,22.75,22,2
2026-01-28 23:00:00+00:00,120.263,-2.052,deficit,23.0,23,2
2026-01-28 23:15:00+00:00,98.319,2.897,surplus,23.25,23,2
2026-01-28 23:30:00+00:00,119.0825,-0.202,deficit,23.5,23,2
2026-01-28 23:45:00+00:00,119.0825,-3.776,deficit,23.75,23,2
2026-01-29 00:00:00+00:00,118.3826,-6.749,deficit,0.0,0,3
2026-01-29 00:15:00+00:00,118.3826,-5.476,deficit,0.25,0,3
2026-01-29 00:30:00+00:00,118.3826,-5.222,deficit,0.5,0,3
2026-01-29 00:45:00+00:00,118.3826,-4.237,deficit,0.75,0,3
2026-01-29 01:00:00+00:00,103.22,2.081,surplus,1.0,1,3
2026-01-29 01:15:00+00:00,102.81,6.039,surplus,1.25,1,3
2026-01-29 01:30:00+00:00,98.707,4.972,surplus,1.5,1,3
2026-01-29 01:45:00+00:00,100.23,5.791,surplus,1.75,1,3
2026-01-29 02:00:00+00:00,100.03,4.209,surplus,2.0,2,3
2026-01-29 02:15:00+00:00,100.0,3.083,surplus,2.25,2,3
2026-01-29 02:30:00+00:00,91.12,1.551,surplus,2.5,2,3
2026-01-29 02:45:00+00:00,100.027,0.34,surplus,2.75,2,3
2026-01-29 03:00:00+00:00,115.8242,-0.128,deficit,3.0,3,3
2026-01-29 03:15:00+00:00,101.3,0.573,surplus,3.25,3,3
2026-01-29 03:30:00+00:00,44.707,2.043,surplus,3.5,3,3
2026-01-29 03:45:00+00:00,26.024,6.826,surplus,3.75,3,3
2026-01-29 04:00:00+00:00,101.57,9.845,surplus,4.0,4,3
2026-01-29 04:15:00+00:00,105.616,9.095,surplus,4.25,4,3
2026-01-29 04:30:00+00:00,87.431,9.846,surplus,4.5,4,3
2026-01-29 04:45:00+00:00,102.09,5.67,surplus,4.75,4,3
2026-01-29 05:00:00+00:00,82.913,7.367,surplus,5.0,5,3
2026-01-29 05:15:00+00:00,139.414,-5.686,deficit,5.25,5,3
2026-01-29 05:30:00+00:00,170.588,-3.595,deficit,5.5,5,3
2026-01-29 05:45:00+00:00,179.0309,-6.942,deficit,5.75,5,3
2026-01-29 06:00:00+00:00,205.7949,-4.166,deficit,6.0,6,3
2026-01-29 06:15:00+00:00,205.7949,-8.574,deficit,6.25,6,3
2026-01-29 06:30:00+00:00,206.1344,-5.851,deficit,6.5,6,3
2026-01-29 06:45:00+00:00,209.7982,-4.74,deficit,6.75,6,3
2026-01-29 07:00:00+00:00,210.4008,-10.652,deficit,7.0,7,3
2026-01-29 07:15:00+00:00,208.2414,-3.551,deficit,7.25,7,3
2026-01-29 07:30:00+00:00,211.2259,-11.209,deficit,7.5,7,3
2026-01-29 07:45:00+00:00,212.4207,-8.146,deficit,7.75,7,3
2026-01-29 08:00:00+00:00,245.109,-21.7,deficit,8.0,8,3
2026-01-29 08:15:00+00:00,224.3561,-1.217,deficit,8.25,8,3
2026-01-29 08:30:00+00:00,222.2799,-0.233,deficit,8.5,8,3
2026-01-29 08:45:00+00:00,222.5667,-4.74,deficit,8.75,8,3
2026-01-29 09:00:00+00:00,132.431,2.783,surplus,9.0,9,3
2026-01-29 09:15:00+00:00,140.653,0.205,surplus,9.25,9,3
2026-01-29 09:30:00+00:00,292.906,-7.261,deficit,9.5,9,3
2026-01-29 09:45:00+00:00,124.201,4.46,surplus,9.75,9,3
2026-01-29 10:00:00+00:00,222.5556,-12.77,deficit,10.0,10,3
2026-01-29 10:15:00+00:00,168.312,1.581,surplus,10.25,10,3
2026-01-29 10:30:00+00:00,133.49,0.042,surplus,10.5,10,3
2026-01-29 10:45:00+00:00,211.3076,-3.769,deficit,10.75,10,3
2026-01-29 11:00:00+00:00,221.7765,-2.389,deficit,11.0,11,3
2026-01-29 11:15:00+00:00,129.509,3.854,surplus,11.25,11,3
2026-01-29 11:30:00+00:00,204.5716,-1.58,deficit,11.5,11,3
2026-01-29 11:45:00+00:00,121.392,2.098,surplus,11.75,11,3
2026-01-29 12:00:00+00:00,209.3553,-16.59,deficit,12.0,12,3
2026-01-29 12:15:00+00:00,222.1102,-20.258,deficit,12.25,12,3
2026-01-29 12:30:00+00:00,221.0201,-17.376,deficit,12.5,12,3
2026-01-29 12:45:00+00:00,220.8935,-15.197,deficit,12.75,12,3
2026-01-29 13:00:00+00:00,212.4487,-20.046,deficit,13.0,13,3
2026-01-29 13:15:00+00:00,214.9533,-8.978,deficit,13.25,13,3
2026-01-29 13:30:00+00:00,214.1133,-13.044,deficit,13.5,13,3
2026-01-29 13:45:00+00:00,220.134,-13.693,deficit,13.75,13,3
2026-01-29 14:00:00+00:00,217.3077,-16.431,deficit,14.0,14,3
2026-01-29 14:15:00+00:00,220.6094,-14.563,deficit,14.25,14,3
2026-01-29 14:30:00+00:00,223.9717,-10.172,deficit,14.5,14,3
2026-01-29 14:45:00+00:00,220.6094,-10.674,deficit,14.75,14,3
2026-01-29 15:00:00+00:00,199.3034,-8.313,deficit,15.0,15,3
2026-01-29 15:15:00+00:00,201.687,-7.143,deficit,15.25,15,3
2026-01-29 15:30:00+00:00,202.0202,-4.744,deficit,15.5,15,3
2026-01-29 15:45:00+00:00,204.4269,-5.594,deficit,15.75,15,3
2026-01-29 16:00:00+00:00,207.1418,-9.848,deficit,16.0,16,3
2026-01-29 16:15:00+00:00,209.3676,-10.219,deficit,16.25,16,3
2026-01-29 16:30:00+00:00,209.3676,-6.008,deficit,16.5,16,3
2026-01-29 16:45:00+00:00,205.6031,-2.079,deficit,16.75,16,3
2026-01-29 17:00:00+00:00,190.4026,-5.245,deficit,17.0,17,3
2026-01-29 17:15:00+00:00,190.9645,-4.866,deficit,17.25,17,3
2026-01-29 17:30:00+00:00,160.69,2.24,surplus,17.5,17,3
2026-01-29 17:45:00+00:00,146.29,3.212,surplus,17.75,17,3
2026-01-29 18:00:00+00:00,196.6944,-4.853,deficit,18.0,18,3
2026-01-29 18:15:00+00:00,155.911,5.691,surplus,18.25,18,3
2026-01-29 18:30:00+00:00,199.1196,-5.382,deficit,18.5,18,3
2026-01-29 18:45:00+00:00,195.2764,-4.976,deficit,18.75,18,3
2026-01-29 19:00:00+00:00,177.4723,-12.87,deficit,19.0,19,3
2026-01-29 19:15:00+00:00,177.383,-5.814,deficit,19.25,19,3
2026-01-29 19:30:00+00:00,170.322,-9.928,deficit,19.5,19,3
2026-01-29 19:45:00+00:00,165.6235,-11.822,deficit,19.75,19,3
2026-01-29 20:00:00+00:00,159.0466,-2.157,deficit,20.0,20,3
2026-01-29 20:15:00+00:00,156.1336,-8.388,deficit,20.25,20,3
2026-01-29 20:30:00+00:00,169.376,-7.791,deficit,20.5,20,3
2026-01-29 20:45:00+00:00,189.763,-10.582,deficit,20.75,20,3
2026-01-29 21:00:00+00:00,148.175,-3.509,deficit,21.0,21,3
2026-01-29 21:15:00+00:00,156.1201,-6.267,deficit,21.25,21,3
2026-01-29 21:30:00+00:00,154.053,-4.34,deficit,21.5,21,3
2026-01-29 21:45:00+00:00,140.659,-2.614,deficit,21.75,21,3
2026-01-29 22:00:00+00:00,90.226,9.641,surplus,22.0,22,3
2026-01-29 22:15:00+00:00,65.046,9.107,surplus,22.25,22,3
2026-01-29 22:30:00+00:00,91.002,1.51,surplus,22.5,22,3
2026-01-29 22:45:00+00:00,91.686,0.505,surplus,22.75,22,3
2026-01-29 23:00:00+00:00,137.588,-1.801,deficit,23.0,23,3
2026-01-29 23:15:00+00:00,79.609,0.725,surplus,23.25,23,3
2026-01-29 23:30:00+00:00,122.6365,-3.895,deficit,23.5,23,3
2026-01-29 23:45:00+00:00,118.6736,-5.133,deficit,23.75,23,3
2026-01-30 00:00:00+00:00,117.782,-8.455,deficit,0.0,0,4
2026-01-30 00:15:00+00:00,115.115,-5.767,deficit,0.25,0,4
2026-01-30 00:30:00+00:00,112.717,-5.327,deficit,0.5,0,4
2026-01-30 00:45:00+00:00,72.424,0.836,surplus,0.75,0,4
2026-01-30 01:00:00+00:00,114.686,-6.049,deficit,1.0,1,4
2026-01-30 01:15:00+00:00,112.057,-1.781,deficit,1.25,1,4
2026-01-30 01:30:00+00:00,31.041,0.114,surplus,1.5,1,4
2026-01-30 01:45:00+00:00,70.407,0.685,surplus,1.75,1,4
2026-01-30 02:00:00+00:00,110.6319,-2.8,deficit,2.0,2,4
2026-01-30 02:15:00+00:00,110.6319,-2.429,deficit,2.25,2,4
2026-01-30 02:30:00+00:00,110.6319,-3.862,deficit,2.5,2,4
2026-01-30 02:45:00+00:00,110.6319,-3.147,deficit,2.75,2,4
2026-01-30 03:00:00+00:00,71.122,1.933,surplus,3.0,3,4
2026-01-30 03:15:00+00:00,47.117,0.14,surplus,3.25,3,4
2026-01-30 03:30:00+00:00,110.4617,-20.467,deficit,3.5,3,4
2026-01-30 03:45:00+00:00,111.364,-25.901,deficit,3.75,3,4
2026-01-30 04:00:00+00:00,120.29,-3.175,deficit,4.0,4,4
2026-01-30 04:15:00+00:00,75.228,1.676,surplus,4.25,4,4
2026-01-30 04:30:00+00:00,118.239,-0.149,deficit,4.5,4,4
2026-01-30 04:45:00+00:00,79.205,7.927,surplus,4.75,4,4
2026-01-30 05:00:00+00:00,70.161,2.692,surplus,5.0,5,4
2026-01-30 05:15:00+00:00,122.9066,2.132,surplus,5.25,5,4
2026-01-30 05:30:00+00:00,159.823,-2.861,deficit,5.5,5,4
2026-01-30 05:45:00+00:00,167.222,-2.63,deficit,5.75,5,4
2026-01-30 06:00:00+00:00,161.211,-0.854,deficit,6.0,6,4
2026-01-30 06:15:00+00:00,172.062,-1.691,deficit,6.25,6,4
2026-01-30 06:30:00+00:00,125.586,7.905,surplus,6.5,6,4
2026-01-30 06:45:00+00:00,132.818,1.62,surplus,6.75,6,4
2026-01-30 07:00:00+00:00,130.842,14.021,surplus,7.0,7,4
2026-01-30 07:15:00+00:00,152.449,7.293,surplus,7.25,7,4
2026-01-30 07:30:00+00:00,155.694,11.584,surplus,7.5,7,4
2026-01-30 07:45:00+00:00,163.59,6.646,surplus,7.75,7,4
2026-01-30 08:00:00+00:00,160.2053,10.192,surplus,8.0,8,4
2026-01-30 08:15:00+00:00,110.303,8.325,surplus,8.25,8,4
2026-01-30 08:30:00+00:00,157.4908,11.544,surplus,8.5,8,4
2026-01-30 08:45:00+00:00,155.1464,10.437,surplus,8.75,8,4
2026-01-30 09:00:00+00:00,147.5313,4.722,surplus,9.0,9,4
2026-01-30 09:15:00+00:00,147.6534,4.845,surplus,9.25,9,4
2026-01-30 09:30:00+00:00,148.8781,0.499,surplus,9.5,9,4
2026-01-30 09:45:00+00:00,133.345,15.877,surplus,9.75,9,4
2026-01-30 10:00:00+00:00,154.7821,9.529,surplus,10.0,10,4
2026-01-30 10:15:00+00:00,109.921,6.011,surplus,10.25,10,4
2026-01-30 10:30:00+00:00,112.388,4.539,surplus,10.5,10,4
2026-01-30 10:45:00+00:00,167.2612,-1.095,deficit,10.75,10,4
2026-01-30 11:00:00+00:00,106.624,1.741,surplus,11.0,11,4
2026-01-30 11:15:00+00:00,115.544,0.811,surplus,11.25,11,4
2026-01-30 11:30:00+00:00,127.151,1.79,surplus,11.5,11,4
2026-01-30 11:45:00+00:00,92.683,6.466,surplus,11.75,11,4
2026-01-30 12:00:00+00:00,115.162,4.017,surplus,12.0,12,4
2026-01-30 12:15:00+00:00,111.92,0.176,surplus,12.25,12,4
2026-01-30 12:30:00+00:00,159.9179,-1.607,deficit,12.5,12,4
2026-01-30 12:45:00+00:00,99.397,0.309,surplus,12.75,12,4
2026-01-30 13:00:00+00:00,156.431,-6.68,deficit,13.0,13,4
2026-01-30 13:15:00+00:00,157.366,-11.351,deficit,13.25,13,4
2026-01-30 13:30:00+00:00,161.766,-4.137,deficit,13.5,13,4
2026-01-30 13:45:00+00:00,169.257,-8.21,deficit,13.75,13,4
2026-01-30 14:00:00+00:00,120.423,2.719,surplus,14.0,14,4
2026-01-30 14:15:00+00:00,140.2128,3.381,surplus,14.25,14,4
2026-01-30 14:30:00+00:00,141.5979,0.42,surplus,14.5,14,4
2026-01-30 14:45:00+00:00,116.0,0.551,surplus,14.75,14,4
2026-01-30 15:00:00+00:00,172.524,-0.252,deficit,15.0,15,4
2026-01-30 15:15:00+00:00,146.4088,2.84,surplus,15.25,15,4
2026-01-30 15:30:00+00:00,147.4654,2.814,surplus,15.5,15,4
2026-01-30 15:45:00+00:00,171.71,-1.635,deficit,15.75,15,4
2026-01-30 16:00:00+00:00,92.893,4.382,surplus,16.0,16,4
2026-01-30 16:15:00+00:00,165.9848,-2.784,deficit,16.25,16,4
2026-01-30 16:30:00+00:00,169.4,-2.718,deficit,16.5,16,4
2026-01-30 16:45:00+00:00,173.679,-7.618,deficit,16.75,16,4
2026-01-30 17:00:00+00:00,169.1,-13.332,deficit,17.0,17,4
2026-01-30 17:15:00+00:00,168.5135,-4.359,deficit,17.25,17,4
2026-01-30 17:30:00+00:00,181.3,-4.177,deficit,17.5,17,4
2026-01-30 17:45:00+00:00,166.6091,-10.419,deficit,17.75,17,4
2026-01-30 18:00:00+00:00,166.8189,-3.574,deficit,18.0,18,4
2026-01-30 18:15:00+00:00,165.6008,-5.592,deficit,18.25,18,4
2026-01-30 18:30:00+00:00,165.9691,-0.486,deficit,18.5,18,4
2026-01-30 18:45:00+00:00,117.783,1.465,surplus,18.75,18,4
2026-01-30 19:00:00+00:00,113.83,0.206,surplus,19.0,19,4
2026-01-30 19:15:00+00:00,167.299,-5.303,deficit,19.25,19,4
2026-01-30 19:30:00+00:00,164.0601,-2.312,deficit,19.5,19,4
2026-01-30 19:45:00+00:00,154.1349,-0.041,deficit,19.75,19,4
2026-01-30 20:00:00+00:00,131.172,0.253,surplus,20.0,20,4
2026-01-30 20:15:00+00:00,144.056,-0.471,deficit,20.25,20,4
2026-01-30 20:30:00+00:00,136.0878,-0.7,deficit,20.5,20,4
2026-01-30 20:45:00+00:00,107.36,6.034,surplus,20.75,20,4
2026-01-30 21:00:00+00:00,272.743,-9.902,deficit,21.0,21,4
2026-01-30 21:15:00+00:00,159.225,-5.731,deficit,21.25,21,4
2026-01-30 21:30:00+00:00,150.376,-11.883,deficit,21.5,21,4
2026-01-30 21:45:00+00:00,137.353,-11.25,deficit,21.75,21,4
2026-01-30 22:00:00+00:00,130.251,-10.151,deficit,22.0,22,4
2026-01-30 22:15:00+00:00,124.542,-8.123,deficit,22.25,22,4
2026-01-30 22:30:00+00:00,118.8998,-5.885,deficit,22.5,22,4
2026-01-30 22:45:00+00:00,115.2029,-4.932,deficit,22.75,22,4
2026-01-30 23:00:00+00:00,85.043,2.852,surplus,23.0,23,4
2026-01-30 23:15:00+00:00,108.592,-1.065,deficit,23.25,23,4
2026-01-30 23:30:00+00:00,97.6,3.278,surplus,23.5,23,4
2026-01-30 23:45:00+00:00,58.738,4.606,surplus,23.75,23,4
2026-01-31 00:00:00+00:00,72.886,2.431,surplus,0.0,0,5
2026-01-31 00:15:00+00:00,59.876,7.485,surplus,0.25,0,5
2026-01-31 00:30:00+00:00,53.16,0.716,surplus,0.5,0,5
2026-01-31 00:45:00+00:00,68.711,4.828,surplus,0.75,0,5
2026-01-31 01:00:00+00:00,83.448,12.58,surplus,1.0,1,5
2026-01-31 01:15:00+00:00,91.471,9.109,surplus,1.25,1,5
2026-01-31 01:30:00+00:00,89.376,7.437,surplus,1.5,1,5
2026-01-31 01:45:00+00:00,81.644,10.214,surplus,1.75,1,5
2026-01-31 02:00:00+00:00,71.458,4.129,surplus,2.0,2,5
2026-01-31 02:15:00+00:00,71.569,3.691,surplus,2.25,2,5
2026-01-31 02:30:00+00:00,53.024,4.143,surplus,2.5,2,5
2026-01-31 02:45:00+00:00,54.419,0.185,surplus,2.75,2,5
2026-01-31 03:00:00+00:00,79.046,1.225,surplus,3.0,3,5
2026-01-31 03:15:00+00:00,107.503,-0.919,deficit,3.25,3,5
2026-01-31 03:30:00+00:00,41.267,1.455,surplus,3.5,3,5
2026-01-31 03:45:00+00:00,64.638,0.154,surplus,3.75,3,5
2026-01-31 04:00:00+00:00,59.229,1.567,surplus,4.0,4,5
2026-01-31 04:15:00+00:00,-4.467,5.058,surplus,4.25,4,5
2026-01-31 04:30:00+00:00,64.826,1.666,surplus,4.5,4,5
2026-01-31 04:45:00+00:00,87.757,6.728,surplus,4.75,4,5
2026-01-31 05:00:00+00:00,16.598,7.946,surplus,5.0,5,5
2026-01-31 05:15:00+00:00,69.042,9.085,surplus,5.25,5,5
2026-01-31 05:30:00+00:00,52.076,11.927,surplus,5.5,5,5
2026-01-31 05:45:00+00:00,51.273,10.593,surplus,5.75,5,5
2026-01-31 06:00:00+00:00,46.463,2.877,surplus,6.0,6,5
2026-01-31 06:15:00+00:00,90.447,0.525,surplus,6.25,6,5
2026-01-31 06:30:00+00:00,65.913,3.265,surplus,6.5,6,5
2026-01-31 06:45:00+00:00,79.5,1.38,surplus,6.75,6,5
2026-01-31 07:00:00+00:00,96.674,12.21,surplus,7.0,7,5
2026-01-31 07:15:00+00:00,88.501,13.127,surplus,7.25,7,5
2026-01-31 07:30:00+00:00,102.078,11.256,surplus,7.5,7,5
2026-01-31 07:45:00+00:00,104.711,4.801,surplus,7.75,7,5
2026-01-31 08:00:00+00:00,138.677,-0.733,deficit,8.0,8,5
2026-01-31 08:15:00+00:00,137.687,-3.205,deficit,8.25,8,5
2026-01-31 08:30:00+00:00,138.787,-3.957,deficit,8.5,8,5
2026-01-31 08:45:00+00:00,85.595,5.514,surplus,8.75,8,5
2026-01-31 09:00:00+00:00,104.29,15.021,surplus,9.0,9,5
2026-01-31 09:15:00+00:00,115.219,19.991,surplus,9.25,9,5
2026-01-31 09:30:00+00:00,103.032,18.163,surplus,9.5,9,5
2026-01-31 09:45:00+00:00,83.974,19.496,surplus,9.75,9,5
2026-01-31 10:00:00+00:00,105.861,23.621,surplus,10.0,10,5
2026-01-31 10:15:00+00:00,95.67,25.44,surplus,10.25,10,5
2026-01-31 10:30:00+00:00,104.382,16.294,surplus,10.5,10,5
2026-01-31 10:45:00+00:00,101.302,15.064,surplus,10.75,10,5
2026-01-31 11:00:00+00:00,102.084,4.78,surplus,11.0,11,5
2026-01-31 11:15:00+00:00,129.437,-0.07,deficit,11.25,11,5
2026-01-31 11:30:00+00:00,123.354,-9.947,deficit,11.5,11,5
2026-01-31 11:45:00+00:00,121.8847,-6.515,deficit,11.75,11,5
2026-01-31 12:00:00+00:00,100.096,4.95,surplus,12.0,12,5
2026-01-31 12:15:00+00:00,84.071,9.121,surplus,12.25,12,5
2026-01-31 12:30:00+00:00,89.088,3.365,surplus,12.5,12,5
2026-01-31 12:45:00+00:00,96.487,7.11,surplus,12.75,12,5
2026-01-31 13:00:00+00:00,91.876,9.609,surplus,13.0,13,5
2026-01-31 13:15:00+00:00,82.863,15.219,surplus,13.25,13,5
2026-01-31 13:30:00+00:00,98.594,19.737,surplus,13.5,13,5
2026-01-31 13:45:00+00:00,87.181,12.87,surplus,13.75,13,5
2026-01-31 14:00:00+00:00,88.862,4.42,surplus,14.0,14,5
2026-01-31 14:15:00+00:00,102.587,2.01,surplus,14.25,14,5
2026-01-31 14:30:00+00:00,111.725,0.469,surplus,14.5,14,5
2026-01-31 14:45:00+00:00,139.2599,-3.293,deficit,14.75,14,5
2026-01-31 15:00:00+00:00,132.1002,-3.726,deficit,15.0,15,5
2026-01-31 15:15:00+00:00,139.48,-4.865,deficit,15.25,15,5
2026-01-31 15:30:00+00:00,144.738,-2.578,deficit,15.5,15,5
2026-01-31 15:45:00+00:00,153.274,-2.059,deficit,15.75,15,5
2026-01-31 16:00:00+00:00,150.92,-1.357,deficit,16.0,16,5
2026-01-31 16:15:00+00:00,47.452,1.14,surplus,16.25,16,5
2026-01-31 16:30:00+00:00,93.968,0.654,surplus,16.5,16,5
2026-01-31 16:45:00+00:00,91.73,1.635,surplus,16.75,16,5
2026-01-31 17:00:00+00:00,107.082,4.348,surplus,17.0,17,5
2026-01-31 17:15:00+00:00,126.4615,7.136,surplus,17.25,17,5
2026-01-31 17:30:00+00:00,101.062,5.158,surplus,17.5,17,5
2026-01-31 17:45:00+00:00,105.51,2.491,surplus,17.75,17,5
2026-01-31 18:00:00+00:00,95.735,12.793,surplus,18.0,18,5
2026-01-31 18:15:00+00:00,99.56,9.732,surplus,18.25,18,5
2026-01-31 18:30:00+00:00,105.571,12.53,surplus,18.5,18,5
2026-01-31 18:45:00+00:00,85.64,16.469,surplus,18.75,18,5
2026-01-31 19:00:00+00:00,116.523,10.961,surplus,19.0,19,5
2026-01-31 19:15:00+00:00,88.933,5.049,surplus,19.25,19,5
2026-01-31 19:30:00+00:00,95.602,9.166,surplus,19.5,19,5
2026-01-31 19:45:00+00:00,96.073,13.449,surplus,19.75,19,5
2026-01-31 20:00:00+00:00,88.644,12.22,surplus,20.0,20,5
2026-01-31 20:15:00+00:00,90.479,8.814,surplus,20.25,20,5
2026-01-31 20:30:00+00:00,98.134,8.792,surplus,20.5,20,5
2026-01-31 20:45:00+00:00,91.359,2.4,surplus,20.75,20,5
2026-01-31 21:00:00+00:00,141.682,-6.752,deficit,21.0,21,5
2026-01-31 21:15:00+00:00,136.591,-4.076,deficit,21.25,21,5
2026-01-31 21:30:00+00:00,129.217,-3.887,deficit,21.5,21,5
2026-01-31 21:45:00+00:00,117.513,-2.429,deficit,21.75,21,5
2026-01-31 22:00:00+00:00,121.286,-6.281,deficit,22.0,22,5
2026-01-31 22:15:00+00:00,120.593,-2.193,deficit,22.25,22,5
2026-01-31 22:30:00+00:00,116.974,-6.656,deficit,22.5,22,5
2026-01-31 22:45:00+00:00,78.895,0.185,surplus,22.75,22,5
2026-01-31 23:00:00+00:00,119.922,-2.545,deficit,23.0,23,5
2026-01-31 23:15:00+00:00,101.02,6.106,surplus,23.25,23,5
2026-01-31 23:30:00+00:00,128.495,-0.112,deficit,23.5,23,5
2026-01-31 23:45:00+00:00,131.41,-3.552,deficit,23.75,23,5
2026-02-01 00:00:00+00:00,153.017,-4.654,deficit,0.0,0,6
2026-02-01 00:15:00+00:00,97.5142,4.672,surplus,0.25,0,6
2026-02-01 00:30:00+00:00,127.697,-0.686,deficit,0.5,0,6
2026-02-01 00:45:00+00:00,107.2656,-2.962,deficit,0.75,0,6
2026-02-01 01:00:00+00:00,111.045,-2.601,deficit,1.0,1,6
2026-02-01 01:15:00+00:00,109.5538,-0.422,deficit,1.25,1,6
2026-02-01 01:30:00+00:00,109.329,-0.9,deficit,1.5,1,6
2026-02-01 01:45:00+00:00,96.321,6.82,surplus,1.75,1,6
2026-02-01 02:00:00+00:00,93.64,0.751,surplus,2.0,2,6
2026-02-01 02:15:00+00:00,161.523,-1.852,deficit,2.25,2,6
2026-02-01 02:30:00+00:00,122.19,-2.076,deficit,2.5,2,6
2026-02-01 02:45:00+00:00,108.614,-1.476,deficit,2.75,2,6
2026-02-01 03:00:00+00:00,111.5903,-1.253,deficit,3.0,3,6
2026-02-01 03:15:00+00:00,112.43,-1.21,deficit,3.25,3,6
2026-02-01 03:30:00+00:00,94.775,1.709,surplus,3.5,3,6
2026-02-01 03:45:00+00:00,111.5903,-1.955,deficit,3.75,3,6
2026-02-01 04:00:00+00:00,96.688,3.411,surplus,4.0,4,6
2026-02-01 04:15:00+00:00,95.41,2.043,surplus,4.25,4,6
2026-02-01 04:30:00+00:00,90.924,9.699,surplus,4.5,4,6
2026-02-01 04:45:00+00:00,84.283,13.161,surplus,4.75,4,6
2026-02-01 05:00:00+00:00,89.098,16.756,surplus,5.0,5,6
2026-02-01 05:15:00+00:00,96.68,5.326,surplus,5.25,5,6
2026-02-01 05:30:00+00:00,96.13,4.777,surplus,5.5,5,6
2026-02-01 05:45:00+00:00,99.8774,10.119,surplus,5.75,5,6
2026-02-01 06:00:00+00:00,90.678,16.918,surplus,6.0,6,6
2026-02-01 06:15:00+00:00,92.628,18.233,surplus,6.25,6,6
2026-02-01 06:30:00+00:00,79.576,15.954,surplus,6.5,6,6
2026-02-01 06:45:00+00:00,77.246,14.548,surplus,6.75,6,6
2026-02-01 07:00:00+00:00,92.59,16.189,surplus,7.0,7,6
2026-02-01 07:15:00+00:00,90.854,21.303,surplus,7.25,7,6
2026-02-01 07:30:00+00:00,82.821,18.138,surplus,7.5,7,6
2026-02-01 07:45:00+00:00,89.627,20.1,surplus,7.75,7,6
2026-02-01 08:00:00+00:00,82.198,3.085,surplus,8.0,8,6
2026-02-01 08:15:00+00:00,65.346,0.539,surplus,8.25,8,6
2026-02-01 08:30:00+00:00,120.615,-8.094,deficit,8.5,8,6
2026-02-01 08:45:00+00:00,128.232,-4.443,deficit,8.75,8,6
2026-02-01 09:00:00+00:00,144.779,-9.373,deficit,9.0,9,6
2026-02-01 09:15:00+00:00,121.638,-4.164,deficit,9.25,9,6
2026-02-01 09:30:00+00:00,120.736,-9.835,deficit,9.5,9,6
2026-02-01 09:45:00+00:00,118.701,-14.542,deficit,9.75,9,6
2026-02-01 10:00:00+00:00,127.4577,-13.478,deficit,10.0,10,6
2026-02-01 10:15:00+00:00,124.7003,-2.256,deficit,10.25,10,6
2026-02-01 10:30:00+00:00,121.396,-5.446,deficit,10.5,10,6
2026-02-01 10:45:00+00:00,89.215,3.143,surplus,10.75,10,6
2026-02-01 11:00:00+00:00,96.537,3.589,surplus,11.0,11,6
2026-02-01 11:15:00+00:00,105.9681,2.032,surplus,11.25,11,6
2026-02-01 11:30:00+00:00,118.712,-3.797,deficit,11.5,11,6
2026-02-01 11:45:00+00:00,158.321,-9.488,deficit,11.75,11,6
2026-02-01 12:00:00+00:00,113.091,-13.753,deficit,12.0,12,6
2026-02-01 12:15:00+00:00,111.518,-6.2,deficit,12.25,12,6
2026-02-01 12:30:00+00:00,114.0146,-8.882,deficit,12.5,12,6
2026-02-01 12:45:00+00:00,112.344,-4.535,deficit,12.75,12,6
2026-02-01 13:00:00+00:00,113.2796,-1.289,deficit,13.0,13,6
2026-02-01 13:15:00+00:00,121.1099,-8.799,deficit,13.25,13,6
2026-02-01 13:30:00+00:00,115.298,-5.597,deficit,13.5,13,6
2026-02-01 13:45:00+00:00,119.1,-1.559,deficit,13.75,13,6
2026-02-01 14:00:00+00:00,126.057,-3.802,deficit,14.0,14,6
2026-02-01 14:15:00+00:00,121.1911,-6.149,deficit,14.25,14,6
2026-02-01 14:30:00+00:00,130.4897,-15.98,deficit,14.5,14,6
2026-02-01 14:45:00+00:00,112.756,6.354,surplus,14.75,14,6
2026-02-01 15:00:00+00:00,94.929,6.633,surplus,15.0,15,6
2026-02-01 15:15:00+00:00,90.268,2.944,surplus,15.25,15,6
2026-02-01 15:30:00+00:00,63.083,4.01,surplus,15.5,15,6
2026-02-01 15:45:00+00:00,91.938,10.885,surplus,15.75,15,6
2026-02-01 16:00:00+00:00,124.58,0.265,surplus,16.0,16,6
2026-02-01 16:15:00+00:00,127.22,2.578,surplus,16.25,16,6
2026-02-01 16:30:00+00:00,133.6,1.096,surplus,16.5,16,6
2026-02-01 16:45:00+00:00,108.538,4.357,surplus,16.75,16,6
2026-02-01 17:00:00+00:00,120.251,2.637,surplus,17.0,17,6
2026-02-01 17:15:00+00:00,102.014,0.321,surplus,17.25,17,6
2026-02-01 17:30:00+00:00,161.032,-1.473,deficit,17.5,17,6
2026-02-01 17:45:00+00:00,159.3106,-1.646,deficit,17.75,17,6
2026-02-01 18:00:00+00:00,116.698,2.805,surplus,18.0,18,6
2026-02-01 18:15:00+00:00,137.5134,1.796,surplus,18.25,18,6
2026-02-01 18:30:00+00:00,94.348,1.487,surplus,18.5,18,6
2026-02-01 18:45:00+00:00,115.948,3.006,surplus,18.75,18,6
2026-02-01 19:00:00+00:00,127.7898,4.401,surplus,19.0,19,6
2026-02-01 19:15:00+00:00,117.489,4.754,surplus,19.25,19,6
2026-02-01 19:30:00+00:00,99.757,3.625,surplus,19.5,19,6
2026-02-01 19:45:00+00:00,103.346,2.155,surplus,19.75,19,6
2026-02-01 20:00:00+00:00,122.15,6.248,surplus,20.0,20,6
2026-02-01 20:15:00+00:00,116.444,4.492,surplus,20.25,20,6
2026-02-01 20:30:00+00:00,80.415,1.758,surplus,20.5,20,6
2026-02-01 20:45:00+00:00,87.274,9.329,surplus,20.75,20,6
2026-02-01 21:00:00+00:00,146.621,-0.594,deficit,21.0,21,6
2026-02-01 21:15:00+00:00,139.0084,-6.189,deficit,21.25,21,6
2026-02-01 21:30:00+00:00,136.7562,-6.081,deficit,21.5,21,6
2026-02-01 21:45:00+00:00,131.3841,-1.109,deficit,21.75,21,6
2026-02-01 22:00:00+00:00,91.48,8.844,surplus,22.0,22,6
2026-02-01 22:15:00+00:00,74.286,8.601,surplus,22.25,22,6
2026-02-01 22:30:00+00:00,97.528,11.778,surplus,22.5,22,6
2026-02-01 22:45:00+00:00,82.258,21.952,surplus,22.75,22,6
2026-02-01 23:00:00+00:00,58.191,0.81,surplus,23.0,23,6
2026-02-01 23:15:00+00:00,118.7167,-7.492,deficit,23.25,23,6
2026-02-01 23:30:00+00:00,128.36,-6.565,deficit,23.5,23,6
2026-02-01 23:45:00+00:00,118.7167,-4.735,deficit,23.75,23,6
2026-02-02 00:00:00+00:00,117.422,-15.345,deficit,0.0,0,0
2026-02-02 00:15:00+00:00,116.6903,-10.264,deficit,0.25,0,0
2026-02-02 00:30:00+00:00,124.624,-5.791,deficit,0.5,0,0
2026-02-02 00:45:00+00:00,120.728,-5.937,deficit,0.75,0,0
2026-02-02 01:00:00+00:00,114.3796,-7.928,deficit,1.0,1,0
2026-02-02 01:15:00+00:00,114.3796,-7.512,deficit,1.25,1,0
2026-02-02 01:30:00+00:00,123.028,-4.408,deficit,1.5,1,0
2026-02-02 01:45:00+00:00,114.3796,-8.014,deficit,1.75,1,0
2026-02-02 02:00:00+00:00,127.452,-8.052,deficit,2.0,2,0
2026-02-02 02:15:00+00:00,129.338,-7.771,deficit,2.25,2,0
2026-02-02 02:30:00+00:00,126.139,-8.492,deficit,2.5,2,0
2026-02-02 02:45:00+00:00,116.28,-8.165,deficit,2.75,2,0
2026-02-02 03:00:00+00:00,116.5818,-7.278,deficit,3.0,3,0
2026-02-02 03:15:00+00:00,117.966,-4.587,deficit,3.25,3,0
2026-02-02 03:30:00+00:00,116.5818,-2.184,deficit,3.5,3,0
2026-02-02 03:45:00+00:00,55.607,1.691,surplus,3.75,3,0
2026-02-02 04:00:00+00:00,87.631,5.153,surplus,4.0,4,0
2026-02-02 04:15:00+00:00,81.832,12.602,surplus,4.25,4,0
2026-02-02 04:30:00+00:00,107.891,15.502,surplus,4.5,4,0
2026-02-02 04:45:00+00:00,115.7795,16.171,surplus,4.75,4,0
2026-02-02 05:00:00+00:00,85.454,16.479,surplus,5.0,5,0
2026-02-02 05:15:00+00:00,80.585,13.052,surplus,5.25,5,0
2026-02-02 05:30:00+00:00,64.02,3.22,surplus,5.5,5,0
2026-02-02 05:45:00+00:00,261.3902,-0.504,deficit,5.75,5,0
2026-02-02 06:00:00+00:00,59.987,23.602,surplus,6.0,6,0
2026-02-02 06:15:00+00:00,70.499,24.764,surplus,6.25,6,0
2026-02-02 06:30:00+00:00,70.502,9.003,surplus,6.5,6,0
2026-02-02 06:45:00+00:00,70.495,4.139,surplus,6.75,6,0
2026-02-02 07:00:00+00:00,62.792,16.458,surplus,7.0,7,0
2026-02-02 07:15:00+00:00,70.499,8.734,surplus,7.25,7,0
2026-02-02 07:30:00+00:00,70.502,2.952,surplus,7.5,7,0
2026-02-02 07:45:00+00:00,70.488,1.079,surplus,7.75,7,0
2026-02-02 08:00:00+00:00,188.9345,-11.176,deficit,8.0,8,0
2026-02-02 08:15:00+00:00,197.8761,-7.55,deficit,8.25,8,0
2026-02-02 08:30:00+00:00,191.9258,-8.894,deficit,8.5,8,0
2026-02-02 08:45:00+00:00,210.294,-3.451,deficit,8.75,8,0
2026-02-02 09:00:00+00:00,177.4362,-3.229,deficit,9.0,9,0
2026-02-02 09:15:00+00:00,180.1796,-4.226,deficit,9.25,9,0
2026-02-02 09:30:00+00:00,180.8629,-13.353,deficit,9.5,9,0
2026-02-02 09:45:00+00:00,181.1858,-4.918,deficit,9.75,9,0
2026-02-02 10:00:00+00:00,176.3257,-17.793,deficit,10.0,10,0
2026-02-02 10:15:00+00:00,180.8581,-11.68,deficit,10.25,10,0
2026-02-02 10:30:00+00:00,178.5505,-16.001,deficit,10.5,10,0
2026-02-02 10:45:00+00:00,236.676,-15.137,deficit,10.75,10,0
2026-02-02 11:00:00+00:00,166.0716,-9.002,deficit,11.0,11,0
2026-02-02 11:15:00+00:00,168.1582,-13.803,deficit,11.25,11,0
2026-02-02 11:30:00+00:00,164.5413,-12.314,deficit,11.5,11,0
2026-02-02 11:45:00+00:00,170.0943,-12.684,deficit,11.75,11,0
2026-02-02 12:00:00+00:00,171.0992,-10.566,deficit,12.0,12,0
2026-02-02 12:15:00+00:00,167.8238,-13.783,deficit,12.25,12,0
2026-02-02 12:30:00+00:00,166.3234,-5.338,deficit,12.5,12,0
2026-02-02 12:45:00+00:00,166.6928,-3.683,deficit,12.75,12,0
2026-02-02 13:00:00+00:00,191.8202,-4.998,deficit,13.0,13,0
2026-02-02 13:15:00+00:00,196.5569,-1.174,deficit,13.25,13,0
2026-02-02 13:30:00+00:00,190.5264,-1.856,deficit,13.5,13,0
2026-02-02 13:45:00+00:00,220.5289,-8.687,deficit,13.75,13,0
2026-02-02 14:00:00+00:00,274.0088,-23.579,deficit,14.0,14,0
2026-02-02 14:15:00+00:00,278.8126,-27.362,deficit,14.25,14,0
2026-02-02 14:30:00+00:00,304.9881,-11.818,deficit,14.5,14,0
2026-02-02 14:45:00+00:00,299.7769,-9.386,deficit,14.75,14,0
2026-02-02 15:00:00+00:00,245.3178,-11.718,deficit,15.0,15,0
2026-02-02 15:15:00+00:00,270.5629,-27.779,deficit,15.25,15,0
2026-02-02 15:30:00+00:00,278.8981,-31.302,deficit,15.5,15,0
2026-02-02 15:45:00+00:00,290.6195,-20.474,deficit,15.75,15,0
2026-02-02 16:00:00+00:00,278.2525,-9.809,deficit,16.0,16,0
2026-02-02 16:15:00+00:00,281.0515,-12.826,deficit,16.25,16,0
2026-02-02 16:30:00+00:00,269.2408,-8.156,deficit,16.5,16,0
2026-02-02 16:45:00+00:00,269.2408,-0.382,deficit,16.75,16,0
2026-02-02 17:00:00+00:00,233.1235,-0.341,deficit,17.0,17,0
2026-02-02 17:15:00+00:00,117.368,1.669,surplus,17.25,17,0
2026-02-02 17:30:00+00:00,233.1235,-2.148,deficit,17.5,17,0
2026-02-02 17:45:00+00:00,138.1,0.343,surplus,17.75,17,0
2026-02-02 18:00:00+00:00,255.0794,-7.399,deficit,18.0,18,0
2026-02-02 18:15:00+00:00,254.5067,-4.261,deficit,18.25,18,0
2026-02-02 18:30:00+00:00,251.4779,-4.016,deficit,18.5,18,0
2026-02-02 18:45:00+00:00,108.412,1.565,surplus,18.75,18,0
2026-02-02 19:00:00+00:00,232.1732,-2.248,deficit,19.0,19,0
2026-02-02 19:15:00+00:00,228.9668,-3.912,deficit,19.25,19,0
2026-02-02 19:30:00+00:00,223.7124,-6.282,deficit,19.5,19,0
2026-02-02 19:45:00+00:00,219.573,-6.383,deficit,19.75,19,0
2026-02-02 20:00:00+00:00,104.1,2.415,surplus,20.0,20,0
2026-02-02 20:15:00+00:00,143.6304,-6.862,deficit,20.25,20,0
2026-02-02 20:30:00+00:00,173.617,-6.134,deficit,20.5,20,0
2026-02-02 20:45:00+00:00,137.0156,-1.542,deficit,20.75,20,0
2026-02-02 21:00:00+00:00,129.1909,-10.5,deficit,21.0,21,0
2026-02-02 21:15:00+00:00,126.8201,-12.631,deficit,21.25,21,0
2026-02-02 21:30:00+00:00,123.4544,-10.267,deficit,21.5,21,0
2026-02-02 21:45:00+00:00,121.5671,-6.608,deficit,21.75,21,0
2026-02-02 22:00:00+00:00,126.8211,-4.278,deficit,22.0,22,0
2026-02-02 22:15:00+00:00,120.0928,-1.876,deficit,22.25,22,0
2026-02-02 22:30:00+00:00,90.103,1.377,surplus,22.5,22,0
2026-02-02 22:45:00+00:00,94.11,2.913,surplus,22.75,22,0
2026-02-02 23:00:00+00:00,86.207,5.316,surplus,23.0,23,0
2026-02-02 23:15:00+00:00,83.701,6.764,surplus,23.25,23,0
2026-02-02 23:30:00+00:00,96.016,5.438,surplus,23.5,23,0
2026-02-02 23:45:00+00:00,97.38,5.882,surplus,23.75,23,0
2026-02-03 00:00:00+00:00,96.7243,8.634,surplus,0.0,0,1
2026-02-03 00:15:00+00:00,95.075,9.679,surplus,0.25,0,1
2026-02-03 00:30:00+00:00,78.776,15.176,surplus,0.5,0,1
2026-02-03 00:45:00+00:00,89.685,12.592,surplus,0.75,0,1
2026-02-03 01:00:00+00:00,90.5452,9.964,surplus,1.0,1,1
2026-02-03 01:15:00+00:00,62.371,12.121,surplus,1.25,1,1
2026-02-03 01:30:00+00:00,90.5452,11.346,surplus,1.5,1,1
2026-02-03 01:45:00+00:00,90.5452,9.28,surplus,1.75,1,1
2026-02-03 02:00:00+00:00,84.7395,6.533,surplus,2.0,2,1
2026-02-03 02:15:00+00:00,49.548,7.878,surplus,2.25,2,1
2026-02-03 02:30:00+00:00,84.7395,2.625,surplus,2.5,2,1
2026-02-03 02:45:00+00:00,84.7395,1.958,surplus,2.75,2,1
2026-02-03 03:00:00+00:00,86.0119,0.698,surplus,3.0,3,1
2026-02-03 03:15:00+00:00,106.667,-2.248,deficit,3.25,3,1
2026-02-03 03:30:00+00:00,128.795,-6.236,deficit,3.5,3,1
2026-02-03 03:45:00+00:00,122.371,-7.0,deficit,3.75,3,1
2026-02-03 04:00:00+00:00,115.0578,-4.25,deficit,4.0,4,1
2026-02-03 04:15:00+00:00,115.445,-6.794,deficit,4.25,4,1
2026-02-03 04:30:00+00:00,117.9311,-2.417,deficit,4.5,4,1
2026-02-03 04:45:00+00:00,122.3596,-2.031,deficit,4.75,4,1
2026-02-03 05:00:00+00:00,134.826,-1.212,deficit,5.0,5,1
2026-02-03 05:15:00+00:00,146.097,-3.077,deficit,5.25,5,1
2026-02-03 05:30:00+00:00,156.796,-5.354,deficit,5.5,5,1
2026-02-03 05:45:00+00:00,409.157,-8.026,deficit,5.75,5,1
2026-02-03 06:00:00+00:00,88.771,3.035,surplus,6.0,6,1
2026-02-03 06:15:00+00:00,241.1128,-3.189,deficit,6.25,6,1
2026-02-03 06:30:00+00:00,241.1128,-4.396,deficit,6.5,6,1
2026-02-03 06:45:00+00:00,241.1128,-7.596,deficit,6.75,6,1
2026-02-03 07:00:00+00:00,178.168,0.67,surplus,7.0,7,1
2026-02-03 07:15:00+00:00,241.806,-7.239,deficit,7.25,7,1
2026-02-03 07:30:00+00:00,236.8131,-7.124,deficit,7.5,7,1
2026-02-03 07:45:00+00:00,233.0973,-2.833,deficit,7.75,7,1
2026-02-03 08:00:00+00:00,205.9755,-8.539,deficit,8.0,8,1
2026-02-03 08:15:00+00:00,204.322,-0.054,deficit,8.25,8,1
2026-02-03 08:30:00+00:00,366.647,-7.555,deficit,8.5,8,1
2026-02-03 08:45:00+00:00,262.445,-7.611,deficit,8.75,8,1
2026-02-03 09:00:00+00:00,665.561,-25.687,deficit,9.0,9,1
2026-02-03 09:15:00+00:00,204.8238,-4.575,deficit,9.25,9,1
2026-02-03 09:30:00+00:00,208.0023,-5.881,deficit,9.5,9,1
2026-02-03 09:45:00+00:00,128.89,4.528,surplus,9.75,9,1
2026-02-03 10:00:00+00:00,62.269,10.378,surplus,10.0,10,1
2026-02-03 10:15:00+00:00,62.043,8.515,surplus,10.25,10,1
2026-02-03 10:30:00+00:00,85.777,12.162,surplus,10.5,10,1
2026-02-03 10:45:00+00:00,114.463,12.908,surplus,10.75,10,1
2026-02-03 11:00:00+00:00,128.01,6.979,surplus,11.0,11,1
2026-02-03 11:15:00+00:00,179.7604,-3.217,deficit,11.25,11,1
2026-02-03 11:30:00+00:00,178.3291,-0.211,deficit,11.5,11,1
2026-02-03 11:45:00+00:00,179.0056,-1.376,deficit,11.75,11,1
2026-02-03 12:00:00+00:00,167.7229,-5.116,deficit,12.0,12,1
2026-02-03 12:15:00+00:00,168.1395,-17.412,deficit,12.25,12,1
2026-02-03 12:30:00+00:00,186.065,-9.218,deficit,12.5,12,1
2026-02-03 12:45:00+00:00,198.8414,-22.221,deficit,12.75,12,1
2026-02-03 13:00:00+00:00,177.7793,-2.114,deficit,13.0,13,1
2026-02-03 13:15:00+00:00,178.1858,-0.358,deficit,13.25,13,1
2026-02-03 13:30:00+00:00,183.0422,-1.304,deficit,13.5,13,1
2026-02-03 13:45:00+00:00,203.3914,-3.578,deficit,13.75,13,1
2026-02-03 14:00:00+00:00,186.4555,-2.761,deficit,14.0,14,1
2026-02-03 14:15:00+00:00,198.6841,-9.345,deficit,14.25,14,1
2026-02-03 14:30:00+00:00,206.4019,-14.265,deficit,14.5,14,1
2026-02-03 14:45:00+00:00,207.9025,-14.375,deficit,14.75,14,1
2026-02-03 15:00:00+00:00,175.1033,-14.152,deficit,15.0,15,1
2026-02-03 15:15:00+00:00,173.6725,-7.045,deficit,15.25,15,1
2026-02-03 15:30:00+00:00,173.6725,-1.794,deficit,15.5,15,1
2026-02-03 15:45:00+00:00,174.98,-0.937,deficit,15.75,15,1
2026-02-03 16:00:00+00:00,173.8868,-4.194,deficit,16.0,16,1
2026-02-03 16:15:00+00:00,173.8868,-11.515,deficit,16.25,16,1
2026-02-03 16:30:00+00:00,173.8868,-10.449,deficit,16.5,16,1
2026-02-03 16:45:00+00:00,170.0325,-1.75,deficit,16.75,16,1
2026-02-03 17:00:00+00:00,114.221,2.513,surplus,17.0,17,1
2026-02-03 17:15:00+00:00,76.963,1.659,surplus,17.25,17,1
2026-02-03 17:30:00+00:00,86.061,0.659,surplus,17.5,17,1
2026-02-03 17:45:00+00:00,165.4909,-2.598,deficit,17.75,17,1
2026-02-03 18:00:00+00:00,174.1119,-6.598,deficit,18.0,18,1
2026-02-03 18:15:00+00:00,175.3018,-4.241,deficit,18.25,18,1
2026-02-03 18:30:00+00:00,174.5727,-3.47,deficit,18.5,18,1
2026-02-03 18:45:00+00:00,101.657,3.607,surplus,18.75,18,1
2026-02-03 19:00:00+00:00,140.547,-9.061,deficit,19.0,19,1
2026-02-03 19:15:00+00:00,144.243,-10.051,deficit,19.25,19,1
2026-02-03 19:30:00+00:00,136.279,-3.489,deficit,19.5,19,1
2026-02-03 19:45:00+00:00,123.915,-8.181,deficit,19.75,19,1
2026-02-03 20:00:00+00:00,147.9275,-1.508,deficit,20.0,20,1
2026-02-03 20:15:00+00:00,158.377,-0.153,deficit,20.25,20,1
2026-02-03 20:30:00+00:00,156.859,-1.481,deficit,20.5,20,1
2026-02-03 20:45:00+00:00,56.889,0.747,surplus,20.75,20,1
2026-02-03 21:00:00+00:00,131.274,-7.96,deficit,21.0,21,1
2026-02-03 21:15:00+00:00,127.02,-10.138,deficit,21.25,21,1
2026-02-03 21:30:00+00:00,116.446,-8.502,deficit,21.5,21,1
2026-02-03 21:45:00+00:00,123.4031,-2.036,deficit,21.75,21,1
2026-02-03 22:00:00+00:00,91.566,1.668,surplus,22.0,22,1
2026-02-03 22:15:00+00:00,104.649,4.82,surplus,22.25,22,1
2026-02-03 22:30:00+00:00,93.694,1.603,surplus,22.5,22,1
2026-02-03 22:45:00+00:00,107.4808,-4.573,deficit,22.75,22,1
2026-02-03 23:00:00+00:00,114.279,-4.082,deficit,23.0,23,1
2026-02-03 23:15:00+00:00,113.3,-1.12,deficit,23.25,23,1
2026-02-03 23:30:00+00:00,113.355,-3.844,deficit,23.5,23,1
2026-02-03 23:45:00+00:00,95.957,10.465,surplus,23.75,23,1
2026-02-04 00:00:00+00:00,96.6785,6.553,surplus,0.0,0,2
2026-02-04 00:15:00+00:00,92.018,5.346,surplus,0.25,0,2
2026-02-04 00:30:00+00:00,81.624,2.381,surplus,0.5,0,2
2026-02-04 00:45:00+00:00,65.617,5.909,surplus,0.75,0,2
2026-02-04 01:00:00+00:00,117.832,-4.702,deficit,1.0,1,2
2026-02-04 01:15:00+00:00,113.454,-2.621,deficit,1.25,1,2
2026-02-04 01:30:00+00:00,98.107,1.041,surplus,1.5,1,2
2026-02-04 01:45:00+00:00,109.219,-0.086,deficit,1.75,1,2
2026-02-04 02:00:00+00:00,110.638,-1.237,deficit,2.0,2,2
2026-02-04 02:15:00+00:00,78.146,0.731,surplus,2.25,2,2
2026-02-04 02:30:00+00:00,88.689,5.398,surplus,2.5,2,2
2026-02-04 02:45:00+00:00,79.371,0.349,surplus,2.75,2,2
2026-02-04 03:00:00+00:00,97.9529,1.63,surplus,3.0,3,2
2026-02-04 03:15:00+00:00,97.9529,3.318,surplus,3.25,3,2
2026-02-04 03:30:00+00:00,88.977,3.522,surplus,3.5,3,2
2026-02-04 03:45:00+00:00,87.718,3.492,surplus,3.75,3,2
2026-02-04 04:00:00+00:00,93.996,7.703,surplus,4.0,4,2
2026-02-04 04:15:00+00:00,10.762,8.703,surplus,4.25,4,2
2026-02-04 04:30:00+00:00,118.635,-1.548,deficit,4.5,4,2
2026-02-04 04:45:00+00:00,89.461,5.712,surplus,4.75,4,2
2026-02-04 05:00:00+00:00,92.542,1.571,surplus,5.0,5,2
2026-02-04 05:15:00+00:00,55.945,5.694,surplus,5.25,5,2
2026-02-04 05:30:00+00:00,140.635,-5.526,deficit,5.5,5,2
2026-02-04 05:45:00+00:00,153.395,-3.098,deficit,5.75,5,2
2026-02-04 06:00:00+00:00,147.642,-3.008,deficit,6.0,6,2
2026-02-04 06:15:00+00:00,164.714,-8.377,deficit,6.25,6,2
2026-02-04 06:30:00+00:00,167.123,-4.894,deficit,6.5,6,2
2026-02-04 06:45:00+00:00,176.165,-3.061,deficit,6.75,6,2
2026-02-04 07:00:00+00:00,110.3,1.329,surplus,7.0,7,2
2026-02-04 07:15:00+00:00,170.489,-2.391,deficit,7.25,7,2
2026-02-04 07:30:00+00:00,97.354,1.034,surplus,7.5,7,2
2026-02-04 07:45:00+00:00,118.428,1.951,surplus,7.75,7,2
2026-02-04 08:00:00+00:00,48.281,0.43,surplus,8.0,8,2
2026-02-04 08:15:00+00:00,98.51,6.792,surplus,8.25,8,2
2026-02-04 08:30:00+00:00,114.726,7.531,surplus,8.5,8,2
2026-02-04 08:45:00+00:00,101.001,6.237,surplus,8.75,8,2
2026-02-04 09:00:00+00:00,100.513,13.028,surplus,9.0,9,2
2026-02-04 09:15:00+00:00,91.123,19.664,surplus,9.25,9,2
2026-02-04 09:30:00+00:00,135.242,17.692,surplus,9.5,9,2
2026-02-04 09:45:00+00:00,104.829,15.856,surplus,9.75,9,2
2026-02-04 10:00:00+00:00,21.528,19.642,surplus,10.0,10,2
2026-02-04 10:15:00+00:00,21.453,17.379,surplus,10.25,10,2
2026-02-04 10:30:00+00:00,30.952,13.548,surplus,10.5,10,2
2026-02-04 10:45:00+00:00,2.65,18.348,surplus,10.75,10,2
2026-02-04 11:00:00+00:00,93.302,13.487,surplus,11.0,11,2
2026-02-04 11:15:00+00:00,66.205,12.776,surplus,11.25,11,2
2026-02-04 11:30:00+00:00,61.492,9.332,surplus,11.5,11,2
2026-02-04 11:45:00+00:00,89.117,10.318,surplus,11.75,11,2
2026-02-04 12:00:00+00:00,89.537,10.073,surplus,12.0,12,2
2026-02-04 12:15:00+00:00,100.737,10.063,surplus,12.25,12,2
2026-02-04 12:30:00+00:00,96.42,8.443,surplus,12.5,12,2
2026-02-04 12:45:00+00:00,75.215,4.251,surplus,12.75,12,2
2026-02-04 13:00:00+00:00,168.091,-3.657,deficit,13.0,13,2
2026-02-04 13:15:00+00:00,175.318,-2.917,deficit,13.25,13,2
2026-02-04 13:30:00+00:00,176.858,-2.93,deficit,13.5,13,2
2026-02-04 13:45:00+00:00,171.501,-4.793,deficit,13.75,13,2
2026-02-04 14:00:00+00:00,102.775,5.071,surplus,14.0,14,2
2026-02-04 14:15:00+00:00,171.303,-5.27,deficit,14.25,14,2
2026-02-04 14:30:00+00:00,51.283,3.196,surplus,14.5,14,2
2026-02-04 14:45:00+00:00,101.678,5.936,surplus,14.75,14,2
2026-02-04 15:00:00+00:00,162.569,-9.934,deficit,15.0,15,2
2026-02-04 15:15:00+00:00,172.7,-7.313,deficit,15.25,15,2
2026-02-04 15:30:00+00:00,172.491,-4.702,deficit,15.5,15,2
2026-02-04 15:45:00+00:00,64.533,1.924,surplus,15.75,15,2
2026-02-04 16:00:00+00:00,106.631,6.653,surplus,16.0,16,2
2026-02-04 16:15:00+00:00,170.753,-0.798,deficit,16.25,16,2
2026-02-04 16:30:00+00:00,135.6912,0.506,surplus,16.5,16,2
2026-02-04 16:45:00+00:00,169.972,-0.769,deficit,16.75,16,2
2026-02-04 17:00:00+00:00,168.707,-2.047,deficit,17.0,17,2
2026-02-04 17:15:00+00:00,164.934,-0.36,deficit,17.25,17,2
2026-02-04 17:30:00+00:00,129.008,2.109,surplus,17.5,17,2
2026-02-04 17:45:00+00:00,91.534,3.301,surplus,17.75,17,2
2026-02-04 18:00:00+00:00,103.2,5.884,surplus,18.0,18,2
2026-02-04 18:15:00+00:00,107.284,2.972,surplus,18.25,18,2
2026-02-04 18:30:00+00:00,107.721,2.862,surplus,18.5,18,2
2026-02-04 18:45:00+00:00,92.971,2.857,surplus,18.75,18,2
2026-02-04 19:00:00+00:00,97.449,3.141,surplus,19.0,19,2
2026-02-04 19:15:00+00:00,93.136,1.0,surplus,19.25,19,2
2026-02-04 19:30:00+00:00,96.206,0.634,surplus,19.5,19,2
2026-02-04 19:45:00+00:00,102.282,0.926,surplus,19.75,19,2
2026-02-04 20:00:00+00:00,95.949,4.782,surplus,20.0,20,2
2026-02-04 20:15:00+00:00,74.908,0.743,surplus,20.25,20,2
2026-02-04 20:30:00+00:00,79.557,1.163,surplus,20.5,20,2
2026-02-04 20:45:00+00:00,92.146,8.373,surplus,20.75,20,2
2026-02-04 21:00:00+00:00,71.461,17.899,surplus,21.0,21,2
2026-02-04 21:15:00+00:00,93.178,13.386,surplus,21.25,21,2
2026-02-04 21:30:00+00:00,93.71,4.409,surplus,21.5,21,2
2026-02-04 21:45:00+00:00,70.293,5.803,surplus,21.75,21,2
2026-02-04 22:00:00+00:00,79.748,4.416,surplus,22.0,22,2
2026-02-04 22:15:00+00:00,90.57,4.585,surplus,22.25,22,2
2026-02-04 22:30:00+00:00,126.148,-0.994,deficit,22.5,22,2
2026-02-04 22:45:00+00:00,98.7203,-1.819,deficit,22.75,22,2
2026-02-04 23:00:00+00:00,105.144,-0.545,deficit,23.0,23,2
2026-02-04 23:15:00+00:00,74.092,2.253,surplus,23.25,23,2
2026-02-04 23:30:00+00:00,92.74,1.716,surplus,23.5,23,2
2026-02-04 23:45:00+00:00,93.5632,2.242,surplus,23.75,23,2
2026-02-05 00:00:00+00:00,72.451,1.147,surplus,0.0,0,3
2026-02-05 00:15:00+00:00,83.959,0.364,surplus,0.25,0,3
2026-02-05 00:30:00+00:00,101.4341,-0.371,deficit,0.5,0,3
2026-02-05 00:45:00+00:00,65.18,5.042,surplus,0.75,0,3
2026-02-05 01:00:00+00:00,89.57,5.632,surplus,1.0,1,3
2026-02-05 01:15:00+00:00,89.86,13.727,surplus,1.25,1,3
2026-02-05 01:30:00+00:00,90.85,16.969,surplus,1.5,1,3
2026-02-05 01:45:00+00:00,91.1208,11.013,surplus,1.75,1,3
2026-02-05 02:00:00+00:00,91.4114,11.772,surplus,2.0,2,3
2026-02-05 02:15:00+00:00,91.4114,6.252,surplus,2.25,2,3
2026-02-05 02:30:00+00:00,83.302,8.636,surplus,2.5,2,3
2026-02-05 02:45:00+00:00,91.4114,10.218,surplus,2.75,2,3
2026-02-05 03:00:00+00:00,84.281,9.971,surplus,3.0,3,3
2026-02-05 03:15:00+00:00,73.933,9.561,surplus,3.25,3,3
2026-02-05 03:30:00+00:00,85.23,8.914,surplus,3.5,3,3
2026-02-05 03:45:00+00:00,92.2387,11.457,surplus,3.75,3,3
2026-02-05 04:00:00+00:00,88.484,9.441,surplus,4.0,4,3
2026-02-05 04:15:00+00:00,94.87,8.352,surplus,4.25,4,3
2026-02-05 04:30:00+00:00,-35.137,3.744,surplus,4.5,4,3
2026-02-05 04:45:00+00:00,-13.3,1.458,surplus,4.75,4,3
2026-02-05 05:00:00+00:00,124.1656,-3.91,deficit,5.0,5,3
2026-02-05 05:15:00+00:00,137.951,-3.886,deficit,5.25,5,3
2026-02-05 05:30:00+00:00,142.1014,-3.766,deficit,5.5,5,3
2026-02-05 05:45:00+00:00,148.1666,-4.162,deficit,5.75,5,3
2026-02-05 06:00:00+00:00,114.217,10.101,surplus,6.0,6,3
2026-02-05 06:15:00+00:00,138.0035,0.815,surplus,6.25,6,3
2026-02-05 06:30:00+00:00,105.62,8.298,surplus,6.5,6,3
2026-02-05 06:45:00+00:00,165.0,-1.484,deficit,6.75,6,3
2026-02-05 07:00:00+00:00,156.0418,-8.058,deficit,7.0,7,3
2026-02-05 07:15:00+00:00,132.695,0.88,surplus,7.25,7,3
2026-02-05 07:30:00+00:00,93.887,4.536,surplus,7.5,7,3
2026-02-05 07:45:00+00:00,53.864,3.051,surplus,7.75,7,3
2026-02-05 08:00:00+00:00,68.167,19.802,surplus,8.0,8,3
2026-02-05 08:15:00+00:00,95.597,27.157,surplus,8.25,8,3
2026-02-05 08:30:00+00:00,125.146,20.356,surplus,8.5,8,3
2026-02-05 08:45:00+00:00,131.88,23.203,surplus,8.75,8,3
2026-02-05 09:00:00+00:00,107.071,7.665,surplus,9.0,9,3
2026-02-05 09:15:00+00:00,87.904,4.452,surplus,9.25,9,3
2026-02-05 09:30:00+00:00,84.779,1.199,surplus,9.5,9,3
2026-02-05 09:45:00+00:00,110.057,5.286,surplus,9.75,9,3
2026-02-05 10:00:00+00:00,154.737,-3.195,deficit,10.0,10,3
2026-02-05 10:15:00+00:00,87.042,2.194,surplus,10.25,10,3
2026-02-05 10:30:00+00:00,149.347,-2.471,deficit,10.5,10,3
2026-02-05 10:45:00+00:00,79.033,0.748,surplus,10.75,10,3
2026-02-05 11:00:00+00:00,102.72,14.011,surplus,11.0,11,3
2026-02-05 11:15:00+00:00,84.752,21.957,surplus,11.25,11,3
2026-02-05 11:30:00+00:00,104.201,6.306,surplus,11.5,11,3
2026-02-05 11:45:00+00:00,98.455,3.108,surplus,11.75,11,3
2026-02-05 12:00:00+00:00,139.051,-0.795,deficit,12.0,12,3
2026-02-05 12:15:00+00:00,101.9299,2.077,surplus,12.25,12,3
2026-02-05 12:30:00+00:00,103.8773,5.941,surplus,12.5,12,3
2026-02-05 12:45:00+00:00,104.212,6.154,surplus,12.75,12,3
2026-02-05 13:00:00+00:00,93.681,12.974,surplus,13.0,13,3
2026-02-05 13:15:00+00:00,101.953,12.115,surplus,13.25,13,3
2026-02-05 13:30:00+00:00,105.9794,15.551,surplus,13.5,13,3
2026-02-05 13:45:00+00:00,108.3062,11.364,surplus,13.75,13,3
2026-02-05 14:00:00+00:00,123.6024,13.335,surplus,14.0,14,3
2026-02-05 14:15:00+00:00,122.282,11.307,surplus,14.25,14,3
2026-02-05 14:30:00+00:00,117.566,17.831,surplus,14.5,14,3
2026-02-05 14:45:00+00:00,113.282,17.302,surplus,14.75,14,3
2026-02-05 15:00:00+00:00,102.665,12.252,surplus,15.0,15,3
2026-02-05 15:15:00+00:00,115.776,8.856,surplus,15.25,15,3
2026-02-05 15:30:00+00:00,127.704,9.981,surplus,15.5,15,3
2026-02-05 15:45:00+00:00,115.284,7.901,surplus,15.75,15,3
2026-02-05 16:00:00+00:00,97.61,11.535,surplus,16.0,16,3
2026-02-05 16:15:00+00:00,59.932,0.614,surplus,16.25,16,3
2026-02-05 16:30:00+00:00,114.453,1.842,surplus,16.5,16,3
2026-02-05 16:45:00+00:00,141.456,1.991,surplus,16.75,16,3
2026-02-05 17:00:00+00:00,137.9474,0.139,surplus,17.0,17,3
2026-02-05 17:15:00+00:00,138.7756,8.389,surplus,17.25,17,3
2026-02-05 17:30:00+00:00,158.026,-1.982,deficit,17.5,17,3
2026-02-05 17:45:00+00:00,154.583,-1.777,deficit,17.75,17,3
2026-02-05 18:00:00+00:00,159.5,-0.461,deficit,18.0,18,3
2026-02-05 18:15:00+00:00,159.676,-3.755,deficit,18.25,18,3
2026-02-05 18:30:00+00:00,157.729,-3.215,deficit,18.5,18,3
2026-02-05 18:45:00+00:00,152.57,-2.641,deficit,18.75,18,3
2026-02-05 19:00:00+00:00,164.219,-6.829,deficit,19.0,19,3
2026-02-05 19:15:00+00:00,154.8847,-3.789,deficit,19.25,19,3
2026-02-05 19:30:00+00:00,149.7753,-1.705,deficit,19.5,19,3
2026-02-05 19:45:00+00:00,98.435,4.474,surplus,19.75,19,3
2026-02-05 20:00:00+00:00,100.896,3.772,surplus,20.0,20,3
2026-02-05 20:15:00+00:00,105.596,6.128,surplus,20.25,20,3
2026-02-05 20:30:00+00:00,121.524,0.899,surplus,20.5,20,3
2026-02-05 20:45:00+00:00,105.511,16.341,surplus,20.75,20,3
2026-02-05 21:00:00+00:00,135.993,-1.744,deficit,21.0,21,3
2026-02-05 21:15:00+00:00,90.977,2.875,surplus,21.25,21,3
2026-02-05 21:30:00+00:00,127.71,-0.42,deficit,21.5,21,3
2026-02-05 21:45:00+00:00,103.81,2.583,surplus,21.75,21,3
2026-02-05 22:00:00+00:00,131.208,-0.303,deficit,22.0,22,3
2026-02-05 22:15:00+00:00,99.005,7.723,surplus,22.25,22,3
2026-02-05 22:30:00+00:00,83.781,13.291,surplus,22.5,22,3
2026-02-05 22:45:00+00:00,91.378,23.955,surplus,22.75,22,3
2026-02-05 23:00:00+00:00,63.926,6.518,surplus,23.0,23,3
2026-02-05 23:15:00+00:00,98.595,2.243,surplus,23.25,23,3
2026-02-05 23:30:00+00:00,99.69,3.194,surplus,23.5,23,3
2026-02-05 23:45:00+00:00,104.05,2.72,surplus,23.75,23,3
2026-02-06 00:00:00+00:00,88.932,10.373,surplus,0.0,0,4
2026-02-06 00:15:00+00:00,80.109,9.633,surplus,0.25,0,4
2026-02-06 00:30:00+00:00,100.54,11.029,surplus,0.5,0,4
2026-02-06 00:45:00+00:00,92.527,10.106,surplus,0.75,0,4
2026-02-06 01:00:00+00:00,101.05,8.239,surplus,1.0,1,4
2026-02-06 01:15:00+00:00,87.154,8.236,surplus,1.25,1,4
2026-02-06 01:30:00+00:00,90.679,7.776,surplus,1.5,1,4
2026-02-06 01:45:00+00:00,81.221,6.296,surplus,1.75,1,4
2026-02-06 02:00:00+00:00,101.69,0.103,surplus,2.0,2,4
2026-02-06 02:15:00+00:00,124.3905,-1.14,deficit,2.25,2,4
2026-02-06 02:30:00+00:00,124.3905,-6.595,deficit,2.5,2,4
2026-02-06 02:45:00+00:00,124.3905,-4.048,deficit,2.75,2,4
2026-02-06 03:00:00+00:00,115.6795,-11.371,deficit,3.0,3,4
2026-02-06 03:15:00+00:00,71.431,3.183,surplus,3.25,3,4
2026-02-06 03:30:00+00:00,43.571,1.742,surplus,3.5,3,4
2026-02-06 03:45:00+00:00,71.513,2.42,surplus,3.75,3,4
2026-02-06 04:00:00+00:00,124.364,-0.423,deficit,4.0,4,4
2026-02-06 04:15:00+00:00,106.1,11.943,surplus,4.25,4,4
2026-02-06 04:30:00+00:00,102.39,12.382,surplus,4.5,4,4
2026-02-06 04:45:00+00:00,76.054,14.298,surplus,4.75,4,4
2026-02-06 05:00:00+00:00,104.76,12.21,surplus,5.0,5,4
2026-02-06 05:15:00+00:00,124.14,17.697,surplus,5.25,5,4
2026-02-06 05:30:00+00:00,116.767,12.643,surplus,5.5,5,4
2026-02-06 05:45:00+00:00,105.452,8.552,surplus,5.75,5,4
2026-02-06 06:00:00+00:00,114.1891,7.93,surplus,6.0,6,4
2026-02-06 06:15:00+00:00,162.929,-0.386,deficit,6.25,6,4
2026-02-06 06:30:00+00:00,87.29,4.999,surplus,6.5,6,4
2026-02-06 06:45:00+00:00,169.4343,-2.93,deficit,6.75,6,4
2026-02-06 07:00:00+00:00,170.24,-11.863,deficit,7.0,7,4
2026-02-06 07:15:00+00:00,171.9794,-20.367,deficit,7.25,7,4
2026-02-06 07:30:00+00:00,172.861,-1.717,deficit,7.5,7,4
2026-02-06 07:45:00+00:00,172.4686,-0.353,deficit,7.75,7,4
2026-02-06 08:00:00+00:00,172.0511,-2.723,deficit,8.0,8,4
2026-02-06 08:15:00+00:00,169.4278,-1.521,deficit,8.25,8,4
2026-02-06 08:30:00+00:00,160.27,-1.213,deficit,8.5,8,4
2026-02-06 08:45:00+00:00,164.1453,-2.771,deficit,8.75,8,4
2026-02-06 09:00:00+00:00,145.391,13.901,surplus,9.0,9,4
2026-02-06 09:15:00+00:00,125.893,9.848,surplus,9.25,9,4
2026-02-06 09:30:00+00:00,144.1655,7.504,surplus,9.5,9,4
2026-02-06 09:45:00+00:00,136.452,11.236,surplus,9.75,9,4
2026-02-06 10:00:00+00:00,125.43,9.128,surplus,10.0,10,4
2026-02-06 10:15:00+00:00,112.997,4.453,surplus,10.25,10,4
2026-02-06 10:30:00+00:00,121.151,1.844,surplus,10.5,10,4
2026-02-06 10:45:00+00:00,110.919,5.592,surplus,10.75,10,4
2026-02-06 11:00:00+00:00,159.181,-0.558,deficit,11.0,11,4
2026-02-06 11:15:00+00:00,157.19,-2.966,deficit,11.25,11,4
2026-02-06 11:30:00+00:00,80.247,0.113,surplus,11.5,11,4
2026-02-06 11:45:00+00:00,68.89,3.649,surplus,11.75,11,4
2026-02-06 12:00:00+00:00,117.351,4.978,surplus,12.0,12,4
2026-02-06 12:15:00+00:00,135.9015,5.929,surplus,12.25,12,4
2026-02-06 12:30:00+00:00,93.135,2.947,surplus,12.5,12,4
2026-02-06 12:45:00+00:00,99.466,0.673,surplus,12.75,12,4
2026-02-06 13:00:00+00:00,84.637,8.106,surplus,13.0,13,4
2026-02-06 13:15:00+00:00,99.559,3.622,surplus,13.25,13,4
2026-02-06 13:30:00+00:00,162.261,-0.402,deficit,13.5,13,4
2026-02-06 13:45:00+00:00,92.62,7.067,surplus,13.75,13,4
2026-02-06 14:00:00+00:00,80.896,8.249,surplus,14.0,14,4
2026-02-06 14:15:00+00:00,160.952,-4.619,deficit,14.25,14,4
2026-02-06 14:30:00+00:00,77.621,6.654,surplus,14.5,14,4
2026-02-06 14:45:00+00:00,105.965,5.16,surplus,14.75,14,4
2026-02-06 15:00:00+00:00,174.966,-1.05,deficit,15.0,15,4
2026-02-06 15:15:00+00:00,50.265,1.99,surplus,15.25,15,4
2026-02-06 15:30:00+00:00,152.3658,7.336,surplus,15.5,15,4
2026-02-06 15:45:00+00:00,152.2453,3.138,surplus,15.75,15,4
2026-02-06 16:00:00+00:00,150.5921,15.837,surplus,16.0,16,4
2026-02-06 16:15:00+00:00,150.5677,8.735,surplus,16.25,16,4
2026-02-06 16:30:00+00:00,145.9244,11.093,surplus,16.5,16,4
2026-02-06 16:45:00+00:00,150.1767,5.535,surplus,16.75,16,4
2026-02-06 17:00:00+00:00,116.683,11.36,surplus,17.0,17,4
2026-02-06 17:15:00+00:00,187.946,-0.051,deficit,17.25,17,4
2026-02-06 17:30:00+00:00,146.0347,0.258,surplus,17.5,17,4
2026-02-06 17:45:00+00:00,81.628,5.046,surplus,17.75,17,4
2026-02-06 18:00:00+00:00,114.519,1.471,surplus,18.0,18,4
2026-02-06 18:15:00+00:00,87.742,0.619,surplus,18.25,18,4
2026-02-06 18:30:00+00:00,89.164,5.737,surplus,18.5,18,4
2026-02-06 18:45:00+00:00,97.065,9.177,surplus,18.75,18,4
2026-02-06 19:00:00+00:00,100.067,1.751,surplus,19.0,19,4
2026-02-06 19:15:00+00:00,101.014,3.864,surplus,19.25,19,4
2026-02-06 19:30:00+00:00,95.035,6.066,surplus,19.5,19,4
2026-02-06 19:45:00+00:00,155.089,-0.422,deficit,19.75,19,4
2026-02-06 20:00:00+00:00,149.259,-1.832,deficit,20.0,20,4
2026-02-06 20:15:00+00:00,109.737,1.816,surplus,20.25,20,4
2026-02-06 20:30:00+00:00,152.937,-2.795,deficit,20.5,20,4
2026-02-06 20:45:00+00:00,92.338,0.099,surplus,20.75,20,4
2026-02-06 21:00:00+00:00,140.965,-2.607,deficit,21.0,21,4
2026-02-06 21:15:00+00:00,135.473,-6.31,deficit,21.25,21,4
2026-02-06 21:30:00+00:00,125.719,-3.266,deficit,21.5,21,4
2026-02-06 21:45:00+00:00,124.817,-5.182,deficit,21.75,21,4
2026-02-06 22:00:00+00:00,128.073,-0.254,deficit,22.0,22,4
2026-02-06 22:15:00+00:00,90.053,1.916,surplus,22.25,22,4
2026-02-06 22:30:00+00:00,102.922,1.171,surplus,22.5,22,4
2026-02-06 22:45:00+00:00,83.814,0.03,surplus,22.75,22,4
2026-02-06 23:00:00+00:00,126.852,-6.809,deficit,23.0,23,4
2026-02-06 23:15:00+00:00,117.7324,-1.076,deficit,23.25,23,4
2026-02-06 23:30:00+00:00,117.7324,-1.484,deficit,23.5,23,4
2026-02-06 23:45:00+00:00,85.324,5.68,surplus,23.75,23,4
2026-02-07 00:00:00+00:00,112.7895,-5.426,deficit,0.0,0,5
2026-02-07 00:15:00+00:00,112.7895,-3.289,deficit,0.25,0,5
2026-02-07 00:30:00+00:00,101.65,0.674,surplus,0.5,0,5
2026-02-07 00:45:00+00:00,89.357,5.529,surplus,0.75,0,5
2026-02-07 01:00:00+00:00,102.5995,1.013,surplus,1.0,1,5
2026-02-07 01:15:00+00:00,121.822,-0.781,deficit,1.25,1,5
2026-02-07 01:30:00+00:00,99.3,0.863,surplus,1.5,1,5
2026-02-07 01:45:00+00:00,99.04,6.86,surplus,1.75,1,5
2026-02-07 02:00:00+00:00,100.79,7.85,surplus,2.0,2,5
2026-02-07 02:15:00+00:00,74.12,7.8,surplus,2.25,2,5
2026-02-07 02:30:00+00:00,100.138,5.897,surplus,2.5,2,5
2026-02-07 02:45:00+00:00,99.237,11.246,surplus,2.75,2,5
2026-02-07 03:00:00+00:00,81.12,13.538,surplus,3.0,3,5
2026-02-07 03:15:00+00:00,85.789,11.594,surplus,3.25,3,5
2026-02-07 03:30:00+00:00,99.7478,3.506,surplus,3.5,3,5
2026-02-07 03:45:00+00:00,98.4061,2.258,surplus,3.75,3,5
2026-02-07 04:00:00+00:00,98.31,6.671,surplus,4.0,4,5
2026-02-07 04:15:00+00:00,94.655,11.337,surplus,4.25,4,5
2026-02-07 04:30:00+00:00,57.964,4.797,surplus,4.5,4,5
2026-02-07 04:45:00+00:00,74.734,5.383,surplus,4.75,4,5
2026-02-07 05:00:00+00:00,78.347,5.082,surplus,5.0,5,5
2026-02-07 05:15:00+00:00,82.336,1.808,surplus,5.25,5,5
2026-02-07 05:30:00+00:00,116.985,-0.898,deficit,5.5,5,5
2026-02-07 05:45:00+00:00,123.673,-2.919,deficit,5.75,5,5
2026-02-07 06:00:00+00:00,118.3564,-0.362,deficit,6.0,6,5
2026-02-07 06:15:00+00:00,117.9352,-1.474,deficit,6.25,6,5
2026-02-07 06:30:00+00:00,123.981,-2.958,deficit,6.5,6,5
2026-02-07 06:45:00+00:00,130.097,-3.692,deficit,6.75,6,5
2026-02-07 07:00:00+00:00,123.3241,-4.12,deficit,7.0,7,5
2026-02-07 07:15:00+00:00,128.436,-0.823,deficit,7.25,7,5
2026-02-07 07:30:00+00:00,52.928,2.217,surplus,7.5,7,5
2026-02-07 07:45:00+00:00,90.55,5.606,surplus,7.75,7,5
2026-02-07 08:00:00+00:00,97.777,8.389,surplus,8.0,8,5
2026-02-07 08:15:00+00:00,87.59,12.819,surplus,8.25,8,5
2026-02-07 08:30:00+00:00,70.447,22.951,surplus,8.5,8,5
2026-02-07 08:45:00+00:00,65.393,21.319,surplus,8.75,8,5
2026-02-07 09:00:00+00:00,81.283,14.975,surplus,9.0,9,5
2026-02-07 09:15:00+00:00,78.281,10.322,surplus,9.25,9,5
2026-02-07 09:30:00+00:00,74.239,8.974,surplus,9.5,9,5
2026-02-07 09:45:00+00:00,82.762,4.584,surplus,9.75,9,5
2026-02-07 10:00:00+00:00,122.023,-2.681,deficit,10.0,10,5
2026-02-07 10:15:00+00:00,123.486,-3.886,deficit,10.25,10,5
2026-02-07 10:30:00+00:00,120.626,-2.791,deficit,10.5,10,5
2026-02-07 10:45:00+00:00,119.548,-3.497,deficit,10.75,10,5
2026-02-07 11:00:00+00:00,119.867,-2.864,deficit,11.0,11,5
2026-02-07 11:15:00+00:00,117.986,-3.669,deficit,11.25,11,5
2026-02-07 11:30:00+00:00,120.56,-4.575,deficit,11.5,11,5
2026-02-07 11:45:00+00:00,66.542,1.271,surplus,11.75,11,5
2026-02-07 12:00:00+00:00,92.293,3.389,surplus,12.0,12,5
2026-02-07 12:15:00+00:00,60.762,3.263,surplus,12.25,12,5
2026-02-07 12:30:00+00:00,45.347,6.706,surplus,12.5,12,5
2026-02-07 12:45:00+00:00,57.803,7.293,surplus,12.75,12,5
2026-02-07 13:00:00+00:00,52.3,19.527,surplus,13.0,13,5
2026-02-07 13:15:00+00:00,44.951,18.949,surplus,13.25,13,5
2026-02-07 13:30:00+00:00,99.8503,13.578,surplus,13.5,13,5
2026-02-07 13:45:00+00:00,101.4138,14.691,surplus,13.75,13,5
2026-02-07 14:00:00+00:00,125.645,-0.307,deficit,14.0,14,5
2026-02-07 14:15:00+00:00,103.204,0.964,surplus,14.25,14,5
2026-02-07 14:30:00+00:00,130.141,-2.367,deficit,14.5,14,5
2026-02-07 14:45:00+00:00,132.099,-4.638,deficit,14.75,14,5
2026-02-07 15:00:00+00:00,134.7907,-0.86,deficit,15.0,15,5
2026-02-07 15:15:00+00:00,139.311,-0.505,deficit,15.25,15,5
2026-02-07 15:30:00+00:00,65.976,8.157,surplus,15.5,15,5
2026-02-07 15:45:00+00:00,54.129,6.22,surplus,15.75,15,5
2026-02-07 16:00:00+00:00,81.115,13.832,surplus,16.0,16,5
2026-02-07 16:15:00+00:00,76.686,6.657,surplus,16.25,16,5
2026-02-07 16:30:00+00:00,111.377,3.062,surplus,16.5,16,5
2026-02-07 16:45:00+00:00,158.158,-3.819,deficit,16.75,16,5
2026-02-07 17:00:00+00:00,124.073,0.326,surplus,17.0,17,5
2026-02-07 17:15:00+00:00,152.79,-2.475,deficit,17.25,17,5
2026-02-07 17:30:00+00:00,149.633,-4.539,deficit,17.5,17,5
2026-02-07 17:45:00+00:00,133.6616,3.459,surplus,17.75,17,5
2026-02-07 18:00:00+00:00,122.248,1.802,surplus,18.0,18,5
2026-02-07 18:15:00+00:00,129.524,1.22,surplus,18.25,18,5
2026-02-07 18:30:00+00:00,147.8031,-6.19,deficit,18.5,18,5
2026-02-07 18:45:00+00:00,104.186,16.478,surplus,18.75,18,5
2026-02-07 19:00:00+00:00,103.56,2.52,surplus,19.0,19,5
2026-02-07 19:15:00+00:00,100.674,6.088,surplus,19.25,19,5
2026-02-07 19:30:00+00:00,98.453,2.1,surplus,19.5,19,5
2026-02-07 19:45:00+00:00,92.297,6.938,surplus,19.75,19,5
2026-02-07 20:00:00+00:00,76.518,2.025,surplus,20.0,20,5
2026-02-07 20:15:00+00:00,126.0968,-7.127,deficit,20.25,20,5
2026-02-07 20:30:00+00:00,124.5366,-2.113,deficit,20.5,20,5
2026-02-07 20:45:00+00:00,121.3858,-3.177,deficit,20.75,20,5
2026-02-07 21:00:00+00:00,96.356,4.291,surplus,21.0,21,5
2026-02-07 21:15:00+00:00,82.65,0.305,surplus,21.25,21,5
2026-02-07 21:30:00+00:00,118.1793,-0.054,deficit,21.5,21,5
2026-02-07 21:45:00+00:00,84.913,1.194,surplus,21.75,21,5
2026-02-07 22:00:00+00:00,81.16,11.639,surplus,22.0,22,5
2026-02-07 22:15:00+00:00,88.722,0.75,surplus,22.25,22,5
2026-02-07 22:30:00+00:00,80.427,0.593,surplus,22.5,22,5
2026-02-07 22:45:00+00:00,65.547,5.32,surplus,22.75,22,5
2026-02-07 23:00:00+00:00,81.493,11.892,surplus,23.0,23,5
2026-02-07 23:15:00+00:00,81.984,10.556,surplus,23.25,23,5
2026-02-07 23:30:00+00:00,84.813,11.291,surplus,23.5,23,5
2026-02-07 23:45:00+00:00,82.542,8.844,surplus,23.75,23,5
2026-02-08 00:00:00+00:00,53.901,0.825,surplus,0.0,0,6
2026-02-08 00:15:00+00:00,71.424,3.923,surplus,0.25,0,6
2026-02-08 00:30:00+00:00,69.029,3.415,surplus,0.5,0,6
2026-02-08 00:45:00+00:00,56.332,13.454,surplus,0.75,0,6
2026-02-08 01:00:00+00:00,71.231,1.746,surplus,1.0,1,6
2026-02-08 01:15:00+00:00,88.511,1.816,surplus,1.25,1,6
2026-02-08 01:30:00+00:00,97.752,3.19,surplus,1.5,1,6
2026-02-08 01:45:00+00:00,86.661,7.506,surplus,1.75,1,6
2026-02-08 02:00:00+00:00,86.189,7.398,surplus,2.0,2,6
2026-02-08 02:15:00+00:00,92.032,4.18,surplus,2.25,2,6
2026-02-08 02:30:00+00:00,95.277,0.57,surplus,2.5,2,6
2026-02-08 02:45:00+00:00,89.582,6.083,surplus,2.75,2,6
2026-02-08 03:00:00+00:00,97.54,12.544,surplus,3.0,3,6
2026-02-08 03:15:00+00:00,96.88,9.437,surplus,3.25,3,6
2026-02-08 03:30:00+00:00,82.037,11.605,surplus,3.5,3,6
2026-02-08 03:45:00+00:00,70.057,11.001,surplus,3.75,3,6
2026-02-08 04:00:00+00:00,93.211,12.319,surplus,4.0,4,6
2026-02-08 04:15:00+00:00,97.73,4.137,surplus,4.25,4,6
2026-02-08 04:30:00+00:00,98.48,7.269,surplus,4.5,4,6
2026-02-08 04:45:00+00:00,99.37,6.831,surplus,4.75,4,6
2026-02-08 05:00:00+00:00,67.356,13.694,surplus,5.0,5,6
2026-02-08 05:15:00+00:00,80.758,9.525,surplus,5.25,5,6
2026-02-08 05:30:00+00:00,69.914,4.184,surplus,5.5,5,6
2026-02-08 05:45:00+00:00,62.446,6.807,surplus,5.75,5,6
2026-02-08 06:00:00+00:00,69.81,7.616,surplus,6.0,6,6
2026-02-08 06:15:00+00:00,96.492,12.61,surplus,6.25,6,6
2026-02-08 06:30:00+00:00,84.304,7.604,surplus,6.5,6,6
2026-02-08 06:45:00+00:00,83.373,6.221,surplus,6.75,6,6
2026-02-08 07:00:00+00:00,114.2433,-3.152,deficit,7.0,7,6
2026-02-08 07:15:00+00:00,115.984,-3.41,deficit,7.25,7,6
2026-02-08 07:30:00+00:00,115.2405,-3.994,deficit,7.5,7,6
2026-02-08 07:45:00+00:00,63.693,0.622,surplus,7.75,7,6
2026-02-08 08:00:00+00:00,102.87,5.028,surplus,8.0,8,6
2026-02-08 08:15:00+00:00,67.176,3.57,surplus,8.25,8,6
2026-02-08 08:30:00+00:00,48.972,10.713,surplus,8.5,8,6
2026-02-08 08:45:00+00:00,83.669,16.081,surplus,8.75,8,6
2026-02-08 09:00:00+00:00,93.47,20.549,surplus,9.0,9,6
2026-02-08 09:15:00+00:00,77.144,19.195,surplus,9.25,9,6
2026-02-08 09:30:00+00:00,85.038,25.784,surplus,9.5,9,6
2026-02-08 09:45:00+00:00,73.885,33.601,surplus,9.75,9,6
2026-02-08 10:00:00+00:00,90.079,36.182,surplus,10.0,10,6
2026-02-08 10:15:00+00:00,97.8872,37.508,surplus,10.25,10,6
2026-02-08 10:30:00+00:00,97.7909,34.099,surplus,10.5,10,6
2026-02-08 10:45:00+00:00,97.7329,28.241,surplus,10.75,10,6
2026-02-08 11:00:00+00:00,95.2648,30.827,surplus,11.0,11,6
2026-02-08 11:15:00+00:00,94.3305,24.138,surplus,11.25,11,6
2026-02-08 11:30:00+00:00,94.7119,21.699,surplus,11.5,11,6
2026-02-08 11:45:00+00:00,94.5826,12.449,surplus,11.75,11,6
2026-02-08 12:00:00+00:00,93.8703,2.404,surplus,12.0,12,6
2026-02-08 12:15:00+00:00,121.301,-0.653,deficit,12.25,12,6
2026-02-08 12:30:00+00:00,113.069,-2.692,deficit,12.5,12,6
2026-02-08 12:45:00+00:00,115.192,-2.193,deficit,12.75,12,6
2026-02-08 13:00:00+00:00,88.497,3.396,surplus,13.0,13,6
2026-02-08 13:15:00+00:00,76.932,1.846,surplus,13.25,13,6
2026-02-08 13:30:00+00:00,95.523,4.61,surplus,13.5,13,6
2026-02-08 13:45:00+00:00,115.39,-2.416,deficit,13.75,13,6
2026-02-08 14:00:00+00:00,72.874,18.573,surplus,14.0,14,6
2026-02-08 14:15:00+00:00,61.714,27.637,surplus,14.25,14,6
2026-02-08 14:30:00+00:00,75.961,16.434,surplus,14.5,14,6
2026-02-08 14:45:00+00:00,61.366,14.45,surplus,14.75,14,6
2026-02-08 15:00:00+00:00,50.636,18.845,surplus,15.0,15,6
2026-02-08 15:15:00+00:00,105.023,18.536,surplus,15.25,15,6
2026-02-08 15:30:00+00:00,102.7,6.17,surplus,15.5,15,6
2026-02-08 15:45:00+00:00,102.902,8.595,surplus,15.75,15,6
2026-02-08 16:00:00+00:00,105.609,10.469,surplus,16.0,16,6
2026-02-08 16:15:00+00:00,118.82,3.238,surplus,16.25,16,6
2026-02-08 16:30:00+00:00,147.334,-8.152,deficit,16.5,16,6
2026-02-08 16:45:00+00:00,150.128,-5.295,deficit,16.75,16,6
2026-02-08 17:00:00+00:00,144.276,-6.524,deficit,17.0,17,6
2026-02-08 17:15:00+00:00,147.785,-3.17,deficit,17.25,17,6
2026-02-08 17:30:00+00:00,145.805,-2.851,deficit,17.5,17,6
2026-02-08 17:45:00+00:00,142.824,-0.752,deficit,17.75,17,6
2026-02-08 18:00:00+00:00,91.768,1.349,surplus,18.0,18,6
2026-02-08 18:15:00+00:00,113.281,1.637,surplus,18.25,18,6
2026-02-08 18:30:00+00:00,122.782,2.008,surplus,18.5,18,6
2026-02-08 18:45:00+00:00,70.439,0.188,surplus,18.75,18,6
2026-02-08 19:00:00+00:00,140.316,-0.164,deficit,19.0,19,6
2026-02-08 19:15:00+00:00,94.157,1.52,surplus,19.25,19,6
2026-02-08 19:30:00+00:00,95.088,5.707,surplus,19.5,19,6
2026-02-08 19:45:00+00:00,84.214,8.307,surplus,19.75,19,6
2026-02-08 20:00:00+00:00,81.071,1.373,surplus,20.0,20,6
2026-02-08 20:15:00+00:00,79.161,1.335,surplus,20.25,20,6
2026-02-08 20:30:00+00:00,85.029,3.048,surplus,20.5,20,6
2026-02-08 20:45:00+00:00,87.551,6.256,surplus,20.75,20,6
2026-02-08 21:00:00+00:00,89.737,4.514,surplus,21.0,21,6
2026-02-08 21:15:00+00:00,86.274,10.506,surplus,21.25,21,6
2026-02-08 21:30:00+00:00,83.779,4.721,surplus,21.5,21,6
2026-02-08 21:45:00+00:00,78.321,6.993,surplus,21.75,21,6
2026-02-08 22:00:00+00:00,100.3243,7.981,surplus,22.0,22,6
2026-02-08 22:15:00+00:00,98.0645,14.59,surplus,22.25,22,6
2026-02-08 22:30:00+00:00,78.294,20.036,surplus,22.5,22,6
2026-02-08 22:45:00+00:00,78.884,8.004,surplus,22.75,22,6
2026-02-08 23:00:00+00:00,84.259,6.326,surplus,23.0,23,6
2026-02-08 23:15:00+00:00,73.717,4.496,surplus,23.25,23,6
2026-02-08 23:30:00+00:00,78.155,3.532,surplus,23.5,23,6
2026-02-08 23:45:00+00:00,73.426,5.914,surplus,23.75,23,6
2026-02-09 00:00:00+00:00,79.951,8.693,surplus,0.0,0,0
2026-02-09 00:15:00+00:00,76.22,4.498,surplus,0.25,0,0
2026-02-09 00:30:00+00:00,87.249,3.351,surplus,0.5,0,0
2026-02-09 00:45:00+00:00,80.025,4.314,surplus,0.75,0,0
2026-02-09 01:00:00+00:00,81.608,8.54,surplus,1.0,1,0
2026-02-09 01:15:00+00:00,63.674,14.531,surplus,1.25,1,0
2026-02-09 01:30:00+00:00,66.52,13.746,surplus,1.5,1,0
2026-02-09 01:45:00+00:00,75.215,10.589,surplus,1.75,1,0
2026-02-09 02:00:00+00:00,77.484,6.997,surplus,2.0,2,0
2026-02-09 02:15:00+00:00,64.848,5.268,surplus,2.25,2,0
2026-02-09 02:30:00+00:00,74.025,7.218,surplus,2.5,2,0
2026-02-09 02:45:00+00:00,88.459,0.665,surplus,2.75,2,0
2026-02-09 03:00:00+00:00,106.535,-0.449,deficit,3.0,3,0
2026-02-09 03:15:00+00:00,66.467,3.08,surplus,3.25,3,0
2026-02-09 03:30:00+00:00,80.166,4.488,surplus,3.5,3,0
2026-02-09 03:45:00+00:00,85.823,3.248,surplus,3.75,3,0
2026-02-09 04:00:00+00:00,74.654,5.307,surplus,4.0,4,0
2026-02-09 04:15:00+00:00,61.271,4.807,surplus,4.25,4,0
2026-02-09 04:30:00+00:00,118.965,-1.33,deficit,4.5,4,0
2026-02-09 04:45:00+00:00,133.001,-4.625,deficit,4.75,4,0
2026-02-09 05:00:00+00:00,144.77,-4.392,deficit,5.0,5,0
2026-02-09 05:15:00+00:00,136.62,-8.595,deficit,5.25,5,0
2026-02-09 05:30:00+00:00,153.197,-5.716,deficit,5.5,5,0
2026-02-09 05:45:00+00:00,188.078,-4.297,deficit,5.75,5,0
2026-02-09 06:00:00+00:00,171.9909,-0.365,deficit,6.0,6,0
2026-02-09 06:15:00+00:00,178.684,-2.138,deficit,6.25,6,0
2026-02-09 06:30:00+00:00,189.728,-2.339,deficit,6.5,6,0
2026-02-09 06:45:00+00:00,190.487,-0.116,deficit,6.75,6,0
2026-02-09 07:00:00+00:00,187.319,-3.906,deficit,7.0,7,0
2026-02-09 07:15:00+00:00,168.2248,1.262,surplus,7.25,7,0
2026-02-09 07:30:00+00:00,209.597,-2.444,deficit,7.5,7,0
2026-02-09 07:45:00+00:00,197.769,-5.768,deficit,7.75,7,0
2026-02-09 08:00:00+00:00,203.148,-10.466,deficit,8.0,8,0
2026-02-09 08:15:00+00:00,194.271,-7.305,deficit,8.25,8,0
2026-02-09 08:30:00+00:00,200.5608,-20.13,deficit,8.5,8,0
2026-02-09 08:45:00+00:00,203.1725,-15.151,deficit,8.75,8,0
2026-02-09 09:00:00+00:00,187.7663,-6.743,deficit,9.0,9,0
2026-02-09 09:15:00+00:00,188.6403,-1.931,deficit,9.25,9,0
2026-02-09 09:30:00+00:00,184.4669,-6.131,deficit,9.5,9,0
2026-02-09 09:45:00+00:00,180.8601,-2.351,deficit,9.75,9,0
2026-02-09 10:00:00+00:00,180.6268,-4.125,deficit,10.0,10,0
2026-02-09 10:15:00+00:00,180.7588,-9.083,deficit,10.25,10,0
2026-02-09 10:30:00+00:00,181.0967,-4.29,deficit,10.5,10,0
2026-02-09 10:45:00+00:00,183.533,-2.858,deficit,10.75,10,0
2026-02-09 11:00:00+00:00,163.7661,-30.021,deficit,11.0,11,0
2026-02-09 11:15:00+00:00,161.0941,-19.999,deficit,11.25,11,0
2026-02-09 11:30:00+00:00,165.2527,-23.109,deficit,11.5,11,0
2026-02-09 11:45:00+00:00,164.9913,-23.095,deficit,11.75,11,0
2026-02-09 12:00:00+00:00,159.5391,-14.325,deficit,12.0,12,0
2026-02-09 12:15:00+00:00,181.356,-14.53,deficit,12.25,12,0
2026-02-09 12:30:00+00:00,161.592,-8.351,deficit,12.5,12,0
2026-02-09 12:45:00+00:00,160.7044,-13.119,deficit,12.75,12,0
2026-02-09 13:00:00+00:00,174.6345,-31.49,deficit,13.0,13,0
2026-02-09 13:15:00+00:00,179.7256,-43.631,deficit,13.25,13,0
2026-02-09 13:30:00+00:00,182.5749,-25.613,deficit,13.5,13,0
2026-02-09 13:45:00+00:00,183.3213,-32.342,deficit,13.75,13,0
2026-02-09 14:00:00+00:00,196.1756,-15.937,deficit,14.0,14,0
2026-02-09 14:15:00+00:00,196.639,-19.279,deficit,14.25,14,0
2026-02-09 14:30:00+00:00,204.7803,-11.143,deficit,14.5,14,0
2026-02-09 14:45:00+00:00,212.7898,-9.598,deficit,14.75,14,0
2026-02-09 15:00:00+00:00,210.2654,-5.371,deficit,15.0,15,0
2026-02-09 15:15:00+00:00,221.3118,-7.486,deficit,15.25,15,0
2026-02-09 15:30:00+00:00,218.3823,-7.286,deficit,15.5,15,0
2026-02-09 15:45:00+00:00,232.0678,-8.128,deficit,15.75,15,0
2026-02-09 16:00:00+00:00,247.1854,-2.643,deficit,16.0,16,0
2026-02-09 16:15:00+00:00,256.4492,-2.995,deficit,16.25,16,0
2026-02-09 16:30:00+00:00,272.9378,-11.053,deficit,16.5,16,0
2026-02-09 16:45:00+00:00,280.2338,-3.758,deficit,16.75,16,0
2026-02-09 17:00:00+00:00,107.955,0.643,surplus,17.0,17,0
2026-02-09 17:15:00+00:00,131.958,2.648,surplus,17.25,17,0
2026-02-09 17:30:00+00:00,223.2102,-2.152,deficit,17.5,17,0
2026-02-09 17:45:00+00:00,130.456,5.205,surplus,17.75,17,0
2026-02-09 18:00:00+00:00,215.6307,-3.803,deficit,18.0,18,0
2026-02-09 18:15:00+00:00,136.302,2.479,surplus,18.25,18,0
2026-02-09 18:30:00+00:00,127.426,0.34,surplus,18.5,18,0
2026-02-09 18:45:00+00:00,130.01,4.872,surplus,18.75,18,0
2026-02-09 19:00:00+00:00,146.249,1.097,surplus,19.0,19,0
2026-02-09 19:15:00+00:00,123.679,4.875,surplus,19.25,19,0
2026-02-09 19:30:00+00:00,115.304,4.319,surplus,19.5,19,0
2026-02-09 19:45:00+00:00,111.382,7.889,surplus,19.75,19,0
2026-02-09 20:00:00+00:00,105.435,1.179,surplus,20.0,20,0
2026-02-09 20:15:00+00:00,117.094,4.706,surplus,20.25,20,0
2026-02-09 20:30:00+00:00,122.745,10.058,surplus,20.5,20,0
2026-02-09 20:45:00+00:00,106.282,7.31,surplus,20.75,20,0
2026-02-09 21:00:00+00:00,105.227,8.499,surplus,21.0,21,0
2026-02-09 21:15:00+00:00,103.456,6.404,surplus,21.25,21,0
2026-02-09 21:30:00+00:00,75.659,4.492,surplus,21.5,21,0
2026-02-09 21:45:00+00:00,98.942,7.417,surplus,21.75,21,0
2026-02-09 22:00:00+00:00,132.495,-1.137,deficit,22.0,22,0
2026-02-09 22:15:00+00:00,125.686,-1.151,deficit,22.25,22,0
2026-02-09 22:30:00+00:00,109.8415,3.975,surplus,22.5,22,0
2026-02-09 22:45:00+00:00,98.566,6.637,surplus,22.75,22,0
2026-02-09 23:00:00+00:00,130.423,-7.131,deficit,23.0,23,0
2026-02-09 23:15:00+00:00,135.629,-4.612,deficit,23.25,23,0
2026-02-09 23:30:00+00:00,107.5123,0.64,surplus,23.5,23,0
2026-02-09 23:45:00+00:00,122.001,-1.789,deficit,23.75,23,0
2026-02-10 00:00:00+00:00,120.219,-0.038,deficit,0.0,0,1
2026-02-10 00:15:00+00:00,121.088,-4.257,deficit,0.25,0,1
2026-02-10 00:30:00+00:00,118.6292,-0.885,deficit,0.5,0,1
2026-02-10 00:45:00+00:00,33.16,0.079,surplus,0.75,0,1
2026-02-10 01:00:00+00:00,119.1879,-8.142,deficit,1.0,1,1
2026-02-10 01:15:00+00:00,119.1879,-7.309,deficit,1.25,1,1
2026-02-10 01:30:00+00:00,119.1879,-6.42,deficit,1.5,1,1
2026-02-10 01:45:00+00:00,119.383,-4.526,deficit,1.75,1,1
2026-02-10 02:00:00+00:00,133.028,-2.56,deficit,2.0,2,1
2026-02-10 02:15:00+00:00,133.638,-1.12,deficit,2.25,2,1
2026-02-10 02:30:00+00:00,71.508,0.134,surplus,2.5,2,1
2026-02-10 02:45:00+00:00,121.2793,-0.151,deficit,2.75,2,1
2026-02-10 03:00:00+00:00,120.3206,-0.86,deficit,3.0,3,1
2026-02-10 03:15:00+00:00,122.626,-1.722,deficit,3.25,3,1
2026-02-10 03:30:00+00:00,123.3091,-5.454,deficit,3.5,3,1
2026-02-10 03:45:00+00:00,126.2866,-7.545,deficit,3.75,3,1
2026-02-10 04:00:00+00:00,129.0674,-4.831,deficit,4.0,4,1
2026-02-10 04:15:00+00:00,152.375,-0.867,deficit,4.25,4,1
2026-02-10 04:30:00+00:00,113.98,1.123,surplus,4.5,4,1
2026-02-10 04:45:00+00:00,130.6843,-5.466,deficit,4.75,4,1
2026-02-10 05:00:00+00:00,151.229,-12.224,deficit,5.0,5,1
2026-02-10 05:15:00+00:00,174.364,-3.56,deficit,5.25,5,1
2026-02-10 05:30:00+00:00,162.5335,-4.994,deficit,5.5,5,1
2026-02-10 05:45:00+00:00,172.722,-6.468,deficit,5.75,5,1
2026-02-10 06:00:00+00:00,165.1151,-2.969,deficit,6.0,6,1
2026-02-10 06:15:00+00:00,180.378,-1.538,deficit,6.25,6,1
2026-02-10 06:30:00+00:00,190.245,-2.151,deficit,6.5,6,1
2026-02-10 06:45:00+00:00,191.576,-1.758,deficit,6.75,6,1
2026-02-10 07:00:00+00:00,188.584,-5.096,deficit,7.0,7,1
2026-02-10 07:15:00+00:00,190.916,-8.486,deficit,7.25,7,1
2026-02-10 07:30:00+00:00,176.968,-9.026,deficit,7.5,7,1
2026-02-10 07:45:00+00:00,167.937,-2.716,deficit,7.75,7,1
2026-02-10 08:00:00+00:00,141.6954,0.894,surplus,8.0,8,1
2026-02-10 08:15:00+00:00,172.491,-4.47,deficit,8.25,8,1
2026-02-10 08:30:00+00:00,138.6325,0.386,surplus,8.5,8,1
2026-02-10 08:45:00+00:00,150.986,-2.406,deficit,8.75,8,1
2026-02-10 09:00:00+00:00,168.454,-0.265,deficit,9.0,9,1
2026-02-10 09:15:00+00:00,152.867,-2.548,deficit,9.25,9,1
2026-02-10 09:30:00+00:00,148.17,-6.462,deficit,9.5,9,1
2026-02-10 09:45:00+00:00,141.4758,-4.909,deficit,9.75,9,1
2026-02-10 10:00:00+00:00,147.84,-14.396,deficit,10.0,10,1
2026-02-10 10:15:00+00:00,144.749,-4.056,deficit,10.25,10,1
2026-02-10 10:30:00+00:00,138.9227,-18.325,deficit,10.5,10,1
2026-02-10 10:45:00+00:00,154.9723,-24.717,deficit,10.75,10,1
2026-02-10 11:00:00+00:00,138.1431,-16.817,deficit,11.0,11,1
2026-02-10 11:15:00+00:00,136.7963,-10.111,deficit,11.25,11,1
2026-02-10 11:30:00+00:00,137.8579,-15.902,deficit,11.5,11,1
2026-02-10 11:45:00+00:00,141.6551,-18.52,deficit,11.75,11,1
2026-02-10 12:00:00+00:00,145.238,-12.928,deficit,12.0,12,1
2026-02-10 12:15:00+00:00,141.0933,-13.913,deficit,12.25,12,1
2026-02-10 12:30:00+00:00,141.592,-6.734,deficit,12.5,12,1
2026-02-10 12:45:00+00:00,142.274,-10.222,deficit,12.75,12,1
2026-02-10 13:00:00+00:00,152.6057,-19.0,deficit,13.0,13,1
2026-02-10 13:15:00+00:00,161.2184,-23.444,deficit,13.25,13,1
2026-02-10 13:30:00+00:00,165.5007,-30.33,deficit,13.5,13,1
2026-02-10 13:45:00+00:00,186.253,-27.825,deficit,13.75,13,1
2026-02-10 14:00:00+00:00,174.4897,-24.709,deficit,14.0,14,1
2026-02-10 14:15:00+00:00,190.5411,-30.96,deficit,14.25,14,1
2026-02-10 14:30:00+00:00,201.0081,-39.636,deficit,14.5,14,1
2026-02-10 14:45:00+00:00,176.891,-10.736,deficit,14.75,14,1
2026-02-10 15:00:00+00:00,179.547,-20.143,deficit,15.0,15,1
2026-02-10 15:15:00+00:00,212.078,-29.286,deficit,15.25,15,1
2026-02-10 15:30:00+00:00,180.741,-3.787,deficit,15.5,15,1
2026-02-10 15:45:00+00:00,197.637,-5.358,deficit,15.75,15,1
2026-02-10 16:00:00+00:00,187.8595,-12.303,deficit,16.0,16,1
2026-02-10 16:15:00+00:00,187.8595,-19.339,deficit,16.25,16,1
2026-02-10 16:30:00+00:00,195.723,-18.394,deficit,16.5,16,1
2026-02-10 16:45:00+00:00,187.8595,-13.06,deficit,16.75,16,1
2026-02-10 17:00:00+00:00,177.0741,-12.669,deficit,17.0,17,1
2026-02-10 17:15:00+00:00,177.0741,-7.324,deficit,17.25,17,1
2026-02-10 17:30:00+00:00,177.0741,-3.957,deficit,17.5,17,1
2026-02-10 17:45:00+00:00,177.0741,-1.87,deficit,17.75,17,1
2026-02-10 18:00:00+00:00,178.376,-1.593,deficit,18.0,18,1
2026-02-10 18:15:00+00:00,179.3998,-5.299,deficit,18.25,18,1
2026-02-10 18:30:00+00:00,169.0329,-7.041,deficit,18.5,18,1
2026-02-10 18:45:00+00:00,132.52,1.082,surplus,18.75,18,1
2026-02-10 19:00:00+00:00,189.596,-7.847,deficit,19.0,19,1
2026-02-10 19:15:00+00:00,156.6925,-2.784,deficit,19.25,19,1
2026-02-10 19:30:00+00:00,158.613,-8.331,deficit,19.5,19,1
2026-02-10 19:45:00+00:00,152.0924,-3.192,deficit,19.75,19,1
2026-02-10 20:00:00+00:00,140.085,-23.822,deficit,20.0,20,1
2026-02-10 20:15:00+00:00,143.238,-25.786,deficit,20.25,20,1
2026-02-10 20:30:00+00:00,134.1758,-19.74,deficit,20.5,20,1
2026-02-10 20:45:00+00:00,129.492,-13.841,deficit,20.75,20,1
2026-02-10 21:00:00+00:00,127.237,-11.904,deficit,21.0,21,1
2026-02-10 21:15:00+00:00,129.844,-5.45,deficit,21.25,21,1
2026-02-10 21:30:00+00:00,127.204,-6.599,deficit,21.5,21,1
2026-02-10 21:45:00+00:00,122.7152,-14.394,deficit,21.75,21,1
2026-02-10 22:00:00+00:00,123.893,-10.684,deficit,22.0,22,1
2026-02-10 22:15:00+00:00,121.077,-6.671,deficit,22.25,22,1
2026-02-10 22:30:00+00:00,153.352,-8.589,deficit,22.5,22,1
2026-02-10 22:45:00+00:00,110.385,-4.043,deficit,22.75,22,1
2026-02-10 23:00:00+00:00,118.0265,-14.285,deficit,23.0,23,1
2026-02-10 23:15:00+00:00,114.7319,-7.748,deficit,23.25,23,1
2026-02-10 23:30:00+00:00,123.391,-6.449,deficit,23.5,23,1
2026-02-10 23:45:00+00:00,117.1252,-0.433,deficit,23.75,23,1
2026-02-11 00:00:00+00:00,112.354,-1.713,deficit,0.0,0,2
2026-02-11 00:15:00+00:00,112.255,-5.825,deficit,0.25,0,2
2026-02-11 00:30:00+00:00,112.178,-6.05,deficit,0.5,0,2
2026-02-11 00:45:00+00:00,79.142,0.033,surplus,0.75,0,2
2026-02-11 01:00:00+00:00,111.232,-8.899,deficit,1.0,1,2
2026-02-11 01:15:00+00:00,112.243,-7.72,deficit,1.25,1,2
2026-02-11 01:30:00+00:00,111.683,-4.359,deficit,1.5,1,2
2026-02-11 01:45:00+00:00,111.694,-5.577,deficit,1.75,1,2
2026-02-11 02:00:00+00:00,111.342,-5.558,deficit,2.0,2,2
2026-02-11 02:15:00+00:00,111.342,-7.363,deficit,2.25,2,2
2026-02-11 02:30:00+00:00,111.342,-5.582,deficit,2.5,2,2
2026-02-11 02:45:00+00:00,110.462,-6.873,deficit,2.75,2,2
2026-02-11 03:00:00+00:00,111.353,-4.996,deficit,3.0,3,2
2026-02-11 03:15:00+00:00,111.232,-1.095,deficit,3.25,3,2
2026-02-11 03:30:00+00:00,111.353,-2.838,deficit,3.5,3,2
2026-02-11 03:45:00+00:00,111.353,-5.228,deficit,3.75,3,2
2026-02-11 04:00:00+00:00,131.24,-5.738,deficit,4.0,4,2
2026-02-11 04:15:00+00:00,129.37,-8.235,deficit,4.25,4,2
2026-02-11 04:30:00+00:00,126.3625,-7.407,deficit,4.5,4,2
2026-02-11 04:45:00+00:00,128.674,-3.931,deficit,4.75,4,2
2026-02-11 05:00:00+00:00,143.315,-3.304,deficit,5.0,5,2
2026-02-11 05:15:00+00:00,131.4367,-7.031,deficit,5.25,5,2
2026-02-11 05:30:00+00:00,137.4482,-5.511,deficit,5.5,5,2
2026-02-11 05:45:00+00:00,144.628,-5.165,deficit,5.75,5,2
2026-02-11 06:00:00+00:00,153.2309,-17.534,deficit,6.0,6,2
2026-02-11 06:15:00+00:00,153.6878,-0.935,deficit,6.25,6,2
2026-02-11 06:30:00+00:00,157.564,-1.953,deficit,6.5,6,2
2026-02-11 06:45:00+00:00,160.457,-0.053,deficit,6.75,6,2
2026-02-11 07:00:00+00:00,155.98,-5.286,deficit,7.0,7,2
2026-02-11 07:15:00+00:00,160.71,-0.616,deficit,7.25,7,2
2026-02-11 07:30:00+00:00,166.529,-4.494,deficit,7.5,7,2
2026-02-11 07:45:00+00:00,163.1261,-3.504,deficit,7.75,7,2
2026-02-11 08:00:00+00:00,154.627,-3.126,deficit,8.0,8,2
2026-02-11 08:15:00+00:00,93.647,11.386,surplus,8.25,8,2
2026-02-11 08:30:00+00:00,153.912,-0.473,deficit,8.5,8,2
2026-02-11 08:45:00+00:00,150.271,-4.78,deficit,8.75,8,2
2026-02-11 09:00:00+00:00,152.581,-10.303,deficit,9.0,9,2
2026-02-11 09:15:00+00:00,150.458,-5.38,deficit,9.25,9,2
2026-02-11 09:30:00+00:00,149.215,-9.91,deficit,9.5,9,2
2026-02-11 09:45:00+00:00,148.599,-8.22,deficit,9.75,9,2
2026-02-11 10:00:00+00:00,158.356,-19.272,deficit,10.0,10,2
2026-02-11 10:15:00+00:00,158.62,-9.411,deficit,10.25,10,2
2026-02-11 10:30:00+00:00,149.391,-9.174,deficit,10.5,10,2
2026-02-11 10:45:00+00:00,146.5024,-0.645,deficit,10.75,10,2
2026-02-11 11:00:00+00:00,86.901,2.246,surplus,11.0,11,2
2026-02-11 11:15:00+00:00,140.1872,-1.869,deficit,11.25,11,2
2026-02-11 11:30:00+00:00,138.3559,-1.504,deficit,11.5,11,2
2026-02-11 11:45:00+00:00,139.016,-4.115,deficit,11.75,11,2
2026-02-11 12:00:00+00:00,143.88,-15.0,deficit,12.0,12,2
2026-02-11 12:15:00+00:00,142.1651,-9.547,deficit,12.25,12,2
2026-02-11 12:30:00+00:00,142.5347,-1.4,deficit,12.5,12,2
2026-02-11 12:45:00+00:00,75.332,0.886,surplus,12.75,12,2
2026-02-11 13:00:00+00:00,124.5771,0.224,surplus,13.0,13,2
2026-02-11 13:15:00+00:00,140.063,-3.458,deficit,13.25,13,2
2026-02-11 13:30:00+00:00,126.841,2.381,surplus,13.5,13,2
2026-02-11 13:45:00+00:00,37.73,7.357,surplus,13.75,13,2
2026-02-11 14:00:00+00:00,143.4972,-1.255,deficit,14.0,14,2
2026-02-11 14:15:00+00:00,87.407,1.416,surplus,14.25,14,2
2026-02-11 14:30:00+00:00,147.4534,-3.452,deficit,14.5,14,2
2026-02-11 14:45:00+00:00,152.273,-4.988,deficit,14.75,14,2
2026-02-11 15:00:00+00:00,92.43,9.735,surplus,15.0,15,2
2026-02-11 15:15:00+00:00,158.1679,-2.611,deficit,15.25,15,2
2026-02-11 15:30:00+00:00,95.609,4.071,surplus,15.5,15,2
2026-02-11 15:45:00+00:00,105.105,0.091,surplus,15.75,15,2
2026-02-11 16:00:00+00:00,101.407,5.634,surplus,16.0,16,2
2026-02-11 16:15:00+00:00,161.6774,-11.801,deficit,16.25,16,2
2026-02-11 16:30:00+00:00,161.172,-4.846,deficit,16.5,16,2
2026-02-11 16:45:00+00:00,159.951,-11.929,deficit,16.75,16,2
2026-02-11 17:00:00+00:00,154.71,-4.996,deficit,17.0,17,2
2026-02-11 17:15:00+00:00,155.3934,-11.407,deficit,17.25,17,2
2026-02-11 17:30:00+00:00,155.5356,-11.006,deficit,17.5,17,2
2026-02-11 17:45:00+00:00,154.5739,-1.202,deficit,17.75,17,2
2026-02-11 18:00:00+00:00,114.927,2.196,surplus,18.0,18,2
2026-02-11 18:15:00+00:00,149.721,-5.214,deficit,18.25,18,2
2026-02-11 18:30:00+00:00,147.752,-1.655,deficit,18.5,18,2
2026-02-11 18:45:00+00:00,141.339,-3.19,deficit,18.75,18,2
2026-02-11 19:00:00+00:00,144.276,-8.423,deficit,19.0,19,2
2026-02-11 19:15:00+00:00,141.2361,-25.789,deficit,19.25,19,2
2026-02-11 19:30:00+00:00,145.604,-20.476,deficit,19.5,19,2
2026-02-11 19:45:00+00:00,175.748,-10.233,deficit,19.75,19,2
2026-02-11 20:00:00+00:00,155.243,-20.758,deficit,20.0,20,2
2026-02-11 20:15:00+00:00,147.0217,-24.515,deficit,20.25,20,2
2026-02-11 20:30:00+00:00,142.0309,-16.01,deficit,20.5,20,2
2026-02-11 20:45:00+00:00,85.885,0.185,surplus,20.75,20,2
2026-02-11 21:00:00+00:00,131.9267,-5.707,deficit,21.0,21,2
2026-02-11 21:15:00+00:00,134.7523,-18.998,deficit,21.25,21,2
2026-02-11 21:30:00+00:00,129.2499,-11.583,deficit,21.5,21,2
2026-02-11 21:45:00+00:00,125.1723,-1.422,deficit,21.75,21,2
2026-02-11 22:00:00+00:00,125.4128,-13.289,deficit,22.0,22,2
2026-02-11 22:15:00+00:00,133.6992,-16.875,deficit,22.25,22,2
2026-02-11 22:30:00+00:00,123.9948,-3.391,deficit,22.5,22,2
2026-02-11 22:45:00+00:00,57.259,3.522,surplus,22.75,22,2
2026-02-11 23:00:00+00:00,114.6343,-8.436,deficit,23.0,23,2
2026-02-11 23:15:00+00:00,114.6343,-9.032,deficit,23.25,23,2
2026-02-11 23:30:00+00:00,114.6343,-8.285,deficit,23.5,23,2
2026-02-11 23:45:00+00:00,114.6343,-5.924,deficit,23.75,23,2
2026-02-12 00:00:00+00:00,114.3858,-1.771,deficit,0.0,0,3
2026-02-12 00:15:00+00:00,114.3858,-0.464,deficit,0.25,0,3
2026-02-12 00:30:00+00:00,114.3858,-1.89,deficit,0.5,0,3
2026-02-12 00:45:00+00:00,79.844,2.898,surplus,0.75,0,3
2026-02-12 01:00:00+00:00,111.4996,-1.64,deficit,1.0,1,3
2026-02-12 01:15:00+00:00,111.4996,-1.351,deficit,1.25,1,3
2026-02-12 01:30:00+00:00,113.147,-4.296,deficit,1.5,1,3
2026-02-12 01:45:00+00:00,91.83,2.467,surplus,1.75,1,3
2026-02-12 02:00:00+00:00,112.8609,-0.544,deficit,2.0,2,3
2026-02-12 02:15:00+00:00,112.8609,-1.757,deficit,2.25,2,3
2026-02-12 02:30:00+00:00,112.8609,-0.521,deficit,2.5,2,3
2026-02-12 02:45:00+00:00,112.8609,-0.571,deficit,2.75,2,3
2026-02-12 03:00:00+00:00,116.6929,-2.527,deficit,3.0,3,3
2026-02-12 03:15:00+00:00,116.6929,-5.812,deficit,3.25,3,3
2026-02-12 03:30:00+00:00,116.6929,-9.271,deficit,3.5,3,3
2026-02-12 03:45:00+00:00,120.7408,-6.772,deficit,3.75,3,3
2026-02-12 04:00:00+00:00,118.4182,-4.344,deficit,4.0,4,3
2026-02-12 04:15:00+00:00,118.4182,-9.403,deficit,4.25,4,3
2026-02-12 04:30:00+00:00,118.4182,-7.81,deficit,4.5,4,3
2026-02-12 04:45:00+00:00,119.416,-15.727,deficit,4.75,4,3
2026-02-12 05:00:00+00:00,138.6807,-0.004,deficit,5.0,5,3
2026-02-12 05:15:00+00:00,140.0211,-5.269,deficit,5.25,5,3
2026-02-12 05:30:00+00:00,143.154,-4.497,deficit,5.5,5,3
2026-02-12 05:45:00+00:00,144.628,-5.574,deficit,5.75,5,3
2026-02-12 06:00:00+00:00,154.5978,-5.697,deficit,6.0,6,3
2026-02-12 06:15:00+00:00,155.6699,-5.519,deficit,6.25,6,3
2026-02-12 06:30:00+00:00,154.7042,-2.251,deficit,6.5,6,3
2026-02-12 06:45:00+00:00,155.7745,-0.997,deficit,6.75,6,3
2026-02-12 07:00:00+00:00,87.029,0.794,surplus,7.0,7,3
2026-02-12 07:15:00+00:00,83.378,3.143,surplus,7.25,7,3
2026-02-12 07:30:00+00:00,78.598,2.381,surplus,7.5,7,3
2026-02-12 07:45:00+00:00,71.275,0.968,surplus,7.75,7,3
2026-02-12 08:00:00+00:00,153.428,-5.291,deficit,8.0,8,3
2026-02-12 08:15:00+00:00,143.451,-2.148,deficit,8.25,8,3
2026-02-12 08:30:00+00:00,137.091,-0.214,deficit,8.5,8,3
2026-02-12 08:45:00+00:00,75.696,5.137,surplus,8.75,8,3
2026-02-12 09:00:00+00:00,144.034,-1.002,deficit,9.0,9,3
2026-02-12 09:15:00+00:00,96.131,1.682,surplus,9.25,9,3
2026-02-12 09:30:00+00:00,107.7297,7.048,surplus,9.5,9,3
2026-02-12 09:45:00+00:00,100.498,16.172,surplus,9.75,9,3
2026-02-12 10:00:00+00:00,98.4335,8.303,surplus,10.0,10,3
2026-02-12 10:15:00+00:00,76.611,19.477,surplus,10.25,10,3
2026-02-12 10:30:00+00:00,92.877,12.507,surplus,10.5,10,3
2026-02-12 10:45:00+00:00,89.392,15.011,surplus,10.75,10,3
2026-02-12 11:00:00+00:00,74.863,20.213,surplus,11.0,11,3
2026-02-12 11:15:00+00:00,68.99,21.847,surplus,11.25,11,3
2026-02-12 11:30:00+00:00,74.671,21.281,surplus,11.5,11,3
2026-02-12 11:45:00+00:00,83.09,21.443,surplus,11.75,11,3
2026-02-12 12:00:00+00:00,78.162,8.012,surplus,12.0,12,3
2026-02-12 12:15:00+00:00,82.415,5.758,surplus,12.25,12,3
2026-02-12 12:30:00+00:00,84.433,7.38,surplus,12.5,12,3
2026-02-12 12:45:00+00:00,97.337,6.153,surplus,12.75,12,3
2026-02-12 13:00:00+00:00,86.672,13.481,surplus,13.0,13,3
2026-02-12 13:15:00+00:00,86.496,2.408,surplus,13.25,13,3
2026-02-12 13:30:00+00:00,131.956,-1.207,deficit,13.5,13,3
2026-02-12 13:45:00+00:00,142.538,-5.84,deficit,13.75,13,3
2026-02-12 14:00:00+00:00,126.5786,-0.767,deficit,14.0,14,3
2026-02-12 14:15:00+00:00,132.33,-2.424,deficit,14.25,14,3
2026-02-12 14:30:00+00:00,153.384,-1.4,deficit,14.5,14,3
2026-02-12 14:45:00+00:00,165.627,-4.398,deficit,14.75,14,3
2026-02-12 15:00:00+00:00,141.7597,-2.318,deficit,15.0,15,3
2026-02-12 15:15:00+00:00,150.238,-1.978,deficit,15.25,15,3
2026-02-12 15:30:00+00:00,161.447,-8.52,deficit,15.5,15,3
2026-02-12 15:45:00+00:00,173.305,-0.776,deficit,15.75,15,3
2026-02-12 16:00:00+00:00,164.5959,-21.847,deficit,16.0,16,3
2026-02-12 16:15:00+00:00,168.025,-19.719,deficit,16.25,16,3
2026-02-12 16:30:00+00:00,172.997,-19.2,deficit,16.5,16,3
2026-02-12 16:45:00+00:00,171.204,-10.809,deficit,16.75,16,3
2026-02-12 17:00:00+00:00,106.734,2.547,surplus,17.0,17,3
2026-02-12 17:15:00+00:00,90.795,5.841,surplus,17.25,17,3
2026-02-12 17:30:00+00:00,101.641,2.308,surplus,17.5,17,3
2026-02-12 17:45:00+00:00,150.326,-4.339,deficit,17.75,17,3
2026-02-12 18:00:00+00:00,187.3973,-20.227,deficit,18.0,18,3
2026-02-12 18:15:00+00:00,187.3973,-27.593,deficit,18.25,18,3
2026-02-12 18:30:00+00:00,187.3973,-26.155,deficit,18.5,18,3
2026-02-12 18:45:00+00:00,187.3973,-11.766,deficit,18.75,18,3
2026-02-12 19:00:00+00:00,125.01,3.74,surplus,19.0,19,3
2026-02-12 19:15:00+00:00,148.863,-8.793,deficit,19.25,19,3
2026-02-12 19:30:00+00:00,139.051,-0.8,deficit,19.5,19,3
2026-02-12 19:45:00+00:00,137.1749,-2.168,deficit,19.75,19,3
2026-02-12 20:00:00+00:00,131.725,-8.271,deficit,20.0,20,3
2026-02-12 20:15:00+00:00,133.034,-8.433,deficit,20.25,20,3
2026-02-12 20:30:00+00:00,69.59,2.201,surplus,20.5,20,3
2026-02-12 20:45:00+00:00,49.783,19.882,surplus,20.75,20,3
2026-02-12 21:00:00+00:00,74.194,13.588,surplus,21.0,21,3
2026-02-12 21:15:00+00:00,85.9664,5.126,surplus,21.25,21,3
2026-02-12 21:30:00+00:00,84.1661,6.763,surplus,21.5,21,3
2026-02-12 21:45:00+00:00,81.3716,7.479,surplus,21.75,21,3
2026-02-12 22:00:00+00:00,70.408,2.178,surplus,22.0,22,3
2026-02-12 22:15:00+00:00,53.747,0.755,surplus,22.25,22,3
2026-02-12 22:30:00+00:00,101.959,-2.031,deficit,22.5,22,3
2026-02-12 22:45:00+00:00,97.119,-2.009,deficit,22.75,22,3
2026-02-12 23:00:00+00:00,100.562,-3.464,deficit,23.0,23,3
2026-02-12 23:15:00+00:00,98.637,-0.301,deficit,23.25,23,3
2026-02-12 23:30:00+00:00,99.297,-6.708,deficit,23.5,23,3
2026-02-12 23:45:00+00:00,97.427,-10.456,deficit,23.75,23,3
2026-02-13 00:00:00+00:00,99.088,-9.381,deficit,0.0,0,4
2026-02-13 00:15:00+00:00,99.429,-5.13,deficit,0.25,0,4
2026-02-13 00:30:00+00:00,99.0,-9.279,deficit,0.5,0,4
2026-02-13 00:45:00+00:00,99.099,-6.72,deficit,0.75,0,4
2026-02-13 01:00:00+00:00,72.0,4.535,surplus,1.0,1,4
2026-02-13 01:15:00+00:00,77.719,7.069,surplus,1.25,1,4
2026-02-13 01:30:00+00:00,20.899,4.244,surplus,1.5,1,4
2026-02-13 01:45:00+00:00,59.977,1.425,surplus,1.75,1,4
2026-02-13 02:00:00+00:00,82.844,4.643,surplus,2.0,2,4
2026-02-13 02:15:00+00:00,82.028,9.912,surplus,2.25,2,4
2026-02-13 02:30:00+00:00,71.727,11.942,surplus,2.5,2,4
2026-02-13 02:45:00+00:00,62.182,2.856,surplus,2.75,2,4
2026-02-13 03:00:00+00:00,69.384,3.751,surplus,3.0,3,4
2026-02-13 03:15:00+00:00,77.04,10.045,surplus,3.25,3,4
2026-02-13 03:30:00+00:00,77.389,7.078,surplus,3.5,3,4
2026-02-13 03:45:00+00:00,66.521,4.772,surplus,3.75,3,4
2026-02-13 04:00:00+00:00,88.5177,5.271,surplus,4.0,4,4
2026-02-13 04:15:00+00:00,72.481,16.152,surplus,4.25,4,4
2026-02-13 04:30:00+00:00,88.5177,17.773,surplus,4.5,4,4
2026-02-13 04:45:00+00:00,75.141,4.253,surplus,4.75,4,4
2026-02-13 05:00:00+00:00,50.806,3.719,surplus,5.0,5,4
2026-02-13 05:15:00+00:00,80.849,12.227,surplus,5.25,5,4
2026-02-13 05:30:00+00:00,77.179,14.831,surplus,5.5,5,4
2026-02-13 05:45:00+00:00,95.9071,5.102,surplus,5.75,5,4
2026-02-13 06:00:00+00:00,135.675,-0.986,deficit,6.0,6,4
2026-02-13 06:15:00+00:00,134.42,-6.833,deficit,6.25,6,4
2026-02-13 06:30:00+00:00,137.39,-0.256,deficit,6.5,6,4
2026-02-13 06:45:00+00:00,112.807,3.37,surplus,6.75,6,4
2026-02-13 07:00:00+00:00,103.054,2.472,surplus,7.0,7,4
2026-02-13 07:15:00+00:00,77.729,2.51,surplus,7.25,7,4
2026-02-13 07:30:00+00:00,121.9317,3.346,surplus,7.5,7,4
2026-02-13 07:45:00+00:00,95.831,8.278,surplus,7.75,7,4
2026-02-13 08:00:00+00:00,101.404,18.645,surplus,8.0,8,4
2026-02-13 08:15:00+00:00,80.385,17.158,surplus,8.25,8,4
2026-02-13 08:30:00+00:00,91.334,18.154,surplus,8.5,8,4
2026-02-13 08:45:00+00:00,78.677,12.755,surplus,8.75,8,4
2026-02-13 09:00:00+00:00,88.449,12.27,surplus,9.0,9,4
2026-02-13 09:15:00+00:00,88.935,15.242,surplus,9.25,9,4
2026-02-13 09:30:00+00:00,75.996,16.569,surplus,9.5,9,4
2026-02-13 09:45:00+00:00,85.4421,21.985,surplus,9.75,9,4
2026-02-13 10:00:00+00:00,62.547,23.797,surplus,10.0,10,4
2026-02-13 10:15:00+00:00,76.347,16.886,surplus,10.25,10,4
2026-02-13 10:30:00+00:00,67.094,8.905,surplus,10.5,10,4
2026-02-13 10:45:00+00:00,91.6831,4.718,surplus,10.75,10,4
2026-02-13 11:00:00+00:00,109.802,-0.45,deficit,11.0,11,4
2026-02-13 11:15:00+00:00,69.8264,5.409,surplus,11.25,11,4
2026-02-13 11:30:00+00:00,76.6365,0.775,surplus,11.5,11,4
2026-02-13 11:45:00+00:00,107.91,-9.755,deficit,11.75,11,4
2026-02-13 12:00:00+00:00,69.5751,21.763,surplus,12.0,12,4
2026-02-13 12:15:00+00:00,68.5734,14.833,surplus,12.25,12,4
2026-02-13 12:30:00+00:00,117.732,-1.159,deficit,12.5,12,4
2026-02-13 12:45:00+00:00,110.836,-0.882,deficit,12.75,12,4
2026-02-13 13:00:00+00:00,94.72,6.506,surplus,13.0,13,4
2026-02-13 13:15:00+00:00,76.9364,11.604,surplus,13.25,13,4
2026-02-13 13:30:00+00:00,81.2284,12.667,surplus,13.5,13,4
2026-02-13 13:45:00+00:00,85.7497,23.757,surplus,13.75,13,4
2026-02-13 14:00:00+00:00,96.378,19.653,surplus,14.0,14,4
2026-02-13 14:15:00+00:00,90.587,18.122,surplus,14.25,14,4
2026-02-13 14:30:00+00:00,74.332,16.03,surplus,14.5,14,4
2026-02-13 14:45:00+00:00,100.534,24.504,surplus,14.75,14,4
2026-02-13 15:00:00+00:00,91.119,20.351,surplus,15.0,15,4
2026-02-13 15:15:00+00:00,99.925,11.806,surplus,15.25,15,4
2026-02-13 15:30:00+00:00,88.101,8.651,surplus,15.5,15,4
2026-02-13 15:45:00+00:00,77.38,10.857,surplus,15.75,15,4
2026-02-13 16:00:00+00:00,63.916,22.64,surplus,16.0,16,4
2026-02-13 16:15:00+00:00,63.528,11.159,surplus,16.25,16,4
2026-02-13 16:30:00+00:00,102.148,3.165,surplus,16.5,16,4
2026-02-13 16:45:00+00:00,84.95,13.751,surplus,16.75,16,4
2026-02-13 17:00:00+00:00,82.312,6.337,surplus,17.0,17,4
2026-02-13 17:15:00+00:00,90.662,1.313,surplus,17.25,17,4
2026-02-13 17:30:00+00:00,145.2127,-0.766,deficit,17.5,17,4
2026-02-13 17:45:00+00:00,140.8325,-3.914,deficit,17.75,17,4
2026-02-13 18:00:00+00:00,89.82,4.16,surplus,18.0,18,4
2026-02-13 18:15:00+00:00,84.186,9.817,surplus,18.25,18,4
2026-02-13 18:30:00+00:00,94.831,8.986,surplus,18.5,18,4
2026-02-13 18:45:00+00:00,94.798,8.931,surplus,18.75,18,4
2026-02-13 19:00:00+00:00,90.531,2.614,surplus,19.0,19,4
2026-02-13 19:15:00+00:00,90.26,7.474,surplus,19.25,19,4
2026-02-13 19:30:00+00:00,93.274,2.063,surplus,19.5,19,4
2026-02-13 19:45:00+00:00,78.368,4.836,surplus,19.75,19,4
2026-02-13 20:00:00+00:00,146.63,-0.321,deficit,20.0,20,4
2026-02-13 20:15:00+00:00,142.692,-0.988,deficit,20.25,20,4
2026-02-13 20:30:00+00:00,85.48,0.088,surplus,20.5,20,4
2026-02-13 20:45:00+00:00,65.154,6.463,surplus,20.75,20,4
2026-02-13 21:00:00+00:00,139.557,-1.508,deficit,21.0,21,4
2026-02-13 21:15:00+00:00,129.338,-4.289,deficit,21.25,21,4
2026-02-13 21:30:00+00:00,121.913,-1.657,deficit,21.5,21,4
2026-02-13 21:45:00+00:00,60.349,3.015,surplus,21.75,21,4
2026-02-13 22:00:00+00:00,121.715,-3.476,deficit,22.0,22,4
2026-02-13 22:15:00+00:00,118.591,-0.591,deficit,22.25,22,4
2026-02-13 22:30:00+00:00,125.968,-3.544,deficit,22.5,22,4
2026-02-13 22:45:00+00:00,78.448,0.765,surplus,22.75,22,4
2026-02-13 23:00:00+00:00,118.778,-3.312,deficit,23.0,23,4
2026-02-13 23:15:00+00:00,81.97,2.994,surplus,23.25,23,4
2026-02-13 23:30:00+00:00,93.3416,4.029,surplus,23.5,23,4
2026-02-13 23:45:00+00:00,84.327,2.092,surplus,23.75,23,4
2026-02-14 00:00:00+00:00,92.284,1.774,surplus,0.0,0,5
2026-02-14 00:15:00+00:00,92.7427,5.225,surplus,0.25,0,5
2026-02-14 00:30:00+00:00,85.405,2.644,surplus,0.5,0,5
2026-02-14 00:45:00+00:00,86.882,4.797,surplus,0.75,0,5
2026-02-14 01:00:00+00:00,56.798,1.016,surplus,1.0,1,5
2026-02-14 01:15:00+00:00,104.236,-0.216,deficit,1.25,1,5
2026-02-14 01:30:00+00:00,102.553,-2.355,deficit,1.5,1,5
2026-02-14 01:45:00+00:00,89.7939,1.373,surplus,1.75,1,5
2026-02-14 02:00:00+00:00,92.1815,0.618,surplus,2.0,2,5
2026-02-14 02:15:00+00:00,92.1815,1.074,surplus,2.25,2,5
2026-02-14 02:30:00+00:00,103.213,-1.282,deficit,2.5,2,5
2026-02-14 02:45:00+00:00,102.157,-0.034,deficit,2.75,2,5
2026-02-14 03:00:00+00:00,87.145,9.408,surplus,3.0,3,5
2026-02-14 03:15:00+00:00,83.15,4.174,surplus,3.25,3,5
2026-02-14 03:30:00+00:00,91.3795,10.193,surplus,3.5,3,5
2026-02-14 03:45:00+00:00,91.3795,7.964,surplus,3.75,3,5
2026-02-14 04:00:00+00:00,89.1997,3.392,surplus,4.0,4,5
2026-02-14 04:15:00+00:00,81.287,2.899,surplus,4.25,4,5
2026-02-14 04:30:00+00:00,80.892,1.63,surplus,4.5,4,5
2026-02-14 04:45:00+00:00,88.5917,0.715,surplus,4.75,4,5
2026-02-14 05:00:00+00:00,88.9918,6.427,surplus,5.0,5,5
2026-02-14 05:15:00+00:00,81.317,6.425,surplus,5.25,5,5
2026-02-14 05:30:00+00:00,79.809,2.147,surplus,5.5,5,5
2026-02-14 05:45:00+00:00,90.7071,2.316,surplus,5.75,5,5
2026-02-14 06:00:00+00:00,106.359,-2.049,deficit,6.0,6,5
2026-02-14 06:15:00+00:00,106.271,-3.189,deficit,6.25,6,5
2026-02-14 06:30:00+00:00,110.484,-2.606,deficit,6.5,6,5
2026-02-14 06:45:00+00:00,114.048,-3.038,deficit,6.75,6,5
2026-02-14 07:00:00+00:00,116.692,-1.303,deficit,7.0,7,5
2026-02-14 07:15:00+00:00,63.041,1.86,surplus,7.25,7,5
2026-02-14 07:30:00+00:00,93.083,1.518,surplus,7.5,7,5
2026-02-14 07:45:00+00:00,96.2936,1.925,surplus,7.75,7,5
2026-02-14 08:00:00+00:00,100.7909,0.231,surplus,8.0,8,5
2026-02-14 08:15:00+00:00,100.8584,2.969,surplus,8.25,8,5
2026-02-14 08:30:00+00:00,100.831,2.017,surplus,8.5,8,5
2026-02-14 08:45:00+00:00,127.842,-1.466,deficit,8.75,8,5
2026-02-14 09:00:00+00:00,102.3358,3.868,surplus,9.0,9,5
2026-02-14 09:15:00+00:00,67.692,0.591,surplus,9.25,9,5
2026-02-14 09:30:00+00:00,126.159,-0.372,deficit,9.5,9,5
2026-02-14 09:45:00+00:00,85.851,8.668,surplus,9.75,9,5
2026-02-14 10:00:00+00:00,91.892,12.272,surplus,10.0,10,5
2026-02-14 10:15:00+00:00,53.294,13.995,surplus,10.25,10,5
2026-02-14 10:30:00+00:00,92.857,11.089,surplus,10.5,10,5
2026-02-14 10:45:00+00:00,57.627,13.485,surplus,10.75,10,5
2026-02-14 11:00:00+00:00,77.144,13.542,surplus,11.0,11,5
2026-02-14 11:15:00+00:00,99.4901,14.229,surplus,11.25,11,5
2026-02-14 11:30:00+00:00,97.628,14.531,surplus,11.5,11,5
2026-02-14 11:45:00+00:00,82.114,18.495,surplus,11.75,11,5
2026-02-14 12:00:00+00:00,96.2396,3.726,surplus,12.0,12,5
2026-02-14 12:15:00+00:00,81.982,0.652,surplus,12.25,12,5
2026-02-14 12:30:00+00:00,98.8794,2.174,surplus,12.5,12,5
2026-02-14 12:45:00+00:00,99.1396,0.756,surplus,12.75,12,5
2026-02-14 13:00:00+00:00,114.8465,-4.582,deficit,13.0,13,5
2026-02-14 13:15:00+00:00,139.028,-2.757,deficit,13.25,13,5
2026-02-14 13:30:00+00:00,138.714,-3.266,deficit,13.5,13,5
2026-02-14 13:45:00+00:00,149.452,-1.762,deficit,13.75,13,5
2026-02-14 14:00:00+00:00,149.731,-3.947,deficit,14.0,14,5
2026-02-14 14:15:00+00:00,151.024,-8.433,deficit,14.25,14,5
2026-02-14 14:30:00+00:00,149.834,-4.155,deficit,14.5,14,5
2026-02-14 14:45:00+00:00,136.931,-4.986,deficit,14.75,14,5
2026-02-14 15:00:00+00:00,141.603,-0.679,deficit,15.0,15,5
2026-02-14 15:15:00+00:00,154.891,-1.432,deficit,15.25,15,5
2026-02-14 15:30:00+00:00,103.372,4.596,surplus,15.5,15,5
2026-02-14 15:45:00+00:00,108.574,6.452,surplus,15.75,15,5
2026-02-14 16:00:00+00:00,91.663,4.185,surplus,16.0,16,5
2026-02-14 16:15:00+00:00,105.699,0.358,surplus,16.25,16,5
2026-02-14 16:30:00+00:00,99.5,4.933,surplus,16.5,16,5
2026-02-14 16:45:00+00:00,79.008,1.516,surplus,16.75,16,5
2026-02-14 17:00:00+00:00,162.987,-1.46,deficit,17.0,17,5
2026-02-14 17:15:00+00:00,100.108,1.625,surplus,17.25,17,5
2026-02-14 17:30:00+00:00,100.741,3.021,surplus,17.5,17,5
2026-02-14 17:45:00+00:00,146.289,-1.723,deficit,17.75,17,5
2026-02-14 18:00:00+00:00,79.874,5.566,surplus,18.0,18,5
2026-02-14 18:15:00+00:00,77.822,2.308,surplus,18.25,18,5
2026-02-14 18:30:00+00:00,114.581,0.987,surplus,18.5,18,5
2026-02-14 18:45:00+00:00,102.316,4.648,surplus,18.75,18,5
2026-02-14 19:00:00+00:00,119.484,2.578,surplus,19.0,19,5
2026-02-14 19:15:00+00:00,92.711,1.797,surplus,19.25,19,5
2026-02-14 19:30:00+00:00,144.308,-1.387,deficit,19.5,19,5
2026-02-14 19:45:00+00:00,134.013,-1.942,deficit,19.75,19,5
2026-02-14 20:00:00+00:00,144.639,-2.66,deficit,20.0,20,5
2026-02-14 20:15:00+00:00,140.302,-3.986,deficit,20.25,20,5
2026-02-14 20:30:00+00:00,138.422,-1.939,deficit,20.5,20,5
2026-02-14 20:45:00+00:00,82.282,3.707,surplus,20.75,20,5
2026-02-14 21:00:00+00:00,110.0601,1.864,surplus,21.0,21,5
2026-02-14 21:15:00+00:00,104.316,0.963,surplus,21.25,21,5
2026-02-14 21:30:00+00:00,121.132,-0.567,deficit,21.5,21,5
2026-02-14 21:45:00+00:00,119.801,-0.93,deficit,21.75,21,5
2026-02-14 22:00:00+00:00,118.085,-0.195,deficit,22.0,22,5
2026-02-14 22:15:00+00:00,100.296,2.978,surplus,22.25,22,5
2026-02-14 22:30:00+00:00,90.678,2.379,surplus,22.5,22,5
2026-02-14 22:45:00+00:00,97.79,1.738,surplus,22.75,22,5
2026-02-14 23:00:00+00:00,122.034,-1.94,deficit,23.0,23,5
2026-02-14 23:15:00+00:00,116.622,-2.225,deficit,23.25,23,5
2026-02-14 23:30:00+00:00,119.13,-1.341,deficit,23.5,23,5
2026-02-14 23:45:00+00:00,75.631,1.677,surplus,23.75,23,5
2026-02-15 00:00:00+00:00,120.659,-1.286,deficit,0.0,0,6
2026-02-15 00:15:00+00:00,98.6957,1.054,surplus,0.25,0,6
2026-02-15 00:30:00+00:00,98.6957,0.361,surplus,0.5,0,6
2026-02-15 00:45:00+00:00,91.414,3.781,surplus,0.75,0,6
2026-02-15 01:00:00+00:00,75.961,0.266,surplus,1.0,1,6
2026-02-15 01:15:00+00:00,97.9667,1.275,surplus,1.25,1,6
2026-02-15 01:30:00+00:00,60.38,3.209,surplus,1.5,1,6
2026-02-15 01:45:00+00:00,119.856,-0.173,deficit,1.75,1,6
2026-02-15 02:00:00+00:00,96.549,0.557,surplus,2.0,2,6
2026-02-15 02:15:00+00:00,122.958,-1.096,deficit,2.25,2,6
2026-02-15 02:30:00+00:00,119.823,-1.944,deficit,2.5,2,6
2026-02-15 02:45:00+00:00,118.701,-3.838,deficit,2.75,2,6
2026-02-15 03:00:00+00:00,92.067,0.027,surplus,3.0,3,6
2026-02-15 03:15:00+00:00,80.805,0.581,surplus,3.25,3,6
2026-02-15 03:30:00+00:00,133.541,-1.215,deficit,3.5,3,6
2026-02-15 03:45:00+00:00,96.4968,0.444,surplus,3.75,3,6
2026-02-15 04:00:00+00:00,53.559,2.617,surplus,4.0,4,6
2026-02-15 04:15:00+00:00,58.638,1.092,surplus,4.25,4,6
2026-02-15 04:30:00+00:00,56.585,0.412,surplus,4.5,4,6
2026-02-15 04:45:00+00:00,56.228,1.285,surplus,4.75,4,6
2026-02-15 05:00:00+00:00,64.717,2.382,surplus,5.0,5,6
2026-02-15 05:15:00+00:00,77.557,4.216,surplus,5.25,5,6
2026-02-15 05:30:00+00:00,87.358,0.599,surplus,5.5,5,6
2026-02-15 05:45:00+00:00,117.436,-0.037,deficit,5.75,5,6
2026-02-15 06:00:00+00:00,82.857,4.829,surplus,6.0,6,6
2026-02-15 06:15:00+00:00,116.534,-0.063,deficit,6.25,6,6
2026-02-15 06:30:00+00:00,116.941,-1.279,deficit,6.5,6,6
2026-02-15 06:45:00+00:00,95.2776,2.305,surplus,6.75,6,6
2026-02-15 07:00:00+00:00,94.5332,5.463,surplus,7.0,7,6
2026-02-15 07:15:00+00:00,88.084,3.193,surplus,7.25,7,6
2026-02-15 07:30:00+00:00,86.554,3.512,surplus,7.5,7,6
2026-02-15 07:45:00+00:00,59.174,1.301,surplus,7.75,7,6
2026-02-15 08:00:00+00:00,123.937,-6.203,deficit,8.0,8,6
2026-02-15 08:15:00+00:00,118.162,-3.398,deficit,8.25,8,6
2026-02-15 08:30:00+00:00,113.982,-4.616,deficit,8.5,8,6
2026-02-15 08:45:00+00:00,105.578,-2.551,deficit,8.75,8,6
2026-02-15 09:00:00+00:00,115.335,-1.36,deficit,9.0,9,6
2026-02-15 09:15:00+00:00,113.427,-5.995,deficit,9.25,9,6
2026-02-15 09:30:00+00:00,134.588,-1.696,deficit,9.5,9,6
2026-02-15 09:45:00+00:00,91.0946,-1.462,deficit,9.75,9,6
2026-02-15 10:00:00+00:00,99.33,-0.265,deficit,10.0,10,6
2026-02-15 10:15:00+00:00,78.962,2.835,surplus,10.25,10,6
2026-02-15 10:30:00+00:00,149.461,-1.41,deficit,10.5,10,6
2026-02-15 10:45:00+00:00,105.965,-1.104,deficit,10.75,10,6
2026-02-15 11:00:00+00:00,101.319,-2.187,deficit,11.0,11,6
2026-02-15 11:15:00+00:00,85.613,-4.994,deficit,11.25,11,6
2026-02-15 11:30:00+00:00,79.882,-1.124,deficit,11.5,11,6
2026-02-15 11:45:00+00:00,76.3192,-4.796,deficit,11.75,11,6
2026-02-15 12:00:00+00:00,95.295,-1.464,deficit,12.0,12,6
2026-02-15 12:15:00+00:00,64.5849,1.929,surplus,12.25,12,6
2026-02-15 12:30:00+00:00,63.0792,7.675,surplus,12.5,12,6
2026-02-15 12:45:00+00:00,48.746,0.592,surplus,12.75,12,6
2026-02-15 13:00:00+00:00,66.7042,3.082,surplus,13.0,13,6
2026-02-15 13:15:00+00:00,67.7507,6.588,surplus,13.25,13,6
2026-02-15 13:30:00+00:00,70.6774,5.068,surplus,13.5,13,6
2026-02-15 13:45:00+00:00,70.7943,1.782,surplus,13.75,13,6
2026-02-15 14:00:00+00:00,71.31,10.998,surplus,14.0,14,6
2026-02-15 14:15:00+00:00,74.4905,3.651,surplus,14.25,14,6
2026-02-15 14:30:00+00:00,76.1847,0.257,surplus,14.5,14,6
2026-02-15 14:45:00+00:00,78.2709,5.369,surplus,14.75,14,6
2026-02-15 15:00:00+00:00,82.07,2.421,surplus,15.0,15,6
2026-02-15 15:15:00+00:00,93.9602,8.698,surplus,15.25,15,6
2026-02-15 15:30:00+00:00,94.1898,9.709,surplus,15.5,15,6
2026-02-15 15:45:00+00:00,96.3042,13.062,surplus,15.75,15,6
2026-02-15 16:00:00+00:00,92.394,15.745,surplus,16.0,16,6
2026-02-15 16:15:00+00:00,99.607,1.667,surplus,16.25,16,6
2026-02-15 16:30:00+00:00,116.5862,5.035,surplus,16.5,16,6
2026-02-15 16:45:00+00:00,96.933,0.332,surplus,16.75,16,6
2026-02-15 17:00:00+00:00,135.102,-0.383,deficit,17.0,17,6
2026-02-15 17:15:00+00:00,138.743,-2.983,deficit,17.25,17,6
2026-02-15 17:30:00+00:00,139.711,-3.864,deficit,17.5,17,6
2026-02-15 17:45:00+00:00,140.261,-3.306,deficit,17.75,17,6
2026-02-15 18:00:00+00:00,139.403,-6.066,deficit,18.0,18,6
2026-02-15 18:15:00+00:00,143.66,-5.924,deficit,18.25,18,6
2026-02-15 18:30:00+00:00,142.835,-2.902,deficit,18.5,18,6
2026-02-15 18:45:00+00:00,97.361,0.735,surplus,18.75,18,6
2026-02-15 19:00:00+00:00,146.135,-3.49,deficit,19.0,19,6
2026-02-15 19:15:00+00:00,143.935,-5.579,deficit,19.25,19,6
2026-02-15 19:30:00+00:00,132.858,-6.866,deficit,19.5,19,6
2026-02-15 19:45:00+00:00,125.4058,-5.638,deficit,19.75,19,6
2026-02-15 20:00:00+00:00,127.512,-0.706,deficit,20.0,20,6
2026-02-15 20:15:00+00:00,120.076,-3.478,deficit,20.25,20,6
2026-02-15 20:30:00+00:00,73.299,0.493,surplus,20.5,20,6
2026-02-15 20:45:00+00:00,77.41,1.457,surplus,20.75,20,6
2026-02-15 21:00:00+00:00,123.442,-1.262,deficit,21.0,21,6
2026-02-15 21:15:00+00:00,71.588,0.652,surplus,21.25,21,6
2026-02-15 21:30:00+00:00,106.3365,-1.152,deficit,21.5,21,6
2026-02-15 21:45:00+00:00,73.072,2.708,surplus,21.75,21,6
2026-02-15 22:00:00+00:00,115.676,-7.884,deficit,22.0,22,6
2026-02-15 22:15:00+00:00,101.5001,-4.56,deficit,22.25,22,6
2026-02-15 22:30:00+00:00,98.6447,-12.068,deficit,22.5,22,6
2026-02-15 22:45:00+00:00,92.3453,-3.927,deficit,22.75,22,6
2026-02-15 23:00:00+00:00,66.559,1.287,surplus,23.0,23,6
2026-02-15 23:15:00+00:00,35.35,10.292,surplus,23.25,23,6
2026-02-15 23:30:00+00:00,46.912,10.714,surplus,23.5,23,6
2026-02-15 23:45:00+00:00,42.359,7.568,surplus,23.75,23,6
2026-02-16 00:00:00+00:00,82.5098,13.062,surplus,0.0,0,0
2026-02-16 00:15:00+00:00,66.647,12.371,surplus,0.25,0,0
2026-02-16 00:30:00+00:00,66.651,16.974,surplus,0.5,0,0
2026-02-16 00:45:00+00:00,76.185,15.661,surplus,0.75,0,0
2026-02-16 01:00:00+00:00,66.084,1.292,surplus,1.0,1,0
2026-02-16 01:15:00+00:00,77.3697,3.161,surplus,1.25,1,0
2026-02-16 01:30:00+00:00,72.168,0.177,surplus,1.5,1,0
2026-02-16 01:45:00+00:00,49.47,2.563,surplus,1.75,1,0
2026-02-16 02:00:00+00:00,87.318,-2.709,deficit,2.0,2,0
2026-02-16 02:15:00+00:00,94.413,-2.063,deficit,2.25,2,0
2026-02-16 02:30:00+00:00,97.064,-5.524,deficit,2.5,2,0
2026-02-16 02:45:00+00:00,96.8,-4.858,deficit,2.75,2,0
2026-02-16 03:00:00+00:00,92.906,-6.447,deficit,3.0,3,0
2026-02-16 03:15:00+00:00,89.615,-13.27,deficit,3.25,3,0
2026-02-16 03:30:00+00:00,101.383,-14.93,deficit,3.5,3,0
2026-02-16 03:45:00+00:00,109.098,-3.894,deficit,3.75,3,0
2026-02-16 04:00:00+00:00,99.9843,-0.683,deficit,4.0,4,0
2026-02-16 04:15:00+00:00,110.77,-2.073,deficit,4.25,4,0
2026-02-16 04:30:00+00:00,117.579,-2.453,deficit,4.5,4,0
2026-02-16 04:45:00+00:00,147.333,-8.376,deficit,4.75,4,0
2026-02-16 05:00:00+00:00,138.2912,-11.875,deficit,5.0,5,0
2026-02-16 05:15:00+00:00,154.8093,-1.014,deficit,5.25,5,0
2026-02-16 05:30:00+00:00,158.554,-5.936,deficit,5.5,5,0
2026-02-16 05:45:00+00:00,154.8093,-7.823,deficit,5.75,5,0
2026-02-16 06:00:00+00:00,174.1727,-1.353,deficit,6.0,6,0
2026-02-16 06:15:00+00:00,161.9527,-7.581,deficit,6.25,6,0
2026-02-16 06:30:00+00:00,50.463,1.542,surplus,6.5,6,0
2026-02-16 06:45:00+00:00,161.9527,-3.563,deficit,6.75,6,0
2026-02-16 07:00:00+00:00,149.424,-0.233,deficit,7.0,7,0
2026-02-16 07:15:00+00:00,149.391,-1.264,deficit,7.25,7,0
2026-02-16 07:30:00+00:00,148.0067,-6.095,deficit,7.5,7,0
2026-02-16 07:45:00+00:00,140.7584,-7.638,deficit,7.75,7,0
2026-02-16 08:00:00+00:00,113.9372,6.181,surplus,8.0,8,0
2026-02-16 08:15:00+00:00,111.441,1.017,surplus,8.25,8,0
2026-02-16 08:30:00+00:00,105.698,6.796,surplus,8.5,8,0
2026-02-16 08:45:00+00:00,81.855,2.922,surplus,8.75,8,0
2026-02-16 09:00:00+00:00,66.893,16.411,surplus,9.0,9,0
2026-02-16 09:15:00+00:00,54.072,10.716,surplus,9.25,9,0
2026-02-16 09:30:00+00:00,37.589,3.958,surplus,9.5,9,0
2026-02-16 09:45:00+00:00,111.98,-5.454,deficit,9.75,9,0
2026-02-16 10:00:00+00:00,119.672,-9.579,deficit,10.0,10,0
2026-02-16 10:15:00+00:00,111.694,-13.593,deficit,10.25,10,0
2026-02-16 10:30:00+00:00,116.6,-13.216,deficit,10.5,10,0
2026-02-16 10:45:00+00:00,110.836,-17.907,deficit,10.75,10,0
2026-02-16 11:00:00+00:00,120.892,-4.551,deficit,11.0,11,0
2026-02-16 11:15:00+00:00,139.35,-1.723,deficit,11.25,11,0
2026-02-16 11:30:00+00:00,136.749,-11.75,deficit,11.5,11,0
2026-02-16 11:45:00+00:00,135.553,-5.664,deficit,11.75,11,0
2026-02-16 12:00:00+00:00,88.559,6.026,surplus,12.0,12,0
2026-02-16 12:15:00+00:00,117.084,-1.904,deficit,12.25,12,0
2026-02-16 12:30:00+00:00,117.425,-1.82,deficit,12.5,12,0
2026-02-16 12:45:00+00:00,80.89,0.859,surplus,12.75,12,0
2026-02-16 13:00:00+00:00,115.478,-0.871,deficit,13.0,13,0
2026-02-16 13:15:00+00:00,124.311,-0.787,deficit,13.25,13,0
2026-02-16 13:30:00+00:00,108.0824,1.846,surplus,13.5,13,0
2026-02-16 13:45:00+00:00,109.2572,1.324,surplus,13.75,13,0
2026-02-16 14:00:00+00:00,197.0213,-9.088,deficit,14.0,14,0
2026-02-16 14:15:00+00:00,190.6063,-17.615,deficit,14.25,14,0
2026-02-16 14:30:00+00:00,185.9823,-9.403,deficit,14.5,14,0
2026-02-16 14:45:00+00:00,186.0872,-11.255,deficit,14.75,14,0
2026-02-16 15:00:00+00:00,188.1147,-11.969,deficit,15.0,15,0
2026-02-16 15:15:00+00:00,193.4924,-5.013,deficit,15.25,15,0
2026-02-16 15:30:00+00:00,216.0672,-3.307,deficit,15.5,15,0
2026-02-16 15:45:00+00:00,142.967,-6.622,deficit,15.75,15,0
2026-02-16 16:00:00+00:00,180.7634,-4.684,deficit,16.0,16,0
2026-02-16 16:15:00+00:00,177.3393,-9.309,deficit,16.25,16,0
2026-02-16 16:30:00+00:00,179.763,-6.523,deficit,16.5,16,0
2026-02-16 16:45:00+00:00,185.843,-5.822,deficit,16.75,16,0
2026-02-16 17:00:00+00:00,219.5746,-15.992,deficit,17.0,17,0
2026-02-16 17:15:00+00:00,179.3084,-12.581,deficit,17.25,17,0
2026-02-16 17:30:00+00:00,192.4076,-9.94,deficit,17.5,17,0
2026-02-16 17:45:00+00:00,193.4311,-10.939,deficit,17.75,17,0
2026-02-16 18:00:00+00:00,176.3666,-13.717,deficit,18.0,18,0
2026-02-16 18:15:00+00:00,195.7255,-15.986,deficit,18.25,18,0
2026-02-16 18:30:00+00:00,191.9266,-15.137,deficit,18.5,18,0
2026-02-16 18:45:00+00:00,182.378,-5.102,deficit,18.75,18,0
2026-02-16 19:00:00+00:00,169.0548,-4.428,deficit,19.0,19,0
2026-02-16 19:15:00+00:00,179.4504,-7.979,deficit,19.25,19,0
2026-02-16 19:30:00+00:00,183.2101,-6.709,deficit,19.5,19,0
2026-02-16 19:45:00+00:00,155.292,-1.112,deficit,19.75,19,0
2026-02-16 20:00:00+00:00,145.42,-6.726,deficit,20.0,20,0
2026-02-16 20:15:00+00:00,139.7799,-7.224,deficit,20.25,20,0
2026-02-16 20:30:00+00:00,142.0023,-14.287,deficit,20.5,20,0
2026-02-16 20:45:00+00:00,137.6527,-4.756,deficit,20.75,20,0
2026-02-16 21:00:00+00:00,129.6202,-6.747,deficit,21.0,21,0
2026-02-16 21:15:00+00:00,124.2554,-4.344,deficit,21.25,21,0
2026-02-16 21:30:00+00:00,124.2554,-3.5,deficit,21.5,21,0
2026-02-16 21:45:00+00:00,124.2554,-0.922,deficit,21.75,21,0
2026-02-16 22:00:00+00:00,102.0808,4.722,surplus,22.0,22,0
2026-02-16 22:15:00+00:00,59.151,5.42,surplus,22.25,22,0
2026-02-16 22:30:00+00:00,94.72,2.878,surplus,22.5,22,0
2026-02-16 22:45:00+00:00,117.559,-2.855,deficit,22.75,22,0
2026-02-16 23:00:00+00:00,119.755,-7.972,deficit,23.0,23,0
2026-02-16 23:15:00+00:00,116.144,-3.932,deficit,23.25,23,0
2026-02-16 23:30:00+00:00,100.452,-4.98,deficit,23.5,23,0
2026-02-16 23:45:00+00:00,99.385,-3.666,deficit,23.75,23,0
2026-02-17 00:00:00+00:00,101.464,-15.529,deficit,0.0,0,1
2026-02-17 00:15:00+00:00,99.418,-8.397,deficit,0.25,0,1
2026-02-17 00:30:00+00:00,99.561,-7.554,deficit,0.5,0,1
2026-02-17 00:45:00+00:00,98.989,-3.946,deficit,0.75,0,1
2026-02-17 01:00:00+00:00,107.9187,-12.458,deficit,1.0,1,1
2026-02-17 01:15:00+00:00,107.9187,-6.627,deficit,1.25,1,1
2026-02-17 01:30:00+00:00,107.9187,-12.32,deficit,1.5,1,1
2026-02-17 01:45:00+00:00,107.9187,-9.649,deficit,1.75,1,1
2026-02-17 02:00:00+00:00,103.1993,-2.907,deficit,2.0,2,1
2026-02-17 02:15:00+00:00,102.6954,-1.261,deficit,2.25,2,1
2026-02-17 02:30:00+00:00,106.5944,-0.578,deficit,2.5,2,1
2026-02-17 02:45:00+00:00,90.2,10.919,surplus,2.75,2,1
2026-02-17 03:00:00+00:00,88.08,3.787,surplus,3.0,3,1
2026-02-17 03:15:00+00:00,107.9145,-1.699,deficit,3.25,3,1
2026-02-17 03:30:00+00:00,76.083,3.388,surplus,3.5,3,1
2026-02-17 03:45:00+00:00,80.551,1.387,surplus,3.75,3,1
2026-02-17 04:00:00+00:00,88.9,2.209,surplus,4.0,4,1
2026-02-17 04:15:00+00:00,91.34,4.25,surplus,4.25,4,1
2026-02-17 04:30:00+00:00,92.034,2.845,surplus,4.5,4,1
2026-02-17 04:45:00+00:00,99.4728,2.363,surplus,4.75,4,1
2026-02-17 05:00:00+00:00,94.72,0.576,surplus,5.0,5,1
2026-02-17 05:15:00+00:00,86.492,6.914,surplus,5.25,5,1
2026-02-17 05:30:00+00:00,99.162,5.102,surplus,5.5,5,1
2026-02-17 05:45:00+00:00,82.572,1.256,surplus,5.75,5,1
2026-02-17 06:00:00+00:00,160.6927,-0.561,deficit,6.0,6,1
2026-02-17 06:15:00+00:00,83.819,4.952,surplus,6.25,6,1
2026-02-17 06:30:00+00:00,100.617,1.516,surplus,6.5,6,1
2026-02-17 06:45:00+00:00,164.809,-3.424,deficit,6.75,6,1
2026-02-17 07:00:00+00:00,203.52,-14.098,deficit,7.0,7,1
2026-02-17 07:15:00+00:00,200.395,-16.799,deficit,7.25,7,1
2026-02-17 07:30:00+00:00,161.5017,-7.167,deficit,7.5,7,1
2026-02-17 07:45:00+00:00,156.4756,-10.841,deficit,7.75,7,1
2026-02-17 08:00:00+00:00,170.28,-32.794,deficit,8.0,8,1
2026-02-17 08:15:00+00:00,150.6956,-26.342,deficit,8.25,8,1
2026-02-17 08:30:00+00:00,181.03,-12.22,deficit,8.5,8,1
2026-02-17 08:45:00+00:00,146.6967,-10.513,deficit,8.75,8,1
2026-02-17 09:00:00+00:00,164.0809,-0.423,deficit,9.0,9,1
2026-02-17 09:15:00+00:00,120.42,6.171,surplus,9.25,9,1
2026-02-17 09:30:00+00:00,111.26,11.643,surplus,9.5,9,1
2026-02-17 09:45:00+00:00,107.59,17.887,surplus,9.75,9,1
2026-02-17 10:00:00+00:00,117.71,4.294,surplus,10.0,10,1
2026-02-17 10:15:00+00:00,22.145,3.609,surplus,10.25,10,1
2026-02-17 10:30:00+00:00,103.64,14.083,surplus,10.5,10,1
2026-02-17 10:45:00+00:00,72.151,13.818,surplus,10.75,10,1
2026-02-17 11:00:00+00:00,61.145,13.898,surplus,11.0,11,1
2026-02-17 11:15:00+00:00,61.932,6.573,surplus,11.25,11,1
2026-02-17 11:30:00+00:00,89.092,20.376,surplus,11.5,11,1
2026-02-17 11:45:00+00:00,52.182,28.763,surplus,11.75,11,1
2026-02-17 12:00:00+00:00,100.42,13.793,surplus,12.0,12,1
2026-02-17 12:15:00+00:00,102.61,13.762,surplus,12.25,12,1
2026-02-17 12:30:00+00:00,105.06,19.034,surplus,12.5,12,1
2026-02-17 12:45:00+00:00,104.358,22.056,surplus,12.75,12,1
2026-02-17 13:00:00+00:00,95.087,25.151,surplus,13.0,13,1
2026-02-17 13:15:00+00:00,105.78,26.978,surplus,13.25,13,1
2026-02-17 13:30:00+00:00,100.522,19.805,surplus,13.5,13,1
2026-02-17 13:45:00+00:00,123.78,13.732,surplus,13.75,13,1
2026-02-17 14:00:00+00:00,112.48,22.463,surplus,14.0,14,1
2026-02-17 14:15:00+00:00,110.084,6.122,surplus,14.25,14,1
2026-02-17 14:30:00+00:00,116.326,9.421,surplus,14.5,14,1
2026-02-17 14:45:00+00:00,137.723,15.736,surplus,14.75,14,1
2026-02-17 15:00:00+00:00,189.8205,-0.608,deficit,15.0,15,1
2026-02-17 15:15:00+00:00,193.7344,-8.108,deficit,15.25,15,1
2026-02-17 15:30:00+00:00,124.751,6.931,surplus,15.5,15,1
2026-02-17 15:45:00+00:00,199.0265,-0.459,deficit,15.75,15,1
2026-02-17 16:00:00+00:00,243.2071,-3.115,deficit,16.0,16,1
2026-02-17 16:15:00+00:00,244.242,-7.335,deficit,16.25,16,1
2026-02-17 16:30:00+00:00,541.634,-11.411,deficit,16.5,16,1
2026-02-17 16:45:00+00:00,245.3546,-2.575,deficit,16.75,16,1
2026-02-17 17:00:00+00:00,102.433,1.365,surplus,17.0,17,1
2026-02-17 17:15:00+00:00,199.134,-0.586,deficit,17.25,17,1
2026-02-17 17:30:00+00:00,146.779,7.493,surplus,17.5,17,1
2026-02-17 17:45:00+00:00,114.241,6.848,surplus,17.75,17,1
2026-02-17 18:00:00+00:00,109.227,6.384,surplus,18.0,18,1
2026-02-17 18:15:00+00:00,115.704,7.528,surplus,18.25,18,1
2026-02-17 18:30:00+00:00,100.355,5.506,surplus,18.5,18,1
2026-02-17 18:45:00+00:00,122.557,3.178,surplus,18.75,18,1
2026-02-17 19:00:00+00:00,198.4937,-5.529,deficit,19.0,19,1
2026-02-17 19:15:00+00:00,110.375,2.634,surplus,19.25,19,1
2026-02-17 19:30:00+00:00,200.9,-3.143,deficit,19.5,19,1
2026-02-17 19:45:00+00:00,122.725,0.736,surplus,19.75,19,1
2026-02-17 20:00:00+00:00,115.729,1.723,surplus,20.0,20,1
2026-02-17 20:15:00+00:00,80.22,5.24,surplus,20.25,20,1
2026-02-17 20:30:00+00:00,95.213,7.466,surplus,20.5,20,1
2026-02-17 20:45:00+00:00,92.885,11.06,surplus,20.75,20,1
2026-02-17 21:00:00+00:00,105.28,10.255,surplus,21.0,21,1
2026-02-17 21:15:00+00:00,102.19,3.938,surplus,21.25,21,1
2026-02-17 21:30:00+00:00,81.315,6.612,surplus,21.5,21,1
2026-02-17 21:45:00+00:00,92.377,9.31,surplus,21.75,21,1
2026-02-17 22:00:00+00:00,91.4496,11.396,surplus,22.0,22,1
2026-02-17 22:15:00+00:00,92.0556,10.536,surplus,22.25,22,1
2026-02-17 22:30:00+00:00,89.116,14.017,surplus,22.5,22,1
2026-02-17 22:45:00+00:00,77.295,13.306,surplus,22.75,22,1
2026-02-17 23:00:00+00:00,77.665,31.657,surplus,23.0,23,1
2026-02-17 23:15:00+00:00,73.962,24.233,surplus,23.25,23,1
2026-02-17 23:30:00+00:00,66.914,21.544,surplus,23.5,23,1
2026-02-17 23:45:00+00:00,76.997,14.115,surplus,23.75,23,1
2026-02-18 00:00:00+00:00,93.6858,9.04,surplus,0.0,0,2
2026-02-18 00:15:00+00:00,92.7934,5.772,surplus,0.25,0,2
2026-02-18 00:30:00+00:00,92.5708,6.33,surplus,0.5,0,2
2026-02-18 00:45:00+00:00,91.4841,5.227,surplus,0.75,0,2
2026-02-18 01:00:00+00:00,82.5884,4.323,surplus,1.0,1,2
2026-02-18 01:15:00+00:00,82.5884,6.983,surplus,1.25,1,2
2026-02-18 01:30:00+00:00,73.48,12.866,surplus,1.5,1,2
2026-02-18 01:45:00+00:00,69.978,15.648,surplus,1.75,1,2
2026-02-18 02:00:00+00:00,87.263,9.679,surplus,2.0,2,2
2026-02-18 02:15:00+00:00,87.263,9.869,surplus,2.25,2,2
2026-02-18 02:30:00+00:00,87.1068,13.682,surplus,2.5,2,2
2026-02-18 02:45:00+00:00,81.658,13.477,surplus,2.75,2,2
2026-02-18 03:00:00+00:00,45.126,11.242,surplus,3.0,3,2
2026-02-18 03:15:00+00:00,67.377,4.206,surplus,3.25,3,2
2026-02-18 03:30:00+00:00,58.236,5.029,surplus,3.5,3,2
2026-02-18 03:45:00+00:00,48.884,5.857,surplus,3.75,3,2
2026-02-18 04:00:00+00:00,87.546,14.66,surplus,4.0,4,2
2026-02-18 04:15:00+00:00,81.281,17.755,surplus,4.25,4,2
2026-02-18 04:30:00+00:00,94.7937,18.188,surplus,4.5,4,2
2026-02-18 04:45:00+00:00,65.758,26.986,surplus,4.75,4,2
2026-02-18 05:00:00+00:00,67.81,13.799,surplus,5.0,5,2
2026-02-18 05:15:00+00:00,103.759,9.179,surplus,5.25,5,2
2026-02-18 05:30:00+00:00,121.681,13.96,surplus,5.5,5,2
2026-02-18 05:45:00+00:00,88.841,16.446,surplus,5.75,5,2
2026-02-18 06:00:00+00:00,61.733,0.475,surplus,6.0,6,2
2026-02-18 06:15:00+00:00,164.845,3.299,surplus,6.25,6,2
2026-02-18 06:30:00+00:00,130.462,10.117,surplus,6.5,6,2
2026-02-18 06:45:00+00:00,128.871,14.827,surplus,6.75,6,2
2026-02-18 07:00:00+00:00,59.933,23.379,surplus,7.0,7,2
2026-02-18 07:15:00+00:00,120.553,24.098,surplus,7.25,7,2
2026-02-18 07:30:00+00:00,88.578,22.393,surplus,7.5,7,2
2026-02-18 07:45:00+00:00,54.624,30.426,surplus,7.75,7,2
2026-02-18 08:00:00+00:00,91.167,22.694,surplus,8.0,8,2
2026-02-18 08:15:00+00:00,102.5435,19.407,surplus,8.25,8,2
2026-02-18 08:30:00+00:00,109.712,8.942,surplus,8.5,8,2
2026-02-18 08:45:00+00:00,105.2694,8.275,surplus,8.75,8,2
2026-02-18 09:00:00+00:00,97.1017,6.677,surplus,9.0,9,2
2026-02-18 09:15:00+00:00,82.427,3.316,surplus,9.25,9,2
2026-02-18 09:30:00+00:00,45.057,9.852,surplus,9.5,9,2
2026-02-18 09:45:00+00:00,56.741,0.387,surplus,9.75,9,2
2026-02-18 10:00:00+00:00,48.693,0.075,surplus,10.0,10,2
2026-02-18 10:15:00+00:00,129.503,-10.318,deficit,10.25,10,2
2026-02-18 10:30:00+00:00,124.443,-9.671,deficit,10.5,10,2
2026-02-18 10:45:00+00:00,117.7,-16.07,deficit,10.75,10,2
2026-02-18 11:00:00+00:00,127.908,-17.347,deficit,11.0,11,2
2026-02-18 11:15:00+00:00,122.672,-21.453,deficit,11.25,11,2
2026-02-18 11:30:00+00:00,119.416,-15.942,deficit,11.5,11,2
2026-02-18 11:45:00+00:00,119.768,-26.3,deficit,11.75,11,2
2026-02-18 12:00:00+00:00,125.136,-16.248,deficit,12.0,12,2
2026-02-18 12:15:00+00:00,121.913,-10.903,deficit,12.25,12,2
2026-02-18 12:30:00+00:00,120.395,-5.954,deficit,12.5,12,2
2026-02-18 12:45:00+00:00,120.351,-5.796,deficit,12.75,12,2
2026-02-18 13:00:00+00:00,60.282,5.106,surplus,13.0,13,2
2026-02-18 13:15:00+00:00,60.957,9.027,surplus,13.25,13,2
2026-02-18 13:30:00+00:00,51.583,15.018,surplus,13.5,13,2
2026-02-18 13:45:00+00:00,43.273,3.93,surplus,13.75,13,2
2026-02-18 14:00:00+00:00,75.675,18.799,surplus,14.0,14,2
2026-02-18 14:15:00+00:00,63.7,15.802,surplus,14.25,14,2
2026-02-18 14:30:00+00:00,61.903,17.982,surplus,14.5,14,2
2026-02-18 14:45:00+00:00,83.063,18.006,surplus,14.75,14,2
2026-02-18 15:00:00+00:00,101.907,16.852,surplus,15.0,15,2
2026-02-18 15:15:00+00:00,119.9481,14.446,surplus,15.25,15,2
2026-02-18 15:30:00+00:00,122.0206,26.483,surplus,15.5,15,2
2026-02-18 15:45:00+00:00,109.206,24.113,surplus,15.75,15,2
2026-02-18 16:00:00+00:00,96.034,35.076,surplus,16.0,16,2
2026-02-18 16:15:00+00:00,110.533,21.481,surplus,16.25,16,2
2026-02-18 16:30:00+00:00,124.906,14.921,surplus,16.5,16,2
2026-02-18 16:45:00+00:00,131.756,10.818,surplus,16.75,16,2
2026-02-18 17:00:00+00:00,198.022,-10.075,deficit,17.0,17,2
2026-02-18 17:15:00+00:00,203.1615,-12.295,deficit,17.25,17,2
2026-02-18 17:30:00+00:00,204.1652,-4.797,deficit,17.5,17,2
2026-02-18 17:45:00+00:00,149.822,0.374,surplus,17.75,17,2
2026-02-18 18:00:00+00:00,192.6972,-1.975,deficit,18.0,18,2
2026-02-18 18:15:00+00:00,196.9326,-2.766,deficit,18.25,18,2
2026-02-18 18:30:00+00:00,138.929,0.178,surplus,18.5,18,2
2026-02-18 18:45:00+00:00,98.422,0.568,surplus,18.75,18,2
2026-02-18 19:00:00+00:00,126.034,1.025,surplus,19.0,19,2
2026-02-18 19:15:00+00:00,214.2078,-5.499,deficit,19.25,19,2
2026-02-18 19:30:00+00:00,136.564,0.508,surplus,19.5,19,2
2026-02-18 19:45:00+00:00,211.0081,-1.319,deficit,19.75,19,2
2026-02-18 20:00:00+00:00,197.2255,-2.145,deficit,20.0,20,2
2026-02-18 20:15:00+00:00,187.0725,-0.932,deficit,20.25,20,2
2026-02-18 20:30:00+00:00,186.087,-6.858,deficit,20.5,20,2
2026-02-18 20:45:00+00:00,69.832,2.89,surplus,20.75,20,2
2026-02-18 21:00:00+00:00,134.871,-3.759,deficit,21.0,21,2
2026-02-18 21:15:00+00:00,127.3472,-4.983,deficit,21.25,21,2
2026-02-18 21:30:00+00:00,123.2194,-5.415,deficit,21.5,21,2
2026-02-18 21:45:00+00:00,100.995,3.957,surplus,21.75,21,2
2026-02-18 22:00:00+00:00,96.1521,10.846,surplus,22.0,22,2
2026-02-18 22:15:00+00:00,90.058,10.08,surplus,22.25,22,2
2026-02-18 22:30:00+00:00,84.146,8.101,surplus,22.5,22,2
2026-02-18 22:45:00+00:00,72.456,7.7,surplus,22.75,22,2
2026-02-18 23:00:00+00:00,90.573,7.844,surplus,23.0,23,2
2026-02-18 23:15:00+00:00,76.149,11.34,surplus,23.25,23,2
2026-02-18 23:30:00+00:00,53.999,8.119,surplus,23.5,23,2
2026-02-18 23:45:00+00:00,71.918,8.268,surplus,23.75,23,2
2026-02-19 00:00:00+00:00,45.132,4.784,surplus,0.0,0,3
2026-02-19 00:15:00+00:00,88.187,5.097,surplus,0.25,0,3
2026-02-19 00:30:00+00:00,87.051,3.566,surplus,0.5,0,3
2026-02-19 00:45:00+00:00,71.139,12.509,surplus,0.75,0,3
2026-02-19 01:00:00+00:00,65.814,7.37,surplus,1.0,1,3
2026-02-19 01:15:00+00:00,63.605,8.3,surplus,1.25,1,3
2026-02-19 01:30:00+00:00,71.559,7.722,surplus,1.5,1,3
2026-02-19 01:45:00+00:00,68.934,6.793,surplus,1.75,1,3
2026-02-19 02:00:00+00:00,80.641,10.333,surplus,2.0,2,3
2026-02-19 02:15:00+00:00,87.833,10.051,surplus,2.25,2,3
2026-02-19 02:30:00+00:00,84.342,10.239,surplus,2.5,2,3
2026-02-19 02:45:00+00:00,89.603,10.771,surplus,2.75,2,3
2026-02-19 03:00:00+00:00,90.7925,2.276,surplus,3.0,3,3
2026-02-19 03:15:00+00:00,90.7925,2.0,surplus,3.25,3,3
2026-02-19 03:30:00+00:00,85.067,5.266,surplus,3.5,3,3
2026-02-19 03:45:00+00:00,79.389,4.466,surplus,3.75,3,3
2026-02-19 04:00:00+00:00,84.255,11.227,surplus,4.0,4,3
2026-02-19 04:15:00+00:00,87.082,14.029,surplus,4.25,4,3
2026-02-19 04:30:00+00:00,89.277,11.474,surplus,4.5,4,3
2026-02-19 04:45:00+00:00,95.8073,8.442,surplus,4.75,4,3
2026-02-19 05:00:00+00:00,100.13,15.653,surplus,5.0,5,3
2026-02-19 05:15:00+00:00,116.2,16.548,surplus,5.25,5,3
2026-02-19 05:30:00+00:00,101.432,9.613,surplus,5.5,5,3
2026-02-19 05:45:00+00:00,106.613,9.987,surplus,5.75,5,3
2026-02-19 06:00:00+00:00,127.193,3.282,surplus,6.0,6,3
2026-02-19 06:15:00+00:00,105.369,3.75,surplus,6.25,6,3
2026-02-19 06:30:00+00:00,112.409,6.414,surplus,6.5,6,3
2026-02-19 06:45:00+00:00,98.201,22.6,surplus,6.75,6,3
2026-02-19 07:00:00+00:00,111.39,32.676,surplus,7.0,7,3
2026-02-19 07:15:00+00:00,97.691,24.787,surplus,7.25,7,3
2026-02-19 07:30:00+00:00,72.901,21.576,surplus,7.5,7,3
2026-02-19 07:45:00+00:00,98.0288,20.063,surplus,7.75,7,3
2026-02-19 08:00:00+00:00,88.824,6.39,surplus,8.0,8,3
2026-02-19 08:15:00+00:00,149.248,-0.754,deficit,8.25,8,3
2026-02-19 08:30:00+00:00,131.626,-4.09,deficit,8.5,8,3
2026-02-19 08:45:00+00:00,127.05,-5.886,deficit,8.75,8,3
2026-02-19 09:00:00+00:00,140.8,-0.962,deficit,9.0,9,3
2026-02-19 09:15:00+00:00,74.005,2.727,surplus,9.25,9,3
2026-02-19 09:30:00+00:00,130.053,-7.758,deficit,9.5,9,3
2026-02-19 09:45:00+00:00,125.818,-7.235,deficit,9.75,9,3
2026-02-19 10:00:00+00:00,132.583,-1.599,deficit,10.0,10,3
2026-02-19 10:15:00+00:00,128.568,-2.677,deficit,10.25,10,3
2026-02-19 10:30:00+00:00,131.758,-1.306,deficit,10.5,10,3
2026-02-19 10:45:00+00:00,131.098,-0.908,deficit,10.75,10,3
2026-02-19 11:00:00+00:00,75.379,1.879,surplus,11.0,11,3
2026-02-19 11:15:00+00:00,63.244,2.499,surplus,11.25,11,3
2026-02-19 11:30:00+00:00,125.939,-1.503,deficit,11.5,11,3
2026-02-19 11:45:00+00:00,43.04,0.193,surplus,11.75,11,3
2026-02-19 12:00:00+00:00,135.938,-11.612,deficit,12.0,12,3
2026-02-19 12:15:00+00:00,136.004,-12.872,deficit,12.25,12,3
2026-02-19 12:30:00+00:00,150.45,-23.891,deficit,12.5,12,3
2026-02-19 12:45:00+00:00,158.019,-12.861,deficit,12.75,12,3
2026-02-19 13:00:00+00:00,85.408,2.024,surplus,13.0,13,3
2026-02-19 13:15:00+00:00,115.2052,4.84,surplus,13.25,13,3
2026-02-19 13:30:00+00:00,116.5907,1.817,surplus,13.5,13,3
2026-02-19 13:45:00+00:00,116.353,5.353,surplus,13.75,13,3
2026-02-19 14:00:00+00:00,109.672,12.755,surplus,14.0,14,3
2026-02-19 14:15:00+00:00,111.317,7.174,surplus,14.25,14,3
2026-02-19 14:30:00+00:00,81.641,6.259,surplus,14.5,14,3
2026-02-19 14:45:00+00:00,76.865,1.58,surplus,14.75,14,3
2026-02-19 15:00:00+00:00,88.485,3.439,surplus,15.0,15,3
2026-02-19 15:15:00+00:00,191.7251,-1.657,deficit,15.25,15,3
2026-02-19 15:30:00+00:00,122.877,8.124,surplus,15.5,15,3
2026-02-19 15:45:00+00:00,212.1752,-3.837,deficit,15.75,15,3
2026-02-19 16:00:00+00:00,237.9866,-25.533,deficit,16.0,16,3
2026-02-19 16:15:00+00:00,241.3852,-22.495,deficit,16.25,16,3
2026-02-19 16:30:00+00:00,242.9507,-24.394,deficit,16.5,16,3
2026-02-19 16:45:00+00:00,244.5867,-20.977,deficit,16.75,16,3
2026-02-19 17:00:00+00:00,217.4109,-15.426,deficit,17.0,17,3
2026-02-19 17:15:00+00:00,215.9317,-9.798,deficit,17.25,17,3
2026-02-19 17:30:00+00:00,212.9776,-0.918,deficit,17.5,17,3
2026-02-19 17:45:00+00:00,168.0,0.641,surplus,17.75,17,3
2026-02-19 18:00:00+00:00,185.2072,-5.011,deficit,18.0,18,3
2026-02-19 18:15:00+00:00,105.528,3.038,surplus,18.25,18,3
2026-02-19 18:30:00+00:00,105.053,0.724,surplus,18.5,18,3
2026-02-19 18:45:00+00:00,178.0757,-9.147,deficit,18.75,18,3
2026-02-19 19:00:00+00:00,120.668,3.002,surplus,19.0,19,3
2026-02-19 19:15:00+00:00,111.485,1.671,surplus,19.25,19,3
2026-02-19 19:30:00+00:00,80.483,0.315,surplus,19.5,19,3
2026-02-19 19:45:00+00:00,108.059,11.476,surplus,19.75,19,3
2026-02-19 20:00:00+00:00,96.863,2.402,surplus,20.0,20,3
2026-02-19 20:15:00+00:00,90.496,3.162,surplus,20.25,20,3
2026-02-19 20:30:00+00:00,70.366,2.855,surplus,20.5,20,3
2026-02-19 20:45:00+00:00,98.219,3.174,surplus,20.75,20,3
2026-02-19 21:00:00+00:00,102.0831,2.089,surplus,21.0,21,3
2026-02-19 21:15:00+00:00,112.805,-1.192,deficit,21.25,21,3
2026-02-19 21:30:00+00:00,110.0496,-3.683,deficit,21.5,21,3
2026-02-19 21:45:00+00:00,104.3192,-4.956,deficit,21.75,21,3
2026-02-19 22:00:00+00:00,110.85,-0.477,deficit,22.0,22,3
2026-02-19 22:15:00+00:00,85.356,2.643,surplus,22.25,22,3
2026-02-19 22:30:00+00:00,88.54,0.881,surplus,22.5,22,3
2026-02-19 22:45:00+00:00,97.012,-2.428,deficit,22.75,22,3
2026-02-19 23:00:00+00:00,100.947,-0.897,deficit,23.0,23,3
2026-02-19 23:15:00+00:00,92.93,4.789,surplus,23.25,23,3
2026-02-19 23:30:00+00:00,101.585,-0.437,deficit,23.5,23,3
2026-02-19 23:45:00+00:00,62.297,3.197,surplus,23.75,23,3
2026-02-20 00:00:00+00:00,132.562,-3.132,deficit,0.0,0,4
2026-02-20 00:15:00+00:00,87.6858,0.787,surplus,0.25,0,4
2026-02-20 00:30:00+00:00,87.6858,3.455,surplus,0.5,0,4
2026-02-20 00:45:00+00:00,87.6858,7.403,surplus,0.75,0,4
2026-02-20 01:00:00+00:00,86.4284,0.008,surplus,1.0,1,4
2026-02-20 01:15:00+00:00,86.4284,8.213,surplus,1.25,1,4
2026-02-20 01:30:00+00:00,99.242,-1.101,deficit,1.5,1,4
2026-02-20 01:45:00+00:00,103.004,-0.541,deficit,1.75,1,4
2026-02-20 02:00:00+00:00,115.745,-4.953,deficit,2.0,2,4
2026-02-20 02:15:00+00:00,110.806,-4.568,deficit,2.25,2,4
2026-02-20 02:30:00+00:00,103.0161,-3.399,deficit,2.5,2,4
2026-02-20 02:45:00+00:00,104.324,-7.023,deficit,2.75,2,4
2026-02-20 03:00:00+00:00,99.825,-5.645,deficit,3.0,3,4
2026-02-20 03:15:00+00:00,87.872,0.928,surplus,3.25,3,4
2026-02-20 03:30:00+00:00,101.8237,-5.209,deficit,3.5,3,4
2026-02-20 03:45:00+00:00,125.273,-1.288,deficit,3.75,3,4
2026-02-20 04:00:00+00:00,146.629,-0.551,deficit,4.0,4,4
2026-02-20 04:15:00+00:00,92.4179,4.608,surplus,4.25,4,4
2026-02-20 04:30:00+00:00,90.689,6.114,surplus,4.5,4,4
2026-02-20 04:45:00+00:00,98.5618,9.518,surplus,4.75,4,4
2026-02-20 05:00:00+00:00,76.032,12.343,surplus,5.0,5,4
2026-02-20 05:15:00+00:00,91.49,0.916,surplus,5.25,5,4
2026-02-20 05:30:00+00:00,41.535,5.901,surplus,5.5,5,4
2026-02-20 05:45:00+00:00,159.467,-0.326,deficit,5.75,5,4
2026-02-20 06:00:00+00:00,194.1121,-4.665,deficit,6.0,6,4
2026-02-20 06:15:00+00:00,202.6893,-7.276,deficit,6.25,6,4
2026-02-20 06:30:00+00:00,191.0646,-2.748,deficit,6.5,6,4
2026-02-20 06:45:00+00:00,79.997,4.074,surplus,6.75,6,4
2026-02-20 07:00:00+00:00,79.096,16.658,surplus,7.0,7,4
2026-02-20 07:15:00+00:00,92.953,9.948,surplus,7.25,7,4
2026-02-20 07:30:00+00:00,92.506,1.858,surplus,7.5,7,4
2026-02-20 07:45:00+00:00,76.937,4.378,surplus,7.75,7,4
2026-02-20 08:00:00+00:00,75.688,8.789,surplus,8.0,8,4
2026-02-20 08:15:00+00:00,80.419,1.412,surplus,8.25,8,4
2026-02-20 08:30:00+00:00,94.234,4.402,surplus,8.5,8,4
2026-02-20 08:45:00+00:00,83.375,1.556,surplus,8.75,8,4
2026-02-20 09:00:00+00:00,84.318,1.46,surplus,9.0,9,4
2026-02-20 09:15:00+00:00,97.3963,0.055,surplus,9.25,9,4
2026-02-20 09:30:00+00:00,118.464,-3.429,deficit,9.5,9,4
2026-02-20 09:45:00+00:00,-1.644,5.954,surplus,9.75,9,4
2026-02-20 10:00:00+00:00,38.128,21.73,surplus,10.0,10,4
2026-02-20 10:15:00+00:00,23.216,30.544,surplus,10.25,10,4
2026-02-20 10:30:00+00:00,-47.155,36.885,surplus,10.5,10,4
2026-02-20 10:45:00+00:00,-17.992,39.26,surplus,10.75,10,4
2026-02-20 11:00:00+00:00,-5.0,33.534,surplus,11.0,11,4
2026-02-20 11:15:00+00:00,28.157,34.385,surplus,11.25,11,4
2026-02-20 11:30:00+00:00,33.204,32.352,surplus,11.5,11,4
2026-02-20 11:45:00+00:00,30.966,42.096,surplus,11.75,11,4
2026-02-20 12:00:00+00:00,8.876,44.958,surplus,12.0,12,4
2026-02-20 12:15:00+00:00,19.973,38.0,surplus,12.25,12,4
2026-02-20 12:30:00+00:00,12.257,35.341,surplus,12.5,12,4
2026-02-20 12:45:00+00:00,8.982,31.797,surplus,12.75,12,4
2026-02-20 13:00:00+00:00,7.704,16.608,surplus,13.0,13,4
2026-02-20 13:15:00+00:00,34.04,12.188,surplus,13.25,13,4
2026-02-20 13:30:00+00:00,65.474,6.614,surplus,13.5,13,4
2026-02-20 13:45:00+00:00,64.1239,5.843,surplus,13.75,13,4
2026-02-20 14:00:00+00:00,57.071,14.815,surplus,14.0,14,4
2026-02-20 14:15:00+00:00,82.988,15.675,surplus,14.25,14,4
2026-02-20 14:30:00+00:00,93.7738,13.599,surplus,14.5,14,4
2026-02-20 14:45:00+00:00,96.3198,19.073,surplus,14.75,14,4
2026-02-20 15:00:00+00:00,105.72,0.152,surplus,15.0,15,4
2026-02-20 15:15:00+00:00,112.1824,8.18,surplus,15.25,15,4
2026-02-20 15:30:00+00:00,114.942,5.749,surplus,15.5,15,4
2026-02-20 15:45:00+00:00,116.758,0.637,surplus,15.75,15,4
2026-02-20 16:00:00+00:00,38.627,15.994,surplus,16.0,16,4
2026-02-20 16:15:00+00:00,100.616,28.729,surplus,16.25,16,4
2026-02-20 16:30:00+00:00,88.702,19.976,surplus,16.5,16,4
2026-02-20 16:45:00+00:00,96.818,19.424,surplus,16.75,16,4
2026-02-20 17:00:00+00:00,79.786,6.03,surplus,17.0,17,4
2026-02-20 17:15:00+00:00,84.981,2.444,surplus,17.25,17,4
2026-02-20 17:30:00+00:00,143.0,-1.875,deficit,17.5,17,4
2026-02-20 17:45:00+00:00,65.097,3.77,surplus,17.75,17,4
2026-02-20 18:00:00+00:00,16.197,16.77,surplus,18.0,18,4
2026-02-20 18:15:00+00:00,35.511,3.85,surplus,18.25,18,4
2026-02-20 18:30:00+00:00,28.831,5.327,surplus,18.5,18,4
2026-02-20 18:45:00+00:00,35.695,4.453,surplus,18.75,18,4
2026-02-20 19:00:00+00:00,131.747,-0.026,deficit,19.0,19,4
2026-02-20 19:15:00+00:00,127.82,-0.515,deficit,19.25,19,4
2026-02-20 19:30:00+00:00,113.971,-0.08,deficit,19.5,19,4
2026-02-20 19:45:00+00:00,105.006,-8.542,deficit,19.75,19,4
2026-02-20 20:00:00+00:00,24.659,4.5,surplus,20.0,20,4
2026-02-20 20:15:00+00:00,77.0036,4.357,surplus,20.25,20,4
2026-02-20 20:30:00+00:00,71.3442,4.453,surplus,20.5,20,4
2026-02-20 20:45:00+00:00,16.369,2.582,surplus,20.75,20,4
2026-02-20 21:00:00+00:00,37.545,1.932,surplus,21.0,21,4
2026-02-20 21:15:00+00:00,72.6325,2.942,surplus,21.25,21,4
2026-02-20 21:30:00+00:00,94.742,-3.718,deficit,21.5,21,4
2026-02-20 21:45:00+00:00,84.753,-14.542,deficit,21.75,21,4
2026-02-20 22:00:00+00:00,96.61,-7.521,deficit,22.0,22,4
2026-02-20 22:15:00+00:00,95.416,-2.431,deficit,22.25,22,4
2026-02-20 22:30:00+00:00,81.831,-8.727,deficit,22.5,22,4
2026-02-20 22:45:00+00:00,94.381,-11.299,deficit,22.75,22,4
2026-02-20 23:00:00+00:00,85.306,-22.827,deficit,23.0,23,4
2026-02-20 23:15:00+00:00,109.228,-7.651,deficit,23.25,23,4
2026-02-20 23:30:00+00:00,105.598,-22.829,deficit,23.5,23,4
2026-02-20 23:45:00+00:00,76.296,-23.067,deficit,23.75,23,4
2026-02-21 00:00:00+00:00,81.939,-11.171,deficit,0.0,0,5
2026-02-21 00:15:00+00:00,75.507,-8.81,deficit,0.25,0,5
2026-02-21 00:30:00+00:00,80.224,-5.585,deficit,0.5,0,5
2026-02-21 00:45:00+00:00,79.638,-8.568,deficit,0.75,0,5
2026-02-21 01:00:00+00:00,79.395,-10.892,deficit,1.0,1,5
2026-02-21 01:15:00+00:00,63.606,-5.704,deficit,1.25,1,5
2026-02-21 01:30:00+00:00,93.704,-12.029,deficit,1.5,1,5
2026-02-21 01:45:00+00:00,66.506,-12.522,deficit,1.75,1,5
2026-02-21 02:00:00+00:00,91.943,-15.225,deficit,2.0,2,5
2026-02-21 02:15:00+00:00,93.511,-11.849,deficit,2.25,2,5
2026-02-21 02:30:00+00:00,77.319,-13.851,deficit,2.5,2,5
2026-02-21 02:45:00+00:00,81.62,-10.67,deficit,2.75,2,5
2026-02-21 03:00:00+00:00,90.162,-21.417,deficit,3.0,3,5
2026-02-21 03:15:00+00:00,88.683,-21.07,deficit,3.25,3,5
2026-02-21 03:30:00+00:00,67.826,-20.821,deficit,3.5,3,5
2026-02-21 03:45:00+00:00,84.689,-14.277,deficit,3.75,3,5
2026-02-21 04:00:00+00:00,98.982,-8.138,deficit,4.0,4,5
2026-02-21 04:15:00+00:00,73.477,-16.014,deficit,4.25,4,5
2026-02-21 04:30:00+00:00,95.128,-22.716,deficit,4.5,4,5
2026-02-21 04:45:00+00:00,99.407,-17.335,deficit,4.75,4,5
2026-02-21 05:00:00+00:00,96.475,-6.493,deficit,5.0,5,5
2026-02-21 05:15:00+00:00,102.04,-2.017,deficit,5.25,5,5
2026-02-21 05:30:00+00:00,91.344,-8.382,deficit,5.5,5,5
2026-02-21 05:45:00+00:00,97.119,-11.229,deficit,5.75,5,5
2026-02-21 06:00:00+00:00,87.5066,-13.472,deficit,6.0,6,5
2026-02-21 06:15:00+00:00,94.149,-21.123,deficit,6.25,6,5
2026-02-21 06:30:00+00:00,96.008,-5.924,deficit,6.5,6,5
2026-02-21 06:45:00+00:00,99.132,-7.155,deficit,6.75,6,5
2026-02-21 07:00:00+00:00,125.85,-9.927,deficit,7.0,7,5
2026-02-21 07:15:00+00:00,109.316,-9.29,deficit,7.25,7,5
2026-02-21 07:30:00+00:00,110.1784,-0.663,deficit,7.5,7,5
2026-02-21 07:45:00+00:00,112.3738,-0.827,deficit,7.75,7,5
2026-02-21 08:00:00+00:00,123.301,-9.795,deficit,8.0,8,5
2026-02-21 08:15:00+00:00,111.3269,-6.588,deficit,8.25,8,5
2026-02-21 08:30:00+00:00,110.907,-6.801,deficit,8.5,8,5
2026-02-21 08:45:00+00:00,113.063,-4.837,deficit,8.75,8,5
2026-02-21 09:00:00+00:00,85.681,1.714,surplus,9.0,9,5
2026-02-21 09:15:00+00:00,74.16,3.299,surplus,9.25,9,5
2026-02-21 09:30:00+00:00,101.2197,-3.644,deficit,9.5,9,5
2026-02-21 09:45:00+00:00,97.7612,-1.251,deficit,9.75,9,5
2026-02-21 10:00:00+00:00,76.737,2.264,surplus,10.0,10,5
2026-02-21 10:15:00+00:00,79.1,2.271,surplus,10.25,10,5
2026-02-21 10:30:00+00:00,71.75,2.571,surplus,10.5,10,5
2026-02-21 10:45:00+00:00,63.13,0.765,surplus,10.75,10,5
2026-02-21 11:00:00+00:00,86.152,-0.893,deficit,11.0,11,5
2026-02-21 11:15:00+00:00,81.1472,-2.334,deficit,11.25,11,5
2026-02-21 11:30:00+00:00,86.153,-1.265,deficit,11.5,11,5
2026-02-21 11:45:00+00:00,78.7409,-2.224,deficit,11.75,11,5
2026-02-21 12:00:00+00:00,75.12,2.927,surplus,12.0,12,5
2026-02-21 12:15:00+00:00,113.783,-4.702,deficit,12.25,12,5
2026-02-21 12:30:00+00:00,119.194,-0.423,deficit,12.5,12,5
2026-02-21 12:45:00+00:00,97.678,-3.24,deficit,12.75,12,5
2026-02-21 13:00:00+00:00,89.014,-0.678,deficit,13.0,13,5
2026-02-21 13:15:00+00:00,65.16,0.066,surplus,13.25,13,5
2026-02-21 13:30:00+00:00,62.614,3.844,surplus,13.5,13,5
2026-02-21 13:45:00+00:00,98.197,-4.7,deficit,13.75,13,5
2026-02-21 14:00:00+00:00,100.487,-8.39,deficit,14.0,14,5
2026-02-21 14:15:00+00:00,110.286,-3.18,deficit,14.25,14,5
2026-02-21 14:30:00+00:00,106.469,-1.228,deficit,14.5,14,5
2026-02-21 14:45:00+00:00,114.125,-6.358,deficit,14.75,14,5
2026-02-21 15:00:00+00:00,109.2801,-5.748,deficit,15.0,15,5
2026-02-21 15:15:00+00:00,112.3782,-10.604,deficit,15.25,15,5
2026-02-21 15:30:00+00:00,113.7781,-6.56,deficit,15.5,15,5
2026-02-21 15:45:00+00:00,91.813,2.317,surplus,15.75,15,5
2026-02-21 16:00:00+00:00,121.1059,-1.616,deficit,16.0,16,5
2026-02-21 16:15:00+00:00,121.2292,-4.994,deficit,16.25,16,5
2026-02-21 16:30:00+00:00,122.111,-3.987,deficit,16.5,16,5
2026-02-21 16:45:00+00:00,126.577,-2.601,deficit,16.75,16,5
2026-02-21 17:00:00+00:00,126.4697,-7.307,deficit,17.0,17,5
2026-02-21 17:15:00+00:00,126.599,-15.245,deficit,17.25,17,5
2026-02-21 17:30:00+00:00,126.467,-8.125,deficit,17.5,17,5
2026-02-21 17:45:00+00:00,123.8903,-4.88,deficit,17.75,17,5
2026-02-21 18:00:00+00:00,125.257,-3.055,deficit,18.0,18,5
2026-02-21 18:15:00+00:00,124.806,-5.148,deficit,18.25,18,5
2026-02-21 18:30:00+00:00,119.1048,-5.49,deficit,18.5,18,5
2026-02-21 18:45:00+00:00,118.3336,-2.524,deficit,18.75,18,5
2026-02-21 19:00:00+00:00,118.349,-4.613,deficit,19.0,19,5
2026-02-21 19:15:00+00:00,42.094,0.168,surplus,19.25,19,5
2026-02-21 19:30:00+00:00,108.141,-3.741,deficit,19.5,19,5
2026-02-21 19:45:00+00:00,65.468,3.703,surplus,19.75,19,5
2026-02-21 20:00:00+00:00,107.0154,-2.11,deficit,20.0,20,5
2026-02-21 20:15:00+00:00,102.9022,-7.343,deficit,20.25,20,5
2026-02-21 20:30:00+00:00,101.6468,-5.828,deficit,20.5,20,5
2026-02-21 20:45:00+00:00,74.649,0.305,surplus,20.75,20,5
2026-02-21 21:00:00+00:00,98.736,-5.711,deficit,21.0,21,5
2026-02-21 21:15:00+00:00,114.588,-10.392,deficit,21.25,21,5
2026-02-21 21:30:00+00:00,96.727,-6.065,deficit,21.5,21,5
2026-02-21 21:45:00+00:00,95.721,-8.499,deficit,21.75,21,5
2026-02-21 22:00:00+00:00,106.035,-10.607,deficit,22.0,22,5
2026-02-21 22:15:00+00:00,104.106,-2.668,deficit,22.25,22,5
2026-02-21 22:30:00+00:00,68.95,0.294,surplus,22.5,22,5
2026-02-21 22:45:00+00:00,76.9697,-13.788,deficit,22.75,22,5
2026-02-21 23:00:00+00:00,80.047,-15.07,deficit,23.0,23,5
2026-02-21 23:15:00+00:00,69.861,-5.925,deficit,23.25,23,5
2026-02-21 23:30:00+00:00,62.678,-6.569,deficit,23.5,23,5
2026-02-21 23:45:00+00:00,65.464,-22.129,deficit,23.75,23,5
2026-02-22 00:00:00+00:00,106.014,-13.177,deficit,0.0,0,6
2026-02-22 00:15:00+00:00,107.221,-5.039,deficit,0.25,0,6
2026-02-22 00:30:00+00:00,98.642,-1.723,deficit,0.5,0,6
2026-02-22 00:45:00+00:00,81.82,-4.19,deficit,0.75,0,6
2026-02-22 01:00:00+00:00,107.175,-16.361,deficit,1.0,1,6
2026-02-22 01:15:00+00:00,99.523,-14.065,deficit,1.25,1,6
2026-02-22 01:30:00+00:00,99.595,-19.007,deficit,1.5,1,6
2026-02-22 01:45:00+00:00,83.401,-17.741,deficit,1.75,1,6
2026-02-22 02:00:00+00:00,76.6571,-25.381,deficit,2.0,2,6
2026-02-22 02:15:00+00:00,97.971,-15.871,deficit,2.25,2,6
2026-02-22 02:30:00+00:00,94.939,-17.663,deficit,2.5,2,6
2026-02-22 02:45:00+00:00,91.071,-19.994,deficit,2.75,2,6
2026-02-22 03:00:00+00:00,74.3206,-21.496,deficit,3.0,3,6
2026-02-22 03:15:00+00:00,75.2899,-13.334,deficit,3.25,3,6
2026-02-22 03:30:00+00:00,74.3206,-16.451,deficit,3.5,3,6
2026-02-22 03:45:00+00:00,84.051,-7.076,deficit,3.75,3,6
2026-02-22 04:00:00+00:00,70.6924,-3.41,deficit,4.0,4,6
2026-02-22 04:15:00+00:00,70.6924,-2.288,deficit,4.25,4,6
2026-02-22 04:30:00+00:00,81.488,-3.512,deficit,4.5,4,6
2026-02-22 04:45:00+00:00,45.895,1.793,surplus,4.75,4,6
2026-02-22 05:00:00+00:00,78.847,-8.875,deficit,5.0,5,6
2026-02-22 05:15:00+00:00,73.015,-8.827,deficit,5.25,5,6
2026-02-22 05:30:00+00:00,63.516,-10.276,deficit,5.5,5,6
2026-02-22 05:45:00+00:00,83.138,-5.66,deficit,5.75,5,6
2026-02-22 06:00:00+00:00,72.8021,-13.739,deficit,6.0,6,6
2026-02-22 06:15:00+00:00,72.8021,-14.089,deficit,6.25,6,6
2026-02-22 06:30:00+00:00,76.175,-10.574,deficit,6.5,6,6
2026-02-22 06:45:00+00:00,65.5499,5.773,surplus,6.75,6,6
2026-02-22 07:00:00+00:00,44.79,2.529,surplus,7.0,7,6
2026-02-22 07:15:00+00:00,33.597,4.652,surplus,7.25,7,6
2026-02-22 07:30:00+00:00,62.6076,-0.389,deficit,7.5,7,6
2026-02-22 07:45:00+00:00,41.492,10.12,surplus,7.75,7,6
2026-02-22 08:00:00+00:00,49.781,0.183,surplus,8.0,8,6
2026-02-22 08:15:00+00:00,69.797,-2.072,deficit,8.25,8,6
2026-02-22 08:30:00+00:00,34.399,0.592,surplus,8.5,8,6
2026-02-22 08:45:00+00:00,7.94,1.32,surplus,8.75,8,6
2026-02-22 09:00:00+00:00,-24.684,8.426,surplus,9.0,9,6
2026-02-22 09:15:00+00:00,22.451,0.627,surplus,9.25,9,6
2026-02-22 09:30:00+00:00,41.882,6.121,surplus,9.5,9,6
2026-02-22 09:45:00+00:00,6.063,22.196,surplus,9.75,9,6
2026-02-22 10:00:00+00:00,32.038,7.686,surplus,10.0,10,6
2026-02-22 10:15:00+00:00,47.1979,8.792,surplus,10.25,10,6
2026-02-22 10:30:00+00:00,47.2879,1.867,surplus,10.5,10,6
2026-02-22 10:45:00+00:00,42.989,3.104,surplus,10.75,10,6
2026-02-22 11:00:00+00:00,82.626,-2.559,deficit,11.0,11,6
2026-02-22 11:15:00+00:00,70.455,-7.492,deficit,11.25,11,6
2026-02-22 11:30:00+00:00,88.625,-5.791,deficit,11.5,11,6
2026-02-22 11:45:00+00:00,65.4,-1.014,deficit,11.75,11,6
2026-02-22 12:00:00+00:00,17.572,0.686,surplus,12.0,12,6
2026-02-22 12:15:00+00:00,4.91,0.053,surplus,12.25,12,6
2026-02-22 12:30:00+00:00,61.894,-2.519,deficit,12.5,12,6
2026-02-22 12:45:00+00:00,70.257,-6.833,deficit,12.75,12,6
2026-02-22 13:00:00+00:00,74.657,-3.072,deficit,13.0,13,6
2026-02-22 13:15:00+00:00,39.0565,2.862,surplus,13.25,13,6
2026-02-22 13:30:00+00:00,84.799,-1.428,deficit,13.5,13,6
2026-02-22 13:45:00+00:00,41.0852,1.793,surplus,13.75,13,6
2026-02-22 14:00:00+00:00,54.9678,9.153,surplus,14.0,14,6
2026-02-22 14:15:00+00:00,56.7376,6.889,surplus,14.25,14,6
2026-02-22 14:30:00+00:00,58.0006,7.656,surplus,14.5,14,6
2026-02-22 14:45:00+00:00,63.227,2.361,surplus,14.75,14,6
2026-02-22 15:00:00+00:00,76.2935,5.736,surplus,15.0,15,6
2026-02-22 15:15:00+00:00,98.109,-0.957,deficit,15.25,15,6
2026-02-22 15:30:00+00:00,73.977,0.066,surplus,15.5,15,6
2026-02-22 15:45:00+00:00,65.096,6.637,surplus,15.75,15,6
2026-02-22 16:00:00+00:00,85.7587,12.083,surplus,16.0,16,6
2026-02-22 16:15:00+00:00,77.334,6.224,surplus,16.25,16,6
2026-02-22 16:30:00+00:00,50.303,2.884,surplus,16.5,16,6
2026-02-22 16:45:00+00:00,116.468,-0.128,deficit,16.75,16,6
2026-02-22 17:00:00+00:00,110.308,-2.123,deficit,17.0,17,6
2026-02-22 17:15:00+00:00,114.752,-0.818,deficit,17.25,17,6
2026-02-22 17:30:00+00:00,111.386,-3.486,deficit,17.5,17,6
2026-02-22 17:45:00+00:00,45.638,1.585,surplus,17.75,17,6
2026-02-22 18:00:00+00:00,111.452,-1.134,deficit,18.0,18,6
2026-02-22 18:15:00+00:00,108.24,-0.042,deficit,18.25,18,6
2026-02-22 18:30:00+00:00,108.361,-1.051,deficit,18.5,18,6
2026-02-22 18:45:00+00:00,51.951,2.92,surplus,18.75,18,6
2026-02-22 19:00:00+00:00,80.0865,2.504,surplus,19.0,19,6
2026-02-22 19:15:00+00:00,78.087,2.14,surplus,19.25,19,6
2026-02-22 19:30:00+00:00,64.815,0.795,surplus,19.5,19,6
2026-02-22 19:45:00+00:00,15.936,0.347,surplus,19.75,19,6
2026-02-22 20:00:00+00:00,91.553,-3.24,deficit,20.0,20,6
2026-02-22 20:15:00+00:00,60.951,0.194,surplus,20.25,20,6
2026-02-22 20:30:00+00:00,83.633,-4.565,deficit,20.5,20,6
2026-02-22 20:45:00+00:00,68.559,0.458,surplus,20.75,20,6
2026-02-22 21:00:00+00:00,51.779,5.172,surplus,21.0,21,6
2026-02-22 21:15:00+00:00,-3.14,6.817,surplus,21.25,21,6
2026-02-22 21:30:00+00:00,5.441,1.475,surplus,21.5,21,6
2026-02-22 21:45:00+00:00,74.948,-2.098,deficit,21.75,21,6
2026-02-22 22:00:00+00:00,83.193,-0.062,deficit,22.0,22,6
2026-02-22 22:15:00+00:00,3.85,4.162,surplus,22.25,22,6
2026-02-22 22:30:00+00:00,24.335,2.072,surplus,22.5,22,6
2026-02-22 22:45:00+00:00,71.676,-3.724,deficit,22.75,22,6
2026-02-22 23:00:00+00:00,58.938,-1.67,deficit,23.0,23,6
2026-02-22 23:15:00+00:00,18.201,8.896,surplus,23.25,23,6
2026-02-22 23:30:00+00:00,7.436,4.598,surplus,23.5,23,6
2026-02-22 23:45:00+00:00,43.4833,3.525,surplus,23.75,23,6
2026-02-23 00:00:00+00:00,13.572,2.602,surplus,0.0,0,0
2026-02-23 00:15:00+00:00,14.842,9.121,surplus,0.25,0,0
2026-02-23 00:30:00+00:00,9.825,5.952,surplus,0.5,0,0
2026-02-23 00:45:00+00:00,-1.103,8.579,surplus,0.75,0,0
2026-02-23 01:00:00+00:00,-21.857,8.721,surplus,1.0,1,0
2026-02-23 01:15:00+00:00,8.897,9.004,surplus,1.25,1,0
2026-02-23 01:30:00+00:00,28.349,2.751,surplus,1.5,1,0
2026-02-23 01:45:00+00:00,6.696,3.093,surplus,1.75,1,0
2026-02-23 02:00:00+00:00,52.602,-1.165,deficit,2.0,2,0
2026-02-23 02:15:00+00:00,33.0566,0.619,surplus,2.25,2,0
2026-02-23 02:30:00+00:00,33.0566,2.973,surplus,2.5,2,0
2026-02-23 02:45:00+00:00,33.0566,0.148,surplus,2.75,2,0
2026-02-23 03:00:00+00:00,29.0751,12.392,surplus,3.0,3,0
2026-02-23 03:15:00+00:00,55.655,-1.549,deficit,3.25,3,0
2026-02-23 03:30:00+00:00,54.527,-3.485,deficit,3.5,3,0
2026-02-23 03:45:00+00:00,29.0751,0.798,surplus,3.75,3,0
2026-02-23 04:00:00+00:00,32.164,9.113,surplus,4.0,4,0
2026-02-23 04:15:00+00:00,44.65,5.617,surplus,4.25,4,0
2026-02-23 04:30:00+00:00,55.1227,3.573,surplus,4.5,4,0
2026-02-23 04:45:00+00:00,53.5209,8.692,surplus,4.75,4,0
2026-02-23 05:00:00+00:00,103.759,-9.673,deficit,5.0,5,0
2026-02-23 05:15:00+00:00,95.139,-2.732,deficit,5.25,5,0
2026-02-23 05:30:00+00:00,109.593,-6.586,deficit,5.5,5,0
2026-02-23 05:45:00+00:00,113.762,-2.342,deficit,5.75,5,0
2026-02-23 06:00:00+00:00,117.3087,-1.595,deficit,6.0,6,0
2026-02-23 06:15:00+00:00,131.318,-9.984,deficit,6.25,6,0
2026-02-23 06:30:00+00:00,58.675,2.322,surplus,6.5,6,0
2026-02-23 06:45:00+00:00,51.08,0.265,surplus,6.75,6,0
2026-02-23 07:00:00+00:00,57.626,4.556,surplus,7.0,7,0
2026-02-23 07:15:00+00:00,78.723,3.632,surplus,7.25,7,0
2026-02-23 07:30:00+00:00,65.117,4.177,surplus,7.5,7,0
2026-02-23 07:45:00+00:00,66.342,16.073,surplus,7.75,7,0
2026-02-23 08:00:00+00:00,78.123,9.928,surplus,8.0,8,0
2026-02-23 08:15:00+00:00,-8.802,9.096,surplus,8.25,8,0
2026-02-23 08:30:00+00:00,48.512,9.439,surplus,8.5,8,0
2026-02-23 08:45:00+00:00,89.362,13.063,surplus,8.75,8,0
2026-02-23 09:00:00+00:00,32.841,18.668,surplus,9.0,9,0
2026-02-23 09:15:00+00:00,56.374,17.176,surplus,9.25,9,0
2026-02-23 09:30:00+00:00,40.432,23.239,surplus,9.5,9,0
2026-02-23 09:45:00+00:00,34.559,36.086,surplus,9.75,9,0
2026-02-23 10:00:00+00:00,-147.278,51.092,surplus,10.0,10,0
2026-02-23 10:15:00+00:00,-131.143,62.644,surplus,10.25,10,0
2026-02-23 10:30:00+00:00,-131.783,48.506,surplus,10.5,10,0
2026-02-23 10:45:00+00:00,-112.369,45.684,surplus,10.75,10,0
2026-02-23 11:00:00+00:00,-39.0,14.407,surplus,11.0,11,0
2026-02-23 11:15:00+00:00,-39.0,10.289,surplus,11.25,11,0
2026-02-23 11:30:00+00:00,-39.0,2.962,surplus,11.5,11,0
2026-02-23 11:45:00+00:00,13.696,0.439,surplus,11.75,11,0
2026-02-23 12:00:00+00:00,9.6458,3.206,surplus,12.0,12,0
2026-02-23 12:15:00+00:00,10.3438,7.745,surplus,12.25,12,0
2026-02-23 12:30:00+00:00,9.7188,0.753,surplus,12.5,12,0
2026-02-23 12:45:00+00:00,11.5996,5.352,surplus,12.75,12,0
2026-02-23 13:00:00+00:00,80.635,-2.199,deficit,13.0,13,0
2026-02-23 13:15:00+00:00,74.25,-9.017,deficit,13.25,13,0
2026-02-23 13:30:00+00:00,86.405,-4.745,deficit,13.5,13,0
2026-02-23 13:45:00+00:00,41.4901,1.11,surplus,13.75,13,0
2026-02-23 14:00:00+00:00,63.8688,0.991,surplus,14.0,14,0
2026-02-23 14:15:00+00:00,85.954,-0.94,deficit,14.25,14,0
2026-02-23 14:30:00+00:00,110.924,-6.311,deficit,14.5,14,0
2026-02-23 14:45:00+00:00,34.74,3.61,surplus,14.75,14,0
2026-02-23 15:00:00+00:00,51.904,5.224,surplus,15.0,15,0
2026-02-23 15:15:00+00:00,136.0231,-4.798,deficit,15.25,15,0
2026-02-23 15:30:00+00:00,145.3417,-3.662,deficit,15.5,15,0
2026-02-23 15:45:00+00:00,146.1875,-2.763,deficit,15.75,15,0
2026-02-23 16:00:00+00:00,30.412,1.942,surplus,16.0,16,0
2026-02-23 16:15:00+00:00,80.213,7.404,surplus,16.25,16,0
2026-02-23 16:30:00+00:00,90.866,9.401,surplus,16.5,16,0
2026-02-23 16:45:00+00:00,97.938,7.725,surplus,16.75,16,0
2026-02-23 17:00:00+00:00,91.075,17.73,surplus,17.0,17,0
2026-02-23 17:15:00+00:00,82.775,18.514,surplus,17.25,17,0
2026-02-23 17:30:00+00:00,69.13,18.546,surplus,17.5,17,0
2026-02-23 17:45:00+00:00,134.53,-2.582,deficit,17.75,17,0
2026-02-23 18:00:00+00:00,130.6497,-1.099,deficit,18.0,18,0
2026-02-23 18:15:00+00:00,106.766,4.604,surplus,18.25,18,0
2026-02-23 18:30:00+00:00,94.388,6.433,surplus,18.5,18,0
2026-02-23 18:45:00+00:00,131.013,-2.557,deficit,18.75,18,0
2026-02-23 19:00:00+00:00,146.157,-3.121,deficit,19.0,19,0
2026-02-23 19:15:00+00:00,56.214,5.09,surplus,19.25,19,0
2026-02-23 19:30:00+00:00,123.7379,-2.147,deficit,19.5,19,0
2026-02-23 19:45:00+00:00,90.103,2.155,surplus,19.75,19,0
2026-02-23 20:00:00+00:00,65.735,7.365,surplus,20.0,20,0
2026-02-23 20:15:00+00:00,90.63,4.089,surplus,20.25,20,0
2026-02-23 20:30:00+00:00,81.395,3.477,surplus,20.5,20,0
2026-02-23 20:45:00+00:00,70.546,6.145,surplus,20.75,20,0
2026-02-23 21:00:00+00:00,111.342,-2.574,deficit,21.0,21,0
2026-02-23 21:15:00+00:00,92.361,0.038,surplus,21.25,21,0
2026-02-23 21:30:00+00:00,73.662,2.566,surplus,21.5,21,0
2026-02-23 21:45:00+00:00,79.094,2.571,surplus,21.75,21,0
2026-02-23 22:00:00+00:00,8.916,1.061,surplus,22.0,22,0
2026-02-23 22:15:00+00:00,65.569,6.687,surplus,22.25,22,0
2026-02-23 22:30:00+00:00,68.595,4.98,surplus,22.5,22,0
2026-02-23 22:45:00+00:00,68.409,3.646,surplus,22.75,22,0
2026-02-23 23:00:00+00:00,104.9941,-11.918,deficit,23.0,23,0
2026-02-23 23:15:00+00:00,104.9941,-8.64,deficit,23.25,23,0
2026-02-23 23:30:00+00:00,139.261,-11.151,deficit,23.5,23,0
2026-02-23 23:45:00+00:00,104.9941,-15.649,deficit,23.75,23,0
2026-02-24 00:00:00+00:00,114.733,-15.556,deficit,0.0,0,1
2026-02-24 00:15:00+00:00,118.17,-9.13,deficit,0.25,0,1
2026-02-24 00:30:00+00:00,123.113,-14.187,deficit,0.5,0,1
2026-02-24 00:45:00+00:00,193.846,-9.459,deficit,0.75,0,1
2026-02-24 01:00:00+00:00,114.626,-13.628,deficit,1.0,1,1
2026-02-24 01:15:00+00:00,110.907,-5.63,deficit,1.25,1,1
2026-02-24 01:30:00+00:00,106.977,-8.49,deficit,1.5,1,1
2026-02-24 01:45:00+00:00,106.5198,-6.029,deficit,1.75,1,1
2026-02-24 02:00:00+00:00,110.6035,-8.807,deficit,2.0,2,1
2026-02-24 02:15:00+00:00,110.6035,-11.726,deficit,2.25,2,1
2026-02-24 02:30:00+00:00,110.6035,-0.838,deficit,2.5,2,1
2026-02-24 02:45:00+00:00,44.58,0.0,surplus,2.75,2,1
2026-02-24 03:00:00+00:00,107.8141,-0.911,deficit,3.0,3,1
2026-02-24 03:15:00+00:00,107.8141,-1.32,deficit,3.25,3,1
2026-02-24 03:30:00+00:00,107.8141,-3.086,deficit,3.5,3,1
2026-02-24 03:45:00+00:00,107.8141,-4.893,deficit,3.75,3,1
2026-02-24 04:00:00+00:00,78.229,2.85,surplus,4.0,4,1
2026-02-24 04:15:00+00:00,92.71,2.042,surplus,4.25,4,1
2026-02-24 04:30:00+00:00,93.131,0.808,surplus,4.5,4,1
2026-02-24 04:45:00+00:00,102.0459,0.336,surplus,4.75,4,1
2026-02-24 05:00:00+00:00,166.309,-1.442,deficit,5.0,5,1
2026-02-24 05:15:00+00:00,110.18,0.436,surplus,5.25,5,1
2026-02-24 05:30:00+00:00,106.821,5.307,surplus,5.5,5,1
2026-02-24 05:45:00+00:00,119.3357,6.957,surplus,5.75,5,1
2026-02-24 06:00:00+00:00,166.56,-5.145,deficit,6.0,6,1
2026-02-24 06:15:00+00:00,150.942,-5.491,deficit,6.25,6,1
2026-02-24 06:30:00+00:00,93.726,6.025,surplus,6.5,6,1
2026-02-24 06:45:00+00:00,80.674,4.07,surplus,6.75,6,1
2026-02-24 07:00:00+00:00,151.206,-3.728,deficit,7.0,7,1
2026-02-24 07:15:00+00:00,63.319,0.04,surplus,7.25,7,1
2026-02-24 07:30:00+00:00,153.142,-4.45,deficit,7.5,7,1
2026-02-24 07:45:00+00:00,77.599,2.878,surplus,7.75,7,1
2026-02-24 08:00:00+00:00,72.153,6.717,surplus,8.0,8,1
2026-02-24 08:15:00+00:00,82.414,8.854,surplus,8.25,8,1
2026-02-24 08:30:00+00:00,68.89,18.235,surplus,8.5,8,1
2026-02-24 08:45:00+00:00,76.569,15.763,surplus,8.75,8,1
2026-02-24 09:00:00+00:00,54.464,27.339,surplus,9.0,9,1
2026-02-24 09:15:00+00:00,78.644,24.689,surplus,9.25,9,1
2026-02-24 09:30:00+00:00,51.87,33.144,surplus,9.5,9,1
2026-02-24 09:45:00+00:00,77.511,17.251,surplus,9.75,9,1
2026-02-24 10:00:00+00:00,128.975,-1.51,deficit,10.0,10,1
2026-02-24 10:15:00+00:00,121.583,-1.532,deficit,10.25,10,1
2026-02-24 10:30:00+00:00,115.126,-3.51,deficit,10.5,10,1
2026-02-24 10:45:00+00:00,107.921,-15.167,deficit,10.75,10,1
2026-02-24 11:00:00+00:00,114.51,-3.456,deficit,11.0,11,1
2026-02-24 11:15:00+00:00,109.032,-4.368,deficit,11.25,11,1
2026-02-24 11:30:00+00:00,107.448,-7.368,deficit,11.5,11,1
2026-02-24 11:45:00+00:00,18.419,5.571,surplus,11.75,11,1
2026-02-24 12:00:00+00:00,106.817,-3.599,deficit,12.0,12,1
2026-02-24 12:15:00+00:00,106.216,-5.296,deficit,12.25,12,1
2026-02-24 12:30:00+00:00,106.876,-0.811,deficit,12.5,12,1
2026-02-24 12:45:00+00:00,106.788,-12.541,deficit,12.75,12,1
2026-02-24 13:00:00+00:00,105.567,-13.656,deficit,13.0,13,1
2026-02-24 13:15:00+00:00,108.383,-16.964,deficit,13.25,13,1
2026-02-24 13:30:00+00:00,110.495,-12.247,deficit,13.5,13,1
2026-02-24 13:45:00+00:00,117.775,-5.204,deficit,13.75,13,1
2026-02-24 14:00:00+00:00,123.497,-3.345,deficit,14.0,14,1
2026-02-24 14:15:00+00:00,115.596,-12.959,deficit,14.25,14,1
2026-02-24 14:30:00+00:00,124.102,-7.37,deficit,14.5,14,1
2026-02-24 14:45:00+00:00,142.857,-4.764,deficit,14.75,14,1
2026-02-24 15:00:00+00:00,140.1168,-1.137,deficit,15.0,15,1
2026-02-24 15:15:00+00:00,142.2489,-4.405,deficit,15.25,15,1
2026-02-24 15:30:00+00:00,62.875,3.713,surplus,15.5,15,1
2026-02-24 15:45:00+00:00,63.817,1.578,surplus,15.75,15,1
2026-02-24 16:00:00+00:00,60.736,7.279,surplus,16.0,16,1
2026-02-24 16:15:00+00:00,194.8153,-1.391,deficit,16.25,16,1
2026-02-24 16:30:00+00:00,135.789,8.685,surplus,16.5,16,1
2026-02-24 16:45:00+00:00,245.19,-5.603,deficit,16.75,16,1
2026-02-24 17:00:00+00:00,225.4321,-14.591,deficit,17.0,17,1
2026-02-24 17:15:00+00:00,220.5582,-2.498,deficit,17.25,17,1
2026-02-24 17:30:00+00:00,214.2125,-1.93,deficit,17.5,17,1
2026-02-24 17:45:00+00:00,212.0465,-8.026,deficit,17.75,17,1
2026-02-24 18:00:00+00:00,190.993,-3.209,deficit,18.0,18,1
2026-02-24 18:15:00+00:00,88.891,2.25,surplus,18.25,18,1
2026-02-24 18:30:00+00:00,91.602,1.566,surplus,18.5,18,1
2026-02-24 18:45:00+00:00,74.015,2.747,surplus,18.75,18,1
2026-02-24 19:00:00+00:00,148.368,-3.341,deficit,19.0,19,1
2026-02-24 19:15:00+00:00,142.175,-3.293,deficit,19.25,19,1
2026-02-24 19:30:00+00:00,135.193,-0.773,deficit,19.5,19,1
2026-02-24 19:45:00+00:00,131.1421,-9.324,deficit,19.75,19,1
2026-02-24 20:00:00+00:00,137.089,-10.415,deficit,20.0,20,1
2026-02-24 20:15:00+00:00,128.854,-8.862,deficit,20.25,20,1
2026-02-24 20:30:00+00:00,93.561,4.422,surplus,20.5,20,1
2026-02-24 20:45:00+00:00,108.76,4.37,surplus,20.75,20,1
2026-02-24 21:00:00+00:00,125.433,-1.672,deficit,21.0,21,1
2026-02-24 21:15:00+00:00,121.088,-9.046,deficit,21.25,21,1
2026-02-24 21:30:00+00:00,118.6132,-3.878,deficit,21.5,21,1
2026-02-24 21:45:00+00:00,121.966,-5.226,deficit,21.75,21,1
2026-02-24 22:00:00+00:00,93.193,1.254,surplus,22.0,22,1
2026-02-24 22:15:00+00:00,87.023,7.373,surplus,22.25,22,1
2026-02-24 22:30:00+00:00,96.53,14.469,surplus,22.5,22,1
2026-02-24 22:45:00+00:00,87.661,7.21,surplus,22.75,22,1
2026-02-24 23:00:00+00:00,115.291,-11.175,deficit,23.0,23,1
2026-02-24 23:15:00+00:00,110.892,-2.122,deficit,23.25,23,1
2026-02-24 23:30:00+00:00,108.779,-0.223,deficit,23.5,23,1
2026-02-24 23:45:00+00:00,105.127,-1.093,deficit,23.75,23,1
2026-02-25 00:00:00+00:00,89.9065,2.316,surplus,0.0,0,2
2026-02-25 00:15:00+00:00,88.905,4.323,surplus,0.25,0,2
2026-02-25 00:30:00+00:00,66.667,3.257,surplus,0.5,0,2
2026-02-25 00:45:00+00:00,72.99,9.184,surplus,0.75,0,2
2026-02-25 01:00:00+00:00,104.434,-3.659,deficit,1.0,1,2
2026-02-25 01:15:00+00:00,102.157,-3.466,deficit,1.25,1,2
2026-02-25 01:30:00+00:00,101.31,-10.835,deficit,1.5,1,2
2026-02-25 01:45:00+00:00,109.562,-3.9,deficit,1.75,1,2
2026-02-25 02:00:00+00:00,127.18,-8.622,deficit,2.0,2,2
2026-02-25 02:15:00+00:00,107.706,-9.754,deficit,2.25,2,2
2026-02-25 02:30:00+00:00,115.051,-11.646,deficit,2.5,2,2
2026-02-25 02:45:00+00:00,102.564,-6.864,deficit,2.75,2,2
2026-02-25 03:00:00+00:00,89.1874,1.523,surplus,3.0,3,2
2026-02-25 03:15:00+00:00,128.598,-3.458,deficit,3.25,3,2
2026-02-25 03:30:00+00:00,123.718,-2.953,deficit,3.5,3,2
2026-02-25 03:45:00+00:00,133.468,-1.588,deficit,3.75,3,2
2026-02-25 04:00:00+00:00,132.842,-11.364,deficit,4.0,4,2
2026-02-25 04:15:00+00:00,119.701,-13.625,deficit,4.25,4,2
2026-02-25 04:30:00+00:00,131.88,-13.94,deficit,4.5,4,2
2026-02-25 04:45:00+00:00,116.567,-11.581,deficit,4.75,4,2
2026-02-25 05:00:00+00:00,193.408,-21.236,deficit,5.0,5,2
2026-02-25 05:15:00+00:00,155.672,-16.205,deficit,5.25,5,2
2026-02-25 05:30:00+00:00,157.666,-17.595,deficit,5.5,5,2
2026-02-25 05:45:00+00:00,156.828,-11.779,deficit,5.75,5,2
2026-02-25 06:00:00+00:00,164.877,-13.152,deficit,6.0,6,2
2026-02-25 06:15:00+00:00,158.4837,-14.243,deficit,6.25,6,2
2026-02-25 06:30:00+00:00,168.8276,-8.922,deficit,6.5,6,2
2026-02-25 06:45:00+00:00,164.2161,-9.451,deficit,6.75,6,2
2026-02-25 07:00:00+00:00,166.8333,-14.559,deficit,7.0,7,2
2026-02-25 07:15:00+00:00,156.2708,-1.481,deficit,7.25,7,2
2026-02-25 07:30:00+00:00,146.0789,-10.136,deficit,7.5,7,2
2026-02-25 07:45:00+00:00,141.9068,-6.308,deficit,7.75,7,2
2026-02-25 08:00:00+00:00,148.126,-5.877,deficit,8.0,8,2
2026-02-25 08:15:00+00:00,132.792,-11.742,deficit,8.25,8,2
2026-02-25 08:30:00+00:00,120.7739,-16.914,deficit,8.5,8,2
2026-02-25 08:45:00+00:00,116.9919,-12.52,deficit,8.75,8,2
2026-02-25 09:00:00+00:00,138.855,-10.757,deficit,9.0,9,2
2026-02-25 09:15:00+00:00,112.838,-4.359,deficit,9.25,9,2
2026-02-25 09:30:00+00:00,102.575,-10.314,deficit,9.5,9,2
2026-02-25 09:45:00+00:00,98.032,-2.637,deficit,9.75,9,2
2026-02-25 10:00:00+00:00,105.853,-17.516,deficit,10.0,10,2
2026-02-25 10:15:00+00:00,102.234,-10.402,deficit,10.25,10,2
2026-02-25 10:30:00+00:00,100.265,-15.905,deficit,10.5,10,2
2026-02-25 10:45:00+00:00,92.855,-10.878,deficit,10.75,10,2
2026-02-25 11:00:00+00:00,66.781,3.647,surplus,11.0,11,2
2026-02-25 11:15:00+00:00,51.944,5.068,surplus,11.25,11,2
2026-02-25 11:30:00+00:00,36.1,5.006,surplus,11.5,11,2
2026-02-25 11:45:00+00:00,27.827,16.109,surplus,11.75,11,2
2026-02-25 12:00:00+00:00,21.967,12.034,surplus,12.0,12,2
2026-02-25 12:15:00+00:00,26.477,5.308,surplus,12.25,12,2
2026-02-25 12:30:00+00:00,31.045,0.744,surplus,12.5,12,2
2026-02-25 12:45:00+00:00,67.617,-0.461,deficit,12.75,12,2
2026-02-25 13:00:00+00:00,-3.956,5.345,surplus,13.0,13,2
2026-02-25 13:15:00+00:00,79.662,-3.138,deficit,13.25,13,2
2026-02-25 13:30:00+00:00,91.091,-0.657,deficit,13.5,13,2
2026-02-25 13:45:00+00:00,101.409,-1.839,deficit,13.75,13,2
2026-02-25 14:00:00+00:00,83.512,-1.205,deficit,14.0,14,2
2026-02-25 14:15:00+00:00,89.133,-2.208,deficit,14.25,14,2
2026-02-25 14:30:00+00:00,100.375,-4.713,deficit,14.5,14,2
2026-02-25 14:45:00+00:00,111.661,-0.826,deficit,14.75,14,2
2026-02-25 15:00:00+00:00,97.636,-0.355,deficit,15.0,15,2
2026-02-25 15:15:00+00:00,113.3837,-8.145,deficit,15.25,15,2
2026-02-25 15:30:00+00:00,120.329,-3.982,deficit,15.5,15,2
2026-02-25 15:45:00+00:00,156.486,-9.313,deficit,15.75,15,2
2026-02-25 16:00:00+00:00,77.286,3.823,surplus,16.0,16,2
2026-02-25 16:15:00+00:00,89.811,2.244,surplus,16.25,16,2
2026-02-25 16:30:00+00:00,177.584,-0.782,deficit,16.5,16,2
2026-02-25 16:45:00+00:00,191.378,-2.911,deficit,16.75,16,2
2026-02-25 17:00:00+00:00,50.886,1.086,surplus,17.0,17,2
2026-02-25 17:15:00+00:00,172.15,-2.284,deficit,17.25,17,2
2026-02-25 17:30:00+00:00,165.44,-6.005,deficit,17.5,17,2
2026-02-25 17:45:00+00:00,88.03,4.974,surplus,17.75,17,2
2026-02-25 18:00:00+00:00,165.858,-0.617,deficit,18.0,18,2
2026-02-25 18:15:00+00:00,164.659,-0.104,deficit,18.25,18,2
2026-02-25 18:30:00+00:00,62.692,2.373,surplus,18.5,18,2
2026-02-25 18:45:00+00:00,60.625,0.921,surplus,18.75,18,2
2026-02-25 19:00:00+00:00,82.721,12.035,surplus,19.0,19,2
2026-02-25 19:15:00+00:00,86.241,3.249,surplus,19.25,19,2
2026-02-25 19:30:00+00:00,150.546,-4.207,deficit,19.5,19,2
2026-02-25 19:45:00+00:00,76.232,2.174,surplus,19.75,19,2
2026-02-25 20:00:00+00:00,144.8064,-15.531,deficit,20.0,20,2
2026-02-25 20:15:00+00:00,147.1493,-18.605,deficit,20.25,20,2
2026-02-25 20:30:00+00:00,133.072,-7.118,deficit,20.5,20,2
2026-02-25 20:45:00+00:00,125.2404,-9.664,deficit,20.75,20,2
2026-02-25 21:00:00+00:00,113.674,-3.576,deficit,21.0,21,2
2026-02-25 21:15:00+00:00,113.9679,-11.464,deficit,21.25,21,2
2026-02-25 21:30:00+00:00,113.6092,-11.965,deficit,21.5,21,2
2026-02-25 21:45:00+00:00,113.168,-8.852,deficit,21.75,21,2
2026-02-25 22:00:00+00:00,100.925,-2.497,deficit,22.0,22,2
2026-02-25 22:15:00+00:00,97.1906,-0.429,deficit,22.25,22,2
2026-02-25 22:30:00+00:00,33.999,3.73,surplus,22.5,22,2
2026-02-25 22:45:00+00:00,33.759,3.501,surplus,22.75,22,2
2026-02-25 23:00:00+00:00,19.752,4.22,surplus,23.0,23,2
2026-02-25 23:15:00+00:00,78.107,8.909,surplus,23.25,23,2
2026-02-25 23:30:00+00:00,50.019,1.095,surplus,23.5,23,2
2026-02-25 23:45:00+00:00,86.8797,-2.618,deficit,23.75,23,2
2026-02-26 00:00:00+00:00,93.39,-6.128,deficit,0.0,0,3
2026-02-26 00:15:00+00:00,84.6783,-6.578,deficit,0.25,0,3
2026-02-26 00:30:00+00:00,84.6783,-10.997,deficit,0.5,0,3
2026-02-26 00:45:00+00:00,84.6783,-11.34,deficit,0.75,0,3
2026-02-26 01:00:00+00:00,80.751,-19.699,deficit,1.0,1,3
2026-02-26 01:15:00+00:00,79.838,-16.393,deficit,1.25,1,3
2026-02-26 01:30:00+00:00,79.992,-13.334,deficit,1.5,1,3
2026-02-26 01:45:00+00:00,81.158,-15.29,deficit,1.75,1,3
2026-02-26 02:00:00+00:00,81.884,-14.927,deficit,2.0,2,3
2026-02-26 02:15:00+00:00,81.829,-10.994,deficit,2.25,2,3
2026-02-26 02:30:00+00:00,83.281,-17.35,deficit,2.5,2,3
2026-02-26 02:45:00+00:00,75.4193,-20.914,deficit,2.75,2,3
2026-02-26 03:00:00+00:00,76.3383,-10.232,deficit,3.0,3,3
2026-02-26 03:15:00+00:00,77.836,-12.052,deficit,3.25,3,3
2026-02-26 03:30:00+00:00,80.663,-11.812,deficit,3.5,3,3
2026-02-26 03:45:00+00:00,46.12,1.645,surplus,3.75,3,3
2026-02-26 04:00:00+00:00,23.99,3.68,surplus,4.0,4,3
2026-02-26 04:15:00+00:00,87.1988,-6.993,deficit,4.25,4,3
2026-02-26 04:30:00+00:00,94.93,-7.018,deficit,4.5,4,3
2026-02-26 04:45:00+00:00,110.902,-4.25,deficit,4.75,4,3
2026-02-26 05:00:00+00:00,133.2668,-5.411,deficit,5.0,5,3
2026-02-26 05:15:00+00:00,133.2668,-9.909,deficit,5.25,5,3
2026-02-26 05:30:00+00:00,134.343,-11.07,deficit,5.5,5,3
2026-02-26 05:45:00+00:00,143.352,-12.981,deficit,5.75,5,3
2026-02-26 06:00:00+00:00,129.019,-24.269,deficit,6.0,6,3
2026-02-26 06:15:00+00:00,129.91,-11.324,deficit,6.25,6,3
2026-02-26 06:30:00+00:00,127.831,-5.928,deficit,6.5,6,3
2026-02-26 06:45:00+00:00,60.533,3.599,surplus,6.75,6,3
2026-02-26 07:00:00+00:00,122.826,-0.324,deficit,7.0,7,3
2026-02-26 07:15:00+00:00,-23.102,6.002,surplus,7.25,7,3
2026-02-26 07:30:00+00:00,-37.554,4.366,surplus,7.5,7,3
2026-02-26 07:45:00+00:00,-112.482,4.99,surplus,7.75,7,3
2026-02-26 08:00:00+00:00,77.5417,5.091,surplus,8.0,8,3
2026-02-26 08:15:00+00:00,0.332,13.638,surplus,8.25,8,3
2026-02-26 08:30:00+00:00,-157.335,24.373,surplus,8.5,8,3
2026-02-26 08:45:00+00:00,-25.899,9.952,surplus,8.75,8,3
2026-02-26 09:00:00+00:00,-21.509,6.131,surplus,9.0,9,3
2026-02-26 09:15:00+00:00,-42.146,19.325,surplus,9.25,9,3
2026-02-26 09:30:00+00:00,-172.957,23.722,surplus,9.5,9,3
2026-02-26 09:45:00+00:00,-135.869,23.061,surplus,9.75,9,3
2026-02-26 10:00:00+00:00,-296.388,26.336,surplus,10.0,10,3
2026-02-26 10:15:00+00:00,-350.001,32.901,surplus,10.25,10,3
2026-02-26 10:30:00+00:00,-416.825,39.407,surplus,10.5,10,3
2026-02-26 10:45:00+00:00,-347.414,35.327,surplus,10.75,10,3
2026-02-26 11:00:00+00:00,-311.497,42.678,surplus,11.0,11,3
2026-02-26 11:15:00+00:00,-303.701,39.747,surplus,11.25,11,3
2026-02-26 11:30:00+00:00,-590.54,58.528,surplus,11.5,11,3
2026-02-26 11:45:00+00:00,-70.242,46.08,surplus,11.75,11,3
2026-02-26 12:00:00+00:00,-23.308,31.966,surplus,12.0,12,3
2026-02-26 12:15:00+00:00,-21.579,35.677,surplus,12.25,12,3
2026-02-26 12:30:00+00:00,1.9725,34.553,surplus,12.5,12,3
2026-02-26 12:45:00+00:00,-17.367,34.357,surplus,12.75,12,3
2026-02-26 13:00:00+00:00,-7.234,39.277,surplus,13.0,13,3
2026-02-26 13:15:00+00:00,-18.771,40.773,surplus,13.25,13,3
2026-02-26 13:30:00+00:00,-4.305,24.407,surplus,13.5,13,3
2026-02-26 13:45:00+00:00,2.437,10.287,surplus,13.75,13,3
2026-02-26 14:00:00+00:00,41.7176,16.079,surplus,14.0,14,3
2026-02-26 14:15:00+00:00,29.298,8.357,surplus,14.25,14,3
2026-02-26 14:30:00+00:00,53.0755,3.827,surplus,14.5,14,3
2026-02-26 14:45:00+00:00,50.7702,7.801,surplus,14.75,14,3
2026-02-26 15:00:00+00:00,76.087,-11.289,deficit,15.0,15,3
2026-02-26 15:15:00+00:00,256.218,-5.299,deficit,15.25,15,3
2026-02-26 15:30:00+00:00,49.464,0.26,surplus,15.5,15,3
2026-02-26 15:45:00+00:00,92.4393,1.536,surplus,15.75,15,3
2026-02-26 16:00:00+00:00,117.238,-2.095,deficit,16.0,16,3
2026-02-26 16:15:00+00:00,126.511,-9.658,deficit,16.25,16,3
2026-02-26 16:30:00+00:00,133.782,-7.847,deficit,16.5,16,3
2026-02-26 16:45:00+00:00,140.778,-11.14,deficit,16.75,16,3
2026-02-26 17:00:00+00:00,69.987,5.111,surplus,17.0,17,3
2026-02-26 17:15:00+00:00,131.01,-0.407,deficit,17.25,17,3
2026-02-26 17:30:00+00:00,70.693,1.843,surplus,17.5,17,3
2026-02-26 17:45:00+00:00,100.395,4.281,surplus,17.75,17,3
2026-02-26 18:00:00+00:00,133.056,-1.353,deficit,18.0,18,3
2026-02-26 18:15:00+00:00,82.958,2.197,surplus,18.25,18,3
2026-02-26 18:30:00+00:00,98.7239,0.494,surplus,18.5,18,3
2026-02-26 18:45:00+00:00,85.308,1.475,surplus,18.75,18,3
2026-02-26 19:00:00+00:00,92.3033,0.132,surplus,19.0,19,3
2026-02-26 19:15:00+00:00,143.039,-4.623,deficit,19.25,19,3
2026-02-26 19:30:00+00:00,97.152,-2.607,deficit,19.5,19,3
2026-02-26 19:45:00+00:00,99.22,-3.457,deficit,19.75,19,3
2026-02-26 20:00:00+00:00,73.273,2.599,surplus,20.0,20,3
2026-02-26 20:15:00+00:00,69.178,7.422,surplus,20.25,20,3
2026-02-26 20:30:00+00:00,75.561,6.56,surplus,20.5,20,3
2026-02-26 20:45:00+00:00,74.595,3.964,surplus,20.75,20,3
2026-02-26 21:00:00+00:00,105.006,-2.034,deficit,21.0,21,3
2026-02-26 21:15:00+00:00,91.806,-7.059,deficit,21.25,21,3
2026-02-26 21:30:00+00:00,94.731,-6.425,deficit,21.5,21,3
2026-02-26 21:45:00+00:00,94.396,-12.07,deficit,21.75,21,3
2026-02-26 22:00:00+00:00,96.613,-13.365,deficit,22.0,22,3
2026-02-26 22:15:00+00:00,86.559,-12.469,deficit,22.25,22,3
2026-02-26 22:30:00+00:00,78.892,-13.212,deficit,22.5,22,3
2026-02-26 22:45:00+00:00,80.831,-8.88,deficit,22.75,22,3
2026-02-26 23:00:00+00:00,70.642,-13.874,deficit,23.0,23,3
2026-02-26 23:15:00+00:00,75.573,-12.208,deficit,23.25,23,3
2026-02-26 23:30:00+00:00,85.221,-18.229,deficit,23.5,23,3
2026-02-26 23:45:00+00:00,80.934,-12.141,deficit,23.75,23,3
2026-02-27 00:00:00+00:00,74.8834,-0.504,deficit,0.0,0,4
2026-02-27 00:15:00+00:00,88.964,-3.025,deficit,0.25,0,4
2026-02-27 00:30:00+00:00,94.986,-2.959,deficit,0.5,0,4
2026-02-27 00:45:00+00:00,56.21,3.898,surplus,0.75,0,4
2026-02-27 01:00:00+00:00,61.67,2.957,surplus,1.0,1,4
2026-02-27 01:15:00+00:00,59.586,1.024,surplus,1.25,1,4
2026-02-27 01:30:00+00:00,72.2289,-0.42,deficit,1.5,1,4
2026-02-27 01:45:00+00:00,61.49,0.474,surplus,1.75,1,4
2026-02-27 02:00:00+00:00,80.543,-0.851,deficit,2.0,2,4
2026-02-27 02:15:00+00:00,36.633,1.237,surplus,2.25,2,4
2026-02-27 02:30:00+00:00,75.6399,-0.994,deficit,2.5,2,4
2026-02-27 02:45:00+00:00,58.186,2.068,surplus,2.75,2,4
2026-02-27 03:00:00+00:00,59.23,3.337,surplus,3.0,3,4
2026-02-27 03:15:00+00:00,54.191,2.743,surplus,3.25,3,4
2026-02-27 03:30:00+00:00,69.09,3.212,surplus,3.5,3,4
2026-02-27 03:45:00+00:00,81.202,-4.021,deficit,3.75,3,4
2026-02-27 04:00:00+00:00,89.5666,-5.851,deficit,4.0,4,4
2026-02-27 04:15:00+00:00,94.592,-2.31,deficit,4.25,4,4
2026-02-27 04:30:00+00:00,103.653,-3.082,deficit,4.5,4,4
2026-02-27 04:45:00+00:00,122.749,-2.84,deficit,4.75,4,4
2026-02-27 05:00:00+00:00,123.9839,-12.128,deficit,5.0,5,4
2026-02-27 05:15:00+00:00,140.14,-12.871,deficit,5.25,5,4
2026-02-27 05:30:00+00:00,148.335,-11.356,deficit,5.5,5,4
2026-02-27 05:45:00+00:00,167.277,-6.997,deficit,5.75,5,4
2026-02-27 06:00:00+00:00,144.32,-13.063,deficit,6.0,6,4
2026-02-27 06:15:00+00:00,146.102,-3.19,deficit,6.25,6,4
2026-02-27 06:30:00+00:00,133.892,-11.237,deficit,6.5,6,4
2026-02-27 06:45:00+00:00,107.712,-6.504,deficit,6.75,6,4
2026-02-27 07:00:00+00:00,86.2366,7.219,surplus,7.0,7,4
2026-02-27 07:15:00+00:00,102.124,-0.52,deficit,7.25,7,4
2026-02-27 07:30:00+00:00,-69.547,1.336,surplus,7.5,7,4
2026-02-27 07:45:00+00:00,28.791,1.119,surplus,7.75,7,4
2026-02-27 08:00:00+00:00,54.826,21.532,surplus,8.0,8,4
2026-02-27 08:15:00+00:00,5.944,5.999,surplus,8.25,8,4
2026-02-27 08:30:00+00:00,49.7435,5.2,surplus,8.5,8,4
2026-02-27 08:45:00+00:00,41.6012,8.413,surplus,8.75,8,4
2026-02-27 09:00:00+00:00,2.019,29.12,surplus,9.0,9,4
2026-02-27 09:15:00+00:00,-2.789,24.496,surplus,9.25,9,4
2026-02-27 09:30:00+00:00,6.231,11.655,surplus,9.5,9,4
2026-02-27 09:45:00+00:00,-21.722,27.31,surplus,9.75,9,4
2026-02-27 10:00:00+00:00,-55.642,21.244,surplus,10.0,10,4
2026-02-27 10:15:00+00:00,-50.549,28.365,surplus,10.25,10,4
2026-02-27 10:30:00+00:00,-78.762,41.402,surplus,10.5,10,4
2026-02-27 10:45:00+00:00,-8.211,30.434,surplus,10.75,10,4
2026-02-27 11:00:00+00:00,-11.315,17.607,surplus,11.0,11,4
2026-02-27 11:15:00+00:00,-30.957,14.463,surplus,11.25,11,4
2026-02-27 11:30:00+00:00,-51.422,10.435,surplus,11.5,11,4
2026-02-27 11:45:00+00:00,-48.406,13.868,surplus,11.75,11,4
2026-02-27 12:00:00+00:00,-66.664,23.609,surplus,12.0,12,4
2026-02-27 12:15:00+00:00,-91.475,15.354,surplus,12.25,12,4
2026-02-27 12:30:00+00:00,-13.373,8.108,surplus,12.5,12,4
2026-02-27 12:45:00+00:00,-22.654,12.241,surplus,12.75,12,4
2026-02-27 13:00:00+00:00,-23.927,16.568,surplus,13.0,13,4
2026-02-27 13:15:00+00:00,-23.264,14.773,surplus,13.25,13,4
2026-02-27 13:30:00+00:00,-37.11,7.995,surplus,13.5,13,4
2026-02-27 13:45:00+00:00,-68.246,10.249,surplus,13.75,13,4
2026-02-27 14:00:00+00:00,52.4547,-4.893,deficit,14.0,14,4
2026-02-27 14:15:00+00:00,230.733,-7.34,deficit,14.25,14,4
2026-02-27 14:30:00+00:00,94.556,-12.253,deficit,14.5,14,4
2026-02-27 14:45:00+00:00,109.659,-3.56,deficit,14.75,14,4
2026-02-27 15:00:00+00:00,99.4097,-18.952,deficit,15.0,15,4
2026-02-27 15:15:00+00:00,105.4717,-16.774,deficit,15.25,15,4
2026-02-27 15:30:00+00:00,131.608,-10.132,deficit,15.5,15,4
2026-02-27 15:45:00+00:00,141.438,-4.957,deficit,15.75,15,4
2026-02-27 16:00:00+00:00,8.487,12.682,surplus,16.0,16,4
2026-02-27 16:15:00+00:00,96.782,10.49,surplus,16.25,16,4
2026-02-27 16:30:00+00:00,79.637,3.274,surplus,16.5,16,4
2026-02-27 16:45:00+00:00,64.689,1.034,surplus,16.75,16,4
2026-02-27 17:00:00+00:00,45.276,1.796,surplus,17.0,17,4
2026-02-27 17:15:00+00:00,88.533,1.331,surplus,17.25,17,4
2026-02-27 17:30:00+00:00,116.581,0.717,surplus,17.5,17,4
2026-02-27 17:45:00+00:00,98.471,2.966,surplus,17.75,17,4
2026-02-27 18:00:00+00:00,70.534,8.877,surplus,18.0,18,4
2026-02-27 18:15:00+00:00,68.178,10.498,surplus,18.25,18,4
2026-02-27 18:30:00+00:00,46.497,4.701,surplus,18.5,18,4
2026-02-27 18:45:00+00:00,57.837,4.135,surplus,18.75,18,4
2026-02-27 19:00:00+00:00,58.78,6.366,surplus,19.0,19,4
2026-02-27 19:15:00+00:00,131.945,-0.292,deficit,19.25,19,4
2026-02-27 19:30:00+00:00,71.216,0.446,surplus,19.5,19,4
2026-02-27 19:45:00+00:00,78.28,0.181,surplus,19.75,19,4
2026-02-27 20:00:00+00:00,73.831,0.483,surplus,20.0,20,4
2026-02-27 20:15:00+00:00,111.265,-2.721,deficit,20.25,20,4
2026-02-27 20:30:00+00:00,106.117,-4.307,deficit,20.5,20,4
2026-02-27 20:45:00+00:00,98.934,-0.331,deficit,20.75,20,4
2026-02-27 21:00:00+00:00,109.373,-1.775,deficit,21.0,21,4
2026-02-27 21:15:00+00:00,107.723,-0.016,deficit,21.25,21,4
2026-02-27 21:30:00+00:00,87.57,6.906,surplus,21.5,21,4
2026-02-27 21:45:00+00:00,85.47,12.164,surplus,21.75,21,4
2026-02-27 22:00:00+00:00,96.437,-0.234,deficit,22.0,22,4
2026-02-27 22:15:00+00:00,98.519,-3.319,deficit,22.25,22,4
2026-02-27 22:30:00+00:00,83.23,0.363,surplus,22.5,22,4
2026-02-27 22:45:00+00:00,73.848,4.768,surplus,22.75,22,4
2026-02-27 23:00:00+00:00,96.712,-2.249,deficit,23.0,23,4
2026-02-27 23:15:00+00:00,94.556,-4.945,deficit,23.25,23,4
2026-02-27 23:30:00+00:00,94.006,-6.139,deficit,23.5,23,4
2026-02-27 23:45:00+00:00,58.355,1.955,surplus,23.75,23,4
2026-02-28 00:00:00+00:00,93.764,-13.518,deficit,0.0,0,5
2026-02-28 00:15:00+00:00,93.247,-7.408,deficit,0.25,0,5
2026-02-28 00:30:00+00:00,89.958,-5.372,deficit,0.5,0,5
2026-02-28 00:45:00+00:00,87.4547,-4.393,deficit,0.75,0,5
2026-02-28 01:00:00+00:00,91.751,-7.16,deficit,1.0,1,5
2026-02-28 01:15:00+00:00,88.495,-1.268,deficit,1.25,1,5
2026-02-28 01:30:00+00:00,60.248,0.611,surplus,1.5,1,5
2026-02-28 01:45:00+00:00,77.41,1.285,surplus,1.75,1,5
2026-02-28 02:00:00+00:00,87.813,-3.776,deficit,2.0,2,5
2026-02-28 02:15:00+00:00,86.185,-5.415,deficit,2.25,2,5
2026-02-28 02:30:00+00:00,85.217,-4.173,deficit,2.5,2,5
2026-02-28 02:45:00+00:00,58.301,0.812,surplus,2.75,2,5
2026-02-28 03:00:00+00:00,85.294,-0.37,deficit,3.0,3,5
2026-02-28 03:15:00+00:00,52.311,0.469,surplus,3.25,3,5
2026-02-28 03:30:00+00:00,84.359,-5.689,deficit,3.5,3,5
2026-02-28 03:45:00+00:00,84.447,-8.661,deficit,3.75,3,5
2026-02-28 04:00:00+00:00,84.81,-3.487,deficit,4.0,4,5
2026-02-28 04:15:00+00:00,83.9689,-1.808,deficit,4.25,4,5
2026-02-28 04:30:00+00:00,85.36,-9.086,deficit,4.5,4,5
2026-02-28 04:45:00+00:00,87.846,-10.248,deficit,4.75,4,5
2026-02-28 05:00:00+00:00,83.0553,-9.671,deficit,5.0,5,5
2026-02-28 05:15:00+00:00,85.866,-5.198,deficit,5.25,5,5
2026-02-28 05:30:00+00:00,88.319,-23.76,deficit,5.5,5,5
2026-02-28 05:45:00+00:00,89.716,-9.58,deficit,5.75,5,5
2026-02-28 06:00:00+00:00,97.284,-20.948,deficit,6.0,6,5
2026-02-28 06:15:00+00:00,97.614,-12.24,deficit,6.25,6,5
2026-02-28 06:30:00+00:00,90.607,-11.547,deficit,6.5,6,5
2026-02-28 06:45:00+00:00,-15.774,2.232,surplus,6.75,6,5
2026-02-28 07:00:00+00:00,54.2642,4.534,surplus,7.0,7,5
2026-02-28 07:15:00+00:00,46.7674,7.456,surplus,7.25,7,5
2026-02-28 07:30:00+00:00,67.377,-4.34,deficit,7.5,7,5
2026-02-28 07:45:00+00:00,18.831,7.617,surplus,7.75,7,5
2026-02-28 08:00:00+00:00,11.1559,7.498,surplus,8.0,8,5
2026-02-28 08:15:00+00:00,8.0683,6.783,surplus,8.25,8,5
2026-02-28 08:30:00+00:00,3.89,4.964,surplus,8.5,8,5
2026-02-28 08:45:00+00:00,-33.536,9.76,surplus,8.75,8,5
2026-02-28 09:00:00+00:00,-8.8347,4.321,surplus,9.0,9,5
2026-02-28 09:15:00+00:00,-13.1735,10.033,surplus,9.25,9,5
2026-02-28 09:30:00+00:00,-13.4515,5.047,surplus,9.5,9,5
2026-02-28 09:45:00+00:00,-15.2193,11.296,surplus,9.75,9,5
2026-02-28 10:00:00+00:00,-23.4379,18.725,surplus,10.0,10,5
2026-02-28 10:15:00+00:00,-21.6276,20.549,surplus,10.25,10,5
2026-02-28 10:30:00+00:00,-22.4682,19.88,surplus,10.5,10,5
2026-02-28 10:45:00+00:00,-23.5202,14.096,surplus,10.75,10,5
2026-02-28 11:00:00+00:00,-17.2344,15.885,surplus,11.0,11,5
2026-02-28 11:15:00+00:00,-16.9534,21.137,surplus,11.25,11,5
2026-02-28 11:30:00+00:00,-17.0034,15.569,surplus,11.5,11,5
2026-02-28 11:45:00+00:00,-17.0534,13.47,surplus,11.75,11,5
2026-02-28 12:00:00+00:00,-23.6591,8.878,surplus,12.0,12,5
2026-02-28 12:15:00+00:00,-21.1979,16.73,surplus,12.25,12,5
2026-02-28 12:30:00+00:00,-21.2614,13.697,surplus,12.5,12,5
2026-02-28 12:45:00+00:00,-23.0572,21.666,surplus,12.75,12,5
2026-02-28 13:00:00+00:00,-14.9509,21.389,surplus,13.0,13,5
2026-02-28 13:15:00+00:00,-13.5014,18.972,surplus,13.25,13,5
2026-02-28 13:30:00+00:00,-12.0678,14.255,surplus,13.5,13,5
2026-02-28 13:45:00+00:00,-6.5889,4.897,surplus,13.75,13,5
2026-02-28 14:00:00+00:00,-73.389,20.431,surplus,14.0,14,5
2026-02-28 14:15:00+00:00,0.07,21.888,surplus,14.25,14,5
2026-02-28 14:30:00+00:00,2.0087,17.223,surplus,14.5,14,5
2026-02-28 14:45:00+00:00,6.2936,6.652,surplus,14.75,14,5
2026-02-28 15:00:00+00:00,54.226,-1.459,deficit,15.0,15,5
2026-02-28 15:15:00+00:00,545.283,-6.017,deficit,15.25,15,5
2026-02-28 15:30:00+00:00,141.463,-6.118,deficit,15.5,15,5
2026-02-28 15:45:00+00:00,109.318,-9.793,deficit,15.75,15,5
2026-02-28 16:00:00+00:00,2.91,4.281,surplus,16.0,16,5
2026-02-28 16:15:00+00:00,105.16,-0.227,deficit,16.25,16,5
2026-02-28 16:30:00+00:00,113.102,-2.129,deficit,16.5,16,5
2026-02-28 16:45:00+00:00,123.244,-6.256,deficit,16.75,16,5
2026-02-28 17:00:00+00:00,147.7053,-16.622,deficit,17.0,17,5
2026-02-28 17:15:00+00:00,158.9824,-19.45,deficit,17.25,17,5
2026-02-28 17:30:00+00:00,152.2263,-21.354,deficit,17.5,17,5
2026-02-28 17:45:00+00:00,162.0181,-21.005,deficit,17.75,17,5
2026-02-28 18:00:00+00:00,146.8624,-6.018,deficit,18.0,18,5
2026-02-28 18:15:00+00:00,152.2294,-10.552,deficit,18.25,18,5
2026-02-28 18:30:00+00:00,151.9561,-13.106,deficit,18.5,18,5
2026-02-28 18:45:00+00:00,159.71,-11.379,deficit,18.75,18,5
2026-02-28 19:00:00+00:00,82.885,1.294,surplus,19.0,19,5
2026-02-28 19:15:00+00:00,102.498,-4.143,deficit,19.25,19,5
2026-02-28 19:30:00+00:00,100.6858,-1.863,deficit,19.5,19,5
2026-02-28 19:45:00+00:00,41.459,5.668,surplus,19.75,19,5
2026-02-28 20:00:00+00:00,68.282,4.366,surplus,20.0,20,5
2026-02-28 20:15:00+00:00,75.3998,12.064,surplus,20.25,20,5
2026-02-28 20:30:00+00:00,71.2794,17.184,surplus,20.5,20,5
2026-02-28 20:45:00+00:00,59.79,15.39,surplus,20.75,20,5
2026-02-28 21:00:00+00:00,72.8403,4.974,surplus,21.0,21,5
2026-02-28 21:15:00+00:00,62.955,4.778,surplus,21.25,21,5
2026-02-28 21:30:00+00:00,45.062,5.865,surplus,21.5,21,5
2026-02-28 21:45:00+00:00,60.26,7.323,surplus,21.75,21,5
2026-02-28 22:00:00+00:00,65.0563,2.239,surplus,22.0,22,5
2026-02-28 22:15:00+00:00,65.0563,7.176,surplus,22.25,22,5
2026-02-28 22:30:00+00:00,62.31,11.857,surplus,22.5,22,5
2026-02-28 22:45:00+00:00,55.53,16.711,surplus,22.75,22,5
2026-02-28 23:00:00+00:00,49.404,6.276,surplus,23.0,23,5
2026-02-28 23:15:00+00:00,63.77,10.437,surplus,23.25,23,5
2026-02-28 23:30:00+00:00,47.317,6.527,surplus,23.5,23,5
2026-02-28 23:45:00+00:00,40.492,2.257,surplus,23.75,23,5
2026-03-01 00:00:00+00:00,52.7836,9.88,surplus,0.0,0,6
2026-03-01 00:15:00+00:00,52.7836,8.527,surplus,0.25,0,6
2026-03-01 00:30:00+00:00,52.7836,11.415,surplus,0.5,0,6
2026-03-01 00:45:00+00:00,52.7836,6.761,surplus,0.75,0,6
2026-03-01 01:00:00+00:00,39.375,2.789,surplus,1.0,1,6
2026-03-01 01:15:00+00:00,28.089,5.363,surplus,1.25,1,6
2026-03-01 01:30:00+00:00,48.0248,7.099,surplus,1.5,1,6
2026-03-01 01:45:00+00:00,37.838,13.753,surplus,1.75,1,6
2026-03-01 02:00:00+00:00,47.3169,7.868,surplus,2.0,2,6
2026-03-01 02:15:00+00:00,48.6946,7.602,surplus,2.25,2,6
2026-03-01 02:30:00+00:00,48.178,10.915,surplus,2.5,2,6
2026-03-01 02:45:00+00:00,48.3952,17.266,surplus,2.75,2,6
2026-03-01 03:00:00+00:00,39.0226,12.952,surplus,3.0,3,6
2026-03-01 03:15:00+00:00,68.937,-0.44,deficit,3.25,3,6
2026-03-01 03:30:00+00:00,77.528,-1.312,deficit,3.5,3,6
2026-03-01 03:45:00+00:00,81.95,-4.069,deficit,3.75,3,6
2026-03-01 04:00:00+00:00,14.203,0.599,surplus,4.0,4,6
2026-03-01 04:15:00+00:00,75.185,-1.96,deficit,4.25,4,6
2026-03-01 04:30:00+00:00,76.131,-1.722,deficit,4.5,4,6
2026-03-01 04:45:00+00:00,78.43,-2.537,deficit,4.75,4,6
2026-03-01 05:00:00+00:00,12.63,10.764,surplus,5.0,5,6
2026-03-01 05:15:00+00:00,34.244,7.618,surplus,5.25,5,6
2026-03-01 05:30:00+00:00,17.072,8.841,surplus,5.5,5,6
2026-03-01 05:45:00+00:00,20.609,7.101,surplus,5.75,5,6
2026-03-01 06:00:00+00:00,80.388,-0.009,deficit,6.0,6,6
2026-03-01 06:15:00+00:00,95.914,-0.019,deficit,6.25,6,6
2026-03-01 06:30:00+00:00,92.241,-0.036,deficit,6.5,6,6
2026-03-01 06:45:00+00:00,45.4875,5.664,surplus,6.75,6,6
2026-03-01 07:00:00+00:00,100.491,-2.372,deficit,7.0,7,6
2026-03-01 07:15:00+00:00,33.7893,7.357,surplus,7.25,7,6
2026-03-01 07:30:00+00:00,33.5438,3.978,surplus,7.5,7,6
2026-03-01 07:45:00+00:00,31.0871,2.11,surplus,7.75,7,6
2026-03-01 08:00:00+00:00,100.481,-8.281,deficit,8.0,8,6
2026-03-01 08:15:00+00:00,91.397,-7.792,deficit,8.25,8,6
2026-03-01 08:30:00+00:00,50.49,-3.403,deficit,8.5,8,6
2026-03-01 08:45:00+00:00,38.557,-0.928,deficit,8.75,8,6
2026-03-01 09:00:00+00:00,0.91,0.634,surplus,9.0,9,6
2026-03-01 09:15:00+00:00,-7.398,5.426,surplus,9.25,9,6
2026-03-01 09:30:00+00:00,-9.202,2.739,surplus,9.5,9,6
2026-03-01 09:45:00+00:00,-0.891,9.049,surplus,9.75,9,6
2026-03-01 10:00:00+00:00,0.01,6.598,surplus,10.0,10,6
2026-03-01 10:15:00+00:00,0.0,8.683,surplus,10.25,10,6
2026-03-01 10:30:00+00:00,-0.011,8.377,surplus,10.5,10,6
2026-03-01 10:45:00+00:00,-0.11,7.108,surplus,10.75,10,6
2026-03-01 11:00:00+00:00,-0.11,9.276,surplus,11.0,11,6
2026-03-01 11:15:00+00:00,-0.121,7.759,surplus,11.25,11,6
2026-03-01 11:30:00+00:00,-0.6564,4.91,surplus,11.5,11,6
2026-03-01 11:45:00+00:00,-1.1,12.885,surplus,11.75,11,6
2026-03-01 12:00:00+00:00,-1.1986,17.006,surplus,12.0,12,6
2026-03-01 12:15:00+00:00,-1.133,19.907,surplus,12.25,12,6
2026-03-01 12:30:00+00:00,-1.3358,19.062,surplus,12.5,12,6
2026-03-01 12:45:00+00:00,-1.4854,27.042,surplus,12.75,12,6
2026-03-01 13:00:00+00:00,-9.236,45.265,surplus,13.0,13,6
2026-03-01 13:15:00+00:00,-0.4049,34.702,surplus,13.25,13,6
2026-03-01 13:30:00+00:00,0.0,31.021,surplus,13.5,13,6
2026-03-01 13:45:00+00:00,1.08,24.805,surplus,13.75,13,6
2026-03-01 14:00:00+00:00,-53.563,27.36,surplus,14.0,14,6
2026-03-01 14:15:00+00:00,0.13,22.584,surplus,14.25,14,6
2026-03-01 14:30:00+00:00,31.3244,14.519,surplus,14.5,14,6
2026-03-01 14:45:00+00:00,44.4049,9.849,surplus,14.75,14,6
2026-03-01 15:00:00+00:00,42.04,13.453,surplus,15.0,15,6
2026-03-01 15:15:00+00:00,65.496,15.091,surplus,15.25,15,6
2026-03-01 15:30:00+00:00,42.181,3.706,surplus,15.5,15,6
2026-03-01 15:45:00+00:00,78.912,0.901,surplus,15.75,15,6
2026-03-01 16:00:00+00:00,101.17,15.821,surplus,16.0,16,6
2026-03-01 16:15:00+00:00,83.849,13.142,surplus,16.25,16,6
2026-03-01 16:30:00+00:00,75.979,8.004,surplus,16.5,16,6
2026-03-01 16:45:00+00:00,88.241,4.348,surplus,16.75,16,6
2026-03-01 17:00:00+00:00,114.29,0.357,surplus,17.0,17,6
2026-03-01 17:15:00+00:00,110.613,3.417,surplus,17.25,17,6
2026-03-01 17:30:00+00:00,132.132,-0.701,deficit,17.5,17,6
2026-03-01 17:45:00+00:00,92.148,3.652,surplus,17.75,17,6
2026-03-01 18:00:00+00:00,113.565,2.103,surplus,18.0,18,6
2026-03-01 18:15:00+00:00,130.075,-2.263,deficit,18.25,18,6
2026-03-01 18:30:00+00:00,95.932,1.243,surplus,18.5,18,6
2026-03-01 18:45:00+00:00,77.472,6.722,surplus,18.75,18,6
2026-03-01 19:00:00+00:00,98.196,4.411,surplus,19.0,19,6
2026-03-01 19:15:00+00:00,79.935,6.096,surplus,19.25,19,6
2026-03-01 19:30:00+00:00,25.448,10.133,surplus,19.5,19,6
2026-03-01 19:45:00+00:00,44.317,20.146,surplus,19.75,19,6
2026-03-01 20:00:00+00:00,79.547,5.243,surplus,20.0,20,6
2026-03-01 20:15:00+00:00,82.12,11.907,surplus,20.25,20,6
2026-03-01 20:30:00+00:00,83.554,10.791,surplus,20.5,20,6
2026-03-01 20:45:00+00:00,73.649,12.987,surplus,20.75,20,6
2026-03-01 21:00:00+00:00,89.827,11.6,surplus,21.0,21,6
2026-03-01 21:15:00+00:00,90.894,5.664,surplus,21.25,21,6
2026-03-01 21:30:00+00:00,83.518,8.77,surplus,21.5,21,6
2026-03-01 21:45:00+00:00,75.834,8.84,surplus,21.75,21,6
2026-03-01 22:00:00+00:00,80.3394,1.703,surplus,22.0,22,6
2026-03-01 22:15:00+00:00,72.788,3.019,surplus,22.25,22,6
2026-03-01 22:30:00+00:00,48.544,5.132,surplus,22.5,22,6
2026-03-01 22:45:00+00:00,58.341,4.484,surplus,22.75,22,6
2026-03-01 23:00:00+00:00,98.78,-12.482,deficit,23.0,23,6
2026-03-01 23:15:00+00:00,91.443,-7.143,deficit,23.25,23,6
2026-03-01 23:30:00+00:00,88.803,-9.93,deficit,23.5,23,6
2026-03-01 23:45:00+00:00,72.376,2.086,surplus,23.75,23,6
2026-03-02 00:00:00+00:00,101.467,-9.28,deficit,0.0,0,0
2026-03-02 00:15:00+00:00,114.196,-7.673,deficit,0.25,0,0
2026-03-02 00:30:00+00:00,93.349,-7.134,deficit,0.5,0,0
2026-03-02 00:45:00+00:00,69.2121,3.108,surplus,0.75,0,0
2026-03-02 01:00:00+00:00,98.824,-8.894,deficit,1.0,1,0
2026-03-02 01:15:00+00:00,96.022,-4.759,deficit,1.25,1,0
2026-03-02 01:30:00+00:00,94.818,-5.004,deficit,1.5,1,0
2026-03-02 01:45:00+00:00,69.4827,2.229,surplus,1.75,1,0
2026-03-02 02:00:00+00:00,84.747,-2.691,deficit,2.0,2,0
2026-03-02 02:15:00+00:00,70.8418,0.312,surplus,2.25,2,0
2026-03-02 02:30:00+00:00,80.311,-2.107,deficit,2.5,2,0
2026-03-02 02:45:00+00:00,116.973,-0.549,deficit,2.75,2,0
2026-03-02 03:00:00+00:00,72.9321,2.785,surplus,3.0,3,0
2026-03-02 03:15:00+00:00,72.9321,0.661,surplus,3.25,3,0
2026-03-02 03:30:00+00:00,93.302,-0.619,deficit,3.5,3,0
2026-03-02 03:45:00+00:00,71.619,1.518,surplus,3.75,3,0
2026-03-02 04:00:00+00:00,88.58,5.397,surplus,4.0,4,0
2026-03-02 04:15:00+00:00,85.926,3.241,surplus,4.25,4,0
2026-03-02 04:30:00+00:00,144.087,-0.499,deficit,4.5,4,0
2026-03-02 04:45:00+00:00,94.014,1.854,surplus,4.75,4,0
2026-03-02 05:00:00+00:00,137.0875,-7.231,deficit,5.0,5,0
2026-03-02 05:15:00+00:00,140.074,-4.033,deficit,5.25,5,0
2026-03-02 05:30:00+00:00,157.168,-3.841,deficit,5.5,5,0
2026-03-02 05:45:00+00:00,180.796,-0.218,deficit,5.75,5,0
2026-03-02 06:00:00+00:00,175.978,-6.547,deficit,6.0,6,0
2026-03-02 06:15:00+00:00,189.046,-5.387,deficit,6.25,6,0
2026-03-02 06:30:00+00:00,162.206,-4.172,deficit,6.5,6,0
2026-03-02 06:45:00+00:00,138.974,-6.357,deficit,6.75,6,0
2026-03-02 07:00:00+00:00,205.337,-10.881,deficit,7.0,7,0
2026-03-02 07:15:00+00:00,139.964,-0.876,deficit,7.25,7,0
2026-03-02 07:30:00+00:00,124.421,-8.618,deficit,7.5,7,0
2026-03-02 07:45:00+00:00,119.2484,-11.538,deficit,7.75,7,0
2026-03-02 08:00:00+00:00,130.944,-7.943,deficit,8.0,8,0
2026-03-02 08:15:00+00:00,114.224,-16.092,deficit,8.25,8,0
2026-03-02 08:30:00+00:00,97.779,-16.463,deficit,8.5,8,0
2026-03-02 08:45:00+00:00,138.916,-27.672,deficit,8.75,8,0
2026-03-02 09:00:00+00:00,125.585,-18.878,deficit,9.0,9,0
2026-03-02 09:15:00+00:00,133.873,-16.371,deficit,9.25,9,0
2026-03-02 09:30:00+00:00,144.879,-14.529,deficit,9.5,9,0
2026-03-02 09:45:00+00:00,117.876,-9.948,deficit,9.75,9,0
2026-03-02 10:00:00+00:00,92.324,-3.228,deficit,10.0,10,0
2026-03-02 10:15:00+00:00,49.9622,1.0,surplus,10.25,10,0
2026-03-02 10:30:00+00:00,28.129,11.052,surplus,10.5,10,0
2026-03-02 10:45:00+00:00,-0.86,4.675,surplus,10.75,10,0
2026-03-02 11:00:00+00:00,32.9608,13.542,surplus,11.0,11,0
2026-03-02 11:15:00+00:00,32.3715,14.8,surplus,11.25,11,0
2026-03-02 11:30:00+00:00,23.11,18.376,surplus,11.5,11,0
2026-03-02 11:45:00+00:00,17.51,24.462,surplus,11.75,11,0
2026-03-02 12:00:00+00:00,19.54,14.583,surplus,12.0,12,0
2026-03-02 12:15:00+00:00,33.23,23.205,surplus,12.25,12,0
2026-03-02 12:30:00+00:00,42.3344,25.857,surplus,12.5,12,0
2026-03-02 12:45:00+00:00,40.7493,23.09,surplus,12.75,12,0
2026-03-02 13:00:00+00:00,15.75,3.139,surplus,13.0,13,0
2026-03-02 13:15:00+00:00,48.611,7.497,surplus,13.25,13,0
2026-03-02 13:30:00+00:00,58.67,2.638,surplus,13.5,13,0
2026-03-02 13:45:00+00:00,105.358,-4.311,deficit,13.75,13,0
2026-03-02 14:00:00+00:00,89.0068,-6.046,deficit,14.0,14,0
2026-03-02 14:15:00+00:00,93.3294,-9.274,deficit,14.25,14,0
2026-03-02 14:30:00+00:00,101.343,-11.103,deficit,14.5,14,0
2026-03-02 14:45:00+00:00,127.556,-10.234,deficit,14.75,14,0
2026-03-02 15:00:00+00:00,87.35,0.754,surplus,15.0,15,0
2026-03-02 15:15:00+00:00,113.45,1.603,surplus,15.25,15,0
2026-03-02 15:30:00+00:00,158.3419,-7.503,deficit,15.5,15,0
2026-03-02 15:45:00+00:00,194.898,-8.817,deficit,15.75,15,0
2026-03-02 16:00:00+00:00,223.7691,-2.692,deficit,16.0,16,0
2026-03-02 16:15:00+00:00,237.0295,-4.864,deficit,16.25,16,0
2026-03-02 16:30:00+00:00,246.2725,-4.589,deficit,16.5,16,0
2026-03-02 16:45:00+00:00,339.009,-7.189,deficit,16.75,16,0
2026-03-02 17:00:00+00:00,268.565,-12.241,deficit,17.0,17,0
2026-03-02 17:15:00+00:00,266.5823,-4.359,deficit,17.25,17,0
2026-03-02 17:30:00+00:00,266.5823,-10.769,deficit,17.5,17,0
2026-03-02 17:45:00+00:00,266.5823,-12.081,deficit,17.75,17,0
2026-03-02 18:00:00+00:00,258.3681,-16.937,deficit,18.0,18,0
2026-03-02 18:15:00+00:00,258.3681,-9.679,deficit,18.25,18,0
2026-03-02 18:30:00+00:00,258.3681,-13.22,deficit,18.5,18,0
2026-03-02 18:45:00+00:00,258.3681,-7.879,deficit,18.75,18,0
2026-03-02 19:00:00+00:00,196.361,-8.441,deficit,19.0,19,0
2026-03-02 19:15:00+00:00,181.654,-0.157,deficit,19.25,19,0
2026-03-02 19:30:00+00:00,208.3414,-9.272,deficit,19.5,19,0
2026-03-02 19:45:00+00:00,182.2897,-8.285,deficit,19.75,19,0
2026-03-02 20:00:00+00:00,179.1189,-1.803,deficit,20.0,20,0
2026-03-02 20:15:00+00:00,86.198,0.94,surplus,20.25,20,0
2026-03-02 20:30:00+00:00,101.448,2.113,surplus,20.5,20,0
2026-03-02 20:45:00+00:00,79.933,3.984,surplus,20.75,20,0
2026-03-02 21:00:00+00:00,127.853,-4.216,deficit,21.0,21,0
2026-03-02 21:15:00+00:00,123.189,-2.484,deficit,21.25,21,0
2026-03-02 21:30:00+00:00,114.004,-3.685,deficit,21.5,21,0
2026-03-02 21:45:00+00:00,110.9849,-4.013,deficit,21.75,21,0
2026-03-02 22:00:00+00:00,108.801,-4.118,deficit,22.0,22,0
2026-03-02 22:15:00+00:00,102.058,-0.963,deficit,22.25,22,0
2026-03-02 22:30:00+00:00,101.3457,-4.563,deficit,22.5,22,0
2026-03-02 22:45:00+00:00,104.4727,-2.143,deficit,22.75,22,0
2026-03-02 23:00:00+00:00,108.251,-3.127,deficit,23.0,23,0
2026-03-02 23:15:00+00:00,102.608,-3.618,deficit,23.25,23,0
2026-03-02 23:30:00+00:00,100.782,-2.76,deficit,23.5,23,0
2026-03-02 23:45:00+00:00,103.68,-4.695,deficit,23.75,23,0
2026-03-03 00:00:00+00:00,92.535,0.562,surplus,0.0,0,1
2026-03-03 00:15:00+00:00,109.6567,-1.469,deficit,0.25,0,1
2026-03-03 00:30:00+00:00,109.6567,-2.476,deficit,0.5,0,1
2026-03-03 00:45:00+00:00,54.915,3.576,surplus,0.75,0,1
2026-03-03 01:00:00+00:00,110.3376,-6.004,deficit,1.0,1,1
2026-03-03 01:15:00+00:00,110.3376,-6.515,deficit,1.25,1,1
2026-03-03 01:30:00+00:00,110.3376,-11.516,deficit,1.5,1,1
2026-03-03 01:45:00+00:00,110.3376,-3.877,deficit,1.75,1,1
2026-03-03 02:00:00+00:00,111.462,-7.697,deficit,2.0,2,1
2026-03-03 02:15:00+00:00,111.462,-9.827,deficit,2.25,2,1
2026-03-03 02:30:00+00:00,111.462,-5.317,deficit,2.5,2,1
2026-03-03 02:45:00+00:00,111.462,-4.229,deficit,2.75,2,1
2026-03-03 03:00:00+00:00,114.7716,-10.189,deficit,3.0,3,1
2026-03-03 03:15:00+00:00,114.7716,-10.551,deficit,3.25,3,1
2026-03-03 03:30:00+00:00,114.7716,-11.442,deficit,3.5,3,1
2026-03-03 03:45:00+00:00,115.742,-5.379,deficit,3.75,3,1
2026-03-03 04:00:00+00:00,125.6414,-5.501,deficit,4.0,4,1
2026-03-03 04:15:00+00:00,125.6414,-4.366,deficit,4.25,4,1
2026-03-03 04:30:00+00:00,127.4222,-8.973,deficit,4.5,4,1
2026-03-03 04:45:00+00:00,166.654,-10.802,deficit,4.75,4,1
2026-03-03 05:00:00+00:00,159.5506,-9.654,deficit,5.0,5,1
2026-03-03 05:15:00+00:00,163.721,-8.082,deficit,5.25,5,1
2026-03-03 05:30:00+00:00,164.9054,-6.439,deficit,5.5,5,1
2026-03-03 05:45:00+00:00,201.168,-5.813,deficit,5.75,5,1
2026-03-03 06:00:00+00:00,200.3757,-4.444,deficit,6.0,6,1
2026-03-03 06:15:00+00:00,202.1857,-1.383,deficit,6.25,6,1
2026-03-03 06:30:00+00:00,196.362,-3.805,deficit,6.5,6,1
2026-03-03 06:45:00+00:00,92.176,4.142,surplus,6.75,6,1
2026-03-03 07:00:00+00:00,85.799,2.249,surplus,7.0,7,1
2026-03-03 07:15:00+00:00,86.221,5.142,surplus,7.25,7,1
2026-03-03 07:30:00+00:00,88.694,0.699,surplus,7.5,7,1
2026-03-03 07:45:00+00:00,35.663,6.35,surplus,7.75,7,1
2026-03-03 08:00:00+00:00,50.892,0.846,surplus,8.0,8,1
2026-03-03 08:15:00+00:00,109.769,-1.95,deficit,8.25,8,1
2026-03-03 08:30:00+00:00,99.22,-11.956,deficit,8.5,8,1
2026-03-03 08:45:00+00:00,94.8215,-2.895,deficit,8.75,8,1
2026-03-03 09:00:00+00:00,111.78,-20.263,deficit,9.0,9,1
2026-03-03 09:15:00+00:00,98.945,-26.103,deficit,9.25,9,1
2026-03-03 09:30:00+00:00,90.992,-7.164,deficit,9.5,9,1
2026-03-03 09:45:00+00:00,69.5978,-12.015,deficit,9.75,9,1
2026-03-03 10:00:00+00:00,151.211,-7.666,deficit,10.0,10,1
2026-03-03 10:15:00+00:00,129.891,-17.087,deficit,10.25,10,1
2026-03-03 10:30:00+00:00,76.498,-11.153,deficit,10.5,10,1
2026-03-03 10:45:00+00:00,53.93,-3.65,deficit,10.75,10,1
2026-03-03 11:00:00+00:00,59.882,-1.085,deficit,11.0,11,1
2026-03-03 11:15:00+00:00,4.881,0.358,surplus,11.25,11,1
2026-03-03 11:30:00+00:00,-3.51,3.253,surplus,11.5,11,1
2026-03-03 11:45:00+00:00,-6.486,8.106,surplus,11.75,11,1
2026-03-03 12:00:00+00:00,-2.065,10.873,surplus,12.0,12,1
2026-03-03 12:15:00+00:00,13.785,3.933,surplus,12.25,12,1
2026-03-03 12:30:00+00:00,3.386,5.363,surplus,12.5,12,1
2026-03-03 12:45:00+00:00,65.395,-1.277,deficit,12.75,12,1
2026-03-03 13:00:00+00:00,131.488,-12.774,deficit,13.0,13,1
2026-03-03 13:15:00+00:00,81.796,-8.836,deficit,13.25,13,1
2026-03-03 13:30:00+00:00,118.109,-20.208,deficit,13.5,13,1
2026-03-03 13:45:00+00:00,110.315,-14.811,deficit,13.75,13,1
2026-03-03 14:00:00+00:00,122.195,-15.509,deficit,14.0,14,1
2026-03-03 14:15:00+00:00,92.6077,-1.907,deficit,14.25,14,1
2026-03-03 14:30:00+00:00,131.181,-13.799,deficit,14.5,14,1
2026-03-03 14:45:00+00:00,129.14,-13.749,deficit,14.75,14,1
2026-03-03 15:00:00+00:00,122.2401,-8.807,deficit,15.0,15,1
2026-03-03 15:15:00+00:00,138.0371,-14.628,deficit,15.25,15,1
2026-03-03 15:30:00+00:00,165.189,-16.26,deficit,15.5,15,1
2026-03-03 15:45:00+00:00,294.05,-15.125,deficit,15.75,15,1
2026-03-03 16:00:00+00:00,176.9836,-4.224,deficit,16.0,16,1
2026-03-03 16:15:00+00:00,191.6153,-5.623,deficit,16.25,16,1
2026-03-03 16:30:00+00:00,76.718,0.988,surplus,16.5,16,1
2026-03-03 16:45:00+00:00,232.166,-7.054,deficit,16.75,16,1
2026-03-03 17:00:00+00:00,260.4682,-8.401,deficit,17.0,17,1
2026-03-03 17:15:00+00:00,260.4682,-5.165,deficit,17.25,17,1
2026-03-03 17:30:00+00:00,261.1346,-11.891,deficit,17.5,17,1
2026-03-03 17:45:00+00:00,260.4682,-6.281,deficit,17.75,17,1
2026-03-03 18:00:00+00:00,229.768,-17.037,deficit,18.0,18,1
2026-03-03 18:15:00+00:00,222.1562,-8.888,deficit,18.25,18,1
2026-03-03 18:30:00+00:00,213.6446,-10.581,deficit,18.5,18,1
2026-03-03 18:45:00+00:00,89.501,1.96,surplus,18.75,18,1
2026-03-03 19:00:00+00:00,160.7571,-9.536,deficit,19.0,19,1
2026-03-03 19:15:00+00:00,59.437,0.825,surplus,19.25,19,1
2026-03-03 19:30:00+00:00,160.7571,-4.186,deficit,19.5,19,1
2026-03-03 19:45:00+00:00,96.73,1.22,surplus,19.75,19,1
2026-03-03 20:00:00+00:00,138.127,-16.376,deficit,20.0,20,1
2026-03-03 20:15:00+00:00,136.316,-13.939,deficit,20.25,20,1
2026-03-03 20:30:00+00:00,130.273,-15.415,deficit,20.5,20,1
2026-03-03 20:45:00+00:00,122.378,-11.812,deficit,20.75,20,1
2026-03-03 21:00:00+00:00,150.7966,-15.375,deficit,21.0,21,1
2026-03-03 21:15:00+00:00,141.9473,-18.738,deficit,21.25,21,1
2026-03-03 21:30:00+00:00,136.5523,-12.233,deficit,21.5,21,1
2026-03-03 21:45:00+00:00,132.0975,-6.001,deficit,21.75,21,1
2026-03-03 22:00:00+00:00,129.9513,-3.298,deficit,22.0,22,1
2026-03-03 22:15:00+00:00,104.132,5.82,surplus,22.25,22,1
2026-03-03 22:30:00+00:00,89.477,5.651,surplus,22.5,22,1
2026-03-03 22:45:00+00:00,129.9513,-3.728,deficit,22.75,22,1
2026-03-03 23:00:00+00:00,164.736,-11.263,deficit,23.0,23,1
2026-03-03 23:15:00+00:00,163.339,-8.867,deficit,23.25,23,1
2026-03-03 23:30:00+00:00,155.441,-10.369,deficit,23.5,23,1
2026-03-03 23:45:00+00:00,142.219,-11.719,deficit,23.75,23,1
2026-03-04 00:00:00+00:00,169.51,-11.692,deficit,0.0,0,2
2026-03-04 00:15:00+00:00,155.243,-8.904,deficit,0.25,0,2
2026-03-04 00:30:00+00:00,155.067,-12.214,deficit,0.5,0,2
2026-03-04 00:45:00+00:00,153.263,-5.34,deficit,0.75,0,2
2026-03-04 01:00:00+00:00,154.132,-16.322,deficit,1.0,1,2
2026-03-04 01:15:00+00:00,151.877,-13.904,deficit,1.25,1,2
2026-03-04 01:30:00+00:00,150.238,-10.179,deficit,1.5,1,2
2026-03-04 01:45:00+00:00,148.489,-10.323,deficit,1.75,1,2
2026-03-04 02:00:00+00:00,149.501,-7.395,deficit,2.0,2,2
2026-03-04 02:15:00+00:00,149.776,-6.252,deficit,2.25,2,2
2026-03-04 02:30:00+00:00,149.589,-5.444,deficit,2.5,2,2
2026-03-04 02:45:00+00:00,149.182,-6.924,deficit,2.75,2,2
2026-03-04 03:00:00+00:00,149.435,-4.888,deficit,3.0,3,2
2026-03-04 03:15:00+00:00,150.183,-8.224,deficit,3.25,3,2
2026-03-04 03:30:00+00:00,151.734,-9.234,deficit,3.5,3,2
2026-03-04 03:45:00+00:00,155.463,-10.174,deficit,3.75,3,2
2026-03-04 04:00:00+00:00,154.198,-5.914,deficit,4.0,4,2
2026-03-04 04:15:00+00:00,166.782,-8.1,deficit,4.25,4,2
2026-03-04 04:30:00+00:00,166.133,-9.288,deficit,4.5,4,2
2026-03-04 04:45:00+00:00,194.249,-14.306,deficit,4.75,4,2
2026-03-04 05:00:00+00:00,157.905,-13.299,deficit,5.0,5,2
2026-03-04 05:15:00+00:00,174.702,-16.632,deficit,5.25,5,2
2026-03-04 05:30:00+00:00,244.541,-2.735,deficit,5.5,5,2
2026-03-04 05:45:00+00:00,347.369,-4.439,deficit,5.75,5,2
2026-03-04 06:00:00+00:00,346.06,-10.274,deficit,6.0,6,2
2026-03-04 06:15:00+00:00,355.476,-3.39,deficit,6.25,6,2
2026-03-04 06:30:00+00:00,249.238,-6.179,deficit,6.5,6,2
2026-03-04 06:45:00+00:00,198.715,-3.999,deficit,6.75,6,2
2026-03-04 07:00:00+00:00,297.11,-4.145,deficit,7.0,7,2
2026-03-04 07:15:00+00:00,84.482,2.55,surplus,7.25,7,2
2026-03-04 07:30:00+00:00,202.192,-8.191,deficit,7.5,7,2
2026-03-04 07:45:00+00:00,118.1919,-5.441,deficit,7.75,7,2
2026-03-04 08:00:00+00:00,150.205,-2.704,deficit,8.0,8,2
2026-03-04 08:15:00+00:00,189.787,-6.332,deficit,8.25,8,2
2026-03-04 08:30:00+00:00,139.156,-5.725,deficit,8.5,8,2
2026-03-04 08:45:00+00:00,57.28,3.109,surplus,8.75,8,2
2026-03-04 09:00:00+00:00,143.075,-4.711,deficit,9.0,9,2
2026-03-04 09:15:00+00:00,130.401,-16.164,deficit,9.25,9,2
2026-03-04 09:30:00+00:00,87.34,-12.998,deficit,9.5,9,2
2026-03-04 09:45:00+00:00,91.408,-9.671,deficit,9.75,9,2
2026-03-04 10:00:00+00:00,125.169,-19.446,deficit,10.0,10,2
2026-03-04 10:15:00+00:00,55.935,-25.832,deficit,10.25,10,2
2026-03-04 10:30:00+00:00,68.455,-27.792,deficit,10.5,10,2
2026-03-04 10:45:00+00:00,61.661,-28.971,deficit,10.75,10,2
2026-03-04 11:00:00+00:00,71.537,-25.43,deficit,11.0,11,2
2026-03-04 11:15:00+00:00,61.394,-21.321,deficit,11.25,11,2
2026-03-04 11:30:00+00:00,72.976,-28.098,deficit,11.5,11,2
2026-03-04 11:45:00+00:00,61.01,-20.332,deficit,11.75,11,2
2026-03-04 12:00:00+00:00,54.395,-6.845,deficit,12.0,12,2
2026-03-04 12:15:00+00:00,50.253,-4.964,deficit,12.25,12,2
2026-03-04 12:30:00+00:00,47.443,-2.426,deficit,12.5,12,2
2026-03-04 12:45:00+00:00,37.831,5.045,surplus,12.75,12,2
2026-03-04 13:00:00+00:00,28.06,8.055,surplus,13.0,13,2
2026-03-04 13:15:00+00:00,51.6527,3.984,surplus,13.25,13,2
2026-03-04 13:30:00+00:00,57.7144,11.697,surplus,13.5,13,2
2026-03-04 13:45:00+00:00,64.0377,5.831,surplus,13.75,13,2
2026-03-04 14:00:00+00:00,83.0623,-3.107,deficit,14.0,14,2
2026-03-04 14:15:00+00:00,107.8,-2.348,deficit,14.25,14,2
2026-03-04 14:30:00+00:00,117.667,-1.291,deficit,14.5,14,2
2026-03-04 14:45:00+00:00,44.74,2.624,surplus,14.75,14,2
2026-03-04 15:00:00+00:00,76.307,8.903,surplus,15.0,15,2
2026-03-04 15:15:00+00:00,109.955,10.723,surplus,15.25,15,2
2026-03-04 15:30:00+00:00,124.2939,3.903,surplus,15.5,15,2
2026-03-04 15:45:00+00:00,81.177,1.579,surplus,15.75,15,2
2026-03-04 16:00:00+00:00,116.739,7.406,surplus,16.0,16,2
2026-03-04 16:15:00+00:00,121.746,12.492,surplus,16.25,16,2
2026-03-04 16:30:00+00:00,115.566,13.378,surplus,16.5,16,2
2026-03-04 16:45:00+00:00,122.632,21.148,surplus,16.75,16,2
2026-03-04 17:00:00+00:00,81.198,12.222,surplus,17.0,17,2
2026-03-04 17:15:00+00:00,64.757,10.585,surplus,17.25,17,2
2026-03-04 17:30:00+00:00,103.544,3.993,surplus,17.5,17,2
2026-03-04 17:45:00+00:00,288.002,-0.747,deficit,17.75,17,2
2026-03-04 18:00:00+00:00,334.543,-0.528,deficit,18.0,18,2
2026-03-04 18:15:00+00:00,89.365,0.874,surplus,18.25,18,2
2026-03-04 18:30:00+00:00,231.924,-0.125,deficit,18.5,18,2
2026-03-04 18:45:00+00:00,92.174,4.297,surplus,18.75,18,2
2026-03-04 19:00:00+00:00,213.972,-4.758,deficit,19.0,19,2
2026-03-04 19:15:00+00:00,106.824,2.322,surplus,19.25,19,2
2026-03-04 19:30:00+00:00,175.219,-6.494,deficit,19.5,19,2
2026-03-04 19:45:00+00:00,166.342,-1.272,deficit,19.75,19,2
2026-03-04 20:00:00+00:00,84.008,0.058,surplus,20.0,20,2
2026-03-04 20:15:00+00:00,110.318,0.691,surplus,20.25,20,2
2026-03-04 20:30:00+00:00,84.103,1.785,surplus,20.5,20,2
2026-03-04 20:45:00+00:00,66.215,6.649,surplus,20.75,20,2
2026-03-04 21:00:00+00:00,91.145,6.811,surplus,21.0,21,2
2026-03-04 21:15:00+00:00,98.302,3.676,surplus,21.25,21,2
2026-03-04 21:30:00+00:00,98.839,4.625,surplus,21.5,21,2
2026-03-04 21:45:00+00:00,87.441,4.583,surplus,21.75,21,2
2026-03-04 22:00:00+00:00,65.993,7.109,surplus,22.0,22,2
2026-03-04 22:15:00+00:00,94.016,11.836,surplus,22.25,22,2
2026-03-04 22:30:00+00:00,101.011,4.863,surplus,22.5,22,2
2026-03-04 22:45:00+00:00,98.9,4.91,surplus,22.75,22,2
2026-03-04 23:00:00+00:00,148.28,-5.212,deficit,23.0,23,2
2026-03-04 23:15:00+00:00,127.468,-4.821,deficit,23.25,23,2
2026-03-04 23:30:00+00:00,123.145,-4.053,deficit,23.5,23,2
2026-03-04 23:45:00+00:00,122.639,-4.561,deficit,23.75,23,2
2026-03-05 00:00:00+00:00,139.531,-8.664,deficit,0.0,0,3
2026-03-05 00:15:00+00:00,123.783,-0.395,deficit,0.25,0,3
2026-03-05 00:30:00+00:00,122.881,-2.203,deficit,0.5,0,3
2026-03-05 00:45:00+00:00,122.606,-2.897,deficit,0.75,0,3
2026-03-05 01:00:00+00:00,95.216,1.445,surplus,1.0,1,3
2026-03-05 01:15:00+00:00,87.14,0.689,surplus,1.25,1,3
2026-03-05 01:30:00+00:00,95.784,0.107,surplus,1.5,1,3
2026-03-05 01:45:00+00:00,123.09,-0.296,deficit,1.75,1,3
2026-03-05 02:00:00+00:00,59.035,0.457,surplus,2.0,2,3
2026-03-05 02:15:00+00:00,89.269,1.707,surplus,2.25,2,3
2026-03-05 02:30:00+00:00,123.937,-0.208,deficit,2.5,2,3
2026-03-05 02:45:00+00:00,94.756,1.249,surplus,2.75,2,3
2026-03-05 03:00:00+00:00,80.039,2.66,surplus,3.0,3,3
2026-03-05 03:15:00+00:00,82.829,2.431,surplus,3.25,3,3
2026-03-05 03:30:00+00:00,93.336,4.552,surplus,3.5,3,3
2026-03-05 03:45:00+00:00,96.096,8.066,surplus,3.75,3,3
2026-03-05 04:00:00+00:00,128.8669,-1.988,deficit,4.0,4,3
2026-03-05 04:15:00+00:00,99.351,1.5,surplus,4.25,4,3
2026-03-05 04:30:00+00:00,156.277,-2.53,deficit,4.5,4,3
2026-03-05 04:45:00+00:00,80.929,3.299,surplus,4.75,4,3
2026-03-05 05:00:00+00:00,81.528,6.449,surplus,5.0,5,3
2026-03-05 05:15:00+00:00,105.746,0.73,surplus,5.25,5,3
2026-03-05 05:30:00+00:00,93.937,2.21,surplus,5.5,5,3
2026-03-05 05:45:00+00:00,104.653,1.383,surplus,5.75,5,3
2026-03-05 06:00:00+00:00,128.847,7.1,surplus,6.0,6,3
2026-03-05 06:15:00+00:00,121.042,7.92,surplus,6.25,6,3
2026-03-05 06:30:00+00:00,110.453,14.782,surplus,6.5,6,3
2026-03-05 06:45:00+00:00,94.982,17.781,surplus,6.75,6,3
2026-03-05 07:00:00+00:00,22.74,2.686,surplus,7.0,7,3
2026-03-05 07:15:00+00:00,164.934,-0.641,deficit,7.25,7,3
2026-03-05 07:30:00+00:00,149.908,-2.068,deficit,7.5,7,3
2026-03-05 07:45:00+00:00,85.002,10.295,surplus,7.75,7,3
2026-03-05 08:00:00+00:00,70.0242,2.127,surplus,8.0,8,3
2026-03-05 08:15:00+00:00,67.4248,2.063,surplus,8.25,8,3
2026-03-05 08:30:00+00:00,66.9381,4.149,surplus,8.5,8,3
2026-03-05 08:45:00+00:00,110.849,-2.3,deficit,8.75,8,3
2026-03-05 09:00:00+00:00,43.1765,17.874,surplus,9.0,9,3
2026-03-05 09:15:00+00:00,37.63,8.671,surplus,9.25,9,3
2026-03-05 09:30:00+00:00,37.4237,6.263,surplus,9.5,9,3
2026-03-05 09:45:00+00:00,19.02,11.359,surplus,9.75,9,3
2026-03-05 10:00:00+00:00,-20.618,6.732,surplus,10.0,10,3
2026-03-05 10:15:00+00:00,-98.253,9.201,surplus,10.25,10,3
2026-03-05 10:30:00+00:00,-51.24,7.836,surplus,10.5,10,3
2026-03-05 10:45:00+00:00,-28.226,9.44,surplus,10.75,10,3
2026-03-05 11:00:00+00:00,15.73,-6.855,deficit,11.0,11,3
2026-03-05 11:15:00+00:00,16.401,-9.257,deficit,11.25,11,3
2026-03-05 11:30:00+00:00,14.905,-11.397,deficit,11.5,11,3
2026-03-05 11:45:00+00:00,27.452,-9.608,deficit,11.75,11,3
2026-03-05 12:00:00+00:00,35.701,-3.358,deficit,12.0,12,3
2026-03-05 12:15:00+00:00,58.439,-0.104,deficit,12.25,12,3
2026-03-05 12:30:00+00:00,-30.379,1.413,surplus,12.5,12,3
2026-03-05 12:45:00+00:00,-18.944,3.99,surplus,12.75,12,3
2026-03-05 13:00:00+00:00,-37.259,3.327,surplus,13.0,13,3
2026-03-05 13:15:00+00:00,47.881,-4.163,deficit,13.25,13,3
2026-03-05 13:30:00+00:00,105.379,-13.573,deficit,13.5,13,3
2026-03-05 13:45:00+00:00,104.463,-18.828,deficit,13.75,13,3
2026-03-05 14:00:00+00:00,46.794,0.277,surplus,14.0,14,3
2026-03-05 14:15:00+00:00,98.164,-10.759,deficit,14.25,14,3
2026-03-05 14:30:00+00:00,110.022,-1.263,deficit,14.5,14,3
2026-03-05 14:45:00+00:00,75.39,7.83,surplus,14.75,14,3
2026-03-05 15:00:00+00:00,48.439,8.364,surplus,15.0,15,3
2026-03-05 15:15:00+00:00,98.7,9.502,surplus,15.25,15,3
2026-03-05 15:30:00+00:00,165.275,-0.962,deficit,15.5,15,3
2026-03-05 15:45:00+00:00,137.378,0.556,surplus,15.75,15,3
2026-03-05 16:00:00+00:00,161.3974,-9.399,deficit,16.0,16,3
2026-03-05 16:15:00+00:00,88.626,8.124,surplus,16.25,16,3
2026-03-05 16:30:00+00:00,105.964,1.094,surplus,16.5,16,3
2026-03-05 16:45:00+00:00,280.126,-0.611,deficit,16.75,16,3
2026-03-05 17:00:00+00:00,95.435,7.202,surplus,17.0,17,3
2026-03-05 17:15:00+00:00,230.879,-1.448,deficit,17.25,17,3
2026-03-05 17:30:00+00:00,242.374,-2.721,deficit,17.5,17,3
2026-03-05 17:45:00+00:00,254.155,-3.129,deficit,17.75,17,3
2026-03-05 18:00:00+00:00,94.415,1.763,surplus,18.0,18,3
2026-03-05 18:15:00+00:00,228.503,-1.985,deficit,18.25,18,3
2026-03-05 18:30:00+00:00,217.404,-1.635,deficit,18.5,18,3
2026-03-05 18:45:00+00:00,117.763,3.549,surplus,18.75,18,3
2026-03-05 19:00:00+00:00,108.734,3.245,surplus,19.0,19,3
2026-03-05 19:15:00+00:00,68.897,5.622,surplus,19.25,19,3
2026-03-05 19:30:00+00:00,68.592,3.873,surplus,19.5,19,3
2026-03-05 19:45:00+00:00,61.566,8.041,surplus,19.75,19,3
2026-03-05 20:00:00+00:00,175.241,-6.235,deficit,20.0,20,3
2026-03-05 20:15:00+00:00,160.138,-5.524,deficit,20.25,20,3
2026-03-05 20:30:00+00:00,141.977,-1.108,deficit,20.5,20,3
2026-03-05 20:45:00+00:00,126.3773,-5.356,deficit,20.75,20,3
2026-03-05 21:00:00+00:00,155.573,-7.723,deficit,21.0,21,3
2026-03-05 21:15:00+00:00,149.182,-11.328,deficit,21.25,21,3
2026-03-05 21:30:00+00:00,146.443,-5.445,deficit,21.5,21,3
2026-03-05 21:45:00+00:00,143.187,-5.85,deficit,21.75,21,3
2026-03-05 22:00:00+00:00,149.479,-12.928,deficit,22.0,22,3
2026-03-05 22:15:00+00:00,139.7,-13.444,deficit,22.25,22,3
2026-03-05 22:30:00+00:00,135.861,-4.053,deficit,22.5,22,3
2026-03-05 22:45:00+00:00,92.41,7.724,surplus,22.75,22,3
2026-03-05 23:00:00+00:00,138.521,-5.011,deficit,23.0,23,3
2026-03-05 23:15:00+00:00,120.142,-4.121,deficit,23.25,23,3
2026-03-05 23:30:00+00:00,120.263,-6.169,deficit,23.5,23,3
2026-03-05 23:45:00+00:00,120.263,-1.136,deficit,23.75,23,3
2026-03-06 00:00:00+00:00,131.963,-2.129,deficit,0.0,0,4
2026-03-06 00:15:00+00:00,121.495,-3.272,deficit,0.25,0,4
2026-03-06 00:30:00+00:00,133.709,-7.497,deficit,0.5,0,4
2026-03-06 00:45:00+00:00,141.868,-3.128,deficit,0.75,0,4
2026-03-06 01:00:00+00:00,138.462,-3.777,deficit,1.0,1,4
2026-03-06 01:15:00+00:00,124.971,-0.911,deficit,1.25,1,4
2026-03-06 01:30:00+00:00,125.004,-1.801,deficit,1.5,1,4
2026-03-06 01:45:00+00:00,125.048,-3.394,deficit,1.75,1,4
2026-03-06 02:00:00+00:00,125.7114,-4.869,deficit,2.0,2,4
2026-03-06 02:15:00+00:00,125.7114,-3.114,deficit,2.25,2,4
2026-03-06 02:30:00+00:00,125.752,-6.642,deficit,2.5,2,4
2026-03-06 02:45:00+00:00,127.809,-3.128,deficit,2.75,2,4
2026-03-06 03:00:00+00:00,93.434,0.899,surplus,3.0,3,4
2026-03-06 03:15:00+00:00,132.4256,-2.124,deficit,3.25,3,4
2026-03-06 03:30:00+00:00,136.466,-0.538,deficit,3.5,3,4
2026-03-06 03:45:00+00:00,8.085,1.273,surplus,3.75,3,4
2026-03-06 04:00:00+00:00,113.173,0.417,surplus,4.0,4,4
2026-03-06 04:15:00+00:00,124.946,7.148,surplus,4.25,4,4
2026-03-06 04:30:00+00:00,110.08,1.486,surplus,4.5,4,4
2026-03-06 04:45:00+00:00,113.704,1.7,surplus,4.75,4,4
2026-03-06 05:00:00+00:00,167.1591,-9.04,deficit,5.0,5,4
2026-03-06 05:15:00+00:00,171.27,-10.487,deficit,5.25,5,4
2026-03-06 05:30:00+00:00,135.608,0.19,surplus,5.5,5,4
2026-03-06 05:45:00+00:00,202.95,-2.52,deficit,5.75,5,4
2026-03-06 06:00:00+00:00,229.955,-7.923,deficit,6.0,6,4
2026-03-06 06:15:00+00:00,208.494,-7.443,deficit,6.25,6,4
2026-03-06 06:30:00+00:00,181.4772,-1.208,deficit,6.5,6,4
2026-03-06 06:45:00+00:00,170.6639,-1.325,deficit,6.75,6,4
2026-03-06 07:00:00+00:00,61.82,1.339,surplus,7.0,7,4
2026-03-06 07:15:00+00:00,92.063,6.995,surplus,7.25,7,4
2026-03-06 07:30:00+00:00,91.311,4.141,surplus,7.5,7,4
2026-03-06 07:45:00+00:00,-18.908,14.703,surplus,7.75,7,4
2026-03-06 08:00:00+00:00,180.224,-7.342,deficit,8.0,8,4
2026-03-06 08:15:00+00:00,117.128,-11.269,deficit,8.25,8,4
2026-03-06 08:30:00+00:00,112.825,-10.416,deficit,8.5,8,4
2026-03-06 08:45:00+00:00,86.496,-4.636,deficit,8.75,8,4
2026-03-06 09:00:00+00:00,0.1537,7.459,surplus,9.0,9,4
2026-03-06 09:15:00+00:00,64.858,-11.915,deficit,9.25,9,4
2026-03-06 09:30:00+00:00,52.784,-4.978,deficit,9.5,9,4
2026-03-06 09:45:00+00:00,32.371,-2.627,deficit,9.75,9,4
2026-03-06 10:00:00+00:00,83.852,-4.316,deficit,10.0,10,4
2026-03-06 10:15:00+00:00,85.057,-7.912,deficit,10.25,10,4
2026-03-06 10:30:00+00:00,86.309,-4.435,deficit,10.5,10,4
2026-03-06 10:45:00+00:00,46.755,-3.456,deficit,10.75,10,4
2026-03-06 11:00:00+00:00,47.281,-1.307,deficit,11.0,11,4
2026-03-06 11:15:00+00:00,-13.5301,5.839,surplus,11.25,11,4
2026-03-06 11:30:00+00:00,-13.1535,2.892,surplus,11.5,11,4
2026-03-06 11:45:00+00:00,-12.6945,6.385,surplus,11.75,11,4
2026-03-06 12:00:00+00:00,-15.48,4.938,surplus,12.0,12,4
2026-03-06 12:15:00+00:00,-14.4383,6.34,surplus,12.25,12,4
2026-03-06 12:30:00+00:00,-14.3684,11.375,surplus,12.5,12,4
2026-03-06 12:45:00+00:00,-12.6393,3.588,surplus,12.75,12,4
2026-03-06 13:00:00+00:00,90.771,-6.958,deficit,13.0,13,4
2026-03-06 13:15:00+00:00,104.59,-15.57,deficit,13.25,13,4
2026-03-06 13:30:00+00:00,98.075,-25.099,deficit,13.5,13,4
2026-03-06 13:45:00+00:00,104.98,-23.381,deficit,13.75,13,4
2026-03-06 14:00:00+00:00,126.245,-16.654,deficit,14.0,14,4
2026-03-06 14:15:00+00:00,144.423,-18.649,deficit,14.25,14,4
2026-03-06 14:30:00+00:00,131.27,-13.573,deficit,14.5,14,4
2026-03-06 14:45:00+00:00,150.92,-0.82,deficit,14.75,14,4
2026-03-06 15:00:00+00:00,127.1566,-2.27,deficit,15.0,15,4
2026-03-06 15:15:00+00:00,192.232,-0.863,deficit,15.25,15,4
2026-03-06 15:30:00+00:00,132.1196,12.905,surplus,15.5,15,4
2026-03-06 15:45:00+00:00,117.959,11.103,surplus,15.75,15,4
2026-03-06 16:00:00+00:00,160.5924,-1.914,deficit,16.0,16,4
2026-03-06 16:15:00+00:00,113.346,0.304,surplus,16.25,16,4
2026-03-06 16:30:00+00:00,196.8896,-1.298,deficit,16.5,16,4
2026-03-06 16:45:00+00:00,284.482,-7.108,deficit,16.75,16,4
2026-03-06 17:00:00+00:00,237.963,-6.347,deficit,17.0,17,4
2026-03-06 17:15:00+00:00,257.268,-6.944,deficit,17.25,17,4
2026-03-06 17:30:00+00:00,246.187,-10.644,deficit,17.5,17,4
2026-03-06 17:45:00+00:00,244.3496,-0.238,deficit,17.75,17,4
2026-03-06 18:00:00+00:00,248.479,-5.017,deficit,18.0,18,4
2026-03-06 18:15:00+00:00,217.2379,-6.271,deficit,18.25,18,4
2026-03-06 18:30:00+00:00,209.8794,-3.375,deficit,18.5,18,4
2026-03-06 18:45:00+00:00,203.4803,-2.836,deficit,18.75,18,4
2026-03-06 19:00:00+00:00,177.815,-8.071,deficit,19.0,19,4
2026-03-06 19:15:00+00:00,131.001,5.661,surplus,19.25,19,4
2026-03-06 19:30:00+00:00,161.172,-0.945,deficit,19.5,19,4
2026-03-06 19:45:00+00:00,155.7409,-1.197,deficit,19.75,19,4
2026-03-06 20:00:00+00:00,94.157,0.432,surplus,20.0,20,4
2026-03-06 20:15:00+00:00,88.634,0.558,surplus,20.25,20,4
2026-03-06 20:30:00+00:00,144.0857,-2.238,deficit,20.5,20,4
2026-03-06 20:45:00+00:00,142.1237,-3.577,deficit,20.75,20,4
2026-03-06 21:00:00+00:00,153.516,-7.662,deficit,21.0,21,4
2026-03-06 21:15:00+00:00,143.297,-13.175,deficit,21.25,21,4
2026-03-06 21:30:00+00:00,142.846,-9.127,deficit,21.5,21,4
2026-03-06 21:45:00+00:00,142.0925,-5.53,deficit,21.75,21,4
2026-03-06 22:00:00+00:00,154.385,-12.315,deficit,22.0,22,4
2026-03-06 22:15:00+00:00,159.454,-10.868,deficit,22.25,22,4
2026-03-06 22:30:00+00:00,141.086,-3.936,deficit,22.5,22,4
2026-03-06 22:45:00+00:00,134.276,-6.548,deficit,22.75,22,4
2026-03-06 23:00:00+00:00,93.913,1.125,surplus,23.0,23,4
2026-03-06 23:15:00+00:00,138.093,2.649,surplus,23.25,23,4
2026-03-06 23:30:00+00:00,119.207,1.498,surplus,23.5,23,4
2026-03-06 23:45:00+00:00,91.011,1.51,surplus,23.75,23,4
2026-03-07 00:00:00+00:00,127.109,1.146,surplus,0.0,0,5
2026-03-07 00:15:00+00:00,152.889,-4.47,deficit,0.25,0,5
2026-03-07 00:30:00+00:00,150.128,-1.818,deficit,0.5,0,5
2026-03-07 00:45:00+00:00,146.9021,-0.115,deficit,0.75,0,5
2026-03-07 01:00:00+00:00,149.501,-3.478,deficit,1.0,1,5
2026-03-07 01:15:00+00:00,144.111,-6.713,deficit,1.25,1,5
2026-03-07 01:30:00+00:00,143.209,-10.818,deficit,1.5,1,5
2026-03-07 01:45:00+00:00,143.1597,-8.137,deficit,1.75,1,5
2026-03-07 02:00:00+00:00,146.564,-7.544,deficit,2.0,2,5
2026-03-07 02:15:00+00:00,144.617,-0.504,deficit,2.25,2,5
2026-03-07 02:30:00+00:00,149.154,-3.383,deficit,2.5,2,5
2026-03-07 02:45:00+00:00,144.2217,-2.372,deficit,2.75,2,5
2026-03-07 03:00:00+00:00,143.0338,-5.266,deficit,3.0,3,5
2026-03-07 03:15:00+00:00,144.309,-4.58,deficit,3.25,3,5
2026-03-07 03:30:00+00:00,144.749,-4.348,deficit,3.5,3,5
2026-03-07 03:45:00+00:00,148.236,-3.905,deficit,3.75,3,5
2026-03-07 04:00:00+00:00,146.2134,-3.788,deficit,4.0,4,5
2026-03-07 04:15:00+00:00,149.985,-5.582,deficit,4.25,4,5
2026-03-07 04:30:00+00:00,150.744,-3.051,deficit,4.5,4,5
2026-03-07 04:45:00+00:00,156.332,-2.325,deficit,4.75,4,5
2026-03-07 05:00:00+00:00,125.359,6.014,surplus,5.0,5,5
2026-03-07 05:15:00+00:00,99.003,0.126,surplus,5.25,5,5
2026-03-07 05:30:00+00:00,163.724,-1.34,deficit,5.5,5,5
2026-03-07 05:45:00+00:00,153.23,-0.554,deficit,5.75,5,5
2026-03-07 06:00:00+00:00,168.696,-0.263,deficit,6.0,6,5
2026-03-07 06:15:00+00:00,97.849,1.516,surplus,6.25,6,5
2026-03-07 06:30:00+00:00,69.563,0.438,surplus,6.5,6,5
2026-03-07 06:45:00+00:00,92.776,0.815,surplus,6.75,6,5
2026-03-07 07:00:00+00:00,160.512,-7.241,deficit,7.0,7,5
2026-03-07 07:15:00+00:00,137.676,-3.039,deficit,7.25,7,5
2026-03-07 07:30:00+00:00,86.526,-10.096,deficit,7.5,7,5
2026-03-07 07:45:00+00:00,85.052,-9.984,deficit,7.75,7,5
2026-03-07 08:00:00+00:00,67.479,-5.111,deficit,8.0,8,5
2026-03-07 08:15:00+00:00,23.23,2.295,surplus,8.25,8,5
2026-03-07 08:30:00+00:00,14.7173,7.952,surplus,8.5,8,5
2026-03-07 08:45:00+00:00,9.23,6.236,surplus,8.75,8,5
2026-03-07 09:00:00+00:00,110.751,-4.278,deficit,9.0,9,5
2026-03-07 09:15:00+00:00,84.516,-11.69,deficit,9.25,9,5
2026-03-07 09:30:00+00:00,57.567,-10.862,deficit,9.5,9,5
2026-03-07 09:45:00+00:00,129.57,-8.336,deficit,9.75,9,5
2026-03-07 10:00:00+00:00,-1.8812,24.413,surplus,10.0,10,5
2026-03-07 10:15:00+00:00,-4.1982,21.832,surplus,10.25,10,5
2026-03-07 10:30:00+00:00,-4.5591,22.44,surplus,10.5,10,5
2026-03-07 10:45:00+00:00,-8.101,26.67,surplus,10.75,10,5
2026-03-07 11:00:00+00:00,-8.8286,17.854,surplus,11.0,11,5
2026-03-07 11:15:00+00:00,-9.7348,12.918,surplus,11.25,11,5
2026-03-07 11:30:00+00:00,-11.9134,7.672,surplus,11.5,11,5
2026-03-07 11:45:00+00:00,-11.5469,11.045,surplus,11.75,11,5
2026-03-07 12:00:00+00:00,52.566,-4.488,deficit,12.0,12,5
2026-03-07 12:15:00+00:00,39.218,-3.426,deficit,12.25,12,5
2026-03-07 12:30:00+00:00,-4.6812,3.58,surplus,12.5,12,5
2026-03-07 12:45:00+00:00,-4.1048,5.108,surplus,12.75,12,5
2026-03-07 13:00:00+00:00,77.798,-11.594,deficit,13.0,13,5
2026-03-07 13:15:00+00:00,74.923,-14.631,deficit,13.25,13,5
2026-03-07 13:30:00+00:00,52.058,-12.119,deficit,13.5,13,5
2026-03-07 13:45:00+00:00,124.884,-20.016,deficit,13.75,13,5
2026-03-07 14:00:00+00:00,84.474,-24.54,deficit,14.0,14,5
2026-03-07 14:15:00+00:00,119.429,-21.991,deficit,14.25,14,5
2026-03-07 14:30:00+00:00,124.488,-8.901,deficit,14.5,14,5
2026-03-07 14:45:00+00:00,42.44,0.598,surplus,14.75,14,5
2026-03-07 15:00:00+00:00,127.3944,-12.403,deficit,15.0,15,5
2026-03-07 15:15:00+00:00,143.9066,-3.601,deficit,15.25,15,5
2026-03-07 15:30:00+00:00,171.241,-1.426,deficit,15.5,15,5
2026-03-07 15:45:00+00:00,193.039,-2.218,deficit,15.75,15,5
2026-03-07 16:00:00+00:00,166.996,-7.141,deficit,16.0,16,5
2026-03-07 16:15:00+00:00,168.7477,-6.514,deficit,16.25,16,5
2026-03-07 16:30:00+00:00,176.3037,-8.127,deficit,16.5,16,5
2026-03-07 16:45:00+00:00,200.563,-6.751,deficit,16.75,16,5
2026-03-07 17:00:00+00:00,201.5341,-11.28,deficit,17.0,17,5
2026-03-07 17:15:00+00:00,205.3464,-12.094,deficit,17.25,17,5
2026-03-07 17:30:00+00:00,210.8627,-24.334,deficit,17.5,17,5
2026-03-07 17:45:00+00:00,210.2885,-26.892,deficit,17.75,17,5
2026-03-07 18:00:00+00:00,198.5663,-20.722,deficit,18.0,18,5
2026-03-07 18:15:00+00:00,187.323,-17.577,deficit,18.25,18,5
2026-03-07 18:30:00+00:00,181.7367,-16.102,deficit,18.5,18,5
2026-03-07 18:45:00+00:00,178.4604,-16.096,deficit,18.75,18,5
2026-03-07 19:00:00+00:00,175.219,-2.615,deficit,19.0,19,5
2026-03-07 19:15:00+00:00,168.784,-4.381,deficit,19.25,19,5
2026-03-07 19:30:00+00:00,161.315,-1.302,deficit,19.5,19,5
2026-03-07 19:45:00+00:00,162.4142,-3.42,deficit,19.75,19,5
2026-03-07 20:00:00+00:00,165.572,-1.886,deficit,20.0,20,5
2026-03-07 20:15:00+00:00,159.632,-8.749,deficit,20.25,20,5
2026-03-07 20:30:00+00:00,155.309,-5.895,deficit,20.5,20,5
2026-03-07 20:45:00+00:00,149.0911,-2.298,deficit,20.75,20,5
2026-03-07 21:00:00+00:00,118.499,1.449,surplus,21.0,21,5
2026-03-07 21:15:00+00:00,151.305,-3.382,deficit,21.25,21,5
2026-03-07 21:30:00+00:00,147.169,-6.19,deficit,21.5,21,5
2026-03-07 21:45:00+00:00,146.476,-3.57,deficit,21.75,21,5
2026-03-07 22:00:00+00:00,163.383,-7.316,deficit,22.0,22,5
2026-03-07 22:15:00+00:00,148.225,-11.143,deficit,22.25,22,5
2026-03-07 22:30:00+00:00,142.934,-14.177,deficit,22.5,22,5
2026-03-07 22:45:00+00:00,142.4421,-14.644,deficit,22.75,22,5
2026-03-07 23:00:00+00:00,110.187,0.839,surplus,23.0,23,5
2026-03-07 23:15:00+00:00,97.458,3.103,surplus,23.25,23,5
2026-03-07 23:30:00+00:00,110.809,4.319,surplus,23.5,23,5
2026-03-07 23:45:00+00:00,107.06,4.563,surplus,23.75,23,5
2026-03-08 00:00:00+00:00,93.745,9.7,surplus,0.0,0,6
2026-03-08 00:15:00+00:00,90.913,4.804,surplus,0.25,0,6
2026-03-08 00:30:00+00:00,94.125,0.166,surplus,0.5,0,6
2026-03-08 00:45:00+00:00,89.589,5.894,surplus,0.75,0,6
2026-03-08 01:00:00+00:00,95.805,4.437,surplus,1.0,1,6
2026-03-08 01:15:00+00:00,96.396,1.159,surplus,1.25,1,6
2026-03-08 01:30:00+00:00,98.301,1.367,surplus,1.5,1,6
2026-03-08 01:45:00+00:00,123.8623,1.35,surplus,1.75,1,6
2026-03-08 02:00:00+00:00,150.205,-0.829,deficit,2.0,2,6
2026-03-08 02:15:00+00:00,147.51,-0.253,deficit,2.25,2,6
2026-03-08 02:30:00+00:00,147.928,-0.145,deficit,2.5,2,6
2026-03-08 02:45:00+00:00,148.559,-7.318,deficit,2.75,2,6
2026-03-08 03:00:00+00:00,146.674,-0.985,deficit,3.0,3,6
2026-03-08 03:15:00+00:00,146.245,-1.226,deficit,3.25,3,6
2026-03-08 03:30:00+00:00,147.257,-2.92,deficit,3.5,3,6
2026-03-08 03:45:00+00:00,147.708,-6.788,deficit,3.75,3,6
2026-03-08 04:00:00+00:00,147.901,-0.95,deficit,4.0,4,6
2026-03-08 04:15:00+00:00,117.625,1.996,surplus,4.25,4,6
2026-03-08 04:30:00+00:00,147.301,-3.895,deficit,4.5,4,6
2026-03-08 04:45:00+00:00,149.061,-3.303,deficit,4.75,4,6
2026-03-08 05:00:00+00:00,148.423,-6.933,deficit,5.0,5,6
2026-03-08 05:15:00+00:00,153.241,-7.506,deficit,5.25,5,6
2026-03-08 05:30:00+00:00,146.96,-4.011,deficit,5.5,5,6
2026-03-08 05:45:00+00:00,143.858,-8.505,deficit,5.75,5,6
2026-03-08 06:00:00+00:00,156.684,-11.533,deficit,6.0,6,6
2026-03-08 06:15:00+00:00,143.825,-10.413,deficit,6.25,6,6
2026-03-08 06:30:00+00:00,124.7859,-9.983,deficit,6.5,6,6
2026-03-08 06:45:00+00:00,115.388,-3.568,deficit,6.75,6,6
2026-03-08 07:00:00+00:00,132.253,-11.372,deficit,7.0,7,6
2026-03-08 07:15:00+00:00,80.0004,-13.9,deficit,7.25,7,6
2026-03-08 07:30:00+00:00,90.905,-10.314,deficit,7.5,7,6
2026-03-08 07:45:00+00:00,87.262,-15.042,deficit,7.75,7,6
2026-03-08 08:00:00+00:00,67.484,-23.31,deficit,8.0,8,6
2026-03-08 08:15:00+00:00,58.881,-18.516,deficit,8.25,8,6
2026-03-08 08:30:00+00:00,74.913,-20.755,deficit,8.5,8,6
2026-03-08 08:45:00+00:00,70.191,-15.826,deficit,8.75,8,6
2026-03-08 09:00:00+00:00,70.8,-28.552,deficit,9.0,9,6
2026-03-08 09:15:00+00:00,38.253,-23.888,deficit,9.25,9,6
2026-03-08 09:30:00+00:00,28.2206,-21.383,deficit,9.5,9,6
2026-03-08 09:45:00+00:00,20.4959,-19.527,deficit,9.75,9,6
2026-03-08 10:00:00+00:00,43.068,-27.742,deficit,10.0,10,6
2026-03-08 10:15:00+00:00,55.47,-24.144,deficit,10.25,10,6
2026-03-08 10:30:00+00:00,246.906,-37.449,deficit,10.5,10,6
2026-03-08 10:45:00+00:00,691.811,-31.38,deficit,10.75,10,6
2026-03-08 11:00:00+00:00,145.13,-1.78,deficit,11.0,11,6
2026-03-08 11:15:00+00:00,257.249,-28.022,deficit,11.25,11,6
2026-03-08 11:30:00+00:00,97.043,-15.384,deficit,11.5,11,6
2026-03-08 11:45:00+00:00,13.5233,-0.07,deficit,11.75,11,6
2026-03-08 12:00:00+00:00,64.264,-4.741,deficit,12.0,12,6
2026-03-08 12:15:00+00:00,24.021,-8.262,deficit,12.25,12,6
2026-03-08 12:30:00+00:00,66.532,-1.82,deficit,12.5,12,6
2026-03-08 12:45:00+00:00,-11.4608,1.902,surplus,12.75,12,6
2026-03-08 13:00:00+00:00,33.457,-5.307,deficit,13.0,13,6
2026-03-08 13:15:00+00:00,91.211,-7.609,deficit,13.25,13,6
2026-03-08 13:30:00+00:00,-1.5683,0.483,surplus,13.5,13,6
2026-03-08 13:45:00+00:00,97.695,-3.173,deficit,13.75,13,6
2026-03-08 14:00:00+00:00,66.477,-9.386,deficit,14.0,14,6
2026-03-08 14:15:00+00:00,111.543,-20.596,deficit,14.25,14,6
2026-03-08 14:30:00+00:00,114.59,-17.116,deficit,14.5,14,6
2026-03-08 14:45:00+00:00,134.838,-9.131,deficit,14.75,14,6
2026-03-08 15:00:00+00:00,132.113,-18.495,deficit,15.0,15,6
2026-03-08 15:15:00+00:00,125.598,-14.282,deficit,15.25,15,6
2026-03-08 15:30:00+00:00,159.038,-11.206,deficit,15.5,15,6
2026-03-08 15:45:00+00:00,181.126,-15.488,deficit,15.75,15,6
2026-03-08 16:00:00+00:00,157.0804,-1.286,deficit,16.0,16,6
2026-03-08 16:15:00+00:00,156.2899,-5.386,deficit,16.25,16,6
2026-03-08 16:30:00+00:00,165.121,-9.793,deficit,16.5,16,6
2026-03-08 16:45:00+00:00,190.663,-1.868,deficit,16.75,16,6
2026-03-08 17:00:00+00:00,173.1168,-9.412,deficit,17.0,17,6
2026-03-08 17:15:00+00:00,174.9873,-1.363,deficit,17.25,17,6
2026-03-08 17:30:00+00:00,174.9856,-1.507,deficit,17.5,17,6
2026-03-08 17:45:00+00:00,187.869,-0.161,deficit,17.75,17,6
2026-03-08 18:00:00+00:00,176.22,-1.658,deficit,18.0,18,6
2026-03-08 18:15:00+00:00,66.411,4.558,surplus,18.25,18,6
2026-03-08 18:30:00+00:00,68.566,0.006,surplus,18.5,18,6
2026-03-08 18:45:00+00:00,99.025,1.437,surplus,18.75,18,6
2026-03-08 19:00:00+00:00,165.407,-7.32,deficit,19.0,19,6
2026-03-08 19:15:00+00:00,155.683,-7.139,deficit,19.25,19,6
2026-03-08 19:30:00+00:00,152.664,-21.73,deficit,19.5,19,6
2026-03-08 19:45:00+00:00,148.5369,-20.691,deficit,19.75,19,6
2026-03-08 20:00:00+00:00,160.677,-5.263,deficit,20.0,20,6
2026-03-08 20:15:00+00:00,152.7042,-9.886,deficit,20.25,20,6
2026-03-08 20:30:00+00:00,153.516,-18.778,deficit,20.5,20,6
2026-03-08 20:45:00+00:00,150.154,-15.465,deficit,20.75,20,6
2026-03-08 21:00:00+00:00,165.231,-14.38,deficit,21.0,21,6
2026-03-08 21:15:00+00:00,147.884,-9.579,deficit,21.25,21,6
2026-03-08 21:30:00+00:00,147.2583,-15.732,deficit,21.5,21,6
2026-03-08 21:45:00+00:00,144.6231,-10.106,deficit,21.75,21,6
2026-03-08 22:00:00+00:00,166.899,-23.768,deficit,22.0,22,6
2026-03-08 22:15:00+00:00,151.649,-19.241,deficit,22.25,22,6
2026-03-08 22:30:00+00:00,228.149,-25.055,deficit,22.5,22,6
2026-03-08 22:45:00+00:00,146.359,-12.401,deficit,22.75,22,6
2026-03-08 23:00:00+00:00,150.612,-10.943,deficit,23.0,23,6
2026-03-08 23:15:00+00:00,140.1644,-10.907,deficit,23.25,23,6
2026-03-08 23:30:00+00:00,140.1644,-11.419,deficit,23.5,23,6
2026-03-08 23:45:00+00:00,140.1644,-8.619,deficit,23.75,23,6
2026-03-09 00:00:00+00:00,135.2909,-3.11,deficit,0.0,0,0
2026-03-09 00:15:00+00:00,134.789,-5.271,deficit,0.25,0,0
2026-03-09 00:30:00+00:00,132.1592,-3.416,deficit,0.5,0,0
2026-03-09 00:45:00+00:00,129.8751,-2.212,deficit,0.75,0,0
2026-03-09 01:00:00+00:00,127.833,-8.653,deficit,1.0,1,0
2026-03-09 01:15:00+00:00,127.833,-9.705,deficit,1.25,1,0
2026-03-09 01:30:00+00:00,127.833,-13.225,deficit,1.5,1,0
2026-03-09 01:45:00+00:00,127.833,-7.152,deficit,1.75,1,0
2026-03-09 02:00:00+00:00,129.0445,-10.164,deficit,2.0,2,0
2026-03-09 02:15:00+00:00,129.0445,-10.138,deficit,2.25,2,0
2026-03-09 02:30:00+00:00,129.0445,-10.333,deficit,2.5,2,0
2026-03-09 02:45:00+00:00,129.0445,-5.557,deficit,2.75,2,0
2026-03-09 03:00:00+00:00,133.8303,-4.485,deficit,3.0,3,0
2026-03-09 03:15:00+00:00,133.8303,-6.994,deficit,3.25,3,0
2026-03-09 03:30:00+00:00,133.8303,-6.06,deficit,3.5,3,0
2026-03-09 03:45:00+00:00,140.217,-4.745,deficit,3.75,3,0
2026-03-09 04:00:00+00:00,146.4931,-3.293,deficit,4.0,4,0
2026-03-09 04:15:00+00:00,149.7735,-7.962,deficit,4.25,4,0
2026-03-09 04:30:00+00:00,159.753,-7.475,deficit,4.5,4,0
2026-03-09 04:45:00+00:00,186.549,-4.116,deficit,4.75,4,0
2026-03-09 05:00:00+00:00,162.5055,-9.153,deficit,5.0,5,0
2026-03-09 05:15:00+00:00,172.04,-8.372,deficit,5.25,5,0
2026-03-09 05:30:00+00:00,202.389,-4.059,deficit,5.5,5,0
2026-03-09 05:45:00+00:00,204.292,-2.531,deficit,5.75,5,0
2026-03-09 06:00:00+00:00,230.989,-1.313,deficit,6.0,6,0
2026-03-09 06:15:00+00:00,131.078,5.853,surplus,6.25,6,0
2026-03-09 06:30:00+00:00,70.969,9.153,surplus,6.5,6,0
2026-03-09 06:45:00+00:00,52.565,20.135,surplus,6.75,6,0
2026-03-09 07:00:00+00:00,-59.981,24.001,surplus,7.0,7,0
2026-03-09 07:15:00+00:00,52.394,17.711,surplus,7.25,7,0
2026-03-09 07:30:00+00:00,73.319,15.171,surplus,7.5,7,0
2026-03-09 07:45:00+00:00,-214.99,25.138,surplus,7.75,7,0
2026-03-09 08:00:00+00:00,0.41,21.129,surplus,8.0,8,0
2026-03-09 08:15:00+00:00,0.41,2.851,surplus,8.25,8,0
2026-03-09 08:30:00+00:00,0.41,0.944,surplus,8.5,8,0
2026-03-09 08:45:00+00:00,19.06,10.497,surplus,8.75,8,0
2026-03-09 09:00:00+00:00,93.775,-5.029,deficit,9.0,9,0
2026-03-09 09:15:00+00:00,87.297,-5.563,deficit,9.25,9,0
2026-03-09 09:30:00+00:00,71.7481,-10.767,deficit,9.5,9,0
2026-03-09 09:45:00+00:00,12.42,1.332,surplus,9.75,9,0
2026-03-09 10:00:00+00:00,33.242,-2.199,deficit,10.0,10,0
2026-03-09 10:15:00+00:00,-149.629,7.356,surplus,10.25,10,0
2026-03-09 10:30:00+00:00,5.944,8.264,surplus,10.5,10,0
2026-03-09 10:45:00+00:00,0.797,5.438,surplus,10.75,10,0
2026-03-09 11:00:00+00:00,-8.186,5.662,surplus,11.0,11,0
2026-03-09 11:15:00+00:00,1.988,5.078,surplus,11.25,11,0
2026-03-09 11:30:00+00:00,3.73,5.634,surplus,11.5,11,0
2026-03-09 11:45:00+00:00,-1.034,5.243,surplus,11.75,11,0
2026-03-09 12:00:00+00:00,-13.223,11.706,surplus,12.0,12,0
2026-03-09 12:15:00+00:00,-16.669,7.72,surplus,12.25,12,0
2026-03-09 12:30:00+00:00,0.3225,3.69,surplus,12.5,12,0
2026-03-09 12:45:00+00:00,-16.889,11.271,surplus,12.75,12,0
2026-03-09 13:00:00+00:00,-272.947,1.318,surplus,13.0,13,0
2026-03-09 13:15:00+00:00,85.206,-6.032,deficit,13.25,13,0
2026-03-09 13:30:00+00:00,89.001,-4.105,deficit,13.5,13,0
2026-03-09 13:45:00+00:00,107.613,-5.975,deficit,13.75,13,0
2026-03-09 14:00:00+00:00,-64.388,13.734,surplus,14.0,14,0
2026-03-09 14:15:00+00:00,125.912,-4.798,deficit,14.25,14,0
2026-03-09 14:30:00+00:00,144.455,-0.501,deficit,14.5,14,0
2026-03-09 14:45:00+00:00,159.819,-2.919,deficit,14.75,14,0
2026-03-09 15:00:00+00:00,130.894,-5.362,deficit,15.0,15,0
2026-03-09 15:15:00+00:00,192.46,-7.982,deficit,15.25,15,0
2026-03-09 15:30:00+00:00,169.356,-0.748,deficit,15.5,15,0
2026-03-09 15:45:00+00:00,208.945,-10.718,deficit,15.75,15,0
2026-03-09 16:00:00+00:00,32.301,3.101,surplus,16.0,16,0
2026-03-09 16:15:00+00:00,167.42,-2.248,deficit,16.25,16,0
2026-03-09 16:30:00+00:00,200.266,-0.575,deficit,16.5,16,0
2026-03-09 16:45:00+00:00,255.09,-5.312,deficit,16.75,16,0
2026-03-09 17:00:00+00:00,100.221,0.603,surplus,17.0,17,0
2026-03-09 17:15:00+00:00,254.518,-4.748,deficit,17.25,17,0
2026-03-09 17:30:00+00:00,271.161,-8.651,deficit,17.5,17,0
2026-03-09 17:45:00+00:00,50.093,4.858,surplus,17.75,17,0
2026-03-09 18:00:00+00:00,270.413,-0.314,deficit,18.0,18,0
2026-03-09 18:15:00+00:00,239.844,-4.151,deficit,18.25,18,0
2026-03-09 18:30:00+00:00,239.547,-10.919,deficit,18.5,18,0
2026-03-09 18:45:00+00:00,224.466,-0.617,deficit,18.75,18,0
2026-03-09 19:00:00+00:00,239.547,-6.284,deficit,19.0,19,0
2026-03-09 19:15:00+00:00,214.698,-1.634,deficit,19.25,19,0
2026-03-09 19:30:00+00:00,170.5427,-8.833,deficit,19.5,19,0
2026-03-09 19:45:00+00:00,166.9294,-11.429,deficit,19.75,19,0
2026-03-09 20:00:00+00:00,208.219,-8.152,deficit,20.0,20,0
2026-03-09 20:15:00+00:00,185.537,-1.287,deficit,20.25,20,0
2026-03-09 20:30:00+00:00,169.301,-1.414,deficit,20.5,20,0
2026-03-09 20:45:00+00:00,60.57,3.099,surplus,20.75,20,0
2026-03-09 21:00:00+00:00,171.512,-0.122,deficit,21.0,21,0
2026-03-09 21:15:00+00:00,168.641,-2.794,deficit,21.25,21,0
2026-03-09 21:30:00+00:00,173.173,-5.306,deficit,21.5,21,0
2026-03-09 21:45:00+00:00,109.907,1.149,surplus,21.75,21,0
2026-03-09 22:00:00+00:00,118.399,4.23,surplus,22.0,22,0
2026-03-09 22:15:00+00:00,101.919,3.14,surplus,22.25,22,0
2026-03-09 22:30:00+00:00,109.374,0.973,surplus,22.5,22,0
2026-03-09 22:45:00+00:00,95.049,0.92,surplus,22.75,22,0
2026-03-09 23:00:00+00:00,103.082,8.191,surplus,23.0,23,0
2026-03-09 23:15:00+00:00,108.077,6.551,surplus,23.25,23,0
2026-03-09 23:30:00+00:00,107.896,2.306,surplus,23.5,23,0
2026-03-09 23:45:00+00:00,109.242,1.068,surplus,23.75,23,0
2026-03-10 00:00:00+00:00,94.953,1.207,surplus,0.0,0,1
2026-03-10 00:15:00+00:00,114.908,4.556,surplus,0.25,0,1
2026-03-10 00:30:00+00:00,168.267,-3.343,deficit,0.5,0,1
2026-03-10 00:45:00+00:00,70.617,0.265,surplus,0.75,0,1
2026-03-10 01:00:00+00:00,88.961,2.466,surplus,1.0,1,1
2026-03-10 01:15:00+00:00,115.898,4.113,surplus,1.25,1,1
2026-03-10 01:30:00+00:00,168.476,-1.822,deficit,1.5,1,1
2026-03-10 01:45:00+00:00,165.198,-0.197,deficit,1.75,1,1
2026-03-10 02:00:00+00:00,164.648,-0.73,deficit,2.0,2,1
2026-03-10 02:15:00+00:00,86.686,4.393,surplus,2.25,2,1
2026-03-10 02:30:00+00:00,161.931,-3.232,deficit,2.5,2,1
2026-03-10 02:45:00+00:00,168.322,-8.62,deficit,2.75,2,1
2026-03-10 03:00:00+00:00,154.132,-10.036,deficit,3.0,3,1
2026-03-10 03:15:00+00:00,158.807,-7.518,deficit,3.25,3,1
2026-03-10 03:30:00+00:00,169.477,-9.641,deficit,3.5,3,1
2026-03-10 03:45:00+00:00,173.239,-20.312,deficit,3.75,3,1
2026-03-10 04:00:00+00:00,176.0046,-0.734,deficit,4.0,4,1
2026-03-10 04:15:00+00:00,176.0046,-3.332,deficit,4.25,4,1
2026-03-10 04:30:00+00:00,86.189,5.244,surplus,4.5,4,1
2026-03-10 04:45:00+00:00,207.273,-0.498,deficit,4.75,4,1
2026-03-10 05:00:00+00:00,162.624,-7.143,deficit,5.0,5,1
2026-03-10 05:15:00+00:00,188.529,-3.867,deficit,5.25,5,1
2026-03-10 05:30:00+00:00,188.826,-3.214,deficit,5.5,5,1
2026-03-10 05:45:00+00:00,209.264,-9.868,deficit,5.75,5,1
2026-03-10 06:00:00+00:00,212.498,-1.828,deficit,6.0,6,1
2026-03-10 06:15:00+00:00,134.35,8.521,surplus,6.25,6,1
2026-03-10 06:30:00+00:00,88.068,7.305,surplus,6.5,6,1
2026-03-10 06:45:00+00:00,101.783,7.17,surplus,6.75,6,1
2026-03-10 07:00:00+00:00,127.084,10.079,surplus,7.0,7,1
2026-03-10 07:15:00+00:00,94.941,8.908,surplus,7.25,7,1
2026-03-10 07:30:00+00:00,79.34,9.73,surplus,7.5,7,1
2026-03-10 07:45:00+00:00,51.8,8.705,surplus,7.75,7,1
2026-03-10 08:00:00+00:00,86.315,26.32,surplus,8.0,8,1
2026-03-10 08:15:00+00:00,87.36,19.009,surplus,8.25,8,1
2026-03-10 08:30:00+00:00,85.0193,28.632,surplus,8.5,8,1
2026-03-10 08:45:00+00:00,78.47,9.289,surplus,8.75,8,1
2026-03-10 09:00:00+00:00,57.3011,7.753,surplus,9.0,9,1
2026-03-10 09:15:00+00:00,52.6717,10.043,surplus,9.25,9,1
2026-03-10 09:30:00+00:00,52.2647,10.85,surplus,9.5,9,1
2026-03-10 09:45:00+00:00,36.95,7.618,surplus,9.75,9,1
2026-03-10 10:00:00+00:00,22.2573,14.409,surplus,10.0,10,1
2026-03-10 10:15:00+00:00,16.3707,14.434,surplus,10.25,10,1
2026-03-10 10:30:00+00:00,15.6534,16.823,surplus,10.5,10,1
2026-03-10 10:45:00+00:00,15.202,8.467,surplus,10.75,10,1
2026-03-10 11:00:00+00:00,74.405,-2.208,deficit,11.0,11,1
2026-03-10 11:15:00+00:00,96.452,-4.657,deficit,11.25,11,1
2026-03-10 11:30:00+00:00,104.017,-5.949,deficit,11.5,11,1
2026-03-10 11:45:00+00:00,16.9365,1.424,surplus,11.75,11,1
2026-03-10 12:00:00+00:00,92.768,-4.964,deficit,12.0,12,1
2026-03-10 12:15:00+00:00,113.204,-14.063,deficit,12.25,12,1
2026-03-10 12:30:00+00:00,106.56,-5.413,deficit,12.5,12,1
2026-03-10 12:45:00+00:00,48.2512,1.326,surplus,12.75,12,1
2026-03-10 13:00:00+00:00,117.862,-6.869,deficit,13.0,13,1
2026-03-10 13:15:00+00:00,108.568,-5.672,deficit,13.25,13,1
2026-03-10 13:30:00+00:00,118.689,-0.138,deficit,13.5,13,1
2026-03-10 13:45:00+00:00,92.271,9.165,surplus,13.75,13,1
2026-03-10 14:00:00+00:00,81.092,0.245,surplus,14.0,14,1
2026-03-10 14:15:00+00:00,101.916,4.902,surplus,14.25,14,1
2026-03-10 14:30:00+00:00,115.581,7.782,surplus,14.5,14,1
2026-03-10 14:45:00+00:00,80.412,3.038,surplus,14.75,14,1
2026-03-10 15:00:00+00:00,152.9065,-4.212,deficit,15.0,15,1
2026-03-10 15:15:00+00:00,152.0841,-1.334,deficit,15.25,15,1
2026-03-10 15:30:00+00:00,175.67,-9.447,deficit,15.5,15,1
2026-03-10 15:45:00+00:00,182.2284,-18.869,deficit,15.75,15,1
2026-03-10 16:00:00+00:00,191.9351,-13.306,deficit,16.0,16,1
2026-03-10 16:15:00+00:00,191.9351,-17.709,deficit,16.25,16,1
2026-03-10 16:30:00+00:00,194.7594,-18.954,deficit,16.5,16,1
2026-03-10 16:45:00+00:00,244.211,-12.252,deficit,16.75,16,1
2026-03-10 17:00:00+00:00,245.0628,-14.955,deficit,17.0,17,1
2026-03-10 17:15:00+00:00,245.0628,-8.88,deficit,17.25,17,1
2026-03-10 17:30:00+00:00,245.0628,-12.965,deficit,17.5,17,1
2026-03-10 17:45:00+00:00,245.0628,-11.438,deficit,17.75,17,1
2026-03-10 18:00:00+00:00,258.929,-17.61,deficit,18.0,18,1
2026-03-10 18:15:00+00:00,227.744,-14.273,deficit,18.25,18,1
2026-03-10 18:30:00+00:00,226.4918,-12.674,deficit,18.5,18,1
2026-03-10 18:45:00+00:00,226.4918,-3.447,deficit,18.75,18,1
2026-03-10 19:00:00+00:00,196.339,-9.53,deficit,19.0,19,1
2026-03-10 19:15:00+00:00,190.6738,-4.2,deficit,19.25,19,1
2026-03-10 19:30:00+00:00,190.6738,-2.96,deficit,19.5,19,1
2026-03-10 19:45:00+00:00,190.6738,-12.59,deficit,19.75,19,1
2026-03-10 20:00:00+00:00,195.405,-19.801,deficit,20.0,20,1
2026-03-10 20:15:00+00:00,195.405,-14.975,deficit,20.25,20,1
2026-03-10 20:30:00+00:00,195.405,-4.993,deficit,20.5,20,1
2026-03-10 20:45:00+00:00,184.048,-18.831,deficit,20.75,20,1
2026-03-10 21:00:00+00:00,173.074,-5.891,deficit,21.0,21,1
2026-03-10 21:15:00+00:00,98.161,2.2,surplus,21.25,21,1
2026-03-10 21:30:00+00:00,163.4055,-0.883,deficit,21.5,21,1
2026-03-10 21:45:00+00:00,35.279,2.035,surplus,21.75,21,1
2026-03-10 22:00:00+00:00,84.252,2.207,surplus,22.0,22,1
2026-03-10 22:15:00+00:00,207.855,-2.065,deficit,22.25,22,1
2026-03-10 22:30:00+00:00,246.862,-4.805,deficit,22.5,22,1
2026-03-10 22:45:00+00:00,77.26,0.243,surplus,22.75,22,1
2026-03-10 23:00:00+00:00,127.785,-8.212,deficit,23.0,23,1
2026-03-10 23:15:00+00:00,249.678,-13.454,deficit,23.25,23,1
2026-03-10 23:30:00+00:00,162.251,-12.724,deficit,23.5,23,1
2026-03-10 23:45:00+00:00,149.886,-18.143,deficit,23.75,23,1
2026-03-11 00:00:00+00:00,166.133,-12.608,deficit,0.0,0,2
2026-03-11 00:15:00+00:00,162.251,-14.414,deficit,0.25,0,2
2026-03-11 00:30:00+00:00,150.902,-7.805,deficit,0.5,0,2
2026-03-11 00:45:00+00:00,122.37,-10.26,deficit,0.75,0,2
2026-03-11 01:00:00+00:00,145.822,-20.671,deficit,1.0,1,2
2026-03-11 01:15:00+00:00,147.634,-20.458,deficit,1.25,1,2
2026-03-11 01:30:00+00:00,141.891,-19.132,deficit,1.5,1,2
2026-03-11 01:45:00+00:00,451.574,-24.777,deficit,1.75,1,2
2026-03-11 02:00:00+00:00,496.24,-24.469,deficit,2.0,2,2
2026-03-11 02:15:00+00:00,353.425,-23.275,deficit,2.25,2,2
2026-03-11 02:30:00+00:00,423.433,-25.256,deficit,2.5,2,2
2026-03-11 02:45:00+00:00,188.984,-22.444,deficit,2.75,2,2
2026-03-11 03:00:00+00:00,201.206,-13.303,deficit,3.0,3,2
2026-03-11 03:15:00+00:00,202.777,-16.136,deficit,3.25,3,2
2026-03-11 03:30:00+00:00,201.585,-14.616,deficit,3.5,3,2
2026-03-11 03:45:00+00:00,184.374,-12.415,deficit,3.75,3,2
2026-03-11 04:00:00+00:00,64.404,6.254,surplus,4.0,4,2
2026-03-11 04:15:00+00:00,151.7851,-3.061,deficit,4.25,4,2
2026-03-11 04:30:00+00:00,151.7851,-10.988,deficit,4.5,4,2
2026-03-11 04:45:00+00:00,180.376,-14.57,deficit,4.75,4,2
2026-03-11 05:00:00+00:00,173.941,-2.153,deficit,5.0,5,2
2026-03-11 05:15:00+00:00,206.041,-0.588,deficit,5.25,5,2
2026-03-11 05:30:00+00:00,207.284,-6.253,deficit,5.5,5,2
2026-03-11 05:45:00+00:00,217.602,-0.009,deficit,5.75,5,2
2026-03-11 06:00:00+00:00,135.729,-6.729,deficit,6.0,6,2
2026-03-11 06:15:00+00:00,133.276,-1.892,deficit,6.25,6,2
2026-03-11 06:30:00+00:00,84.16,0.652,surplus,6.5,6,2
2026-03-11 06:45:00+00:00,71.14,0.651,surplus,6.75,6,2
2026-03-11 07:00:00+00:00,102.74,-0.573,deficit,7.0,7,2
2026-03-11 07:15:00+00:00,79.9152,0.491,surplus,7.25,7,2
2026-03-11 07:30:00+00:00,74.44,5.764,surplus,7.5,7,2
2026-03-11 07:45:00+00:00,44.701,1.453,surplus,7.75,7,2
2026-03-11 08:00:00+00:00,73.4638,2.065,surplus,8.0,8,2
2026-03-11 08:15:00+00:00,98.932,-0.734,deficit,8.25,8,2
2026-03-11 08:30:00+00:00,78.0483,-0.724,deficit,8.5,8,2
2026-03-11 08:45:00+00:00,73.2644,-14.049,deficit,8.75,8,2
2026-03-11 09:00:00+00:00,-17.55,0.899,surplus,9.0,9,2
2026-03-11 09:15:00+00:00,47.586,-7.239,deficit,9.25,9,2
2026-03-11 09:30:00+00:00,28.1091,-13.318,deficit,9.5,9,2
2026-03-11 09:45:00+00:00,20.4191,-0.142,deficit,9.75,9,2
2026-03-11 10:00:00+00:00,35.168,-2.6,deficit,10.0,10,2
2026-03-11 10:15:00+00:00,-16.569,13.434,surplus,10.25,10,2
2026-03-11 10:30:00+00:00,-4.164,10.762,surplus,10.5,10,2
2026-03-11 10:45:00+00:00,-19.252,10.016,surplus,10.75,10,2
2026-03-11 11:00:00+00:00,-16.492,14.013,surplus,11.0,11,2
2026-03-11 11:15:00+00:00,13.981,-0.822,deficit,11.25,11,2
2026-03-11 11:30:00+00:00,-0.207,6.971,surplus,11.5,11,2
2026-03-11 11:45:00+00:00,1.6025,10.21,surplus,11.75,11,2
2026-03-11 12:00:00+00:00,2.095,8.378,surplus,12.0,12,2
2026-03-11 12:15:00+00:00,2.9756,3.258,surplus,12.25,12,2
2026-03-11 12:30:00+00:00,5.0217,8.57,surplus,12.5,12,2
2026-03-11 12:45:00+00:00,-1.339,3.865,surplus,12.75,12,2
2026-03-11 13:00:00+00:00,35.3289,-5.494,deficit,13.0,13,2
2026-03-11 13:15:00+00:00,46.816,-4.3,deficit,13.25,13,2
2026-03-11 13:30:00+00:00,77.313,-12.57,deficit,13.5,13,2
2026-03-11 13:45:00+00:00,102.182,-19.295,deficit,13.75,13,2
2026-03-11 14:00:00+00:00,84.646,-18.16,deficit,14.0,14,2
2026-03-11 14:15:00+00:00,91.313,-12.994,deficit,14.25,14,2
2026-03-11 14:30:00+00:00,105.359,-16.567,deficit,14.5,14,2
2026-03-11 14:45:00+00:00,121.825,-9.489,deficit,14.75,14,2
2026-03-11 15:00:00+00:00,4.523,2.058,surplus,15.0,15,2
2026-03-11 15:15:00+00:00,99.609,1.478,surplus,15.25,15,2
2026-03-11 15:30:00+00:00,141.515,3.293,surplus,15.5,15,2
2026-03-11 15:45:00+00:00,105.896,0.739,surplus,15.75,15,2
2026-03-11 16:00:00+00:00,103.644,10.57,surplus,16.0,16,2
2026-03-11 16:15:00+00:00,122.881,6.515,surplus,16.25,16,2
2026-03-11 16:30:00+00:00,109.334,0.116,surplus,16.5,16,2
2026-03-11 16:45:00+00:00,102.736,2.57,surplus,16.75,16,2
2026-03-11 17:00:00+00:00,95.82,4.666,surplus,17.0,17,2
2026-03-11 17:15:00+00:00,66.473,5.843,surplus,17.25,17,2
2026-03-11 17:30:00+00:00,75.795,1.105,surplus,17.5,17,2
2026-03-11 17:45:00+00:00,233.112,-2.895,deficit,17.75,17,2
2026-03-11 18:00:00+00:00,169.7325,-9.149,deficit,18.0,18,2
2026-03-11 18:15:00+00:00,169.7325,-2.241,deficit,18.25,18,2
2026-03-11 18:30:00+00:00,169.7325,-3.296,deficit,18.5,18,2
2026-03-11 18:45:00+00:00,110.674,4.648,surplus,18.75,18,2
2026-03-11 19:00:00+00:00,167.244,-5.152,deficit,19.0,19,2
2026-03-11 19:15:00+00:00,181.478,-13.209,deficit,19.25,19,2
2026-03-11 19:30:00+00:00,172.634,-12.589,deficit,19.5,19,2
2026-03-11 19:45:00+00:00,168.278,-7.726,deficit,19.75,19,2
2026-03-11 20:00:00+00:00,164.747,-9.941,deficit,20.0,20,2
2026-03-11 20:15:00+00:00,170.276,-8.145,deficit,20.25,20,2
2026-03-11 20:30:00+00:00,247.027,-23.799,deficit,20.5,20,2
2026-03-11 20:45:00+00:00,416.699,-11.305,deficit,20.75,20,2
2026-03-11 21:00:00+00:00,154.902,-20.297,deficit,21.0,21,2
2026-03-11 21:15:00+00:00,162.206,-13.973,deficit,21.25,21,2
2026-03-11 21:30:00+00:00,155.3425,-12.065,deficit,21.5,21,2
2026-03-11 21:45:00+00:00,154.3306,-17.038,deficit,21.75,21,2
2026-03-11 22:00:00+00:00,155.122,-15.303,deficit,22.0,22,2
2026-03-11 22:15:00+00:00,137.3763,-8.95,deficit,22.25,22,2
2026-03-11 22:30:00+00:00,136.0273,-4.318,deficit,22.5,22,2
2026-03-11 22:45:00+00:00,133.1681,-7.143,deficit,22.75,22,2
2026-03-11 23:00:00+00:00,146.168,-5.993,deficit,23.0,23,2
2026-03-11 23:15:00+00:00,146.124,-1.027,deficit,23.25,23,2
2026-03-11 23:30:00+00:00,144.397,-2.524,deficit,23.5,23,2
2026-03-11 23:45:00+00:00,138.9328,-1.361,deficit,23.75,23,2
2026-03-12 00:00:00+00:00,97.999,0.232,surplus,0.0,0,3
2026-03-12 00:15:00+00:00,59.65,3.693,surplus,0.25,0,3
2026-03-12 00:30:00+00:00,91.403,3.872,surplus,0.5,0,3
2026-03-12 00:45:00+00:00,73.986,0.775,surplus,0.75,0,3
2026-03-12 01:00:00+00:00,64.026,6.371,surplus,1.0,1,3
2026-03-12 01:15:00+00:00,75.232,2.133,surplus,1.25,1,3
2026-03-12 01:30:00+00:00,126.302,-0.085,deficit,1.5,1,3
2026-03-12 01:45:00+00:00,73.302,2.766,surplus,1.75,1,3
2026-03-12 02:00:00+00:00,129.723,-1.754,deficit,2.0,2,3
2026-03-12 02:15:00+00:00,128.145,-2.669,deficit,2.25,2,3
2026-03-12 02:30:00+00:00,125.521,-3.697,deficit,2.5,2,3
2026-03-12 02:45:00+00:00,126.852,-7.218,deficit,2.75,2,3
2026-03-12 03:00:00+00:00,126.0722,-4.024,deficit,3.0,3,3
2026-03-12 03:15:00+00:00,134.948,-3.871,deficit,3.25,3,3
2026-03-12 03:30:00+00:00,142.021,-2.033,deficit,3.5,3,3
2026-03-12 03:45:00+00:00,185.08,-7.18,deficit,3.75,3,3
2026-03-12 04:00:00+00:00,161.722,-3.22,deficit,4.0,4,3
2026-03-12 04:15:00+00:00,162.052,-8.292,deficit,4.25,4,3
2026-03-12 04:30:00+00:00,153.186,-7.072,deficit,4.5,4,3
2026-03-12 04:45:00+00:00,65.566,1.077,surplus,4.75,4,3
2026-03-12 05:00:00+00:00,189.951,-11.815,deficit,5.0,5,3
2026-03-12 05:15:00+00:00,175.241,-2.434,deficit,5.25,5,3
2026-03-12 05:30:00+00:00,172.359,-0.431,deficit,5.5,5,3
2026-03-12 05:45:00+00:00,92.788,12.137,surplus,5.75,5,3
2026-03-12 06:00:00+00:00,181.005,-7.547,deficit,6.0,6,3
2026-03-12 06:15:00+00:00,169.719,-6.46,deficit,6.25,6,3
2026-03-12 06:30:00+00:00,172.392,-0.092,deficit,6.5,6,3
2026-03-12 06:45:00+00:00,151.8154,-2.161,deficit,6.75,6,3
2026-03-12 07:00:00+00:00,161.073,-5.619,deficit,7.0,7,3
2026-03-12 07:15:00+00:00,144.2185,-6.514,deficit,7.25,7,3
2026-03-12 07:30:00+00:00,145.9689,-5.366,deficit,7.5,7,3
2026-03-12 07:45:00+00:00,130.5406,-5.016,deficit,7.75,7,3
2026-03-12 08:00:00+00:00,95.066,7.067,surplus,8.0,8,3
2026-03-12 08:15:00+00:00,65.84,4.45,surplus,8.25,8,3
2026-03-12 08:30:00+00:00,71.58,13.284,surplus,8.5,8,3
2026-03-12 08:45:00+00:00,54.85,21.611,surplus,8.75,8,3
2026-03-12 09:00:00+00:00,83.87,21.82,surplus,9.0,9,3
2026-03-12 09:15:00+00:00,34.953,31.641,surplus,9.25,9,3
2026-03-12 09:30:00+00:00,12.6,13.719,surplus,9.5,9,3
2026-03-12 09:45:00+00:00,10.13,14.991,surplus,9.75,9,3
2026-03-12 10:00:00+00:00,19.396,18.247,surplus,10.0,10,3
2026-03-12 10:15:00+00:00,-16.955,28.733,surplus,10.25,10,3
2026-03-12 10:30:00+00:00,9.33,29.61,surplus,10.5,10,3
2026-03-12 10:45:00+00:00,5.303,19.934,surplus,10.75,10,3
2026-03-12 11:00:00+00:00,7.927,11.685,surplus,11.0,11,3
2026-03-12 11:15:00+00:00,9.37,5.066,surplus,11.25,11,3
2026-03-12 11:30:00+00:00,12.35,13.831,surplus,11.5,11,3
2026-03-12 11:45:00+00:00,19.17,14.146,surplus,11.75,11,3
2026-03-12 12:00:00+00:00,25.62,10.971,surplus,12.0,12,3
2026-03-12 12:15:00+00:00,33.61,8.365,surplus,12.25,12,3
2026-03-12 12:30:00+00:00,42.279,8.55,surplus,12.5,12,3
2026-03-12 12:45:00+00:00,67.812,-0.044,deficit,12.75,12,3
2026-03-12 13:00:00+00:00,98.958,-4.46,deficit,13.0,13,3
2026-03-12 13:15:00+00:00,79.5948,-3.698,deficit,13.25,13,3
2026-03-12 13:30:00+00:00,41.72,17.198,surplus,13.5,13,3
2026-03-12 13:45:00+00:00,55.564,6.688,surplus,13.75,13,3
2026-03-12 14:00:00+00:00,33.235,2.832,surplus,14.0,14,3
2026-03-12 14:15:00+00:00,53.04,9.63,surplus,14.25,14,3
2026-03-12 14:30:00+00:00,40.855,8.989,surplus,14.5,14,3
2026-03-12 14:45:00+00:00,51.71,1.245,surplus,14.75,14,3
2026-03-12 15:00:00+00:00,75.164,2.943,surplus,15.0,15,3
2026-03-12 15:15:00+00:00,95.263,1.341,surplus,15.25,15,3
2026-03-12 15:30:00+00:00,111.339,1.528,surplus,15.5,15,3
2026-03-12 15:45:00+00:00,169.9013,-3.488,deficit,15.75,15,3
2026-03-12 16:00:00+00:00,215.523,-3.474,deficit,16.0,16,3
2026-03-12 16:15:00+00:00,97.784,2.481,surplus,16.25,16,3
2026-03-12 16:30:00+00:00,119.84,12.332,surplus,16.5,16,3
2026-03-12 16:45:00+00:00,120.184,14.84,surplus,16.75,16,3
2026-03-12 17:00:00+00:00,54.297,29.671,surplus,17.0,17,3
2026-03-12 17:15:00+00:00,118.69,26.201,surplus,17.25,17,3
2026-03-12 17:30:00+00:00,123.477,29.855,surplus,17.5,17,3
2026-03-12 17:45:00+00:00,55.049,22.953,surplus,17.75,17,3
2026-03-12 18:00:00+00:00,224.257,-1.405,deficit,18.0,18,3
2026-03-12 18:15:00+00:00,83.537,5.15,surplus,18.25,18,3
2026-03-12 18:30:00+00:00,252.824,-8.306,deficit,18.5,18,3
2026-03-12 18:45:00+00:00,217.1245,-8.219,deficit,18.75,18,3
2026-03-12 19:00:00+00:00,183.26,-7.596,deficit,19.0,19,3
2026-03-12 19:15:00+00:00,162.173,-2.989,deficit,19.25,19,3
2026-03-12 19:30:00+00:00,178.299,-7.724,deficit,19.5,19,3
2026-03-12 19:45:00+00:00,56.704,0.659,surplus,19.75,19,3
2026-03-12 20:00:00+00:00,193.6,-12.424,deficit,20.0,20,3
2026-03-12 20:15:00+00:00,194.128,-12.932,deficit,20.25,20,3
2026-03-12 20:30:00+00:00,218.834,-1.493,deficit,20.5,20,3
2026-03-12 20:45:00+00:00,136.0715,-0.324,deficit,20.75,20,3
2026-03-12 21:00:00+00:00,196.803,-19.451,deficit,21.0,21,3
2026-03-12 21:15:00+00:00,313.67,-20.304,deficit,21.25,21,3
2026-03-12 21:30:00+00:00,138.5055,-11.838,deficit,21.5,21,3
2026-03-12 21:45:00+00:00,144.628,-18.848,deficit,21.75,21,3
2026-03-12 22:00:00+00:00,176.418,-25.494,deficit,22.0,22,3
2026-03-12 22:15:00+00:00,149.724,-6.243,deficit,22.25,22,3
2026-03-12 22:30:00+00:00,138.974,-9.111,deficit,22.5,22,3
2026-03-12 22:45:00+00:00,122.089,-10.214,deficit,22.75,22,3
2026-03-12 23:00:00+00:00,158.731,-8.542,deficit,23.0,23,3
2026-03-12 23:15:00+00:00,162.948,-6.422,deficit,23.25,23,3
2026-03-12 23:30:00+00:00,99.966,0.034,surplus,23.5,23,3
2026-03-12 23:45:00+00:00,97.445,0.333,surplus,23.75,23,3
2026-03-13 00:00:00+00:00,98.26,6.749,surplus,0.0,0,4
2026-03-13 00:15:00+00:00,93.64,3.674,surplus,0.25,0,4
2026-03-13 00:30:00+00:00,113.267,-1.524,deficit,0.5,0,4
2026-03-13 00:45:00+00:00,84.129,5.801,surplus,0.75,0,4
2026-03-13 01:00:00+00:00,99.17,2.765,surplus,1.0,1,4
2026-03-13 01:15:00+00:00,99.9014,0.056,surplus,1.25,1,4
2026-03-13 01:30:00+00:00,132.445,-4.624,deficit,1.5,1,4
2026-03-13 01:45:00+00:00,127.984,-0.79,deficit,1.75,1,4
2026-03-13 02:00:00+00:00,118.173,-4.421,deficit,2.0,2,4
2026-03-13 02:15:00+00:00,116.728,-7.077,deficit,2.25,2,4
2026-03-13 02:30:00+00:00,112.904,-4.591,deficit,2.5,2,4
2026-03-13 02:45:00+00:00,130.411,-7.288,deficit,2.75,2,4
2026-03-13 03:00:00+00:00,126.5,-5.644,deficit,3.0,3,4
2026-03-13 03:15:00+00:00,116.688,-12.219,deficit,3.25,3,4
2026-03-13 03:30:00+00:00,116.5698,-3.146,deficit,3.5,3,4
2026-03-13 03:45:00+00:00,146.916,-6.83,deficit,3.75,3,4
2026-03-13 04:00:00+00:00,90.532,5.486,surplus,4.0,4,4
2026-03-13 04:15:00+00:00,136.642,-1.785,deficit,4.25,4,4
2026-03-13 04:30:00+00:00,74.218,12.879,surplus,4.5,4,4
2026-03-13 04:45:00+00:00,89.374,6.256,surplus,4.75,4,4
2026-03-13 05:00:00+00:00,198.363,-0.005,deficit,5.0,5,4
2026-03-13 05:15:00+00:00,55.288,2.006,surplus,5.25,5,4
2026-03-13 05:30:00+00:00,95.414,2.206,surplus,5.5,5,4
2026-03-13 05:45:00+00:00,84.627,8.514,surplus,5.75,5,4
2026-03-13 06:00:00+00:00,78.697,10.166,surplus,6.0,6,4
2026-03-13 06:15:00+00:00,59.397,6.636,surplus,6.25,6,4
2026-03-13 06:30:00+00:00,26.874,13.539,surplus,6.5,6,4
2026-03-13 06:45:00+00:00,12.004,18.499,surplus,6.75,6,4
2026-03-13 07:00:00+00:00,84.7025,6.245,surplus,7.0,7,4
2026-03-13 07:15:00+00:00,64.133,6.992,surplus,7.25,7,4
2026-03-13 07:30:00+00:00,16.545,2.559,surplus,7.5,7,4
2026-03-13 07:45:00+00:00,-31.172,18.765,surplus,7.75,7,4
2026-03-13 08:00:00+00:00,17.063,19.067,surplus,8.0,8,4
2026-03-13 08:15:00+00:00,9.845,8.496,surplus,8.25,8,4
2026-03-13 08:30:00+00:00,83.566,-2.312,deficit,8.5,8,4
2026-03-13 08:45:00+00:00,11.0725,1.281,surplus,8.75,8,4
2026-03-13 09:00:00+00:00,74.369,-4.626,deficit,9.0,9,4
2026-03-13 09:15:00+00:00,88.976,-6.236,deficit,9.25,9,4
2026-03-13 09:30:00+00:00,38.33,-3.423,deficit,9.5,9,4
2026-03-13 09:45:00+00:00,36.181,-0.824,deficit,9.75,9,4
2026-03-13 10:00:00+00:00,53.057,-1.311,deficit,10.0,10,4
2026-03-13 10:15:00+00:00,2.51,1.333,surplus,10.25,10,4
2026-03-13 10:30:00+00:00,60.131,-6.292,deficit,10.5,10,4
2026-03-13 10:45:00+00:00,1.9493,0.583,surplus,10.75,10,4
2026-03-13 11:00:00+00:00,14.381,-14.086,deficit,11.0,11,4
2026-03-13 11:15:00+00:00,36.646,-14.744,deficit,11.25,11,4
2026-03-13 11:30:00+00:00,58.41,-20.85,deficit,11.5,11,4
2026-03-13 11:45:00+00:00,50.529,-15.927,deficit,11.75,11,4
2026-03-13 12:00:00+00:00,63.529,-19.239,deficit,12.0,12,4
2026-03-13 12:15:00+00:00,101.345,-23.483,deficit,12.25,12,4
2026-03-13 12:30:00+00:00,99.898,-24.208,deficit,12.5,12,4
2026-03-13 12:45:00+00:00,44.056,-24.869,deficit,12.75,12,4
2026-03-13 13:00:00+00:00,56.573,-27.292,deficit,13.0,13,4
2026-03-13 13:15:00+00:00,32.511,-30.898,deficit,13.25,13,4
2026-03-13 13:30:00+00:00,33.9097,-18.101,deficit,13.5,13,4
2026-03-13 13:45:00+00:00,45.815,-22.139,deficit,13.75,13,4
2026-03-13 14:00:00+00:00,13.09,3.478,surplus,14.0,14,4
2026-03-13 14:15:00+00:00,0.385,8.835,surplus,14.25,14,4
2026-03-13 14:30:00+00:00,18.697,2.035,surplus,14.5,14,4
2026-03-13 14:45:00+00:00,67.852,4.066,surplus,14.75,14,4
2026-03-13 15:00:00+00:00,45.11,6.36,surplus,15.0,15,4
2026-03-13 15:15:00+00:00,63.004,10.91,surplus,15.25,15,4
2026-03-13 15:30:00+00:00,57.982,9.51,surplus,15.5,15,4
2026-03-13 15:45:00+00:00,87.761,2.648,surplus,15.75,15,4
2026-03-13 16:00:00+00:00,115.893,5.951,surplus,16.0,16,4
2026-03-13 16:15:00+00:00,138.1,11.9,surplus,16.25,16,4
2026-03-13 16:30:00+00:00,77.504,12.381,surplus,16.5,16,4
2026-03-13 16:45:00+00:00,-29.394,17.405,surplus,16.75,16,4
2026-03-13 17:00:00+00:00,128.096,15.16,surplus,17.0,17,4
2026-03-13 17:15:00+00:00,131.78,17.824,surplus,17.25,17,4
2026-03-13 17:30:00+00:00,151.711,12.111,surplus,17.5,17,4
2026-03-13 17:45:00+00:00,156.9822,9.592,surplus,17.75,17,4
2026-03-13 18:00:00+00:00,196.13,-7.401,deficit,18.0,18,4
2026-03-13 18:15:00+00:00,193.38,-7.402,deficit,18.25,18,4
2026-03-13 18:30:00+00:00,181.874,-9.126,deficit,18.5,18,4
2026-03-13 18:45:00+00:00,169.8768,-6.909,deficit,18.75,18,4
2026-03-13 19:00:00+00:00,127.7571,0.318,surplus,19.0,19,4
2026-03-13 19:15:00+00:00,61.4,5.204,surplus,19.25,19,4
2026-03-13 19:30:00+00:00,85.491,0.815,surplus,19.5,19,4
2026-03-13 19:45:00+00:00,145.629,-4.409,deficit,19.75,19,4
2026-03-13 20:00:00+00:00,164.021,-2.443,deficit,20.0,20,4
2026-03-13 20:15:00+00:00,152.68,-7.556,deficit,20.25,20,4
2026-03-13 20:30:00+00:00,142.3602,-13.051,deficit,20.5,20,4
2026-03-13 20:45:00+00:00,114.681,0.521,surplus,20.75,20,4
2026-03-13 21:00:00+00:00,147.73,-2.323,deficit,21.0,21,4
2026-03-13 21:15:00+00:00,136.1331,-6.662,deficit,21.25,21,4
2026-03-13 21:30:00+00:00,136.95,-9.921,deficit,21.5,21,4
2026-03-13 21:45:00+00:00,86.868,3.25,surplus,21.75,21,4
2026-03-13 22:00:00+00:00,147.059,-0.044,deficit,22.0,22,4
2026-03-13 22:15:00+00:00,127.534,-0.815,deficit,22.25,22,4
2026-03-13 22:30:00+00:00,88.892,0.785,surplus,22.5,22,4
2026-03-13 22:45:00+00:00,103.35,0.202,surplus,22.75,22,4
2026-03-13 23:00:00+00:00,139.623,-1.369,deficit,23.0,23,4
2026-03-13 23:15:00+00:00,135.135,-0.143,deficit,23.25,23,4
2026-03-13 23:30:00+00:00,139.053,-0.838,deficit,23.5,23,4
2026-03-13 23:45:00+00:00,129.5621,-0.434,deficit,23.75,23,4
2026-03-14 00:00:00+00:00,126.082,-2.336,deficit,0.0,0,5
2026-03-14 00:15:00+00:00,123.6067,-4.131,deficit,0.25,0,5
2026-03-14 00:30:00+00:00,123.6067,-3.679,deficit,0.5,0,5
2026-03-14 00:45:00+00:00,93.176,2.715,surplus,0.75,0,5
2026-03-14 01:00:00+00:00,120.851,-3.158,deficit,1.0,1,5
2026-03-14 01:15:00+00:00,116.768,-1.256,deficit,1.25,1,5
2026-03-14 01:30:00+00:00,114.13,-2.254,deficit,1.5,1,5
2026-03-14 01:45:00+00:00,114.13,-0.185,deficit,1.75,1,5
2026-03-14 02:00:00+00:00,117.0927,-3.185,deficit,2.0,2,5
2026-03-14 02:15:00+00:00,117.359,-4.573,deficit,2.25,2,5
2026-03-14 02:30:00+00:00,117.128,-4.534,deficit,2.5,2,5
2026-03-14 02:45:00+00:00,118.591,-0.048,deficit,2.75,2,5
2026-03-14 03:00:00+00:00,117.1499,-10.446,deficit,3.0,3,5
2026-03-14 03:15:00+00:00,117.1499,-5.137,deficit,3.25,3,5
2026-03-14 03:30:00+00:00,120.296,-0.058,deficit,3.5,3,5
2026-03-14 03:45:00+00:00,121.583,-3.985,deficit,3.75,3,5
2026-03-14 04:00:00+00:00,120.9024,-2.527,deficit,4.0,4,5
2026-03-14 04:15:00+00:00,120.9024,-1.046,deficit,4.25,4,5
2026-03-14 04:30:00+00:00,123.277,-2.752,deficit,4.5,4,5
2026-03-14 04:45:00+00:00,131.527,-0.748,deficit,4.75,4,5
2026-03-14 05:00:00+00:00,37.624,3.421,surplus,5.0,5,5
2026-03-14 05:15:00+00:00,102.941,5.729,surplus,5.25,5,5
2026-03-14 05:30:00+00:00,91.044,9.666,surplus,5.5,5,5
2026-03-14 05:45:00+00:00,92.335,6.221,surplus,5.75,5,5
2026-03-14 06:00:00+00:00,100.608,3.772,surplus,6.0,6,5
2026-03-14 06:15:00+00:00,90.2427,1.71,surplus,6.25,6,5
2026-03-14 06:30:00+00:00,5.071,0.564,surplus,6.5,6,5
2026-03-14 06:45:00+00:00,-6.706,12.029,surplus,6.75,6,5
2026-03-14 07:00:00+00:00,122.523,-6.646,deficit,7.0,7,5
2026-03-14 07:15:00+00:00,129.467,-5.575,deficit,7.25,7,5
2026-03-14 07:30:00+00:00,70.697,-5.023,deficit,7.5,7,5
2026-03-14 07:45:00+00:00,85.001,-3.975,deficit,7.75,7,5
2026-03-14 08:00:00+00:00,119.15,-8.437,deficit,8.0,8,5
2026-03-14 08:15:00+00:00,99.253,-7.562,deficit,8.25,8,5
2026-03-14 08:30:00+00:00,112.944,-10.106,deficit,8.5,8,5
2026-03-14 08:45:00+00:00,86.564,-6.211,deficit,8.75,8,5
2026-03-14 09:00:00+00:00,71.768,-0.791,deficit,9.0,9,5
2026-03-14 09:15:00+00:00,2.19,7.039,surplus,9.25,9,5
2026-03-14 09:30:00+00:00,-4.521,1.334,surplus,9.5,9,5
2026-03-14 09:45:00+00:00,-3.586,10.878,surplus,9.75,9,5
2026-03-14 10:00:00+00:00,-4.1594,10.428,surplus,10.0,10,5
2026-03-14 10:15:00+00:00,-3.9958,3.256,surplus,10.25,10,5
2026-03-14 10:30:00+00:00,-5.5034,7.428,surplus,10.5,10,5
2026-03-14 10:45:00+00:00,-5.3853,10.275,surplus,10.75,10,5
2026-03-14 11:00:00+00:00,-10.3895,1.358,surplus,11.0,11,5
2026-03-14 11:15:00+00:00,96.237,-0.676,deficit,11.25,11,5
2026-03-14 11:30:00+00:00,99.603,-8.843,deficit,11.5,11,5
2026-03-14 11:45:00+00:00,91.944,-5.995,deficit,11.75,11,5
2026-03-14 12:00:00+00:00,78.485,-4.857,deficit,12.0,12,5
2026-03-14 12:15:00+00:00,91.244,-26.159,deficit,12.25,12,5
2026-03-14 12:30:00+00:00,80.912,-25.573,deficit,12.5,12,5
2026-03-14 12:45:00+00:00,96.505,-17.195,deficit,12.75,12,5
2026-03-14 13:00:00+00:00,118.31,-10.285,deficit,13.0,13,5
2026-03-14 13:15:00+00:00,143.625,-14.101,deficit,13.25,13,5
2026-03-14 13:30:00+00:00,91.881,-3.867,deficit,13.5,13,5
2026-03-14 13:45:00+00:00,135.554,-14.56,deficit,13.75,13,5
2026-03-14 14:00:00+00:00,121.807,-14.51,deficit,14.0,14,5
2026-03-14 14:15:00+00:00,137.724,-19.36,deficit,14.25,14,5
2026-03-14 14:30:00+00:00,134.213,-26.987,deficit,14.5,14,5
2026-03-14 14:45:00+00:00,132.671,-18.718,deficit,14.75,14,5
2026-03-14 15:00:00+00:00,101.7187,-10.501,deficit,15.0,15,5
2026-03-14 15:15:00+00:00,134.761,-15.112,deficit,15.25,15,5
2026-03-14 15:30:00+00:00,155.477,-15.252,deficit,15.5,15,5
2026-03-14 15:45:00+00:00,168.498,-6.28,deficit,15.75,15,5
2026-03-14 16:00:00+00:00,155.2434,-14.535,deficit,16.0,16,5
2026-03-14 16:15:00+00:00,167.354,-10.428,deficit,16.25,16,5
2026-03-14 16:30:00+00:00,160.468,-3.668,deficit,16.5,16,5
2026-03-14 16:45:00+00:00,184.261,-1.92,deficit,16.75,16,5
2026-03-14 17:00:00+00:00,90.169,1.997,surplus,17.0,17,5
2026-03-14 17:15:00+00:00,148.41,4.708,surplus,17.25,17,5
2026-03-14 17:30:00+00:00,139.062,1.403,surplus,17.5,17,5
2026-03-14 17:45:00+00:00,144.228,1.837,surplus,17.75,17,5
2026-03-14 18:00:00+00:00,147.325,1.131,surplus,18.0,18,5
2026-03-14 18:15:00+00:00,145.138,4.414,surplus,18.25,18,5
2026-03-14 18:30:00+00:00,183.218,-0.443,deficit,18.5,18,5
2026-03-14 18:45:00+00:00,184.1128,-1.431,deficit,18.75,18,5
2026-03-14 19:00:00+00:00,193.996,-5.545,deficit,19.0,19,5
2026-03-14 19:15:00+00:00,171.809,-9.956,deficit,19.25,19,5
2026-03-14 19:30:00+00:00,158.7147,-6.759,deficit,19.5,19,5
2026-03-14 19:45:00+00:00,155.3625,-8.307,deficit,19.75,19,5
2026-03-14 20:00:00+00:00,154.0,-5.352,deficit,20.0,20,5
2026-03-14 20:15:00+00:00,146.894,-1.817,deficit,20.25,20,5
2026-03-14 20:30:00+00:00,115.52,2.127,surplus,20.5,20,5
2026-03-14 20:45:00+00:00,114.317,5.903,surplus,20.75,20,5
2026-03-14 21:00:00+00:00,153.483,-1.017,deficit,21.0,21,5
2026-03-14 21:15:00+00:00,73.984,0.074,surplus,21.25,21,5
2026-03-14 21:30:00+00:00,153.791,-7.153,deficit,21.5,21,5
2026-03-14 21:45:00+00:00,145.143,-0.114,deficit,21.75,21,5
2026-03-14 22:00:00+00:00,153.571,-7.194,deficit,22.0,22,5
2026-03-14 22:15:00+00:00,141.8617,-5.235,deficit,22.25,22,5
2026-03-14 22:30:00+00:00,142.6173,-2.466,deficit,22.5,22,5
2026-03-14 22:45:00+00:00,138.1888,-1.648,deficit,22.75,22,5
2026-03-14 23:00:00+00:00,151.866,-6.23,deficit,23.0,23,5
2026-03-14 23:15:00+00:00,145.244,-2.961,deficit,23.25,23,5
2026-03-14 23:30:00+00:00,70.927,1.326,surplus,23.5,23,5
2026-03-14 23:45:00+00:00,116.02,1.57,surplus,23.75,23,5
2026-03-15 00:00:00+00:00,71.76,2.316,surplus,0.0,0,6
2026-03-15 00:15:00+00:00,85.439,0.242,surplus,0.25,0,6
2026-03-15 00:30:00+00:00,141.648,-0.418,deficit,0.5,0,6
2026-03-15 00:45:00+00:00,53.892,2.651,surplus,0.75,0,6
2026-03-15 01:00:00+00:00,68.204,1.312,surplus,1.0,1,6
2026-03-15 01:15:00+00:00,121.498,1.197,surplus,1.25,1,6
2026-03-15 01:30:00+00:00,120.05,5.724,surplus,1.5,1,6
2026-03-15 01:45:00+00:00,78.214,8.837,surplus,1.75,1,6
2026-03-15 02:00:00+00:00,81.043,10.193,surplus,2.0,2,6
2026-03-15 02:15:00+00:00,117.01,0.696,surplus,2.25,2,6
2026-03-15 02:30:00+00:00,87.582,4.218,surplus,2.5,2,6
2026-03-15 02:45:00+00:00,113.908,0.737,surplus,2.75,2,6
2026-03-15 03:00:00+00:00,99.818,9.596,surplus,3.0,3,6
2026-03-15 03:15:00+00:00,103.206,3.362,surplus,3.25,3,6
2026-03-15 03:30:00+00:00,107.464,5.982,surplus,3.5,3,6
2026-03-15 03:45:00+00:00,75.624,5.066,surplus,3.75,3,6
2026-03-15 04:00:00+00:00,93.487,15.48,surplus,4.0,4,6
2026-03-15 04:15:00+00:00,46.776,11.836,surplus,4.25,4,6
2026-03-15 04:30:00+00:00,40.688,17.291,surplus,4.5,4,6
2026-03-15 04:45:00+00:00,44.051,16.001,surplus,4.75,4,6
2026-03-15 05:00:00+00:00,95.649,16.028,surplus,5.0,5,6
2026-03-15 05:15:00+00:00,92.748,8.033,surplus,5.25,5,6
2026-03-15 05:30:00+00:00,86.963,8.438,surplus,5.5,5,6
2026-03-15 05:45:00+00:00,84.463,8.6,surplus,5.75,5,6
2026-03-15 06:00:00+00:00,101.01,21.486,surplus,6.0,6,6
2026-03-15 06:15:00+00:00,70.036,22.75,surplus,6.25,6,6
2026-03-15 06:30:00+00:00,91.836,17.62,surplus,6.5,6,6
2026-03-15 06:45:00+00:00,97.766,15.238,surplus,6.75,6,6
2026-03-15 07:00:00+00:00,133.529,-0.105,deficit,7.0,7,6
2026-03-15 07:15:00+00:00,78.1644,2.19,surplus,7.25,7,6
2026-03-15 07:30:00+00:00,126.175,-8.922,deficit,7.5,7,6
2026-03-15 07:45:00+00:00,197.649,-4.708,deficit,7.75,7,6
2026-03-15 08:00:00+00:00,116.604,-22.099,deficit,8.0,8,6
2026-03-15 08:15:00+00:00,115.561,-20.558,deficit,8.25,8,6
2026-03-15 08:30:00+00:00,104.045,-25.582,deficit,8.5,8,6
2026-03-15 08:45:00+00:00,119.109,-16.609,deficit,8.75,8,6
2026-03-15 09:00:00+00:00,80.228,-12.636,deficit,9.0,9,6
2026-03-15 09:15:00+00:00,66.7614,-14.337,deficit,9.25,9,6
2026-03-15 09:30:00+00:00,91.194,-13.319,deficit,9.5,9,6
2026-03-15 09:45:00+00:00,99.515,-12.557,deficit,9.75,9,6
2026-03-15 10:00:00+00:00,65.3945,-19.965,deficit,10.0,10,6
2026-03-15 10:15:00+00:00,65.1137,-24.646,deficit,10.25,10,6
2026-03-15 10:30:00+00:00,72.473,-26.676,deficit,10.5,10,6
2026-03-15 10:45:00+00:00,81.286,-24.715,deficit,10.75,10,6
2026-03-15 11:00:00+00:00,108.122,-19.006,deficit,11.0,11,6
2026-03-15 11:15:00+00:00,101.323,-8.326,deficit,11.25,11,6
2026-03-15 11:30:00+00:00,89.461,-11.351,deficit,11.5,11,6
2026-03-15 11:45:00+00:00,89.551,-3.665,deficit,11.75,11,6
2026-03-15 12:00:00+00:00,15.6,1.266,surplus,12.0,12,6
2026-03-15 12:15:00+00:00,148.154,-6.355,deficit,12.25,12,6
2026-03-15 12:30:00+00:00,123.872,-6.024,deficit,12.5,12,6
2026-03-15 12:45:00+00:00,96.903,-3.573,deficit,12.75,12,6
2026-03-15 13:00:00+00:00,100.637,-1.071,deficit,13.0,13,6
2026-03-15 13:15:00+00:00,143.369,-0.346,deficit,13.25,13,6
2026-03-15 13:30:00+00:00,22.16,1.999,surplus,13.5,13,6
2026-03-15 13:45:00+00:00,33.0925,1.517,surplus,13.75,13,6
2026-03-15 14:00:00+00:00,54.7928,3.748,surplus,14.0,14,6
2026-03-15 14:15:00+00:00,67.559,-1.265,deficit,14.25,14,6
2026-03-15 14:30:00+00:00,58.831,5.468,surplus,14.5,14,6
2026-03-15 14:45:00+00:00,66.5116,2.755,surplus,14.75,14,6
2026-03-15 15:00:00+00:00,109.149,-7.757,deficit,15.0,15,6
2026-03-15 15:15:00+00:00,101.4407,-0.535,deficit,15.25,15,6
2026-03-15 15:30:00+00:00,44.753,3.392,surplus,15.5,15,6
2026-03-15 15:45:00+00:00,37.789,3.031,surplus,15.75,15,6
2026-03-15 16:00:00+00:00,108.58,4.0,surplus,16.0,16,6
2026-03-15 16:15:00+00:00,95.167,1.346,surplus,16.25,16,6
2026-03-15 16:30:00+00:00,159.027,-0.126,deficit,16.5,16,6
2026-03-15 16:45:00+00:00,58.514,7.525,surplus,16.75,16,6
2026-03-15 17:00:00+00:00,85.709,3.102,surplus,17.0,17,6
2026-03-15 17:15:00+00:00,115.49,2.652,surplus,17.25,17,6
2026-03-15 17:30:00+00:00,136.083,3.863,surplus,17.5,17,6
2026-03-15 17:45:00+00:00,118.135,0.331,surplus,17.75,17,6
2026-03-15 18:00:00+00:00,173.91,-7.261,deficit,18.0,18,6
2026-03-15 18:15:00+00:00,171.567,-4.673,deficit,18.25,18,6
2026-03-15 18:30:00+00:00,229.061,-9.523,deficit,18.5,18,6
2026-03-15 18:45:00+00:00,226.854,-2.85,deficit,18.75,18,6
2026-03-15 19:00:00+00:00,122.639,2.711,surplus,19.0,19,6
2026-03-15 19:15:00+00:00,64.236,1.495,surplus,19.25,19,6
2026-03-15 19:30:00+00:00,184.927,-0.959,deficit,19.5,19,6
2026-03-15 19:45:00+00:00,69.631,2.868,surplus,19.75,19,6
2026-03-15 20:00:00+00:00,90.031,2.617,surplus,20.0,20,6
2026-03-15 20:15:00+00:00,249.596,-2.518,deficit,20.25,20,6
2026-03-15 20:30:00+00:00,74.732,2.597,surplus,20.5,20,6
2026-03-15 20:45:00+00:00,83.023,3.815,surplus,20.75,20,6
2026-03-15 21:00:00+00:00,74.021,7.656,surplus,21.0,21,6
2026-03-15 21:15:00+00:00,83.717,4.271,surplus,21.25,21,6
2026-03-15 21:30:00+00:00,62.593,5.675,surplus,21.5,21,6
2026-03-15 21:45:00+00:00,47.054,7.435,surplus,21.75,21,6
2026-03-15 22:00:00+00:00,96.303,2.972,surplus,22.0,22,6
2026-03-15 22:15:00+00:00,40.815,3.079,surplus,22.25,22,6
2026-03-15 22:30:00+00:00,88.969,7.393,surplus,22.5,22,6
2026-03-15 22:45:00+00:00,90.76,7.989,surplus,22.75,22,6
2026-03-15 23:00:00+00:00,51.678,9.279,surplus,23.0,23,6
2026-03-15 23:15:00+00:00,52.3555,7.848,surplus,23.25,23,6
2026-03-15 23:30:00+00:00,52.3555,11.747,surplus,23.5,23,6
2026-03-15 23:45:00+00:00,52.3555,7.623,surplus,23.75,23,6
2026-03-16 00:00:00+00:00,65.0366,0.733,surplus,0.0,0,0
2026-03-16 00:15:00+00:00,63.6352,7.177,surplus,0.25,0,0
2026-03-16 00:30:00+00:00,65.2127,5.245,surplus,0.5,0,0
2026-03-16 00:45:00+00:00,65.325,1.54,surplus,0.75,0,0
2026-03-16 01:00:00+00:00,30.438,8.01,surplus,1.0,1,0
2026-03-16 01:15:00+00:00,43.637,10.393,surplus,1.25,1,0
2026-03-16 01:30:00+00:00,67.806,11.468,surplus,1.5,1,0
2026-03-16 01:45:00+00:00,71.8604,2.691,surplus,1.75,1,0
2026-03-16 02:00:00+00:00,69.268,2.565,surplus,2.0,2,0
2026-03-16 02:15:00+00:00,82.445,-1.73,deficit,2.25,2,0
2026-03-16 02:30:00+00:00,81.9916,-0.758,deficit,2.5,2,0
2026-03-16 02:45:00+00:00,68.0,2.859,surplus,2.75,2,0
2026-03-16 03:00:00+00:00,90.9678,-1.66,deficit,3.0,3,0
2026-03-16 03:15:00+00:00,99.528,-6.774,deficit,3.25,3,0
2026-03-16 03:30:00+00:00,92.796,-3.856,deficit,3.5,3,0
2026-03-16 03:45:00+00:00,102.806,-2.861,deficit,3.75,3,0
2026-03-16 04:00:00+00:00,43.936,6.872,surplus,4.0,4,0
2026-03-16 04:15:00+00:00,51.885,6.083,surplus,4.25,4,0
2026-03-16 04:30:00+00:00,3.234,14.795,surplus,4.5,4,0
2026-03-16 04:45:00+00:00,-3.189,26.198,surplus,4.75,4,0
2026-03-16 05:00:00+00:00,21.969,18.53,surplus,5.0,5,0
2026-03-16 05:15:00+00:00,26.226,9.822,surplus,5.25,5,0
2026-03-16 05:30:00+00:00,53.402,15.354,surplus,5.5,5,0
2026-03-16 05:45:00+00:00,51.861,16.641,surplus,5.75,5,0
2026-03-16 06:00:00+00:00,95.449,21.431,surplus,6.0,6,0
2026-03-16 06:15:00+00:00,42.466,25.448,surplus,6.25,6,0
2026-03-16 06:30:00+00:00,59.766,19.376,surplus,6.5,6,0
2026-03-16 06:45:00+00:00,91.464,8.524,surplus,6.75,6,0
2026-03-16 07:00:00+00:00,112.65,16.555,surplus,7.0,7,0
2026-03-16 07:15:00+00:00,104.29,11.027,surplus,7.25,7,0
2026-03-16 07:30:00+00:00,89.39,8.443,surplus,7.5,7,0
2026-03-16 07:45:00+00:00,56.521,6.987,surplus,7.75,7,0
2026-03-16 08:00:00+00:00,47.488,9.002,surplus,8.0,8,0
2026-03-16 08:15:00+00:00,53.258,6.344,surplus,8.25,8,0
2026-03-16 08:30:00+00:00,111.7055,-3.104,deficit,8.5,8,0
2026-03-16 08:45:00+00:00,102.7563,-2.23,deficit,8.75,8,0
2026-03-16 09:00:00+00:00,89.5581,-0.991,deficit,9.0,9,0
2026-03-16 09:15:00+00:00,80.3832,-4.522,deficit,9.25,9,0
2026-03-16 09:30:00+00:00,100.664,-23.199,deficit,9.5,9,0
2026-03-16 09:45:00+00:00,80.244,-16.007,deficit,9.75,9,0
2026-03-16 10:00:00+00:00,66.2919,-21.764,deficit,10.0,10,0
2026-03-16 10:15:00+00:00,64.143,-31.698,deficit,10.25,10,0
2026-03-16 10:30:00+00:00,59.2462,-34.872,deficit,10.5,10,0
2026-03-16 10:45:00+00:00,63.6865,-44.373,deficit,10.75,10,0
2026-03-16 11:00:00+00:00,52.7341,-16.537,deficit,11.0,11,0
2026-03-16 11:15:00+00:00,70.118,-8.635,deficit,11.25,11,0
2026-03-16 11:30:00+00:00,68.39,-9.445,deficit,11.5,11,0
2026-03-16 11:45:00+00:00,60.768,-6.444,deficit,11.75,11,0
2026-03-16 12:00:00+00:00,25.27,2.466,surplus,12.0,12,0
2026-03-16 12:15:00+00:00,49.97,6.356,surplus,12.25,12,0
2026-03-16 12:30:00+00:00,53.684,4.495,surplus,12.5,12,0
2026-03-16 12:45:00+00:00,67.3825,2.34,surplus,12.75,12,0
2026-03-16 13:00:00+00:00,123.594,-5.832,deficit,13.0,13,0
2026-03-16 13:15:00+00:00,117.172,-18.177,deficit,13.25,13,0
2026-03-16 13:30:00+00:00,102.192,-15.503,deficit,13.5,13,0
2026-03-16 13:45:00+00:00,120.719,-9.155,deficit,13.75,13,0
2026-03-16 14:00:00+00:00,83.517,7.016,surplus,14.0,14,0
2026-03-16 14:15:00+00:00,40.852,0.121,surplus,14.25,14,0
2026-03-16 14:30:00+00:00,135.627,-5.36,deficit,14.5,14,0
2026-03-16 14:45:00+00:00,110.359,4.481,surplus,14.75,14,0
2026-03-16 15:00:00+00:00,163.1593,-2.798,deficit,15.0,15,0
2026-03-16 15:15:00+00:00,171.1612,-0.698,deficit,15.25,15,0
2026-03-16 15:30:00+00:00,179.1317,-1.525,deficit,15.5,15,0
2026-03-16 15:45:00+00:00,191.444,-4.67,deficit,15.75,15,0
2026-03-16 16:00:00+00:00,79.488,3.0,surplus,16.0,16,0
2026-03-16 16:15:00+00:00,204.5676,-5.045,deficit,16.25,16,0
2026-03-16 16:30:00+00:00,121.975,5.735,surplus,16.5,16,0
2026-03-16 16:45:00+00:00,144.23,6.732,surplus,16.75,16,0
2026-03-16 17:00:00+00:00,156.416,10.655,surplus,17.0,17,0
2026-03-16 17:15:00+00:00,321.511,-1.821,deficit,17.25,17,0
2026-03-16 17:30:00+00:00,231.5361,-1.999,deficit,17.5,17,0
2026-03-16 17:45:00+00:00,240.691,-4.117,deficit,17.75,17,0
2026-03-16 18:00:00+00:00,257.895,-13.277,deficit,18.0,18,0
2026-03-16 18:15:00+00:00,237.8846,-6.716,deficit,18.25,18,0
2026-03-16 18:30:00+00:00,237.4671,-1.107,deficit,18.5,18,0
2026-03-16 18:45:00+00:00,233.9572,-2.806,deficit,18.75,18,0
2026-03-16 19:00:00+00:00,104.4,0.773,surplus,19.0,19,0
2026-03-16 19:15:00+00:00,108.156,0.36,surplus,19.25,19,0
2026-03-16 19:30:00+00:00,190.9179,-2.73,deficit,19.5,19,0
2026-03-16 19:45:00+00:00,127.498,1.604,surplus,19.75,19,0
2026-03-16 20:00:00+00:00,195.9978,-4.834,deficit,20.0,20,0
2026-03-16 20:15:00+00:00,109.107,0.166,surplus,20.25,20,0
2026-03-16 20:30:00+00:00,186.0262,-9.887,deficit,20.5,20,0
2026-03-16 20:45:00+00:00,192.8195,-11.447,deficit,20.75,20,0
2026-03-16 21:00:00+00:00,161.5404,-17.565,deficit,21.0,21,0
2026-03-16 21:15:00+00:00,165.14,-16.166,deficit,21.25,21,0
2026-03-16 21:30:00+00:00,156.6331,-12.999,deficit,21.5,21,0
2026-03-16 21:45:00+00:00,151.8994,-13.735,deficit,21.75,21,0
2026-03-16 22:00:00+00:00,140.5552,-15.871,deficit,22.0,22,0
2026-03-16 22:15:00+00:00,136.5987,-17.906,deficit,22.25,22,0
2026-03-16 22:30:00+00:00,132.875,-13.682,deficit,22.5,22,0
2026-03-16 22:45:00+00:00,128.9683,-11.709,deficit,22.75,22,0
2026-03-16 23:00:00+00:00,212.538,-24.789,deficit,23.0,23,0
2026-03-16 23:15:00+00:00,168.4835,-0.569,deficit,23.25,23,0
2026-03-16 23:30:00+00:00,161.3011,-7.706,deficit,23.5,23,0
2026-03-16 23:45:00+00:00,170.3684,-8.254,deficit,23.75,23,0
2026-03-17 00:00:00+00:00,135.773,-8.644,deficit,0.0,0,1
2026-03-17 00:15:00+00:00,149.759,-13.182,deficit,0.25,0,1
2026-03-17 00:30:00+00:00,148.001,-17.229,deficit,0.5,0,1
2026-03-17 00:45:00+00:00,130.2537,-3.877,deficit,0.75,0,1
2026-03-17 01:00:00+00:00,142.348,-11.036,deficit,1.0,1,1
2026-03-17 01:15:00+00:00,181.59,-20.584,deficit,1.25,1,1
2026-03-17 01:30:00+00:00,142.446,-15.044,deficit,1.5,1,1
2026-03-17 01:45:00+00:00,141.591,-8.207,deficit,1.75,1,1
2026-03-17 02:00:00+00:00,142.9177,-7.785,deficit,2.0,2,1
2026-03-17 02:15:00+00:00,143.853,-10.741,deficit,2.25,2,1
2026-03-17 02:30:00+00:00,142.9177,-9.056,deficit,2.5,2,1
2026-03-17 02:45:00+00:00,146.869,-9.737,deficit,2.75,2,1
2026-03-17 03:00:00+00:00,142.1164,-1.951,deficit,3.0,3,1
2026-03-17 03:15:00+00:00,142.1164,-4.856,deficit,3.25,3,1
2026-03-17 03:30:00+00:00,142.1164,-7.243,deficit,3.5,3,1
2026-03-17 03:45:00+00:00,142.1164,-6.41,deficit,3.75,3,1
2026-03-17 04:00:00+00:00,109.77,5.216,surplus,4.0,4,1
2026-03-17 04:15:00+00:00,109.134,6.8,surplus,4.25,4,1
2026-03-17 04:30:00+00:00,112.031,9.913,surplus,4.5,4,1
2026-03-17 04:45:00+00:00,112.146,16.154,surplus,4.75,4,1
2026-03-17 05:00:00+00:00,137.1,0.603,surplus,5.0,5,1
2026-03-17 05:15:00+00:00,127.204,1.153,surplus,5.25,5,1
2026-03-17 05:30:00+00:00,128.593,2.393,surplus,5.5,5,1
2026-03-17 05:45:00+00:00,127.864,2.747,surplus,5.75,5,1
2026-03-17 06:00:00+00:00,100.636,0.874,surplus,6.0,6,1
2026-03-17 06:15:00+00:00,58.163,0.271,surplus,6.25,6,1
2026-03-17 06:30:00+00:00,85.788,5.0,surplus,6.5,6,1
2026-03-17 06:45:00+00:00,101.093,1.148,surplus,6.75,6,1
2026-03-17 07:00:00+00:00,83.806,4.757,surplus,7.0,7,1
2026-03-17 07:15:00+00:00,96.18,10.822,surplus,7.25,7,1
2026-03-17 07:30:00+00:00,71.55,7.958,surplus,7.5,7,1
2026-03-17 07:45:00+00:00,81.955,10.032,surplus,7.75,7,1
2026-03-17 08:00:00+00:00,111.842,2.367,surplus,8.0,8,1
2026-03-17 08:15:00+00:00,103.583,7.64,surplus,8.25,8,1
2026-03-17 08:30:00+00:00,90.084,6.044,surplus,8.5,8,1
2026-03-17 08:45:00+00:00,10.378,17.653,surplus,8.75,8,1
2026-03-17 09:00:00+00:00,75.1302,15.09,surplus,9.0,9,1
2026-03-17 09:15:00+00:00,73.956,4.834,surplus,9.25,9,1
2026-03-17 09:30:00+00:00,74.6508,1.752,surplus,9.5,9,1
2026-03-17 09:45:00+00:00,76.8096,9.475,surplus,9.75,9,1
2026-03-17 10:00:00+00:00,120.714,-0.956,deficit,10.0,10,1
2026-03-17 10:15:00+00:00,79.4272,6.593,surplus,10.25,10,1
2026-03-17 10:30:00+00:00,74.213,1.809,surplus,10.5,10,1
2026-03-17 10:45:00+00:00,84.282,2.359,surplus,10.75,10,1
2026-03-17 11:00:00+00:00,114.444,-1.22,deficit,11.0,11,1
2026-03-17 11:15:00+00:00,114.202,-12.437,deficit,11.25,11,1
2026-03-17 11:30:00+00:00,114.224,-4.966,deficit,11.5,11,1
2026-03-17 11:45:00+00:00,113.762,-4.482,deficit,11.75,11,1
2026-03-17 12:00:00+00:00,135.626,-2.125,deficit,12.0,12,1
2026-03-17 12:15:00+00:00,158.364,-0.14,deficit,12.25,12,1
2026-03-17 12:30:00+00:00,84.919,7.986,surplus,12.5,12,1
2026-03-17 12:45:00+00:00,28.108,6.459,surplus,12.75,12,1
2026-03-17 13:00:00+00:00,87.279,19.46,surplus,13.0,13,1
2026-03-17 13:15:00+00:00,96.75,18.39,surplus,13.25,13,1
2026-03-17 13:30:00+00:00,21.982,9.167,surplus,13.5,13,1
2026-03-17 13:45:00+00:00,87.162,13.901,surplus,13.75,13,1
2026-03-17 14:00:00+00:00,105.819,16.321,surplus,14.0,14,1
2026-03-17 14:15:00+00:00,106.0381,6.762,surplus,14.25,14,1
2026-03-17 14:30:00+00:00,110.4271,3.299,surplus,14.5,14,1
2026-03-17 14:45:00+00:00,97.377,4.506,surplus,14.75,14,1
2026-03-17 15:00:00+00:00,134.8015,-2.728,deficit,15.0,15,1
2026-03-17 15:15:00+00:00,148.676,-9.056,deficit,15.25,15,1
2026-03-17 15:30:00+00:00,163.053,-9.669,deficit,15.5,15,1
2026-03-17 15:45:00+00:00,182.303,-12.006,deficit,15.75,15,1
2026-03-17 16:00:00+00:00,162.5664,-3.609,deficit,16.0,16,1
2026-03-17 16:15:00+00:00,50.27,2.001,surplus,16.25,16,1
2026-03-17 16:30:00+00:00,45.029,10.672,surplus,16.5,16,1
2026-03-17 16:45:00+00:00,140.199,8.982,surplus,16.75,16,1
2026-03-17 17:00:00+00:00,195.8,-3.204,deficit,17.0,17,1
2026-03-17 17:15:00+00:00,108.939,2.248,surplus,17.25,17,1
2026-03-17 17:30:00+00:00,147.688,0.805,surplus,17.5,17,1
2026-03-17 17:45:00+00:00,242.044,-4.388,deficit,17.75,17,1
2026-03-17 18:00:00+00:00,273.306,-2.295,deficit,18.0,18,1
2026-03-17 18:15:00+00:00,232.859,-0.849,deficit,18.25,18,1
2026-03-17 18:30:00+00:00,202.422,-2.152,deficit,18.5,18,1
2026-03-17 18:45:00+00:00,114.123,3.794,surplus,18.75,18,1
2026-03-17 19:00:00+00:00,196.361,-0.739,deficit,19.0,19,1
2026-03-17 19:15:00+00:00,109.211,2.018,surplus,19.25,19,1
2026-03-17 19:30:00+00:00,178.083,-0.481,deficit,19.5,19,1
2026-03-17 19:45:00+00:00,118.151,1.943,surplus,19.75,19,1
2026-03-17 20:00:00+00:00,163.361,-1.827,deficit,20.0,20,1
2026-03-17 20:15:00+00:00,115.938,1.997,surplus,20.25,20,1
2026-03-17 20:30:00+00:00,144.386,-0.184,deficit,20.5,20,1
2026-03-17 20:45:00+00:00,94.462,6.939,surplus,20.75,20,1
2026-03-17 21:00:00+00:00,104.115,6.808,surplus,21.0,21,1
2026-03-17 21:15:00+00:00,96.356,9.648,surplus,21.25,21,1
2026-03-17 21:30:00+00:00,108.1585,8.219,surplus,21.5,21,1
2026-03-17 21:45:00+00:00,86.507,8.763,surplus,21.75,21,1
2026-03-17 22:00:00+00:00,87.164,4.595,surplus,22.0,22,1
2026-03-17 22:15:00+00:00,46.477,4.496,surplus,22.25,22,1
2026-03-17 22:30:00+00:00,114.829,-0.563,deficit,22.5,22,1
2026-03-17 22:45:00+00:00,95.9369,3.697,surplus,22.75,22,1
2026-03-17 23:00:00+00:00,114.697,-4.357,deficit,23.0,23,1
2026-03-17 23:15:00+00:00,105.743,-4.677,deficit,23.25,23,1
2026-03-17 23:30:00+00:00,105.523,-2.69,deficit,23.5,23,1
2026-03-17 23:45:00+00:00,94.95,0.598,surplus,23.75,23,1
2026-03-18 00:00:00+00:00,108.9,-2.769,deficit,0.0,0,2
2026-03-18 00:15:00+00:00,88.523,0.468,surplus,0.25,0,2
2026-03-18 00:30:00+00:00,102.52,-1.446,deficit,0.5,0,2
2026-03-18 00:45:00+00:00,100.474,-1.647,deficit,0.75,0,2
2026-03-18 01:00:00+00:00,104.071,-12.367,deficit,1.0,1,2
2026-03-18 01:15:00+00:00,103.532,-9.822,deficit,1.25,1,2
2026-03-18 01:30:00+00:00,102.146,-11.897,deficit,1.5,1,2
2026-03-18 01:45:00+00:00,103.092,-10.715,deficit,1.75,1,2
2026-03-18 02:00:00+00:00,104.973,-1.161,deficit,2.0,2,2
2026-03-18 02:15:00+00:00,104.071,-0.754,deficit,2.25,2,2
2026-03-18 02:30:00+00:00,80.592,0.649,surplus,2.5,2,2
2026-03-18 02:45:00+00:00,104.621,-2.925,deficit,2.75,2,2
2026-03-18 03:00:00+00:00,105.534,-2.856,deficit,3.0,3,2
2026-03-18 03:15:00+00:00,107.503,-2.15,deficit,3.25,3,2
2026-03-18 03:30:00+00:00,108.493,-2.925,deficit,3.5,3,2
2026-03-18 03:45:00+00:00,109.67,-4.361,deficit,3.75,3,2
2026-03-18 04:00:00+00:00,105.49,-3.255,deficit,4.0,4,2
2026-03-18 04:15:00+00:00,108.735,-2.582,deficit,4.25,4,2
2026-03-18 04:30:00+00:00,122.573,-1.743,deficit,4.5,4,2
2026-03-18 04:45:00+00:00,140.404,-0.735,deficit,4.75,4,2
2026-03-18 05:00:00+00:00,132.317,-7.154,deficit,5.0,5,2
2026-03-18 05:15:00+00:00,152.559,-2.016,deficit,5.25,5,2
2026-03-18 05:30:00+00:00,159.808,-0.174,deficit,5.5,5,2
2026-03-18 05:45:00+00:00,161.359,-4.431,deficit,5.75,5,2
2026-03-18 06:00:00+00:00,108.532,0.769,surplus,6.0,6,2
2026-03-18 06:15:00+00:00,55.546,7.049,surplus,6.25,6,2
2026-03-18 06:30:00+00:00,109.163,2.496,surplus,6.5,6,2
2026-03-18 06:45:00+00:00,142.052,-0.426,deficit,6.75,6,2
2026-03-18 07:00:00+00:00,76.843,5.751,surplus,7.0,7,2
2026-03-18 07:15:00+00:00,86.005,6.701,surplus,7.25,7,2
2026-03-18 07:30:00+00:00,126.862,-4.397,deficit,7.5,7,2
2026-03-18 07:45:00+00:00,127.147,-5.465,deficit,7.75,7,2
2026-03-18 08:00:00+00:00,128.964,-5.598,deficit,8.0,8,2
2026-03-18 08:15:00+00:00,127.147,-5.365,deficit,8.25,8,2
2026-03-18 08:30:00+00:00,127.147,-5.43,deficit,8.5,8,2
2026-03-18 08:45:00+00:00,-62.028,4.394,surplus,8.75,8,2
2026-03-18 09:00:00+00:00,18.726,18.203,surplus,9.0,9,2
2026-03-18 09:15:00+00:00,10.3756,14.17,surplus,9.25,9,2
2026-03-18 09:30:00+00:00,4.1495,14.938,surplus,9.5,9,2
2026-03-18 09:45:00+00:00,5.2718,14.701,surplus,9.75,9,2
2026-03-18 10:00:00+00:00,5.4459,5.016,surplus,10.0,10,2
2026-03-18 10:15:00+00:00,4.6514,1.889,surplus,10.25,10,2
2026-03-18 10:30:00+00:00,4.2225,7.0,surplus,10.5,10,2
2026-03-18 10:45:00+00:00,4.6913,12.168,surplus,10.75,10,2
2026-03-18 11:00:00+00:00,5.4176,5.916,surplus,11.0,11,2
2026-03-18 11:15:00+00:00,6.3802,10.523,surplus,11.25,11,2
2026-03-18 11:30:00+00:00,17.935,-2.548,deficit,11.5,11,2
2026-03-18 11:45:00+00:00,2.6197,1.981,surplus,11.75,11,2
2026-03-18 12:00:00+00:00,9.2656,3.534,surplus,12.0,12,2
2026-03-18 12:15:00+00:00,7.0974,5.616,surplus,12.25,12,2
2026-03-18 12:30:00+00:00,5.1608,7.103,surplus,12.5,12,2
2026-03-18 12:45:00+00:00,6.1418,5.062,surplus,12.75,12,2
2026-03-18 13:00:00+00:00,4.44,0.317,surplus,13.0,13,2
2026-03-18 13:15:00+00:00,59.935,-3.676,deficit,13.25,13,2
2026-03-18 13:30:00+00:00,85.231,-3.921,deficit,13.5,13,2
2026-03-18 13:45:00+00:00,97.702,-12.03,deficit,13.75,13,2
2026-03-18 14:00:00+00:00,96.811,-0.417,deficit,14.0,14,2
2026-03-18 14:15:00+00:00,133.777,-12.932,deficit,14.25,14,2
2026-03-18 14:30:00+00:00,141.933,-15.019,deficit,14.5,14,2
2026-03-18 14:45:00+00:00,252.114,-18.794,deficit,14.75,14,2
2026-03-18 15:00:00+00:00,135.252,-4.297,deficit,15.0,15,2
2026-03-18 15:15:00+00:00,147.509,-9.714,deficit,15.25,15,2
2026-03-18 15:30:00+00:00,148.577,-4.316,deficit,15.5,15,2
2026-03-18 15:45:00+00:00,167.596,-15.119,deficit,15.75,15,2
2026-03-18 16:00:00+00:00,151.1858,-3.162,deficit,16.0,16,2
2026-03-18 16:15:00+00:00,160.914,-4.68,deficit,16.25,16,2
2026-03-18 16:30:00+00:00,182.644,-0.431,deficit,16.5,16,2
2026-03-18 16:45:00+00:00,71.383,2.605,surplus,16.75,16,2
2026-03-18 17:00:00+00:00,102.614,2.617,surplus,17.0,17,2
2026-03-18 17:15:00+00:00,94.607,3.06,surplus,17.25,17,2
2026-03-18 17:30:00+00:00,214.786,-4.648,deficit,17.5,17,2
2026-03-18 17:45:00+00:00,218.471,-3.462,deficit,17.75,17,2
2026-03-18 18:00:00+00:00,244.992,-9.71,deficit,18.0,18,2
2026-03-18 18:15:00+00:00,215.347,-6.827,deficit,18.25,18,2
2026-03-18 18:30:00+00:00,198.022,-3.287,deficit,18.5,18,2
2026-03-18 18:45:00+00:00,182.3956,-2.429,deficit,18.75,18,2
2026-03-18 19:00:00+00:00,136.709,2.426,surplus,19.0,19,2
2026-03-18 19:15:00+00:00,177.034,-3.078,deficit,19.25,19,2
2026-03-18 19:30:00+00:00,129.349,0.852,surplus,19.5,19,2
2026-03-18 19:45:00+00:00,111.605,7.493,surplus,19.75,19,2
2026-03-18 20:00:00+00:00,123.748,2.684,surplus,20.0,20,2
2026-03-18 20:15:00+00:00,160.006,-0.27,deficit,20.25,20,2
2026-03-18 20:30:00+00:00,146.091,-2.94,deficit,20.5,20,2
2026-03-18 20:45:00+00:00,139.5941,-2.813,deficit,20.75,20,2
2026-03-18 21:00:00+00:00,157.432,-7.755,deficit,21.0,21,2
2026-03-18 21:15:00+00:00,153.4,-2.3,deficit,21.25,21,2
2026-03-18 21:30:00+00:00,135.434,-5.053,deficit,21.5,21,2
2026-03-18 21:45:00+00:00,135.434,-2.853,deficit,21.75,21,2
2026-03-18 22:00:00+00:00,143.352,-0.795,deficit,22.0,22,2
2026-03-18 22:15:00+00:00,102.732,2.945,surplus,22.25,22,2
2026-03-18 22:30:00+00:00,80.995,1.724,surplus,22.5,22,2
2026-03-18 22:45:00+00:00,125.3163,-3.445,deficit,22.75,22,2
2026-03-18 23:00:00+00:00,89.073,9.453,surplus,23.0,23,2
2026-03-18 23:15:00+00:00,103.693,7.441,surplus,23.25,23,2
2026-03-18 23:30:00+00:00,85.877,1.898,surplus,23.5,23,2
2026-03-18 23:45:00+00:00,94.554,2.853,surplus,23.75,23,2
2026-03-19 00:00:00+00:00,94.362,4.654,surplus,0.0,0,3
2026-03-19 00:15:00+00:00,127.215,-1.049,deficit,0.25,0,3
2026-03-19 00:30:00+00:00,80.514,3.983,surplus,0.5,0,3
2026-03-19 00:45:00+00:00,103.807,3.735,surplus,0.75,0,3
2026-03-19 01:00:00+00:00,33.785,0.667,surplus,1.0,1,3
2026-03-19 01:15:00+00:00,111.388,3.319,surplus,1.25,1,3
2026-03-19 01:30:00+00:00,118.2,1.701,surplus,1.5,1,3
2026-03-19 01:45:00+00:00,73.392,4.212,surplus,1.75,1,3
2026-03-19 02:00:00+00:00,82.231,4.924,surplus,2.0,2,3
2026-03-19 02:15:00+00:00,117.14,6.861,surplus,2.25,2,3
2026-03-19 02:30:00+00:00,72.433,7.428,surplus,2.5,2,3
2026-03-19 02:45:00+00:00,40.707,3.065,surplus,2.75,2,3
2026-03-19 03:00:00+00:00,124.89,0.701,surplus,3.0,3,3
2026-03-19 03:15:00+00:00,114.068,1.121,surplus,3.25,3,3
2026-03-19 03:30:00+00:00,141.867,-1.445,deficit,3.5,3,3
2026-03-19 03:45:00+00:00,167.237,-0.457,deficit,3.75,3,3
2026-03-19 04:00:00+00:00,158.199,-3.478,deficit,4.0,4,3
2026-03-19 04:15:00+00:00,156.9094,-2.376,deficit,4.25,4,3
2026-03-19 04:30:00+00:00,177.653,-0.978,deficit,4.5,4,3
2026-03-19 04:45:00+00:00,170.147,-3.966,deficit,4.75,4,3
2026-03-19 05:00:00+00:00,131.697,0.653,surplus,5.0,5,3
2026-03-19 05:15:00+00:00,189.8638,-3.279,deficit,5.25,5,3
2026-03-19 05:30:00+00:00,198.9392,-8.62,deficit,5.5,5,3
2026-03-19 05:45:00+00:00,207.728,-7.068,deficit,5.75,5,3
2026-03-19 06:00:00+00:00,218.24,-0.441,deficit,6.0,6,3
2026-03-19 06:15:00+00:00,202.576,-4.431,deficit,6.25,6,3
2026-03-19 06:30:00+00:00,185.0174,-4.597,deficit,6.5,6,3
2026-03-19 06:45:00+00:00,119.64,2.709,surplus,6.75,6,3
2026-03-19 07:00:00+00:00,141.545,0.241,surplus,7.0,7,3
2026-03-19 07:15:00+00:00,64.384,3.006,surplus,7.25,7,3
2026-03-19 07:30:00+00:00,159.3668,-0.826,deficit,7.5,7,3
2026-03-19 07:45:00+00:00,73.99,3.649,surplus,7.75,7,3
2026-03-19 08:00:00+00:00,78.2,3.485,surplus,8.0,8,3
2026-03-19 08:15:00+00:00,95.68,2.199,surplus,8.25,8,3
2026-03-19 08:30:00+00:00,37.172,6.591,surplus,8.5,8,3
2026-03-19 08:45:00+00:00,-43.589,11.925,surplus,8.75,8,3
2026-03-19 09:00:00+00:00,163.3151,-4.436,deficit,9.0,9,3
2026-03-19 09:15:00+00:00,180.876,-15.445,deficit,9.25,9,3
2026-03-19 09:30:00+00:00,194.694,-19.246,deficit,9.5,9,3
2026-03-19 09:45:00+00:00,95.606,-7.246,deficit,9.75,9,3
2026-03-19 10:00:00+00:00,131.376,-0.588,deficit,10.0,10,3
2026-03-19 10:15:00+00:00,107.447,-6.521,deficit,10.25,10,3
2026-03-19 10:30:00+00:00,133.428,-10.169,deficit,10.5,10,3
2026-03-19 10:45:00+00:00,134.139,-0.783,deficit,10.75,10,3
2026-03-19 11:00:00+00:00,3.44,12.664,surplus,11.0,11,3
2026-03-19 11:15:00+00:00,3.72,5.534,surplus,11.25,11,3
2026-03-19 11:30:00+00:00,4.87,7.726,surplus,11.5,11,3
2026-03-19 11:45:00+00:00,5.34,2.93,surplus,11.75,11,3
2026-03-19 12:00:00+00:00,9.46,7.709,surplus,12.0,12,3
2026-03-19 12:15:00+00:00,12.07,14.347,surplus,12.25,12,3
2026-03-19 12:30:00+00:00,25.54,2.264,surplus,12.5,12,3
2026-03-19 12:45:00+00:00,134.667,-2.217,deficit,12.75,12,3
2026-03-19 13:00:00+00:00,128.9518,-3.718,deficit,13.0,13,3
2026-03-19 13:15:00+00:00,141.3531,-2.152,deficit,13.25,13,3
2026-03-19 13:30:00+00:00,143.4846,-3.327,deficit,13.5,13,3
2026-03-19 13:45:00+00:00,346.536,-22.222,deficit,13.75,13,3
2026-03-19 14:00:00+00:00,289.567,-10.531,deficit,14.0,14,3
2026-03-19 14:15:00+00:00,142.8488,-11.822,deficit,14.25,14,3
2026-03-19 14:30:00+00:00,137.5168,-8.106,deficit,14.5,14,3
2026-03-19 14:45:00+00:00,113.415,4.127,surplus,14.75,14,3
2026-03-19 15:00:00+00:00,80.714,12.124,surplus,15.0,15,3
2026-03-19 15:15:00+00:00,150.4947,-2.011,deficit,15.25,15,3
2026-03-19 15:30:00+00:00,132.44,1.349,surplus,15.5,15,3
2026-03-19 15:45:00+00:00,173.91,-7.344,deficit,15.75,15,3
2026-03-19 16:00:00+00:00,176.2589,-5.666,deficit,16.0,16,3
2026-03-19 16:15:00+00:00,137.98,1.533,surplus,16.25,16,3
2026-03-19 16:30:00+00:00,165.31,12.02,surplus,16.5,16,3
2026-03-19 16:45:00+00:00,169.419,14.954,surplus,16.75,16,3
2026-03-19 17:00:00+00:00,122.766,13.879,surplus,17.0,17,3
2026-03-19 17:15:00+00:00,189.138,12.508,surplus,17.25,17,3
2026-03-19 17:30:00+00:00,166.992,9.801,surplus,17.5,17,3
2026-03-19 17:45:00+00:00,170.696,11.359,surplus,17.75,17,3
2026-03-19 18:00:00+00:00,267.5039,-0.817,deficit,18.0,18,3
2026-03-19 18:15:00+00:00,92.724,2.528,surplus,18.25,18,3
2026-03-19 18:30:00+00:00,242.2465,-3.404,deficit,18.5,18,3
2026-03-19 18:45:00+00:00,246.9022,-3.663,deficit,18.75,18,3
2026-03-19 19:00:00+00:00,155.176,0.489,surplus,19.0,19,3
2026-03-19 19:15:00+00:00,199.87,-9.551,deficit,19.25,19,3
2026-03-19 19:30:00+00:00,194.0441,-12.192,deficit,19.5,19,3
2026-03-19 19:45:00+00:00,190.1494,-4.048,deficit,19.75,19,3
2026-03-19 20:00:00+00:00,187.649,-6.065,deficit,20.0,20,3
2026-03-19 20:15:00+00:00,182.149,-5.47,deficit,20.25,20,3
2026-03-19 20:30:00+00:00,172.304,-4.925,deficit,20.5,20,3
2026-03-19 20:45:00+00:00,170.2008,-4.813,deficit,20.75,20,3
2026-03-19 21:00:00+00:00,112.743,2.999,surplus,21.0,21,3
2026-03-19 21:15:00+00:00,115.525,5.043,surplus,21.25,21,3
2026-03-19 21:30:00+00:00,122.848,1.817,surplus,21.5,21,3
2026-03-19 21:45:00+00:00,134.66,0.365,surplus,21.75,21,3
2026-03-19 22:00:00+00:00,114.798,0.322,surplus,22.0,22,3
2026-03-19 22:15:00+00:00,116.621,0.277,surplus,22.25,22,3
2026-03-19 22:30:00+00:00,125.808,1.409,surplus,22.5,22,3
2026-03-19 22:45:00+00:00,97.082,1.096,surplus,22.75,22,3
2026-03-19 23:00:00+00:00,180.323,-4.237,deficit,23.0,23,3
2026-03-19 23:15:00+00:00,110.897,0.308,surplus,23.25,23,3
2026-03-19 23:30:00+00:00,166.0544,-4.666,deficit,23.5,23,3
2026-03-19 23:45:00+00:00,155.859,-3.354,deficit,23.75,23,3
2026-03-20 00:00:00+00:00,163.6498,-3.631,deficit,0.0,0,4
2026-03-20 00:15:00+00:00,163.6498,-1.524,deficit,0.25,0,4
2026-03-20 00:30:00+00:00,84.491,0.529,surplus,0.5,0,4
2026-03-20 00:45:00+00:00,94.91,2.288,surplus,0.75,0,4
2026-03-20 01:00:00+00:00,65.824,0.183,surplus,1.0,1,4
2026-03-20 01:15:00+00:00,100.981,1.934,surplus,1.25,1,4
2026-03-20 01:30:00+00:00,49.978,6.332,surplus,1.5,1,4
2026-03-20 01:45:00+00:00,99.075,3.997,surplus,1.75,1,4
2026-03-20 02:00:00+00:00,60.0,5.372,surplus,2.0,2,4
2026-03-20 02:15:00+00:00,52.675,10.093,surplus,2.25,2,4
2026-03-20 02:30:00+00:00,63.22,11.51,surplus,2.5,2,4
2026-03-20 02:45:00+00:00,78.2,5.186,surplus,2.75,2,4
2026-03-20 03:00:00+00:00,74.469,0.987,surplus,3.0,3,4
2026-03-20 03:15:00+00:00,98.843,5.324,surplus,3.25,3,4
2026-03-20 03:30:00+00:00,55.495,9.54,surplus,3.5,3,4
2026-03-20 03:45:00+00:00,131.295,1.694,surplus,3.75,3,4
2026-03-20 04:00:00+00:00,81.547,2.967,surplus,4.0,4,4
2026-03-20 04:15:00+00:00,178.264,-0.3,deficit,4.25,4,4
2026-03-20 04:30:00+00:00,124.016,0.45,surplus,4.5,4,4
2026-03-20 04:45:00+00:00,73.981,9.744,surplus,4.75,4,4
2026-03-20 05:00:00+00:00,198.4249,-4.874,deficit,5.0,5,4
2026-03-20 05:15:00+00:00,228.316,-10.477,deficit,5.25,5,4
2026-03-20 05:30:00+00:00,241.769,-1.892,deficit,5.5,5,4
2026-03-20 05:45:00+00:00,249.381,-10.586,deficit,5.75,5,4
2026-03-20 06:00:00+00:00,273.13,-14.259,deficit,6.0,6,4
2026-03-20 06:15:00+00:00,243.65,-17.389,deficit,6.25,6,4
2026-03-20 06:30:00+00:00,219.923,-10.108,deficit,6.5,6,4
2026-03-20 06:45:00+00:00,182.9177,-8.146,deficit,6.75,6,4
2026-03-20 07:00:00+00:00,231.792,-4.478,deficit,7.0,7,4
2026-03-20 07:15:00+00:00,195.723,-11.195,deficit,7.25,7,4
2026-03-20 07:30:00+00:00,202.4,-9.139,deficit,7.5,7,4
2026-03-20 07:45:00+00:00,187.5605,-28.637,deficit,7.75,7,4
2026-03-20 08:00:00+00:00,282.2463,-34.324,deficit,8.0,8,4
2026-03-20 08:15:00+00:00,160.105,-7.193,deficit,8.25,8,4
2026-03-20 08:30:00+00:00,169.2127,-2.731,deficit,8.5,8,4
2026-03-20 08:45:00+00:00,35.274,2.167,surplus,8.75,8,4
2026-03-20 09:00:00+00:00,61.278,0.645,surplus,9.0,9,4
2026-03-20 09:15:00+00:00,113.509,-7.209,deficit,9.25,9,4
2026-03-20 09:30:00+00:00,109.076,-12.997,deficit,9.5,9,4
2026-03-20 09:45:00+00:00,99.55,-12.748,deficit,9.75,9,4
2026-03-20 10:00:00+00:00,112.255,-2.998,deficit,10.0,10,4
2026-03-20 10:15:00+00:00,100.1,-17.319,deficit,10.25,10,4
2026-03-20 10:30:00+00:00,83.05,-11.42,deficit,10.5,10,4
2026-03-20 10:45:00+00:00,91.095,-9.352,deficit,10.75,10,4
2026-03-20 11:00:00+00:00,84.777,-14.184,deficit,11.0,11,4
2026-03-20 11:15:00+00:00,115.705,-13.681,deficit,11.25,11,4
2026-03-20 11:30:00+00:00,103.736,-11.18,deficit,11.5,11,4
2026-03-20 11:45:00+00:00,83.06,-10.378,deficit,11.75,11,4
2026-03-20 12:00:00+00:00,84.35,-13.823,deficit,12.0,12,4
2026-03-20 12:15:00+00:00,122.723,-17.832,deficit,12.25,12,4
2026-03-20 12:30:00+00:00,83.4775,-4.102,deficit,12.5,12,4
2026-03-20 12:45:00+00:00,90.915,-4.777,deficit,12.75,12,4
2026-03-20 13:00:00+00:00,93.6289,-2.024,deficit,13.0,13,4
2026-03-20 13:15:00+00:00,95.909,-0.957,deficit,13.25,13,4
2026-03-20 13:30:00+00:00,113.003,-6.065,deficit,13.5,13,4
2026-03-20 13:45:00+00:00,133.584,-2.723,deficit,13.75,13,4
2026-03-20 14:00:00+00:00,23.611,5.648,surplus,14.0,14,4
2026-03-20 14:15:00+00:00,136.774,-2.142,deficit,14.25,14,4
2026-03-20 14:30:00+00:00,20.935,14.311,surplus,14.5,14,4
2026-03-20 14:45:00+00:00,55.335,5.634,surplus,14.75,14,4
2026-03-20 15:00:00+00:00,80.241,1.388,surplus,15.0,15,4
2026-03-20 15:15:00+00:00,82.641,8.087,surplus,15.25,15,4
2026-03-20 15:30:00+00:00,108.355,6.313,surplus,15.5,15,4
2026-03-20 15:45:00+00:00,102.274,3.919,surplus,15.75,15,4
2026-03-20 16:00:00+00:00,171.6159,-4.923,deficit,16.0,16,4
2026-03-20 16:15:00+00:00,186.824,-1.323,deficit,16.25,16,4
2026-03-20 16:30:00+00:00,222.981,-1.056,deficit,16.5,16,4
2026-03-20 16:45:00+00:00,282.601,-5.465,deficit,16.75,16,4
2026-03-20 17:00:00+00:00,89.949,0.89,surplus,17.0,17,4
2026-03-20 17:15:00+00:00,233.299,-2.362,deficit,17.25,17,4
2026-03-20 17:30:00+00:00,267.762,-6.376,deficit,17.5,17,4
2026-03-20 17:45:00+00:00,270.919,-5.228,deficit,17.75,17,4
2026-03-20 18:00:00+00:00,158.259,2.759,surplus,18.0,18,4
2026-03-20 18:15:00+00:00,124.404,1.513,surplus,18.25,18,4
2026-03-20 18:30:00+00:00,120.35,6.175,surplus,18.5,18,4
2026-03-20 18:45:00+00:00,97.092,2.848,surplus,18.75,18,4
2026-03-20 19:00:00+00:00,156.189,0.832,surplus,19.0,19,4
2026-03-20 19:15:00+00:00,213.829,-1.277,deficit,19.25,19,4
2026-03-20 19:30:00+00:00,199.342,-0.517,deficit,19.5,19,4
2026-03-20 19:45:00+00:00,185.856,-0.938,deficit,19.75,19,4
2026-03-20 20:00:00+00:00,121.265,0.028,surplus,20.0,20,4
2026-03-20 20:15:00+00:00,201.63,-1.621,deficit,20.25,20,4
2026-03-20 20:30:00+00:00,115.711,1.714,surplus,20.5,20,4
2026-03-20 20:45:00+00:00,83.651,1.627,surplus,20.75,20,4
2026-03-20 21:00:00+00:00,189.519,-4.374,deficit,21.0,21,4
2026-03-20 21:15:00+00:00,193.963,-5.961,deficit,21.25,21,4
2026-03-20 21:30:00+00:00,166.573,-9.053,deficit,21.5,21,4
2026-03-20 21:45:00+00:00,161.8549,-3.449,deficit,21.75,21,4
2026-03-20 22:00:00+00:00,187.924,-21.172,deficit,22.0,22,4
2026-03-20 22:15:00+00:00,182.039,-21.684,deficit,22.25,22,4
2026-03-20 22:30:00+00:00,171.3742,-20.536,deficit,22.5,22,4
2026-03-20 22:45:00+00:00,170.6751,-6.986,deficit,22.75,22,4
2026-03-20 23:00:00+00:00,119.427,1.479,surplus,23.0,23,4
2026-03-20 23:15:00+00:00,90.111,1.318,surplus,23.25,23,4
2026-03-20 23:30:00+00:00,95.149,0.755,surplus,23.5,23,4
2026-03-20 23:45:00+00:00,154.594,-4.537,deficit,23.75,23,4
2026-03-21 00:00:00+00:00,172.3506,-2.341,deficit,0.0,0,5
2026-03-21 00:15:00+00:00,147.25,0.215,surplus,0.25,0,5
2026-03-21 00:30:00+00:00,133.183,0.622,surplus,0.5,0,5
2026-03-21 00:45:00+00:00,113.61,2.509,surplus,0.75,0,5
2026-03-21 01:00:00+00:00,156.332,-4.776,deficit,1.0,1,5
2026-03-21 01:15:00+00:00,152.064,-4.577,deficit,1.25,1,5
2026-03-21 01:30:00+00:00,151.041,-2.814,deficit,1.5,1,5
2026-03-21 01:45:00+00:00,125.306,1.39,surplus,1.75,1,5
2026-03-21 02:00:00+00:00,125.866,0.995,surplus,2.0,2,5
2026-03-21 02:15:00+00:00,112.691,0.159,surplus,2.25,2,5
2026-03-21 02:30:00+00:00,129.654,2.78,surplus,2.5,2,5
2026-03-21 02:45:00+00:00,154.3991,-1.69,deficit,2.75,2,5
2026-03-21 03:00:00+00:00,159.1867,-2.321,deficit,3.0,3,5
2026-03-21 03:15:00+00:00,159.1867,-0.674,deficit,3.25,3,5
2026-03-21 03:30:00+00:00,159.1867,-2.794,deficit,3.5,3,5
2026-03-21 03:45:00+00:00,159.1867,-2.885,deficit,3.75,3,5
2026-03-21 04:00:00+00:00,74.549,0.522,surplus,4.0,4,5
2026-03-21 04:15:00+00:00,92.648,2.474,surplus,4.25,4,5
2026-03-21 04:30:00+00:00,78.084,3.046,surplus,4.5,4,5
2026-03-21 04:45:00+00:00,101.276,2.453,surplus,4.75,4,5
2026-03-21 05:00:00+00:00,109.642,8.779,surplus,5.0,5,5
2026-03-21 05:15:00+00:00,81.414,11.152,surplus,5.25,5,5
2026-03-21 05:30:00+00:00,118.922,8.44,surplus,5.5,5,5
2026-03-21 05:45:00+00:00,171.802,-1.244,deficit,5.75,5,5
2026-03-21 06:00:00+00:00,139.6539,5.455,surplus,6.0,6,5
2026-03-21 06:15:00+00:00,115.255,8.942,surplus,6.25,6,5
2026-03-21 06:30:00+00:00,81.696,10.467,surplus,6.5,6,5
2026-03-21 06:45:00+00:00,121.88,10.832,surplus,6.75,6,5
2026-03-21 07:00:00+00:00,68.907,22.745,surplus,7.0,7,5
2026-03-21 07:15:00+00:00,69.352,28.992,surplus,7.25,7,5
2026-03-21 07:30:00+00:00,35.009,38.098,surplus,7.5,7,5
2026-03-21 07:45:00+00:00,2.325,44.608,surplus,7.75,7,5
2026-03-21 08:00:00+00:00,-2.982,38.348,surplus,8.0,8,5
2026-03-21 08:15:00+00:00,-159.249,44.579,surplus,8.25,8,5
2026-03-21 08:30:00+00:00,-107.76,43.422,surplus,8.5,8,5
2026-03-21 08:45:00+00:00,23.386,19.382,surplus,8.75,8,5
2026-03-21 09:00:00+00:00,39.595,11.01,surplus,9.0,9,5
2026-03-21 09:15:00+00:00,49.749,21.038,surplus,9.25,9,5
2026-03-21 09:30:00+00:00,12.753,39.225,surplus,9.5,9,5
2026-03-21 09:45:00+00:00,-7.857,33.842,surplus,9.75,9,5
2026-03-21 10:00:00+00:00,58.679,59.37,surplus,10.0,10,5
2026-03-21 10:15:00+00:00,58.6899,44.374,surplus,10.25,10,5
2026-03-21 10:30:00+00:00,64.208,12.934,surplus,10.5,10,5
2026-03-21 10:45:00+00:00,56.86,6.014,surplus,10.75,10,5
2026-03-21 11:00:00+00:00,49.6967,4.905,surplus,11.0,11,5
2026-03-21 11:15:00+00:00,43.31,0.846,surplus,11.25,11,5
2026-03-21 11:30:00+00:00,76.854,-4.952,deficit,11.5,11,5
2026-03-21 11:45:00+00:00,84.442,-3.224,deficit,11.75,11,5
2026-03-21 12:00:00+00:00,117.299,-0.026,deficit,12.0,12,5
2026-03-21 12:15:00+00:00,175.904,-2.853,deficit,12.25,12,5
2026-03-21 12:30:00+00:00,125.035,-6.894,deficit,12.5,12,5
2026-03-21 12:45:00+00:00,96.383,-8.782,deficit,12.75,12,5
2026-03-21 13:00:00+00:00,171.626,-25.924,deficit,13.0,13,5
2026-03-21 13:15:00+00:00,170.972,-28.657,deficit,13.25,13,5
2026-03-21 13:30:00+00:00,157.35,-26.742,deficit,13.5,13,5
2026-03-21 13:45:00+00:00,243.461,-12.115,deficit,13.75,13,5
2026-03-21 14:00:00+00:00,157.732,-17.808,deficit,14.0,14,5
2026-03-21 14:15:00+00:00,122.9246,-19.803,deficit,14.25,14,5
2026-03-21 14:30:00+00:00,123.176,-18.2,deficit,14.5,14,5
2026-03-21 14:45:00+00:00,131.065,-15.487,deficit,14.75,14,5
2026-03-21 15:00:00+00:00,135.1749,-8.982,deficit,15.0,15,5
2026-03-21 15:15:00+00:00,145.0775,-8.869,deficit,15.25,15,5
2026-03-21 15:30:00+00:00,149.05,-5.029,deficit,15.5,15,5
2026-03-21 15:45:00+00:00,167.189,-1.349,deficit,15.75,15,5
2026-03-21 16:00:00+00:00,112.21,2.636,surplus,16.0,16,5
2026-03-21 16:15:00+00:00,86.005,1.516,surplus,16.25,16,5
2026-03-21 16:30:00+00:00,181.742,-12.903,deficit,16.5,16,5
2026-03-21 16:45:00+00:00,73.005,10.518,surplus,16.75,16,5
2026-03-21 17:00:00+00:00,104.166,4.817,surplus,17.0,17,5
2026-03-21 17:15:00+00:00,70.006,7.986,surplus,17.25,17,5
2026-03-21 17:30:00+00:00,108.604,6.551,surplus,17.5,17,5
2026-03-21 17:45:00+00:00,119.034,9.492,surplus,17.75,17,5
2026-03-21 18:00:00+00:00,118.007,1.452,surplus,18.0,18,5
2026-03-21 18:15:00+00:00,132.651,1.12,surplus,18.25,18,5
2026-03-21 18:30:00+00:00,34.743,3.205,surplus,18.5,18,5
2026-03-21 18:45:00+00:00,124.214,4.057,surplus,18.75,18,5
2026-03-21 19:00:00+00:00,179.729,-1.139,deficit,19.0,19,5
2026-03-21 19:15:00+00:00,123.337,0.348,surplus,19.25,19,5
2026-03-21 19:30:00+00:00,110.648,1.137,surplus,19.5,19,5
2026-03-21 19:45:00+00:00,104.087,0.251,surplus,19.75,19,5
2026-03-21 20:00:00+00:00,149.116,-2.152,deficit,20.0,20,5
2026-03-21 20:15:00+00:00,147.719,-7.232,deficit,20.25,20,5
2026-03-21 20:30:00+00:00,158.732,-5.948,deficit,20.5,20,5
2026-03-21 20:45:00+00:00,145.0372,-0.937,deficit,20.75,20,5
2026-03-21 21:00:00+00:00,150.458,-5.681,deficit,21.0,21,5
2026-03-21 21:15:00+00:00,153.89,-7.485,deficit,21.25,21,5
2026-03-21 21:30:00+00:00,143.361,-7.571,deficit,21.5,21,5
2026-03-21 21:45:00+00:00,143.361,-2.652,deficit,21.75,21,5
2026-03-21 22:00:00+00:00,146.157,-6.512,deficit,22.0,22,5
2026-03-21 22:15:00+00:00,136.632,-3.172,deficit,22.25,22,5
2026-03-21 22:30:00+00:00,139.328,-2.322,deficit,22.5,22,5
2026-03-21 22:45:00+00:00,100.798,1.102,surplus,22.75,22,5
2026-03-21 23:00:00+00:00,161.915,-18.559,deficit,23.0,23,5
2026-03-21 23:15:00+00:00,131.185,-10.513,deficit,23.25,23,5
2026-03-21 23:30:00+00:00,123.921,-16.078,deficit,23.5,23,5
2026-03-21 23:45:00+00:00,113.062,-1.929,deficit,23.75,23,5
2026-03-22 00:00:00+00:00,122.206,-9.771,deficit,0.0,0,6
2026-03-22 00:15:00+00:00,110.88,-3.359,deficit,0.25,0,6
2026-03-22 00:30:00+00:00,109.428,-7.765,deficit,0.5,0,6
2026-03-22 00:45:00+00:00,69.155,2.623,surplus,0.75,0,6
2026-03-22 01:00:00+00:00,113.208,-3.637,deficit,1.0,1,6
2026-03-22 01:15:00+00:00,123.143,-3.388,deficit,1.25,1,6
2026-03-22 01:30:00+00:00,109.549,-4.741,deficit,1.5,1,6
2026-03-22 01:45:00+00:00,65.262,1.81,surplus,1.75,1,6
2026-03-22 02:00:00+00:00,110.913,-0.194,deficit,2.0,2,6
2026-03-22 02:15:00+00:00,110.099,-9.353,deficit,2.25,2,6
2026-03-22 02:30:00+00:00,110.55,-7.088,deficit,2.5,2,6
2026-03-22 02:45:00+00:00,111.067,-0.902,deficit,2.75,2,6
2026-03-22 03:00:00+00:00,98.3037,1.537,surplus,3.0,3,6
2026-03-22 03:15:00+00:00,113.751,-1.335,deficit,3.25,3,6
2026-03-22 03:30:00+00:00,115.357,-5.274,deficit,3.5,3,6
2026-03-22 03:45:00+00:00,116.523,-1.95,deficit,3.75,3,6
2026-03-22 04:00:00+00:00,116.886,-4.693,deficit,4.0,4,6
2026-03-22 04:15:00+00:00,119.119,-8.34,deficit,4.25,4,6
2026-03-22 04:30:00+00:00,120.439,-9.548,deficit,4.5,4,6
2026-03-22 04:45:00+00:00,118.888,-6.327,deficit,4.75,4,6
2026-03-22 05:00:00+00:00,118.734,-2.635,deficit,5.0,5,6
2026-03-22 05:15:00+00:00,120.384,-1.295,deficit,5.25,5,6
2026-03-22 05:30:00+00:00,94.661,1.349,surplus,5.5,5,6
2026-03-22 05:45:00+00:00,47.738,3.054,surplus,5.75,5,6
2026-03-22 06:00:00+00:00,53.142,9.62,surplus,6.0,6,6
2026-03-22 06:15:00+00:00,61.834,6.318,surplus,6.25,6,6
2026-03-22 06:30:00+00:00,40.786,8.791,surplus,6.5,6,6
2026-03-22 06:45:00+00:00,50.89,5.838,surplus,6.75,6,6
2026-03-22 07:00:00+00:00,42.19,18.146,surplus,7.0,7,6
2026-03-22 07:15:00+00:00,47.16,1.805,surplus,7.25,7,6
2026-03-22 07:30:00+00:00,26.37,3.635,surplus,7.5,7,6
2026-03-22 07:45:00+00:00,12.0,14.075,surplus,7.75,7,6
2026-03-22 08:00:00+00:00,14.8594,23.334,surplus,8.0,8,6
2026-03-22 08:15:00+00:00,4.7072,22.629,surplus,8.25,8,6
2026-03-22 08:30:00+00:00,2.5637,24.958,surplus,8.5,8,6
2026-03-22 08:45:00+00:00,0.5877,25.038,surplus,8.75,8,6
2026-03-22 09:00:00+00:00,-1.9253,27.581,surplus,9.0,9,6
2026-03-22 09:15:00+00:00,-15.173,27.733,surplus,9.25,9,6
2026-03-22 09:30:00+00:00,-9.223,9.867,surplus,9.5,9,6
2026-03-22 09:45:00+00:00,-13.568,16.179,surplus,9.75,9,6
2026-03-22 10:00:00+00:00,-1.0037,16.187,surplus,10.0,10,6
2026-03-22 10:15:00+00:00,-1.7407,6.919,surplus,10.25,10,6
2026-03-22 10:30:00+00:00,14.811,-11.13,deficit,10.5,10,6
2026-03-22 10:45:00+00:00,13.872,-27.124,deficit,10.75,10,6
2026-03-22 11:00:00+00:00,57.654,-38.66,deficit,11.0,11,6
2026-03-22 11:15:00+00:00,27.142,-39.574,deficit,11.25,11,6
2026-03-22 11:30:00+00:00,128.129,-43.623,deficit,11.5,11,6
2026-03-22 11:45:00+00:00,414.213,-42.561,deficit,11.75,11,6
2026-03-22 12:00:00+00:00,699.199,-41.905,deficit,12.0,12,6
2026-03-22 12:15:00+00:00,255.681,-34.492,deficit,12.25,12,6
2026-03-22 12:30:00+00:00,145.16,-30.891,deficit,12.5,12,6
2026-03-22 12:45:00+00:00,88.823,-24.902,deficit,12.75,12,6
2026-03-22 13:00:00+00:00,1.79,0.967,surplus,13.0,13,6
2026-03-22 13:15:00+00:00,5.27,5.198,surplus,13.25,13,6
2026-03-22 13:30:00+00:00,8.92,0.304,surplus,13.5,13,6
2026-03-22 13:45:00+00:00,80.336,-0.939,deficit,13.75,13,6
2026-03-22 14:00:00+00:00,7.71,7.12,surplus,14.0,14,6
2026-03-22 14:15:00+00:00,105.256,-2.845,deficit,14.25,14,6
2026-03-22 14:30:00+00:00,51.809,1.807,surplus,14.5,14,6
2026-03-22 14:45:00+00:00,135.21,-1.556,deficit,14.75,14,6
2026-03-22 15:00:00+00:00,98.44,-5.747,deficit,15.0,15,6
2026-03-22 15:15:00+00:00,62.229,1.91,surplus,15.25,15,6
2026-03-22 15:30:00+00:00,56.049,6.711,surplus,15.5,15,6
2026-03-22 15:45:00+00:00,185.163,-0.749,deficit,15.75,15,6
2026-03-22 16:00:00+00:00,147.4916,-7.931,deficit,16.0,16,6
2026-03-22 16:15:00+00:00,167.288,-1.152,deficit,16.25,16,6
2026-03-22 16:30:00+00:00,188.122,-1.351,deficit,16.5,16,6
2026-03-22 16:45:00+00:00,109.651,2.617,surplus,16.75,16,6
2026-03-22 17:00:00+00:00,101.969,6.8,surplus,17.0,17,6
2026-03-22 17:15:00+00:00,69.556,6.051,surplus,17.25,17,6
2026-03-22 17:30:00+00:00,206.14,-2.162,deficit,17.5,17,6
2026-03-22 17:45:00+00:00,159.271,0.865,surplus,17.75,17,6
2026-03-22 18:00:00+00:00,210.661,-3.107,deficit,18.0,18,6
2026-03-22 18:15:00+00:00,205.887,-2.731,deficit,18.25,18,6
2026-03-22 18:30:00+00:00,188.045,-7.982,deficit,18.5,18,6
2026-03-22 18:45:00+00:00,179.3274,-1.741,deficit,18.75,18,6
2026-03-22 19:00:00+00:00,94.238,3.371,surplus,19.0,19,6
2026-03-22 19:15:00+00:00,206.25,-2.062,deficit,19.25,19,6
2026-03-22 19:30:00+00:00,199.243,-0.504,deficit,19.5,19,6
2026-03-22 19:45:00+00:00,117.005,4.18,surplus,19.75,19,6
2026-03-22 20:00:00+00:00,97.592,0.58,surplus,20.0,20,6
2026-03-22 20:15:00+00:00,194.975,-2.546,deficit,20.25,20,6
2026-03-22 20:30:00+00:00,95.451,0.202,surplus,20.5,20,6
2026-03-22 20:45:00+00:00,113.653,7.541,surplus,20.75,20,6
2026-03-22 21:00:00+00:00,84.38,3.827,surplus,21.0,21,6
2026-03-22 21:15:00+00:00,182.765,-1.664,deficit,21.25,21,6
2026-03-22 21:30:00+00:00,169.642,-2.893,deficit,21.5,21,6
2026-03-22 21:45:00+00:00,91.587,1.654,surplus,21.75,21,6
2026-03-22 22:00:00+00:00,92.521,0.669,surplus,22.0,22,6
2026-03-22 22:15:00+00:00,184.954,-13.329,deficit,22.25,22,6
2026-03-22 22:30:00+00:00,165.803,-14.532,deficit,22.5,22,6
2026-03-22 22:45:00+00:00,167.189,-12.275,deficit,22.75,22,6
2026-03-22 23:00:00+00:00,171.356,-23.584,deficit,23.0,23,6
2026-03-22 23:15:00+00:00,274.948,-22.787,deficit,23.25,23,6
2026-03-22 23:30:00+00:00,184.468,-13.485,deficit,23.5,23,6
2026-03-22 23:45:00+00:00,174.453,-15.971,deficit,23.75,23,6
2026-03-23 00:00:00+00:00,160.303,-2.178,deficit,0.0,0,0
2026-03-23 00:15:00+00:00,164.638,-5.007,deficit,0.25,0,0
2026-03-23 00:30:00+00:00,160.537,-4.804,deficit,0.5,0,0
2026-03-23 00:45:00+00:00,150.0296,-3.774,deficit,0.75,0,0
2026-03-23 01:00:00+00:00,159.5255,-8.868,deficit,1.0,1,0
2026-03-23 01:15:00+00:00,156.9534,-8.365,deficit,1.25,1,0
2026-03-23 01:30:00+00:00,155.578,-8.932,deficit,1.5,1,0
2026-03-23 01:45:00+00:00,160.0456,-5.552,deficit,1.75,1,0
2026-03-23 02:00:00+00:00,160.9053,-6.472,deficit,2.0,2,0
2026-03-23 02:15:00+00:00,158.295,-3.749,deficit,2.25,2,0
2026-03-23 02:30:00+00:00,159.2711,-6.896,deficit,2.5,2,0
2026-03-23 02:45:00+00:00,161.0684,-9.257,deficit,2.75,2,0
2026-03-23 03:00:00+00:00,175.758,-10.769,deficit,3.0,3,0
2026-03-23 03:15:00+00:00,170.649,-4.51,deficit,3.25,3,0
2026-03-23 03:30:00+00:00,171.3467,-2.423,deficit,3.5,3,0
2026-03-23 03:45:00+00:00,171.6777,-4.062,deficit,3.75,3,0
2026-03-23 04:00:00+00:00,178.0644,-11.041,deficit,4.0,4,0
2026-03-23 04:15:00+00:00,180.2094,-12.152,deficit,4.25,4,0
2026-03-23 04:30:00+00:00,187.539,-10.074,deficit,4.5,4,0
2026-03-23 04:45:00+00:00,194.513,-6.665,deficit,4.75,4,0
2026-03-23 05:00:00+00:00,202.0523,-11.943,deficit,5.0,5,0
2026-03-23 05:15:00+00:00,205.3721,-5.826,deficit,5.25,5,0
2026-03-23 05:30:00+00:00,215.688,-8.742,deficit,5.5,5,0
2026-03-23 05:45:00+00:00,213.5887,-10.608,deficit,5.75,5,0
2026-03-23 06:00:00+00:00,257.004,-10.252,deficit,6.0,6,0
2026-03-23 06:15:00+00:00,214.8248,-19.862,deficit,6.25,6,0
2026-03-23 06:30:00+00:00,206.3078,-14.352,deficit,6.5,6,0
2026-03-23 06:45:00+00:00,197.9609,-9.025,deficit,6.75,6,0
2026-03-23 07:00:00+00:00,224.8558,-20.791,deficit,7.0,7,0
2026-03-23 07:15:00+00:00,360.85,-30.098,deficit,7.25,7,0
2026-03-23 07:30:00+00:00,276.538,-35.693,deficit,7.5,7,0
2026-03-23 07:45:00+00:00,582.39,-24.931,deficit,7.75,7,0
2026-03-23 08:00:00+00:00,175.582,-2.74,deficit,8.0,8,0
2026-03-23 08:15:00+00:00,130.2363,-4.854,deficit,8.25,8,0
2026-03-23 08:30:00+00:00,41.005,9.745,surplus,8.5,8,0
2026-03-23 08:45:00+00:00,24.585,13.937,surplus,8.75,8,0
2026-03-23 09:00:00+00:00,75.479,9.413,surplus,9.0,9,0
2026-03-23 09:15:00+00:00,28.802,16.172,surplus,9.25,9,0
2026-03-23 09:30:00+00:00,44.756,13.864,surplus,9.5,9,0
2026-03-23 09:45:00+00:00,7.631,12.438,surplus,9.75,9,0
2026-03-23 10:00:00+00:00,22.142,6.73,surplus,10.0,10,0
2026-03-23 10:15:00+00:00,59.022,13.465,surplus,10.25,10,0
2026-03-23 10:30:00+00:00,51.416,11.606,surplus,10.5,10,0
2026-03-23 10:45:00+00:00,56.801,15.683,surplus,10.75,10,0
2026-03-23 11:00:00+00:00,46.691,20.222,surplus,11.0,11,0
2026-03-23 11:15:00+00:00,93.257,9.49,surplus,11.25,11,0
2026-03-23 11:30:00+00:00,79.361,3.529,surplus,11.5,11,0
2026-03-23 11:45:00+00:00,107.5153,1.499,surplus,11.75,11,0
2026-03-23 12:00:00+00:00,142.823,-8.017,deficit,12.0,12,0
2026-03-23 12:15:00+00:00,130.427,-21.868,deficit,12.25,12,0
2026-03-23 12:30:00+00:00,137.469,-27.74,deficit,12.5,12,0
2026-03-23 12:45:00+00:00,142.637,-25.756,deficit,12.75,12,0
2026-03-23 13:00:00+00:00,195.964,-9.207,deficit,13.0,13,0
2026-03-23 13:15:00+00:00,563.876,-22.664,deficit,13.25,13,0
2026-03-23 13:30:00+00:00,197.32,-16.97,deficit,13.5,13,0
2026-03-23 13:45:00+00:00,156.189,-8.776,deficit,13.75,13,0
2026-03-23 14:00:00+00:00,163.4913,-7.357,deficit,14.0,14,0
2026-03-23 14:15:00+00:00,164.0424,-9.09,deficit,14.25,14,0
2026-03-23 14:30:00+00:00,169.4565,-6.45,deficit,14.5,14,0
2026-03-23 14:45:00+00:00,171.5943,-10.605,deficit,14.75,14,0
2026-03-23 15:00:00+00:00,165.0612,-0.666,deficit,15.0,15,0
2026-03-23 15:15:00+00:00,165.0612,-6.899,deficit,15.25,15,0
2026-03-23 15:30:00+00:00,130.317,2.508,surplus,15.5,15,0
2026-03-23 15:45:00+00:00,214.522,-1.422,deficit,15.75,15,0
2026-03-23 16:00:00+00:00,188.5564,-1.309,deficit,16.0,16,0
2026-03-23 16:15:00+00:00,229.076,-4.112,deficit,16.25,16,0
2026-03-23 16:30:00+00:00,236.493,-2.915,deficit,16.5,16,0
2026-03-23 16:45:00+00:00,307.362,-2.192,deficit,16.75,16,0
2026-03-23 17:00:00+00:00,276.703,-0.283,deficit,17.0,17,0
2026-03-23 17:15:00+00:00,317.6983,-10.504,deficit,17.25,17,0
2026-03-23 17:30:00+00:00,337.8059,-24.078,deficit,17.5,17,0
2026-03-23 17:45:00+00:00,365.8219,-18.754,deficit,17.75,17,0
2026-03-23 18:00:00+00:00,317.1184,-10.728,deficit,18.0,18,0
2026-03-23 18:15:00+00:00,307.1618,-5.439,deficit,18.25,18,0
2026-03-23 18:30:00+00:00,300.9504,-2.106,deficit,18.5,18,0
2026-03-23 18:45:00+00:00,281.2985,-0.169,deficit,18.75,18,0
2026-03-23 19:00:00+00:00,142.376,4.08,surplus,19.0,19,0
2026-03-23 19:15:00+00:00,150.496,0.527,surplus,19.25,19,0
2026-03-23 19:30:00+00:00,141.852,0.521,surplus,19.5,19,0
2026-03-23 19:45:00+00:00,105.29,5.791,surplus,19.75,19,0
2026-03-23 20:00:00+00:00,113.436,0.164,surplus,20.0,20,0
2026-03-23 20:15:00+00:00,99.958,4.577,surplus,20.25,20,0
2026-03-23 20:30:00+00:00,109.434,2.148,surplus,20.5,20,0
2026-03-23 20:45:00+00:00,99.662,5.804,surplus,20.75,20,0
2026-03-23 21:00:00+00:00,190.388,-2.807,deficit,21.0,21,0
2026-03-23 21:15:00+00:00,117.128,2.407,surplus,21.25,21,0
2026-03-23 21:30:00+00:00,141.455,1.567,surplus,21.5,21,0
2026-03-23 21:45:00+00:00,168.2115,-0.982,deficit,21.75,21,0
2026-03-23 22:00:00+00:00,189.6428,-4.556,deficit,22.0,22,0
2026-03-23 22:15:00+00:00,166.013,-0.573,deficit,22.25,22,0
2026-03-23 22:30:00+00:00,160.2168,-4.773,deficit,22.5,22,0
2026-03-23 22:45:00+00:00,166.013,-2.805,deficit,22.75,22,0
2026-03-23 23:00:00+00:00,164.571,-5.931,deficit,23.0,23,0
2026-03-23 23:15:00+00:00,190.407,-1.838,deficit,23.25,23,0
2026-03-23 23:30:00+00:00,162.85,-3.034,deficit,23.5,23,0
2026-03-23 23:45:00+00:00,152.933,-0.677,deficit,23.75,23,0
2026-03-24 00:00:00+00:00,82.842,0.616,surplus,0.0,0,1
2026-03-24 00:15:00+00:00,156.827,-3.983,deficit,0.25,0,1
2026-03-24 00:30:00+00:00,80.039,0.516,surplus,0.5,0,1
2026-03-24 00:45:00+00:00,127.743,-0.788,deficit,0.75,0,1
2026-03-24 01:00:00+00:00,142.659,-1.299,deficit,1.0,1,1
2026-03-24 01:15:00+00:00,130.372,-8.672,deficit,1.25,1,1
2026-03-24 01:30:00+00:00,121.396,-5.94,deficit,1.5,1,1
2026-03-24 01:45:00+00:00,117.557,-5.922,deficit,1.75,1,1
2026-03-24 02:00:00+00:00,125.796,-4.189,deficit,2.0,2,1
2026-03-24 02:15:00+00:00,116.424,-8.809,deficit,2.25,2,1
2026-03-24 02:30:00+00:00,113.223,-1.734,deficit,2.5,2,1
2026-03-24 02:45:00+00:00,112.321,-5.16,deficit,2.75,2,1
2026-03-24 03:00:00+00:00,114.653,-1.063,deficit,3.0,3,1
2026-03-24 03:15:00+00:00,116.171,-4.538,deficit,3.25,3,1
2026-03-24 03:30:00+00:00,115.94,-6.588,deficit,3.5,3,1
2026-03-24 03:45:00+00:00,119.185,-2.364,deficit,3.75,3,1
2026-03-24 04:00:00+00:00,129.954,-6.462,deficit,4.0,4,1
2026-03-24 04:15:00+00:00,135.487,-3.065,deficit,4.25,4,1
2026-03-24 04:30:00+00:00,149.809,-8.599,deficit,4.5,4,1
2026-03-24 04:45:00+00:00,155.408,-2.539,deficit,4.75,4,1
2026-03-24 05:00:00+00:00,177.164,-5.445,deficit,5.0,5,1
2026-03-24 05:15:00+00:00,157.003,-4.104,deficit,5.25,5,1
2026-03-24 05:30:00+00:00,159.346,-8.922,deficit,5.5,5,1
2026-03-24 05:45:00+00:00,155.144,-10.338,deficit,5.75,5,1
2026-03-24 06:00:00+00:00,163.229,-8.59,deficit,6.0,6,1
2026-03-24 06:15:00+00:00,152.647,-7.578,deficit,6.25,6,1
2026-03-24 06:30:00+00:00,118.338,-9.813,deficit,6.5,6,1
2026-03-24 06:45:00+00:00,107.8359,-3.438,deficit,6.75,6,1
2026-03-24 07:00:00+00:00,110.344,4.12,surplus,7.0,7,1
2026-03-24 07:15:00+00:00,51.512,6.437,surplus,7.25,7,1
2026-03-24 07:30:00+00:00,80.687,8.139,surplus,7.5,7,1
2026-03-24 07:45:00+00:00,64.39,9.795,surplus,7.75,7,1
2026-03-24 08:00:00+00:00,86.5219,3.791,surplus,8.0,8,1
2026-03-24 08:15:00+00:00,47.441,2.476,surplus,8.25,8,1
2026-03-24 08:30:00+00:00,66.46,0.171,surplus,8.5,8,1
2026-03-24 08:45:00+00:00,39.13,16.35,surplus,8.75,8,1
2026-03-24 09:00:00+00:00,34.031,23.907,surplus,9.0,9,1
2026-03-24 09:15:00+00:00,-15.977,14.918,surplus,9.25,9,1
2026-03-24 09:30:00+00:00,-16.797,9.001,surplus,9.5,9,1
2026-03-24 09:45:00+00:00,8.97,4.983,surplus,9.75,9,1
2026-03-24 10:00:00+00:00,17.9454,-8.017,deficit,10.0,10,1
2026-03-24 10:15:00+00:00,17.116,-13.407,deficit,10.25,10,1
2026-03-24 10:30:00+00:00,32.239,-19.899,deficit,10.5,10,1
2026-03-24 10:45:00+00:00,39.939,-53.358,deficit,10.75,10,1
2026-03-24 11:00:00+00:00,27.0451,-41.024,deficit,11.0,11,1
2026-03-24 11:15:00+00:00,30.107,-42.548,deficit,11.25,11,1
2026-03-24 11:30:00+00:00,30.052,-34.374,deficit,11.5,11,1
2026-03-24 11:45:00+00:00,34.544,-36.032,deficit,11.75,11,1
2026-03-24 12:00:00+00:00,66.195,-35.704,deficit,12.0,12,1
2026-03-24 12:15:00+00:00,85.219,-31.429,deficit,12.25,12,1
2026-03-24 12:30:00+00:00,67.6081,-11.265,deficit,12.5,12,1
2026-03-24 12:45:00+00:00,88.418,-4.15,deficit,12.75,12,1
2026-03-24 13:00:00+00:00,102.745,-19.393,deficit,13.0,13,1
2026-03-24 13:15:00+00:00,99.7276,-19.577,deficit,13.25,13,1
2026-03-24 13:30:00+00:00,103.6811,-5.294,deficit,13.5,13,1
2026-03-24 13:45:00+00:00,104.401,-10.074,deficit,13.75,13,1
2026-03-24 14:00:00+00:00,111.2825,-21.591,deficit,14.0,14,1
2026-03-24 14:15:00+00:00,116.5047,-17.829,deficit,14.25,14,1
2026-03-24 14:30:00+00:00,135.443,-16.376,deficit,14.5,14,1
2026-03-24 14:45:00+00:00,157.234,-10.24,deficit,14.75,14,1
2026-03-24 15:00:00+00:00,145.4155,-5.094,deficit,15.0,15,1
2026-03-24 15:15:00+00:00,161.7289,-8.051,deficit,15.25,15,1
2026-03-24 15:30:00+00:00,167.288,-6.938,deficit,15.5,15,1
2026-03-24 15:45:00+00:00,249.579,-11.528,deficit,15.75,15,1
2026-03-24 16:00:00+00:00,157.641,-0.469,deficit,16.0,16,1
2026-03-24 16:15:00+00:00,181.599,-6.479,deficit,16.25,16,1
2026-03-24 16:30:00+00:00,213.708,-4.582,deficit,16.5,16,1
2026-03-24 16:45:00+00:00,255.387,-3.612,deficit,16.75,16,1
2026-03-24 17:00:00+00:00,166.881,-1.654,deficit,17.0,17,1
2026-03-24 17:15:00+00:00,206.8,-1.676,deficit,17.25,17,1
2026-03-24 17:30:00+00:00,271.755,-10.22,deficit,17.5,17,1
2026-03-24 17:45:00+00:00,282.755,-15.845,deficit,17.75,17,1
2026-03-24 18:00:00+00:00,216.414,-10.611,deficit,18.0,18,1
2026-03-24 18:15:00+00:00,194.227,-14.256,deficit,18.25,18,1
2026-03-24 18:30:00+00:00,187.77,-1.313,deficit,18.5,18,1
2026-03-24 18:45:00+00:00,163.79,-5.074,deficit,18.75,18,1
2026-03-24 19:00:00+00:00,375.715,-18.653,deficit,19.0,19,1
2026-03-24 19:15:00+00:00,200.298,-16.172,deficit,19.25,19,1
2026-03-24 19:30:00+00:00,493.453,-27.559,deficit,19.5,19,1
2026-03-24 19:45:00+00:00,196.75,-15.249,deficit,19.75,19,1
2026-03-24 20:00:00+00:00,557.386,-35.482,deficit,20.0,20,1
2026-03-24 20:15:00+00:00,414.895,-40.93,deficit,20.25,20,1
2026-03-24 20:30:00+00:00,478.736,-35.299,deficit,20.5,20,1
2026-03-24 20:45:00+00:00,196.08,-20.366,deficit,20.75,20,1
2026-03-24 21:00:00+00:00,398.349,-24.688,deficit,21.0,21,1
2026-03-24 21:15:00+00:00,307.921,-18.758,deficit,21.25,21,1
2026-03-24 21:30:00+00:00,160.524,-12.063,deficit,21.5,21,1
2026-03-24 21:45:00+00:00,539.475,-20.845,deficit,21.75,21,1
2026-03-24 22:00:00+00:00,222.537,-16.725,deficit,22.0,22,1
2026-03-24 22:15:00+00:00,162.205,-11.135,deficit,22.25,22,1
2026-03-24 22:30:00+00:00,150.2785,-6.275,deficit,22.5,22,1
2026-03-24 22:45:00+00:00,153.1448,-10.57,deficit,22.75,22,1
2026-03-24 23:00:00+00:00,355.755,-24.358,deficit,23.0,23,1
2026-03-24 23:15:00+00:00,453.478,-16.345,deficit,23.25,23,1
2026-03-24 23:30:00+00:00,131.1439,-19.243,deficit,23.5,23,1
2026-03-24 23:45:00+00:00,131.1439,-21.704,deficit,23.75,23,1
2026-03-25 00:00:00+00:00,120.4014,-9.448,deficit,0.0,0,2
2026-03-25 00:15:00+00:00,120.4014,-8.024,deficit,0.25,0,2
2026-03-25 00:30:00+00:00,119.3974,-1.94,deficit,0.5,0,2
2026-03-25 00:45:00+00:00,120.4014,-3.737,deficit,0.75,0,2
2026-03-25 01:00:00+00:00,37.364,5.744,surplus,1.0,1,2
2026-03-25 01:15:00+00:00,59.287,5.381,surplus,1.25,1,2
2026-03-25 01:30:00+00:00,39.11,2.359,surplus,1.5,1,2
2026-03-25 01:45:00+00:00,48.803,0.984,surplus,1.75,1,2
2026-03-25 02:00:00+00:00,48.603,0.264,surplus,2.0,2,2
2026-03-25 02:15:00+00:00,117.8563,-2.931,deficit,2.25,2,2
2026-03-25 02:30:00+00:00,117.8563,-5.78,deficit,2.5,2,2
2026-03-25 02:45:00+00:00,117.8563,-8.356,deficit,2.75,2,2
2026-03-25 03:00:00+00:00,123.4911,-1.498,deficit,3.0,3,2
2026-03-25 03:15:00+00:00,126.968,-4.156,deficit,3.25,3,2
2026-03-25 03:30:00+00:00,124.41,-7.186,deficit,3.5,3,2
2026-03-25 03:45:00+00:00,133.624,-7.915,deficit,3.75,3,2
2026-03-25 04:00:00+00:00,144.6354,-19.999,deficit,4.0,4,2
2026-03-25 04:15:00+00:00,144.6354,-17.175,deficit,4.25,4,2
2026-03-25 04:30:00+00:00,152.531,-17.903,deficit,4.5,4,2
2026-03-25 04:45:00+00:00,166.914,-7.09,deficit,4.75,4,2
2026-03-25 05:00:00+00:00,211.874,-15.484,deficit,5.0,5,2
2026-03-25 05:15:00+00:00,177.144,-10.974,deficit,5.25,5,2
2026-03-25 05:30:00+00:00,172.783,-7.267,deficit,5.5,5,2
2026-03-25 05:45:00+00:00,159.6082,-7.095,deficit,5.75,5,2
2026-03-25 06:00:00+00:00,201.069,-4.229,deficit,6.0,6,2
2026-03-25 06:15:00+00:00,183.722,-4.615,deficit,6.25,6,2
2026-03-25 06:30:00+00:00,142.4007,-5.765,deficit,6.5,6,2
2026-03-25 06:45:00+00:00,73.16,1.521,surplus,6.75,6,2
2026-03-25 07:00:00+00:00,180.994,-11.298,deficit,7.0,7,2
2026-03-25 07:15:00+00:00,137.52,-13.98,deficit,7.25,7,2
2026-03-25 07:30:00+00:00,95.6959,-16.933,deficit,7.5,7,2
2026-03-25 07:45:00+00:00,91.838,-13.824,deficit,7.75,7,2
2026-03-25 08:00:00+00:00,398.85,-18.434,deficit,8.0,8,2
2026-03-25 08:15:00+00:00,367.524,-27.815,deficit,8.25,8,2
2026-03-25 08:30:00+00:00,85.943,-26.822,deficit,8.5,8,2
2026-03-25 08:45:00+00:00,82.265,-20.935,deficit,8.75,8,2
2026-03-25 09:00:00+00:00,115.299,-18.825,deficit,9.0,9,2
2026-03-25 09:15:00+00:00,73.845,-0.785,deficit,9.25,9,2
2026-03-25 09:30:00+00:00,6.03,0.123,surplus,9.5,9,2
2026-03-25 09:45:00+00:00,3.0,9.64,surplus,9.75,9,2
2026-03-25 10:00:00+00:00,2.46,2.674,surplus,10.0,10,2
2026-03-25 10:15:00+00:00,1.81,9.937,surplus,10.25,10,2
2026-03-25 10:30:00+00:00,1.11,14.179,surplus,10.5,10,2
2026-03-25 10:45:00+00:00,1.09,10.854,surplus,10.75,10,2
2026-03-25 11:00:00+00:00,2.38,18.724,surplus,11.0,11,2
2026-03-25 11:15:00+00:00,1.07,13.677,surplus,11.25,11,2
2026-03-25 11:30:00+00:00,2.38,10.121,surplus,11.5,11,2
2026-03-25 11:45:00+00:00,3.11,13.511,surplus,11.75,11,2
2026-03-25 12:00:00+00:00,9.69,10.723,surplus,12.0,12,2
2026-03-25 12:15:00+00:00,7.3,3.14,surplus,12.25,12,2
2026-03-25 12:30:00+00:00,9.85,6.673,surplus,12.5,12,2
2026-03-25 12:45:00+00:00,96.309,-2.281,deficit,12.75,12,2
2026-03-25 13:00:00+00:00,12.41,5.795,surplus,13.0,13,2
2026-03-25 13:15:00+00:00,162.393,-15.296,deficit,13.25,13,2
2026-03-25 13:30:00+00:00,78.933,-14.985,deficit,13.5,13,2
2026-03-25 13:45:00+00:00,102.3,-11.367,deficit,13.75,13,2
2026-03-25 14:00:00+00:00,401.419,-7.129,deficit,14.0,14,2
2026-03-25 14:15:00+00:00,186.265,-19.876,deficit,14.25,14,2
2026-03-25 14:30:00+00:00,173.756,-28.209,deficit,14.5,14,2
2026-03-25 14:45:00+00:00,234.564,-20.616,deficit,14.75,14,2
2026-03-25 15:00:00+00:00,90.54,1.645,surplus,15.0,15,2
2026-03-25 15:15:00+00:00,159.863,-10.052,deficit,15.25,15,2
2026-03-25 15:30:00+00:00,178.981,-5.959,deficit,15.5,15,2
2026-03-25 15:45:00+00:00,206.173,-5.437,deficit,15.75,15,2
2026-03-25 16:00:00+00:00,357.043,-29.136,deficit,16.0,16,2
2026-03-25 16:15:00+00:00,253.22,-35.606,deficit,16.25,16,2
2026-03-25 16:30:00+00:00,236.99,-30.306,deficit,16.5,16,2
2026-03-25 16:45:00+00:00,278.42,-18.324,deficit,16.75,16,2
2026-03-25 17:00:00+00:00,203.2453,-12.184,deficit,17.0,17,2
2026-03-25 17:15:00+00:00,235.9762,-20.415,deficit,17.25,17,2
2026-03-25 17:30:00+00:00,243.3212,-30.659,deficit,17.5,17,2
2026-03-25 17:45:00+00:00,328.7892,-30.778,deficit,17.75,17,2
2026-03-25 18:00:00+00:00,226.3085,-2.314,deficit,18.0,18,2
2026-03-25 18:15:00+00:00,218.6993,-2.135,deficit,18.25,18,2
2026-03-25 18:30:00+00:00,205.1404,-1.113,deficit,18.5,18,2
2026-03-25 18:45:00+00:00,157.46,0.209,surplus,18.75,18,2
2026-03-25 19:00:00+00:00,205.568,-8.159,deficit,19.0,19,2
2026-03-25 19:15:00+00:00,213.034,-4.999,deficit,19.25,19,2
2026-03-25 19:30:00+00:00,159.0276,0.171,surplus,19.5,19,2
2026-03-25 19:45:00+00:00,214.09,-0.03,deficit,19.75,19,2
2026-03-25 20:00:00+00:00,183.986,-5.649,deficit,20.0,20,2
2026-03-25 20:15:00+00:00,213.411,-7.504,deficit,20.25,20,2
2026-03-25 20:30:00+00:00,117.818,6.934,surplus,20.5,20,2
2026-03-25 20:45:00+00:00,152.5039,-5.339,deficit,20.75,20,2
2026-03-25 21:00:00+00:00,201.013,-16.342,deficit,21.0,21,2
2026-03-25 21:15:00+00:00,199.933,-13.312,deficit,21.25,21,2
2026-03-25 21:30:00+00:00,186.851,-11.979,deficit,21.5,21,2
2026-03-25 21:45:00+00:00,138.388,-7.66,deficit,21.75,21,2
2026-03-25 22:00:00+00:00,150.882,-11.133,deficit,22.0,22,2
2026-03-25 22:15:00+00:00,145.937,-5.781,deficit,22.25,22,2
2026-03-25 22:30:00+00:00,152.757,-5.501,deficit,22.5,22,2
2026-03-25 22:45:00+00:00,116.5032,-3.771,deficit,22.75,22,2
2026-03-25 23:00:00+00:00,117.48,-2.687,deficit,23.0,23,2
2026-03-25 23:15:00+00:00,80.767,0.555,surplus,23.25,23,2
2026-03-25 23:30:00+00:00,93.429,0.256,surplus,23.5,23,2
2026-03-25 23:45:00+00:00,78.603,0.666,surplus,23.75,23,2
2026-03-26 00:00:00+00:00,100.4942,0.539,surplus,0.0,0,3
2026-03-26 00:15:00+00:00,110.5436,-1.103,deficit,0.25,0,3
2026-03-26 00:30:00+00:00,110.5436,-0.295,deficit,0.5,0,3
2026-03-26 00:45:00+00:00,80.57,3.284,surplus,0.75,0,3
2026-03-26 01:00:00+00:00,74.576,2.835,surplus,1.0,1,3
2026-03-26 01:15:00+00:00,80.231,2.92,surplus,1.25,1,3
2026-03-26 01:30:00+00:00,94.55,1.032,surplus,1.5,1,3
2026-03-26 01:45:00+00:00,97.04,1.603,surplus,1.75,1,3
2026-03-26 02:00:00+00:00,127.912,-0.948,deficit,2.0,2,3
2026-03-26 02:15:00+00:00,59.239,2.541,surplus,2.25,2,3
2026-03-26 02:30:00+00:00,111.815,-0.276,deficit,2.5,2,3
2026-03-26 02:45:00+00:00,111.672,-3.448,deficit,2.75,2,3
2026-03-26 03:00:00+00:00,110.132,-6.906,deficit,3.0,3,3
2026-03-26 03:15:00+00:00,110.671,-5.637,deficit,3.25,3,3
2026-03-26 03:30:00+00:00,120.274,-11.464,deficit,3.5,3,3
2026-03-26 03:45:00+00:00,133.188,-8.985,deficit,3.75,3,3
2026-03-26 04:00:00+00:00,72.611,4.295,surplus,4.0,4,3
2026-03-26 04:15:00+00:00,65.409,5.988,surplus,4.25,4,3
2026-03-26 04:30:00+00:00,80.598,9.74,surplus,4.5,4,3
2026-03-26 04:45:00+00:00,67.115,7.893,surplus,4.75,4,3
2026-03-26 05:00:00+00:00,87.441,20.602,surplus,5.0,5,3
2026-03-26 05:15:00+00:00,77.712,22.764,surplus,5.25,5,3
2026-03-26 05:30:00+00:00,86.153,24.951,surplus,5.5,5,3
2026-03-26 05:45:00+00:00,128.8213,8.139,surplus,5.75,5,3
2026-03-26 06:00:00+00:00,103.398,14.899,surplus,6.0,6,3
2026-03-26 06:15:00+00:00,74.518,14.76,surplus,6.25,6,3
2026-03-26 06:30:00+00:00,81.354,11.123,surplus,6.5,6,3
2026-03-26 06:45:00+00:00,105.52,13.464,surplus,6.75,6,3
2026-03-26 07:00:00+00:00,61.471,8.167,surplus,7.0,7,3
2026-03-26 07:15:00+00:00,51.013,15.252,surplus,7.25,7,3
2026-03-26 07:30:00+00:00,82.141,14.09,surplus,7.5,7,3
2026-03-26 07:45:00+00:00,100.41,19.495,surplus,7.75,7,3
2026-03-26 08:00:00+00:00,70.477,4.837,surplus,8.0,8,3
2026-03-26 08:15:00+00:00,56.952,14.37,surplus,8.25,8,3
2026-03-26 08:30:00+00:00,75.96,17.061,surplus,8.5,8,3
2026-03-26 08:45:00+00:00,111.9966,-3.61,deficit,8.75,8,3
2026-03-26 09:00:00+00:00,113.15,-4.708,deficit,9.0,9,3
2026-03-26 09:15:00+00:00,152.011,-10.304,deficit,9.25,9,3
2026-03-26 09:30:00+00:00,325.687,-5.1,deficit,9.5,9,3
2026-03-26 09:45:00+00:00,235.743,-7.465,deficit,9.75,9,3
2026-03-26 10:00:00+00:00,99.687,-21.805,deficit,10.0,10,3
2026-03-26 10:15:00+00:00,159.323,-21.619,deficit,10.25,10,3
2026-03-26 10:30:00+00:00,154.188,-14.553,deficit,10.5,10,3
2026-03-26 10:45:00+00:00,134.126,-15.859,deficit,10.75,10,3
2026-03-26 11:00:00+00:00,151.022,-19.383,deficit,11.0,11,3
2026-03-26 11:15:00+00:00,137.845,-22.322,deficit,11.25,11,3
2026-03-26 11:30:00+00:00,154.362,-23.279,deficit,11.5,11,3
2026-03-26 11:45:00+00:00,131.957,-11.991,deficit,11.75,11,3
2026-03-26 12:00:00+00:00,110.751,-8.156,deficit,12.0,12,3
2026-03-26 12:15:00+00:00,138.053,-12.126,deficit,12.25,12,3
2026-03-26 12:30:00+00:00,139.913,-21.584,deficit,12.5,12,3
2026-03-26 12:45:00+00:00,129.959,-19.182,deficit,12.75,12,3
2026-03-26 13:00:00+00:00,178.056,-21.371,deficit,13.0,13,3
2026-03-26 13:15:00+00:00,126.5,-21.318,deficit,13.25,13,3
2026-03-26 13:30:00+00:00,147.378,-23.655,deficit,13.5,13,3
2026-03-26 13:45:00+00:00,139.073,-24.156,deficit,13.75,13,3
2026-03-26 14:00:00+00:00,143.0379,-4.519,deficit,14.0,14,3
2026-03-26 14:15:00+00:00,45.169,3.611,surplus,14.25,14,3
2026-03-26 14:30:00+00:00,149.436,-2.606,deficit,14.5,14,3
2026-03-26 14:45:00+00:00,191.238,-16.914,deficit,14.75,14,3
2026-03-26 15:00:00+00:00,33.893,7.412,surplus,15.0,15,3
2026-03-26 15:15:00+00:00,136.2262,-11.07,deficit,15.25,15,3
2026-03-26 15:30:00+00:00,203.885,-3.303,deficit,15.5,15,3
2026-03-26 15:45:00+00:00,193.402,-7.823,deficit,15.75,15,3
2026-03-26 16:00:00+00:00,45.082,2.308,surplus,16.0,16,3
2026-03-26 16:15:00+00:00,191.224,-3.487,deficit,16.25,16,3
2026-03-26 16:30:00+00:00,54.411,0.126,surplus,16.5,16,3
2026-03-26 16:45:00+00:00,202.763,-1.16,deficit,16.75,16,3
2026-03-26 17:00:00+00:00,103.571,18.012,surplus,17.0,17,3
2026-03-26 17:15:00+00:00,133.475,14.931,surplus,17.25,17,3
2026-03-26 17:30:00+00:00,119.036,12.425,surplus,17.5,17,3
2026-03-26 17:45:00+00:00,143.864,7.6,surplus,17.75,17,3
2026-03-26 18:00:00+00:00,92.56,4.105,surplus,18.0,18,3
2026-03-26 18:15:00+00:00,140.303,3.273,surplus,18.25,18,3
2026-03-26 18:30:00+00:00,112.088,4.11,surplus,18.5,18,3
2026-03-26 18:45:00+00:00,120.16,2.615,surplus,18.75,18,3
2026-03-26 19:00:00+00:00,209.627,-1.839,deficit,19.0,19,3
2026-03-26 19:15:00+00:00,111.5,2.074,surplus,19.25,19,3
2026-03-26 19:30:00+00:00,106.801,1.838,surplus,19.5,19,3
2026-03-26 19:45:00+00:00,75.259,4.461,surplus,19.75,19,3
2026-03-26 20:00:00+00:00,67.712,4.625,surplus,20.0,20,3
2026-03-26 20:15:00+00:00,109.837,14.987,surplus,20.25,20,3
2026-03-26 20:30:00+00:00,124.88,2.357,surplus,20.5,20,3
2026-03-26 20:45:00+00:00,110.278,10.421,surplus,20.75,20,3
2026-03-26 21:00:00+00:00,144.5907,-8.339,deficit,21.0,21,3
2026-03-26 21:15:00+00:00,148.857,-12.568,deficit,21.25,21,3
2026-03-26 21:30:00+00:00,145.163,-10.571,deficit,21.5,21,3
2026-03-26 21:45:00+00:00,156.947,-3.025,deficit,21.75,21,3
2026-03-26 22:00:00+00:00,136.158,-4.839,deficit,22.0,22,3
2026-03-26 22:15:00+00:00,138.153,-7.413,deficit,22.25,22,3
2026-03-26 22:30:00+00:00,129.802,-8.839,deficit,22.5,22,3
2026-03-26 22:45:00+00:00,86.14,2.103,surplus,22.75,22,3
2026-03-26 23:00:00+00:00,152.354,-1.817,deficit,23.0,23,3
2026-03-26 23:15:00+00:00,147.385,-7.834,deficit,23.25,23,3
2026-03-26 23:30:00+00:00,147.7,-1.626,deficit,23.5,23,3
2026-03-26 23:45:00+00:00,110.924,1.319,surplus,23.75,23,3
2026-03-27 00:00:00+00:00,124.5789,0.385,surplus,0.0,0,4
2026-03-27 00:15:00+00:00,137.0368,-2.502,deficit,0.25,0,4
2026-03-27 00:30:00+00:00,93.557,1.202,surplus,0.5,0,4
2026-03-27 00:45:00+00:00,67.104,1.007,surplus,0.75,0,4
2026-03-27 01:00:00+00:00,136.066,-3.914,deficit,1.0,1,4
2026-03-27 01:15:00+00:00,140.074,-9.104,deficit,1.25,1,4
2026-03-27 01:30:00+00:00,138.659,-1.659,deficit,1.5,1,4
2026-03-27 01:45:00+00:00,140.444,-3.987,deficit,1.75,1,4
2026-03-27 02:00:00+00:00,137.049,-8.327,deficit,2.0,2,4
2026-03-27 02:15:00+00:00,147.88,-14.601,deficit,2.25,2,4
2026-03-27 02:30:00+00:00,134.287,-4.666,deficit,2.5,2,4
2026-03-27 02:45:00+00:00,139.59,-9.071,deficit,2.75,2,4
2026-03-27 03:00:00+00:00,133.9409,-3.184,deficit,3.0,3,4
2026-03-27 03:15:00+00:00,133.9409,-6.449,deficit,3.25,3,4
2026-03-27 03:30:00+00:00,133.9409,-8.962,deficit,3.5,3,4
2026-03-27 03:45:00+00:00,136.026,-2.083,deficit,3.75,3,4
2026-03-27 04:00:00+00:00,100.095,2.23,surplus,4.0,4,4
2026-03-27 04:15:00+00:00,75.06,3.091,surplus,4.25,4,4
2026-03-27 04:30:00+00:00,158.763,-1.676,deficit,4.5,4,4
2026-03-27 04:45:00+00:00,97.678,1.846,surplus,4.75,4,4
2026-03-27 05:00:00+00:00,80.905,17.5,surplus,5.0,5,4
2026-03-27 05:15:00+00:00,92.995,19.499,surplus,5.25,5,4
2026-03-27 05:30:00+00:00,86.735,21.51,surplus,5.5,5,4
2026-03-27 05:45:00+00:00,51.248,16.756,surplus,5.75,5,4
2026-03-27 06:00:00+00:00,33.711,0.262,surplus,6.0,6,4
2026-03-27 06:15:00+00:00,67.87,3.47,surplus,6.25,6,4
2026-03-27 06:30:00+00:00,190.751,-3.347,deficit,6.5,6,4
2026-03-27 06:45:00+00:00,155.067,-7.341,deficit,6.75,6,4
2026-03-27 07:00:00+00:00,216.425,-9.972,deficit,7.0,7,4
2026-03-27 07:15:00+00:00,183.601,-3.894,deficit,7.25,7,4
2026-03-27 07:30:00+00:00,168.905,-15.398,deficit,7.5,7,4
2026-03-27 07:45:00+00:00,142.3444,-12.166,deficit,7.75,7,4
2026-03-27 08:00:00+00:00,169.532,-22.017,deficit,8.0,8,4
2026-03-27 08:15:00+00:00,151.657,-24.196,deficit,8.25,8,4
2026-03-27 08:30:00+00:00,143.22,-18.775,deficit,8.5,8,4
2026-03-27 08:45:00+00:00,117.084,-11.344,deficit,8.75,8,4
2026-03-27 09:00:00+00:00,152.097,-16.62,deficit,9.0,9,4
2026-03-27 09:15:00+00:00,120.703,-7.15,deficit,9.25,9,4
2026-03-27 09:30:00+00:00,128.791,-12.643,deficit,9.5,9,4
2026-03-27 09:45:00+00:00,111.383,-2.836,deficit,9.75,9,4
2026-03-27 10:00:00+00:00,111.276,-17.641,deficit,10.0,10,4
2026-03-27 10:15:00+00:00,124.865,-16.046,deficit,10.25,10,4
2026-03-27 10:30:00+00:00,143.428,-24.845,deficit,10.5,10,4
2026-03-27 10:45:00+00:00,102.0763,-26.852,deficit,10.75,10,4
2026-03-27 11:00:00+00:00,111.925,-27.973,deficit,11.0,11,4
2026-03-27 11:15:00+00:00,114.5124,-29.11,deficit,11.25,11,4
2026-03-27 11:30:00+00:00,110.8885,-24.253,deficit,11.5,11,4
2026-03-27 11:45:00+00:00,113.3076,-26.517,deficit,11.75,11,4
2026-03-27 12:00:00+00:00,116.5743,-23.75,deficit,12.0,12,4
2026-03-27 12:15:00+00:00,115.8009,-25.604,deficit,12.25,12,4
2026-03-27 12:30:00+00:00,121.672,-23.777,deficit,12.5,12,4
2026-03-27 12:45:00+00:00,112.4434,-20.154,deficit,12.75,12,4
2026-03-27 13:00:00+00:00,109.6287,-11.592,deficit,13.0,13,4
2026-03-27 13:15:00+00:00,109.7183,-7.323,deficit,13.25,13,4
2026-03-27 13:30:00+00:00,120.56,-14.147,deficit,13.5,13,4
2026-03-27 13:45:00+00:00,118.4084,-23.795,deficit,13.75,13,4
2026-03-27 14:00:00+00:00,138.173,-14.182,deficit,14.0,14,4
2026-03-27 14:15:00+00:00,117.047,-20.928,deficit,14.25,14,4
2026-03-27 14:30:00+00:00,187.905,-22.271,deficit,14.5,14,4
2026-03-27 14:45:00+00:00,142.648,-12.54,deficit,14.75,14,4
2026-03-27 15:00:00+00:00,185.858,-25.401,deficit,15.0,15,4
2026-03-27 15:15:00+00:00,163.262,-15.036,deficit,15.25,15,4
2026-03-27 15:30:00+00:00,162.12,-16.799,deficit,15.5,15,4
2026-03-27 15:45:00+00:00,241.645,-21.797,deficit,15.75,15,4
2026-03-27 16:00:00+00:00,130.445,-8.566,deficit,16.0,16,4
2026-03-27 16:15:00+00:00,157.575,-8.995,deficit,16.25,16,4
2026-03-27 16:30:00+00:00,181.753,-13.982,deficit,16.5,16,4
2026-03-27 16:45:00+00:00,67.684,0.76,surplus,16.75,16,4
2026-03-27 17:00:00+00:00,88.887,10.33,surplus,17.0,17,4
2026-03-27 17:15:00+00:00,114.687,3.726,surplus,17.25,17,4
2026-03-27 17:30:00+00:00,98.926,3.596,surplus,17.5,17,4
2026-03-27 17:45:00+00:00,65.535,8.825,surplus,17.75,17,4
2026-03-27 18:00:00+00:00,231.055,-0.181,deficit,18.0,18,4
2026-03-27 18:15:00+00:00,112.877,1.02,surplus,18.25,18,4
2026-03-27 18:30:00+00:00,93.77,4.711,surplus,18.5,18,4
2026-03-27 18:45:00+00:00,118.353,8.34,surplus,18.75,18,4
2026-03-27 19:00:00+00:00,204.424,-10.909,deficit,19.0,19,4
2026-03-27 19:15:00+00:00,175.67,-8.799,deficit,19.25,19,4
2026-03-27 19:30:00+00:00,147.51,-9.262,deficit,19.5,19,4
2026-03-27 19:45:00+00:00,134.156,-10.827,deficit,19.75,19,4
2026-03-27 20:00:00+00:00,157.047,-2.46,deficit,20.0,20,4
2026-03-27 20:15:00+00:00,146.091,-7.91,deficit,20.25,20,4
2026-03-27 20:30:00+00:00,136.51,-9.257,deficit,20.5,20,4
2026-03-27 20:45:00+00:00,121.231,-4.139,deficit,20.75,20,4
2026-03-27 21:00:00+00:00,150.581,-5.997,deficit,21.0,21,4
2026-03-27 21:15:00+00:00,136.578,-9.376,deficit,21.25,21,4
2026-03-27 21:30:00+00:00,129.349,-1.733,deficit,21.5,21,4
2026-03-27 21:45:00+00:00,118.855,-5.506,deficit,21.75,21,4
2026-03-27 22:00:00+00:00,125.015,-10.622,deficit,22.0,22,4
2026-03-27 22:15:00+00:00,117.579,-9.024,deficit,22.25,22,4
2026-03-27 22:30:00+00:00,115.775,-17.843,deficit,22.5,22,4
2026-03-27 22:45:00+00:00,108.086,-11.903,deficit,22.75,22,4
2026-03-27 23:00:00+00:00,111.476,-40.942,deficit,23.0,23,4
2026-03-27 23:15:00+00:00,140.219,-33.739,deficit,23.25,23,4
2026-03-27 23:30:00+00:00,112.431,-4.745,deficit,23.5,23,4
2026-03-27 23:45:00+00:00,98.604,-2.895,deficit,23.75,23,4
2026-03-28 00:00:00+00:00,84.586,6.825,surplus,0.0,0,5
2026-03-28 00:15:00+00:00,93.3,0.256,surplus,0.25,0,5
2026-03-28 00:30:00+00:00,82.742,2.54,surplus,0.5,0,5
2026-03-28 00:45:00+00:00,79.897,2.073,surplus,0.75,0,5
2026-03-28 01:00:00+00:00,88.541,6.606,surplus,1.0,1,5
2026-03-28 01:15:00+00:00,78.932,11.708,surplus,1.25,1,5
2026-03-28 01:30:00+00:00,84.73,16.309,surplus,1.5,1,5
2026-03-28 01:45:00+00:00,81.098,4.474,surplus,1.75,1,5
2026-03-28 02:00:00+00:00,89.56,4.767,surplus,2.0,2,5
2026-03-28 02:15:00+00:00,90.35,0.56,surplus,2.25,2,5
2026-03-28 02:30:00+00:00,127.365,-14.457,deficit,2.5,2,5
2026-03-28 02:45:00+00:00,109.142,-8.21,deficit,2.75,2,5
2026-03-28 03:00:00+00:00,112.0517,-5.961,deficit,3.0,3,5
2026-03-28 03:15:00+00:00,121.172,-1.121,deficit,3.25,3,5
2026-03-28 03:30:00+00:00,112.0517,-11.867,deficit,3.5,3,5
2026-03-28 03:45:00+00:00,112.0517,-10.18,deficit,3.75,3,5
2026-03-28 04:00:00+00:00,104.1555,-11.374,deficit,4.0,4,5
2026-03-28 04:15:00+00:00,112.3381,-1.411,deficit,4.25,4,5
2026-03-28 04:30:00+00:00,105.479,-3.789,deficit,4.5,4,5
2026-03-28 04:45:00+00:00,109.593,-7.954,deficit,4.75,4,5
2026-03-28 05:00:00+00:00,100.9428,-4.398,deficit,5.0,5,5
2026-03-28 05:15:00+00:00,91.423,1.826,surplus,5.25,5,5
2026-03-28 05:30:00+00:00,100.9428,-1.145,deficit,5.5,5,5
2026-03-28 05:45:00+00:00,99.523,-5.124,deficit,5.75,5,5
2026-03-28 06:00:00+00:00,112.7043,-4.642,deficit,6.0,6,5
2026-03-28 06:15:00+00:00,81.85,3.0,surplus,6.25,6,5
2026-03-28 06:30:00+00:00,60.233,3.099,surplus,6.5,6,5
2026-03-28 06:45:00+00:00,59.262,5.485,surplus,6.75,6,5
2026-03-28 07:00:00+00:00,147.837,-1.754,deficit,7.0,7,5
2026-03-28 07:15:00+00:00,112.517,-0.887,deficit,7.25,7,5
2026-03-28 07:30:00+00:00,74.206,-6.507,deficit,7.5,7,5
2026-03-28 07:45:00+00:00,56.59,-8.602,deficit,7.75,7,5
2026-03-28 08:00:00+00:00,83.776,-20.493,deficit,8.0,8,5
2026-03-28 08:15:00+00:00,54.109,-28.186,deficit,8.25,8,5
2026-03-28 08:30:00+00:00,54.179,-23.911,deficit,8.5,8,5
2026-03-28 08:45:00+00:00,40.7,-17.505,deficit,8.75,8,5
2026-03-28 09:00:00+00:00,62.285,-2.746,deficit,9.0,9,5
2026-03-28 09:15:00+00:00,9.0834,13.373,surplus,9.25,9,5
2026-03-28 09:30:00+00:00,9.9,13.828,surplus,9.5,9,5
2026-03-28 09:45:00+00:00,6.7,18.517,surplus,9.75,9,5
2026-03-28 10:00:00+00:00,9.05,2.388,surplus,10.0,10,5
2026-03-28 10:15:00+00:00,8.35,6.271,surplus,10.25,10,5
2026-03-28 10:30:00+00:00,7.43,0.73,surplus,10.5,10,5
2026-03-28 10:45:00+00:00,6.84,4.804,surplus,10.75,10,5
2026-03-28 11:00:00+00:00,7.0,20.017,surplus,11.0,11,5
2026-03-28 11:15:00+00:00,5.0,20.302,surplus,11.25,11,5
2026-03-28 11:30:00+00:00,6.43,18.847,surplus,11.5,11,5
2026-03-28 11:45:00+00:00,8.43,12.972,surplus,11.75,11,5
2026-03-28 12:00:00+00:00,6.4,10.566,surplus,12.0,12,5
2026-03-28 12:15:00+00:00,6.7,7.582,surplus,12.25,12,5
2026-03-28 12:30:00+00:00,8.47,5.77,surplus,12.5,12,5
2026-03-28 12:45:00+00:00,10.15,2.638,surplus,12.75,12,5
2026-03-28 13:00:00+00:00,42.198,-0.045,deficit,13.0,13,5
2026-03-28 13:15:00+00:00,9.54,6.72,surplus,13.25,13,5
2026-03-28 13:30:00+00:00,24.99,1.469,surplus,13.5,13,5
2026-03-28 13:45:00+00:00,41.77,2.424,surplus,13.75,13,5
2026-03-28 14:00:00+00:00,22.28,4.625,surplus,14.0,14,5
2026-03-28 14:15:00+00:00,70.682,-0.789,deficit,14.25,14,5
2026-03-28 14:30:00+00:00,97.994,-6.0,deficit,14.5,14,5
2026-03-28 14:45:00+00:00,101.189,-8.626,deficit,14.75,14,5
2026-03-28 15:00:00+00:00,95.6339,-0.055,deficit,15.0,15,5
2026-03-28 15:15:00+00:00,85.74,1.439,surplus,15.25,15,5
2026-03-28 15:30:00+00:00,131.2351,-6.377,deficit,15.5,15,5
2026-03-28 15:45:00+00:00,127.8031,-6.151,deficit,15.75,15,5
2026-03-28 16:00:00+00:00,164.244,-0.766,deficit,16.0,16,5
2026-03-28 16:15:00+00:00,111.891,2.516,surplus,16.25,16,5
2026-03-28 16:30:00+00:00,143.121,-11.592,deficit,16.5,16,5
2026-03-28 16:45:00+00:00,168.168,-19.556,deficit,16.75,16,5
2026-03-28 17:00:00+00:00,163.937,-20.814,deficit,17.0,17,5
2026-03-28 17:15:00+00:00,110.758,0.241,surplus,17.25,17,5
2026-03-28 17:30:00+00:00,164.01,-10.328,deficit,17.5,17,5
2026-03-28 17:45:00+00:00,173.015,-9.33,deficit,17.75,17,5
2026-03-28 18:00:00+00:00,177.4716,-24.825,deficit,18.0,18,5
2026-03-28 18:15:00+00:00,178.895,-25.775,deficit,18.25,18,5
2026-03-28 18:30:00+00:00,178.002,-18.891,deficit,18.5,18,5
2026-03-28 18:45:00+00:00,173.7951,-8.132,deficit,18.75,18,5
2026-03-28 19:00:00+00:00,177.969,-3.835,deficit,19.0,19,5
2026-03-28 19:15:00+00:00,167.7712,-5.486,deficit,19.25,19,5
2026-03-28 19:30:00+00:00,163.5808,-6.72,deficit,19.5,19,5
2026-03-28 19:45:00+00:00,159.3412,-11.614,deficit,19.75,19,5
2026-03-28 20:00:00+00:00,159.093,-9.241,deficit,20.0,20,5
2026-03-28 20:15:00+00:00,75.283,1.551,surplus,20.25,20,5
2026-03-28 20:30:00+00:00,88.298,0.223,surplus,20.5,20,5
2026-03-28 20:45:00+00:00,85.145,4.82,surplus,20.75,20,5
2026-03-28 21:00:00+00:00,144.4043,-5.035,deficit,21.0,21,5
2026-03-28 21:15:00+00:00,143.682,-1.31,deficit,21.25,21,5
2026-03-28 21:30:00+00:00,140.5791,-1.212,deficit,21.5,21,5
2026-03-28 21:45:00+00:00,71.871,2.512,surplus,21.75,21,5
2026-03-28 22:00:00+00:00,143.0,-9.073,deficit,22.0,22,5
2026-03-28 22:15:00+00:00,129.9547,-13.78,deficit,22.25,22,5
2026-03-28 22:30:00+00:00,133.012,-8.045,deficit,22.5,22,5
2026-03-28 22:45:00+00:00,126.059,-3.512,deficit,22.75,22,5
2026-03-28 23:00:00+00:00,138.468,-3.951,deficit,23.0,23,5
2026-03-28 23:15:00+00:00,82.793,0.586,surplus,23.25,23,5
2026-03-28 23:30:00+00:00,95.059,0.8,surplus,23.5,23,5
2026-03-28 23:45:00+00:00,71.798,0.129,surplus,23.75,23,5
2026-03-29 00:00:00+00:00,124.256,-0.916,deficit,0.0,0,6
2026-03-29 00:15:00+00:00,119.46,-5.595,deficit,0.25,0,6
2026-03-29 00:30:00+00:00,117.865,-3.048,deficit,0.5,0,6
2026-03-29 00:45:00+00:00,80.494,0.155,surplus,0.75,0,6
2026-03-29 01:00:00+00:00,127.514,-8.754,deficit,1.0,1,6
2026-03-29 01:15:00+00:00,128.565,-9.291,deficit,1.25,1,6
2026-03-29 01:30:00+00:00,123.651,-5.486,deficit,1.5,1,6
2026-03-29 01:45:00+00:00,119.031,-4.038,deficit,1.75,1,6
2026-03-29 02:00:00+00:00,130.196,-4.155,deficit,2.0,2,6
2026-03-29 02:15:00+00:00,122.98,-9.347,deficit,2.25,2,6
2026-03-29 02:30:00+00:00,123.431,-6.834,deficit,2.5,2,6
2026-03-29 02:45:00+00:00,123.981,-5.431,deficit,2.75,2,6
2026-03-29 03:00:00+00:00,121.517,-1.458,deficit,3.0,3,6
2026-03-29 03:15:00+00:00,123.607,-2.308,deficit,3.25,3,6
2026-03-29 03:30:00+00:00,120.747,-3.346,deficit,3.5,3,6
2026-03-29 03:45:00+00:00,121.2594,-5.772,deficit,3.75,3,6
2026-03-29 04:00:00+00:00,122.5232,-2.107,deficit,4.0,4,6
2026-03-29 04:15:00+00:00,125.1687,-0.653,deficit,4.25,4,6
2026-03-29 04:30:00+00:00,129.5191,-0.296,deficit,4.5,4,6
2026-03-29 04:45:00+00:00,117.784,4.836,surplus,4.75,4,6
2026-03-29 05:00:00+00:00,115.1633,7.437,surplus,5.0,5,6
2026-03-29 05:15:00+00:00,102.739,2.495,surplus,5.25,5,6
2026-03-29 05:30:00+00:00,58.653,8.785,surplus,5.5,5,6
2026-03-29 05:45:00+00:00,63.853,9.133,surplus,5.75,5,6
2026-03-29 06:00:00+00:00,68.318,6.325,surplus,6.0,6,6
2026-03-29 06:15:00+00:00,49.644,5.923,surplus,6.25,6,6
2026-03-29 06:30:00+00:00,126.9459,-1.493,deficit,6.5,6,6
2026-03-29 06:45:00+00:00,65.616,1.075,surplus,6.75,6,6
2026-03-29 07:00:00+00:00,125.213,-16.574,deficit,7.0,7,6
2026-03-29 07:15:00+00:00,113.8513,-17.332,deficit,7.25,7,6
2026-03-29 07:30:00+00:00,110.6785,-19.376,deficit,7.5,7,6
2026-03-29 07:45:00+00:00,102.9129,-9.708,deficit,7.75,7,6
2026-03-29 08:00:00+00:00,111.342,-18.329,deficit,8.0,8,6
2026-03-29 08:15:00+00:00,97.152,-22.911,deficit,8.25,8,6
2026-03-29 08:30:00+00:00,91.0325,-26.197,deficit,8.5,8,6
2026-03-29 08:45:00+00:00,82.0353,-13.877,deficit,8.75,8,6
2026-03-29 09:00:00+00:00,100.386,-16.566,deficit,9.0,9,6
2026-03-29 09:15:00+00:00,88.75,-11.703,deficit,9.25,9,6
2026-03-29 09:30:00+00:00,85.009,-12.839,deficit,9.5,9,6
2026-03-29 09:45:00+00:00,87.769,-9.562,deficit,9.75,9,6
2026-03-29 10:00:00+00:00,65.753,-34.252,deficit,10.0,10,6
2026-03-29 10:15:00+00:00,57.112,-37.242,deficit,10.25,10,6
2026-03-29 10:30:00+00:00,50.248,-35.571,deficit,10.5,10,6
2026-03-29 10:45:00+00:00,42.735,-25.902,deficit,10.75,10,6
2026-03-29 11:00:00+00:00,48.488,-22.948,deficit,11.0,11,6
2026-03-29 11:15:00+00:00,29.942,-12.677,deficit,11.25,11,6
2026-03-29 11:30:00+00:00,16.5,-12.466,deficit,11.5,11,6
2026-03-29 11:45:00+00:00,14.6288,-16.436,deficit,11.75,11,6
2026-03-29 12:00:00+00:00,9.966,-5.787,deficit,12.0,12,6
2026-03-29 12:15:00+00:00,10.3736,-12.675,deficit,12.25,12,6
2026-03-29 12:30:00+00:00,11.264,-14.907,deficit,12.5,12,6
2026-03-29 12:45:00+00:00,15.136,-21.334,deficit,12.75,12,6
2026-03-29 13:00:00+00:00,19.767,-25.441,deficit,13.0,13,6
2026-03-29 13:15:00+00:00,55.478,-19.9,deficit,13.25,13,6
2026-03-29 13:30:00+00:00,25.876,-25.3,deficit,13.5,13,6
2026-03-29 13:45:00+00:00,25.974,-24.046,deficit,13.75,13,6
2026-03-29 14:00:00+00:00,42.326,-20.995,deficit,14.0,14,6
2026-03-29 14:15:00+00:00,111.178,-28.679,deficit,14.25,14,6
2026-03-29 14:30:00+00:00,109.85,-32.917,deficit,14.5,14,6
2026-03-29 14:45:00+00:00,121.405,-24.563,deficit,14.75,14,6
2026-03-29 15:00:00+00:00,109.962,-22.946,deficit,15.0,15,6
2026-03-29 15:15:00+00:00,123.5205,-21.279,deficit,15.25,15,6
2026-03-29 15:30:00+00:00,128.3499,-28.266,deficit,15.5,15,6
2026-03-29 15:45:00+00:00,140.69,-28.445,deficit,15.75,15,6
2026-03-29 16:00:00+00:00,138.0822,-22.323,deficit,16.0,16,6
2026-03-29 16:15:00+00:00,127.3389,-21.148,deficit,16.25,16,6
2026-03-29 16:30:00+00:00,138.0822,-9.497,deficit,16.5,16,6
2026-03-29 16:45:00+00:00,140.239,-5.912,deficit,16.75,16,6
2026-03-29 17:00:00+00:00,152.16,-5.415,deficit,17.0,17,6
2026-03-29 17:15:00+00:00,158.9416,-4.818,deficit,17.25,17,6
2026-03-29 17:30:00+00:00,156.4445,-11.478,deficit,17.5,17,6
2026-03-29 17:45:00+00:00,168.3381,-12.614,deficit,17.75,17,6
2026-03-29 18:00:00+00:00,159.038,-23.284,deficit,18.0,18,6
2026-03-29 18:15:00+00:00,145.2984,-20.633,deficit,18.25,18,6
2026-03-29 18:30:00+00:00,145.2984,-11.095,deficit,18.5,18,6
2026-03-29 18:45:00+00:00,141.4804,-8.053,deficit,18.75,18,6
2026-03-29 19:00:00+00:00,141.999,-7.297,deficit,19.0,19,6
2026-03-29 19:15:00+00:00,130.9141,-9.892,deficit,19.25,19,6
2026-03-29 19:30:00+00:00,129.1103,-11.07,deficit,19.5,19,6
2026-03-29 19:45:00+00:00,126.9722,-11.229,deficit,19.75,19,6
2026-03-29 20:00:00+00:00,141.779,-12.144,deficit,20.0,20,6
2026-03-29 20:15:00+00:00,123.123,-4.785,deficit,20.25,20,6
2026-03-29 20:30:00+00:00,121.756,-3.553,deficit,20.5,20,6
2026-03-29 20:45:00+00:00,115.2677,-1.253,deficit,20.75,20,6
2026-03-29 21:00:00+00:00,145.222,-14.28,deficit,21.0,21,6
2026-03-29 21:15:00+00:00,104.7025,-14.264,deficit,21.25,21,6
2026-03-29 21:30:00+00:00,121.96,-9.242,deficit,21.5,21,6
2026-03-29 21:45:00+00:00,94.4975,-6.308,deficit,21.75,21,6
2026-03-29 22:00:00+00:00,102.872,-13.924,deficit,22.0,22,6
2026-03-29 22:15:00+00:00,84.601,-16.854,deficit,22.25,22,6
2026-03-29 22:30:00+00:00,77.946,-10.771,deficit,22.5,22,6
2026-03-29 22:45:00+00:00,85.6702,-1.589,deficit,22.75,22,6
2026-03-29 23:00:00+00:00,67.183,-7.933,deficit,23.0,23,6
2026-03-29 23:15:00+00:00,90.299,-11.547,deficit,23.25,23,6
2026-03-29 23:30:00+00:00,39.031,4.705,surplus,23.5,23,6
2026-03-29 23:45:00+00:00,2.258,5.878,surplus,23.75,23,6
2026-03-30 00:00:00+00:00,88.3715,-7.306,deficit,0.0,0,0
2026-03-30 00:15:00+00:00,87.1673,-7.592,deficit,0.25,0,0
2026-03-30 00:30:00+00:00,86.0618,-3.338,deficit,0.5,0,0
2026-03-30 00:45:00+00:00,86.0154,-0.675,deficit,0.75,0,0
2026-03-30 01:00:00+00:00,84.3908,-7.446,deficit,1.0,1,0
2026-03-30 01:15:00+00:00,86.768,-12.048,deficit,1.25,1,0
2026-03-30 01:30:00+00:00,83.0817,-2.189,deficit,1.5,1,0
2026-03-30 01:45:00+00:00,85.1946,-1.356,deficit,1.75,1,0
2026-03-30 02:00:00+00:00,91.465,-3.725,deficit,2.0,2,0
2026-03-30 02:15:00+00:00,94.309,-5.962,deficit,2.25,2,0
2026-03-30 02:30:00+00:00,69.973,1.674,surplus,2.5,2,0
2026-03-30 02:45:00+00:00,100.199,-2.215,deficit,2.75,2,0
2026-03-30 03:00:00+00:00,44.52,2.231,surplus,3.0,3,0
2026-03-30 03:15:00+00:00,134.837,-1.395,deficit,3.25,3,0
2026-03-30 03:30:00+00:00,93.525,2.433,surplus,3.5,3,0
2026-03-30 03:45:00+00:00,44.306,11.779,surplus,3.75,3,0
2026-03-30 04:00:00+00:00,48.664,1.142,surplus,4.0,4,0
2026-03-30 04:15:00+00:00,166.8927,-5.62,deficit,4.25,4,0
2026-03-30 04:30:00+00:00,163.823,-5.543,deficit,4.5,4,0
2026-03-30 04:45:00+00:00,185.207,-8.973,deficit,4.75,4,0
2026-03-30 05:00:00+00:00,201.938,-8.675,deficit,5.0,5,0
2026-03-30 05:15:00+00:00,205.502,-15.538,deficit,5.25,5,0
2026-03-30 05:30:00+00:00,207.5289,-14.76,deficit,5.5,5,0
2026-03-30 05:45:00+00:00,196.856,-8.572,deficit,5.75,5,0
2026-03-30 06:00:00+00:00,213.8633,-16.087,deficit,6.0,6,0
2026-03-30 06:15:00+00:00,318.885,-25.624,deficit,6.25,6,0
2026-03-30 06:30:00+00:00,445.626,-30.548,deficit,6.5,6,0
2026-03-30 06:45:00+00:00,393.216,-19.16,deficit,6.75,6,0
2026-03-30 07:00:00+00:00,206.635,-29.234,deficit,7.0,7,0
2026-03-30 07:15:00+00:00,190.778,-37.028,deficit,7.25,7,0
2026-03-30 07:30:00+00:00,353.641,-44.249,deficit,7.5,7,0
2026-03-30 07:45:00+00:00,234.864,-30.957,deficit,7.75,7,0
2026-03-30 08:00:00+00:00,251.157,-32.371,deficit,8.0,8,0
2026-03-30 08:15:00+00:00,170.1097,-16.678,deficit,8.25,8,0
2026-03-30 08:30:00+00:00,181.4844,-15.225,deficit,8.5,8,0
2026-03-30 08:45:00+00:00,154.0914,-7.311,deficit,8.75,8,0
2026-03-30 09:00:00+00:00,162.3446,-19.323,deficit,9.0,9,0
2026-03-30 09:15:00+00:00,159.9103,-18.554,deficit,9.25,9,0
2026-03-30 09:30:00+00:00,155.3819,-11.165,deficit,9.5,9,0
2026-03-30 09:45:00+00:00,387.7,-14.709,deficit,9.75,9,0
2026-03-30 10:00:00+00:00,153.45,-3.649,deficit,10.0,10,0
2026-03-30 10:15:00+00:00,149.193,-14.045,deficit,10.25,10,0
2026-03-30 10:30:00+00:00,148.929,-11.503,deficit,10.5,10,0
2026-03-30 10:45:00+00:00,137.6514,-12.038,deficit,10.75,10,0
2026-03-30 11:00:00+00:00,91.259,0.248,surplus,11.0,11,0
2026-03-30 11:15:00+00:00,123.162,0.749,surplus,11.25,11,0
2026-03-30 11:30:00+00:00,112.416,6.891,surplus,11.5,11,0
2026-03-30 11:45:00+00:00,81.328,12.843,surplus,11.75,11,0
2026-03-30 12:00:00+00:00,70.955,13.407,surplus,12.0,12,0
2026-03-30 12:15:00+00:00,96.465,14.24,surplus,12.25,12,0
2026-03-30 12:30:00+00:00,110.378,8.775,surplus,12.5,12,0
2026-03-30 12:45:00+00:00,63.251,9.972,surplus,12.75,12,0
2026-03-30 13:00:00+00:00,0.872,2.932,surplus,13.0,13,0
2026-03-30 13:15:00+00:00,8.112,9.597,surplus,13.25,13,0
2026-03-30 13:30:00+00:00,29.292,25.64,surplus,13.5,13,0
2026-03-30 13:45:00+00:00,81.3107,27.79,surplus,13.75,13,0
2026-03-30 14:00:00+00:00,113.619,7.313,surplus,14.0,14,0
2026-03-30 14:15:00+00:00,117.69,4.468,surplus,14.25,14,0
2026-03-30 14:30:00+00:00,114.956,7.494,surplus,14.5,14,0
2026-03-30 14:45:00+00:00,6.152,9.415,surplus,14.75,14,0
2026-03-30 15:00:00+00:00,77.221,0.883,surplus,15.0,15,0
2026-03-30 15:15:00+00:00,26.254,12.796,surplus,15.25,15,0
2026-03-30 15:30:00+00:00,85.18,6.932,surplus,15.5,15,0
2026-03-30 15:45:00+00:00,98.804,8.815,surplus,15.75,15,0
2026-03-30 16:00:00+00:00,54.294,10.794,surplus,16.0,16,0
2026-03-30 16:15:00+00:00,55.073,26.06,surplus,16.25,16,0
2026-03-30 16:30:00+00:00,89.446,19.582,surplus,16.5,16,0
2026-03-30 16:45:00+00:00,56.306,15.803,surplus,16.75,16,0
2026-03-30 17:00:00+00:00,127.759,0.16,surplus,17.0,17,0
2026-03-30 17:15:00+00:00,250.074,-1.271,deficit,17.25,17,0
2026-03-30 17:30:00+00:00,258.038,-3.031,deficit,17.5,17,0
2026-03-30 17:45:00+00:00,148.856,2.794,surplus,17.75,17,0
2026-03-30 18:00:00+00:00,323.488,-3.874,deficit,18.0,18,0
2026-03-30 18:15:00+00:00,245.971,-2.284,deficit,18.25,18,0
2026-03-30 18:30:00+00:00,214.643,-0.906,deficit,18.5,18,0
2026-03-30 18:45:00+00:00,164.28,5.556,surplus,18.75,18,0
2026-03-30 19:00:00+00:00,235.616,-6.175,deficit,19.0,19,0
2026-03-30 19:15:00+00:00,194.469,-7.142,deficit,19.25,19,0
2026-03-30 19:30:00+00:00,167.4662,-6.262,deficit,19.5,19,0
2026-03-30 19:45:00+00:00,153.9082,-9.803,deficit,19.75,19,0
2026-03-30 20:00:00+00:00,164.178,-5.746,deficit,20.0,20,0
2026-03-30 20:15:00+00:00,159.1363,-4.4,deficit,20.25,20,0
2026-03-30 20:30:00+00:00,173.698,-1.947,deficit,20.5,20,0
2026-03-30 20:45:00+00:00,170.918,-1.701,deficit,20.75,20,0
2026-03-30 21:00:00+00:00,165.583,-3.605,deficit,21.0,21,0
2026-03-30 21:15:00+00:00,147.091,-7.091,deficit,21.25,21,0
2026-03-30 21:30:00+00:00,149.189,-10.03,deficit,21.5,21,0
2026-03-30 21:45:00+00:00,135.093,-8.374,deficit,21.75,21,0
2026-03-30 22:00:00+00:00,143.847,-17.532,deficit,22.0,22,0
2026-03-30 22:15:00+00:00,135.652,-15.441,deficit,22.25,22,0
2026-03-30 22:30:00+00:00,121.0,-11.693,deficit,22.5,22,0
2026-03-30 22:45:00+00:00,121.266,-2.379,deficit,22.75,22,0
2026-03-30 23:00:00+00:00,122.903,-1.457,deficit,23.0,23,0
2026-03-30 23:15:00+00:00,120.263,-0.164,deficit,23.25,23,0
2026-03-30 23:30:00+00:00,130.619,-1.725,deficit,23.5,23,0
2026-03-30 23:45:00+00:00,136.489,-0.343,deficit,23.75,23,0
2026-03-31 00:00:00+00:00,132.9878,-9.731,deficit,0.0,0,1
2026-03-31 00:15:00+00:00,132.9878,-8.08,deficit,0.25,0,1
2026-03-31 00:30:00+00:00,132.9878,-7.234,deficit,0.5,0,1
2026-03-31 00:45:00+00:00,132.9878,-7.794,deficit,0.75,0,1
2026-03-31 01:00:00+00:00,82.915,0.24,surplus,1.0,1,1
2026-03-31 01:15:00+00:00,131.3755,-6.828,deficit,1.25,1,1
2026-03-31 01:30:00+00:00,131.7003,-0.173,deficit,1.5,1,1
2026-03-31 01:45:00+00:00,131.7003,-3.566,deficit,1.75,1,1
2026-03-31 02:00:00+00:00,91.922,0.237,surplus,2.0,2,1
2026-03-31 02:15:00+00:00,141.729,-2.976,deficit,2.25,2,1
2026-03-31 02:30:00+00:00,104.03,0.513,surplus,2.5,2,1
2026-03-31 02:45:00+00:00,99.844,1.57,surplus,2.75,2,1
2026-03-31 03:00:00+00:00,70.97,2.027,surplus,3.0,3,1
2026-03-31 03:15:00+00:00,143.264,-4.811,deficit,3.25,3,1
2026-03-31 03:30:00+00:00,171.6,-1.0,deficit,3.5,3,1
2026-03-31 03:45:00+00:00,158.774,-2.437,deficit,3.75,3,1
2026-03-31 04:00:00+00:00,170.062,-0.104,deficit,4.0,4,1
2026-03-31 04:15:00+00:00,125.66,1.793,surplus,4.25,4,1
2026-03-31 04:30:00+00:00,54.68,1.449,surplus,4.5,4,1
2026-03-31 04:45:00+00:00,210.419,-2.238,deficit,4.75,4,1
2026-03-31 05:00:00+00:00,201.344,-5.421,deficit,5.0,5,1
2026-03-31 05:15:00+00:00,212.223,-8.583,deficit,5.25,5,1
2026-03-31 05:30:00+00:00,193.8914,-8.048,deficit,5.5,5,1
2026-03-31 05:45:00+00:00,187.5483,-7.089,deficit,5.75,5,1
2026-03-31 06:00:00+00:00,152.368,0.102,surplus,6.0,6,1
2026-03-31 06:15:00+00:00,151.545,2.821,surplus,6.25,6,1
2026-03-31 06:30:00+00:00,187.011,-2.059,deficit,6.5,6,1
2026-03-31 06:45:00+00:00,179.104,-0.027,deficit,6.75,6,1
2026-03-31 07:00:00+00:00,212.641,-1.434,deficit,7.0,7,1
2026-03-31 07:15:00+00:00,187.825,-0.992,deficit,7.25,7,1
2026-03-31 07:30:00+00:00,95.716,0.165,surplus,7.5,7,1
2026-03-31 07:45:00+00:00,150.6187,-8.742,deficit,7.75,7,1
2026-03-31 08:00:00+00:00,201.245,-6.697,deficit,8.0,8,1
2026-03-31 08:15:00+00:00,170.357,-9.863,deficit,8.25,8,1
2026-03-31 08:30:00+00:00,163.691,-11.492,deficit,8.5,8,1
2026-03-31 08:45:00+00:00,142.01,-25.878,deficit,8.75,8,1
2026-03-31 09:00:00+00:00,153.505,-12.849,deficit,9.0,9,1
2026-03-31 09:15:00+00:00,156.295,-12.04,deficit,9.25,9,1
2026-03-31 09:30:00+00:00,203.567,-14.248,deficit,9.5,9,1
2026-03-31 09:45:00+00:00,169.829,-6.53,deficit,9.75,9,1
2026-03-31 10:00:00+00:00,145.365,-16.475,deficit,10.0,10,1
2026-03-31 10:15:00+00:00,149.6,-19.005,deficit,10.25,10,1
2026-03-31 10:30:00+00:00,154.759,-11.698,deficit,10.5,10,1
2026-03-31 10:45:00+00:00,156.255,-3.227,deficit,10.75,10,1
2026-03-31 11:00:00+00:00,164.307,-7.808,deficit,11.0,11,1
2026-03-31 11:15:00+00:00,178.86,-0.143,deficit,11.25,11,1
2026-03-31 11:30:00+00:00,168.721,-3.062,deficit,11.5,11,1
2026-03-31 11:45:00+00:00,104.537,-8.735,deficit,11.75,11,1
2026-03-31 12:00:00+00:00,132.934,-10.005,deficit,12.0,12,1
2026-03-31 12:15:00+00:00,122.9094,-9.917,deficit,12.25,12,1
2026-03-31 12:30:00+00:00,131.615,-8.358,deficit,12.5,12,1
2026-03-31 12:45:00+00:00,124.168,-2.965,deficit,12.75,12,1
2026-03-31 13:00:00+00:00,125.1083,-2.026,deficit,13.0,13,1
2026-03-31 13:15:00+00:00,121.5536,-6.58,deficit,13.25,13,1
2026-03-31 13:30:00+00:00,123.4756,-3.889,deficit,13.5,13,1
2026-03-31 13:45:00+00:00,21.945,5.323,surplus,13.75,13,1
2026-03-31 14:00:00+00:00,60.886,34.767,surplus,14.0,14,1
2026-03-31 14:15:00+00:00,49.303,33.65,surplus,14.25,14,1
2026-03-31 14:30:00+00:00,105.895,33.291,surplus,14.5,14,1
2026-03-31 14:45:00+00:00,104.507,34.185,surplus,14.75,14,1
2026-03-31 15:00:00+00:00,58.76,7.856,surplus,15.0,15,1
2026-03-31 15:15:00+00:00,126.815,1.732,surplus,15.25,15,1
2026-03-31 15:30:00+00:00,53.423,21.019,surplus,15.5,15,1
2026-03-31 15:45:00+00:00,51.287,17.633,surplus,15.75,15,1
2026-03-31 16:00:00+00:00,79.036,9.442,surplus,16.0,16,1
2026-03-31 16:15:00+00:00,99.475,5.153,surplus,16.25,16,1
2026-03-31 16:30:00+00:00,76.692,8.079,surplus,16.5,16,1
2026-03-31 16:45:00+00:00,115.925,21.016,surplus,16.75,16,1
2026-03-31 17:00:00+00:00,72.002,17.663,surplus,17.0,17,1
2026-03-31 17:15:00+00:00,90.318,16.63,surplus,17.25,17,1
2026-03-31 17:30:00+00:00,157.142,8.484,surplus,17.5,17,1
2026-03-31 17:45:00+00:00,152.214,7.137,surplus,17.75,17,1
2026-03-31 18:00:00+00:00,121.542,0.657,surplus,18.0,18,1
2026-03-31 18:15:00+00:00,155.479,3.149,surplus,18.25,18,1
2026-03-31 18:30:00+00:00,147.206,4.27,surplus,18.5,18,1
2026-03-31 18:45:00+00:00,65.59,5.354,surplus,18.75,18,1
2026-03-31 19:00:00+00:00,115.793,3.234,surplus,19.0,19,1
2026-03-31 19:15:00+00:00,138.807,4.219,surplus,19.25,19,1
2026-03-31 19:30:00+00:00,136.954,1.652,surplus,19.5,19,1
2026-03-31 19:45:00+00:00,121.445,7.752,surplus,19.75,19,1
2026-03-31 20:00:00+00:00,100.467,1.545,surplus,20.0,20,1
2026-03-31 20:15:00+00:00,177.43,-1.663,deficit,20.25,20,1
2026-03-31 20:30:00+00:00,119.888,4.737,surplus,20.5,20,1
2026-03-31 20:45:00+00:00,147.7068,5.265,surplus,20.75,20,1
2026-03-31 21:00:00+00:00,169.587,-2.473,deficit,21.0,21,1
2026-03-31 21:15:00+00:00,79.696,1.946,surplus,21.25,21,1
2026-03-31 21:30:00+00:00,103.652,0.738,surplus,21.5,21,1
2026-03-31 21:45:00+00:00,157.4311,-1.828,deficit,21.75,21,1
2026-03-31 22:00:00+00:00,176.693,-8.185,deficit,22.0,22,1
2026-03-31 22:15:00+00:00,162.635,-6.142,deficit,22.25,22,1
2026-03-31 22:30:00+00:00,159.313,-9.219,deficit,22.5,22,1
2026-03-31 22:45:00+00:00,153.054,-7.357,deficit,22.75,22,1
2026-03-31 23:00:00+00:00,155.551,-3.581,deficit,23.0,23,1
2026-03-31 23:15:00+00:00,142.439,-4.544,deficit,23.25,23,1
2026-03-31 23:30:00+00:00,142.802,-4.009,deficit,23.5,23,1
2026-03-31 23:45:00+00:00,90.753,0.101,surplus,23.75,23,1
2026-04-01 00:00:00+00:00,138.248,-9.833,deficit,0.0,0,2
2026-04-01 00:15:00+00:00,138.05,-4.245,deficit,0.25,0,2
2026-04-01 00:30:00+00:00,139.502,-4.055,deficit,0.5,0,2
2026-04-01 00:45:00+00:00,88.687,1.295,surplus,0.75,0,2
2026-04-01 01:00:00+00:00,136.048,-2.066,deficit,1.0,1,2
2026-04-01 01:15:00+00:00,87.266,0.798,surplus,1.25,1,2
2026-04-01 01:30:00+00:00,109.573,0.189,surplus,1.5,1,2
2026-04-01 01:45:00+00:00,30.636,0.209,surplus,1.75,1,2
2026-04-01 02:00:00+00:00,112.343,5.177,surplus,2.0,2,2
2026-04-01 02:15:00+00:00,109.93,6.053,surplus,2.25,2,2
2026-04-01 02:30:00+00:00,51.634,9.0,surplus,2.5,2,2
2026-04-01 02:45:00+00:00,87.979,10.673,surplus,2.75,2,2
2026-04-01 03:00:00+00:00,120.832,6.855,surplus,3.0,3,2
2026-04-01 03:15:00+00:00,144.29,15.787,surplus,3.25,3,2
2026-04-01 03:30:00+00:00,131.088,11.998,surplus,3.5,3,2
2026-04-01 03:45:00+00:00,132.463,13.794,surplus,3.75,3,2
2026-04-01 04:00:00+00:00,115.127,6.46,surplus,4.0,4,2
2026-04-01 04:15:00+00:00,163.889,8.858,surplus,4.25,4,2
2026-04-01 04:30:00+00:00,67.931,6.726,surplus,4.5,4,2
2026-04-01 04:45:00+00:00,59.529,3.139,surplus,4.75,4,2
2026-04-01 05:00:00+00:00,254.199,-0.375,deficit,5.0,5,2
2026-04-01 05:15:00+00:00,185.567,3.843,surplus,5.25,5,2
2026-04-01 05:30:00+00:00,96.045,14.106,surplus,5.5,5,2
2026-04-01 05:45:00+00:00,109.587,28.247,surplus,5.75,5,2
2026-04-01 06:00:00+00:00,118.066,18.999,surplus,6.0,6,2
2026-04-01 06:15:00+00:00,101.711,27.5,surplus,6.25,6,2
2026-04-01 06:30:00+00:00,90.508,24.435,surplus,6.5,6,2
2026-04-01 06:45:00+00:00,110.191,28.629,surplus,6.75,6,2
2026-04-01 07:00:00+00:00,96.381,27.734,surplus,7.0,7,2
2026-04-01 07:15:00+00:00,91.421,25.235,surplus,7.25,7,2
2026-04-01 07:30:00+00:00,77.722,25.888,surplus,7.5,7,2
2026-04-01 07:45:00+00:00,117.921,39.34,surplus,7.75,7,2
2026-04-01 08:00:00+00:00,133.8302,26.976,surplus,8.0,8,2
2026-04-01 08:15:00+00:00,90.447,28.649,surplus,8.25,8,2
2026-04-01 08:30:00+00:00,100.967,28.207,surplus,8.5,8,2
2026-04-01 08:45:00+00:00,67.987,28.141,surplus,8.75,8,2
2026-04-01 09:00:00+00:00,-18.174,21.937,surplus,9.0,9,2
2026-04-01 09:15:00+00:00,-18.1,20.793,surplus,9.25,9,2
2026-04-01 09:30:00+00:00,-23.283,34.41,surplus,9.5,9,2
2026-04-01 09:45:00+00:00,1.876,27.055,surplus,9.75,9,2
2026-04-01 10:00:00+00:00,58.242,22.254,surplus,10.0,10,2
2026-04-01 10:15:00+00:00,76.112,19.732,surplus,10.25,10,2
2026-04-01 10:30:00+00:00,0.772,31.666,surplus,10.5,10,2
2026-04-01 10:45:00+00:00,-22.045,32.83,surplus,10.75,10,2
2026-04-01 11:00:00+00:00,12.644,33.53,surplus,11.0,11,2
2026-04-01 11:15:00+00:00,7.755,43.313,surplus,11.25,11,2
2026-04-01 11:30:00+00:00,-7.891,42.653,surplus,11.5,11,2
2026-04-01 11:45:00+00:00,-14.745,32.754,surplus,11.75,11,2
2026-04-01 12:00:00+00:00,-12.044,24.805,surplus,12.0,12,2
2026-04-01 12:15:00+00:00,45.987,20.177,surplus,12.25,12,2
2026-04-01 12:30:00+00:00,26.11,17.609,surplus,12.5,12,2
2026-04-01 12:45:00+00:00,39.832,11.046,surplus,12.75,12,2
2026-04-01 13:00:00+00:00,2.181,5.3,surplus,13.0,13,2
2026-04-01 13:15:00+00:00,10.282,11.1,surplus,13.25,13,2
2026-04-01 13:30:00+00:00,18.775,18.448,surplus,13.5,13,2
2026-04-01 13:45:00+00:00,79.493,20.307,surplus,13.75,13,2
2026-04-01 14:00:00+00:00,20.167,17.814,surplus,14.0,14,2
2026-04-01 14:15:00+00:00,26.678,2.189,surplus,14.25,14,2
2026-04-01 14:30:00+00:00,18.375,9.049,surplus,14.5,14,2
2026-04-01 14:45:00+00:00,76.479,4.358,surplus,14.75,14,2
2026-04-01 15:00:00+00:00,130.317,-3.854,deficit,15.0,15,2
2026-04-01 15:15:00+00:00,129.0251,-3.629,deficit,15.25,15,2
2026-04-01 15:30:00+00:00,179.696,-0.81,deficit,15.5,15,2
2026-04-01 15:45:00+00:00,157.718,-7.892,deficit,15.75,15,2
2026-04-01 16:00:00+00:00,146.09,-4.319,deficit,16.0,16,2
2026-04-01 16:15:00+00:00,171.651,-7.204,deficit,16.25,16,2
2026-04-01 16:30:00+00:00,167.4823,-1.249,deficit,16.5,16,2
2026-04-01 16:45:00+00:00,216.183,-6.965,deficit,16.75,16,2
2026-04-01 17:00:00+00:00,104.604,0.463,surplus,17.0,17,2
2026-04-01 17:15:00+00:00,116.86,6.318,surplus,17.25,17,2
2026-04-01 17:30:00+00:00,219.571,-7.213,deficit,17.5,17,2
2026-04-01 17:45:00+00:00,230.56,-7.24,deficit,17.75,17,2
2026-04-01 18:00:00+00:00,216.3195,-10.936,deficit,18.0,18,2
2026-04-01 18:15:00+00:00,199.342,-0.997,deficit,18.25,18,2
2026-04-01 18:30:00+00:00,198.0,-2.421,deficit,18.5,18,2
2026-04-01 18:45:00+00:00,180.6425,-3.012,deficit,18.75,18,2
2026-04-01 19:00:00+00:00,136.686,1.499,surplus,19.0,19,2
2026-04-01 19:15:00+00:00,185.625,-9.554,deficit,19.25,19,2
2026-04-01 19:30:00+00:00,179.003,-3.753,deficit,19.5,19,2
2026-04-01 19:45:00+00:00,178.254,-3.298,deficit,19.75,19,2
2026-04-01 20:00:00+00:00,184.404,-4.154,deficit,20.0,20,2
2026-04-01 20:15:00+00:00,170.731,-12.187,deficit,20.25,20,2
2026-04-01 20:30:00+00:00,166.705,-8.577,deficit,20.5,20,2
2026-04-01 20:45:00+00:00,164.1081,-3.884,deficit,20.75,20,2
2026-04-01 21:00:00+00:00,86.914,1.413,surplus,21.0,21,2
2026-04-01 21:15:00+00:00,111.773,1.34,surplus,21.25,21,2
2026-04-01 21:30:00+00:00,117.859,0.828,surplus,21.5,21,2
2026-04-01 21:45:00+00:00,113.732,0.156,surplus,21.75,21,2
2026-04-01 22:00:00+00:00,155.1,-2.108,deficit,22.0,22,2
2026-04-01 22:15:00+00:00,161.961,-4.161,deficit,22.25,22,2
2026-04-01 22:30:00+00:00,133.705,-2.61,deficit,22.5,22,2
2026-04-01 22:45:00+00:00,131.23,-2.694,deficit,22.75,22,2
2026-04-01 23:00:00+00:00,137.973,-5.572,deficit,23.0,23,2
2026-04-01 23:15:00+00:00,133.5133,-1.582,deficit,23.25,23,2
2026-04-01 23:30:00+00:00,103.88,0.354,surplus,23.5,23,2
2026-04-01 23:45:00+00:00,107.8,3.882,surplus,23.75,23,2
2026-04-02 00:00:00+00:00,130.329,-2.283,deficit,0.0,0,3
2026-04-02 00:15:00+00:00,125.884,-1.238,deficit,0.25,0,3
2026-04-02 00:30:00+00:00,125.125,-4.829,deficit,0.5,0,3
2026-04-02 00:45:00+00:00,122.573,-5.94,deficit,0.75,0,3
2026-04-02 01:00:00+00:00,147.933,-4.438,deficit,1.0,1,3
2026-04-02 01:15:00+00:00,147.017,-2.328,deficit,1.25,1,3
2026-04-02 01:30:00+00:00,147.257,-4.021,deficit,1.5,1,3
2026-04-02 01:45:00+00:00,149.254,-2.568,deficit,1.75,1,3
2026-04-02 02:00:00+00:00,105.56,1.483,surplus,2.0,2,3
2026-04-02 02:15:00+00:00,153.703,-0.857,deficit,2.25,2,3
2026-04-02 02:30:00+00:00,109.46,2.201,surplus,2.5,2,3
2026-04-02 02:45:00+00:00,111.19,6.212,surplus,2.75,2,3
2026-04-02 03:00:00+00:00,108.3,0.072,surplus,3.0,3,3
2026-04-02 03:15:00+00:00,113.17,5.384,surplus,3.25,3,3
2026-04-02 03:30:00+00:00,119.3,6.181,surplus,3.5,3,3
2026-04-02 03:45:00+00:00,137.0,8.888,surplus,3.75,3,3
2026-04-02 04:00:00+00:00,122.486,6.667,surplus,4.0,4,3
2026-04-02 04:15:00+00:00,151.48,10.171,surplus,4.25,4,3
2026-04-02 04:30:00+00:00,142.014,12.956,surplus,4.5,4,3
2026-04-02 04:45:00+00:00,129.304,3.06,surplus,4.75,4,3
2026-04-02 05:00:00+00:00,186.4685,-3.145,deficit,5.0,5,3
2026-04-02 05:15:00+00:00,187.6984,-11.677,deficit,5.25,5,3
2026-04-02 05:30:00+00:00,187.3003,-16.926,deficit,5.5,5,3
2026-04-02 05:45:00+00:00,182.4745,-25.844,deficit,5.75,5,3
2026-04-02 06:00:00+00:00,216.623,-31.904,deficit,6.0,6,3
2026-04-02 06:15:00+00:00,190.806,-21.044,deficit,6.25,6,3
2026-04-02 06:30:00+00:00,174.1817,-21.226,deficit,6.5,6,3
2026-04-02 06:45:00+00:00,166.398,-22.486,deficit,6.75,6,3
2026-04-02 07:00:00+00:00,304.539,-28.181,deficit,7.0,7,3
2026-04-02 07:15:00+00:00,258.58,-16.954,deficit,7.25,7,3
2026-04-02 07:30:00+00:00,160.399,-9.807,deficit,7.5,7,3
2026-04-02 07:45:00+00:00,150.4802,-19.022,deficit,7.75,7,3
2026-04-02 08:00:00+00:00,189.205,-19.649,deficit,8.0,8,3
2026-04-02 08:15:00+00:00,153.448,-11.483,deficit,8.25,8,3
2026-04-02 08:30:00+00:00,196.212,-25.243,deficit,8.5,8,3
2026-04-02 08:45:00+00:00,132.9537,-25.655,deficit,8.75,8,3
2026-04-02 09:00:00+00:00,144.9534,-49.62,deficit,9.0,9,3
2026-04-02 09:15:00+00:00,143.9701,-49.626,deficit,9.25,9,3
2026-04-02 09:30:00+00:00,143.7859,-40.869,deficit,9.5,9,3
2026-04-02 09:45:00+00:00,148.3541,-31.703,deficit,9.75,9,3
2026-04-02 10:00:00+00:00,134.0867,-33.025,deficit,10.0,10,3
2026-04-02 10:15:00+00:00,130.8486,-25.927,deficit,10.25,10,3
2026-04-02 10:30:00+00:00,128.7625,-24.807,deficit,10.5,10,3
2026-04-02 10:45:00+00:00,127.5154,-19.143,deficit,10.75,10,3
2026-04-02 11:00:00+00:00,118.1963,-12.714,deficit,11.0,11,3
2026-04-02 11:15:00+00:00,115.2716,-4.466,deficit,11.25,11,3
2026-04-02 11:30:00+00:00,113.5057,-14.06,deficit,11.5,11,3
2026-04-02 11:45:00+00:00,110.3313,-0.218,deficit,11.75,11,3
2026-04-02 12:00:00+00:00,106.315,-4.299,deficit,12.0,12,3
2026-04-02 12:15:00+00:00,59.601,9.862,surplus,12.25,12,3
2026-04-02 12:30:00+00:00,32.995,2.483,surplus,12.5,12,3
2026-04-02 12:45:00+00:00,47.881,2.16,surplus,12.75,12,3
2026-04-02 13:00:00+00:00,70.1912,27.781,surplus,13.0,13,3
2026-04-02 13:15:00+00:00,77.27,12.729,surplus,13.25,13,3
2026-04-02 13:30:00+00:00,55.582,5.714,surplus,13.5,13,3
2026-04-02 13:45:00+00:00,39.39,4.51,surplus,13.75,13,3
2026-04-02 14:00:00+00:00,98.747,-0.294,deficit,14.0,14,3
2026-04-02 14:15:00+00:00,109.945,-2.946,deficit,14.25,14,3
2026-04-02 14:30:00+00:00,22.387,2.411,surplus,14.5,14,3
2026-04-02 14:45:00+00:00,123.171,-13.501,deficit,14.75,14,3
2026-04-02 15:00:00+00:00,112.3962,-0.548,deficit,15.0,15,3
2026-04-02 15:15:00+00:00,118.0895,-12.786,deficit,15.25,15,3
2026-04-02 15:30:00+00:00,129.8951,-5.425,deficit,15.5,15,3
2026-04-02 15:45:00+00:00,138.9549,-7.761,deficit,15.75,15,3
2026-04-02 16:00:00+00:00,80.628,8.158,surplus,16.0,16,3
2026-04-02 16:15:00+00:00,111.873,5.129,surplus,16.25,16,3
2026-04-02 16:30:00+00:00,92.507,3.901,surplus,16.5,16,3
2026-04-02 16:45:00+00:00,119.802,6.369,surplus,16.75,16,3
2026-04-02 17:00:00+00:00,87.146,10.66,surplus,17.0,17,3
2026-04-02 17:15:00+00:00,106.11,5.575,surplus,17.25,17,3
2026-04-02 17:30:00+00:00,87.919,3.822,surplus,17.5,17,3
2026-04-02 17:45:00+00:00,140.365,3.003,surplus,17.75,17,3
2026-04-02 18:00:00+00:00,192.027,-2.73,deficit,18.0,18,3
2026-04-02 18:15:00+00:00,158.65,0.577,surplus,18.25,18,3
2026-04-02 18:30:00+00:00,172.15,-5.0,deficit,18.5,18,3
2026-04-02 18:45:00+00:00,165.5139,-5.933,deficit,18.75,18,3
2026-04-02 19:00:00+00:00,180.675,-4.138,deficit,19.0,19,3
2026-04-02 19:15:00+00:00,170.005,-8.947,deficit,19.25,19,3
2026-04-02 19:30:00+00:00,155.4021,-4.336,deficit,19.5,19,3
2026-04-02 19:45:00+00:00,152.9599,-0.675,deficit,19.75,19,3
2026-04-02 20:00:00+00:00,159.5,-2.535,deficit,20.0,20,3
2026-04-02 20:15:00+00:00,155.1536,-11.932,deficit,20.25,20,3
2026-04-02 20:30:00+00:00,154.3663,-15.93,deficit,20.5,20,3
2026-04-02 20:45:00+00:00,154.1567,-13.043,deficit,20.75,20,3
2026-04-02 21:00:00+00:00,151.4335,-16.453,deficit,21.0,21,3
2026-04-02 21:15:00+00:00,149.9711,-8.209,deficit,21.25,21,3
2026-04-02 21:30:00+00:00,150.055,-5.564,deficit,21.5,21,3
2026-04-02 21:45:00+00:00,149.359,-6.64,deficit,21.75,21,3
2026-04-02 22:00:00+00:00,161.59,-15.213,deficit,22.0,22,3
2026-04-02 22:15:00+00:00,150.172,-21.41,deficit,22.25,22,3
2026-04-02 22:30:00+00:00,142.681,-20.893,deficit,22.5,22,3
2026-04-02 22:45:00+00:00,135.476,-16.258,deficit,22.75,22,3
2026-04-02 23:00:00+00:00,136.983,-13.888,deficit,23.0,23,3
2026-04-02 23:15:00+00:00,136.51,-10.581,deficit,23.25,23,3
2026-04-02 23:30:00+00:00,136.851,-8.519,deficit,23.5,23,3
2026-04-02 23:45:00+00:00,135.9608,-8.909,deficit,23.75,23,3
2026-04-03 00:00:00+00:00,140.283,-0.075,deficit,0.0,0,4
2026-04-03 00:15:00+00:00,132.0,-2.306,deficit,0.25,0,4
2026-04-03 00:30:00+00:00,130.3387,-6.653,deficit,0.5,0,4
2026-04-03 00:45:00+00:00,130.3387,-9.621,deficit,0.75,0,4
2026-04-03 01:00:00+00:00,131.208,-5.673,deficit,1.0,1,4
2026-04-03 01:15:00+00:00,129.5024,-8.098,deficit,1.25,1,4
2026-04-03 01:30:00+00:00,129.4588,-3.86,deficit,1.5,1,4
2026-04-03 01:45:00+00:00,132.671,-2.019,deficit,1.75,1,4
2026-04-03 02:00:00+00:00,134.31,-6.824,deficit,2.0,2,4
2026-04-03 02:15:00+00:00,135.179,-12.189,deficit,2.25,2,4
2026-04-03 02:30:00+00:00,133.364,-8.588,deficit,2.5,2,4
2026-04-03 02:45:00+00:00,131.912,-8.82,deficit,2.75,2,4
2026-04-03 03:00:00+00:00,135.597,-11.554,deficit,3.0,3,4
2026-04-03 03:15:00+00:00,137.819,-6.109,deficit,3.25,3,4
2026-04-03 03:30:00+00:00,136.906,-6.788,deficit,3.5,3,4
2026-04-03 03:45:00+00:00,142.67,-5.855,deficit,3.75,3,4
2026-04-03 04:00:00+00:00,157.448,-6.219,deficit,4.0,4,4
2026-04-03 04:15:00+00:00,123.7071,0.137,surplus,4.25,4,4
2026-04-03 04:30:00+00:00,147.301,-3.914,deficit,4.5,4,4
2026-04-03 04:45:00+00:00,150.744,-2.207,deficit,4.75,4,4
2026-04-03 05:00:00+00:00,147.1461,-5.598,deficit,5.0,5,4
2026-04-03 05:15:00+00:00,46.144,1.389,surplus,5.25,5,4
2026-04-03 05:30:00+00:00,108.581,9.698,surplus,5.5,5,4
2026-04-03 05:45:00+00:00,70.896,8.403,surplus,5.75,5,4
2026-04-03 06:00:00+00:00,172.238,-5.051,deficit,6.0,6,4
2026-04-03 06:15:00+00:00,84.907,1.452,surplus,6.25,6,4
2026-04-03 06:30:00+00:00,62.579,11.3,surplus,6.5,6,4
2026-04-03 06:45:00+00:00,93.74,24.844,surplus,6.75,6,4
2026-04-03 07:00:00+00:00,80.051,28.273,surplus,7.0,7,4
2026-04-03 07:15:00+00:00,36.53,22.812,surplus,7.25,7,4
2026-04-03 07:30:00+00:00,38.767,28.97,surplus,7.5,7,4
2026-04-03 07:45:00+00:00,32.876,30.632,surplus,7.75,7,4
2026-04-03 08:00:00+00:00,39.658,17.128,surplus,8.0,8,4
2026-04-03 08:15:00+00:00,68.895,17.833,surplus,8.25,8,4
2026-04-03 08:30:00+00:00,13.976,23.575,surplus,8.5,8,4
2026-04-03 08:45:00+00:00,-38.323,31.742,surplus,8.75,8,4
2026-04-03 09:00:00+00:00,-14.836,13.877,surplus,9.0,9,4
2026-04-03 09:15:00+00:00,14.512,22.127,surplus,9.25,9,4
2026-04-03 09:30:00+00:00,0.983,27.317,surplus,9.5,9,4
2026-04-03 09:45:00+00:00,-19.387,35.749,surplus,9.75,9,4
2026-04-03 10:00:00+00:00,-20.071,47.323,surplus,10.0,10,4
2026-04-03 10:15:00+00:00,-64.942,44.301,surplus,10.25,10,4
2026-04-03 10:30:00+00:00,-57.331,28.444,surplus,10.5,10,4
2026-04-03 10:45:00+00:00,-65.038,24.888,surplus,10.75,10,4
2026-04-03 11:00:00+00:00,-23.561,40.022,surplus,11.0,11,4
2026-04-03 11:15:00+00:00,-21.817,38.749,surplus,11.25,11,4
2026-04-03 11:30:00+00:00,-92.277,43.967,surplus,11.5,11,4
2026-04-03 11:45:00+00:00,-31.952,55.341,surplus,11.75,11,4
2026-04-03 12:00:00+00:00,-7.7626,58.593,surplus,12.0,12,4
2026-04-03 12:15:00+00:00,-7.9509,59.328,surplus,12.25,12,4
2026-04-03 12:30:00+00:00,-7.7005,59.562,surplus,12.5,12,4
2026-04-03 12:45:00+00:00,-9.6421,58.867,surplus,12.75,12,4
2026-04-03 13:00:00+00:00,-4.256,61.55,surplus,13.0,13,4
2026-04-03 13:15:00+00:00,3.3167,57.828,surplus,13.25,13,4
2026-04-03 13:30:00+00:00,2.4573,58.281,surplus,13.5,13,4
2026-04-03 13:45:00+00:00,4.8731,60.409,surplus,13.75,13,4
2026-04-03 14:00:00+00:00,-29.011,64.088,surplus,14.0,14,4
2026-04-03 14:15:00+00:00,28.3374,56.47,surplus,14.25,14,4
2026-04-03 14:30:00+00:00,37.631,49.745,surplus,14.5,14,4
2026-04-03 14:45:00+00:00,43.226,40.714,surplus,14.75,14,4
2026-04-03 15:00:00+00:00,38.862,33.272,surplus,15.0,15,4
2026-04-03 15:15:00+00:00,33.627,18.064,surplus,15.25,15,4
2026-04-03 15:30:00+00:00,61.241,7.636,surplus,15.5,15,4
2026-04-03 15:45:00+00:00,124.74,-0.738,deficit,15.75,15,4
2026-04-03 16:00:00+00:00,54.804,7.668,surplus,16.0,16,4
2026-04-03 16:15:00+00:00,63.692,10.816,surplus,16.25,16,4
2026-04-03 16:30:00+00:00,162.498,-1.409,deficit,16.5,16,4
2026-04-03 16:45:00+00:00,144.327,-6.991,deficit,16.75,16,4
2026-04-03 17:00:00+00:00,154.2769,-1.328,deficit,17.0,17,4
2026-04-03 17:15:00+00:00,162.673,-9.613,deficit,17.25,17,4
2026-04-03 17:30:00+00:00,172.7433,-37.355,deficit,17.5,17,4
2026-04-03 17:45:00+00:00,194.542,-23.734,deficit,17.75,17,4
2026-04-03 18:00:00+00:00,176.8938,-7.118,deficit,18.0,18,4
2026-04-03 18:15:00+00:00,174.294,-6.822,deficit,18.25,18,4
2026-04-03 18:30:00+00:00,170.5861,-1.317,deficit,18.5,18,4
2026-04-03 18:45:00+00:00,28.376,1.505,surplus,18.75,18,4
2026-04-03 19:00:00+00:00,31.142,6.421,surplus,19.0,19,4
2026-04-03 19:15:00+00:00,10.643,2.218,surplus,19.25,19,4
2026-04-03 19:30:00+00:00,27.047,3.295,surplus,19.5,19,4
2026-04-03 19:45:00+00:00,8.315,8.718,surplus,19.75,19,4
2026-04-03 20:00:00+00:00,131.5965,-8.052,deficit,20.0,20,4
2026-04-03 20:15:00+00:00,130.7962,-3.824,deficit,20.25,20,4
2026-04-03 20:30:00+00:00,125.2809,-5.65,deficit,20.5,20,4
2026-04-03 20:45:00+00:00,64.669,5.656,surplus,20.75,20,4
2026-04-03 21:00:00+00:00,167.244,-0.794,deficit,21.0,21,4
2026-04-03 21:15:00+00:00,77.0765,7.373,surplus,21.25,21,4
2026-04-03 21:30:00+00:00,77.0765,2.415,surplus,21.5,21,4
2026-04-03 21:45:00+00:00,15.179,5.1,surplus,21.75,21,4
2026-04-03 22:00:00+00:00,142.417,-6.725,deficit,22.0,22,4
2026-04-03 22:15:00+00:00,94.809,-3.496,deficit,22.25,22,4
2026-04-03 22:30:00+00:00,105.836,-1.271,deficit,22.5,22,4
2026-04-03 22:45:00+00:00,76.43,0.704,surplus,22.75,22,4
2026-04-03 23:00:00+00:00,109.065,-4.103,deficit,23.0,23,4
2026-04-03 23:15:00+00:00,106.095,-0.436,deficit,23.25,23,4
2026-04-03 23:30:00+00:00,101.31,-2.252,deficit,23.5,23,4
2026-04-03 23:45:00+00:00,73.9,4.466,surplus,23.75,23,4
2026-04-04 00:00:00+00:00,129.428,-9.124,deficit,0.0,0,5
2026-04-04 00:15:00+00:00,112.9113,-9.109,deficit,0.25,0,5
2026-04-04 00:30:00+00:00,107.405,-16.012,deficit,0.5,0,5
2026-04-04 00:45:00+00:00,92.9437,-2.999,deficit,0.75,0,5
2026-04-04 01:00:00+00:00,19.908,2.283,surplus,1.0,1,5
2026-04-04 01:15:00+00:00,107.627,-0.657,deficit,1.25,1,5
2026-04-04 01:30:00+00:00,76.0,3.042,surplus,1.5,1,5
2026-04-04 01:45:00+00:00,88.061,-0.44,deficit,1.75,1,5
2026-04-04 02:00:00+00:00,96.9,-1.827,deficit,2.0,2,5
2026-04-04 02:15:00+00:00,83.347,-6.251,deficit,2.25,2,5
2026-04-04 02:30:00+00:00,81.993,-15.195,deficit,2.5,2,5
2026-04-04 02:45:00+00:00,98.715,-13.642,deficit,2.75,2,5
2026-04-04 03:00:00+00:00,110.323,-1.67,deficit,3.0,3,5
2026-04-04 03:15:00+00:00,80.289,-3.777,deficit,3.25,3,5
2026-04-04 03:30:00+00:00,117.205,-2.777,deficit,3.5,3,5
2026-04-04 03:45:00+00:00,92.636,-8.098,deficit,3.75,3,5
2026-04-04 04:00:00+00:00,108.248,-10.89,deficit,4.0,4,5
2026-04-04 04:15:00+00:00,93.507,-10.666,deficit,4.25,4,5
2026-04-04 04:30:00+00:00,92.088,-13.797,deficit,4.5,4,5
2026-04-04 04:45:00+00:00,100.416,-7.178,deficit,4.75,4,5
2026-04-04 05:00:00+00:00,121.495,-12.823,deficit,5.0,5,5
2026-04-04 05:15:00+00:00,101.096,-4.826,deficit,5.25,5,5
2026-04-04 05:30:00+00:00,98.713,-3.905,deficit,5.5,5,5
2026-04-04 05:45:00+00:00,13.174,4.044,surplus,5.75,5,5
2026-04-04 06:00:00+00:00,70.136,-1.786,deficit,6.0,6,5
2026-04-04 06:15:00+00:00,35.0,13.594,surplus,6.25,6,5
2026-04-04 06:30:00+00:00,-3.252,7.605,surplus,6.5,6,5
2026-04-04 06:45:00+00:00,16.93,12.065,surplus,6.75,6,5
2026-04-04 07:00:00+00:00,23.0929,8.212,surplus,7.0,7,5
2026-04-04 07:15:00+00:00,15.3559,21.191,surplus,7.25,7,5
2026-04-04 07:30:00+00:00,9.9442,13.158,surplus,7.5,7,5
2026-04-04 07:45:00+00:00,7.2546,19.268,surplus,7.75,7,5
2026-04-04 08:00:00+00:00,12.0318,22.501,surplus,8.0,8,5
2026-04-04 08:15:00+00:00,7.36,19.857,surplus,8.25,8,5
2026-04-04 08:30:00+00:00,6.3,11.871,surplus,8.5,8,5
2026-04-04 08:45:00+00:00,3.83,9.673,surplus,8.75,8,5
2026-04-04 09:00:00+00:00,3.36,12.162,surplus,9.0,9,5
2026-04-04 09:15:00+00:00,2.84,11.216,surplus,9.25,9,5
2026-04-04 09:30:00+00:00,1.76,12.699,surplus,9.5,9,5
2026-04-04 09:45:00+00:00,0.47,14.471,surplus,9.75,9,5
2026-04-04 10:00:00+00:00,0.9858,17.071,surplus,10.0,10,5
2026-04-04 10:15:00+00:00,0.35,12.099,surplus,10.25,10,5
2026-04-04 10:30:00+00:00,-0.6104,2.433,surplus,10.5,10,5
2026-04-04 10:45:00+00:00,-2.558,1.629,surplus,10.75,10,5
2026-04-04 11:00:00+00:00,-0.9377,5.007,surplus,11.0,11,5
2026-04-04 11:15:00+00:00,-1.0586,2.397,surplus,11.25,11,5
2026-04-04 11:30:00+00:00,-23.217,2.555,surplus,11.5,11,5
2026-04-04 11:45:00+00:00,-14.825,10.153,surplus,11.75,11,5
2026-04-04 12:00:00+00:00,-85.891,27.353,surplus,12.0,12,5
2026-04-04 12:15:00+00:00,-10.4255,34.52,surplus,12.25,12,5
2026-04-04 12:30:00+00:00,-6.6809,22.051,surplus,12.5,12,5
2026-04-04 12:45:00+00:00,-6.19,26.664,surplus,12.75,12,5
2026-04-04 13:00:00+00:00,-87.199,30.693,surplus,13.0,13,5
2026-04-04 13:15:00+00:00,-0.0388,24.742,surplus,13.25,13,5
2026-04-04 13:30:00+00:00,0.01,14.762,surplus,13.5,13,5
2026-04-04 13:45:00+00:00,0.13,22.584,surplus,13.75,13,5
2026-04-04 14:00:00+00:00,0.24,27.894,surplus,14.0,14,5
2026-04-04 14:15:00+00:00,1.8448,14.06,surplus,14.25,14,5
2026-04-04 14:30:00+00:00,7.22,2.509,surplus,14.5,14,5
2026-04-04 14:45:00+00:00,280.984,-1.558,deficit,14.75,14,5
2026-04-04 15:00:00+00:00,86.128,-3.113,deficit,15.0,15,5
2026-04-04 15:15:00+00:00,73.904,-4.954,deficit,15.25,15,5
2026-04-04 15:30:00+00:00,113.471,-8.314,deficit,15.5,15,5
2026-04-04 15:45:00+00:00,402.744,-15.651,deficit,15.75,15,5
2026-04-04 16:00:00+00:00,88.352,-2.813,deficit,16.0,16,5
2026-04-04 16:15:00+00:00,97.394,-1.603,deficit,16.25,16,5
2026-04-04 16:30:00+00:00,139.733,-1.381,deficit,16.5,16,5
2026-04-04 16:45:00+00:00,98.565,9.244,surplus,16.75,16,5
2026-04-04 17:00:00+00:00,87.857,2.201,surplus,17.0,17,5
2026-04-04 17:15:00+00:00,91.046,0.542,surplus,17.25,17,5
2026-04-04 17:30:00+00:00,184.525,-7.338,deficit,17.5,17,5
2026-04-04 17:45:00+00:00,186.879,-2.806,deficit,17.75,17,5
2026-04-04 18:00:00+00:00,101.694,2.029,surplus,18.0,18,5
2026-04-04 18:15:00+00:00,164.453,-2.66,deficit,18.25,18,5
2026-04-04 18:30:00+00:00,113.0743,2.33,surplus,18.5,18,5
2026-04-04 18:45:00+00:00,119.1745,-1.867,deficit,18.75,18,5
2026-04-04 19:00:00+00:00,60.524,3.555,surplus,19.0,19,5
2026-04-04 19:15:00+00:00,69.524,7.074,surplus,19.25,19,5
2026-04-04 19:30:00+00:00,78.5887,7.978,surplus,19.5,19,5
2026-04-04 19:45:00+00:00,70.16,2.034,surplus,19.75,19,5
2026-04-04 20:00:00+00:00,91.5791,1.869,surplus,20.0,20,5
2026-04-04 20:15:00+00:00,58.931,0.918,surplus,20.25,20,5
2026-04-04 20:30:00+00:00,47.37,2.533,surplus,20.5,20,5
2026-04-04 20:45:00+00:00,45.9,4.764,surplus,20.75,20,5
2026-04-04 21:00:00+00:00,51.5592,0.485,surplus,21.0,21,5
2026-04-04 21:15:00+00:00,45.2444,3.645,surplus,21.25,21,5
2026-04-04 21:30:00+00:00,75.65,-3.936,deficit,21.5,21,5
2026-04-04 21:45:00+00:00,22.05,1.693,surplus,21.75,21,5
2026-04-04 22:00:00+00:00,80.5736,7.864,surplus,22.0,22,5
2026-04-04 22:15:00+00:00,96.679,-0.639,deficit,22.25,22,5
2026-04-04 22:30:00+00:00,63.943,-3.495,deficit,22.5,22,5
2026-04-04 22:45:00+00:00,59.69,-5.205,deficit,22.75,22,5
2026-04-04 23:00:00+00:00,61.4807,-3.248,deficit,23.0,23,5
2026-04-04 23:15:00+00:00,45.912,0.549,surplus,23.25,23,5
2026-04-04 23:30:00+00:00,58.904,-3.592,deficit,23.5,23,5
2026-04-04 23:45:00+00:00,62.56,-5.493,deficit,23.75,23,5
2026-04-05 00:00:00+00:00,65.648,-4.196,deficit,0.0,0,6
2026-04-05 00:15:00+00:00,21.2678,1.024,surplus,0.25,0,6
2026-04-05 00:30:00+00:00,8.3,0.413,surplus,0.5,0,6
2026-04-05 00:45:00+00:00,9.62,1.307,surplus,0.75,0,6
2026-04-05 01:00:00+00:00,30.6302,-3.958,deficit,1.0,1,6
2026-04-05 01:15:00+00:00,32.7254,-1.447,deficit,1.25,1,6
2026-04-05 01:30:00+00:00,24.897,2.098,surplus,1.5,1,6
2026-04-05 01:45:00+00:00,35.3414,1.852,surplus,1.75,1,6
2026-04-05 02:00:00+00:00,97.221,-5.752,deficit,2.0,2,6
2026-04-05 02:15:00+00:00,96.987,-3.779,deficit,2.25,2,6
2026-04-05 02:30:00+00:00,102.533,-8.461,deficit,2.5,2,6
2026-04-05 02:45:00+00:00,71.16,-3.462,deficit,2.75,2,6
2026-04-05 03:00:00+00:00,84.744,-9.36,deficit,3.0,3,6
2026-04-05 03:15:00+00:00,55.863,-7.373,deficit,3.25,3,6
2026-04-05 03:30:00+00:00,43.78,-13.571,deficit,3.5,3,6
2026-04-05 03:45:00+00:00,60.61,-4.285,deficit,3.75,3,6
2026-04-05 04:00:00+00:00,102.6,-9.246,deficit,4.0,4,6
2026-04-05 04:15:00+00:00,109.042,-3.912,deficit,4.25,4,6
2026-04-05 04:30:00+00:00,83.552,-3.935,deficit,4.5,4,6
2026-04-05 04:45:00+00:00,15.69,1.175,surplus,4.75,4,6
2026-04-05 05:00:00+00:00,213.825,-2.33,deficit,5.0,5,6
2026-04-05 05:15:00+00:00,54.61,-4.238,deficit,5.25,5,6
2026-04-05 05:30:00+00:00,0.07,0.949,surplus,5.5,5,6
2026-04-05 05:45:00+00:00,-0.143,9.159,surplus,5.75,5,6
2026-04-05 06:00:00+00:00,0.01,6.408,surplus,6.0,6,6
2026-04-05 06:15:00+00:00,0.16,13.939,surplus,6.25,6,6
2026-04-05 06:30:00+00:00,0.806,10.257,surplus,6.5,6,6
2026-04-05 06:45:00+00:00,-1.133,17.325,surplus,6.75,6,6
2026-04-05 07:00:00+00:00,-1.045,0.244,surplus,7.0,7,6
2026-04-05 07:15:00+00:00,-5.511,12.461,surplus,7.25,7,6
2026-04-05 07:30:00+00:00,-7.359,14.958,surplus,7.5,7,6
2026-04-05 07:45:00+00:00,-13.398,18.26,surplus,7.75,7,6
2026-04-05 08:00:00+00:00,-15.807,10.437,surplus,8.0,8,6
2026-04-05 08:15:00+00:00,-21.318,17.802,surplus,8.25,8,6
2026-04-05 08:30:00+00:00,-42.5598,23.059,surplus,8.5,8,6
2026-04-05 08:45:00+00:00,-47.2086,19.667,surplus,8.75,8,6
2026-04-05 09:00:00+00:00,-52.1343,23.236,surplus,9.0,9,6
2026-04-05 09:15:00+00:00,-56.3553,3.913,surplus,9.25,9,6
2026-04-05 09:30:00+00:00,-57.7125,1.249,surplus,9.5,9,6
2026-04-05 09:45:00+00:00,-60.065,2.774,surplus,9.75,9,6
2026-04-05 10:00:00+00:00,60.195,-1.028,deficit,10.0,10,6
2026-04-05 10:15:00+00:00,-59.4745,1.366,surplus,10.25,10,6
2026-04-05 10:30:00+00:00,-63.4066,3.406,surplus,10.5,10,6
2026-04-05 10:45:00+00:00,-77.771,6.864,surplus,10.75,10,6
2026-04-05 11:00:00+00:00,-159.546,32.833,surplus,11.0,11,6
2026-04-05 11:15:00+00:00,-106.3238,41.69,surplus,11.25,11,6
2026-04-05 11:30:00+00:00,-115.4196,48.564,surplus,11.5,11,6
2026-04-05 11:45:00+00:00,-131.572,52.925,surplus,11.75,11,6
2026-04-05 12:00:00+00:00,-126.0639,47.842,surplus,12.0,12,6
2026-04-05 12:15:00+00:00,-120.962,53.645,surplus,12.25,12,6
2026-04-05 12:30:00+00:00,-121.5034,52.254,surplus,12.5,12,6
2026-04-05 12:45:00+00:00,-114.51,43.284,surplus,12.75,12,6
2026-04-05 13:00:00+00:00,-111.1832,43.246,surplus,13.0,13,6
2026-04-05 13:15:00+00:00,-107.0824,40.588,surplus,13.25,13,6
2026-04-05 13:30:00+00:00,-87.3742,30.607,surplus,13.5,13,6
2026-04-05 13:45:00+00:00,-71.8094,24.94,surplus,13.75,13,6
2026-04-05 14:00:00+00:00,-53.1822,17.533,surplus,14.0,14,6
2026-04-05 14:15:00+00:00,-45.797,6.745,surplus,14.25,14,6
2026-04-05 14:30:00+00:00,-43.2137,0.337,surplus,14.5,14,6
2026-04-05 14:45:00+00:00,-42.6157,0.492,surplus,14.75,14,6
2026-04-05 15:00:00+00:00,-11.7799,10.05,surplus,15.0,15,6
2026-04-05 15:15:00+00:00,-5.511,11.056,surplus,15.25,15,6
2026-04-05 15:30:00+00:00,-4.004,2.852,surplus,15.5,15,6
2026-04-05 15:45:00+00:00,-5.511,0.149,surplus,15.75,15,6
2026-04-05 16:00:00+00:00,-4.631,6.72,surplus,16.0,16,6
2026-04-05 16:15:00+00:00,-3.3,0.344,surplus,16.25,16,6
2026-04-05 16:30:00+00:00,49.6264,-1.258,deficit,16.5,16,6
2026-04-05 16:45:00+00:00,4.27,0.668,surplus,16.75,16,6
2026-04-05 17:00:00+00:00,-17.499,5.092,surplus,17.0,17,6
2026-04-05 17:15:00+00:00,36.127,-3.37,deficit,17.25,17,6
2026-04-05 17:30:00+00:00,31.64,1.284,surplus,17.5,17,6
2026-04-05 17:45:00+00:00,65.322,2.032,surplus,17.75,17,6
2026-04-05 18:00:00+00:00,1.87,5.224,surplus,18.0,18,6
2026-04-05 18:15:00+00:00,50.0,5.146,surplus,18.25,18,6
2026-04-05 18:30:00+00:00,40.0,13.16,surplus,18.5,18,6
2026-04-05 18:45:00+00:00,53.0601,10.417,surplus,18.75,18,6
2026-04-05 19:00:00+00:00,23.514,17.294,surplus,19.0,19,6
2026-04-05 19:15:00+00:00,9.784,17.659,surplus,19.25,19,6
2026-04-05 19:30:00+00:00,-1.994,10.18,surplus,19.5,19,6
2026-04-05 19:45:00+00:00,-8.47,15.011,surplus,19.75,19,6
2026-04-05 20:00:00+00:00,32.7084,15.298,surplus,20.0,20,6
2026-04-05 20:15:00+00:00,29.2289,13.035,surplus,20.25,20,6
2026-04-05 20:30:00+00:00,21.811,15.959,surplus,20.5,20,6
2026-04-05 20:45:00+00:00,31.3127,22.156,surplus,20.75,20,6
2026-04-05 21:00:00+00:00,12.287,2.409,surplus,21.0,21,6
2026-04-05 21:15:00+00:00,6.14,4.204,surplus,21.25,21,6
2026-04-05 21:30:00+00:00,24.6235,16.631,surplus,21.5,21,6
2026-04-05 21:45:00+00:00,8.736,35.909,surplus,21.75,21,6
2026-04-05 22:00:00+00:00,-0.754,19.615,surplus,22.0,22,6
2026-04-05 22:15:00+00:00,83.611,-0.965,deficit,22.25,22,6
2026-04-05 22:30:00+00:00,-8.329,7.546,surplus,22.5,22,6
2026-04-05 22:45:00+00:00,-17.153,3.865,surplus,22.75,22,6
2026-04-05 23:00:00+00:00,12.7,10.527,surplus,23.0,23,6
2026-04-05 23:15:00+00:00,10.28,8.179,surplus,23.25,23,6
2026-04-05 23:30:00+00:00,8.69,15.831,surplus,23.5,23,6
2026-04-05 23:45:00+00:00,7.7,18.55,surplus,23.75,23,6
2026-04-06 00:00:00+00:00,9.26,10.15,surplus,0.0,0,0
2026-04-06 00:15:00+00:00,8.77,4.816,surplus,0.25,0,0
2026-04-06 00:30:00+00:00,4.97,2.542,surplus,0.5,0,0
2026-04-06 00:45:00+00:00,3.98,8.939,surplus,0.75,0,0
2026-04-06 01:00:00+00:00,5.62,12.259,surplus,1.0,1,0
2026-04-06 01:15:00+00:00,5.63,16.591,surplus,1.25,1,0
2026-04-06 01:30:00+00:00,13.23,10.412,surplus,1.5,1,0
2026-04-06 01:45:00+00:00,12.985,16.404,surplus,1.75,1,0
2026-04-06 02:00:00+00:00,5.53,10.957,surplus,2.0,2,0
2026-04-06 02:15:00+00:00,8.92,14.236,surplus,2.25,2,0
2026-04-06 02:30:00+00:00,16.36,4.82,surplus,2.5,2,0
2026-04-06 02:45:00+00:00,12.07,3.272,surplus,2.75,2,0
2026-04-06 03:00:00+00:00,2.49,7.443,surplus,3.0,3,0
2026-04-06 03:15:00+00:00,2.5,10.703,surplus,3.25,3,0
2026-04-06 03:30:00+00:00,-5.511,4.007,surplus,3.5,3,0
2026-04-06 03:45:00+00:00,-0.011,8.341,surplus,3.75,3,0
2026-04-06 04:00:00+00:00,-4.333,0.749,surplus,4.0,4,0
2026-04-06 04:15:00+00:00,-19.157,1.555,surplus,4.25,4,0
2026-04-06 04:30:00+00:00,21.64,-1.132,deficit,4.5,4,0
2026-04-06 04:45:00+00:00,4.82,1.66,surplus,4.75,4,0
2026-04-06 05:00:00+00:00,116.779,-1.263,deficit,5.0,5,0
2026-04-06 05:15:00+00:00,59.185,-8.464,deficit,5.25,5,0
2026-04-06 05:30:00+00:00,57.638,-2.514,deficit,5.5,5,0
2026-04-06 05:45:00+00:00,48.283,-2.427,deficit,5.75,5,0
2026-04-06 06:00:00+00:00,23.5791,0.954,surplus,6.0,6,0
2026-04-06 06:15:00+00:00,7.2756,4.817,surplus,6.25,6,0
2026-04-06 06:30:00+00:00,52.146,-6.039,deficit,6.5,6,0
2026-04-06 06:45:00+00:00,27.773,-7.851,deficit,6.75,6,0
2026-04-06 07:00:00+00:00,71.206,-20.082,deficit,7.0,7,0
2026-04-06 07:15:00+00:00,12.96,-21.426,deficit,7.25,7,0
2026-04-06 07:30:00+00:00,31.858,-26.194,deficit,7.5,7,0
2026-04-06 07:45:00+00:00,56.423,-20.055,deficit,7.75,7,0
2026-04-06 08:00:00+00:00,121.432,-3.169,deficit,8.0,8,0
2026-04-06 08:15:00+00:00,-11.9108,1.101,surplus,8.25,8,0
2026-04-06 08:30:00+00:00,-14.686,3.687,surplus,8.5,8,0
2026-04-06 08:45:00+00:00,-27.543,6.905,surplus,8.75,8,0
2026-04-06 09:00:00+00:00,-45.9428,8.425,surplus,9.0,9,0
2026-04-06 09:15:00+00:00,-53.0246,10.463,surplus,9.25,9,0
2026-04-06 09:30:00+00:00,-56.6376,10.713,surplus,9.5,9,0
2026-04-06 09:45:00+00:00,-64.0915,17.782,surplus,9.75,9,0
2026-04-06 10:00:00+00:00,-59.274,12.828,surplus,10.0,10,0
2026-04-06 10:15:00+00:00,-82.1604,14.538,surplus,10.25,10,0
2026-04-06 10:30:00+00:00,-88.9546,26.362,surplus,10.5,10,0
2026-04-06 10:45:00+00:00,-114.6155,32.419,surplus,10.75,10,0
2026-04-06 11:00:00+00:00,-173.0,40.094,surplus,11.0,11,0
2026-04-06 11:15:00+00:00,-184.65,47.847,surplus,11.25,11,0
2026-04-06 11:30:00+00:00,-212.85,47.735,surplus,11.5,11,0
2026-04-06 11:45:00+00:00,-281.913,49.954,surplus,11.75,11,0
2026-04-06 12:00:00+00:00,-289.439,53.235,surplus,12.0,12,0
2026-04-06 12:15:00+00:00,-454.029,44.738,surplus,12.25,12,0
2026-04-06 12:30:00+00:00,-284.8563,28.827,surplus,12.5,12,0
2026-04-06 12:45:00+00:00,-312.772,43.339,surplus,12.75,12,0
2026-04-06 13:00:00+00:00,-283.2397,56.499,surplus,13.0,13,0
2026-04-06 13:15:00+00:00,-243.5155,43.59,surplus,13.25,13,0
2026-04-06 13:30:00+00:00,-177.076,41.429,surplus,13.5,13,0
2026-04-06 13:45:00+00:00,-163.9904,35.778,surplus,13.75,13,0
2026-04-06 14:00:00+00:00,-165.8561,23.406,surplus,14.0,14,0
2026-04-06 14:15:00+00:00,-102.0405,6.101,surplus,14.25,14,0
2026-04-06 14:30:00+00:00,-90.0238,9.7,surplus,14.5,14,0
2026-04-06 14:45:00+00:00,-85.4605,9.824,surplus,14.75,14,0
2026-04-06 15:00:00+00:00,-99.126,15.802,surplus,15.0,15,0
2026-04-06 15:15:00+00:00,19.137,-22.567,deficit,15.25,15,0
2026-04-06 15:30:00+00:00,18.723,-1.536,deficit,15.5,15,0
2026-04-06 15:45:00+00:00,19.041,-11.74,deficit,15.75,15,0
2026-04-06 16:00:00+00:00,41.3417,-9.365,deficit,16.0,16,0
2026-04-06 16:15:00+00:00,39.068,-0.68,deficit,16.25,16,0
2026-04-06 16:30:00+00:00,48.7266,10.144,surplus,16.5,16,0
2026-04-06 16:45:00+00:00,57.6449,11.52,surplus,16.75,16,0
2026-04-06 17:00:00+00:00,39.069,1.743,surplus,17.0,17,0
2026-04-06 17:15:00+00:00,120.5988,-1.895,deficit,17.25,17,0
2026-04-06 17:30:00+00:00,121.076,-12.47,deficit,17.5,17,0
2026-04-06 17:45:00+00:00,121.253,-20.877,deficit,17.75,17,0
2026-04-06 18:00:00+00:00,150.229,-23.116,deficit,18.0,18,0
2026-04-06 18:15:00+00:00,133.6125,-21.502,deficit,18.25,18,0
2026-04-06 18:30:00+00:00,138.2802,-18.746,deficit,18.5,18,0
2026-04-06 18:45:00+00:00,134.9741,-13.557,deficit,18.75,18,0
2026-04-06 19:00:00+00:00,123.5395,-15.485,deficit,19.0,19,0
2026-04-06 19:15:00+00:00,127.6328,-5.521,deficit,19.25,19,0
2026-04-06 19:30:00+00:00,127.2086,-3.21,deficit,19.5,19,0
2026-04-06 19:45:00+00:00,86.609,3.483,surplus,19.75,19,0
2026-04-06 20:00:00+00:00,133.21,-9.936,deficit,20.0,20,0
2026-04-06 20:15:00+00:00,92.038,2.228,surplus,20.25,20,0
2026-04-06 20:30:00+00:00,90.579,3.986,surplus,20.5,20,0
2026-04-06 20:45:00+00:00,88.68,2.076,surplus,20.75,20,0
2026-04-06 21:00:00+00:00,132.616,-11.922,deficit,21.0,21,0
2026-04-06 21:15:00+00:00,126.038,-10.067,deficit,21.25,21,0
2026-04-06 21:30:00+00:00,121.363,-4.36,deficit,21.5,21,0
2026-04-06 21:45:00+00:00,119.0027,-1.997,deficit,21.75,21,0
2026-04-06 22:00:00+00:00,67.386,2.277,surplus,22.0,22,0
2026-04-06 22:15:00+00:00,85.775,12.911,surplus,22.25,22,0
2026-04-06 22:30:00+00:00,32.791,15.18,surplus,22.5,22,0
2026-04-06 22:45:00+00:00,29.782,18.823,surplus,22.75,22,0
2026-04-06 23:00:00+00:00,59.394,23.683,surplus,23.0,23,0
2026-04-06 23:15:00+00:00,42.571,25.423,surplus,23.25,23,0
2026-04-06 23:30:00+00:00,51.892,22.23,surplus,23.5,23,0
2026-04-06 23:45:00+00:00,24.514,22.12,surplus,23.75,23,0
2026-04-07 00:00:00+00:00,40.57,12.752,surplus,0.0,0,1
2026-04-07 00:15:00+00:00,31.737,9.15,surplus,0.25,0,1
2026-04-07 00:30:00+00:00,31.898,13.334,surplus,0.5,0,1
2026-04-07 00:45:00+00:00,46.793,12.577,surplus,0.75,0,1
2026-04-07 01:00:00+00:00,75.399,7.971,surplus,1.0,1,1
2026-04-07 01:15:00+00:00,39.287,4.304,surplus,1.25,1,1
2026-04-07 01:30:00+00:00,93.6609,9.477,surplus,1.5,1,1
2026-04-07 01:45:00+00:00,93.6609,2.906,surplus,1.75,1,1
2026-04-07 02:00:00+00:00,73.621,7.307,surplus,2.0,2,1
2026-04-07 02:15:00+00:00,71.484,4.357,surplus,2.25,2,1
2026-04-07 02:30:00+00:00,70.664,2.813,surplus,2.5,2,1
2026-04-07 02:45:00+00:00,74.506,0.603,surplus,2.75,2,1
2026-04-07 03:00:00+00:00,84.159,6.41,surplus,3.0,3,1
2026-04-07 03:15:00+00:00,82.686,2.13,surplus,3.25,3,1
2026-04-07 03:30:00+00:00,74.608,0.089,surplus,3.5,3,1
2026-04-07 03:45:00+00:00,161.876,-7.088,deficit,3.75,3,1
2026-04-07 04:00:00+00:00,144.496,-4.1,deficit,4.0,4,1
2026-04-07 04:15:00+00:00,157.3,-9.11,deficit,4.25,4,1
2026-04-07 04:30:00+00:00,171.523,-7.996,deficit,4.5,4,1
2026-04-07 04:45:00+00:00,193.479,-7.883,deficit,4.75,4,1
2026-04-07 05:00:00+00:00,208.087,-4.566,deficit,5.0,5,1
2026-04-07 05:15:00+00:00,93.013,2.012,surplus,5.25,5,1
2026-04-07 05:30:00+00:00,72.428,5.146,surplus,5.5,5,1
2026-04-07 05:45:00+00:00,93.76,4.625,surplus,5.75,5,1
2026-04-07 06:00:00+00:00,70.682,10.726,surplus,6.0,6,1
2026-04-07 06:15:00+00:00,27.826,8.175,surplus,6.25,6,1
2026-04-07 06:30:00+00:00,109.923,-0.422,deficit,6.5,6,1
2026-04-07 06:45:00+00:00,97.9584,-2.387,deficit,6.75,6,1
2026-04-07 07:00:00+00:00,59.4694,14.292,surplus,7.0,7,1
2026-04-07 07:15:00+00:00,48.21,8.535,surplus,7.25,7,1
2026-04-07 07:30:00+00:00,10.886,7.507,surplus,7.5,7,1
2026-04-07 07:45:00+00:00,-272.075,8.999,surplus,7.75,7,1
2026-04-07 08:00:00+00:00,-16.873,18.035,surplus,8.0,8,1
2026-04-07 08:15:00+00:00,-136.646,19.555,surplus,8.25,8,1
2026-04-07 08:30:00+00:00,-58.15,13.208,surplus,8.5,8,1
2026-04-07 08:45:00+00:00,-476.565,26.227,surplus,8.75,8,1
2026-04-07 09:00:00+00:00,0.437,7.121,surplus,9.0,9,1
2026-04-07 09:15:00+00:00,-5.412,5.107,surplus,9.25,9,1
2026-04-07 09:30:00+00:00,-3.1451,8.645,surplus,9.5,9,1
2026-04-07 09:45:00+00:00,-5.8228,3.545,surplus,9.75,9,1
2026-04-07 10:00:00+00:00,-28.2573,9.969,surplus,10.0,10,1
2026-04-07 10:15:00+00:00,-30.3507,8.798,surplus,10.25,10,1
2026-04-07 10:30:00+00:00,-38.9135,21.023,surplus,10.5,10,1
2026-04-07 10:45:00+00:00,-42.1181,20.243,surplus,10.75,10,1
2026-04-07 11:00:00+00:00,-40.0326,9.069,surplus,11.0,11,1
2026-04-07 11:15:00+00:00,-39.7344,12.427,surplus,11.25,11,1
2026-04-07 11:30:00+00:00,-43.0606,14.428,surplus,11.5,11,1
2026-04-07 11:45:00+00:00,-44.4001,15.579,surplus,11.75,11,1
2026-04-07 12:00:00+00:00,-47.6279,17.747,surplus,12.0,12,1
2026-04-07 12:15:00+00:00,-52.2866,18.965,surplus,12.25,12,1
2026-04-07 12:30:00+00:00,-49.4284,16.538,surplus,12.5,12,1
2026-04-07 12:45:00+00:00,-47.9163,21.723,surplus,12.75,12,1
2026-04-07 13:00:00+00:00,-39.6314,31.596,surplus,13.0,13,1
2026-04-07 13:15:00+00:00,-37.1588,28.16,surplus,13.25,13,1
2026-04-07 13:30:00+00:00,-36.6118,19.501,surplus,13.5,13,1
2026-04-07 13:45:00+00:00,-31.5943,20.677,surplus,13.75,13,1
2026-04-07 14:00:00+00:00,-253.515,33.699,surplus,14.0,14,1
2026-04-07 14:15:00+00:00,-86.231,40.671,surplus,14.25,14,1
2026-04-07 14:30:00+00:00,-8.5205,34.62,surplus,14.5,14,1
2026-04-07 14:45:00+00:00,-1.4975,32.472,surplus,14.75,14,1
2026-04-07 15:00:00+00:00,2.539,31.153,surplus,15.0,15,1
2026-04-07 15:15:00+00:00,12.572,23.447,surplus,15.25,15,1
2026-04-07 15:30:00+00:00,-139.774,23.168,surplus,15.5,15,1
2026-04-07 15:45:00+00:00,-13.737,3.336,surplus,15.75,15,1
2026-04-07 16:00:00+00:00,-21.04,15.075,surplus,16.0,16,1
2026-04-07 16:15:00+00:00,-18.591,7.656,surplus,16.25,16,1
2026-04-07 16:30:00+00:00,154.209,-2.322,deficit,16.5,16,1
2026-04-07 16:45:00+00:00,189.948,-7.48,deficit,16.75,16,1
2026-04-07 17:00:00+00:00,157.7124,-9.551,deficit,17.0,17,1
2026-04-07 17:15:00+00:00,54.072,0.905,surplus,17.25,17,1
2026-04-07 17:30:00+00:00,217.349,-1.828,deficit,17.5,17,1
2026-04-07 17:45:00+00:00,230.813,-1.134,deficit,17.75,17,1
2026-04-07 18:00:00+00:00,231.11,-1.05,deficit,18.0,18,1
2026-04-07 18:15:00+00:00,107.833,7.764,surplus,18.25,18,1
2026-04-07 18:30:00+00:00,93.988,5.789,surplus,18.5,18,1
2026-04-07 18:45:00+00:00,13.689,0.641,surplus,18.75,18,1
2026-04-07 19:00:00+00:00,68.837,11.704,surplus,19.0,19,1
2026-04-07 19:15:00+00:00,45.544,4.406,surplus,19.25,19,1
2026-04-07 19:30:00+00:00,151.745,-1.722,deficit,19.5,19,1
2026-04-07 19:45:00+00:00,-221.146,24.022,surplus,19.75,19,1
2026-04-07 20:00:00+00:00,151.481,-4.066,deficit,20.0,20,1
2026-04-07 20:15:00+00:00,-50.0,11.895,surplus,20.25,20,1
2026-04-07 20:30:00+00:00,-50.0,2.223,surplus,20.5,20,1
2026-04-07 20:45:00+00:00,-16.64,1.51,surplus,20.75,20,1
2026-04-07 21:00:00+00:00,19.013,0.782,surplus,21.0,21,1
2026-04-07 21:15:00+00:00,60.084,4.157,surplus,21.25,21,1
2026-04-07 21:30:00+00:00,47.053,4.446,surplus,21.5,21,1
2026-04-07 21:45:00+00:00,40.551,5.341,surplus,21.75,21,1
2026-04-07 22:00:00+00:00,73.594,8.324,surplus,22.0,22,1
2026-04-07 22:15:00+00:00,60.552,9.607,surplus,22.25,22,1
2026-04-07 22:30:00+00:00,90.438,11.705,surplus,22.5,22,1
2026-04-07 22:45:00+00:00,80.541,10.911,surplus,22.75,22,1
2026-04-07 23:00:00+00:00,63.065,7.776,surplus,23.0,23,1
2026-04-07 23:15:00+00:00,51.778,8.588,surplus,23.25,23,1
2026-04-07 23:30:00+00:00,50.304,3.634,surplus,23.5,23,1
2026-04-07 23:45:00+00:00,46.313,7.521,surplus,23.75,23,1
2026-04-08 00:00:00+00:00,59.954,5.153,surplus,0.0,0,2
2026-04-08 00:15:00+00:00,51.72,7.172,surplus,0.25,0,2
2026-04-08 00:30:00+00:00,42.65,11.892,surplus,0.5,0,2
2026-04-08 00:45:00+00:00,57.054,12.205,surplus,0.75,0,2
2026-04-08 01:00:00+00:00,56.204,15.309,surplus,1.0,1,2
2026-04-08 01:15:00+00:00,52.143,16.819,surplus,1.25,1,2
2026-04-08 01:30:00+00:00,48.057,16.84,surplus,1.5,1,2
2026-04-08 01:45:00+00:00,61.611,13.907,surplus,1.75,1,2
2026-04-08 02:00:00+00:00,65.427,7.413,surplus,2.0,2,2
2026-04-08 02:15:00+00:00,57.592,14.719,surplus,2.25,2,2
2026-04-08 02:30:00+00:00,92.581,11.464,surplus,2.5,2,2
2026-04-08 02:45:00+00:00,100.58,10.217,surplus,2.75,2,2
2026-04-08 03:00:00+00:00,102.9319,20.237,surplus,3.0,3,2
2026-04-08 03:15:00+00:00,101.587,20.697,surplus,3.25,3,2
2026-04-08 03:30:00+00:00,111.7094,20.949,surplus,3.5,3,2
2026-04-08 03:45:00+00:00,104.429,15.007,surplus,3.75,3,2
2026-04-08 04:00:00+00:00,104.323,1.975,surplus,4.0,4,2
2026-04-08 04:15:00+00:00,133.71,12.661,surplus,4.25,4,2
2026-04-08 04:30:00+00:00,105.139,8.178,surplus,4.5,4,2
2026-04-08 04:45:00+00:00,114.948,1.935,surplus,4.75,4,2
2026-04-08 05:00:00+00:00,109.496,7.575,surplus,5.0,5,2
2026-04-08 05:15:00+00:00,107.063,12.75,surplus,5.25,5,2
2026-04-08 05:30:00+00:00,106.19,17.961,surplus,5.5,5,2
2026-04-08 05:45:00+00:00,100.29,8.765,surplus,5.75,5,2
2026-04-08 06:00:00+00:00,203.599,-0.946,deficit,6.0,6,2
2026-04-08 06:15:00+00:00,159.907,-1.991,deficit,6.25,6,2
2026-04-08 06:30:00+00:00,141.2932,-16.691,deficit,6.5,6,2
2026-04-08 06:45:00+00:00,127.5681,-11.103,deficit,6.75,6,2
2026-04-08 07:00:00+00:00,140.019,-8.131,deficit,7.0,7,2
2026-04-08 07:15:00+00:00,107.14,-2.258,deficit,7.25,7,2
2026-04-08 07:30:00+00:00,85.158,-10.684,deficit,7.5,7,2
2026-04-08 07:45:00+00:00,103.424,-11.551,deficit,7.75,7,2
2026-04-08 08:00:00+00:00,122.514,-9.165,deficit,8.0,8,2
2026-04-08 08:15:00+00:00,82.177,-15.967,deficit,8.25,8,2
2026-04-08 08:30:00+00:00,42.671,-10.342,deficit,8.5,8,2
2026-04-08 08:45:00+00:00,24.808,-6.276,deficit,8.75,8,2
2026-04-08 09:00:00+00:00,-11.887,5.824,surplus,9.0,9,2
2026-04-08 09:15:00+00:00,0.0,9.941,surplus,9.25,9,2
2026-04-08 09:30:00+00:00,-1.199,24.878,surplus,9.5,9,2
2026-04-08 09:45:00+00:00,-5.5,25.723,surplus,9.75,9,2
2026-04-08 10:00:00+00:00,-9.9614,53.92,surplus,10.0,10,2
2026-04-08 10:15:00+00:00,-15.8347,32.129,surplus,10.25,10,2
2026-04-08 10:30:00+00:00,-16.4197,29.665,surplus,10.5,10,2
2026-04-08 10:45:00+00:00,-24.2854,29.769,surplus,10.75,10,2
2026-04-08 11:00:00+00:00,-24.695,12.393,surplus,11.0,11,2
2026-04-08 11:15:00+00:00,-24.9215,3.799,surplus,11.25,11,2
2026-04-08 11:30:00+00:00,-24.9461,30.146,surplus,11.5,11,2
2026-04-08 11:45:00+00:00,-25.0433,27.145,surplus,11.75,11,2
2026-04-08 12:00:00+00:00,-22.5702,28.866,surplus,12.0,12,2
2026-04-08 12:15:00+00:00,-20.5628,29.093,surplus,12.25,12,2
2026-04-08 12:30:00+00:00,-19.2313,2.082,surplus,12.5,12,2
2026-04-08 12:45:00+00:00,24.098,-4.132,deficit,12.75,12,2
2026-04-08 13:00:00+00:00,-21.998,17.836,surplus,13.0,13,2
2026-04-08 13:15:00+00:00,25.121,-4.147,deficit,13.25,13,2
2026-04-08 13:30:00+00:00,46.689,-2.138,deficit,13.5,13,2
2026-04-08 13:45:00+00:00,0.17,1.671,surplus,13.75,13,2
2026-04-08 14:00:00+00:00,0.88,21.195,surplus,14.0,14,2
2026-04-08 14:15:00+00:00,0.0,26.645,surplus,14.25,14,2
2026-04-08 14:30:00+00:00,1.36,24.383,surplus,14.5,14,2
2026-04-08 14:45:00+00:00,36.063,25.069,surplus,14.75,14,2
2026-04-08 15:00:00+00:00,80.7703,-11.514,deficit,15.0,15,2
2026-04-08 15:15:00+00:00,98.67,-8.88,deficit,15.25,15,2
2026-04-08 15:30:00+00:00,55.241,5.003,surplus,15.5,15,2
2026-04-08 15:45:00+00:00,145.222,-0.53,deficit,15.75,15,2
2026-04-08 16:00:00+00:00,132.043,-16.04,deficit,16.0,16,2
2026-04-08 16:15:00+00:00,157.287,-7.6,deficit,16.25,16,2
2026-04-08 16:30:00+00:00,168.238,-6.021,deficit,16.5,16,2
2026-04-08 16:45:00+00:00,183.832,-1.848,deficit,16.75,16,2
2026-04-08 17:00:00+00:00,105.926,3.908,surplus,17.0,17,2
2026-04-08 17:15:00+00:00,112.647,3.998,surplus,17.25,17,2
2026-04-08 17:30:00+00:00,125.037,3.049,surplus,17.5,17,2
2026-04-08 17:45:00+00:00,203.555,-7.945,deficit,17.75,17,2
2026-04-08 18:00:00+00:00,209.77,-4.889,deficit,18.0,18,2
2026-04-08 18:15:00+00:00,180.521,-3.51,deficit,18.25,18,2
2026-04-08 18:30:00+00:00,172.119,-4.579,deficit,18.5,18,2
2026-04-08 18:45:00+00:00,164.9517,-3.555,deficit,18.75,18,2
2026-04-08 19:00:00+00:00,164.593,-7.457,deficit,19.0,19,2
2026-04-08 19:15:00+00:00,148.445,-12.151,deficit,19.25,19,2
2026-04-08 19:30:00+00:00,141.614,-10.947,deficit,19.5,19,2
2026-04-08 19:45:00+00:00,136.4069,-6.591,deficit,19.75,19,2
2026-04-08 20:00:00+00:00,100.84,1.69,surplus,20.0,20,2
2026-04-08 20:15:00+00:00,13.562,3.399,surplus,20.25,20,2
2026-04-08 20:30:00+00:00,72.505,2.834,surplus,20.5,20,2
2026-04-08 20:45:00+00:00,97.752,8.736,surplus,20.75,20,2
2026-04-08 21:00:00+00:00,77.269,4.849,surplus,21.0,21,2
2026-04-08 21:15:00+00:00,87.502,4.079,surplus,21.25,21,2
2026-04-08 21:30:00+00:00,78.32,4.506,surplus,21.5,21,2
2026-04-08 21:45:00+00:00,83.327,2.276,surplus,21.75,21,2
2026-04-08 22:00:00+00:00,144.254,-0.266,deficit,22.0,22,2
2026-04-08 22:15:00+00:00,106.237,1.548,surplus,22.25,22,2
2026-04-08 22:30:00+00:00,105.864,1.473,surplus,22.5,22,2
2026-04-08 22:45:00+00:00,92.512,4.301,surplus,22.75,22,2
2026-04-08 23:00:00+00:00,96.473,0.508,surplus,23.0,23,2
2026-04-08 23:15:00+00:00,134.387,-1.337,deficit,23.25,23,2
2026-04-08 23:30:00+00:00,134.288,-4.468,deficit,23.5,23,2
2026-04-08 23:45:00+00:00,133.188,-3.465,deficit,23.75,23,2
2026-04-09 00:00:00+00:00,134.707,-1.418,deficit,0.0,0,3
2026-04-09 00:15:00+00:00,126.61,-2.391,deficit,0.25,0,3
2026-04-09 00:30:00+00:00,81.024,2.237,surplus,0.5,0,3
2026-04-09 00:45:00+00:00,127.523,-0.011,deficit,0.75,0,3
2026-04-09 01:00:00+00:00,56.751,1.071,surplus,1.0,1,3
2026-04-09 01:15:00+00:00,117.183,-1.978,deficit,1.25,1,3
2026-04-09 01:30:00+00:00,119.207,-2.925,deficit,1.5,1,3
2026-04-09 01:45:00+00:00,68.749,0.055,surplus,1.75,1,3
2026-04-09 02:00:00+00:00,62.845,1.085,surplus,2.0,2,3
2026-04-09 02:15:00+00:00,134.0346,-0.066,deficit,2.25,2,3
2026-04-09 02:30:00+00:00,59.392,0.2,surplus,2.5,2,3
2026-04-09 02:45:00+00:00,135.883,-3.726,deficit,2.75,2,3
2026-04-09 03:00:00+00:00,137.9415,-3.828,deficit,3.0,3,3
2026-04-09 03:15:00+00:00,137.9415,-2.535,deficit,3.25,3,3
2026-04-09 03:30:00+00:00,136.8375,-8.531,deficit,3.5,3,3
2026-04-09 03:45:00+00:00,144.1,-7.709,deficit,3.75,3,3
2026-04-09 04:00:00+00:00,-11.846,2.169,surplus,4.0,4,3
2026-04-09 04:15:00+00:00,156.6633,-3.641,deficit,4.25,4,3
2026-04-09 04:30:00+00:00,171.545,-3.797,deficit,4.5,4,3
2026-04-09 04:45:00+00:00,194.888,-9.64,deficit,4.75,4,3
2026-04-09 05:00:00+00:00,173.58,-5.964,deficit,5.0,5,3
2026-04-09 05:15:00+00:00,171.743,-0.601,deficit,5.25,5,3
2026-04-09 05:30:00+00:00,93.789,1.139,surplus,5.5,5,3
2026-04-09 05:45:00+00:00,104.352,11.721,surplus,5.75,5,3
2026-04-09 06:00:00+00:00,114.704,2.599,surplus,6.0,6,3
2026-04-09 06:15:00+00:00,83.978,4.628,surplus,6.25,6,3
2026-04-09 06:30:00+00:00,87.923,11.604,surplus,6.5,6,3
2026-04-09 06:45:00+00:00,66.277,24.117,surplus,6.75,6,3
2026-04-09 07:00:00+00:00,36.887,13.673,surplus,7.0,7,3
2026-04-09 07:15:00+00:00,12.111,6.523,surplus,7.25,7,3
2026-04-09 07:30:00+00:00,-119.788,3.574,surplus,7.5,7,3
2026-04-09 07:45:00+00:00,-2.979,14.365,surplus,7.75,7,3
2026-04-09 08:00:00+00:00,9.721,11.333,surplus,8.0,8,3
2026-04-09 08:15:00+00:00,14.471,13.37,surplus,8.25,8,3
2026-04-09 08:30:00+00:00,2.439,23.653,surplus,8.5,8,3
2026-04-09 08:45:00+00:00,9.95,25.81,surplus,8.75,8,3
2026-04-09 09:00:00+00:00,1.6791,19.33,surplus,9.0,9,3
2026-04-09 09:15:00+00:00,-11.878,6.518,surplus,9.25,9,3
2026-04-09 09:30:00+00:00,-9.579,10.522,surplus,9.5,9,3
2026-04-09 09:45:00+00:00,100.055,-1.059,deficit,9.75,9,3
2026-04-09 10:00:00+00:00,-0.011,5.268,surplus,10.0,10,3
2026-04-09 10:15:00+00:00,-0.11,5.861,surplus,10.25,10,3
2026-04-09 10:30:00+00:00,-0.0748,3.103,surplus,10.5,10,3
2026-04-09 10:45:00+00:00,-5.0,3.807,surplus,10.75,10,3
2026-04-09 11:00:00+00:00,127.21,-3.031,deficit,11.0,11,3
2026-04-09 11:15:00+00:00,86.341,-1.261,deficit,11.25,11,3
2026-04-09 11:30:00+00:00,38.125,-2.777,deficit,11.5,11,3
2026-04-09 11:45:00+00:00,-17.1381,15.154,surplus,11.75,11,3
2026-04-09 12:00:00+00:00,-18.0908,24.017,surplus,12.0,12,3
2026-04-09 12:15:00+00:00,-14.3135,7.408,surplus,12.25,12,3
2026-04-09 12:30:00+00:00,-11.5108,20.033,surplus,12.5,12,3
2026-04-09 12:45:00+00:00,-10.3347,13.933,surplus,12.75,12,3
2026-04-09 13:00:00+00:00,-7.988,4.869,surplus,13.0,13,3
2026-04-09 13:15:00+00:00,-25.962,10.277,surplus,13.25,13,3
2026-04-09 13:30:00+00:00,-35.293,17.06,surplus,13.5,13,3
2026-04-09 13:45:00+00:00,0.12,19.017,surplus,13.75,13,3
2026-04-09 14:00:00+00:00,-101.689,11.325,surplus,14.0,14,3
2026-04-09 14:15:00+00:00,-26.191,14.323,surplus,14.25,14,3
2026-04-09 14:30:00+00:00,28.833,8.962,surplus,14.5,14,3
2026-04-09 14:45:00+00:00,168.41,-0.413,deficit,14.75,14,3
2026-04-09 15:00:00+00:00,96.49,-1.356,deficit,15.0,15,3
2026-04-09 15:15:00+00:00,-13.603,4.785,surplus,15.25,15,3
2026-04-09 15:30:00+00:00,-16.11,0.199,surplus,15.5,15,3
2026-04-09 15:45:00+00:00,127.666,-1.358,deficit,15.75,15,3
2026-04-09 16:00:00+00:00,-19.128,14.477,surplus,16.0,16,3
2026-04-09 16:15:00+00:00,-15.793,4.89,surplus,16.25,16,3
2026-04-09 16:30:00+00:00,38.413,1.661,surplus,16.5,16,3
2026-04-09 16:45:00+00:00,48.386,0.233,surplus,16.75,16,3
2026-04-09 17:00:00+00:00,10.479,13.822,surplus,17.0,17,3
2026-04-09 17:15:00+00:00,42.246,6.006,surplus,17.25,17,3
2026-04-09 17:30:00+00:00,2.215,11.096,surplus,17.5,17,3
2026-04-09 17:45:00+00:00,35.498,5.318,surplus,17.75,17,3
2026-04-09 18:00:00+00:00,39.906,7.007,surplus,18.0,18,3
2026-04-09 18:15:00+00:00,35.653,5.543,surplus,18.25,18,3
2026-04-09 18:30:00+00:00,18.433,7.194,surplus,18.5,18,3
2026-04-09 18:45:00+00:00,11.025,9.831,surplus,18.75,18,3
2026-04-09 19:00:00+00:00,4.993,4.99,surplus,19.0,19,3
2026-04-09 19:15:00+00:00,27.45,7.444,surplus,19.25,19,3
2026-04-09 19:30:00+00:00,-4.109,11.194,surplus,19.5,19,3
2026-04-09 19:45:00+00:00,-36.821,23.195,surplus,19.75,19,3
2026-04-09 20:00:00+00:00,135.223,-0.023,deficit,20.0,20,3
2026-04-09 20:15:00+00:00,122.067,-0.537,deficit,20.25,20,3
2026-04-09 20:30:00+00:00,-16.637,4.371,surplus,20.5,20,3
2026-04-09 20:45:00+00:00,-15.249,0.343,surplus,20.75,20,3
2026-04-09 21:00:00+00:00,179.234,-2.118,deficit,21.0,21,3
2026-04-09 21:15:00+00:00,127.6,-3.587,deficit,21.25,21,3
2026-04-09 21:30:00+00:00,157.52,-8.099,deficit,21.5,21,3
2026-04-09 21:45:00+00:00,-17.235,1.252,surplus,21.75,21,3
2026-04-09 22:00:00+00:00,175.846,-1.028,deficit,22.0,22,3
2026-04-09 22:15:00+00:00,59.077,2.863,surplus,22.25,22,3
2026-04-09 22:30:00+00:00,171.578,-0.615,deficit,22.5,22,3
2026-04-09 22:45:00+00:00,54.816,2.771,surplus,22.75,22,3
2026-04-09 23:00:00+00:00,67.486,5.928,surplus,23.0,23,3
2026-04-09 23:15:00+00:00,52.87,4.557,surplus,23.25,23,3
2026-04-09 23:30:00+00:00,148.28,-2.215,deficit,23.5,23,3
2026-04-09 23:45:00+00:00,151.459,-0.025,deficit,23.75,23,3
2026-04-10 00:00:00+00:00,143.528,-1.152,deficit,0.0,0,4
2026-04-10 00:15:00+00:00,146.674,-1.857,deficit,0.25,0,4
2026-04-10 00:30:00+00:00,136.004,-1.906,deficit,0.5,0,4
2026-04-10 00:45:00+00:00,147.081,-1.469,deficit,0.75,0,4
2026-04-10 01:00:00+00:00,134.2,-0.157,deficit,1.0,1,4
2026-04-10 01:15:00+00:00,150.876,-1.78,deficit,1.25,1,4
2026-04-10 01:30:00+00:00,-10.657,1.039,surplus,1.5,1,4
2026-04-10 01:45:00+00:00,148.456,-0.382,deficit,1.75,1,4
2026-04-10 02:00:00+00:00,145.651,-0.454,deficit,2.0,2,4
2026-04-10 02:15:00+00:00,148.06,-5.415,deficit,2.25,2,4
2026-04-10 02:30:00+00:00,138.644,-9.213,deficit,2.5,2,4
2026-04-10 02:45:00+00:00,119.119,-10.012,deficit,2.75,2,4
2026-04-10 03:00:00+00:00,107.723,-4.284,deficit,3.0,3,4
2026-04-10 03:15:00+00:00,132.0,-1.415,deficit,3.25,3,4
2026-04-10 03:30:00+00:00,64.276,4.029,surplus,3.5,3,4
2026-04-10 03:45:00+00:00,16.725,1.823,surplus,3.75,3,4
2026-04-10 04:00:00+00:00,136.576,-3.488,deficit,4.0,4,4
2026-04-10 04:15:00+00:00,59.838,0.827,surplus,4.25,4,4
2026-04-10 04:30:00+00:00,145.717,-7.079,deficit,4.5,4,4
2026-04-10 04:45:00+00:00,144.331,-6.305,deficit,4.75,4,4
2026-04-10 05:00:00+00:00,144.034,-5.361,deficit,5.0,5,4
2026-04-10 05:15:00+00:00,46.091,1.003,surplus,5.25,5,4
2026-04-10 05:30:00+00:00,79.808,5.458,surplus,5.5,5,4
2026-04-10 05:45:00+00:00,85.133,15.35,surplus,5.75,5,4
2026-04-10 06:00:00+00:00,120.2775,9.26,surplus,6.0,6,4
2026-04-10 06:15:00+00:00,120.5283,14.031,surplus,6.25,6,4
2026-04-10 06:30:00+00:00,109.741,12.847,surplus,6.5,6,4
2026-04-10 06:45:00+00:00,65.741,30.187,surplus,6.75,6,4
2026-04-10 07:00:00+00:00,76.725,34.865,surplus,7.0,7,4
2026-04-10 07:15:00+00:00,101.921,21.351,surplus,7.25,7,4
2026-04-10 07:30:00+00:00,51.242,17.62,surplus,7.5,7,4
2026-04-10 07:45:00+00:00,-15.075,29.036,surplus,7.75,7,4
2026-04-10 08:00:00+00:00,98.216,14.911,surplus,8.0,8,4
2026-04-10 08:15:00+00:00,59.067,14.68,surplus,8.25,8,4
2026-04-10 08:30:00+00:00,-4.511,12.592,surplus,8.5,8,4
2026-04-10 08:45:00+00:00,29.948,13.591,surplus,8.75,8,4
2026-04-10 09:00:00+00:00,94.188,26.271,surplus,9.0,9,4
2026-04-10 09:15:00+00:00,112.58,32.913,surplus,9.25,9,4
2026-04-10 09:30:00+00:00,105.411,25.899,surplus,9.5,9,4
2026-04-10 09:45:00+00:00,106.8,26.195,surplus,9.75,9,4
2026-04-10 10:00:00+00:00,100.62,33.067,surplus,10.0,10,4
2026-04-10 10:15:00+00:00,81.146,23.847,surplus,10.25,10,4
2026-04-10 10:30:00+00:00,89.533,20.894,surplus,10.5,10,4
2026-04-10 10:45:00+00:00,83.76,18.577,surplus,10.75,10,4
2026-04-10 11:00:00+00:00,96.141,16.09,surplus,11.0,11,4
2026-04-10 11:15:00+00:00,88.0,21.661,surplus,11.25,11,4
2026-04-10 11:30:00+00:00,85.39,19.731,surplus,11.5,11,4
2026-04-10 11:45:00+00:00,81.208,33.782,surplus,11.75,11,4
2026-04-10 12:00:00+00:00,80.755,42.527,surplus,12.0,12,4
2026-04-10 12:15:00+00:00,74.968,42.597,surplus,12.25,12,4
2026-04-10 12:30:00+00:00,68.127,40.402,surplus,12.5,12,4
2026-04-10 12:45:00+00:00,62.621,31.232,surplus,12.75,12,4
2026-04-10 13:00:00+00:00,91.42,25.609,surplus,13.0,13,4
2026-04-10 13:15:00+00:00,90.039,35.653,surplus,13.25,13,4
2026-04-10 13:30:00+00:00,88.641,23.071,surplus,13.5,13,4
2026-04-10 13:45:00+00:00,94.084,18.436,surplus,13.75,13,4
2026-04-10 14:00:00+00:00,97.887,19.93,surplus,14.0,14,4
2026-04-10 14:15:00+00:00,93.713,16.714,surplus,14.25,14,4
2026-04-10 14:30:00+00:00,103.418,6.507,surplus,14.5,14,4
2026-04-10 14:45:00+00:00,121.1793,7.796,surplus,14.75,14,4
2026-04-10 15:00:00+00:00,96.888,14.258,surplus,15.0,15,4
2026-04-10 15:15:00+00:00,46.829,3.714,surplus,15.25,15,4
2026-04-10 15:30:00+00:00,122.93,0.055,surplus,15.5,15,4
2026-04-10 15:45:00+00:00,180.18,-39.76,deficit,15.75,15,4
2026-04-10 16:00:00+00:00,154.7864,-47.77,deficit,16.0,16,4
2026-04-10 16:15:00+00:00,154.8656,-0.233,deficit,16.25,16,4
2026-04-10 16:30:00+00:00,115.733,3.359,surplus,16.5,16,4
2026-04-10 16:45:00+00:00,102.539,11.171,surplus,16.75,16,4
2026-04-10 17:00:00+00:00,62.513,9.734,surplus,17.0,17,4
2026-04-10 17:15:00+00:00,62.712,16.497,surplus,17.25,17,4
2026-04-10 17:30:00+00:00,67.374,9.135,surplus,17.5,17,4
2026-04-10 17:45:00+00:00,322.366,-1.038,deficit,17.75,17,4
2026-04-10 18:00:00+00:00,301.543,-3.219,deficit,18.0,18,4
2026-04-10 18:15:00+00:00,286.913,-9.094,deficit,18.25,18,4
2026-04-10 18:30:00+00:00,260.59,-2.806,deficit,18.5,18,4
2026-04-10 18:45:00+00:00,228.415,-8.103,deficit,18.75,18,4
2026-04-10 19:00:00+00:00,226.336,-0.494,deficit,19.0,19,4
2026-04-10 19:15:00+00:00,120.06,0.411,surplus,19.25,19,4
2026-04-10 19:30:00+00:00,105.024,1.4,surplus,19.5,19,4
2026-04-10 19:45:00+00:00,86.845,1.342,surplus,19.75,19,4
2026-04-10 20:00:00+00:00,100.503,2.151,surplus,20.0,20,4
2026-04-10 20:15:00+00:00,104.596,4.332,surplus,20.25,20,4
2026-04-10 20:30:00+00:00,86.544,2.777,surplus,20.5,20,4
2026-04-10 20:45:00+00:00,84.96,7.274,surplus,20.75,20,4
2026-04-10 21:00:00+00:00,153.417,-3.167,deficit,21.0,21,4
2026-04-10 21:15:00+00:00,148.962,-9.547,deficit,21.25,21,4
2026-04-10 21:30:00+00:00,145.255,-3.712,deficit,21.5,21,4
2026-04-10 21:45:00+00:00,141.031,-4.264,deficit,21.75,21,4
2026-04-10 22:00:00+00:00,90.975,0.804,surplus,22.0,22,4
2026-04-10 22:15:00+00:00,143.143,-4.754,deficit,22.25,22,4
2026-04-10 22:30:00+00:00,126.889,-2.969,deficit,22.5,22,4
2026-04-10 22:45:00+00:00,137.886,-2.806,deficit,22.75,22,4
2026-04-10 23:00:00+00:00,157.2,-4.338,deficit,23.0,23,4
2026-04-10 23:15:00+00:00,140.987,-2.706,deficit,23.25,23,4
2026-04-10 23:30:00+00:00,129.316,-3.729,deficit,23.5,23,4
2026-04-10 23:45:00+00:00,130.603,-1.679,deficit,23.75,23,4
2026-04-11 00:00:00+00:00,112.654,3.261,surplus,0.0,0,5
2026-04-11 00:15:00+00:00,111.5752,3.174,surplus,0.25,0,5
2026-04-11 00:30:00+00:00,131.593,-1.42,deficit,0.5,0,5
2026-04-11 00:45:00+00:00,102.873,1.685,surplus,0.75,0,5
2026-04-11 01:00:00+00:00,103.7055,0.26,surplus,1.0,1,5
2026-04-11 01:15:00+00:00,103.7055,1.236,surplus,1.25,1,5
2026-04-11 01:30:00+00:00,131.692,-3.481,deficit,1.5,1,5
2026-04-11 01:45:00+00:00,103.7055,1.014,surplus,1.75,1,5
2026-04-11 02:00:00+00:00,171.799,-0.185,deficit,2.0,2,5
2026-04-11 02:15:00+00:00,104.6659,4.55,surplus,2.25,2,5
2026-04-11 02:30:00+00:00,71.38,3.215,surplus,2.5,2,5
2026-04-11 02:45:00+00:00,97.681,0.703,surplus,2.75,2,5
2026-04-11 03:00:00+00:00,144.989,-1.788,deficit,3.0,3,5
2026-04-11 03:15:00+00:00,81.546,2.082,surplus,3.25,3,5
2026-04-11 03:30:00+00:00,124.025,-6.559,deficit,3.5,3,5
2026-04-11 03:45:00+00:00,51.355,1.131,surplus,3.75,3,5
2026-04-11 04:00:00+00:00,101.192,5.489,surplus,4.0,4,5
2026-04-11 04:15:00+00:00,43.04,4.893,surplus,4.25,4,5
2026-04-11 04:30:00+00:00,106.4786,2.088,surplus,4.5,4,5
2026-04-11 04:45:00+00:00,76.603,1.905,surplus,4.75,4,5
2026-04-11 05:00:00+00:00,105.342,2.205,surplus,5.0,5,5
2026-04-11 05:15:00+00:00,92.624,4.188,surplus,5.25,5,5
2026-04-11 05:30:00+00:00,83.279,3.183,surplus,5.5,5,5
2026-04-11 05:45:00+00:00,71.5,4.077,surplus,5.75,5,5
2026-04-11 06:00:00+00:00,94.1615,5.457,surplus,6.0,6,5
2026-04-11 06:15:00+00:00,82.282,12.622,surplus,6.25,6,5
2026-04-11 06:30:00+00:00,66.787,10.293,surplus,6.5,6,5
2026-04-11 06:45:00+00:00,24.04,21.298,surplus,6.75,6,5
2026-04-11 07:00:00+00:00,51.337,28.336,surplus,7.0,7,5
2026-04-11 07:15:00+00:00,22.46,43.84,surplus,7.25,7,5
2026-04-11 07:30:00+00:00,8.0,39.212,surplus,7.5,7,5
2026-04-11 07:45:00+00:00,0.01,45.347,surplus,7.75,7,5
2026-04-11 08:00:00+00:00,7.73,34.278,surplus,8.0,8,5
2026-04-11 08:15:00+00:00,0.01,23.562,surplus,8.25,8,5
2026-04-11 08:30:00+00:00,0.8,29.792,surplus,8.5,8,5
2026-04-11 08:45:00+00:00,1.259,35.59,surplus,8.75,8,5
2026-04-11 09:00:00+00:00,0.84,24.74,surplus,9.0,9,5
2026-04-11 09:15:00+00:00,0.4884,23.069,surplus,9.25,9,5
2026-04-11 09:30:00+00:00,0.1079,22.261,surplus,9.5,9,5
2026-04-11 09:45:00+00:00,-3.3528,26.122,surplus,9.75,9,5
2026-04-11 10:00:00+00:00,-3.4565,21.978,surplus,10.0,10,5
2026-04-11 10:15:00+00:00,-3.7363,10.946,surplus,10.25,10,5
2026-04-11 10:30:00+00:00,-6.2887,18.089,surplus,10.5,10,5
2026-04-11 10:45:00+00:00,-8.1363,24.847,surplus,10.75,10,5
2026-04-11 11:00:00+00:00,-4.2671,16.478,surplus,11.0,11,5
2026-04-11 11:15:00+00:00,-5.3803,22.676,surplus,11.25,11,5
2026-04-11 11:30:00+00:00,-6.4343,33.028,surplus,11.5,11,5
2026-04-11 11:45:00+00:00,-9.2495,42.686,surplus,11.75,11,5
2026-04-11 12:00:00+00:00,-12.751,32.668,surplus,12.0,12,5
2026-04-11 12:15:00+00:00,-14.7833,35.34,surplus,12.25,12,5
2026-04-11 12:30:00+00:00,-13.7776,34.034,surplus,12.5,12,5
2026-04-11 12:45:00+00:00,-11.9708,34.774,surplus,12.75,12,5
2026-04-11 13:00:00+00:00,-59.374,44.006,surplus,13.0,13,5
2026-04-11 13:15:00+00:00,1.8026,38.148,surplus,13.25,13,5
2026-04-11 13:30:00+00:00,2.6227,33.759,surplus,13.5,13,5
2026-04-11 13:45:00+00:00,3.8009,29.31,surplus,13.75,13,5
2026-04-11 14:00:00+00:00,-7.759,33.449,surplus,14.0,14,5
2026-04-11 14:15:00+00:00,-58.237,23.853,surplus,14.25,14,5
2026-04-11 14:30:00+00:00,6.078,25.253,surplus,14.5,14,5
2026-04-11 14:45:00+00:00,23.3879,22.341,surplus,14.75,14,5
2026-04-11 15:00:00+00:00,5.166,15.083,surplus,15.0,15,5
2026-04-11 15:15:00+00:00,7.456,17.218,surplus,15.25,15,5
2026-04-11 15:30:00+00:00,67.939,12.468,surplus,15.5,15,5
2026-04-11 15:45:00+00:00,17.012,12.425,surplus,15.75,15,5
2026-04-11 16:00:00+00:00,117.7,-0.045,deficit,16.0,16,5
2026-04-11 16:15:00+00:00,137.23,-5.519,deficit,16.25,16,5
2026-04-11 16:30:00+00:00,35.586,0.954,surplus,16.5,16,5
2026-04-11 16:45:00+00:00,154.386,-12.358,deficit,16.75,16,5
2026-04-11 17:00:00+00:00,134.7403,-6.336,deficit,17.0,17,5
2026-04-11 17:15:00+00:00,137.3635,-12.485,deficit,17.25,17,5
2026-04-11 17:30:00+00:00,139.5765,-8.276,deficit,17.5,17,5
2026-04-11 17:45:00+00:00,147.741,-5.859,deficit,17.75,17,5
2026-04-11 18:00:00+00:00,149.4429,-6.553,deficit,18.0,18,5
2026-04-11 18:15:00+00:00,154.0397,-19.099,deficit,18.25,18,5
2026-04-11 18:30:00+00:00,148.324,-12.605,deficit,18.5,18,5
2026-04-11 18:45:00+00:00,147.2576,-5.668,deficit,18.75,18,5
2026-04-11 19:00:00+00:00,150.2172,-6.852,deficit,19.0,19,5
2026-04-11 19:15:00+00:00,160.3106,-2.745,deficit,19.25,19,5
2026-04-11 19:30:00+00:00,172.4266,-4.801,deficit,19.5,19,5
2026-04-11 19:45:00+00:00,57.5,1.412,surplus,19.75,19,5
2026-04-11 20:00:00+00:00,162.4491,-3.997,deficit,20.0,20,5
2026-04-11 20:15:00+00:00,161.4577,-6.303,deficit,20.25,20,5
2026-04-11 20:30:00+00:00,168.333,-8.23,deficit,20.5,20,5
2026-04-11 20:45:00+00:00,94.154,2.538,surplus,20.75,20,5
2026-04-11 21:00:00+00:00,209.077,-0.774,deficit,21.0,21,5
2026-04-11 21:15:00+00:00,185.636,-3.302,deficit,21.25,21,5
2026-04-11 21:30:00+00:00,171.567,-2.279,deficit,21.5,21,5
2026-04-11 21:45:00+00:00,162.8,-1.095,deficit,21.75,21,5
2026-04-11 22:00:00+00:00,47.732,0.032,surplus,22.0,22,5
2026-04-11 22:15:00+00:00,-1.935,0.062,surplus,22.25,22,5
2026-04-11 22:30:00+00:00,185.823,-2.606,deficit,22.5,22,5
2026-04-11 22:45:00+00:00,173.58,-0.61,deficit,22.75,22,5
2026-04-11 23:00:00+00:00,184.833,-0.335,deficit,23.0,23,5
2026-04-11 23:15:00+00:00,129.8,-3.677,deficit,23.25,23,5
2026-04-11 23:30:00+00:00,99.385,-6.652,deficit,23.5,23,5
2026-04-11 23:45:00+00:00,96.6297,-4.309,deficit,23.75,23,5
2026-04-12 00:00:00+00:00,158.807,-2.773,deficit,0.0,0,6
2026-04-12 00:15:00+00:00,160.622,-3.044,deficit,0.25,0,6
2026-04-12 00:30:00+00:00,162.492,-4.288,deficit,0.5,0,6
2026-04-12 00:45:00+00:00,157.784,-4.181,deficit,0.75,0,6
2026-04-12 01:00:00+00:00,128.7,-3.151,deficit,1.0,1,6
2026-04-12 01:15:00+00:00,125.4,-2.069,deficit,1.25,1,6
2026-04-12 01:30:00+00:00,103.4,-3.273,deficit,1.5,1,6
2026-04-12 01:45:00+00:00,102.9187,-4.031,deficit,1.75,1,6
2026-04-12 02:00:00+00:00,52.566,0.256,surplus,2.0,2,6
2026-04-12 02:15:00+00:00,103.2047,-4.61,deficit,2.25,2,6
2026-04-12 02:30:00+00:00,107.998,-1.884,deficit,2.5,2,6
2026-04-12 02:45:00+00:00,140.437,-1.913,deficit,2.75,2,6
2026-04-12 03:00:00+00:00,46.231,0.002,surplus,3.0,3,6
2026-04-12 03:15:00+00:00,136.136,-0.568,deficit,3.25,3,6
2026-04-12 03:30:00+00:00,136.246,-1.121,deficit,3.5,3,6
2026-04-12 03:45:00+00:00,74.029,5.782,surplus,3.75,3,6
2026-04-12 04:00:00+00:00,75.367,15.429,surplus,4.0,4,6
2026-04-12 04:15:00+00:00,43.642,7.775,surplus,4.25,4,6
2026-04-12 04:30:00+00:00,63.479,11.866,surplus,4.5,4,6
2026-04-12 04:45:00+00:00,78.288,13.712,surplus,4.75,4,6
2026-04-12 05:00:00+00:00,69.558,0.603,surplus,5.0,5,6
2026-04-12 05:15:00+00:00,40.746,2.238,surplus,5.25,5,6
2026-04-12 05:30:00+00:00,43.042,9.055,surplus,5.5,5,6
2026-04-12 05:45:00+00:00,63.878,11.47,surplus,5.75,5,6
2026-04-12 06:00:00+00:00,49.002,5.607,surplus,6.0,6,6
2026-04-12 06:15:00+00:00,72.11,0.498,surplus,6.25,6,6
2026-04-12 06:30:00+00:00,125.999,-7.468,deficit,6.5,6,6
2026-04-12 06:45:00+00:00,141.485,-3.791,deficit,6.75,6,6
2026-04-12 07:00:00+00:00,79.317,-7.112,deficit,7.0,7,6
2026-04-12 07:15:00+00:00,55.495,-3.779,deficit,7.25,7,6
2026-04-12 07:30:00+00:00,31.0729,-1.505,deficit,7.5,7,6
2026-04-12 07:45:00+00:00,72.537,-4.937,deficit,7.75,7,6
2026-04-12 08:00:00+00:00,147.783,-18.186,deficit,8.0,8,6
2026-04-12 08:15:00+00:00,118.364,-10.973,deficit,8.25,8,6
2026-04-12 08:30:00+00:00,146.347,-20.476,deficit,8.5,8,6
2026-04-12 08:45:00+00:00,94.332,-19.691,deficit,8.75,8,6
2026-04-12 09:00:00+00:00,74.677,-26.459,deficit,9.0,9,6
2026-04-12 09:15:00+00:00,114.044,-30.701,deficit,9.25,9,6
2026-04-12 09:30:00+00:00,138.243,-21.364,deficit,9.5,9,6
2026-04-12 09:45:00+00:00,79.438,-15.413,deficit,9.75,9,6
2026-04-12 10:00:00+00:00,97.923,-6.45,deficit,10.0,10,6
2026-04-12 10:15:00+00:00,58.482,-0.409,deficit,10.25,10,6
2026-04-12 10:30:00+00:00,1.59,4.878,surplus,10.5,10,6
2026-04-12 10:45:00+00:00,0.76,12.063,surplus,10.75,10,6
2026-04-12 11:00:00+00:00,0.66,27.913,surplus,11.0,11,6
2026-04-12 11:15:00+00:00,0.25,27.737,surplus,11.25,11,6
2026-04-12 11:30:00+00:00,0.02,20.822,surplus,11.5,11,6
2026-04-12 11:45:00+00:00,0.02,19.598,surplus,11.75,11,6
2026-04-12 12:00:00+00:00,0.0,22.617,surplus,12.0,12,6
2026-04-12 12:15:00+00:00,0.35,13.625,surplus,12.25,12,6
2026-04-12 12:30:00+00:00,0.87,11.584,surplus,12.5,12,6
2026-04-12 12:45:00+00:00,0.89,10.933,surplus,12.75,12,6
2026-04-12 13:00:00+00:00,5.88,13.082,surplus,13.0,13,6
2026-04-12 13:15:00+00:00,10.0,11.875,surplus,13.25,13,6
2026-04-12 13:30:00+00:00,17.04,7.636,surplus,13.5,13,6
2026-04-12 13:45:00+00:00,29.74,13.703,surplus,13.75,13,6
2026-04-12 14:00:00+00:00,32.54,4.523,surplus,14.0,14,6
2026-04-12 14:15:00+00:00,58.34,3.754,surplus,14.25,14,6
2026-04-12 14:30:00+00:00,60.97,0.665,surplus,14.5,14,6
2026-04-12 14:45:00+00:00,81.493,8.378,surplus,14.75,14,6
2026-04-12 15:00:00+00:00,183.225,-0.401,deficit,15.0,15,6
2026-04-12 15:15:00+00:00,179.522,-4.246,deficit,15.25,15,6
2026-04-12 15:30:00+00:00,177.708,-3.948,deficit,15.5,15,6
2026-04-12 15:45:00+00:00,148.555,-7.219,deficit,15.75,15,6
2026-04-12 16:00:00+00:00,151.9311,-15.046,deficit,16.0,16,6
2026-04-12 16:15:00+00:00,158.77,-7.377,deficit,16.25,16,6
2026-04-12 16:30:00+00:00,157.8591,-2.275,deficit,16.5,16,6
2026-04-12 16:45:00+00:00,162.481,-2.07,deficit,16.75,16,6
2026-04-12 17:00:00+00:00,134.56,2.769,surplus,17.0,17,6
2026-04-12 17:15:00+00:00,126.168,2.559,surplus,17.25,17,6
2026-04-12 17:30:00+00:00,165.265,-1.405,deficit,17.5,17,6
2026-04-12 17:45:00+00:00,172.755,-0.538,deficit,17.75,17,6
2026-04-12 18:00:00+00:00,166.8205,-3.139,deficit,18.0,18,6
2026-04-12 18:15:00+00:00,164.8876,-1.618,deficit,18.25,18,6
2026-04-12 18:30:00+00:00,100.396,2.866,surplus,18.5,18,6
2026-04-12 18:45:00+00:00,116.473,0.04,surplus,18.75,18,6
2026-04-12 19:00:00+00:00,111.927,4.563,surplus,19.0,19,6
2026-04-12 19:15:00+00:00,153.6482,-1.135,deficit,19.25,19,6
2026-04-12 19:30:00+00:00,153.6482,-3.011,deficit,19.5,19,6
2026-04-12 19:45:00+00:00,101.21,2.379,surplus,19.75,19,6
2026-04-12 20:00:00+00:00,87.144,0.212,surplus,20.0,20,6
2026-04-12 20:15:00+00:00,113.908,4.538,surplus,20.25,20,6
2026-04-12 20:30:00+00:00,153.6012,-3.695,deficit,20.5,20,6
2026-04-12 20:45:00+00:00,119.42,1.208,surplus,20.75,20,6
2026-04-12 21:00:00+00:00,123.071,2.691,surplus,21.0,21,6
2026-04-12 21:15:00+00:00,140.5461,-4.115,deficit,21.25,21,6
2026-04-12 21:30:00+00:00,153.233,-0.707,deficit,21.5,21,6
2026-04-12 21:45:00+00:00,155.03,-2.566,deficit,21.75,21,6
2026-04-12 22:00:00+00:00,119.829,2.079,surplus,22.0,22,6
2026-04-12 22:15:00+00:00,94.047,2.044,surplus,22.25,22,6
2026-04-12 22:30:00+00:00,105.24,4.486,surplus,22.5,22,6
2026-04-12 22:45:00+00:00,110.333,1.748,surplus,22.75,22,6
2026-04-12 23:00:00+00:00,97.242,2.549,surplus,23.0,23,6
2026-04-12 23:15:00+00:00,133.9611,-0.677,deficit,23.25,23,6
2026-04-12 23:30:00+00:00,131.5916,-1.733,deficit,23.5,23,6
2026-04-12 23:45:00+00:00,105.29,3.35,surplus,23.75,23,6
2026-04-13 00:00:00+00:00,130.3711,-0.193,deficit,0.0,0,0
2026-04-13 00:15:00+00:00,86.161,2.762,surplus,0.25,0,0
2026-04-13 00:30:00+00:00,99.165,1.546,surplus,0.5,0,0
2026-04-13 00:45:00+00:00,84.516,2.421,surplus,0.75,0,0
2026-04-13 01:00:00+00:00,77.119,0.844,surplus,1.0,1,0
2026-04-13 01:15:00+00:00,129.5287,-2.199,deficit,1.25,1,0
2026-04-13 01:30:00+00:00,129.5287,-0.263,deficit,1.5,1,0
2026-04-13 01:45:00+00:00,129.5287,-0.518,deficit,1.75,1,0
2026-04-13 02:00:00+00:00,133.6724,-1.886,deficit,2.0,2,0
2026-04-13 02:15:00+00:00,133.6724,-0.534,deficit,2.25,2,0
2026-04-13 02:30:00+00:00,133.6724,-1.701,deficit,2.5,2,0
2026-04-13 02:45:00+00:00,142.6418,-1.685,deficit,2.75,2,0
2026-04-13 03:00:00+00:00,143.0376,-1.583,deficit,3.0,3,0
2026-04-13 03:15:00+00:00,143.0376,-0.904,deficit,3.25,3,0
2026-04-13 03:30:00+00:00,143.0376,-6.693,deficit,3.5,3,0
2026-04-13 03:45:00+00:00,149.1675,-13.244,deficit,3.75,3,0
2026-04-13 04:00:00+00:00,158.3879,-5.411,deficit,4.0,4,0
2026-04-13 04:15:00+00:00,178.142,-4.213,deficit,4.25,4,0
2026-04-13 04:30:00+00:00,182.881,-5.85,deficit,4.5,4,0
2026-04-13 04:45:00+00:00,188.149,-9.16,deficit,4.75,4,0
2026-04-13 05:00:00+00:00,169.4265,-3.566,deficit,5.0,5,0
2026-04-13 05:15:00+00:00,166.4041,-10.064,deficit,5.25,5,0
2026-04-13 05:30:00+00:00,175.3016,-15.582,deficit,5.5,5,0
2026-04-13 05:45:00+00:00,173.0635,-13.944,deficit,5.75,5,0
2026-04-13 06:00:00+00:00,256.994,-3.533,deficit,6.0,6,0
2026-04-13 06:15:00+00:00,232.81,-1.196,deficit,6.25,6,0
2026-04-13 06:30:00+00:00,327.631,-9.535,deficit,6.5,6,0
2026-04-13 06:45:00+00:00,534.674,-17.305,deficit,6.75,6,0
2026-04-13 07:00:00+00:00,252.9453,-14.312,deficit,7.0,7,0
2026-04-13 07:15:00+00:00,228.6596,-8.506,deficit,7.25,7,0
2026-04-13 07:30:00+00:00,227.3766,-8.221,deficit,7.5,7,0
2026-04-13 07:45:00+00:00,274.908,-6.182,deficit,7.75,7,0
2026-04-13 08:00:00+00:00,350.291,-21.432,deficit,8.0,8,0
2026-04-13 08:15:00+00:00,290.287,-19.864,deficit,8.25,8,0
2026-04-13 08:30:00+00:00,165.668,-15.441,deficit,8.5,8,0
2026-04-13 08:45:00+00:00,153.7729,-13.608,deficit,8.75,8,0
2026-04-13 09:00:00+00:00,162.3848,-8.796,deficit,9.0,9,0
2026-04-13 09:15:00+00:00,155.4855,-6.881,deficit,9.25,9,0
2026-04-13 09:30:00+00:00,154.921,-5.634,deficit,9.5,9,0
2026-04-13 09:45:00+00:00,151.0444,-4.04,deficit,9.75,9,0
2026-04-13 10:00:00+00:00,13.98,25.438,surplus,10.0,10,0
2026-04-13 10:15:00+00:00,8.21,18.324,surplus,10.25,10,0
2026-04-13 10:30:00+00:00,7.07,16.601,surplus,10.5,10,0
2026-04-13 10:45:00+00:00,3.5,13.232,surplus,10.75,10,0
2026-04-13 11:00:00+00:00,21.55,12.88,surplus,11.0,11,0
2026-04-13 11:15:00+00:00,17.82,13.659,surplus,11.25,11,0
2026-04-13 11:30:00+00:00,18.26,8.323,surplus,11.5,11,0
2026-04-13 11:45:00+00:00,24.09,2.818,surplus,11.75,11,0
2026-04-13 12:00:00+00:00,14.05,2.624,surplus,12.0,12,0
2026-04-13 12:15:00+00:00,119.898,-6.983,deficit,12.25,12,0
2026-04-13 12:30:00+00:00,157.628,-15.437,deficit,12.5,12,0
2026-04-13 12:45:00+00:00,168.695,-19.418,deficit,12.75,12,0
2026-04-13 13:00:00+00:00,353.444,-32.402,deficit,13.0,13,0
2026-04-13 13:15:00+00:00,417.372,-32.919,deficit,13.25,13,0
2026-04-13 13:30:00+00:00,378.07,-26.34,deficit,13.5,13,0
2026-04-13 13:45:00+00:00,213.261,-14.763,deficit,13.75,13,0
2026-04-13 14:00:00+00:00,411.377,-25.42,deficit,14.0,14,0
2026-04-13 14:15:00+00:00,187.366,-17.904,deficit,14.25,14,0
2026-04-13 14:30:00+00:00,195.321,-25.347,deficit,14.5,14,0
2026-04-13 14:45:00+00:00,158.829,-19.792,deficit,14.75,14,0
2026-04-13 15:00:00+00:00,149.0764,-31.837,deficit,15.0,15,0
2026-04-13 15:15:00+00:00,163.4908,-29.277,deficit,15.25,15,0
2026-04-13 15:30:00+00:00,170.5687,-26.311,deficit,15.5,15,0
2026-04-13 15:45:00+00:00,175.615,-17.985,deficit,15.75,15,0
2026-04-13 16:00:00+00:00,186.1023,-20.824,deficit,16.0,16,0
2026-04-13 16:15:00+00:00,187.3273,-16.109,deficit,16.25,16,0
2026-04-13 16:30:00+00:00,189.3024,-3.723,deficit,16.5,16,0
2026-04-13 16:45:00+00:00,193.4362,-0.825,deficit,16.75,16,0
2026-04-13 17:00:00+00:00,132.158,0.088,surplus,17.0,17,0
2026-04-13 17:15:00+00:00,134.714,1.684,surplus,17.25,17,0
2026-04-13 17:30:00+00:00,191.5721,-2.01,deficit,17.5,17,0
2026-04-13 17:45:00+00:00,199.5412,-4.658,deficit,17.75,17,0
2026-04-13 18:00:00+00:00,187.0,-1.857,deficit,18.0,18,0
2026-04-13 18:15:00+00:00,188.078,-0.332,deficit,18.25,18,0
2026-04-13 18:30:00+00:00,176.6192,-1.72,deficit,18.5,18,0
2026-04-13 18:45:00+00:00,173.4435,-5.379,deficit,18.75,18,0
2026-04-13 19:00:00+00:00,169.9448,-2.05,deficit,19.0,19,0
2026-04-13 19:15:00+00:00,39.253,3.431,surplus,19.25,19,0
2026-04-13 19:30:00+00:00,38.632,2.744,surplus,19.5,19,0
2026-04-13 19:45:00+00:00,96.613,0.212,surplus,19.75,19,0
2026-04-13 20:00:00+00:00,154.228,-14.698,deficit,20.0,20,0
2026-04-13 20:15:00+00:00,150.7162,-3.543,deficit,20.25,20,0
2026-04-13 20:30:00+00:00,166.749,-0.639,deficit,20.5,20,0
2026-04-13 20:45:00+00:00,149.347,-8.411,deficit,20.75,20,0
2026-04-13 21:00:00+00:00,149.7384,-10.344,deficit,21.0,21,0
2026-04-13 21:15:00+00:00,144.3601,-9.525,deficit,21.25,21,0
2026-04-13 21:30:00+00:00,87.147,0.397,surplus,21.5,21,0
2026-04-13 21:45:00+00:00,134.0845,-9.32,deficit,21.75,21,0
2026-04-13 22:00:00+00:00,144.375,-7.791,deficit,22.0,22,0
2026-04-13 22:15:00+00:00,136.125,-2.311,deficit,22.25,22,0
2026-04-13 22:30:00+00:00,131.428,-1.985,deficit,22.5,22,0
2026-04-13 22:45:00+00:00,90.768,0.42,surplus,22.75,22,0
2026-04-13 23:00:00+00:00,134.277,-5.003,deficit,23.0,23,0
2026-04-13 23:15:00+00:00,133.76,-9.998,deficit,23.25,23,0
2026-04-13 23:30:00+00:00,132.957,-8.979,deficit,23.5,23,0
2026-04-13 23:45:00+00:00,136.785,-5.916,deficit,23.75,23,0
2026-04-14 00:00:00+00:00,135.487,-5.47,deficit,0.0,0,1
2026-04-14 00:15:00+00:00,135.905,-2.628,deficit,0.25,0,1
2026-04-14 00:30:00+00:00,135.564,-1.734,deficit,0.5,0,1
2026-04-14 00:45:00+00:00,135.85,-1.405,deficit,0.75,0,1
2026-04-14 01:00:00+00:00,95.198,1.569,surplus,1.0,1,1
2026-04-14 01:15:00+00:00,89.262,1.865,surplus,1.25,1,1
2026-04-14 01:30:00+00:00,97.43,1.451,surplus,1.5,1,1
2026-04-14 01:45:00+00:00,133.98,-2.498,deficit,1.75,1,1
2026-04-14 02:00:00+00:00,75.023,1.01,surplus,2.0,2,1
2026-04-14 02:15:00+00:00,97.049,2.916,surplus,2.25,2,1
2026-04-14 02:30:00+00:00,101.894,1.3,surplus,2.5,2,1
2026-04-14 02:45:00+00:00,114.097,3.009,surplus,2.75,2,1
2026-04-14 03:00:00+00:00,51.615,1.438,surplus,3.0,3,1
2026-04-14 03:15:00+00:00,86.784,3.658,surplus,3.25,3,1
2026-04-14 03:30:00+00:00,141.801,-2.436,deficit,3.5,3,1
2026-04-14 03:45:00+00:00,93.988,1.556,surplus,3.75,3,1
2026-04-14 04:00:00+00:00,161.2414,-7.235,deficit,4.0,4,1
2026-04-14 04:15:00+00:00,163.768,-6.557,deficit,4.25,4,1
2026-04-14 04:30:00+00:00,170.137,-8.503,deficit,4.5,4,1
2026-04-14 04:45:00+00:00,188.166,-5.139,deficit,4.75,4,1
2026-04-14 05:00:00+00:00,173.305,-3.746,deficit,5.0,5,1
2026-04-14 05:15:00+00:00,184.723,-0.639,deficit,5.25,5,1
2026-04-14 05:30:00+00:00,189.046,-11.977,deficit,5.5,5,1
2026-04-14 05:45:00+00:00,171.116,-7.395,deficit,5.75,5,1
2026-04-14 06:00:00+00:00,94.484,9.521,surplus,6.0,6,1
2026-04-14 06:15:00+00:00,94.571,8.125,surplus,6.25,6,1
2026-04-14 06:30:00+00:00,79.008,8.92,surplus,6.5,6,1
2026-04-14 06:45:00+00:00,28.698,19.75,surplus,6.75,6,1
2026-04-14 07:00:00+00:00,90.029,17.798,surplus,7.0,7,1
2026-04-14 07:15:00+00:00,110.103,12.427,surplus,7.25,7,1
2026-04-14 07:30:00+00:00,104.091,15.5,surplus,7.5,7,1
2026-04-14 07:45:00+00:00,107.4,15.459,surplus,7.75,7,1
2026-04-14 08:00:00+00:00,83.276,18.697,surplus,8.0,8,1
2026-04-14 08:15:00+00:00,67.765,21.03,surplus,8.25,8,1
2026-04-14 08:30:00+00:00,103.308,26.394,surplus,8.5,8,1
2026-04-14 08:45:00+00:00,99.901,22.406,surplus,8.75,8,1
2026-04-14 09:00:00+00:00,67.782,20.034,surplus,9.0,9,1
2026-04-14 09:15:00+00:00,43.352,21.406,surplus,9.25,9,1
2026-04-14 09:30:00+00:00,-15.279,29.663,surplus,9.5,9,1
2026-04-14 09:45:00+00:00,5.847,23.734,surplus,9.75,9,1
2026-04-14 10:00:00+00:00,-5.864,18.073,surplus,10.0,10,1
2026-04-14 10:15:00+00:00,6.149,19.922,surplus,10.25,10,1
2026-04-14 10:30:00+00:00,70.306,16.437,surplus,10.5,10,1
2026-04-14 10:45:00+00:00,69.09,7.909,surplus,10.75,10,1
2026-04-14 11:00:00+00:00,106.155,19.22,surplus,11.0,11,1
2026-04-14 11:15:00+00:00,75.788,17.374,surplus,11.25,11,1
2026-04-14 11:30:00+00:00,73.334,13.29,surplus,11.5,11,1
2026-04-14 11:45:00+00:00,8.172,12.422,surplus,11.75,11,1
2026-04-14 12:00:00+00:00,25.99,15.508,surplus,12.0,12,1
2026-04-14 12:15:00+00:00,48.643,13.981,surplus,12.25,12,1
2026-04-14 12:30:00+00:00,96.783,14.347,surplus,12.5,12,1
2026-04-14 12:45:00+00:00,99.403,14.442,surplus,12.75,12,1
2026-04-14 13:00:00+00:00,110.36,4.792,surplus,13.0,13,1
2026-04-14 13:15:00+00:00,102.4557,5.033,surplus,13.25,13,1
2026-04-14 13:30:00+00:00,140.998,-1.444,deficit,13.5,13,1
2026-04-14 13:45:00+00:00,98.435,1.598,surplus,13.75,13,1
2026-04-14 14:00:00+00:00,102.263,3.129,surplus,14.0,14,1
2026-04-14 14:15:00+00:00,104.671,11.941,surplus,14.25,14,1
2026-04-14 14:30:00+00:00,105.814,6.596,surplus,14.5,14,1
2026-04-14 14:45:00+00:00,107.067,7.581,surplus,14.75,14,1
2026-04-14 15:00:00+00:00,101.669,13.596,surplus,15.0,15,1
2026-04-14 15:15:00+00:00,105.454,7.936,surplus,15.25,15,1
2026-04-14 15:30:00+00:00,132.769,2.027,surplus,15.5,15,1
2026-04-14 15:45:00+00:00,115.092,8.58,surplus,15.75,15,1
2026-04-14 16:00:00+00:00,102.848,8.207,surplus,16.0,16,1
2026-04-14 16:15:00+00:00,94.106,7.437,surplus,16.25,16,1
2026-04-14 16:30:00+00:00,143.702,0.531,surplus,16.5,16,1
2026-04-14 16:45:00+00:00,48.871,5.096,surplus,16.75,16,1
2026-04-14 17:00:00+00:00,204.9305,-1.503,deficit,17.0,17,1
2026-04-14 17:15:00+00:00,212.9262,-5.48,deficit,17.25,17,1
2026-04-14 17:30:00+00:00,252.45,-2.8,deficit,17.5,17,1
2026-04-14 17:45:00+00:00,191.609,0.19,surplus,17.75,17,1
2026-04-14 18:00:00+00:00,269.258,-2.823,deficit,18.0,18,1
2026-04-14 18:15:00+00:00,266.123,-4.166,deficit,18.25,18,1
2026-04-14 18:30:00+00:00,241.329,-5.476,deficit,18.5,18,1
2026-04-14 18:45:00+00:00,183.1,3.647,surplus,18.75,18,1
2026-04-14 19:00:00+00:00,208.736,-2.706,deficit,19.0,19,1
2026-04-14 19:15:00+00:00,132.416,2.945,surplus,19.25,19,1
2026-04-14 19:30:00+00:00,135.921,4.337,surplus,19.5,19,1
2026-04-14 19:45:00+00:00,172.5779,-14.017,deficit,19.75,19,1
2026-04-14 20:00:00+00:00,180.796,-3.943,deficit,20.0,20,1
2026-04-14 20:15:00+00:00,170.907,-4.686,deficit,20.25,20,1
2026-04-14 20:30:00+00:00,-2.04,5.422,surplus,20.5,20,1
2026-04-14 20:45:00+00:00,156.8749,-1.942,deficit,20.75,20,1
2026-04-14 21:00:00+00:00,168.069,-1.143,deficit,21.0,21,1
2026-04-14 21:15:00+00:00,46.025,1.263,surplus,21.25,21,1
2026-04-14 21:30:00+00:00,26.998,0.577,surplus,21.5,21,1
2026-04-14 21:45:00+00:00,11.987,1.377,surplus,21.75,21,1
2026-04-14 22:00:00+00:00,64.293,0.926,surplus,22.0,22,1
2026-04-14 22:15:00+00:00,144.379,-1.034,deficit,22.25,22,1
2026-04-14 22:30:00+00:00,5.692,1.28,surplus,22.5,22,1
2026-04-14 22:45:00+00:00,52.063,1.731,surplus,22.75,22,1
2026-04-14 23:00:00+00:00,62.317,3.132,surplus,23.0,23,1
2026-04-14 23:15:00+00:00,35.947,3.837,surplus,23.25,23,1
2026-04-14 23:30:00+00:00,52.206,2.561,surplus,23.5,23,1
2026-04-14 23:45:00+00:00,5.343,4.624,surplus,23.75,23,1
2026-04-15 00:00:00+00:00,-1.001,9.978,surplus,0.0,0,2
2026-04-15 00:15:00+00:00,-3.831,10.859,surplus,0.25,0,2
2026-04-15 00:30:00+00:00,10.467,8.896,surplus,0.5,0,2
2026-04-15 00:45:00+00:00,-2.495,11.229,surplus,0.75,0,2
2026-04-15 01:00:00+00:00,92.564,2.082,surplus,1.0,1,2
2026-04-15 01:15:00+00:00,121.924,-1.356,deficit,1.25,1,2
2026-04-15 01:30:00+00:00,122.199,-3.115,deficit,1.5,1,2
2026-04-15 01:45:00+00:00,121.715,-2.107,deficit,1.75,1,2
2026-04-15 02:00:00+00:00,130.315,-5.955,deficit,2.0,2,2
2026-04-15 02:15:00+00:00,128.427,-2.534,deficit,2.25,2,2
2026-04-15 02:30:00+00:00,128.44,-2.588,deficit,2.5,2,2
2026-04-15 02:45:00+00:00,125.9108,-2.931,deficit,2.75,2,2
2026-04-15 03:00:00+00:00,154.346,-2.752,deficit,3.0,3,2
2026-04-15 03:15:00+00:00,143.385,-3.306,deficit,3.25,3,2
2026-04-15 03:30:00+00:00,148.064,-2.484,deficit,3.5,3,2
2026-04-15 03:45:00+00:00,123.532,0.146,surplus,3.75,3,2
2026-04-15 04:00:00+00:00,160.738,-7.261,deficit,4.0,4,2
2026-04-15 04:15:00+00:00,170.123,-7.24,deficit,4.25,4,2
2026-04-15 04:30:00+00:00,171.193,-7.486,deficit,4.5,4,2
2026-04-15 04:45:00+00:00,176.561,-4.663,deficit,4.75,4,2
2026-04-15 05:00:00+00:00,181.038,-3.117,deficit,5.0,5,2
2026-04-15 05:15:00+00:00,179.641,-0.172,deficit,5.25,5,2
2026-04-15 05:30:00+00:00,176.0,-11.6,deficit,5.5,5,2
2026-04-15 05:45:00+00:00,165.4827,-7.228,deficit,5.75,5,2
2026-04-15 06:00:00+00:00,180.95,-10.286,deficit,6.0,6,2
2026-04-15 06:15:00+00:00,76.768,5.179,surplus,6.25,6,2
2026-04-15 06:30:00+00:00,87.422,8.285,surplus,6.5,6,2
2026-04-15 06:45:00+00:00,114.25,9.354,surplus,6.75,6,2
2026-04-15 07:00:00+00:00,130.0,14.619,surplus,7.0,7,2
2026-04-15 07:15:00+00:00,119.484,17.008,surplus,7.25,7,2
2026-04-15 07:30:00+00:00,110.73,16.767,surplus,7.5,7,2
2026-04-15 07:45:00+00:00,103.34,4.953,surplus,7.75,7,2
2026-04-15 08:00:00+00:00,278.097,-1.878,deficit,8.0,8,2
2026-04-15 08:15:00+00:00,71.926,3.383,surplus,8.25,8,2
2026-04-15 08:30:00+00:00,72.166,8.726,surplus,8.5,8,2
2026-04-15 08:45:00+00:00,122.762,-13.32,deficit,8.75,8,2
2026-04-15 09:00:00+00:00,130.449,-14.146,deficit,9.0,9,2
2026-04-15 09:15:00+00:00,123.6896,-12.824,deficit,9.25,9,2
2026-04-15 09:30:00+00:00,130.405,-5.856,deficit,9.5,9,2
2026-04-15 09:45:00+00:00,119.4851,-18.696,deficit,9.75,9,2
2026-04-15 10:00:00+00:00,266.056,-6.854,deficit,10.0,10,2
2026-04-15 10:15:00+00:00,128.128,-7.312,deficit,10.25,10,2
2026-04-15 10:30:00+00:00,67.647,2.985,surplus,10.5,10,2
2026-04-15 10:45:00+00:00,80.38,8.315,surplus,10.75,10,2
2026-04-15 11:00:00+00:00,93.992,14.068,surplus,11.0,11,2
2026-04-15 11:15:00+00:00,82.225,16.216,surplus,11.25,11,2
2026-04-15 11:30:00+00:00,56.812,28.349,surplus,11.5,11,2
2026-04-15 11:45:00+00:00,6.314,38.545,surplus,11.75,11,2
2026-04-15 12:00:00+00:00,37.248,22.762,surplus,12.0,12,2
2026-04-15 12:15:00+00:00,77.05,14.136,surplus,12.25,12,2
2026-04-15 12:30:00+00:00,84.51,10.491,surplus,12.5,12,2
2026-04-15 12:45:00+00:00,99.0813,15.444,surplus,12.75,12,2
2026-04-15 13:00:00+00:00,75.82,18.349,surplus,13.0,13,2
2026-04-15 13:15:00+00:00,88.5,11.227,surplus,13.25,13,2
2026-04-15 13:30:00+00:00,99.8438,3.558,surplus,13.5,13,2
2026-04-15 13:45:00+00:00,98.073,8.717,surplus,13.75,13,2
2026-04-15 14:00:00+00:00,94.0,1.206,surplus,14.0,14,2
2026-04-15 14:15:00+00:00,111.358,6.168,surplus,14.25,14,2
2026-04-15 14:30:00+00:00,86.502,6.316,surplus,14.5,14,2
2026-04-15 14:45:00+00:00,165.231,-1.102,deficit,14.75,14,2
2026-04-15 15:00:00+00:00,97.009,1.723,surplus,15.0,15,2
2026-04-15 15:15:00+00:00,160.369,-1.976,deficit,15.25,15,2
2026-04-15 15:30:00+00:00,172.26,-1.434,deficit,15.5,15,2
2026-04-15 15:45:00+00:00,-11.086,5.068,surplus,15.75,15,2
2026-04-15 16:00:00+00:00,140.954,-2.623,deficit,16.0,16,2
2026-04-15 16:15:00+00:00,-9.106,0.842,surplus,16.25,16,2
2026-04-15 16:30:00+00:00,51.751,1.851,surplus,16.5,16,2
2026-04-15 16:45:00+00:00,166.672,-4.889,deficit,16.75,16,2
2026-04-15 17:00:00+00:00,167.255,-6.596,deficit,17.0,17,2
2026-04-15 17:15:00+00:00,175.131,-1.498,deficit,17.25,17,2
2026-04-15 17:30:00+00:00,192.907,-4.432,deficit,17.5,17,2
2026-04-15 17:45:00+00:00,215.49,-6.675,deficit,17.75,17,2
2026-04-15 18:00:00+00:00,208.692,-10.018,deficit,18.0,18,2
2026-04-15 18:15:00+00:00,197.175,-6.639,deficit,18.25,18,2
2026-04-15 18:30:00+00:00,185.35,-4.416,deficit,18.5,18,2
2026-04-15 18:45:00+00:00,167.464,-2.141,deficit,18.75,18,2
2026-04-15 19:00:00+00:00,193.171,-5.848,deficit,19.0,19,2
2026-04-15 19:15:00+00:00,147.323,-10.671,deficit,19.25,19,2
2026-04-15 19:30:00+00:00,142.956,-11.152,deficit,19.5,19,2
2026-04-15 19:45:00+00:00,1.349,4.33,surplus,19.75,19,2
2026-04-15 20:00:00+00:00,90.041,5.592,surplus,20.0,20,2
2026-04-15 20:15:00+00:00,7.494,2.63,surplus,20.25,20,2
2026-04-15 20:30:00+00:00,103.371,0.346,surplus,20.5,20,2
2026-04-15 20:45:00+00:00,-11.1,4.419,surplus,20.75,20,2
2026-04-15 21:00:00+00:00,144.166,-1.512,deficit,21.0,21,2
2026-04-15 21:15:00+00:00,100.246,6.997,surplus,21.25,21,2
2026-04-15 21:30:00+00:00,105.51,5.163,surplus,21.5,21,2
2026-04-15 21:45:00+00:00,98.65,5.829,surplus,21.75,21,2
2026-04-15 22:00:00+00:00,153.631,-7.669,deficit,22.0,22,2
2026-04-15 22:15:00+00:00,138.783,-3.283,deficit,22.25,22,2
2026-04-15 22:30:00+00:00,137.31,-2.859,deficit,22.5,22,2
2026-04-15 22:45:00+00:00,135.229,-0.791,deficit,22.75,22,2
2026-04-15 23:00:00+00:00,137.019,-4.377,deficit,23.0,23,2
2026-04-15 23:15:00+00:00,133.494,-3.527,deficit,23.25,23,2
2026-04-15 23:30:00+00:00,13.609,0.85,surplus,23.5,23,2
2026-04-15 23:45:00+00:00,11.887,1.865,surplus,23.75,23,2
2026-04-16 00:00:00+00:00,6.582,0.435,surplus,0.0,0,3
2026-04-16 00:15:00+00:00,9.308,0.644,surplus,0.25,0,3
2026-04-16 00:30:00+00:00,125.514,-1.214,deficit,0.5,0,3
2026-04-16 00:45:00+00:00,29.982,2.788,surplus,0.75,0,3
2026-04-16 01:00:00+00:00,29.229,2.457,surplus,1.0,1,3
2026-04-16 01:15:00+00:00,21.222,1.727,surplus,1.25,1,3
2026-04-16 01:30:00+00:00,32.791,4.612,surplus,1.5,1,3
2026-04-16 01:45:00+00:00,22.481,4.67,surplus,1.75,1,3
2026-04-16 02:00:00+00:00,23.652,0.835,surplus,2.0,2,3
2026-04-16 02:15:00+00:00,24.232,6.074,surplus,2.25,2,3
2026-04-16 02:30:00+00:00,34.105,2.969,surplus,2.5,2,3
2026-04-16 02:45:00+00:00,17.731,6.067,surplus,2.75,2,3
2026-04-16 03:00:00+00:00,3.918,8.102,surplus,3.0,3,3
2026-04-16 03:15:00+00:00,-1.406,8.979,surplus,3.25,3,3
2026-04-16 03:30:00+00:00,6.755,7.145,surplus,3.5,3,3
2026-04-16 03:45:00+00:00,21.871,1.553,surplus,3.75,3,3
2026-04-16 04:00:00+00:00,136.862,-2.998,deficit,4.0,4,3
2026-04-16 04:15:00+00:00,152.504,-10.808,deficit,4.25,4,3
2026-04-16 04:30:00+00:00,158.796,-1.048,deficit,4.5,4,3
2026-04-16 04:45:00+00:00,173.789,-1.099,deficit,4.75,4,3
2026-04-16 05:00:00+00:00,168.487,-6.495,deficit,5.0,5,3
2026-04-16 05:15:00+00:00,112.924,1.088,surplus,5.25,5,3
2026-04-16 05:30:00+00:00,163.322,-3.503,deficit,5.5,5,3
2026-04-16 05:45:00+00:00,149.369,-11.134,deficit,5.75,5,3
2026-04-16 06:00:00+00:00,176.198,-15.488,deficit,6.0,6,3
2026-04-16 06:15:00+00:00,156.695,-6.586,deficit,6.25,6,3
2026-04-16 06:30:00+00:00,147.1465,-8.376,deficit,6.5,6,3
2026-04-16 06:45:00+00:00,138.6575,-18.389,deficit,6.75,6,3
2026-04-16 07:00:00+00:00,151.712,-16.768,deficit,7.0,7,3
2026-04-16 07:15:00+00:00,142.9846,-10.659,deficit,7.25,7,3
2026-04-16 07:30:00+00:00,138.716,-5.125,deficit,7.5,7,3
2026-04-16 07:45:00+00:00,133.3718,-4.224,deficit,7.75,7,3
2026-04-16 08:00:00+00:00,148.741,-0.49,deficit,8.0,8,3
2026-04-16 08:15:00+00:00,177.356,-8.871,deficit,8.25,8,3
2026-04-16 08:30:00+00:00,78.885,1.469,surplus,8.5,8,3
2026-04-16 08:45:00+00:00,115.4474,-3.399,deficit,8.75,8,3
2026-04-16 09:00:00+00:00,112.684,-3.245,deficit,9.0,9,3
2026-04-16 09:15:00+00:00,100.485,-0.189,deficit,9.25,9,3
2026-04-16 09:30:00+00:00,96.5582,-1.608,deficit,9.5,9,3
2026-04-16 09:45:00+00:00,57.28,3.407,surplus,9.75,9,3
2026-04-16 10:00:00+00:00,95.117,-1.58,deficit,10.0,10,3
2026-04-16 10:15:00+00:00,77.851,-3.616,deficit,10.25,10,3
2026-04-16 10:30:00+00:00,57.59,10.718,surplus,10.5,10,3
2026-04-16 10:45:00+00:00,112.162,-9.359,deficit,10.75,10,3
2026-04-16 11:00:00+00:00,127.084,-3.654,deficit,11.0,11,3
2026-04-16 11:15:00+00:00,71.613,-16.83,deficit,11.25,11,3
2026-04-16 11:30:00+00:00,80.377,-17.092,deficit,11.5,11,3
2026-04-16 11:45:00+00:00,81.416,-16.671,deficit,11.75,11,3
2026-04-16 12:00:00+00:00,63.8545,-1.985,deficit,12.0,12,3
2026-04-16 12:15:00+00:00,66.0571,-21.676,deficit,12.25,12,3
2026-04-16 12:30:00+00:00,97.195,-7.905,deficit,12.5,12,3
2026-04-16 12:45:00+00:00,81.917,-11.465,deficit,12.75,12,3
2026-04-16 13:00:00+00:00,82.4436,-10.844,deficit,13.0,13,3
2026-04-16 13:15:00+00:00,93.075,-8.632,deficit,13.25,13,3
2026-04-16 13:30:00+00:00,90.629,-9.837,deficit,13.5,13,3
2026-04-16 13:45:00+00:00,84.2575,13.803,surplus,13.75,13,3
2026-04-16 14:00:00+00:00,72.04,10.272,surplus,14.0,14,3
2026-04-16 14:15:00+00:00,91.3844,9.313,surplus,14.25,14,3
2026-04-16 14:30:00+00:00,30.391,13.875,surplus,14.5,14,3
2026-04-16 14:45:00+00:00,60.834,18.936,surplus,14.75,14,3
2026-04-16 15:00:00+00:00,90.943,16.244,surplus,15.0,15,3
2026-04-16 15:15:00+00:00,60.421,12.833,surplus,15.25,15,3
2026-04-16 15:30:00+00:00,64.702,3.916,surplus,15.5,15,3
2026-04-16 15:45:00+00:00,146.353,-3.784,deficit,15.75,15,3
2026-04-16 16:00:00+00:00,135.081,-11.491,deficit,16.0,16,3
2026-04-16 16:15:00+00:00,158.59,-4.232,deficit,16.25,16,3
2026-04-16 16:30:00+00:00,118.516,3.25,surplus,16.5,16,3
2026-04-16 16:45:00+00:00,103.869,6.311,surplus,16.75,16,3
2026-04-16 17:00:00+00:00,88.356,6.861,surplus,17.0,17,3
2026-04-16 17:15:00+00:00,164.406,-3.803,deficit,17.25,17,3
2026-04-16 17:30:00+00:00,105.438,2.908,surplus,17.5,17,3
2026-04-16 17:45:00+00:00,102.929,1.581,surplus,17.75,17,3
2026-04-16 18:00:00+00:00,203.269,-0.679,deficit,18.0,18,3
2026-04-16 18:15:00+00:00,206.052,-2.633,deficit,18.25,18,3
2026-04-16 18:30:00+00:00,195.745,-11.279,deficit,18.5,18,3
2026-04-16 18:45:00+00:00,183.348,-11.976,deficit,18.75,18,3
2026-04-16 19:00:00+00:00,188.078,-2.252,deficit,19.0,19,3
2026-04-16 19:15:00+00:00,88.924,5.636,surplus,19.25,19,3
2026-04-16 19:30:00+00:00,121.47,2.977,surplus,19.5,19,3
2026-04-16 19:45:00+00:00,151.9415,-5.189,deficit,19.75,19,3
2026-04-16 20:00:00+00:00,164.076,-3.918,deficit,20.0,20,3
2026-04-16 20:15:00+00:00,101.122,4.085,surplus,20.25,20,3
2026-04-16 20:30:00+00:00,128.352,15.704,surplus,20.5,20,3
2026-04-16 20:45:00+00:00,143.0371,-4.277,deficit,20.75,20,3
2026-04-16 21:00:00+00:00,150.095,-3.232,deficit,21.0,21,3
2026-04-16 21:15:00+00:00,142.615,-3.349,deficit,21.25,21,3
2026-04-16 21:30:00+00:00,139.271,-1.199,deficit,21.5,21,3
2026-04-16 21:45:00+00:00,97.895,3.207,surplus,21.75,21,3
2026-04-16 22:00:00+00:00,113.723,11.459,surplus,22.0,22,3
2026-04-16 22:15:00+00:00,122.1837,1.386,surplus,22.25,22,3
2026-04-16 22:30:00+00:00,117.461,10.946,surplus,22.5,22,3
2026-04-16 22:45:00+00:00,94.9,11.831,surplus,22.75,22,3
2026-04-16 23:00:00+00:00,95.905,9.125,surplus,23.0,23,3
2026-04-16 23:15:00+00:00,103.701,7.886,surplus,23.25,23,3
2026-04-16 23:30:00+00:00,105.718,6.988,surplus,23.5,23,3
2026-04-16 23:45:00+00:00,83.041,6.776,surplus,23.75,23,3
2026-04-17 00:00:00+00:00,103.869,10.127,surplus,0.0,0,4
2026-04-17 00:15:00+00:00,98.76,7.906,surplus,0.25,0,4
2026-04-17 00:30:00+00:00,91.885,10.984,surplus,0.5,0,4
2026-04-17 00:45:00+00:00,102.756,9.949,surplus,0.75,0,4
2026-04-17 01:00:00+00:00,105.408,4.199,surplus,1.0,1,4
2026-04-17 01:15:00+00:00,102.383,8.91,surplus,1.25,1,4
2026-04-17 01:30:00+00:00,100.061,6.105,surplus,1.5,1,4
2026-04-17 01:45:00+00:00,94.029,0.845,surplus,1.75,1,4
2026-04-17 02:00:00+00:00,85.473,5.416,surplus,2.0,2,4
2026-04-17 02:15:00+00:00,87.114,5.17,surplus,2.25,2,4
2026-04-17 02:30:00+00:00,106.0178,4.852,surplus,2.5,2,4
2026-04-17 02:45:00+00:00,97.337,7.08,surplus,2.75,2,4
2026-04-17 03:00:00+00:00,123.3399,-0.845,deficit,3.0,3,4
2026-04-17 03:15:00+00:00,97.156,2.207,surplus,3.25,3,4
2026-04-17 03:30:00+00:00,104.105,1.951,surplus,3.5,3,4
2026-04-17 03:45:00+00:00,155.1,-2.375,deficit,3.75,3,4
2026-04-17 04:00:00+00:00,99.911,1.095,surplus,4.0,4,4
2026-04-17 04:15:00+00:00,107.503,4.048,surplus,4.25,4,4
2026-04-17 04:30:00+00:00,80.975,7.116,surplus,4.5,4,4
2026-04-17 04:45:00+00:00,165.627,-1.412,deficit,4.75,4,4
2026-04-17 05:00:00+00:00,166.749,-2.725,deficit,5.0,5,4
2026-04-17 05:15:00+00:00,91.708,6.709,surplus,5.25,5,4
2026-04-17 05:30:00+00:00,104.138,0.025,surplus,5.5,5,4
2026-04-17 05:45:00+00:00,72.695,2.978,surplus,5.75,5,4
2026-04-17 06:00:00+00:00,88.702,0.49,surplus,6.0,6,4
2026-04-17 06:15:00+00:00,84.055,3.106,surplus,6.25,6,4
2026-04-17 06:30:00+00:00,72.107,2.412,surplus,6.5,6,4
2026-04-17 06:45:00+00:00,-0.587,2.507,surplus,6.75,6,4
2026-04-17 07:00:00+00:00,133.419,-5.239,deficit,7.0,7,4
2026-04-17 07:15:00+00:00,22.601,2.903,surplus,7.25,7,4
2026-04-17 07:30:00+00:00,106.285,-2.548,deficit,7.5,7,4
2026-04-17 07:45:00+00:00,94.428,-14.363,deficit,7.75,7,4
2026-04-17 08:00:00+00:00,114.098,-6.281,deficit,8.0,8,4
2026-04-17 08:15:00+00:00,84.755,-11.806,deficit,8.25,8,4
2026-04-17 08:30:00+00:00,68.6,-11.908,deficit,8.5,8,4
2026-04-17 08:45:00+00:00,97.614,-21.365,deficit,8.75,8,4
2026-04-17 09:00:00+00:00,46.497,-22.284,deficit,9.0,9,4
2026-04-17 09:15:00+00:00,41.778,-22.537,deficit,9.25,9,4
2026-04-17 09:30:00+00:00,49.375,-29.985,deficit,9.5,9,4
2026-04-17 09:45:00+00:00,56.959,-23.432,deficit,9.75,9,4
2026-04-17 10:00:00+00:00,28.35,-22.509,deficit,10.0,10,4
2026-04-17 10:15:00+00:00,25.672,-20.73,deficit,10.25,10,4
2026-04-17 10:30:00+00:00,44.553,-19.671,deficit,10.5,10,4
2026-04-17 10:45:00+00:00,41.051,-10.845,deficit,10.75,10,4
2026-04-17 11:00:00+00:00,-0.4325,13.632,surplus,11.0,11,4
2026-04-17 11:15:00+00:00,-0.5406,9.588,surplus,11.25,11,4
2026-04-17 11:30:00+00:00,-1.1503,8.596,surplus,11.5,11,4
2026-04-17 11:45:00+00:00,-1.9015,12.955,surplus,11.75,11,4
2026-04-17 12:00:00+00:00,2.305,7.577,surplus,12.0,12,4
2026-04-17 12:15:00+00:00,78.054,-9.021,deficit,12.25,12,4
2026-04-17 12:30:00+00:00,56.569,-9.26,deficit,12.5,12,4
2026-04-17 12:45:00+00:00,26.564,-13.809,deficit,12.75,12,4
2026-04-17 13:00:00+00:00,45.369,-13.56,deficit,13.0,13,4
2026-04-17 13:15:00+00:00,34.989,-14.694,deficit,13.25,13,4
2026-04-17 13:30:00+00:00,78.496,-25.226,deficit,13.5,13,4
2026-04-17 13:45:00+00:00,93.225,-23.096,deficit,13.75,13,4
2026-04-17 14:00:00+00:00,71.4777,-2.323,deficit,14.0,14,4
2026-04-17 14:15:00+00:00,46.46,5.614,surplus,14.25,14,4
2026-04-17 14:30:00+00:00,98.725,-0.577,deficit,14.5,14,4
2026-04-17 14:45:00+00:00,48.346,8.222,surplus,14.75,14,4
2026-04-17 15:00:00+00:00,63.952,6.119,surplus,15.0,15,4
2026-04-17 15:15:00+00:00,49.005,6.583,surplus,15.25,15,4
2026-04-17 15:30:00+00:00,120.241,-6.126,deficit,15.5,15,4
2026-04-17 15:45:00+00:00,86.757,7.71,surplus,15.75,15,4
2026-04-17 16:00:00+00:00,125.125,-10.672,deficit,16.0,16,4
2026-04-17 16:15:00+00:00,136.125,-8.294,deficit,16.25,16,4
2026-04-17 16:30:00+00:00,155.243,-1.501,deficit,16.5,16,4
2026-04-17 16:45:00+00:00,159.852,-1.693,deficit,16.75,16,4
2026-04-17 17:00:00+00:00,72.557,3.326,surplus,17.0,17,4
2026-04-17 17:15:00+00:00,120.677,8.407,surplus,17.25,17,4
2026-04-17 17:30:00+00:00,80.789,5.13,surplus,17.5,17,4
2026-04-17 17:45:00+00:00,100.627,3.45,surplus,17.75,17,4
2026-04-17 18:00:00+00:00,92.471,4.146,surplus,18.0,18,4
2026-04-17 18:15:00+00:00,105.055,2.765,surplus,18.25,18,4
2026-04-17 18:30:00+00:00,168.333,-6.685,deficit,18.5,18,4
2026-04-17 18:45:00+00:00,158.378,-0.499,deficit,18.75,18,4
2026-04-17 19:00:00+00:00,165.693,-10.135,deficit,19.0,19,4
2026-04-17 19:15:00+00:00,152.471,-7.372,deficit,19.25,19,4
2026-04-17 19:30:00+00:00,147.169,-8.788,deficit,19.5,19,4
2026-04-17 19:45:00+00:00,-19.175,1.801,surplus,19.75,19,4
2026-04-17 20:00:00+00:00,152.438,-3.306,deficit,20.0,20,4
2026-04-17 20:15:00+00:00,139.359,-4.975,deficit,20.25,20,4
2026-04-17 20:30:00+00:00,131.659,-10.998,deficit,20.5,20,4
2026-04-17 20:45:00+00:00,124.586,-7.218,deficit,20.75,20,4
2026-04-17 21:00:00+00:00,129.338,-14.066,deficit,21.0,21,4
2026-04-17 21:15:00+00:00,126.093,-9.343,deficit,21.25,21,4
2026-04-17 21:30:00+00:00,121.979,-0.461,deficit,21.5,21,4
2026-04-17 21:45:00+00:00,90.656,12.467,surplus,21.75,21,4
2026-04-17 22:00:00+00:00,65.324,20.357,surplus,22.0,22,4
2026-04-17 22:15:00+00:00,131.175,-5.257,deficit,22.25,22,4
2026-04-17 22:30:00+00:00,126.313,-1.211,deficit,22.5,22,4
2026-04-17 22:45:00+00:00,123.86,-1.173,deficit,22.75,22,4
2026-04-17 23:00:00+00:00,103.1427,4.424,surplus,23.0,23,4
2026-04-17 23:15:00+00:00,124.773,-0.351,deficit,23.25,23,4
2026-04-17 23:30:00+00:00,123.959,-1.361,deficit,23.5,23,4
2026-04-17 23:45:00+00:00,85.381,0.921,surplus,23.75,23,4
2026-04-18 00:00:00+00:00,80.532,4.757,surplus,0.0,0,5
2026-04-18 00:15:00+00:00,84.971,4.757,surplus,0.25,0,5
2026-04-18 00:30:00+00:00,80.578,13.208,surplus,0.5,0,5
2026-04-18 00:45:00+00:00,88.583,1.553,surplus,0.75,0,5
2026-04-18 01:00:00+00:00,103.7654,5.996,surplus,1.0,1,5
2026-04-18 01:15:00+00:00,98.819,7.021,surplus,1.25,1,5
2026-04-18 01:30:00+00:00,92.013,7.861,surplus,1.5,1,5
2026-04-18 01:45:00+00:00,74.538,1.75,surplus,1.75,1,5
2026-04-18 02:00:00+00:00,104.0855,1.037,surplus,2.0,2,5
2026-04-18 02:15:00+00:00,104.2081,0.453,surplus,2.25,2,5
2026-04-18 02:30:00+00:00,125.4,-2.269,deficit,2.5,2,5
2026-04-18 02:45:00+00:00,124.256,-0.863,deficit,2.75,2,5
2026-04-18 03:00:00+00:00,68.917,1.095,surplus,3.0,3,5
2026-04-18 03:15:00+00:00,124.267,-0.863,deficit,3.25,3,5
2026-04-18 03:30:00+00:00,80.544,0.826,surplus,3.5,3,5
2026-04-18 03:45:00+00:00,124.465,-2.937,deficit,3.75,3,5
2026-04-18 04:00:00+00:00,125.29,-4.683,deficit,4.0,4,5
2026-04-18 04:15:00+00:00,124.608,-3.206,deficit,4.25,4,5
2026-04-18 04:30:00+00:00,109.0857,3.056,surplus,4.5,4,5
2026-04-18 04:45:00+00:00,119.9943,-0.576,deficit,4.75,4,5
2026-04-18 05:00:00+00:00,70.524,3.684,surplus,5.0,5,5
2026-04-18 05:15:00+00:00,54.756,10.824,surplus,5.25,5,5
2026-04-18 05:30:00+00:00,72.358,10.569,surplus,5.5,5,5
2026-04-18 05:45:00+00:00,86.333,12.355,surplus,5.75,5,5
2026-04-18 06:00:00+00:00,93.6029,5.758,surplus,6.0,6,5
2026-04-18 06:15:00+00:00,42.31,0.197,surplus,6.25,6,5
2026-04-18 06:30:00+00:00,75.87,0.336,surplus,6.5,6,5
2026-04-18 06:45:00+00:00,49.474,0.888,surplus,6.75,6,5
2026-04-18 07:00:00+00:00,144.04,-7.26,deficit,7.0,7,5
2026-04-18 07:15:00+00:00,145.865,-1.426,deficit,7.25,7,5
2026-04-18 07:30:00+00:00,118.013,-3.037,deficit,7.5,7,5
2026-04-18 07:45:00+00:00,1.1,2.349,surplus,7.75,7,5
2026-04-18 08:00:00+00:00,61.099,-3.418,deficit,8.0,8,5
2026-04-18 08:15:00+00:00,-2.288,5.993,surplus,8.25,8,5
2026-04-18 08:30:00+00:00,-4.257,5.174,surplus,8.5,8,5
2026-04-18 08:45:00+00:00,-4.972,9.797,surplus,8.75,8,5
2026-04-18 09:00:00+00:00,-5.6473,0.354,surplus,9.0,9,5
2026-04-18 09:15:00+00:00,-7.8386,5.113,surplus,9.25,9,5
2026-04-18 09:30:00+00:00,-9.9831,4.846,surplus,9.5,9,5
2026-04-18 09:45:00+00:00,59.422,-0.371,deficit,9.75,9,5
2026-04-18 10:00:00+00:00,-15.6905,1.193,surplus,10.0,10,5
2026-04-18 10:15:00+00:00,-17.5025,1.797,surplus,10.25,10,5
2026-04-18 10:30:00+00:00,96.382,-0.07,deficit,10.5,10,5
2026-04-18 10:45:00+00:00,-17.5895,5.095,surplus,10.75,10,5
2026-04-18 11:00:00+00:00,-18.1763,7.031,surplus,11.0,11,5
2026-04-18 11:15:00+00:00,-20.9296,9.761,surplus,11.25,11,5
2026-04-18 11:30:00+00:00,-19.513,14.103,surplus,11.5,11,5
2026-04-18 11:45:00+00:00,-26.5611,20.573,surplus,11.75,11,5
2026-04-18 12:00:00+00:00,-14.6848,1.186,surplus,12.0,12,5
2026-04-18 12:15:00+00:00,-12.8966,3.686,surplus,12.25,12,5
2026-04-18 12:30:00+00:00,-12.7786,15.576,surplus,12.5,12,5
2026-04-18 12:45:00+00:00,-8.8517,12.786,surplus,12.75,12,5
2026-04-18 13:00:00+00:00,-12.4285,23.486,surplus,13.0,13,5
2026-04-18 13:15:00+00:00,-9.2024,24.373,surplus,13.25,13,5
2026-04-18 13:30:00+00:00,-3.858,18.377,surplus,13.5,13,5
2026-04-18 13:45:00+00:00,-1.0994,6.091,surplus,13.75,13,5
2026-04-18 14:00:00+00:00,130.825,-12.44,deficit,14.0,14,5
2026-04-18 14:15:00+00:00,52.798,-7.8,deficit,14.25,14,5
2026-04-18 14:30:00+00:00,70.735,-26.837,deficit,14.5,14,5
2026-04-18 14:45:00+00:00,119.043,-23.529,deficit,14.75,14,5
2026-04-18 15:00:00+00:00,89.6895,-16.268,deficit,15.0,15,5
2026-04-18 15:15:00+00:00,109.3491,-9.494,deficit,15.25,15,5
2026-04-18 15:30:00+00:00,117.1343,-6.193,deficit,15.5,15,5
2026-04-18 15:45:00+00:00,139.817,-3.948,deficit,15.75,15,5
2026-04-18 16:00:00+00:00,80.493,3.624,surplus,16.0,16,5
2026-04-18 16:15:00+00:00,146.902,-3.273,deficit,16.25,16,5
2026-04-18 16:30:00+00:00,123.389,2.6,surplus,16.5,16,5
2026-04-18 16:45:00+00:00,144.6603,-1.833,deficit,16.75,16,5
2026-04-18 17:00:00+00:00,96.656,0.933,surplus,17.0,17,5
2026-04-18 17:15:00+00:00,145.0886,-0.465,deficit,17.25,17,5
2026-04-18 17:30:00+00:00,153.692,-0.67,deficit,17.5,17,5
2026-04-18 17:45:00+00:00,91.011,5.468,surplus,17.75,17,5
2026-04-18 18:00:00+00:00,159.654,-2.46,deficit,18.0,18,5
2026-04-18 18:15:00+00:00,162.514,-2.915,deficit,18.25,18,5
2026-04-18 18:30:00+00:00,162.69,-3.721,deficit,18.5,18,5
2026-04-18 18:45:00+00:00,158.323,-1.79,deficit,18.75,18,5
2026-04-18 19:00:00+00:00,166.705,-1.223,deficit,19.0,19,5
2026-04-18 19:15:00+00:00,156.827,-3.127,deficit,19.25,19,5
2026-04-18 19:30:00+00:00,96.842,2.428,surplus,19.5,19,5
2026-04-18 19:45:00+00:00,93.989,5.978,surplus,19.75,19,5
2026-04-18 20:00:00+00:00,151.448,-4.558,deficit,20.0,20,5
2026-04-18 20:15:00+00:00,150.832,-5.521,deficit,20.25,20,5
2026-04-18 20:30:00+00:00,143.792,-5.841,deficit,20.5,20,5
2026-04-18 20:45:00+00:00,94.934,1.184,surplus,20.75,20,5
2026-04-18 21:00:00+00:00,91.09,3.374,surplus,21.0,21,5
2026-04-18 21:15:00+00:00,90.713,2.325,surplus,21.25,21,5
2026-04-18 21:30:00+00:00,87.527,3.002,surplus,21.5,21,5
2026-04-18 21:45:00+00:00,91.089,3.094,surplus,21.75,21,5
2026-04-18 22:00:00+00:00,88.119,2.993,surplus,22.0,22,5
2026-04-18 22:15:00+00:00,70.956,2.032,surplus,22.25,22,5
2026-04-18 22:30:00+00:00,98.321,3.167,surplus,22.5,22,5
2026-04-18 22:45:00+00:00,112.348,4.913,surplus,22.75,22,5
2026-04-18 23:00:00+00:00,124.366,-1.603,deficit,23.0,23,5
2026-04-18 23:15:00+00:00,91.939,1.931,surplus,23.25,23,5
2026-04-18 23:30:00+00:00,124.212,-1.523,deficit,23.5,23,5
2026-04-18 23:45:00+00:00,122.76,-0.63,deficit,23.75,23,5
2026-04-19 00:00:00+00:00,123.64,-1.173,deficit,0.0,0,6
2026-04-19 00:15:00+00:00,102.661,1.487,surplus,0.25,0,6
2026-04-19 00:30:00+00:00,121.502,-5.479,deficit,0.5,0,6
2026-04-19 00:45:00+00:00,120.9092,-3.749,deficit,0.75,0,6
2026-04-19 01:00:00+00:00,77.655,0.172,surplus,1.0,1,6
2026-04-19 01:15:00+00:00,39.603,6.269,surplus,1.25,1,6
2026-04-19 01:30:00+00:00,119.669,-1.072,deficit,1.5,1,6
2026-04-19 01:45:00+00:00,82.538,1.044,surplus,1.75,1,6
2026-04-19 02:00:00+00:00,92.135,2.535,surplus,2.0,2,6
2026-04-19 02:15:00+00:00,117.381,-0.279,deficit,2.25,2,6
2026-04-19 02:30:00+00:00,45.837,1.703,surplus,2.5,2,6
2026-04-19 02:45:00+00:00,119.482,-3.991,deficit,2.75,2,6
2026-04-19 03:00:00+00:00,31.313,4.373,surplus,3.0,3,6
2026-04-19 03:15:00+00:00,40.238,4.394,surplus,3.25,3,6
2026-04-19 03:30:00+00:00,24.598,10.719,surplus,3.5,3,6
2026-04-19 03:45:00+00:00,40.57,5.743,surplus,3.75,3,6
2026-04-19 04:00:00+00:00,79.949,11.448,surplus,4.0,4,6
2026-04-19 04:15:00+00:00,78.337,4.574,surplus,4.25,4,6
2026-04-19 04:30:00+00:00,39.458,7.79,surplus,4.5,4,6
2026-04-19 04:45:00+00:00,73.368,3.898,surplus,4.75,4,6
2026-04-19 05:00:00+00:00,73.259,2.271,surplus,5.0,5,6
2026-04-19 05:15:00+00:00,65.226,3.74,surplus,5.25,5,6
2026-04-19 05:30:00+00:00,106.491,-2.279,deficit,5.5,5,6
2026-04-19 05:45:00+00:00,97.5736,-1.605,deficit,5.75,5,6
2026-04-19 06:00:00+00:00,115.302,-6.448,deficit,6.0,6,6
2026-04-19 06:15:00+00:00,115.687,-2.776,deficit,6.25,6,6
2026-04-19 06:30:00+00:00,-45.584,2.791,surplus,6.5,6,6
2026-04-19 06:45:00+00:00,-134.814,4.912,surplus,6.75,6,6
2026-04-19 07:00:00+00:00,10.391,16.193,surplus,7.0,7,6
2026-04-19 07:15:00+00:00,-2.288,19.021,surplus,7.25,7,6
2026-04-19 07:30:00+00:00,-56.493,18.989,surplus,7.5,7,6
2026-04-19 07:45:00+00:00,0.1,16.893,surplus,7.75,7,6
2026-04-19 08:00:00+00:00,22.7846,43.529,surplus,8.0,8,6
2026-04-19 08:15:00+00:00,18.37,39.888,surplus,8.25,8,6
2026-04-19 08:30:00+00:00,-93.397,32.637,surplus,8.5,8,6
2026-04-19 08:45:00+00:00,-174.652,27.946,surplus,8.75,8,6
2026-04-19 09:00:00+00:00,-5.0,44.147,surplus,9.0,9,6
2026-04-19 09:15:00+00:00,-5.0,25.613,surplus,9.25,9,6
2026-04-19 09:30:00+00:00,-5.0,30.342,surplus,9.5,9,6
2026-04-19 09:45:00+00:00,-4.4814,22.618,surplus,9.75,9,6
2026-04-19 10:00:00+00:00,-3.7912,27.099,surplus,10.0,10,6
2026-04-19 10:15:00+00:00,-7.0609,14.263,surplus,10.25,10,6
2026-04-19 10:30:00+00:00,-7.4826,15.803,surplus,10.5,10,6
2026-04-19 10:45:00+00:00,-8.5714,23.256,surplus,10.75,10,6
2026-04-19 11:00:00+00:00,-9.5766,36.585,surplus,11.0,11,6
2026-04-19 11:15:00+00:00,-8.9375,35.614,surplus,11.25,11,6
2026-04-19 11:30:00+00:00,-9.322,44.851,surplus,11.5,11,6
2026-04-19 11:45:00+00:00,-9.5265,53.359,surplus,11.75,11,6
2026-04-19 12:00:00+00:00,-8.0891,60.851,surplus,12.0,12,6
2026-04-19 12:15:00+00:00,-8.0661,72.762,surplus,12.25,12,6
2026-04-19 12:30:00+00:00,-7.2825,56.544,surplus,12.5,12,6
2026-04-19 12:45:00+00:00,-7.4946,56.986,surplus,12.75,12,6
2026-04-19 13:00:00+00:00,-8.7466,58.851,surplus,13.0,13,6
2026-04-19 13:15:00+00:00,-9.407,56.631,surplus,13.25,13,6
2026-04-19 13:30:00+00:00,-7.2676,48.599,surplus,13.5,13,6
2026-04-19 13:45:00+00:00,-5.8495,45.537,surplus,13.75,13,6
2026-04-19 14:00:00+00:00,-5.0,41.048,surplus,14.0,14,6
2026-04-19 14:15:00+00:00,-7.46,31.262,surplus,14.25,14,6
2026-04-19 14:30:00+00:00,-23.585,24.713,surplus,14.5,14,6
2026-04-19 14:45:00+00:00,-12.74,25.352,surplus,14.75,14,6
2026-04-19 15:00:00+00:00,34.3325,-3.193,deficit,15.0,15,6
2026-04-19 15:15:00+00:00,4.815,5.373,surplus,15.25,15,6
2026-04-19 15:30:00+00:00,52.8729,16.711,surplus,15.5,15,6
2026-04-19 15:45:00+00:00,60.8718,18.581,surplus,15.75,15,6
2026-04-19 16:00:00+00:00,87.692,-5.15,deficit,16.0,16,6
2026-04-19 16:15:00+00:00,39.04,2.761,surplus,16.25,16,6
2026-04-19 16:30:00+00:00,22.353,2.059,surplus,16.5,16,6
2026-04-19 16:45:00+00:00,83.8189,2.268,surplus,16.75,16,6
2026-04-19 17:00:00+00:00,-7.912,8.87,surplus,17.0,17,6
2026-04-19 17:15:00+00:00,113.641,-1.914,deficit,17.25,17,6
2026-04-19 17:30:00+00:00,122.243,-4.738,deficit,17.5,17,6
2026-04-19 17:45:00+00:00,-13.078,5.373,surplus,17.75,17,6
2026-04-19 18:00:00+00:00,-25.342,2.87,surplus,18.0,18,6
2026-04-19 18:15:00+00:00,-7.328,3.525,surplus,18.25,18,6
2026-04-19 18:30:00+00:00,-4.329,1.846,surplus,18.5,18,6
2026-04-19 18:45:00+00:00,120.285,-3.76,deficit,18.75,18,6
2026-04-19 19:00:00+00:00,135.08,-6.699,deficit,19.0,19,6
2026-04-19 19:15:00+00:00,-8.953,0.291,surplus,19.25,19,6
2026-04-19 19:30:00+00:00,123.541,-3.854,deficit,19.5,19,6
2026-04-19 19:45:00+00:00,113.608,-6.793,deficit,19.75,19,6
2026-04-19 20:00:00+00:00,139.37,-11.679,deficit,20.0,20,6
2026-04-19 20:15:00+00:00,134.31,-1.273,deficit,20.25,20,6
2026-04-19 20:30:00+00:00,131.791,-7.539,deficit,20.5,20,6
2026-04-19 20:45:00+00:00,125.191,-10.091,deficit,20.75,20,6
2026-04-19 21:00:00+00:00,127.743,-7.901,deficit,21.0,21,6
2026-04-19 21:15:00+00:00,124.256,-5.429,deficit,21.25,21,6
2026-04-19 21:30:00+00:00,122.87,-1.684,deficit,21.5,21,6
2026-04-19 21:45:00+00:00,-18.59,9.045,surplus,21.75,21,6
2026-04-19 22:00:00+00:00,126.006,-0.553,deficit,22.0,22,6
2026-04-19 22:15:00+00:00,116.303,-1.952,deficit,22.25,22,6
2026-04-19 22:30:00+00:00,121.491,-1.113,deficit,22.5,22,6
2026-04-19 22:45:00+00:00,74.533,2.539,surplus,22.75,22,6
2026-04-19 23:00:00+00:00,68.223,3.062,surplus,23.0,23,6
2026-04-19 23:15:00+00:00,73.336,4.658,surplus,23.25,23,6
2026-04-19 23:30:00+00:00,72.909,5.024,surplus,23.5,23,6
2026-04-19 23:45:00+00:00,78.864,8.99,surplus,23.75,23,6
2026-04-20 00:00:00+00:00,76.954,1.531,surplus,0.0,0,0
2026-04-20 00:15:00+00:00,76.954,4.19,surplus,0.25,0,0
2026-04-20 00:30:00+00:00,76.954,1.929,surplus,0.5,0,0
2026-04-20 00:45:00+00:00,70.913,6.702,surplus,0.75,0,0
2026-04-20 01:00:00+00:00,74.591,9.377,surplus,1.0,1,0
2026-04-20 01:15:00+00:00,71.482,10.554,surplus,1.25,1,0
2026-04-20 01:30:00+00:00,69.482,13.541,surplus,1.5,1,0
2026-04-20 01:45:00+00:00,80.248,8.343,surplus,1.75,1,0
2026-04-20 02:00:00+00:00,77.274,6.974,surplus,2.0,2,0
2026-04-20 02:15:00+00:00,75.758,9.707,surplus,2.25,2,0
2026-04-20 02:30:00+00:00,85.425,13.193,surplus,2.5,2,0
2026-04-20 02:45:00+00:00,138.1694,-1.238,deficit,2.75,2,0
2026-04-20 03:00:00+00:00,81.672,1.251,surplus,3.0,3,0
2026-04-20 03:15:00+00:00,155.692,-3.874,deficit,3.25,3,0
2026-04-20 03:30:00+00:00,86.587,3.08,surplus,3.5,3,0
2026-04-20 03:45:00+00:00,78.385,2.116,surplus,3.75,3,0
2026-04-20 04:00:00+00:00,-3.351,13.645,surplus,4.0,4,0
2026-04-20 04:15:00+00:00,-12.417,10.747,surplus,4.25,4,0
2026-04-20 04:30:00+00:00,67.573,6.304,surplus,4.5,4,0
2026-04-20 04:45:00+00:00,84.001,11.693,surplus,4.75,4,0
2026-04-20 05:00:00+00:00,90.392,7.262,surplus,5.0,5,0
2026-04-20 05:15:00+00:00,72.1,14.945,surplus,5.25,5,0
2026-04-20 05:30:00+00:00,82.877,18.58,surplus,5.5,5,0
2026-04-20 05:45:00+00:00,90.174,16.015,surplus,5.75,5,0
2026-04-20 06:00:00+00:00,60.574,14.361,surplus,6.0,6,0
2026-04-20 06:15:00+00:00,69.885,28.806,surplus,6.25,6,0
2026-04-20 06:30:00+00:00,50.308,38.922,surplus,6.5,6,0
2026-04-20 06:45:00+00:00,7.901,47.373,surplus,6.75,6,0
2026-04-20 07:00:00+00:00,63.657,50.933,surplus,7.0,7,0
2026-04-20 07:15:00+00:00,69.063,47.571,surplus,7.25,7,0
2026-04-20 07:30:00+00:00,54.751,49.35,surplus,7.5,7,0
2026-04-20 07:45:00+00:00,41.968,30.111,surplus,7.75,7,0
2026-04-20 08:00:00+00:00,59.659,36.89,surplus,8.0,8,0
2026-04-20 08:15:00+00:00,-69.149,39.395,surplus,8.25,8,0
2026-04-20 08:30:00+00:00,-88.367,48.288,surplus,8.5,8,0
2026-04-20 08:45:00+00:00,-5.0,56.038,surplus,8.75,8,0
2026-04-20 09:00:00+00:00,-20.89,57.178,surplus,9.0,9,0
2026-04-20 09:15:00+00:00,-19.036,49.301,surplus,9.25,9,0
2026-04-20 09:30:00+00:00,-45.096,43.009,surplus,9.5,9,0
2026-04-20 09:45:00+00:00,22.0867,47.163,surplus,9.75,9,0
2026-04-20 10:00:00+00:00,-78.229,55.586,surplus,10.0,10,0
2026-04-20 10:15:00+00:00,-7.663,26.758,surplus,10.25,10,0
2026-04-20 10:30:00+00:00,0.0,20.493,surplus,10.5,10,0
2026-04-20 10:45:00+00:00,0.0,19.846,surplus,10.75,10,0
2026-04-20 11:00:00+00:00,160.425,-9.009,deficit,11.0,11,0
2026-04-20 11:15:00+00:00,118.465,-13.472,deficit,11.25,11,0
2026-04-20 11:30:00+00:00,124.551,-11.064,deficit,11.5,11,0
2026-04-20 11:45:00+00:00,81.952,-5.133,deficit,11.75,11,0
2026-04-20 12:00:00+00:00,91.374,-7.577,deficit,12.0,12,0
2026-04-20 12:15:00+00:00,76.275,-9.292,deficit,12.25,12,0
2026-04-20 12:30:00+00:00,33.0998,-12.16,deficit,12.5,12,0
2026-04-20 12:45:00+00:00,84.49,-7.18,deficit,12.75,12,0
2026-04-20 13:00:00+00:00,4.441,3.661,surplus,13.0,13,0
2026-04-20 13:15:00+00:00,27.979,14.792,surplus,13.25,13,0
2026-04-20 13:30:00+00:00,62.2599,9.92,surplus,13.5,13,0
2026-04-20 13:45:00+00:00,63.5999,27.848,surplus,13.75,13,0
2026-04-20 14:00:00+00:00,64.973,12.659,surplus,14.0,14,0
2026-04-20 14:15:00+00:00,83.01,8.384,surplus,14.25,14,0
2026-04-20 14:30:00+00:00,84.3463,9.58,surplus,14.5,14,0
2026-04-20 14:45:00+00:00,87.4133,13.331,surplus,14.75,14,0
2026-04-20 15:00:00+00:00,83.16,0.201,surplus,15.0,15,0
2026-04-20 15:15:00+00:00,58.337,14.369,surplus,15.25,15,0
2026-04-20 15:30:00+00:00,8.974,25.961,surplus,15.5,15,0
2026-04-20 15:45:00+00:00,-26.6,16.667,surplus,15.75,15,0
2026-04-20 16:00:00+00:00,112.673,-0.273,deficit,16.0,16,0
2026-04-20 16:15:00+00:00,124.839,-7.314,deficit,16.25,16,0
2026-04-20 16:30:00+00:00,-15.991,8.356,surplus,16.5,16,0
2026-04-20 16:45:00+00:00,-14.003,7.079,surplus,16.75,16,0
2026-04-20 17:00:00+00:00,-9.529,11.668,surplus,17.0,17,0
2026-04-20 17:15:00+00:00,-4.957,18.698,surplus,17.25,17,0
2026-04-20 17:30:00+00:00,-4.092,17.951,surplus,17.5,17,0
2026-04-20 17:45:00+00:00,47.638,7.076,surplus,17.75,17,0
2026-04-20 18:00:00+00:00,-8.647,17.94,surplus,18.0,18,0
2026-04-20 18:15:00+00:00,-10.221,18.691,surplus,18.25,18,0
2026-04-20 18:30:00+00:00,6.112,5.626,surplus,18.5,18,0
2026-04-20 18:45:00+00:00,29.165,2.61,surplus,18.75,18,0
2026-04-20 19:00:00+00:00,10.506,7.418,surplus,19.0,19,0
2026-04-20 19:15:00+00:00,20.335,1.874,surplus,19.25,19,0
2026-04-20 19:30:00+00:00,9.969,4.217,surplus,19.5,19,0
2026-04-20 19:45:00+00:00,12.714,5.518,surplus,19.75,19,0
2026-04-20 20:00:00+00:00,133.265,-1.668,deficit,20.0,20,0
2026-04-20 20:15:00+00:00,127.292,-1.825,deficit,20.25,20,0
2026-04-20 20:30:00+00:00,125.411,-4.206,deficit,20.5,20,0
2026-04-20 20:45:00+00:00,116.1351,-5.8,deficit,20.75,20,0
2026-04-20 21:00:00+00:00,-10.868,13.386,surplus,21.0,21,0
2026-04-20 21:15:00+00:00,-16.992,7.542,surplus,21.25,21,0
2026-04-20 21:30:00+00:00,-10.205,6.502,surplus,21.5,21,0
2026-04-20 21:45:00+00:00,-17.453,6.658,surplus,21.75,21,0
2026-04-20 22:00:00+00:00,83.81,,surplus,22.0,22,0
2026-04-20 22:15:00+00:00,99.09,,surplus,22.25,22,0
2026-04-20 22:30:00+00:00,87.24,,surplus,22.5,22,0
2026-04-20 22:45:00+00:00,85.54,,surplus,22.75,22,0
2026-04-20 23:00:00+00:00,122.31,,surplus,23.0,23,0
2026-04-20 23:15:00+00:00,97.5,,surplus,23.25,23,0
2026-04-20 23:30:00+00:00,89.27,,surplus,23.5,23,0
2026-04-20 23:45:00+00:00,84.75,,surplus,23.75,23,0
2026-04-21 00:00:00+00:00,126.78600000000002,,surplus,0.0,0,1
2026-04-21 00:15:00+00:00,81.09,,surplus,0.25,0,1
2026-04-21 00:30:00+00:00,126.78600000000002,,surplus,0.5,0,1
2026-04-21 00:45:00+00:00,162.24,,surplus,0.75,0,1
2026-04-21 01:00:00+00:00,65.86,,surplus,1.0,1,1
2026-04-21 01:15:00+00:00,64.2,,surplus,1.25,1,1
2026-04-21 01:30:00+00:00,103.39,,surplus,1.5,1,1
2026-04-21 01:45:00+00:00,102.0,,surplus,1.75,1,1
2026-04-21 02:00:00+00:00,87.71000000000001,,surplus,2.0,2,1
2026-04-21 02:15:00+00:00,78.39,,surplus,2.25,2,1
2026-04-21 02:30:00+00:00,93.79,,surplus,2.5,2,1
2026-04-21 02:45:00+00:00,118.29400000000001,,surplus,2.75,2,1
2026-04-21 03:00:00+00:00,94.39,,surplus,3.0,3,1
2026-04-21 03:15:00+00:00,110.28,,surplus,3.25,3,1
2026-04-21 03:30:00+00:00,131.21900000000002,,surplus,3.5,3,1
2026-04-21 03:45:00+00:00,139.293,,surplus,3.75,3,1
2026-04-21 04:00:00+00:00,136.70000000000002,,surplus,4.0,4,1
2026-04-21 04:15:00+00:00,87.3,,surplus,4.25,4,1
2026-04-21 04:30:00+00:00,150.612,,surplus,4.5,4,1
2026-04-21 04:45:00+00:00,153.043,,surplus,4.75,4,1
2026-04-21 05:00:00+00:00,92.12,,surplus,5.0,5,1
2026-04-21 05:15:00+00:00,97.52,,surplus,5.25,5,1
2026-04-21 05:30:00+00:00,88.82000000000001,,surplus,5.5,5,1
2026-04-21 05:45:00+00:00,119.86,,surplus,5.75,5,1
2026-04-21 06:00:00+00:00,96.67,,surplus,6.0,6,1
2026-04-21 06:15:00+00:00,77.42,,surplus,6.25,6,1
2026-04-21 06:30:00+00:00,36.54,,surplus,6.5,6,1
2026-04-21 06:45:00+00:00,60.43,,surplus,6.75,6,1
2026-04-21 07:00:00+00:00,70.91,,surplus,7.0,7,1
2026-04-21 07:15:00+00:00,49.33,,surplus,7.25,7,1
2026-04-21 07:30:00+00:00,188.452,,surplus,7.5,7,1
2026-04-21 07:45:00+00:00,188.452,,surplus,7.75,7,1
2026-04-21 08:00:00+00:00,66.5,,surplus,8.0,8,1
2026-04-21 08:15:00+00:00,66.5,,surplus,8.25,8,1
2026-04-21 08:30:00+00:00,79.48,,surplus,8.5,8,1
2026-04-21 08:45:00+00:00,42.07,,surplus,8.75,8,1
2026-04-21 09:00:00+00:00,56.83,,surplus,9.0,9,1
2026-04-21 09:15:00+00:00,32.18,,surplus,9.25,9,1
2026-04-21 09:30:00+00:00,142.29528918745999,,surplus,9.5,9,1
2026-04-21 09:45:00+00:00,151.89795569620253,,surplus,9.75,9,1
2026-04-21 10:00:00+00:00,54.19,,surplus,10.0,10,1
2026-04-21 10:15:00+00:00,70.98,,surplus,10.25,10,1
2026-04-21 10:30:00+00:00,62.68,,surplus,10.5,10,1
2026-04-21 10:45:00+00:00,56.72,,surplus,10.75,10,1
2026-04-21 11:00:00+00:00,45.76,,surplus,11.0,11,1
2026-04-21 11:15:00+00:00,43.41,,surplus,11.25,11,1
2026-04-21 11:30:00+00:00,94.098787281106,,surplus,11.5,11,1
2026-04-21 11:45:00+00:00,90.25792085643282,,surplus,11.75,11,1
2026-04-21 12:00:00+00:00,32.26,,surplus,12.0,12,1
2026-04-21 12:15:00+00:00,142.4,,surplus,12.25,12,1
2026-04-21 12:30:00+00:00,195.02,,surplus,12.5,12,1
2026-04-21 12:45:00+00:00,124.53,,surplus,12.75,12,1
2026-04-21 13:00:00+00:00,126.71000000000001,,surplus,13.0,13,1
2026-04-21 13:15:00+00:00,125.71000000000001,,surplus,13.25,13,1
2026-04-21 13:30:00+00:00,102.05,,surplus,13.5,13,1
2026-04-21 13:45:00+00:00,125.62,,surplus,13.75,13,1
2026-04-21 14:00:00+00:00,139.26,,surplus,14.0,14,1
2026-04-21 14:15:00+00:00,335.09000000000003,,surplus,14.25,14,1
2026-04-21 14:30:00+00:00,1269.7,,surplus,14.5,14,1
2026-04-21 14:45:00+00:00,1174.6100000000001,,surplus,14.75,14,1
2026-04-21 15:00:00+00:00,3654.38,,surplus,15.0,15,1
2026-04-21 15:15:00+00:00,141.93,,surplus,15.25,15,1
2026-04-21 15:30:00+00:00,61.96,,surplus,15.5,15,1
2026-04-21 15:45:00+00:00,100.52866527958388,,surplus,15.75,15,1
2026-04-21 16:00:00+00:00,120.32705738615324,,surplus,16.0,16,1
2026-04-21 16:15:00+00:00,133.44,,surplus,16.25,16,1
2026-04-21 16:30:00+00:00,133.9486590909091,,surplus,16.5,16,1
2026-04-21 16:45:00+00:00,139.56187956204383,,surplus,16.75,16,1
2026-04-21 17:00:00+00:00,160.8366070406411,,surplus,17.0,17,1
2026-04-21 17:15:00+00:00,179.55345218384244,,surplus,17.25,17,1
2026-04-21 17:30:00+00:00,172.6892734132268,,surplus,17.5,17,1
2026-04-21 17:45:00+00:00,192.89862781712813,,surplus,17.75,17,1
2026-04-21 18:00:00+00:00,288.00268937329696,,surplus,18.0,18,1
2026-04-21 18:15:00+00:00,298.9308108695652,,surplus,18.25,18,1
2026-04-21 18:30:00+00:00,265.4632042331972,,surplus,18.5,18,1
2026-04-21 18:45:00+00:00,249.87431996587034,,surplus,18.75,18,1
2026-04-21 19:00:00+00:00,194.08419819819824,,surplus,19.0,19,1
2026-04-21 19:15:00+00:00,151.118,,surplus,19.25,19,1
2026-04-21 19:30:00+00:00,39.82,,surplus,19.5,19,1
2026-04-21 19:45:00+00:00,131.69394268009296,,surplus,19.75,19,1
2026-04-21 20:00:00+00:00,54.61,,surplus,20.0,20,1
2026-04-21 20:15:00+00:00,138.215,,surplus,20.25,20,1
2026-04-21 20:30:00+00:00,134.8496511627907,,surplus,20.5,20,1
2026-04-21 20:45:00+00:00,132.83282364341088,,surplus,20.75,20,1
2026-04-21 21:00:00+00:00,137.335,,surplus,21.0,21,1
2026-04-21 21:15:00+00:00,127.534,,surplus,21.25,21,1
2026-04-21 21:30:00+00:00,72.89,,surplus,21.5,21,1
2026-04-21 21:45:00+00:00,127.534,,surplus,21.75,21,1
2026-04-21 22:00:00+00:00,128.931,,surplus,22.0,22,1
2026-04-21 22:15:00+00:00,124.41000000000001,,surplus,22.25,22,1
2026-04-21 22:30:00+00:00,118.239,,surplus,22.5,22,1
2026-04-21 22:45:00+00:00,117.33700000000003,,surplus,22.75,22,1
2026-04-21 23:00:00+00:00,119.77900000000001,,surplus,23.0,23,1
2026-04-21 23:15:00+00:00,118.305,,surplus,23.25,23,1
2026-04-21 23:30:00+00:00,118.976,,surplus,23.5,23,1
2026-04-21 23:45:00+00:00,78.68,,surplus,23.75,23,1
2026-04-22 00:00:00+00:00,76.04,,surplus,0.0,0,2
2026-04-22 00:15:00+00:00,119.27300000000001,,surplus,0.25,0,2
2026-04-22 00:30:00+00:00,83.37,,surplus,0.5,0,2
2026-04-22 00:45:00+00:00,78.43,,surplus,0.75,0,2
2026-04-22 01:00:00+00:00,75.76,,surplus,1.0,1,2
2026-04-22 01:15:00+00:00,119.834,,surplus,1.25,1,2
2026-04-22 01:30:00+00:00,120.57100000000001,,surplus,1.5,1,2
2026-04-22 01:45:00+00:00,57.24,,surplus,1.75,1,2
2026-04-22 02:00:00+00:00,127.952,,surplus,2.0,2,2
2026-04-22 02:15:00+00:00,127.952,,surplus,2.25,2,2
2026-04-22 02:30:00+00:00,129.833,,surplus,2.5,2,2
2026-04-22 02:45:00+00:00,137.65400000000002,,surplus,2.75,2,2
2026-04-22 03:00:00+00:00,138.468,,surplus,3.0,3,2
2026-04-22 03:15:00+00:00,136.70269569288388,,surplus,3.25,3,2
2026-04-22 03:30:00+00:00,143.275,,surplus,3.5,3,2
2026-04-22 03:45:00+00:00,160.28100000000003,,surplus,3.75,3,2
2026-04-22 04:00:00+00:00,162.87,,surplus,4.0,4,2
2026-04-22 04:15:00+00:00,162.47,,surplus,4.25,4,2
2026-04-22 04:30:00+00:00,142.45857142857142,,surplus,4.5,4,2
2026-04-22 04:45:00+00:00,145.29911556603773,,surplus,4.75,4,2
2026-04-22 05:00:00+00:00,93.79,,surplus,5.0,5,2
2026-04-22 05:15:00+00:00,159.687,,surplus,5.25,5,2
2026-04-22 05:30:00+00:00,108.84,,surplus,5.5,5,2
2026-04-22 05:45:00+00:00,136.50230806845968,,surplus,5.75,5,2
2026-04-22 06:00:00+00:00,158.543,,surplus,6.0,6,2
2026-04-22 06:15:00+00:00,142.84600000000003,,surplus,6.25,6,2
2026-04-22 06:30:00+00:00,77.13,,surplus,6.5,6,2
2026-04-22 06:45:00+00:00,67.87,,surplus,6.75,6,2
2026-04-22 07:00:00+00:00,70.83583396801217,,surplus,7.0,7,2
