Delivery day;Period number;Period;Buy Orders (MWh);Sell Orders (MWh);Buy trades (MWh);Sell trades (MWh);Traded Quantity Difference (MWh);Weighted average price of all trades (EUR/MWh);Total Traded Quantity (MWh)
1.2.2026;1;00:00 - 01:00;210.3;3,481.6;64.3;35.7;28.6;104.00;100.0
1.2.2026;2;01:00 - 02:00;135.4;154.6;37.7;9.6;28.1;97.51;47.3
1.2.2026;3;02:00 - 03:00;159.4;105.8;35.9;14.2;21.7;97.89;50.1
1.2.2026;4;03:00 - 04:00;628.8;86.3;27.6;18.5;9.1;98.39;46.1
1.2.2026;5;04:00 - 05:00;81.5;75.8;33.2;13.6;19.6;101.45;46.8
1.2.2026;6;05:00 - 06:00;104.6;177.3;29.5;10.1;19.4;98.35;39.6
1.2.2026;7;06:00 - 07:00;120.0;139.4;42.2;20.9;21.3;99.34;63.1
1.2.2026;8;07:00 - 08:00;252.0;462.1;63.3;35.7;27.6;101.03;99.0
1.2.2026;9;08:00 - 09:00;264.6;193.7;60.2;40.7;19.5;103.68;100.9
1.2.2026;10;09:00 - 10:00;1,226.4;1,462.9;56.3;70.1;-13.8;100.98;126.4
1.2.2026;11;10:00 - 11:00;5,149.0;2,665.6;83.3;126.1;-42.8;104.58;209.4
1.2.2026;12;11:00 - 12:00;4,163.2;3,552.1;90.2;130.2;-40.0;106.56;220.4
1.2.2026;13;12:00 - 13:00;11,844.9;13,224.0;81.6;99.2;-17.6;104.97;180.8
1.2.2026;14;13:00 - 14:00;18,362.2;3,165.8;105.9;82.5;23.4;99.21;188.4
1.2.2026;15;14:00 - 15:00;5,345.6;8,164.2;109.4;80.7;28.7;102.11;190.1
1.2.2026;16;15:00 - 16:00;7,260.1;4,325.1;66.0;102.0;-36.0;111.08;168.0
1.2.2026;17;16:00 - 17:00;6,800.0;9,254.4;76.1;40.2;35.9;128.25;116.3
1.2.2026;18;17:00 - 18:00;5,258.0;3,057.3;76.1;39.3;36.8;146.99;115.4
1.2.2026;19;18:00 - 19:00;33,187.8;4,756.8;96.5;91.6;4.9;144.48;188.1
1.2.2026;20;19:00 - 20:00;22,683.7;1,921.8;93.7;67.2;26.5;137.51;160.9
1.2.2026;21;20:00 - 21:00;34,543.6;676.8;74.4;43.1;31.3;125.26;117.5
1.2.2026;22;21:00 - 22:00;11,721.6;33,936.8;71.7;64.8;6.9;118.65;136.5
1.2.2026;23;22:00 - 23:00;5,341.2;11,782.5;117.5;110.0;7.5;124.85;227.5
1.2.2026;24;23:00 - 00:00;40,043.0;11,247.4;108.0;70.1;37.9;106.23;178.1
2.2.2026;1;00:00 - 01:00;341.8;150.5;26.3;18.0;8.3;107.92;44.3
2.2.2026;2;01:00 - 02:00;455.3;220.2;30.9;57.6;-26.7;106.08;88.5
2.2.2026;3;02:00 - 03:00;448.2;188.5;32.0;48.2;-16.2;103.98;80.2
2.2.2026;4;03:00 - 04:00;330.2;312.6;55.4;64.2;-8.8;103.92;119.6
2.2.2026;5;04:00 - 05:00;13,616.8;523.6;41.9;52.2;-10.3;105.98;94.1
2.2.2026;6;05:00 - 06:00;1,130.0;333.8;56.1;24.5;31.6;107.89;80.6
2.2.2026;7;06:00 - 07:00;17,253.1;127.6;86.2;42.2;44.0;190.51;128.4
2.2.2026;8;07:00 - 08:00;11,897.4;1,840.5;95.3;81.7;13.6;180.81;177.0
2.2.2026;9;08:00 - 09:00;20,995.6;5,208.4;69.5;91.9;-22.4;174.30;161.4
2.2.2026;10;09:00 - 10:00;23,393.5;1,873.0;76.5;89.4;-12.9;167.88;165.9
2.2.2026;11;10:00 - 11:00;4,203.2;1,713.4;82.9;93.6;-10.7;160.76;176.5
2.2.2026;12;11:00 - 12:00;3,674.1;4,469.0;130.5;133.4;-2.9;160.32;263.9
2.2.2026;13;12:00 - 13:00;11,348.9;5,868.1;162.7;93.3;69.4;150.05;256.0
2.2.2026;14;13:00 - 14:00;12,404.6;5,382.3;154.9;111.1;43.8;152.16;266.0
2.2.2026;15;14:00 - 15:00;15,107.0;5,875.9;118.6;66.9;51.7;190.95;185.5
2.2.2026;16;15:00 - 16:00;16,050.7;20,192.4;86.3;90.0;-3.7;257.60;176.3
2.2.2026;17;16:00 - 17:00;6,244.8;88,531.3;63.6;79.7;-16.1;258.32;143.3
2.2.2026;18;17:00 - 18:00;21,193.7;61,666.6;90.8;106.8;-16.0;244.76;197.6
2.2.2026;19;18:00 - 19:00;14,408.6;26,578.0;93.0;254.1;-161.1;211.93;347.1
2.2.2026;20;19:00 - 20:00;20,603.2;21,581.0;122.0;226.4;-104.4;227.51;348.4
2.2.2026;21;20:00 - 21:00;47,063.1;50,818.6;185.5;153.4;32.1;210.47;338.9
2.2.2026;22;21:00 - 22:00;19,902.8;4,569.5;105.4;42.8;62.6;135.18;148.2
2.2.2026;23;22:00 - 23:00;280.6;5,077.0;59.4;68.2;-8.8;114.73;127.6
2.2.2026;24;23:00 - 00:00;6,881.7;1,718.6;76.7;23.5;53.2;109.18;100.2
3.2.2026;1;00:00 - 01:00;482.3;135.6;75.4;7.1;68.3;102.32;82.5
3.2.2026;2;01:00 - 02:00;296.0;152.3;51.4;8.0;43.4;96.72;59.4
3.2.2026;3;02:00 - 03:00;597.7;135.5;103.8;7.0;96.8;90.55;110.8
3.2.2026;4;03:00 - 04:00;2,519.8;240.2;156.2;23.3;132.9;84.74;179.5
3.2.2026;5;04:00 - 05:00;1,477.6;167.9;80.6;15.7;64.9;86.01;96.3
3.2.2026;6;05:00 - 06:00;3,133.4;210.7;72.0;20.1;51.9;104.60;92.1
3.2.2026;7;06:00 - 07:00;137.5;10,436.8;4.1;28.6;-24.5;132.24;32.7
3.2.2026;8;07:00 - 08:00;437.8;3,055.5;48.0;40.7;7.3;219.19;88.7
3.2.2026;9;08:00 - 09:00;9,362.2;2,170.4;78.3;54.4;23.9;215.70;132.7
3.2.2026;10;09:00 - 10:00;7,964.0;1,336.7;96.1;114.5;-18.4;177.14;210.6
3.2.2026;11;10:00 - 11:00;18,348.7;1,662.1;72.2;314.9;-242.7;191.06;387.1
3.2.2026;12;11:00 - 12:00;3,121.4;3,115.1;216.3;437.6;-221.3;192.29;653.9
3.2.2026;13;12:00 - 13:00;3,579.4;3,224.0;256.2;277.7;-21.5;165.48;533.9
3.2.2026;14;13:00 - 14:00;10,682.7;4,240.8;184.6;224.0;-39.4;154.23;408.6
3.2.2026;15;14:00 - 15:00;6,247.5;1,753.1;124.1;94.1;30.0;164.07;218.2
3.2.2026;16;15:00 - 16:00;1,067.9;10,952.3;47.8;83.2;-35.4;186.13;131.0
3.2.2026;17;16:00 - 17:00;620.5;8,533.9;87.0;77.2;9.8;157.88;164.2
3.2.2026;18;17:00 - 18:00;9,725.0;6,556.4;89.1;96.9;-7.8;158.08;186.0
3.2.2026;19;18:00 - 19:00;24,321.1;2,974.9;49.0;71.0;-22.0;158.37;120.0
3.2.2026;20;19:00 - 20:00;3,205.5;7,214.8;28.1;46.2;-18.1;162.11;74.3
3.2.2026;21;20:00 - 21:00;222.5;898.0;6.6;11.6;-5.0;156.55;18.2
3.2.2026;22;21:00 - 22:00;3,061.7;2,329.1;16.8;25.1;-8.3;130.34;41.9
3.2.2026;23;22:00 - 23:00;2,634.1;2,328.3;16.5;18.0;-1.5;116.40;34.5
3.2.2026;24;23:00 - 00:00;2,657.9;2,258.5;18.8;34.6;-15.8;105.77;53.4
4.2.2026;1;00:00 - 01:00;415.9;88.6;27.1;10.3;16.8;100.94;37.4
4.2.2026;2;01:00 - 02:00;477.5;126.3;152.5;19.6;132.9;96.68;172.1
4.2.2026;3;02:00 - 03:00;1,049.6;167.6;113.2;23.9;89.3;98.11;137.1
4.2.2026;4;03:00 - 04:00;253.3;128.7;100.5;25.3;75.2;96.65;125.8
4.2.2026;5;04:00 - 05:00;1,356.2;101.2;59.7;26.8;32.9;97.95;86.5
4.2.2026;6;05:00 - 06:00;856.4;186.5;31.0;6.2;24.8;101.06;37.2
4.2.2026;7;06:00 - 07:00;183.9;156.6;14.0;8.6;5.4;109.41;22.6
4.2.2026;8;07:00 - 08:00;665.6;1,061.6;33.7;49.4;-15.7;133.66;83.1
4.2.2026;9;08:00 - 09:00;130.8;316.5;14.6;31.0;-16.4;142.55;45.6
4.2.2026;10;09:00 - 10:00;3,930.9;492.8;30.1;22.8;7.3;155.18;52.9
4.2.2026;11;10:00 - 11:00;2,836.3;554.4;77.7;66.6;11.1;144.48;144.3
4.2.2026;12;11:00 - 12:00;2,238.3;3,112.8;106.5;115.1;-8.6;136.70;221.6
4.2.2026;13;12:00 - 13:00;4,242.6;6,319.0;150.5;176.3;-25.8;134.19;326.8
4.2.2026;14;13:00 - 14:00;13,857.7;6,029.7;153.9;141.9;12.0;130.04;295.8
4.2.2026;15;14:00 - 15:00;2,598.4;24,489.7;138.0;212.9;-74.9;129.83;350.9
4.2.2026;16;15:00 - 16:00;11,305.7;1,382.4;104.5;114.1;-9.6;128.72;218.6
4.2.2026;17;16:00 - 17:00;21,875.8;3,266.5;94.1;123.8;-29.7;131.36;217.9
4.2.2026;18;17:00 - 18:00;2,366.3;14,421.7;111.0;92.8;18.2;132.25;203.8
4.2.2026;19;18:00 - 19:00;18,885.7;8,994.3;90.8;86.8;4.0;132.81;177.6
4.2.2026;20;19:00 - 20:00;3,063.2;1,764.6;140.8;111.1;29.7;124.50;251.9
4.2.2026;21;20:00 - 21:00;2,048.7;3,559.0;80.5;98.4;-17.9;122.59;178.9
4.2.2026;22;21:00 - 22:00;7,158.2;962.7;23.5;38.2;-14.7;104.76;61.7
4.2.2026;23;22:00 - 23:00;3,510.4;2,196.0;51.6;34.5;17.1;103.50;86.1
4.2.2026;24;23:00 - 00:00;1,117.6;2,474.3;20.5;69.2;-48.7;93.84;89.7
5.2.2026;1;00:00 - 01:00;12,615.4;12,754.7;43.3;20.4;22.9;93.56;63.7
5.2.2026;2;01:00 - 02:00;455.3;172.9;41.1;14.4;26.7;92.88;55.5
5.2.2026;3;02:00 - 03:00;309.4;303.6;67.9;35.6;32.3;91.84;103.5
5.2.2026;4;03:00 - 04:00;288.2;260.2;50.5;46.4;4.1;91.41;96.9
5.2.2026;5;04:00 - 05:00;190.6;135.8;29.1;23.2;5.9;92.24;52.3
5.2.2026;6;05:00 - 06:00;159.8;193.4;11.7;20.4;-8.7;97.89;32.1
5.2.2026;7;06:00 - 07:00;136.8;341.5;8.2;61.0;-52.8;120.78;69.2
5.2.2026;8;07:00 - 08:00;468.1;338.5;70.0;75.6;-5.6;137.16;145.6
5.2.2026;9;08:00 - 09:00;1,249.4;614.3;60.9;128.2;-67.3;139.93;189.1
5.2.2026;10;09:00 - 10:00;3,641.7;2,387.8;77.7;177.8;-100.1;143.56;255.5
5.2.2026;11;10:00 - 11:00;1,216.5;1,004.5;80.6;158.9;-78.3;137.31;239.5
5.2.2026;12;11:00 - 12:00;872.4;1,597.1;60.0;173.9;-113.9;135.16;233.9
5.2.2026;13;12:00 - 13:00;603.1;1,993.3;73.7;130.5;-56.8;124.54;204.2
5.2.2026;14;13:00 - 14:00;1,611.6;5,524.2;86.3;135.7;-49.4;128.04;222.0
5.2.2026;15;14:00 - 15:00;2,452.9;3,061.2;110.7;158.1;-47.4;125.37;268.8
5.2.2026;16;15:00 - 16:00;11,181.1;1,480.5;87.0;163.2;-76.2;131.01;250.2
5.2.2026;17;16:00 - 17:00;4,677.4;5,236.3;72.9;117.6;-44.7;134.61;190.5
5.2.2026;18;17:00 - 18:00;1,086.9;2,213.7;34.8;103.1;-68.3;143.66;137.9
5.2.2026;19;18:00 - 19:00;8,533.9;9,254.9;85.0;102.7;-17.7;138.39;187.7
5.2.2026;20;19:00 - 20:00;10,395.9;4,215.1;67.2;125.8;-58.6;137.08;193.0
5.2.2026;21;20:00 - 21:00;57,369.4;25,959.6;33.2;115.4;-82.2;137.39;148.6
5.2.2026;22;21:00 - 22:00;8,137.3;10,616.4;59.2;84.9;-25.7;129.76;144.1
5.2.2026;23;22:00 - 23:00;578.7;2,039.8;66.5;78.9;-12.4;114.73;145.4
5.2.2026;24;23:00 - 00:00;1,042.3;6,978.5;55.6;76.9;-21.3;106.37;132.5
6.2.2026;1;00:00 - 01:00;64.6;158.6;12.9;23.4;-10.5;110.48;36.3
6.2.2026;2;01:00 - 02:00;121.7;203.8;47.3;24.8;22.5;107.14;72.1
6.2.2026;3;02:00 - 03:00;79.2;157.4;39.6;48.4;-8.8;110.56;88.0
6.2.2026;4;03:00 - 04:00;258.9;228.2;33.7;57.4;-23.7;113.08;91.1
6.2.2026;5;04:00 - 05:00;138.2;141.2;17.3;58.0;-40.7;110.37;75.3
6.2.2026;6;05:00 - 06:00;261.4;331.3;0.2;68.8;-68.6;114.29;69.0
6.2.2026;7;06:00 - 07:00;322.8;333.5;31.6;29.2;2.4;133.61;60.8
6.2.2026;8;07:00 - 08:00;248.5;220.4;28.8;35.8;-7.0;147.39;64.6
6.2.2026;9;08:00 - 09:00;3,057.4;718.8;30.0;82.0;-52.0;155.09;112.0
6.2.2026;10;09:00 - 10:00;4,057.8;824.8;46.4;115.1;-68.7;152.99;161.5
6.2.2026;11;10:00 - 11:00;633.6;1,831.5;86.6;100.2;-13.6;146.32;186.8
6.2.2026;12;11:00 - 12:00;2,530.7;3,012.5;174.6;152.2;22.4;143.81;326.8
6.2.2026;13;12:00 - 13:00;13,243.5;3,561.5;55.2;92.5;-37.3;134.68;147.7
6.2.2026;14;13:00 - 14:00;8,931.8;3,023.0;60.3;100.7;-40.4;136.48;161.0
6.2.2026;15;14:00 - 15:00;9,326.1;2,363.6;55.4;86.8;-31.4;135.40;142.2
6.2.2026;16;15:00 - 16:00;12,768.9;6,512.7;59.1;73.2;-14.1;143.35;132.3
6.2.2026;17;16:00 - 17:00;30,836.6;44,073.1;102.4;74.5;27.9;153.22;176.9
6.2.2026;18;17:00 - 18:00;84,108.1;7,387.3;74.8;63.0;11.8;150.85;137.8
6.2.2026;19;18:00 - 19:00;8,787.7;9,935.0;67.3;84.0;-16.7;147.02;151.3
6.2.2026;20;19:00 - 20:00;11,203.1;2,521.4;79.0;84.9;-5.9;143.80;163.9
6.2.2026;21;20:00 - 21:00;11,231.1;670.2;77.9;62.0;15.9;135.71;139.9
6.2.2026;22;21:00 - 22:00;5,782.1;1,691.6;51.5;85.2;-33.7;123.71;136.7
6.2.2026;23;22:00 - 23:00;12,861.9;3,854.6;52.0;91.5;-39.5;116.26;143.5
6.2.2026;24;23:00 - 00:00;2,684.9;2,918.6;85.4;71.9;13.5;105.85;157.3
7.2.2026;1;00:00 - 01:00;96.1;1,065.9;63.2;39.1;24.1;107.03;102.3
7.2.2026;2;01:00 - 02:00;202.5;346.4;45.6;33.7;11.9;102.54;79.3
7.2.2026;3;02:00 - 03:00;110.9;127.9;40.1;13.4;26.7;102.60;53.5
7.2.2026;4;03:00 - 04:00;239.7;91.0;51.4;9.3;42.1;100.89;60.7
7.2.2026;5;04:00 - 05:00;516.4;121.2;44.9;18.8;26.1;99.75;63.7
7.2.2026;6;05:00 - 06:00;80.4;87.4;13.6;11.3;2.3;95.65;24.9
7.2.2026;7;06:00 - 07:00;126.3;231.6;23.9;58.1;-34.2;101.31;82.0
7.2.2026;8;07:00 - 08:00;7,779.0;375.6;31.3;55.1;-23.8;107.60;86.4
7.2.2026;9;08:00 - 09:00;292.5;383.7;17.0;71.8;-54.8;113.16;88.8
7.2.2026;10;09:00 - 10:00;322.5;626.2;26.9;37.8;-10.9;115.21;64.7
7.2.2026;11;10:00 - 11:00;4,300.8;3,406.6;79.0;90.3;-11.3;107.95;169.3
7.2.2026;12;11:00 - 12:00;10,925.1;3,432.0;66.7;145.0;-78.3;105.29;211.7
7.2.2026;13;12:00 - 13:00;24,072.1;1,750.4;58.9;104.9;-46.0;98.62;163.8
7.2.2026;14;13:00 - 14:00;3,929.1;3,400.2;55.9;80.1;-24.2;97.36;136.0
7.2.2026;15;14:00 - 15:00;2,418.2;9,321.7;70.3;70.2;0.1;99.22;140.5
7.2.2026;16;15:00 - 16:00;6,444.3;1,232.8;63.4;62.6;0.8;110.33;126.0
7.2.2026;17;16:00 - 17:00;961.7;3,201.2;55.4;57.8;-2.4;126.06;113.2
7.2.2026;18;17:00 - 18:00;4,012.1;2,075.4;330.6;351.8;-21.2;133.75;682.4
7.2.2026;19;18:00 - 19:00;3,588.7;2,554.0;214.4;267.0;-52.6;134.25;481.4
7.2.2026;20;19:00 - 20:00;1,620.5;1,104.0;58.0;76.6;-18.6;134.67;134.6
7.2.2026;21;20:00 - 21:00;799.0;2,155.6;37.6;32.3;5.3;123.02;69.9
7.2.2026;22;21:00 - 22:00;1,540.4;2,233.8;67.9;68.3;-0.4;114.18;136.2
7.2.2026;23;22:00 - 23:00;2,180.7;2,219.3;44.7;68.2;-23.5;107.83;112.9
7.2.2026;24;23:00 - 00:00;811.9;7,140.2;45.1;61.0;-15.9;101.71;106.1
8.2.2026;1;00:00 - 01:00;130.6;152.3;63.9;12.8;51.1;102.64;76.7
8.2.2026;2;01:00 - 02:00;88.8;63.3;38.0;7.0;31.0;100.55;45.0
8.2.2026;3;02:00 - 03:00;61.4;159.1;35.2;21.2;14.0;100.27;56.4
8.2.2026;4;03:00 - 04:00;50.3;145.8;2.3;27.3;-25.0;101.22;29.6
8.2.2026;5;04:00 - 05:00;83.0;174.6;35.0;24.8;10.2;99.00;59.8
8.2.2026;6;05:00 - 06:00;125.5;196.3;38.9;21.9;17.0;103.95;60.8
8.2.2026;7;06:00 - 07:00;109.5;214.0;14.1;38.1;-24.0;98.29;52.2
8.2.2026;8;07:00 - 08:00;77.8;345.1;18.6;48.0;-29.4;99.90;66.6
8.2.2026;9;08:00 - 09:00;3,003.3;490.1;48.6;89.3;-40.7;104.24;137.9
8.2.2026;10;09:00 - 10:00;568.9;939.7;43.9;101.4;-57.5;106.68;145.3
8.2.2026;11;10:00 - 11:00;5,140.8;1,051.1;91.3;74.2;17.1;102.52;165.5
8.2.2026;12;11:00 - 12:00;22,651.1;686.2;118.7;114.6;4.1;98.97;233.3
8.2.2026;13;12:00 - 13:00;9,114.3;8,920.6;113.7;150.6;-36.9;94.88;264.3
8.2.2026;14;13:00 - 14:00;6,280.4;6,558.7;65.5;123.2;-57.7;93.40;188.7
8.2.2026;15;14:00 - 15:00;6,201.0;4,848.5;69.3;135.2;-65.9;99.79;204.5
8.2.2026;16;15:00 - 16:00;11,493.9;2,662.6;91.8;71.3;20.5;104.19;163.1
8.2.2026;17;16:00 - 17:00;7,451.7;3,359.1;63.2;46.9;16.3;108.35;110.1
8.2.2026;18;17:00 - 18:00;9,928.9;1,586.8;54.5;89.4;-34.9;122.28;143.9
8.2.2026;19;18:00 - 19:00;13,221.1;6,108.9;42.3;92.3;-50.0;127.27;134.6
8.2.2026;20;19:00 - 20:00;1,250.3;2,776.9;26.9;77.4;-50.5;126.05;104.3
8.2.2026;21;20:00 - 21:00;1,860.1;2,218.3;25.9;51.3;-25.4;116.98;77.2
8.2.2026;22;21:00 - 22:00;9,623.4;1,122.3;22.2;76.3;-54.1;106.63;98.5
8.2.2026;23;22:00 - 23:00;964.2;1,315.7;42.4;71.5;-29.1;101.49;113.9
8.2.2026;24;23:00 - 00:00;664.8;10,512.4;38.0;69.1;-31.1;98.06;107.1
9.2.2026;1;00:00 - 01:00;169.5;154.1;24.5;66.5;-42.0;98.58;91.0
9.2.2026;2;01:00 - 02:00;393.7;188.5;281.5;73.3;208.2;97.34;354.8
9.2.2026;3;02:00 - 03:00;205.8;170.4;87.8;79.5;8.3;97.46;167.3
9.2.2026;4;03:00 - 04:00;239.1;247.1;18.5;68.9;-50.4;96.41;87.4
9.2.2026;5;04:00 - 05:00;245.9;204.5;23.4;79.3;-55.9;95.02;102.7
9.2.2026;6;05:00 - 06:00;5,309.4;956.0;31.3;73.0;-41.7;100.89;104.3
9.2.2026;7;06:00 - 07:00;453.7;943.9;34.2;74.7;-40.5;122.70;108.9
9.2.2026;8;07:00 - 08:00;4,834.1;6,321.2;34.8;25.2;9.6;156.36;60.0
9.2.2026;9;08:00 - 09:00;5,439.5;1,341.5;47.7;33.5;14.2;167.41;81.2
9.2.2026;10;09:00 - 10:00;5,542.4;4,832.7;56.8;104.7;-47.9;171.82;161.5
9.2.2026;11;10:00 - 11:00;8,871.0;2,347.2;125.3;193.6;-68.3;167.07;318.9
9.2.2026;12;11:00 - 12:00;26,607.4;2,492.5;112.8;148.8;-36.0;164.39;261.6
9.2.2026;13;12:00 - 13:00;14,839.9;2,963.5;109.9;142.0;-32.1;148.69;251.9
9.2.2026;14;13:00 - 14:00;11,657.1;6,341.3;118.0;129.0;-11.0;145.05;247.0
9.2.2026;15;14:00 - 15:00;10,391.0;5,378.7;77.3;107.7;-30.4;157.99;185.0
9.2.2026;16;15:00 - 16:00;18,351.5;4,729.0;91.6;73.6;18.0;180.91;165.2
9.2.2026;17;16:00 - 17:00;9,306.8;15,651.3;91.4;61.4;30.0;198.92;152.8
9.2.2026;18;17:00 - 18:00;20,470.3;1,455.6;62.5;47.7;14.8;247.56;110.2
9.2.2026;19;18:00 - 19:00;16,724.2;6,977.6;110.3;89.3;21.0;207.28;199.6
9.2.2026;20;19:00 - 20:00;3,523.4;26,917.8;113.2;110.3;2.9;189.54;223.5
9.2.2026;21;20:00 - 21:00;11,577.7;4,365.1;78.5;71.9;6.6;159.34;150.4
9.2.2026;22;21:00 - 22:00;4,616.9;4,795.7;114.0;86.0;28.0;138.64;200.0
9.2.2026;23;22:00 - 23:00;3,839.2;701.8;66.3;69.2;-2.9;122.78;135.5
9.2.2026;24;23:00 - 00:00;3,308.7;379.2;33.7;59.6;-25.9;111.48;93.3
10.2.2026;1;00:00 - 01:00;221.9;129.5;36.4;29.7;6.7;107.51;66.1
10.2.2026;2;01:00 - 02:00;261.9;155.6;80.0;24.8;55.2;107.74;104.8
10.2.2026;3;02:00 - 03:00;206.5;138.7;28.6;32.7;-4.1;108.35;61.3
10.2.2026;4;03:00 - 04:00;258.9;195.3;33.0;26.2;6.8;109.31;59.2
10.2.2026;5;04:00 - 05:00;249.0;171.1;22.5;24.0;-1.5;109.38;46.5
10.2.2026;6;05:00 - 06:00;190.8;285.1;77.5;49.4;28.1;117.33;126.9
10.2.2026;7;06:00 - 07:00;393.8;388.6;31.1;43.4;-12.3;140.79;74.5
10.2.2026;8;07:00 - 08:00;242.4;722.2;61.0;38.2;22.8;150.10;99.2
10.2.2026;9;08:00 - 09:00;3,099.1;3,660.5;61.5;57.7;3.8;152.90;119.2
10.2.2026;10;09:00 - 10:00;3,133.1;1,388.0;82.6;73.0;9.6;139.84;155.6
10.2.2026;11;10:00 - 11:00;3,709.5;2,684.5;87.1;80.3;6.8;135.05;167.4
10.2.2026;12;11:00 - 12:00;4,878.4;2,923.2;155.7;177.0;-21.3;129.15;332.7
10.2.2026;13;12:00 - 13:00;18,758.5;10,740.7;134.6;119.2;15.4;124.16;253.8
10.2.2026;14;13:00 - 14:00;12,876.8;3,236.2;214.1;128.6;85.5;126.96;342.7
10.2.2026;15;14:00 - 15:00;17,379.4;1,588.3;96.9;115.6;-18.7;138.57;212.5
10.2.2026;16;15:00 - 16:00;42,854.4;43,358.2;81.5;74.1;7.4;152.21;155.6
10.2.2026;17;16:00 - 17:00;94,840.0;54,559.1;95.0;95.0;0.0;163.53;190.0
10.2.2026;18;17:00 - 18:00;40,945.8;20,903.9;57.5;62.5;-5.0;170.78;120.0
10.2.2026;19;18:00 - 19:00;60,113.1;5,564.4;76.3;81.3;-5.0;160.98;157.6
10.2.2026;20;19:00 - 20:00;54,744.4;8,705.7;66.2;66.2;0.0;153.67;132.4
10.2.2026;21;20:00 - 21:00;8,617.0;19,288.8;69.7;70.0;-0.3;138.27;139.7
10.2.2026;22;21:00 - 22:00;1,145.7;57,467.6;21.3;62.7;-41.4;123.34;84.0
10.2.2026;23;22:00 - 23:00;11,294.3;3,898.7;102.7;59.2;43.5;108.43;161.9
10.2.2026;24;23:00 - 00:00;402.4;279.0;42.4;54.1;-11.7;103.97;96.5
11.2.2026;1;00:00 - 01:00;144.6;137.2;31.3;15.1;16.2;104.50;46.4
11.2.2026;2;01:00 - 02:00;276.3;137.2;47.8;9.7;38.1;94.44;57.5
11.2.2026;3;02:00 - 03:00;321.4;154.9;54.5;13.0;41.5;92.46;67.5
11.2.2026;4;03:00 - 04:00;217.2;145.2;95.1;29.3;65.8;92.29;124.4
11.2.2026;5;04:00 - 05:00;215.5;226.3;48.8;15.3;33.5;92.58;64.1
11.2.2026;6;05:00 - 06:00;258.2;169.0;25.9;15.6;10.3;114.85;41.5
11.2.2026;7;06:00 - 07:00;359.1;276.9;47.1;26.5;20.6;122.29;73.6
11.2.2026;8;07:00 - 08:00;580.5;316.8;55.6;20.3;35.3;141.60;75.9
11.2.2026;9;08:00 - 09:00;1,837.9;2,242.5;55.4;34.9;20.5;137.56;90.3
11.2.2026;10;09:00 - 10:00;1,484.2;1,476.4;43.2;40.5;2.7;133.34;83.7
11.2.2026;11;10:00 - 11:00;1,233.9;666.9;94.8;55.7;39.1;131.26;150.5
11.2.2026;12;11:00 - 12:00;1,448.2;1,316.0;106.6;92.9;13.7;134.61;199.5
11.2.2026;13;12:00 - 13:00;4,742.6;9,698.6;118.2;72.2;46.0;126.75;190.4
11.2.2026;14;13:00 - 14:00;2,098.2;2,517.1;80.1;49.0;31.1;129.03;129.1
11.2.2026;15;14:00 - 15:00;13,242.7;10,545.7;153.5;87.5;66.0;129.84;241.0
11.2.2026;16;15:00 - 16:00;27,572.2;9,818.5;186.5;88.5;98.0;132.62;275.0
11.2.2026;17;16:00 - 17:00;29,918.4;17,642.8;111.3;55.4;55.9;147.54;166.7
11.2.2026;18;17:00 - 18:00;32,050.3;12,228.3;75.5;41.0;34.5;146.97;116.5
11.2.2026;19;18:00 - 19:00;9,368.4;37,850.9;88.8;69.0;19.8;141.58;157.8
11.2.2026;20;19:00 - 20:00;12,791.7;14,458.5;101.2;65.8;35.4;129.44;167.0
11.2.2026;21;20:00 - 21:00;2,563.7;2,697.9;129.6;109.6;20.0;126.30;239.2
11.2.2026;22;21:00 - 22:00;34,334.1;2,110.6;119.7;121.4;-1.7;128.09;241.1
11.2.2026;23;22:00 - 23:00;6,620.7;3,825.1;98.1;69.2;28.9;117.98;167.3
11.2.2026;24;23:00 - 00:00;19,694.8;12,534.0;72.8;42.1;30.7;114.01;114.9
12.2.2026;1;00:00 - 01:00;660.1;113.7;39.0;21.1;17.9;104.21;60.1
12.2.2026;2;01:00 - 02:00;383.9;126.2;50.2;25.7;24.5;103.99;75.9
12.2.2026;3;02:00 - 03:00;445.1;240.6;54.2;27.7;26.5;101.36;81.9
12.2.2026;4;03:00 - 04:00;522.5;180.2;144.9;13.5;131.4;102.60;158.4
12.2.2026;5;04:00 - 05:00;282.8;152.2;117.0;26.4;90.6;106.08;143.4
12.2.2026;6;05:00 - 06:00;294.1;197.9;133.9;42.8;91.1;107.65;176.7
12.2.2026;7;06:00 - 07:00;240.8;189.8;85.3;59.5;25.8;126.07;144.8
12.2.2026;8;07:00 - 08:00;224.6;340.3;44.4;43.7;0.7;140.54;88.1
12.2.2026;9;08:00 - 09:00;1,159.5;718.6;68.9;79.9;-11.0;138.38;148.8
12.2.2026;10;09:00 - 10:00;2,852.3;3,536.5;99.2;113.0;-13.8;127.73;212.2
12.2.2026;11;10:00 - 11:00;6,777.1;453.3;95.2;91.4;3.8;109.54;186.6
12.2.2026;12;11:00 - 12:00;2,071.2;2,068.4;126.9;129.4;-2.5;96.55;256.3
12.2.2026;13;12:00 - 13:00;19,472.2;605.9;117.0;141.9;-24.9;88.83;258.9
12.2.2026;14;13:00 - 14:00;26,148.8;7,995.5;124.0;209.5;-85.5;100.27;333.5
12.2.2026;15;14:00 - 15:00;20,372.9;3,439.6;113.2;176.8;-63.6;106.42;290.0
12.2.2026;16;15:00 - 16:00;17,987.3;21,317.5;94.7;129.8;-35.1;123.61;224.5
12.2.2026;17;16:00 - 17:00;35,497.5;22,473.3;63.3;112.8;-49.5;135.53;176.1
12.2.2026;18;17:00 - 18:00;17,557.2;8,631.2;73.7;128.6;-54.9;146.65;202.3
12.2.2026;19;18:00 - 19:00;50,353.4;43,223.1;39.9;80.7;-40.8;135.24;120.6
12.2.2026;20;19:00 - 20:00;65,304.9;11,587.5;194.1;298.5;-104.4;170.36;492.6
12.2.2026;21;20:00 - 21:00;104,531.2;9,320.1;82.5;94.5;-12.0;124.45;177.0
12.2.2026;22;21:00 - 22:00;27,323.1;22,243.8;69.8;38.3;31.5;93.79;108.1
12.2.2026;23;22:00 - 23:00;64,504.2;27,020.8;78.1;30.4;47.7;80.99;108.5
12.2.2026;24;23:00 - 00:00;27,912.5;685.2;24.8;64.5;-39.7;88.16;89.3
13.2.2026;1;00:00 - 01:00;41.3;141.9;5.3;47.9;-42.6;87.28;53.2
13.2.2026;2;01:00 - 02:00;87.1;102.5;7.2;51.2;-44.0;87.69;58.4
13.2.2026;3;02:00 - 03:00;78.1;124.9;26.4;51.9;-25.5;87.12;78.3
13.2.2026;4;03:00 - 04:00;104.4;143.4;23.4;42.6;-19.2;86.50;66.0
13.2.2026;5;04:00 - 05:00;113.6;154.3;26.1;83.9;-57.8;86.19;110.0
13.2.2026;6;05:00 - 06:00;296.5;91.5;32.0;55.1;-23.1;88.52;87.1
13.2.2026;7;06:00 - 07:00;140.9;273.2;59.5;21.4;38.1;95.91;80.9
13.2.2026;8;07:00 - 08:00;3,008.1;341.2;40.5;43.6;-3.1;123.34;84.1
13.2.2026;9;08:00 - 09:00;8,403.0;460.5;70.8;106.0;-35.2;122.19;176.8
13.2.2026;10;09:00 - 10:00;4,876.0;1,879.8;61.7;87.2;-25.5;115.60;148.9
13.2.2026;11;10:00 - 11:00;644.1;742.1;92.1;129.8;-37.7;98.70;221.9
13.2.2026;12;11:00 - 12:00;5,261.4;295.4;57.7;122.5;-64.8;94.18;180.2
13.2.2026;13;12:00 - 13:00;8,172.1;4,745.1;81.0;134.0;-53.0;91.46;215.0
13.2.2026;14;13:00 - 14:00;8,834.6;5,544.8;101.6;142.7;-41.1;92.05;244.3
13.2.2026;15;14:00 - 15:00;556.0;4,523.9;100.4;118.9;-18.5;100.38;219.3
13.2.2026;16;15:00 - 16:00;11,324.0;11,824.3;181.4;132.1;49.3;133.22;313.5
13.2.2026;17;16:00 - 17:00;17,077.5;87,128.1;167.5;120.5;47.0;128.11;288.0
13.2.2026;18;17:00 - 18:00;24,374.0;3,949.3;78.3;73.1;5.2;128.31;151.4
13.2.2026;19;18:00 - 19:00;50,281.6;1,449.3;43.4;56.7;-13.3;130.37;100.1
13.2.2026;20;19:00 - 20:00;45,653.6;4,470.9;51.7;61.3;-9.6;127.49;113.0
13.2.2026;21;20:00 - 21:00;25,775.0;19,762.1;59.6;56.6;3.0;123.39;116.2
13.2.2026;22;21:00 - 22:00;74,070.6;47,652.7;114.3;75.2;39.1;120.70;189.5
13.2.2026;23;22:00 - 23:00;16,486.6;5,832.4;90.9;105.7;-14.8;106.15;196.6
13.2.2026;24;23:00 - 00:00;2,008.9;489.1;101.9;88.4;13.5;97.08;190.3
14.2.2026;1;00:00 - 01:00;202.7;190.2;39.5;33.9;5.6;93.34;73.4
14.2.2026;2;01:00 - 02:00;243.9;160.0;23.6;37.5;-13.9;92.74;61.1
14.2.2026;3;02:00 - 03:00;173.9;266.4;37.7;38.6;-0.9;89.79;76.3
14.2.2026;4;03:00 - 04:00;352.0;104.3;43.7;47.2;-3.5;92.18;90.9
14.2.2026;5;04:00 - 05:00;264.4;186.7;30.0;26.2;3.8;91.38;56.2
14.2.2026;6;05:00 - 06:00;222.3;347.9;49.9;42.6;7.3;88.86;92.5
14.2.2026;7;06:00 - 07:00;374.8;437.2;41.7;63.5;-21.8;91.03;105.2
14.2.2026;8;07:00 - 08:00;3,591.5;385.4;56.5;94.6;-38.1;93.75;151.1
14.2.2026;9;08:00 - 09:00;9,383.4;4,155.6;79.6;71.9;7.7;96.68;151.5
14.2.2026;10;09:00 - 10:00;34,308.7;4,483.1;95.4;85.1;10.3;100.81;180.5
14.2.2026;11;10:00 - 11:00;7,413.8;7,328.2;106.6;114.8;-8.2;101.38;221.4
14.2.2026;12;11:00 - 12:00;1,649.4;2,962.6;109.6;132.7;-23.1;99.55;242.3
14.2.2026;13;12:00 - 13:00;9,287.2;5,176.7;120.2;149.1;-28.9;99.48;269.3
14.2.2026;14;13:00 - 14:00;6,337.3;5,102.4;91.4;157.3;-65.9;98.09;248.7
14.2.2026;15;14:00 - 15:00;34,830.8;4,567.4;57.5;169.0;-111.5;104.25;226.5
14.2.2026;16;15:00 - 16:00;4,803.8;18,168.0;92.2;173.7;-81.5;109.32;265.9
14.2.2026;17;16:00 - 17:00;2,766.7;463.6;177.0;140.9;36.1;122.22;317.9
14.2.2026;18;17:00 - 18:00;3,056.3;1,722.7;198.6;207.4;-8.8;131.16;406.0
14.2.2026;19;18:00 - 19:00;3,280.0;828.5;167.1;204.6;-37.5;130.26;371.7
14.2.2026;20;19:00 - 20:00;2,591.5;2,193.6;63.4;200.1;-136.7;127.71;263.5
14.2.2026;21;20:00 - 21:00;14,660.7;8,375.9;83.0;76.3;6.7;120.30;159.3
14.2.2026;22;21:00 - 22:00;2,534.0;370.3;63.7;91.4;-27.7;114.48;155.1
14.2.2026;23;22:00 - 23:00;5,528.8;275.6;99.1;101.5;-2.4;108.16;200.6
14.2.2026;24;23:00 - 00:00;636.8;234.6;87.3;71.3;16.0;100.30;158.6
15.2.2026;1;00:00 - 01:00;150.5;186.7;57.4;21.2;36.2;101.35;78.6
15.2.2026;2;01:00 - 02:00;272.3;147.7;74.3;22.4;51.9;98.70;96.7
15.2.2026;3;02:00 - 03:00;520.8;150.6;53.1;20.2;32.9;97.97;73.3
15.2.2026;4;03:00 - 04:00;253.4;195.2;62.6;22.6;40.0;100.13;85.2
15.2.2026;5;04:00 - 05:00;324.9;251.9;81.0;23.1;57.9;96.50;104.1
15.2.2026;6;05:00 - 06:00;179.5;139.3;57.0;13.3;43.7;92.11;70.3
15.2.2026;7;06:00 - 07:00;182.8;251.1;61.3;23.5;37.8;95.35;84.8
15.2.2026;8;07:00 - 08:00;327.1;266.3;78.3;34.7;43.6;94.95;113.0
15.2.2026;9;08:00 - 09:00;2,883.7;308.5;64.6;38.4;26.2;94.53;103.0
15.2.2026;10;09:00 - 10:00;1,637.5;1,928.9;91.1;57.2;33.9;93.44;148.3
15.2.2026;11;10:00 - 11:00;3,358.1;4,099.6;89.2;72.7;16.5;87.33;161.9
15.2.2026;12;11:00 - 12:00;14,409.4;6,431.1;74.6;82.9;-8.3;77.37;157.5
15.2.2026;13;12:00 - 13:00;8,099.9;5,730.4;108.6;123.5;-14.9;73.07;232.1
15.2.2026;14;13:00 - 14:00;14,907.1;5,142.7;231.8;72.6;159.2;64.68;304.4
15.2.2026;15;14:00 - 15:00;17,336.4;6,668.2;183.0;126.1;56.9;70.07;309.1
15.2.2026;16;15:00 - 16:00;2,061.2;4,168.5;141.0;129.3;11.7;75.19;270.3
15.2.2026;17;16:00 - 17:00;8,222.3;2,824.3;68.1;71.8;-3.7;93.96;139.9
15.2.2026;18;17:00 - 18:00;7,975.7;3,808.7;59.1;84.7;-25.6;114.60;143.8
15.2.2026;19;18:00 - 19:00;5,337.7;1,691.3;38.3;130.8;-92.5;117.65;169.1
15.2.2026;20;19:00 - 20:00;1,983.6;739.9;31.0;102.5;-71.5;117.42;133.5
15.2.2026;21;20:00 - 21:00;305.3;1,857.7;35.0;50.1;-15.1;114.59;85.1
15.2.2026;22;21:00 - 22:00;1,709.9;1,427.2;39.5;69.8;-30.3;105.68;109.3
15.2.2026;23;22:00 - 23:00;904.2;1,214.3;38.1;62.7;-24.6;98.95;100.8
15.2.2026;24;23:00 - 00:00;1,016.3;1,175.3;47.1;73.0;-25.9;90.90;120.1
16.2.2026;1;00:00 - 01:00;103.4;2,180.7;40.6;46.6;-6.0;90.85;87.2
16.2.2026;2;01:00 - 02:00;225.2;235.0;53.0;23.7;29.3;82.51;76.7
16.2.2026;3;02:00 - 03:00;200.1;216.3;59.0;49.4;9.6;76.62;108.4
16.2.2026;4;03:00 - 04:00;163.7;191.6;52.1;57.2;-5.1;74.35;109.3
16.2.2026;5;04:00 - 05:00;212.2;332.5;62.0;56.6;5.4;81.97;118.6
16.2.2026;6;05:00 - 06:00;195.6;157.1;58.3;25.3;33.0;98.62;83.6
16.2.2026;7;06:00 - 07:00;1,234.1;138.9;31.6;46.7;-15.1;140.74;78.3
16.2.2026;8;07:00 - 08:00;1,543.8;858.5;50.6;52.3;-1.7;147.23;102.9
16.2.2026;9;08:00 - 09:00;4,562.8;4,016.9;81.7;74.6;7.1;134.47;156.3
16.2.2026;10;09:00 - 10:00;4,397.2;2,656.7;132.9;57.6;75.3;111.15;190.5
16.2.2026;11;10:00 - 11:00;880.6;2,546.9;94.3;46.5;47.8;99.14;140.8
16.2.2026;12;11:00 - 12:00;10,900.8;3,300.9;114.7;103.9;10.8;88.08;218.6
16.2.2026;13;12:00 - 13:00;4,786.5;1,610.9;101.4;90.3;11.1;96.22;191.7
16.2.2026;14;13:00 - 14:00;5,372.4;6,156.5;176.2;87.9;88.3;96.86;264.1
16.2.2026;15;14:00 - 15:00;9,611.5;9,045.9;137.3;80.7;56.6;107.29;218.0
16.2.2026;16;15:00 - 16:00;67,086.3;25,387.5;121.4;121.4;0.0;169.97;242.8
16.2.2026;17;16:00 - 17:00;45,326.9;50,915.8;17.0;17.0;0.0;152.40;34.0
16.2.2026;18;17:00 - 18:00;813.3;64,856.7;85.8;157.8;-72.0;163.78;243.6
16.2.2026;19;18:00 - 19:00;34,224.4;25,178.9;30.5;46.5;-16.0;163.01;77.0
16.2.2026;20;19:00 - 20:00;13,970.3;19,456.5;24.2;32.2;-8.0;160.33;56.4
16.2.2026;21;20:00 - 21:00;29,650.8;52,888.4;23.1;23.1;0.0;145.20;46.2
16.2.2026;22;21:00 - 22:00;26,678.2;13,451.2;74.0;61.8;12.2;128.57;135.8
16.2.2026;23;22:00 - 23:00;7,552.7;4,339.0;95.1;50.1;45.0;112.96;145.2
16.2.2026;24;23:00 - 00:00;1,505.8;10,752.9;131.1;101.0;30.1;100.41;232.1
17.2.2026;1;00:00 - 01:00;217.5;74.4;71.2;0.0;71.2;89.77;71.2
17.2.2026;2;01:00 - 02:00;245.9;86.5;68.5;9.0;59.5;86.02;77.5
17.2.2026;3;02:00 - 03:00;189.9;110.1;95.2;21.0;74.2;98.11;116.2
17.2.2026;4;03:00 - 04:00;286.3;97.6;95.0;11.5;83.5;96.90;106.5
17.2.2026;5;04:00 - 05:00;254.7;197.7;101.1;9.9;91.2;98.10;111.0
17.2.2026;6;05:00 - 06:00;428.8;227.5;126.3;23.2;103.1;96.65;149.5
17.2.2026;7;06:00 - 07:00;394.7;4,130.1;53.5;81.5;-28.0;111.85;135.0
17.2.2026;8;07:00 - 08:00;421.3;1,235.6;123.8;82.8;41.0;150.15;206.6
17.2.2026;9;08:00 - 09:00;5,511.6;2,695.2;139.5;112.9;26.6;146.97;252.4
17.2.2026;10;09:00 - 10:00;1,133.7;965.4;89.1;81.3;7.8;134.22;170.4
17.2.2026;11;10:00 - 11:00;2,545.6;3,524.9;168.7;207.4;-38.7;144.42;376.1
17.2.2026;12;11:00 - 12:00;5,064.7;3,905.1;290.0;192.7;97.3;137.51;482.7
17.2.2026;13;12:00 - 13:00;4,912.3;6,929.2;320.8;179.4;141.4;123.72;500.2
17.2.2026;14;13:00 - 14:00;2,878.9;2,793.5;276.0;192.1;83.9;119.04;468.1
17.2.2026;15;14:00 - 15:00;3,248.2;1,645.9;160.8;147.6;13.2;124.53;308.4
17.2.2026;16;15:00 - 16:00;2,435.8;4,845.3;109.1;112.1;-3.0;143.56;221.2
17.2.2026;17;16:00 - 17:00;6,289.0;4,089.8;152.3;238.9;-86.6;176.76;391.2
17.2.2026;18;17:00 - 18:00;8,136.1;6,227.0;188.5;395.7;-207.2;221.72;584.2
17.2.2026;19;18:00 - 19:00;1,049.6;1,502.0;89.9;184.1;-94.2;180.17;274.0
17.2.2026;20;19:00 - 20:00;2,583.7;3,592.1;91.4;109.3;-17.9;175.96;200.7
17.2.2026;21;20:00 - 21:00;6,282.4;1,833.4;36.0;106.7;-70.7;180.45;142.7
17.2.2026;22;21:00 - 22:00;1,162.9;5,974.2;32.8;61.0;-28.2;118.37;93.8
17.2.2026;23;22:00 - 23:00;1,229.6;2,468.4;27.5;91.4;-63.9;111.16;118.9
17.2.2026;24;23:00 - 00:00;1,486.5;2,750.3;47.1;105.6;-58.5;90.11;152.7
18.2.2026;1;00:00 - 01:00;155.8;56.6;69.9;17.0;52.9;85.46;86.9
18.2.2026;2;01:00 - 02:00;101.1;125.9;27.2;40.3;-13.1;86.08;67.5
18.2.2026;3;02:00 - 03:00;217.3;199.4;128.1;37.6;90.5;82.59;165.7
18.2.2026;4;03:00 - 04:00;2,068.8;162.1;141.7;47.4;94.3;87.26;189.1
18.2.2026;5;04:00 - 05:00;448.4;378.6;298.0;52.5;245.5;95.75;350.5
18.2.2026;6;05:00 - 06:00;214.5;152.7;38.0;35.3;2.7;91.56;73.3
18.2.2026;7;06:00 - 07:00;159.7;273.2;25.9;59.2;-33.3;122.77;85.1
18.2.2026;8;07:00 - 08:00;207.3;274.8;13.9;75.0;-61.1;190.69;88.9
18.2.2026;9;08:00 - 09:00;1,425.6;1,702.6;65.0;191.4;-126.4;180.98;256.4
18.2.2026;10;09:00 - 10:00;2,687.1;2,832.9;34.9;150.8;-115.9;132.69;185.7
18.2.2026;11;10:00 - 11:00;2,503.6;1,885.0;31.2;212.3;-181.1;110.22;243.5
18.2.2026;12;11:00 - 12:00;4,641.3;1,169.6;39.7;223.6;-183.9;98.14;263.3
18.2.2026;13;12:00 - 13:00;17,339.2;2,299.6;88.7;232.8;-144.1;96.49;321.5
18.2.2026;14;13:00 - 14:00;22,225.0;982.0;102.7;202.2;-99.5;95.08;304.9
18.2.2026;15;14:00 - 15:00;1,249.0;1,118.6;137.2;193.9;-56.7;96.92;331.1
18.2.2026;16;15:00 - 16:00;4,689.6;14,169.5;80.5;108.9;-28.4;106.87;189.4
18.2.2026;17;16:00 - 17:00;8,744.9;1,911.7;59.1;69.9;-10.8;122.86;129.0
18.2.2026;18;17:00 - 18:00;7,456.9;15,574.3;154.1;244.6;-90.5;143.38;398.7
18.2.2026;19;18:00 - 19:00;5,143.9;2,685.1;109.5;370.4;-260.9;176.95;479.9
18.2.2026;20;19:00 - 20:00;6,151.1;20,792.4;169.3;462.3;-293.0;176.00;631.6
18.2.2026;21;20:00 - 21:00;3,845.4;8,404.3;114.1;315.4;-201.3;186.21;429.5
18.2.2026;22;21:00 - 22:00;28,490.5;8,766.2;42.0;151.2;-109.2;171.90;193.2
18.2.2026;23;22:00 - 23:00;2,021.1;513.5;47.0;81.1;-34.1;113.94;128.1
18.2.2026;24;23:00 - 00:00;2,840.6;714.9;93.7;76.3;17.4;95.38;170.0
19.2.2026;1;00:00 - 01:00;966.7;169.9;110.2;51.9;58.3;96.72;162.1
19.2.2026;2;01:00 - 02:00;557.1;200.2;92.4;46.0;46.4;92.28;138.4
19.2.2026;3;02:00 - 03:00;1,806.1;860.3;160.7;123.2;37.5;85.09;283.9
19.2.2026;4;03:00 - 04:00;431.2;244.5;82.4;65.0;17.4;89.60;147.4
19.2.2026;5;04:00 - 05:00;528.5;375.8;86.6;66.7;19.9;90.79;153.3
19.2.2026;6;05:00 - 06:00;165.1;154.7;26.0;46.7;-20.7;90.37;72.7
19.2.2026;7;06:00 - 07:00;7,699.9;230.2;33.1;43.3;-10.2;120.01;76.4
19.2.2026;8;07:00 - 08:00;283.5;264.3;27.3;69.3;-42.0;168.38;96.6
19.2.2026;9;08:00 - 09:00;457.8;1,828.2;47.9;38.0;9.9;142.60;85.9
19.2.2026;10;09:00 - 10:00;1,887.9;1,397.9;43.0;76.4;-33.4;134.61;119.4
19.2.2026;11;10:00 - 11:00;3,585.7;1,193.7;69.0;92.0;-23.0;117.38;161.0
19.2.2026;12;11:00 - 12:00;2,462.4;1,321.2;82.1;88.5;-6.4;115.14;170.6
19.2.2026;13;12:00 - 13:00;8,035.9;7,945.4;144.0;109.4;34.6;116.50;253.4
19.2.2026;14;13:00 - 14:00;1,533.5;8,167.8;106.5;86.0;20.5;115.50;192.5
19.2.2026;15;14:00 - 15:00;3,531.0;10,915.5;149.6;92.1;57.5;116.46;241.7
19.2.2026;16;15:00 - 16:00;39,071.7;66,639.4;111.9;69.0;42.9;130.94;180.9
19.2.2026;17;16:00 - 17:00;1,608.6;6,448.9;108.5;74.0;34.5;180.05;182.5
19.2.2026;18;17:00 - 18:00;10,319.1;90,889.3;106.2;282.9;-176.7;220.51;389.1
19.2.2026;19;18:00 - 19:00;24,839.3;58,026.7;181.6;381.0;-199.4;197.39;562.6
19.2.2026;20;19:00 - 20:00;7,592.1;34,155.1;147.5;170.9;-23.4;166.67;318.4
19.2.2026;21;20:00 - 21:00;4,736.5;3,081.1;65.5;63.7;1.8;137.26;129.2
19.2.2026;22;21:00 - 22:00;506.3;82,754.5;78.4;84.4;-6.0;107.88;162.8
19.2.2026;23;22:00 - 23:00;2,610.4;5,137.9;33.9;56.0;-22.1;100.46;89.9
19.2.2026;24;23:00 - 00:00;2,371.5;7,074.9;37.7;53.2;-15.5;92.19;90.9
20.2.2026;1;00:00 - 01:00;115.5;75.2;19.6;2.0;17.6;88.00;21.6
20.2.2026;2;01:00 - 02:00;156.5;126.7;35.9;22.8;13.1;87.69;58.7
20.2.2026;3;02:00 - 03:00;310.4;133.6;145.3;20.6;124.7;86.43;165.9
20.2.2026;4;03:00 - 04:00;129.6;179.3;26.5;17.5;9.0;93.65;44.0
20.2.2026;5;04:00 - 05:00;161.1;99.7;22.9;11.9;11.0;88.10;34.8
20.2.2026;6;05:00 - 06:00;1,188.1;158.8;38.2;15.2;23.0;92.42;53.4
20.2.2026;7;06:00 - 07:00;1,599.6;236.9;39.8;24.8;15.0;109.68;64.6
20.2.2026;8;07:00 - 08:00;381.9;800.4;23.3;115.0;-91.7;178.69;138.3
20.2.2026;9;08:00 - 09:00;2,208.4;13,425.9;82.6;33.0;49.6;126.49;115.6
20.2.2026;10;09:00 - 10:00;5,449.8;5,763.7;83.3;66.7;16.6;109.88;150.0
20.2.2026;11;10:00 - 11:00;1,206.0;1,271.5;135.6;146.1;-10.5;95.22;281.7
20.2.2026;12;11:00 - 12:00;11,083.0;13,107.2;169.0;97.2;71.8;75.66;266.2
20.2.2026;13;12:00 - 13:00;6,489.9;2,293.6;151.9;103.4;48.5;66.92;255.3
20.2.2026;14;13:00 - 14:00;13,411.4;13,161.3;206.2;152.3;53.9;58.05;358.5
20.2.2026;15;14:00 - 15:00;19,798.3;19,634.2;315.8;334.4;-18.6;61.44;650.2
20.2.2026;16;15:00 - 16:00;12,010.4;2,135.1;152.3;200.6;-48.3;91.21;352.9
20.2.2026;17;16:00 - 17:00;1,769.0;5,652.9;142.6;226.4;-83.8;113.12;369.0
20.2.2026;18;17:00 - 18:00;12,008.9;67,747.5;168.8;205.4;-36.6;113.44;374.2
20.2.2026;19;18:00 - 19:00;1,907.3;102,039.9;105.4;300.4;-195.0;113.88;405.8
20.2.2026;20;19:00 - 20:00;16,021.7;67,553.3;62.4;70.0;-7.6;99.69;132.4
20.2.2026;21;20:00 - 21:00;127,831.6;102,361.4;38.6;30.8;7.8;81.56;69.4
20.2.2026;22;21:00 - 22:00;4,762.7;7,202.9;48.1;36.0;12.1;75.27;84.1
20.2.2026;23;22:00 - 23:00;558.4;4,923.4;50.1;48.7;1.4;71.73;98.8
20.2.2026;24;23:00 - 00:00;2,199.3;4,243.9;61.6;71.8;-10.2;67.25;133.4
21.2.2026;1;00:00 - 01:00;136.8;105.4;52.5;27.0;25.5;54.22;79.5
21.2.2026;2;01:00 - 02:00;137.3;110.1;56.9;22.4;34.5;54.83;79.3
21.2.2026;3;02:00 - 03:00;599.3;227.2;288.7;21.6;267.1;52.66;310.3
21.2.2026;4;03:00 - 04:00;394.0;259.2;207.1;42.1;165.0;53.08;249.2
21.2.2026;5;04:00 - 05:00;481.3;185.4;259.1;32.2;226.9;50.06;291.3
21.2.2026;6;05:00 - 06:00;164.3;200.1;53.9;9.5;44.4;54.90;63.4
21.2.2026;7;06:00 - 07:00;264.8;183.8;48.2;41.2;7.0;68.17;89.4
21.2.2026;8;07:00 - 08:00;323.9;297.4;36.7;44.6;-7.9;83.08;81.3
21.2.2026;9;08:00 - 09:00;4,094.7;2,234.9;48.4;36.8;11.6;98.71;85.2
21.2.2026;10;09:00 - 10:00;1,942.5;775.0;67.5;47.5;20.0;101.01;115.0
21.2.2026;11;10:00 - 11:00;1,930.6;2,694.5;153.0;109.0;44.0;92.37;262.0
21.2.2026;12;11:00 - 12:00;3,473.5;4,251.0;163.2;118.3;44.9;83.21;281.5
21.2.2026;13;12:00 - 13:00;7,779.6;3,172.0;149.4;125.4;24.0;71.57;274.8
21.2.2026;14;13:00 - 14:00;11,409.7;9,727.7;81.9;96.4;-14.5;74.39;178.3
21.2.2026;15;14:00 - 15:00;11,092.1;4,748.4;155.9;112.1;43.8;82.91;268.0
21.2.2026;16;15:00 - 16:00;1,199.7;3,390.6;43.3;40.2;3.1;90.62;83.5
21.2.2026;17;16:00 - 17:00;1,591.1;4,880.1;37.8;154.9;-117.1;101.70;192.7
21.2.2026;18;17:00 - 18:00;1,030.9;1,618.4;75.8;124.4;-48.6;110.53;200.2
21.2.2026;19;18:00 - 19:00;723.5;5,142.6;48.0;111.7;-63.7;113.95;159.7
21.2.2026;20;19:00 - 20:00;9,029.2;4,229.1;55.4;269.3;-213.9;107.70;324.7
21.2.2026;21;20:00 - 21:00;2,310.2;64,297.2;57.5;29.4;28.1;94.40;86.9
21.2.2026;22;21:00 - 22:00;7,411.3;8,009.4;121.0;114.6;6.4;94.23;235.6
21.2.2026;23;22:00 - 23:00;567.3;3,958.4;115.8;99.9;15.9;84.00;215.7
21.2.2026;24;23:00 - 00:00;1,047.2;3,615.3;105.8;84.8;21.0;75.50;190.6
22.2.2026;1;00:00 - 01:00;329.0;229.8;138.3;91.2;47.1;54.92;229.5
22.2.2026;2;01:00 - 02:00;603.0;157.7;105.5;44.0;61.5;59.35;149.5
22.2.2026;3;02:00 - 03:00;4,089.1;172.6;90.9;36.3;54.6;57.05;127.2
22.2.2026;4;03:00 - 04:00;397.8;201.1;80.8;55.3;25.5;69.11;136.1
22.2.2026;5;04:00 - 05:00;2,619.5;207.2;109.2;49.3;59.9;67.56;158.5
22.2.2026;6;05:00 - 06:00;370.4;294.0;125.5;51.7;73.8;64.27;177.2
22.2.2026;7;06:00 - 07:00;459.4;430.8;154.1;124.5;29.6;58.53;278.6
22.2.2026;8;07:00 - 08:00;273.1;536.8;131.4;95.3;36.1;66.18;226.7
22.2.2026;9;08:00 - 09:00;868.6;572.1;186.7;120.1;66.6;57.28;306.8
22.2.2026;10;09:00 - 10:00;4,093.2;1,396.0;213.1;171.4;41.7;64.16;384.5
22.2.2026;11;10:00 - 11:00;2,496.8;3,084.3;166.8;107.2;59.6;59.95;274.0
22.2.2026;12;11:00 - 12:00;1,695.5;1,612.9;231.5;71.4;160.1;46.37;302.9
22.2.2026;13;12:00 - 13:00;2,246.4;924.3;104.7;80.0;24.7;49.22;184.7
22.2.2026;14;13:00 - 14:00;3,857.9;706.4;280.1;95.5;184.6;36.51;375.6
22.2.2026;15;14:00 - 15:00;1,452.6;2,442.7;125.3;73.8;51.5;41.75;199.1
22.2.2026;16;15:00 - 16:00;4,057.9;2,881.0;100.4;73.5;26.9;59.02;173.9
22.2.2026;17;16:00 - 17:00;4,767.5;625.7;78.6;83.8;-5.2;80.41;162.4
22.2.2026;18;17:00 - 18:00;5,059.9;922.5;100.3;120.0;-19.7;85.76;220.3
22.2.2026;19;18:00 - 19:00;6,241.1;2,975.1;101.0;303.5;-202.5;89.03;404.5
22.2.2026;20;19:00 - 20:00;1,736.3;844.4;69.8;227.7;-157.9;83.23;297.5
22.2.2026;21;20:00 - 21:00;484.4;671.2;59.0;129.5;-70.5;80.09;188.5
22.2.2026;22;21:00 - 22:00;2,039.4;370.0;31.0;117.8;-86.8;76.14;148.8
22.2.2026;23;22:00 - 23:00;503.4;1,507.9;41.4;129.2;-87.8;70.48;170.6
22.2.2026;24;23:00 - 00:00;305.5;728.1;80.6;131.8;-51.2;51.25;212.4
23.2.2026;1;00:00 - 01:00;202.6;190.3;71.0;35.3;35.7;43.48;106.3
23.2.2026;2;01:00 - 02:00;1,880.5;152.0;71.5;17.1;54.4;39.53;88.6
23.2.2026;3;02:00 - 03:00;252.8;201.6;83.0;20.8;62.2;31.47;103.8
23.2.2026;4;03:00 - 04:00;447.4;193.6;108.4;28.5;79.9;33.06;136.9
23.2.2026;5;04:00 - 05:00;426.1;241.6;161.7;64.4;97.3;29.08;226.1
23.2.2026;6;05:00 - 06:00;273.0;443.5;80.8;62.9;17.9;56.82;143.7
23.2.2026;7;06:00 - 07:00;421.8;318.0;85.1;130.6;-45.5;84.27;215.7
23.2.2026;8;07:00 - 08:00;248.0;325.2;98.9;130.5;-31.6;106.97;229.4
23.2.2026;9;08:00 - 09:00;532.9;2,129.8;124.5;167.3;-42.8;105.43;291.8
23.2.2026;10;09:00 - 10:00;995.6;447.9;145.9;163.1;-17.2;103.52;309.0
23.2.2026;11;10:00 - 11:00;958.9;827.0;125.0;194.2;-69.2;76.60;319.2
23.2.2026;12;11:00 - 12:00;5,594.8;1,692.4;165.9;146.8;19.1;40.09;312.7
23.2.2026;13;12:00 - 13:00;2,256.0;6,201.7;217.4;212.4;5.0;28.53;429.8
23.2.2026;14;13:00 - 14:00;4,358.8;1,298.4;125.0;171.6;-46.6;12.35;296.6
23.2.2026;15;14:00 - 15:00;16,548.0;8,133.3;185.5;228.4;-42.9;37.46;413.9
23.2.2026;16;15:00 - 16:00;12,465.3;2,550.8;108.5;234.4;-125.9;72.79;342.9
23.2.2026;17;16:00 - 17:00;3,743.8;690.1;117.4;236.5;-119.1;124.41;353.9
23.2.2026;18;17:00 - 18:00;13,061.7;5,585.8;130.8;212.5;-81.7;114.57;343.3
23.2.2026;19;18:00 - 19:00;5,276.1;16,330.5;123.3;177.1;-53.8;121.05;300.4
23.2.2026;20;19:00 - 20:00;5,124.5;41,844.7;160.7;183.5;-22.8;119.53;344.2
23.2.2026;21;20:00 - 21:00;12,057.9;11,301.7;140.5;207.0;-66.5;116.55;347.5
23.2.2026;22;21:00 - 22:00;4,915.5;5,909.7;66.7;151.9;-85.2;97.25;218.6
23.2.2026;23;22:00 - 23:00;39,819.2;1,597.0;239.1;272.9;-33.8;95.63;512.0
23.2.2026;24;23:00 - 00:00;5,076.4;5,341.7;424.7;310.6;114.1;87.27;735.3
24.2.2026;1;00:00 - 01:00;113.0;210.1;14.2;27.5;-13.3;95.45;41.7
24.2.2026;2;01:00 - 02:00;280.8;214.3;77.3;34.0;43.3;94.19;111.3
24.2.2026;3;02:00 - 03:00;572.1;224.5;50.0;54.8;-4.8;100.82;104.8
24.2.2026;4;03:00 - 04:00;642.3;312.2;62.8;55.3;7.5;100.55;118.1
24.2.2026;5;04:00 - 05:00;1,403.9;325.6;62.0;58.8;3.2;98.01;120.8
24.2.2026;6;05:00 - 06:00;4,864.2;204.6;82.7;57.7;25.0;102.05;140.4
24.2.2026;7;06:00 - 07:00;4,563.2;470.9;36.0;80.2;-44.2;116.93;116.2
24.2.2026;8;07:00 - 08:00;363.6;749.3;39.4;222.0;-182.6;131.94;261.4
24.2.2026;9;08:00 - 09:00;1,196.4;1,083.3;54.4;156.0;-101.6;128.31;210.4
24.2.2026;10;09:00 - 10:00;1,026.1;987.7;79.3;151.3;-72.0;115.41;230.6
24.2.2026;11;10:00 - 11:00;2,139.0;1,175.1;129.4;163.1;-33.7;102.71;292.5
24.2.2026;12;11:00 - 12:00;1,234.3;1,160.3;147.0;223.9;-76.9;92.33;370.9
24.2.2026;13;12:00 - 13:00;14,256.4;2,708.8;146.3;236.8;-90.5;88.45;383.1
24.2.2026;14;13:00 - 14:00;12,895.8;1,554.5;168.2;210.1;-41.9;88.05;378.3
24.2.2026;15;14:00 - 15:00;7,726.2;1,733.9;152.7;238.1;-85.4;96.85;390.8
24.2.2026;16;15:00 - 16:00;5,889.5;1,274.5;122.7;180.2;-57.5;109.80;302.9
24.2.2026;17;16:00 - 17:00;1,282.1;988.6;96.1;184.3;-88.2;132.18;280.4
24.2.2026;18;17:00 - 18:00;10,468.5;2,658.9;92.5;232.6;-140.1;188.56;325.1
24.2.2026;19;18:00 - 19:00;1,559.0;1,738.6;187.2;357.8;-170.6;199.54;545.0
24.2.2026;20;19:00 - 20:00;1,149.8;1,238.9;122.0;251.2;-129.2;155.83;373.2
24.2.2026;21;20:00 - 21:00;499.9;602.0;60.1;165.6;-105.5;124.79;225.7
24.2.2026;22;21:00 - 22:00;475.0;912.2;58.3;164.4;-106.1;112.81;222.7
24.2.2026;23;22:00 - 23:00;1,202.9;1,499.7;49.7;173.7;-124.0;108.01;223.4
24.2.2026;24;23:00 - 00:00;1,151.7;1,014.4;75.0;192.9;-117.9;98.05;267.9
25.2.2026;1;00:00 - 01:00;390.1;275.4;36.6;99.4;-62.8;95.32;136.0
25.2.2026;2;01:00 - 02:00;158.7;197.1;13.1;106.1;-93.0;89.91;119.2
25.2.2026;3;02:00 - 03:00;122.7;220.4;4.3;112.1;-107.8;90.09;116.4
25.2.2026;4;03:00 - 04:00;75.1;240.2;4.7;98.1;-93.4;90.55;102.8
25.2.2026;5;04:00 - 05:00;308.5;219.9;32.5;82.3;-49.8;89.19;114.8
25.2.2026;6;05:00 - 06:00;88.0;222.0;8.4;90.0;-81.6;95.33;98.4
25.2.2026;7;06:00 - 07:00;113.2;401.7;4.1;87.2;-83.1;122.13;91.3
25.2.2026;8;07:00 - 08:00;1,928.3;319.9;44.0;118.4;-74.4;143.97;162.4
25.2.2026;9;08:00 - 09:00;1,914.7;596.2;61.3;128.5;-67.2;137.16;189.8
25.2.2026;10;09:00 - 10:00;10,052.6;700.0;124.9;125.0;-0.1;112.71;249.9
25.2.2026;11;10:00 - 11:00;10,351.6;1,249.0;127.0;160.1;-33.1;82.89;287.1
25.2.2026;12;11:00 - 12:00;14,185.1;3,912.6;169.3;146.4;22.9;68.38;315.7
25.2.2026;13;12:00 - 13:00;23,669.7;5,949.1;322.7;140.8;181.9;63.79;463.5
25.2.2026;14;13:00 - 14:00;37,639.1;14,041.0;302.2;138.3;163.9;59.07;440.5
25.2.2026;15;14:00 - 15:00;9,734.4;2,576.7;302.7;149.7;153.0;66.25;452.4
25.2.2026;16;15:00 - 16:00;7,999.5;818.8;78.8;84.8;-6.0;80.89;163.6
25.2.2026;17;16:00 - 17:00;26,434.3;6,610.6;85.6;60.8;24.8;109.00;146.4
25.2.2026;18;17:00 - 18:00;33,171.6;4,722.4;88.0;134.6;-46.6;132.55;222.6
25.2.2026;19;18:00 - 19:00;68,048.5;7,770.9;86.4;128.0;-41.6;139.00;214.4
25.2.2026;20;19:00 - 20:00;47,841.0;55,389.6;89.0;261.2;-172.2;125.77;350.2
25.2.2026;21;20:00 - 21:00;6,647.6;10,871.0;63.9;143.7;-79.8;120.08;207.6
25.2.2026;22;21:00 - 22:00;55,398.5;5,795.6;48.7;88.5;-39.8;126.32;137.2
25.2.2026;23;22:00 - 23:00;555.3;805.9;26.4;55.3;-28.9;99.80;81.7
25.2.2026;24;23:00 - 00:00;2,137.1;2,740.2;30.6;59.4;-28.8;88.36;90.0
26.2.2026;1;00:00 - 01:00;489.3;171.6;47.3;4.5;42.8;80.90;51.8
26.2.2026;2;01:00 - 02:00;1,914.9;103.8;40.7;1.8;38.9;76.98;42.5
26.2.2026;3;02:00 - 03:00;8,825.5;866.0;31.2;30.9;0.3;68.48;62.1
26.2.2026;4;03:00 - 04:00;8,833.1;2,414.3;43.9;42.6;1.3;68.56;86.5
26.2.2026;5;04:00 - 05:00;6,137.1;4,364.1;59.1;41.2;17.9;69.40;100.3
26.2.2026;6;05:00 - 06:00;6,719.9;1,098.0;56.3;20.6;35.7;79.27;76.9
26.2.2026;7;06:00 - 07:00;29,141.3;219.4;72.2;103.9;-31.7;121.15;176.1
26.2.2026;8;07:00 - 08:00;6,945.3;649.8;58.1;39.5;18.6;105.40;97.6
26.2.2026;9;08:00 - 09:00;5,340.8;3,547.9;52.2;11.8;40.4;89.74;64.0
26.2.2026;10;09:00 - 10:00;46,125.0;1,105.6;126.7;70.5;56.2;72.88;197.2
26.2.2026;11;10:00 - 11:00;93,615.4;802.6;90.3;53.2;37.1;58.43;143.5
26.2.2026;12;11:00 - 12:00;28,336.9;1,954.7;139.0;83.0;56.0;48.94;222.0
26.2.2026;13;12:00 - 13:00;96,366.5;27,440.0;206.0;60.9;145.1;4.35;266.9
26.2.2026;14;13:00 - 14:00;5,981.1;4,299.7;299.1;186.1;113.0;1.12;485.2
26.2.2026;15;14:00 - 15:00;3,006.3;4,164.1;300.4;144.9;155.5;18.53;445.3
26.2.2026;16;15:00 - 16:00;3,836.0;3,639.7;133.7;130.3;3.4;51.27;264.0
26.2.2026;17;16:00 - 17:00;6,761.4;3,853.2;48.9;86.6;-37.7;85.50;135.5
26.2.2026;18;17:00 - 18:00;2,969.9;758.3;45.9;222.0;-176.1;107.18;267.9
26.2.2026;19;18:00 - 19:00;3,109.5;2,072.6;41.2;165.5;-124.3;107.04;206.7
26.2.2026;20;19:00 - 20:00;30,299.3;3,796.5;43.3;153.3;-110.0;100.05;196.6
26.2.2026;21;20:00 - 21:00;476.5;110,663.1;43.0;53.6;-10.6;92.23;96.6
26.2.2026;22;21:00 - 22:00;2,785.0;40,686.8;17.4;59.1;-41.7;80.72;76.5
26.2.2026;23;22:00 - 23:00;11,127.8;390.0;9.6;59.1;-49.5;76.19;68.7
26.2.2026;24;23:00 - 00:00;519.3;12,902.8;14.9;57.8;-42.9;64.19;72.7
27.2.2026;1;00:00 - 01:00;334.2;613.9;7.9;16.9;-9.0;66.80;24.8
27.2.2026;2;01:00 - 02:00;456.2;880.5;23.5;20.2;3.3;68.08;43.7
27.2.2026;3;02:00 - 03:00;489.8;173.6;61.0;11.2;49.8;68.02;72.2
27.2.2026;4;03:00 - 04:00;514.6;250.0;55.7;16.9;38.8;68.76;72.6
27.2.2026;5;04:00 - 05:00;364.4;165.1;68.8;19.3;49.5;69.24;88.1
27.2.2026;6;05:00 - 06:00;1,160.1;303.5;69.1;33.8;35.3;85.99;102.9
27.2.2026;7;06:00 - 07:00;12,806.9;503.9;78.7;169.8;-91.1;115.72;248.5
27.2.2026;8;07:00 - 08:00;547.5;377.1;67.1;59.6;7.5;106.54;126.7
27.2.2026;9;08:00 - 09:00;838.0;2,407.1;52.9;46.5;6.4;79.27;99.4
27.2.2026;10;09:00 - 10:00;1,129.8;427.8;108.7;57.3;51.4;50.45;166.0
27.2.2026;11;10:00 - 11:00;978.5;434.0;100.3;77.2;23.1;12.74;177.5
27.2.2026;12;11:00 - 12:00;804.1;403.3;344.2;91.3;252.9;-0.27;435.5
27.2.2026;13;12:00 - 13:00;17,956.8;1,714.1;84.8;81.0;3.8;-3.28;165.8
27.2.2026;14;13:00 - 14:00;10,347.0;2,281.4;77.7;83.6;-5.9;-2.34;161.3
27.2.2026;15;14:00 - 15:00;15,197.0;10,527.2;75.5;99.8;-24.3;4.97;175.3
27.2.2026;16;15:00 - 16:00;20,788.9;899.6;104.3;119.4;-15.1;60.11;223.7
27.2.2026;17;16:00 - 17:00;19,008.7;19,766.4;84.9;121.6;-36.7;100.12;206.5
27.2.2026;18;17:00 - 18:00;43,381.9;63,978.9;123.7;422.2;-298.5;126.60;545.9
27.2.2026;19;18:00 - 19:00;8,681.5;5,125.0;84.6;276.0;-191.4;123.62;360.6
27.2.2026;20;19:00 - 20:00;15,805.7;52,872.9;104.7;189.1;-84.4;111.88;293.8
27.2.2026;21;20:00 - 21:00;19,676.4;47,628.8;85.1;179.5;-94.4;107.80;264.6
27.2.2026;22;21:00 - 22:00;1,333.1;448.2;60.1;71.4;-11.3;89.98;131.5
27.2.2026;23;22:00 - 23:00;1,955.4;1,124.8;68.6;98.6;-30.0;89.44;167.2
27.2.2026;24;23:00 - 00:00;632.6;11,506.0;37.4;134.8;-97.4;85.35;172.2
28.2.2026;1;00:00 - 01:00;96.4;296.8;13.0;110.6;-97.6;82.15;123.6
28.2.2026;2;01:00 - 02:00;202.5;275.1;5.0;113.1;-108.1;79.98;118.1
28.2.2026;3;02:00 - 03:00;147.4;708.8;16.6;240.0;-223.4;77.57;256.6
28.2.2026;4;03:00 - 04:00;126.1;589.8;12.4;215.8;-203.4;75.20;228.2
28.2.2026;5;04:00 - 05:00;179.8;1,034.4;32.5;107.8;-75.3;74.33;140.3
28.2.2026;6;05:00 - 06:00;141.9;425.2;25.0;134.4;-109.4;76.34;159.4
28.2.2026;7;06:00 - 07:00;132.8;1,158.0;30.8;96.7;-65.9;75.50;127.5
28.2.2026;8;07:00 - 08:00;239.4;5,402.9;35.6;170.6;-135.0;70.79;206.2
28.2.2026;9;08:00 - 09:00;9,709.4;243.1;82.7;26.9;55.8;43.89;109.6
28.2.2026;10;09:00 - 10:00;1,446.6;474.4;391.8;79.8;312.0;8.79;471.6
28.2.2026;11;10:00 - 11:00;3,235.8;1,868.9;317.2;216.5;100.7;-12.41;533.7
28.2.2026;12;11:00 - 12:00;9,165.8;1,997.8;311.4;202.5;108.9;-23.18;513.9
28.2.2026;13;12:00 - 13:00;5,301.1;12,410.5;238.4;157.1;81.3;-17.54;395.5
28.2.2026;14;13:00 - 14:00;13,447.5;12,597.7;243.3;191.2;52.1;-22.62;434.5
28.2.2026;15;14:00 - 15:00;1,124.4;14,807.6;178.0;123.0;55.0;-13.60;301.0
28.2.2026;16;15:00 - 16:00;5,225.8;23,972.2;386.7;138.6;248.1;1.63;525.3
28.2.2026;17;16:00 - 17:00;133,047.9;36,128.1;33.8;44.3;-10.5;67.16;78.1
28.2.2026;18;17:00 - 18:00;6,510.9;37,669.6;55.3;153.9;-98.6;90.96;209.2
28.2.2026;19;18:00 - 19:00;44,968.7;46,932.8;138.9;304.9;-166.0;132.44;443.8
28.2.2026;20;19:00 - 20:00;7,109.2;26,016.8;120.5;222.2;-101.7;124.09;342.7
28.2.2026;21;20:00 - 21:00;5,158.0;20,129.8;53.3;138.4;-85.1;83.84;191.7
28.2.2026;22;21:00 - 22:00;43,508.2;67,584.5;105.0;280.5;-175.5;74.82;385.5
28.2.2026;23;22:00 - 23:00;624.7;924.1;43.0;67.8;-24.8;74.54;110.8
28.2.2026;24;23:00 - 00:00;635.4;1,250.5;37.0;64.8;-27.8;65.06;101.8
1.3.2026;1;00:00 - 01:00;117.5;153.8;14.4;18.4;-4.0;52.29;32.8
1.3.2026;2;01:00 - 02:00;225.6;273.5;25.0;45.3;-20.3;52.78;70.3
1.3.2026;3;02:00 - 03:00;191.5;277.1;26.9;54.3;-27.4;48.02;81.2
1.3.2026;4;03:00 - 04:00;295.9;422.6;13.6;58.5;-44.9;48.40;72.1
1.3.2026;5;04:00 - 05:00;168.2;392.0;18.7;65.0;-46.3;54.58;83.7
1.3.2026;6;05:00 - 06:00;51.9;333.7;10.0;82.9;-72.9;60.71;92.9
1.3.2026;7;06:00 - 07:00;157.2;280.3;16.0;58.0;-42.0;56.16;74.0
1.3.2026;8;07:00 - 08:00;48,461.7;14,543.5;56.6;53.3;3.3;50.38;109.9
1.3.2026;9;08:00 - 09:00;647.2;6,945.8;65.7;83.2;-17.5;35.11;148.9
1.3.2026;10;09:00 - 10:00;2,326.8;1,579.8;21.4;39.7;-18.3;12.82;61.1
1.3.2026;11;10:00 - 11:00;778.7;611.8;142.6;133.8;8.8;6.50;276.4
1.3.2026;12;11:00 - 12:00;665.5;538.5;158.3;82.8;75.5;5.16;241.1
1.3.2026;13;12:00 - 13:00;689.5;768.1;144.0;108.0;36.0;-1.16;252.0
1.3.2026;14;13:00 - 14:00;5,870.2;1,054.1;256.0;176.9;79.1;-1.16;432.9
1.3.2026;15;14:00 - 15:00;7,135.4;457.9;155.0;41.5;113.5;1.10;196.5
1.3.2026;16;15:00 - 16:00;1,110.6;878.6;113.1;61.9;51.2;25.10;175.0
1.3.2026;17;16:00 - 17:00;58,058.1;494.7;64.2;66.2;-2.0;84.50;130.4
1.3.2026;18;17:00 - 18:00;21,025.2;27,089.1;127.4;225.5;-98.1;110.87;352.9
1.3.2026;19;18:00 - 19:00;742.6;1,470.5;90.4;184.3;-93.9;119.50;274.7
1.3.2026;20;19:00 - 20:00;31,216.3;9,219.6;94.8;167.6;-72.8;114.68;262.4
1.3.2026;21;20:00 - 21:00;1,478.5;1,112.7;38.3;194.2;-155.9;104.64;232.5
1.3.2026;22;21:00 - 22:00;881.9;529.6;50.9;94.7;-43.8;101.25;145.6
1.3.2026;23;22:00 - 23:00;614.6;931.3;31.7;57.7;-26.0;90.00;89.4
1.3.2026;24;23:00 - 00:00;592.9;597.3;27.5;70.4;-42.9;76.54;97.9
2.3.2026;1;00:00 - 01:00;146.5;127.2;16.5;38.6;-22.1;79.42;55.1
2.3.2026;2;01:00 - 02:00;262.2;215.7;136.8;56.8;80.0;69.21;193.6
2.3.2026;3;02:00 - 03:00;227.5;182.1;100.8;50.4;50.4;69.48;151.2
2.3.2026;4;03:00 - 04:00;220.4;141.1;59.9;31.1;28.8;69.74;91.0
2.3.2026;5;04:00 - 05:00;809.2;156.7;70.0;14.5;55.5;72.93;84.5
2.3.2026;6;05:00 - 06:00;1,115.5;273.9;74.6;20.3;54.3;94.43;94.9
2.3.2026;7;06:00 - 07:00;1,456.5;246.1;77.0;30.0;47.0;124.62;107.0
2.3.2026;8;07:00 - 08:00;5,400.8;350.9;105.1;100.5;4.6;129.52;205.6
2.3.2026;9;08:00 - 09:00;6,386.1;3,059.9;91.3;57.1;34.2;116.07;148.4
2.3.2026;10;09:00 - 10:00;19,787.4;1,121.0;144.6;89.8;54.8;84.26;234.4
2.3.2026;11;10:00 - 11:00;41,587.0;1,256.6;195.9;139.5;56.4;69.39;335.4
2.3.2026;12;11:00 - 12:00;47,869.0;4,153.5;276.8;159.6;117.2;49.44;436.4
2.3.2026;13;12:00 - 13:00;1,713.8;3,348.3;290.8;194.0;96.8;29.67;484.8
2.3.2026;14;13:00 - 14:00;16,070.5;2,927.0;257.2;159.3;97.9;43.08;416.5
2.3.2026;15;14:00 - 15:00;5,525.4;903.6;195.5;139.7;55.8;61.37;335.2
2.3.2026;16;15:00 - 16:00;13,721.0;1,476.1;131.0;108.8;22.2;88.41;239.8
2.3.2026;17;16:00 - 17:00;28,861.4;582.3;75.9;38.0;37.9;142.39;113.9
2.3.2026;18;17:00 - 18:00;32,869.4;3,100.8;60.7;113.7;-53.0;223.88;174.4
2.3.2026;19;18:00 - 19:00;4,099.3;9,589.3;71.7;120.6;-48.9;242.35;192.3
2.3.2026;20;19:00 - 20:00;20,893.5;36,695.3;93.0;172.7;-79.7;234.88;265.7
2.3.2026;21;20:00 - 21:00;5,130.4;2,974.0;9.2;20.4;-11.2;193.79;29.6
2.3.2026;22;21:00 - 22:00;8,546.0;292.8;82.5;47.9;34.6;156.26;130.4
2.3.2026;23;22:00 - 23:00;446.8;330.0;70.8;19.4;51.4;105.14;90.2
2.3.2026;24;23:00 - 00:00;77,834.2;247.1;53.2;11.8;41.4;94.98;65.0
3.3.2026;1;00:00 - 01:00;15,735.9;62.5;17.7;4.2;13.5;102.13;21.9
3.3.2026;2;01:00 - 02:00;1,491.7;138.3;48.8;5.8;43.0;99.69;54.6
3.3.2026;3;02:00 - 03:00;244.6;129.7;39.2;11.4;27.8;100.31;50.6
3.3.2026;4;03:00 - 04:00;3,532.4;220.3;57.4;26.5;30.9;101.33;83.9
3.3.2026;5;04:00 - 05:00;1,404.3;128.5;50.2;16.0;34.2;104.34;66.2
3.3.2026;6;05:00 - 06:00;221.3;439.9;60.8;21.6;39.2;114.22;82.4
3.3.2026;7;06:00 - 07:00;360.7;366.3;108.3;73.4;34.9;152.62;181.7
3.3.2026;8;07:00 - 08:00;13,526.6;806.3;147.0;138.2;8.8;178.42;285.2
3.3.2026;9;08:00 - 09:00;89,693.3;1,583.7;142.8;48.4;94.4;118.54;191.2
3.3.2026;10;09:00 - 10:00;16,738.2;875.4;121.4;79.5;41.9;93.19;200.9
3.3.2026;11;10:00 - 11:00;3,804.6;1,092.3;143.2;84.7;58.5;76.00;227.9
3.3.2026;12;11:00 - 12:00;10,505.1;1,632.2;219.5;87.8;131.7;53.10;307.3
3.3.2026;13;12:00 - 13:00;4,985.6;3,880.2;232.7;59.7;173.0;17.65;292.4
3.3.2026;14;13:00 - 14:00;2,683.7;1,420.7;253.8;66.1;187.7;16.88;319.9
3.3.2026;15;14:00 - 15:00;28,360.7;2,108.6;196.5;55.7;140.8;48.37;252.2
3.3.2026;16;15:00 - 16:00;2,517.9;754.8;147.0;51.8;95.2;86.46;198.8
3.3.2026;17;16:00 - 17:00;14,749.7;2,600.9;96.5;6.1;90.4;127.57;102.6
3.3.2026;18;17:00 - 18:00;34,899.8;4,615.6;73.1;92.0;-18.9;174.20;165.1
3.3.2026;19;18:00 - 19:00;34,630.3;3,751.1;65.2;169.8;-104.6;236.79;235.0
3.3.2026;20;19:00 - 20:00;6,088.3;8,819.7;48.0;116.7;-68.7;194.22;164.7
3.3.2026;21;20:00 - 21:00;5,336.1;17,416.5;39.0;63.1;-24.1;146.14;102.1
3.3.2026;22;21:00 - 22:00;48,516.2;781.7;7.1;21.0;-13.9;131.79;28.1
3.3.2026;23;22:00 - 23:00;780.3;336.5;30.5;34.1;-3.6;128.50;64.6
3.3.2026;24;23:00 - 00:00;202.7;232.9;71.5;14.1;57.4;118.14;85.6
4.3.2026;1;00:00 - 01:00;1,344.6;70.2;56.0;18.6;37.4;124.99;74.6
4.3.2026;2;01:00 - 02:00;2,580.6;68.2;57.1;9.2;47.9;122.15;66.3
4.3.2026;3;02:00 - 03:00;1,537.5;102.4;57.7;11.5;46.2;125.85;69.2
4.3.2026;4;03:00 - 04:00;4,059.7;105.3;82.1;8.4;73.7;124.15;90.5
4.3.2026;5;04:00 - 05:00;247.5;69.8;80.9;0.1;80.8;128.17;81.0
4.3.2026;6;05:00 - 06:00;330.0;222.7;77.7;6.0;71.7;132.90;83.7
4.3.2026;7;06:00 - 07:00;214.7;75.8;92.6;4.7;87.9;142.38;97.3
4.3.2026;8;07:00 - 08:00;2,591.9;132.7;34.9;25.7;9.2;169.06;60.6
4.3.2026;9;08:00 - 09:00;4,671.7;153.5;90.3;16.9;73.4;118.77;107.2
4.3.2026;10;09:00 - 10:00;1,976.3;241.9;95.7;54.4;41.3;85.29;150.1
4.3.2026;11;10:00 - 11:00;2,122.5;218.6;147.8;68.8;79.0;74.49;216.6
4.3.2026;12;11:00 - 12:00;8,594.8;1,701.0;222.1;95.3;126.8;48.32;317.4
4.3.2026;13;12:00 - 13:00;7,285.1;1,956.0;270.0;114.4;155.6;42.69;384.4
4.3.2026;14;13:00 - 14:00;11,461.8;1,948.7;325.7;103.0;222.7;39.57;428.7
4.3.2026;15;14:00 - 15:00;16,958.6;1,856.8;313.2;65.1;248.1;55.42;378.3
4.3.2026;16;15:00 - 16:00;2,232.5;413.7;173.9;53.4;120.5;88.33;227.3
4.3.2026;17;16:00 - 17:00;12,616.2;8,531.6;156.8;41.1;115.7;124.05;197.9
4.3.2026;18;17:00 - 18:00;27,156.1;16,820.4;82.3;95.2;-12.9;178.91;177.5
4.3.2026;19;18:00 - 19:00;2,472.6;1,027.3;93.0;158.8;-65.8;207.74;251.8
4.3.2026;20;19:00 - 20:00;25,212.0;9,634.8;58.4;114.4;-56.0;176.86;172.8
4.3.2026;21;20:00 - 21:00;18,435.3;7,420.9;58.5;92.0;-33.5;143.44;150.5
4.3.2026;22;21:00 - 22:00;12,216.6;7,520.1;98.0;39.3;58.7;132.63;137.3
4.3.2026;23;22:00 - 23:00;7,968.7;584.0;66.9;19.5;47.4;122.69;86.4
4.3.2026;24;23:00 - 00:00;1,587.5;558.3;51.5;10.4;41.1;119.33;61.9
5.3.2026;1;00:00 - 01:00;170.2;76.6;13.7;8.5;5.2;118.29;22.2
5.3.2026;2;01:00 - 02:00;3,278.2;63.3;0.1;3.1;-3.0;114.12;3.2
5.3.2026;3;02:00 - 03:00;117.9;98.9;35.9;11.1;24.8;107.40;47.0
5.3.2026;4;03:00 - 04:00;709.3;153.7;28.7;15.0;13.7;105.08;43.7
5.3.2026;5;04:00 - 05:00;281.2;131.6;32.3;5.4;26.9;103.76;37.7
5.3.2026;6;05:00 - 06:00;147.7;214.9;44.8;30.1;14.7;123.78;74.9
5.3.2026;7;06:00 - 07:00;173.2;247.7;49.5;90.5;-41.0;132.94;140.0
5.3.2026;8;07:00 - 08:00;391.3;316.4;65.0;106.8;-41.8;144.84;171.8
5.3.2026;9;08:00 - 09:00;366.5;514.7;90.3;41.7;48.6;117.34;132.0
5.3.2026;10;09:00 - 10:00;630.8;936.3;131.5;100.1;31.4;68.88;231.6
5.3.2026;11;10:00 - 11:00;2,179.2;1,423.5;254.4;129.7;124.7;41.80;384.1
5.3.2026;12;11:00 - 12:00;32,164.0;1,422.2;228.1;117.4;110.7;-1.48;345.5
5.3.2026;13;12:00 - 13:00;4,098.0;1,329.2;223.6;154.2;69.4;-13.84;377.8
5.3.2026;14;13:00 - 14:00;3,668.9;3,551.1;228.4;151.3;77.1;-13.72;379.7
5.3.2026;15;14:00 - 15:00;2,189.9;791.7;192.1;105.9;86.2;34.09;298.0
5.3.2026;16;15:00 - 16:00;1,659.8;504.1;119.0;91.6;27.4;83.92;210.6
5.3.2026;17;16:00 - 17:00;33,709.5;3,845.9;131.2;111.9;19.3;130.87;243.1
5.3.2026;18;17:00 - 18:00;15,108.9;37,520.8;104.6;134.7;-30.1;161.18;239.3
5.3.2026;19;18:00 - 19:00;20,897.4;6,223.3;109.8;110.9;-1.1;186.80;220.7
5.3.2026;20;19:00 - 20:00;18,403.9;22,524.6;112.0;99.7;12.3;161.91;211.7
5.3.2026;21;20:00 - 21:00;8,123.9;17,292.0;97.3;244.7;-147.4;132.99;342.0
5.3.2026;22;21:00 - 22:00;22,025.9;2,334.8;46.0;80.5;-34.5;131.42;126.5
5.3.2026;23;22:00 - 23:00;10,217.4;7,734.1;123.0;123.4;-0.4;117.58;246.4
5.3.2026;24;23:00 - 00:00;6,089.8;934.1;61.4;39.2;22.2;109.02;100.6
6.3.2026;1;00:00 - 01:00;104.6;92.1;9.2;5.0;4.2;102.02;14.2
6.3.2026;2;01:00 - 02:00;161.1;89.4;21.6;7.0;14.6;106.71;28.6
6.3.2026;3;02:00 - 03:00;128.4;130.7;54.5;18.0;36.5;110.04;72.5
6.3.2026;4;03:00 - 04:00;162.7;209.1;68.4;24.0;44.4;114.28;92.4
6.3.2026;5;04:00 - 05:00;21,793.9;210.1;70.9;17.5;53.4;120.39;88.4
6.3.2026;6;05:00 - 06:00;1,078.6;132.4;67.6;22.6;45.0;130.35;90.2
6.3.2026;7;06:00 - 07:00;143.9;112.9;70.4;33.8;36.6;151.96;104.2
6.3.2026;8;07:00 - 08:00;935.3;313.0;68.2;69.5;-1.3;166.73;137.7
6.3.2026;9;08:00 - 09:00;5,761.5;581.1;91.2;113.6;-22.4;90.17;204.8
6.3.2026;10;09:00 - 10:00;31,266.4;4,939.4;93.3;55.4;37.9;80.58;148.7
6.3.2026;11;10:00 - 11:00;2,561.4;4,086.1;318.0;199.2;118.8;-4.13;517.2
6.3.2026;12;11:00 - 12:00;3,985.9;11,075.5;295.9;235.9;60.0;-6.12;531.8
6.3.2026;13;12:00 - 13:00;11,357.6;4,003.4;232.1;133.3;98.8;-12.83;365.4
6.3.2026;14;13:00 - 14:00;16,101.7;9,705.8;353.6;237.9;115.7;-14.09;591.5
6.3.2026;15;14:00 - 15:00;8,111.7;2,745.8;200.7;126.9;73.8;14.99;327.6
6.3.2026;16;15:00 - 16:00;8,858.6;539.6;79.1;79.0;0.1;93.54;158.1
6.3.2026;17;16:00 - 17:00;3,271.9;605.5;67.9;82.6;-14.7;124.41;150.5
6.3.2026;18;17:00 - 18:00;14,222.5;1,491.0;80.6;153.2;-72.6;160.44;233.8
6.3.2026;19;18:00 - 19:00;7,447.2;2,072.2;112.0;219.4;-107.4;212.35;331.4
6.3.2026;20;19:00 - 20:00;4,307.4;2,503.9;182.1;256.3;-74.2;192.25;438.4
6.3.2026;21;20:00 - 21:00;511.9;1,546.6;89.4;210.8;-121.4;146.41;300.2
6.3.2026;22;21:00 - 22:00;512.4;8,800.7;61.7;88.1;-26.4;130.27;149.8
6.3.2026;23;22:00 - 23:00;6,896.1;6,497.9;62.3;76.1;-13.8;129.18;138.4
6.3.2026;24;23:00 - 00:00;1,193.6;204.2;59.0;75.4;-16.4;125.87;134.4
7.3.2026;1;00:00 - 01:00;144.8;68.5;66.3;11.6;54.7;138.09;77.9
7.3.2026;2;01:00 - 02:00;114.8;69.8;58.4;12.2;46.2;133.55;70.6
7.3.2026;3;02:00 - 03:00;233.1;136.9;65.3;22.2;43.1;130.15;87.5
7.3.2026;4;03:00 - 04:00;162.8;103.0;49.3;21.7;27.6;129.85;71.0
7.3.2026;5;04:00 - 05:00;131.1;205.2;55.8;26.3;29.5;130.03;82.1
7.3.2026;6;05:00 - 06:00;190.3;112.4;63.5;25.2;38.3;132.89;88.7
7.3.2026;7;06:00 - 07:00;141.2;103.4;70.5;21.1;49.4;135.32;91.6
7.3.2026;8;07:00 - 08:00;253.2;355.8;86.1;33.1;53.0;129.96;119.2
7.3.2026;9;08:00 - 09:00;569.8;2,384.7;40.0;25.0;15.0;80.94;65.0
7.3.2026;10;09:00 - 10:00;764.6;2,678.4;64.4;97.7;-33.3;18.88;162.1
7.3.2026;11;10:00 - 11:00;5,673.7;2,933.7;278.6;297.0;-18.4;21.33;575.6
7.3.2026;12;11:00 - 12:00;1,164.6;3,071.5;236.2;128.5;107.7;-4.83;364.7
7.3.2026;13;12:00 - 13:00;4,237.3;1,309.8;216.5;141.0;75.5;-9.17;357.5
7.3.2026;14;13:00 - 14:00;17,200.3;1,298.4;191.6;133.5;58.1;-5.58;325.1
7.3.2026;15;14:00 - 15:00;21,108.5;1,048.2;157.8;93.3;64.5;11.87;251.1
7.3.2026;16;15:00 - 16:00;3,027.7;624.2;128.5;56.5;72.0;89.40;185.0
7.3.2026;17;16:00 - 17:00;1,552.4;252.3;70.1;48.6;21.5;131.08;118.7
7.3.2026;18;17:00 - 18:00;506.1;746.9;86.2;151.9;-65.7;156.87;238.1
7.3.2026;19;18:00 - 19:00;772.1;948.4;111.8;157.4;-45.6;185.67;269.2
7.3.2026;20;19:00 - 20:00;322.4;1,154.1;30.8;154.2;-123.4;166.72;185.0
7.3.2026;21;20:00 - 21:00;487.5;363.5;109.0;158.7;-49.7;147.65;267.7
7.3.2026;22;21:00 - 22:00;424.7;791.1;137.0;138.0;-1.0;137.01;275.0
7.3.2026;23;22:00 - 23:00;674.7;294.9;96.3;18.6;77.7;134.67;114.9
7.3.2026;24;23:00 - 00:00;701.5;262.2;72.5;20.6;51.9;129.49;93.1
8.3.2026;1;00:00 - 01:00;339.4;115.6;50.6;8.0;42.6;131.74;58.6
8.3.2026;2;01:00 - 02:00;832.0;66.3;73.4;6.0;67.4;130.92;79.4
8.3.2026;3;02:00 - 03:00;399.0;65.1;57.3;7.0;50.3;123.86;64.3
8.3.2026;4;03:00 - 04:00;608.0;129.5;67.2;21.6;45.6;123.19;88.8
8.3.2026;5;04:00 - 05:00;324.1;110.3;67.6;16.0;51.6;121.94;83.6
8.3.2026;6;05:00 - 06:00;1,070.8;277.8;73.8;25.3;48.5;128.18;99.1
8.3.2026;7;06:00 - 07:00;974.7;93.6;84.1;12.0;72.1;126.84;96.1
8.3.2026;8;07:00 - 08:00;422.6;116.3;55.6;32.1;23.5;118.87;87.7
8.3.2026;9;08:00 - 09:00;545.8;477.6;85.4;129.7;-44.3;69.40;215.1
8.3.2026;10;09:00 - 10:00;7,469.4;1,651.4;29.9;67.8;-37.9;32.39;97.7
8.3.2026;11;10:00 - 11:00;1,971.1;489.9;198.6;95.3;103.3;28.08;293.9
8.3.2026;12;11:00 - 12:00;72,251.0;2,144.8;86.4;94.0;-7.6;26.25;180.4
8.3.2026;13;12:00 - 13:00;28,811.6;6,186.7;140.8;95.2;45.6;24.30;236.0
8.3.2026;14;13:00 - 14:00;13,078.8;1,347.7;296.5;105.4;191.1;-9.18;401.9
8.3.2026;15;14:00 - 15:00;6,971.6;804.5;293.8;126.8;167.0;-3.18;420.6
8.3.2026;16;15:00 - 16:00;14,692.1;982.3;227.8;93.4;134.4;50.74;321.2
8.3.2026;17;16:00 - 17:00;2,236.2;4,263.5;120.6;70.4;50.2;111.49;191.0
8.3.2026;18;17:00 - 18:00;1,326.9;839.9;83.1;259.3;-176.2;142.80;342.4
8.3.2026;19;18:00 - 19:00;715.0;497.1;71.1;128.9;-57.8;159.06;200.0
8.3.2026;20;19:00 - 20:00;9,276.5;771.2;136.1;202.7;-66.6;150.60;338.8
8.3.2026;21;20:00 - 21:00;11,212.7;1,773.4;116.7;141.7;-25.0;140.13;258.4
8.3.2026;22;21:00 - 22:00;37,224.9;7,383.0;84.9;68.9;16.0;137.20;153.8
8.3.2026;23;22:00 - 23:00;37,375.1;7,627.4;87.2;27.3;59.9;133.87;114.5
8.3.2026;24;23:00 - 00:00;22,877.9;413.0;71.5;18.0;53.5;118.29;89.5
9.3.2026;1;00:00 - 01:00;2,277.9;104.8;55.0;25.4;29.6;127.42;80.4
9.3.2026;2;01:00 - 02:00;4,172.0;171.6;47.4;28.2;19.2;120.18;75.6
9.3.2026;3;02:00 - 03:00;4,040.3;151.4;58.9;18.6;40.3;116.21;77.5
9.3.2026;4;03:00 - 04:00;2,718.2;158.6;51.3;13.6;37.7;117.31;64.9
9.3.2026;5;04:00 - 05:00;7,731.8;148.1;98.2;22.3;75.9;121.66;120.5
9.3.2026;6;05:00 - 06:00;11,556.6;1,320.1;92.7;10.1;82.6;141.92;102.8
9.3.2026;7;06:00 - 07:00;1,966.9;637.6;126.2;36.6;89.6;157.69;162.8
9.3.2026;8;07:00 - 08:00;2,391.6;156.8;75.4;20.2;55.2;181.88;95.6
9.3.2026;9;08:00 - 09:00;81,311.8;613.1;64.2;18.2;46.0;137.76;82.4
9.3.2026;10;09:00 - 10:00;63,257.5;3,078.5;61.6;58.2;3.4;79.19;119.8
9.3.2026;11;10:00 - 11:00;12,357.0;2,389.9;134.3;95.2;39.1;64.98;229.5
9.3.2026;12;11:00 - 12:00;27,356.3;7,466.3;183.7;150.6;33.1;18.79;334.3
9.3.2026;13;12:00 - 13:00;36,931.1;7,766.8;248.1;193.7;54.4;5.59;441.8
9.3.2026;14;13:00 - 14:00;29,624.5;5,165.5;218.5;123.9;94.6;1.43;342.4
9.3.2026;15;14:00 - 15:00;17,970.8;7,224.9;279.9;104.6;175.3;51.41;384.5
9.3.2026;16;15:00 - 16:00;259,149.4;848.8;131.6;82.1;49.5;97.56;213.7
9.3.2026;17;16:00 - 17:00;116,416.3;77,847.5;118.6;72.3;46.3;113.06;190.9
9.3.2026;18;17:00 - 18:00;50,366.0;39,024.5;53.8;68.0;-14.2;154.43;121.8
9.3.2026;19;18:00 - 19:00;88,055.0;4,777.2;110.6;134.0;-23.4;194.86;244.6
9.3.2026;20;19:00 - 20:00;86,907.7;25,158.7;98.1;103.9;-5.8;167.55;202.0
9.3.2026;21;20:00 - 21:00;22,344.3;9,739.5;99.1;184.1;-85.0;150.90;283.2
9.3.2026;22;21:00 - 22:00;24,204.4;6,573.0;92.8;110.8;-18.0;137.43;203.6
9.3.2026;23;22:00 - 23:00;12,889.8;912.0;91.2;120.1;-28.9;145.74;211.3
9.3.2026;24;23:00 - 00:00;24,271.6;495.5;115.1;81.9;33.2;127.83;197.0
10.3.2026;1;00:00 - 01:00;11,513.8;171.1;34.5;15.4;19.1;152.14;49.9
10.3.2026;2;01:00 - 02:00;4,740.4;130.1;68.5;11.0;57.5;135.27;79.5
10.3.2026;3;02:00 - 03:00;163.0;155.8;58.2;18.6;39.6;135.44;76.8
10.3.2026;4;03:00 - 04:00;3,178.0;234.5;62.0;29.6;32.4;129.03;91.6
10.3.2026;5;04:00 - 05:00;9,073.7;283.7;32.7;46.6;-13.9;135.40;79.3
10.3.2026;6;05:00 - 06:00;15,232.3;183.8;57.0;13.7;43.3;160.00;70.7
10.3.2026;7;06:00 - 07:00;6,961.5;174.8;88.6;15.7;72.9;154.56;104.3
10.3.2026;8;07:00 - 08:00;2,237.5;360.5;121.1;30.6;90.5;171.27;151.7
10.3.2026;9;08:00 - 09:00;2,812.0;1,025.7;44.8;51.3;-6.5;141.53;96.1
10.3.2026;10;09:00 - 10:00;6,702.4;1,071.0;119.5;70.5;49.0;94.04;190.0
10.3.2026;11;10:00 - 11:00;6,898.7;2,276.7;305.3;147.5;157.8;52.56;452.8
10.3.2026;12;11:00 - 12:00;5,621.4;3,974.4;204.0;146.7;57.3;19.41;350.7
10.3.2026;13;12:00 - 13:00;6,709.6;7,887.3;212.6;129.5;83.1;17.41;342.1
10.3.2026;14;13:00 - 14:00;26,154.5;14,397.8;248.7;173.5;75.2;42.91;422.2
10.3.2026;15;14:00 - 15:00;21,694.2;16,647.2;169.0;143.1;25.9;87.75;312.1
10.3.2026;16;15:00 - 16:00;34,338.2;6,742.8;165.5;100.7;64.8;122.15;266.2
10.3.2026;17;16:00 - 17:00;6,222.1;10,381.2;69.2;50.3;18.9;150.08;119.5
10.3.2026;18;17:00 - 18:00;21,654.8;124,884.2;73.1;100.9;-27.8;174.49;174.0
10.3.2026;19;18:00 - 19:00;764.3;57,273.7;128.9;139.4;-10.5;222.78;268.3
10.3.2026;20;19:00 - 20:00;18,336.8;709.8;140.9;160.8;-19.9;205.90;301.7
10.3.2026;21;20:00 - 21:00;3,992.6;9,800.1;93.1;93.1;0.0;173.34;186.2
10.3.2026;22;21:00 - 22:00;13,853.7;3,490.4;84.4;84.4;0.0;177.64;168.8
10.3.2026;23;22:00 - 23:00;29,126.9;237.7;146.3;69.4;76.9;150.04;215.7
10.3.2026;24;23:00 - 00:00;25,292.6;607.6;217.3;100.1;117.2;118.67;317.4
11.3.2026;1;00:00 - 01:00;149.5;107.2;55.3;21.3;34.0;98.03;76.6
11.3.2026;2;01:00 - 02:00;165.1;125.3;67.8;16.7;51.1;93.30;84.5
11.3.2026;3;02:00 - 03:00;5,314.8;345.7;22.3;12.4;9.9;115.65;34.7
11.3.2026;4;03:00 - 04:00;248.8;101.8;12.9;12.8;0.1;115.77;25.7
11.3.2026;5;04:00 - 05:00;280.1;89.4;3.9;3.9;0.0;147.82;7.8
11.3.2026;6;05:00 - 06:00;2,013.2;134.9;57.8;17.0;40.8;137.99;74.8
11.3.2026;7;06:00 - 07:00;6,129.2;106.8;14.4;2.6;11.8;141.44;17.0
11.3.2026;8;07:00 - 08:00;392.8;277.4;28.4;25.9;2.5;105.16;54.3
11.3.2026;9;08:00 - 09:00;1,998.8;1,819.0;29.7;23.0;6.7;77.90;52.7
11.3.2026;10;09:00 - 10:00;7,714.0;784.9;117.2;54.0;63.2;69.30;171.2
11.3.2026;11;10:00 - 11:00;8,467.4;2,387.9;135.5;104.1;31.4;28.71;239.6
11.3.2026;12;11:00 - 12:00;4,407.6;3,544.4;138.0;78.8;59.2;6.82;216.8
11.3.2026;13;12:00 - 13:00;3,906.8;4,304.3;172.0;95.3;76.7;2.90;267.3
11.3.2026;14;13:00 - 14:00;10,258.9;5,026.9;210.1;126.1;84.0;4.45;336.2
11.3.2026;15;14:00 - 15:00;6,958.2;6,521.3;356.3;144.2;212.1;35.76;500.5
11.3.2026;16;15:00 - 16:00;46,845.8;10,994.6;87.3;94.6;-7.3;80.25;181.9
11.3.2026;17;16:00 - 17:00;91,424.1;27,410.5;22.9;22.9;0.0;166.26;45.8
11.3.2026;18;17:00 - 18:00;29,727.7;12,624.4;183.4;144.3;39.1;165.54;327.7
11.3.2026;19;18:00 - 19:00;18,710.9;40,412.4;91.9;91.9;0.0;161.88;183.8
11.3.2026;20;19:00 - 20:00;8,256.9;27,442.1;53.3;103.7;-50.4;154.30;157.0
11.3.2026;21;20:00 - 21:00;8,834.1;4,858.8;88.0;91.0;-3.0;143.54;179.0
11.3.2026;22;21:00 - 22:00;30,050.8;306.8;37.7;39.3;-1.6;145.31;77.0
11.3.2026;23;22:00 - 23:00;14,172.7;7,566.1;77.5;53.1;24.4;140.31;130.6
11.3.2026;24;23:00 - 00:00;16,827.6;5,359.1;76.8;40.9;35.9;124.89;117.7
12.3.2026;1;00:00 - 01:00;757.1;118.6;85.3;23.5;61.8;126.30;108.8
12.3.2026;2;01:00 - 02:00;435.1;353.8;94.3;25.2;69.1;117.46;119.5
12.3.2026;3;02:00 - 03:00;248.8;129.4;95.0;43.3;51.7;114.67;138.3
12.3.2026;4;03:00 - 04:00;2,415.0;155.8;99.2;40.2;59.0;113.51;139.4
12.3.2026;5;04:00 - 05:00;1,071.9;91.8;48.5;21.1;27.4;114.61;69.6
12.3.2026;6;05:00 - 06:00;733.7;92.1;39.6;29.2;10.4;117.50;68.8
12.3.2026;7;06:00 - 07:00;830.7;356.1;84.9;34.2;50.7;132.63;119.1
12.3.2026;8;07:00 - 08:00;371.6;441.1;57.5;44.7;12.8;141.99;102.2
12.3.2026;9;08:00 - 09:00;1,339.5;670.7;61.8;105.2;-43.4;128.66;167.0
12.3.2026;10;09:00 - 10:00;2,349.3;1,757.6;115.2;126.2;-11.0;114.77;241.4
12.3.2026;11;10:00 - 11:00;5,587.3;11,134.5;129.7;107.9;21.8;74.58;237.6
12.3.2026;12;11:00 - 12:00;1,837.7;2,380.9;209.6;137.7;71.9;54.64;347.3
12.3.2026;13;12:00 - 13:00;8,305.6;6,794.8;194.1;149.3;44.8;47.76;343.4
12.3.2026;14;13:00 - 14:00;22,715.7;2,157.7;218.5;149.9;68.6;51.19;368.4
12.3.2026;15;14:00 - 15:00;30,763.6;7,103.0;126.5;119.4;7.1;73.85;245.9
12.3.2026;16;15:00 - 16:00;6,809.2;4,529.5;83.6;64.7;18.9;93.97;148.3
12.3.2026;17;16:00 - 17:00;48,645.9;9,097.5;54.8;55.2;-0.4;139.45;110.0
12.3.2026;18;17:00 - 18:00;52,154.4;2,102.8;59.0;54.8;4.2;186.72;113.8
12.3.2026;19;18:00 - 19:00;107,385.8;81,121.7;179.8;202.6;-22.8;187.30;382.4
12.3.2026;20;19:00 - 20:00;69,100.8;33,745.0;100.9;134.3;-33.4;181.38;235.2
12.3.2026;21;20:00 - 21:00;42,424.8;583.1;64.4;74.8;-10.4;130.75;139.2
12.3.2026;22;21:00 - 22:00;6,316.3;9,732.5;63.3;63.3;0.0;131.01;126.6
12.3.2026;23;22:00 - 23:00;559.1;271.2;80.7;80.7;0.0;134.99;161.4
12.3.2026;24;23:00 - 00:00;76,047.2;10,200.5;48.3;48.3;0.0;108.39;96.6
13.3.2026;1;00:00 - 01:00;2,249.1;134.8;41.0;15.6;25.4;117.35;56.6
13.3.2026;2;01:00 - 02:00;356.8;98.1;79.5;6.0;73.5;100.79;85.5
13.3.2026;3;02:00 - 03:00;320.4;145.3;83.2;21.0;62.2;99.90;104.2
13.3.2026;4;03:00 - 04:00;292.2;111.5;64.6;28.2;36.4;99.55;92.8
13.3.2026;5;04:00 - 05:00;1,466.9;209.2;56.8;16.9;39.9;105.97;73.7
13.3.2026;6;05:00 - 06:00;387.1;126.3;87.2;16.4;70.8;116.43;103.6
13.3.2026;7;06:00 - 07:00;10,935.7;342.7;47.3;46.9;0.4;138.19;94.2
13.3.2026;8;07:00 - 08:00;16,166.5;264.0;104.7;33.8;70.9;108.97;138.5
13.3.2026;9;08:00 - 09:00;386.4;396.0;53.9;28.1;25.8;62.95;82.0
13.3.2026;10;09:00 - 10:00;2,391.0;1,292.4;48.8;39.8;9.0;15.90;88.6
13.3.2026;11;10:00 - 11:00;672.8;746.6;114.3;105.6;8.7;6.32;219.9
13.3.2026;12;11:00 - 12:00;1,233.1;2,000.4;122.2;80.4;41.8;1.83;202.6
13.3.2026;13;12:00 - 13:00;1,136.7;2,989.2;143.4;75.0;68.4;0.72;218.4
13.3.2026;14;13:00 - 14:00;17,903.1;1,115.0;113.8;62.0;51.8;3.71;175.8
13.3.2026;15;14:00 - 15:00;27,998.7;672.4;175.4;40.5;134.9;27.03;215.9
13.3.2026;16;15:00 - 16:00;14,986.2;1,957.4;137.1;58.1;79.0;69.65;195.2
13.3.2026;17;16:00 - 17:00;7,638.8;2,175.6;85.7;69.3;16.4;105.42;155.0
13.3.2026;18;17:00 - 18:00;25,095.9;9,126.2;116.3;291.6;-175.3;144.71;407.9
13.3.2026;19;18:00 - 19:00;1,653.5;1,452.0;105.2;224.8;-119.6;156.37;330.0
13.3.2026;20;19:00 - 20:00;3,864.0;8,205.1;51.0;266.5;-215.5;156.53;317.5
13.3.2026;21;20:00 - 21:00;5,719.1;7,311.2;67.6;204.4;-136.8;124.61;272.0
13.3.2026;22;21:00 - 22:00;5,215.3;8,357.8;59.6;167.6;-108.0;129.42;227.2
13.3.2026;23;22:00 - 23:00;2,254.7;338.3;57.5;88.5;-31.0;123.76;146.0
13.3.2026;24;23:00 - 00:00;2,927.6;209.1;56.9;81.7;-24.8;115.11;138.6
14.3.2026;1;00:00 - 01:00;151.3;114.2;49.1;41.0;8.1;117.78;90.1
14.3.2026;2;01:00 - 02:00;76.3;155.7;35.0;38.1;-3.1;112.37;73.1
14.3.2026;3;02:00 - 03:00;213.5;187.1;46.7;46.9;-0.2;103.75;93.6
14.3.2026;4;03:00 - 04:00;234.0;152.4;47.2;54.4;-7.2;106.45;101.6
14.3.2026;5;04:00 - 05:00;500.1;163.0;47.1;49.0;-1.9;106.50;96.1
14.3.2026;6;05:00 - 06:00;208.9;186.3;49.8;50.7;-0.9;109.91;100.5
14.3.2026;7;06:00 - 07:00;339.5;149.9;78.4;53.5;24.9;113.19;131.9
14.3.2026;8;07:00 - 08:00;14,550.3;1,900.2;88.1;42.4;45.7;90.24;130.5
14.3.2026;9;08:00 - 09:00;304.8;6,470.3;23.1;66.3;-43.2;41.12;89.4
14.3.2026;10;09:00 - 10:00;729.8;713.7;140.6;82.9;57.7;13.37;223.5
14.3.2026;11;10:00 - 11:00;3,370.4;7,462.1;120.3;97.8;22.5;5.63;218.1
14.3.2026;12;11:00 - 12:00;18,456.7;1,547.1;146.8;72.5;74.3;-3.30;219.3
14.3.2026;13;12:00 - 13:00;88,275.3;14,073.8;222.1;124.7;97.4;-8.66;346.8
14.3.2026;14;13:00 - 14:00;5,547.4;804.6;78.9;120.3;-41.4;-3.93;199.2
14.3.2026;15;14:00 - 15:00;11,141.7;664.5;154.6;74.4;80.2;5.31;229.0
14.3.2026;16;15:00 - 16:00;83,424.9;614.7;47.1;33.6;13.5;56.35;80.7
14.3.2026;17;16:00 - 17:00;23,522.8;429.4;32.9;73.8;-40.9;115.20;106.7
14.3.2026;18;17:00 - 18:00;16,143.4;639.9;134.0;224.0;-90.0;144.85;358.0
14.3.2026;19;18:00 - 19:00;34,136.5;452.2;125.1;164.9;-39.8;163.05;290.0
14.3.2026;20;19:00 - 20:00;2,206.8;283.9;92.0;99.7;-7.7;167.38;191.7
14.3.2026;21;20:00 - 21:00;628.6;423.6;90.0;198.6;-108.6;145.98;288.6
14.3.2026;22;21:00 - 22:00;503.6;8,768.3;86.2;83.8;2.4;132.52;170.0
14.3.2026;23;22:00 - 23:00;1,760.2;147.0;88.2;77.6;10.6;131.95;165.8
14.3.2026;24;23:00 - 00:00;4,728.1;308.2;66.9;79.2;-12.3;128.97;146.1
15.3.2026;1;00:00 - 01:00;8,021.1;206.9;49.3;84.4;-35.1;130.61;133.7
15.3.2026;2;01:00 - 02:00;615.8;153.3;66.4;72.9;-6.5;127.60;139.3
15.3.2026;3;02:00 - 03:00;748.4;128.4;51.3;32.5;18.8;126.85;83.8
15.3.2026;4;03:00 - 04:00;1,382.9;67.6;33.0;28.7;4.3;123.32;61.7
15.3.2026;5;04:00 - 05:00;325.2;68.3;63.4;24.5;38.9;120.06;87.9
15.3.2026;6;05:00 - 06:00;6,691.6;107.5;55.9;19.3;36.6;120.33;75.2
15.3.2026;7;06:00 - 07:00;1,290.8;99.3;61.0;30.6;30.4;114.42;91.6
15.3.2026;8;07:00 - 08:00;941.0;58.8;46.1;15.0;31.1;107.85;61.1
15.3.2026;9;08:00 - 09:00;49,233.1;409.9;43.7;52.3;-8.6;72.32;96.0
15.3.2026;10;09:00 - 10:00;614.6;8,943.0;24.2;53.1;-28.9;48.36;77.3
15.3.2026;11;10:00 - 11:00;5,068.3;7,333.4;46.7;28.8;17.9;60.71;75.5
15.3.2026;12;11:00 - 12:00;16,655.0;4,376.4;85.7;58.2;27.5;55.09;143.9
15.3.2026;13;12:00 - 13:00;7,421.6;5,302.5;162.6;55.4;107.2;48.95;218.0
15.3.2026;14;13:00 - 14:00;982.5;13,681.9;254.0;82.5;171.5;27.70;336.5
15.3.2026;15;14:00 - 15:00;3,814.4;9,807.2;306.7;57.2;249.5;28.89;363.9
15.3.2026;16;15:00 - 16:00;4,782.0;465.2;258.9;31.8;227.1;55.75;290.7
15.3.2026;17;16:00 - 17:00;538.1;554.6;87.6;39.0;48.6;88.93;126.6
15.3.2026;18;17:00 - 18:00;2,843.6;839.7;126.3;148.4;-22.1;128.33;274.7
15.3.2026;19;18:00 - 19:00;15,948.9;13,042.3;104.1;135.8;-31.7;150.88;239.9
15.3.2026;20;19:00 - 20:00;8,197.3;2,005.1;67.6;126.4;-58.8;144.76;194.0
15.3.2026;21;20:00 - 21:00;5,652.4;627.4;118.3;116.5;1.8;147.27;234.8
15.3.2026;22;21:00 - 22:00;2,831.6;183.1;104.6;23.4;81.2;126.47;128.0
15.3.2026;23;22:00 - 23:00;1,424.4;403.8;68.7;13.7;55.0;114.12;82.4
15.3.2026;24;23:00 - 00:00;909.1;181.5;79.7;9.6;70.1;103.51;89.3
16.3.2026;1;00:00 - 01:00;445.5;68.6;39.2;1.3;37.9;52.36;40.5
16.3.2026;2;01:00 - 02:00;4,243.7;121.6;30.6;40.0;-9.4;64.98;70.6
16.3.2026;3;02:00 - 03:00;5,637.3;165.1;44.9;47.4;-2.5;67.81;92.3
16.3.2026;4;03:00 - 04:00;2,674.5;201.9;22.9;43.9;-21.0;74.54;66.8
16.3.2026;5;04:00 - 05:00;1,387.3;150.1;27.6;35.4;-7.8;82.70;63.0
16.3.2026;6;05:00 - 06:00;13,917.6;88.6;82.5;7.7;74.8;95.92;90.2
16.3.2026;7;06:00 - 07:00;3,855.7;107.0;87.9;18.3;69.6;146.84;106.2
16.3.2026;8;07:00 - 08:00;588.0;185.1;89.3;39.9;49.4;133.39;129.2
16.3.2026;9;08:00 - 09:00;1,273.5;1,034.8;39.3;83.0;-43.7;104.08;122.3
16.3.2026;10;09:00 - 10:00;489.6;683.9;53.2;124.1;-70.9;103.51;177.3
16.3.2026;11;10:00 - 11:00;821.8;800.3;136.2;195.9;-59.7;76.60;332.1
16.3.2026;12;11:00 - 12:00;3,177.2;2,288.2;129.4;217.8;-88.4;61.20;347.2
16.3.2026;13;12:00 - 13:00;4,201.9;4,070.8;204.1;178.0;26.1;51.13;382.1
16.3.2026;14;13:00 - 14:00;5,475.2;2,320.2;226.1;112.8;113.3;64.60;338.9
16.3.2026;15;14:00 - 15:00;4,712.1;398.9;69.1;89.8;-20.7;85.01;158.9
16.3.2026;16;15:00 - 16:00;6,526.1;877.3;148.9;64.6;84.3;114.27;213.5
16.3.2026;17;16:00 - 17:00;9,187.1;4,618.1;136.3;59.7;76.6;159.01;196.0
16.3.2026;18;17:00 - 18:00;3,041.7;1,080.4;96.9;115.4;-18.5;185.25;212.3
16.3.2026;19;18:00 - 19:00;19,605.1;4,929.0;135.1;116.4;18.7;212.31;251.5
16.3.2026;20;19:00 - 20:00;8,715.4;7,680.3;103.0;136.9;-33.9;220.18;239.9
16.3.2026;21;20:00 - 21:00;16,105.2;467.9;109.8;138.9;-29.1;175.72;248.7
16.3.2026;22;21:00 - 22:00;25,174.5;43,290.5;62.9;66.2;-3.3;179.69;129.1
16.3.2026;23;22:00 - 23:00;23,686.4;9,697.4;100.5;100.8;-0.3;143.92;201.3
16.3.2026;24;23:00 - 00:00;8,254.8;1,919.1;48.3;66.9;-18.6;123.32;115.2
17.3.2026;1;00:00 - 01:00;1,601.6;85.8;35.2;24.1;11.1;165.95;59.3
17.3.2026;2;01:00 - 02:00;1,268.0;95.6;24.0;16.7;7.3;122.39;40.7
17.3.2026;3;02:00 - 03:00;2,808.5;121.8;26.0;18.9;7.1;127.98;44.9
17.3.2026;4;03:00 - 04:00;1,849.5;131.0;26.2;26.7;-0.5;129.93;52.9
17.3.2026;5;04:00 - 05:00;781.8;100.2;24.2;19.7;4.5;129.20;43.9
17.3.2026;6;05:00 - 06:00;6,757.5;80.7;199.8;29.6;170.2;154.95;229.4
17.3.2026;7;06:00 - 07:00;427.1;101.7;20.0;11.2;8.8;145.61;31.2
17.3.2026;8;07:00 - 08:00;256.1;261.7;96.2;45.6;50.6;166.80;141.8
17.3.2026;9;08:00 - 09:00;372.2;534.1;80.7;20.7;60.0;152.49;101.4
17.3.2026;10;09:00 - 10:00;784.9;979.4;111.4;73.4;38.0;102.67;184.8
17.3.2026;11;10:00 - 11:00;1,329.3;2,705.4;203.8;109.7;94.1;75.57;313.5
17.3.2026;12;11:00 - 12:00;1,307.2;529.2;151.1;154.2;-3.1;83.77;305.3
17.3.2026;13;12:00 - 13:00;2,644.6;3,492.6;127.9;129.1;-1.2;95.74;257.0
17.3.2026;14;13:00 - 14:00;6,646.5;3,028.1;155.2;121.4;33.8;103.09;276.6
17.3.2026;15;14:00 - 15:00;1,597.3;2,558.7;197.2;83.7;113.5;100.58;280.9
17.3.2026;16;15:00 - 16:00;7,125.3;7,348.6;129.4;60.4;69.0;109.39;189.8
17.3.2026;17;16:00 - 17:00;9,296.1;3,825.8;80.7;117.8;-37.1;129.98;198.5
17.3.2026;18;17:00 - 18:00;16,344.3;23,614.4;33.3;150.5;-117.2;152.26;183.8
17.3.2026;19;18:00 - 19:00;26,017.4;19,702.8;77.6;130.6;-53.0;182.84;208.2
17.3.2026;20;19:00 - 20:00;5,822.7;28,300.4;39.2;158.9;-119.7;170.50;198.1
17.3.2026;21;20:00 - 21:00;22,243.3;24,600.9;29.2;62.6;-33.4;134.69;91.8
17.3.2026;22;21:00 - 22:00;10,683.2;35,242.9;87.3;53.4;33.9;124.62;140.7
17.3.2026;23;22:00 - 23:00;313.0;2,834.0;15.4;45.4;-30.0;108.16;60.8
17.3.2026;24;23:00 - 00:00;3,167.6;196.8;24.4;51.5;-27.1;98.19;75.9
18.3.2026;1;00:00 - 01:00;43.8;29.6;2.6;0.0;2.6;91.21;2.6
18.3.2026;2;01:00 - 02:00;85.7;50.8;8.5;4.0;4.5;89.60;12.5
18.3.2026;3;02:00 - 03:00;156.9;62.0;17.5;6.2;11.3;83.65;23.7
18.3.2026;4;03:00 - 04:00;150.2;57.8;20.1;14.1;6.0;86.74;34.2
18.3.2026;5;04:00 - 05:00;143.3;114.4;9.6;16.0;-6.4;86.13;25.6
18.3.2026;6;05:00 - 06:00;122.0;69.2;8.3;26.0;-17.7;96.43;34.3
18.3.2026;7;06:00 - 07:00;77.5;177.7;15.4;29.1;-13.7;128.56;44.5
18.3.2026;8;07:00 - 08:00;240.2;302.3;47.2;33.6;13.6;120.54;80.8
18.3.2026;9;08:00 - 09:00;200.2;240.0;43.3;22.2;21.1;87.11;65.5
18.3.2026;10;09:00 - 10:00;17,193.3;1,492.4;86.8;88.7;-1.9;52.32;175.5
18.3.2026;11;10:00 - 11:00;5,929.0;1,568.7;78.7;79.4;-0.7;10.82;158.1
18.3.2026;12;11:00 - 12:00;5,290.7;1,017.8;112.6;129.9;-17.3;4.08;242.5
18.3.2026;13;12:00 - 13:00;6,073.2;648.4;260.9;187.1;73.8;4.21;448.0
18.3.2026;14;13:00 - 14:00;7,945.2;978.7;185.2;120.1;65.1;6.12;305.3
18.3.2026;15;14:00 - 15:00;5,603.4;731.5;165.8;113.2;52.6;21.38;279.0
18.3.2026;16;15:00 - 16:00;1,774.1;2,184.7;58.2;57.1;1.1;52.70;115.3
18.3.2026;17;16:00 - 17:00;13,662.3;4,120.8;55.2;38.7;16.5;117.29;93.9
18.3.2026;18;17:00 - 18:00;4,038.9;2,311.5;48.2;96.4;-48.2;147.81;144.6
18.3.2026;19;18:00 - 19:00;62,476.8;335.1;95.6;93.2;2.4;169.08;188.8
18.3.2026;20;19:00 - 20:00;87,239.2;6,413.6;97.2;105.2;-8.0;170.97;202.4
18.3.2026;21;20:00 - 21:00;39,790.7;1,096.7;62.3;81.4;-19.1;145.70;143.7
18.3.2026;22;21:00 - 22:00;1,915.5;196.0;74.4;20.0;54.4;129.88;94.4
18.3.2026;23;22:00 - 23:00;8,473.7;568.6;57.1;22.2;34.9;123.12;79.3
18.3.2026;24;23:00 - 00:00;1,628.8;158.2;80.5;32.9;47.6;113.92;113.4
19.3.2026;1;00:00 - 01:00;347.5;104.1;34.3;10.6;23.7;115.85;44.9
19.3.2026;2;01:00 - 02:00;83.0;111.0;1.7;11.6;-9.9;118.37;13.3
19.3.2026;3;02:00 - 03:00;336.8;138.5;32.6;29.1;3.5;121.35;61.7
19.3.2026;4;03:00 - 04:00;1,028.8;122.3;37.8;30.5;7.3;119.43;68.3
19.3.2026;5;04:00 - 05:00;342.2;117.4;18.9;41.5;-22.6;127.60;60.4
19.3.2026;6;05:00 - 06:00;186.1;135.8;20.0;54.7;-34.7;143.09;74.7
19.3.2026;7;06:00 - 07:00;90.6;388.0;7.5;159.5;-152.0;174.35;167.0
19.3.2026;8;07:00 - 08:00;868.8;171.3;52.1;41.0;11.1;168.20;93.1
19.3.2026;9;08:00 - 09:00;2,175.5;239.4;23.9;34.0;-10.1;140.55;57.9
19.3.2026;10;09:00 - 10:00;4,810.2;769.9;72.0;114.0;-42.0;142.79;186.0
19.3.2026;11;10:00 - 11:00;17,413.4;1,022.1;86.1;91.7;-5.6;109.46;177.8
19.3.2026;12;11:00 - 12:00;2,844.9;1,057.0;293.2;240.2;53.0;63.66;533.4
19.3.2026;13;12:00 - 13:00;8,636.7;1,533.9;315.2;215.9;99.3;64.29;531.1
19.3.2026;14;13:00 - 14:00;4,942.6;3,258.4;276.4;201.0;75.4;89.64;477.4
19.3.2026;15;14:00 - 15:00;16,336.5;9,185.1;146.1;174.4;-28.3;130.37;320.5
19.3.2026;16;15:00 - 16:00;43,007.5;7,639.8;41.9;71.8;-29.9;119.44;113.7
19.3.2026;17;16:00 - 17:00;48,615.3;2,696.5;60.4;56.6;3.8;137.41;117.0
19.3.2026;18;17:00 - 18:00;5,812.1;1,277.5;97.3;96.3;1.0;178.19;193.6
19.3.2026;19;18:00 - 19:00;6,307.0;954.6;106.2;166.7;-60.5;225.49;272.9
19.3.2026;20;19:00 - 20:00;8,132.3;1,320.0;87.8;176.1;-88.3;232.43;263.9
19.3.2026;21;20:00 - 21:00;3,056.0;1,713.9;123.3;187.0;-63.7;178.50;310.3
19.3.2026;22;21:00 - 22:00;1,472.4;286.8;78.4;66.8;11.6;154.73;145.2
19.3.2026;23;22:00 - 23:00;1,123.9;219.8;88.7;62.6;26.1;149.41;151.3
19.3.2026;24;23:00 - 00:00;733.8;216.1;68.0;75.7;-7.7;141.83;143.7
20.3.2026;1;00:00 - 01:00;683.2;145.5;21.0;10.2;10.8;149.01;31.2
20.3.2026;2;01:00 - 02:00;1,409.9;84.5;36.3;6.9;29.4;148.77;43.2
20.3.2026;3;02:00 - 03:00;1,964.5;132.6;28.8;7.0;21.8;140.95;35.8
20.3.2026;4;03:00 - 04:00;1,001.1;75.4;49.6;3.6;46.0;139.18;53.2
20.3.2026;5;04:00 - 05:00;1,948.5;158.8;49.3;21.2;28.1;144.12;70.5
20.3.2026;6;05:00 - 06:00;9,652.3;182.4;47.4;10.6;36.8;151.30;58.0
20.3.2026;7;06:00 - 07:00;188.2;188.9;41.6;14.1;27.5;180.39;55.7
20.3.2026;8;07:00 - 08:00;239.7;73.7;34.4;10.7;23.7;182.10;45.1
20.3.2026;9;08:00 - 09:00;219.4;159.6;38.9;3.6;35.3;153.32;42.5
20.3.2026;10;09:00 - 10:00;9,476.7;889.0;48.7;13.2;35.5;143.48;61.9
20.3.2026;11;10:00 - 11:00;1,616.6;142.5;171.3;17.3;154.0;91.59;188.6
20.3.2026;12;11:00 - 12:00;648.9;255.6;212.5;38.0;174.5;74.90;250.5
20.3.2026;13;12:00 - 13:00;7,923.1;7,862.8;183.5;77.1;106.4;70.10;260.6
20.3.2026;14;13:00 - 14:00;2,505.6;6,553.9;72.3;265.5;-193.2;75.86;337.8
20.3.2026;15;14:00 - 15:00;4,650.9;52,542.2;63.0;55.6;7.4;91.34;118.6
20.3.2026;16;15:00 - 16:00;5,167.0;14,001.2;125.2;13.7;111.5;110.39;138.9
20.3.2026;17;16:00 - 17:00;4,205.5;12,014.3;96.5;18.0;78.5;136.66;114.5
20.3.2026;18;17:00 - 18:00;207.2;534.2;36.3;31.9;4.4;165.88;68.2
20.3.2026;19;18:00 - 19:00;688.7;1,597.6;51.6;159.3;-107.7;192.28;210.9
20.3.2026;20;19:00 - 20:00;322.2;2,863.1;81.4;178.1;-96.7;191.63;259.5
20.3.2026;21;20:00 - 21:00;5,173.7;5,782.4;44.2;112.0;-67.8;161.01;156.2
20.3.2026;22;21:00 - 22:00;310.4;199.8;40.7;32.1;8.6;153.83;72.8
20.3.2026;23;22:00 - 23:00;5,003.1;5,576.5;54.2;61.6;-7.4;147.14;115.8
20.3.2026;24;23:00 - 00:00;89,284.1;1,776.6;59.0;109.0;-50.0;156.61;168.0
21.3.2026;1;00:00 - 01:00;764.0;133.2;16.4;19.3;-2.9;153.94;35.7
21.3.2026;2;01:00 - 02:00;2,567.7;81.8;27.2;19.3;7.9;156.68;46.5
21.3.2026;3;02:00 - 03:00;2,566.5;57.8;20.6;17.4;3.2;142.18;38.0
21.3.2026;4;03:00 - 04:00;12,383.8;135.8;45.2;21.8;23.4;140.36;67.0
21.3.2026;5;04:00 - 05:00;14,959.2;61.3;35.8;17.3;18.5;144.72;53.1
21.3.2026;6;05:00 - 06:00;4,297.3;71.8;27.2;17.3;9.9;154.55;44.5
21.3.2026;7;06:00 - 07:00;6,382.1;83.4;37.0;22.3;14.7;146.74;59.3
21.3.2026;8;07:00 - 08:00;10,236.1;84.4;52.2;21.6;30.6;139.65;73.8
21.3.2026;9;08:00 - 09:00;2,527.2;316.9;60.5;88.0;-27.5;125.34;148.5
21.3.2026;10;09:00 - 10:00;22,593.0;535.7;95.0;126.4;-31.4;116.57;221.4
21.3.2026;11;10:00 - 11:00;2,379.1;320.1;53.8;127.7;-73.9;98.51;181.5
21.3.2026;12;11:00 - 12:00;8,001.3;8,845.2;61.3;45.7;15.6;60.75;107.0
21.3.2026;13;12:00 - 13:00;2,569.0;1,884.5;57.1;167.9;-110.8;46.69;225.0
21.3.2026;14;13:00 - 14:00;7,304.3;3,756.8;25.6;95.0;-69.4;50.91;120.6
21.3.2026;15;14:00 - 15:00;844.6;1,782.9;26.2;70.7;-44.5;86.63;96.9
21.3.2026;16;15:00 - 16:00;8,209.1;1,927.6;65.5;73.3;-7.8;109.44;138.8
21.3.2026;17;16:00 - 17:00;13,018.6;293.6;67.6;31.1;36.5;132.09;98.7
21.3.2026;18;17:00 - 18:00;37,704.9;3,003.4;104.6;118.8;-14.2;147.02;223.4
21.3.2026;19;18:00 - 19:00;1,789.2;248.2;65.1;104.9;-39.8;165.44;170.0
21.3.2026;20;19:00 - 20:00;1,391.3;805.3;80.6;117.4;-36.8;154.89;198.0
21.3.2026;21;20:00 - 21:00;11,005.9;411.7;40.9;123.9;-83.0;143.58;164.8
21.3.2026;22;21:00 - 22:00;6,415.5;175.5;48.0;19.9;28.1;131.85;67.9
21.3.2026;23;22:00 - 23:00;2,364.3;4,249.3;37.2;32.3;4.9;130.33;69.5
21.3.2026;24;23:00 - 00:00;1,204.6;767.3;24.4;38.4;-14.0;116.04;62.8
22.3.2026;1;00:00 - 01:00;10,480.7;1,999.9;14.0;30.0;-16.0;102.78;44.0
22.3.2026;2;01:00 - 02:00;9,055.4;1,997.5;0.0;21.0;-21.0;97.86;21.0
22.3.2026;3;02:00 - 03:00;9,366.8;8,674.5;16.0;13.4;2.6;91.46;29.4
22.3.2026;4;03:00 - 04:00;7,554.7;2,913.5;6.4;20.8;-14.4;95.32;27.2
22.3.2026;5;04:00 - 05:00;7,894.0;5,380.1;24.4;25.9;-1.5;98.30;50.3
22.3.2026;6;05:00 - 06:00;11,040.7;6,291.5;24.8;10.9;13.9;114.31;35.7
22.3.2026;7;06:00 - 07:00;6,162.0;6,485.2;29.2;7.2;22.0;102.88;36.4
22.3.2026;8;07:00 - 08:00;11,980.8;10,569.2;20.0;4.0;16.0;86.21;24.0
22.3.2026;9;08:00 - 09:00;12,394.4;5,886.4;28.2;31.6;-3.4;45.68;59.8
22.3.2026;10;09:00 - 10:00;14,232.3;237.1;33.4;53.4;-20.0;7.40;86.8
22.3.2026;11;10:00 - 11:00;38,162.6;10,089.9;71.8;58.4;13.4;-2.04;130.2
22.3.2026;12;11:00 - 12:00;1,396.6;632.7;128.6;90.6;38.0;-0.93;219.2
22.3.2026;13;12:00 - 13:00;5,269.8;3,562.3;71.5;122.3;-50.8;-2.21;193.8
22.3.2026;14;13:00 - 14:00;62,840.1;2,461.1;104.4;181.9;-77.5;6.19;286.3
22.3.2026;15;14:00 - 15:00;16,914.9;5,633.7;178.1;187.0;-8.9;24.44;365.1
22.3.2026;16;15:00 - 16:00;18,143.9;3,006.1;82.4;81.0;1.4;77.18;163.4
22.3.2026;17;16:00 - 17:00;33,842.4;560.9;69.5;45.7;23.8;99.16;115.2
22.3.2026;18;17:00 - 18:00;113,644.3;20,730.2;87.9;91.0;-3.1;141.71;178.9
22.3.2026;19;18:00 - 19:00;57,433.5;2,163.9;104.0;153.5;-49.5;164.29;257.5
22.3.2026;20;19:00 - 20:00;9,172.3;412.2;81.3;132.4;-51.1;164.91;213.7
22.3.2026;21;20:00 - 21:00;46,529.5;3,641.9;94.4;130.1;-35.7;161.09;224.5
22.3.2026;22;21:00 - 22:00;18,708.3;396.6;85.1;49.3;35.8;153.15;134.4
22.3.2026;23;22:00 - 23:00;6,267.3;312.8;61.6;45.1;16.5;144.27;106.7
22.3.2026;24;23:00 - 00:00;207.5;258.8;49.8;39.1;10.7;143.36;88.9
23.3.2026;1;00:00 - 01:00;163.1;73.8;23.4;3.3;20.1;141.39;26.7
23.3.2026;2;01:00 - 02:00;226.7;57.7;48.6;2.0;46.6;143.25;50.6
23.3.2026;3;02:00 - 03:00;1,078.7;108.5;57.7;9.5;48.2;147.85;67.2
23.3.2026;4;03:00 - 04:00;2,744.9;89.5;66.1;11.5;54.6;147.58;77.6
23.3.2026;5;04:00 - 05:00;13,863.0;62.5;69.1;1.0;68.1;153.67;70.1
23.3.2026;6;05:00 - 06:00;13,785.5;97.2;45.6;9.4;36.2;166.22;55.0
23.3.2026;7;06:00 - 07:00;6,326.8;372.4;71.9;46.2;25.7;187.46;118.1
23.3.2026;8;07:00 - 08:00;5,776.0;306.6;76.7;142.7;-66.0;190.16;219.4
23.3.2026;9;08:00 - 09:00;13,117.0;88.7;20.1;0.0;20.1;159.49;20.1
23.3.2026;10;09:00 - 10:00;2,268.6;435.0;264.3;53.4;210.9;119.65;317.7
23.3.2026;11;10:00 - 11:00;5,386.7;944.5;229.2;87.1;142.1;103.90;316.3
23.3.2026;12;11:00 - 12:00;6,413.3;598.4;135.9;104.6;31.3;98.54;240.5
23.3.2026;13;12:00 - 13:00;31,071.3;1,745.4;81.8;70.8;11.0;100.96;152.6
23.3.2026;14;13:00 - 14:00;13,377.3;2,301.8;193.0;107.1;85.9;113.37;300.1
23.3.2026;15;14:00 - 15:00;5,500.4;2,395.2;92.0;71.3;20.7;128.61;163.3
23.3.2026;16;15:00 - 16:00;26,681.2;20,659.2;75.6;71.8;3.8;149.82;147.4
23.3.2026;17;16:00 - 17:00;50,408.7;2,384.5;47.9;51.4;-3.5;150.06;99.3
23.3.2026;18;17:00 - 18:00;20,503.7;20,592.4;93.0;133.2;-40.2;190.80;226.2
23.3.2026;19;18:00 - 19:00;309.9;375.5;40.4;63.7;-23.3;293.43;104.1
23.3.2026;20;19:00 - 20:00;507.5;722.3;99.4;203.9;-104.5;272.59;303.3
23.3.2026;21;20:00 - 21:00;1,486.6;1,476.3;87.5;96.6;-9.1;210.44;184.1
23.3.2026;22;21:00 - 22:00;228.6;127.2;95.7;37.4;58.3;171.25;133.1
23.3.2026;23;22:00 - 23:00;11,031.8;5,328.2;87.6;48.9;38.7;153.80;136.5
23.3.2026;24;23:00 - 00:00;65,814.3;40,135.6;42.0;53.1;-11.1;150.92;95.1
24.3.2026;1;00:00 - 01:00;67.4;230.0;11.8;5.7;6.1;148.74;17.5
24.3.2026;2;01:00 - 02:00;92.3;73.4;26.6;7.4;19.2;160.60;34.0
24.3.2026;3;02:00 - 03:00;762.8;71.9;11.2;10.8;0.4;118.46;22.0
24.3.2026;4;03:00 - 04:00;4,739.0;110.8;41.8;32.1;9.7;98.79;73.9
24.3.2026;5;04:00 - 05:00;3,175.2;88.6;42.9;14.0;28.9;101.55;56.9
24.3.2026;6;05:00 - 06:00;1,664.8;98.7;47.3;6.9;40.4;115.05;54.2
24.3.2026;7;06:00 - 07:00;8,658.5;87.3;55.4;1.4;54.0;113.08;56.8
24.3.2026;8;07:00 - 08:00;5,104.1;247.1;40.8;13.8;27.0;112.10;54.6
24.3.2026;9;08:00 - 09:00;49,197.0;1,534.9;39.1;26.6;12.5;107.08;65.7
24.3.2026;10;09:00 - 10:00;5,055.8;3,603.9;82.5;77.8;4.7;76.58;160.3
24.3.2026;11;10:00 - 11:00;3,953.6;2,086.1;213.8;76.6;137.2;28.48;290.4
24.3.2026;12;11:00 - 12:00;2,515.1;1,041.4;163.9;114.7;49.2;15.76;278.6
24.3.2026;13;12:00 - 13:00;11,079.6;9,003.7;222.6;169.9;52.7;27.34;392.5
24.3.2026;14;13:00 - 14:00;5,825.0;6,284.2;161.3;72.6;88.7;54.85;233.9
24.3.2026;15;14:00 - 15:00;28,268.2;11,839.0;133.6;73.5;60.1;90.39;207.1
24.3.2026;16;15:00 - 16:00;20,956.8;313.8;102.8;99.8;3.0;114.83;202.6
24.3.2026;17;16:00 - 17:00;82,505.5;162.7;22.9;19.9;3.0;138.70;42.8
24.3.2026;18;17:00 - 18:00;108,690.1;260.5;73.4;64.8;8.6;148.29;138.2
24.3.2026;19;18:00 - 19:00;58,969.1;5,230.0;65.0;70.5;-5.5;148.73;135.5
24.3.2026;20;19:00 - 20:00;97,295.4;11,204.9;43.2;48.0;-4.8;131.65;91.2
24.3.2026;21;20:00 - 21:00;22,969.1;40,543.0;60.0;60.0;0.0;122.06;120.0
24.3.2026;22;21:00 - 22:00;80,507.0;71.6;0.0;0.0;0.0;;0.0
24.3.2026;23;22:00 - 23:00;56,838.3;233.2;0.0;0.0;0.0;;0.0
24.3.2026;24;23:00 - 00:00;48,291.9;69,527.9;174.7;101.6;73.1;136.62;276.3
25.3.2026;1;00:00 - 01:00;1,036.3;154.4;75.0;77.0;-2.0;119.22;152.0
25.3.2026;2;01:00 - 02:00;1,454.2;154.2;94.9;43.0;51.9;109.46;137.9
25.3.2026;3;02:00 - 03:00;1,204.9;152.0;114.7;12.0;102.7;116.20;126.7
25.3.2026;4;03:00 - 04:00;11,722.3;196.2;97.7;17.5;80.2;107.14;115.2
25.3.2026;5;04:00 - 05:00;3,332.8;194.4;75.1;26.6;48.5;112.26;101.7
25.3.2026;6;05:00 - 06:00;1,459.8;292.6;37.8;24.3;13.5;131.49;62.1
25.3.2026;7;06:00 - 07:00;3,751.9;300.9;74.4;31.2;43.2;149.68;105.6
25.3.2026;8;07:00 - 08:00;7,718.7;162.0;65.6;34.1;31.5;129.46;99.7
25.3.2026;9;08:00 - 09:00;4,665.1;239.9;39.4;42.3;-2.9;91.43;81.7
25.3.2026;10;09:00 - 10:00;9,618.1;603.2;99.4;49.0;50.4;68.31;148.4
25.3.2026;11;10:00 - 11:00;11,773.0;1,494.6;194.7;73.1;121.6;40.60;267.8
25.3.2026;12;11:00 - 12:00;4,339.2;1,147.6;129.6;63.1;66.5;29.29;192.7
25.3.2026;13;12:00 - 13:00;8,244.3;704.5;69.0;41.7;27.3;20.96;110.7
25.3.2026;14;13:00 - 14:00;4,601.1;152.6;107.1;42.6;64.5;25.86;149.7
25.3.2026;15;14:00 - 15:00;9,400.7;101.3;137.8;42.6;95.2;48.08;180.4
25.3.2026;16;15:00 - 16:00;4,491.0;238.9;113.2;98.3;14.9;104.85;211.5
25.3.2026;17;16:00 - 17:00;48,916.5;4,354.7;200.9;191.6;9.3;124.30;392.5
25.3.2026;18;17:00 - 18:00;12,952.6;259.7;42.8;42.8;0.0;148.63;85.6
25.3.2026;19;18:00 - 19:00;21,279.0;540.3;58.8;64.6;-5.8;198.63;123.4
25.3.2026;20;19:00 - 20:00;20,764.5;962.8;106.3;72.0;34.3;198.28;178.3
25.3.2026;21;20:00 - 21:00;23,438.7;1,404.6;125.2;137.1;-11.9;165.54;262.3
25.3.2026;22;21:00 - 22:00;22,135.4;728.6;117.9;98.9;19.0;138.96;216.8
25.3.2026;23;22:00 - 23:00;13,585.2;264.7;19.2;29.0;-9.8;119.49;48.2
25.3.2026;24;23:00 - 00:00;20,334.3;273.2;4.0;41.0;-37.0;105.91;45.0
26.3.2026;1;00:00 - 01:00;8,579.0;44.6;59.6;0.4;59.2;104.66;60.0
26.3.2026;2;01:00 - 02:00;5,531.6;78.2;63.8;3.9;59.9;100.49;67.7
26.3.2026;3;02:00 - 03:00;8,091.0;79.8;45.7;2.9;42.8;99.23;48.6
26.3.2026;4;03:00 - 04:00;5,336.2;58.1;53.1;2.8;50.3;100.60;55.9
26.3.2026;5;04:00 - 05:00;23,107.3;78.0;16.0;0.5;15.5;114.22;16.5
26.3.2026;6;05:00 - 06:00;181.7;89.7;51.5;27.3;24.2;129.80;78.8
26.3.2026;7;06:00 - 07:00;8,005.9;127.6;80.0;26.1;53.9;131.95;106.1
26.3.2026;8;07:00 - 08:00;435.4;209.7;38.0;62.8;-24.8;138.68;100.8
26.3.2026;9;08:00 - 09:00;1,532.5;1,225.7;30.0;216.0;-186.0;136.82;246.0
26.3.2026;10;09:00 - 10:00;1,275.8;2,847.3;38.0;158.9;-120.9;105.03;196.9
26.3.2026;11;10:00 - 11:00;1,070.5;4,565.7;68.5;137.6;-69.1;80.63;206.1
26.3.2026;12;11:00 - 12:00;2,052.5;1,964.0;111.0;163.8;-52.8;66.58;274.8
26.3.2026;13;12:00 - 13:00;2,034.1;3,664.6;84.0;91.9;-7.9;78.42;175.9
26.3.2026;14;13:00 - 14:00;3,807.4;4,627.8;141.4;163.1;-21.7;91.89;304.5
26.3.2026;15;14:00 - 15:00;6,206.0;1,736.2;45.7;94.7;-49.0;111.14;140.4
26.3.2026;16;15:00 - 16:00;13,341.4;2,150.7;93.3;103.3;-10.0;131.99;196.6
26.3.2026;17;16:00 - 17:00;22,069.6;16,668.6;28.4;32.1;-3.7;123.84;60.5
26.3.2026;18;17:00 - 18:00;62,499.1;7,668.2;19.2;28.9;-9.7;154.90;48.1
26.3.2026;19;18:00 - 19:00;25,865.6;12,857.4;69.0;80.3;-11.3;177.14;149.3
26.3.2026;20;19:00 - 20:00;8,762.8;677.4;62.3;141.6;-79.3;183.25;203.9
26.3.2026;21;20:00 - 21:00;806.3;450.4;63.0;139.7;-76.7;162.41;202.7
26.3.2026;22;21:00 - 22:00;735.4;237.7;44.1;88.7;-44.6;142.64;132.8
26.3.2026;23;22:00 - 23:00;17,724.7;326.1;45.7;93.6;-47.9;128.60;139.3
26.3.2026;24;23:00 - 00:00;39,305.6;193.2;4.0;96.0;-92.0;118.00;100.0
27.3.2026;1;00:00 - 01:00;5,589.3;65.2;0.0;15.0;-15.0;123.00;15.0
27.3.2026;2;01:00 - 02:00;2,870.7;100.6;17.0;40.0;-23.0;124.58;57.0
27.3.2026;3;02:00 - 03:00;3,089.6;110.8;16.0;28.0;-12.0;118.68;44.0
27.3.2026;4;03:00 - 04:00;20,422.6;84.8;20.0;24.0;-4.0;118.00;44.0
27.3.2026;5;04:00 - 05:00;23,683.6;95.8;2.2;42.0;-39.8;121.76;44.2
27.3.2026;6;05:00 - 06:00;79.8;125.5;14.6;37.0;-22.4;138.84;51.6
27.3.2026;7;06:00 - 07:00;1,688.7;153.8;41.5;19.1;22.4;158.68;60.6
27.3.2026;8;07:00 - 08:00;4,497.5;235.2;12.6;28.2;-15.6;157.17;40.8
27.3.2026;9;08:00 - 09:00;222.8;355.8;7.4;56.6;-49.2;140.53;64.0
27.3.2026;10;09:00 - 10:00;265.8;862.0;22.1;86.3;-64.2;111.46;108.4
27.3.2026;11;10:00 - 11:00;7,633.2;1,303.0;35.0;75.5;-40.5;110.63;110.5
27.3.2026;12;11:00 - 12:00;12,742.5;2,187.2;81.7;64.3;17.4;95.33;146.0
27.3.2026;13;12:00 - 13:00;456.7;2,633.8;99.8;102.7;-2.9;99.43;202.5
27.3.2026;14;13:00 - 14:00;445.0;3,230.9;106.5;125.4;-18.9;103.84;231.9
27.3.2026;15;14:00 - 15:00;438.8;2,222.3;124.8;117.9;6.9;102.70;242.7
27.3.2026;16;15:00 - 16:00;42,844.6;29,447.9;145.0;118.3;26.7;100.29;263.3
27.3.2026;17;16:00 - 17:00;12,735.5;61,155.2;93.4;93.2;0.2;120.41;186.6
27.3.2026;18;17:00 - 18:00;513.2;3,152.8;104.7;75.0;29.7;118.50;179.7
27.3.2026;19;18:00 - 19:00;4,114.5;6,309.1;86.7;102.5;-15.8;141.28;189.2
27.3.2026;20;19:00 - 20:00;824.9;390.3;110.7;111.0;-0.3;136.75;221.7
27.3.2026;21;20:00 - 21:00;3,576.0;4,864.7;81.3;71.2;10.1;114.61;152.5
27.3.2026;22;21:00 - 22:00;4,919.1;2,493.4;77.7;61.1;16.6;106.95;138.8
27.3.2026;23;22:00 - 23:00;8,672.0;20,637.8;66.0;32.1;33.9;101.28;98.1
27.3.2026;24;23:00 - 00:00;1,435.2;6,169.4;93.7;53.6;40.1;96.68;147.3
28.3.2026;1;00:00 - 01:00;14,013.7;2,693.2;25.0;0.0;25.0;105.66;25.0
28.3.2026;2;01:00 - 02:00;149.6;102.8;49.9;12.4;37.5;107.83;62.3
28.3.2026;3;02:00 - 03:00;182.2;71.5;41.4;2.8;38.6;94.44;44.2
28.3.2026;4;03:00 - 04:00;130.5;118.7;41.6;5.6;36.0;96.33;47.2
28.3.2026;5;04:00 - 05:00;128.7;246.5;38.1;18.8;19.3;101.87;56.9
28.3.2026;6;05:00 - 06:00;1,076.6;257.3;44.1;21.9;22.2;94.69;66.0
28.3.2026;7;06:00 - 07:00;732.7;207.4;36.0;90.8;-54.8;91.77;126.8
28.3.2026;8;07:00 - 08:00;172.7;214.4;38.2;23.0;15.2;86.00;61.2
28.3.2026;9;08:00 - 09:00;3,880.0;827.2;39.9;10.8;29.1;61.80;50.7
28.3.2026;10;09:00 - 10:00;5,296.7;6,912.7;70.8;53.1;17.7;31.22;123.9
28.3.2026;11;10:00 - 11:00;13,479.0;387.2;248.5;126.0;122.5;8.56;374.5
28.3.2026;12;11:00 - 12:00;8,047.2;3,470.4;181.7;52.0;129.7;11.35;233.7
28.3.2026;13;12:00 - 13:00;2,946.0;11,318.3;175.2;166.3;8.9;9.13;341.5
28.3.2026;14;13:00 - 14:00;6,632.9;4,973.4;222.6;141.2;81.4;16.25;363.8
28.3.2026;15;14:00 - 15:00;2,528.0;7,540.7;144.7;162.3;-17.6;33.18;307.0
28.3.2026;16;15:00 - 16:00;1,371.4;212.2;81.5;37.7;43.8;64.00;119.2
28.3.2026;17;16:00 - 17:00;7,848.6;11,933.8;33.8;33.4;0.4;104.27;67.2
28.3.2026;18;17:00 - 18:00;271.8;3,604.6;26.7;16.3;10.4;121.13;43.0
28.3.2026;19;18:00 - 19:00;1,006.8;424.7;36.5;82.7;-46.2;141.72;119.2
28.3.2026;20;19:00 - 20:00;312.8;380.4;25.7;93.0;-67.3;156.88;118.7
28.3.2026;21;20:00 - 21:00;810.9;304.6;48.8;150.0;-101.2;146.33;198.8
28.3.2026;22;21:00 - 22:00;3,414.3;1,936.2;54.3;172.2;-117.9;133.38;226.5
28.3.2026;23;22:00 - 23:00;317.4;303.1;64.5;52.6;11.9;132.42;117.1
28.3.2026;24;23:00 - 00:00;383.7;205.4;40.3;18.2;22.1;118.14;58.5
29.3.2026;1;00:00 - 01:00;169.4;115.9;39.7;9.0;30.7;109.30;48.7
29.3.2026;2;01:00 - 02:00;303.1;79.9;9.0;11.0;-2.0;107.45;20.0
29.3.2026;3;03:00 - 04:00;328.0;122.6;30.0;10.8;19.2;102.45;40.8
29.3.2026;4;04:00 - 05:00;184.4;95.6;40.1;6.8;33.3;104.30;46.9
29.3.2026;5;05:00 - 06:00;133.1;72.8;43.8;2.3;41.5;105.81;46.1
29.3.2026;6;06:00 - 07:00;93.2;182.5;25.2;0.0;25.2;113.34;25.2
29.3.2026;7;07:00 - 08:00;81.3;487.2;35.7;67.7;-32.0;115.16;103.4
29.3.2026;8;08:00 - 09:00;149.8;530.6;34.4;4.6;29.8;112.56;39.0
29.3.2026;9;09:00 - 10:00;1,373.2;1,077.7;51.0;62.7;-11.7;102.30;113.7
29.3.2026;10;10:00 - 11:00;7,737.2;2,585.7;77.1;57.6;19.5;83.43;134.7
29.3.2026;11;11:00 - 12:00;7,617.9;67,412.0;104.6;35.2;69.4;58.13;139.8
29.3.2026;12;12:00 - 13:00;22,263.3;21,103.6;138.9;114.2;24.7;42.43;253.1
29.3.2026;13;13:00 - 14:00;1,978.1;39,134.3;189.6;101.4;88.2;20.47;291.0
29.3.2026;14;14:00 - 15:00;81,061.6;23,127.2;209.3;132.6;76.7;7.11;341.9
29.3.2026;15;15:00 - 16:00;89,616.1;53,906.5;201.6;117.7;83.9;8.88;319.3
29.3.2026;16;16:00 - 17:00;22,180.3;66,556.4;64.5;32.6;31.9;40.79;97.1
29.3.2026;17;17:00 - 18:00;4,499.4;28,448.8;79.7;47.4;32.3;113.64;127.1
29.3.2026;18;18:00 - 19:00;1,492.9;48,681.8;52.9;14.9;38.0;125.53;67.8
29.3.2026;19;19:00 - 20:00;11,987.9;10,267.9;88.5;64.8;23.7;142.22;153.3
29.3.2026;20;20:00 - 21:00;728.8;40,670.8;31.8;17.4;14.4;132.09;49.2
29.3.2026;21;21:00 - 22:00;1,273.4;44,005.9;90.7;118.4;-27.7;119.01;209.1
29.3.2026;22;22:00 - 23:00;13,506.5;598.8;80.0;5.6;74.4;110.69;85.6
29.3.2026;23;23:00 - 00:00;55,880.1;301.5;50.3;15.4;34.9;95.18;65.7
30.3.2026;1;00:00 - 01:00;40.5;88.9;7.4;2.9;4.5;87.30;10.3
30.3.2026;2;01:00 - 02:00;89.9;34.1;16.9;2.6;14.3;82.65;19.5
30.3.2026;3;02:00 - 03:00;232.3;106.5;130.1;10.4;119.7;79.24;140.5
30.3.2026;4;03:00 - 04:00;283.6;76.2;160.3;11.6;148.7;76.72;171.9
30.3.2026;5;04:00 - 05:00;279.0;82.5;130.6;6.0;124.6;84.17;136.6
30.3.2026;6;05:00 - 06:00;221.0;90.9;55.4;4.0;51.4;105.74;59.4
30.3.2026;7;06:00 - 07:00;372.1;94.7;58.0;5.9;52.1;143.76;63.9
30.3.2026;8;07:00 - 08:00;6,947.2;172.1;61.7;78.5;-16.8;180.25;140.2
30.3.2026;9;08:00 - 09:00;498.2;767.7;55.4;24.4;31.0;194.42;79.8
30.3.2026;10;09:00 - 10:00;1,156.7;216.1;46.2;102.3;-56.1;169.13;148.5
30.3.2026;11;10:00 - 11:00;1,101.4;5,661.8;116.5;53.6;62.9;156.80;170.1
30.3.2026;12;11:00 - 12:00;3,108.3;1,221.9;204.9;43.4;161.5;141.03;248.3
30.3.2026;13;12:00 - 13:00;18,582.7;11,783.2;204.7;77.8;126.9;132.11;282.5
30.3.2026;14;13:00 - 14:00;29,410.1;6,842.0;188.6;110.2;78.4;143.41;298.8
30.3.2026;15;14:00 - 15:00;3,783.5;18,313.7;220.3;238.6;-18.3;128.43;458.9
30.3.2026;16;15:00 - 16:00;28,906.7;39,367.4;152.2;90.5;61.7;101.35;242.7
30.3.2026;17;16:00 - 17:00;11,396.9;10,963.3;112.6;69.7;42.9;144.55;182.3
30.3.2026;18;17:00 - 18:00;2,278.0;34,752.7;70.5;78.1;-7.6;128.39;148.6
30.3.2026;19;18:00 - 19:00;64,158.5;32,396.9;49.6;80.0;-30.4;149.69;129.6
30.3.2026;20;19:00 - 20:00;46,972.5;20,095.1;48.0;42.4;5.6;169.61;90.4
30.3.2026;21;20:00 - 21:00;34,021.2;16,962.7;41.6;41.8;-0.2;166.33;83.4
30.3.2026;22;21:00 - 22:00;22,327.4;14,296.9;16.5;19.9;-3.4;158.96;36.4
30.3.2026;23;22:00 - 23:00;4,981.1;1,018.0;161.9;156.9;5.0;143.72;318.8
30.3.2026;24;23:00 - 00:00;449.9;342.3;35.2;18.7;16.5;129.41;53.9
31.3.2026;1;00:00 - 01:00;11,635.1;65.2;0.0;0.2;-0.2;131.61;0.2
31.3.2026;2;01:00 - 02:00;4,866.9;127.1;29.1;9.6;19.5;124.68;38.7
31.3.2026;3;02:00 - 03:00;141.4;77.8;41.7;5.8;35.9;120.90;47.5
31.3.2026;4;03:00 - 04:00;108.2;85.7;40.8;8.1;32.7;119.73;48.9
31.3.2026;5;04:00 - 05:00;133.2;137.0;40.6;36.5;4.1;120.20;77.1
31.3.2026;6;05:00 - 06:00;138.8;170.9;36.1;36.2;-0.1;128.55;72.3
31.3.2026;7;06:00 - 07:00;22,609.9;289.3;60.6;82.7;-22.1;158.86;143.3
31.3.2026;8;07:00 - 08:00;320.4;1,814.6;54.5;90.0;-35.5;174.65;144.5
31.3.2026;9;08:00 - 09:00;6,469.8;2,004.8;111.5;93.8;17.7;174.88;205.3
31.3.2026;10;09:00 - 10:00;895.1;6,691.7;50.6;21.3;29.3;147.79;71.9
31.3.2026;11;10:00 - 11:00;793.9;16,539.7;74.8;76.8;-2.0;128.95;151.6
31.3.2026;12;11:00 - 12:00;1,360.8;629.1;123.5;77.9;45.6;115.58;201.4
31.3.2026;13;12:00 - 13:00;703.0;717.5;88.5;72.6;15.9;101.15;161.1
31.3.2026;14;13:00 - 14:00;8,164.5;10,147.3;174.3;238.0;-63.7;100.65;412.3
31.3.2026;15;14:00 - 15:00;6,703.8;29,945.9;96.1;85.1;11.0;107.01;181.2
31.3.2026;16;15:00 - 16:00;4,358.4;26,933.9;66.3;117.9;-51.6;107.67;184.2
31.3.2026;17;16:00 - 17:00;5,761.1;8,340.8;94.6;105.4;-10.8;109.20;200.0
31.3.2026;18;17:00 - 18:00;24,631.3;76,077.5;55.8;72.7;-16.9;151.65;128.5
31.3.2026;19;18:00 - 19:00;31,755.8;19,723.9;64.7;97.9;-33.2;170.62;162.6
31.3.2026;20;19:00 - 20:00;103.7;438.3;35.1;66.1;-31.0;184.42;101.2
31.3.2026;21;20:00 - 21:00;94.5;250.0;32.3;62.5;-30.2;188.25;94.8
31.3.2026;22;21:00 - 22:00;48.3;117.4;25.1;30.2;-5.1;178.94;55.3
31.3.2026;23;22:00 - 23:00;194.0;109.9;29.5;7.4;22.1;159.79;36.9
31.3.2026;24;23:00 - 00:00;194.3;139.1;25.4;31.0;-5.6;143.12;56.4
1.4.2026;1;00:00 - 01:00;48.3;74.4;1.3;21.2;-19.9;141.38;22.5
1.4.2026;2;01:00 - 02:00;136.4;115.0;5.7;20.0;-14.3;125.70;25.7
1.4.2026;3;02:00 - 03:00;99.5;102.6;0.8;2.0;-1.2;135.72;2.8
1.4.2026;4;03:00 - 04:00;69.6;72.2;3.6;1.0;2.6;133.23;4.6
1.4.2026;5;04:00 - 05:00;123.7;70.7;8.8;4.6;4.2;131.69;13.4
1.4.2026;6;05:00 - 06:00;85.7;55.0;6.0;4.0;2.0;143.58;10.0
1.4.2026;7;06:00 - 07:00;134.2;119.9;20.2;52.8;-32.6;172.67;73.0
1.4.2026;8;07:00 - 08:00;148.5;568.5;19.1;220.5;-201.4;209.25;239.6
1.4.2026;9;08:00 - 09:00;9,012.3;971.6;43.0;255.5;-212.5;194.10;298.5
1.4.2026;10;09:00 - 10:00;1,742.3;493.9;43.9;77.3;-33.4;152.56;121.2
1.4.2026;11;10:00 - 11:00;7,851.2;7,652.3;51.6;150.4;-98.8;124.36;202.0
1.4.2026;12;11:00 - 12:00;5,720.1;1,932.2;78.6;168.6;-90.0;120.24;247.2
1.4.2026;13;12:00 - 13:00;7,653.4;15,618.2;128.7;151.0;-22.3;115.57;279.7
1.4.2026;14;13:00 - 14:00;11,991.9;11,442.1;95.0;108.7;-13.7;103.96;203.7
1.4.2026;15;14:00 - 15:00;3,394.7;2,212.9;96.2;149.4;-53.2;98.69;245.6
1.4.2026;16;15:00 - 16:00;1,448.1;518.1;71.6;109.0;-37.4;102.69;180.6
1.4.2026;17;16:00 - 17:00;9,142.0;30,633.9;41.7;91.3;-49.6;103.69;133.0
1.4.2026;18;17:00 - 18:00;1,054.1;341.8;11.2;48.3;-37.1;123.29;59.5
1.4.2026;19;18:00 - 19:00;2,148.0;420.6;35.0;68.0;-33.0;151.45;103.0
1.4.2026;20;19:00 - 20:00;199.7;235.6;20.9;71.4;-50.5;181.08;92.3
1.4.2026;21;20:00 - 21:00;228.6;304.7;37.4;81.3;-43.9;179.28;118.7
1.4.2026;22;21:00 - 22:00;214.0;261.1;42.6;82.4;-39.8;159.88;125.0
1.4.2026;23;22:00 - 23:00;125.0;183.7;15.7;53.0;-37.3;149.19;68.7
1.4.2026;24;23:00 - 00:00;222.2;183.9;9.7;43.0;-33.3;134.85;52.7
2.4.2026;1;00:00 - 01:00;127.8;113.5;10.2;28.0;-17.8;127.74;38.2
2.4.2026;2;01:00 - 02:00;79.4;269.2;10.5;32.0;-21.5;121.38;42.5
2.4.2026;3;02:00 - 03:00;259.9;272.0;14.9;24.0;-9.1;118.24;38.9
2.4.2026;4;03:00 - 04:00;184.5;404.8;12.6;23.0;-10.4;113.96;35.6
2.4.2026;5;04:00 - 05:00;98.7;152.7;12.4;22.0;-9.6;115.13;34.4
2.4.2026;6;05:00 - 06:00;82.0;208.2;14.7;18.0;-3.3;128.54;32.7
2.4.2026;7;06:00 - 07:00;221.5;13,593.0;35.5;63.6;-28.1;156.28;99.1
2.4.2026;8;07:00 - 08:00;100.8;359.6;33.9;43.3;-9.4;168.27;77.2
2.4.2026;9;08:00 - 09:00;1,913.4;4,185.8;68.8;104.8;-36.0;165.44;173.6
2.4.2026;10;09:00 - 10:00;12,750.5;3,377.1;92.4;79.2;13.2;151.55;171.6
2.4.2026;11;10:00 - 11:00;17,673.6;2,019.6;197.9;143.4;54.5;121.36;341.3
2.4.2026;12;11:00 - 12:00;36,411.2;4,054.3;208.4;169.4;39.0;130.92;377.8
2.4.2026;13;12:00 - 13:00;25,011.4;3,246.5;98.9;45.2;53.7;119.51;144.1
2.4.2026;14;13:00 - 14:00;23,903.5;2,183.8;243.1;122.6;120.5;105.14;365.7
2.4.2026;15;14:00 - 15:00;46,368.0;22,126.3;148.4;99.1;49.3;79.80;247.5
2.4.2026;16;15:00 - 16:00;18,016.9;18,051.4;203.6;119.7;83.9;83.91;323.3
2.4.2026;17;16:00 - 17:00;11,625.4;58,218.5;77.3;80.0;-2.7;88.42;157.3
2.4.2026;18;17:00 - 18:00;3,841.9;1,860.5;57.0;79.9;-22.9;112.84;136.9
2.4.2026;19;18:00 - 19:00;142.5;13,987.1;47.8;83.6;-35.8;142.50;131.4
2.4.2026;20;19:00 - 20:00;11,721.4;31,687.4;64.9;91.9;-27.0;167.56;156.8
2.4.2026;21;20:00 - 21:00;294.3;245.8;49.0;37.2;11.8;158.38;86.2
2.4.2026;22;21:00 - 22:00;260.5;21,014.1;47.8;100.6;-52.8;143.95;148.4
2.4.2026;23;22:00 - 23:00;149.3;18,280.6;37.9;36.2;1.7;139.79;74.1
2.4.2026;24;23:00 - 00:00;136.3;236.2;38.1;40.3;-2.2;135.07;78.4
3.4.2026;1;00:00 - 01:00;89.8;72.9;13.6;2.2;11.4;136.73;15.8
3.4.2026;2;01:00 - 02:00;145.2;107.0;41.0;2.7;38.3;123.60;43.7
3.4.2026;3;02:00 - 03:00;192.3;177.3;60.0;2.8;57.2;118.49;62.8
3.4.2026;4;03:00 - 04:00;230.8;157.8;98.1;5.6;92.5;115.79;103.7
3.4.2026;5;04:00 - 05:00;127.2;80.7;46.6;2.8;43.8;114.88;49.4
3.4.2026;6;05:00 - 06:00;91.2;44.8;38.4;5.3;33.1;120.29;43.7
3.4.2026;7;06:00 - 07:00;126.4;64.3;43.3;14.0;29.3;125.73;57.3
3.4.2026;8;07:00 - 08:00;162.2;133.1;40.2;16.5;23.7;133.86;56.7
3.4.2026;9;08:00 - 09:00;62.1;90.4;24.1;19.5;4.6;135.78;43.6
3.4.2026;10;09:00 - 10:00;4,630.7;329.4;28.1;36.3;-8.2;112.51;64.4
3.4.2026;11;10:00 - 11:00;2,066.4;195.6;29.9;73.5;-43.6;74.74;103.4
3.4.2026;12;11:00 - 12:00;3,148.5;3,003.0;154.7;159.0;-4.3;31.77;313.7
3.4.2026;13;12:00 - 13:00;4,262.3;8,680.0;137.3;149.3;-12.0;12.36;286.6
3.4.2026;14;13:00 - 14:00;4,160.4;8,728.5;124.2;174.2;-50.0;0.32;298.4
3.4.2026;15;14:00 - 15:00;3,266.0;4,427.5;143.0;140.9;2.1;-6.36;283.9
3.4.2026;16;15:00 - 16:00;9,953.2;11,629.3;218.0;192.1;25.9;5.00;410.1
3.4.2026;17;16:00 - 17:00;3,524.9;14,336.5;143.6;88.7;54.9;35.52;232.3
3.4.2026;18;17:00 - 18:00;2,649.2;756.1;42.1;73.6;-31.5;76.71;115.7
3.4.2026;19;18:00 - 19:00;1,481.2;39,130.1;111.1;190.6;-79.5;104.91;301.7
3.4.2026;20;19:00 - 20:00;7,940.0;1,289.8;82.4;153.0;-70.6;152.98;235.4
3.4.2026;21;20:00 - 21:00;6,425.4;9,222.2;82.0;125.6;-43.6;157.85;207.6
3.4.2026;22;21:00 - 22:00;1,185.0;23,770.4;127.3;126.3;1.0;107.13;253.6
3.4.2026;23;22:00 - 23:00;11,202.2;29,933.1;88.0;150.8;-62.8;113.86;238.8
3.4.2026;24;23:00 - 00:00;2,341.1;12,608.2;36.8;41.1;-4.3;77.08;77.9
4.4.2026;1;00:00 - 01:00;92.0;87.1;11.1;17.5;-6.4;78.46;28.6
4.4.2026;2;01:00 - 02:00;86.6;108.7;0.7;26.1;-25.4;105.73;26.8
4.4.2026;3;02:00 - 03:00;164.1;81.1;26.0;26.8;-0.8;95.17;52.8
4.4.2026;4;03:00 - 04:00;651.1;57.9;50.0;20.3;29.7;79.66;70.3
4.4.2026;5;04:00 - 05:00;2,462.8;120.7;59.2;22.1;37.1;73.79;81.3
4.4.2026;6;05:00 - 06:00;193.8;212.1;56.9;26.8;30.1;62.59;83.7
4.4.2026;7;06:00 - 07:00;153.2;77.5;45.9;25.7;20.2;68.56;71.6
4.4.2026;8;07:00 - 08:00;188.3;137.4;51.3;27.5;23.8;68.25;78.8
4.4.2026;9;08:00 - 09:00;289.0;1,568.2;50.0;61.8;-11.8;37.92;111.8
4.4.2026;10;09:00 - 10:00;277.0;191.1;56.4;52.3;4.1;18.87;108.7
4.4.2026;11;10:00 - 11:00;545.4;176.1;144.9;65.6;79.3;9.11;210.5
4.4.2026;12;11:00 - 12:00;751.7;675.2;140.9;77.3;63.6;4.42;218.2
4.4.2026;13;12:00 - 13:00;280.2;219.3;70.2;92.6;-22.4;0.81;162.8
4.4.2026;14;13:00 - 14:00;222.4;281.5;76.5;108.6;-32.1;-1.04;185.1
4.4.2026;15;14:00 - 15:00;339.0;185.1;98.6;73.5;25.1;-6.91;172.1
4.4.2026;16;15:00 - 16:00;12,406.8;178.9;115.4;65.8;49.6;-0.81;181.2
4.4.2026;17;16:00 - 17:00;10,631.4;133.8;134.2;50.7;83.5;5.18;184.9
4.4.2026;18;17:00 - 18:00;23,364.2;11,832.0;80.2;81.2;-1.0;54.88;161.4
4.4.2026;19;18:00 - 19:00;708.7;817.0;71.8;129.2;-57.4;86.92;201.0
4.4.2026;20;19:00 - 20:00;1,106.6;578.3;85.1;143.6;-58.5;118.40;228.7
4.4.2026;21;20:00 - 21:00;1,030.6;772.8;51.6;124.8;-73.2;113.07;176.4
4.4.2026;22;21:00 - 22:00;142.3;360.4;37.1;55.6;-18.5;82.59;92.7
4.4.2026;23;22:00 - 23:00;1,548.8;113.3;29.1;45.4;-16.3;82.46;74.5
4.4.2026;24;23:00 - 00:00;43,798.5;470.4;58.7;272.3;-213.6;44.67;331.0
5.4.2026;1;00:00 - 01:00;125.5;1,824.4;26.4;3.3;23.1;42.75;29.7
5.4.2026;2;01:00 - 02:00;130.2;1,692.0;40.9;35.2;5.7;40.36;76.1
5.4.2026;3;02:00 - 03:00;203.6;19,728.4;21.3;19.1;2.2;23.58;40.4
5.4.2026;4;03:00 - 04:00;9,250.9;5,335.3;38.0;57.4;-19.4;34.77;95.4
5.4.2026;5;04:00 - 05:00;120.1;3,921.3;41.0;50.5;-9.5;36.10;91.5
5.4.2026;6;05:00 - 06:00;274.1;216.3;39.9;65.7;-25.8;32.75;105.6
5.4.2026;7;06:00 - 07:00;227.2;269.4;51.8;61.4;-9.6;30.00;113.2
5.4.2026;8;07:00 - 08:00;127.4;194.2;1.5;38.8;-37.3;8.73;40.3
5.4.2026;9;08:00 - 09:00;102.6;304.6;8.2;0.1;8.1;-2.05;8.3
5.4.2026;10;09:00 - 10:00;115.4;210.1;21.9;40.6;-18.7;-2.12;62.5
5.4.2026;11;10:00 - 11:00;188.2;365.0;16.8;36.1;-19.3;-26.14;52.9
5.4.2026;12;11:00 - 12:00;328.7;686.5;29.0;53.0;-24.0;-43.00;82.0
5.4.2026;13;12:00 - 13:00;4,744.7;3,493.1;55.4;60.4;-5.0;-35.89;115.8
5.4.2026;14;13:00 - 14:00;1,183.3;4,977.3;44.2;58.2;-14.0;-66.94;102.4
5.4.2026;15;14:00 - 15:00;3,287.2;15,989.1;57.1;47.6;9.5;-84.47;104.7
5.4.2026;16;15:00 - 16:00;3,418.1;11,484.1;24.8;53.1;-28.3;-70.07;77.9
5.4.2026;17;16:00 - 17:00;4,012.5;323.3;35.3;52.0;-16.7;-41.35;87.3
5.4.2026;18;17:00 - 18:00;389.0;1,166.7;16.4;72.6;-56.2;-3.36;89.0
5.4.2026;19;18:00 - 19:00;34,168.5;14,185.9;21.5;69.6;-48.1;38.77;91.1
5.4.2026;20;19:00 - 20:00;24,863.6;18,101.6;13.2;22.3;-9.1;49.55;35.5
5.4.2026;21;20:00 - 21:00;487.2;1,794.0;57.2;106.7;-49.5;57.56;163.9
5.4.2026;22;21:00 - 22:00;8,955.2;4,906.5;76.0;75.1;0.9;35.20;151.1
5.4.2026;23;22:00 - 23:00;427.2;3,510.4;113.8;45.1;68.7;26.79;158.9
5.4.2026;24;23:00 - 00:00;753.6;5,035.7;96.1;187.6;-91.5;27.27;283.7
6.4.2026;1;00:00 - 01:00;1,032.2;116.5;28.4;16.6;11.8;57.72;45.0
6.4.2026;2;01:00 - 02:00;83.0;177.6;32.4;39.3;-6.9;31.23;71.7
6.4.2026;3;02:00 - 03:00;249.2;214.3;44.8;67.2;-22.4;28.16;112.0
6.4.2026;4;03:00 - 04:00;200.9;5,483.9;29.3;48.9;-19.6;18.93;78.2
6.4.2026;5;04:00 - 05:00;431.7;11,164.5;28.0;37.4;-9.4;23.12;65.4
6.4.2026;6;05:00 - 06:00;135.5;128.7;5.7;33.7;-28.0;18.55;39.4
6.4.2026;7;06:00 - 07:00;157.3;1,958.6;11.2;37.9;-26.7;15.00;49.1
6.4.2026;8;07:00 - 08:00;256.3;179.8;37.6;40.4;-2.8;18.26;78.0
6.4.2026;9;08:00 - 09:00;122.2;182.3;30.2;49.5;-19.3;11.06;79.7
6.4.2026;10;09:00 - 10:00;1,845.3;133.6;53.5;13.9;39.6;-46.67;67.4
6.4.2026;11;10:00 - 11:00;761.5;160.7;60.5;18.0;42.5;-10.93;78.5
6.4.2026;12;11:00 - 12:00;1,972.2;568.3;73.8;32.0;41.8;-50.50;105.8
6.4.2026;13;12:00 - 13:00;387.0;456.9;38.9;57.6;-18.7;-68.47;96.5
6.4.2026;14;13:00 - 14:00;232.6;545.8;64.2;62.3;1.9;-189.91;126.5
6.4.2026;15;14:00 - 15:00;323.8;504.0;47.5;46.8;0.7;-228.19;94.3
6.4.2026;16;15:00 - 16:00;437.5;458.9;84.9;63.6;21.3;-240.74;148.5
6.4.2026;17;16:00 - 17:00;277.3;221.2;72.2;41.3;30.9;-151.01;113.5
6.4.2026;18;17:00 - 18:00;243.9;283.8;30.2;20.0;10.2;-27.93;50.2
6.4.2026;19;18:00 - 19:00;125.5;267.8;25.2;51.8;-26.6;37.58;77.0
6.4.2026;20;19:00 - 20:00;240.0;11,386.6;39.4;89.1;-49.7;110.07;128.5
6.4.2026;21;20:00 - 21:00;148.4;261.1;2.4;138.0;-135.6;121.47;140.4
6.4.2026;22;21:00 - 22:00;3,564.7;241.8;22.9;137.6;-114.7;112.42;160.5
6.4.2026;23;22:00 - 23:00;277.9;264.7;54.2;124.6;-70.4;110.89;178.8
6.4.2026;24;23:00 - 00:00;126.2;275.3;27.0;173.9;-146.9;108.18;200.9
7.4.2026;1;00:00 - 01:00;73.8;60.1;2.7;13.4;-10.7;109.89;16.1
7.4.2026;2;01:00 - 02:00;229.8;98.4;38.2;16.5;21.7;95.79;54.7
7.4.2026;3;02:00 - 03:00;177.3;114.8;37.4;52.4;-15.0;95.02;89.8
7.4.2026;4;03:00 - 04:00;263.7;225.7;25.7;59.9;-34.2;93.66;85.6
7.4.2026;5;04:00 - 05:00;135.5;141.9;31.0;52.3;-21.3;94.71;83.3
7.4.2026;6;05:00 - 06:00;146.0;157.3;30.7;44.9;-14.2;115.43;75.6
7.4.2026;7;06:00 - 07:00;500.8;171.6;35.7;39.6;-3.9;128.74;75.3
7.4.2026;8;07:00 - 08:00;153.6;164.5;38.7;68.6;-29.9;129.90;107.3
7.4.2026;9;08:00 - 09:00;1,857.2;362.5;30.6;253.2;-222.6;94.95;283.8
7.4.2026;10;09:00 - 10:00;6,273.2;280.5;18.0;52.0;-34.0;38.84;70.0
7.4.2026;11;10:00 - 11:00;321.9;2,003.0;170.0;31.9;138.1;-11.73;201.9
7.4.2026;12;11:00 - 12:00;5,968.9;420.4;145.9;116.7;29.2;1.55;262.6
7.4.2026;13;12:00 - 13:00;5,767.3;414.7;33.2;82.5;-49.3;-31.26;115.7
7.4.2026;14;13:00 - 14:00;2,565.3;937.5;103.9;117.4;-13.5;-40.05;221.3
7.4.2026;15;14:00 - 15:00;1,249.0;928.5;132.8;100.9;31.9;-48.34;233.7
7.4.2026;16;15:00 - 16:00;5,270.7;940.0;155.7;88.0;67.7;-32.24;243.7
7.4.2026;17;16:00 - 17:00;22,810.1;2,810.1;79.6;44.1;35.5;-10.44;123.7
7.4.2026;18;17:00 - 18:00;56,846.5;3,482.1;29.5;33.5;-4.0;40.45;63.0
7.4.2026;19;18:00 - 19:00;730.1;27,424.6;47.5;47.5;0.0;7.11;95.0
7.4.2026;20;19:00 - 20:00;80,905.8;613.7;43.8;277.0;-233.2;148.06;320.8
7.4.2026;21;20:00 - 21:00;69,017.6;2,250.4;151.6;361.3;-209.7;159.03;512.9
7.4.2026;22;21:00 - 22:00;51,185.8;58,342.2;72.2;59.8;12.4;55.30;132.0
7.4.2026;23;22:00 - 23:00;84,040.2;144,139.8;87.7;196.2;-108.5;67.03;283.9
7.4.2026;24;23:00 - 00:00;89,938.7;575.5;50.6;245.3;-194.7;76.81;295.9
8.4.2026;1;00:00 - 01:00;114.8;128.6;0.4;33.1;-32.7;109.84;33.5
8.4.2026;2;01:00 - 02:00;103.4;112.6;16.0;51.0;-35.0;98.40;67.0
8.4.2026;3;02:00 - 03:00;90.7;126.7;14.6;58.0;-43.4;101.99;72.6
8.4.2026;4;03:00 - 04:00;102.1;131.2;19.5;64.5;-45.0;102.16;84.0
8.4.2026;5;04:00 - 05:00;62.0;118.4;1.3;63.0;-61.7;105.18;64.3
8.4.2026;6;05:00 - 06:00;197.9;113.4;4.2;45.0;-40.8;111.71;49.2
8.4.2026;7;06:00 - 07:00;67.5;148.8;8.2;49.9;-41.7;138.13;58.1
8.4.2026;8;07:00 - 08:00;194.8;184.4;16.0;45.8;-29.8;158.15;61.8
8.4.2026;9;08:00 - 09:00;1,872.1;4,081.3;18.0;54.7;-36.7;130.70;72.7
8.4.2026;10;09:00 - 10:00;290.0;491.7;27.2;54.8;-27.6;79.32;82.0
8.4.2026;11;10:00 - 11:00;1,398.9;2,772.7;80.2;86.3;-6.1;41.59;166.5
8.4.2026;12;11:00 - 12:00;570.1;2,381.7;111.7;121.2;-9.5;-1.04;232.9
8.4.2026;13;12:00 - 13:00;12,094.9;9,862.0;109.1;73.5;35.6;-13.38;182.6
8.4.2026;14;13:00 - 14:00;2,576.2;506.8;108.0;97.7;10.3;-23.70;205.7
8.4.2026;15;14:00 - 15:00;974.3;12,592.7;90.4;105.5;-15.1;-18.85;195.9
8.4.2026;16;15:00 - 16:00;502.5;6,840.4;65.1;81.2;-16.1;-5.33;146.3
8.4.2026;17;16:00 - 17:00;4,394.3;6,387.7;42.4;106.6;-64.2;26.04;149.0
8.4.2026;18;17:00 - 18:00;300.9;1,328.3;60.1;121.9;-61.8;90.77;182.0
8.4.2026;19;18:00 - 19:00;233.0;1,172.4;41.4;193.6;-152.2;131.34;235.0
8.4.2026;20;19:00 - 20:00;199.5;851.2;29.3;155.6;-126.3;166.47;184.9
8.4.2026;21;20:00 - 21:00;272.2;320.7;21.0;108.6;-87.6;160.94;129.6
8.4.2026;22;21:00 - 22:00;48,443.1;481.2;125.2;229.6;-104.4;128.49;354.8
8.4.2026;23;22:00 - 23:00;3,404.3;39,815.5;93.5;199.5;-106.0;122.21;293.0
8.4.2026;24;23:00 - 00:00;1,119.6;4,177.1;140.1;56.8;83.3;114.91;196.9
9.4.2026;1;00:00 - 01:00;89.2;75.1;26.1;0.0;26.1;107.67;26.1
9.4.2026;2;01:00 - 02:00;535.3;78.7;21.0;12.8;8.2;119.05;33.8
9.4.2026;3;02:00 - 03:00;2,410.8;79.2;39.1;2.9;36.2;108.91;42.0
9.4.2026;4;03:00 - 04:00;131.1;121.6;29.4;4.5;24.9;123.18;33.9
9.4.2026;5;04:00 - 05:00;454.9;72.0;35.2;9.6;25.6;121.85;44.8
9.4.2026;6;05:00 - 06:00;899.4;154.7;43.9;19.4;24.5;125.40;63.3
9.4.2026;7;06:00 - 07:00;6,081.6;100.0;60.8;26.6;34.2;142.57;87.4
9.4.2026;8;07:00 - 08:00;5,613.6;145.9;33.0;5.9;27.1;140.15;38.9
9.4.2026;9;08:00 - 09:00;56.9;39.8;19.4;0.0;19.4;122.56;19.4
9.4.2026;10;09:00 - 10:00;51.3;90.7;23.3;4.6;18.7;95.57;27.9
9.4.2026;11;10:00 - 11:00;196.7;882.1;36.5;10.8;25.7;46.65;47.3
