{
  "15": {
    "0": -31.382884097035042,
    "1": -14.329816449488577,
    "2": 2.3274670304683975,
    "3": 26.750341064120054,
    "4": 54.466849315068494,
    "5": 121.77847697218424,
    "6": 37.764085144927535,
    "7": 49.08301759133963,
    "8": -2.0930762291384815,
    "9": -4.914337403889644,
    "10": 0.2571621621621581,
    "11": -15.669422043010746,
    "12": -31.37244714349977,
    "13": -10.557427293064878,
    "14": 1.3885458612975403,
    "15": 29.37237136465325,
    "16": 7.547432432432426,
    "17": 22.107788595271206,
    "18": 2.5127572016460933,
    "19": -44.1587312414734,
    "20": -71.79477611940298,
    "21": -67.0492557510149,
    "22": -46.24281531531532,
    "23": -56.149389416553596
  },
  "30": {
    "0": -19.807789436529337,
    "1": -6.837274727226012,
    "2": 3.1680520366400327,
    "3": 19.2140366833409,
    "4": 40.96925444596443,
    "5": 73.87707765667574,
    "6": 22.32066073041683,
    "7": 36.22231394751693,
    "8": -5.985120927035667,
    "9": 3.795829031703015,
    "10": 0.5685769905446442,
    "11": -10.745216256524978,
    "12": -21.496255227001203,
    "13": -6.827851185156812,
    "14": 2.838772238201768,
    "15": 19.071565995525727,
    "16": 3.891868024762755,
    "17": 16.736516694033934,
    "18": 3.2349423193685576,
    "19": -34.751477702191984,
    "20": -48.492516162983,
    "21": -45.91787325214253,
    "22": -24.326862934362932,
    "23": -35.961650082918744
  },
  "45": {
    "0": -9.859670002055449,
    "1": -2.4439478705872184,
    "2": 2.3901291296243525,
    "3": 10.983113385023342,
    "4": 23.548791860214564,
    "5": 36.803548628242496,
    "6": 12.01525161775162,
    "7": 16.283809917559918,
    "8": -3.4094927062112528,
    "9": 0.044312470997101505,
    "10": 1.2432981330020436,
    "11": -6.046909220533382,
    "12": -8.815775611413194,
    "13": -3.6313764920190663,
    "14": 1.6217913183013897,
    "15": 10.356281984235006,
    "16": 1.2805397608223958,
    "17": 8.629864168753052,
    "18": 1.274511565531977,
    "19": -19.800049325015408,
    "20": -30.089795237088882,
    "21": -25.395319137335367,
    "22": -10.961806684306685,
    "23": -19.21890228721979
  }
}