Sk Temperature Actual Hourly,,
01/02/2024 00:00:00,000,-0,29,
01/02/2024 01:00:00,000,-0,55,
01/02/2024 02:00:00,000,-0,77,
01/02/2024 03:00:00,000,-0,48,
01/02/2024 04:00:00,000,-0,36,
01/02/2024 05:00:00,000,-0,25,
01/02/2024 06:00:00,000,-0,07,
01/02/2024 07:00:00,000,0,02,
01/02/2024 08:00:00,000,0,32,
01/02/2024 09:00:00,000,0,91,
01/02/2024 10:00:00,000,1,62,
01/02/2024 11:00:00,000,2,44,
01/02/2024 12:00:00,000,3,11,
01/02/2024 13:00:00,000,3,88,
01/02/2024 14:00:00,000,4,56,
01/02/2024 15:00:00,000,4,57,
01/02/2024 16:00:00,000,4,3,
01/02/2024 17:00:00,000,4,16,
01/02/2024 18:00:00,000,4,01,
01/02/2024 19:00:00,000,3,73,
01/02/2024 20:00:00,000,3,6,
01/02/2024 21:00:00,000,3,4,
01/02/2024 22:00:00,000,3,25,
01/02/2024 23:00:00,000,3,18,
02/02/2024 00:00:00,000,2,65,
02/02/2024 01:00:00,000,1,93,
02/02/2024 02:00:00,000,1,65,
02/02/2024 03:00:00,000,1,64,
02/02/2024 04:00:00,000,1,62,
02/02/2024 05:00:00,000,1,62,
02/02/2024 06:00:00,000,1,52,
02/02/2024 07:00:00,000,1,56,
02/02/2024 08:00:00,000,2,04,
02/02/2024 09:00:00,000,2,77,
02/02/2024 10:00:00,000,3,61,
02/02/2024 11:00:00,000,4,75,
02/02/2024 12:00:00,000,5,88,
02/02/2024 13:00:00,000,6,54,
02/02/2024 14:00:00,000,6,72,
02/02/2024 15:00:00,000,6,47,
02/02/2024 16:00:00,000,5,96,
02/02/2024 17:00:00,000,5,11,
02/02/2024 18:00:00,000,4,66,
02/02/2024 19:00:00,000,5,
02/02/2024 20:00:00,000,4,96,
02/02/2024 21:00:00,000,4,55,
02/02/2024 22:00:00,000,4,56,
02/02/2024 23:00:00,000,3,98,
03/02/2024 00:00:00,000,3,25,
03/02/2024 01:00:00,000,3,77,
03/02/2024 02:00:00,000,5,18,
03/02/2024 03:00:00,000,5,98,
03/02/2024 04:00:00,000,5,78,
03/02/2024 05:00:00,000,5,7,
03/02/2024 06:00:00,000,5,61,
03/02/2024 07:00:00,000,5,55,
03/02/2024 08:00:00,000,6,05,
03/02/2024 09:00:00,000,6,91,
03/02/2024 10:00:00,000,7,71,
03/02/2024 11:00:00,000,8,45,
03/02/2024 12:00:00,000,9,03,
03/02/2024 13:00:00,000,9,18,
03/02/2024 14:00:00,000,9,24,
03/02/2024 15:00:00,000,9,39,
03/02/2024 16:00:00,000,9,15,
03/02/2024 17:00:00,000,8,57,
03/02/2024 18:00:00,000,8,15,
03/02/2024 19:00:00,000,7,79,
03/02/2024 20:00:00,000,7,25,
03/02/2024 21:00:00,000,6,92,
03/02/2024 22:00:00,000,6,69,
03/02/2024 23:00:00,000,6,42,
04/02/2024 00:00:00,000,6,49,
04/02/2024 01:00:00,000,6,38,
04/02/2024 02:00:00,000,6,13,
04/02/2024 03:00:00,000,6,03,
04/02/2024 04:00:00,000,6,09,
04/02/2024 05:00:00,000,6,04,
04/02/2024 06:00:00,000,6,13,
04/02/2024 07:00:00,000,6,26,
04/02/2024 08:00:00,000,6,71,
04/02/2024 09:00:00,000,7,73,
04/02/2024 10:00:00,000,8,89,
04/02/2024 11:00:00,000,10,04,
04/02/2024 12:00:00,000,10,57,
04/02/2024 13:00:00,000,10,33,
04/02/2024 14:00:00,000,10,04,
04/02/2024 15:00:00,000,9,85,
04/02/2024 16:00:00,000,9,55,
04/02/2024 17:00:00,000,9,52,
04/02/2024 18:00:00,000,9,37,
04/02/2024 19:00:00,000,8,99,
04/02/2024 20:00:00,000,8,38,
04/02/2024 21:00:00,000,8,33,
04/02/2024 22:00:00,000,8,15,
04/02/2024 23:00:00,000,7,61,
05/02/2024 00:00:00,000,7,58,
05/02/2024 01:00:00,000,7,45,
05/02/2024 02:00:00,000,7,44,
05/02/2024 03:00:00,000,7,7,
05/02/2024 04:00:00,000,7,85,
05/02/2024 05:00:00,000,7,76,
05/02/2024 06:00:00,000,7,8,
05/02/2024 07:00:00,000,8,09,
05/02/2024 08:00:00,000,8,97,
05/02/2024 09:00:00,000,9,64,
05/02/2024 10:00:00,000,10,03,
05/02/2024 11:00:00,000,11,02,
05/02/2024 12:00:00,000,11,88,
05/02/2024 13:00:00,000,12,44,
05/02/2024 14:00:00,000,12,67,
05/02/2024 15:00:00,000,12,47,
05/02/2024 16:00:00,000,12,06,
05/02/2024 17:00:00,000,11,46,
05/02/2024 18:00:00,000,10,95,
05/02/2024 19:00:00,000,10,47,
05/02/2024 20:00:00,000,9,92,
05/02/2024 21:00:00,000,9,5,
05/02/2024 22:00:00,000,9,44,
05/02/2024 23:00:00,000,9,39,
06/02/2024 00:00:00,000,9,07,
06/02/2024 01:00:00,000,8,78,
06/02/2024 02:00:00,000,7,42,
06/02/2024 03:00:00,000,7,04,
06/02/2024 04:00:00,000,6,72,
06/02/2024 05:00:00,000,5,74,
06/02/2024 06:00:00,000,5,82,
06/02/2024 07:00:00,000,6,82,
06/02/2024 08:00:00,000,8,64,
06/02/2024 09:00:00,000,10,19,
06/02/2024 10:00:00,000,11,31,
06/02/2024 11:00:00,000,11,94,
06/02/2024 12:00:00,000,12,8,
06/02/2024 13:00:00,000,13,35,
06/02/2024 14:00:00,000,12,94,
06/02/2024 15:00:00,000,11,95,
06/02/2024 16:00:00,000,10,64,
06/02/2024 17:00:00,000,9,36,
06/02/2024 18:00:00,000,8,53,
06/02/2024 19:00:00,000,7,52,
06/02/2024 20:00:00,000,6,73,
06/02/2024 21:00:00,000,5,81,
06/02/2024 22:00:00,000,5,71,
06/02/2024 23:00:00,000,6,82,
07/02/2024 00:00:00,000,7,34,
07/02/2024 01:00:00,000,6,72,
07/02/2024 02:00:00,000,6,22,
07/02/2024 03:00:00,000,6,51,
07/02/2024 04:00:00,000,6,76,
07/02/2024 05:00:00,000,7,11,
07/02/2024 06:00:00,000,6,
07/02/2024 07:00:00,000,5,01,
07/02/2024 08:00:00,000,6,35,
07/02/2024 09:00:00,000,7,78,
07/02/2024 10:00:00,000,9,14,
07/02/2024 11:00:00,000,11,17,
07/02/2024 12:00:00,000,12,08,
07/02/2024 13:00:00,000,11,92,
07/02/2024 14:00:00,000,11,99,
07/02/2024 15:00:00,000,12,1,
07/02/2024 16:00:00,000,11,96,
07/02/2024 17:00:00,000,11,62,
07/02/2024 18:00:00,000,10,78,
07/02/2024 19:00:00,000,10,48,
07/02/2024 20:00:00,000,10,74,
07/02/2024 21:00:00,000,10,56,
07/02/2024 22:00:00,000,10,24,
07/02/2024 23:00:00,000,9,87,
08/02/2024 00:00:00,000,9,47,
08/02/2024 01:00:00,000,8,41,
08/02/2024 02:00:00,000,7,46,
08/02/2024 03:00:00,000,6,97,
08/02/2024 04:00:00,000,6,56,
08/02/2024 05:00:00,000,6,42,
08/02/2024 06:00:00,000,6,26,
08/02/2024 07:00:00,000,6,11,
08/02/2024 08:00:00,000,6,49,
08/02/2024 09:00:00,000,7,12,
08/02/2024 10:00:00,000,7,82,
08/02/2024 11:00:00,000,8,1,
08/02/2024 12:00:00,000,8,12,
08/02/2024 13:00:00,000,8,53,
08/02/2024 14:00:00,000,8,45,
08/02/2024 15:00:00,000,7,99,
08/02/2024 16:00:00,000,7,58,
08/02/2024 17:00:00,000,7,18,
08/02/2024 18:00:00,000,7,2,
08/02/2024 19:00:00,000,7,25,
08/02/2024 20:00:00,000,7,08,
08/02/2024 21:00:00,000,7,36,
08/02/2024 22:00:00,000,7,76,
08/02/2024 23:00:00,000,7,83,
09/02/2024 00:00:00,000,7,67,
09/02/2024 01:00:00,000,7,39,
09/02/2024 02:00:00,000,6,9,
09/02/2024 03:00:00,000,6,32,
09/02/2024 04:00:00,000,6,19,
09/02/2024 05:00:00,000,5,93,
09/02/2024 06:00:00,000,5,56,
09/02/2024 07:00:00,000,5,79,
09/02/2024 08:00:00,000,6,33,
09/02/2024 09:00:00,000,7,01,
09/02/2024 10:00:00,000,7,88,
09/02/2024 11:00:00,000,8,77,
09/02/2024 12:00:00,000,9,72,
09/02/2024 13:00:00,000,10,23,
09/02/2024 14:00:00,000,10,17,
09/02/2024 15:00:00,000,9,97,
09/02/2024 16:00:00,000,9,62,
09/02/2024 17:00:00,000,9,11,
09/02/2024 18:00:00,000,8,5,
09/02/2024 19:00:00,000,8,23,
09/02/2024 20:00:00,000,8,93,
09/02/2024 21:00:00,000,9,29,
09/02/2024 22:00:00,000,9,21,
09/02/2024 23:00:00,000,9,46,
10/02/2024 00:00:00,000,9,35,
10/02/2024 01:00:00,000,9,28,
10/02/2024 02:00:00,000,9,27,
10/02/2024 03:00:00,000,9,38,
10/02/2024 04:00:00,000,9,57,
10/02/2024 05:00:00,000,9,25,
10/02/2024 06:00:00,000,8,83,
10/02/2024 07:00:00,000,8,93,
10/02/2024 08:00:00,000,9,43,
10/02/2024 09:00:00,000,10,3,
10/02/2024 10:00:00,000,11,38,
10/02/2024 11:00:00,000,12,63,
10/02/2024 12:00:00,000,13,64,
10/02/2024 13:00:00,000,14,48,
10/02/2024 14:00:00,000,15,1,
10/02/2024 15:00:00,000,14,6,
10/02/2024 16:00:00,000,13,58,
10/02/2024 17:00:00,000,12,81,
10/02/2024 18:00:00,000,11,6,
10/02/2024 19:00:00,000,10,87,
10/02/2024 20:00:00,000,11,16,
10/02/2024 21:00:00,000,10,94,
10/02/2024 22:00:00,000,10,47,
10/02/2024 23:00:00,000,10,35,
11/02/2024 00:00:00,000,9,95,
11/02/2024 01:00:00,000,9,47,
11/02/2024 02:00:00,000,9,16,
11/02/2024 03:00:00,000,8,91,
11/02/2024 04:00:00,000,8,81,
11/02/2024 05:00:00,000,8,78,
11/02/2024 06:00:00,000,8,76,
11/02/2024 07:00:00,000,8,63,
11/02/2024 08:00:00,000,8,66,
11/02/2024 09:00:00,000,8,81,
11/02/2024 10:00:00,000,9,01,
11/02/2024 11:00:00,000,9,41,
11/02/2024 12:00:00,000,9,82,
11/02/2024 13:00:00,000,10,07,
11/02/2024 14:00:00,000,10,15,
11/02/2024 15:00:00,000,9,63,
11/02/2024 16:00:00,000,8,83,
11/02/2024 17:00:00,000,8,36,
11/02/2024 18:00:00,000,8,18,
11/02/2024 19:00:00,000,8,23,
11/02/2024 20:00:00,000,8,39,
11/02/2024 21:00:00,000,8,42,
11/02/2024 22:00:00,000,8,55,
11/02/2024 23:00:00,000,8,64,
12/02/2024 00:00:00,000,8,53,
12/02/2024 01:00:00,000,8,38,
12/02/2024 02:00:00,000,8,29,
12/02/2024 03:00:00,000,8,17,
12/02/2024 04:00:00,000,7,84,
12/02/2024 05:00:00,000,7,54,
12/02/2024 06:00:00,000,6,71,
12/02/2024 07:00:00,000,6,77,
12/02/2024 08:00:00,000,7,72,
12/02/2024 09:00:00,000,8,19,
12/02/2024 10:00:00,000,8,76,
12/02/2024 11:00:00,000,9,66,
12/02/2024 12:00:00,000,10,28,
12/02/2024 13:00:00,000,10,36,
12/02/2024 14:00:00,000,10,44,
12/02/2024 15:00:00,000,10,19,
12/02/2024 16:00:00,000,9,49,
12/02/2024 17:00:00,000,9,06,
12/02/2024 18:00:00,000,8,84,
12/02/2024 19:00:00,000,8,32,
12/02/2024 20:00:00,000,7,9,
12/02/2024 21:00:00,000,7,77,
12/02/2024 22:00:00,000,7,54,
12/02/2024 23:00:00,000,7,24,
13/02/2024 00:00:00,000,7,05,
13/02/2024 01:00:00,000,7,05,
13/02/2024 02:00:00,000,6,94,
13/02/2024 03:00:00,000,6,71,
13/02/2024 04:00:00,000,6,74,
13/02/2024 05:00:00,000,6,64,
13/02/2024 06:00:00,000,6,47,
13/02/2024 07:00:00,000,6,49,
13/02/2024 08:00:00,000,6,87,
13/02/2024 09:00:00,000,7,6,
13/02/2024 10:00:00,000,8,36,
13/02/2024 11:00:00,000,9,08,
13/02/2024 12:00:00,000,8,75,
13/02/2024 13:00:00,000,8,59,
13/02/2024 14:00:00,000,8,89,
13/02/2024 15:00:00,000,8,57,
13/02/2024 16:00:00,000,8,13,
13/02/2024 17:00:00,000,7,23,
13/02/2024 18:00:00,000,6,3,
13/02/2024 19:00:00,000,5,75,
13/02/2024 20:00:00,000,4,97,
13/02/2024 21:00:00,000,4,31,
13/02/2024 22:00:00,000,3,72,
13/02/2024 23:00:00,000,2,89,
14/02/2024 00:00:00,000,2,58,
14/02/2024 01:00:00,000,2,54,
14/02/2024 02:00:00,000,2,15,
14/02/2024 03:00:00,000,1,85,
14/02/2024 04:00:00,000,1,23,
14/02/2024 05:00:00,000,1,02,
14/02/2024 06:00:00,000,0,75,
14/02/2024 07:00:00,000,0,51,
14/02/2024 08:00:00,000,1,9,
14/02/2024 09:00:00,000,3,72,
14/02/2024 10:00:00,000,5,43,
14/02/2024 11:00:00,000,6,88,
14/02/2024 12:00:00,000,7,92,
14/02/2024 13:00:00,000,8,64,
14/02/2024 14:00:00,000,9,19,
14/02/2024 15:00:00,000,9,46,
14/02/2024 16:00:00,000,8,26,
14/02/2024 17:00:00,000,6,14,
14/02/2024 18:00:00,000,5,36,
14/02/2024 19:00:00,000,5,16,
14/02/2024 20:00:00,000,4,72,
14/02/2024 21:00:00,000,4,04,
14/02/2024 22:00:00,000,3,06,
14/02/2024 23:00:00,000,2,77,
15/02/2024 00:00:00,000,2,91,
15/02/2024 01:00:00,000,2,75,
15/02/2024 02:00:00,000,2,5,
15/02/2024 03:00:00,000,2,54,
15/02/2024 04:00:00,000,2,48,
15/02/2024 05:00:00,000,2,41,
15/02/2024 06:00:00,000,2,82,
15/02/2024 07:00:00,000,3,35,
15/02/2024 08:00:00,000,4,38,
15/02/2024 09:00:00,000,5,42,
15/02/2024 10:00:00,000,6,41,
15/02/2024 11:00:00,000,7,53,
15/02/2024 12:00:00,000,8,34,
15/02/2024 13:00:00,000,9,01,
15/02/2024 14:00:00,000,9,46,
15/02/2024 15:00:00,000,9,48,
15/02/2024 16:00:00,000,8,72,
15/02/2024 17:00:00,000,7,35,
15/02/2024 18:00:00,000,6,25,
15/02/2024 19:00:00,000,5,8,
15/02/2024 20:00:00,000,5,23,
15/02/2024 21:00:00,000,4,53,
15/02/2024 22:00:00,000,4,07,
15/02/2024 23:00:00,000,3,68,
16/02/2024 00:00:00,000,3,55,
16/02/2024 01:00:00,000,3,11,
16/02/2024 02:00:00,000,2,56,
16/02/2024 03:00:00,000,2,32,
16/02/2024 04:00:00,000,2,19,
16/02/2024 05:00:00,000,2,03,
16/02/2024 06:00:00,000,1,55,
16/02/2024 07:00:00,000,1,77,
16/02/2024 08:00:00,000,3,28,
16/02/2024 09:00:00,000,5,53,
16/02/2024 10:00:00,000,7,72,
16/02/2024 11:00:00,000,9,71,
16/02/2024 12:00:00,000,11,24,
16/02/2024 13:00:00,000,11,93,
16/02/2024 14:00:00,000,12,29,
16/02/2024 15:00:00,000,12,13,
16/02/2024 16:00:00,000,10,77,
16/02/2024 17:00:00,000,8,74,
16/02/2024 18:00:00,000,7,12,
16/02/2024 19:00:00,000,5,83,
16/02/2024 20:00:00,000,4,87,
16/02/2024 21:00:00,000,4,2,
16/02/2024 22:00:00,000,3,93,
16/02/2024 23:00:00,000,3,54,
17/02/2024 00:00:00,000,2,89,
17/02/2024 01:00:00,000,2,62,
17/02/2024 02:00:00,000,2,35,
17/02/2024 03:00:00,000,1,79,
17/02/2024 04:00:00,000,1,24,
17/02/2024 05:00:00,000,0,79,
17/02/2024 06:00:00,000,0,69,
17/02/2024 07:00:00,000,1,73,
17/02/2024 08:00:00,000,3,28,
17/02/2024 09:00:00,000,4,81,
17/02/2024 10:00:00,000,6,35,
17/02/2024 11:00:00,000,7,54,
17/02/2024 12:00:00,000,8,49,
17/02/2024 13:00:00,000,9,1,
17/02/2024 14:00:00,000,9,31,
17/02/2024 15:00:00,000,9,33,
17/02/2024 16:00:00,000,8,78,
17/02/2024 17:00:00,000,8,01,
17/02/2024 18:00:00,000,7,79,
17/02/2024 19:00:00,000,7,17,
17/02/2024 20:00:00,000,6,56,
17/02/2024 21:00:00,000,6,66,
17/02/2024 22:00:00,000,6,39,
17/02/2024 23:00:00,000,6,52,
18/02/2024 00:00:00,000,6,72,
18/02/2024 01:00:00,000,6,22,
18/02/2024 02:00:00,000,6,45,
18/02/2024 03:00:00,000,6,8,
18/02/2024 04:00:00,000,6,26,
18/02/2024 05:00:00,000,5,61,
18/02/2024 06:00:00,000,5,04,
18/02/2024 07:00:00,000,4,83,
18/02/2024 08:00:00,000,5,84,
18/02/2024 09:00:00,000,7,37,
18/02/2024 10:00:00,000,8,4,
18/02/2024 11:00:00,000,9,21,
18/02/2024 12:00:00,000,9,95,
18/02/2024 13:00:00,000,10,35,
18/02/2024 14:00:00,000,10,43,
18/02/2024 15:00:00,000,10,15,
18/02/2024 16:00:00,000,8,95,
18/02/2024 17:00:00,000,6,84,
18/02/2024 18:00:00,000,5,14,
18/02/2024 19:00:00,000,4,26,
18/02/2024 20:00:00,000,3,1,
18/02/2024 21:00:00,000,2,18,
18/02/2024 22:00:00,000,1,53,
18/02/2024 23:00:00,000,1,19,
19/02/2024 00:00:00,000,1,33,
19/02/2024 01:00:00,000,0,86,
19/02/2024 02:00:00,000,0,44,
19/02/2024 03:00:00,000,0,42,
19/02/2024 04:00:00,000,0,55,
19/02/2024 05:00:00,000,0,92,
19/02/2024 06:00:00,000,1,43,
19/02/2024 07:00:00,000,2,22,
19/02/2024 08:00:00,000,2,97,
19/02/2024 09:00:00,000,3,65,
19/02/2024 10:00:00,000,4,86,
19/02/2024 11:00:00,000,6,17,
19/02/2024 12:00:00,000,7,07,
19/02/2024 13:00:00,000,8,09,
19/02/2024 14:00:00,000,8,56,
19/02/2024 15:00:00,000,8,38,
19/02/2024 16:00:00,000,8,29,
19/02/2024 17:00:00,000,7,94,
19/02/2024 18:00:00,000,7,57,
19/02/2024 19:00:00,000,7,38,
19/02/2024 20:00:00,000,7,11,
19/02/2024 21:00:00,000,6,65,
19/02/2024 22:00:00,000,6,52,
19/02/2024 23:00:00,000,6,23,
20/02/2024 00:00:00,000,5,68,
20/02/2024 01:00:00,000,5,44,
20/02/2024 02:00:00,000,5,04,
20/02/2024 03:00:00,000,4,82,
20/02/2024 04:00:00,000,4,82,
20/02/2024 05:00:00,000,4,59,
20/02/2024 06:00:00,000,4,48,
20/02/2024 07:00:00,000,4,95,
20/02/2024 08:00:00,000,5,98,
20/02/2024 09:00:00,000,6,88,
20/02/2024 10:00:00,000,7,62,
20/02/2024 11:00:00,000,8,3,
20/02/2024 12:00:00,000,9,13,
20/02/2024 13:00:00,000,9,65,
20/02/2024 14:00:00,000,10,01,
20/02/2024 15:00:00,000,9,93,
20/02/2024 16:00:00,000,9,02,
20/02/2024 17:00:00,000,7,92,
20/02/2024 18:00:00,000,6,83,
20/02/2024 19:00:00,000,6,53,
20/02/2024 20:00:00,000,6,65,
20/02/2024 21:00:00,000,6,24,
20/02/2024 22:00:00,000,5,93,
20/02/2024 23:00:00,000,6,16,
21/02/2024 00:00:00,000,5,97,
21/02/2024 01:00:00,000,5,56,
21/02/2024 02:00:00,000,5,42,
21/02/2024 03:00:00,000,5,45,
21/02/2024 04:00:00,000,5,17,
21/02/2024 05:00:00,000,4,79,
21/02/2024 06:00:00,000,4,68,
21/02/2024 07:00:00,000,4,93,
21/02/2024 08:00:00,000,5,75,
21/02/2024 09:00:00,000,7,26,
21/02/2024 10:00:00,000,8,59,
21/02/2024 11:00:00,000,9,23,
21/02/2024 12:00:00,000,9,87,
21/02/2024 13:00:00,000,10,32,
21/02/2024 14:00:00,000,10,31,
21/02/2024 15:00:00,000,10,11,
21/02/2024 16:00:00,000,9,53,
21/02/2024 17:00:00,000,8,63,
21/02/2024 18:00:00,000,7,81,
21/02/2024 19:00:00,000,7,07,
21/02/2024 20:00:00,000,6,23,
21/02/2024 21:00:00,000,4,93,
21/02/2024 22:00:00,000,4,24,
21/02/2024 23:00:00,000,4,25,
22/02/2024 00:00:00,000,3,98,
22/02/2024 01:00:00,000,3,95,
22/02/2024 02:00:00,000,3,71,
22/02/2024 03:00:00,000,3,16,
22/02/2024 04:00:00,000,3,1,
22/02/2024 05:00:00,000,3,16,
22/02/2024 06:00:00,000,3,23,
22/02/2024 07:00:00,000,3,7,
22/02/2024 08:00:00,000,4,54,
22/02/2024 09:00:00,000,5,87,
22/02/2024 10:00:00,000,7,38,
22/02/2024 11:00:00,000,8,86,
22/02/2024 12:00:00,000,10,16,
22/02/2024 13:00:00,000,10,59,
22/02/2024 14:00:00,000,10,08,
22/02/2024 15:00:00,000,9,38,
22/02/2024 16:00:00,000,9,03,
22/02/2024 17:00:00,000,8,75,
22/02/2024 18:00:00,000,8,49,
22/02/2024 19:00:00,000,8,44,
22/02/2024 20:00:00,000,8,51,
22/02/2024 21:00:00,000,8,49,
22/02/2024 22:00:00,000,8,6,
22/02/2024 23:00:00,000,8,92,
23/02/2024 00:00:00,000,8,92,
23/02/2024 01:00:00,000,8,79,
23/02/2024 02:00:00,000,8,53,
23/02/2024 03:00:00,000,8,17,
23/02/2024 04:00:00,000,7,61,
23/02/2024 05:00:00,000,7,06,
23/02/2024 06:00:00,000,7,24,
23/02/2024 07:00:00,000,7,5,
23/02/2024 08:00:00,000,7,55,
23/02/2024 09:00:00,000,7,79,
23/02/2024 10:00:00,000,8,12,
23/02/2024 11:00:00,000,8,5,
23/02/2024 12:00:00,000,8,84,
23/02/2024 13:00:00,000,8,89,
23/02/2024 14:00:00,000,8,77,
23/02/2024 15:00:00,000,8,7,
23/02/2024 16:00:00,000,8,62,
23/02/2024 17:00:00,000,8,41,
23/02/2024 18:00:00,000,8,33,
23/02/2024 19:00:00,000,8,51,
23/02/2024 20:00:00,000,8,67,
23/02/2024 21:00:00,000,8,83,
23/02/2024 22:00:00,000,8,94,
23/02/2024 23:00:00,000,8,79,
24/02/2024 00:00:00,000,8,04,
24/02/2024 01:00:00,000,7,21,
24/02/2024 02:00:00,000,6,81,
24/02/2024 03:00:00,000,6,6,
24/02/2024 04:00:00,000,6,42,
24/02/2024 05:00:00,000,6,08,
24/02/2024 06:00:00,000,6,15,
24/02/2024 07:00:00,000,6,45,
24/02/2024 08:00:00,000,6,59,
24/02/2024 09:00:00,000,6,99,
24/02/2024 10:00:00,000,7,82,
24/02/2024 11:00:00,000,8,93,
24/02/2024 12:00:00,000,9,96,
24/02/2024 13:00:00,000,10,59,
24/02/2024 14:00:00,000,10,75,
24/02/2024 15:00:00,000,10,58,
24/02/2024 16:00:00,000,9,94,
24/02/2024 17:00:00,000,8,82,
24/02/2024 18:00:00,000,7,97,
24/02/2024 19:00:00,000,7,43,
24/02/2024 20:00:00,000,6,78,
24/02/2024 21:00:00,000,6,66,
24/02/2024 22:00:00,000,6,46,
24/02/2024 23:00:00,000,5,89,
25/02/2024 00:00:00,000,5,56,
25/02/2024 01:00:00,000,5,1,
25/02/2024 02:00:00,000,4,85,
25/02/2024 03:00:00,000,4,38,
25/02/2024 04:00:00,000,3,47,
25/02/2024 05:00:00,000,3,03,
25/02/2024 06:00:00,000,3,11,
25/02/2024 07:00:00,000,3,67,
25/02/2024 08:00:00,000,5,06,
25/02/2024 09:00:00,000,6,67,
25/02/2024 10:00:00,000,8,3,
25/02/2024 11:00:00,000,9,94,
25/02/2024 12:00:00,000,10,99,
25/02/2024 13:00:00,000,11,6,
25/02/2024 14:00:00,000,12,06,
25/02/2024 15:00:00,000,12,18,
25/02/2024 16:00:00,000,11,72,
25/02/2024 17:00:00,000,10,4,
25/02/2024 18:00:00,000,8,82,
25/02/2024 19:00:00,000,7,47,
25/02/2024 20:00:00,000,6,52,
25/02/2024 21:00:00,000,6,49,
25/02/2024 22:00:00,000,6,19,
25/02/2024 23:00:00,000,5,3,
26/02/2024 00:00:00,000,4,97,
26/02/2024 01:00:00,000,4,55,
26/02/2024 02:00:00,000,4,18,
26/02/2024 03:00:00,000,4,31,
26/02/2024 04:00:00,000,4,17,
26/02/2024 05:00:00,000,4,53,
26/02/2024 06:00:00,000,5,18,
26/02/2024 07:00:00,000,5,51,
26/02/2024 08:00:00,000,6,84,
26/02/2024 09:00:00,000,8,83,
26/02/2024 10:00:00,000,10,47,
26/02/2024 11:00:00,000,12,02,
26/02/2024 12:00:00,000,12,93,
26/02/2024 13:00:00,000,13,5,
26/02/2024 14:00:00,000,13,78,
26/02/2024 15:00:00,000,13,56,
26/02/2024 16:00:00,000,12,78,
26/02/2024 17:00:00,000,11,55,
26/02/2024 18:00:00,000,10,42,
26/02/2024 19:00:00,000,9,52,
26/02/2024 20:00:00,000,8,73,
26/02/2024 21:00:00,000,8,39,
26/02/2024 22:00:00,000,8,35,
26/02/2024 23:00:00,000,8,03,
27/02/2024 00:00:00,000,7,64,
27/02/2024 01:00:00,000,7,14,
27/02/2024 02:00:00,000,6,66,
27/02/2024 03:00:00,000,6,49,
27/02/2024 04:00:00,000,5,9,
27/02/2024 05:00:00,000,5,35,
27/02/2024 06:00:00,000,5,6,
27/02/2024 07:00:00,000,6,58,
27/02/2024 08:00:00,000,8,59,
27/02/2024 09:00:00,000,10,6,
27/02/2024 10:00:00,000,12,21,
27/02/2024 11:00:00,000,13,65,
27/02/2024 12:00:00,000,14,48,
27/02/2024 13:00:00,000,14,77,
27/02/2024 14:00:00,000,14,97,
27/02/2024 15:00:00,000,14,83,
27/02/2024 16:00:00,000,14,04,
27/02/2024 17:00:00,000,12,53,
27/02/2024 18:00:00,000,11,43,
27/02/2024 19:00:00,000,11,12,
27/02/2024 20:00:00,000,10,93,
27/02/2024 21:00:00,000,10,56,
27/02/2024 22:00:00,000,9,88,
27/02/2024 23:00:00,000,9,06,
28/02/2024 00:00:00,000,8,62,
28/02/2024 01:00:00,000,8,22,
28/02/2024 02:00:00,000,7,71,
28/02/2024 03:00:00,000,7,52,
28/02/2024 04:00:00,000,7,38,
28/02/2024 05:00:00,000,7,45,
28/02/2024 06:00:00,000,7,48,
28/02/2024 07:00:00,000,7,68,
28/02/2024 08:00:00,000,8,83,
28/02/2024 09:00:00,000,10,34,
28/02/2024 10:00:00,000,11,46,
28/02/2024 11:00:00,000,12,08,
28/02/2024 12:00:00,000,12,56,
28/02/2024 13:00:00,000,13,35,
28/02/2024 14:00:00,000,13,67,
28/02/2024 15:00:00,000,13,03,
28/02/2024 16:00:00,000,12,07,
28/02/2024 17:00:00,000,11,16,
28/02/2024 18:00:00,000,10,33,
28/02/2024 19:00:00,000,9,67,
28/02/2024 20:00:00,000,9,35,
28/02/2024 21:00:00,000,8,91,
28/02/2024 22:00:00,000,8,17,
28/02/2024 23:00:00,000,8,12,
29/02/2024 00:00:00,000,8,08,
29/02/2024 01:00:00,000,7,31,
29/02/2024 02:00:00,000,6,26,
29/02/2024 03:00:00,000,5,96,
29/02/2024 04:00:00,000,6,13,
29/02/2024 05:00:00,000,5,64,
29/02/2024 06:00:00,000,5,26,
29/02/2024 07:00:00,000,5,77,
29/02/2024 08:00:00,000,7,44,
29/02/2024 09:00:00,000,9,69,
29/02/2024 10:00:00,000,11,66,
29/02/2024 11:00:00,000,13,04,
29/02/2024 12:00:00,000,14,17,
29/02/2024 13:00:00,000,14,94,
29/02/2024 14:00:00,000,15,31,
29/02/2024 15:00:00,000,15,35,
29/02/2024 16:00:00,000,14,6,
29/02/2024 17:00:00,000,13,16,
29/02/2024 18:00:00,000,11,54,
29/02/2024 19:00:00,000,10,61,
29/02/2024 20:00:00,000,10,38,
29/02/2024 21:00:00,000,10,15,
29/02/2024 22:00:00,000,9,86,
29/02/2024 23:00:00,000,9,47,
01/03/2024 00:00:00,000,8,52,
01/03/2024 01:00:00,000,7,21,
01/03/2024 02:00:00,000,6,76,
01/03/2024 03:00:00,000,6,89,
01/03/2024 04:00:00,000,6,96,
01/03/2024 05:00:00,000,6,89,
01/03/2024 06:00:00,000,6,95,
01/03/2024 07:00:00,000,7,54,
01/03/2024 08:00:00,000,8,6,
01/03/2024 09:00:00,000,9,78,
01/03/2024 10:00:00,000,10,67,
01/03/2024 11:00:00,000,11,29,
01/03/2024 12:00:00,000,11,45,
01/03/2024 13:00:00,000,11,52,
01/03/2024 14:00:00,000,11,83,
01/03/2024 15:00:00,000,11,65,
01/03/2024 16:00:00,000,11,19,
01/03/2024 17:00:00,000,10,98,
01/03/2024 18:00:00,000,10,83,
01/03/2024 19:00:00,000,10,66,
01/03/2024 20:00:00,000,9,97,
01/03/2024 21:00:00,000,9,48,
01/03/2024 22:00:00,000,9,43,
01/03/2024 23:00:00,000,9,06,
02/03/2024 00:00:00,000,8,2,
02/03/2024 01:00:00,000,7,89,
02/03/2024 02:00:00,000,8,18,
02/03/2024 03:00:00,000,7,93,
02/03/2024 04:00:00,000,7,69,
02/03/2024 05:00:00,000,7,71,
02/03/2024 06:00:00,000,7,59,
02/03/2024 07:00:00,000,7,55,
02/03/2024 08:00:00,000,8,05,
02/03/2024 09:00:00,000,8,83,
02/03/2024 10:00:00,000,9,57,
02/03/2024 11:00:00,000,10,18,
02/03/2024 12:00:00,000,10,5,
02/03/2024 13:00:00,000,10,62,
02/03/2024 14:00:00,000,10,64,
02/03/2024 15:00:00,000,10,43,
02/03/2024 16:00:00,000,10,15,
02/03/2024 17:00:00,000,9,88,
02/03/2024 18:00:00,000,9,49,
02/03/2024 19:00:00,000,8,9,
02/03/2024 20:00:00,000,8,22,
02/03/2024 21:00:00,000,7,65,
02/03/2024 22:00:00,000,7,49,
02/03/2024 23:00:00,000,7,53,
03/03/2024 00:00:00,000,7,28,
03/03/2024 01:00:00,000,7,21,
03/03/2024 02:00:00,000,7,06,
03/03/2024 03:00:00,000,6,71,
03/03/2024 04:00:00,000,6,68,
03/03/2024 05:00:00,000,6,52,
03/03/2024 06:00:00,000,6,47,
03/03/2024 07:00:00,000,7,11,
03/03/2024 08:00:00,000,8,64,
03/03/2024 09:00:00,000,10,74,
03/03/2024 10:00:00,000,12,28,
03/03/2024 11:00:00,000,13,12,
03/03/2024 12:00:00,000,13,85,
03/03/2024 13:00:00,000,14,5,
03/03/2024 14:00:00,000,14,75,
03/03/2024 15:00:00,000,14,53,
03/03/2024 16:00:00,000,13,89,
03/03/2024 17:00:00,000,12,92,
03/03/2024 18:00:00,000,11,8,
03/03/2024 19:00:00,000,10,55,
03/03/2024 20:00:00,000,10,08,
03/03/2024 21:00:00,000,9,62,
03/03/2024 22:00:00,000,8,85,
03/03/2024 23:00:00,000,8,13,
04/03/2024 00:00:00,000,7,08,
04/03/2024 01:00:00,000,6,28,
04/03/2024 02:00:00,000,5,69,
04/03/2024 03:00:00,000,5,39,
04/03/2024 04:00:00,000,4,89,
04/03/2024 05:00:00,000,4,78,
04/03/2024 06:00:00,000,4,96,
04/03/2024 07:00:00,000,5,79,
04/03/2024 08:00:00,000,7,9,
04/03/2024 09:00:00,000,10,26,
04/03/2024 10:00:00,000,12,48,
04/03/2024 11:00:00,000,14,
04/03/2024 12:00:00,000,14,94,
04/03/2024 13:00:00,000,15,63,
04/03/2024 14:00:00,000,16,15,
04/03/2024 15:00:00,000,16,27,
04/03/2024 16:00:00,000,15,6,
04/03/2024 17:00:00,000,13,9,
04/03/2024 18:00:00,000,11,55,
04/03/2024 19:00:00,000,9,81,
04/03/2024 20:00:00,000,8,54,
04/03/2024 21:00:00,000,8,27,
04/03/2024 22:00:00,000,8,47,
04/03/2024 23:00:00,000,8,04,
05/03/2024 00:00:00,000,7,37,
05/03/2024 01:00:00,000,6,81,
05/03/2024 02:00:00,000,6,62,
05/03/2024 03:00:00,000,5,99,
05/03/2024 04:00:00,000,5,69,
05/03/2024 05:00:00,000,5,79,
05/03/2024 06:00:00,000,5,66,
05/03/2024 07:00:00,000,6,68,
05/03/2024 08:00:00,000,8,35,
05/03/2024 09:00:00,000,9,84,
05/03/2024 10:00:00,000,11,43,
05/03/2024 11:00:00,000,12,5,
05/03/2024 12:00:00,000,12,63,
05/03/2024 13:00:00,000,12,76,
05/03/2024 14:00:00,000,12,88,
05/03/2024 15:00:00,000,12,31,
05/03/2024 16:00:00,000,11,32,
05/03/2024 17:00:00,000,10,11,
05/03/2024 18:00:00,000,9,19,
05/03/2024 19:00:00,000,8,59,
05/03/2024 20:00:00,000,8,06,
05/03/2024 21:00:00,000,7,8,
05/03/2024 22:00:00,000,7,68,
05/03/2024 23:00:00,000,7,13,
06/03/2024 00:00:00,000,6,62,
06/03/2024 01:00:00,000,6,35,
06/03/2024 02:00:00,000,6,17,
06/03/2024 03:00:00,000,5,76,
06/03/2024 04:00:00,000,5,29,
06/03/2024 05:00:00,000,4,96,
06/03/2024 06:00:00,000,4,84,
06/03/2024 07:00:00,000,5,79,
06/03/2024 08:00:00,000,7,5,
06/03/2024 09:00:00,000,8,84,
06/03/2024 10:00:00,000,9,37,
06/03/2024 11:00:00,000,9,73,
06/03/2024 12:00:00,000,10,35,
06/03/2024 13:00:00,000,10,65,
06/03/2024 14:00:00,000,10,4,
06/03/2024 15:00:00,000,9,65,
06/03/2024 16:00:00,000,8,58,
06/03/2024 17:00:00,000,7,42,
06/03/2024 18:00:00,000,6,45,
06/03/2024 19:00:00,000,5,82,
06/03/2024 20:00:00,000,5,38,
06/03/2024 21:00:00,000,5,08,
06/03/2024 22:00:00,000,4,91,
06/03/2024 23:00:00,000,4,78,
07/03/2024 00:00:00,000,4,78,
07/03/2024 01:00:00,000,4,8,
07/03/2024 02:00:00,000,4,5,
07/03/2024 03:00:00,000,4,38,
07/03/2024 04:00:00,000,4,44,
07/03/2024 05:00:00,000,4,14,
07/03/2024 06:00:00,000,3,92,
07/03/2024 07:00:00,000,4,13,
07/03/2024 08:00:00,000,4,55,
07/03/2024 09:00:00,000,4,81,
07/03/2024 10:00:00,000,5,09,
07/03/2024 11:00:00,000,5,37,
07/03/2024 12:00:00,000,5,42,
07/03/2024 13:00:00,000,5,66,
07/03/2024 14:00:00,000,5,9,
07/03/2024 15:00:00,000,5,89,
07/03/2024 16:00:00,000,5,61,
07/03/2024 17:00:00,000,5,15,
07/03/2024 18:00:00,000,4,75,
07/03/2024 19:00:00,000,4,52,
07/03/2024 20:00:00,000,4,32,
07/03/2024 21:00:00,000,3,98,
07/03/2024 22:00:00,000,3,68,
07/03/2024 23:00:00,000,3,25,
08/03/2024 00:00:00,000,2,83,
08/03/2024 01:00:00,000,2,7,
08/03/2024 02:00:00,000,2,58,
08/03/2024 03:00:00,000,2,49,
08/03/2024 04:00:00,000,2,44,
08/03/2024 05:00:00,000,2,37,
08/03/2024 06:00:00,000,2,38,
08/03/2024 07:00:00,000,2,6,
08/03/2024 08:00:00,000,3,09,
08/03/2024 09:00:00,000,3,76,
08/03/2024 10:00:00,000,4,5,
08/03/2024 11:00:00,000,5,33,
08/03/2024 12:00:00,000,6,08,
08/03/2024 13:00:00,000,6,51,
08/03/2024 14:00:00,000,6,76,
08/03/2024 15:00:00,000,7,01,
08/03/2024 16:00:00,000,6,95,
08/03/2024 17:00:00,000,6,45,
08/03/2024 18:00:00,000,5,98,
08/03/2024 19:00:00,000,5,45,
08/03/2024 20:00:00,000,4,7,
08/03/2024 21:00:00,000,4,05,
08/03/2024 22:00:00,000,3,53,
08/03/2024 23:00:00,000,3,
09/03/2024 00:00:00,000,2,45,
09/03/2024 01:00:00,000,2,12,
09/03/2024 02:00:00,000,2,
09/03/2024 03:00:00,000,1,95,
09/03/2024 04:00:00,000,1,93,
09/03/2024 05:00:00,000,1,97,
09/03/2024 06:00:00,000,2,13,
09/03/2024 07:00:00,000,2,79,
09/03/2024 08:00:00,000,3,85,
09/03/2024 09:00:00,000,4,91,
09/03/2024 10:00:00,000,5,94,
09/03/2024 11:00:00,000,7,06,
09/03/2024 12:00:00,000,8,06,
09/03/2024 13:00:00,000,8,79,
09/03/2024 14:00:00,000,8,93,
09/03/2024 15:00:00,000,8,86,
09/03/2024 16:00:00,000,8,75,
09/03/2024 17:00:00,000,7,94,
09/03/2024 18:00:00,000,7,19,
09/03/2024 19:00:00,000,6,67,
09/03/2024 20:00:00,000,6,43,
09/03/2024 21:00:00,000,6,61,
09/03/2024 22:00:00,000,6,7,
09/03/2024 23:00:00,000,6,66,
10/03/2024 00:00:00,000,6,51,
10/03/2024 01:00:00,000,6,32,
10/03/2024 02:00:00,000,6,3,
10/03/2024 03:00:00,000,6,24,
10/03/2024 04:00:00,000,6,27,
10/03/2024 05:00:00,000,6,3,
10/03/2024 06:00:00,000,6,4,
10/03/2024 07:00:00,000,6,75,
10/03/2024 08:00:00,000,7,37,
10/03/2024 09:00:00,000,8,73,
10/03/2024 10:00:00,000,10,08,
10/03/2024 11:00:00,000,10,91,
10/03/2024 12:00:00,000,11,35,
10/03/2024 13:00:00,000,11,57,
10/03/2024 14:00:00,000,11,86,
10/03/2024 15:00:00,000,11,79,
10/03/2024 16:00:00,000,11,34,
10/03/2024 17:00:00,000,10,78,
10/03/2024 18:00:00,000,10,48,
10/03/2024 19:00:00,000,10,39,
10/03/2024 20:00:00,000,10,31,
10/03/2024 21:00:00,000,10,3,
10/03/2024 22:00:00,000,10,11,
10/03/2024 23:00:00,000,9,9,
11/03/2024 00:00:00,000,9,7,
11/03/2024 01:00:00,000,9,6,
11/03/2024 02:00:00,000,9,62,
11/03/2024 03:00:00,000,9,48,
11/03/2024 04:00:00,000,9,23,
11/03/2024 05:00:00,000,9,1,
11/03/2024 06:00:00,000,8,78,
11/03/2024 07:00:00,000,9,04,
11/03/2024 08:00:00,000,10,17,
11/03/2024 09:00:00,000,10,85,
11/03/2024 10:00:00,000,10,98,
11/03/2024 11:00:00,000,10,92,
11/03/2024 12:00:00,000,10,82,
11/03/2024 13:00:00,000,10,65,
11/03/2024 14:00:00,000,10,66,
11/03/2024 15:00:00,000,10,6,
11/03/2024 16:00:00,000,10,31,
11/03/2024 17:00:00,000,10,09,
11/03/2024 18:00:00,000,9,92,
11/03/2024 19:00:00,000,9,72,
11/03/2024 20:00:00,000,9,6,
11/03/2024 21:00:00,000,9,48,
11/03/2024 22:00:00,000,9,31,
11/03/2024 23:00:00,000,9,26,
12/03/2024 00:00:00,000,9,31,
12/03/2024 01:00:00,000,9,15,
12/03/2024 02:00:00,000,8,84,
12/03/2024 03:00:00,000,8,62,
12/03/2024 04:00:00,000,8,42,
12/03/2024 05:00:00,000,8,33,
12/03/2024 06:00:00,000,8,34,
12/03/2024 07:00:00,000,8,54,
12/03/2024 08:00:00,000,8,99,
12/03/2024 09:00:00,000,9,36,
12/03/2024 10:00:00,000,9,66,
12/03/2024 11:00:00,000,10,09,
12/03/2024 12:00:00,000,10,32,
12/03/2024 13:00:00,000,10,34,
12/03/2024 14:00:00,000,10,38,
12/03/2024 15:00:00,000,10,25,
12/03/2024 16:00:00,000,9,74,
12/03/2024 17:00:00,000,9,16,
12/03/2024 18:00:00,000,8,97,
12/03/2024 19:00:00,000,9,04,
12/03/2024 20:00:00,000,8,88,
12/03/2024 21:00:00,000,8,68,
12/03/2024 22:00:00,000,8,82,
12/03/2024 23:00:00,000,8,82,
13/03/2024 00:00:00,000,8,55,
13/03/2024 01:00:00,000,8,27,
13/03/2024 02:00:00,000,8,1,
13/03/2024 03:00:00,000,8,13,
13/03/2024 04:00:00,000,8,22,
13/03/2024 05:00:00,000,8,19,
13/03/2024 06:00:00,000,8,11,
13/03/2024 07:00:00,000,8,19,
13/03/2024 08:00:00,000,8,54,
13/03/2024 09:00:00,000,9,09,
13/03/2024 10:00:00,000,9,93,
13/03/2024 11:00:00,000,10,55,
13/03/2024 12:00:00,000,10,94,
13/03/2024 13:00:00,000,11,1,
13/03/2024 14:00:00,000,10,72,
13/03/2024 15:00:00,000,10,35,
13/03/2024 16:00:00,000,10,04,
13/03/2024 17:00:00,000,9,61,
13/03/2024 18:00:00,000,8,91,
13/03/2024 19:00:00,000,7,84,
13/03/2024 20:00:00,000,7,46,
13/03/2024 21:00:00,000,7,59,
13/03/2024 22:00:00,000,7,52,
13/03/2024 23:00:00,000,7,37,
14/03/2024 00:00:00,000,7,12,
14/03/2024 01:00:00,000,6,87,
14/03/2024 02:00:00,000,6,53,
14/03/2024 03:00:00,000,6,24,
14/03/2024 04:00:00,000,6,03,
14/03/2024 05:00:00,000,5,76,
14/03/2024 06:00:00,000,5,77,
14/03/2024 07:00:00,000,6,46,
14/03/2024 08:00:00,000,7,61,
14/03/2024 09:00:00,000,9,03,
14/03/2024 10:00:00,000,10,5,
14/03/2024 11:00:00,000,11,19,
14/03/2024 12:00:00,000,11,34,
14/03/2024 13:00:00,000,11,83,
14/03/2024 14:00:00,000,11,89,
14/03/2024 15:00:00,000,11,53,
14/03/2024 16:00:00,000,11,22,
14/03/2024 17:00:00,000,10,3,
14/03/2024 18:00:00,000,8,82,
14/03/2024 19:00:00,000,7,01,
14/03/2024 20:00:00,000,6,22,
14/03/2024 21:00:00,000,5,79,
14/03/2024 22:00:00,000,5,07,
14/03/2024 23:00:00,000,4,86,
15/03/2024 00:00:00,000,4,72,
15/03/2024 01:00:00,000,4,54,
15/03/2024 02:00:00,000,3,47,
15/03/2024 03:00:00,000,2,76,
15/03/2024 04:00:00,000,2,61,
15/03/2024 05:00:00,000,2,14,
15/03/2024 06:00:00,000,2,17,
15/03/2024 07:00:00,000,3,85,
15/03/2024 08:00:00,000,6,17,
15/03/2024 09:00:00,000,8,14,
15/03/2024 10:00:00,000,10,15,
15/03/2024 11:00:00,000,11,8,
15/03/2024 12:00:00,000,13,13,
15/03/2024 13:00:00,000,13,97,
15/03/2024 14:00:00,000,14,39,
15/03/2024 15:00:00,000,14,41,
15/03/2024 16:00:00,000,13,73,
15/03/2024 17:00:00,000,12,1,
15/03/2024 18:00:00,000,10,82,
15/03/2024 19:00:00,000,10,07,
15/03/2024 20:00:00,000,9,17,
15/03/2024 21:00:00,000,8,34,
15/03/2024 22:00:00,000,7,72,
15/03/2024 23:00:00,000,7,11,
16/03/2024 00:00:00,000,6,49,
16/03/2024 01:00:00,000,6,33,
16/03/2024 02:00:00,000,6,29,
16/03/2024 03:00:00,000,5,93,
16/03/2024 04:00:00,000,5,64,
16/03/2024 05:00:00,000,5,4,
16/03/2024 06:00:00,000,5,63,
16/03/2024 07:00:00,000,6,51,
16/03/2024 08:00:00,000,8,02,
16/03/2024 09:00:00,000,9,69,
16/03/2024 10:00:00,000,11,58,
16/03/2024 11:00:00,000,13,09,
16/03/2024 12:00:00,000,13,61,
16/03/2024 13:00:00,000,14,19,
16/03/2024 14:00:00,000,14,64,
16/03/2024 15:00:00,000,13,67,
16/03/2024 16:00:00,000,13,09,
16/03/2024 17:00:00,000,13,14,
16/03/2024 18:00:00,000,12,25,
16/03/2024 19:00:00,000,11,45,
16/03/2024 20:00:00,000,10,75,
16/03/2024 21:00:00,000,10,15,
16/03/2024 22:00:00,000,9,43,
16/03/2024 23:00:00,000,8,93,
17/03/2024 00:00:00,000,8,74,
17/03/2024 01:00:00,000,8,56,
17/03/2024 02:00:00,000,8,21,
17/03/2024 03:00:00,000,7,55,
17/03/2024 04:00:00,000,6,86,
17/03/2024 05:00:00,000,6,4,
17/03/2024 06:00:00,000,6,39,
17/03/2024 07:00:00,000,6,67,
17/03/2024 08:00:00,000,7,04,
17/03/2024 09:00:00,000,7,75,
17/03/2024 10:00:00,000,8,48,
17/03/2024 11:00:00,000,9,16,
17/03/2024 12:00:00,000,10,11,
17/03/2024 13:00:00,000,11,08,
17/03/2024 14:00:00,000,11,59,
17/03/2024 15:00:00,000,11,54,
17/03/2024 16:00:00,000,10,94,
17/03/2024 17:00:00,000,9,49,
17/03/2024 18:00:00,000,7,85,
17/03/2024 19:00:00,000,6,82,
17/03/2024 20:00:00,000,6,32,
17/03/2024 21:00:00,000,5,55,
17/03/2024 22:00:00,000,4,72,
17/03/2024 23:00:00,000,4,31,
18/03/2024 00:00:00,000,3,98,
18/03/2024 01:00:00,000,2,84,
18/03/2024 02:00:00,000,2,14,
18/03/2024 03:00:00,000,2,46,
18/03/2024 04:00:00,000,2,26,
18/03/2024 05:00:00,000,1,57,
18/03/2024 06:00:00,000,1,33,
18/03/2024 07:00:00,000,2,69,
18/03/2024 08:00:00,000,4,31,
18/03/2024 09:00:00,000,5,29,
18/03/2024 10:00:00,000,6,14,
18/03/2024 11:00:00,000,6,83,
18/03/2024 12:00:00,000,7,59,
18/03/2024 13:00:00,000,8,39,
18/03/2024 14:00:00,000,8,61,
18/03/2024 15:00:00,000,8,14,
18/03/2024 16:00:00,000,7,25,
18/03/2024 17:00:00,000,5,82,
18/03/2024 18:00:00,000,4,41,
18/03/2024 19:00:00,000,3,3,
18/03/2024 20:00:00,000,2,58,
18/03/2024 21:00:00,000,2,38,
18/03/2024 22:00:00,000,2,21,
18/03/2024 23:00:00,000,1,56,
19/03/2024 00:00:00,000,0,83,
19/03/2024 01:00:00,000,0,72,
19/03/2024 02:00:00,000,1,03,
19/03/2024 03:00:00,000,1,26,
19/03/2024 04:00:00,000,1,23,
19/03/2024 05:00:00,000,0,82,
19/03/2024 06:00:00,000,1,03,
19/03/2024 07:00:00,000,2,36,
19/03/2024 08:00:00,000,3,84,
19/03/2024 09:00:00,000,4,92,
19/03/2024 10:00:00,000,5,84,
19/03/2024 11:00:00,000,6,46,
19/03/2024 12:00:00,000,6,92,
19/03/2024 13:00:00,000,7,65,
19/03/2024 14:00:00,000,8,1,
19/03/2024 15:00:00,000,8,34,
19/03/2024 16:00:00,000,8,01,
19/03/2024 17:00:00,000,6,87,
19/03/2024 18:00:00,000,5,33,
19/03/2024 19:00:00,000,4,13,
19/03/2024 20:00:00,000,3,27,
19/03/2024 21:00:00,000,2,45,
19/03/2024 22:00:00,000,2,05,
19/03/2024 23:00:00,000,1,49,
20/03/2024 00:00:00,000,0,69,
20/03/2024 01:00:00,000,0,04,
20/03/2024 02:00:00,000,-0,57,
20/03/2024 03:00:00,000,-0,84,
20/03/2024 04:00:00,000,-1,05,
20/03/2024 05:00:00,000,-1,16,
20/03/2024 06:00:00,000,-0,52,
20/03/2024 07:00:00,000,1,19,
20/03/2024 08:00:00,000,3,68,
20/03/2024 09:00:00,000,6,05,
20/03/2024 10:00:00,000,7,94,
20/03/2024 11:00:00,000,9,57,
20/03/2024 12:00:00,000,10,91,
20/03/2024 13:00:00,000,11,9,
20/03/2024 14:00:00,000,12,57,
20/03/2024 15:00:00,000,12,89,
20/03/2024 16:00:00,000,12,29,
20/03/2024 17:00:00,000,10,4,
20/03/2024 18:00:00,000,8,9,
20/03/2024 19:00:00,000,7,64,
20/03/2024 20:00:00,000,6,13,
20/03/2024 21:00:00,000,5,42,
20/03/2024 22:00:00,000,4,93,
20/03/2024 23:00:00,000,4,32,
21/03/2024 00:00:00,000,3,49,
21/03/2024 01:00:00,000,2,63,
21/03/2024 02:00:00,000,2,28,
21/03/2024 03:00:00,000,1,75,
21/03/2024 04:00:00,000,1,54,
21/03/2024 05:00:00,000,1,67,
21/03/2024 06:00:00,000,2,05,
21/03/2024 07:00:00,000,3,97,
21/03/2024 08:00:00,000,6,54,
21/03/2024 09:00:00,000,8,81,
21/03/2024 10:00:00,000,10,92,
21/03/2024 11:00:00,000,12,77,
21/03/2024 12:00:00,000,14,22,
21/03/2024 13:00:00,000,15,23,
21/03/2024 14:00:00,000,15,59,
21/03/2024 15:00:00,000,15,57,
21/03/2024 16:00:00,000,15,09,
21/03/2024 17:00:00,000,14,04,
21/03/2024 18:00:00,000,12,58,
21/03/2024 19:00:00,000,10,93,
21/03/2024 20:00:00,000,9,67,
21/03/2024 21:00:00,000,9,38,
21/03/2024 22:00:00,000,9,52,
21/03/2024 23:00:00,000,9,52,
22/03/2024 00:00:00,000,9,3,
22/03/2024 01:00:00,000,9,21,
22/03/2024 02:00:00,000,9,21,
22/03/2024 03:00:00,000,8,85,
22/03/2024 04:00:00,000,8,89,
22/03/2024 05:00:00,000,9,02,
22/03/2024 06:00:00,000,8,92,
22/03/2024 07:00:00,000,9,36,
22/03/2024 08:00:00,000,10,14,
22/03/2024 09:00:00,000,10,93,
22/03/2024 10:00:00,000,11,87,
22/03/2024 11:00:00,000,12,56,
22/03/2024 12:00:00,000,13,11,
22/03/2024 13:00:00,000,13,88,
22/03/2024 14:00:00,000,14,61,
22/03/2024 15:00:00,000,14,89,
22/03/2024 16:00:00,000,14,55,
22/03/2024 17:00:00,000,13,9,
22/03/2024 18:00:00,000,12,65,
22/03/2024 19:00:00,000,11,39,
22/03/2024 20:00:00,000,11,02,
22/03/2024 21:00:00,000,10,19,
22/03/2024 22:00:00,000,9,17,
22/03/2024 23:00:00,000,8,82,
23/03/2024 00:00:00,000,8,36,
23/03/2024 01:00:00,000,7,96,
23/03/2024 02:00:00,000,7,63,
23/03/2024 03:00:00,000,7,4,
23/03/2024 04:00:00,000,7,18,
23/03/2024 05:00:00,000,6,93,
23/03/2024 06:00:00,000,7,43,
23/03/2024 07:00:00,000,8,27,
23/03/2024 08:00:00,000,9,28,
23/03/2024 09:00:00,000,10,67,
23/03/2024 10:00:00,000,12,03,
23/03/2024 11:00:00,000,13,41,
23/03/2024 12:00:00,000,14,72,
23/03/2024 13:00:00,000,15,92,
23/03/2024 14:00:00,000,16,79,
23/03/2024 15:00:00,000,15,13,
23/03/2024 16:00:00,000,12,56,
23/03/2024 17:00:00,000,11,5,
23/03/2024 18:00:00,000,10,76,
23/03/2024 19:00:00,000,10,09,
23/03/2024 20:00:00,000,9,7,
23/03/2024 21:00:00,000,9,02,
23/03/2024 22:00:00,000,8,06,
23/03/2024 23:00:00,000,6,97,
24/03/2024 00:00:00,000,5,78,
24/03/2024 01:00:00,000,5,12,
24/03/2024 02:00:00,000,4,62,
24/03/2024 03:00:00,000,4,29,
24/03/2024 04:00:00,000,4,21,
24/03/2024 05:00:00,000,4,07,
24/03/2024 06:00:00,000,4,37,
24/03/2024 07:00:00,000,5,42,
24/03/2024 08:00:00,000,6,89,
24/03/2024 09:00:00,000,7,82,
24/03/2024 10:00:00,000,8,1,
24/03/2024 11:00:00,000,8,69,
24/03/2024 12:00:00,000,9,52,
24/03/2024 13:00:00,000,10,29,
24/03/2024 14:00:00,000,10,62,
24/03/2024 15:00:00,000,10,19,
24/03/2024 16:00:00,000,9,17,
24/03/2024 17:00:00,000,8,17,
24/03/2024 18:00:00,000,7,15,
24/03/2024 19:00:00,000,6,25,
24/03/2024 20:00:00,000,5,58,
24/03/2024 21:00:00,000,5,06,
24/03/2024 22:00:00,000,4,64,
24/03/2024 23:00:00,000,4,18,
25/03/2024 00:00:00,000,4,
25/03/2024 01:00:00,000,3,79,
25/03/2024 02:00:00,000,3,67,
25/03/2024 03:00:00,000,3,64,
25/03/2024 04:00:00,000,3,4,
25/03/2024 05:00:00,000,3,3,
25/03/2024 06:00:00,000,3,69,
25/03/2024 07:00:00,000,4,72,
25/03/2024 08:00:00,000,5,78,
25/03/2024 09:00:00,000,6,95,
25/03/2024 10:00:00,000,8,42,
25/03/2024 11:00:00,000,9,16,
25/03/2024 12:00:00,000,9,22,
25/03/2024 13:00:00,000,8,77,
25/03/2024 14:00:00,000,9,18,
25/03/2024 15:00:00,000,10,01,
25/03/2024 16:00:00,000,9,69,
25/03/2024 17:00:00,000,8,63,
25/03/2024 18:00:00,000,7,21,
25/03/2024 19:00:00,000,5,39,
25/03/2024 20:00:00,000,3,83,
25/03/2024 21:00:00,000,3,2,
25/03/2024 22:00:00,000,2,11,
25/03/2024 23:00:00,000,1,04,
26/03/2024 00:00:00,000,0,4,
26/03/2024 01:00:00,000,0,2,
26/03/2024 02:00:00,000,0,55,
26/03/2024 03:00:00,000,0,73,
26/03/2024 04:00:00,000,0,7,
26/03/2024 05:00:00,000,0,62,
26/03/2024 06:00:00,000,1,15,
26/03/2024 07:00:00,000,2,99,
26/03/2024 08:00:00,000,5,83,
26/03/2024 09:00:00,000,9,13,
26/03/2024 10:00:00,000,11,57,
26/03/2024 11:00:00,000,12,95,
26/03/2024 12:00:00,000,13,78,
26/03/2024 13:00:00,000,14,05,
26/03/2024 14:00:00,000,14,56,
26/03/2024 15:00:00,000,14,67,
26/03/2024 16:00:00,000,13,88,
26/03/2024 17:00:00,000,12,85,
26/03/2024 18:00:00,000,11,68,
26/03/2024 19:00:00,000,10,79,
26/03/2024 20:00:00,000,10,1,
26/03/2024 21:00:00,000,9,22,
26/03/2024 22:00:00,000,8,67,
26/03/2024 23:00:00,000,8,17,
27/03/2024 00:00:00,000,7,65,
27/03/2024 01:00:00,000,6,92,
27/03/2024 02:00:00,000,6,07,
27/03/2024 03:00:00,000,6,
27/03/2024 04:00:00,000,6,58,
27/03/2024 05:00:00,000,6,84,
27/03/2024 06:00:00,000,7,38,
27/03/2024 07:00:00,000,8,47,
27/03/2024 08:00:00,000,9,5,
27/03/2024 09:00:00,000,10,94,
27/03/2024 10:00:00,000,12,48,
27/03/2024 11:00:00,000,13,3,
27/03/2024 12:00:00,000,14,1,
27/03/2024 13:00:00,000,14,7,
27/03/2024 14:00:00,000,14,85,
27/03/2024 15:00:00,000,14,81,
27/03/2024 16:00:00,000,14,63,
27/03/2024 17:00:00,000,14,4,
27/03/2024 18:00:00,000,13,92,
27/03/2024 19:00:00,000,13,8,
27/03/2024 20:00:00,000,13,5,
27/03/2024 21:00:00,000,13,11,
27/03/2024 22:00:00,000,12,6,
27/03/2024 23:00:00,000,12,7,
28/03/2024 00:00:00,000,12,82,
28/03/2024 01:00:00,000,12,02,
28/03/2024 02:00:00,000,11,83,
28/03/2024 03:00:00,000,11,92,
28/03/2024 04:00:00,000,11,34,
28/03/2024 05:00:00,000,10,88,
28/03/2024 06:00:00,000,10,46,
28/03/2024 07:00:00,000,10,1,
28/03/2024 08:00:00,000,10,25,
28/03/2024 09:00:00,000,10,64,
28/03/2024 10:00:00,000,11,64,
28/03/2024 11:00:00,000,12,95,
28/03/2024 12:00:00,000,14,23,
28/03/2024 13:00:00,000,15,27,
28/03/2024 14:00:00,000,15,32,
28/03/2024 15:00:00,000,14,68,
28/03/2024 16:00:00,000,14,2,
28/03/2024 17:00:00,000,13,48,
28/03/2024 18:00:00,000,12,78,
28/03/2024 19:00:00,000,11,53,
28/03/2024 20:00:00,000,9,65,
28/03/2024 21:00:00,000,8,59,
28/03/2024 22:00:00,000,8,14,
28/03/2024 23:00:00,000,8,01,
29/03/2024 00:00:00,000,7,72,
29/03/2024 01:00:00,000,6,98,
29/03/2024 02:00:00,000,5,94,
29/03/2024 03:00:00,000,5,07,
29/03/2024 04:00:00,000,4,54,
29/03/2024 05:00:00,000,4,
29/03/2024 06:00:00,000,4,56,
29/03/2024 07:00:00,000,6,51,
29/03/2024 08:00:00,000,8,9,
29/03/2024 09:00:00,000,11,15,
29/03/2024 10:00:00,000,13,2,
29/03/2024 11:00:00,000,14,87,
29/03/2024 12:00:00,000,16,17,
29/03/2024 13:00:00,000,17,1,
29/03/2024 14:00:00,000,17,3,
29/03/2024 15:00:00,000,17,22,
29/03/2024 16:00:00,000,16,89,
29/03/2024 17:00:00,000,16,23,
29/03/2024 18:00:00,000,15,43,
29/03/2024 19:00:00,000,14,71,
29/03/2024 20:00:00,000,14,77,
29/03/2024 21:00:00,000,14,89,
29/03/2024 22:00:00,000,14,39,
29/03/2024 23:00:00,000,13,22,
30/03/2024 00:00:00,000,12,12,
30/03/2024 01:00:00,000,11,82,
30/03/2024 02:00:00,000,11,2,
30/03/2024 03:00:00,000,10,57,
30/03/2024 04:00:00,000,10,39,
30/03/2024 05:00:00,000,10,05,
30/03/2024 06:00:00,000,10,27,
30/03/2024 07:00:00,000,12,15,
30/03/2024 08:00:00,000,14,42,
30/03/2024 09:00:00,000,16,11,
30/03/2024 10:00:00,000,17,3,
30/03/2024 11:00:00,000,18,05,
30/03/2024 12:00:00,000,18,85,
30/03/2024 13:00:00,000,19,66,
30/03/2024 14:00:00,000,20,99,
30/03/2024 15:00:00,000,21,79,
30/03/2024 16:00:00,000,21,01,
30/03/2024 17:00:00,000,20,03,
30/03/2024 18:00:00,000,19,03,
30/03/2024 19:00:00,000,17,87,
30/03/2024 20:00:00,000,16,51,
30/03/2024 21:00:00,000,15,74,
30/03/2024 22:00:00,000,16,35,
30/03/2024 23:00:00,000,15,68,
31/03/2024 00:00:00,000,13,36,
31/03/2024 01:00:00,000,12,33,
31/03/2024 03:00:00,000,12,6,
31/03/2024 04:00:00,000,12,87,
31/03/2024 05:00:00,000,13,46,
31/03/2024 06:00:00,000,13,21,
31/03/2024 07:00:00,000,12,95,
31/03/2024 08:00:00,000,13,17,
31/03/2024 09:00:00,000,14,22,
31/03/2024 10:00:00,000,15,96,
31/03/2024 11:00:00,000,17,47,
31/03/2024 12:00:00,000,19,12,
31/03/2024 13:00:00,000,20,39,
31/03/2024 14:00:00,000,20,75,
31/03/2024 15:00:00,000,21,09,
31/03/2024 16:00:00,000,21,25,
31/03/2024 17:00:00,000,21,19,
31/03/2024 18:00:00,000,20,64,
31/03/2024 19:00:00,000,19,79,
31/03/2024 20:00:00,000,18,84,
31/03/2024 21:00:00,000,17,89,
31/03/2024 22:00:00,000,17,6,
31/03/2024 23:00:00,000,17,33,
01/04/2024 00:00:00,000,16,9,
01/04/2024 01:00:00,000,16,27,
01/04/2024 02:00:00,000,16,
01/04/2024 03:00:00,000,16,09,
01/04/2024 04:00:00,000,14,83,
01/04/2024 05:00:00,000,13,4,
01/04/2024 06:00:00,000,13,33,
01/04/2024 07:00:00,000,13,73,
01/04/2024 08:00:00,000,14,86,
01/04/2024 09:00:00,000,16,5,
01/04/2024 10:00:00,000,17,8,
01/04/2024 11:00:00,000,18,89,
01/04/2024 12:00:00,000,20,51,
01/04/2024 13:00:00,000,22,07,
01/04/2024 14:00:00,000,23,17,
01/04/2024 15:00:00,000,24,08,
01/04/2024 16:00:00,000,24,36,
01/04/2024 17:00:00,000,24,21,
01/04/2024 18:00:00,000,23,54,
01/04/2024 19:00:00,000,21,38,
01/04/2024 20:00:00,000,18,46,
01/04/2024 21:00:00,000,16,02,
01/04/2024 22:00:00,000,14,59,
01/04/2024 23:00:00,000,13,73,
02/04/2024 00:00:00,000,12,85,
02/04/2024 01:00:00,000,12,37,
02/04/2024 02:00:00,000,11,95,
02/04/2024 03:00:00,000,11,47,
02/04/2024 04:00:00,000,11,18,
02/04/2024 05:00:00,000,11,04,
02/04/2024 06:00:00,000,10,76,
02/04/2024 07:00:00,000,10,02,
02/04/2024 08:00:00,000,9,41,
02/04/2024 09:00:00,000,9,27,
02/04/2024 10:00:00,000,9,53,
02/04/2024 11:00:00,000,10,22,
02/04/2024 12:00:00,000,10,64,
02/04/2024 13:00:00,000,10,77,
02/04/2024 14:00:00,000,11,63,
02/04/2024 15:00:00,000,12,38,
02/04/2024 16:00:00,000,12,79,
02/04/2024 17:00:00,000,13,26,
02/04/2024 18:00:00,000,13,12,
02/04/2024 19:00:00,000,12,04,
02/04/2024 20:00:00,000,10,86,
02/04/2024 21:00:00,000,10,31,
02/04/2024 22:00:00,000,8,49,
02/04/2024 23:00:00,000,6,78,
03/04/2024 00:00:00,000,6,62,
03/04/2024 01:00:00,000,6,47,
03/04/2024 02:00:00,000,6,15,
03/04/2024 03:00:00,000,5,31,
03/04/2024 04:00:00,000,4,64,
03/04/2024 05:00:00,000,5,9,
03/04/2024 06:00:00,000,6,52,
03/04/2024 07:00:00,000,5,88,
03/04/2024 08:00:00,000,7,9,
03/04/2024 09:00:00,000,10,67,
03/04/2024 10:00:00,000,12,3,
03/04/2024 11:00:00,000,13,82,
03/04/2024 12:00:00,000,14,92,
03/04/2024 13:00:00,000,15,68,
03/04/2024 14:00:00,000,16,13,
03/04/2024 15:00:00,000,16,37,
03/04/2024 16:00:00,000,16,55,
03/04/2024 17:00:00,000,16,2,
03/04/2024 18:00:00,000,15,35,
03/04/2024 19:00:00,000,14,34,
03/04/2024 20:00:00,000,13,48,
03/04/2024 21:00:00,000,12,63,
03/04/2024 22:00:00,000,11,67,
03/04/2024 23:00:00,000,11,09,
04/04/2024 00:00:00,000,10,93,
04/04/2024 01:00:00,000,11,09,
04/04/2024 02:00:00,000,10,97,
04/04/2024 03:00:00,000,10,64,
04/04/2024 04:00:00,000,10,4,
04/04/2024 05:00:00,000,9,9,
04/04/2024 06:00:00,000,9,34,
04/04/2024 07:00:00,000,8,64,
04/04/2024 08:00:00,000,9,37,
04/04/2024 09:00:00,000,11,31,
04/04/2024 10:00:00,000,12,24,
04/04/2024 11:00:00,000,12,8,
04/04/2024 12:00:00,000,14,07,
04/04/2024 13:00:00,000,15,27,
04/04/2024 14:00:00,000,16,03,
04/04/2024 15:00:00,000,16,83,
04/04/2024 16:00:00,000,17,7,
04/04/2024 17:00:00,000,17,93,
04/04/2024 18:00:00,000,17,45,
04/04/2024 19:00:00,000,16,32,
04/04/2024 20:00:00,000,14,53,
04/04/2024 21:00:00,000,13,95,
04/04/2024 22:00:00,000,14,08,
04/04/2024 23:00:00,000,13,21,
05/04/2024 00:00:00,000,11,96,
05/04/2024 01:00:00,000,10,83,
05/04/2024 02:00:00,000,9,96,
05/04/2024 03:00:00,000,9,58,
05/04/2024 04:00:00,000,9,41,
05/04/2024 05:00:00,000,9,81,
05/04/2024 06:00:00,000,9,88,
05/04/2024 07:00:00,000,9,45,
05/04/2024 08:00:00,000,10,66,
05/04/2024 09:00:00,000,12,78,
05/04/2024 10:00:00,000,14,28,
05/04/2024 11:00:00,000,15,33,
05/04/2024 12:00:00,000,16,39,
05/04/2024 13:00:00,000,17,22,
05/04/2024 14:00:00,000,17,8,
05/04/2024 15:00:00,000,18,4,
05/04/2024 16:00:00,000,18,78,
05/04/2024 17:00:00,000,19,16,
05/04/2024 18:00:00,000,19,04,
05/04/2024 19:00:00,000,18,18,
05/04/2024 20:00:00,000,16,46,
05/04/2024 21:00:00,000,15,08,
05/04/2024 22:00:00,000,14,51,
05/04/2024 23:00:00,000,13,08,
06/04/2024 00:00:00,000,12,11,
06/04/2024 01:00:00,000,12,12,
06/04/2024 02:00:00,000,12,
06/04/2024 03:00:00,000,11,71,
06/04/2024 04:00:00,000,11,47,
06/04/2024 05:00:00,000,11,72,
06/04/2024 06:00:00,000,11,94,
06/04/2024 07:00:00,000,11,83,
06/04/2024 08:00:00,000,12,3,
06/04/2024 09:00:00,000,13,52,
06/04/2024 10:00:00,000,14,92,
06/04/2024 11:00:00,000,16,8,
06/04/2024 12:00:00,000,18,34,
06/04/2024 13:00:00,000,19,27,
06/04/2024 14:00:00,000,20,16,
06/04/2024 15:00:00,000,20,94,
06/04/2024 16:00:00,000,21,69,
06/04/2024 17:00:00,000,21,72,
06/04/2024 18:00:00,000,21,41,
06/04/2024 19:00:00,000,20,53,
06/04/2024 20:00:00,000,18,4,
06/04/2024 21:00:00,000,16,64,
06/04/2024 22:00:00,000,15,27,
06/04/2024 23:00:00,000,13,7,
07/04/2024 00:00:00,000,12,8,
07/04/2024 01:00:00,000,11,94,
07/04/2024 02:00:00,000,11,21,
07/04/2024 03:00:00,000,10,96,
07/04/2024 04:00:00,000,10,32,
07/04/2024 05:00:00,000,10,08,
07/04/2024 06:00:00,000,10,01,
07/04/2024 07:00:00,000,9,85,
07/04/2024 08:00:00,000,11,29,
07/04/2024 09:00:00,000,13,79,
07/04/2024 10:00:00,000,16,15,
07/04/2024 11:00:00,000,18,23,
07/04/2024 12:00:00,000,20,18,
07/04/2024 13:00:00,000,21,69,
07/04/2024 14:00:00,000,22,9,
07/04/2024 15:00:00,000,23,82,
07/04/2024 16:00:00,000,24,21,
07/04/2024 17:00:00,000,24,08,
07/04/2024 18:00:00,000,23,38,
07/04/2024 19:00:00,000,21,8,
07/04/2024 20:00:00,000,19,28,
07/04/2024 21:00:00,000,17,33,
07/04/2024 22:00:00,000,16,34,
07/04/2024 23:00:00,000,15,52,
08/04/2024 00:00:00,000,14,5,
08/04/2024 01:00:00,000,13,37,
08/04/2024 02:00:00,000,12,59,
08/04/2024 03:00:00,000,12,07,
08/04/2024 04:00:00,000,11,37,
08/04/2024 05:00:00,000,10,94,
08/04/2024 06:00:00,000,10,68,
08/04/2024 07:00:00,000,10,56,
08/04/2024 08:00:00,000,11,89,
08/04/2024 09:00:00,000,14,11,
08/04/2024 10:00:00,000,16,33,
08/04/2024 11:00:00,000,18,79,
08/04/2024 12:00:00,000,20,97,
08/04/2024 13:00:00,000,22,53,
08/04/2024 14:00:00,000,23,66,
08/04/2024 15:00:00,000,24,35,
08/04/2024 16:00:00,000,24,69,
08/04/2024 17:00:00,000,24,31,
08/04/2024 18:00:00,000,23,54,
08/04/2024 19:00:00,000,21,97,
08/04/2024 20:00:00,000,19,65,
08/04/2024 21:00:00,000,18,06,
08/04/2024 22:00:00,000,17,01,
08/04/2024 23:00:00,000,15,92,
09/04/2024 00:00:00,000,14,96,
09/04/2024 01:00:00,000,14,19,
09/04/2024 02:00:00,000,13,41,
09/04/2024 03:00:00,000,12,97,
09/04/2024 04:00:00,000,12,62,
09/04/2024 05:00:00,000,12,07,
09/04/2024 06:00:00,000,11,31,
09/04/2024 07:00:00,000,10,92,
09/04/2024 08:00:00,000,12,09,
09/04/2024 09:00:00,000,14,42,
09/04/2024 10:00:00,000,17,19,
09/04/2024 11:00:00,000,19,67,
09/04/2024 12:00:00,000,21,26,
09/04/2024 13:00:00,000,22,39,
09/04/2024 14:00:00,000,23,24,
09/04/2024 15:00:00,000,23,9,
09/04/2024 16:00:00,000,24,13,
09/04/2024 17:00:00,000,23,87,
09/04/2024 18:00:00,000,23,13,
09/04/2024 19:00:00,000,21,85,
09/04/2024 20:00:00,000,20,09,
09/04/2024 21:00:00,000,18,5,
09/04/2024 22:00:00,000,17,48,
09/04/2024 23:00:00,000,16,94,
10/04/2024 00:00:00,000,16,06,
10/04/2024 01:00:00,000,14,77,
10/04/2024 02:00:00,000,13,76,
10/04/2024 03:00:00,000,12,95,
10/04/2024 04:00:00,000,12,37,
10/04/2024 05:00:00,000,12,01,
10/04/2024 06:00:00,000,11,52,
10/04/2024 07:00:00,000,10,77,
10/04/2024 08:00:00,000,10,98,
10/04/2024 09:00:00,000,11,95,
10/04/2024 10:00:00,000,12,61,
10/04/2024 11:00:00,000,13,09,
10/04/2024 12:00:00,000,13,58,
10/04/2024 13:00:00,000,14,02,
10/04/2024 14:00:00,000,14,37,
10/04/2024 15:00:00,000,14,31,
10/04/2024 16:00:00,000,13,97,
10/04/2024 17:00:00,000,13,67,
10/04/2024 18:00:00,000,13,25,
10/04/2024 19:00:00,000,12,76,
10/04/2024 20:00:00,000,12,32,
10/04/2024 21:00:00,000,12,07,
10/04/2024 22:00:00,000,11,91,
10/04/2024 23:00:00,000,11,72,
11/04/2024 00:00:00,000,11,57,
11/04/2024 01:00:00,000,11,36,
11/04/2024 02:00:00,000,11,23,
11/04/2024 03:00:00,000,11,1,
11/04/2024 04:00:00,000,10,9,
11/04/2024 05:00:00,000,10,73,
11/04/2024 06:00:00,000,10,56,
11/04/2024 07:00:00,000,10,54,
11/04/2024 08:00:00,000,11,09,
11/04/2024 09:00:00,000,12,3,
11/04/2024 10:00:00,000,13,69,
11/04/2024 11:00:00,000,15,05,
11/04/2024 12:00:00,000,16,28,
11/04/2024 13:00:00,000,17,32,
11/04/2024 14:00:00,000,18,24,
11/04/2024 15:00:00,000,18,65,
11/04/2024 16:00:00,000,18,72,
11/04/2024 17:00:00,000,18,76,
11/04/2024 18:00:00,000,18,5,
11/04/2024 19:00:00,000,17,79,
11/04/2024 20:00:00,000,16,55,
11/04/2024 21:00:00,000,15,12,
11/04/2024 22:00:00,000,13,94,
11/04/2024 23:00:00,000,12,99,
12/04/2024 00:00:00,000,12,15,
12/04/2024 01:00:00,000,12,22,
12/04/2024 02:00:00,000,11,82,
12/04/2024 03:00:00,000,10,47,
12/04/2024 04:00:00,000,9,79,
12/04/2024 05:00:00,000,9,6,
12/04/2024 06:00:00,000,9,62,
12/04/2024 07:00:00,000,9,73,
12/04/2024 08:00:00,000,11,11,
12/04/2024 09:00:00,000,13,67,
12/04/2024 10:00:00,000,15,75,
12/04/2024 11:00:00,000,17,1,
12/04/2024 12:00:00,000,18,08,
12/04/2024 13:00:00,000,19,09,
12/04/2024 14:00:00,000,20,25,
12/04/2024 15:00:00,000,21,25,
12/04/2024 16:00:00,000,21,75,
12/04/2024 17:00:00,000,21,72,
12/04/2024 18:00:00,000,21,2,
12/04/2024 19:00:00,000,20,34,
12/04/2024 20:00:00,000,18,88,
12/04/2024 21:00:00,000,17,12,
12/04/2024 22:00:00,000,15,66,
12/04/2024 23:00:00,000,14,02,
13/04/2024 00:00:00,000,13,24,
13/04/2024 01:00:00,000,13,65,
13/04/2024 02:00:00,000,13,32,
13/04/2024 03:00:00,000,11,97,
13/04/2024 04:00:00,000,11,62,
13/04/2024 05:00:00,000,11,92,
13/04/2024 06:00:00,000,11,
13/04/2024 07:00:00,000,11,26,
13/04/2024 08:00:00,000,13,19,
13/04/2024 09:00:00,000,14,96,
13/04/2024 10:00:00,000,16,78,
13/04/2024 11:00:00,000,18,61,
13/04/2024 12:00:00,000,20,36,
13/04/2024 13:00:00,000,21,49,
13/04/2024 14:00:00,000,22,27,
13/04/2024 15:00:00,000,23,08,
13/04/2024 16:00:00,000,23,43,
13/04/2024 17:00:00,000,23,49,
13/04/2024 18:00:00,000,23,35,
13/04/2024 19:00:00,000,22,21,
13/04/2024 20:00:00,000,20,15,
13/04/2024 21:00:00,000,18,05,
13/04/2024 22:00:00,000,15,73,
13/04/2024 23:00:00,000,14,11,
14/04/2024 00:00:00,000,13,24,
14/04/2024 01:00:00,000,12,65,
14/04/2024 02:00:00,000,12,32,
14/04/2024 03:00:00,000,11,38,
14/04/2024 04:00:00,000,10,41,
14/04/2024 05:00:00,000,9,85,
14/04/2024 06:00:00,000,9,45,
14/04/2024 07:00:00,000,9,52,
14/04/2024 08:00:00,000,10,64,
14/04/2024 09:00:00,000,12,84,
14/04/2024 10:00:00,000,15,52,
14/04/2024 11:00:00,000,18,71,
14/04/2024 12:00:00,000,21,68,
14/04/2024 13:00:00,000,23,56,
14/04/2024 14:00:00,000,24,77,
14/04/2024 15:00:00,000,25,38,
14/04/2024 16:00:00,000,25,7,
14/04/2024 17:00:00,000,25,76,
14/04/2024 18:00:00,000,25,04,
14/04/2024 19:00:00,000,23,87,
14/04/2024 20:00:00,000,22,1,
14/04/2024 21:00:00,000,20,07,
14/04/2024 22:00:00,000,17,83,
14/04/2024 23:00:00,000,16,63,
15/04/2024 00:00:00,000,16,49,
15/04/2024 01:00:00,000,16,11,
15/04/2024 02:00:00,000,14,94,
15/04/2024 03:00:00,000,13,37,
15/04/2024 04:00:00,000,12,96,
15/04/2024 05:00:00,000,12,73,
15/04/2024 06:00:00,000,12,14,
15/04/2024 07:00:00,000,12,16,
15/04/2024 08:00:00,000,13,32,
15/04/2024 09:00:00,000,15,34,
15/04/2024 10:00:00,000,17,6,
15/04/2024 11:00:00,000,19,42,
15/04/2024 12:00:00,000,20,3,
15/04/2024 13:00:00,000,20,55,
15/04/2024 14:00:00,000,20,81,
15/04/2024 15:00:00,000,20,93,
15/04/2024 16:00:00,000,20,06,
15/04/2024 17:00:00,000,17,51,
15/04/2024 18:00:00,000,15,39,
15/04/2024 19:00:00,000,14,62,
15/04/2024 20:00:00,000,14,04,
15/04/2024 21:00:00,000,13,3,
15/04/2024 22:00:00,000,12,59,
15/04/2024 23:00:00,000,12,35,
16/04/2024 00:00:00,000,12,32,
16/04/2024 01:00:00,000,12,29,
16/04/2024 02:00:00,000,12,38,
16/04/2024 03:00:00,000,12,4,
16/04/2024 04:00:00,000,12,18,
16/04/2024 05:00:00,000,11,53,
16/04/2024 06:00:00,000,10,59,
16/04/2024 07:00:00,000,9,75,
16/04/2024 08:00:00,000,9,09,
16/04/2024 09:00:00,000,8,33,
16/04/2024 10:00:00,000,7,77,
16/04/2024 11:00:00,000,7,78,
16/04/2024 12:00:00,000,7,77,
16/04/2024 13:00:00,000,7,8,
16/04/2024 14:00:00,000,8,01,
16/04/2024 15:00:00,000,8,27,
16/04/2024 16:00:00,000,8,37,
16/04/2024 17:00:00,000,8,24,
16/04/2024 18:00:00,000,8,16,
16/04/2024 19:00:00,000,7,99,
16/04/2024 20:00:00,000,7,59,
16/04/2024 21:00:00,000,6,93,
16/04/2024 22:00:00,000,6,27,
16/04/2024 23:00:00,000,5,75,
17/04/2024 00:00:00,000,5,28,
17/04/2024 01:00:00,000,4,96,
17/04/2024 02:00:00,000,4,72,
17/04/2024 03:00:00,000,4,55,
17/04/2024 04:00:00,000,4,52,
17/04/2024 05:00:00,000,4,7,
17/04/2024 06:00:00,000,4,78,
17/04/2024 07:00:00,000,4,91,
17/04/2024 08:00:00,000,5,53,
17/04/2024 09:00:00,000,6,53,
17/04/2024 10:00:00,000,7,65,
17/04/2024 11:00:00,000,8,81,
17/04/2024 12:00:00,000,9,67,
17/04/2024 13:00:00,000,10,31,
17/04/2024 14:00:00,000,11,05,
17/04/2024 15:00:00,000,11,23,
17/04/2024 16:00:00,000,11,42,
17/04/2024 17:00:00,000,11,71,
17/04/2024 18:00:00,000,11,07,
17/04/2024 19:00:00,000,9,81,
17/04/2024 20:00:00,000,8,4,
17/04/2024 21:00:00,000,7,27,
17/04/2024 22:00:00,000,6,59,
17/04/2024 23:00:00,000,6,09,
18/04/2024 00:00:00,000,5,79,
18/04/2024 01:00:00,000,5,6,
18/04/2024 02:00:00,000,4,94,
18/04/2024 03:00:00,000,4,65,
18/04/2024 04:00:00,000,4,9,
18/04/2024 05:00:00,000,4,69,
18/04/2024 06:00:00,000,4,54,
18/04/2024 07:00:00,000,4,85,
18/04/2024 08:00:00,000,5,75,
18/04/2024 09:00:00,000,7,05,
18/04/2024 10:00:00,000,8,12,
18/04/2024 11:00:00,000,9,
18/04/2024 12:00:00,000,9,58,
18/04/2024 13:00:00,000,9,79,
18/04/2024 14:00:00,000,10,29,
18/04/2024 15:00:00,000,10,85,
18/04/2024 16:00:00,000,11,09,
18/04/2024 17:00:00,000,10,55,
18/04/2024 18:00:00,000,9,56,
18/04/2024 19:00:00,000,8,92,
18/04/2024 20:00:00,000,7,98,
18/04/2024 21:00:00,000,7,09,
18/04/2024 22:00:00,000,6,45,
18/04/2024 23:00:00,000,5,61,
19/04/2024 00:00:00,000,5,1,
19/04/2024 01:00:00,000,4,55,
19/04/2024 02:00:00,000,4,16,
19/04/2024 03:00:00,000,3,88,
19/04/2024 04:00:00,000,3,44,
19/04/2024 05:00:00,000,3,02,
19/04/2024 06:00:00,000,2,53,
19/04/2024 07:00:00,000,2,78,
19/04/2024 08:00:00,000,3,96,
19/04/2024 09:00:00,000,5,56,
19/04/2024 10:00:00,000,7,32,
19/04/2024 11:00:00,000,8,9,
19/04/2024 12:00:00,000,9,71,
19/04/2024 13:00:00,000,9,17,
19/04/2024 14:00:00,000,9,33,
19/04/2024 15:00:00,000,10,42,
19/04/2024 16:00:00,000,10,49,
19/04/2024 17:00:00,000,10,23,
19/04/2024 18:00:00,000,10,23,
19/04/2024 19:00:00,000,9,04,
19/04/2024 20:00:00,000,7,46,
19/04/2024 21:00:00,000,6,83,
19/04/2024 22:00:00,000,6,43,
19/04/2024 23:00:00,000,5,96,
20/04/2024 00:00:00,000,5,59,
20/04/2024 01:00:00,000,5,51,
20/04/2024 02:00:00,000,5,59,
20/04/2024 03:00:00,000,5,85,
20/04/2024 04:00:00,000,5,83,
20/04/2024 05:00:00,000,5,42,
20/04/2024 06:00:00,000,5,26,
20/04/2024 07:00:00,000,5,44,
20/04/2024 08:00:00,000,6,17,
20/04/2024 09:00:00,000,7,35,
20/04/2024 10:00:00,000,8,3,
20/04/2024 11:00:00,000,9,14,
20/04/2024 12:00:00,000,9,78,
20/04/2024 13:00:00,000,10,14,
20/04/2024 14:00:00,000,9,76,
20/04/2024 15:00:00,000,9,41,
20/04/2024 16:00:00,000,9,66,
20/04/2024 17:00:00,000,9,59,
20/04/2024 18:00:00,000,9,14,
20/04/2024 19:00:00,000,8,45,
20/04/2024 20:00:00,000,7,4,
20/04/2024 21:00:00,000,6,24,
20/04/2024 22:00:00,000,5,54,
20/04/2024 23:00:00,000,5,02,
21/04/2024 00:00:00,000,4,41,
21/04/2024 01:00:00,000,4,17,
21/04/2024 02:00:00,000,3,82,
21/04/2024 03:00:00,000,3,89,
21/04/2024 04:00:00,000,4,33,
21/04/2024 05:00:00,000,4,14,
21/04/2024 06:00:00,000,3,89,
21/04/2024 07:00:00,000,4,09,
21/04/2024 08:00:00,000,4,9,
21/04/2024 09:00:00,000,5,81,
21/04/2024 10:00:00,000,6,49,
21/04/2024 11:00:00,000,7,17,
21/04/2024 12:00:00,000,7,71,
21/04/2024 13:00:00,000,8,27,
21/04/2024 14:00:00,000,8,66,
21/04/2024 15:00:00,000,8,66,
21/04/2024 16:00:00,000,8,49,
21/04/2024 17:00:00,000,8,21,
21/04/2024 18:00:00,000,7,55,
21/04/2024 19:00:00,000,6,57,
21/04/2024 20:00:00,000,5,72,
21/04/2024 21:00:00,000,5,06,
21/04/2024 22:00:00,000,4,77,
21/04/2024 23:00:00,000,4,64,
22/04/2024 00:00:00,000,4,52,
22/04/2024 01:00:00,000,4,35,
22/04/2024 02:00:00,000,4,17,
22/04/2024 03:00:00,000,4,17,
22/04/2024 04:00:00,000,4,35,
22/04/2024 05:00:00,000,4,46,
22/04/2024 06:00:00,000,4,44,
22/04/2024 07:00:00,000,4,43,
22/04/2024 08:00:00,000,4,63,
22/04/2024 09:00:00,000,5,28,
22/04/2024 10:00:00,000,6,15,
22/04/2024 11:00:00,000,6,74,
22/04/2024 12:00:00,000,6,96,
22/04/2024 13:00:00,000,7,47,
22/04/2024 14:00:00,000,8,02,
22/04/2024 15:00:00,000,8,33,
22/04/2024 16:00:00,000,8,63,
22/04/2024 17:00:00,000,8,95,
22/04/2024 18:00:00,000,9,01,
22/04/2024 19:00:00,000,8,19,
22/04/2024 20:00:00,000,6,75,
22/04/2024 21:00:00,000,5,34,
22/04/2024 22:00:00,000,4,24,
22/04/2024 23:00:00,000,3,64,
23/04/2024 00:00:00,000,3,32,
23/04/2024 01:00:00,000,3,02,
23/04/2024 02:00:00,000,3,
23/04/2024 03:00:00,000,3,07,
23/04/2024 04:00:00,000,3,17,
23/04/2024 05:00:00,000,3,47,
23/04/2024 06:00:00,000,3,62,
23/04/2024 07:00:00,000,3,95,
23/04/2024 08:00:00,000,4,93,
23/04/2024 09:00:00,000,6,25,
23/04/2024 10:00:00,000,7,36,
23/04/2024 11:00:00,000,8,33,
23/04/2024 12:00:00,000,9,28,
23/04/2024 13:00:00,000,10,21,
23/04/2024 14:00:00,000,11,09,
23/04/2024 15:00:00,000,11,67,
23/04/2024 16:00:00,000,11,92,
23/04/2024 17:00:00,000,11,96,
23/04/2024 18:00:00,000,11,85,
23/04/2024 19:00:00,000,11,21,
23/04/2024 20:00:00,000,10,18,
23/04/2024 21:00:00,000,9,3,
23/04/2024 22:00:00,000,8,85,
23/04/2024 23:00:00,000,8,57,
24/04/2024 00:00:00,000,8,23,
24/04/2024 01:00:00,000,7,92,
24/04/2024 02:00:00,000,7,63,
24/04/2024 03:00:00,000,7,43,
24/04/2024 04:00:00,000,7,14,
24/04/2024 05:00:00,000,6,81,
24/04/2024 06:00:00,000,6,54,
24/04/2024 07:00:00,000,6,39,
24/04/2024 08:00:00,000,6,62,
24/04/2024 09:00:00,000,6,97,
24/04/2024 10:00:00,000,7,34,
24/04/2024 11:00:00,000,7,65,
24/04/2024 12:00:00,000,7,69,
24/04/2024 13:00:00,000,7,56,
24/04/2024 14:00:00,000,7,76,
24/04/2024 15:00:00,000,8,12,
24/04/2024 16:00:00,000,8,27,
24/04/2024 17:00:00,000,8,25,
24/04/2024 18:00:00,000,7,93,
24/04/2024 19:00:00,000,7,54,
24/04/2024 20:00:00,000,7,1,
24/04/2024 21:00:00,000,6,64,
24/04/2024 22:00:00,000,6,24,
24/04/2024 23:00:00,000,5,95,
25/04/2024 00:00:00,000,5,7,
25/04/2024 01:00:00,000,5,34,
25/04/2024 02:00:00,000,4,87,
25/04/2024 03:00:00,000,4,45,
25/04/2024 04:00:00,000,4,14,
25/04/2024 05:00:00,000,4,03,
25/04/2024 06:00:00,000,4,07,
25/04/2024 07:00:00,000,4,13,
25/04/2024 08:00:00,000,4,91,
25/04/2024 09:00:00,000,6,02,
25/04/2024 10:00:00,000,7,1,
25/04/2024 11:00:00,000,8,22,
25/04/2024 12:00:00,000,9,23,
25/04/2024 13:00:00,000,10,04,
25/04/2024 14:00:00,000,10,47,
25/04/2024 15:00:00,000,10,92,
25/04/2024 16:00:00,000,11,3,
25/04/2024 17:00:00,000,11,47,
25/04/2024 18:00:00,000,11,39,
25/04/2024 19:00:00,000,10,68,
25/04/2024 20:00:00,000,9,16,
25/04/2024 21:00:00,000,7,39,
25/04/2024 22:00:00,000,6,19,
25/04/2024 23:00:00,000,5,43,
26/04/2024 00:00:00,000,4,66,
26/04/2024 01:00:00,000,3,5,
26/04/2024 02:00:00,000,2,78,
26/04/2024 03:00:00,000,2,48,
26/04/2024 04:00:00,000,2,
26/04/2024 05:00:00,000,1,63,
26/04/2024 06:00:00,000,1,16,
26/04/2024 07:00:00,000,1,48,
26/04/2024 08:00:00,000,3,45,
26/04/2024 09:00:00,000,5,96,
26/04/2024 10:00:00,000,8,42,
26/04/2024 11:00:00,000,10,76,
26/04/2024 12:00:00,000,12,21,
26/04/2024 13:00:00,000,13,13,
26/04/2024 14:00:00,000,13,79,
26/04/2024 15:00:00,000,14,36,
26/04/2024 16:00:00,000,14,65,
26/04/2024 17:00:00,000,14,41,
26/04/2024 18:00:00,000,14,13,
26/04/2024 19:00:00,000,13,38,
26/04/2024 20:00:00,000,11,86,
26/04/2024 21:00:00,000,9,9,
26/04/2024 22:00:00,000,8,32,
26/04/2024 23:00:00,000,7,98,
27/04/2024 00:00:00,000,7,59,
27/04/2024 01:00:00,000,6,68,
27/04/2024 02:00:00,000,6,16,
27/04/2024 03:00:00,000,5,74,
27/04/2024 04:00:00,000,5,42,
27/04/2024 05:00:00,000,5,22,
27/04/2024 06:00:00,000,5,32,
27/04/2024 07:00:00,000,5,97,
27/04/2024 08:00:00,000,7,78,
27/04/2024 09:00:00,000,10,42,
27/04/2024 10:00:00,000,12,6,
27/04/2024 11:00:00,000,13,95,
27/04/2024 12:00:00,000,15,22,
27/04/2024 13:00:00,000,16,45,
27/04/2024 14:00:00,000,17,39,
27/04/2024 15:00:00,000,17,99,
27/04/2024 16:00:00,000,18,38,
27/04/2024 17:00:00,000,18,51,
27/04/2024 18:00:00,000,18,2,
27/04/2024 19:00:00,000,17,67,
27/04/2024 20:00:00,000,16,18,
27/04/2024 21:00:00,000,13,63,
27/04/2024 22:00:00,000,11,8,
27/04/2024 23:00:00,000,10,86,
28/04/2024 00:00:00,000,10,22,
28/04/2024 01:00:00,000,9,66,
28/04/2024 02:00:00,000,9,42,
28/04/2024 03:00:00,000,9,16,
28/04/2024 04:00:00,000,8,54,
28/04/2024 05:00:00,000,8,09,
28/04/2024 06:00:00,000,7,53,
28/04/2024 07:00:00,000,8,36,
28/04/2024 08:00:00,000,11,51,
28/04/2024 09:00:00,000,14,69,
28/04/2024 10:00:00,000,16,69,
28/04/2024 11:00:00,000,18,17,
28/04/2024 12:00:00,000,19,46,
28/04/2024 13:00:00,000,20,5,
28/04/2024 14:00:00,000,20,96,
28/04/2024 15:00:00,000,21,36,
28/04/2024 16:00:00,000,21,75,
28/04/2024 17:00:00,000,21,49,
28/04/2024 18:00:00,000,21,08,
28/04/2024 19:00:00,000,20,32,
28/04/2024 20:00:00,000,18,34,
28/04/2024 21:00:00,000,16,21,
28/04/2024 22:00:00,000,14,7,
28/04/2024 23:00:00,000,13,65,
29/04/2024 00:00:00,000,13,26,
29/04/2024 01:00:00,000,12,62,
29/04/2024 02:00:00,000,11,69,
29/04/2024 03:00:00,000,11,09,
29/04/2024 04:00:00,000,10,35,
29/04/2024 05:00:00,000,9,81,
29/04/2024 06:00:00,000,9,26,
29/04/2024 07:00:00,000,9,73,
29/04/2024 08:00:00,000,12,21,
29/04/2024 09:00:00,000,14,97,
29/04/2024 10:00:00,000,17,59,
29/04/2024 11:00:00,000,20,05,
29/04/2024 12:00:00,000,21,94,
29/04/2024 13:00:00,000,23,27,
29/04/2024 14:00:00,000,24,16,
29/04/2024 15:00:00,000,24,46,
29/04/2024 16:00:00,000,24,44,
29/04/2024 17:00:00,000,24,34,
29/04/2024 18:00:00,000,23,99,
29/04/2024 19:00:00,000,23,12,
29/04/2024 20:00:00,000,20,78,
29/04/2024 21:00:00,000,17,96,
29/04/2024 22:00:00,000,16,15,
29/04/2024 23:00:00,000,15,15,
30/04/2024 00:00:00,000,14,38,
30/04/2024 01:00:00,000,13,63,
30/04/2024 02:00:00,000,12,93,
30/04/2024 03:00:00,000,12,1,
30/04/2024 04:00:00,000,11,51,
30/04/2024 05:00:00,000,11,07,
30/04/2024 06:00:00,000,10,78,
30/04/2024 07:00:00,000,11,85,
30/04/2024 08:00:00,000,14,06,
30/04/2024 09:00:00,000,16,27,
30/04/2024 10:00:00,000,18,44,
30/04/2024 11:00:00,000,20,29,
30/04/2024 12:00:00,000,21,48,
30/04/2024 13:00:00,000,22,47,
30/04/2024 14:00:00,000,23,11,
30/04/2024 15:00:00,000,23,23,
30/04/2024 16:00:00,000,23,31,
30/04/2024 17:00:00,000,23,22,
30/04/2024 18:00:00,000,22,74,
30/04/2024 19:00:00,000,21,66,
30/04/2024 20:00:00,000,19,71,
30/04/2024 21:00:00,000,17,37,
30/04/2024 22:00:00,000,15,48,
30/04/2024 23:00:00,000,14,2,
01/05/2024 00:00:00,000,13,18,
01/05/2024 01:00:00,000,12,51,
01/05/2024 02:00:00,000,11,75,
01/05/2024 03:00:00,000,11,1,
01/05/2024 04:00:00,000,10,58,
01/05/2024 05:00:00,000,9,82,
01/05/2024 06:00:00,000,9,93,
01/05/2024 07:00:00,000,10,88,
01/05/2024 08:00:00,000,12,8,
01/05/2024 09:00:00,000,15,05,
01/05/2024 10:00:00,000,16,86,
01/05/2024 11:00:00,000,18,19,
01/05/2024 12:00:00,000,19,49,
01/05/2024 13:00:00,000,20,74,
01/05/2024 14:00:00,000,21,19,
01/05/2024 15:00:00,000,21,36,
01/05/2024 16:00:00,000,21,31,
01/05/2024 17:00:00,000,21,27,
01/05/2024 18:00:00,000,21,33,
01/05/2024 19:00:00,000,20,72,
01/05/2024 20:00:00,000,19,4,
01/05/2024 21:00:00,000,17,21,
01/05/2024 22:00:00,000,15,5,
01/05/2024 23:00:00,000,14,82,
02/05/2024 00:00:00,000,13,92,
02/05/2024 01:00:00,000,12,94,
02/05/2024 02:00:00,000,12,4,
02/05/2024 03:00:00,000,11,93,
02/05/2024 04:00:00,000,12,06,
02/05/2024 05:00:00,000,12,36,
02/05/2024 06:00:00,000,11,87,
02/05/2024 07:00:00,000,11,95,
02/05/2024 08:00:00,000,13,12,
02/05/2024 09:00:00,000,14,86,
02/05/2024 10:00:00,000,16,76,
02/05/2024 11:00:00,000,18,23,
02/05/2024 12:00:00,000,19,13,
02/05/2024 13:00:00,000,19,94,
02/05/2024 14:00:00,000,20,66,
02/05/2024 15:00:00,000,20,91,
02/05/2024 16:00:00,000,20,94,
02/05/2024 17:00:00,000,20,71,
02/05/2024 18:00:00,000,20,27,
02/05/2024 19:00:00,000,19,54,
02/05/2024 20:00:00,000,18,28,
02/05/2024 21:00:00,000,16,71,
02/05/2024 22:00:00,000,15,22,
02/05/2024 23:00:00,000,14,25,
03/05/2024 00:00:00,000,13,4,
03/05/2024 01:00:00,000,12,74,
03/05/2024 02:00:00,000,12,53,
03/05/2024 03:00:00,000,12,46,
03/05/2024 04:00:00,000,12,14,
03/05/2024 05:00:00,000,12,07,
03/05/2024 06:00:00,000,12,15,
03/05/2024 07:00:00,000,12,46,
03/05/2024 08:00:00,000,13,39,
03/05/2024 09:00:00,000,14,22,
03/05/2024 10:00:00,000,14,91,
03/05/2024 11:00:00,000,15,81,
03/05/2024 12:00:00,000,16,93,
03/05/2024 13:00:00,000,18,38,
03/05/2024 14:00:00,000,19,34,
03/05/2024 15:00:00,000,19,91,
03/05/2024 16:00:00,000,20,26,
03/05/2024 17:00:00,000,20,
03/05/2024 18:00:00,000,19,02,
03/05/2024 19:00:00,000,17,66,
03/05/2024 20:00:00,000,16,55,
03/05/2024 21:00:00,000,15,57,
03/05/2024 22:00:00,000,14,75,
03/05/2024 23:00:00,000,14,02,
04/05/2024 00:00:00,000,13,11,
04/05/2024 01:00:00,000,12,6,
04/05/2024 02:00:00,000,12,44,
04/05/2024 03:00:00,000,12,12,
04/05/2024 04:00:00,000,11,58,
04/05/2024 05:00:00,000,11,14,
04/05/2024 06:00:00,000,11,14,
04/05/2024 07:00:00,000,12,18,
04/05/2024 08:00:00,000,13,78,
04/05/2024 09:00:00,000,15,45,
04/05/2024 10:00:00,000,17,57,
04/05/2024 11:00:00,000,19,43,
04/05/2024 12:00:00,000,20,83,
04/05/2024 13:00:00,000,22,05,
04/05/2024 14:00:00,000,23,02,
04/05/2024 15:00:00,000,23,67,
04/05/2024 16:00:00,000,24,21,
04/05/2024 17:00:00,000,24,38,
04/05/2024 18:00:00,000,23,91,
04/05/2024 19:00:00,000,22,9,
04/05/2024 20:00:00,000,21,39,
04/05/2024 21:00:00,000,19,64,
04/05/2024 22:00:00,000,17,77,
04/05/2024 23:00:00,000,15,76,
05/05/2024 00:00:00,000,14,1,
05/05/2024 01:00:00,000,13,06,
05/05/2024 02:00:00,000,12,46,
05/05/2024 03:00:00,000,11,59,
05/05/2024 04:00:00,000,10,55,
05/05/2024 05:00:00,000,9,82,
05/05/2024 06:00:00,000,9,78,
05/05/2024 07:00:00,000,11,
05/05/2024 08:00:00,000,13,25,
05/05/2024 09:00:00,000,15,77,
05/05/2024 10:00:00,000,17,76,
05/05/2024 11:00:00,000,19,69,
05/05/2024 12:00:00,000,21,78,
05/05/2024 13:00:00,000,23,13,
05/05/2024 14:00:00,000,23,66,
05/05/2024 15:00:00,000,24,12,
05/05/2024 16:00:00,000,24,16,
05/05/2024 17:00:00,000,23,51,
05/05/2024 18:00:00,000,22,93,
05/05/2024 19:00:00,000,22,37,
05/05/2024 20:00:00,000,20,91,
05/05/2024 21:00:00,000,19,05,
05/05/2024 22:00:00,000,17,83,
05/05/2024 23:00:00,000,16,94,
06/05/2024 00:00:00,000,15,67,
06/05/2024 01:00:00,000,14,45,
06/05/2024 02:00:00,000,13,91,
06/05/2024 03:00:00,000,13,19,
06/05/2024 04:00:00,000,11,99,
06/05/2024 05:00:00,000,10,83,
06/05/2024 06:00:00,000,10,72,
06/05/2024 07:00:00,000,12,17,
06/05/2024 08:00:00,000,14,3,
06/05/2024 09:00:00,000,16,63,
06/05/2024 10:00:00,000,18,8,
06/05/2024 11:00:00,000,20,33,
06/05/2024 12:00:00,000,21,54,
06/05/2024 13:00:00,000,22,56,
06/05/2024 14:00:00,000,22,93,
06/05/2024 15:00:00,000,22,99,
06/05/2024 16:00:00,000,23,48,
06/05/2024 17:00:00,000,23,62,
06/05/2024 18:00:00,000,22,96,
06/05/2024 19:00:00,000,22,01,
06/05/2024 20:00:00,000,20,41,
06/05/2024 21:00:00,000,18,9,
06/05/2024 22:00:00,000,17,89,
06/05/2024 23:00:00,000,16,72,
07/05/2024 00:00:00,000,16,28,
07/05/2024 01:00:00,000,15,71,
07/05/2024 02:00:00,000,14,87,
07/05/2024 03:00:00,000,14,75,
07/05/2024 04:00:00,000,14,29,
07/05/2024 05:00:00,000,13,67,
07/05/2024 06:00:00,000,13,6,
07/05/2024 07:00:00,000,14,01,
07/05/2024 08:00:00,000,14,42,
07/05/2024 09:00:00,000,14,56,
07/05/2024 10:00:00,000,14,7,
07/05/2024 11:00:00,000,14,87,
07/05/2024 12:00:00,000,15,34,
07/05/2024 13:00:00,000,16,11,
07/05/2024 14:00:00,000,16,04,
07/05/2024 15:00:00,000,15,57,
07/05/2024 16:00:00,000,15,63,
07/05/2024 17:00:00,000,15,92,
07/05/2024 18:00:00,000,16,07,
07/05/2024 19:00:00,000,15,98,
07/05/2024 20:00:00,000,15,57,
07/05/2024 21:00:00,000,14,92,
07/05/2024 22:00:00,000,14,39,
07/05/2024 23:00:00,000,14,09,
08/05/2024 00:00:00,000,13,93,
08/05/2024 01:00:00,000,13,56,
08/05/2024 02:00:00,000,12,92,
08/05/2024 03:00:00,000,12,42,
08/05/2024 04:00:00,000,12,07,
08/05/2024 05:00:00,000,11,72,
08/05/2024 06:00:00,000,11,47,
08/05/2024 07:00:00,000,11,54,
08/05/2024 08:00:00,000,12,06,
08/05/2024 09:00:00,000,12,76,
08/05/2024 10:00:00,000,13,66,
08/05/2024 11:00:00,000,14,7,
08/05/2024 12:00:00,000,15,56,
08/05/2024 13:00:00,000,15,93,
08/05/2024 14:00:00,000,16,25,
08/05/2024 15:00:00,000,16,52,
08/05/2024 16:00:00,000,16,93,
08/05/2024 17:00:00,000,17,49,
08/05/2024 18:00:00,000,17,47,
08/05/2024 19:00:00,000,16,84,
08/05/2024 20:00:00,000,15,68,
08/05/2024 21:00:00,000,14,51,
08/05/2024 22:00:00,000,13,94,
08/05/2024 23:00:00,000,13,53,
09/05/2024 00:00:00,000,12,76,
09/05/2024 01:00:00,000,12,2,
09/05/2024 02:00:00,000,11,47,
09/05/2024 03:00:00,000,11,2,
09/05/2024 04:00:00,000,11,11,
09/05/2024 05:00:00,000,10,48,
09/05/2024 06:00:00,000,10,53,
09/05/2024 07:00:00,000,11,42,
09/05/2024 08:00:00,000,12,74,
09/05/2024 09:00:00,000,14,41,
09/05/2024 10:00:00,000,15,95,
09/05/2024 11:00:00,000,16,98,
09/05/2024 12:00:00,000,17,91,
09/05/2024 13:00:00,000,18,9,
09/05/2024 14:00:00,000,19,81,
09/05/2024 15:00:00,000,20,29,
09/05/2024 16:00:00,000,20,51,
09/05/2024 17:00:00,000,20,55,
09/05/2024 18:00:00,000,20,21,
09/05/2024 19:00:00,000,19,46,
09/05/2024 20:00:00,000,18,21,
09/05/2024 21:00:00,000,16,68,
09/05/2024 22:00:00,000,15,08,
09/05/2024 23:00:00,000,14,08,
10/05/2024 00:00:00,000,12,97,
10/05/2024 01:00:00,000,11,74,
10/05/2024 02:00:00,000,11,71,
10/05/2024 03:00:00,000,10,82,
10/05/2024 04:00:00,000,8,72,
10/05/2024 05:00:00,000,7,5,
10/05/2024 06:00:00,000,7,41,
10/05/2024 07:00:00,000,8,79,
10/05/2024 08:00:00,000,11,62,
10/05/2024 09:00:00,000,14,49,
10/05/2024 10:00:00,000,16,62,
10/05/2024 11:00:00,000,18,12,
10/05/2024 12:00:00,000,19,29,
10/05/2024 13:00:00,000,20,07,
10/05/2024 14:00:00,000,20,62,
10/05/2024 15:00:00,000,20,76,
10/05/2024 16:00:00,000,21,02,
10/05/2024 17:00:00,000,20,9,
10/05/2024 18:00:00,000,20,12,
10/05/2024 19:00:00,000,19,43,
10/05/2024 20:00:00,000,18,29,
10/05/2024 21:00:00,000,16,72,
10/05/2024 22:00:00,000,15,38,
10/05/2024 23:00:00,000,14,97,
11/05/2024 00:00:00,000,14,37,
11/05/2024 01:00:00,000,13,28,
11/05/2024 02:00:00,000,12,54,
11/05/2024 03:00:00,000,11,47,
11/05/2024 04:00:00,000,10,13,
11/05/2024 05:00:00,000,9,38,
11/05/2024 06:00:00,000,9,
11/05/2024 07:00:00,000,10,
11/05/2024 08:00:00,000,12,85,
11/05/2024 09:00:00,000,15,68,
11/05/2024 10:00:00,000,17,4,
11/05/2024 11:00:00,000,18,28,
11/05/2024 12:00:00,000,19,15,
11/05/2024 13:00:00,000,20,01,
11/05/2024 14:00:00,000,20,29,
11/05/2024 15:00:00,000,20,39,
11/05/2024 16:00:00,000,20,42,
11/05/2024 17:00:00,000,20,25,
11/05/2024 18:00:00,000,19,64,
11/05/2024 19:00:00,000,18,66,
11/05/2024 20:00:00,000,17,62,
11/05/2024 21:00:00,000,16,52,
11/05/2024 22:00:00,000,15,53,
11/05/2024 23:00:00,000,14,9,
12/05/2024 00:00:00,000,14,06,
12/05/2024 01:00:00,000,12,97,
12/05/2024 02:00:00,000,12,87,
12/05/2024 03:00:00,000,13,05,
12/05/2024 04:00:00,000,12,73,
12/05/2024 05:00:00,000,12,4,
12/05/2024 06:00:00,000,12,11,
12/05/2024 07:00:00,000,12,58,
12/05/2024 08:00:00,000,13,71,
12/05/2024 09:00:00,000,14,96,
12/05/2024 10:00:00,000,16,22,
12/05/2024 11:00:00,000,17,19,
12/05/2024 12:00:00,000,18,21,
12/05/2024 13:00:00,000,18,91,
12/05/2024 14:00:00,000,19,14,
12/05/2024 15:00:00,000,19,65,
12/05/2024 16:00:00,000,20,29,
12/05/2024 17:00:00,000,20,46,
12/05/2024 18:00:00,000,20,31,
12/05/2024 19:00:00,000,19,66,
12/05/2024 20:00:00,000,18,19,
12/05/2024 21:00:00,000,15,96,
12/05/2024 22:00:00,000,14,21,
12/05/2024 23:00:00,000,12,83,
13/05/2024 00:00:00,000,11,34,
13/05/2024 01:00:00,000,10,75,
13/05/2024 02:00:00,000,10,41,
13/05/2024 03:00:00,000,9,52,
13/05/2024 04:00:00,000,8,32,
13/05/2024 05:00:00,000,7,31,
13/05/2024 06:00:00,000,7,19,
13/05/2024 07:00:00,000,8,44,
13/05/2024 08:00:00,000,10,81,
13/05/2024 09:00:00,000,13,2,
13/05/2024 10:00:00,000,14,92,
13/05/2024 11:00:00,000,16,11,
13/05/2024 12:00:00,000,17,32,
13/05/2024 13:00:00,000,18,51,
13/05/2024 14:00:00,000,19,21,
13/05/2024 15:00:00,000,19,81,
13/05/2024 16:00:00,000,20,05,
13/05/2024 17:00:00,000,20,21,
13/05/2024 18:00:00,000,20,32,
13/05/2024 19:00:00,000,19,28,
13/05/2024 20:00:00,000,17,74,
13/05/2024 21:00:00,000,16,21,
13/05/2024 22:00:00,000,14,23,
13/05/2024 23:00:00,000,12,88,
14/05/2024 00:00:00,000,11,85,
14/05/2024 01:00:00,000,10,49,
14/05/2024 02:00:00,000,9,48,
14/05/2024 03:00:00,000,8,84,
14/05/2024 04:00:00,000,8,46,
14/05/2024 05:00:00,000,8,14,
14/05/2024 06:00:00,000,8,05,
14/05/2024 07:00:00,000,9,55,
14/05/2024 08:00:00,000,12,23,
14/05/2024 09:00:00,000,14,61,
14/05/2024 10:00:00,000,16,55,
14/05/2024 11:00:00,000,18,04,
14/05/2024 12:00:00,000,19,36,
14/05/2024 13:00:00,000,20,23,
14/05/2024 14:00:00,000,20,95,
14/05/2024 15:00:00,000,21,53,
14/05/2024 16:00:00,000,21,59,
14/05/2024 17:00:00,000,21,76,
14/05/2024 18:00:00,000,21,61,
14/05/2024 19:00:00,000,20,6,
14/05/2024 20:00:00,000,19,09,
14/05/2024 21:00:00,000,17,19,
14/05/2024 22:00:00,000,15,77,
14/05/2024 23:00:00,000,14,65,
15/05/2024 00:00:00,000,13,49,
15/05/2024 01:00:00,000,12,4,
15/05/2024 02:00:00,000,11,21,
15/05/2024 03:00:00,000,10,42,
15/05/2024 04:00:00,000,9,82,
15/05/2024 05:00:00,000,9,43,
15/05/2024 06:00:00,000,9,56,
15/05/2024 07:00:00,000,10,87,
15/05/2024 08:00:00,000,13,24,
15/05/2024 09:00:00,000,15,48,
15/05/2024 10:00:00,000,17,16,
15/05/2024 11:00:00,000,18,53,
15/05/2024 12:00:00,000,19,82,
15/05/2024 13:00:00,000,20,72,
15/05/2024 14:00:00,000,21,35,
15/05/2024 15:00:00,000,21,96,
15/05/2024 16:00:00,000,22,17,
15/05/2024 17:00:00,000,21,91,
15/05/2024 18:00:00,000,21,21,
15/05/2024 19:00:00,000,20,16,
15/05/2024 20:00:00,000,18,73,
15/05/2024 21:00:00,000,17,
15/05/2024 22:00:00,000,15,36,
15/05/2024 23:00:00,000,14,08,
16/05/2024 00:00:00,000,12,96,
16/05/2024 01:00:00,000,11,83,
16/05/2024 02:00:00,000,10,98,
16/05/2024 03:00:00,000,10,43,
16/05/2024 04:00:00,000,10,1,
16/05/2024 05:00:00,000,9,75,
16/05/2024 06:00:00,000,9,88,
16/05/2024 07:00:00,000,11,16,
16/05/2024 08:00:00,000,13,02,
16/05/2024 09:00:00,000,14,79,
16/05/2024 10:00:00,000,16,44,
16/05/2024 11:00:00,000,17,87,
16/05/2024 12:00:00,000,18,79,
16/05/2024 13:00:00,000,19,35,
16/05/2024 14:00:00,000,19,61,
16/05/2024 15:00:00,000,19,75,
16/05/2024 16:00:00,000,19,75,
16/05/2024 17:00:00,000,19,2,
16/05/2024 18:00:00,000,19,
16/05/2024 19:00:00,000,18,75,
16/05/2024 20:00:00,000,17,89,
16/05/2024 21:00:00,000,17,02,
16/05/2024 22:00:00,000,16,21,
16/05/2024 23:00:00,000,15,25,
17/05/2024 00:00:00,000,14,51,
17/05/2024 01:00:00,000,13,83,
17/05/2024 02:00:00,000,13,4,
17/05/2024 03:00:00,000,13,08,
17/05/2024 04:00:00,000,12,74,
17/05/2024 05:00:00,000,12,08,
17/05/2024 06:00:00,000,11,65,
17/05/2024 07:00:00,000,12,
17/05/2024 08:00:00,000,12,39,
17/05/2024 09:00:00,000,12,99,
17/05/2024 10:00:00,000,13,65,
17/05/2024 11:00:00,000,13,86,
17/05/2024 12:00:00,000,13,61,
17/05/2024 13:00:00,000,13,32,
17/05/2024 14:00:00,000,12,68,
17/05/2024 15:00:00,000,12,77,
17/05/2024 16:00:00,000,13,36,
17/05/2024 17:00:00,000,13,27,
17/05/2024 18:00:00,000,12,89,
17/05/2024 19:00:00,000,12,82,
17/05/2024 20:00:00,000,12,87,
17/05/2024 21:00:00,000,12,59,
17/05/2024 22:00:00,000,12,21,
17/05/2024 23:00:00,000,11,97,
18/05/2024 00:00:00,000,11,89,
18/05/2024 01:00:00,000,11,65,
18/05/2024 02:00:00,000,11,33,
18/05/2024 03:00:00,000,11,13,
18/05/2024 04:00:00,000,10,83,
18/05/2024 05:00:00,000,10,5,
18/05/2024 06:00:00,000,10,57,
18/05/2024 07:00:00,000,10,97,
18/05/2024 08:00:00,000,11,6,
18/05/2024 09:00:00,000,12,65,
18/05/2024 10:00:00,000,14,07,
18/05/2024 11:00:00,000,15,34,
18/05/2024 12:00:00,000,16,17,
18/05/2024 13:00:00,000,16,87,
18/05/2024 14:00:00,000,17,72,
18/05/2024 15:00:00,000,18,65,
18/05/2024 16:00:00,000,19,17,
18/05/2024 17:00:00,000,19,53,
18/05/2024 18:00:00,000,19,7,
18/05/2024 19:00:00,000,19,45,
18/05/2024 20:00:00,000,18,27,
18/05/2024 21:00:00,000,16,09,
18/05/2024 22:00:00,000,14,67,
18/05/2024 23:00:00,000,13,84,
19/05/2024 00:00:00,000,13,16,
19/05/2024 01:00:00,000,12,88,
19/05/2024 02:00:00,000,12,61,
19/05/2024 03:00:00,000,12,3,
19/05/2024 04:00:00,000,12,05,
19/05/2024 05:00:00,000,11,74,
19/05/2024 06:00:00,000,11,74,
19/05/2024 07:00:00,000,12,51,
19/05/2024 08:00:00,000,14,05,
19/05/2024 09:00:00,000,15,77,
19/05/2024 10:00:00,000,17,08,
19/05/2024 11:00:00,000,18,34,
19/05/2024 12:00:00,000,19,29,
19/05/2024 13:00:00,000,20,18,
19/05/2024 14:00:00,000,21,04,
19/05/2024 15:00:00,000,21,49,
19/05/2024 16:00:00,000,21,63,
19/05/2024 17:00:00,000,21,28,
19/05/2024 18:00:00,000,21,44,
19/05/2024 19:00:00,000,21,62,
19/05/2024 20:00:00,000,20,61,
19/05/2024 21:00:00,000,18,91,
19/05/2024 22:00:00,000,16,88,
19/05/2024 23:00:00,000,15,51,
20/05/2024 00:00:00,000,14,65,
20/05/2024 01:00:00,000,13,89,
20/05/2024 02:00:00,000,13,68,
20/05/2024 03:00:00,000,13,67,
20/05/2024 04:00:00,000,13,77,
20/05/2024 05:00:00,000,13,74,
20/05/2024 06:00:00,000,13,66,
20/05/2024 07:00:00,000,14,3,
20/05/2024 08:00:00,000,15,57,
20/05/2024 09:00:00,000,16,89,
20/05/2024 10:00:00,000,18,24,
20/05/2024 11:00:00,000,19,25,
20/05/2024 12:00:00,000,20,06,
20/05/2024 13:00:00,000,21,02,
20/05/2024 14:00:00,000,21,65,
20/05/2024 15:00:00,000,21,71,
20/05/2024 16:00:00,000,21,53,
20/05/2024 17:00:00,000,21,64,
20/05/2024 18:00:00,000,21,46,
20/05/2024 19:00:00,000,21,01,
20/05/2024 20:00:00,000,20,35,
20/05/2024 21:00:00,000,18,73,
20/05/2024 22:00:00,000,17,34,
20/05/2024 23:00:00,000,16,55,
21/05/2024 00:00:00,000,15,61,
21/05/2024 01:00:00,000,14,86,
21/05/2024 02:00:00,000,14,48,
21/05/2024 03:00:00,000,14,15,
21/05/2024 04:00:00,000,13,89,
21/05/2024 05:00:00,000,13,79,
21/05/2024 06:00:00,000,13,79,
21/05/2024 07:00:00,000,14,36,
21/05/2024 08:00:00,000,15,54,
21/05/2024 09:00:00,000,17,11,
21/05/2024 10:00:00,000,18,65,
21/05/2024 11:00:00,000,20,07,
21/05/2024 12:00:00,000,21,65,
21/05/2024 13:00:00,000,22,63,
21/05/2024 14:00:00,000,23,08,
21/05/2024 15:00:00,000,23,48,
21/05/2024 16:00:00,000,23,8,
21/05/2024 17:00:00,000,23,74,
21/05/2024 18:00:00,000,23,26,
21/05/2024 19:00:00,000,22,85,
21/05/2024 20:00:00,000,22,2,
21/05/2024 21:00:00,000,20,05,
21/05/2024 22:00:00,000,17,77,
21/05/2024 23:00:00,000,16,91,
22/05/2024 00:00:00,000,16,52,
22/05/2024 01:00:00,000,16,21,
22/05/2024 02:00:00,000,16,03,
22/05/2024 03:00:00,000,15,88,
22/05/2024 04:00:00,000,15,17,
22/05/2024 05:00:00,000,14,81,
22/05/2024 06:00:00,000,15,16,
22/05/2024 07:00:00,000,15,43,
22/05/2024 08:00:00,000,15,9,
22/05/2024 09:00:00,000,16,82,
22/05/2024 10:00:00,000,17,47,
22/05/2024 11:00:00,000,17,71,
22/05/2024 12:00:00,000,18,34,
22/05/2024 13:00:00,000,19,16,
22/05/2024 14:00:00,000,19,91,
22/05/2024 15:00:00,000,20,24,
22/05/2024 16:00:00,000,20,05,
22/05/2024 17:00:00,000,19,98,
22/05/2024 18:00:00,000,20,11,
22/05/2024 19:00:00,000,19,78,
22/05/2024 20:00:00,000,18,77,
22/05/2024 21:00:00,000,17,49,
22/05/2024 22:00:00,000,16,44,
22/05/2024 23:00:00,000,15,7,
23/05/2024 00:00:00,000,15,43,
23/05/2024 01:00:00,000,15,23,
23/05/2024 02:00:00,000,14,97,
23/05/2024 03:00:00,000,15,02,
23/05/2024 04:00:00,000,14,89,
23/05/2024 05:00:00,000,14,72,
23/05/2024 06:00:00,000,14,83,
23/05/2024 07:00:00,000,15,24,
23/05/2024 08:00:00,000,15,98,
23/05/2024 09:00:00,000,16,94,
23/05/2024 10:00:00,000,18,03,
23/05/2024 11:00:00,000,19,52,
23/05/2024 12:00:00,000,20,69,
23/05/2024 13:00:00,000,21,27,
23/05/2024 14:00:00,000,21,73,
23/05/2024 15:00:00,000,21,73,
23/05/2024 16:00:00,000,21,09,
23/05/2024 17:00:00,000,20,95,
23/05/2024 18:00:00,000,21,02,
23/05/2024 19:00:00,000,20,42,
23/05/2024 20:00:00,000,19,84,
23/05/2024 21:00:00,000,18,86,
23/05/2024 22:00:00,000,17,7,
23/05/2024 23:00:00,000,16,74,
24/05/2024 00:00:00,000,16,16,
24/05/2024 01:00:00,000,15,9,
24/05/2024 02:00:00,000,15,4,
24/05/2024 03:00:00,000,14,92,
24/05/2024 04:00:00,000,14,54,
24/05/2024 05:00:00,000,14,34,
24/05/2024 06:00:00,000,14,44,
24/05/2024 07:00:00,000,15,1,
24/05/2024 08:00:00,000,16,09,
24/05/2024 09:00:00,000,17,02,
24/05/2024 10:00:00,000,18,15,
24/05/2024 11:00:00,000,19,14,
24/05/2024 12:00:00,000,19,99,
24/05/2024 13:00:00,000,20,67,
24/05/2024 14:00:00,000,21,12,
24/05/2024 15:00:00,000,21,32,
24/05/2024 16:00:00,000,19,65,
24/05/2024 17:00:00,000,19,05,
24/05/2024 18:00:00,000,19,78,
24/05/2024 19:00:00,000,18,06,
24/05/2024 20:00:00,000,16,43,
24/05/2024 21:00:00,000,15,79,
24/05/2024 22:00:00,000,14,94,
24/05/2024 23:00:00,000,14,44,
25/05/2024 00:00:00,000,14,04,
25/05/2024 01:00:00,000,13,86,
25/05/2024 02:00:00,000,13,98,
25/05/2024 03:00:00,000,13,68,
25/05/2024 04:00:00,000,13,28,
25/05/2024 05:00:00,000,13,12,
25/05/2024 06:00:00,000,13,18,
25/05/2024 07:00:00,000,13,76,
25/05/2024 08:00:00,000,15,07,
25/05/2024 09:00:00,000,16,83,
25/05/2024 10:00:00,000,18,88,
25/05/2024 11:00:00,000,20,96,
25/05/2024 12:00:00,000,22,19,
25/05/2024 13:00:00,000,22,51,
25/05/2024 14:00:00,000,22,89,
25/05/2024 15:00:00,000,23,49,
25/05/2024 16:00:00,000,22,97,
25/05/2024 17:00:00,000,22,14,
25/05/2024 18:00:00,000,21,83,
25/05/2024 19:00:00,000,21,26,
25/05/2024 20:00:00,000,20,19,
25/05/2024 21:00:00,000,18,39,
25/05/2024 22:00:00,000,16,86,
25/05/2024 23:00:00,000,16,14,
26/05/2024 00:00:00,000,15,66,
26/05/2024 01:00:00,000,15,25,
26/05/2024 02:00:00,000,14,78,
26/05/2024 03:00:00,000,14,36,
26/05/2024 04:00:00,000,14,07,
26/05/2024 05:00:00,000,13,53,
26/05/2024 06:00:00,000,13,6,
26/05/2024 07:00:00,000,14,99,
26/05/2024 08:00:00,000,16,61,
26/05/2024 09:00:00,000,18,02,
26/05/2024 10:00:00,000,19,48,
26/05/2024 11:00:00,000,21,
26/05/2024 12:00:00,000,22,41,
26/05/2024 13:00:00,000,23,3,
26/05/2024 14:00:00,000,23,77,
26/05/2024 15:00:00,000,23,79,
26/05/2024 16:00:00,000,23,68,
26/05/2024 17:00:00,000,23,83,
26/05/2024 18:00:00,000,23,51,
26/05/2024 19:00:00,000,22,98,
26/05/2024 20:00:00,000,21,88,
26/05/2024 21:00:00,000,19,37,
26/05/2024 22:00:00,000,17,28,
26/05/2024 23:00:00,000,16,32,
27/05/2024 00:00:00,000,15,57,
27/05/2024 01:00:00,000,14,73,
27/05/2024 02:00:00,000,14,18,
27/05/2024 03:00:00,000,13,61,
27/05/2024 04:00:00,000,13,02,
27/05/2024 05:00:00,000,12,49,
27/05/2024 06:00:00,000,12,51,
27/05/2024 07:00:00,000,14,17,
27/05/2024 08:00:00,000,16,48,
27/05/2024 09:00:00,000,18,75,
27/05/2024 10:00:00,000,20,88,
27/05/2024 11:00:00,000,22,61,
27/05/2024 12:00:00,000,23,9,
27/05/2024 13:00:00,000,24,66,
27/05/2024 14:00:00,000,25,23,
27/05/2024 15:00:00,000,25,35,
27/05/2024 16:00:00,000,25,41,
27/05/2024 17:00:00,000,25,61,
27/05/2024 18:00:00,000,25,12,
27/05/2024 19:00:00,000,23,87,
27/05/2024 20:00:00,000,22,51,
27/05/2024 21:00:00,000,20,87,
27/05/2024 22:00:00,000,18,57,
27/05/2024 23:00:00,000,16,97,
28/05/2024 00:00:00,000,15,84,
28/05/2024 01:00:00,000,14,85,
28/05/2024 02:00:00,000,14,42,
28/05/2024 03:00:00,000,13,98,
28/05/2024 04:00:00,000,13,43,
28/05/2024 05:00:00,000,12,86,
28/05/2024 06:00:00,000,13,01,
28/05/2024 07:00:00,000,14,4,
28/05/2024 08:00:00,000,16,44,
28/05/2024 09:00:00,000,18,57,
28/05/2024 10:00:00,000,20,5,
28/05/2024 11:00:00,000,21,73,
28/05/2024 12:00:00,000,22,82,
28/05/2024 13:00:00,000,23,88,
28/05/2024 14:00:00,000,24,15,
28/05/2024 15:00:00,000,23,8,
28/05/2024 16:00:00,000,23,26,
28/05/2024 17:00:00,000,22,14,
28/05/2024 18:00:00,000,20,89,
28/05/2024 19:00:00,000,20,38,
28/05/2024 20:00:00,000,19,47,
28/05/2024 21:00:00,000,17,97,
28/05/2024 22:00:00,000,16,75,
28/05/2024 23:00:00,000,15,85,
29/05/2024 00:00:00,000,14,99,
29/05/2024 01:00:00,000,14,28,
29/05/2024 02:00:00,000,13,81,
29/05/2024 03:00:00,000,13,39,
29/05/2024 04:00:00,000,13,28,
29/05/2024 05:00:00,000,13,24,
29/05/2024 06:00:00,000,13,59,
29/05/2024 07:00:00,000,14,97,
29/05/2024 08:00:00,000,16,6,
29/05/2024 09:00:00,000,17,86,
29/05/2024 10:00:00,000,19,07,
29/05/2024 11:00:00,000,20,1,
29/05/2024 12:00:00,000,20,94,
29/05/2024 13:00:00,000,21,78,
29/05/2024 14:00:00,000,22,47,
29/05/2024 15:00:00,000,22,78,
29/05/2024 16:00:00,000,22,83,
29/05/2024 17:00:00,000,23,08,
29/05/2024 18:00:00,000,23,06,
29/05/2024 19:00:00,000,22,27,
29/05/2024 20:00:00,000,21,24,
29/05/2024 21:00:00,000,20,05,
29/05/2024 22:00:00,000,18,6,
29/05/2024 23:00:00,000,17,4,
30/05/2024 00:00:00,000,16,57,
30/05/2024 01:00:00,000,15,79,
30/05/2024 02:00:00,000,15,52,
30/05/2024 03:00:00,000,15,61,
30/05/2024 04:00:00,000,15,28,
30/05/2024 05:00:00,000,14,84,
30/05/2024 06:00:00,000,14,85,
30/05/2024 07:00:00,000,15,87,
30/05/2024 08:00:00,000,17,49,
30/05/2024 09:00:00,000,19,22,
30/05/2024 10:00:00,000,20,83,
30/05/2024 11:00:00,000,21,83,
30/05/2024 12:00:00,000,22,63,
30/05/2024 13:00:00,000,23,27,
30/05/2024 14:00:00,000,23,46,
30/05/2024 15:00:00,000,23,13,
30/05/2024 16:00:00,000,22,6,
30/05/2024 17:00:00,000,22,15,
30/05/2024 18:00:00,000,21,32,
30/05/2024 19:00:00,000,20,12,
30/05/2024 20:00:00,000,18,92,
30/05/2024 21:00:00,000,17,95,
30/05/2024 22:00:00,000,17,17,
30/05/2024 23:00:00,000,16,27,
31/05/2024 00:00:00,000,15,61,
31/05/2024 01:00:00,000,15,25,
31/05/2024 02:00:00,000,14,96,
31/05/2024 03:00:00,000,14,76,
31/05/2024 04:00:00,000,14,35,
31/05/2024 05:00:00,000,14,19,
31/05/2024 06:00:00,000,14,57,
31/05/2024 07:00:00,000,15,11,
31/05/2024 08:00:00,000,16,12,
31/05/2024 09:00:00,000,17,3,
31/05/2024 10:00:00,000,18,12,
31/05/2024 11:00:00,000,19,05,
31/05/2024 12:00:00,000,19,91,
31/05/2024 13:00:00,000,20,4,
31/05/2024 14:00:00,000,20,43,
31/05/2024 15:00:00,000,20,61,
31/05/2024 16:00:00,000,20,56,
31/05/2024 17:00:00,000,19,47,
31/05/2024 18:00:00,000,18,86,
31/05/2024 19:00:00,000,18,53,
31/05/2024 20:00:00,000,17,81,
31/05/2024 21:00:00,000,17,25,
31/05/2024 22:00:00,000,16,89,
31/05/2024 23:00:00,000,16,08,
01/06/2024 00:00:00,000,15,27,
01/06/2024 01:00:00,000,15,16,
01/06/2024 02:00:00,000,15,03,
01/06/2024 03:00:00,000,14,97,
01/06/2024 04:00:00,000,14,85,
01/06/2024 05:00:00,000,14,47,
01/06/2024 06:00:00,000,14,28,
01/06/2024 07:00:00,000,14,78,
01/06/2024 08:00:00,000,15,44,
01/06/2024 09:00:00,000,15,92,
01/06/2024 10:00:00,000,16,64,
01/06/2024 11:00:00,000,17,45,
01/06/2024 12:00:00,000,18,06,
01/06/2024 13:00:00,000,18,55,
01/06/2024 14:00:00,000,19,09,
01/06/2024 15:00:00,000,19,76,
01/06/2024 16:00:00,000,18,97,
01/06/2024 17:00:00,000,17,65,
01/06/2024 18:00:00,000,18,04,
01/06/2024 19:00:00,000,18,49,
01/06/2024 20:00:00,000,17,73,
01/06/2024 21:00:00,000,16,24,
01/06/2024 22:00:00,000,15,13,
01/06/2024 23:00:00,000,14,69,
02/06/2024 00:00:00,000,14,43,
02/06/2024 01:00:00,000,14,12,
02/06/2024 02:00:00,000,13,98,
02/06/2024 03:00:00,000,14,01,
02/06/2024 04:00:00,000,13,83,
02/06/2024 05:00:00,000,13,16,
02/06/2024 06:00:00,000,12,91,
02/06/2024 07:00:00,000,13,88,
02/06/2024 08:00:00,000,15,15,
02/06/2024 09:00:00,000,16,2,
02/06/2024 10:00:00,000,17,05,
02/06/2024 11:00:00,000,17,85,
02/06/2024 12:00:00,000,18,87,
02/06/2024 13:00:00,000,19,54,
02/06/2024 14:00:00,000,20,32,
02/06/2024 15:00:00,000,21,41,
02/06/2024 16:00:00,000,22,02,
02/06/2024 17:00:00,000,22,32,
02/06/2024 18:00:00,000,22,07,
02/06/2024 19:00:00,000,21,52,
02/06/2024 20:00:00,000,20,75,
02/06/2024 21:00:00,000,19,29,
02/06/2024 22:00:00,000,17,94,
02/06/2024 23:00:00,000,16,99,
03/06/2024 00:00:00,000,16,22,
03/06/2024 01:00:00,000,15,84,
03/06/2024 02:00:00,000,15,58,
03/06/2024 03:00:00,000,15,2,
03/06/2024 04:00:00,000,14,55,
03/06/2024 05:00:00,000,14,18,
03/06/2024 06:00:00,000,14,31,
03/06/2024 07:00:00,000,15,28,
03/06/2024 08:00:00,000,16,97,
03/06/2024 09:00:00,000,18,47,
03/06/2024 10:00:00,000,19,85,
03/06/2024 11:00:00,000,21,13,
03/06/2024 12:00:00,000,22,04,
03/06/2024 13:00:00,000,22,37,
03/06/2024 14:00:00,000,22,31,
03/06/2024 15:00:00,000,22,36,
03/06/2024 16:00:00,000,21,97,
03/06/2024 17:00:00,000,20,85,
03/06/2024 18:00:00,000,19,71,
03/06/2024 19:00:00,000,19,02,
03/06/2024 20:00:00,000,18,42,
03/06/2024 21:00:00,000,17,66,
03/06/2024 22:00:00,000,17,23,
03/06/2024 23:00:00,000,16,49,
04/06/2024 00:00:00,000,16,01,
04/06/2024 01:00:00,000,16,16,
04/06/2024 02:00:00,000,16,13,
04/06/2024 03:00:00,000,15,96,
04/06/2024 04:00:00,000,15,85,
04/06/2024 05:00:00,000,15,77,
04/06/2024 06:00:00,000,15,79,
04/06/2024 07:00:00,000,15,79,
04/06/2024 08:00:00,000,15,71,
04/06/2024 09:00:00,000,15,62,
04/06/2024 10:00:00,000,15,82,
04/06/2024 11:00:00,000,16,2,
04/06/2024 12:00:00,000,16,27,
04/06/2024 13:00:00,000,16,59,
04/06/2024 14:00:00,000,17,44,
04/06/2024 15:00:00,000,18,5,
04/06/2024 16:00:00,000,19,09,
04/06/2024 17:00:00,000,18,93,
04/06/2024 18:00:00,000,18,1,
04/06/2024 19:00:00,000,17,73,
04/06/2024 20:00:00,000,17,7,
04/06/2024 21:00:00,000,16,88,
04/06/2024 22:00:00,000,15,89,
04/06/2024 23:00:00,000,14,83,
05/06/2024 00:00:00,000,13,96,
05/06/2024 01:00:00,000,13,6,
05/06/2024 02:00:00,000,13,2,
05/06/2024 03:00:00,000,12,92,
05/06/2024 04:00:00,000,12,87,
05/06/2024 05:00:00,000,12,55,
05/06/2024 06:00:00,000,12,71,
05/06/2024 07:00:00,000,13,74,
05/06/2024 08:00:00,000,15,36,
05/06/2024 09:00:00,000,17,19,
05/06/2024 10:00:00,000,18,78,
05/06/2024 11:00:00,000,20,13,
05/06/2024 12:00:00,000,21,26,
05/06/2024 13:00:00,000,22,11,
05/06/2024 14:00:00,000,23,01,
05/06/2024 15:00:00,000,23,66,
05/06/2024 16:00:00,000,24,11,
05/06/2024 17:00:00,000,24,4,
05/06/2024 18:00:00,000,24,27,
05/06/2024 19:00:00,000,23,91,
05/06/2024 20:00:00,000,22,81,
05/06/2024 21:00:00,000,21,19,
05/06/2024 22:00:00,000,19,41,
05/06/2024 23:00:00,000,18,15,
06/06/2024 00:00:00,000,17,14,
06/06/2024 01:00:00,000,16,31,
06/06/2024 02:00:00,000,15,82,
06/06/2024 03:00:00,000,15,58,
06/06/2024 04:00:00,000,15,4,
06/06/2024 05:00:00,000,15,2,
06/06/2024 06:00:00,000,15,57,
06/06/2024 07:00:00,000,16,31,
06/06/2024 08:00:00,000,17,45,
06/06/2024 09:00:00,000,19,02,
06/06/2024 10:00:00,000,20,73,
06/06/2024 11:00:00,000,22,21,
06/06/2024 12:00:00,000,23,52,
06/06/2024 13:00:00,000,24,54,
06/06/2024 14:00:00,000,24,93,
06/06/2024 15:00:00,000,25,29,
06/06/2024 16:00:00,000,25,49,
06/06/2024 17:00:00,000,24,79,
06/06/2024 18:00:00,000,24,12,
06/06/2024 19:00:00,000,23,99,
06/06/2024 20:00:00,000,23,21,
06/06/2024 21:00:00,000,21,77,
06/06/2024 22:00:00,000,20,28,
06/06/2024 23:00:00,000,18,89,
07/06/2024 00:00:00,000,18,07,
07/06/2024 01:00:00,000,17,63,
07/06/2024 02:00:00,000,17,1,
07/06/2024 03:00:00,000,16,8,
07/06/2024 04:00:00,000,16,89,
07/06/2024 05:00:00,000,16,8,
07/06/2024 06:00:00,000,16,64,
07/06/2024 07:00:00,000,17,14,
07/06/2024 08:00:00,000,17,92,
07/06/2024 09:00:00,000,18,92,
07/06/2024 10:00:00,000,20,11,
07/06/2024 11:00:00,000,21,24,
07/06/2024 12:00:00,000,22,32,
07/06/2024 13:00:00,000,23,24,
07/06/2024 14:00:00,000,24,32,
07/06/2024 15:00:00,000,24,96,
07/06/2024 16:00:00,000,25,08,
07/06/2024 17:00:00,000,25,23,
07/06/2024 18:00:00,000,23,71,
07/06/2024 19:00:00,000,22,25,
07/06/2024 20:00:00,000,21,34,
07/06/2024 21:00:00,000,20,16,
07/06/2024 22:00:00,000,19,39,
07/06/2024 23:00:00,000,18,17,
08/06/2024 00:00:00,000,17,22,
08/06/2024 01:00:00,000,16,57,
08/06/2024 02:00:00,000,15,93,
08/06/2024 03:00:00,000,15,5,
08/06/2024 04:00:00,000,15,35,
08/06/2024 05:00:00,000,14,81,
08/06/2024 06:00:00,000,14,87,
08/06/2024 07:00:00,000,16,18,
08/06/2024 08:00:00,000,18,01,
08/06/2024 09:00:00,000,19,76,
08/06/2024 10:00:00,000,21,25,
08/06/2024 11:00:00,000,22,89,
08/06/2024 12:00:00,000,24,27,
08/06/2024 13:00:00,000,25,36,
08/06/2024 14:00:00,000,26,28,
08/06/2024 15:00:00,000,26,75,
08/06/2024 16:00:00,000,27,14,
08/06/2024 17:00:00,000,26,95,
08/06/2024 18:00:00,000,26,33,
08/06/2024 19:00:00,000,25,77,
08/06/2024 20:00:00,000,24,8,
08/06/2024 21:00:00,000,23,24,
08/06/2024 22:00:00,000,21,6,
08/06/2024 23:00:00,000,20,95,
09/06/2024 00:00:00,000,20,74,
09/06/2024 01:00:00,000,20,35,
09/06/2024 02:00:00,000,19,37,
09/06/2024 03:00:00,000,18,63,
09/06/2024 04:00:00,000,18,51,
09/06/2024 05:00:00,000,18,33,
09/06/2024 06:00:00,000,18,27,
09/06/2024 07:00:00,000,18,51,
09/06/2024 08:00:00,000,19,06,
09/06/2024 09:00:00,000,19,79,
09/06/2024 10:00:00,000,20,77,
09/06/2024 11:00:00,000,21,63,
09/06/2024 12:00:00,000,22,33,
09/06/2024 13:00:00,000,23,29,
09/06/2024 14:00:00,000,24,23,
09/06/2024 15:00:00,000,23,92,
09/06/2024 16:00:00,000,23,2,
09/06/2024 17:00:00,000,23,31,
09/06/2024 18:00:00,000,23,36,
09/06/2024 19:00:00,000,22,91,
09/06/2024 20:00:00,000,22,13,
09/06/2024 21:00:00,000,20,3,
09/06/2024 22:00:00,000,18,58,
09/06/2024 23:00:00,000,17,99,
10/06/2024 00:00:00,000,17,65,
10/06/2024 01:00:00,000,17,35,
10/06/2024 02:00:00,000,17,27,
10/06/2024 03:00:00,000,17,42,
10/06/2024 04:00:00,000,17,55,
10/06/2024 05:00:00,000,17,62,
10/06/2024 06:00:00,000,17,57,
10/06/2024 07:00:00,000,17,64,
10/06/2024 08:00:00,000,17,83,
10/06/2024 09:00:00,000,18,01,
10/06/2024 10:00:00,000,18,08,
10/06/2024 11:00:00,000,18,03,
10/06/2024 12:00:00,000,17,96,
10/06/2024 13:00:00,000,18,18,
10/06/2024 14:00:00,000,18,8,
10/06/2024 15:00:00,000,19,32,
10/06/2024 16:00:00,000,19,41,
10/06/2024 17:00:00,000,19,29,
10/06/2024 18:00:00,000,19,2,
10/06/2024 19:00:00,000,19,09,
10/06/2024 20:00:00,000,18,8,
10/06/2024 21:00:00,000,18,2,
10/06/2024 22:00:00,000,17,67,
10/06/2024 23:00:00,000,17,32,
11/06/2024 00:00:00,000,16,97,
11/06/2024 01:00:00,000,16,52,
11/06/2024 02:00:00,000,16,26,
11/06/2024 03:00:00,000,16,06,
11/06/2024 04:00:00,000,16,07,
11/06/2024 05:00:00,000,16,45,
11/06/2024 06:00:00,000,16,64,
11/06/2024 07:00:00,000,17,01,
11/06/2024 08:00:00,000,17,81,
11/06/2024 09:00:00,000,18,43,
11/06/2024 10:00:00,000,18,98,
11/06/2024 11:00:00,000,19,41,
11/06/2024 12:00:00,000,19,8,
11/06/2024 13:00:00,000,20,34,
11/06/2024 14:00:00,000,19,88,
11/06/2024 15:00:00,000,19,42,
11/06/2024 16:00:00,000,19,92,
11/06/2024 17:00:00,000,20,26,
11/06/2024 18:00:00,000,20,1,
11/06/2024 19:00:00,000,19,84,
11/06/2024 20:00:00,000,19,05,
11/06/2024 21:00:00,000,17,86,
11/06/2024 22:00:00,000,16,9,
11/06/2024 23:00:00,000,16,09,
12/06/2024 00:00:00,000,15,43,
12/06/2024 01:00:00,000,14,76,
12/06/2024 02:00:00,000,14,45,
12/06/2024 03:00:00,000,14,43,
12/06/2024 04:00:00,000,14,26,
12/06/2024 05:00:00,000,13,89,
12/06/2024 06:00:00,000,13,7,
12/06/2024 07:00:00,000,13,76,
12/06/2024 08:00:00,000,13,89,
12/06/2024 09:00:00,000,13,98,
12/06/2024 10:00:00,000,14,17,
12/06/2024 11:00:00,000,14,54,
12/06/2024 12:00:00,000,14,84,
12/06/2024 13:00:00,000,15,14,
12/06/2024 14:00:00,000,15,56,
12/06/2024 15:00:00,000,15,73,
12/06/2024 16:00:00,000,16,
12/06/2024 17:00:00,000,16,29,
12/06/2024 18:00:00,000,16,19,
12/06/2024 19:00:00,000,16,03,
12/06/2024 20:00:00,000,15,69,
12/06/2024 21:00:00,000,15,09,
12/06/2024 22:00:00,000,14,43,
12/06/2024 23:00:00,000,13,97,
13/06/2024 00:00:00,000,13,71,
13/06/2024 01:00:00,000,13,59,
13/06/2024 02:00:00,000,13,43,
13/06/2024 03:00:00,000,13,25,
13/06/2024 04:00:00,000,13,11,
13/06/2024 05:00:00,000,13,01,
13/06/2024 06:00:00,000,12,96,
13/06/2024 07:00:00,000,13,44,
13/06/2024 08:00:00,000,14,03,
13/06/2024 09:00:00,000,14,32,
13/06/2024 10:00:00,000,14,8,
13/06/2024 11:00:00,000,15,51,
13/06/2024 12:00:00,000,16,21,
13/06/2024 13:00:00,000,16,44,
13/06/2024 14:00:00,000,16,87,
13/06/2024 15:00:00,000,17,46,
13/06/2024 16:00:00,000,17,65,
13/06/2024 17:00:00,000,17,73,
13/06/2024 18:00:00,000,17,78,
13/06/2024 19:00:00,000,17,56,
13/06/2024 20:00:00,000,16,89,
13/06/2024 21:00:00,000,15,65,
13/06/2024 22:00:00,000,14,33,
13/06/2024 23:00:00,000,13,55,
14/06/2024 00:00:00,000,13,17,
14/06/2024 01:00:00,000,12,74,
14/06/2024 02:00:00,000,12,16,
14/06/2024 03:00:00,000,11,42,
14/06/2024 04:00:00,000,10,48,
14/06/2024 05:00:00,000,10,27,
14/06/2024 06:00:00,000,10,79,
14/06/2024 07:00:00,000,11,76,
14/06/2024 08:00:00,000,13,48,
14/06/2024 09:00:00,000,15,37,
14/06/2024 10:00:00,000,17,
14/06/2024 11:00:00,000,18,32,
14/06/2024 12:00:00,000,19,22,
14/06/2024 13:00:00,000,19,9,
14/06/2024 14:00:00,000,20,38,
14/06/2024 15:00:00,000,20,92,
14/06/2024 16:00:00,000,21,27,
14/06/2024 17:00:00,000,21,12,
14/06/2024 18:00:00,000,20,61,
14/06/2024 19:00:00,000,20,19,
14/06/2024 20:00:00,000,19,29,
14/06/2024 21:00:00,000,18,04,
14/06/2024 22:00:00,000,17,1,
14/06/2024 23:00:00,000,15,94,
15/06/2024 00:00:00,000,14,67,
15/06/2024 01:00:00,000,13,37,
15/06/2024 02:00:00,000,12,37,
15/06/2024 03:00:00,000,11,61,
15/06/2024 04:00:00,000,10,92,
15/06/2024 05:00:00,000,10,41,
15/06/2024 06:00:00,000,10,87,
15/06/2024 07:00:00,000,12,59,
15/06/2024 08:00:00,000,14,79,
15/06/2024 09:00:00,000,17,12,
15/06/2024 10:00:00,000,19,39,
15/06/2024 11:00:00,000,21,35,
15/06/2024 12:00:00,000,22,54,
15/06/2024 13:00:00,000,23,34,
15/06/2024 14:00:00,000,24,14,
15/06/2024 15:00:00,000,24,62,
15/06/2024 16:00:00,000,24,96,
15/06/2024 17:00:00,000,25,13,
15/06/2024 18:00:00,000,24,92,
15/06/2024 19:00:00,000,24,35,
15/06/2024 20:00:00,000,23,25,
15/06/2024 21:00:00,000,21,57,
15/06/2024 22:00:00,000,19,92,
15/06/2024 23:00:00,000,18,95,
16/06/2024 00:00:00,000,17,9,
16/06/2024 01:00:00,000,16,8,
16/06/2024 02:00:00,000,16,06,
16/06/2024 03:00:00,000,15,85,
16/06/2024 04:00:00,000,15,96,
16/06/2024 05:00:00,000,15,86,
16/06/2024 06:00:00,000,16,07,
16/06/2024 07:00:00,000,16,7,
16/06/2024 08:00:00,000,17,3,
16/06/2024 09:00:00,000,18,11,
16/06/2024 10:00:00,000,19,09,
16/06/2024 11:00:00,000,19,78,
16/06/2024 12:00:00,000,20,42,
16/06/2024 13:00:00,000,21,16,
16/06/2024 14:00:00,000,21,97,
16/06/2024 15:00:00,000,22,44,
16/06/2024 16:00:00,000,22,66,
16/06/2024 17:00:00,000,22,75,
16/06/2024 18:00:00,000,22,33,
16/06/2024 19:00:00,000,21,84,
16/06/2024 20:00:00,000,21,6,
16/06/2024 21:00:00,000,20,68,
16/06/2024 22:00:00,000,18,68,
16/06/2024 23:00:00,000,17,
17/06/2024 00:00:00,000,16,21,
17/06/2024 01:00:00,000,15,56,
17/06/2024 02:00:00,000,15,19,
17/06/2024 03:00:00,000,14,96,
17/06/2024 04:00:00,000,14,62,
17/06/2024 05:00:00,000,14,42,
17/06/2024 06:00:00,000,14,56,
17/06/2024 07:00:00,000,15,65,
17/06/2024 08:00:00,000,17,33,
17/06/2024 09:00:00,000,19,1,
17/06/2024 10:00:00,000,20,97,
17/06/2024 11:00:00,000,22,62,
17/06/2024 12:00:00,000,23,86,
17/06/2024 13:00:00,000,24,74,
17/06/2024 14:00:00,000,25,5,
17/06/2024 15:00:00,000,26,18,
17/06/2024 16:00:00,000,26,5,
17/06/2024 17:00:00,000,26,71,
17/06/2024 18:00:00,000,26,72,
17/06/2024 19:00:00,000,26,1,
17/06/2024 20:00:00,000,24,96,
17/06/2024 21:00:00,000,23,42,
17/06/2024 22:00:00,000,21,4,
17/06/2024 23:00:00,000,19,83,
18/06/2024 00:00:00,000,18,78,
18/06/2024 01:00:00,000,17,84,
18/06/2024 02:00:00,000,17,06,
18/06/2024 03:00:00,000,16,56,
18/06/2024 04:00:00,000,16,27,
18/06/2024 05:00:00,000,15,96,
18/06/2024 06:00:00,000,16,29,
18/06/2024 07:00:00,000,17,46,
18/06/2024 08:00:00,000,19,29,
18/06/2024 09:00:00,000,21,28,
18/06/2024 10:00:00,000,23,18,
18/06/2024 11:00:00,000,24,93,
18/06/2024 12:00:00,000,26,51,
18/06/2024 13:00:00,000,27,45,
18/06/2024 14:00:00,000,28,03,
18/06/2024 15:00:00,000,28,55,
18/06/2024 16:00:00,000,28,94,
18/06/2024 17:00:00,000,29,18,
18/06/2024 18:00:00,000,28,98,
18/06/2024 19:00:00,000,28,46,
18/06/2024 20:00:00,000,27,48,
18/06/2024 21:00:00,000,25,29,
18/06/2024 22:00:00,000,23,09,
18/06/2024 23:00:00,000,21,89,
19/06/2024 00:00:00,000,20,93,
19/06/2024 01:00:00,000,20,39,
19/06/2024 02:00:00,000,19,42,
19/06/2024 03:00:00,000,18,53,
19/06/2024 04:00:00,000,18,22,
19/06/2024 05:00:00,000,17,84,
19/06/2024 06:00:00,000,18,08,
19/06/2024 07:00:00,000,19,39,
19/06/2024 08:00:00,000,21,48,
19/06/2024 09:00:00,000,23,46,
19/06/2024 10:00:00,000,25,1,
19/06/2024 11:00:00,000,26,38,
19/06/2024 12:00:00,000,27,48,
19/06/2024 13:00:00,000,28,44,
19/06/2024 14:00:00,000,29,14,
19/06/2024 15:00:00,000,29,91,
19/06/2024 16:00:00,000,30,51,
19/06/2024 17:00:00,000,30,82,
19/06/2024 18:00:00,000,30,69,
19/06/2024 19:00:00,000,30,16,
19/06/2024 20:00:00,000,29,08,
19/06/2024 21:00:00,000,27,58,
19/06/2024 22:00:00,000,25,58,
19/06/2024 23:00:00,000,23,7,
20/06/2024 00:00:00,000,23,48,
20/06/2024 01:00:00,000,23,44,
20/06/2024 02:00:00,000,22,76,
20/06/2024 03:00:00,000,22,01,
20/06/2024 04:00:00,000,20,89,
20/06/2024 05:00:00,000,19,82,
20/06/2024 06:00:00,000,19,23,
20/06/2024 07:00:00,000,19,2,
20/06/2024 08:00:00,000,19,51,
20/06/2024 09:00:00,000,19,9,
20/06/2024 10:00:00,000,20,27,
20/06/2024 11:00:00,000,20,98,
20/06/2024 12:00:00,000,22,06,
20/06/2024 13:00:00,000,23,06,
20/06/2024 14:00:00,000,23,72,
20/06/2024 15:00:00,000,24,27,
20/06/2024 16:00:00,000,24,88,
20/06/2024 17:00:00,000,25,18,
20/06/2024 18:00:00,000,25,36,
20/06/2024 19:00:00,000,25,23,
20/06/2024 20:00:00,000,24,18,
20/06/2024 21:00:00,000,22,72,
20/06/2024 22:00:00,000,21,41,
20/06/2024 23:00:00,000,20,39,
21/06/2024 00:00:00,000,19,99,
21/06/2024 01:00:00,000,19,4,
21/06/2024 02:00:00,000,18,91,
21/06/2024 03:00:00,000,18,9,
21/06/2024 04:00:00,000,18,58,
21/06/2024 05:00:00,000,18,36,
21/06/2024 06:00:00,000,18,42,
21/06/2024 07:00:00,000,19,07,
21/06/2024 08:00:00,000,20,53,
21/06/2024 09:00:00,000,22,25,
21/06/2024 10:00:00,000,23,9,
21/06/2024 11:00:00,000,25,47,
21/06/2024 12:00:00,000,27,01,
21/06/2024 13:00:00,000,28,25,
21/06/2024 14:00:00,000,29,22,
21/06/2024 15:00:00,000,29,85,
21/06/2024 16:00:00,000,30,31,
21/06/2024 17:00:00,000,30,39,
21/06/2024 18:00:00,000,30,15,
21/06/2024 19:00:00,000,29,62,
21/06/2024 20:00:00,000,28,31,
21/06/2024 21:00:00,000,27,
21/06/2024 22:00:00,000,25,92,
21/06/2024 23:00:00,000,24,94,
22/06/2024 00:00:00,000,24,33,
22/06/2024 01:00:00,000,24,01,
22/06/2024 02:00:00,000,23,41,
22/06/2024 03:00:00,000,22,92,
22/06/2024 04:00:00,000,22,5,
22/06/2024 05:00:00,000,21,54,
22/06/2024 06:00:00,000,21,25,
22/06/2024 07:00:00,000,21,83,
22/06/2024 08:00:00,000,21,92,
22/06/2024 09:00:00,000,21,93,
22/06/2024 10:00:00,000,21,84,
22/06/2024 11:00:00,000,21,67,
22/06/2024 12:00:00,000,22,22,
22/06/2024 13:00:00,000,22,56,
22/06/2024 14:00:00,000,23,32,
22/06/2024 15:00:00,000,24,31,
22/06/2024 16:00:00,000,24,69,
22/06/2024 17:00:00,000,24,74,
22/06/2024 18:00:00,000,24,77,
22/06/2024 19:00:00,000,24,79,
22/06/2024 20:00:00,000,23,89,
22/06/2024 21:00:00,000,22,49,
22/06/2024 22:00:00,000,21,25,
22/06/2024 23:00:00,000,20,16,
23/06/2024 00:00:00,000,19,56,
23/06/2024 01:00:00,000,19,42,
23/06/2024 02:00:00,000,19,16,
23/06/2024 03:00:00,000,18,53,
23/06/2024 04:00:00,000,18,02,
23/06/2024 05:00:00,000,17,71,
23/06/2024 06:00:00,000,17,76,
23/06/2024 07:00:00,000,18,66,
23/06/2024 08:00:00,000,19,92,
23/06/2024 09:00:00,000,21,01,
23/06/2024 10:00:00,000,21,75,
23/06/2024 11:00:00,000,22,45,
23/06/2024 12:00:00,000,23,43,
23/06/2024 13:00:00,000,24,34,
23/06/2024 14:00:00,000,25,02,
23/06/2024 15:00:00,000,25,6,
23/06/2024 16:00:00,000,25,85,
23/06/2024 17:00:00,000,25,84,
23/06/2024 18:00:00,000,25,59,
23/06/2024 19:00:00,000,24,99,
23/06/2024 20:00:00,000,24,09,
23/06/2024 21:00:00,000,22,47,
23/06/2024 22:00:00,000,20,85,
23/06/2024 23:00:00,000,20,13,
24/06/2024 00:00:00,000,19,59,
24/06/2024 01:00:00,000,18,82,
24/06/2024 02:00:00,000,18,09,
24/06/2024 03:00:00,000,17,62,
24/06/2024 04:00:00,000,16,89,
24/06/2024 05:00:00,000,16,34,
24/06/2024 06:00:00,000,16,97,
24/06/2024 07:00:00,000,18,5,
24/06/2024 08:00:00,000,20,23,
24/06/2024 09:00:00,000,21,53,
24/06/2024 10:00:00,000,22,4,
24/06/2024 11:00:00,000,22,98,
24/06/2024 12:00:00,000,23,43,
24/06/2024 13:00:00,000,23,85,
24/06/2024 14:00:00,000,24,23,
24/06/2024 15:00:00,000,24,46,
24/06/2024 16:00:00,000,24,56,
24/06/2024 17:00:00,000,24,52,
24/06/2024 18:00:00,000,24,26,
24/06/2024 19:00:00,000,23,72,
24/06/2024 20:00:00,000,22,81,
24/06/2024 21:00:00,000,21,46,
24/06/2024 22:00:00,000,19,97,
24/06/2024 23:00:00,000,19,08,
25/06/2024 00:00:00,000,18,43,
25/06/2024 01:00:00,000,17,91,
25/06/2024 02:00:00,000,17,49,
25/06/2024 03:00:00,000,16,99,
25/06/2024 04:00:00,000,16,19,
25/06/2024 05:00:00,000,15,27,
25/06/2024 06:00:00,000,15,43,
25/06/2024 07:00:00,000,16,69,
25/06/2024 08:00:00,000,18,22,
25/06/2024 09:00:00,000,19,87,
25/06/2024 10:00:00,000,21,61,
25/06/2024 11:00:00,000,23,11,
25/06/2024 12:00:00,000,24,29,
25/06/2024 13:00:00,000,25,26,
25/06/2024 14:00:00,000,25,75,
25/06/2024 15:00:00,000,25,87,
25/06/2024 16:00:00,000,26,38,
25/06/2024 17:00:00,000,26,8,
25/06/2024 18:00:00,000,26,84,
25/06/2024 19:00:00,000,26,57,
25/06/2024 20:00:00,000,25,72,
25/06/2024 21:00:00,000,24,32,
25/06/2024 22:00:00,000,22,57,
25/06/2024 23:00:00,000,21,2,
26/06/2024 00:00:00,000,20,02,
26/06/2024 01:00:00,000,19,13,
26/06/2024 02:00:00,000,18,71,
26/06/2024 03:00:00,000,18,16,
26/06/2024 04:00:00,000,17,72,
26/06/2024 05:00:00,000,17,49,
26/06/2024 06:00:00,000,17,61,
26/06/2024 07:00:00,000,18,18,
26/06/2024 08:00:00,000,19,44,
26/06/2024 09:00:00,000,21,13,
26/06/2024 10:00:00,000,22,53,
26/06/2024 11:00:00,000,24,12,
26/06/2024 12:00:00,000,25,46,
26/06/2024 13:00:00,000,26,3,
26/06/2024 14:00:00,000,27,21,
26/06/2024 15:00:00,000,28,1,
26/06/2024 16:00:00,000,28,28,
26/06/2024 17:00:00,000,27,49,
26/06/2024 18:00:00,000,25,02,
26/06/2024 19:00:00,000,22,78,
26/06/2024 20:00:00,000,22,22,
26/06/2024 21:00:00,000,21,73,
26/06/2024 22:00:00,000,21,08,
26/06/2024 23:00:00,000,20,13,
27/06/2024 00:00:00,000,19,46,
27/06/2024 01:00:00,000,19,3,
27/06/2024 02:00:00,000,19,24,
27/06/2024 03:00:00,000,19,16,
27/06/2024 04:00:00,000,19,21,
27/06/2024 05:00:00,000,19,06,
27/06/2024 06:00:00,000,19,12,
27/06/2024 07:00:00,000,19,75,
27/06/2024 08:00:00,000,20,88,
27/06/2024 09:00:00,000,22,04,
27/06/2024 10:00:00,000,22,84,
27/06/2024 11:00:00,000,23,67,
27/06/2024 12:00:00,000,24,34,
27/06/2024 13:00:00,000,24,93,
27/06/2024 14:00:00,000,25,7,
27/06/2024 15:00:00,000,26,55,
27/06/2024 16:00:00,000,27,1,
27/06/2024 17:00:00,000,26,35,
27/06/2024 18:00:00,000,24,74,
27/06/2024 19:00:00,000,23,28,
27/06/2024 20:00:00,000,22,18,
27/06/2024 21:00:00,000,21,5,
27/06/2024 22:00:00,000,20,83,
27/06/2024 23:00:00,000,20,03,
28/06/2024 00:00:00,000,19,3,
28/06/2024 01:00:00,000,19,17,
28/06/2024 02:00:00,000,18,89,
28/06/2024 03:00:00,000,18,06,
28/06/2024 04:00:00,000,17,82,
28/06/2024 05:00:00,000,17,72,
28/06/2024 06:00:00,000,17,59,
28/06/2024 07:00:00,000,18,6,
28/06/2024 08:00:00,000,20,42,
28/06/2024 09:00:00,000,22,15,
28/06/2024 10:00:00,000,23,66,
28/06/2024 11:00:00,000,25,3,
28/06/2024 12:00:00,000,26,59,
28/06/2024 13:00:00,000,27,34,
28/06/2024 14:00:00,000,27,73,
28/06/2024 15:00:00,000,27,72,
28/06/2024 16:00:00,000,27,35,
28/06/2024 17:00:00,000,27,09,
28/06/2024 18:00:00,000,27,17,
28/06/2024 19:00:00,000,26,97,
28/06/2024 20:00:00,000,25,99,
28/06/2024 21:00:00,000,24,6,
28/06/2024 22:00:00,000,23,33,
28/06/2024 23:00:00,000,22,28,
29/06/2024 00:00:00,000,21,29,
29/06/2024 01:00:00,000,20,17,
29/06/2024 02:00:00,000,19,73,
29/06/2024 03:00:00,000,19,75,
29/06/2024 04:00:00,000,19,21,
29/06/2024 05:00:00,000,18,63,
29/06/2024 06:00:00,000,18,94,
29/06/2024 07:00:00,000,20,41,
29/06/2024 08:00:00,000,22,3,
29/06/2024 09:00:00,000,24,11,
29/06/2024 10:00:00,000,26,
29/06/2024 11:00:00,000,27,62,
29/06/2024 12:00:00,000,29,
29/06/2024 13:00:00,000,29,99,
29/06/2024 14:00:00,000,30,52,
29/06/2024 15:00:00,000,30,98,
29/06/2024 16:00:00,000,30,91,
29/06/2024 17:00:00,000,30,84,
29/06/2024 18:00:00,000,30,92,
29/06/2024 19:00:00,000,30,49,
29/06/2024 20:00:00,000,29,34,
29/06/2024 21:00:00,000,27,31,
29/06/2024 22:00:00,000,25,3,
29/06/2024 23:00:00,000,24,07,
30/06/2024 00:00:00,000,23,28,
30/06/2024 01:00:00,000,22,49,
30/06/2024 02:00:00,000,21,88,
30/06/2024 03:00:00,000,21,56,
30/06/2024 04:00:00,000,21,2,
30/06/2024 05:00:00,000,21,
30/06/2024 06:00:00,000,21,33,
30/06/2024 07:00:00,000,22,42,
30/06/2024 08:00:00,000,23,9,
30/06/2024 09:00:00,000,25,14,
30/06/2024 10:00:00,000,26,67,
30/06/2024 11:00:00,000,28,09,
30/06/2024 12:00:00,000,28,8,
30/06/2024 13:00:00,000,29,64,
30/06/2024 14:00:00,000,30,54,
30/06/2024 15:00:00,000,31,09,
30/06/2024 16:00:00,000,31,21,
30/06/2024 17:00:00,000,31,34,
30/06/2024 18:00:00,000,31,18,
30/06/2024 19:00:00,000,30,37,
30/06/2024 20:00:00,000,29,37,
30/06/2024 21:00:00,000,27,11,
30/06/2024 22:00:00,000,24,58,
30/06/2024 23:00:00,000,23,22,
01/07/2024 00:00:00,000,22,54,
01/07/2024 01:00:00,000,22,24,
01/07/2024 02:00:00,000,21,81,
01/07/2024 03:00:00,000,21,38,
01/07/2024 04:00:00,000,21,19,
01/07/2024 05:00:00,000,20,64,
01/07/2024 06:00:00,000,20,32,
01/07/2024 07:00:00,000,20,77,
01/07/2024 08:00:00,000,21,52,
01/07/2024 09:00:00,000,22,45,
01/07/2024 10:00:00,000,23,21,
01/07/2024 11:00:00,000,23,65,
01/07/2024 12:00:00,000,23,69,
01/07/2024 13:00:00,000,24,12,
01/07/2024 14:00:00,000,24,78,
01/07/2024 15:00:00,000,24,71,
01/07/2024 16:00:00,000,23,98,
01/07/2024 17:00:00,000,23,75,
01/07/2024 18:00:00,000,23,89,
01/07/2024 19:00:00,000,23,52,
01/07/2024 20:00:00,000,23,04,
01/07/2024 21:00:00,000,22,53,
01/07/2024 22:00:00,000,21,64,
01/07/2024 23:00:00,000,20,83,
02/07/2024 00:00:00,000,20,36,
02/07/2024 01:00:00,000,20,03,
02/07/2024 02:00:00,000,19,62,
02/07/2024 03:00:00,000,19,14,
02/07/2024 04:00:00,000,18,81,
02/07/2024 05:00:00,000,18,28,
02/07/2024 06:00:00,000,17,9,
02/07/2024 07:00:00,000,17,97,
02/07/2024 08:00:00,000,18,33,
02/07/2024 09:00:00,000,18,41,
02/07/2024 10:00:00,000,18,43,
02/07/2024 11:00:00,000,18,79,
02/07/2024 12:00:00,000,19,3,
02/07/2024 13:00:00,000,19,54,
02/07/2024 14:00:00,000,19,7,
02/07/2024 15:00:00,000,20,47,
02/07/2024 16:00:00,000,21,
02/07/2024 17:00:00,000,20,91,
02/07/2024 18:00:00,000,20,89,
02/07/2024 19:00:00,000,20,54,
02/07/2024 20:00:00,000,19,99,
02/07/2024 21:00:00,000,19,23,
02/07/2024 22:00:00,000,18,04,
02/07/2024 23:00:00,000,17,14,
03/07/2024 00:00:00,000,16,08,
03/07/2024 01:00:00,000,15,21,
03/07/2024 02:00:00,000,14,91,
03/07/2024 03:00:00,000,14,68,
03/07/2024 04:00:00,000,14,32,
03/07/2024 05:00:00,000,13,76,
03/07/2024 06:00:00,000,13,97,
03/07/2024 07:00:00,000,15,29,
03/07/2024 08:00:00,000,16,78,
03/07/2024 09:00:00,000,17,97,
03/07/2024 10:00:00,000,18,82,
03/07/2024 11:00:00,000,19,22,
03/07/2024 12:00:00,000,19,49,
03/07/2024 13:00:00,000,19,82,
03/07/2024 14:00:00,000,19,93,
03/07/2024 15:00:00,000,20,07,
03/07/2024 16:00:00,000,20,54,
03/07/2024 17:00:00,000,21,04,
03/07/2024 18:00:00,000,21,18,
03/07/2024 19:00:00,000,20,87,
03/07/2024 20:00:00,000,20,01,
03/07/2024 21:00:00,000,18,86,
03/07/2024 22:00:00,000,17,85,
03/07/2024 23:00:00,000,16,93,
04/07/2024 00:00:00,000,15,91,
04/07/2024 01:00:00,000,15,1,
04/07/2024 02:00:00,000,14,44,
04/07/2024 03:00:00,000,14,09,
04/07/2024 04:00:00,000,13,78,
04/07/2024 05:00:00,000,13,56,
04/07/2024 06:00:00,000,14,16,
04/07/2024 07:00:00,000,15,04,
04/07/2024 08:00:00,000,16,26,
04/07/2024 09:00:00,000,17,64,
04/07/2024 10:00:00,000,18,8,
04/07/2024 11:00:00,000,19,72,
04/07/2024 12:00:00,000,20,39,
04/07/2024 13:00:00,000,21,07,
04/07/2024 14:00:00,000,21,77,
04/07/2024 15:00:00,000,22,49,
04/07/2024 16:00:00,000,22,61,
04/07/2024 17:00:00,000,22,74,
04/07/2024 18:00:00,000,23,38,
04/07/2024 19:00:00,000,23,39,
04/07/2024 20:00:00,000,22,65,
04/07/2024 21:00:00,000,21,01,
04/07/2024 22:00:00,000,19,07,
04/07/2024 23:00:00,000,17,33,
05/07/2024 00:00:00,000,16,27,
05/07/2024 01:00:00,000,15,87,
05/07/2024 02:00:00,000,15,9,
05/07/2024 03:00:00,000,16,47,
05/07/2024 04:00:00,000,16,3,
05/07/2024 05:00:00,000,15,64,
05/07/2024 06:00:00,000,15,66,
05/07/2024 07:00:00,000,16,71,
05/07/2024 08:00:00,000,17,9,
05/07/2024 09:00:00,000,19,05,
05/07/2024 10:00:00,000,20,54,
05/07/2024 11:00:00,000,22,19,
05/07/2024 12:00:00,000,23,39,
05/07/2024 13:00:00,000,24,08,
05/07/2024 14:00:00,000,24,55,
05/07/2024 15:00:00,000,24,82,
05/07/2024 16:00:00,000,24,94,
05/07/2024 17:00:00,000,25,02,
05/07/2024 18:00:00,000,25,31,
05/07/2024 19:00:00,000,25,33,
05/07/2024 20:00:00,000,24,71,
05/07/2024 21:00:00,000,23,36,
05/07/2024 22:00:00,000,21,94,
05/07/2024 23:00:00,000,20,66,
06/07/2024 00:00:00,000,19,1,
06/07/2024 01:00:00,000,17,82,
06/07/2024 02:00:00,000,17,06,
06/07/2024 03:00:00,000,16,54,
06/07/2024 04:00:00,000,16,05,
06/07/2024 05:00:00,000,15,48,
06/07/2024 06:00:00,000,15,85,
06/07/2024 07:00:00,000,17,41,
06/07/2024 08:00:00,000,19,39,
06/07/2024 09:00:00,000,21,65,
06/07/2024 10:00:00,000,23,74,
06/07/2024 11:00:00,000,25,27,
06/07/2024 12:00:00,000,26,63,
06/07/2024 13:00:00,000,27,91,
06/07/2024 14:00:00,000,28,46,
06/07/2024 15:00:00,000,28,54,
06/07/2024 16:00:00,000,28,7,
06/07/2024 17:00:00,000,28,68,
06/07/2024 18:00:00,000,28,5,
06/07/2024 19:00:00,000,28,
06/07/2024 20:00:00,000,27,18,
06/07/2024 21:00:00,000,25,77,
06/07/2024 22:00:00,000,24,54,
06/07/2024 23:00:00,000,24,09,
07/07/2024 00:00:00,000,23,46,
07/07/2024 01:00:00,000,22,85,
07/07/2024 02:00:00,000,22,04,
07/07/2024 03:00:00,000,20,88,
07/07/2024 04:00:00,000,19,85,
07/07/2024 05:00:00,000,19,32,
07/07/2024 06:00:00,000,19,31,
07/07/2024 07:00:00,000,20,28,
07/07/2024 08:00:00,000,21,49,
07/07/2024 09:00:00,000,22,45,
07/07/2024 10:00:00,000,23,67,
07/07/2024 11:00:00,000,24,67,
07/07/2024 12:00:00,000,25,45,
07/07/2024 13:00:00,000,26,32,
07/07/2024 14:00:00,000,27,11,
07/07/2024 15:00:00,000,27,81,
07/07/2024 16:00:00,000,28,08,
07/07/2024 17:00:00,000,27,88,
07/07/2024 18:00:00,000,27,79,
07/07/2024 19:00:00,000,27,62,
07/07/2024 20:00:00,000,26,76,
07/07/2024 21:00:00,000,25,13,
07/07/2024 22:00:00,000,23,29,
07/07/2024 23:00:00,000,21,54,
08/07/2024 00:00:00,000,20,76,
08/07/2024 01:00:00,000,20,65,
08/07/2024 02:00:00,000,20,49,
08/07/2024 03:00:00,000,20,42,
08/07/2024 04:00:00,000,20,14,
08/07/2024 05:00:00,000,19,72,
08/07/2024 06:00:00,000,19,69,
08/07/2024 07:00:00,000,20,24,
08/07/2024 08:00:00,000,20,99,
08/07/2024 09:00:00,000,22,09,
08/07/2024 10:00:00,000,23,69,
08/07/2024 11:00:00,000,25,22,
08/07/2024 12:00:00,000,26,41,
08/07/2024 13:00:00,000,27,43,
08/07/2024 14:00:00,000,28,2,
08/07/2024 15:00:00,000,28,32,
08/07/2024 16:00:00,000,28,3,
08/07/2024 17:00:00,000,27,55,
08/07/2024 18:00:00,000,26,71,
08/07/2024 19:00:00,000,26,23,
08/07/2024 20:00:00,000,25,42,
08/07/2024 21:00:00,000,24,41,
08/07/2024 22:00:00,000,23,21,
08/07/2024 23:00:00,000,22,27,
09/07/2024 00:00:00,000,21,97,
09/07/2024 01:00:00,000,21,73,
09/07/2024 02:00:00,000,21,16,
09/07/2024 03:00:00,000,20,37,
09/07/2024 04:00:00,000,19,77,
09/07/2024 05:00:00,000,19,63,
09/07/2024 06:00:00,000,19,52,
09/07/2024 07:00:00,000,20,36,
09/07/2024 08:00:00,000,21,96,
09/07/2024 09:00:00,000,23,94,
09/07/2024 10:00:00,000,25,91,
09/07/2024 11:00:00,000,27,4,
09/07/2024 12:00:00,000,28,77,
09/07/2024 13:00:00,000,30,09,
09/07/2024 14:00:00,000,31,05,
09/07/2024 15:00:00,000,31,73,
09/07/2024 16:00:00,000,32,11,
09/07/2024 17:00:00,000,32,11,
09/07/2024 18:00:00,000,31,78,
09/07/2024 19:00:00,000,30,95,
09/07/2024 20:00:00,000,30,03,
09/07/2024 21:00:00,000,28,26,
09/07/2024 22:00:00,000,26,32,
09/07/2024 23:00:00,000,24,47,
10/07/2024 00:00:00,000,(invalid),
10/07/2024 01:00:00,000,23,16,
10/07/2024 02:00:00,000,22,43,
10/07/2024 03:00:00,000,22,23,
10/07/2024 04:00:00,000,22,03,
10/07/2024 05:00:00,000,21,56,
10/07/2024 06:00:00,000,21,48,
10/07/2024 07:00:00,000,22,65,
10/07/2024 08:00:00,000,24,75,
10/07/2024 09:00:00,000,26,58,
10/07/2024 10:00:00,000,28,28,
10/07/2024 11:00:00,000,29,99,
10/07/2024 12:00:00,000,31,37,
10/07/2024 13:00:00,000,32,29,
10/07/2024 14:00:00,000,32,71,
10/07/2024 15:00:00,000,33,11,
10/07/2024 16:00:00,000,33,38,
10/07/2024 17:00:00,000,33,41,
10/07/2024 18:00:00,000,33,04,
10/07/2024 19:00:00,000,32,35,
10/07/2024 20:00:00,000,31,18,
10/07/2024 21:00:00,000,29,1,
10/07/2024 22:00:00,000,27,03,
10/07/2024 23:00:00,000,26,02,
11/07/2024 00:00:00,000,25,79,
11/07/2024 01:00:00,000,24,99,
11/07/2024 02:00:00,000,24,15,
11/07/2024 03:00:00,000,23,27,
11/07/2024 04:00:00,000,22,65,
11/07/2024 05:00:00,000,22,37,
11/07/2024 06:00:00,000,21,7,
11/07/2024 07:00:00,000,22,65,
11/07/2024 08:00:00,000,24,57,
11/07/2024 09:00:00,000,26,26,
11/07/2024 10:00:00,000,27,93,
11/07/2024 11:00:00,000,29,3,
11/07/2024 12:00:00,000,30,51,
11/07/2024 13:00:00,000,31,41,
11/07/2024 14:00:00,000,31,87,
11/07/2024 15:00:00,000,31,82,
11/07/2024 16:00:00,000,31,49,
11/07/2024 17:00:00,000,31,31,
11/07/2024 18:00:00,000,31,01,
11/07/2024 19:00:00,000,30,14,
11/07/2024 20:00:00,000,29,16,
11/07/2024 21:00:00,000,27,71,
11/07/2024 22:00:00,000,26,09,
11/07/2024 23:00:00,000,24,95,
12/07/2024 00:00:00,000,24,
12/07/2024 01:00:00,000,22,88,
12/07/2024 02:00:00,000,21,79,
12/07/2024 03:00:00,000,21,49,
12/07/2024 04:00:00,000,21,37,
12/07/2024 05:00:00,000,21,04,
12/07/2024 06:00:00,000,20,74,
12/07/2024 07:00:00,000,21,07,
12/07/2024 08:00:00,000,22,01,
12/07/2024 09:00:00,000,23,01,
12/07/2024 10:00:00,000,23,81,
12/07/2024 11:00:00,000,25,03,
12/07/2024 12:00:00,000,26,89,
12/07/2024 13:00:00,000,28,85,
12/07/2024 14:00:00,000,30,27,
12/07/2024 15:00:00,000,31,45,
12/07/2024 16:00:00,000,32,3,
12/07/2024 17:00:00,000,32,31,
12/07/2024 18:00:00,000,31,99,
12/07/2024 19:00:00,000,30,78,
12/07/2024 20:00:00,000,27,31,
12/07/2024 21:00:00,000,24,15,
12/07/2024 22:00:00,000,23,28,
12/07/2024 23:00:00,000,22,41,
13/07/2024 00:00:00,000,21,89,
13/07/2024 01:00:00,000,21,75,
13/07/2024 02:00:00,000,21,48,
13/07/2024 03:00:00,000,21,24,
13/07/2024 04:00:00,000,21,32,
13/07/2024 05:00:00,000,21,05,
13/07/2024 06:00:00,000,20,69,
13/07/2024 07:00:00,000,21,43,
13/07/2024 08:00:00,000,22,57,
13/07/2024 09:00:00,000,23,63,
13/07/2024 10:00:00,000,24,98,
13/07/2024 11:00:00,000,26,34,
13/07/2024 12:00:00,000,27,3,
13/07/2024 13:00:00,000,28,14,
13/07/2024 14:00:00,000,28,94,
13/07/2024 15:00:00,000,29,49,
13/07/2024 16:00:00,000,29,87,
13/07/2024 17:00:00,000,29,85,
13/07/2024 18:00:00,000,29,48,
13/07/2024 19:00:00,000,29,13,
13/07/2024 20:00:00,000,27,91,
13/07/2024 21:00:00,000,26,08,
13/07/2024 22:00:00,000,24,77,
13/07/2024 23:00:00,000,23,85,
14/07/2024 00:00:00,000,23,19,
14/07/2024 01:00:00,000,22,92,
14/07/2024 02:00:00,000,22,55,
14/07/2024 03:00:00,000,22,12,
14/07/2024 04:00:00,000,21,91,
14/07/2024 05:00:00,000,21,77,
14/07/2024 06:00:00,000,21,57,
14/07/2024 07:00:00,000,22,01,
14/07/2024 08:00:00,000,23,02,
14/07/2024 09:00:00,000,23,89,
14/07/2024 10:00:00,000,25,01,
14/07/2024 11:00:00,000,26,19,
14/07/2024 12:00:00,000,27,11,
14/07/2024 13:00:00,000,28,3,
14/07/2024 14:00:00,000,29,29,
14/07/2024 15:00:00,000,29,71,
14/07/2024 16:00:00,000,29,96,
14/07/2024 17:00:00,000,29,22,
14/07/2024 18:00:00,000,27,89,
14/07/2024 19:00:00,000,26,93,
14/07/2024 20:00:00,000,26,16,
14/07/2024 21:00:00,000,24,98,
14/07/2024 22:00:00,000,23,78,
14/07/2024 23:00:00,000,23,17,
15/07/2024 00:00:00,000,22,59,
15/07/2024 01:00:00,000,22,
15/07/2024 02:00:00,000,21,88,
15/07/2024 03:00:00,000,21,94,
15/07/2024 04:00:00,000,21,88,
15/07/2024 05:00:00,000,22,15,
15/07/2024 06:00:00,000,22,28,
15/07/2024 07:00:00,000,22,55,
15/07/2024 08:00:00,000,23,46,
15/07/2024 09:00:00,000,24,94,
15/07/2024 10:00:00,000,26,62,
15/07/2024 11:00:00,000,27,87,
15/07/2024 12:00:00,000,28,95,
15/07/2024 13:00:00,000,30,16,
15/07/2024 14:00:00,000,31,
15/07/2024 15:00:00,000,31,64,
15/07/2024 16:00:00,000,31,96,
15/07/2024 17:00:00,000,32,05,
15/07/2024 18:00:00,000,32,16,
15/07/2024 19:00:00,000,31,65,
15/07/2024 20:00:00,000,30,7,
15/07/2024 21:00:00,000,28,8,
15/07/2024 22:00:00,000,26,36,
15/07/2024 23:00:00,000,24,58,
16/07/2024 00:00:00,000,23,22,
16/07/2024 01:00:00,000,22,34,
16/07/2024 02:00:00,000,21,99,
16/07/2024 03:00:00,000,21,91,
16/07/2024 04:00:00,000,21,85,
16/07/2024 05:00:00,000,21,75,
16/07/2024 06:00:00,000,22,
16/07/2024 07:00:00,000,23,18,
16/07/2024 08:00:00,000,24,91,
16/07/2024 09:00:00,000,26,39,
16/07/2024 10:00:00,000,27,71,
16/07/2024 11:00:00,000,28,73,
16/07/2024 12:00:00,000,28,47,
16/07/2024 13:00:00,000,28,08,
16/07/2024 14:00:00,000,28,94,
16/07/2024 15:00:00,000,30,04,
16/07/2024 16:00:00,000,30,91,
16/07/2024 17:00:00,000,31,29,
16/07/2024 18:00:00,000,31,22,
16/07/2024 19:00:00,000,30,93,
16/07/2024 20:00:00,000,29,72,
16/07/2024 21:00:00,000,27,79,
16/07/2024 22:00:00,000,26,07,
16/07/2024 23:00:00,000,25,13,
17/07/2024 00:00:00,000,24,83,
17/07/2024 01:00:00,000,24,12,
17/07/2024 02:00:00,000,23,93,
17/07/2024 03:00:00,000,24,01,
17/07/2024 04:00:00,000,23,52,
17/07/2024 05:00:00,000,22,95,
17/07/2024 06:00:00,000,22,39,
17/07/2024 07:00:00,000,22,54,
17/07/2024 08:00:00,000,23,25,
17/07/2024 09:00:00,000,24,48,
17/07/2024 10:00:00,000,26,13,
17/07/2024 11:00:00,000,27,35,
17/07/2024 12:00:00,000,28,42,
17/07/2024 13:00:00,000,29,5,
17/07/2024 14:00:00,000,30,14,
17/07/2024 15:00:00,000,30,
17/07/2024 16:00:00,000,29,21,
17/07/2024 17:00:00,000,28,19,
17/07/2024 18:00:00,000,27,34,
17/07/2024 19:00:00,000,26,57,
17/07/2024 20:00:00,000,25,85,
17/07/2024 21:00:00,000,25,06,
17/07/2024 22:00:00,000,24,06,
17/07/2024 23:00:00,000,23,34,
18/07/2024 00:00:00,000,22,86,
18/07/2024 01:00:00,000,22,2,
18/07/2024 02:00:00,000,21,61,
18/07/2024 03:00:00,000,20,93,
18/07/2024 04:00:00,000,20,35,
18/07/2024 05:00:00,000,19,99,
18/07/2024 06:00:00,000,19,9,
18/07/2024 07:00:00,000,20,73,
18/07/2024 08:00:00,000,22,07,
18/07/2024 09:00:00,000,23,53,
18/07/2024 10:00:00,000,24,86,
18/07/2024 11:00:00,000,26,03,
18/07/2024 12:00:00,000,27,15,
18/07/2024 13:00:00,000,28,11,
18/07/2024 14:00:00,000,28,89,
18/07/2024 15:00:00,000,29,48,
18/07/2024 16:00:00,000,29,91,
18/07/2024 17:00:00,000,30,12,
18/07/2024 18:00:00,000,29,82,
18/07/2024 19:00:00,000,28,95,
18/07/2024 20:00:00,000,27,58,
18/07/2024 21:00:00,000,25,81,
18/07/2024 22:00:00,000,24,17,
18/07/2024 23:00:00,000,23,03,
19/07/2024 00:00:00,000,22,32,
19/07/2024 01:00:00,000,21,66,
19/07/2024 02:00:00,000,21,03,
19/07/2024 03:00:00,000,20,53,
19/07/2024 04:00:00,000,20,11,
19/07/2024 05:00:00,000,19,76,
19/07/2024 06:00:00,000,19,61,
19/07/2024 07:00:00,000,20,32,
19/07/2024 08:00:00,000,22,45,
19/07/2024 09:00:00,000,24,75,
19/07/2024 10:00:00,000,26,
19/07/2024 11:00:00,000,27,01,
19/07/2024 12:00:00,000,27,99,
19/07/2024 13:00:00,000,28,79,
19/07/2024 14:00:00,000,29,14,
19/07/2024 15:00:00,000,29,51,
19/07/2024 16:00:00,000,29,78,
19/07/2024 17:00:00,000,29,85,
19/07/2024 18:00:00,000,29,83,
19/07/2024 19:00:00,000,29,05,
19/07/2024 20:00:00,000,27,65,
19/07/2024 21:00:00,000,25,98,
19/07/2024 22:00:00,000,24,23,
19/07/2024 23:00:00,000,23,18,
20/07/2024 00:00:00,000,22,61,
20/07/2024 01:00:00,000,21,96,
20/07/2024 02:00:00,000,21,25,
20/07/2024 03:00:00,000,20,69,
20/07/2024 04:00:00,000,20,28,
20/07/2024 05:00:00,000,19,86,
20/07/2024 06:00:00,000,19,88,
20/07/2024 07:00:00,000,20,68,
20/07/2024 08:00:00,000,22,02,
20/07/2024 09:00:00,000,23,13,
20/07/2024 10:00:00,000,23,87,
20/07/2024 11:00:00,000,24,5,
20/07/2024 12:00:00,000,25,21,
20/07/2024 13:00:00,000,25,67,
20/07/2024 14:00:00,000,25,65,
20/07/2024 15:00:00,000,25,95,
20/07/2024 16:00:00,000,26,22,
20/07/2024 17:00:00,000,25,76,
20/07/2024 18:00:00,000,25,1,
20/07/2024 19:00:00,000,24,38,
20/07/2024 20:00:00,000,23,74,
20/07/2024 21:00:00,000,23,04,
20/07/2024 22:00:00,000,22,29,
20/07/2024 23:00:00,000,21,87,
21/07/2024 00:00:00,000,21,47,
21/07/2024 01:00:00,000,21,04,
21/07/2024 02:00:00,000,20,39,
21/07/2024 03:00:00,000,19,96,
21/07/2024 04:00:00,000,20,03,
21/07/2024 05:00:00,000,19,69,
21/07/2024 06:00:00,000,19,05,
21/07/2024 07:00:00,000,18,93,
21/07/2024 08:00:00,000,19,95,
21/07/2024 09:00:00,000,22,
21/07/2024 10:00:00,000,24,18,
21/07/2024 11:00:00,000,25,73,
21/07/2024 12:00:00,000,26,91,
21/07/2024 13:00:00,000,27,43,
21/07/2024 14:00:00,000,27,84,
21/07/2024 15:00:00,000,28,61,
21/07/2024 16:00:00,000,29,03,
21/07/2024 17:00:00,000,29,37,
21/07/2024 18:00:00,000,29,51,
21/07/2024 19:00:00,000,28,75,
21/07/2024 20:00:00,000,27,71,
21/07/2024 21:00:00,000,26,12,
21/07/2024 22:00:00,000,23,58,
21/07/2024 23:00:00,000,22,05,
22/07/2024 00:00:00,000,21,14,
22/07/2024 01:00:00,000,19,91,
22/07/2024 02:00:00,000,19,23,
22/07/2024 03:00:00,000,18,86,
22/07/2024 04:00:00,000,18,23,
22/07/2024 05:00:00,000,17,73,
22/07/2024 06:00:00,000,17,74,
22/07/2024 07:00:00,000,19,07,
22/07/2024 08:00:00,000,21,56,
22/07/2024 09:00:00,000,23,56,
22/07/2024 10:00:00,000,25,22,
22/07/2024 11:00:00,000,27,
22/07/2024 12:00:00,000,28,45,
22/07/2024 13:00:00,000,29,26,
22/07/2024 14:00:00,000,29,78,
22/07/2024 15:00:00,000,30,1,
22/07/2024 16:00:00,000,30,09,
22/07/2024 17:00:00,000,29,74,
22/07/2024 18:00:00,000,29,4,
22/07/2024 19:00:00,000,28,5,
22/07/2024 20:00:00,000,27,15,
22/07/2024 21:00:00,000,26,12,
22/07/2024 22:00:00,000,24,91,
22/07/2024 23:00:00,000,23,75,
23/07/2024 00:00:00,000,22,56,
23/07/2024 01:00:00,000,21,52,
23/07/2024 02:00:00,000,21,39,
23/07/2024 03:00:00,000,21,39,
23/07/2024 04:00:00,000,20,8,
23/07/2024 05:00:00,000,20,21,
23/07/2024 06:00:00,000,20,09,
23/07/2024 07:00:00,000,20,91,
23/07/2024 08:00:00,000,22,03,
23/07/2024 09:00:00,000,22,59,
23/07/2024 10:00:00,000,23,1,
23/07/2024 11:00:00,000,24,22,
23/07/2024 12:00:00,000,25,42,
23/07/2024 13:00:00,000,26,38,
23/07/2024 14:00:00,000,27,06,
23/07/2024 15:00:00,000,27,53,
23/07/2024 16:00:00,000,27,72,
23/07/2024 17:00:00,000,27,72,
23/07/2024 18:00:00,000,27,83,
23/07/2024 19:00:00,000,27,18,
23/07/2024 20:00:00,000,26,01,
23/07/2024 21:00:00,000,25,02,
23/07/2024 22:00:00,000,23,88,
23/07/2024 23:00:00,000,22,57,
24/07/2024 00:00:00,000,21,77,
24/07/2024 01:00:00,000,21,27,
24/07/2024 02:00:00,000,20,76,
24/07/2024 03:00:00,000,20,17,
24/07/2024 04:00:00,000,19,82,
24/07/2024 05:00:00,000,19,71,
24/07/2024 06:00:00,000,19,42,
24/07/2024 07:00:00,000,19,49,
24/07/2024 08:00:00,000,20,49,
24/07/2024 09:00:00,000,21,75,
24/07/2024 10:00:00,000,23,1,
24/07/2024 11:00:00,000,24,68,
24/07/2024 12:00:00,000,25,8,
24/07/2024 13:00:00,000,26,54,
24/07/2024 14:00:00,000,26,46,
24/07/2024 15:00:00,000,26,17,
24/07/2024 16:00:00,000,25,61,
24/07/2024 17:00:00,000,24,63,
24/07/2024 18:00:00,000,23,75,
24/07/2024 19:00:00,000,23,28,
24/07/2024 20:00:00,000,22,75,
24/07/2024 21:00:00,000,21,35,
24/07/2024 22:00:00,000,20,03,
24/07/2024 23:00:00,000,19,21,
25/07/2024 00:00:00,000,18,68,
25/07/2024 01:00:00,000,17,97,
25/07/2024 02:00:00,000,17,23,
25/07/2024 03:00:00,000,17,03,
25/07/2024 04:00:00,000,16,86,
25/07/2024 05:00:00,000,16,86,
25/07/2024 06:00:00,000,16,65,
25/07/2024 07:00:00,000,16,89,
25/07/2024 08:00:00,000,18,44,
25/07/2024 09:00:00,000,19,86,
25/07/2024 10:00:00,000,20,82,
25/07/2024 11:00:00,000,21,57,
25/07/2024 12:00:00,000,22,38,
25/07/2024 13:00:00,000,23,24,
25/07/2024 14:00:00,000,23,88,
25/07/2024 15:00:00,000,23,9,
25/07/2024 16:00:00,000,24,23,
25/07/2024 17:00:00,000,24,73,
25/07/2024 18:00:00,000,24,46,
25/07/2024 19:00:00,000,24,12,
25/07/2024 20:00:00,000,23,1,
25/07/2024 21:00:00,000,21,46,
25/07/2024 22:00:00,000,19,79,
25/07/2024 23:00:00,000,18,29,
26/07/2024 00:00:00,000,17,
26/07/2024 01:00:00,000,15,91,
26/07/2024 02:00:00,000,15,21,
26/07/2024 03:00:00,000,14,31,
26/07/2024 04:00:00,000,13,88,
26/07/2024 05:00:00,000,13,76,
26/07/2024 06:00:00,000,13,46,
26/07/2024 07:00:00,000,14,45,
26/07/2024 08:00:00,000,16,57,
26/07/2024 09:00:00,000,18,9,
26/07/2024 10:00:00,000,21,07,
26/07/2024 11:00:00,000,22,92,
26/07/2024 12:00:00,000,24,53,
26/07/2024 13:00:00,000,25,44,
26/07/2024 14:00:00,000,25,87,
26/07/2024 15:00:00,000,26,49,
26/07/2024 16:00:00,000,27,1,
26/07/2024 17:00:00,000,27,51,
26/07/2024 18:00:00,000,27,51,
26/07/2024 19:00:00,000,27,
26/07/2024 20:00:00,000,25,73,
26/07/2024 21:00:00,000,23,6,
26/07/2024 22:00:00,000,21,85,
26/07/2024 23:00:00,000,20,48,
27/07/2024 00:00:00,000,19,14,
27/07/2024 01:00:00,000,18,42,
27/07/2024 02:00:00,000,17,7,
27/07/2024 03:00:00,000,17,
27/07/2024 04:00:00,000,16,89,
27/07/2024 05:00:00,000,16,5,
27/07/2024 06:00:00,000,16,18,
27/07/2024 07:00:00,000,17,29,
27/07/2024 08:00:00,000,19,48,
27/07/2024 09:00:00,000,21,66,
27/07/2024 10:00:00,000,24,16,
27/07/2024 11:00:00,000,26,44,
27/07/2024 12:00:00,000,27,93,
27/07/2024 13:00:00,000,29,22,
27/07/2024 14:00:00,000,30,19,
27/07/2024 15:00:00,000,30,76,
27/07/2024 16:00:00,000,31,23,
27/07/2024 17:00:00,000,31,59,
27/07/2024 18:00:00,000,31,54,
27/07/2024 19:00:00,000,31,
27/07/2024 20:00:00,000,29,51,
27/07/2024 21:00:00,000,27,27,
27/07/2024 22:00:00,000,25,27,
27/07/2024 23:00:00,000,23,38,
28/07/2024 00:00:00,000,21,79,
28/07/2024 01:00:00,000,20,97,
28/07/2024 02:00:00,000,20,58,
28/07/2024 03:00:00,000,19,63,
28/07/2024 04:00:00,000,18,65,
28/07/2024 05:00:00,000,18,5,
28/07/2024 06:00:00,000,18,7,
28/07/2024 07:00:00,000,19,62,
28/07/2024 08:00:00,000,21,14,
28/07/2024 09:00:00,000,23,2,
28/07/2024 10:00:00,000,25,52,
28/07/2024 11:00:00,000,27,24,
28/07/2024 12:00:00,000,28,34,
28/07/2024 13:00:00,000,28,61,
28/07/2024 14:00:00,000,28,07,
28/07/2024 15:00:00,000,27,8,
28/07/2024 16:00:00,000,27,7,
28/07/2024 17:00:00,000,27,53,
28/07/2024 18:00:00,000,27,1,
28/07/2024 19:00:00,000,25,96,
28/07/2024 20:00:00,000,24,49,
28/07/2024 21:00:00,000,23,04,
28/07/2024 22:00:00,000,21,53,
28/07/2024 23:00:00,000,20,22,
29/07/2024 00:00:00,000,19,46,
29/07/2024 01:00:00,000,18,73,
29/07/2024 02:00:00,000,18,17,
29/07/2024 03:00:00,000,17,75,
29/07/2024 04:00:00,000,17,12,
29/07/2024 05:00:00,000,16,43,
29/07/2024 06:00:00,000,16,14,
29/07/2024 07:00:00,000,16,77,
29/07/2024 08:00:00,000,18,21,
29/07/2024 09:00:00,000,19,73,
29/07/2024 10:00:00,000,21,26,
29/07/2024 11:00:00,000,22,51,
29/07/2024 12:00:00,000,23,56,
29/07/2024 13:00:00,000,24,69,
29/07/2024 14:00:00,000,25,22,
29/07/2024 15:00:00,000,25,44,
29/07/2024 16:00:00,000,26,02,
29/07/2024 17:00:00,000,26,43,
29/07/2024 18:00:00,000,26,05,
29/07/2024 19:00:00,000,25,29,
29/07/2024 20:00:00,000,24,12,
29/07/2024 21:00:00,000,22,33,
29/07/2024 22:00:00,000,20,82,
29/07/2024 23:00:00,000,19,48,
30/07/2024 00:00:00,000,18,05,
30/07/2024 01:00:00,000,17,33,
30/07/2024 02:00:00,000,16,67,
30/07/2024 03:00:00,000,15,9,
30/07/2024 04:00:00,000,15,34,
30/07/2024 05:00:00,000,14,94,
30/07/2024 06:00:00,000,14,9,
30/07/2024 07:00:00,000,15,77,
30/07/2024 08:00:00,000,17,79,
30/07/2024 09:00:00,000,19,82,
30/07/2024 10:00:00,000,21,32,
30/07/2024 11:00:00,000,22,67,
30/07/2024 12:00:00,000,23,75,
30/07/2024 13:00:00,000,24,45,
30/07/2024 14:00:00,000,25,52,
30/07/2024 15:00:00,000,26,59,
30/07/2024 16:00:00,000,27,12,
30/07/2024 17:00:00,000,27,38,
30/07/2024 18:00:00,000,27,27,
30/07/2024 19:00:00,000,26,89,
30/07/2024 20:00:00,000,25,63,
30/07/2024 21:00:00,000,23,44,
30/07/2024 22:00:00,000,20,47,
30/07/2024 23:00:00,000,18,21,
31/07/2024 00:00:00,000,17,16,
31/07/2024 01:00:00,000,15,75,
31/07/2024 02:00:00,000,14,74,
31/07/2024 03:00:00,000,14,08,
31/07/2024 04:00:00,000,13,92,
31/07/2024 05:00:00,000,13,71,
31/07/2024 06:00:00,000,13,3,
31/07/2024 07:00:00,000,14,58,
31/07/2024 08:00:00,000,17,07,
31/07/2024 09:00:00,000,19,56,
31/07/2024 10:00:00,000,21,96,
31/07/2024 11:00:00,000,24,2,
31/07/2024 12:00:00,000,26,03,
31/07/2024 13:00:00,000,27,56,
31/07/2024 14:00:00,000,28,63,
31/07/2024 15:00:00,000,29,41,
31/07/2024 16:00:00,000,29,99,
31/07/2024 17:00:00,000,30,24,
31/07/2024 18:00:00,000,30,19,
31/07/2024 19:00:00,000,29,75,
31/07/2024 20:00:00,000,28,27,
31/07/2024 21:00:00,000,25,75,
31/07/2024 22:00:00,000,23,25,
31/07/2024 23:00:00,000,21,46,
01/08/2024 00:00:00,000,19,94,
01/08/2024 01:00:00,000,18,63,
01/08/2024 02:00:00,000,18,07,
01/08/2024 03:00:00,000,17,72,
01/08/2024 04:00:00,000,17,28,
01/08/2024 05:00:00,000,16,96,
01/08/2024 06:00:00,000,16,79,
01/08/2024 07:00:00,000,17,54,
01/08/2024 08:00:00,000,19,16,
01/08/2024 09:00:00,000,20,78,
01/08/2024 10:00:00,000,22,41,
01/08/2024 11:00:00,000,24,1,
01/08/2024 12:00:00,000,25,5,
01/08/2024 13:00:00,000,26,06,
01/08/2024 14:00:00,000,26,08,
01/08/2024 15:00:00,000,26,59,
01/08/2024 16:00:00,000,27,7,
01/08/2024 17:00:00,000,28,44,
01/08/2024 18:00:00,000,28,36,
01/08/2024 19:00:00,000,27,6,
01/08/2024 20:00:00,000,25,92,
01/08/2024 21:00:00,000,23,99,
01/08/2024 22:00:00,000,22,58,
01/08/2024 23:00:00,000,21,67,
02/08/2024 00:00:00,000,21,27,
02/08/2024 01:00:00,000,21,25,
02/08/2024 02:00:00,000,21,1,
02/08/2024 03:00:00,000,20,69,
02/08/2024 04:00:00,000,20,66,
02/08/2024 05:00:00,000,20,52,
02/08/2024 06:00:00,000,20,05,
02/08/2024 07:00:00,000,19,98,
02/08/2024 08:00:00,000,20,58,
02/08/2024 09:00:00,000,21,55,
02/08/2024 10:00:00,000,22,61,
02/08/2024 11:00:00,000,23,68,
02/08/2024 12:00:00,000,24,9,
02/08/2024 13:00:00,000,25,95,
02/08/2024 14:00:00,000,26,74,
02/08/2024 15:00:00,000,27,6,
02/08/2024 16:00:00,000,27,81,
02/08/2024 17:00:00,000,27,33,
02/08/2024 18:00:00,000,26,67,
02/08/2024 19:00:00,000,24,93,
02/08/2024 20:00:00,000,23,01,
02/08/2024 21:00:00,000,22,78,
02/08/2024 22:00:00,000,22,56,
02/08/2024 23:00:00,000,21,12,
03/08/2024 00:00:00,000,19,57,
03/08/2024 01:00:00,000,18,96,
03/08/2024 02:00:00,000,18,69,
03/08/2024 03:00:00,000,18,29,
03/08/2024 04:00:00,000,18,11,
03/08/2024 05:00:00,000,17,82,
03/08/2024 06:00:00,000,17,65,
03/08/2024 07:00:00,000,17,86,
03/08/2024 08:00:00,000,18,48,
03/08/2024 09:00:00,000,19,21,
03/08/2024 10:00:00,000,19,79,
03/08/2024 11:00:00,000,20,51,
03/08/2024 12:00:00,000,21,32,
03/08/2024 13:00:00,000,21,77,
03/08/2024 14:00:00,000,22,15,
03/08/2024 15:00:00,000,22,58,
03/08/2024 16:00:00,000,22,46,
03/08/2024 17:00:00,000,21,97,
03/08/2024 18:00:00,000,21,81,
03/08/2024 19:00:00,000,21,79,
03/08/2024 20:00:00,000,21,13,
03/08/2024 21:00:00,000,19,86,
03/08/2024 22:00:00,000,18,65,
03/08/2024 23:00:00,000,18,18,
04/08/2024 00:00:00,000,17,17,
04/08/2024 01:00:00,000,15,93,
04/08/2024 02:00:00,000,15,32,
04/08/2024 03:00:00,000,14,78,
04/08/2024 04:00:00,000,14,95,
04/08/2024 05:00:00,000,14,99,
04/08/2024 06:00:00,000,14,22,
04/08/2024 07:00:00,000,14,52,
04/08/2024 08:00:00,000,16,59,
04/08/2024 09:00:00,000,18,7,
04/08/2024 10:00:00,000,20,61,
04/08/2024 11:00:00,000,22,34,
04/08/2024 12:00:00,000,23,43,
04/08/2024 13:00:00,000,24,32,
04/08/2024 14:00:00,000,24,99,
04/08/2024 15:00:00,000,25,49,
04/08/2024 16:00:00,000,25,55,
04/08/2024 17:00:00,000,24,84,
04/08/2024 18:00:00,000,23,9,
04/08/2024 19:00:00,000,23,1,
04/08/2024 20:00:00,000,22,28,
04/08/2024 21:00:00,000,20,84,
04/08/2024 22:00:00,000,19,58,
04/08/2024 23:00:00,000,18,98,
05/08/2024 00:00:00,000,18,37,
05/08/2024 01:00:00,000,17,84,
05/08/2024 02:00:00,000,17,31,
05/08/2024 03:00:00,000,17,28,
05/08/2024 04:00:00,000,17,52,
05/08/2024 05:00:00,000,17,44,
05/08/2024 06:00:00,000,17,52,
05/08/2024 07:00:00,000,17,92,
05/08/2024 08:00:00,000,18,67,
05/08/2024 09:00:00,000,19,77,
05/08/2024 10:00:00,000,21,17,
05/08/2024 11:00:00,000,22,4,
05/08/2024 12:00:00,000,22,99,
05/08/2024 13:00:00,000,23,28,
05/08/2024 14:00:00,000,21,8,
05/08/2024 15:00:00,000,20,06,
05/08/2024 16:00:00,000,19,85,
05/08/2024 17:00:00,000,19,64,
05/08/2024 18:00:00,000,19,45,
05/08/2024 19:00:00,000,19,3,
05/08/2024 20:00:00,000,18,87,
05/08/2024 21:00:00,000,17,77,
05/08/2024 22:00:00,000,16,51,
05/08/2024 23:00:00,000,15,61,
06/08/2024 00:00:00,000,15,28,
06/08/2024 01:00:00,000,15,2,
06/08/2024 02:00:00,000,14,71,
06/08/2024 03:00:00,000,14,55,
06/08/2024 04:00:00,000,14,79,
06/08/2024 05:00:00,000,14,75,
06/08/2024 06:00:00,000,14,56,
06/08/2024 07:00:00,000,15,05,
06/08/2024 08:00:00,000,16,59,
06/08/2024 09:00:00,000,18,35,
06/08/2024 10:00:00,000,19,95,
06/08/2024 11:00:00,000,21,24,
06/08/2024 12:00:00,000,21,87,
06/08/2024 13:00:00,000,22,68,
06/08/2024 14:00:00,000,23,71,
06/08/2024 15:00:00,000,24,21,
06/08/2024 16:00:00,000,24,69,
06/08/2024 17:00:00,000,25,04,
06/08/2024 18:00:00,000,25,13,
06/08/2024 19:00:00,000,24,8,
06/08/2024 20:00:00,000,23,81,
06/08/2024 21:00:00,000,22,07,
06/08/2024 22:00:00,000,20,16,
06/08/2024 23:00:00,000,18,58,
07/08/2024 00:00:00,000,17,34,
07/08/2024 01:00:00,000,16,15,
07/08/2024 02:00:00,000,15,09,
07/08/2024 03:00:00,000,14,61,
07/08/2024 04:00:00,000,14,22,
07/08/2024 05:00:00,000,13,74,
07/08/2024 06:00:00,000,13,44,
07/08/2024 07:00:00,000,13,99,
07/08/2024 08:00:00,000,16,19,
07/08/2024 09:00:00,000,18,8,
07/08/2024 10:00:00,000,21,07,
07/08/2024 11:00:00,000,23,1,
07/08/2024 12:00:00,000,24,68,
07/08/2024 13:00:00,000,25,83,
07/08/2024 14:00:00,000,26,91,
07/08/2024 15:00:00,000,27,52,
07/08/2024 16:00:00,000,27,48,
07/08/2024 17:00:00,000,27,63,
07/08/2024 18:00:00,000,27,78,
07/08/2024 19:00:00,000,27,44,
07/08/2024 20:00:00,000,25,92,
07/08/2024 21:00:00,000,23,71,
07/08/2024 22:00:00,000,21,85,
07/08/2024 23:00:00,000,20,31,
08/08/2024 00:00:00,000,19,84,
08/08/2024 01:00:00,000,19,52,
08/08/2024 02:00:00,000,19,31,
08/08/2024 03:00:00,000,19,57,
08/08/2024 04:00:00,000,19,29,
08/08/2024 05:00:00,000,18,52,
08/08/2024 06:00:00,000,18,47,
08/08/2024 07:00:00,000,18,71,
08/08/2024 08:00:00,000,19,07,
08/08/2024 09:00:00,000,20,23,
08/08/2024 10:00:00,000,21,55,
08/08/2024 11:00:00,000,22,37,
08/08/2024 12:00:00,000,23,02,
08/08/2024 13:00:00,000,24,51,
08/08/2024 14:00:00,000,26,09,
08/08/2024 15:00:00,000,27,45,
08/08/2024 16:00:00,000,28,36,
08/08/2024 17:00:00,000,26,03,
08/08/2024 18:00:00,000,23,8,
08/08/2024 19:00:00,000,23,42,
08/08/2024 20:00:00,000,22,23,
08/08/2024 21:00:00,000,21,19,
08/08/2024 22:00:00,000,20,34,
08/08/2024 23:00:00,000,19,81,
09/08/2024 00:00:00,000,19,57,
09/08/2024 01:00:00,000,19,35,
09/08/2024 02:00:00,000,19,13,
09/08/2024 03:00:00,000,18,9,
09/08/2024 04:00:00,000,18,53,
09/08/2024 05:00:00,000,18,44,
09/08/2024 06:00:00,000,18,39,
09/08/2024 07:00:00,000,18,55,
09/08/2024 08:00:00,000,19,4,
09/08/2024 09:00:00,000,20,91,
09/08/2024 10:00:00,000,22,4,
09/08/2024 11:00:00,000,23,37,
09/08/2024 12:00:00,000,24,05,
09/08/2024 13:00:00,000,24,81,
09/08/2024 14:00:00,000,25,36,
09/08/2024 15:00:00,000,25,99,
09/08/2024 16:00:00,000,26,7,
09/08/2024 17:00:00,000,26,68,
09/08/2024 18:00:00,000,26,54,
09/08/2024 19:00:00,000,26,22,
09/08/2024 20:00:00,000,24,95,
09/08/2024 21:00:00,000,23,11,
09/08/2024 22:00:00,000,21,61,
09/08/2024 23:00:00,000,20,39,
10/08/2024 00:00:00,000,19,3,
10/08/2024 01:00:00,000,18,81,
10/08/2024 02:00:00,000,18,76,
10/08/2024 03:00:00,000,18,8,
10/08/2024 04:00:00,000,18,6,
10/08/2024 05:00:00,000,18,19,
10/08/2024 06:00:00,000,17,46,
10/08/2024 07:00:00,000,18,1,
10/08/2024 08:00:00,000,20,69,
10/08/2024 09:00:00,000,22,88,
10/08/2024 10:00:00,000,24,47,
10/08/2024 11:00:00,000,25,98,
10/08/2024 12:00:00,000,27,38,
10/08/2024 13:00:00,000,28,35,
10/08/2024 14:00:00,000,28,67,
10/08/2024 15:00:00,000,28,92,
10/08/2024 16:00:00,000,29,6,
10/08/2024 17:00:00,000,30,01,
10/08/2024 18:00:00,000,29,81,
10/08/2024 19:00:00,000,29,35,
10/08/2024 20:00:00,000,28,02,
10/08/2024 21:00:00,000,25,77,
10/08/2024 22:00:00,000,24,06,
10/08/2024 23:00:00,000,22,91,
11/08/2024 00:00:00,000,22,13,
11/08/2024 01:00:00,000,21,86,
11/08/2024 02:00:00,000,21,16,
11/08/2024 03:00:00,000,20,43,
11/08/2024 04:00:00,000,19,69,
11/08/2024 05:00:00,000,18,79,
11/08/2024 06:00:00,000,18,52,
11/08/2024 07:00:00,000,19,13,
11/08/2024 08:00:00,000,20,88,
11/08/2024 09:00:00,000,23,5,
11/08/2024 10:00:00,000,26,09,
11/08/2024 11:00:00,000,28,1,
11/08/2024 12:00:00,000,29,44,
11/08/2024 13:00:00,000,29,97,
11/08/2024 14:00:00,000,30,53,
11/08/2024 15:00:00,000,31,35,
11/08/2024 16:00:00,000,31,47,
11/08/2024 17:00:00,000,31,63,
11/08/2024 18:00:00,000,31,81,
11/08/2024 19:00:00,000,31,18,
11/08/2024 20:00:00,000,29,54,
11/08/2024 21:00:00,000,27,3,
11/08/2024 22:00:00,000,25,21,
11/08/2024 23:00:00,000,23,51,
12/08/2024 00:00:00,000,22,59,
12/08/2024 01:00:00,000,21,78,
12/08/2024 02:00:00,000,21,19,
12/08/2024 03:00:00,000,20,86,
12/08/2024 04:00:00,000,20,13,
12/08/2024 05:00:00,000,19,43,
12/08/2024 06:00:00,000,19,11,
12/08/2024 07:00:00,000,19,71,
12/08/2024 08:00:00,000,21,11,
12/08/2024 09:00:00,000,22,7,
12/08/2024 10:00:00,000,24,3,
12/08/2024 11:00:00,000,25,89,
12/08/2024 12:00:00,000,27,43,
12/08/2024 13:00:00,000,28,65,
12/08/2024 14:00:00,000,29,77,
12/08/2024 15:00:00,000,30,73,
12/08/2024 16:00:00,000,31,33,
12/08/2024 17:00:00,000,31,63,
12/08/2024 18:00:00,000,31,37,
12/08/2024 19:00:00,000,30,53,
12/08/2024 20:00:00,000,28,77,
12/08/2024 21:00:00,000,26,78,
12/08/2024 22:00:00,000,25,46,
12/08/2024 23:00:00,000,24,3,
13/08/2024 00:00:00,000,23,06,
13/08/2024 01:00:00,000,22,1,
13/08/2024 02:00:00,000,21,66,
13/08/2024 03:00:00,000,21,42,
13/08/2024 04:00:00,000,21,65,
13/08/2024 05:00:00,000,21,43,
13/08/2024 06:00:00,000,20,48,
13/08/2024 07:00:00,000,20,75,
13/08/2024 08:00:00,000,22,05,
13/08/2024 09:00:00,000,24,21,
13/08/2024 10:00:00,000,26,43,
13/08/2024 11:00:00,000,28,13,
13/08/2024 12:00:00,000,29,45,
13/08/2024 13:00:00,000,30,31,
13/08/2024 14:00:00,000,31,1,
13/08/2024 15:00:00,000,31,67,
13/08/2024 16:00:00,000,32,23,
13/08/2024 17:00:00,000,32,52,
13/08/2024 18:00:00,000,32,26,
13/08/2024 19:00:00,000,31,49,
13/08/2024 20:00:00,000,29,49,
13/08/2024 21:00:00,000,27,25,
13/08/2024 22:00:00,000,25,77,
13/08/2024 23:00:00,000,24,38,
14/08/2024 00:00:00,000,23,26,
14/08/2024 01:00:00,000,22,51,
14/08/2024 02:00:00,000,22,12,
14/08/2024 03:00:00,000,22,05,
14/08/2024 04:00:00,000,21,55,
14/08/2024 05:00:00,000,20,5,
14/08/2024 06:00:00,000,19,57,
14/08/2024 07:00:00,000,19,97,
14/08/2024 08:00:00,000,21,83,
14/08/2024 09:00:00,000,23,85,
14/08/2024 10:00:00,000,25,71,
14/08/2024 11:00:00,000,27,5,
14/08/2024 12:00:00,000,29,27,
14/08/2024 13:00:00,000,30,78,
14/08/2024 14:00:00,000,31,82,
14/08/2024 15:00:00,000,32,77,
14/08/2024 16:00:00,000,33,54,
14/08/2024 17:00:00,000,33,51,
14/08/2024 18:00:00,000,33,11,
14/08/2024 19:00:00,000,32,46,
14/08/2024 20:00:00,000,30,37,
14/08/2024 21:00:00,000,27,92,
14/08/2024 22:00:00,000,25,99,
14/08/2024 23:00:00,000,24,3,
15/08/2024 00:00:00,000,23,65,
15/08/2024 01:00:00,000,23,36,
15/08/2024 02:00:00,000,21,91,
15/08/2024 03:00:00,000,20,71,
15/08/2024 04:00:00,000,20,65,
15/08/2024 05:00:00,000,20,23,
15/08/2024 06:00:00,000,19,69,
15/08/2024 07:00:00,000,19,87,
15/08/2024 08:00:00,000,21,4,
15/08/2024 09:00:00,000,23,53,
15/08/2024 10:00:00,000,25,41,
15/08/2024 11:00:00,000,27,18,
15/08/2024 12:00:00,000,28,06,
15/08/2024 13:00:00,000,28,92,
15/08/2024 14:00:00,000,29,53,
15/08/2024 15:00:00,000,29,89,
15/08/2024 16:00:00,000,30,72,
15/08/2024 17:00:00,000,31,1,
15/08/2024 18:00:00,000,30,83,
15/08/2024 19:00:00,000,30,14,
15/08/2024 20:00:00,000,28,95,
15/08/2024 21:00:00,000,26,83,
15/08/2024 22:00:00,000,25,35,
15/08/2024 23:00:00,000,24,71,
16/08/2024 00:00:00,000,23,38,
16/08/2024 01:00:00,000,22,73,
16/08/2024 02:00:00,000,22,38,
16/08/2024 03:00:00,000,21,58,
16/08/2024 04:00:00,000,21,13,
16/08/2024 05:00:00,000,20,6,
16/08/2024 06:00:00,000,20,12,
16/08/2024 07:00:00,000,20,43,
16/08/2024 08:00:00,000,22,04,
16/08/2024 09:00:00,000,24,47,
16/08/2024 10:00:00,000,26,8,
16/08/2024 11:00:00,000,28,87,
16/08/2024 12:00:00,000,30,61,
16/08/2024 13:00:00,000,31,65,
16/08/2024 14:00:00,000,32,35,
16/08/2024 15:00:00,000,32,86,
16/08/2024 16:00:00,000,32,85,
16/08/2024 17:00:00,000,32,78,
16/08/2024 18:00:00,000,32,44,
16/08/2024 19:00:00,000,31,36,
16/08/2024 20:00:00,000,29,86,
16/08/2024 21:00:00,000,28,64,
16/08/2024 22:00:00,000,26,91,
16/08/2024 23:00:00,000,25,36,
17/08/2024 00:00:00,000,24,97,
17/08/2024 01:00:00,000,24,13,
17/08/2024 02:00:00,000,23,63,
17/08/2024 03:00:00,000,23,16,
17/08/2024 04:00:00,000,22,29,
17/08/2024 05:00:00,000,21,88,
17/08/2024 06:00:00,000,21,44,
17/08/2024 07:00:00,000,21,8,
17/08/2024 08:00:00,000,23,26,
17/08/2024 09:00:00,000,24,68,
17/08/2024 10:00:00,000,25,69,
17/08/2024 11:00:00,000,26,82,
17/08/2024 12:00:00,000,28,23,
17/08/2024 13:00:00,000,29,46,
17/08/2024 14:00:00,000,29,7,
17/08/2024 15:00:00,000,28,7,
17/08/2024 16:00:00,000,28,45,
17/08/2024 17:00:00,000,28,73,
17/08/2024 18:00:00,000,28,33,
17/08/2024 19:00:00,000,27,45,
17/08/2024 20:00:00,000,26,12,
17/08/2024 21:00:00,000,24,09,
17/08/2024 22:00:00,000,22,46,
17/08/2024 23:00:00,000,21,98,
18/08/2024 00:00:00,000,21,55,
18/08/2024 01:00:00,000,21,
18/08/2024 02:00:00,000,20,24,
18/08/2024 03:00:00,000,19,88,
18/08/2024 04:00:00,000,19,94,
18/08/2024 05:00:00,000,19,84,
18/08/2024 06:00:00,000,19,71,
18/08/2024 07:00:00,000,19,93,
18/08/2024 08:00:00,000,20,55,
18/08/2024 09:00:00,000,21,44,
18/08/2024 10:00:00,000,22,65,
18/08/2024 11:00:00,000,23,99,
18/08/2024 12:00:00,000,25,37,
18/08/2024 13:00:00,000,27,02,
18/08/2024 14:00:00,000,28,27,
18/08/2024 15:00:00,000,28,79,
18/08/2024 16:00:00,000,29,61,
18/08/2024 17:00:00,000,30,4,
18/08/2024 18:00:00,000,30,37,
18/08/2024 19:00:00,000,29,32,
18/08/2024 20:00:00,000,27,43,
18/08/2024 21:00:00,000,25,91,
18/08/2024 22:00:00,000,25,01,
18/08/2024 23:00:00,000,23,61,
19/08/2024 00:00:00,000,22,06,
19/08/2024 01:00:00,000,21,24,
19/08/2024 02:00:00,000,20,86,
19/08/2024 03:00:00,000,20,71,
19/08/2024 04:00:00,000,20,69,
19/08/2024 05:00:00,000,20,45,
19/08/2024 06:00:00,000,20,23,
19/08/2024 07:00:00,000,20,36,
19/08/2024 08:00:00,000,21,13,
19/08/2024 09:00:00,000,22,9,
19/08/2024 10:00:00,000,24,29,
19/08/2024 11:00:00,000,25,26,
19/08/2024 12:00:00,000,26,63,
19/08/2024 13:00:00,000,27,83,
19/08/2024 14:00:00,000,28,86,
19/08/2024 15:00:00,000,29,
19/08/2024 16:00:00,000,28,65,
19/08/2024 17:00:00,000,28,5,
19/08/2024 18:00:00,000,27,68,
19/08/2024 19:00:00,000,26,06,
19/08/2024 20:00:00,000,24,35,
19/08/2024 21:00:00,000,23,31,
19/08/2024 22:00:00,000,22,68,
19/08/2024 23:00:00,000,22,
20/08/2024 00:00:00,000,21,51,
20/08/2024 01:00:00,000,21,13,
20/08/2024 02:00:00,000,20,65,
20/08/2024 03:00:00,000,20,27,
20/08/2024 04:00:00,000,20,01,
20/08/2024 05:00:00,000,19,85,
20/08/2024 06:00:00,000,19,71,
20/08/2024 07:00:00,000,19,87,
20/08/2024 08:00:00,000,20,72,
20/08/2024 09:00:00,000,22,02,
20/08/2024 10:00:00,000,23,38,
20/08/2024 11:00:00,000,24,89,
20/08/2024 12:00:00,000,26,26,
20/08/2024 13:00:00,000,27,41,
20/08/2024 14:00:00,000,28,34,
20/08/2024 15:00:00,000,28,82,
20/08/2024 16:00:00,000,29,15,
20/08/2024 17:00:00,000,29,28,
20/08/2024 18:00:00,000,28,67,
20/08/2024 19:00:00,000,26,24,
20/08/2024 20:00:00,000,23,49,
20/08/2024 21:00:00,000,22,53,
20/08/2024 22:00:00,000,21,97,
20/08/2024 23:00:00,000,21,19,
21/08/2024 00:00:00,000,20,61,
21/08/2024 01:00:00,000,20,35,
21/08/2024 02:00:00,000,20,24,
21/08/2024 03:00:00,000,19,74,
21/08/2024 04:00:00,000,19,22,
21/08/2024 05:00:00,000,19,4,
21/08/2024 06:00:00,000,19,96,
21/08/2024 07:00:00,000,20,42,
21/08/2024 08:00:00,000,21,3,
21/08/2024 09:00:00,000,22,69,
21/08/2024 10:00:00,000,24,11,
21/08/2024 11:00:00,000,25,18,
21/08/2024 12:00:00,000,26,11,
21/08/2024 13:00:00,000,26,84,
21/08/2024 14:00:00,000,26,72,
21/08/2024 15:00:00,000,26,18,
21/08/2024 16:00:00,000,25,13,
21/08/2024 17:00:00,000,23,8,
21/08/2024 18:00:00,000,23,55,
21/08/2024 19:00:00,000,23,59,
21/08/2024 20:00:00,000,22,92,
21/08/2024 21:00:00,000,22,05,
21/08/2024 22:00:00,000,21,09,
21/08/2024 23:00:00,000,20,37,
22/08/2024 00:00:00,000,19,77,
22/08/2024 01:00:00,000,18,92,
22/08/2024 02:00:00,000,18,33,
22/08/2024 03:00:00,000,17,72,
22/08/2024 04:00:00,000,17,13,
22/08/2024 05:00:00,000,16,65,
22/08/2024 06:00:00,000,16,34,
22/08/2024 07:00:00,000,16,45,
22/08/2024 08:00:00,000,17,1,
22/08/2024 09:00:00,000,18,53,
22/08/2024 10:00:00,000,19,92,
22/08/2024 11:00:00,000,21,11,
22/08/2024 12:00:00,000,22,07,
22/08/2024 13:00:00,000,22,7,
22/08/2024 14:00:00,000,23,28,
22/08/2024 15:00:00,000,23,57,
22/08/2024 16:00:00,000,23,52,
22/08/2024 17:00:00,000,23,5,
22/08/2024 18:00:00,000,23,49,
22/08/2024 19:00:00,000,22,77,
22/08/2024 20:00:00,000,21,23,
22/08/2024 21:00:00,000,19,46,
22/08/2024 22:00:00,000,17,95,
22/08/2024 23:00:00,000,16,93,
23/08/2024 00:00:00,000,15,77,
23/08/2024 01:00:00,000,14,7,
23/08/2024 02:00:00,000,14,29,
23/08/2024 03:00:00,000,13,95,
23/08/2024 04:00:00,000,13,46,
23/08/2024 05:00:00,000,13,16,
23/08/2024 06:00:00,000,12,86,
23/08/2024 07:00:00,000,13,13,
23/08/2024 08:00:00,000,15,08,
23/08/2024 09:00:00,000,17,59,
23/08/2024 10:00:00,000,19,77,
23/08/2024 11:00:00,000,22,11,
23/08/2024 12:00:00,000,24,07,
23/08/2024 13:00:00,000,25,76,
23/08/2024 14:00:00,000,27,1,
23/08/2024 15:00:00,000,27,95,
23/08/2024 16:00:00,000,28,45,
23/08/2024 17:00:00,000,28,89,
23/08/2024 18:00:00,000,29,2,
23/08/2024 19:00:00,000,28,4,
23/08/2024 20:00:00,000,26,55,
23/08/2024 21:00:00,000,24,54,
23/08/2024 22:00:00,000,22,57,
23/08/2024 23:00:00,000,20,78,
24/08/2024 00:00:00,000,19,58,
24/08/2024 01:00:00,000,18,92,
24/08/2024 02:00:00,000,18,52,
24/08/2024 03:00:00,000,17,84,
24/08/2024 04:00:00,000,17,35,
24/08/2024 05:00:00,000,17,16,
24/08/2024 06:00:00,000,16,74,
24/08/2024 07:00:00,000,16,9,
24/08/2024 08:00:00,000,18,53,
24/08/2024 09:00:00,000,21,06,
24/08/2024 10:00:00,000,23,51,
24/08/2024 11:00:00,000,25,82,
24/08/2024 12:00:00,000,27,84,
24/08/2024 13:00:00,000,29,65,
24/08/2024 14:00:00,000,31,08,
24/08/2024 15:00:00,000,32,02,
24/08/2024 16:00:00,000,32,63,
24/08/2024 17:00:00,000,32,69,
24/08/2024 18:00:00,000,32,47,
24/08/2024 19:00:00,000,31,35,
24/08/2024 20:00:00,000,28,82,
24/08/2024 21:00:00,000,26,38,
24/08/2024 22:00:00,000,24,64,
24/08/2024 23:00:00,000,23,06,
25/08/2024 00:00:00,000,22,21,
25/08/2024 01:00:00,000,21,64,
25/08/2024 02:00:00,000,20,77,
25/08/2024 03:00:00,000,20,26,
25/08/2024 04:00:00,000,19,58,
25/08/2024 05:00:00,000,18,65,
25/08/2024 06:00:00,000,18,02,
25/08/2024 07:00:00,000,18,28,
25/08/2024 08:00:00,000,20,04,
25/08/2024 09:00:00,000,22,81,
25/08/2024 10:00:00,000,25,59,
25/08/2024 11:00:00,000,27,77,
25/08/2024 12:00:00,000,29,46,
25/08/2024 13:00:00,000,31,1,
25/08/2024 14:00:00,000,32,45,
25/08/2024 15:00:00,000,33,26,
25/08/2024 16:00:00,000,33,57,
25/08/2024 17:00:00,000,33,16,
25/08/2024 18:00:00,000,32,18,
25/08/2024 19:00:00,000,30,66,
25/08/2024 20:00:00,000,28,88,
25/08/2024 21:00:00,000,27,06,
25/08/2024 22:00:00,000,25,43,
25/08/2024 23:00:00,000,24,57,
26/08/2024 00:00:00,000,24,06,
26/08/2024 01:00:00,000,23,28,
26/08/2024 02:00:00,000,22,61,
26/08/2024 03:00:00,000,22,13,
26/08/2024 04:00:00,000,21,66,
26/08/2024 05:00:00,000,21,13,
26/08/2024 06:00:00,000,20,44,
26/08/2024 07:00:00,000,20,19,
26/08/2024 08:00:00,000,20,83,
26/08/2024 09:00:00,000,21,73,
26/08/2024 10:00:00,000,22,98,
26/08/2024 11:00:00,000,24,46,
26/08/2024 12:00:00,000,25,72,
26/08/2024 13:00:00,000,26,79,
26/08/2024 14:00:00,000,27,73,
26/08/2024 15:00:00,000,28,49,
26/08/2024 16:00:00,000,28,73,
26/08/2024 17:00:00,000,28,3,
26/08/2024 18:00:00,000,27,31,
26/08/2024 19:00:00,000,26,08,
26/08/2024 20:00:00,000,24,76,
26/08/2024 21:00:00,000,23,66,
26/08/2024 22:00:00,000,22,86,
26/08/2024 23:00:00,000,22,18,
27/08/2024 00:00:00,000,21,6,
27/08/2024 01:00:00,000,21,18,
27/08/2024 02:00:00,000,20,9,
27/08/2024 03:00:00,000,20,48,
27/08/2024 04:00:00,000,20,
27/08/2024 05:00:00,000,19,56,
27/08/2024 06:00:00,000,19,32,
27/08/2024 07:00:00,000,19,67,
27/08/2024 08:00:00,000,20,53,
27/08/2024 09:00:00,000,21,75,
27/08/2024 10:00:00,000,23,
27/08/2024 11:00:00,000,24,13,
27/08/2024 12:00:00,000,25,36,
27/08/2024 13:00:00,000,26,89,
27/08/2024 14:00:00,000,28,25,
27/08/2024 15:00:00,000,29,06,
27/08/2024 16:00:00,000,29,3,
27/08/2024 17:00:00,000,28,92,
27/08/2024 18:00:00,000,28,58,
27/08/2024 19:00:00,000,27,77,
27/08/2024 20:00:00,000,26,34,
27/08/2024 21:00:00,000,24,99,
27/08/2024 22:00:00,000,24,19,
27/08/2024 23:00:00,000,23,81,
28/08/2024 00:00:00,000,23,22,
28/08/2024 01:00:00,000,22,32,
28/08/2024 02:00:00,000,21,78,
28/08/2024 03:00:00,000,21,42,
28/08/2024 04:00:00,000,20,81,
28/08/2024 05:00:00,000,20,37,
28/08/2024 06:00:00,000,20,13,
28/08/2024 07:00:00,000,20,26,
28/08/2024 08:00:00,000,21,75,
28/08/2024 09:00:00,000,24,02,
28/08/2024 10:00:00,000,26,04,
28/08/2024 11:00:00,000,27,71,
28/08/2024 12:00:00,000,29,1,
28/08/2024 13:00:00,000,30,27,
28/08/2024 14:00:00,000,31,1,
28/08/2024 15:00:00,000,31,67,
28/08/2024 16:00:00,000,31,85,
28/08/2024 17:00:00,000,31,83,
28/08/2024 18:00:00,000,31,34,
28/08/2024 19:00:00,000,30,1,
28/08/2024 20:00:00,000,28,16,
28/08/2024 21:00:00,000,26,34,
28/08/2024 22:00:00,000,24,7,
28/08/2024 23:00:00,000,23,34,
29/08/2024 00:00:00,000,22,72,
29/08/2024 01:00:00,000,21,68,
29/08/2024 02:00:00,000,21,01,
29/08/2024 03:00:00,000,21,06,
29/08/2024 04:00:00,000,20,56,
29/08/2024 05:00:00,000,20,04,
29/08/2024 06:00:00,000,19,51,
29/08/2024 07:00:00,000,19,52,
29/08/2024 08:00:00,000,21,24,
29/08/2024 09:00:00,000,24,05,
29/08/2024 10:00:00,000,26,51,
29/08/2024 11:00:00,000,28,35,
29/08/2024 12:00:00,000,29,74,
29/08/2024 13:00:00,000,30,78,
29/08/2024 14:00:00,000,31,58,
29/08/2024 15:00:00,000,32,02,
29/08/2024 16:00:00,000,31,91,
29/08/2024 17:00:00,000,31,19,
29/08/2024 18:00:00,000,30,63,
29/08/2024 19:00:00,000,29,92,
29/08/2024 20:00:00,000,28,22,
29/08/2024 21:00:00,000,26,2,
29/08/2024 22:00:00,000,24,52,
29/08/2024 23:00:00,000,23,15,
30/08/2024 00:00:00,000,22,41,
30/08/2024 01:00:00,000,21,71,
30/08/2024 02:00:00,000,20,76,
30/08/2024 03:00:00,000,19,61,
30/08/2024 04:00:00,000,18,9,
30/08/2024 05:00:00,000,18,67,
30/08/2024 06:00:00,000,18,25,
30/08/2024 07:00:00,000,18,61,
30/08/2024 08:00:00,000,20,32,
30/08/2024 09:00:00,000,22,84,
30/08/2024 10:00:00,000,25,06,
30/08/2024 11:00:00,000,27,48,
30/08/2024 12:00:00,000,29,58,
30/08/2024 13:00:00,000,30,79,
30/08/2024 14:00:00,000,31,54,
30/08/2024 15:00:00,000,32,27,
30/08/2024 16:00:00,000,31,61,
30/08/2024 17:00:00,000,30,43,
30/08/2024 18:00:00,000,30,41,
30/08/2024 19:00:00,000,29,78,
30/08/2024 20:00:00,000,27,65,
30/08/2024 21:00:00,000,25,33,
30/08/2024 22:00:00,000,23,52,
30/08/2024 23:00:00,000,21,79,
31/08/2024 00:00:00,000,21,21,
31/08/2024 01:00:00,000,20,88,
31/08/2024 02:00:00,000,20,09,
31/08/2024 03:00:00,000,19,39,
31/08/2024 04:00:00,000,18,85,
31/08/2024 05:00:00,000,18,32,
31/08/2024 06:00:00,000,17,93,
31/08/2024 07:00:00,000,18,1,
31/08/2024 08:00:00,000,19,69,
31/08/2024 09:00:00,000,22,46,
31/08/2024 10:00:00,000,25,4,
31/08/2024 11:00:00,000,28,05,
31/08/2024 12:00:00,000,29,95,
31/08/2024 13:00:00,000,31,25,
31/08/2024 14:00:00,000,32,18,
31/08/2024 15:00:00,000,32,62,
31/08/2024 16:00:00,000,32,58,
31/08/2024 17:00:00,000,32,38,
31/08/2024 18:00:00,000,31,75,
31/08/2024 19:00:00,000,30,24,
31/08/2024 20:00:00,000,27,96,
31/08/2024 21:00:00,000,26,14,
31/08/2024 22:00:00,000,25,33,
31/08/2024 23:00:00,000,24,83,
01/09/2024 00:00:00,000,24,23,
01/09/2024 01:00:00,000,23,63,
01/09/2024 02:00:00,000,23,02,
01/09/2024 03:00:00,000,22,39,
01/09/2024 04:00:00,000,21,73,
01/09/2024 05:00:00,000,20,93,
01/09/2024 06:00:00,000,20,45,
01/09/2024 07:00:00,000,20,24,
01/09/2024 08:00:00,000,21,19,
01/09/2024 09:00:00,000,23,11,
01/09/2024 10:00:00,000,24,87,
01/09/2024 11:00:00,000,26,59,
01/09/2024 12:00:00,000,28,05,
01/09/2024 13:00:00,000,29,33,
01/09/2024 14:00:00,000,30,38,
01/09/2024 15:00:00,000,30,91,
01/09/2024 16:00:00,000,31,15,
01/09/2024 17:00:00,000,31,18,
01/09/2024 18:00:00,000,30,58,
01/09/2024 19:00:00,000,29,22,
01/09/2024 20:00:00,000,27,46,
01/09/2024 21:00:00,000,25,32,
01/09/2024 22:00:00,000,23,55,
01/09/2024 23:00:00,000,22,44,
02/09/2024 00:00:00,000,21,51,
02/09/2024 01:00:00,000,20,85,
02/09/2024 02:00:00,000,19,87,
02/09/2024 03:00:00,000,19,01,
02/09/2024 04:00:00,000,18,66,
02/09/2024 05:00:00,000,18,08,
02/09/2024 06:00:00,000,17,42,
02/09/2024 07:00:00,000,17,28,
02/09/2024 08:00:00,000,19,04,
02/09/2024 09:00:00,000,21,82,
02/09/2024 10:00:00,000,24,2,
02/09/2024 11:00:00,000,26,48,
02/09/2024 12:00:00,000,28,37,
02/09/2024 13:00:00,000,29,87,
02/09/2024 14:00:00,000,31,08,
02/09/2024 15:00:00,000,31,55,
02/09/2024 16:00:00,000,31,6,
02/09/2024 17:00:00,000,31,66,
02/09/2024 18:00:00,000,30,98,
02/09/2024 19:00:00,000,29,07,
02/09/2024 20:00:00,000,26,53,
02/09/2024 21:00:00,000,24,44,
02/09/2024 22:00:00,000,23,05,
02/09/2024 23:00:00,000,22,08,
03/09/2024 00:00:00,000,21,39,
03/09/2024 01:00:00,000,20,83,
03/09/2024 02:00:00,000,19,97,
03/09/2024 03:00:00,000,19,2,
03/09/2024 04:00:00,000,18,67,
03/09/2024 05:00:00,000,18,02,
03/09/2024 06:00:00,000,17,47,
03/09/2024 07:00:00,000,17,68,
03/09/2024 08:00:00,000,19,54,
03/09/2024 09:00:00,000,22,41,
03/09/2024 10:00:00,000,24,86,
03/09/2024 11:00:00,000,27,12,
03/09/2024 12:00:00,000,29,29,
03/09/2024 13:00:00,000,31,09,
03/09/2024 14:00:00,000,32,24,
03/09/2024 15:00:00,000,32,71,
03/09/2024 16:00:00,000,32,83,
03/09/2024 17:00:00,000,32,64,
03/09/2024 18:00:00,000,31,96,
03/09/2024 19:00:00,000,30,5,
03/09/2024 20:00:00,000,28,39,
03/09/2024 21:00:00,000,26,04,
03/09/2024 22:00:00,000,24,28,
03/09/2024 23:00:00,000,22,64,
04/09/2024 00:00:00,000,21,4,
04/09/2024 01:00:00,000,20,92,
04/09/2024 02:00:00,000,20,37,
04/09/2024 03:00:00,000,19,61,
04/09/2024 04:00:00,000,18,88,
04/09/2024 05:00:00,000,18,55,
04/09/2024 06:00:00,000,18,21,
04/09/2024 07:00:00,000,18,18,
04/09/2024 08:00:00,000,20,04,
04/09/2024 09:00:00,000,22,9,
04/09/2024 10:00:00,000,25,22,
04/09/2024 11:00:00,000,27,26,
04/09/2024 12:00:00,000,29,18,
04/09/2024 13:00:00,000,30,76,
04/09/2024 14:00:00,000,31,7,
04/09/2024 15:00:00,000,32,24,
04/09/2024 16:00:00,000,32,36,
04/09/2024 17:00:00,000,32,06,
04/09/2024 18:00:00,000,31,63,
04/09/2024 19:00:00,000,30,09,
04/09/2024 20:00:00,000,27,56,
04/09/2024 21:00:00,000,25,58,
04/09/2024 22:00:00,000,24,25,
04/09/2024 23:00:00,000,23,13,
05/09/2024 00:00:00,000,22,19,
05/09/2024 01:00:00,000,21,4,
05/09/2024 02:00:00,000,20,78,
05/09/2024 03:00:00,000,20,47,
05/09/2024 04:00:00,000,20,11,
05/09/2024 05:00:00,000,19,45,
05/09/2024 06:00:00,000,18,74,
05/09/2024 07:00:00,000,18,53,
05/09/2024 08:00:00,000,19,74,
05/09/2024 09:00:00,000,22,04,
05/09/2024 10:00:00,000,24,31,
05/09/2024 11:00:00,000,26,13,
05/09/2024 12:00:00,000,27,49,
05/09/2024 13:00:00,000,28,49,
05/09/2024 14:00:00,000,29,39,
05/09/2024 15:00:00,000,29,87,
05/09/2024 16:00:00,000,29,78,
05/09/2024 17:00:00,000,29,71,
05/09/2024 18:00:00,000,29,28,
05/09/2024 19:00:00,000,27,9,
05/09/2024 20:00:00,000,25,44,
05/09/2024 21:00:00,000,22,96,
05/09/2024 22:00:00,000,21,77,
05/09/2024 23:00:00,000,21,09,
06/09/2024 00:00:00,000,19,53,
06/09/2024 01:00:00,000,18,26,
06/09/2024 02:00:00,000,18,02,
06/09/2024 03:00:00,000,17,92,
06/09/2024 04:00:00,000,17,54,
06/09/2024 05:00:00,000,17,36,
06/09/2024 06:00:00,000,17,25,
06/09/2024 07:00:00,000,17,42,
06/09/2024 08:00:00,000,18,77,
06/09/2024 09:00:00,000,20,73,
06/09/2024 10:00:00,000,22,6,
06/09/2024 11:00:00,000,24,5,
06/09/2024 12:00:00,000,25,84,
06/09/2024 13:00:00,000,26,42,
06/09/2024 14:00:00,000,26,49,
06/09/2024 15:00:00,000,26,91,
06/09/2024 16:00:00,000,27,86,
06/09/2024 17:00:00,000,28,04,
06/09/2024 18:00:00,000,27,42,
06/09/2024 19:00:00,000,26,31,
06/09/2024 20:00:00,000,24,48,
06/09/2024 21:00:00,000,22,89,
06/09/2024 22:00:00,000,21,91,
06/09/2024 23:00:00,000,21,06,
07/09/2024 00:00:00,000,20,66,
07/09/2024 01:00:00,000,20,2,
07/09/2024 02:00:00,000,19,7,
07/09/2024 03:00:00,000,19,48,
07/09/2024 04:00:00,000,19,08,
07/09/2024 05:00:00,000,18,35,
07/09/2024 06:00:00,000,17,85,
07/09/2024 07:00:00,000,17,78,
07/09/2024 08:00:00,000,18,85,
07/09/2024 09:00:00,000,20,51,
07/09/2024 10:00:00,000,22,42,
07/09/2024 11:00:00,000,24,04,
07/09/2024 12:00:00,000,24,99,
07/09/2024 13:00:00,000,26,42,
07/09/2024 14:00:00,000,27,73,
07/09/2024 15:00:00,000,28,59,
07/09/2024 16:00:00,000,29,07,
07/09/2024 17:00:00,000,29,16,
07/09/2024 18:00:00,000,28,75,
07/09/2024 19:00:00,000,27,64,
07/09/2024 20:00:00,000,25,84,
07/09/2024 21:00:00,000,23,72,
07/09/2024 22:00:00,000,21,97,
07/09/2024 23:00:00,000,21,11,
08/09/2024 00:00:00,000,20,4,
08/09/2024 01:00:00,000,19,45,
08/09/2024 02:00:00,000,19,19,
08/09/2024 03:00:00,000,19,09,
08/09/2024 04:00:00,000,18,65,
08/09/2024 05:00:00,000,18,46,
08/09/2024 06:00:00,000,18,24,
08/09/2024 07:00:00,000,17,88,
08/09/2024 08:00:00,000,18,83,
08/09/2024 09:00:00,000,21,1,
08/09/2024 10:00:00,000,23,34,
08/09/2024 11:00:00,000,25,3,
08/09/2024 12:00:00,000,27,02,
08/09/2024 13:00:00,000,28,29,
08/09/2024 14:00:00,000,29,19,
08/09/2024 15:00:00,000,29,78,
08/09/2024 16:00:00,000,29,6,
08/09/2024 17:00:00,000,29,2,
08/09/2024 18:00:00,000,28,7,
08/09/2024 19:00:00,000,27,18,
08/09/2024 20:00:00,000,25,08,
08/09/2024 21:00:00,000,23,47,
08/09/2024 22:00:00,000,22,59,
08/09/2024 23:00:00,000,22,16,
09/09/2024 00:00:00,000,22,2,
09/09/2024 01:00:00,000,22,06,
09/09/2024 02:00:00,000,21,61,
09/09/2024 03:00:00,000,21,17,
09/09/2024 04:00:00,000,20,47,
09/09/2024 05:00:00,000,19,9,
09/09/2024 06:00:00,000,19,09,
09/09/2024 07:00:00,000,18,16,
09/09/2024 08:00:00,000,17,81,
09/09/2024 09:00:00,000,17,91,
09/09/2024 10:00:00,000,18,46,
09/09/2024 11:00:00,000,19,
09/09/2024 12:00:00,000,19,4,
09/09/2024 13:00:00,000,19,56,
09/09/2024 14:00:00,000,19,51,
09/09/2024 15:00:00,000,19,26,
09/09/2024 16:00:00,000,18,66,
09/09/2024 17:00:00,000,18,15,
09/09/2024 18:00:00,000,17,7,
09/09/2024 19:00:00,000,17,4,
09/09/2024 20:00:00,000,17,34,
09/09/2024 21:00:00,000,17,04,
09/09/2024 22:00:00,000,16,42,
09/09/2024 23:00:00,000,16,25,
10/09/2024 00:00:00,000,16,2,
10/09/2024 01:00:00,000,16,03,
10/09/2024 02:00:00,000,16,12,
10/09/2024 03:00:00,000,16,21,
10/09/2024 04:00:00,000,16,09,
10/09/2024 05:00:00,000,15,83,
10/09/2024 06:00:00,000,15,58,
10/09/2024 07:00:00,000,15,49,
10/09/2024 08:00:00,000,15,82,
10/09/2024 09:00:00,000,16,47,
10/09/2024 10:00:00,000,17,23,
10/09/2024 11:00:00,000,17,98,
10/09/2024 12:00:00,000,18,67,
10/09/2024 13:00:00,000,19,22,
10/09/2024 14:00:00,000,19,98,
10/09/2024 15:00:00,000,20,47,
10/09/2024 16:00:00,000,20,66,
10/09/2024 17:00:00,000,20,67,
10/09/2024 18:00:00,000,20,24,
10/09/2024 19:00:00,000,19,67,
10/09/2024 20:00:00,000,18,74,
10/09/2024 21:00:00,000,18,04,
10/09/2024 22:00:00,000,17,44,
10/09/2024 23:00:00,000,16,59,
11/09/2024 00:00:00,000,16,22,
11/09/2024 01:00:00,000,15,89,
11/09/2024 02:00:00,000,15,47,
11/09/2024 03:00:00,000,15,26,
11/09/2024 04:00:00,000,14,96,
11/09/2024 05:00:00,000,14,88,
11/09/2024 06:00:00,000,14,81,
11/09/2024 07:00:00,000,14,33,
11/09/2024 08:00:00,000,14,77,
11/09/2024 09:00:00,000,16,39,
11/09/2024 10:00:00,000,17,85,
11/09/2024 11:00:00,000,18,88,
11/09/2024 12:00:00,000,19,76,
11/09/2024 13:00:00,000,20,86,
11/09/2024 14:00:00,000,21,67,
11/09/2024 15:00:00,000,22,27,
11/09/2024 16:00:00,000,22,79,
11/09/2024 17:00:00,000,22,66,
11/09/2024 18:00:00,000,22,19,
11/09/2024 19:00:00,000,20,82,
11/09/2024 20:00:00,000,19,08,
11/09/2024 21:00:00,000,17,46,
11/09/2024 22:00:00,000,16,3,
11/09/2024 23:00:00,000,15,6,
12/09/2024 00:00:00,000,14,92,
12/09/2024 01:00:00,000,14,15,
12/09/2024 02:00:00,000,13,52,
12/09/2024 03:00:00,000,13,3,
12/09/2024 04:00:00,000,12,89,
12/09/2024 05:00:00,000,12,93,
12/09/2024 06:00:00,000,13,16,
12/09/2024 07:00:00,000,13,32,
12/09/2024 08:00:00,000,13,28,
12/09/2024 09:00:00,000,13,52,
12/09/2024 10:00:00,000,14,51,
12/09/2024 11:00:00,000,15,2,
12/09/2024 12:00:00,000,15,99,
12/09/2024 13:00:00,000,16,5,
12/09/2024 14:00:00,000,16,51,
12/09/2024 15:00:00,000,16,72,
12/09/2024 16:00:00,000,16,54,
12/09/2024 17:00:00,000,16,01,
12/09/2024 18:00:00,000,15,52,
12/09/2024 19:00:00,000,14,82,
12/09/2024 20:00:00,000,13,87,
12/09/2024 21:00:00,000,13,21,
12/09/2024 22:00:00,000,12,82,
12/09/2024 23:00:00,000,12,39,
13/09/2024 00:00:00,000,11,92,
13/09/2024 01:00:00,000,11,37,
13/09/2024 02:00:00,000,11,32,
13/09/2024 03:00:00,000,11,51,
13/09/2024 04:00:00,000,11,36,
13/09/2024 05:00:00,000,11,16,
13/09/2024 06:00:00,000,10,83,
13/09/2024 07:00:00,000,10,62,
13/09/2024 08:00:00,000,10,92,
13/09/2024 09:00:00,000,11,49,
13/09/2024 10:00:00,000,12,2,
13/09/2024 11:00:00,000,12,86,
13/09/2024 12:00:00,000,13,55,
13/09/2024 13:00:00,000,14,04,
13/09/2024 14:00:00,000,13,34,
13/09/2024 15:00:00,000,12,3,
13/09/2024 16:00:00,000,12,01,
13/09/2024 17:00:00,000,12,04,
13/09/2024 18:00:00,000,12,01,
13/09/2024 19:00:00,000,11,82,
13/09/2024 20:00:00,000,11,65,
13/09/2024 21:00:00,000,11,47,
13/09/2024 22:00:00,000,11,43,
13/09/2024 23:00:00,000,11,54,
14/09/2024 00:00:00,000,11,6,
14/09/2024 01:00:00,000,11,63,
14/09/2024 02:00:00,000,11,64,
14/09/2024 03:00:00,000,11,51,
14/09/2024 04:00:00,000,11,21,
14/09/2024 05:00:00,000,11,02,
14/09/2024 06:00:00,000,10,98,
14/09/2024 07:00:00,000,10,92,
14/09/2024 08:00:00,000,10,79,
14/09/2024 09:00:00,000,10,84,
14/09/2024 10:00:00,000,11,03,
14/09/2024 11:00:00,000,11,03,
14/09/2024 12:00:00,000,11,09,
14/09/2024 13:00:00,000,11,11,
14/09/2024 14:00:00,000,11,18,
14/09/2024 15:00:00,000,11,32,
14/09/2024 16:00:00,000,11,42,
14/09/2024 17:00:00,000,11,32,
14/09/2024 18:00:00,000,11,24,
14/09/2024 19:00:00,000,11,33,
14/09/2024 20:00:00,000,11,18,
14/09/2024 21:00:00,000,11,22,
14/09/2024 22:00:00,000,11,43,
14/09/2024 23:00:00,000,11,3,
15/09/2024 00:00:00,000,11,08,
15/09/2024 01:00:00,000,10,95,
15/09/2024 02:00:00,000,10,82,
15/09/2024 03:00:00,000,10,84,
15/09/2024 04:00:00,000,10,91,
15/09/2024 05:00:00,000,10,66,
15/09/2024 06:00:00,000,10,42,
15/09/2024 07:00:00,000,10,36,
15/09/2024 08:00:00,000,10,37,
15/09/2024 09:00:00,000,10,64,
15/09/2024 10:00:00,000,11,16,
15/09/2024 11:00:00,000,11,71,
15/09/2024 12:00:00,000,12,08,
15/09/2024 13:00:00,000,12,4,
15/09/2024 14:00:00,000,12,95,
15/09/2024 15:00:00,000,13,41,
15/09/2024 16:00:00,000,13,76,
15/09/2024 17:00:00,000,14,14,
15/09/2024 18:00:00,000,14,13,
15/09/2024 19:00:00,000,13,63,
15/09/2024 20:00:00,000,12,82,
15/09/2024 21:00:00,000,12,3,
15/09/2024 22:00:00,000,12,17,
15/09/2024 23:00:00,000,12,11,
16/09/2024 00:00:00,000,12,09,
16/09/2024 01:00:00,000,12,06,
16/09/2024 02:00:00,000,12,19,
16/09/2024 03:00:00,000,12,36,
16/09/2024 04:00:00,000,12,31,
16/09/2024 05:00:00,000,12,26,
16/09/2024 06:00:00,000,12,21,
16/09/2024 07:00:00,000,12,02,
16/09/2024 08:00:00,000,11,94,
16/09/2024 09:00:00,000,12,08,
16/09/2024 10:00:00,000,12,33,
16/09/2024 11:00:00,000,12,7,
16/09/2024 12:00:00,000,13,19,
16/09/2024 13:00:00,000,14,35,
16/09/2024 14:00:00,000,15,19,
16/09/2024 15:00:00,000,15,25,
16/09/2024 16:00:00,000,15,01,
16/09/2024 17:00:00,000,14,41,
16/09/2024 18:00:00,000,14,21,
16/09/2024 19:00:00,000,14,21,
16/09/2024 20:00:00,000,13,92,
16/09/2024 21:00:00,000,13,46,
16/09/2024 22:00:00,000,13,37,
16/09/2024 23:00:00,000,13,49,
17/09/2024 00:00:00,000,13,32,
17/09/2024 01:00:00,000,13,12,
17/09/2024 02:00:00,000,12,45,
17/09/2024 03:00:00,000,11,75,
17/09/2024 04:00:00,000,11,41,
17/09/2024 05:00:00,000,10,99,
17/09/2024 06:00:00,000,10,76,
17/09/2024 07:00:00,000,10,87,
17/09/2024 08:00:00,000,11,33,
17/09/2024 09:00:00,000,12,41,
17/09/2024 10:00:00,000,14,
17/09/2024 11:00:00,000,15,28,
17/09/2024 12:00:00,000,16,41,
17/09/2024 13:00:00,000,17,41,
17/09/2024 14:00:00,000,18,14,
17/09/2024 15:00:00,000,18,98,
17/09/2024 16:00:00,000,19,44,
17/09/2024 17:00:00,000,19,59,
17/09/2024 18:00:00,000,19,46,
17/09/2024 19:00:00,000,18,57,
17/09/2024 20:00:00,000,17,7,
17/09/2024 21:00:00,000,17,03,
17/09/2024 22:00:00,000,16,37,
17/09/2024 23:00:00,000,15,86,
18/09/2024 00:00:00,000,15,27,
18/09/2024 01:00:00,000,14,96,
18/09/2024 02:00:00,000,15,07,
18/09/2024 03:00:00,000,14,7,
18/09/2024 04:00:00,000,14,12,
18/09/2024 05:00:00,000,14,13,
18/09/2024 06:00:00,000,13,66,
18/09/2024 07:00:00,000,13,1,
18/09/2024 08:00:00,000,13,92,
18/09/2024 09:00:00,000,16,11,
18/09/2024 10:00:00,000,18,78,
18/09/2024 11:00:00,000,20,95,
18/09/2024 12:00:00,000,22,56,
18/09/2024 13:00:00,000,23,67,
18/09/2024 14:00:00,000,24,35,
18/09/2024 15:00:00,000,24,41,
18/09/2024 16:00:00,000,24,24,
18/09/2024 17:00:00,000,24,07,
18/09/2024 18:00:00,000,23,18,
18/09/2024 19:00:00,000,21,14,
18/09/2024 20:00:00,000,18,88,
18/09/2024 21:00:00,000,17,61,
18/09/2024 22:00:00,000,16,67,
18/09/2024 23:00:00,000,16,13,
19/09/2024 00:00:00,000,15,85,
19/09/2024 01:00:00,000,15,49,
19/09/2024 02:00:00,000,15,09,
19/09/2024 03:00:00,000,14,45,
19/09/2024 04:00:00,000,13,94,
19/09/2024 05:00:00,000,13,61,
19/09/2024 06:00:00,000,13,41,
19/09/2024 07:00:00,000,12,7,
19/09/2024 08:00:00,000,13,11,
19/09/2024 09:00:00,000,15,42,
19/09/2024 10:00:00,000,17,51,
19/09/2024 11:00:00,000,18,98,
19/09/2024 12:00:00,000,19,82,
19/09/2024 13:00:00,000,20,72,
19/09/2024 14:00:00,000,21,31,
19/09/2024 15:00:00,000,21,58,
19/09/2024 16:00:00,000,22,08,
19/09/2024 17:00:00,000,21,7,
19/09/2024 18:00:00,000,20,78,
19/09/2024 19:00:00,000,19,7,
19/09/2024 20:00:00,000,18,22,
19/09/2024 21:00:00,000,16,91,
19/09/2024 22:00:00,000,15,82,
19/09/2024 23:00:00,000,15,33,
20/09/2024 00:00:00,000,15,12,
20/09/2024 01:00:00,000,14,35,
20/09/2024 02:00:00,000,13,61,
20/09/2024 03:00:00,000,13,03,
20/09/2024 04:00:00,000,12,88,
20/09/2024 05:00:00,000,12,68,
20/09/2024 06:00:00,000,12,33,
20/09/2024 07:00:00,000,12,1,
20/09/2024 08:00:00,000,12,99,
20/09/2024 09:00:00,000,15,08,
20/09/2024 10:00:00,000,16,95,
20/09/2024 11:00:00,000,18,67,
20/09/2024 12:00:00,000,20,06,
20/09/2024 13:00:00,000,21,07,
20/09/2024 14:00:00,000,21,83,
20/09/2024 15:00:00,000,22,41,
20/09/2024 16:00:00,000,22,73,
20/09/2024 17:00:00,000,22,57,
20/09/2024 18:00:00,000,21,63,
20/09/2024 19:00:00,000,19,76,
20/09/2024 20:00:00,000,17,27,
20/09/2024 21:00:00,000,15,46,
20/09/2024 22:00:00,000,14,35,
20/09/2024 23:00:00,000,12,95,
21/09/2024 00:00:00,000,12,07,
21/09/2024 01:00:00,000,11,68,
21/09/2024 02:00:00,000,11,03,
21/09/2024 03:00:00,000,10,2,
21/09/2024 04:00:00,000,9,43,
21/09/2024 05:00:00,000,8,94,
21/09/2024 06:00:00,000,8,69,
21/09/2024 07:00:00,000,8,4,
21/09/2024 08:00:00,000,9,54,
21/09/2024 09:00:00,000,12,51,
21/09/2024 10:00:00,000,15,31,
21/09/2024 11:00:00,000,17,55,
21/09/2024 12:00:00,000,19,47,
21/09/2024 13:00:00,000,21,11,
21/09/2024 14:00:00,000,22,19,
21/09/2024 15:00:00,000,22,84,
21/09/2024 16:00:00,000,23,36,
21/09/2024 17:00:00,000,23,37,
21/09/2024 18:00:00,000,22,19,
21/09/2024 19:00:00,000,19,84,
21/09/2024 20:00:00,000,17,19,
21/09/2024 21:00:00,000,14,71,
21/09/2024 22:00:00,000,12,96,
21/09/2024 23:00:00,000,12,04,
22/09/2024 00:00:00,000,11,13,
22/09/2024 01:00:00,000,10,34,
22/09/2024 02:00:00,000,10,03,
22/09/2024 03:00:00,000,9,86,
22/09/2024 04:00:00,000,9,52,
22/09/2024 05:00:00,000,8,67,
22/09/2024 06:00:00,000,8,2,
22/09/2024 07:00:00,000,8,21,
22/09/2024 08:00:00,000,9,29,
22/09/2024 09:00:00,000,12,06,
22/09/2024 10:00:00,000,14,83,
22/09/2024 11:00:00,000,17,08,
22/09/2024 12:00:00,000,19,07,
22/09/2024 13:00:00,000,20,93,
22/09/2024 14:00:00,000,22,51,
22/09/2024 15:00:00,000,23,26,
22/09/2024 16:00:00,000,23,33,
22/09/2024 17:00:00,000,23,19,
22/09/2024 18:00:00,000,22,26,
22/09/2024 19:00:00,000,19,81,
22/09/2024 20:00:00,000,17,29,
22/09/2024 21:00:00,000,15,16,
22/09/2024 22:00:00,000,13,6,
22/09/2024 23:00:00,000,12,74,
23/09/2024 00:00:00,000,11,85,
23/09/2024 01:00:00,000,11,04,
23/09/2024 02:00:00,000,10,21,
23/09/2024 03:00:00,000,9,73,
23/09/2024 04:00:00,000,9,51,
23/09/2024 05:00:00,000,9,17,
23/09/2024 06:00:00,000,8,81,
23/09/2024 07:00:00,000,8,76,
23/09/2024 08:00:00,000,9,78,
23/09/2024 09:00:00,000,12,1,
23/09/2024 10:00:00,000,14,68,
23/09/2024 11:00:00,000,17,33,
23/09/2024 12:00:00,000,20,05,
23/09/2024 13:00:00,000,22,01,
23/09/2024 14:00:00,000,23,17,
23/09/2024 15:00:00,000,23,73,
23/09/2024 16:00:00,000,23,91,
23/09/2024 17:00:00,000,23,69,
23/09/2024 18:00:00,000,22,51,
23/09/2024 19:00:00,000,20,12,
23/09/2024 20:00:00,000,17,62,
23/09/2024 21:00:00,000,16,
23/09/2024 22:00:00,000,14,65,
23/09/2024 23:00:00,000,14,02,
24/09/2024 00:00:00,000,13,72,
24/09/2024 01:00:00,000,12,77,
24/09/2024 02:00:00,000,12,05,
24/09/2024 03:00:00,000,11,77,
24/09/2024 04:00:00,000,11,74,
24/09/2024 05:00:00,000,11,49,
24/09/2024 06:00:00,000,11,
24/09/2024 07:00:00,000,10,8,
24/09/2024 08:00:00,000,11,8,
24/09/2024 09:00:00,000,14,11,
24/09/2024 10:00:00,000,16,5,
24/09/2024 11:00:00,000,18,6,
24/09/2024 12:00:00,000,19,95,
24/09/2024 13:00:00,000,20,22,
24/09/2024 14:00:00,000,19,84,
24/09/2024 15:00:00,000,19,45,
24/09/2024 16:00:00,000,19,45,
24/09/2024 17:00:00,000,19,64,
24/09/2024 18:00:00,000,19,17,
24/09/2024 19:00:00,000,17,96,
24/09/2024 20:00:00,000,17,16,
24/09/2024 21:00:00,000,16,17,
24/09/2024 22:00:00,000,15,24,
24/09/2024 23:00:00,000,14,85,
25/09/2024 00:00:00,000,14,38,
25/09/2024 01:00:00,000,13,91,
25/09/2024 02:00:00,000,13,63,
25/09/2024 03:00:00,000,13,55,
25/09/2024 04:00:00,000,13,34,
25/09/2024 05:00:00,000,13,12,
25/09/2024 06:00:00,000,13,21,
25/09/2024 07:00:00,000,13,37,
25/09/2024 08:00:00,000,13,69,
25/09/2024 09:00:00,000,14,46,
25/09/2024 10:00:00,000,15,34,
25/09/2024 11:00:00,000,16,37,
25/09/2024 12:00:00,000,17,22,
25/09/2024 13:00:00,000,17,7,
25/09/2024 14:00:00,000,18,42,
25/09/2024 15:00:00,000,19,14,
25/09/2024 16:00:00,000,19,61,
25/09/2024 17:00:00,000,19,8,
25/09/2024 18:00:00,000,19,18,
25/09/2024 19:00:00,000,17,65,
25/09/2024 20:00:00,000,16,09,
25/09/2024 21:00:00,000,15,21,
25/09/2024 22:00:00,000,14,88,
25/09/2024 23:00:00,000,14,37,
26/09/2024 00:00:00,000,13,84,
26/09/2024 01:00:00,000,13,41,
26/09/2024 02:00:00,000,13,19,
26/09/2024 03:00:00,000,13,24,
26/09/2024 04:00:00,000,13,68,
26/09/2024 05:00:00,000,13,78,
26/09/2024 06:00:00,000,13,7,
26/09/2024 07:00:00,000,13,9,
26/09/2024 08:00:00,000,14,23,
26/09/2024 09:00:00,000,14,89,
26/09/2024 10:00:00,000,15,76,
26/09/2024 11:00:00,000,17,45,
26/09/2024 12:00:00,000,18,93,
26/09/2024 13:00:00,000,19,92,
26/09/2024 14:00:00,000,21,15,
26/09/2024 15:00:00,000,22,25,
26/09/2024 16:00:00,000,22,98,
26/09/2024 17:00:00,000,23,3,
26/09/2024 18:00:00,000,22,83,
26/09/2024 19:00:00,000,21,52,
26/09/2024 20:00:00,000,20,47,
26/09/2024 21:00:00,000,20,36,
26/09/2024 22:00:00,000,20,41,
26/09/2024 23:00:00,000,20,29,
27/09/2024 00:00:00,000,20,18,
27/09/2024 01:00:00,000,19,97,
27/09/2024 02:00:00,000,19,47,
27/09/2024 03:00:00,000,18,94,
27/09/2024 04:00:00,000,18,27,
27/09/2024 05:00:00,000,17,62,
27/09/2024 06:00:00,000,17,55,
27/09/2024 07:00:00,000,17,33,
27/09/2024 08:00:00,000,17,17,
27/09/2024 09:00:00,000,17,58,
27/09/2024 10:00:00,000,17,99,
27/09/2024 11:00:00,000,18,15,
27/09/2024 12:00:00,000,18,29,
27/09/2024 13:00:00,000,18,7,
27/09/2024 14:00:00,000,18,91,
27/09/2024 15:00:00,000,18,58,
27/09/2024 16:00:00,000,17,84,
27/09/2024 17:00:00,000,17,2,
27/09/2024 18:00:00,000,16,95,
27/09/2024 19:00:00,000,16,6,
27/09/2024 20:00:00,000,16,18,
27/09/2024 21:00:00,000,15,92,
27/09/2024 22:00:00,000,16,01,
27/09/2024 23:00:00,000,16,11,
28/09/2024 00:00:00,000,15,91,
28/09/2024 01:00:00,000,15,6,
28/09/2024 02:00:00,000,15,19,
28/09/2024 03:00:00,000,14,68,
28/09/2024 04:00:00,000,14,13,
28/09/2024 05:00:00,000,13,84,
28/09/2024 06:00:00,000,13,75,
28/09/2024 07:00:00,000,13,68,
28/09/2024 08:00:00,000,14,08,
28/09/2024 09:00:00,000,14,85,
28/09/2024 10:00:00,000,15,51,
28/09/2024 11:00:00,000,16,15,
28/09/2024 12:00:00,000,16,56,
28/09/2024 13:00:00,000,16,69,
28/09/2024 14:00:00,000,16,75,
28/09/2024 15:00:00,000,16,81,
28/09/2024 16:00:00,000,16,69,
28/09/2024 17:00:00,000,16,33,
28/09/2024 18:00:00,000,15,47,
28/09/2024 19:00:00,000,14,59,
28/09/2024 20:00:00,000,14,07,
28/09/2024 21:00:00,000,13,55,
28/09/2024 22:00:00,000,13,39,
28/09/2024 23:00:00,000,13,27,
29/09/2024 00:00:00,000,13,09,
29/09/2024 01:00:00,000,12,91,
29/09/2024 02:00:00,000,12,6,
29/09/2024 03:00:00,000,12,32,
29/09/2024 04:00:00,000,11,95,
29/09/2024 05:00:00,000,11,45,
29/09/2024 06:00:00,000,10,99,
29/09/2024 07:00:00,000,10,51,
29/09/2024 08:00:00,000,10,26,
29/09/2024 09:00:00,000,10,4,
29/09/2024 10:00:00,000,10,9,
29/09/2024 11:00:00,000,11,64,
29/09/2024 12:00:00,000,12,44,
29/09/2024 13:00:00,000,13,18,
29/09/2024 14:00:00,000,13,43,
29/09/2024 15:00:00,000,13,54,
29/09/2024 16:00:00,000,13,53,
29/09/2024 17:00:00,000,13,3,
29/09/2024 18:00:00,000,12,8,
29/09/2024 19:00:00,000,11,69,
29/09/2024 20:00:00,000,10,57,
29/09/2024 21:00:00,000,9,82,
29/09/2024 22:00:00,000,9,52,
29/09/2024 23:00:00,000,9,12,
30/09/2024 00:00:00,000,8,57,
30/09/2024 01:00:00,000,8,29,
30/09/2024 02:00:00,000,8,25,
30/09/2024 03:00:00,000,7,06,
30/09/2024 04:00:00,000,5,88,
30/09/2024 05:00:00,000,5,78,
30/09/2024 06:00:00,000,5,32,
30/09/2024 07:00:00,000,4,91,
30/09/2024 08:00:00,000,5,43,
30/09/2024 09:00:00,000,7,45,
30/09/2024 10:00:00,000,9,68,
30/09/2024 11:00:00,000,11,22,
30/09/2024 12:00:00,000,12,59,
30/09/2024 13:00:00,000,13,6,
30/09/2024 14:00:00,000,14,04,
30/09/2024 15:00:00,000,14,4,
30/09/2024 16:00:00,000,14,72,
30/09/2024 17:00:00,000,14,59,
30/09/2024 18:00:00,000,13,83,
30/09/2024 19:00:00,000,11,95,
30/09/2024 20:00:00,000,10,16,
30/09/2024 21:00:00,000,8,82,
30/09/2024 22:00:00,000,7,58,
30/09/2024 23:00:00,000,6,79,
01/10/2024 00:00:00,000,6,08,
01/10/2024 01:00:00,000,5,7,
01/10/2024 02:00:00,000,5,56,
01/10/2024 03:00:00,000,5,36,
01/10/2024 04:00:00,000,5,01,
01/10/2024 05:00:00,000,4,37,
01/10/2024 06:00:00,000,3,98,
01/10/2024 07:00:00,000,3,93,
01/10/2024 08:00:00,000,4,61,
01/10/2024 09:00:00,000,6,42,
01/10/2024 10:00:00,000,8,53,
01/10/2024 11:00:00,000,10,65,
01/10/2024 12:00:00,000,12,46,
01/10/2024 13:00:00,000,13,98,
01/10/2024 14:00:00,000,15,19,
01/10/2024 15:00:00,000,16,09,
01/10/2024 16:00:00,000,16,6,
01/10/2024 17:00:00,000,16,34,
01/10/2024 18:00:00,000,15,65,
01/10/2024 19:00:00,000,14,09,
01/10/2024 20:00:00,000,12,
01/10/2024 21:00:00,000,10,77,
01/10/2024 22:00:00,000,10,14,
01/10/2024 23:00:00,000,9,53,
02/10/2024 00:00:00,000,9,1,
02/10/2024 01:00:00,000,8,11,
02/10/2024 02:00:00,000,7,76,
02/10/2024 03:00:00,000,8,21,
02/10/2024 04:00:00,000,8,22,
02/10/2024 05:00:00,000,8,51,
02/10/2024 06:00:00,000,8,7,
02/10/2024 07:00:00,000,8,93,
02/10/2024 08:00:00,000,9,49,
02/10/2024 09:00:00,000,9,82,
02/10/2024 10:00:00,000,9,98,
02/10/2024 11:00:00,000,10,18,
02/10/2024 12:00:00,000,10,32,
02/10/2024 13:00:00,000,10,61,
02/10/2024 14:00:00,000,10,81,
02/10/2024 15:00:00,000,10,78,
02/10/2024 16:00:00,000,10,67,
02/10/2024 17:00:00,000,10,44,
02/10/2024 18:00:00,000,10,16,
02/10/2024 19:00:00,000,9,93,
02/10/2024 20:00:00,000,9,78,
02/10/2024 21:00:00,000,9,61,
02/10/2024 22:00:00,000,9,48,
02/10/2024 23:00:00,000,9,43,
03/10/2024 00:00:00,000,9,34,
03/10/2024 01:00:00,000,9,25,
03/10/2024 02:00:00,000,9,27,
03/10/2024 03:00:00,000,9,26,
03/10/2024 04:00:00,000,9,33,
03/10/2024 05:00:00,000,9,66,
03/10/2024 06:00:00,000,9,94,
03/10/2024 07:00:00,000,9,87,
03/10/2024 08:00:00,000,9,95,
03/10/2024 09:00:00,000,10,51,
03/10/2024 10:00:00,000,11,27,
03/10/2024 11:00:00,000,11,88,
03/10/2024 12:00:00,000,12,46,
03/10/2024 13:00:00,000,13,04,
03/10/2024 14:00:00,000,13,29,
03/10/2024 15:00:00,000,13,52,
03/10/2024 16:00:00,000,13,71,
03/10/2024 17:00:00,000,13,5,
03/10/2024 18:00:00,000,13,05,
03/10/2024 19:00:00,000,12,57,
03/10/2024 20:00:00,000,12,18,
03/10/2024 21:00:00,000,11,99,
03/10/2024 22:00:00,000,11,85,
03/10/2024 23:00:00,000,11,74,
04/10/2024 00:00:00,000,11,57,
04/10/2024 01:00:00,000,11,18,
04/10/2024 02:00:00,000,10,77,
04/10/2024 03:00:00,000,10,43,
04/10/2024 04:00:00,000,10,24,
04/10/2024 05:00:00,000,10,1,
04/10/2024 06:00:00,000,9,89,
04/10/2024 07:00:00,000,9,86,
04/10/2024 08:00:00,000,10,02,
04/10/2024 09:00:00,000,10,25,
04/10/2024 10:00:00,000,10,59,
04/10/2024 11:00:00,000,10,81,
04/10/2024 12:00:00,000,10,92,
04/10/2024 13:00:00,000,11,15,
04/10/2024 14:00:00,000,11,41,
04/10/2024 15:00:00,000,11,38,
04/10/2024 16:00:00,000,11,19,
04/10/2024 17:00:00,000,11,05,
04/10/2024 18:00:00,000,11,02,
04/10/2024 19:00:00,000,10,97,
04/10/2024 20:00:00,000,10,81,
04/10/2024 21:00:00,000,10,8,
04/10/2024 22:00:00,000,10,83,
04/10/2024 23:00:00,000,10,79,
05/10/2024 00:00:00,000,10,74,
05/10/2024 01:00:00,000,10,74,
05/10/2024 02:00:00,000,10,7,
05/10/2024 03:00:00,000,10,68,
05/10/2024 04:00:00,000,10,74,
05/10/2024 05:00:00,000,10,82,
05/10/2024 06:00:00,000,10,76,
05/10/2024 07:00:00,000,10,64,
05/10/2024 08:00:00,000,10,72,
05/10/2024 09:00:00,000,11,1,
05/10/2024 10:00:00,000,11,59,
05/10/2024 11:00:00,000,12,05,
05/10/2024 12:00:00,000,12,53,
05/10/2024 13:00:00,000,12,97,
05/10/2024 14:00:00,000,13,25,
05/10/2024 15:00:00,000,13,45,
05/10/2024 16:00:00,000,13,5,
05/10/2024 17:00:00,000,13,37,
05/10/2024 18:00:00,000,13,03,
05/10/2024 19:00:00,000,12,71,
05/10/2024 20:00:00,000,12,41,
05/10/2024 21:00:00,000,11,98,
05/10/2024 22:00:00,000,11,7,
05/10/2024 23:00:00,000,11,58,
06/10/2024 00:00:00,000,11,36,
06/10/2024 01:00:00,000,11,24,
06/10/2024 02:00:00,000,11,02,
06/10/2024 03:00:00,000,10,61,
06/10/2024 04:00:00,000,10,42,
06/10/2024 05:00:00,000,10,33,
06/10/2024 06:00:00,000,10,27,
06/10/2024 07:00:00,000,10,22,
06/10/2024 08:00:00,000,10,27,
06/10/2024 09:00:00,000,10,77,
06/10/2024 10:00:00,000,11,47,
06/10/2024 11:00:00,000,12,4,
06/10/2024 12:00:00,000,12,98,
06/10/2024 13:00:00,000,13,26,
06/10/2024 14:00:00,000,14,26,
06/10/2024 15:00:00,000,14,77,
06/10/2024 16:00:00,000,14,46,
06/10/2024 17:00:00,000,14,15,
06/10/2024 18:00:00,000,13,41,
06/10/2024 19:00:00,000,12,4,
06/10/2024 20:00:00,000,11,58,
06/10/2024 21:00:00,000,10,64,
06/10/2024 22:00:00,000,9,76,
06/10/2024 23:00:00,000,9,09,
07/10/2024 00:00:00,000,8,68,
07/10/2024 01:00:00,000,8,46,
07/10/2024 02:00:00,000,8,2,
07/10/2024 03:00:00,000,8,01,
07/10/2024 04:00:00,000,7,59,
07/10/2024 05:00:00,000,7,21,
07/10/2024 06:00:00,000,7,15,
07/10/2024 07:00:00,000,7,54,
07/10/2024 08:00:00,000,8,05,
07/10/2024 09:00:00,000,8,51,
07/10/2024 10:00:00,000,9,48,
07/10/2024 11:00:00,000,10,45,
07/10/2024 12:00:00,000,11,43,
07/10/2024 13:00:00,000,12,38,
07/10/2024 14:00:00,000,13,82,
07/10/2024 15:00:00,000,15,44,
07/10/2024 16:00:00,000,16,22,
07/10/2024 17:00:00,000,16,47,
07/10/2024 18:00:00,000,15,6,
07/10/2024 19:00:00,000,13,74,
07/10/2024 20:00:00,000,12,64,
07/10/2024 21:00:00,000,12,09,
07/10/2024 22:00:00,000,11,66,
07/10/2024 23:00:00,000,11,15,
08/10/2024 00:00:00,000,10,58,
08/10/2024 01:00:00,000,10,42,
08/10/2024 02:00:00,000,10,17,
08/10/2024 03:00:00,000,9,81,
08/10/2024 04:00:00,000,9,8,
08/10/2024 05:00:00,000,10,03,
08/10/2024 06:00:00,000,10,05,
08/10/2024 07:00:00,000,10,13,
08/10/2024 08:00:00,000,10,54,
08/10/2024 09:00:00,000,11,78,
08/10/2024 10:00:00,000,13,35,
08/10/2024 11:00:00,000,14,94,
08/10/2024 12:00:00,000,16,37,
08/10/2024 13:00:00,000,17,39,
08/10/2024 14:00:00,000,18,49,
08/10/2024 15:00:00,000,19,32,
08/10/2024 16:00:00,000,19,54,
08/10/2024 17:00:00,000,19,42,
08/10/2024 18:00:00,000,18,53,
08/10/2024 19:00:00,000,17,17,
08/10/2024 20:00:00,000,16,35,
08/10/2024 21:00:00,000,15,98,
08/10/2024 22:00:00,000,15,52,
08/10/2024 23:00:00,000,14,92,
09/10/2024 00:00:00,000,14,51,
09/10/2024 01:00:00,000,14,32,
09/10/2024 02:00:00,000,14,26,
09/10/2024 03:00:00,000,13,8,
09/10/2024 04:00:00,000,13,28,
09/10/2024 05:00:00,000,13,19,
09/10/2024 06:00:00,000,13,26,
09/10/2024 07:00:00,000,13,46,
09/10/2024 08:00:00,000,13,89,
09/10/2024 09:00:00,000,14,42,
09/10/2024 10:00:00,000,14,91,
09/10/2024 11:00:00,000,15,27,
09/10/2024 12:00:00,000,15,52,
09/10/2024 13:00:00,000,15,96,
09/10/2024 14:00:00,000,16,51,
09/10/2024 15:00:00,000,17,04,
09/10/2024 16:00:00,000,17,19,
09/10/2024 17:00:00,000,16,95,
09/10/2024 18:00:00,000,16,4,
09/10/2024 19:00:00,000,15,37,
09/10/2024 20:00:00,000,14,54,
09/10/2024 21:00:00,000,14,16,
09/10/2024 22:00:00,000,13,77,
09/10/2024 23:00:00,000,13,5,
10/10/2024 00:00:00,000,14,19,
10/10/2024 01:00:00,000,14,97,
10/10/2024 02:00:00,000,14,74,
10/10/2024 03:00:00,000,14,56,
10/10/2024 04:00:00,000,14,6,
10/10/2024 05:00:00,000,14,52,
10/10/2024 06:00:00,000,13,72,
10/10/2024 07:00:00,000,12,96,
10/10/2024 08:00:00,000,13,24,
10/10/2024 09:00:00,000,14,45,
10/10/2024 10:00:00,000,15,99,
10/10/2024 11:00:00,000,17,18,
10/10/2024 12:00:00,000,18,07,
10/10/2024 13:00:00,000,18,91,
10/10/2024 14:00:00,000,19,3,
10/10/2024 15:00:00,000,19,04,
10/10/2024 16:00:00,000,18,56,
10/10/2024 17:00:00,000,17,55,
10/10/2024 18:00:00,000,16,44,
10/10/2024 19:00:00,000,15,76,
10/10/2024 20:00:00,000,15,14,
10/10/2024 21:00:00,000,14,52,
10/10/2024 22:00:00,000,14,17,
10/10/2024 23:00:00,000,13,92,
11/10/2024 00:00:00,000,13,63,
11/10/2024 01:00:00,000,13,36,
11/10/2024 02:00:00,000,13,25,
11/10/2024 03:00:00,000,13,15,
11/10/2024 04:00:00,000,13,08,
11/10/2024 05:00:00,000,12,95,
11/10/2024 06:00:00,000,12,57,
11/10/2024 07:00:00,000,12,25,
11/10/2024 08:00:00,000,12,19,
11/10/2024 09:00:00,000,12,66,
11/10/2024 10:00:00,000,13,44,
11/10/2024 11:00:00,000,13,92,
11/10/2024 12:00:00,000,14,39,
11/10/2024 13:00:00,000,14,9,
11/10/2024 14:00:00,000,15,35,
11/10/2024 15:00:00,000,15,43,
11/10/2024 16:00:00,000,14,79,
11/10/2024 17:00:00,000,14,13,
11/10/2024 18:00:00,000,13,75,
11/10/2024 19:00:00,000,12,87,
11/10/2024 20:00:00,000,11,61,
11/10/2024 21:00:00,000,10,99,
11/10/2024 22:00:00,000,10,84,
11/10/2024 23:00:00,000,10,55,
12/10/2024 00:00:00,000,10,12,
12/10/2024 01:00:00,000,9,69,
12/10/2024 02:00:00,000,9,52,
12/10/2024 03:00:00,000,9,58,
12/10/2024 04:00:00,000,9,4,
12/10/2024 05:00:00,000,9,01,
12/10/2024 06:00:00,000,8,54,
12/10/2024 07:00:00,000,7,99,
12/10/2024 08:00:00,000,8,13,
12/10/2024 09:00:00,000,9,36,
12/10/2024 10:00:00,000,10,86,
12/10/2024 11:00:00,000,11,89,
12/10/2024 12:00:00,000,12,53,
12/10/2024 13:00:00,000,13,16,
12/10/2024 14:00:00,000,13,76,
12/10/2024 15:00:00,000,14,18,
12/10/2024 16:00:00,000,14,2,
12/10/2024 17:00:00,000,13,8,
12/10/2024 18:00:00,000,12,78,
12/10/2024 19:00:00,000,11,09,
12/10/2024 20:00:00,000,9,85,
12/10/2024 21:00:00,000,9,01,
12/10/2024 22:00:00,000,8,25,
12/10/2024 23:00:00,000,7,57,
13/10/2024 00:00:00,000,6,94,
13/10/2024 01:00:00,000,6,66,
13/10/2024 02:00:00,000,6,51,
13/10/2024 03:00:00,000,6,24,
13/10/2024 04:00:00,000,6,09,
13/10/2024 05:00:00,000,6,04,
13/10/2024 06:00:00,000,5,99,
13/10/2024 07:00:00,000,6,1,
13/10/2024 08:00:00,000,6,63,
13/10/2024 09:00:00,000,7,69,
13/10/2024 10:00:00,000,9,15,
13/10/2024 11:00:00,000,10,34,
13/10/2024 12:00:00,000,11,31,
13/10/2024 13:00:00,000,12,29,
13/10/2024 14:00:00,000,12,75,
13/10/2024 15:00:00,000,12,83,
13/10/2024 16:00:00,000,12,98,
13/10/2024 17:00:00,000,13,31,
13/10/2024 18:00:00,000,13,
13/10/2024 19:00:00,000,12,3,
13/10/2024 20:00:00,000,11,68,
13/10/2024 21:00:00,000,10,99,
13/10/2024 22:00:00,000,10,48,
13/10/2024 23:00:00,000,9,84,
14/10/2024 00:00:00,000,9,01,
14/10/2024 01:00:00,000,8,46,
14/10/2024 02:00:00,000,7,82,
14/10/2024 03:00:00,000,7,13,
14/10/2024 04:00:00,000,6,99,
14/10/2024 05:00:00,000,6,81,
14/10/2024 06:00:00,000,6,37,
14/10/2024 07:00:00,000,5,96,
14/10/2024 08:00:00,000,5,81,
14/10/2024 09:00:00,000,6,86,
14/10/2024 10:00:00,000,8,92,
14/10/2024 11:00:00,000,10,7,
14/10/2024 12:00:00,000,11,95,
14/10/2024 13:00:00,000,12,66,
14/10/2024 14:00:00,000,12,95,
14/10/2024 15:00:00,000,13,33,
14/10/2024 16:00:00,000,13,55,
14/10/2024 17:00:00,000,13,13,
14/10/2024 18:00:00,000,12,06,
14/10/2024 19:00:00,000,10,53,
14/10/2024 20:00:00,000,9,51,
14/10/2024 21:00:00,000,9,03,
14/10/2024 22:00:00,000,8,43,
14/10/2024 23:00:00,000,8,02,
15/10/2024 00:00:00,000,7,86,
15/10/2024 01:00:00,000,7,64,
15/10/2024 02:00:00,000,7,5,
15/10/2024 03:00:00,000,7,5,
15/10/2024 04:00:00,000,7,59,
15/10/2024 05:00:00,000,7,73,
15/10/2024 06:00:00,000,8,28,
15/10/2024 07:00:00,000,8,65,
15/10/2024 08:00:00,000,8,64,
15/10/2024 09:00:00,000,8,83,
15/10/2024 10:00:00,000,9,34,
15/10/2024 11:00:00,000,10,25,
15/10/2024 12:00:00,000,11,13,
15/10/2024 13:00:00,000,12,03,
15/10/2024 14:00:00,000,12,7,
15/10/2024 15:00:00,000,12,94,
15/10/2024 16:00:00,000,12,82,
15/10/2024 17:00:00,000,12,34,
15/10/2024 18:00:00,000,11,34,
15/10/2024 19:00:00,000,9,99,
15/10/2024 20:00:00,000,8,85,
15/10/2024 21:00:00,000,7,68,
15/10/2024 22:00:00,000,6,13,
15/10/2024 23:00:00,000,4,97,
16/10/2024 00:00:00,000,4,86,
16/10/2024 01:00:00,000,5,04,
16/10/2024 02:00:00,000,4,91,
16/10/2024 03:00:00,000,4,52,
16/10/2024 04:00:00,000,4,44,
16/10/2024 05:00:00,000,4,39,
16/10/2024 06:00:00,000,4,01,
16/10/2024 07:00:00,000,3,61,
16/10/2024 08:00:00,000,3,99,
16/10/2024 09:00:00,000,5,47,
16/10/2024 10:00:00,000,7,49,
16/10/2024 11:00:00,000,9,56,
16/10/2024 12:00:00,000,11,21,
16/10/2024 13:00:00,000,12,34,
16/10/2024 14:00:00,000,13,08,
16/10/2024 15:00:00,000,13,47,
16/10/2024 16:00:00,000,13,5,
16/10/2024 17:00:00,000,13,17,
16/10/2024 18:00:00,000,12,22,
16/10/2024 19:00:00,000,10,98,
16/10/2024 20:00:00,000,9,89,
16/10/2024 21:00:00,000,9,23,
16/10/2024 22:00:00,000,8,76,
16/10/2024 23:00:00,000,8,21,
17/10/2024 00:00:00,000,7,69,
17/10/2024 01:00:00,000,7,16,
17/10/2024 02:00:00,000,6,48,
17/10/2024 03:00:00,000,5,69,
17/10/2024 04:00:00,000,5,29,
17/10/2024 05:00:00,000,5,11,
17/10/2024 06:00:00,000,5,
17/10/2024 07:00:00,000,4,96,
17/10/2024 08:00:00,000,5,23,
17/10/2024 09:00:00,000,6,29,
17/10/2024 10:00:00,000,7,65,
17/10/2024 11:00:00,000,9,27,
17/10/2024 12:00:00,000,11,17,
17/10/2024 13:00:00,000,12,62,
17/10/2024 14:00:00,000,13,46,
17/10/2024 15:00:00,000,13,85,
17/10/2024 16:00:00,000,13,82,
17/10/2024 17:00:00,000,13,44,
17/10/2024 18:00:00,000,12,47,
17/10/2024 19:00:00,000,11,44,
17/10/2024 20:00:00,000,10,65,
17/10/2024 21:00:00,000,9,98,
17/10/2024 22:00:00,000,9,43,
17/10/2024 23:00:00,000,9,03,
18/10/2024 00:00:00,000,8,5,
18/10/2024 01:00:00,000,7,81,
18/10/2024 02:00:00,000,7,53,
18/10/2024 03:00:00,000,7,47,
18/10/2024 04:00:00,000,7,49,
18/10/2024 05:00:00,000,7,71,
18/10/2024 06:00:00,000,7,41,
18/10/2024 07:00:00,000,7,04,
18/10/2024 08:00:00,000,7,07,
18/10/2024 09:00:00,000,7,84,
18/10/2024 10:00:00,000,9,5,
18/10/2024 11:00:00,000,11,05,
18/10/2024 12:00:00,000,12,59,
18/10/2024 13:00:00,000,14,12,
18/10/2024 14:00:00,000,15,31,
18/10/2024 15:00:00,000,15,92,
18/10/2024 16:00:00,000,16,01,
18/10/2024 17:00:00,000,15,2,
18/10/2024 18:00:00,000,13,37,
18/10/2024 19:00:00,000,11,53,
18/10/2024 20:00:00,000,9,91,
18/10/2024 21:00:00,000,8,51,
18/10/2024 22:00:00,000,7,83,
18/10/2024 23:00:00,000,7,28,
19/10/2024 00:00:00,000,6,86,
19/10/2024 01:00:00,000,6,13,
19/10/2024 02:00:00,000,5,58,
19/10/2024 03:00:00,000,5,29,
19/10/2024 04:00:00,000,4,87,
19/10/2024 05:00:00,000,4,8,
19/10/2024 06:00:00,000,4,68,
19/10/2024 07:00:00,000,4,49,
19/10/2024 08:00:00,000,4,71,
19/10/2024 09:00:00,000,6,13,
19/10/2024 10:00:00,000,8,26,
19/10/2024 11:00:00,000,10,43,
19/10/2024 12:00:00,000,12,45,
19/10/2024 13:00:00,000,14,05,
19/10/2024 14:00:00,000,15,1,
19/10/2024 15:00:00,000,15,74,
19/10/2024 16:00:00,000,15,87,
19/10/2024 17:00:00,000,14,88,
19/10/2024 18:00:00,000,12,48,
19/10/2024 19:00:00,000,10,08,
19/10/2024 20:00:00,000,8,7,
19/10/2024 21:00:00,000,7,57,
19/10/2024 22:00:00,000,6,48,
19/10/2024 23:00:00,000,5,87,
20/10/2024 00:00:00,000,5,46,
20/10/2024 01:00:00,000,4,77,
20/10/2024 02:00:00,000,4,37,
20/10/2024 03:00:00,000,4,38,
20/10/2024 04:00:00,000,3,7,
20/10/2024 05:00:00,000,3,08,
20/10/2024 06:00:00,000,3,12,
20/10/2024 07:00:00,000,2,89,
20/10/2024 08:00:00,000,2,81,
20/10/2024 09:00:00,000,4,11,
20/10/2024 10:00:00,000,6,51,
20/10/2024 11:00:00,000,9,16,
20/10/2024 12:00:00,000,11,76,
20/10/2024 13:00:00,000,13,77,
20/10/2024 14:00:00,000,15,14,
20/10/2024 15:00:00,000,15,94,
20/10/2024 16:00:00,000,16,
20/10/2024 17:00:00,000,15,16,
20/10/2024 18:00:00,000,13,03,
20/10/2024 19:00:00,000,10,46,
20/10/2024 20:00:00,000,8,8,
20/10/2024 21:00:00,000,7,89,
20/10/2024 22:00:00,000,7,06,
20/10/2024 23:00:00,000,6,13,
21/10/2024 00:00:00,000,5,43,
21/10/2024 01:00:00,000,4,96,
21/10/2024 02:00:00,000,4,36,
21/10/2024 03:00:00,000,4,04,
21/10/2024 04:00:00,000,3,75,
21/10/2024 05:00:00,000,2,99,
21/10/2024 06:00:00,000,2,73,
21/10/2024 07:00:00,000,2,78,
21/10/2024 08:00:00,000,2,96,
21/10/2024 09:00:00,000,4,39,
21/10/2024 10:00:00,000,6,53,
21/10/2024 11:00:00,000,8,82,
21/10/2024 12:00:00,000,11,33,
21/10/2024 13:00:00,000,13,47,
21/10/2024 14:00:00,000,14,96,
21/10/2024 15:00:00,000,15,76,
21/10/2024 16:00:00,000,15,89,
21/10/2024 17:00:00,000,15,11,
21/10/2024 18:00:00,000,13,07,
21/10/2024 19:00:00,000,10,72,
21/10/2024 20:00:00,000,9,12,
21/10/2024 21:00:00,000,8,12,
21/10/2024 22:00:00,000,7,3,
21/10/2024 23:00:00,000,6,23,
22/10/2024 00:00:00,000,5,55,
22/10/2024 01:00:00,000,5,21,
22/10/2024 02:00:00,000,4,51,
22/10/2024 03:00:00,000,4,
22/10/2024 04:00:00,000,3,71,
22/10/2024 05:00:00,000,3,58,
22/10/2024 06:00:00,000,4,03,
22/10/2024 07:00:00,000,4,36,
22/10/2024 08:00:00,000,4,62,
22/10/2024 09:00:00,000,5,59,
22/10/2024 10:00:00,000,7,17,
22/10/2024 11:00:00,000,9,18,
22/10/2024 12:00:00,000,10,81,
22/10/2024 13:00:00,000,11,94,
22/10/2024 14:00:00,000,13,01,
22/10/2024 15:00:00,000,13,87,
22/10/2024 16:00:00,000,14,24,
22/10/2024 17:00:00,000,13,91,
22/10/2024 18:00:00,000,12,49,
22/10/2024 19:00:00,000,11,
22/10/2024 20:00:00,000,9,76,
22/10/2024 21:00:00,000,8,73,
22/10/2024 22:00:00,000,7,8,
22/10/2024 23:00:00,000,7,23,
23/10/2024 00:00:00,000,7,53,
23/10/2024 01:00:00,000,7,48,
23/10/2024 02:00:00,000,7,35,
23/10/2024 03:00:00,000,7,44,
23/10/2024 04:00:00,000,7,73,
23/10/2024 05:00:00,000,8,13,
23/10/2024 06:00:00,000,8,46,
23/10/2024 07:00:00,000,8,46,
23/10/2024 08:00:00,000,8,55,
23/10/2024 09:00:00,000,9,38,
23/10/2024 10:00:00,000,10,58,
23/10/2024 11:00:00,000,11,47,
23/10/2024 12:00:00,000,12,21,
23/10/2024 13:00:00,000,12,86,
23/10/2024 14:00:00,000,13,29,
23/10/2024 15:00:00,000,13,75,
23/10/2024 16:00:00,000,14,01,
23/10/2024 17:00:00,000,13,93,
23/10/2024 18:00:00,000,13,2,
23/10/2024 19:00:00,000,12,17,
23/10/2024 20:00:00,000,11,56,
23/10/2024 21:00:00,000,10,91,
23/10/2024 22:00:00,000,9,91,
23/10/2024 23:00:00,000,9,25,
24/10/2024 00:00:00,000,9,23,
24/10/2024 01:00:00,000,8,98,
24/10/2024 02:00:00,000,8,66,
24/10/2024 03:00:00,000,8,89,
24/10/2024 04:00:00,000,8,69,
24/10/2024 05:00:00,000,8,16,
24/10/2024 06:00:00,000,8,17,
24/10/2024 07:00:00,000,8,45,
24/10/2024 08:00:00,000,8,61,
24/10/2024 09:00:00,000,9,11,
24/10/2024 10:00:00,000,10,25,
24/10/2024 11:00:00,000,11,56,
24/10/2024 12:00:00,000,12,85,
24/10/2024 13:00:00,000,14,24,
24/10/2024 14:00:00,000,15,44,
24/10/2024 15:00:00,000,16,24,
24/10/2024 16:00:00,000,16,51,
24/10/2024 17:00:00,000,15,6,
24/10/2024 18:00:00,000,13,49,
24/10/2024 19:00:00,000,11,53,
24/10/2024 20:00:00,000,10,32,
24/10/2024 21:00:00,000,9,26,
24/10/2024 22:00:00,000,8,22,
24/10/2024 23:00:00,000,7,97,
25/10/2024 00:00:00,000,8,
25/10/2024 01:00:00,000,7,59,
25/10/2024 02:00:00,000,7,07,
25/10/2024 03:00:00,000,6,81,
25/10/2024 04:00:00,000,6,72,
25/10/2024 05:00:00,000,6,48,
25/10/2024 06:00:00,000,6,18,
25/10/2024 07:00:00,000,5,97,
25/10/2024 08:00:00,000,6,23,
25/10/2024 09:00:00,000,7,1,
25/10/2024 10:00:00,000,8,63,
25/10/2024 11:00:00,000,10,53,
25/10/2024 12:00:00,000,12,62,
25/10/2024 13:00:00,000,14,42,
25/10/2024 14:00:00,000,15,58,
25/10/2024 15:00:00,000,16,02,
25/10/2024 16:00:00,000,16,06,
25/10/2024 17:00:00,000,15,77,
25/10/2024 18:00:00,000,14,55,
25/10/2024 19:00:00,000,13,02,
25/10/2024 20:00:00,000,12,15,
25/10/2024 21:00:00,000,11,33,
25/10/2024 22:00:00,000,10,31,
25/10/2024 23:00:00,000,9,66,
26/10/2024 00:00:00,000,9,37,
26/10/2024 01:00:00,000,9,33,
26/10/2024 02:00:00,000,9,45,
26/10/2024 03:00:00,000,9,42,
26/10/2024 04:00:00,000,9,28,
26/10/2024 05:00:00,000,9,13,
26/10/2024 06:00:00,000,9,18,
26/10/2024 07:00:00,000,9,07,
26/10/2024 08:00:00,000,8,93,
26/10/2024 09:00:00,000,9,4,
26/10/2024 10:00:00,000,10,1,
26/10/2024 11:00:00,000,11,2,
26/10/2024 12:00:00,000,12,46,
26/10/2024 13:00:00,000,13,4,
26/10/2024 14:00:00,000,14,14,
26/10/2024 15:00:00,000,14,66,
26/10/2024 16:00:00,000,14,93,
26/10/2024 17:00:00,000,14,58,
26/10/2024 18:00:00,000,14,
26/10/2024 19:00:00,000,13,62,
26/10/2024 20:00:00,000,13,34,
26/10/2024 21:00:00,000,13,08,
26/10/2024 22:00:00,000,12,79,
26/10/2024 23:00:00,000,12,66,
27/10/2024 00:00:00,000,12,75,
27/10/2024 01:00:00,000,12,82,
27/10/2024 02:00:00,000,12,73,
27/10/2024 02:00:00,000,12,34,
27/10/2024 03:00:00,000,12,2,
27/10/2024 04:00:00,000,12,07,
27/10/2024 05:00:00,000,11,87,
27/10/2024 06:00:00,000,11,73,
27/10/2024 07:00:00,000,12,03,
27/10/2024 08:00:00,000,12,9,
27/10/2024 09:00:00,000,13,95,
27/10/2024 10:00:00,000,14,91,
27/10/2024 11:00:00,000,15,77,
27/10/2024 12:00:00,000,16,35,
27/10/2024 13:00:00,000,16,59,
27/10/2024 14:00:00,000,16,88,
27/10/2024 15:00:00,000,16,57,
27/10/2024 16:00:00,000,15,03,
27/10/2024 17:00:00,000,13,05,
27/10/2024 18:00:00,000,12,3,
27/10/2024 19:00:00,000,12,27,
27/10/2024 20:00:00,000,11,96,
27/10/2024 21:00:00,000,12,09,
27/10/2024 22:00:00,000,11,93,
27/10/2024 23:00:00,000,11,68,
28/10/2024 00:00:00,000,11,85,
28/10/2024 01:00:00,000,11,85,
28/10/2024 02:00:00,000,11,6,
28/10/2024 03:00:00,000,11,32,
28/10/2024 04:00:00,000,11,15,
28/10/2024 05:00:00,000,11,17,
28/10/2024 06:00:00,000,11,14,
28/10/2024 07:00:00,000,11,94,
28/10/2024 08:00:00,000,13,91,
28/10/2024 09:00:00,000,15,07,
28/10/2024 10:00:00,000,15,68,
28/10/2024 11:00:00,000,16,24,
28/10/2024 12:00:00,000,16,51,
28/10/2024 13:00:00,000,16,82,
28/10/2024 14:00:00,000,16,76,
28/10/2024 15:00:00,000,16,29,
28/10/2024 16:00:00,000,15,09,
28/10/2024 17:00:00,000,13,69,
28/10/2024 18:00:00,000,12,04,
28/10/2024 19:00:00,000,10,44,
28/10/2024 20:00:00,000,9,7,
28/10/2024 21:00:00,000,9,04,
28/10/2024 22:00:00,000,8,3,
28/10/2024 23:00:00,000,7,52,
29/10/2024 00:00:00,000,7,
29/10/2024 01:00:00,000,6,72,
29/10/2024 02:00:00,000,6,8,
29/10/2024 03:00:00,000,6,91,
29/10/2024 04:00:00,000,6,35,
29/10/2024 05:00:00,000,5,93,
29/10/2024 06:00:00,000,6,33,
29/10/2024 07:00:00,000,7,71,
29/10/2024 08:00:00,000,9,98,
29/10/2024 09:00:00,000,12,14,
29/10/2024 10:00:00,000,13,86,
29/10/2024 11:00:00,000,15,71,
29/10/2024 12:00:00,000,17,19,
29/10/2024 13:00:00,000,17,95,
29/10/2024 14:00:00,000,17,98,
29/10/2024 15:00:00,000,17,04,
29/10/2024 16:00:00,000,15,2,
29/10/2024 17:00:00,000,13,55,
29/10/2024 18:00:00,000,12,76,
29/10/2024 19:00:00,000,11,91,
29/10/2024 20:00:00,000,11,31,
29/10/2024 21:00:00,000,11,07,
29/10/2024 22:00:00,000,10,42,
29/10/2024 23:00:00,000,9,77,
30/10/2024 00:00:00,000,9,45,
30/10/2024 01:00:00,000,9,48,
30/10/2024 02:00:00,000,9,45,
30/10/2024 03:00:00,000,8,96,
30/10/2024 04:00:00,000,8,8,
30/10/2024 05:00:00,000,8,81,
30/10/2024 06:00:00,000,8,64,
30/10/2024 07:00:00,000,9,26,
30/10/2024 08:00:00,000,10,81,
30/10/2024 09:00:00,000,12,91,
30/10/2024 10:00:00,000,15,03,
30/10/2024 11:00:00,000,16,54,
30/10/2024 12:00:00,000,17,49,
30/10/2024 13:00:00,000,17,89,
30/10/2024 14:00:00,000,17,72,
30/10/2024 15:00:00,000,16,96,
30/10/2024 16:00:00,000,15,36,
30/10/2024 17:00:00,000,13,84,
30/10/2024 18:00:00,000,12,78,
30/10/2024 19:00:00,000,12,12,
30/10/2024 20:00:00,000,11,98,
30/10/2024 21:00:00,000,11,65,
30/10/2024 22:00:00,000,11,2,
30/10/2024 23:00:00,000,10,37,
31/10/2024 00:00:00,000,10,32,
31/10/2024 01:00:00,000,11,01,
31/10/2024 02:00:00,000,11,37,
31/10/2024 03:00:00,000,11,49,
31/10/2024 04:00:00,000,11,46,
31/10/2024 05:00:00,000,11,23,
31/10/2024 06:00:00,000,10,89,
31/10/2024 07:00:00,000,11,41,
31/10/2024 08:00:00,000,12,3,
31/10/2024 09:00:00,000,13,34,
31/10/2024 10:00:00,000,14,35,
31/10/2024 11:00:00,000,14,94,
31/10/2024 12:00:00,000,15,01,
31/10/2024 13:00:00,000,15,13,
31/10/2024 14:00:00,000,15,35,
31/10/2024 15:00:00,000,14,86,
31/10/2024 16:00:00,000,13,87,
31/10/2024 17:00:00,000,12,82,
31/10/2024 18:00:00,000,12,17,
31/10/2024 19:00:00,000,11,13,
31/10/2024 20:00:00,000,9,96,
31/10/2024 21:00:00,000,9,25,
31/10/2024 22:00:00,000,8,98,
31/10/2024 23:00:00,000,8,04,
01/11/2024 00:00:00,000,7,21,
01/11/2024 01:00:00,000,6,99,
01/11/2024 02:00:00,000,6,4,
01/11/2024 03:00:00,000,5,97,
01/11/2024 04:00:00,000,5,41,
01/11/2024 05:00:00,000,6,22,
01/11/2024 06:00:00,000,7,27,
01/11/2024 07:00:00,000,7,31,
01/11/2024 08:00:00,000,7,82,
01/11/2024 09:00:00,000,9,29,
01/11/2024 10:00:00,000,11,12,
01/11/2024 11:00:00,000,13,
01/11/2024 12:00:00,000,14,48,
01/11/2024 13:00:00,000,15,11,
01/11/2024 14:00:00,000,14,99,
01/11/2024 15:00:00,000,13,75,
01/11/2024 16:00:00,000,12,3,
01/11/2024 17:00:00,000,10,36,
01/11/2024 18:00:00,000,8,65,
01/11/2024 19:00:00,000,7,92,
01/11/2024 20:00:00,000,6,9,
01/11/2024 21:00:00,000,6,26,
01/11/2024 22:00:00,000,5,93,
01/11/2024 23:00:00,000,5,69,
02/11/2024 00:00:00,000,6,01,
02/11/2024 01:00:00,000,7,28,
02/11/2024 02:00:00,000,8,42,
02/11/2024 03:00:00,000,8,49,
02/11/2024 04:00:00,000,8,39,
02/11/2024 05:00:00,000,8,45,
02/11/2024 06:00:00,000,8,44,
02/11/2024 07:00:00,000,8,57,
02/11/2024 08:00:00,000,9,24,
02/11/2024 09:00:00,000,10,36,
02/11/2024 10:00:00,000,11,53,
02/11/2024 11:00:00,000,12,1,
02/11/2024 12:00:00,000,12,22,
02/11/2024 13:00:00,000,12,1,
02/11/2024 14:00:00,000,11,93,
02/11/2024 15:00:00,000,11,44,
02/11/2024 16:00:00,000,10,28,
02/11/2024 17:00:00,000,9,18,
02/11/2024 18:00:00,000,8,14,
02/11/2024 19:00:00,000,7,06,
02/11/2024 20:00:00,000,6,31,
02/11/2024 21:00:00,000,5,49,
02/11/2024 22:00:00,000,5,15,
02/11/2024 23:00:00,000,4,96,
03/11/2024 00:00:00,000,3,97,
03/11/2024 01:00:00,000,3,27,
03/11/2024 02:00:00,000,2,74,
03/11/2024 03:00:00,000,1,4,
03/11/2024 04:00:00,000,0,45,
03/11/2024 05:00:00,000,0,04,
03/11/2024 06:00:00,000,-0,3,
03/11/2024 07:00:00,000,0,46,
03/11/2024 08:00:00,000,2,38,
03/11/2024 09:00:00,000,4,21,
03/11/2024 10:00:00,000,5,97,
03/11/2024 11:00:00,000,7,73,
03/11/2024 12:00:00,000,8,7,
03/11/2024 13:00:00,000,9,04,
03/11/2024 14:00:00,000,8,96,
03/11/2024 15:00:00,000,8,08,
03/11/2024 16:00:00,000,6,52,
03/11/2024 17:00:00,000,5,08,
03/11/2024 18:00:00,000,3,66,
03/11/2024 19:00:00,000,2,45,
03/11/2024 20:00:00,000,1,64,
03/11/2024 21:00:00,000,1,17,
03/11/2024 22:00:00,000,0,58,
03/11/2024 23:00:00,000,-0,06,
04/11/2024 00:00:00,000,-0,37,
04/11/2024 01:00:00,000,-0,32,
04/11/2024 02:00:00,000,-0,6,
04/11/2024 03:00:00,000,-1,
04/11/2024 04:00:00,000,-1,36,
04/11/2024 05:00:00,000,-1,32,
04/11/2024 06:00:00,000,-0,86,
04/11/2024 07:00:00,000,-0,05,
04/11/2024 08:00:00,000,2,16,
04/11/2024 09:00:00,000,5,08,
04/11/2024 10:00:00,000,7,86,
04/11/2024 11:00:00,000,9,91,
04/11/2024 12:00:00,000,10,97,
04/11/2024 13:00:00,000,11,24,
04/11/2024 14:00:00,000,10,9,
04/11/2024 15:00:00,000,10,09,
04/11/2024 16:00:00,000,8,81,
04/11/2024 17:00:00,000,7,73,
04/11/2024 18:00:00,000,6,71,
04/11/2024 19:00:00,000,5,65,
04/11/2024 20:00:00,000,4,84,
04/11/2024 21:00:00,000,3,93,
04/11/2024 22:00:00,000,3,37,
04/11/2024 23:00:00,000,2,76,
05/11/2024 00:00:00,000,2,46,
05/11/2024 01:00:00,000,2,06,
05/11/2024 02:00:00,000,1,42,
05/11/2024 03:00:00,000,0,9,
05/11/2024 04:00:00,000,0,72,
05/11/2024 05:00:00,000,0,7,
05/11/2024 06:00:00,000,-0,01,
05/11/2024 07:00:00,000,0,56,
05/11/2024 08:00:00,000,2,82,
05/11/2024 09:00:00,000,5,16,
05/11/2024 10:00:00,000,7,25,
05/11/2024 11:00:00,000,9,01,
05/11/2024 12:00:00,000,10,23,
05/11/2024 13:00:00,000,10,94,
05/11/2024 14:00:00,000,11,06,
05/11/2024 15:00:00,000,9,54,
05/11/2024 16:00:00,000,7,27,
05/11/2024 17:00:00,000,5,5,
05/11/2024 18:00:00,000,4,37,
05/11/2024 19:00:00,000,3,48,
05/11/2024 20:00:00,000,2,69,
05/11/2024 21:00:00,000,2,33,
05/11/2024 22:00:00,000,1,82,
05/11/2024 23:00:00,000,1,32,
06/11/2024 00:00:00,000,0,85,
06/11/2024 01:00:00,000,0,24,
06/11/2024 02:00:00,000,-0,26,
06/11/2024 03:00:00,000,-0,27,
06/11/2024 04:00:00,000,-0,1,
06/11/2024 05:00:00,000,-0,14,
06/11/2024 06:00:00,000,-0,15,
06/11/2024 07:00:00,000,0,69,
06/11/2024 08:00:00,000,2,48,
06/11/2024 09:00:00,000,4,49,
06/11/2024 10:00:00,000,6,35,
06/11/2024 11:00:00,000,8,02,
06/11/2024 12:00:00,000,9,56,
06/11/2024 13:00:00,000,10,43,
06/11/2024 14:00:00,000,10,29,
06/11/2024 15:00:00,000,9,26,
06/11/2024 16:00:00,000,7,33,
06/11/2024 17:00:00,000,5,63,
06/11/2024 18:00:00,000,4,76,
06/11/2024 19:00:00,000,4,02,
06/11/2024 20:00:00,000,3,17,
06/11/2024 21:00:00,000,2,53,
06/11/2024 22:00:00,000,1,9,
06/11/2024 23:00:00,000,1,22,
07/11/2024 00:00:00,000,1,01,
07/11/2024 01:00:00,000,0,85,
07/11/2024 02:00:00,000,0,5,
07/11/2024 03:00:00,000,0,29,
07/11/2024 04:00:00,000,0,15,
07/11/2024 05:00:00,000,-0,01,
07/11/2024 06:00:00,000,-0,14,
07/11/2024 07:00:00,000,0,35,
07/11/2024 08:00:00,000,2,11,
07/11/2024 09:00:00,000,4,47,
07/11/2024 10:00:00,000,6,47,
07/11/2024 11:00:00,000,8,49,
07/11/2024 12:00:00,000,10,07,
07/11/2024 13:00:00,000,10,92,
07/11/2024 14:00:00,000,11,17,
07/11/2024 15:00:00,000,9,91,
07/11/2024 16:00:00,000,7,57,
07/11/2024 17:00:00,000,5,76,
07/11/2024 18:00:00,000,4,56,
07/11/2024 19:00:00,000,3,46,
07/11/2024 20:00:00,000,3,09,
07/11/2024 21:00:00,000,2,96,
07/11/2024 22:00:00,000,2,18,
07/11/2024 23:00:00,000,1,35,
08/11/2024 00:00:00,000,0,84,
08/11/2024 01:00:00,000,0,85,
08/11/2024 02:00:00,000,0,94,
08/11/2024 03:00:00,000,0,59,
08/11/2024 04:00:00,000,0,56,
08/11/2024 05:00:00,000,0,57,
08/11/2024 06:00:00,000,0,31,
08/11/2024 07:00:00,000,0,76,
08/11/2024 08:00:00,000,2,82,
08/11/2024 09:00:00,000,5,3,
08/11/2024 10:00:00,000,7,32,
08/11/2024 11:00:00,000,9,21,
08/11/2024 12:00:00,000,10,77,
08/11/2024 13:00:00,000,11,68,
08/11/2024 14:00:00,000,11,6,
08/11/2024 15:00:00,000,10,27,
08/11/2024 16:00:00,000,8,67,
08/11/2024 17:00:00,000,7,22,
08/11/2024 18:00:00,000,5,79,
08/11/2024 19:00:00,000,4,71,
08/11/2024 20:00:00,000,4,35,
08/11/2024 21:00:00,000,3,47,
08/11/2024 22:00:00,000,2,41,
08/11/2024 23:00:00,000,2,45,
09/11/2024 00:00:00,000,2,07,
09/11/2024 01:00:00,000,1,08,
09/11/2024 02:00:00,000,0,28,
09/11/2024 03:00:00,000,-0,27,
09/11/2024 04:00:00,000,-0,58,
09/11/2024 05:00:00,000,-0,72,
09/11/2024 06:00:00,000,-0,97,
09/11/2024 07:00:00,000,-0,31,
09/11/2024 08:00:00,000,1,99,
09/11/2024 09:00:00,000,4,96,
09/11/2024 10:00:00,000,7,38,
09/11/2024 11:00:00,000,9,21,
09/11/2024 12:00:00,000,10,81,
09/11/2024 13:00:00,000,11,78,
09/11/2024 14:00:00,000,11,84,
09/11/2024 15:00:00,000,10,41,
09/11/2024 16:00:00,000,8,29,
09/11/2024 17:00:00,000,6,47,
09/11/2024 18:00:00,000,4,54,
09/11/2024 19:00:00,000,2,9,
09/11/2024 20:00:00,000,1,98,
09/11/2024 21:00:00,000,1,22,
09/11/2024 22:00:00,000,0,5,
09/11/2024 23:00:00,000,-0,06,
10/11/2024 00:00:00,000,-0,44,
10/11/2024 01:00:00,000,-0,44,
10/11/2024 02:00:00,000,-0,71,
10/11/2024 03:00:00,000,-1,56,
10/11/2024 04:00:00,000,-2,14,
10/11/2024 05:00:00,000,-2,13,
10/11/2024 06:00:00,000,-2,36,
10/11/2024 07:00:00,000,-2,06,
10/11/2024 08:00:00,000,-0,22,
10/11/2024 09:00:00,000,2,44,
10/11/2024 10:00:00,000,4,95,
10/11/2024 11:00:00,000,6,68,
10/11/2024 12:00:00,000,7,55,
10/11/2024 13:00:00,000,7,96,
10/11/2024 14:00:00,000,7,92,
10/11/2024 15:00:00,000,6,14,
10/11/2024 16:00:00,000,3,48,
10/11/2024 17:00:00,000,1,88,
10/11/2024 18:00:00,000,0,78,
10/11/2024 19:00:00,000,0,21,
10/11/2024 20:00:00,000,0,06,
10/11/2024 21:00:00,000,-0,62,
10/11/2024 22:00:00,000,-1,08,
10/11/2024 23:00:00,000,-1,34,
11/11/2024 00:00:00,000,-1,95,
11/11/2024 01:00:00,000,-2,02,
11/11/2024 02:00:00,000,-1,89,
11/11/2024 03:00:00,000,-2,06,
11/11/2024 04:00:00,000,-2,18,
11/11/2024 05:00:00,000,-2,23,
11/11/2024 06:00:00,000,-2,19,
11/11/2024 07:00:00,000,-1,78,
11/11/2024 08:00:00,000,-0,84,
11/11/2024 09:00:00,000,0,32,
11/11/2024 10:00:00,000,1,67,
11/11/2024 11:00:00,000,2,83,
11/11/2024 12:00:00,000,3,67,
11/11/2024 13:00:00,000,4,31,
11/11/2024 14:00:00,000,4,46,
11/11/2024 15:00:00,000,3,59,
11/11/2024 16:00:00,000,2,4,
11/11/2024 17:00:00,000,1,63,
11/11/2024 18:00:00,000,1,32,
11/11/2024 19:00:00,000,1,17,
11/11/2024 20:00:00,000,1,01,
11/11/2024 21:00:00,000,0,73,
11/11/2024 22:00:00,000,0,32,
11/11/2024 23:00:00,000,0,03,
12/11/2024 00:00:00,000,-0,25,
12/11/2024 01:00:00,000,-0,24,
12/11/2024 02:00:00,000,0,03,
12/11/2024 03:00:00,000,0,19,
12/11/2024 04:00:00,000,0,25,
12/11/2024 05:00:00,000,0,3,
12/11/2024 06:00:00,000,0,35,
12/11/2024 07:00:00,000,0,44,
12/11/2024 08:00:00,000,0,68,
12/11/2024 09:00:00,000,1,15,
12/11/2024 10:00:00,000,1,72,
12/11/2024 11:00:00,000,2,22,
12/11/2024 12:00:00,000,2,77,
12/11/2024 13:00:00,000,3,13,
12/11/2024 14:00:00,000,2,81,
12/11/2024 15:00:00,000,2,13,
12/11/2024 16:00:00,000,1,62,
12/11/2024 17:00:00,000,1,28,
12/11/2024 18:00:00,000,1,02,
12/11/2024 19:00:00,000,0,98,
12/11/2024 20:00:00,000,1,11,
12/11/2024 21:00:00,000,1,15,
12/11/2024 22:00:00,000,1,2,
12/11/2024 23:00:00,000,1,29,
13/11/2024 00:00:00,000,1,28,
13/11/2024 01:00:00,000,1,3,
13/11/2024 02:00:00,000,1,26,
13/11/2024 03:00:00,000,1,17,
13/11/2024 04:00:00,000,1,16,
13/11/2024 05:00:00,000,1,15,
13/11/2024 06:00:00,000,1,07,
13/11/2024 07:00:00,000,1,03,
13/11/2024 08:00:00,000,1,11,
13/11/2024 09:00:00,000,1,26,
13/11/2024 10:00:00,000,1,54,
13/11/2024 11:00:00,000,1,79,
13/11/2024 12:00:00,000,1,82,
13/11/2024 13:00:00,000,1,86,
13/11/2024 14:00:00,000,1,88,
13/11/2024 15:00:00,000,1,72,
13/11/2024 16:00:00,000,1,62,
13/11/2024 17:00:00,000,1,59,
13/11/2024 18:00:00,000,1,5,
13/11/2024 19:00:00,000,1,42,
13/11/2024 20:00:00,000,1,39,
13/11/2024 21:00:00,000,1,48,
13/11/2024 22:00:00,000,1,53,
13/11/2024 23:00:00,000,1,52,
14/11/2024 00:00:00,000,1,6,
14/11/2024 01:00:00,000,1,65,
14/11/2024 02:00:00,000,1,63,
14/11/2024 03:00:00,000,1,56,
14/11/2024 04:00:00,000,1,54,
14/11/2024 05:00:00,000,1,53,
14/11/2024 06:00:00,000,1,63,
14/11/2024 07:00:00,000,1,82,
14/11/2024 08:00:00,000,2,08,
14/11/2024 09:00:00,000,2,62,
14/11/2024 10:00:00,000,3,29,
14/11/2024 11:00:00,000,3,84,
14/11/2024 12:00:00,000,4,49,
14/11/2024 13:00:00,000,5,07,
14/11/2024 14:00:00,000,5,1,
14/11/2024 15:00:00,000,4,72,
14/11/2024 16:00:00,000,4,36,
14/11/2024 17:00:00,000,4,14,
14/11/2024 18:00:00,000,4,
14/11/2024 19:00:00,000,3,94,
14/11/2024 20:00:00,000,3,83,
14/11/2024 21:00:00,000,3,52,
14/11/2024 22:00:00,000,3,27,
14/11/2024 23:00:00,000,3,25,
15/11/2024 00:00:00,000,3,34,
15/11/2024 01:00:00,000,3,33,
15/11/2024 02:00:00,000,3,26,
15/11/2024 03:00:00,000,3,26,
15/11/2024 04:00:00,000,3,23,
15/11/2024 05:00:00,000,3,04,
15/11/2024 06:00:00,000,2,95,
15/11/2024 07:00:00,000,3,31,
15/11/2024 08:00:00,000,3,94,
15/11/2024 09:00:00,000,4,68,
15/11/2024 10:00:00,000,5,6,
15/11/2024 11:00:00,000,6,26,
15/11/2024 12:00:00,000,6,72,
15/11/2024 13:00:00,000,6,97,
15/11/2024 14:00:00,000,6,79,
15/11/2024 15:00:00,000,6,47,
15/11/2024 16:00:00,000,6,17,
15/11/2024 17:00:00,000,5,76,
15/11/2024 18:00:00,000,5,34,
15/11/2024 19:00:00,000,4,89,
15/11/2024 20:00:00,000,4,42,
15/11/2024 21:00:00,000,3,6,
15/11/2024 22:00:00,000,2,72,
15/11/2024 23:00:00,000,2,49,
16/11/2024 00:00:00,000,2,15,
16/11/2024 01:00:00,000,1,8,
16/11/2024 02:00:00,000,1,61,
16/11/2024 03:00:00,000,1,17,
16/11/2024 04:00:00,000,0,78,
16/11/2024 05:00:00,000,0,62,
16/11/2024 06:00:00,000,0,36,
16/11/2024 07:00:00,000,0,42,
16/11/2024 08:00:00,000,1,09,
16/11/2024 09:00:00,000,1,8,
16/11/2024 10:00:00,000,2,82,
16/11/2024 11:00:00,000,4,59,
16/11/2024 12:00:00,000,6,32,
16/11/2024 13:00:00,000,7,04,
16/11/2024 14:00:00,000,7,01,
16/11/2024 15:00:00,000,6,27,
16/11/2024 16:00:00,000,4,69,
16/11/2024 17:00:00,000,3,25,
16/11/2024 18:00:00,000,2,57,
16/11/2024 19:00:00,000,2,42,
16/11/2024 20:00:00,000,1,72,
16/11/2024 21:00:00,000,0,97,
16/11/2024 22:00:00,000,0,78,
16/11/2024 23:00:00,000,0,38,
17/11/2024 00:00:00,000,-0,1,
17/11/2024 01:00:00,000,-0,21,
17/11/2024 02:00:00,000,0,15,
17/11/2024 03:00:00,000,0,54,
17/11/2024 04:00:00,000,0,48,
17/11/2024 05:00:00,000,0,4,
17/11/2024 06:00:00,000,0,36,
17/11/2024 07:00:00,000,0,49,
17/11/2024 08:00:00,000,1,05,
17/11/2024 09:00:00,000,1,53,
17/11/2024 10:00:00,000,1,84,
17/11/2024 11:00:00,000,2,08,
17/11/2024 12:00:00,000,2,49,
17/11/2024 13:00:00,000,2,9,
17/11/2024 14:00:00,000,3,04,
17/11/2024 15:00:00,000,2,94,
17/11/2024 16:00:00,000,2,54,
17/11/2024 17:00:00,000,2,19,
17/11/2024 18:00:00,000,1,95,
17/11/2024 19:00:00,000,1,87,
17/11/2024 20:00:00,000,1,77,
17/11/2024 21:00:00,000,1,61,
17/11/2024 22:00:00,000,1,47,
17/11/2024 23:00:00,000,1,24,
18/11/2024 00:00:00,000,1,15,
18/11/2024 01:00:00,000,1,23,
18/11/2024 02:00:00,000,1,29,
18/11/2024 03:00:00,000,1,29,
18/11/2024 04:00:00,000,1,28,
18/11/2024 05:00:00,000,1,22,
18/11/2024 06:00:00,000,1,04,
18/11/2024 07:00:00,000,1,05,
18/11/2024 08:00:00,000,1,6,
18/11/2024 09:00:00,000,3,02,
18/11/2024 10:00:00,000,4,1,
18/11/2024 11:00:00,000,4,51,
18/11/2024 12:00:00,000,5,1,
18/11/2024 13:00:00,000,5,54,
18/11/2024 14:00:00,000,5,64,
18/11/2024 15:00:00,000,5,25,
18/11/2024 16:00:00,000,4,53,
18/11/2024 17:00:00,000,4,01,
18/11/2024 18:00:00,000,3,94,
18/11/2024 19:00:00,000,3,96,
18/11/2024 20:00:00,000,3,9,
18/11/2024 21:00:00,000,4,11,
18/11/2024 22:00:00,000,4,33,
18/11/2024 23:00:00,000,4,16,
19/11/2024 00:00:00,000,3,8,
19/11/2024 01:00:00,000,3,29,
19/11/2024 02:00:00,000,3,
19/11/2024 03:00:00,000,3,01,
19/11/2024 04:00:00,000,2,95,
19/11/2024 05:00:00,000,2,75,
19/11/2024 06:00:00,000,2,62,
19/11/2024 07:00:00,000,2,73,
19/11/2024 08:00:00,000,2,94,
19/11/2024 09:00:00,000,3,46,
19/11/2024 10:00:00,000,3,95,
19/11/2024 11:00:00,000,4,28,
19/11/2024 12:00:00,000,4,95,
19/11/2024 13:00:00,000,5,4,
19/11/2024 14:00:00,000,5,35,
19/11/2024 15:00:00,000,5,25,
19/11/2024 16:00:00,000,5,24,
19/11/2024 17:00:00,000,5,27,
19/11/2024 18:00:00,000,5,34,
19/11/2024 19:00:00,000,5,5,
19/11/2024 20:00:00,000,5,68,
19/11/2024 21:00:00,000,5,64,
19/11/2024 22:00:00,000,5,46,
19/11/2024 23:00:00,000,5,53,
20/11/2024 00:00:00,000,5,68,
20/11/2024 01:00:00,000,5,88,
20/11/2024 02:00:00,000,6,12,
20/11/2024 03:00:00,000,6,41,
20/11/2024 04:00:00,000,6,51,
20/11/2024 05:00:00,000,6,51,
20/11/2024 06:00:00,000,6,88,
20/11/2024 07:00:00,000,7,03,
20/11/2024 08:00:00,000,6,54,
20/11/2024 09:00:00,000,5,96,
20/11/2024 10:00:00,000,5,63,
20/11/2024 11:00:00,000,5,04,
20/11/2024 12:00:00,000,4,6,
20/11/2024 13:00:00,000,4,47,
20/11/2024 14:00:00,000,4,37,
20/11/2024 15:00:00,000,4,21,
20/11/2024 16:00:00,000,3,85,
20/11/2024 17:00:00,000,3,33,
20/11/2024 18:00:00,000,2,86,
20/11/2024 19:00:00,000,2,51,
20/11/2024 20:00:00,000,1,68,
20/11/2024 21:00:00,000,1,45,
20/11/2024 22:00:00,000,1,34,
20/11/2024 23:00:00,000,1,18,
21/11/2024 00:00:00,000,0,76,
21/11/2024 01:00:00,000,0,33,
21/11/2024 02:00:00,000,0,31,
21/11/2024 03:00:00,000,-0,04,
21/11/2024 04:00:00,000,-0,1,
21/11/2024 05:00:00,000,0,19,
21/11/2024 06:00:00,000,0,28,
21/11/2024 07:00:00,000,0,28,
21/11/2024 08:00:00,000,1,
21/11/2024 09:00:00,000,1,8,
21/11/2024 10:00:00,000,2,73,
21/11/2024 11:00:00,000,3,62,
21/11/2024 12:00:00,000,4,39,
21/11/2024 13:00:00,000,4,65,
21/11/2024 14:00:00,000,4,04,
21/11/2024 15:00:00,000,3,08,
21/11/2024 16:00:00,000,1,6,
21/11/2024 17:00:00,000,0,67,
21/11/2024 18:00:00,000,0,7,
21/11/2024 19:00:00,000,0,66,
21/11/2024 20:00:00,000,1,08,
21/11/2024 21:00:00,000,1,83,
21/11/2024 22:00:00,000,1,68,
21/11/2024 23:00:00,000,1,37,
22/11/2024 00:00:00,000,1,04,
22/11/2024 01:00:00,000,0,52,
22/11/2024 02:00:00,000,0,47,
22/11/2024 03:00:00,000,0,47,
22/11/2024 04:00:00,000,0,25,
22/11/2024 05:00:00,000,0,19,
22/11/2024 06:00:00,000,0,22,
22/11/2024 07:00:00,000,0,62,
22/11/2024 08:00:00,000,1,
22/11/2024 09:00:00,000,1,17,
22/11/2024 10:00:00,000,1,47,
22/11/2024 11:00:00,000,1,66,
22/11/2024 12:00:00,000,1,96,
22/11/2024 13:00:00,000,2,18,
22/11/2024 14:00:00,000,2,15,
22/11/2024 15:00:00,000,1,99,
22/11/2024 16:00:00,000,1,81,
22/11/2024 17:00:00,000,1,69,
22/11/2024 18:00:00,000,1,55,
22/11/2024 19:00:00,000,1,46,
22/11/2024 20:00:00,000,1,26,
22/11/2024 21:00:00,000,0,94,
22/11/2024 22:00:00,000,0,52,
22/11/2024 23:00:00,000,-0,37,
23/11/2024 00:00:00,000,-0,68,
23/11/2024 01:00:00,000,-0,42,
23/11/2024 02:00:00,000,-0,19,
23/11/2024 03:00:00,000,0,1,
23/11/2024 04:00:00,000,0,1,
23/11/2024 05:00:00,000,0,08,
23/11/2024 06:00:00,000,0,12,
23/11/2024 07:00:00,000,0,19,
23/11/2024 08:00:00,000,0,5,
23/11/2024 09:00:00,000,1,14,
23/11/2024 10:00:00,000,1,98,
23/11/2024 11:00:00,000,2,9,
23/11/2024 12:00:00,000,3,62,
23/11/2024 13:00:00,000,3,84,
23/11/2024 14:00:00,000,3,57,
23/11/2024 15:00:00,000,3,15,
23/11/2024 16:00:00,000,1,82,
23/11/2024 17:00:00,000,0,76,
23/11/2024 18:00:00,000,0,22,
23/11/2024 19:00:00,000,-1,24,
23/11/2024 20:00:00,000,-1,91,
23/11/2024 21:00:00,000,-2,32,
23/11/2024 22:00:00,000,-2,7,
23/11/2024 23:00:00,000,-2,71,
24/11/2024 00:00:00,000,-3,14,
24/11/2024 01:00:00,000,-3,17,
24/11/2024 02:00:00,000,-2,8,
24/11/2024 03:00:00,000,-2,68,
24/11/2024 04:00:00,000,-2,68,
24/11/2024 05:00:00,000,-1,99,
24/11/2024 06:00:00,000,-1,18,
24/11/2024 07:00:00,000,-0,78,
24/11/2024 08:00:00,000,-0,32,
24/11/2024 09:00:00,000,0,34,
24/11/2024 10:00:00,000,1,07,
24/11/2024 11:00:00,000,1,65,
24/11/2024 12:00:00,000,2,07,
24/11/2024 13:00:00,000,2,4,
24/11/2024 14:00:00,000,2,43,
24/11/2024 15:00:00,000,2,24,
24/11/2024 16:00:00,000,1,95,
24/11/2024 17:00:00,000,1,41,
24/11/2024 18:00:00,000,0,83,
24/11/2024 19:00:00,000,0,38,
24/11/2024 20:00:00,000,0,07,
24/11/2024 21:00:00,000,-0,01,
24/11/2024 22:00:00,000,-0,11,
24/11/2024 23:00:00,000,-0,4,
25/11/2024 00:00:00,000,-0,33,
25/11/2024 01:00:00,000,-0,03,
25/11/2024 02:00:00,000,-0,04,
25/11/2024 03:00:00,000,-0,3,
25/11/2024 04:00:00,000,-0,59,
25/11/2024 05:00:00,000,-0,83,
25/11/2024 06:00:00,000,-0,83,
25/11/2024 07:00:00,000,-0,67,
25/11/2024 08:00:00,000,0,12,
25/11/2024 09:00:00,000,1,42,
25/11/2024 10:00:00,000,2,78,
25/11/2024 11:00:00,000,4,16,
25/11/2024 12:00:00,000,5,39,
25/11/2024 13:00:00,000,6,37,
25/11/2024 14:00:00,000,6,63,
25/11/2024 15:00:00,000,5,81,
25/11/2024 16:00:00,000,4,36,
25/11/2024 17:00:00,000,3,61,
25/11/2024 18:00:00,000,3,27,
25/11/2024 19:00:00,000,2,47,
25/11/2024 20:00:00,000,1,86,
25/11/2024 21:00:00,000,1,77,
25/11/2024 22:00:00,000,1,52,
25/11/2024 23:00:00,000,1,24,
26/11/2024 00:00:00,000,1,11,
26/11/2024 01:00:00,000,0,99,
26/11/2024 02:00:00,000,0,83,
26/11/2024 03:00:00,000,0,49,
26/11/2024 04:00:00,000,0,19,
26/11/2024 05:00:00,000,0,43,
26/11/2024 06:00:00,000,1,02,
26/11/2024 07:00:00,000,1,6,
26/11/2024 08:00:00,000,2,73,
26/11/2024 09:00:00,000,4,11,
26/11/2024 10:00:00,000,5,08,
26/11/2024 11:00:00,000,5,51,
26/11/2024 12:00:00,000,5,93,
26/11/2024 13:00:00,000,6,71,
26/11/2024 14:00:00,000,7,
26/11/2024 15:00:00,000,6,5,
26/11/2024 16:00:00,000,6,08,
26/11/2024 17:00:00,000,5,73,
26/11/2024 18:00:00,000,4,87,
26/11/2024 19:00:00,000,4,98,
26/11/2024 20:00:00,000,5,12,
26/11/2024 21:00:00,000,4,56,
26/11/2024 22:00:00,000,3,71,
26/11/2024 23:00:00,000,3,26,
27/11/2024 00:00:00,000,3,53,
27/11/2024 01:00:00,000,3,29,
27/11/2024 02:00:00,000,2,69,
27/11/2024 03:00:00,000,1,55,
27/11/2024 04:00:00,000,1,42,
27/11/2024 05:00:00,000,1,33,
27/11/2024 06:00:00,000,0,61,
27/11/2024 07:00:00,000,0,53,
27/11/2024 08:00:00,000,1,18,
27/11/2024 09:00:00,000,2,61,
27/11/2024 10:00:00,000,3,89,
27/11/2024 11:00:00,000,4,96,
27/11/2024 12:00:00,000,6,07,
27/11/2024 13:00:00,000,6,5,
27/11/2024 14:00:00,000,6,13,
27/11/2024 15:00:00,000,5,66,
27/11/2024 16:00:00,000,5,2,
27/11/2024 17:00:00,000,4,66,
27/11/2024 18:00:00,000,4,49,
27/11/2024 19:00:00,000,4,61,
27/11/2024 20:00:00,000,4,41,
27/11/2024 21:00:00,000,3,72,
27/11/2024 22:00:00,000,3,19,
27/11/2024 23:00:00,000,3,04,
28/11/2024 00:00:00,000,2,87,
28/11/2024 01:00:00,000,3,4,
28/11/2024 02:00:00,000,4,17,
28/11/2024 03:00:00,000,4,22,
28/11/2024 04:00:00,000,4,12,
28/11/2024 05:00:00,000,4,26,
28/11/2024 06:00:00,000,4,31,
28/11/2024 07:00:00,000,4,5,
28/11/2024 08:00:00,000,4,9,
28/11/2024 09:00:00,000,5,25,
28/11/2024 10:00:00,000,5,5,
28/11/2024 11:00:00,000,5,69,
28/11/2024 12:00:00,000,5,79,
28/11/2024 13:00:00,000,5,96,
28/11/2024 14:00:00,000,6,06,
28/11/2024 15:00:00,000,5,89,
28/11/2024 16:00:00,000,5,6,
28/11/2024 17:00:00,000,5,38,
28/11/2024 18:00:00,000,5,14,
28/11/2024 19:00:00,000,4,81,
28/11/2024 20:00:00,000,4,93,
28/11/2024 21:00:00,000,5,23,
28/11/2024 22:00:00,000,5,31,
28/11/2024 23:00:00,000,5,2,
29/11/2024 00:00:00,000,4,88,
29/11/2024 01:00:00,000,4,57,
29/11/2024 02:00:00,000,4,58,
29/11/2024 03:00:00,000,4,64,
29/11/2024 04:00:00,000,4,57,
29/11/2024 05:00:00,000,4,49,
29/11/2024 06:00:00,000,4,28,
29/11/2024 07:00:00,000,4,11,
29/11/2024 08:00:00,000,4,26,
29/11/2024 09:00:00,000,4,72,
29/11/2024 10:00:00,000,5,29,
29/11/2024 11:00:00,000,5,81,
29/11/2024 12:00:00,000,6,24,
29/11/2024 13:00:00,000,6,35,
29/11/2024 14:00:00,000,6,04,
29/11/2024 15:00:00,000,5,63,
29/11/2024 16:00:00,000,5,26,
29/11/2024 17:00:00,000,5,09,
29/11/2024 18:00:00,000,5,13,
29/11/2024 19:00:00,000,5,07,
29/11/2024 20:00:00,000,4,84,
29/11/2024 21:00:00,000,4,55,
29/11/2024 22:00:00,000,4,33,
29/11/2024 23:00:00,000,4,22,
30/11/2024 00:00:00,000,4,12,
30/11/2024 01:00:00,000,3,98,
30/11/2024 02:00:00,000,3,64,
30/11/2024 03:00:00,000,3,51,
30/11/2024 04:00:00,000,3,71,
30/11/2024 05:00:00,000,3,5,
30/11/2024 06:00:00,000,3,21,
30/11/2024 07:00:00,000,3,3,
30/11/2024 08:00:00,000,3,81,
30/11/2024 09:00:00,000,4,93,
30/11/2024 10:00:00,000,5,96,
30/11/2024 11:00:00,000,6,47,
30/11/2024 12:00:00,000,6,69,
30/11/2024 13:00:00,000,6,78,
30/11/2024 14:00:00,000,6,48,
30/11/2024 15:00:00,000,5,43,
30/11/2024 16:00:00,000,4,38,
30/11/2024 17:00:00,000,3,83,
30/11/2024 18:00:00,000,3,35,
30/11/2024 19:00:00,000,3,03,
30/11/2024 20:00:00,000,2,36,
30/11/2024 21:00:00,000,1,5,
30/11/2024 22:00:00,000,0,86,
30/11/2024 23:00:00,000,0,07,
01/12/2024 00:00:00,000,-0,4,
01/12/2024 01:00:00,000,-0,7,
01/12/2024 02:00:00,000,-0,92,
01/12/2024 03:00:00,000,-0,83,
01/12/2024 04:00:00,000,-0,69,
01/12/2024 05:00:00,000,-0,83,
01/12/2024 06:00:00,000,-1,02,
01/12/2024 07:00:00,000,-0,79,
01/12/2024 08:00:00,000,0,31,
01/12/2024 09:00:00,000,2,27,
01/12/2024 10:00:00,000,4,03,
01/12/2024 11:00:00,000,5,17,
01/12/2024 12:00:00,000,6,13,
01/12/2024 13:00:00,000,6,73,
01/12/2024 14:00:00,000,6,67,
01/12/2024 15:00:00,000,5,69,
01/12/2024 16:00:00,000,3,64,
01/12/2024 17:00:00,000,2,23,
01/12/2024 18:00:00,000,1,6,
01/12/2024 19:00:00,000,0,98,
01/12/2024 20:00:00,000,0,45,
01/12/2024 21:00:00,000,-0,04,
01/12/2024 22:00:00,000,-0,34,
01/12/2024 23:00:00,000,-0,44,
02/12/2024 00:00:00,000,-0,17,
02/12/2024 01:00:00,000,-0,04,
02/12/2024 02:00:00,000,-0,07,
02/12/2024 03:00:00,000,-0,56,
02/12/2024 04:00:00,000,-0,83,
02/12/2024 05:00:00,000,-0,43,
02/12/2024 06:00:00,000,-0,33,
02/12/2024 07:00:00,000,-0,37,
02/12/2024 08:00:00,000,0,05,
02/12/2024 09:00:00,000,0,77,
02/12/2024 10:00:00,000,1,95,
02/12/2024 11:00:00,000,3,96,
02/12/2024 12:00:00,000,5,31,
02/12/2024 13:00:00,000,5,53,
02/12/2024 14:00:00,000,5,5,
02/12/2024 15:00:00,000,4,55,
02/12/2024 16:00:00,000,2,68,
02/12/2024 17:00:00,000,1,14,
02/12/2024 18:00:00,000,0,33,
02/12/2024 19:00:00,000,0,17,
02/12/2024 20:00:00,000,0,1,
02/12/2024 21:00:00,000,-0,33,
02/12/2024 22:00:00,000,-0,8,
02/12/2024 23:00:00,000,-0,85,
03/12/2024 00:00:00,000,-0,91,
03/12/2024 01:00:00,000,-1,25,
03/12/2024 02:00:00,000,-1,32,
03/12/2024 03:00:00,000,-1,06,
03/12/2024 04:00:00,000,-1,01,
03/12/2024 05:00:00,000,-1,05,
03/12/2024 06:00:00,000,-0,67,
03/12/2024 07:00:00,000,-0,2,
03/12/2024 08:00:00,000,0,34,
03/12/2024 09:00:00,000,0,98,
03/12/2024 10:00:00,000,1,6,
03/12/2024 11:00:00,000,2,23,
03/12/2024 12:00:00,000,2,77,
03/12/2024 13:00:00,000,3,11,
03/12/2024 14:00:00,000,3,13,
03/12/2024 15:00:00,000,2,96,
03/12/2024 16:00:00,000,2,91,
03/12/2024 17:00:00,000,2,92,
03/12/2024 18:00:00,000,2,89,
03/12/2024 19:00:00,000,2,73,
03/12/2024 20:00:00,000,2,57,
03/12/2024 21:00:00,000,2,5,
03/12/2024 22:00:00,000,2,44,
03/12/2024 23:00:00,000,2,38,
04/12/2024 00:00:00,000,2,21,
04/12/2024 01:00:00,000,1,8,
04/12/2024 02:00:00,000,1,41,
04/12/2024 03:00:00,000,1,
04/12/2024 04:00:00,000,0,96,
04/12/2024 05:00:00,000,1,14,
04/12/2024 06:00:00,000,1,1,
04/12/2024 07:00:00,000,1,39,
04/12/2024 08:00:00,000,1,93,
04/12/2024 09:00:00,000,2,52,
04/12/2024 10:00:00,000,3,15,
04/12/2024 11:00:00,000,3,9,
04/12/2024 12:00:00,000,4,56,
04/12/2024 13:00:00,000,4,97,
04/12/2024 14:00:00,000,4,92,
04/12/2024 15:00:00,000,4,55,
04/12/2024 16:00:00,000,4,12,
04/12/2024 17:00:00,000,3,92,
04/12/2024 18:00:00,000,3,67,
04/12/2024 19:00:00,000,3,28,
04/12/2024 20:00:00,000,2,93,
04/12/2024 21:00:00,000,2,53,
04/12/2024 22:00:00,000,1,99,
04/12/2024 23:00:00,000,1,63,
05/12/2024 00:00:00,000,1,52,
05/12/2024 01:00:00,000,1,73,
05/12/2024 02:00:00,000,2,16,
05/12/2024 03:00:00,000,2,
05/12/2024 04:00:00,000,1,86,
05/12/2024 05:00:00,000,1,58,
05/12/2024 06:00:00,000,1,06,
05/12/2024 07:00:00,000,1,1,
05/12/2024 08:00:00,000,1,56,
05/12/2024 09:00:00,000,2,29,
05/12/2024 10:00:00,000,3,12,
05/12/2024 11:00:00,000,3,81,
05/12/2024 12:00:00,000,4,31,
05/12/2024 13:00:00,000,4,33,
05/12/2024 14:00:00,000,4,
05/12/2024 15:00:00,000,3,18,
05/12/2024 16:00:00,000,2,12,
05/12/2024 17:00:00,000,1,52,
05/12/2024 18:00:00,000,0,95,
05/12/2024 19:00:00,000,0,04,
05/12/2024 20:00:00,000,-0,79,
05/12/2024 21:00:00,000,-1,29,
05/12/2024 22:00:00,000,-1,6,
05/12/2024 23:00:00,000,-1,43,
06/12/2024 00:00:00,000,-1,33,
06/12/2024 01:00:00,000,-1,7,
06/12/2024 02:00:00,000,-1,81,
06/12/2024 03:00:00,000,-1,77,
06/12/2024 04:00:00,000,-1,76,
06/12/2024 05:00:00,000,-1,39,
06/12/2024 06:00:00,000,-0,41,
06/12/2024 07:00:00,000,0,39,
06/12/2024 08:00:00,000,1,
06/12/2024 09:00:00,000,1,72,
06/12/2024 10:00:00,000,1,65,
06/12/2024 11:00:00,000,1,12,
06/12/2024 12:00:00,000,0,74,
06/12/2024 13:00:00,000,0,52,
06/12/2024 14:00:00,000,0,44,
06/12/2024 15:00:00,000,0,44,
06/12/2024 16:00:00,000,0,32,
06/12/2024 17:00:00,000,0,26,
06/12/2024 18:00:00,000,0,41,
06/12/2024 19:00:00,000,0,53,
06/12/2024 20:00:00,000,0,66,
06/12/2024 21:00:00,000,0,8,
06/12/2024 22:00:00,000,1,14,
06/12/2024 23:00:00,000,1,95,
07/12/2024 00:00:00,000,2,37,
07/12/2024 01:00:00,000,1,57,
07/12/2024 02:00:00,000,1,5,
07/12/2024 03:00:00,000,2,16,
07/12/2024 04:00:00,000,2,01,
07/12/2024 05:00:00,000,1,88,
07/12/2024 06:00:00,000,1,97,
07/12/2024 07:00:00,000,1,65,
07/12/2024 08:00:00,000,1,57,
07/12/2024 09:00:00,000,2,11,
07/12/2024 10:00:00,000,2,66,
07/12/2024 11:00:00,000,2,5,
07/12/2024 12:00:00,000,1,93,
07/12/2024 13:00:00,000,1,78,
07/12/2024 14:00:00,000,1,69,
07/12/2024 15:00:00,000,1,54,
07/12/2024 16:00:00,000,1,39,
07/12/2024 17:00:00,000,1,42,
07/12/2024 18:00:00,000,1,66,
07/12/2024 19:00:00,000,2,
07/12/2024 20:00:00,000,2,01,
07/12/2024 21:00:00,000,1,89,
07/12/2024 22:00:00,000,2,01,
07/12/2024 23:00:00,000,2,07,
08/12/2024 00:00:00,000,2,
08/12/2024 01:00:00,000,1,93,
08/12/2024 02:00:00,000,1,85,
08/12/2024 03:00:00,000,1,69,
08/12/2024 04:00:00,000,1,58,
08/12/2024 05:00:00,000,1,49,
08/12/2024 06:00:00,000,1,41,
08/12/2024 07:00:00,000,1,47,
08/12/2024 08:00:00,000,1,63,
08/12/2024 09:00:00,000,2,12,
08/12/2024 10:00:00,000,2,69,
08/12/2024 11:00:00,000,3,18,
08/12/2024 12:00:00,000,3,75,
08/12/2024 13:00:00,000,3,91,
08/12/2024 14:00:00,000,3,62,
08/12/2024 15:00:00,000,3,07,
08/12/2024 16:00:00,000,2,34,
08/12/2024 17:00:00,000,1,47,
08/12/2024 18:00:00,000,1,02,
08/12/2024 19:00:00,000,0,77,
08/12/2024 20:00:00,000,0,59,
08/12/2024 21:00:00,000,0,66,
08/12/2024 22:00:00,000,0,83,
08/12/2024 23:00:00,000,1,14,
09/12/2024 00:00:00,000,1,33,
09/12/2024 01:00:00,000,1,52,
09/12/2024 02:00:00,000,1,57,
09/12/2024 03:00:00,000,1,7,
09/12/2024 04:00:00,000,1,97,
09/12/2024 05:00:00,000,2,22,
09/12/2024 06:00:00,000,2,37,
09/12/2024 07:00:00,000,2,5,
09/12/2024 08:00:00,000,2,83,
09/12/2024 09:00:00,000,3,29,
09/12/2024 10:00:00,000,3,72,
09/12/2024 11:00:00,000,3,97,
09/12/2024 12:00:00,000,4,04,
09/12/2024 13:00:00,000,4,14,
09/12/2024 14:00:00,000,4,19,
09/12/2024 15:00:00,000,3,99,
09/12/2024 16:00:00,000,3,75,
09/12/2024 17:00:00,000,3,61,
09/12/2024 18:00:00,000,3,55,
09/12/2024 19:00:00,000,3,57,
09/12/2024 20:00:00,000,3,56,
09/12/2024 21:00:00,000,3,47,
09/12/2024 22:00:00,000,3,49,
09/12/2024 23:00:00,000,3,43,
10/12/2024 00:00:00,000,3,2,
10/12/2024 01:00:00,000,3,22,
10/12/2024 02:00:00,000,3,32,
10/12/2024 03:00:00,000,3,23,
10/12/2024 04:00:00,000,3,11,
10/12/2024 05:00:00,000,2,92,
10/12/2024 06:00:00,000,2,66,
10/12/2024 07:00:00,000,2,61,
10/12/2024 08:00:00,000,2,88,
10/12/2024 09:00:00,000,3,21,
10/12/2024 10:00:00,000,3,27,
10/12/2024 11:00:00,000,3,37,
10/12/2024 12:00:00,000,3,67,
10/12/2024 13:00:00,000,3,59,
10/12/2024 14:00:00,000,3,24,
10/12/2024 15:00:00,000,2,92,
10/12/2024 16:00:00,000,2,55,
10/12/2024 17:00:00,000,2,34,
10/12/2024 18:00:00,000,2,25,
10/12/2024 19:00:00,000,2,12,
10/12/2024 20:00:00,000,1,89,
10/12/2024 21:00:00,000,1,62,
10/12/2024 22:00:00,000,1,5,
10/12/2024 23:00:00,000,1,39,
11/12/2024 00:00:00,000,1,14,
11/12/2024 01:00:00,000,0,89,
11/12/2024 02:00:00,000,0,68,
11/12/2024 03:00:00,000,0,47,
11/12/2024 04:00:00,000,0,4,
11/12/2024 05:00:00,000,0,4,
11/12/2024 06:00:00,000,0,38,
11/12/2024 07:00:00,000,0,43,
11/12/2024 08:00:00,000,0,68,
11/12/2024 09:00:00,000,1,1,
11/12/2024 10:00:00,000,1,51,
11/12/2024 11:00:00,000,1,77,
11/12/2024 12:00:00,000,1,86,
11/12/2024 13:00:00,000,1,95,
11/12/2024 14:00:00,000,1,93,
11/12/2024 15:00:00,000,1,74,
11/12/2024 16:00:00,000,1,49,
11/12/2024 17:00:00,000,1,37,
11/12/2024 18:00:00,000,1,39,
11/12/2024 19:00:00,000,1,28,
11/12/2024 20:00:00,000,0,81,
11/12/2024 21:00:00,000,0,37,
11/12/2024 22:00:00,000,0,06,
11/12/2024 23:00:00,000,0,11,
12/12/2024 00:00:00,000,0,26,
12/12/2024 01:00:00,000,0,14,
12/12/2024 02:00:00,000,0,39,
12/12/2024 03:00:00,000,0,64,
12/12/2024 04:00:00,000,0,55,
12/12/2024 05:00:00,000,0,44,
12/12/2024 06:00:00,000,0,55,
12/12/2024 07:00:00,000,0,54,
12/12/2024 08:00:00,000,0,79,
12/12/2024 09:00:00,000,1,57,
12/12/2024 10:00:00,000,2,38,
12/12/2024 11:00:00,000,3,05,
12/12/2024 12:00:00,000,3,4,
12/12/2024 13:00:00,000,3,25,
12/12/2024 14:00:00,000,2,8,
12/12/2024 15:00:00,000,2,24,
12/12/2024 16:00:00,000,1,75,
12/12/2024 17:00:00,000,1,51,
12/12/2024 18:00:00,000,1,44,
12/12/2024 19:00:00,000,1,39,
12/12/2024 20:00:00,000,1,28,
12/12/2024 21:00:00,000,0,83,
12/12/2024 22:00:00,000,0,43,
12/12/2024 23:00:00,000,0,46,
13/12/2024 00:00:00,000,0,46,
13/12/2024 01:00:00,000,0,51,
13/12/2024 02:00:00,000,0,53,
13/12/2024 03:00:00,000,0,47,
13/12/2024 04:00:00,000,0,45,
13/12/2024 05:00:00,000,0,48,
13/12/2024 06:00:00,000,0,53,
13/12/2024 07:00:00,000,0,39,
13/12/2024 08:00:00,000,0,42,
13/12/2024 09:00:00,000,0,71,
13/12/2024 10:00:00,000,0,78,
13/12/2024 11:00:00,000,0,77,
13/12/2024 12:00:00,000,0,89,
13/12/2024 13:00:00,000,1,04,
13/12/2024 14:00:00,000,1,11,
13/12/2024 15:00:00,000,0,97,
13/12/2024 16:00:00,000,0,56,
13/12/2024 17:00:00,000,0,3,
13/12/2024 18:00:00,000,0,25,
13/12/2024 19:00:00,000,0,2,
13/12/2024 20:00:00,000,0,31,
13/12/2024 21:00:00,000,0,42,
13/12/2024 22:00:00,000,0,36,
13/12/2024 23:00:00,000,0,3,
14/12/2024 00:00:00,000,0,18,
14/12/2024 01:00:00,000,0,12,
14/12/2024 02:00:00,000,-0,02,
14/12/2024 03:00:00,000,-0,18,
14/12/2024 04:00:00,000,-0,11,
14/12/2024 05:00:00,000,-0,19,
14/12/2024 06:00:00,000,-0,38,
14/12/2024 07:00:00,000,-0,42,
14/12/2024 08:00:00,000,-0,28,
14/12/2024 09:00:00,000,0,
14/12/2024 10:00:00,000,0,31,
14/12/2024 11:00:00,000,0,54,
14/12/2024 12:00:00,000,0,83,
14/12/2024 13:00:00,000,1,03,
14/12/2024 14:00:00,000,1,
14/12/2024 15:00:00,000,0,8,
14/12/2024 16:00:00,000,0,4,
14/12/2024 17:00:00,000,0,24,
14/12/2024 18:00:00,000,0,17,
14/12/2024 19:00:00,000,-0,06,
14/12/2024 20:00:00,000,-0,04,
14/12/2024 21:00:00,000,0,21,
14/12/2024 22:00:00,000,1,
14/12/2024 23:00:00,000,1,78,
15/12/2024 00:00:00,000,1,93,
15/12/2024 01:00:00,000,1,92,
15/12/2024 02:00:00,000,1,94,
15/12/2024 03:00:00,000,1,96,
15/12/2024 04:00:00,000,1,97,
15/12/2024 05:00:00,000,1,93,
15/12/2024 06:00:00,000,1,97,
15/12/2024 07:00:00,000,2,14,
15/12/2024 08:00:00,000,2,22,
15/12/2024 09:00:00,000,2,43,
15/12/2024 10:00:00,000,2,94,
15/12/2024 11:00:00,000,3,66,
15/12/2024 12:00:00,000,4,15,
15/12/2024 13:00:00,000,4,37,
15/12/2024 14:00:00,000,4,54,
15/12/2024 15:00:00,000,4,31,
15/12/2024 16:00:00,000,3,9,
15/12/2024 17:00:00,000,3,54,
15/12/2024 18:00:00,000,3,25,
15/12/2024 19:00:00,000,3,16,
15/12/2024 20:00:00,000,3,3,
15/12/2024 21:00:00,000,3,45,
15/12/2024 22:00:00,000,3,37,
15/12/2024 23:00:00,000,3,42,
16/12/2024 00:00:00,000,3,45,
16/12/2024 01:00:00,000,3,49,
16/12/2024 02:00:00,000,3,66,
16/12/2024 03:00:00,000,3,89,
16/12/2024 04:00:00,000,4,37,
16/12/2024 05:00:00,000,4,87,
16/12/2024 06:00:00,000,4,94,
16/12/2024 07:00:00,000,4,76,
16/12/2024 08:00:00,000,5,15,
16/12/2024 09:00:00,000,5,95,
16/12/2024 10:00:00,000,6,95,
16/12/2024 11:00:00,000,8,09,
16/12/2024 12:00:00,000,8,59,
16/12/2024 13:00:00,000,8,8,
16/12/2024 14:00:00,000,8,81,
16/12/2024 15:00:00,000,8,37,
16/12/2024 16:00:00,000,8,09,
16/12/2024 17:00:00,000,8,03,
16/12/2024 18:00:00,000,7,47,
16/12/2024 19:00:00,000,7,11,
16/12/2024 20:00:00,000,6,61,
16/12/2024 21:00:00,000,6,13,
16/12/2024 22:00:00,000,6,24,
16/12/2024 23:00:00,000,6,17,
17/12/2024 00:00:00,000,6,4,
17/12/2024 01:00:00,000,6,61,
17/12/2024 02:00:00,000,6,53,
17/12/2024 03:00:00,000,6,19,
17/12/2024 04:00:00,000,6,24,
17/12/2024 05:00:00,000,6,42,
17/12/2024 06:00:00,000,6,16,
17/12/2024 07:00:00,000,6,05,
17/12/2024 08:00:00,000,6,23,
17/12/2024 09:00:00,000,6,54,
17/12/2024 10:00:00,000,7,14,
17/12/2024 11:00:00,000,8,04,
17/12/2024 12:00:00,000,8,86,
17/12/2024 13:00:00,000,9,26,
17/12/2024 14:00:00,000,9,18,
17/12/2024 15:00:00,000,8,89,
17/12/2024 16:00:00,000,8,32,
17/12/2024 17:00:00,000,7,47,
17/12/2024 18:00:00,000,6,43,
17/12/2024 19:00:00,000,5,74,
17/12/2024 20:00:00,000,5,46,
17/12/2024 21:00:00,000,5,37,
17/12/2024 22:00:00,000,5,17,
17/12/2024 23:00:00,000,4,86,
18/12/2024 00:00:00,000,4,39,
18/12/2024 01:00:00,000,3,24,
18/12/2024 02:00:00,000,2,66,
18/12/2024 03:00:00,000,2,46,
18/12/2024 04:00:00,000,2,13,
18/12/2024 05:00:00,000,1,77,
18/12/2024 06:00:00,000,1,27,
18/12/2024 07:00:00,000,0,93,
18/12/2024 08:00:00,000,0,71,
18/12/2024 09:00:00,000,1,73,
18/12/2024 10:00:00,000,3,48,
18/12/2024 11:00:00,000,4,53,
18/12/2024 12:00:00,000,4,99,
18/12/2024 13:00:00,000,5,16,
18/12/2024 14:00:00,000,5,03,
18/12/2024 15:00:00,000,4,5,
18/12/2024 16:00:00,000,3,73,
18/12/2024 17:00:00,000,3,24,
18/12/2024 18:00:00,000,3,16,
18/12/2024 19:00:00,000,3,02,
18/12/2024 20:00:00,000,2,83,
18/12/2024 21:00:00,000,2,77,
18/12/2024 22:00:00,000,3,01,
18/12/2024 23:00:00,000,3,38,
19/12/2024 00:00:00,000,3,45,
19/12/2024 01:00:00,000,3,2,
19/12/2024 02:00:00,000,2,68,
19/12/2024 03:00:00,000,2,17,
19/12/2024 04:00:00,000,1,91,
19/12/2024 05:00:00,000,1,85,
19/12/2024 06:00:00,000,1,66,
19/12/2024 07:00:00,000,1,42,
19/12/2024 08:00:00,000,1,7,
19/12/2024 09:00:00,000,2,35,
19/12/2024 10:00:00,000,3,04,
19/12/2024 11:00:00,000,3,57,
19/12/2024 12:00:00,000,4,05,
19/12/2024 13:00:00,000,4,53,
19/12/2024 14:00:00,000,4,85,
19/12/2024 15:00:00,000,4,48,
19/12/2024 16:00:00,000,4,
19/12/2024 17:00:00,000,3,99,
19/12/2024 18:00:00,000,3,88,
19/12/2024 19:00:00,000,4,07,
19/12/2024 20:00:00,000,4,39,
19/12/2024 21:00:00,000,4,35,
19/12/2024 22:00:00,000,4,14,
19/12/2024 23:00:00,000,3,89,
20/12/2024 00:00:00,000,3,8,
20/12/2024 01:00:00,000,4,14,
20/12/2024 02:00:00,000,4,64,
20/12/2024 03:00:00,000,5,06,
20/12/2024 04:00:00,000,5,25,
20/12/2024 05:00:00,000,5,28,
20/12/2024 06:00:00,000,5,15,
20/12/2024 07:00:00,000,4,92,
20/12/2024 08:00:00,000,4,86,
20/12/2024 09:00:00,000,4,96,
20/12/2024 10:00:00,000,5,43,
20/12/2024 11:00:00,000,5,9,
20/12/2024 12:00:00,000,6,06,
20/12/2024 13:00:00,000,6,11,
20/12/2024 14:00:00,000,6,
20/12/2024 15:00:00,000,5,84,
20/12/2024 16:00:00,000,5,62,
20/12/2024 17:00:00,000,5,29,
20/12/2024 18:00:00,000,5,03,
20/12/2024 19:00:00,000,4,67,
20/12/2024 20:00:00,000,4,17,
20/12/2024 21:00:00,000,3,75,
20/12/2024 22:00:00,000,3,5,
20/12/2024 23:00:00,000,3,27,
21/12/2024 00:00:00,000,2,84,
21/12/2024 01:00:00,000,2,33,
21/12/2024 02:00:00,000,2,
21/12/2024 03:00:00,000,1,85,
21/12/2024 04:00:00,000,1,89,
21/12/2024 05:00:00,000,1,93,
21/12/2024 06:00:00,000,1,51,
21/12/2024 07:00:00,000,1,26,
21/12/2024 08:00:00,000,1,73,
21/12/2024 09:00:00,000,2,72,
21/12/2024 10:00:00,000,3,85,
21/12/2024 11:00:00,000,4,59,
21/12/2024 12:00:00,000,5,07,
21/12/2024 13:00:00,000,5,37,
21/12/2024 14:00:00,000,5,14,
21/12/2024 15:00:00,000,4,25,
21/12/2024 16:00:00,000,2,95,
21/12/2024 17:00:00,000,1,71,
21/12/2024 18:00:00,000,0,94,
21/12/2024 19:00:00,000,0,2,
21/12/2024 20:00:00,000,-0,53,
21/12/2024 21:00:00,000,-1,43,
21/12/2024 22:00:00,000,-2,11,
21/12/2024 23:00:00,000,-2,01,
22/12/2024 00:00:00,000,-2,12,
22/12/2024 01:00:00,000,-2,48,
22/12/2024 02:00:00,000,-2,29,
22/12/2024 03:00:00,000,-2,02,
22/12/2024 04:00:00,000,-1,87,
22/12/2024 05:00:00,000,-1,56,
22/12/2024 06:00:00,000,-1,2,
22/12/2024 07:00:00,000,-0,82,
22/12/2024 08:00:00,000,-0,68,
22/12/2024 09:00:00,000,-0,38,
22/12/2024 10:00:00,000,0,08,
22/12/2024 11:00:00,000,0,49,
22/12/2024 12:00:00,000,1,12,
22/12/2024 13:00:00,000,1,8,
22/12/2024 14:00:00,000,2,19,
22/12/2024 15:00:00,000,2,08,
22/12/2024 16:00:00,000,1,43,
22/12/2024 17:00:00,000,0,87,
22/12/2024 18:00:00,000,0,7,
22/12/2024 19:00:00,000,0,55,
22/12/2024 20:00:00,000,0,41,
22/12/2024 21:00:00,000,0,26,
22/12/2024 22:00:00,000,0,12,
22/12/2024 23:00:00,000,0,02,
23/12/2024 00:00:00,000,-0,1,
23/12/2024 01:00:00,000,-0,2,
23/12/2024 02:00:00,000,-0,33,
23/12/2024 03:00:00,000,-0,48,
23/12/2024 04:00:00,000,-0,49,
23/12/2024 05:00:00,000,0,45,
23/12/2024 06:00:00,000,1,33,
23/12/2024 07:00:00,000,1,39,
23/12/2024 08:00:00,000,1,47,
23/12/2024 09:00:00,000,1,47,
23/12/2024 10:00:00,000,1,49,
23/12/2024 11:00:00,000,1,73,
23/12/2024 12:00:00,000,2,12,
23/12/2024 13:00:00,000,2,42,
23/12/2024 14:00:00,000,2,59,
23/12/2024 15:00:00,000,2,55,
23/12/2024 16:00:00,000,2,54,
23/12/2024 17:00:00,000,2,6,
23/12/2024 18:00:00,000,2,52,
23/12/2024 19:00:00,000,2,48,
23/12/2024 20:00:00,000,2,57,
23/12/2024 21:00:00,000,2,68,
23/12/2024 22:00:00,000,2,48,
23/12/2024 23:00:00,000,2,22,
24/12/2024 00:00:00,000,2,09,
24/12/2024 01:00:00,000,2,08,
24/12/2024 02:00:00,000,2,17,
24/12/2024 03:00:00,000,2,3,
24/12/2024 04:00:00,000,2,51,
24/12/2024 05:00:00,000,2,6,
24/12/2024 06:00:00,000,2,57,
24/12/2024 07:00:00,000,2,63,
24/12/2024 08:00:00,000,2,89,
24/12/2024 09:00:00,000,3,31,
24/12/2024 10:00:00,000,3,73,
24/12/2024 11:00:00,000,4,11,
24/12/2024 12:00:00,000,4,26,
24/12/2024 13:00:00,000,4,16,
24/12/2024 14:00:00,000,4,08,
24/12/2024 15:00:00,000,3,98,
24/12/2024 16:00:00,000,3,8,
24/12/2024 17:00:00,000,3,65,
24/12/2024 18:00:00,000,3,55,
24/12/2024 19:00:00,000,3,43,
24/12/2024 20:00:00,000,3,32,
24/12/2024 21:00:00,000,3,22,
24/12/2024 22:00:00,000,3,11,
24/12/2024 23:00:00,000,2,96,
25/12/2024 00:00:00,000,2,9,
25/12/2024 01:00:00,000,2,9,
25/12/2024 02:00:00,000,2,91,
25/12/2024 03:00:00,000,2,74,
25/12/2024 04:00:00,000,2,64,
25/12/2024 05:00:00,000,2,54,
25/12/2024 06:00:00,000,2,4,
25/12/2024 07:00:00,000,2,36,
25/12/2024 08:00:00,000,2,63,
25/12/2024 09:00:00,000,3,23,
25/12/2024 10:00:00,000,3,75,
25/12/2024 11:00:00,000,4,15,
25/12/2024 12:00:00,000,4,26,
25/12/2024 13:00:00,000,4,13,
25/12/2024 14:00:00,000,3,69,
25/12/2024 15:00:00,000,2,86,
25/12/2024 16:00:00,000,2,15,
25/12/2024 17:00:00,000,1,76,
25/12/2024 18:00:00,000,1,58,
25/12/2024 19:00:00,000,1,39,
25/12/2024 20:00:00,000,0,89,
25/12/2024 21:00:00,000,0,43,
25/12/2024 22:00:00,000,0,03,
25/12/2024 23:00:00,000,-0,37,
26/12/2024 00:00:00,000,-0,64,
26/12/2024 01:00:00,000,-1,08,
26/12/2024 02:00:00,000,-1,17,
26/12/2024 03:00:00,000,-1,08,
26/12/2024 04:00:00,000,-1,19,
26/12/2024 05:00:00,000,-1,28,
26/12/2024 06:00:00,000,-1,54,
26/12/2024 07:00:00,000,-1,65,
26/12/2024 08:00:00,000,-1,01,
26/12/2024 09:00:00,000,0,57,
26/12/2024 10:00:00,000,2,28,
26/12/2024 11:00:00,000,3,66,
26/12/2024 12:00:00,000,4,54,
26/12/2024 13:00:00,000,4,85,
26/12/2024 14:00:00,000,4,76,
26/12/2024 15:00:00,000,3,57,
26/12/2024 16:00:00,000,1,79,
26/12/2024 17:00:00,000,0,46,
26/12/2024 18:00:00,000,-0,51,
26/12/2024 19:00:00,000,-1,4,
26/12/2024 20:00:00,000,-2,42,
26/12/2024 21:00:00,000,-2,82,
26/12/2024 22:00:00,000,-2,55,
26/12/2024 23:00:00,000,-2,65,
27/12/2024 00:00:00,000,-2,82,
27/12/2024 01:00:00,000,-3,12,
27/12/2024 02:00:00,000,-3,41,
27/12/2024 03:00:00,000,-3,74,
27/12/2024 04:00:00,000,-4,11,
27/12/2024 05:00:00,000,-4,16,
27/12/2024 06:00:00,000,-4,25,
27/12/2024 07:00:00,000,-3,43,
27/12/2024 08:00:00,000,-2,
27/12/2024 09:00:00,000,-0,24,
27/12/2024 10:00:00,000,1,94,
27/12/2024 11:00:00,000,3,87,
27/12/2024 12:00:00,000,5,68,
27/12/2024 13:00:00,000,6,68,
27/12/2024 14:00:00,000,6,28,
27/12/2024 15:00:00,000,5,2,
27/12/2024 16:00:00,000,3,38,
27/12/2024 17:00:00,000,2,05,
27/12/2024 18:00:00,000,1,83,
27/12/2024 19:00:00,000,1,17,
27/12/2024 20:00:00,000,0,59,
27/12/2024 21:00:00,000,0,53,
27/12/2024 22:00:00,000,0,31,
27/12/2024 23:00:00,000,0,03,
28/12/2024 00:00:00,000,-0,63,
28/12/2024 01:00:00,000,-1,07,
28/12/2024 02:00:00,000,-0,93,
28/12/2024 03:00:00,000,-0,9,
28/12/2024 04:00:00,000,-1,09,
28/12/2024 05:00:00,000,-1,52,
28/12/2024 06:00:00,000,-1,98,
28/12/2024 07:00:00,000,-2,12,
28/12/2024 08:00:00,000,-1,28,
28/12/2024 09:00:00,000,0,18,
28/12/2024 10:00:00,000,2,18,
28/12/2024 11:00:00,000,4,47,
28/12/2024 12:00:00,000,6,15,
28/12/2024 13:00:00,000,7,04,
28/12/2024 14:00:00,000,7,02,
28/12/2024 15:00:00,000,5,31,
28/12/2024 16:00:00,000,3,21,
28/12/2024 17:00:00,000,2,1,
28/12/2024 18:00:00,000,1,2,
28/12/2024 19:00:00,000,0,33,
28/12/2024 20:00:00,000,-0,39,
28/12/2024 21:00:00,000,-0,92,
28/12/2024 22:00:00,000,-1,44,
28/12/2024 23:00:00,000,-1,71,
29/12/2024 00:00:00,000,-1,88,
29/12/2024 01:00:00,000,-2,44,
29/12/2024 02:00:00,000,-2,86,
29/12/2024 03:00:00,000,-2,93,
29/12/2024 04:00:00,000,-2,88,
29/12/2024 05:00:00,000,-2,99,
29/12/2024 06:00:00,000,-3,3,
29/12/2024 07:00:00,000,-3,56,
29/12/2024 08:00:00,000,-3,32,
29/12/2024 09:00:00,000,-2,39,
29/12/2024 10:00:00,000,-1,43,
29/12/2024 11:00:00,000,-0,29,
29/12/2024 12:00:00,000,0,53,
29/12/2024 13:00:00,000,1,06,
29/12/2024 14:00:00,000,1,34,
29/12/2024 15:00:00,000,0,44,
29/12/2024 16:00:00,000,-1,12,
29/12/2024 17:00:00,000,-2,35,
29/12/2024 18:00:00,000,-2,52,
29/12/2024 19:00:00,000,-2,73,
29/12/2024 20:00:00,000,-3,15,
29/12/2024 21:00:00,000,-3,17,
29/12/2024 22:00:00,000,-3,35,
29/12/2024 23:00:00,000,-3,5,
30/12/2024 00:00:00,000,-3,63,
30/12/2024 01:00:00,000,-3,68,
30/12/2024 02:00:00,000,-3,44,
30/12/2024 03:00:00,000,-2,89,
30/12/2024 04:00:00,000,-2,36,
30/12/2024 05:00:00,000,-2,15,
30/12/2024 06:00:00,000,-2,24,
30/12/2024 07:00:00,000,-2,43,
30/12/2024 08:00:00,000,-2,51,
30/12/2024 09:00:00,000,-2,43,
30/12/2024 10:00:00,000,-2,34,
30/12/2024 11:00:00,000,-2,35,
30/12/2024 12:00:00,000,-2,27,
30/12/2024 13:00:00,000,-2,15,
30/12/2024 14:00:00,000,-2,19,
30/12/2024 15:00:00,000,-2,35,
30/12/2024 16:00:00,000,-2,53,
30/12/2024 17:00:00,000,-2,57,
30/12/2024 18:00:00,000,-2,56,
30/12/2024 19:00:00,000,-2,7,
30/12/2024 20:00:00,000,-2,91,
30/12/2024 21:00:00,000,-3,07,
30/12/2024 22:00:00,000,-3,07,
30/12/2024 23:00:00,000,-2,98,
31/12/2024 00:00:00,000,-2,97,
31/12/2024 01:00:00,000,-3,01,
31/12/2024 02:00:00,000,-3,
31/12/2024 03:00:00,000,-3,02,
31/12/2024 04:00:00,000,-3,04,
31/12/2024 05:00:00,000,-3,06,
31/12/2024 06:00:00,000,-3,15,
31/12/2024 07:00:00,000,-3,2,
31/12/2024 08:00:00,000,-3,19,
31/12/2024 09:00:00,000,-3,12,
31/12/2024 10:00:00,000,-2,92,
31/12/2024 11:00:00,000,-2,73,
31/12/2024 12:00:00,000,-2,51,
31/12/2024 13:00:00,000,-2,38,
31/12/2024 14:00:00,000,-2,38,
31/12/2024 15:00:00,000,-2,4,
31/12/2024 16:00:00,000,-2,45,
31/12/2024 17:00:00,000,-2,46,
31/12/2024 18:00:00,000,-2,48,
31/12/2024 19:00:00,000,-2,53,
31/12/2024 20:00:00,000,-2,52,
31/12/2024 21:00:00,000,-2,47,
31/12/2024 22:00:00,000,-2,42,
31/12/2024 23:00:00,000,-2,49,
01/01/2025 00:00:00,000,-2,62,
01/01/2025 01:00:00,000,-2,68,
01/01/2025 02:00:00,000,-2,7,
01/01/2025 03:00:00,000,-2,78,
01/01/2025 04:00:00,000,-2,87,
01/01/2025 05:00:00,000,-2,85,
01/01/2025 06:00:00,000,-2,89,
01/01/2025 07:00:00,000,-2,93,
01/01/2025 08:00:00,000,-2,86,
01/01/2025 09:00:00,000,-2,75,
01/01/2025 10:00:00,000,-2,64,
01/01/2025 11:00:00,000,-2,57,
01/01/2025 12:00:00,000,-2,56,
01/01/2025 13:00:00,000,-2,59,
01/01/2025 14:00:00,000,-2,69,
01/01/2025 15:00:00,000,-2,75,
01/01/2025 16:00:00,000,-2,82,
01/01/2025 17:00:00,000,-2,93,
01/01/2025 18:00:00,000,-3,02,
01/01/2025 19:00:00,000,-3,1,
01/01/2025 20:00:00,000,-3,16,
01/01/2025 21:00:00,000,-3,25,
01/01/2025 22:00:00,000,-3,26,
01/01/2025 23:00:00,000,-3,23,
02/01/2025 00:00:00,000,-3,3,
02/01/2025 01:00:00,000,-3,44,
02/01/2025 02:00:00,000,-3,47,
02/01/2025 03:00:00,000,-3,35,
02/01/2025 04:00:00,000,-3,3,
02/01/2025 05:00:00,000,-3,41,
02/01/2025 06:00:00,000,-3,44,
02/01/2025 07:00:00,000,-3,37,
02/01/2025 08:00:00,000,-3,17,
02/01/2025 09:00:00,000,-2,88,
02/01/2025 10:00:00,000,-2,58,
02/01/2025 11:00:00,000,-2,2,
02/01/2025 12:00:00,000,-1,88,
02/01/2025 13:00:00,000,-1,72,
02/01/2025 14:00:00,000,-1,58,
02/01/2025 15:00:00,000,-1,49,
02/01/2025 16:00:00,000,-1,42,
02/01/2025 17:00:00,000,-1,39,
02/01/2025 18:00:00,000,-1,28,
02/01/2025 19:00:00,000,-1,23,
02/01/2025 20:00:00,000,-1,39,
02/01/2025 21:00:00,000,-1,44,
02/01/2025 22:00:00,000,-1,4,
02/01/2025 23:00:00,000,-1,32,
03/01/2025 00:00:00,000,-1,18,
03/01/2025 01:00:00,000,-1,01,
03/01/2025 02:00:00,000,-0,78,
03/01/2025 03:00:00,000,-0,66,
03/01/2025 04:00:00,000,-0,59,
03/01/2025 05:00:00,000,-0,59,
03/01/2025 06:00:00,000,-1,15,
03/01/2025 07:00:00,000,-1,56,
03/01/2025 08:00:00,000,-1,48,
03/01/2025 09:00:00,000,-0,84,
03/01/2025 10:00:00,000,0,23,
03/01/2025 11:00:00,000,0,86,
03/01/2025 12:00:00,000,1,13,
03/01/2025 13:00:00,000,1,27,
03/01/2025 14:00:00,000,1,03,
03/01/2025 15:00:00,000,0,84,
03/01/2025 16:00:00,000,0,12,
03/01/2025 17:00:00,000,-0,27,
03/01/2025 18:00:00,000,0,09,
03/01/2025 19:00:00,000,0,03,
03/01/2025 20:00:00,000,0,2,
03/01/2025 21:00:00,000,-0,07,
03/01/2025 22:00:00,000,-0,62,
03/01/2025 23:00:00,000,-1,04,
04/01/2025 00:00:00,000,-1,27,
04/01/2025 01:00:00,000,-1,46,
04/01/2025 02:00:00,000,-1,34,
04/01/2025 03:00:00,000,-1,28,
04/01/2025 04:00:00,000,-1,7,
04/01/2025 05:00:00,000,-1,52,
04/01/2025 06:00:00,000,-1,28,
04/01/2025 07:00:00,000,-1,64,
04/01/2025 08:00:00,000,-1,75,
04/01/2025 09:00:00,000,-0,91,
04/01/2025 10:00:00,000,0,12,
04/01/2025 11:00:00,000,0,39,
04/01/2025 12:00:00,000,0,44,
04/01/2025 13:00:00,000,0,73,
04/01/2025 14:00:00,000,0,78,
04/01/2025 15:00:00,000,0,11,
04/01/2025 16:00:00,000,-0,98,
04/01/2025 17:00:00,000,-1,61,
04/01/2025 18:00:00,000,-2,4,
04/01/2025 19:00:00,000,-3,12,
04/01/2025 20:00:00,000,-3,4,
04/01/2025 21:00:00,000,-3,71,
04/01/2025 22:00:00,000,-4,37,
04/01/2025 23:00:00,000,-5,55,
05/01/2025 00:00:00,000,-6,49,
05/01/2025 01:00:00,000,-6,7,
05/01/2025 02:00:00,000,-6,44,
05/01/2025 03:00:00,000,-6,26,
05/01/2025 04:00:00,000,-6,03,
05/01/2025 05:00:00,000,-5,61,
05/01/2025 06:00:00,000,-5,22,
05/01/2025 07:00:00,000,-5,16,
05/01/2025 08:00:00,000,-5,2,
05/01/2025 09:00:00,000,-4,44,
05/01/2025 10:00:00,000,-3,38,
05/01/2025 11:00:00,000,-2,62,
05/01/2025 12:00:00,000,-2,06,
05/01/2025 13:00:00,000,-1,77,
05/01/2025 14:00:00,000,-1,65,
05/01/2025 15:00:00,000,-1,72,
05/01/2025 16:00:00,000,-1,79,
05/01/2025 17:00:00,000,-1,67,
05/01/2025 18:00:00,000,-1,49,
05/01/2025 19:00:00,000,-1,28,
05/01/2025 20:00:00,000,-1,01,
05/01/2025 21:00:00,000,-0,82,
05/01/2025 22:00:00,000,-0,71,
05/01/2025 23:00:00,000,-0,67,
06/01/2025 00:00:00,000,-0,61,
06/01/2025 01:00:00,000,-0,54,
06/01/2025 02:00:00,000,-0,48,
06/01/2025 03:00:00,000,-0,38,
06/01/2025 04:00:00,000,-0,24,
06/01/2025 05:00:00,000,-0,18,
06/01/2025 06:00:00,000,-0,15,
06/01/2025 07:00:00,000,0,
06/01/2025 08:00:00,000,0,19,
06/01/2025 09:00:00,000,0,5,
06/01/2025 10:00:00,000,0,96,
06/01/2025 11:00:00,000,1,57,
06/01/2025 12:00:00,000,2,16,
06/01/2025 13:00:00,000,2,54,
06/01/2025 14:00:00,000,2,94,
06/01/2025 15:00:00,000,3,26,
06/01/2025 16:00:00,000,3,15,
06/01/2025 17:00:00,000,2,97,
06/01/2025 18:00:00,000,2,67,
06/01/2025 19:00:00,000,2,11,
06/01/2025 20:00:00,000,1,86,
06/01/2025 21:00:00,000,1,89,
06/01/2025 22:00:00,000,2,21,
06/01/2025 23:00:00,000,2,93,
07/01/2025 00:00:00,000,3,26,
07/01/2025 01:00:00,000,3,31,
07/01/2025 02:00:00,000,3,57,
07/01/2025 03:00:00,000,2,54,
07/01/2025 04:00:00,000,1,31,
07/01/2025 05:00:00,000,2,15,
07/01/2025 06:00:00,000,2,47,
07/01/2025 07:00:00,000,2,35,
07/01/2025 08:00:00,000,2,97,
07/01/2025 09:00:00,000,3,21,
07/01/2025 10:00:00,000,3,4,
07/01/2025 11:00:00,000,3,74,
07/01/2025 12:00:00,000,4,59,
07/01/2025 13:00:00,000,5,05,
07/01/2025 14:00:00,000,4,95,
07/01/2025 15:00:00,000,4,77,
07/01/2025 16:00:00,000,4,04,
07/01/2025 17:00:00,000,3,5,
07/01/2025 18:00:00,000,3,58,
07/01/2025 19:00:00,000,3,19,
07/01/2025 20:00:00,000,2,76,
07/01/2025 21:00:00,000,2,48,
07/01/2025 22:00:00,000,2,43,
07/01/2025 23:00:00,000,2,77,
08/01/2025 00:00:00,000,2,58,
08/01/2025 01:00:00,000,2,07,
08/01/2025 02:00:00,000,2,03,
08/01/2025 03:00:00,000,1,85,
08/01/2025 04:00:00,000,0,99,
08/01/2025 05:00:00,000,0,08,
08/01/2025 06:00:00,000,-0,07,
08/01/2025 07:00:00,000,0,42,
08/01/2025 08:00:00,000,1,7,
08/01/2025 09:00:00,000,3,07,
08/01/2025 10:00:00,000,3,65,
08/01/2025 11:00:00,000,4,16,
08/01/2025 12:00:00,000,4,61,
08/01/2025 13:00:00,000,4,55,
08/01/2025 14:00:00,000,4,43,
08/01/2025 15:00:00,000,4,2,
08/01/2025 16:00:00,000,3,77,
08/01/2025 17:00:00,000,3,74,
08/01/2025 18:00:00,000,3,61,
08/01/2025 19:00:00,000,3,39,
08/01/2025 20:00:00,000,3,38,
08/01/2025 21:00:00,000,3,45,
08/01/2025 22:00:00,000,3,37,
08/01/2025 23:00:00,000,3,37,
09/01/2025 00:00:00,000,3,52,
09/01/2025 01:00:00,000,3,44,
09/01/2025 02:00:00,000,3,47,
09/01/2025 03:00:00,000,3,6,
09/01/2025 04:00:00,000,3,61,
09/01/2025 05:00:00,000,3,83,
09/01/2025 06:00:00,000,4,08,
09/01/2025 07:00:00,000,4,35,
09/01/2025 08:00:00,000,4,6,
09/01/2025 09:00:00,000,5,16,
09/01/2025 10:00:00,000,5,85,
09/01/2025 11:00:00,000,6,17,
09/01/2025 12:00:00,000,6,41,
09/01/2025 13:00:00,000,6,65,
09/01/2025 14:00:00,000,6,57,
09/01/2025 15:00:00,000,6,45,
09/01/2025 16:00:00,000,6,33,
09/01/2025 17:00:00,000,6,98,
09/01/2025 18:00:00,000,8,04,
09/01/2025 19:00:00,000,8,2,
09/01/2025 20:00:00,000,8,2,
09/01/2025 21:00:00,000,8,5,
09/01/2025 22:00:00,000,8,73,
09/01/2025 23:00:00,000,8,21,
10/01/2025 00:00:00,000,7,68,
10/01/2025 01:00:00,000,6,92,
10/01/2025 02:00:00,000,5,66,
10/01/2025 03:00:00,000,5,06,
10/01/2025 04:00:00,000,4,58,
10/01/2025 05:00:00,000,4,08,
10/01/2025 06:00:00,000,3,79,
10/01/2025 07:00:00,000,3,36,
10/01/2025 08:00:00,000,2,86,
10/01/2025 09:00:00,000,2,57,
10/01/2025 10:00:00,000,2,53,
10/01/2025 11:00:00,000,2,65,
10/01/2025 12:00:00,000,2,86,
10/01/2025 13:00:00,000,3,01,
10/01/2025 14:00:00,000,2,76,
10/01/2025 15:00:00,000,2,41,
10/01/2025 16:00:00,000,1,97,
10/01/2025 17:00:00,000,1,54,
10/01/2025 18:00:00,000,1,49,
10/01/2025 19:00:00,000,1,39,
10/01/2025 20:00:00,000,1,47,
10/01/2025 21:00:00,000,1,63,
10/01/2025 22:00:00,000,1,41,
10/01/2025 23:00:00,000,0,9,
11/01/2025 00:00:00,000,0,5,
11/01/2025 01:00:00,000,0,25,
11/01/2025 02:00:00,000,-0,18,
11/01/2025 03:00:00,000,-0,83,
11/01/2025 04:00:00,000,-0,95,
11/01/2025 05:00:00,000,-0,33,
11/01/2025 06:00:00,000,-0,04,
11/01/2025 07:00:00,000,0,01,
11/01/2025 08:00:00,000,0,25,
11/01/2025 09:00:00,000,0,64,
11/01/2025 10:00:00,000,1,21,
11/01/2025 11:00:00,000,1,79,
11/01/2025 12:00:00,000,2,13,
11/01/2025 13:00:00,000,2,1,
11/01/2025 14:00:00,000,1,93,
11/01/2025 15:00:00,000,1,45,
11/01/2025 16:00:00,000,1,02,
11/01/2025 17:00:00,000,0,57,
11/01/2025 18:00:00,000,0,38,
11/01/2025 19:00:00,000,0,6,
11/01/2025 20:00:00,000,0,57,
11/01/2025 21:00:00,000,0,54,
11/01/2025 22:00:00,000,0,41,
11/01/2025 23:00:00,000,0,03,
12/01/2025 00:00:00,000,-0,07,
12/01/2025 01:00:00,000,0,21,
12/01/2025 02:00:00,000,0,39,
12/01/2025 03:00:00,000,0,14,
12/01/2025 04:00:00,000,-0,05,
12/01/2025 05:00:00,000,0,01,
12/01/2025 06:00:00,000,-0,21,
12/01/2025 07:00:00,000,-0,52,
12/01/2025 08:00:00,000,-0,34,
12/01/2025 09:00:00,000,0,25,
12/01/2025 10:00:00,000,0,87,
12/01/2025 11:00:00,000,1,39,
12/01/2025 12:00:00,000,1,8,
12/01/2025 13:00:00,000,2,05,
12/01/2025 14:00:00,000,1,92,
12/01/2025 15:00:00,000,1,65,
12/01/2025 16:00:00,000,1,5,
12/01/2025 17:00:00,000,1,27,
12/01/2025 18:00:00,000,1,09,
12/01/2025 19:00:00,000,0,94,
12/01/2025 20:00:00,000,0,66,
12/01/2025 21:00:00,000,0,5,
12/01/2025 22:00:00,000,0,44,
12/01/2025 23:00:00,000,0,41,
13/01/2025 00:00:00,000,0,37,
13/01/2025 01:00:00,000,0,28,
13/01/2025 02:00:00,000,0,25,
13/01/2025 03:00:00,000,0,38,
13/01/2025 04:00:00,000,0,31,
13/01/2025 05:00:00,000,0,11,
13/01/2025 06:00:00,000,0,
13/01/2025 07:00:00,000,0,
13/01/2025 08:00:00,000,0,27,
13/01/2025 09:00:00,000,0,61,
13/01/2025 10:00:00,000,1,06,
13/01/2025 11:00:00,000,1,48,
13/01/2025 12:00:00,000,1,52,
13/01/2025 13:00:00,000,1,44,
13/01/2025 14:00:00,000,1,27,
13/01/2025 15:00:00,000,0,73,
13/01/2025 16:00:00,000,0,21,
13/01/2025 17:00:00,000,-0,01,
13/01/2025 18:00:00,000,-0,25,
13/01/2025 19:00:00,000,-0,49,
13/01/2025 20:00:00,000,-0,7,
13/01/2025 21:00:00,000,-0,86,
13/01/2025 22:00:00,000,-1,06,
13/01/2025 23:00:00,000,-1,33,
14/01/2025 00:00:00,000,-1,76,
14/01/2025 01:00:00,000,-2,59,
14/01/2025 02:00:00,000,-3,54,
14/01/2025 03:00:00,000,-3,87,
14/01/2025 04:00:00,000,-4,45,
14/01/2025 05:00:00,000,-5,49,
14/01/2025 06:00:00,000,-5,46,
14/01/2025 07:00:00,000,-5,46,
14/01/2025 08:00:00,000,-4,45,
14/01/2025 09:00:00,000,-2,42,
14/01/2025 10:00:00,000,-1,01,
14/01/2025 11:00:00,000,0,09,
14/01/2025 12:00:00,000,0,66,
14/01/2025 13:00:00,000,0,98,
14/01/2025 14:00:00,000,1,05,
14/01/2025 15:00:00,000,0,53,
14/01/2025 16:00:00,000,-0,81,
14/01/2025 17:00:00,000,-1,17,
14/01/2025 18:00:00,000,-0,89,
14/01/2025 19:00:00,000,-1,26,
14/01/2025 20:00:00,000,-2,
14/01/2025 21:00:00,000,-2,37,
14/01/2025 22:00:00,000,-2,42,
14/01/2025 23:00:00,000,-2,5,
15/01/2025 00:00:00,000,-2,54,
15/01/2025 01:00:00,000,-2,59,
15/01/2025 02:00:00,000,-2,42,
15/01/2025 03:00:00,000,-2,31,
15/01/2025 04:00:00,000,-2,23,
15/01/2025 05:00:00,000,-2,13,
15/01/2025 06:00:00,000,-1,96,
15/01/2025 07:00:00,000,-1,58,
15/01/2025 08:00:00,000,-1,11,
15/01/2025 09:00:00,000,-0,67,
15/01/2025 10:00:00,000,-0,23,
15/01/2025 11:00:00,000,0,21,
15/01/2025 12:00:00,000,0,74,
15/01/2025 13:00:00,000,1,11,
15/01/2025 14:00:00,000,1,11,
15/01/2025 15:00:00,000,0,97,
15/01/2025 16:00:00,000,0,84,
15/01/2025 17:00:00,000,0,85,
15/01/2025 18:00:00,000,0,92,
15/01/2025 19:00:00,000,1,04,
15/01/2025 20:00:00,000,1,01,
15/01/2025 21:00:00,000,0,8,
15/01/2025 22:00:00,000,0,42,
15/01/2025 23:00:00,000,-0,03,
16/01/2025 00:00:00,000,-0,51,
16/01/2025 01:00:00,000,-1,15,
16/01/2025 02:00:00,000,-1,44,
16/01/2025 03:00:00,000,-1,36,
16/01/2025 04:00:00,000,-1,23,
16/01/2025 05:00:00,000,-1,76,
16/01/2025 06:00:00,000,-2,07,
16/01/2025 07:00:00,000,-1,68,
16/01/2025 08:00:00,000,-1,25,
16/01/2025 09:00:00,000,-0,27,
16/01/2025 10:00:00,000,0,55,
16/01/2025 11:00:00,000,0,91,
16/01/2025 12:00:00,000,1,35,
16/01/2025 13:00:00,000,1,71,
16/01/2025 14:00:00,000,1,76,
16/01/2025 15:00:00,000,1,41,
16/01/2025 16:00:00,000,0,83,
16/01/2025 17:00:00,000,0,49,
16/01/2025 18:00:00,000,0,42,
16/01/2025 19:00:00,000,0,42,
16/01/2025 20:00:00,000,0,39,
16/01/2025 21:00:00,000,0,3,
16/01/2025 22:00:00,000,0,25,
16/01/2025 23:00:00,000,0,17,
17/01/2025 00:00:00,000,0,11,
17/01/2025 01:00:00,000,0,05,
17/01/2025 02:00:00,000,-0,02,
17/01/2025 03:00:00,000,-0,07,
17/01/2025 04:00:00,000,-0,06,
17/01/2025 05:00:00,000,-0,03,
17/01/2025 06:00:00,000,-0,07,
17/01/2025 07:00:00,000,-0,07,
17/01/2025 08:00:00,000,0,03,
17/01/2025 09:00:00,000,0,32,
17/01/2025 10:00:00,000,0,61,
17/01/2025 11:00:00,000,0,94,
17/01/2025 12:00:00,000,1,34,
17/01/2025 13:00:00,000,1,79,
17/01/2025 14:00:00,000,2,07,
17/01/2025 15:00:00,000,1,66,
17/01/2025 16:00:00,000,0,47,
17/01/2025 17:00:00,000,-0,63,
17/01/2025 18:00:00,000,-0,97,
17/01/2025 19:00:00,000,-0,87,
17/01/2025 20:00:00,000,-0,59,
17/01/2025 21:00:00,000,-0,5,
17/01/2025 22:00:00,000,-0,57,
17/01/2025 23:00:00,000,-0,71,
18/01/2025 00:00:00,000,-0,93,
18/01/2025 01:00:00,000,-1,15,
18/01/2025 02:00:00,000,-1,27,
18/01/2025 03:00:00,000,-1,33,
18/01/2025 04:00:00,000,-1,36,
18/01/2025 05:00:00,000,-1,46,
18/01/2025 06:00:00,000,-1,7,
18/01/2025 07:00:00,000,-1,92,
18/01/2025 08:00:00,000,-1,97,
18/01/2025 09:00:00,000,-1,81,
18/01/2025 10:00:00,000,-1,57,
18/01/2025 11:00:00,000,-1,31,
18/01/2025 12:00:00,000,-1,08,
18/01/2025 13:00:00,000,-0,98,
18/01/2025 14:00:00,000,-1,08,
18/01/2025 15:00:00,000,-1,29,
18/01/2025 16:00:00,000,-1,57,
18/01/2025 17:00:00,000,-1,78,
18/01/2025 18:00:00,000,-1,99,
18/01/2025 19:00:00,000,-2,1,
18/01/2025 20:00:00,000,-2,17,
18/01/2025 21:00:00,000,-2,25,
18/01/2025 22:00:00,000,-2,26,
18/01/2025 23:00:00,000,-2,33,
19/01/2025 00:00:00,000,-2,51,
19/01/2025 01:00:00,000,-2,64,
19/01/2025 02:00:00,000,-2,67,
19/01/2025 03:00:00,000,-2,69,
19/01/2025 04:00:00,000,-2,77,
19/01/2025 05:00:00,000,-2,93,
19/01/2025 06:00:00,000,-3,04,
19/01/2025 07:00:00,000,-3,11,
19/01/2025 08:00:00,000,-3,07,
19/01/2025 09:00:00,000,-2,8,
19/01/2025 10:00:00,000,-2,26,
19/01/2025 11:00:00,000,-1,85,
19/01/2025 12:00:00,000,-1,74,
19/01/2025 13:00:00,000,-1,64,
19/01/2025 14:00:00,000,-1,58,
19/01/2025 15:00:00,000,-1,66,
19/01/2025 16:00:00,000,-1,8,
19/01/2025 17:00:00,000,-1,88,
19/01/2025 18:00:00,000,-1,96,
19/01/2025 19:00:00,000,-2,15,
19/01/2025 20:00:00,000,-2,37,
19/01/2025 21:00:00,000,-2,5,
19/01/2025 22:00:00,000,-2,55,
19/01/2025 23:00:00,000,-2,6,
20/01/2025 00:00:00,000,-2,71,
20/01/2025 01:00:00,000,-2,9,
20/01/2025 02:00:00,000,-3,04,
20/01/2025 03:00:00,000,-3,1,
20/01/2025 04:00:00,000,-3,1,
20/01/2025 05:00:00,000,-3,04,
20/01/2025 06:00:00,000,-3,01,
20/01/2025 07:00:00,000,-3,03,
20/01/2025 08:00:00,000,-3,03,
20/01/2025 09:00:00,000,-3,02,
20/01/2025 10:00:00,000,-2,95,
20/01/2025 11:00:00,000,-2,84,
20/01/2025 12:00:00,000,-2,67,
20/01/2025 13:00:00,000,-2,54,
20/01/2025 14:00:00,000,-2,53,
20/01/2025 15:00:00,000,-2,57,
20/01/2025 16:00:00,000,-2,66,
20/01/2025 17:00:00,000,-2,69,
20/01/2025 18:00:00,000,-2,69,
20/01/2025 19:00:00,000,-2,7,
20/01/2025 20:00:00,000,-2,73,
20/01/2025 21:00:00,000,-2,76,
20/01/2025 22:00:00,000,-2,76,
20/01/2025 23:00:00,000,-2,75,
21/01/2025 00:00:00,000,-2,77,
21/01/2025 01:00:00,000,-2,83,
21/01/2025 02:00:00,000,-2,9,
21/01/2025 03:00:00,000,-2,9,
21/01/2025 04:00:00,000,-2,92,
21/01/2025 05:00:00,000,-2,96,
21/01/2025 06:00:00,000,-2,91,
21/01/2025 07:00:00,000,-2,8,
21/01/2025 08:00:00,000,-2,59,
21/01/2025 09:00:00,000,-2,33,
21/01/2025 10:00:00,000,-2,01,
21/01/2025 11:00:00,000,-1,6,
21/01/2025 12:00:00,000,-1,35,
21/01/2025 13:00:00,000,-1,23,
21/01/2025 14:00:00,000,-1,11,
21/01/2025 15:00:00,000,-1,11,
21/01/2025 16:00:00,000,-1,12,
21/01/2025 17:00:00,000,-1,09,
21/01/2025 18:00:00,000,-1,03,
21/01/2025 19:00:00,000,-0,83,
21/01/2025 20:00:00,000,-0,7,
21/01/2025 21:00:00,000,-0,73,
21/01/2025 22:00:00,000,-0,78,
21/01/2025 23:00:00,000,-0,84,
22/01/2025 00:00:00,000,-0,89,
22/01/2025 01:00:00,000,-0,94,
22/01/2025 02:00:00,000,-0,97,
22/01/2025 03:00:00,000,-1,05,
22/01/2025 04:00:00,000,-1,17,
22/01/2025 05:00:00,000,-1,26,
22/01/2025 06:00:00,000,-1,34,
22/01/2025 07:00:00,000,-1,34,
22/01/2025 08:00:00,000,-1,28,
22/01/2025 09:00:00,000,-1,2,
22/01/2025 10:00:00,000,-1,08,
22/01/2025 11:00:00,000,-0,91,
22/01/2025 12:00:00,000,-0,82,
22/01/2025 13:00:00,000,-0,71,
22/01/2025 14:00:00,000,-0,6,
22/01/2025 15:00:00,000,-0,67,
22/01/2025 16:00:00,000,-0,86,
22/01/2025 17:00:00,000,-1,01,
22/01/2025 18:00:00,000,-1,05,
22/01/2025 19:00:00,000,-1,02,
22/01/2025 20:00:00,000,-0,93,
22/01/2025 21:00:00,000,-0,82,
22/01/2025 22:00:00,000,-0,83,
22/01/2025 23:00:00,000,-0,87,
23/01/2025 00:00:00,000,-0,83,
23/01/2025 01:00:00,000,-0,86,
23/01/2025 02:00:00,000,-0,88,
23/01/2025 03:00:00,000,-0,89,
23/01/2025 04:00:00,000,-0,88,
23/01/2025 05:00:00,000,-0,84,
23/01/2025 06:00:00,000,-0,81,
23/01/2025 07:00:00,000,-0,7,
23/01/2025 08:00:00,000,-0,5,
23/01/2025 09:00:00,000,-0,23,
23/01/2025 10:00:00,000,0,12,
23/01/2025 11:00:00,000,0,52,
23/01/2025 12:00:00,000,0,83,
23/01/2025 13:00:00,000,1,07,
23/01/2025 14:00:00,000,1,28,
23/01/2025 15:00:00,000,1,44,
23/01/2025 16:00:00,000,1,26,
23/01/2025 17:00:00,000,0,93,
23/01/2025 18:00:00,000,0,96,
23/01/2025 19:00:00,000,1,05,
23/01/2025 20:00:00,000,1,29,
23/01/2025 21:00:00,000,1,72,
23/01/2025 22:00:00,000,1,84,
23/01/2025 23:00:00,000,1,71,
24/01/2025 00:00:00,000,1,32,
24/01/2025 01:00:00,000,0,54,
24/01/2025 02:00:00,000,-0,3,
24/01/2025 03:00:00,000,-0,25,
24/01/2025 04:00:00,000,0,18,
24/01/2025 05:00:00,000,0,
24/01/2025 06:00:00,000,-0,16,
24/01/2025 07:00:00,000,-0,63,
24/01/2025 08:00:00,000,-0,23,
24/01/2025 09:00:00,000,1,48,
24/01/2025 10:00:00,000,2,88,
24/01/2025 11:00:00,000,3,83,
24/01/2025 12:00:00,000,4,32,
24/01/2025 13:00:00,000,4,55,
24/01/2025 14:00:00,000,4,85,
24/01/2025 15:00:00,000,4,55,
24/01/2025 16:00:00,000,3,1,
24/01/2025 17:00:00,000,1,88,
24/01/2025 18:00:00,000,1,09,
24/01/2025 19:00:00,000,0,85,
24/01/2025 20:00:00,000,1,13,
24/01/2025 21:00:00,000,0,95,
24/01/2025 22:00:00,000,0,96,
24/01/2025 23:00:00,000,1,27,
25/01/2025 00:00:00,000,1,23,
25/01/2025 01:00:00,000,1,16,
25/01/2025 02:00:00,000,1,29,
25/01/2025 03:00:00,000,1,34,
25/01/2025 04:00:00,000,1,33,
25/01/2025 05:00:00,000,1,37,
25/01/2025 06:00:00,000,1,41,
25/01/2025 07:00:00,000,1,54,
25/01/2025 08:00:00,000,1,99,
25/01/2025 09:00:00,000,2,71,
25/01/2025 10:00:00,000,3,3,
25/01/2025 11:00:00,000,3,66,
25/01/2025 12:00:00,000,4,07,
25/01/2025 13:00:00,000,4,53,
25/01/2025 14:00:00,000,4,78,
25/01/2025 15:00:00,000,4,66,
25/01/2025 16:00:00,000,4,34,
25/01/2025 17:00:00,000,4,15,
25/01/2025 18:00:00,000,4,15,
25/01/2025 19:00:00,000,4,11,
25/01/2025 20:00:00,000,4,25,
25/01/2025 21:00:00,000,4,34,
25/01/2025 22:00:00,000,4,1,
25/01/2025 23:00:00,000,3,88,
26/01/2025 00:00:00,000,3,7,
26/01/2025 01:00:00,000,3,89,
26/01/2025 02:00:00,000,4,21,
26/01/2025 03:00:00,000,4,32,
26/01/2025 04:00:00,000,4,54,
26/01/2025 05:00:00,000,4,68,
26/01/2025 06:00:00,000,4,22,
26/01/2025 07:00:00,000,3,73,
26/01/2025 08:00:00,000,4,4,
26/01/2025 09:00:00,000,5,72,
26/01/2025 10:00:00,000,6,72,
26/01/2025 11:00:00,000,7,37,
26/01/2025 12:00:00,000,8,07,
26/01/2025 13:00:00,000,8,89,
26/01/2025 14:00:00,000,9,09,
26/01/2025 15:00:00,000,8,65,
26/01/2025 16:00:00,000,7,98,
26/01/2025 17:00:00,000,7,32,
26/01/2025 18:00:00,000,6,41,
26/01/2025 19:00:00,000,5,58,
26/01/2025 20:00:00,000,5,31,
26/01/2025 21:00:00,000,4,66,
26/01/2025 22:00:00,000,3,87,
26/01/2025 23:00:00,000,3,3,
27/01/2025 00:00:00,000,2,77,
27/01/2025 01:00:00,000,2,42,
27/01/2025 02:00:00,000,2,48,
27/01/2025 03:00:00,000,2,46,
27/01/2025 04:00:00,000,2,63,
27/01/2025 05:00:00,000,2,96,
27/01/2025 06:00:00,000,2,77,
27/01/2025 07:00:00,000,2,84,
27/01/2025 08:00:00,000,3,54,
27/01/2025 09:00:00,000,5,17,
27/01/2025 10:00:00,000,7,24,
27/01/2025 11:00:00,000,8,66,
27/01/2025 12:00:00,000,9,48,
27/01/2025 13:00:00,000,10,03,
27/01/2025 14:00:00,000,10,37,
27/01/2025 15:00:00,000,10,07,
27/01/2025 16:00:00,000,8,42,
27/01/2025 17:00:00,000,6,7,
27/01/2025 18:00:00,000,6,25,
27/01/2025 19:00:00,000,5,78,
27/01/2025 20:00:00,000,5,02,
27/01/2025 21:00:00,000,4,72,
27/01/2025 22:00:00,000,4,72,
27/01/2025 23:00:00,000,5,17,
28/01/2025 00:00:00,000,6,16,
28/01/2025 01:00:00,000,6,49,
28/01/2025 02:00:00,000,6,36,
28/01/2025 03:00:00,000,5,75,
28/01/2025 04:00:00,000,4,8,
28/01/2025 05:00:00,000,4,65,
28/01/2025 06:00:00,000,4,79,
28/01/2025 07:00:00,000,5,18,
28/01/2025 08:00:00,000,5,95,
28/01/2025 09:00:00,000,6,79,
28/01/2025 10:00:00,000,8,13,
28/01/2025 11:00:00,000,10,19,
28/01/2025 12:00:00,000,11,8,
28/01/2025 13:00:00,000,12,53,
28/01/2025 14:00:00,000,12,84,
28/01/2025 15:00:00,000,12,45,
28/01/2025 16:00:00,000,11,87,
28/01/2025 17:00:00,000,10,18,
28/01/2025 18:00:00,000,8,3,
28/01/2025 19:00:00,000,7,71,
28/01/2025 20:00:00,000,7,33,
28/01/2025 21:00:00,000,7,23,
28/01/2025 22:00:00,000,7,13,
28/01/2025 23:00:00,000,7,25,
29/01/2025 00:00:00,000,7,25,
29/01/2025 01:00:00,000,6,96,
29/01/2025 02:00:00,000,6,32,
29/01/2025 03:00:00,000,5,91,
29/01/2025 04:00:00,000,5,86,
29/01/2025 05:00:00,000,5,31,
29/01/2025 06:00:00,000,4,56,
29/01/2025 07:00:00,000,3,81,
29/01/2025 08:00:00,000,4,34,
29/01/2025 09:00:00,000,6,23,
29/01/2025 10:00:00,000,7,7,
29/01/2025 11:00:00,000,8,69,
29/01/2025 12:00:00,000,9,76,
29/01/2025 13:00:00,000,10,78,
29/01/2025 14:00:00,000,11,23,
29/01/2025 15:00:00,000,10,98,
29/01/2025 16:00:00,000,9,56,
29/01/2025 17:00:00,000,7,48,
29/01/2025 18:00:00,000,6,13,
29/01/2025 19:00:00,000,5,06,
29/01/2025 20:00:00,000,3,97,
29/01/2025 21:00:00,000,3,19,
29/01/2025 22:00:00,000,2,83,
29/01/2025 23:00:00,000,2,41,
30/01/2025 00:00:00,000,1,73,
30/01/2025 01:00:00,000,1,43,
30/01/2025 02:00:00,000,1,02,
30/01/2025 03:00:00,000,0,83,
30/01/2025 04:00:00,000,1,15,
30/01/2025 05:00:00,000,0,96,
30/01/2025 06:00:00,000,0,23,
30/01/2025 07:00:00,000,0,34,
30/01/2025 08:00:00,000,1,92,
30/01/2025 09:00:00,000,3,95,
30/01/2025 10:00:00,000,6,
30/01/2025 11:00:00,000,8,12,
30/01/2025 12:00:00,000,10,62,
30/01/2025 13:00:00,000,12,65,
30/01/2025 14:00:00,000,13,25,
30/01/2025 15:00:00,000,12,72,
30/01/2025 16:00:00,000,10,43,
30/01/2025 17:00:00,000,7,25,
30/01/2025 18:00:00,000,5,59,
30/01/2025 19:00:00,000,4,69,
30/01/2025 20:00:00,000,4,05,
30/01/2025 21:00:00,000,3,92,
30/01/2025 22:00:00,000,3,01,
30/01/2025 23:00:00,000,2,35,
31/01/2025 00:00:00,000,1,98,
31/01/2025 01:00:00,000,1,62,
31/01/2025 02:00:00,000,1,5,
31/01/2025 03:00:00,000,0,91,
31/01/2025 04:00:00,000,0,66,
31/01/2025 05:00:00,000,0,36,
31/01/2025 06:00:00,000,0,17,
31/01/2025 07:00:00,000,1,49,
31/01/2025 08:00:00,000,3,43,
31/01/2025 09:00:00,000,4,98,
31/01/2025 10:00:00,000,6,72,
31/01/2025 11:00:00,000,8,33,
31/01/2025 12:00:00,000,9,14,
31/01/2025 13:00:00,000,9,13,
31/01/2025 14:00:00,000,8,61,
31/01/2025 15:00:00,000,7,85,
31/01/2025 16:00:00,000,6,72,
31/01/2025 17:00:00,000,5,77,
31/01/2025 18:00:00,000,5,18,
31/01/2025 19:00:00,000,4,21,
31/01/2025 20:00:00,000,3,28,
31/01/2025 21:00:00,000,3,16,
31/01/2025 22:00:00,000,2,81,
31/01/2025 23:00:00,000,2,02,
01/02/2025 00:00:00,000,1,05,
01/02/2025 01:00:00,000,0,22,
01/02/2025 02:00:00,000,0,02,
01/02/2025 03:00:00,000,-0,25,
01/02/2025 04:00:00,000,-0,63,
01/02/2025 05:00:00,000,-0,75,
01/02/2025 06:00:00,000,-1,69,
01/02/2025 07:00:00,000,-2,03,
01/02/2025 08:00:00,000,-0,27,
01/02/2025 09:00:00,000,2,11,
01/02/2025 10:00:00,000,4,04,
01/02/2025 11:00:00,000,5,09,
01/02/2025 12:00:00,000,5,59,
01/02/2025 13:00:00,000,5,65,
01/02/2025 14:00:00,000,5,6,
01/02/2025 15:00:00,000,5,1,
01/02/2025 16:00:00,000,3,93,
01/02/2025 17:00:00,000,2,77,
01/02/2025 18:00:00,000,2,07,
01/02/2025 19:00:00,000,1,63,
01/02/2025 20:00:00,000,1,39,
01/02/2025 21:00:00,000,0,9,
01/02/2025 22:00:00,000,0,38,
01/02/2025 23:00:00,000,0,32,
02/02/2025 00:00:00,000,0,37,
02/02/2025 01:00:00,000,0,39,
02/02/2025 02:00:00,000,0,44,
02/02/2025 03:00:00,000,0,51,
02/02/2025 04:00:00,000,0,44,
02/02/2025 05:00:00,000,0,46,
02/02/2025 06:00:00,000,0,38,
02/02/2025 07:00:00,000,0,37,
02/02/2025 08:00:00,000,0,79,
02/02/2025 09:00:00,000,1,32,
02/02/2025 10:00:00,000,2,03,
02/02/2025 11:00:00,000,2,69,
02/02/2025 12:00:00,000,3,
02/02/2025 13:00:00,000,3,24,
02/02/2025 14:00:00,000,3,26,
02/02/2025 15:00:00,000,3,2,
02/02/2025 16:00:00,000,3,09,
02/02/2025 17:00:00,000,2,8,
02/02/2025 18:00:00,000,2,36,
02/02/2025 19:00:00,000,1,52,
02/02/2025 20:00:00,000,1,01,
02/02/2025 21:00:00,000,0,97,
02/02/2025 22:00:00,000,0,51,
02/02/2025 23:00:00,000,-0,36,
03/02/2025 00:00:00,000,-1,21,
03/02/2025 01:00:00,000,-1,61,
03/02/2025 02:00:00,000,-1,68,
03/02/2025 03:00:00,000,-1,69,
03/02/2025 04:00:00,000,-1,68,
03/02/2025 05:00:00,000,-1,81,
03/02/2025 06:00:00,000,-2,37,
03/02/2025 07:00:00,000,-2,63,
03/02/2025 08:00:00,000,-0,98,
03/02/2025 09:00:00,000,1,3,
03/02/2025 10:00:00,000,2,83,
03/02/2025 11:00:00,000,3,66,
03/02/2025 12:00:00,000,4,16,
03/02/2025 13:00:00,000,4,52,
03/02/2025 14:00:00,000,4,42,
03/02/2025 15:00:00,000,4,02,
03/02/2025 16:00:00,000,2,98,
03/02/2025 17:00:00,000,1,9,
03/02/2025 18:00:00,000,0,92,
03/02/2025 19:00:00,000,-0,17,
03/02/2025 20:00:00,000,-0,84,
03/02/2025 21:00:00,000,-1,57,
03/02/2025 22:00:00,000,-2,27,
03/02/2025 23:00:00,000,-2,71,
04/02/2025 00:00:00,000,-3,27,
04/02/2025 01:00:00,000,-3,74,
04/02/2025 02:00:00,000,-4,22,
04/02/2025 03:00:00,000,-4,35,
04/02/2025 04:00:00,000,-4,3,
04/02/2025 05:00:00,000,-4,62,
04/02/2025 06:00:00,000,-5,01,
04/02/2025 07:00:00,000,-4,72,
04/02/2025 08:00:00,000,-3,22,
04/02/2025 09:00:00,000,-1,6,
04/02/2025 10:00:00,000,-0,12,
04/02/2025 11:00:00,000,1,53,
04/02/2025 12:00:00,000,2,67,
04/02/2025 13:00:00,000,3,4,
04/02/2025 14:00:00,000,3,99,
04/02/2025 15:00:00,000,3,86,
04/02/2025 16:00:00,000,2,26,
04/02/2025 17:00:00,000,0,44,
04/02/2025 18:00:00,000,-0,71,
04/02/2025 19:00:00,000,-1,43,
04/02/2025 20:00:00,000,-1,97,
04/02/2025 21:00:00,000,-2,51,
04/02/2025 22:00:00,000,-3,01,
04/02/2025 23:00:00,000,-3,63,
05/02/2025 00:00:00,000,-3,56,
05/02/2025 01:00:00,000,-3,73,
05/02/2025 02:00:00,000,-4,19,
05/02/2025 03:00:00,000,-3,99,
05/02/2025 04:00:00,000,-3,96,
05/02/2025 05:00:00,000,-4,15,
05/02/2025 06:00:00,000,-4,23,
05/02/2025 07:00:00,000,-4,11,
05/02/2025 08:00:00,000,-2,71,
05/02/2025 09:00:00,000,-0,49,
05/02/2025 10:00:00,000,1,39,
05/02/2025 11:00:00,000,3,11,
05/02/2025 12:00:00,000,4,
05/02/2025 13:00:00,000,4,79,
05/02/2025 14:00:00,000,5,26,
05/02/2025 15:00:00,000,4,85,
05/02/2025 16:00:00,000,3,44,
05/02/2025 17:00:00,000,2,1,
05/02/2025 18:00:00,000,1,92,
05/02/2025 19:00:00,000,1,78,
05/02/2025 20:00:00,000,1,4,
05/02/2025 21:00:00,000,0,82,
05/02/2025 22:00:00,000,0,2,
05/02/2025 23:00:00,000,-0,22,
06/02/2025 00:00:00,000,0,11,
06/02/2025 01:00:00,000,0,75,
06/02/2025 02:00:00,000,0,88,
06/02/2025 03:00:00,000,0,94,
06/02/2025 04:00:00,000,0,82,
06/02/2025 05:00:00,000,0,45,
06/02/2025 06:00:00,000,0,44,
06/02/2025 07:00:00,000,1,01,
06/02/2025 08:00:00,000,1,99,
06/02/2025 09:00:00,000,3,04,
06/02/2025 10:00:00,000,4,02,
06/02/2025 11:00:00,000,4,84,
06/02/2025 12:00:00,000,5,25,
06/02/2025 13:00:00,000,5,21,
06/02/2025 14:00:00,000,5,
06/02/2025 15:00:00,000,4,69,
06/02/2025 16:00:00,000,4,08,
06/02/2025 17:00:00,000,3,44,
06/02/2025 18:00:00,000,2,96,
06/02/2025 19:00:00,000,2,7,
06/02/2025 20:00:00,000,2,19,
06/02/2025 21:00:00,000,1,4,
06/02/2025 22:00:00,000,0,99,
06/02/2025 23:00:00,000,0,79,
07/02/2025 00:00:00,000,0,53,
07/02/2025 01:00:00,000,0,46,
07/02/2025 02:00:00,000,0,51,
07/02/2025 03:00:00,000,0,45,
07/02/2025 04:00:00,000,0,35,
07/02/2025 05:00:00,000,0,29,
07/02/2025 06:00:00,000,0,17,
07/02/2025 07:00:00,000,0,09,
07/02/2025 08:00:00,000,0,73,
07/02/2025 09:00:00,000,1,74,
07/02/2025 10:00:00,000,2,6,
07/02/2025 11:00:00,000,3,3,
07/02/2025 12:00:00,000,3,75,
07/02/2025 13:00:00,000,3,94,
07/02/2025 14:00:00,000,3,95,
07/02/2025 15:00:00,000,3,75,
07/02/2025 16:00:00,000,3,19,
07/02/2025 17:00:00,000,2,65,
07/02/2025 18:00:00,000,2,34,
07/02/2025 19:00:00,000,1,89,
07/02/2025 20:00:00,000,1,22,
07/02/2025 21:00:00,000,0,77,
07/02/2025 22:00:00,000,0,61,
07/02/2025 23:00:00,000,0,57,
08/02/2025 00:00:00,000,0,52,
08/02/2025 01:00:00,000,0,37,
08/02/2025 02:00:00,000,0,06,
08/02/2025 03:00:00,000,-0,26,
08/02/2025 04:00:00,000,-0,62,
08/02/2025 05:00:00,000,-0,85,
08/02/2025 06:00:00,000,-0,92,
08/02/2025 07:00:00,000,-0,9,
08/02/2025 08:00:00,000,-0,41,
08/02/2025 09:00:00,000,0,5,
08/02/2025 10:00:00,000,1,43,
08/02/2025 11:00:00,000,2,54,
08/02/2025 12:00:00,000,3,57,
08/02/2025 13:00:00,000,4,04,
08/02/2025 14:00:00,000,4,22,
08/02/2025 15:00:00,000,4,12,
08/02/2025 16:00:00,000,3,76,
08/02/2025 17:00:00,000,2,99,
08/02/2025 18:00:00,000,2,29,
08/02/2025 19:00:00,000,1,69,
08/02/2025 20:00:00,000,0,89,
08/02/2025 21:00:00,000,0,35,
08/02/2025 22:00:00,000,0,25,
08/02/2025 23:00:00,000,-0,23,
09/02/2025 00:00:00,000,-0,88,
09/02/2025 01:00:00,000,-1,23,
09/02/2025 02:00:00,000,-1,19,
09/02/2025 03:00:00,000,-0,75,
09/02/2025 04:00:00,000,-0,7,
09/02/2025 05:00:00,000,-1,03,
09/02/2025 06:00:00,000,-1,26,
09/02/2025 07:00:00,000,-1,12,
09/02/2025 08:00:00,000,-0,18,
09/02/2025 09:00:00,000,1,4,
09/02/2025 10:00:00,000,3,1,
09/02/2025 11:00:00,000,4,4,
09/02/2025 12:00:00,000,5,
09/02/2025 13:00:00,000,5,27,
09/02/2025 14:00:00,000,5,33,
09/02/2025 15:00:00,000,5,06,
09/02/2025 16:00:00,000,4,36,
09/02/2025 17:00:00,000,3,45,
09/02/2025 18:00:00,000,2,61,
09/02/2025 19:00:00,000,1,23,
09/02/2025 20:00:00,000,0,29,
09/02/2025 21:00:00,000,0,38,
09/02/2025 22:00:00,000,0,54,
09/02/2025 23:00:00,000,0,64,
10/02/2025 00:00:00,000,0,44,
10/02/2025 01:00:00,000,0,23,
10/02/2025 02:00:00,000,-0,6,
10/02/2025 03:00:00,000,-1,87,
10/02/2025 04:00:00,000,-2,45,
10/02/2025 05:00:00,000,-2,45,
10/02/2025 06:00:00,000,-2,46,
10/02/2025 07:00:00,000,-2,41,
10/02/2025 08:00:00,000,-0,82,
10/02/2025 09:00:00,000,1,71,
10/02/2025 10:00:00,000,3,68,
10/02/2025 11:00:00,000,5,26,
10/02/2025 12:00:00,000,6,47,
10/02/2025 13:00:00,000,7,27,
10/02/2025 14:00:00,000,7,65,
10/02/2025 15:00:00,000,7,41,
10/02/2025 16:00:00,000,5,53,
10/02/2025 17:00:00,000,2,83,
10/02/2025 18:00:00,000,0,89,
10/02/2025 19:00:00,000,-0,09,
10/02/2025 20:00:00,000,-0,73,
10/02/2025 21:00:00,000,-1,61,
10/02/2025 22:00:00,000,-2,49,
10/02/2025 23:00:00,000,-3,37,
11/02/2025 00:00:00,000,-4,14,
11/02/2025 01:00:00,000,-4,4,
11/02/2025 02:00:00,000,-3,83,
11/02/2025 03:00:00,000,-3,99,
11/02/2025 04:00:00,000,-4,51,
11/02/2025 05:00:00,000,-4,8,
11/02/2025 06:00:00,000,-5,11,
11/02/2025 07:00:00,000,-4,92,
11/02/2025 08:00:00,000,-3,33,
11/02/2025 09:00:00,000,-0,52,
11/02/2025 10:00:00,000,1,98,
11/02/2025 11:00:00,000,4,03,
11/02/2025 12:00:00,000,5,31,
11/02/2025 13:00:00,000,5,99,
11/02/2025 14:00:00,000,6,09,
11/02/2025 15:00:00,000,5,58,
11/02/2025 16:00:00,000,4,33,
11/02/2025 17:00:00,000,2,83,
11/02/2025 18:00:00,000,1,78,
11/02/2025 19:00:00,000,1,11,
11/02/2025 20:00:00,000,0,75,
11/02/2025 21:00:00,000,0,33,
11/02/2025 22:00:00,000,-0,11,
11/02/2025 23:00:00,000,-0,5,
12/02/2025 00:00:00,000,-0,75,
12/02/2025 01:00:00,000,-1,16,
12/02/2025 02:00:00,000,-1,45,
12/02/2025 03:00:00,000,-1,32,
12/02/2025 04:00:00,000,-1,13,
12/02/2025 05:00:00,000,-1,43,
12/02/2025 06:00:00,000,-2,07,
12/02/2025 07:00:00,000,-2,04,
12/02/2025 08:00:00,000,-1,19,
12/02/2025 09:00:00,000,-0,07,
12/02/2025 10:00:00,000,0,9,
12/02/2025 11:00:00,000,1,6,
12/02/2025 12:00:00,000,1,96,
12/02/2025 13:00:00,000,1,87,
12/02/2025 14:00:00,000,1,71,
12/02/2025 15:00:00,000,1,59,
12/02/2025 16:00:00,000,0,79,
12/02/2025 17:00:00,000,0,1,
12/02/2025 18:00:00,000,-0,23,
12/02/2025 19:00:00,000,-0,43,
12/02/2025 20:00:00,000,-0,51,
12/02/2025 21:00:00,000,-0,8,
12/02/2025 22:00:00,000,-0,87,
12/02/2025 23:00:00,000,-0,85,
13/02/2025 00:00:00,000,-0,8,
13/02/2025 01:00:00,000,-0,68,
13/02/2025 02:00:00,000,-0,68,
13/02/2025 03:00:00,000,-0,63,
13/02/2025 04:00:00,000,-0,58,
13/02/2025 05:00:00,000,-0,74,
13/02/2025 06:00:00,000,-0,9,
13/02/2025 07:00:00,000,-0,85,
13/02/2025 08:00:00,000,-0,59,
13/02/2025 09:00:00,000,-0,31,
13/02/2025 10:00:00,000,-0,19,
13/02/2025 11:00:00,000,0,1,
13/02/2025 12:00:00,000,0,43,
13/02/2025 13:00:00,000,0,6,
13/02/2025 14:00:00,000,0,78,
13/02/2025 15:00:00,000,0,86,
13/02/2025 16:00:00,000,0,76,
13/02/2025 17:00:00,000,0,61,
13/02/2025 18:00:00,000,0,46,
13/02/2025 19:00:00,000,0,32,
13/02/2025 20:00:00,000,0,31,
13/02/2025 21:00:00,000,0,25,
13/02/2025 22:00:00,000,0,13,
13/02/2025 23:00:00,000,0,09,
14/02/2025 00:00:00,000,0,01,
14/02/2025 01:00:00,000,0,03,
14/02/2025 02:00:00,000,0,11,
14/02/2025 03:00:00,000,0,3,
14/02/2025 04:00:00,000,0,56,
14/02/2025 05:00:00,000,0,61,
14/02/2025 06:00:00,000,0,52,
14/02/2025 07:00:00,000,0,58,
14/02/2025 08:00:00,000,0,69,
14/02/2025 09:00:00,000,0,71,
14/02/2025 10:00:00,000,0,66,
14/02/2025 11:00:00,000,0,86,
14/02/2025 12:00:00,000,1,41,
14/02/2025 13:00:00,000,1,59,
14/02/2025 14:00:00,000,1,44,
14/02/2025 15:00:00,000,1,43,
14/02/2025 16:00:00,000,1,29,
14/02/2025 17:00:00,000,0,94,
14/02/2025 18:00:00,000,0,64,
14/02/2025 19:00:00,000,0,42,
14/02/2025 20:00:00,000,0,18,
14/02/2025 21:00:00,000,-0,14,
14/02/2025 22:00:00,000,-0,51,
14/02/2025 23:00:00,000,-1,13,
15/02/2025 00:00:00,000,-2,01,
15/02/2025 01:00:00,000,-2,7,
15/02/2025 02:00:00,000,-3,11,
15/02/2025 03:00:00,000,-3,58,
15/02/2025 04:00:00,000,-3,88,
15/02/2025 05:00:00,000,-3,76,
15/02/2025 06:00:00,000,-3,61,
15/02/2025 07:00:00,000,-3,43,
15/02/2025 08:00:00,000,-2,59,
15/02/2025 09:00:00,000,-1,41,
15/02/2025 10:00:00,000,-0,52,
15/02/2025 11:00:00,000,-0,05,
15/02/2025 12:00:00,000,0,27,
15/02/2025 13:00:00,000,0,69,
15/02/2025 14:00:00,000,0,56,
15/02/2025 15:00:00,000,-0,03,
15/02/2025 16:00:00,000,-0,57,
15/02/2025 17:00:00,000,-1,1,
15/02/2025 18:00:00,000,-1,56,
15/02/2025 19:00:00,000,-1,78,
15/02/2025 20:00:00,000,-2,1,
15/02/2025 21:00:00,000,-2,58,
15/02/2025 22:00:00,000,-3,19,
15/02/2025 23:00:00,000,-3,8,
16/02/2025 00:00:00,000,-3,85,
16/02/2025 01:00:00,000,-4,16,
16/02/2025 02:00:00,000,-4,37,
16/02/2025 03:00:00,000,-4,8,
16/02/2025 04:00:00,000,-5,03,
16/02/2025 05:00:00,000,-4,69,
16/02/2025 06:00:00,000,-4,89,
16/02/2025 07:00:00,000,-4,8,
16/02/2025 08:00:00,000,-3,77,
16/02/2025 09:00:00,000,-2,09,
16/02/2025 10:00:00,000,-0,93,
16/02/2025 11:00:00,000,-0,14,
16/02/2025 12:00:00,000,0,39,
16/02/2025 13:00:00,000,0,58,
16/02/2025 14:00:00,000,0,64,
16/02/2025 15:00:00,000,0,55,
16/02/2025 16:00:00,000,0,11,
16/02/2025 17:00:00,000,-0,62,
16/02/2025 18:00:00,000,-1,37,
16/02/2025 19:00:00,000,-2,19,
16/02/2025 20:00:00,000,-3,11,
16/02/2025 21:00:00,000,-4,19,
16/02/2025 22:00:00,000,-4,8,
16/02/2025 23:00:00,000,-4,96,
17/02/2025 00:00:00,000,-5,63,
17/02/2025 01:00:00,000,-6,31,
17/02/2025 02:00:00,000,-6,4,
17/02/2025 03:00:00,000,-6,58,
17/02/2025 04:00:00,000,-6,6,
17/02/2025 05:00:00,000,-6,67,
17/02/2025 06:00:00,000,-7,23,
17/02/2025 07:00:00,000,-6,9,
17/02/2025 08:00:00,000,-5,24,
17/02/2025 09:00:00,000,-3,39,
17/02/2025 10:00:00,000,-2,06,
17/02/2025 11:00:00,000,-1,08,
17/02/2025 12:00:00,000,-0,34,
17/02/2025 13:00:00,000,0,06,
17/02/2025 14:00:00,000,0,27,
17/02/2025 15:00:00,000,0,19,
17/02/2025 16:00:00,000,-0,43,
17/02/2025 17:00:00,000,-1,33,
17/02/2025 18:00:00,000,-2,62,
17/02/2025 19:00:00,000,-3,26,
17/02/2025 20:00:00,000,-3,3,
17/02/2025 21:00:00,000,-3,91,
17/02/2025 22:00:00,000,-4,33,
17/02/2025 23:00:00,000,-4,57,
18/02/2025 00:00:00,000,-4,96,
18/02/2025 01:00:00,000,-5,13,
18/02/2025 02:00:00,000,-5,1,
18/02/2025 03:00:00,000,-5,31,
18/02/2025 04:00:00,000,-5,54,
18/02/2025 05:00:00,000,-5,5,
18/02/2025 06:00:00,000,-5,38,
18/02/2025 07:00:00,000,-4,83,
18/02/2025 08:00:00,000,-3,63,
18/02/2025 09:00:00,000,-2,23,
18/02/2025 10:00:00,000,-1,09,
18/02/2025 11:00:00,000,-0,45,
18/02/2025 12:00:00,000,0,1,
18/02/2025 13:00:00,000,0,56,
18/02/2025 14:00:00,000,0,46,
18/02/2025 15:00:00,000,0,06,
18/02/2025 16:00:00,000,-0,81,
18/02/2025 17:00:00,000,-2,18,
18/02/2025 18:00:00,000,-3,16,
18/02/2025 19:00:00,000,-3,97,
18/02/2025 20:00:00,000,-4,61,
18/02/2025 21:00:00,000,-5,16,
18/02/2025 22:00:00,000,-6,42,
18/02/2025 23:00:00,000,-7,4,
19/02/2025 00:00:00,000,-8,04,
19/02/2025 01:00:00,000,-8,43,
19/02/2025 02:00:00,000,-8,57,
19/02/2025 03:00:00,000,-8,84,
19/02/2025 04:00:00,000,-8,85,
19/02/2025 05:00:00,000,-9,15,
19/02/2025 06:00:00,000,-9,36,
19/02/2025 07:00:00,000,-8,55,
19/02/2025 08:00:00,000,-6,39,
19/02/2025 09:00:00,000,-3,88,
19/02/2025 10:00:00,000,-2,12,
19/02/2025 11:00:00,000,-0,49,
19/02/2025 12:00:00,000,1,04,
19/02/2025 13:00:00,000,1,67,
19/02/2025 14:00:00,000,1,94,
19/02/2025 15:00:00,000,2,08,
19/02/2025 16:00:00,000,1,08,
19/02/2025 17:00:00,000,-1,09,
19/02/2025 18:00:00,000,-3,03,
19/02/2025 19:00:00,000,-4,1,
19/02/2025 20:00:00,000,-4,9,
19/02/2025 21:00:00,000,-5,48,
19/02/2025 22:00:00,000,-6,33,
19/02/2025 23:00:00,000,-6,91,
20/02/2025 00:00:00,000,-7,09,
20/02/2025 01:00:00,000,-8,05,
20/02/2025 02:00:00,000,-8,51,
20/02/2025 03:00:00,000,-8,57,
20/02/2025 04:00:00,000,-9,01,
20/02/2025 05:00:00,000,-9,27,
20/02/2025 06:00:00,000,-9,45,
20/02/2025 07:00:00,000,-8,38,
20/02/2025 08:00:00,000,-5,92,
20/02/2025 09:00:00,000,-3,
20/02/2025 10:00:00,000,-0,28,
20/02/2025 11:00:00,000,1,46,
20/02/2025 12:00:00,000,2,41,
20/02/2025 13:00:00,000,2,97,
20/02/2025 14:00:00,000,3,29,
20/02/2025 15:00:00,000,3,17,
20/02/2025 16:00:00,000,2,12,
20/02/2025 17:00:00,000,-0,2,
20/02/2025 18:00:00,000,-2,
20/02/2025 19:00:00,000,-2,87,
20/02/2025 20:00:00,000,-3,87,
20/02/2025 21:00:00,000,-4,62,
20/02/2025 22:00:00,000,-5,58,
20/02/2025 23:00:00,000,-6,19,
21/02/2025 00:00:00,000,-6,62,
21/02/2025 01:00:00,000,-7,6,
21/02/2025 02:00:00,000,-8,12,
21/02/2025 03:00:00,000,-7,98,
21/02/2025 04:00:00,000,-7,64,
21/02/2025 05:00:00,000,-7,57,
21/02/2025 06:00:00,000,-7,54,
21/02/2025 07:00:00,000,-6,51,
21/02/2025 08:00:00,000,-4,37,
21/02/2025 09:00:00,000,-2,26,
21/02/2025 10:00:00,000,-0,17,
21/02/2025 11:00:00,000,1,76,
21/02/2025 12:00:00,000,2,79,
21/02/2025 13:00:00,000,3,33,
21/02/2025 14:00:00,000,3,6,
21/02/2025 15:00:00,000,3,58,
21/02/2025 16:00:00,000,2,6,
21/02/2025 17:00:00,000,0,68,
21/02/2025 18:00:00,000,-0,91,
21/02/2025 19:00:00,000,-2,12,
21/02/2025 20:00:00,000,-2,63,
21/02/2025 21:00:00,000,-3,09,
21/02/2025 22:00:00,000,-3,68,
21/02/2025 23:00:00,000,-4,21,
22/02/2025 00:00:00,000,-4,48,
22/02/2025 01:00:00,000,-4,35,
22/02/2025 02:00:00,000,-4,83,
22/02/2025 03:00:00,000,-5,24,
22/02/2025 04:00:00,000,-5,8,
22/02/2025 05:00:00,000,-6,27,
22/02/2025 06:00:00,000,-5,97,
22/02/2025 07:00:00,000,-4,81,
22/02/2025 08:00:00,000,-2,73,
22/02/2025 09:00:00,000,-0,38,
22/02/2025 10:00:00,000,1,71,
22/02/2025 11:00:00,000,3,32,
22/02/2025 12:00:00,000,4,46,
22/02/2025 13:00:00,000,5,18,
22/02/2025 14:00:00,000,5,52,
22/02/2025 15:00:00,000,5,31,
22/02/2025 16:00:00,000,4,27,
22/02/2025 17:00:00,000,2,37,
22/02/2025 18:00:00,000,0,46,
22/02/2025 19:00:00,000,-0,73,
22/02/2025 20:00:00,000,-1,41,
22/02/2025 21:00:00,000,-2,24,
22/02/2025 22:00:00,000,-3,03,
22/02/2025 23:00:00,000,-3,63,
23/02/2025 00:00:00,000,-4,05,
23/02/2025 01:00:00,000,-3,94,
23/02/2025 02:00:00,000,-3,8,
23/02/2025 03:00:00,000,-4,07,
23/02/2025 04:00:00,000,-4,58,
23/02/2025 05:00:00,000,-5,27,
23/02/2025 06:00:00,000,-5,84,
23/02/2025 07:00:00,000,-4,62,
23/02/2025 08:00:00,000,-2,11,
23/02/2025 09:00:00,000,0,14,
23/02/2025 10:00:00,000,2,35,
23/02/2025 11:00:00,000,3,97,
23/02/2025 12:00:00,000,4,84,
23/02/2025 13:00:00,000,5,33,
23/02/2025 14:00:00,000,5,74,
23/02/2025 15:00:00,000,5,64,
23/02/2025 16:00:00,000,4,68,
23/02/2025 17:00:00,000,3,4,
23/02/2025 18:00:00,000,2,85,
23/02/2025 19:00:00,000,3,01,
23/02/2025 20:00:00,000,2,92,
23/02/2025 21:00:00,000,2,7,
23/02/2025 22:00:00,000,2,56,
23/02/2025 23:00:00,000,2,26,
24/02/2025 00:00:00,000,2,02,
24/02/2025 01:00:00,000,2,02,
24/02/2025 02:00:00,000,1,88,
24/02/2025 03:00:00,000,1,46,
24/02/2025 04:00:00,000,1,27,
24/02/2025 05:00:00,000,1,13,
24/02/2025 06:00:00,000,0,68,
24/02/2025 07:00:00,000,0,71,
24/02/2025 08:00:00,000,1,37,
24/02/2025 09:00:00,000,2,52,
24/02/2025 10:00:00,000,4,29,
24/02/2025 11:00:00,000,6,22,
24/02/2025 12:00:00,000,7,51,
24/02/2025 13:00:00,000,8,24,
24/02/2025 14:00:00,000,8,38,
24/02/2025 15:00:00,000,7,72,
24/02/2025 16:00:00,000,6,82,
24/02/2025 17:00:00,000,5,42,
24/02/2025 18:00:00,000,3,91,
24/02/2025 19:00:00,000,2,95,
24/02/2025 20:00:00,000,2,
24/02/2025 21:00:00,000,1,24,
24/02/2025 22:00:00,000,0,72,
24/02/2025 23:00:00,000,0,13,
25/02/2025 00:00:00,000,-0,4,
25/02/2025 01:00:00,000,-0,54,
25/02/2025 02:00:00,000,-0,21,
25/02/2025 03:00:00,000,0,27,
25/02/2025 04:00:00,000,0,56,
25/02/2025 05:00:00,000,0,58,
25/02/2025 06:00:00,000,0,55,
25/02/2025 07:00:00,000,0,65,
25/02/2025 08:00:00,000,0,95,
25/02/2025 09:00:00,000,1,39,
25/02/2025 10:00:00,000,2,05,
25/02/2025 11:00:00,000,2,92,
25/02/2025 12:00:00,000,3,96,
25/02/2025 13:00:00,000,4,97,
25/02/2025 14:00:00,000,5,91,
25/02/2025 15:00:00,000,6,43,
25/02/2025 16:00:00,000,5,76,
25/02/2025 17:00:00,000,4,98,
25/02/2025 18:00:00,000,4,77,
25/02/2025 19:00:00,000,4,42,
25/02/2025 20:00:00,000,4,18,
25/02/2025 21:00:00,000,3,95,
25/02/2025 22:00:00,000,3,5,
25/02/2025 23:00:00,000,3,18,
26/02/2025 00:00:00,000,3,02,
26/02/2025 01:00:00,000,2,62,
26/02/2025 02:00:00,000,2,24,
26/02/2025 03:00:00,000,2,15,
26/02/2025 04:00:00,000,2,17,
26/02/2025 05:00:00,000,2,3,
26/02/2025 06:00:00,000,2,37,
26/02/2025 07:00:00,000,2,57,
26/02/2025 08:00:00,000,3,26,
26/02/2025 09:00:00,000,4,11,
26/02/2025 10:00:00,000,4,6,
26/02/2025 11:00:00,000,5,28,
26/02/2025 12:00:00,000,6,16,
26/02/2025 13:00:00,000,6,67,
26/02/2025 14:00:00,000,6,85,
26/02/2025 15:00:00,000,6,7,
26/02/2025 16:00:00,000,6,16,
26/02/2025 17:00:00,000,5,48,
26/02/2025 18:00:00,000,4,91,
26/02/2025 19:00:00,000,4,52,
26/02/2025 20:00:00,000,4,25,
26/02/2025 21:00:00,000,3,96,
26/02/2025 22:00:00,000,3,66,
26/02/2025 23:00:00,000,3,56,
27/02/2025 00:00:00,000,3,62,
27/02/2025 01:00:00,000,3,6,
27/02/2025 02:00:00,000,3,55,
27/02/2025 03:00:00,000,3,43,
27/02/2025 04:00:00,000,3,32,
27/02/2025 05:00:00,000,3,33,
27/02/2025 06:00:00,000,3,35,
27/02/2025 07:00:00,000,3,56,
27/02/2025 08:00:00,000,4,19,
27/02/2025 09:00:00,000,4,96,
27/02/2025 10:00:00,000,5,56,
27/02/2025 11:00:00,000,5,88,
27/02/2025 12:00:00,000,6,27,
27/02/2025 13:00:00,000,6,75,
27/02/2025 14:00:00,000,6,93,
27/02/2025 15:00:00,000,6,81,
27/02/2025 16:00:00,000,6,47,
27/02/2025 17:00:00,000,5,89,
27/02/2025 18:00:00,000,5,57,
27/02/2025 19:00:00,000,5,32,
27/02/2025 20:00:00,000,4,8,
27/02/2025 21:00:00,000,4,18,
27/02/2025 22:00:00,000,3,41,
27/02/2025 23:00:00,000,2,86,
28/02/2025 00:00:00,000,3,21,
28/02/2025 01:00:00,000,3,99,
28/02/2025 02:00:00,000,4,21,
28/02/2025 03:00:00,000,4,04,
28/02/2025 04:00:00,000,3,91,
28/02/2025 05:00:00,000,3,9,
28/02/2025 06:00:00,000,3,84,
28/02/2025 07:00:00,000,3,85,
28/02/2025 08:00:00,000,4,46,
28/02/2025 09:00:00,000,5,68,
28/02/2025 10:00:00,000,6,82,
28/02/2025 11:00:00,000,7,67,
28/02/2025 12:00:00,000,8,48,
28/02/2025 13:00:00,000,9,11,
28/02/2025 14:00:00,000,9,71,
28/02/2025 15:00:00,000,9,75,
28/02/2025 16:00:00,000,8,71,
28/02/2025 17:00:00,000,7,3,
28/02/2025 18:00:00,000,6,14,
28/02/2025 19:00:00,000,5,29,
28/02/2025 20:00:00,000,4,32,
28/02/2025 21:00:00,000,3,53,
28/02/2025 22:00:00,000,3,3,
28/02/2025 23:00:00,000,2,78,
01/03/2025 00:00:00,000,2,0711,
01/03/2025 01:00:00,000,2,1716,
01/03/2025 02:00:00,000,2,0604,
01/03/2025 03:00:00,000,1,6563,
01/03/2025 04:00:00,000,1,2888,
01/03/2025 05:00:00,000,0,6797,
01/03/2025 06:00:00,000,0,4677,
01/03/2025 07:00:00,000,1,3079,
01/03/2025 08:00:00,000,2,8406,
01/03/2025 09:00:00,000,4,7698,
01/03/2025 10:00:00,000,6,1978,
01/03/2025 11:00:00,000,7,382,
01/03/2025 12:00:00,000,7,9598,
01/03/2025 13:00:00,000,7,9517,
01/03/2025 14:00:00,000,8,5307,
01/03/2025 15:00:00,000,8,6014,
01/03/2025 16:00:00,000,7,5784,
01/03/2025 17:00:00,000,6,7168,
01/03/2025 18:00:00,000,5,7495,
01/03/2025 19:00:00,000,4,9377,
01/03/2025 20:00:00,000,4,081,
01/03/2025 21:00:00,000,3,4632,
01/03/2025 22:00:00,000,2,9641,
01/03/2025 23:00:00,000,2,3512,
02/03/2025 00:00:00,000,1,7362,
02/03/2025 01:00:00,000,1,2024,
02/03/2025 02:00:00,000,0,862,
02/03/2025 03:00:00,000,0,7689,
02/03/2025 04:00:00,000,0,5837,
02/03/2025 05:00:00,000,0,7317,
02/03/2025 06:00:00,000,1,2112,
02/03/2025 07:00:00,000,1,7871,
02/03/2025 08:00:00,000,3,2036,
02/03/2025 09:00:00,000,4,6479,
02/03/2025 10:00:00,000,5,5219,
02/03/2025 11:00:00,000,6,4158,
02/03/2025 12:00:00,000,7,4961,
02/03/2025 13:00:00,000,8,1431,
02/03/2025 14:00:00,000,8,3417,
02/03/2025 15:00:00,000,8,4921,
02/03/2025 16:00:00,000,7,8311,
02/03/2025 17:00:00,000,6,7553,
02/03/2025 18:00:00,000,5,1241,
02/03/2025 19:00:00,000,4,0329,
02/03/2025 20:00:00,000,2,8088,
02/03/2025 21:00:00,000,1,227,
02/03/2025 22:00:00,000,1,1712,
02/03/2025 23:00:00,000,1,7493,
03/03/2025 00:00:00,000,1,1704,
03/03/2025 01:00:00,000,0,3928,
03/03/2025 02:00:00,000,0,1301,
03/03/2025 03:00:00,000,-0,1679,
03/03/2025 04:00:00,000,-0,556,
03/03/2025 05:00:00,000,-0,797,
03/03/2025 06:00:00,000,-1,2177,
03/03/2025 07:00:00,000,-0,3977,
03/03/2025 08:00:00,000,2,3177,
03/03/2025 09:00:00,000,4,9176,
03/03/2025 10:00:00,000,6,4137,
03/03/2025 11:00:00,000,7,4879,
03/03/2025 12:00:00,000,8,4521,
03/03/2025 13:00:00,000,8,952,
03/03/2025 14:00:00,000,9,5977,
03/03/2025 15:00:00,000,10,0844,
03/03/2025 16:00:00,000,9,3489,
03/03/2025 17:00:00,000,7,6494,
03/03/2025 18:00:00,000,5,4174,
03/03/2025 19:00:00,000,4,0612,
03/03/2025 20:00:00,000,2,6426,
03/03/2025 21:00:00,000,1,1493,
03/03/2025 22:00:00,000,0,3399,
03/03/2025 23:00:00,000,0,2111,
04/03/2025 00:00:00,000,0,52,
04/03/2025 01:00:00,000,0,0609,
04/03/2025 02:00:00,000,-1,3131,
04/03/2025 03:00:00,000,-1,5693,
04/03/2025 04:00:00,000,-1,5269,
04/03/2025 05:00:00,000,-1,9306,
04/03/2025 06:00:00,000,-2,348,
04/03/2025 07:00:00,000,-1,4905,
04/03/2025 08:00:00,000,1,2456,
04/03/2025 09:00:00,000,4,0595,
04/03/2025 10:00:00,000,6,2053,
04/03/2025 11:00:00,000,8,5278,
04/03/2025 12:00:00,000,10,2656,
04/03/2025 13:00:00,000,11,7909,
04/03/2025 14:00:00,000,12,5619,
04/03/2025 15:00:00,000,12,5182,
04/03/2025 16:00:00,000,11,6557,
04/03/2025 17:00:00,000,9,4412,
04/03/2025 18:00:00,000,6,9558,
04/03/2025 19:00:00,000,4,7023,
04/03/2025 20:00:00,000,3,5573,
04/03/2025 21:00:00,000,2,5129,
04/03/2025 22:00:00,000,1,4967,
04/03/2025 23:00:00,000,1,0833,
05/03/2025 00:00:00,000,0,3523,
05/03/2025 01:00:00,000,-0,4201,
05/03/2025 02:00:00,000,-0,782,
05/03/2025 03:00:00,000,-1,2841,
05/03/2025 04:00:00,000,-1,5672,
05/03/2025 05:00:00,000,-1,6982,
05/03/2025 06:00:00,000,-1,7028,
05/03/2025 07:00:00,000,-0,0302,
05/03/2025 08:00:00,000,2,936,
05/03/2025 09:00:00,000,5,487,
05/03/2025 10:00:00,000,7,7227,
05/03/2025 11:00:00,000,10,0872,
05/03/2025 12:00:00,000,11,8698,
05/03/2025 13:00:00,000,13,8944,
05/03/2025 14:00:00,000,15,3544,
05/03/2025 15:00:00,000,15,8634,
05/03/2025 16:00:00,000,15,0864,
05/03/2025 17:00:00,000,11,8532,
05/03/2025 18:00:00,000,8,7238,
05/03/2025 19:00:00,000,7,321,
05/03/2025 20:00:00,000,6,3647,
05/03/2025 21:00:00,000,5,372,
05/03/2025 22:00:00,000,4,2944,
05/03/2025 23:00:00,000,3,0826,
06/03/2025 00:00:00,000,1,9948,
06/03/2025 01:00:00,000,1,1918,
06/03/2025 02:00:00,000,1,0063,
06/03/2025 03:00:00,000,0,8783,
06/03/2025 04:00:00,000,0,3841,
06/03/2025 05:00:00,000,0,2988,
06/03/2025 06:00:00,000,0,4488,
06/03/2025 07:00:00,000,2,0299,
06/03/2025 08:00:00,000,4,9636,
06/03/2025 09:00:00,000,7,9086,
06/03/2025 10:00:00,000,11,3224,
06/03/2025 11:00:00,000,14,4417,
06/03/2025 12:00:00,000,16,5717,
06/03/2025 13:00:00,000,18,681,
06/03/2025 14:00:00,000,19,1735,
06/03/2025 15:00:00,000,18,7045,
06/03/2025 16:00:00,000,17,3163,
06/03/2025 17:00:00,000,15,6591,
06/03/2025 18:00:00,000,12,2002,
06/03/2025 19:00:00,000,9,5228,
06/03/2025 20:00:00,000,7,5801,
06/03/2025 21:00:00,000,6,3607,
06/03/2025 22:00:00,000,5,9378,
06/03/2025 23:00:00,000,5,6381,
07/03/2025 00:00:00,000,4,6155,
07/03/2025 01:00:00,000,3,4647,
07/03/2025 02:00:00,000,2,798,
07/03/2025 03:00:00,000,2,4211,
07/03/2025 04:00:00,000,2,0466,
07/03/2025 05:00:00,000,1,5283,
07/03/2025 06:00:00,000,1,6582,
07/03/2025 07:00:00,000,3,1634,
07/03/2025 08:00:00,000,5,9438,
07/03/2025 09:00:00,000,8,9688,
07/03/2025 10:00:00,000,11,7876,
07/03/2025 11:00:00,000,14,9891,
07/03/2025 12:00:00,000,17,6007,
07/03/2025 13:00:00,000,18,7398,
07/03/2025 14:00:00,000,19,3303,
07/03/2025 15:00:00,000,19,1806,
07/03/2025 16:00:00,000,18,0903,
07/03/2025 17:00:00,000,14,8573,
07/03/2025 18:00:00,000,11,8027,
07/03/2025 19:00:00,000,9,5791,
07/03/2025 20:00:00,000,8,3493,
07/03/2025 21:00:00,000,7,2724,
07/03/2025 22:00:00,000,6,3353,
07/03/2025 23:00:00,000,5,2128,
08/03/2025 00:00:00,000,4,0335,
08/03/2025 01:00:00,000,3,5855,
08/03/2025 02:00:00,000,3,893,
08/03/2025 03:00:00,000,3,1208,
08/03/2025 04:00:00,000,2,3224,
08/03/2025 05:00:00,000,1,4688,
08/03/2025 06:00:00,000,1,2534,
08/03/2025 07:00:00,000,4,1125,
08/03/2025 08:00:00,000,7,5243,
08/03/2025 09:00:00,000,10,1129,
08/03/2025 10:00:00,000,12,8231,
08/03/2025 11:00:00,000,15,1647,
08/03/2025 12:00:00,000,17,2254,
08/03/2025 13:00:00,000,18,9971,
08/03/2025 14:00:00,000,19,4638,
08/03/2025 15:00:00,000,18,8856,
08/03/2025 16:00:00,000,17,3801,
08/03/2025 17:00:00,000,15,0356,
08/03/2025 18:00:00,000,12,1313,
08/03/2025 19:00:00,000,9,6698,
08/03/2025 20:00:00,000,8,9336,
08/03/2025 21:00:00,000,7,7388,
08/03/2025 22:00:00,000,6,7187,
08/03/2025 23:00:00,000,6,0267,
09/03/2025 00:00:00,000,5,4832,
09/03/2025 01:00:00,000,4,8187,
09/03/2025 02:00:00,000,4,17,
09/03/2025 03:00:00,000,3,3211,
09/03/2025 04:00:00,000,3,5525,
09/03/2025 05:00:00,000,3,9109,
09/03/2025 06:00:00,000,4,1165,
09/03/2025 07:00:00,000,5,6357,
09/03/2025 08:00:00,000,8,0488,
09/03/2025 09:00:00,000,10,1968,
09/03/2025 10:00:00,000,12,6109,
09/03/2025 11:00:00,000,15,2181,
09/03/2025 12:00:00,000,17,1658,
09/03/2025 13:00:00,000,18,201,
09/03/2025 14:00:00,000,18,6192,
09/03/2025 15:00:00,000,18,4725,
09/03/2025 16:00:00,000,17,3566,
09/03/2025 17:00:00,000,15,2295,
09/03/2025 18:00:00,000,12,0642,
09/03/2025 19:00:00,000,10,5967,
09/03/2025 20:00:00,000,9,3028,
09/03/2025 21:00:00,000,7,8746,
09/03/2025 22:00:00,000,7,1767,
09/03/2025 23:00:00,000,6,2183,
10/03/2025 00:00:00,000,4,9186,
10/03/2025 01:00:00,000,4,6902,
10/03/2025 02:00:00,000,4,8746,
10/03/2025 03:00:00,000,4,8776,
10/03/2025 04:00:00,000,4,546,
10/03/2025 05:00:00,000,5,1486,
10/03/2025 06:00:00,000,6,4037,
10/03/2025 07:00:00,000,8,2343,
10/03/2025 08:00:00,000,10,1735,
10/03/2025 09:00:00,000,12,3527,
10/03/2025 10:00:00,000,14,4887,
10/03/2025 11:00:00,000,15,9359,
10/03/2025 12:00:00,000,16,9,
10/03/2025 13:00:00,000,17,6178,
10/03/2025 14:00:00,000,16,8079,
10/03/2025 15:00:00,000,16,1689,
10/03/2025 16:00:00,000,15,6147,
10/03/2025 17:00:00,000,14,3249,
10/03/2025 18:00:00,000,14,0454,
10/03/2025 19:00:00,000,12,7946,
10/03/2025 20:00:00,000,12,5632,
10/03/2025 21:00:00,000,11,6292,
10/03/2025 22:00:00,000,10,7981,
10/03/2025 23:00:00,000,9,9518,
11/03/2025 00:00:00,000,8,2955,
11/03/2025 01:00:00,000,7,8726,
11/03/2025 02:00:00,000,8,5018,
11/03/2025 03:00:00,000,7,9167,
11/03/2025 04:00:00,000,6,1215,
11/03/2025 05:00:00,000,5,2271,
11/03/2025 06:00:00,000,4,6213,
11/03/2025 07:00:00,000,5,415,
11/03/2025 08:00:00,000,7,4234,
11/03/2025 09:00:00,000,8,9811,
11/03/2025 10:00:00,000,10,3022,
11/03/2025 11:00:00,000,11,4865,
11/03/2025 12:00:00,000,12,478,
11/03/2025 13:00:00,000,13,1673,
11/03/2025 14:00:00,000,13,5978,
11/03/2025 15:00:00,000,13,202,
11/03/2025 16:00:00,000,11,89,
11/03/2025 17:00:00,000,10,894,
11/03/2025 18:00:00,000,10,2075,
11/03/2025 19:00:00,000,9,3998,
11/03/2025 20:00:00,000,8,4116,
11/03/2025 21:00:00,000,8,0203,
11/03/2025 22:00:00,000,7,5088,
11/03/2025 23:00:00,000,6,4383,
12/03/2025 00:00:00,000,6,0016,
12/03/2025 01:00:00,000,6,0762,
12/03/2025 02:00:00,000,6,0443,
12/03/2025 03:00:00,000,6,2016,
12/03/2025 04:00:00,000,6,5619,
12/03/2025 05:00:00,000,6,475,
12/03/2025 06:00:00,000,6,2163,
12/03/2025 07:00:00,000,6,849,
12/03/2025 08:00:00,000,8,1908,
12/03/2025 09:00:00,000,10,2831,
12/03/2025 10:00:00,000,12,2314,
12/03/2025 11:00:00,000,13,633,
12/03/2025 12:00:00,000,14,6421,
12/03/2025 13:00:00,000,15,3809,
12/03/2025 14:00:00,000,15,4556,
12/03/2025 15:00:00,000,15,8334,
12/03/2025 16:00:00,000,14,7971,
12/03/2025 17:00:00,000,14,4858,
12/03/2025 18:00:00,000,13,3919,
12/03/2025 19:00:00,000,13,0346,
12/03/2025 20:00:00,000,12,5954,
12/03/2025 21:00:00,000,12,13,
12/03/2025 22:00:00,000,12,1878,
12/03/2025 23:00:00,000,11,9828,
13/03/2025 00:00:00,000,10,4201,
13/03/2025 01:00:00,000,9,7342,
13/03/2025 02:00:00,000,9,5662,
13/03/2025 03:00:00,000,9,656,
13/03/2025 04:00:00,000,9,6208,
13/03/2025 05:00:00,000,9,6031,
13/03/2025 06:00:00,000,9,423,
13/03/2025 07:00:00,000,9,8892,
13/03/2025 08:00:00,000,10,1152,
13/03/2025 09:00:00,000,10,8139,
13/03/2025 10:00:00,000,10,4261,
13/03/2025 11:00:00,000,10,5871,
13/03/2025 12:00:00,000,11,7245,
13/03/2025 13:00:00,000,12,1652,
13/03/2025 14:00:00,000,12,3021,
13/03/2025 15:00:00,000,12,4428,
13/03/2025 16:00:00,000,11,6471,
13/03/2025 17:00:00,000,10,319,
13/03/2025 18:00:00,000,9,6111,
13/03/2025 19:00:00,000,8,7173,
13/03/2025 20:00:00,000,7,7685,
13/03/2025 21:00:00,000,7,325,
13/03/2025 22:00:00,000,6,5036,
13/03/2025 23:00:00,000,6,1115,
14/03/2025 00:00:00,000,5,5661,
14/03/2025 01:00:00,000,4,8415,
14/03/2025 02:00:00,000,4,7211,
14/03/2025 03:00:00,000,4,7911,
14/03/2025 04:00:00,000,4,2557,
14/03/2025 05:00:00,000,4,1389,
14/03/2025 06:00:00,000,4,5642,
14/03/2025 07:00:00,000,5,4084,
14/03/2025 08:00:00,000,5,9923,
14/03/2025 09:00:00,000,6,5691,
14/03/2025 10:00:00,000,7,4757,
14/03/2025 11:00:00,000,7,8696,
14/03/2025 12:00:00,000,8,3051,
14/03/2025 13:00:00,000,8,6709,
14/03/2025 14:00:00,000,9,1155,
14/03/2025 15:00:00,000,8,6989,
14/03/2025 16:00:00,000,8,1819,
14/03/2025 17:00:00,000,7,5923,
14/03/2025 18:00:00,000,7,2449,
14/03/2025 19:00:00,000,6,9594,
14/03/2025 20:00:00,000,7,0255,
14/03/2025 21:00:00,000,6,4975,
14/03/2025 22:00:00,000,6,3091,
14/03/2025 23:00:00,000,5,827,
15/03/2025 00:00:00,000,5,4025,
15/03/2025 01:00:00,000,4,9337,
15/03/2025 02:00:00,000,4,7277,
15/03/2025 03:00:00,000,4,3323,
15/03/2025 04:00:00,000,3,9862,
15/03/2025 05:00:00,000,3,611,
15/03/2025 06:00:00,000,3,4481,
15/03/2025 07:00:00,000,3,4469,
15/03/2025 08:00:00,000,3,7945,
15/03/2025 09:00:00,000,4,0195,
15/03/2025 10:00:00,000,4,3628,
15/03/2025 11:00:00,000,4,6622,
15/03/2025 12:00:00,000,5,045,
15/03/2025 13:00:00,000,5,2902,
15/03/2025 14:00:00,000,5,2403,
15/03/2025 15:00:00,000,5,1828,
15/03/2025 16:00:00,000,4,8635,
15/03/2025 17:00:00,000,4,7006,
15/03/2025 18:00:00,000,4,5308,
15/03/2025 19:00:00,000,4,1894,
15/03/2025 20:00:00,000,3,9229,
15/03/2025 21:00:00,000,3,7213,
15/03/2025 22:00:00,000,3,6094,
15/03/2025 23:00:00,000,3,3807,
16/03/2025 00:00:00,000,2,914,
16/03/2025 01:00:00,000,2,6082,
16/03/2025 02:00:00,000,2,4746,
16/03/2025 03:00:00,000,2,5109,
16/03/2025 04:00:00,000,2,4805,
16/03/2025 05:00:00,000,2,2001,
16/03/2025 06:00:00,000,2,1054,
16/03/2025 07:00:00,000,2,3995,
16/03/2025 08:00:00,000,2,9193,
16/03/2025 09:00:00,000,3,3466,
16/03/2025 10:00:00,000,3,7498,
16/03/2025 11:00:00,000,4,556,
16/03/2025 12:00:00,000,5,4069,
16/03/2025 13:00:00,000,5,8366,
16/03/2025 14:00:00,000,6,1685,
16/03/2025 15:00:00,000,6,1828,
16/03/2025 16:00:00,000,5,6215,
16/03/2025 17:00:00,000,4,9139,
16/03/2025 18:00:00,000,4,2527,
16/03/2025 19:00:00,000,3,6385,
16/03/2025 20:00:00,000,2,8663,
16/03/2025 21:00:00,000,2,0631,
16/03/2025 22:00:00,000,1,4574,
16/03/2025 23:00:00,000,1,1674,
17/03/2025 00:00:00,000,1,0136,
17/03/2025 01:00:00,000,0,5627,
17/03/2025 02:00:00,000,0,2104,
17/03/2025 03:00:00,000,0,1375,
17/03/2025 04:00:00,000,0,0689,
17/03/2025 05:00:00,000,0,0198,
17/03/2025 06:00:00,000,0,4976,
17/03/2025 07:00:00,000,1,3911,
17/03/2025 08:00:00,000,2,0704,
17/03/2025 09:00:00,000,2,509,
17/03/2025 10:00:00,000,3,0112,
17/03/2025 11:00:00,000,2,9058,
17/03/2025 12:00:00,000,3,0229,
17/03/2025 13:00:00,000,3,6881,
17/03/2025 14:00:00,000,3,6886,
17/03/2025 15:00:00,000,3,2002,
17/03/2025 16:00:00,000,2,5298,
17/03/2025 17:00:00,000,1,61,
17/03/2025 18:00:00,000,0,7825,
17/03/2025 19:00:00,000,0,1891,
17/03/2025 20:00:00,000,-0,2754,
17/03/2025 21:00:00,000,-0,7311,
17/03/2025 22:00:00,000,-1,1504,
17/03/2025 23:00:00,000,-1,4622,
18/03/2025 00:00:00,000,-1,8724,
18/03/2025 01:00:00,000,-2,2522,
18/03/2025 02:00:00,000,-2,6997,
18/03/2025 03:00:00,000,-3,1102,
18/03/2025 04:00:00,000,-3,5111,
18/03/2025 05:00:00,000,-3,6889,
18/03/2025 06:00:00,000,-3,5524,
18/03/2025 07:00:00,000,-1,7865,
18/03/2025 08:00:00,000,0,4748,
18/03/2025 09:00:00,000,1,9424,
18/03/2025 10:00:00,000,3,0271,
18/03/2025 11:00:00,000,3,7521,
18/03/2025 12:00:00,000,4,3395,
18/03/2025 13:00:00,000,5,1188,
18/03/2025 14:00:00,000,5,7013,
18/03/2025 15:00:00,000,6,0119,
18/03/2025 16:00:00,000,5,606,
18/03/2025 17:00:00,000,4,4118,
18/03/2025 18:00:00,000,3,2647,
18/03/2025 19:00:00,000,1,9882,
18/03/2025 20:00:00,000,0,8847,
18/03/2025 21:00:00,000,-0,111,
18/03/2025 22:00:00,000,-1,0457,
18/03/2025 23:00:00,000,-1,742,
19/03/2025 00:00:00,000,-2,2803,
19/03/2025 01:00:00,000,-3,1257,
19/03/2025 02:00:00,000,-3,8419,
19/03/2025 03:00:00,000,-4,0941,
19/03/2025 04:00:00,000,-4,518,
19/03/2025 05:00:00,000,-4,6732,
19/03/2025 06:00:00,000,-3,8552,
19/03/2025 07:00:00,000,-1,796,
19/03/2025 08:00:00,000,0,6518,
19/03/2025 09:00:00,000,3,1836,
19/03/2025 10:00:00,000,5,5089,
19/03/2025 11:00:00,000,6,8918,
19/03/2025 12:00:00,000,7,9793,
19/03/2025 13:00:00,000,8,7523,
19/03/2025 14:00:00,000,9,3476,
19/03/2025 15:00:00,000,9,5744,
19/03/2025 16:00:00,000,9,3515,
19/03/2025 17:00:00,000,7,616,
19/03/2025 18:00:00,000,5,2095,
19/03/2025 19:00:00,000,3,2372,
19/03/2025 20:00:00,000,1,8463,
19/03/2025 21:00:00,000,0,7995,
19/03/2025 22:00:00,000,0,0394,
19/03/2025 23:00:00,000,-0,6626,
20/03/2025 00:00:00,000,-1,2968,
20/03/2025 01:00:00,000,-1,9533,
20/03/2025 02:00:00,000,-2,5758,
20/03/2025 03:00:00,000,-3,3909,
20/03/2025 04:00:00,000,-3,6845,
20/03/2025 05:00:00,000,-3,5502,
20/03/2025 06:00:00,000,-2,394,
20/03/2025 07:00:00,000,-0,1098,
20/03/2025 08:00:00,000,2,2418,
20/03/2025 09:00:00,000,4,9972,
20/03/2025 10:00:00,000,7,3703,
20/03/2025 11:00:00,000,9,5564,
20/03/2025 12:00:00,000,10,8897,
20/03/2025 13:00:00,000,11,5984,
20/03/2025 14:00:00,000,12,6674,
20/03/2025 15:00:00,000,12,8466,
20/03/2025 16:00:00,000,12,0917,
20/03/2025 17:00:00,000,9,9436,
20/03/2025 18:00:00,000,7,6652,
20/03/2025 19:00:00,000,6,1962,
20/03/2025 20:00:00,000,5,1286,
20/03/2025 21:00:00,000,4,1034,
20/03/2025 22:00:00,000,2,9147,
20/03/2025 23:00:00,000,1,4601,
21/03/2025 00:00:00,000,0,1007,
21/03/2025 01:00:00,000,-0,4144,
21/03/2025 02:00:00,000,-0,5673,
21/03/2025 03:00:00,000,-0,5389,
21/03/2025 04:00:00,000,-0,6259,
21/03/2025 05:00:00,000,-1,0407,
21/03/2025 06:00:00,000,-0,0506,
21/03/2025 07:00:00,000,2,5813,
21/03/2025 08:00:00,000,4,9832,
21/03/2025 09:00:00,000,7,3765,
21/03/2025 10:00:00,000,9,6724,
21/03/2025 11:00:00,000,11,7748,
21/03/2025 12:00:00,000,12,8917,
21/03/2025 13:00:00,000,13,54,
21/03/2025 14:00:00,000,14,6315,
21/03/2025 15:00:00,000,14,8882,
21/03/2025 16:00:00,000,14,2683,
21/03/2025 17:00:00,000,12,2546,
21/03/2025 18:00:00,000,9,245,
21/03/2025 19:00:00,000,7,5413,
21/03/2025 20:00:00,000,5,8996,
21/03/2025 21:00:00,000,4,7541,
21/03/2025 22:00:00,000,4,3554,
21/03/2025 23:00:00,000,3,5374,
22/03/2025 00:00:00,000,3,1659,
22/03/2025 01:00:00,000,2,8016,
22/03/2025 02:00:00,000,2,6438,
22/03/2025 03:00:00,000,2,5516,
22/03/2025 04:00:00,000,2,2071,
22/03/2025 05:00:00,000,1,6501,
22/03/2025 06:00:00,000,2,2181,
22/03/2025 07:00:00,000,4,2999,
22/03/2025 08:00:00,000,7,2,
22/03/2025 09:00:00,000,9,9194,
22/03/2025 10:00:00,000,11,8126,
22/03/2025 11:00:00,000,13,4455,
22/03/2025 12:00:00,000,14,0427,
22/03/2025 13:00:00,000,14,2222,
22/03/2025 14:00:00,000,13,9534,
22/03/2025 15:00:00,000,13,6431,
22/03/2025 16:00:00,000,13,0198,
22/03/2025 17:00:00,000,12,0827,
22/03/2025 18:00:00,000,10,6253,
22/03/2025 19:00:00,000,9,5445,
22/03/2025 20:00:00,000,8,665,
22/03/2025 21:00:00,000,7,8974,
22/03/2025 22:00:00,000,7,0261,
22/03/2025 23:00:00,000,6,5618,
23/03/2025 00:00:00,000,6,5127,
23/03/2025 01:00:00,000,6,3853,
23/03/2025 02:00:00,000,6,4646,
23/03/2025 03:00:00,000,6,7256,
23/03/2025 04:00:00,000,6,9288,
23/03/2025 05:00:00,000,7,1103,
23/03/2025 06:00:00,000,7,5843,
23/03/2025 07:00:00,000,8,3472,
23/03/2025 08:00:00,000,9,659,
23/03/2025 09:00:00,000,11,2668,
23/03/2025 10:00:00,000,12,2169,
23/03/2025 11:00:00,000,12,9506,
23/03/2025 12:00:00,000,13,3533,
23/03/2025 13:00:00,000,13,8997,
23/03/2025 14:00:00,000,14,1267,
23/03/2025 15:00:00,000,14,2845,
23/03/2025 16:00:00,000,14,1767,
23/03/2025 17:00:00,000,13,4299,
23/03/2025 18:00:00,000,12,63,
23/03/2025 19:00:00,000,11,5,
23/03/2025 20:00:00,000,10,5995,
23/03/2025 21:00:00,000,9,2524,
23/03/2025 22:00:00,000,8,6121,
23/03/2025 23:00:00,000,7,9863,
24/03/2025 00:00:00,000,7,4027,
24/03/2025 01:00:00,000,7,6267,
24/03/2025 02:00:00,000,6,9674,
24/03/2025 03:00:00,000,6,5747,
24/03/2025 04:00:00,000,6,2463,
24/03/2025 05:00:00,000,6,3511,
24/03/2025 06:00:00,000,6,9225,
24/03/2025 07:00:00,000,7,7363,
24/03/2025 08:00:00,000,9,1665,
24/03/2025 09:00:00,000,10,064,
24/03/2025 10:00:00,000,11,1238,
24/03/2025 11:00:00,000,11,9804,
24/03/2025 12:00:00,000,12,4504,
24/03/2025 13:00:00,000,12,5681,
24/03/2025 14:00:00,000,12,8519,
24/03/2025 15:00:00,000,13,2479,
24/03/2025 16:00:00,000,13,1612,
24/03/2025 17:00:00,000,12,177,
24/03/2025 18:00:00,000,11,342,
24/03/2025 19:00:00,000,10,7537,
24/03/2025 20:00:00,000,10,1573,
24/03/2025 21:00:00,000,10,3209,
24/03/2025 22:00:00,000,10,0404,
24/03/2025 23:00:00,000,10,0492,
25/03/2025 00:00:00,000,10,1623,
25/03/2025 01:00:00,000,9,7461,
25/03/2025 02:00:00,000,9,4743,
25/03/2025 03:00:00,000,8,8404,
25/03/2025 04:00:00,000,8,3504,
25/03/2025 05:00:00,000,8,5294,
25/03/2025 06:00:00,000,8,4795,
25/03/2025 07:00:00,000,9,4754,
25/03/2025 08:00:00,000,11,2058,
25/03/2025 09:00:00,000,12,6515,
25/03/2025 10:00:00,000,13,8978,
25/03/2025 11:00:00,000,14,6467,
25/03/2025 12:00:00,000,14,9557,
25/03/2025 13:00:00,000,15,2392,
25/03/2025 14:00:00,000,15,3449,
25/03/2025 15:00:00,000,14,8056,
25/03/2025 16:00:00,000,14,2167,
25/03/2025 17:00:00,000,13,5842,
25/03/2025 18:00:00,000,12,0646,
25/03/2025 19:00:00,000,11,1129,
25/03/2025 20:00:00,000,10,2713,
25/03/2025 21:00:00,000,9,0937,
25/03/2025 22:00:00,000,8,0279,
25/03/2025 23:00:00,000,7,2953,
26/03/2025 00:00:00,000,6,0827,
26/03/2025 01:00:00,000,5,6963,
26/03/2025 02:00:00,000,5,3947,
26/03/2025 03:00:00,000,4,7586,
26/03/2025 04:00:00,000,4,3225,
26/03/2025 05:00:00,000,3,5923,
26/03/2025 06:00:00,000,4,4263,
26/03/2025 07:00:00,000,6,58,
26/03/2025 08:00:00,000,8,9492,
26/03/2025 09:00:00,000,11,6275,
26/03/2025 10:00:00,000,13,4378,
26/03/2025 11:00:00,000,15,0886,
26/03/2025 12:00:00,000,15,8028,
26/03/2025 13:00:00,000,15,7514,
26/03/2025 14:00:00,000,15,1513,
26/03/2025 15:00:00,000,15,6031,
26/03/2025 16:00:00,000,15,5892,
26/03/2025 17:00:00,000,15,3234,
26/03/2025 18:00:00,000,13,2189,
26/03/2025 19:00:00,000,11,988,
26/03/2025 20:00:00,000,11,2026,
26/03/2025 21:00:00,000,10,403,
26/03/2025 22:00:00,000,9,7022,
26/03/2025 23:00:00,000,9,1021,
27/03/2025 00:00:00,000,8,978,
27/03/2025 01:00:00,000,8,7302,
27/03/2025 02:00:00,000,8,1937,
27/03/2025 03:00:00,000,7,8188,
27/03/2025 04:00:00,000,7,4985,
27/03/2025 05:00:00,000,7,5066,
27/03/2025 06:00:00,000,7,9753,
27/03/2025 07:00:00,000,8,6692,
27/03/2025 08:00:00,000,9,557,
27/03/2025 09:00:00,000,10,945,
27/03/2025 10:00:00,000,12,1076,
27/03/2025 11:00:00,000,13,1842,
27/03/2025 12:00:00,000,13,3651,
27/03/2025 13:00:00,000,13,6675,
27/03/2025 14:00:00,000,13,4665,
27/03/2025 15:00:00,000,13,0435,
27/03/2025 16:00:00,000,12,3155,
27/03/2025 17:00:00,000,10,9267,
27/03/2025 18:00:00,000,9,6451,
27/03/2025 19:00:00,000,9,0032,
27/03/2025 20:00:00,000,8,52,
27/03/2025 21:00:00,000,8,2669,
27/03/2025 22:00:00,000,7,7586,
27/03/2025 23:00:00,000,7,3137,
28/03/2025 00:00:00,000,6,9128,
28/03/2025 01:00:00,000,6,5729,
28/03/2025 02:00:00,000,6,0926,
28/03/2025 03:00:00,000,5,7844,
28/03/2025 04:00:00,000,5,748,
28/03/2025 05:00:00,000,5,7453,
28/03/2025 06:00:00,000,6,0585,
28/03/2025 07:00:00,000,7,5245,
28/03/2025 08:00:00,000,8,898,
28/03/2025 09:00:00,000,10,0168,
28/03/2025 10:00:00,000,11,5603,
28/03/2025 11:00:00,000,13,2049,
28/03/2025 12:00:00,000,14,1558,
28/03/2025 13:00:00,000,14,129,
28/03/2025 14:00:00,000,14,1069,
28/03/2025 15:00:00,000,14,4738,
28/03/2025 16:00:00,000,14,1121,
28/03/2025 17:00:00,000,13,0113,
28/03/2025 18:00:00,000,12,3321,
28/03/2025 19:00:00,000,11,7986,
28/03/2025 20:00:00,000,11,0647,
28/03/2025 21:00:00,000,10,736,
28/03/2025 22:00:00,000,10,9294,
28/03/2025 23:00:00,000,10,8286,
29/03/2025 00:00:00,000,10,6394,
29/03/2025 01:00:00,000,10,2369,
29/03/2025 02:00:00,000,10,2309,
29/03/2025 03:00:00,000,10,0842,
29/03/2025 04:00:00,000,9,6889,
29/03/2025 05:00:00,000,9,4181,
29/03/2025 06:00:00,000,9,6278,
29/03/2025 07:00:00,000,9,9621,
29/03/2025 08:00:00,000,10,5006,
29/03/2025 09:00:00,000,11,0387,
29/03/2025 10:00:00,000,11,1404,
29/03/2025 11:00:00,000,11,0631,
29/03/2025 12:00:00,000,11,3375,
29/03/2025 13:00:00,000,10,9409,
29/03/2025 14:00:00,000,10,5262,
29/03/2025 15:00:00,000,10,3023,
29/03/2025 16:00:00,000,10,48,
29/03/2025 17:00:00,000,9,9906,
29/03/2025 18:00:00,000,9,5681,
29/03/2025 19:00:00,000,9,3497,
29/03/2025 20:00:00,000,9,441,
29/03/2025 21:00:00,000,8,9829,
29/03/2025 22:00:00,000,9,2125,
29/03/2025 23:00:00,000,8,9728,
30/03/2025 00:00:00,000,8,6082,
30/03/2025 01:00:00,000,8,3524,
30/03/2025 03:00:00,000,8,5696,
30/03/2025 04:00:00,000,8,9202,
30/03/2025 05:00:00,000,9,0463,
30/03/2025 06:00:00,000,8,6145,
30/03/2025 07:00:00,000,8,7249,
30/03/2025 08:00:00,000,9,2825,
30/03/2025 09:00:00,000,9,73,
30/03/2025 10:00:00,000,10,6033,
30/03/2025 11:00:00,000,11,3536,
30/03/2025 12:00:00,000,11,0566,
30/03/2025 13:00:00,000,11,8608,
30/03/2025 14:00:00,000,12,7372,
30/03/2025 15:00:00,000,13,2518,
30/03/2025 16:00:00,000,13,7488,
30/03/2025 17:00:00,000,13,0706,
30/03/2025 18:00:00,000,12,1455,
30/03/2025 19:00:00,000,11,3603,
30/03/2025 20:00:00,000,10,8314,
30/03/2025 21:00:00,000,10,4397,
30/03/2025 22:00:00,000,10,0822,
30/03/2025 23:00:00,000,9,3377,
31/03/2025 00:00:00,000,8,4766,
31/03/2025 01:00:00,000,8,2486,
31/03/2025 02:00:00,000,7,6539,
31/03/2025 03:00:00,000,7,116,
31/03/2025 04:00:00,000,6,8826,
31/03/2025 05:00:00,000,7,0305,
31/03/2025 06:00:00,000,6,6641,
31/03/2025 07:00:00,000,6,9007,
31/03/2025 08:00:00,000,7,409,
31/03/2025 09:00:00,000,8,1467,
31/03/2025 10:00:00,000,8,8312,
31/03/2025 11:00:00,000,9,5582,
31/03/2025 12:00:00,000,9,5378,
31/03/2025 13:00:00,000,9,9338,
31/03/2025 14:00:00,000,10,5181,
31/03/2025 15:00:00,000,10,1608,
31/03/2025 16:00:00,000,9,3638,
31/03/2025 17:00:00,000,9,4009,
31/03/2025 18:00:00,000,8,8183,
31/03/2025 19:00:00,000,8,152,
31/03/2025 20:00:00,000,7,6457,
31/03/2025 21:00:00,000,7,706,
31/03/2025 22:00:00,000,7,8106,
31/03/2025 23:00:00,000,8,0248,
01/04/2025 00:00:00,000,7,8562,
01/04/2025 01:00:00,000,7,9209,
01/04/2025 02:00:00,000,7,8817,
01/04/2025 03:00:00,000,7,9951,
01/04/2025 04:00:00,000,7,9193,
01/04/2025 05:00:00,000,7,8141,
01/04/2025 06:00:00,000,7,7863,
01/04/2025 07:00:00,000,8,2163,
01/04/2025 08:00:00,000,8,7797,
01/04/2025 09:00:00,000,9,1677,
01/04/2025 10:00:00,000,9,6197,
01/04/2025 11:00:00,000,10,1919,
01/04/2025 12:00:00,000,10,9666,
01/04/2025 13:00:00,000,11,4347,
01/04/2025 14:00:00,000,12,1019,
01/04/2025 15:00:00,000,12,1027,
01/04/2025 16:00:00,000,12,1591,
01/04/2025 17:00:00,000,11,5645,
01/04/2025 18:00:00,000,11,0593,
01/04/2025 19:00:00,000,10,0499,
01/04/2025 20:00:00,000,9,5298,
01/04/2025 21:00:00,000,9,6823,
01/04/2025 22:00:00,000,9,7415,
01/04/2025 23:00:00,000,9,0481,
02/04/2025 00:00:00,000,8,8397,
02/04/2025 01:00:00,000,8,5259,
02/04/2025 02:00:00,000,8,1801,
02/04/2025 03:00:00,000,7,5975,
02/04/2025 04:00:00,000,7,1218,
02/04/2025 05:00:00,000,7,0283,
02/04/2025 06:00:00,000,6,9702,
02/04/2025 07:00:00,000,7,2642,
02/04/2025 08:00:00,000,8,5142,
02/04/2025 09:00:00,000,9,619,
02/04/2025 10:00:00,000,10,4884,
02/04/2025 11:00:00,000,11,2716,
02/04/2025 12:00:00,000,12,0932,
02/04/2025 13:00:00,000,12,3329,
02/04/2025 14:00:00,000,12,1688,
02/04/2025 15:00:00,000,11,9802,
02/04/2025 16:00:00,000,11,7096,
02/04/2025 17:00:00,000,11,2664,
02/04/2025 18:00:00,000,11,0455,
02/04/2025 19:00:00,000,10,5548,
02/04/2025 20:00:00,000,10,2536,
02/04/2025 21:00:00,000,9,8857,
02/04/2025 22:00:00,000,9,6913,
02/04/2025 23:00:00,000,9,3729,
03/04/2025 00:00:00,000,8,8852,
03/04/2025 01:00:00,000,8,3578,
03/04/2025 02:00:00,000,7,5977,
03/04/2025 03:00:00,000,7,6059,
03/04/2025 04:00:00,000,7,1974,
03/04/2025 05:00:00,000,6,7723,
03/04/2025 06:00:00,000,6,7956,
03/04/2025 07:00:00,000,7,956,
03/04/2025 08:00:00,000,10,0986,
03/04/2025 09:00:00,000,12,7728,
03/04/2025 10:00:00,000,14,6549,
03/04/2025 11:00:00,000,15,9811,
03/04/2025 12:00:00,000,16,5075,
03/04/2025 13:00:00,000,16,4926,
03/04/2025 14:00:00,000,17,4127,
03/04/2025 15:00:00,000,17,2847,
03/04/2025 16:00:00,000,17,1525,
03/04/2025 17:00:00,000,17,2581,
03/04/2025 18:00:00,000,16,0884,
03/04/2025 19:00:00,000,14,4458,
03/04/2025 20:00:00,000,12,8907,
03/04/2025 21:00:00,000,11,8665,
03/04/2025 22:00:00,000,10,5402,
03/04/2025 23:00:00,000,9,4084,
04/04/2025 00:00:00,000,8,3318,
04/04/2025 01:00:00,000,7,5358,
04/04/2025 02:00:00,000,7,3533,
04/04/2025 03:00:00,000,6,6478,
04/04/2025 04:00:00,000,5,902,
04/04/2025 05:00:00,000,5,0477,
04/04/2025 06:00:00,000,4,6423,
04/04/2025 07:00:00,000,6,1279,
04/04/2025 08:00:00,000,9,6939,
04/04/2025 09:00:00,000,12,8251,
04/04/2025 10:00:00,000,15,3903,
04/04/2025 11:00:00,000,17,0132,
04/04/2025 12:00:00,000,17,9784,
04/04/2025 13:00:00,000,18,4446,
04/04/2025 14:00:00,000,18,6723,
04/04/2025 15:00:00,000,19,0758,
04/04/2025 16:00:00,000,19,0115,
04/04/2025 17:00:00,000,19,2787,
04/04/2025 18:00:00,000,18,0045,
04/04/2025 19:00:00,000,16,4305,
04/04/2025 20:00:00,000,14,9819,
04/04/2025 21:00:00,000,12,2209,
04/04/2025 22:00:00,000,10,1881,
04/04/2025 23:00:00,000,9,1304,
05/04/2025 00:00:00,000,8,4504,
05/04/2025 01:00:00,000,7,5424,
05/04/2025 02:00:00,000,7,0625,
05/04/2025 03:00:00,000,7,4927,
05/04/2025 04:00:00,000,7,1155,
05/04/2025 05:00:00,000,6,303,
05/04/2025 06:00:00,000,5,8219,
05/04/2025 07:00:00,000,7,84,
05/04/2025 08:00:00,000,11,1051,
05/04/2025 09:00:00,000,13,3135,
05/04/2025 10:00:00,000,14,7738,
05/04/2025 11:00:00,000,15,4605,
05/04/2025 12:00:00,000,15,6976,
05/04/2025 13:00:00,000,15,7466,
05/04/2025 14:00:00,000,15,4899,
05/04/2025 15:00:00,000,14,0319,
05/04/2025 16:00:00,000,12,6208,
05/04/2025 17:00:00,000,11,2357,
05/04/2025 18:00:00,000,9,302,
05/04/2025 19:00:00,000,7,0887,
05/04/2025 20:00:00,000,5,8147,
05/04/2025 21:00:00,000,5,2445,
05/04/2025 22:00:00,000,4,5648,
05/04/2025 23:00:00,000,3,6456,
06/04/2025 00:00:00,000,2,8689,
06/04/2025 01:00:00,000,2,2249,
06/04/2025 02:00:00,000,1,6544,
06/04/2025 03:00:00,000,1,207,
06/04/2025 04:00:00,000,0,7121,
06/04/2025 05:00:00,000,0,2847,
06/04/2025 06:00:00,000,0,1672,
06/04/2025 07:00:00,000,0,4759,
06/04/2025 08:00:00,000,1,1771,
06/04/2025 09:00:00,000,1,9919,
06/04/2025 10:00:00,000,2,3187,
06/04/2025 11:00:00,000,2,3423,
06/04/2025 12:00:00,000,2,8108,
06/04/2025 13:00:00,000,2,8854,
06/04/2025 14:00:00,000,2,6694,
06/04/2025 15:00:00,000,2,9506,
06/04/2025 16:00:00,000,3,0426,
06/04/2025 17:00:00,000,3,0085,
06/04/2025 18:00:00,000,2,5264,
06/04/2025 19:00:00,000,1,6908,
06/04/2025 20:00:00,000,1,3057,
06/04/2025 21:00:00,000,1,2196,
06/04/2025 22:00:00,000,0,7618,
06/04/2025 23:00:00,000,0,4716,
07/04/2025 00:00:00,000,0,4734,
07/04/2025 01:00:00,000,0,2396,
07/04/2025 02:00:00,000,0,1727,
07/04/2025 03:00:00,000,0,3245,
07/04/2025 04:00:00,000,0,3097,
07/04/2025 05:00:00,000,-0,1893,
07/04/2025 06:00:00,000,-0,3213,
07/04/2025 07:00:00,000,0,3536,
07/04/2025 08:00:00,000,1,4315,
07/04/2025 09:00:00,000,2,8794,
07/04/2025 10:00:00,000,3,7661,
07/04/2025 11:00:00,000,4,1342,
07/04/2025 12:00:00,000,5,0285,
07/04/2025 13:00:00,000,5,6624,
07/04/2025 14:00:00,000,5,9084,
07/04/2025 15:00:00,000,5,8848,
07/04/2025 16:00:00,000,5,8885,
07/04/2025 17:00:00,000,5,5533,
07/04/2025 18:00:00,000,5,3491,
07/04/2025 19:00:00,000,4,3874,
07/04/2025 20:00:00,000,3,7901,
07/04/2025 21:00:00,000,3,6839,
07/04/2025 22:00:00,000,3,3152,
07/04/2025 23:00:00,000,3,0381,
08/04/2025 00:00:00,000,2,9238,
08/04/2025 01:00:00,000,3,1103,
08/04/2025 02:00:00,000,3,1149,
08/04/2025 03:00:00,000,2,8612,
08/04/2025 04:00:00,000,2,9049,
08/04/2025 05:00:00,000,3,0911,
08/04/2025 06:00:00,000,3,0864,
08/04/2025 07:00:00,000,3,3158,
08/04/2025 08:00:00,000,4,4473,
08/04/2025 09:00:00,000,5,8892,
08/04/2025 10:00:00,000,7,138,
08/04/2025 11:00:00,000,7,7697,
08/04/2025 12:00:00,000,8,3512,
08/04/2025 13:00:00,000,8,9908,
08/04/2025 14:00:00,000,9,3643,
08/04/2025 15:00:00,000,9,4479,
08/04/2025 16:00:00,000,9,7836,
08/04/2025 17:00:00,000,10,0096,
08/04/2025 18:00:00,000,9,3638,
08/04/2025 19:00:00,000,8,0416,
08/04/2025 20:00:00,000,6,3887,
08/04/2025 21:00:00,000,4,3443,
08/04/2025 22:00:00,000,3,0755,
08/04/2025 23:00:00,000,2,6256,
09/04/2025 00:00:00,000,2,301,
09/04/2025 01:00:00,000,1,5295,
09/04/2025 02:00:00,000,0,9136,
09/04/2025 03:00:00,000,-0,1019,
09/04/2025 04:00:00,000,-0,8877,
09/04/2025 05:00:00,000,-1,149,
09/04/2025 06:00:00,000,-0,4901,
09/04/2025 07:00:00,000,1,3916,
09/04/2025 08:00:00,000,4,1614,
09/04/2025 09:00:00,000,6,9305,
09/04/2025 10:00:00,000,8,5705,
09/04/2025 11:00:00,000,10,0402,
09/04/2025 12:00:00,000,10,6995,
09/04/2025 13:00:00,000,11,2231,
09/04/2025 14:00:00,000,11,8466,
09/04/2025 15:00:00,000,12,5847,
09/04/2025 16:00:00,000,12,5896,
09/04/2025 17:00:00,000,12,063,
09/04/2025 18:00:00,000,11,321,
09/04/2025 19:00:00,000,10,746,
09/04/2025 20:00:00,000,9,878,
09/04/2025 21:00:00,000,8,9858,
09/04/2025 22:00:00,000,8,0333,
09/04/2025 23:00:00,000,7,3951,
10/04/2025 00:00:00,000,7,454,
10/04/2025 01:00:00,000,7,4906,
10/04/2025 02:00:00,000,7,2821,
10/04/2025 03:00:00,000,7,1685,
10/04/2025 04:00:00,000,7,5214,
10/04/2025 05:00:00,000,7,4797,
10/04/2025 06:00:00,000,7,5861,
10/04/2025 07:00:00,000,6,9928,
10/04/2025 08:00:00,000,6,6193,
10/04/2025 09:00:00,000,6,456,
10/04/2025 10:00:00,000,6,1071,
10/04/2025 11:00:00,000,6,1798,
10/04/2025 12:00:00,000,6,7754,
10/04/2025 13:00:00,000,7,5977,
10/04/2025 14:00:00,000,8,443,
10/04/2025 15:00:00,000,8,8737,
10/04/2025 16:00:00,000,8,8446,
10/04/2025 17:00:00,000,8,6119,
10/04/2025 18:00:00,000,8,2193,
10/04/2025 19:00:00,000,7,5298,
10/04/2025 20:00:00,000,6,6931,
10/04/2025 21:00:00,000,6,2552,
10/04/2025 22:00:00,000,5,6772,
10/04/2025 23:00:00,000,5,6598,
11/04/2025 00:00:00,000,5,4819,
11/04/2025 01:00:00,000,5,2422,
11/04/2025 02:00:00,000,5,0575,
11/04/2025 03:00:00,000,4,2999,
11/04/2025 04:00:00,000,3,5276,
11/04/2025 05:00:00,000,3,7344,
11/04/2025 06:00:00,000,4,3832,
11/04/2025 07:00:00,000,5,5889,
11/04/2025 08:00:00,000,7,7879,
11/04/2025 09:00:00,000,9,7112,
11/04/2025 10:00:00,000,11,9953,
11/04/2025 11:00:00,000,13,4746,
11/04/2025 12:00:00,000,14,7157,
11/04/2025 13:00:00,000,14,4839,
11/04/2025 14:00:00,000,14,7416,
11/04/2025 15:00:00,000,14,6614,
11/04/2025 16:00:00,000,14,047,
11/04/2025 17:00:00,000,13,3508,
11/04/2025 18:00:00,000,13,0486,
11/04/2025 19:00:00,000,12,3514,
11/04/2025 20:00:00,000,11,1097,
11/04/2025 21:00:00,000,9,9687,
11/04/2025 22:00:00,000,9,7449,
11/04/2025 23:00:00,000,9,2012,
12/04/2025 00:00:00,000,8,9869,
12/04/2025 01:00:00,000,8,9845,
12/04/2025 02:00:00,000,9,0249,
12/04/2025 03:00:00,000,8,5663,
12/04/2025 04:00:00,000,7,8757,
12/04/2025 05:00:00,000,7,5303,
12/04/2025 06:00:00,000,7,6862,
12/04/2025 07:00:00,000,8,5492,
12/04/2025 08:00:00,000,9,8947,
12/04/2025 09:00:00,000,10,7215,
12/04/2025 10:00:00,000,11,5751,
12/04/2025 11:00:00,000,12,8777,
12/04/2025 12:00:00,000,13,9425,
12/04/2025 13:00:00,000,15,2145,
12/04/2025 14:00:00,000,15,412,
12/04/2025 15:00:00,000,16,0933,
12/04/2025 16:00:00,000,16,4213,
12/04/2025 17:00:00,000,16,0786,
12/04/2025 18:00:00,000,15,0851,
12/04/2025 19:00:00,000,12,9993,
12/04/2025 20:00:00,000,10,9882,
12/04/2025 21:00:00,000,9,8502,
12/04/2025 22:00:00,000,8,9523,
12/04/2025 23:00:00,000,8,323,
13/04/2025 00:00:00,000,7,5505,
13/04/2025 01:00:00,000,6,6459,
13/04/2025 02:00:00,000,6,2287,
13/04/2025 03:00:00,000,5,3026,
13/04/2025 04:00:00,000,4,9013,
13/04/2025 05:00:00,000,4,4543,
13/04/2025 06:00:00,000,4,7347,
13/04/2025 07:00:00,000,6,6672,
13/04/2025 08:00:00,000,9,853,
13/04/2025 09:00:00,000,12,4995,
13/04/2025 10:00:00,000,14,9674,
13/04/2025 11:00:00,000,16,4817,
13/04/2025 12:00:00,000,17,7588,
13/04/2025 13:00:00,000,18,0736,
13/04/2025 14:00:00,000,18,4409,
13/04/2025 15:00:00,000,18,5396,
13/04/2025 16:00:00,000,17,9948,
13/04/2025 17:00:00,000,17,5786,
13/04/2025 18:00:00,000,16,9949,
13/04/2025 19:00:00,000,15,5511,
13/04/2025 20:00:00,000,14,8108,
13/04/2025 21:00:00,000,14,296,
13/04/2025 22:00:00,000,14,3544,
13/04/2025 23:00:00,000,14,1035,
14/04/2025 00:00:00,000,13,1461,
14/04/2025 01:00:00,000,12,2714,
14/04/2025 02:00:00,000,10,8755,
14/04/2025 03:00:00,000,9,8715,
14/04/2025 04:00:00,000,9,3279,
14/04/2025 05:00:00,000,9,2333,
14/04/2025 06:00:00,000,9,6347,
14/04/2025 07:00:00,000,11,0818,
14/04/2025 08:00:00,000,12,7498,
14/04/2025 09:00:00,000,14,1086,
14/04/2025 10:00:00,000,15,3123,
14/04/2025 11:00:00,000,15,5499,
14/04/2025 12:00:00,000,16,7678,
14/04/2025 13:00:00,000,17,0499,
14/04/2025 14:00:00,000,17,7034,
14/04/2025 15:00:00,000,17,8651,
14/04/2025 16:00:00,000,17,526,
14/04/2025 17:00:00,000,17,0121,
14/04/2025 18:00:00,000,15,7094,
14/04/2025 19:00:00,000,15,495,
14/04/2025 20:00:00,000,14,5564,
14/04/2025 21:00:00,000,13,7764,
14/04/2025 22:00:00,000,13,7817,
14/04/2025 23:00:00,000,13,5664,
15/04/2025 00:00:00,000,13,1915,
15/04/2025 01:00:00,000,12,6771,
15/04/2025 02:00:00,000,12,6551,
15/04/2025 03:00:00,000,12,094,
15/04/2025 04:00:00,000,11,9141,
15/04/2025 05:00:00,000,11,4101,
15/04/2025 06:00:00,000,10,8002,
15/04/2025 07:00:00,000,10,8646,
15/04/2025 08:00:00,000,10,8763,
15/04/2025 09:00:00,000,11,4338,
15/04/2025 10:00:00,000,11,6985,
15/04/2025 11:00:00,000,12,176,
15/04/2025 12:00:00,000,13,0194,
15/04/2025 13:00:00,000,13,9365,
15/04/2025 14:00:00,000,14,764,
15/04/2025 15:00:00,000,14,5984,
15/04/2025 16:00:00,000,15,2163,
15/04/2025 17:00:00,000,14,5901,
15/04/2025 18:00:00,000,14,3198,
15/04/2025 19:00:00,000,14,4402,
15/04/2025 20:00:00,000,14,3289,
15/04/2025 21:00:00,000,14,0998,
15/04/2025 22:00:00,000,14,3282,
15/04/2025 23:00:00,000,14,0333,
16/04/2025 00:00:00,000,14,0215,
16/04/2025 01:00:00,000,14,274,
16/04/2025 02:00:00,000,14,2661,
16/04/2025 03:00:00,000,12,9968,
16/04/2025 04:00:00,000,12,0212,
16/04/2025 05:00:00,000,11,6045,
16/04/2025 06:00:00,000,11,7019,
16/04/2025 07:00:00,000,12,896,
16/04/2025 08:00:00,000,15,2139,
16/04/2025 09:00:00,000,16,4336,
16/04/2025 10:00:00,000,17,9317,
16/04/2025 11:00:00,000,19,6118,
16/04/2025 12:00:00,000,21,5799,
16/04/2025 13:00:00,000,22,0764,
16/04/2025 14:00:00,000,23,0201,
16/04/2025 15:00:00,000,22,8722,
16/04/2025 16:00:00,000,22,7467,
16/04/2025 17:00:00,000,23,0265,
16/04/2025 18:00:00,000,22,1147,
16/04/2025 19:00:00,000,19,2178,
16/04/2025 20:00:00,000,17,2235,
16/04/2025 21:00:00,000,15,7975,
16/04/2025 22:00:00,000,15,1975,
16/04/2025 23:00:00,000,14,6889,
17/04/2025 00:00:00,000,14,2079,
17/04/2025 01:00:00,000,13,1583,
17/04/2025 02:00:00,000,12,2419,
17/04/2025 03:00:00,000,12,6195,
17/04/2025 04:00:00,000,11,9065,
17/04/2025 05:00:00,000,11,9348,
17/04/2025 06:00:00,000,11,9923,
17/04/2025 07:00:00,000,13,59,
17/04/2025 08:00:00,000,16,0939,
17/04/2025 09:00:00,000,18,5934,
17/04/2025 10:00:00,000,20,3689,
17/04/2025 11:00:00,000,21,6792,
17/04/2025 12:00:00,000,23,8922,
17/04/2025 13:00:00,000,23,9642,
17/04/2025 14:00:00,000,24,1756,
17/04/2025 15:00:00,000,23,5741,
17/04/2025 16:00:00,000,22,808,
17/04/2025 17:00:00,000,22,5521,
17/04/2025 18:00:00,000,20,9391,
17/04/2025 19:00:00,000,20,2235,
17/04/2025 20:00:00,000,18,6723,
17/04/2025 21:00:00,000,18,201,
17/04/2025 22:00:00,000,16,9907,
17/04/2025 23:00:00,000,16,3714,
18/04/2025 00:00:00,000,15,9225,
18/04/2025 01:00:00,000,15,5997,
18/04/2025 02:00:00,000,15,3981,
18/04/2025 03:00:00,000,14,7384,
18/04/2025 04:00:00,000,15,1528,
18/04/2025 05:00:00,000,15,0221,
18/04/2025 06:00:00,000,14,5539,
18/04/2025 07:00:00,000,15,0601,
18/04/2025 08:00:00,000,15,1042,
18/04/2025 09:00:00,000,15,5325,
18/04/2025 10:00:00,000,15,3378,
18/04/2025 11:00:00,000,14,7603,
18/04/2025 12:00:00,000,14,6202,
18/04/2025 13:00:00,000,14,7523,
18/04/2025 14:00:00,000,13,6659,
18/04/2025 15:00:00,000,13,0558,
18/04/2025 16:00:00,000,12,7281,
18/04/2025 17:00:00,000,12,4541,
18/04/2025 18:00:00,000,12,1988,
18/04/2025 19:00:00,000,11,7891,
18/04/2025 20:00:00,000,10,7985,
18/04/2025 21:00:00,000,10,1798,
18/04/2025 22:00:00,000,9,7358,
18/04/2025 23:00:00,000,9,0927,
19/04/2025 00:00:00,000,8,4923,
19/04/2025 01:00:00,000,7,9417,
19/04/2025 02:00:00,000,7,5389,
19/04/2025 03:00:00,000,7,2658,
19/04/2025 04:00:00,000,7,3828,
19/04/2025 05:00:00,000,6,5313,
19/04/2025 06:00:00,000,6,7605,
19/04/2025 07:00:00,000,8,0004,
19/04/2025 08:00:00,000,9,3613,
19/04/2025 09:00:00,000,10,8942,
19/04/2025 10:00:00,000,12,2333,
19/04/2025 11:00:00,000,14,3857,
19/04/2025 12:00:00,000,15,9111,
19/04/2025 13:00:00,000,17,439,
19/04/2025 14:00:00,000,18,4141,
19/04/2025 15:00:00,000,18,7525,
19/04/2025 16:00:00,000,18,1659,
19/04/2025 17:00:00,000,18,5734,
19/04/2025 18:00:00,000,17,8284,
19/04/2025 19:00:00,000,16,0069,
19/04/2025 20:00:00,000,14,1368,
19/04/2025 21:00:00,000,12,6841,
19/04/2025 22:00:00,000,11,5034,
19/04/2025 23:00:00,000,10,5795,
20/04/2025 00:00:00,000,9,7283,
20/04/2025 01:00:00,000,8,8705,
20/04/2025 02:00:00,000,7,9792,
20/04/2025 03:00:00,000,7,9344,
20/04/2025 04:00:00,000,7,5204,
20/04/2025 05:00:00,000,7,2161,
20/04/2025 06:00:00,000,7,6703,
20/04/2025 07:00:00,000,10,1533,
20/04/2025 08:00:00,000,12,634,
20/04/2025 09:00:00,000,15,1687,
20/04/2025 10:00:00,000,16,4947,
20/04/2025 11:00:00,000,17,7276,
20/04/2025 12:00:00,000,18,3454,
20/04/2025 13:00:00,000,18,8381,
20/04/2025 14:00:00,000,19,5168,
20/04/2025 15:00:00,000,20,1068,
20/04/2025 16:00:00,000,21,0604,
20/04/2025 17:00:00,000,21,1464,
20/04/2025 18:00:00,000,20,2549,
20/04/2025 19:00:00,000,18,0223,
20/04/2025 20:00:00,000,16,0155,
20/04/2025 21:00:00,000,14,4647,
20/04/2025 22:00:00,000,13,568,
20/04/2025 23:00:00,000,13,0051,
21/04/2025 00:00:00,000,12,3582,
21/04/2025 01:00:00,000,11,3819,
21/04/2025 02:00:00,000,10,2075,
21/04/2025 03:00:00,000,10,373,
21/04/2025 04:00:00,000,10,0048,
21/04/2025 05:00:00,000,9,9097,
21/04/2025 06:00:00,000,10,0342,
21/04/2025 07:00:00,000,11,2658,
21/04/2025 08:00:00,000,13,1547,
21/04/2025 09:00:00,000,15,503,
21/04/2025 10:00:00,000,17,3687,
21/04/2025 11:00:00,000,19,194,
21/04/2025 12:00:00,000,20,7877,
21/04/2025 13:00:00,000,20,7999,
21/04/2025 14:00:00,000,22,1493,
21/04/2025 15:00:00,000,22,0804,
21/04/2025 16:00:00,000,22,4167,
21/04/2025 17:00:00,000,22,0352,
21/04/2025 18:00:00,000,21,1245,
21/04/2025 19:00:00,000,19,2488,
21/04/2025 20:00:00,000,17,5613,
21/04/2025 21:00:00,000,15,6159,
21/04/2025 22:00:00,000,14,8985,
21/04/2025 23:00:00,000,15,1728,
22/04/2025 00:00:00,000,14,836,
22/04/2025 01:00:00,000,14,6168,
22/04/2025 02:00:00,000,13,8907,
22/04/2025 03:00:00,000,13,083,
22/04/2025 04:00:00,000,12,5384,
22/04/2025 05:00:00,000,12,2763,
22/04/2025 06:00:00,000,12,5618,
22/04/2025 07:00:00,000,14,124,
22/04/2025 08:00:00,000,16,2708,
22/04/2025 09:00:00,000,17,8628,
22/04/2025 10:00:00,000,19,119,
22/04/2025 11:00:00,000,21,1435,
22/04/2025 12:00:00,000,21,6817,
22/04/2025 13:00:00,000,21,9157,
22/04/2025 14:00:00,000,22,4126,
22/04/2025 15:00:00,000,22,117,
22/04/2025 16:00:00,000,21,2149,
22/04/2025 17:00:00,000,19,9568,
22/04/2025 18:00:00,000,19,1216,
22/04/2025 19:00:00,000,17,9291,
22/04/2025 20:00:00,000,16,4175,
22/04/2025 21:00:00,000,15,6646,
22/04/2025 22:00:00,000,15,199,
22/04/2025 23:00:00,000,15,0505,
23/04/2025 00:00:00,000,14,1566,
23/04/2025 01:00:00,000,13,509,
23/04/2025 02:00:00,000,12,622,
23/04/2025 03:00:00,000,12,8833,
23/04/2025 04:00:00,000,12,9287,
23/04/2025 05:00:00,000,13,071,
23/04/2025 06:00:00,000,13,2385,
23/04/2025 07:00:00,000,14,9553,
23/04/2025 08:00:00,000,16,643,
23/04/2025 09:00:00,000,18,2001,
23/04/2025 10:00:00,000,19,457,
23/04/2025 11:00:00,000,20,4373,
23/04/2025 12:00:00,000,21,4898,
23/04/2025 13:00:00,000,21,9409,
23/04/2025 14:00:00,000,22,9512,
23/04/2025 15:00:00,000,23,0197,
23/04/2025 16:00:00,000,23,0462,
23/04/2025 17:00:00,000,21,8538,
23/04/2025 18:00:00,000,20,089,
23/04/2025 19:00:00,000,19,2806,
23/04/2025 20:00:00,000,17,4446,
23/04/2025 21:00:00,000,16,1413,
23/04/2025 22:00:00,000,15,1891,
23/04/2025 23:00:00,000,14,6806,
24/04/2025 00:00:00,000,14,005,
24/04/2025 01:00:00,000,13,3579,
24/04/2025 02:00:00,000,12,5214,
24/04/2025 03:00:00,000,12,1229,
24/04/2025 04:00:00,000,11,9203,
24/04/2025 05:00:00,000,11,7995,
24/04/2025 06:00:00,000,12,1028,
24/04/2025 07:00:00,000,13,7074,
24/04/2025 08:00:00,000,15,902,
24/04/2025 09:00:00,000,17,3259,
24/04/2025 10:00:00,000,18,0092,
24/04/2025 11:00:00,000,19,0152,
24/04/2025 12:00:00,000,19,0433,
24/04/2025 13:00:00,000,19,501,
24/04/2025 14:00:00,000,18,9478,
24/04/2025 15:00:00,000,19,6798,
24/04/2025 16:00:00,000,18,8572,
24/04/2025 17:00:00,000,18,1734,
24/04/2025 18:00:00,000,16,9128,
24/04/2025 19:00:00,000,15,6752,
24/04/2025 20:00:00,000,15,2271,
24/04/2025 21:00:00,000,14,8781,
24/04/2025 22:00:00,000,14,4804,
24/04/2025 23:00:00,000,14,3084,
25/04/2025 00:00:00,000,13,7533,
25/04/2025 01:00:00,000,13,6048,
25/04/2025 02:00:00,000,13,0695,
25/04/2025 03:00:00,000,12,5806,
25/04/2025 04:00:00,000,12,6456,
25/04/2025 05:00:00,000,12,1319,
25/04/2025 06:00:00,000,12,1216,
25/04/2025 07:00:00,000,12,6037,
25/04/2025 08:00:00,000,13,3339,
25/04/2025 09:00:00,000,13,7803,
25/04/2025 10:00:00,000,14,4674,
25/04/2025 11:00:00,000,14,5198,
25/04/2025 12:00:00,000,15,0276,
25/04/2025 13:00:00,000,15,0244,
25/04/2025 14:00:00,000,14,707,
25/04/2025 15:00:00,000,13,9287,
25/04/2025 16:00:00,000,13,7512,
25/04/2025 17:00:00,000,13,5209,
25/04/2025 18:00:00,000,13,7309,
25/04/2025 19:00:00,000,13,43,
25/04/2025 20:00:00,000,12,8765,
25/04/2025 21:00:00,000,12,482,
25/04/2025 22:00:00,000,12,0681,
25/04/2025 23:00:00,000,12,5605,
26/04/2025 00:00:00,000,12,413,
26/04/2025 01:00:00,000,11,6902,
26/04/2025 02:00:00,000,11,4002,
26/04/2025 03:00:00,000,11,048,
26/04/2025 04:00:00,000,10,752,
26/04/2025 05:00:00,000,10,3584,
26/04/2025 06:00:00,000,10,2857,
26/04/2025 07:00:00,000,10,4274,
26/04/2025 08:00:00,000,11,0138,
26/04/2025 09:00:00,000,11,6,
26/04/2025 10:00:00,000,12,6295,
26/04/2025 11:00:00,000,13,502,
26/04/2025 12:00:00,000,14,459,
26/04/2025 13:00:00,000,14,8173,
26/04/2025 14:00:00,000,15,2874,
26/04/2025 15:00:00,000,16,3828,
26/04/2025 16:00:00,000,16,8044,
26/04/2025 17:00:00,000,16,231,
26/04/2025 18:00:00,000,15,2496,
26/04/2025 19:00:00,000,13,6903,
26/04/2025 20:00:00,000,11,9421,
26/04/2025 21:00:00,000,10,305,
26/04/2025 22:00:00,000,9,339,
26/04/2025 23:00:00,000,8,3634,
27/04/2025 00:00:00,000,8,1172,
27/04/2025 01:00:00,000,7,8316,
27/04/2025 02:00:00,000,6,64,
27/04/2025 03:00:00,000,5,918,
27/04/2025 04:00:00,000,5,7794,
27/04/2025 05:00:00,000,5,4467,
27/04/2025 06:00:00,000,6,0645,
27/04/2025 07:00:00,000,7,9645,
27/04/2025 08:00:00,000,10,0319,
27/04/2025 09:00:00,000,11,1013,
27/04/2025 10:00:00,000,12,2185,
27/04/2025 11:00:00,000,13,4316,
27/04/2025 12:00:00,000,15,1151,
27/04/2025 13:00:00,000,16,0972,
27/04/2025 14:00:00,000,16,4076,
27/04/2025 15:00:00,000,17,024,
27/04/2025 16:00:00,000,17,1251,
27/04/2025 17:00:00,000,16,9955,
27/04/2025 18:00:00,000,16,1373,
27/04/2025 19:00:00,000,15,2464,
27/04/2025 20:00:00,000,12,9315,
27/04/2025 21:00:00,000,10,7452,
27/04/2025 22:00:00,000,9,2228,
27/04/2025 23:00:00,000,8,4253,
28/04/2025 00:00:00,000,7,4396,
28/04/2025 01:00:00,000,6,2046,
28/04/2025 02:00:00,000,5,3711,
28/04/2025 03:00:00,000,4,631,
28/04/2025 04:00:00,000,4,1298,
28/04/2025 05:00:00,000,4,3677,
28/04/2025 06:00:00,000,5,7052,
28/04/2025 07:00:00,000,8,3327,
28/04/2025 08:00:00,000,10,8678,
28/04/2025 09:00:00,000,13,4634,
28/04/2025 10:00:00,000,15,2005,
28/04/2025 11:00:00,000,17,079,
28/04/2025 12:00:00,000,18,7921,
28/04/2025 13:00:00,000,19,7186,
28/04/2025 14:00:00,000,20,077,
28/04/2025 15:00:00,000,20,1617,
28/04/2025 16:00:00,000,20,2051,
28/04/2025 17:00:00,000,20,0043,
28/04/2025 18:00:00,000,18,9939,
28/04/2025 19:00:00,000,16,9164,
28/04/2025 20:00:00,000,14,9905,
28/04/2025 21:00:00,000,13,6369,
28/04/2025 22:00:00,000,11,4031,
28/04/2025 23:00:00,000,9,9191,
29/04/2025 00:00:00,000,8,7219,
29/04/2025 01:00:00,000,8,2967,
29/04/2025 02:00:00,000,8,0412,
29/04/2025 03:00:00,000,7,4993,
29/04/2025 04:00:00,000,7,0645,
29/04/2025 05:00:00,000,6,92,
29/04/2025 06:00:00,000,7,7785,
29/04/2025 07:00:00,000,10,0345,
29/04/2025 08:00:00,000,12,8865,
29/04/2025 09:00:00,000,15,1941,
29/04/2025 10:00:00,000,17,4852,
29/04/2025 11:00:00,000,18,7317,
29/04/2025 12:00:00,000,19,8775,
29/04/2025 13:00:00,000,21,0431,
29/04/2025 14:00:00,000,21,8241,
29/04/2025 15:00:00,000,21,6566,
29/04/2025 16:00:00,000,21,6192,
29/04/2025 17:00:00,000,21,744,
29/04/2025 18:00:00,000,20,9403,
29/04/2025 19:00:00,000,18,5159,
29/04/2025 20:00:00,000,17,3117,
29/04/2025 21:00:00,000,14,9684,
29/04/2025 22:00:00,000,13,5852,
29/04/2025 23:00:00,000,12,1418,
30/04/2025 00:00:00,000,11,322,
30/04/2025 01:00:00,000,11,177,
30/04/2025 02:00:00,000,10,5277,
30/04/2025 03:00:00,000,10,1759,
30/04/2025 04:00:00,000,10,2429,
30/04/2025 05:00:00,000,9,935,
30/04/2025 06:00:00,000,10,5533,
30/04/2025 07:00:00,000,12,8332,
30/04/2025 08:00:00,000,15,3433,
30/04/2025 09:00:00,000,17,7239,
30/04/2025 10:00:00,000,19,8948,
30/04/2025 11:00:00,000,21,5113,
30/04/2025 12:00:00,000,22,2192,
30/04/2025 13:00:00,000,22,6061,
30/04/2025 14:00:00,000,23,1068,
30/04/2025 15:00:00,000,23,3498,
30/04/2025 16:00:00,000,23,149,
30/04/2025 17:00:00,000,23,4431,
30/04/2025 18:00:00,000,21,9387,
30/04/2025 19:00:00,000,20,0189,
30/04/2025 20:00:00,000,17,9976,
30/04/2025 21:00:00,000,15,917,
30/04/2025 22:00:00,000,14,0477,
30/04/2025 23:00:00,000,13,156,
01/05/2025 00:00:00,000,12,0004,
01/05/2025 01:00:00,000,11,4006,
01/05/2025 02:00:00,000,10,9069,
01/05/2025 03:00:00,000,10,1957,
01/05/2025 04:00:00,000,9,6144,
01/05/2025 05:00:00,000,9,355,
01/05/2025 06:00:00,000,10,4518,
01/05/2025 07:00:00,000,13,2201,
01/05/2025 08:00:00,000,16,4017,
01/05/2025 09:00:00,000,19,1879,
01/05/2025 10:00:00,000,20,8521,
01/05/2025 11:00:00,000,21,5147,
01/05/2025 12:00:00,000,22,2366,
01/05/2025 13:00:00,000,22,7711,
01/05/2025 14:00:00,000,23,582,
01/05/2025 15:00:00,000,23,5777,
01/05/2025 16:00:00,000,23,6194,
01/05/2025 17:00:00,000,23,1034,
01/05/2025 18:00:00,000,21,4044,
01/05/2025 19:00:00,000,19,7571,
01/05/2025 20:00:00,000,17,6667,
01/05/2025 21:00:00,000,15,5901,
01/05/2025 22:00:00,000,14,0324,
01/05/2025 23:00:00,000,12,5509,
02/05/2025 00:00:00,000,11,6518,
02/05/2025 01:00:00,000,11,0147,
02/05/2025 02:00:00,000,10,5819,
02/05/2025 03:00:00,000,10,1624,
02/05/2025 04:00:00,000,8,7571,
02/05/2025 05:00:00,000,8,3185,
02/05/2025 06:00:00,000,9,8184,
02/05/2025 07:00:00,000,12,191,
02/05/2025 08:00:00,000,14,8513,
02/05/2025 09:00:00,000,17,0488,
02/05/2025 10:00:00,000,19,0836,
02/05/2025 11:00:00,000,20,5636,
02/05/2025 12:00:00,000,22,2028,
02/05/2025 13:00:00,000,23,0263,
02/05/2025 14:00:00,000,23,9678,
02/05/2025 15:00:00,000,25,1357,
02/05/2025 16:00:00,000,25,1641,
02/05/2025 17:00:00,000,24,6106,
02/05/2025 18:00:00,000,23,7966,
02/05/2025 19:00:00,000,22,1124,
02/05/2025 20:00:00,000,19,185,
02/05/2025 21:00:00,000,17,4837,
02/05/2025 22:00:00,000,15,7293,
02/05/2025 23:00:00,000,14,7279,
03/05/2025 00:00:00,000,14,2703,
03/05/2025 01:00:00,000,13,4328,
03/05/2025 02:00:00,000,12,5136,
03/05/2025 03:00:00,000,11,8777,
03/05/2025 04:00:00,000,11,0048,
03/05/2025 05:00:00,000,10,8838,
03/05/2025 06:00:00,000,11,8598,
03/05/2025 07:00:00,000,14,4559,
03/05/2025 08:00:00,000,16,5284,
03/05/2025 09:00:00,000,19,1982,
03/05/2025 10:00:00,000,21,2303,
03/05/2025 11:00:00,000,23,6925,
03/05/2025 12:00:00,000,24,8513,
03/05/2025 13:00:00,000,26,3784,
03/05/2025 14:00:00,000,26,3541,
03/05/2025 15:00:00,000,26,7153,
03/05/2025 16:00:00,000,26,3184,
03/05/2025 17:00:00,000,24,5981,
03/05/2025 18:00:00,000,21,2935,
03/05/2025 19:00:00,000,19,07,
03/05/2025 20:00:00,000,19,1715,
03/05/2025 21:00:00,000,18,3402,
03/05/2025 22:00:00,000,16,9145,
03/05/2025 23:00:00,000,16,5783,
04/05/2025 00:00:00,000,16,0666,
04/05/2025 01:00:00,000,15,9215,
04/05/2025 02:00:00,000,14,5919,
04/05/2025 03:00:00,000,14,0018,
04/05/2025 04:00:00,000,14,5492,
04/05/2025 05:00:00,000,14,8475,
04/05/2025 06:00:00,000,15,1293,
04/05/2025 07:00:00,000,17,0074,
04/05/2025 08:00:00,000,18,1717,
04/05/2025 09:00:00,000,18,843,
04/05/2025 10:00:00,000,19,7931,
04/05/2025 11:00:00,000,19,5764,
04/05/2025 12:00:00,000,19,7069,
04/05/2025 13:00:00,000,19,8143,
04/05/2025 14:00:00,000,19,301,
04/05/2025 15:00:00,000,18,68,
04/05/2025 16:00:00,000,17,6384,
04/05/2025 17:00:00,000,17,2966,
04/05/2025 18:00:00,000,16,5998,
04/05/2025 19:00:00,000,15,4024,
04/05/2025 20:00:00,000,14,479,
04/05/2025 21:00:00,000,13,6191,
04/05/2025 22:00:00,000,13,1487,
04/05/2025 23:00:00,000,12,8749,
05/05/2025 00:00:00,000,12,8799,
05/05/2025 01:00:00,000,12,0397,
05/05/2025 02:00:00,000,11,3606,
05/05/2025 03:00:00,000,11,1528,
05/05/2025 04:00:00,000,10,7257,
05/05/2025 05:00:00,000,10,6185,
05/05/2025 06:00:00,000,10,0679,
05/05/2025 07:00:00,000,9,9402,
05/05/2025 08:00:00,000,10,1455,
05/05/2025 09:00:00,000,10,1566,
05/05/2025 10:00:00,000,11,0153,
05/05/2025 11:00:00,000,11,4418,
05/05/2025 12:00:00,000,11,5205,
05/05/2025 13:00:00,000,11,5307,
05/05/2025 14:00:00,000,11,8279,
05/05/2025 15:00:00,000,11,6681,
05/05/2025 16:00:00,000,11,1932,
05/05/2025 17:00:00,000,11,178,
05/05/2025 18:00:00,000,10,8563,
05/05/2025 19:00:00,000,10,5967,
05/05/2025 20:00:00,000,10,0563,
05/05/2025 21:00:00,000,9,6559,
05/05/2025 22:00:00,000,9,3773,
05/05/2025 23:00:00,000,8,9412,
06/05/2025 00:00:00,000,8,4908,
06/05/2025 01:00:00,000,8,4405,
06/05/2025 02:00:00,000,8,1542,
06/05/2025 03:00:00,000,8,2597,
06/05/2025 04:00:00,000,8,3025,
06/05/2025 05:00:00,000,8,0986,
06/05/2025 06:00:00,000,8,3634,
06/05/2025 07:00:00,000,8,6635,
06/05/2025 08:00:00,000,8,8348,
06/05/2025 09:00:00,000,9,6448,
06/05/2025 10:00:00,000,10,4704,
06/05/2025 11:00:00,000,10,7477,
06/05/2025 12:00:00,000,11,082,
06/05/2025 13:00:00,000,11,3275,
06/05/2025 14:00:00,000,11,5458,
06/05/2025 15:00:00,000,12,1022,
06/05/2025 16:00:00,000,11,8767,
06/05/2025 17:00:00,000,11,9763,
06/05/2025 18:00:00,000,11,8143,
06/05/2025 19:00:00,000,11,3123,
06/05/2025 20:00:00,000,10,9478,
06/05/2025 21:00:00,000,10,3286,
06/05/2025 22:00:00,000,10,0433,
06/05/2025 23:00:00,000,9,9282,
07/05/2025 00:00:00,000,9,8876,
07/05/2025 01:00:00,000,9,7783,
07/05/2025 02:00:00,000,9,9087,
07/05/2025 03:00:00,000,9,8375,
07/05/2025 04:00:00,000,9,4794,
07/05/2025 05:00:00,000,9,3048,
07/05/2025 06:00:00,000,9,4011,
07/05/2025 07:00:00,000,10,3002,
07/05/2025 08:00:00,000,10,85,
07/05/2025 09:00:00,000,11,7342,
07/05/2025 10:00:00,000,12,0742,
07/05/2025 11:00:00,000,12,8852,
07/05/2025 12:00:00,000,13,4387,
07/05/2025 13:00:00,000,13,7599,
07/05/2025 14:00:00,000,14,0944,
07/05/2025 15:00:00,000,13,8824,
07/05/2025 16:00:00,000,14,0105,
07/05/2025 17:00:00,000,13,39,
07/05/2025 18:00:00,000,12,7938,
07/05/2025 19:00:00,000,12,5842,
07/05/2025 20:00:00,000,11,3547,
07/05/2025 21:00:00,000,10,7004,
07/05/2025 22:00:00,000,10,3229,
07/05/2025 23:00:00,000,9,7929,
08/05/2025 00:00:00,000,9,3942,
08/05/2025 01:00:00,000,9,0262,
08/05/2025 02:00:00,000,8,7745,
08/05/2025 03:00:00,000,9,0111,
08/05/2025 04:00:00,000,8,8227,
08/05/2025 05:00:00,000,8,6509,
08/05/2025 06:00:00,000,8,6164,
08/05/2025 07:00:00,000,9,6059,
08/05/2025 08:00:00,000,10,5668,
08/05/2025 09:00:00,000,11,1171,
08/05/2025 10:00:00,000,12,0992,
08/05/2025 11:00:00,000,12,8452,
08/05/2025 12:00:00,000,13,4795,
08/05/2025 13:00:00,000,14,0112,
08/05/2025 14:00:00,000,13,9895,
08/05/2025 15:00:00,000,14,2248,
08/05/2025 16:00:00,000,13,8027,
08/05/2025 17:00:00,000,13,4993,
08/05/2025 18:00:00,000,12,6235,
08/05/2025 19:00:00,000,11,5242,
08/05/2025 20:00:00,000,10,4548,
08/05/2025 21:00:00,000,9,5855,
08/05/2025 22:00:00,000,8,8412,
08/05/2025 23:00:00,000,7,9265,
09/05/2025 00:00:00,000,7,4463,
09/05/2025 01:00:00,000,6,5891,
09/05/2025 02:00:00,000,5,9618,
09/05/2025 03:00:00,000,5,0781,
09/05/2025 04:00:00,000,3,9864,
09/05/2025 05:00:00,000,4,1398,
09/05/2025 06:00:00,000,5,6134,
09/05/2025 07:00:00,000,7,8876,
09/05/2025 08:00:00,000,9,9908,
09/05/2025 09:00:00,000,11,3716,
09/05/2025 10:00:00,000,11,829,
09/05/2025 11:00:00,000,12,4869,
09/05/2025 12:00:00,000,12,9338,
09/05/2025 13:00:00,000,13,4336,
09/05/2025 14:00:00,000,13,8479,
09/05/2025 15:00:00,000,14,3439,
09/05/2025 16:00:00,000,14,5992,
09/05/2025 17:00:00,000,13,8724,
09/05/2025 18:00:00,000,13,1941,
09/05/2025 19:00:00,000,11,7954,
09/05/2025 20:00:00,000,9,8186,
09/05/2025 21:00:00,000,8,2146,
09/05/2025 22:00:00,000,7,0921,
09/05/2025 23:00:00,000,6,6916,
10/05/2025 00:00:00,000,5,6267,
10/05/2025 01:00:00,000,5,4595,
10/05/2025 02:00:00,000,5,211,
10/05/2025 03:00:00,000,3,9379,
10/05/2025 04:00:00,000,2,7902,
10/05/2025 05:00:00,000,2,6655,
10/05/2025 06:00:00,000,4,0364,
10/05/2025 07:00:00,000,6,3378,
10/05/2025 08:00:00,000,8,2735,
10/05/2025 09:00:00,000,10,2509,
10/05/2025 10:00:00,000,11,5317,
10/05/2025 11:00:00,000,12,9928,
10/05/2025 12:00:00,000,14,0775,
10/05/2025 13:00:00,000,15,0049,
10/05/2025 14:00:00,000,16,4682,
10/05/2025 15:00:00,000,16,7201,
10/05/2025 16:00:00,000,16,1733,
10/05/2025 17:00:00,000,16,1491,
10/05/2025 18:00:00,000,15,7579,
10/05/2025 19:00:00,000,15,2257,
10/05/2025 20:00:00,000,13,5304,
10/05/2025 21:00:00,000,12,2686,
10/05/2025 22:00:00,000,11,6232,
10/05/2025 23:00:00,000,10,9774,
11/05/2025 00:00:00,000,10,4579,
11/05/2025 01:00:00,000,10,1406,
11/05/2025 02:00:00,000,8,9339,
11/05/2025 03:00:00,000,8,2005,
11/05/2025 04:00:00,000,8,3592,
11/05/2025 05:00:00,000,8,8866,
11/05/2025 06:00:00,000,8,9563,
11/05/2025 07:00:00,000,9,9006,
11/05/2025 08:00:00,000,10,9661,
11/05/2025 09:00:00,000,11,8156,
11/05/2025 10:00:00,000,12,9037,
11/05/2025 11:00:00,000,13,3335,
11/05/2025 12:00:00,000,14,2541,
11/05/2025 13:00:00,000,14,4293,
11/05/2025 14:00:00,000,15,1663,
11/05/2025 15:00:00,000,15,6222,
11/05/2025 16:00:00,000,15,9063,
11/05/2025 17:00:00,000,15,4029,
11/05/2025 18:00:00,000,14,6619,
11/05/2025 19:00:00,000,12,8818,
11/05/2025 20:00:00,000,11,1349,
11/05/2025 21:00:00,000,9,5883,
11/05/2025 22:00:00,000,8,6475,
11/05/2025 23:00:00,000,8,1235,
12/05/2025 00:00:00,000,7,3629,
12/05/2025 01:00:00,000,6,8512,
12/05/2025 02:00:00,000,6,4176,
12/05/2025 03:00:00,000,6,0992,
12/05/2025 04:00:00,000,5,7128,
12/05/2025 05:00:00,000,5,2598,
12/05/2025 06:00:00,000,6,5088,
12/05/2025 07:00:00,000,8,9442,
12/05/2025 08:00:00,000,10,6988,
12/05/2025 09:00:00,000,12,528,
12/05/2025 10:00:00,000,13,3219,
12/05/2025 11:00:00,000,13,4572,
12/05/2025 12:00:00,000,14,5061,
12/05/2025 13:00:00,000,15,2714,
12/05/2025 14:00:00,000,15,4638,
12/05/2025 15:00:00,000,15,3159,
12/05/2025 16:00:00,000,15,4923,
12/05/2025 17:00:00,000,15,3417,
12/05/2025 18:00:00,000,14,6165,
12/05/2025 19:00:00,000,13,8277,
12/05/2025 20:00:00,000,12,108,
12/05/2025 21:00:00,000,10,2716,
12/05/2025 22:00:00,000,9,1325,
12/05/2025 23:00:00,000,8,3006,
13/05/2025 00:00:00,000,7,4748,
13/05/2025 01:00:00,000,6,6693,
13/05/2025 02:00:00,000,6,189,
13/05/2025 03:00:00,000,5,3259,
13/05/2025 04:00:00,000,4,5513,
13/05/2025 05:00:00,000,4,789,
13/05/2025 06:00:00,000,5,8256,
13/05/2025 07:00:00,000,8,0673,
13/05/2025 08:00:00,000,10,4153,
13/05/2025 09:00:00,000,12,4686,
13/05/2025 10:00:00,000,13,9855,
13/05/2025 11:00:00,000,14,239,
13/05/2025 12:00:00,000,14,5776,
13/05/2025 13:00:00,000,15,9568,
13/05/2025 14:00:00,000,16,1287,
13/05/2025 15:00:00,000,16,5912,
13/05/2025 16:00:00,000,16,5821,
13/05/2025 17:00:00,000,16,6924,
13/05/2025 18:00:00,000,16,2661,
13/05/2025 19:00:00,000,14,5208,
13/05/2025 20:00:00,000,13,0497,
13/05/2025 21:00:00,000,10,4523,
13/05/2025 22:00:00,000,8,3974,
13/05/2025 23:00:00,000,7,4202,
14/05/2025 00:00:00,000,6,5531,
14/05/2025 01:00:00,000,5,8734,
14/05/2025 02:00:00,000,5,1923,
14/05/2025 03:00:00,000,4,9248,
14/05/2025 04:00:00,000,4,7449,
14/05/2025 05:00:00,000,4,5408,
14/05/2025 06:00:00,000,5,6716,
14/05/2025 07:00:00,000,8,3094,
14/05/2025 08:00:00,000,10,7021,
14/05/2025 09:00:00,000,12,7753,
14/05/2025 10:00:00,000,14,6428,
14/05/2025 11:00:00,000,16,4599,
14/05/2025 12:00:00,000,17,5992,
14/05/2025 13:00:00,000,17,9743,
14/05/2025 14:00:00,000,19,0569,
14/05/2025 15:00:00,000,19,0339,
14/05/2025 16:00:00,000,19,7326,
14/05/2025 17:00:00,000,19,7011,
14/05/2025 18:00:00,000,19,1482,
14/05/2025 19:00:00,000,18,2626,
14/05/2025 20:00:00,000,17,0601,
14/05/2025 21:00:00,000,15,6246,
14/05/2025 22:00:00,000,14,464,
14/05/2025 23:00:00,000,13,4846,
15/05/2025 00:00:00,000,13,7741,
15/05/2025 01:00:00,000,13,9804,
15/05/2025 02:00:00,000,13,2214,
15/05/2025 03:00:00,000,13,1427,
15/05/2025 04:00:00,000,12,4575,
15/05/2025 05:00:00,000,12,6189,
15/05/2025 06:00:00,000,12,9825,
15/05/2025 07:00:00,000,13,436,
15/05/2025 08:00:00,000,13,8864,
15/05/2025 09:00:00,000,13,3386,
15/05/2025 10:00:00,000,13,5609,
15/05/2025 11:00:00,000,11,6122,
15/05/2025 12:00:00,000,9,3991,
15/05/2025 13:00:00,000,8,7413,
15/05/2025 14:00:00,000,9,0724,
15/05/2025 15:00:00,000,9,7074,
15/05/2025 16:00:00,000,10,9046,
15/05/2025 17:00:00,000,11,8521,
15/05/2025 18:00:00,000,11,6324,
15/05/2025 19:00:00,000,10,4492,
15/05/2025 20:00:00,000,8,8309,
15/05/2025 21:00:00,000,7,359,
15/05/2025 22:00:00,000,6,9567,
15/05/2025 23:00:00,000,6,47,
16/05/2025 00:00:00,000,5,1764,
16/05/2025 01:00:00,000,4,3846,
16/05/2025 02:00:00,000,4,0087,
16/05/2025 03:00:00,000,3,6901,
16/05/2025 04:00:00,000,3,5777,
16/05/2025 05:00:00,000,3,7655,
16/05/2025 06:00:00,000,4,8743,
16/05/2025 07:00:00,000,6,9786,
16/05/2025 08:00:00,000,8,7971,
16/05/2025 09:00:00,000,9,9921,
16/05/2025 10:00:00,000,11,2502,
16/05/2025 11:00:00,000,12,0601,
16/05/2025 12:00:00,000,12,2618,
16/05/2025 13:00:00,000,12,9161,
16/05/2025 14:00:00,000,13,7431,
16/05/2025 15:00:00,000,14,6657,
16/05/2025 16:00:00,000,14,265,
16/05/2025 17:00:00,000,13,4263,
16/05/2025 18:00:00,000,12,5764,
16/05/2025 19:00:00,000,11,9404,
16/05/2025 20:00:00,000,11,5708,
16/05/2025 21:00:00,000,10,598,
16/05/2025 22:00:00,000,9,383,
16/05/2025 23:00:00,000,8,6136,
17/05/2025 00:00:00,000,8,2134,
17/05/2025 01:00:00,000,7,4689,
17/05/2025 02:00:00,000,7,0894,
17/05/2025 03:00:00,000,7,0221,
17/05/2025 04:00:00,000,7,1359,
17/05/2025 05:00:00,000,7,3504,
17/05/2025 06:00:00,000,7,8885,
17/05/2025 07:00:00,000,8,5097,
17/05/2025 08:00:00,000,9,2486,
17/05/2025 09:00:00,000,9,7545,
17/05/2025 10:00:00,000,11,0555,
17/05/2025 11:00:00,000,11,9876,
17/05/2025 12:00:00,000,13,0758,
17/05/2025 13:00:00,000,14,3683,
17/05/2025 14:00:00,000,15,5797,
17/05/2025 15:00:00,000,14,7423,
17/05/2025 16:00:00,000,13,89,
17/05/2025 17:00:00,000,14,3036,
17/05/2025 18:00:00,000,13,4659,
17/05/2025 19:00:00,000,12,2919,
17/05/2025 20:00:00,000,11,8438,
17/05/2025 21:00:00,000,11,2669,
17/05/2025 22:00:00,000,10,3595,
17/05/2025 23:00:00,000,9,3773,
18/05/2025 00:00:00,000,8,5061,
18/05/2025 01:00:00,000,8,5458,
18/05/2025 02:00:00,000,8,6592,
18/05/2025 03:00:00,000,8,4547,
18/05/2025 04:00:00,000,8,3785,
18/05/2025 05:00:00,000,7,9931,
18/05/2025 06:00:00,000,7,9617,
18/05/2025 07:00:00,000,8,5194,
18/05/2025 08:00:00,000,9,1624,
18/05/2025 09:00:00,000,9,6407,
18/05/2025 10:00:00,000,10,5334,
18/05/2025 11:00:00,000,11,9695,
18/05/2025 12:00:00,000,12,3556,
18/05/2025 13:00:00,000,12,89,
18/05/2025 14:00:00,000,13,5546,
18/05/2025 15:00:00,000,14,6404,
18/05/2025 16:00:00,000,14,3218,
18/05/2025 17:00:00,000,13,2605,
18/05/2025 18:00:00,000,12,4701,
18/05/2025 19:00:00,000,11,5254,
18/05/2025 20:00:00,000,10,323,
18/05/2025 21:00:00,000,9,8656,
18/05/2025 22:00:00,000,10,1039,
18/05/2025 23:00:00,000,10,1285,
19/05/2025 00:00:00,000,9,7888,
19/05/2025 01:00:00,000,9,3343,
19/05/2025 02:00:00,000,9,1423,
19/05/2025 03:00:00,000,8,9758,
19/05/2025 04:00:00,000,8,7241,
19/05/2025 05:00:00,000,8,8953,
19/05/2025 06:00:00,000,8,8658,
19/05/2025 07:00:00,000,9,6468,
19/05/2025 08:00:00,000,10,611,
19/05/2025 09:00:00,000,11,7395,
19/05/2025 10:00:00,000,12,4958,
19/05/2025 11:00:00,000,12,4457,
19/05/2025 12:00:00,000,13,5105,
19/05/2025 13:00:00,000,13,9856,
19/05/2025 14:00:00,000,13,7958,
19/05/2025 15:00:00,000,14,0562,
19/05/2025 16:00:00,000,14,6152,
19/05/2025 17:00:00,000,14,7702,
19/05/2025 18:00:00,000,14,1002,
19/05/2025 19:00:00,000,13,4254,
19/05/2025 20:00:00,000,12,2199,
19/05/2025 21:00:00,000,11,3386,
19/05/2025 22:00:00,000,10,7378,
19/05/2025 23:00:00,000,10,3332,
20/05/2025 00:00:00,000,10,345,
20/05/2025 01:00:00,000,10,0136,
20/05/2025 02:00:00,000,9,4057,
20/05/2025 03:00:00,000,9,4055,
20/05/2025 04:00:00,000,8,8574,
20/05/2025 05:00:00,000,9,0598,
20/05/2025 06:00:00,000,10,3386,
20/05/2025 07:00:00,000,11,7022,
20/05/2025 08:00:00,000,12,7303,
20/05/2025 09:00:00,000,13,5088,
20/05/2025 10:00:00,000,14,9037,
20/05/2025 11:00:00,000,15,743,
20/05/2025 12:00:00,000,15,9229,
20/05/2025 13:00:00,000,17,0754,
20/05/2025 14:00:00,000,18,1949,
20/05/2025 15:00:00,000,18,4279,
20/05/2025 16:00:00,000,18,8322,
20/05/2025 17:00:00,000,18,5263,
20/05/2025 18:00:00,000,18,2717,
20/05/2025 19:00:00,000,17,0124,
20/05/2025 20:00:00,000,15,8055,
20/05/2025 21:00:00,000,13,8851,
20/05/2025 22:00:00,000,12,5846,
20/05/2025 23:00:00,000,10,8934,
21/05/2025 00:00:00,000,10,1633,
21/05/2025 01:00:00,000,9,5247,
21/05/2025 02:00:00,000,9,3607,
21/05/2025 03:00:00,000,9,0368,
21/05/2025 04:00:00,000,9,3757,
21/05/2025 05:00:00,000,9,8293,
21/05/2025 06:00:00,000,10,9546,
21/05/2025 07:00:00,000,12,5744,
21/05/2025 08:00:00,000,14,6301,
21/05/2025 09:00:00,000,16,4695,
21/05/2025 10:00:00,000,17,9588,
21/05/2025 11:00:00,000,19,1167,
21/05/2025 12:00:00,000,19,7324,
21/05/2025 13:00:00,000,20,4276,
21/05/2025 14:00:00,000,20,9747,
21/05/2025 15:00:00,000,21,0276,
21/05/2025 16:00:00,000,21,4164,
21/05/2025 17:00:00,000,20,2941,
21/05/2025 18:00:00,000,19,6934,
21/05/2025 19:00:00,000,18,5964,
21/05/2025 20:00:00,000,16,6873,
21/05/2025 21:00:00,000,15,7514,
21/05/2025 22:00:00,000,14,7125,
21/05/2025 23:00:00,000,14,0042,
22/05/2025 00:00:00,000,13,0305,
22/05/2025 01:00:00,000,12,7437,
22/05/2025 02:00:00,000,12,629,
22/05/2025 03:00:00,000,12,928,
22/05/2025 04:00:00,000,12,7265,
22/05/2025 05:00:00,000,12,8402,
22/05/2025 06:00:00,000,13,4024,
22/05/2025 07:00:00,000,13,5873,
22/05/2025 08:00:00,000,15,1931,
22/05/2025 09:00:00,000,16,4882,
22/05/2025 10:00:00,000,17,4113,
22/05/2025 11:00:00,000,18,4269,
22/05/2025 12:00:00,000,19,2925,
22/05/2025 13:00:00,000,19,0619,
22/05/2025 14:00:00,000,19,5221,
22/05/2025 15:00:00,000,19,9061,
22/05/2025 16:00:00,000,19,2182,
22/05/2025 17:00:00,000,16,9708,
22/05/2025 18:00:00,000,15,384,
22/05/2025 19:00:00,000,14,4974,
22/05/2025 20:00:00,000,14,3482,
22/05/2025 21:00:00,000,13,684,
22/05/2025 22:00:00,000,13,7529,
22/05/2025 23:00:00,000,13,3725,
23/05/2025 00:00:00,000,12,7084,
23/05/2025 01:00:00,000,11,6796,
23/05/2025 02:00:00,000,11,2273,
23/05/2025 03:00:00,000,10,8236,
23/05/2025 04:00:00,000,10,6461,
23/05/2025 05:00:00,000,10,117,
23/05/2025 06:00:00,000,10,0963,
23/05/2025 07:00:00,000,10,2175,
23/05/2025 08:00:00,000,10,0913,
23/05/2025 09:00:00,000,10,5869,
23/05/2025 10:00:00,000,10,9864,
23/05/2025 11:00:00,000,11,5687,
23/05/2025 12:00:00,000,11,9968,
23/05/2025 13:00:00,000,12,6645,
23/05/2025 14:00:00,000,12,6207,
23/05/2025 15:00:00,000,12,9362,
23/05/2025 16:00:00,000,12,9448,
23/05/2025 17:00:00,000,12,9364,
23/05/2025 18:00:00,000,12,5743,
23/05/2025 19:00:00,000,12,0468,
23/05/2025 20:00:00,000,10,6527,
23/05/2025 21:00:00,000,9,9457,
23/05/2025 22:00:00,000,9,3765,
23/05/2025 23:00:00,000,8,7684,
24/05/2025 00:00:00,000,8,6144,
24/05/2025 01:00:00,000,8,5008,
24/05/2025 02:00:00,000,8,0081,
24/05/2025 03:00:00,000,7,207,
24/05/2025 04:00:00,000,7,0118,
24/05/2025 05:00:00,000,7,2926,
24/05/2025 06:00:00,000,8,3767,
24/05/2025 07:00:00,000,9,7765,
24/05/2025 08:00:00,000,11,3671,
24/05/2025 09:00:00,000,12,4834,
24/05/2025 10:00:00,000,13,3343,
24/05/2025 11:00:00,000,13,8962,
24/05/2025 12:00:00,000,14,0579,
24/05/2025 13:00:00,000,14,5503,
24/05/2025 14:00:00,000,15,0517,
24/05/2025 15:00:00,000,15,0335,
24/05/2025 16:00:00,000,14,3126,
24/05/2025 17:00:00,000,14,4315,
24/05/2025 18:00:00,000,14,8973,
24/05/2025 19:00:00,000,14,0661,
24/05/2025 20:00:00,000,12,4017,
24/05/2025 21:00:00,000,11,1339,
24/05/2025 22:00:00,000,9,8465,
24/05/2025 23:00:00,000,8,6492,
25/05/2025 00:00:00,000,7,9209,
25/05/2025 01:00:00,000,7,3729,
25/05/2025 02:00:00,000,7,0747,
25/05/2025 03:00:00,000,5,9555,
25/05/2025 04:00:00,000,5,2342,
25/05/2025 05:00:00,000,5,3137,
25/05/2025 06:00:00,000,7,3633,
25/05/2025 07:00:00,000,10,0487,
25/05/2025 08:00:00,000,12,1388,
25/05/2025 09:00:00,000,14,3447,
25/05/2025 10:00:00,000,16,4663,
25/05/2025 11:00:00,000,17,1979,
25/05/2025 12:00:00,000,17,6736,
25/05/2025 13:00:00,000,18,6639,
25/05/2025 14:00:00,000,19,0024,
25/05/2025 15:00:00,000,18,9622,
25/05/2025 16:00:00,000,19,2491,
25/05/2025 17:00:00,000,18,3195,
25/05/2025 18:00:00,000,17,0044,
25/05/2025 19:00:00,000,15,7305,
25/05/2025 20:00:00,000,13,9693,
25/05/2025 21:00:00,000,12,8793,
25/05/2025 22:00:00,000,12,0382,
25/05/2025 23:00:00,000,11,1808,
26/05/2025 00:00:00,000,10,2472,
26/05/2025 01:00:00,000,9,9905,
26/05/2025 02:00:00,000,9,759,
26/05/2025 03:00:00,000,9,3474,
26/05/2025 04:00:00,000,9,1855,
26/05/2025 05:00:00,000,9,3473,
26/05/2025 06:00:00,000,10,5574,
26/05/2025 07:00:00,000,11,8647,
26/05/2025 08:00:00,000,13,8476,
26/05/2025 09:00:00,000,15,6831,
26/05/2025 10:00:00,000,17,2007,
26/05/2025 11:00:00,000,18,4981,
26/05/2025 12:00:00,000,19,0195,
26/05/2025 13:00:00,000,19,1996,
26/05/2025 14:00:00,000,19,6898,
26/05/2025 15:00:00,000,19,4724,
26/05/2025 16:00:00,000,18,068,
26/05/2025 17:00:00,000,16,9967,
26/05/2025 18:00:00,000,16,2188,
26/05/2025 19:00:00,000,17,0337,
26/05/2025 20:00:00,000,15,9573,
26/05/2025 21:00:00,000,15,2335,
26/05/2025 22:00:00,000,14,5513,
26/05/2025 23:00:00,000,13,95,
27/05/2025 00:00:00,000,13,2174,
27/05/2025 01:00:00,000,12,8853,
27/05/2025 02:00:00,000,13,1569,
27/05/2025 03:00:00,000,13,0334,
27/05/2025 04:00:00,000,12,3736,
27/05/2025 05:00:00,000,12,0512,
27/05/2025 06:00:00,000,13,0231,
27/05/2025 07:00:00,000,13,772,
27/05/2025 08:00:00,000,14,5887,
27/05/2025 09:00:00,000,16,4064,
27/05/2025 10:00:00,000,17,5334,
27/05/2025 11:00:00,000,18,5108,
27/05/2025 12:00:00,000,19,6754,
27/05/2025 13:00:00,000,20,2166,
27/05/2025 14:00:00,000,19,672,
27/05/2025 15:00:00,000,19,633,
27/05/2025 16:00:00,000,19,6966,
27/05/2025 17:00:00,000,19,9694,
27/05/2025 18:00:00,000,19,5354,
27/05/2025 19:00:00,000,18,485,
27/05/2025 20:00:00,000,17,4539,
27/05/2025 21:00:00,000,15,7084,
27/05/2025 22:00:00,000,15,1424,
27/05/2025 23:00:00,000,14,3384,
28/05/2025 00:00:00,000,13,4281,
28/05/2025 01:00:00,000,13,1277,
28/05/2025 02:00:00,000,12,284,
28/05/2025 03:00:00,000,11,0555,
28/05/2025 04:00:00,000,10,634,
28/05/2025 05:00:00,000,11,2114,
28/05/2025 06:00:00,000,12,3434,
28/05/2025 07:00:00,000,14,5006,
28/05/2025 08:00:00,000,16,1935,
28/05/2025 09:00:00,000,18,4265,
28/05/2025 10:00:00,000,19,3253,
28/05/2025 11:00:00,000,20,3908,
28/05/2025 12:00:00,000,21,0017,
28/05/2025 13:00:00,000,20,9895,
28/05/2025 14:00:00,000,21,1175,
28/05/2025 15:00:00,000,21,1359,
28/05/2025 16:00:00,000,20,9453,
28/05/2025 17:00:00,000,20,2069,
28/05/2025 18:00:00,000,18,8092,
28/05/2025 19:00:00,000,18,2389,
28/05/2025 20:00:00,000,17,1029,
28/05/2025 21:00:00,000,16,8435,
28/05/2025 22:00:00,000,16,3046,
28/05/2025 23:00:00,000,15,6333,
29/05/2025 00:00:00,000,14,7366,
29/05/2025 01:00:00,000,14,0714,
29/05/2025 02:00:00,000,13,5911,
29/05/2025 03:00:00,000,12,948,
29/05/2025 04:00:00,000,12,9891,
29/05/2025 05:00:00,000,13,2304,
29/05/2025 06:00:00,000,13,4193,
29/05/2025 07:00:00,000,13,735,
29/05/2025 08:00:00,000,14,577,
29/05/2025 09:00:00,000,15,1343,
29/05/2025 10:00:00,000,15,4391,
29/05/2025 11:00:00,000,16,5043,
29/05/2025 12:00:00,000,17,1913,
29/05/2025 13:00:00,000,17,7105,
29/05/2025 14:00:00,000,17,5452,
29/05/2025 15:00:00,000,17,7601,
29/05/2025 16:00:00,000,17,9708,
29/05/2025 17:00:00,000,17,5656,
29/05/2025 18:00:00,000,17,0712,
29/05/2025 19:00:00,000,15,9822,
29/05/2025 20:00:00,000,14,7634,
29/05/2025 21:00:00,000,13,5716,
29/05/2025 22:00:00,000,13,0371,
29/05/2025 23:00:00,000,12,1139,
30/05/2025 00:00:00,000,11,1206,
30/05/2025 01:00:00,000,10,9749,
30/05/2025 02:00:00,000,10,652,
30/05/2025 03:00:00,000,10,3298,
30/05/2025 04:00:00,000,10,0087,
30/05/2025 05:00:00,000,10,0062,
30/05/2025 06:00:00,000,11,3485,
30/05/2025 07:00:00,000,13,3203,
30/05/2025 08:00:00,000,14,8385,
30/05/2025 09:00:00,000,15,9252,
30/05/2025 10:00:00,000,16,5137,
30/05/2025 11:00:00,000,16,931,
30/05/2025 12:00:00,000,18,0224,
30/05/2025 13:00:00,000,18,4158,
30/05/2025 14:00:00,000,18,4939,
30/05/2025 15:00:00,000,19,0686,
30/05/2025 16:00:00,000,19,0521,
30/05/2025 17:00:00,000,19,3546,
30/05/2025 18:00:00,000,19,4291,
30/05/2025 19:00:00,000,18,1242,
30/05/2025 20:00:00,000,16,7765,
30/05/2025 21:00:00,000,15,9158,
30/05/2025 22:00:00,000,15,5564,
30/05/2025 23:00:00,000,15,1876,
31/05/2025 00:00:00,000,14,2681,
31/05/2025 01:00:00,000,13,4496,
31/05/2025 02:00:00,000,12,7764,
31/05/2025 03:00:00,000,12,5284,
31/05/2025 04:00:00,000,12,2067,
31/05/2025 05:00:00,000,12,3062,
31/05/2025 06:00:00,000,13,6203,
31/05/2025 07:00:00,000,15,4642,
31/05/2025 08:00:00,000,17,2825,
31/05/2025 09:00:00,000,18,8546,
31/05/2025 10:00:00,000,21,2313,
31/05/2025 11:00:00,000,22,9455,
31/05/2025 12:00:00,000,24,3374,
31/05/2025 13:00:00,000,25,1024,
31/05/2025 14:00:00,000,25,3988,
31/05/2025 15:00:00,000,25,9727,
31/05/2025 16:00:00,000,25,2548,
31/05/2025 17:00:00,000,25,6556,
31/05/2025 18:00:00,000,24,6334,
31/05/2025 19:00:00,000,23,4639,
31/05/2025 20:00:00,000,22,0316,
31/05/2025 21:00:00,000,19,7092,
31/05/2025 22:00:00,000,18,0185,
31/05/2025 23:00:00,000,17,8435,
01/06/2025 00:00:00,000,17,4391,
01/06/2025 01:00:00,000,16,3229,
01/06/2025 02:00:00,000,15,1428,
01/06/2025 03:00:00,000,14,3074,
01/06/2025 04:00:00,000,13,8364,
01/06/2025 05:00:00,000,13,4021,
01/06/2025 06:00:00,000,15,1351,
01/06/2025 07:00:00,000,17,4401,
01/06/2025 08:00:00,000,19,2019,
01/06/2025 09:00:00,000,21,4792,
01/06/2025 10:00:00,000,23,597,
01/06/2025 11:00:00,000,24,9319,
01/06/2025 12:00:00,000,26,2665,
01/06/2025 13:00:00,000,27,078,
01/06/2025 14:00:00,000,26,6401,
01/06/2025 15:00:00,000,25,9648,
01/06/2025 16:00:00,000,25,9654,
01/06/2025 17:00:00,000,26,2051,
01/06/2025 18:00:00,000,24,5475,
01/06/2025 19:00:00,000,22,8409,
01/06/2025 20:00:00,000,20,9043,
01/06/2025 21:00:00,000,20,2556,
01/06/2025 22:00:00,000,19,5825,
01/06/2025 23:00:00,000,18,6723,
02/06/2025 00:00:00,000,17,728,
02/06/2025 01:00:00,000,16,9406,
02/06/2025 02:00:00,000,16,651,
02/06/2025 03:00:00,000,16,5322,
02/06/2025 04:00:00,000,15,4752,
02/06/2025 05:00:00,000,14,9883,
02/06/2025 06:00:00,000,16,2597,
02/06/2025 07:00:00,000,17,9869,
02/06/2025 08:00:00,000,20,1536,
02/06/2025 09:00:00,000,21,4575,
02/06/2025 10:00:00,000,23,3489,
02/06/2025 11:00:00,000,25,3442,
02/06/2025 12:00:00,000,25,8583,
02/06/2025 13:00:00,000,27,0492,
02/06/2025 14:00:00,000,27,6016,
02/06/2025 15:00:00,000,27,5343,
02/06/2025 16:00:00,000,27,7666,
02/06/2025 17:00:00,000,26,764,
02/06/2025 18:00:00,000,26,4031,
02/06/2025 19:00:00,000,25,1092,
02/06/2025 20:00:00,000,21,7494,
02/06/2025 21:00:00,000,18,8813,
02/06/2025 22:00:00,000,18,4936,
02/06/2025 23:00:00,000,17,2398,
03/06/2025 00:00:00,000,17,2388,
03/06/2025 01:00:00,000,17,1244,
03/06/2025 02:00:00,000,16,7389,
03/06/2025 03:00:00,000,16,4674,
03/06/2025 04:00:00,000,16,7069,
03/06/2025 05:00:00,000,16,4043,
03/06/2025 06:00:00,000,17,3098,
03/06/2025 07:00:00,000,18,1925,
03/06/2025 08:00:00,000,18,7636,
03/06/2025 09:00:00,000,19,3164,
03/06/2025 10:00:00,000,19,2836,
03/06/2025 11:00:00,000,19,6747,
03/06/2025 12:00:00,000,20,7788,
03/06/2025 13:00:00,000,20,6966,
03/06/2025 14:00:00,000,19,9697,
03/06/2025 15:00:00,000,21,7771,
03/06/2025 16:00:00,000,22,2482,
03/06/2025 17:00:00,000,21,4134,
03/06/2025 18:00:00,000,21,3563,
03/06/2025 19:00:00,000,20,7765,
03/06/2025 20:00:00,000,19,0785,
03/06/2025 21:00:00,000,18,1084,
03/06/2025 22:00:00,000,17,1162,
03/06/2025 23:00:00,000,16,0165,
04/06/2025 00:00:00,000,15,2945,
04/06/2025 01:00:00,000,14,1494,
04/06/2025 02:00:00,000,13,614,
04/06/2025 03:00:00,000,13,3595,
04/06/2025 04:00:00,000,12,7761,
04/06/2025 05:00:00,000,12,9358,
04/06/2025 06:00:00,000,14,5613,
04/06/2025 07:00:00,000,16,3267,
04/06/2025 08:00:00,000,17,6073,
04/06/2025 09:00:00,000,19,7578,
04/06/2025 10:00:00,000,21,9485,
04/06/2025 11:00:00,000,23,7988,
04/06/2025 12:00:00,000,24,7872,
04/06/2025 13:00:00,000,26,7171,
04/06/2025 14:00:00,000,27,3289,
04/06/2025 15:00:00,000,27,2108,
04/06/2025 16:00:00,000,27,9817,
04/06/2025 17:00:00,000,27,982,
04/06/2025 18:00:00,000,27,3263,
04/06/2025 19:00:00,000,26,14,
04/06/2025 20:00:00,000,23,645,
04/06/2025 21:00:00,000,22,9645,
04/06/2025 22:00:00,000,21,8987,
04/06/2025 23:00:00,000,21,8873,
05/06/2025 00:00:00,000,20,4685,
05/06/2025 01:00:00,000,20,0886,
05/06/2025 02:00:00,000,19,0687,
05/06/2025 03:00:00,000,19,1233,
05/06/2025 04:00:00,000,18,6176,
05/06/2025 05:00:00,000,18,0772,
05/06/2025 06:00:00,000,19,5854,
05/06/2025 07:00:00,000,20,8359,
05/06/2025 08:00:00,000,22,3005,
05/06/2025 09:00:00,000,23,1034,
05/06/2025 10:00:00,000,24,332,
05/06/2025 11:00:00,000,25,8298,
05/06/2025 12:00:00,000,25,9165,
05/06/2025 13:00:00,000,26,8764,
05/06/2025 14:00:00,000,28,164,
05/06/2025 15:00:00,000,28,8057,
05/06/2025 16:00:00,000,29,1876,
05/06/2025 17:00:00,000,28,0717,
05/06/2025 18:00:00,000,28,498,
05/06/2025 19:00:00,000,27,0768,
05/06/2025 20:00:00,000,24,9614,
05/06/2025 21:00:00,000,21,8298,
05/06/2025 22:00:00,000,20,6047,
05/06/2025 23:00:00,000,19,1467,
06/06/2025 00:00:00,000,18,5303,
06/06/2025 01:00:00,000,17,8932,
06/06/2025 02:00:00,000,17,4704,
06/06/2025 03:00:00,000,16,3911,
06/06/2025 04:00:00,000,15,6834,
06/06/2025 05:00:00,000,15,3886,
06/06/2025 06:00:00,000,16,8379,
06/06/2025 07:00:00,000,20,1513,
06/06/2025 08:00:00,000,22,3739,
06/06/2025 09:00:00,000,23,8286,
06/06/2025 10:00:00,000,24,8926,
06/06/2025 11:00:00,000,25,9766,
06/06/2025 12:00:00,000,26,4383,
06/06/2025 13:00:00,000,26,9257,
06/06/2025 14:00:00,000,28,3211,
06/06/2025 15:00:00,000,28,2606,
06/06/2025 16:00:00,000,28,4732,
06/06/2025 17:00:00,000,28,663,
06/06/2025 18:00:00,000,28,2807,
06/06/2025 19:00:00,000,26,2086,
06/06/2025 20:00:00,000,24,7423,
06/06/2025 21:00:00,000,22,5786,
06/06/2025 22:00:00,000,20,3156,
06/06/2025 23:00:00,000,19,1926,
07/06/2025 00:00:00,000,17,8122,
07/06/2025 01:00:00,000,17,7326,
07/06/2025 02:00:00,000,17,8287,
07/06/2025 03:00:00,000,17,5346,
07/06/2025 04:00:00,000,17,0063,
07/06/2025 05:00:00,000,16,9709,
07/06/2025 06:00:00,000,18,2924,
07/06/2025 07:00:00,000,20,114,
07/06/2025 08:00:00,000,22,4277,
07/06/2025 09:00:00,000,23,4874,
07/06/2025 10:00:00,000,24,8476,
07/06/2025 11:00:00,000,26,379,
07/06/2025 12:00:00,000,26,8286,
07/06/2025 13:00:00,000,27,0026,
07/06/2025 14:00:00,000,28,31,
07/06/2025 15:00:00,000,28,3909,
07/06/2025 16:00:00,000,25,603,
07/06/2025 17:00:00,000,23,508,
07/06/2025 18:00:00,000,22,9066,
07/06/2025 19:00:00,000,22,0134,
07/06/2025 20:00:00,000,20,6581,
07/06/2025 21:00:00,000,19,8997,
07/06/2025 22:00:00,000,19,1019,
07/06/2025 23:00:00,000,18,6125,
08/06/2025 00:00:00,000,17,8034,
08/06/2025 01:00:00,000,18,2345,
08/06/2025 02:00:00,000,17,75,
08/06/2025 03:00:00,000,17,514,
08/06/2025 04:00:00,000,17,3359,
08/06/2025 05:00:00,000,17,1781,
08/06/2025 06:00:00,000,17,4777,
08/06/2025 07:00:00,000,18,1489,
08/06/2025 08:00:00,000,18,7996,
08/06/2025 09:00:00,000,18,8129,
08/06/2025 10:00:00,000,19,4299,
08/06/2025 11:00:00,000,20,0356,
08/06/2025 12:00:00,000,19,7505,
08/06/2025 13:00:00,000,19,4268,
08/06/2025 14:00:00,000,18,9494,
08/06/2025 15:00:00,000,18,7475,
08/06/2025 16:00:00,000,17,7682,
08/06/2025 17:00:00,000,17,5335,
08/06/2025 18:00:00,000,17,5639,
08/06/2025 19:00:00,000,17,1544,
08/06/2025 20:00:00,000,15,9149,
08/06/2025 21:00:00,000,15,397,
08/06/2025 22:00:00,000,15,0898,
08/06/2025 23:00:00,000,14,7516,
09/06/2025 00:00:00,000,14,8775,
09/06/2025 01:00:00,000,14,7766,
09/06/2025 02:00:00,000,14,1443,
09/06/2025 03:00:00,000,13,2622,
09/06/2025 04:00:00,000,12,5724,
09/06/2025 05:00:00,000,12,7629,
09/06/2025 06:00:00,000,13,2908,
09/06/2025 07:00:00,000,14,0876,
09/06/2025 08:00:00,000,15,1164,
09/06/2025 09:00:00,000,16,3331,
09/06/2025 10:00:00,000,16,7608,
09/06/2025 11:00:00,000,17,7122,
09/06/2025 12:00:00,000,18,4238,
09/06/2025 13:00:00,000,19,2237,
09/06/2025 14:00:00,000,19,6041,
09/06/2025 15:00:00,000,19,5067,
09/06/2025 16:00:00,000,20,2431,
09/06/2025 17:00:00,000,19,8333,
09/06/2025 18:00:00,000,19,1431,
09/06/2025 19:00:00,000,18,066,
09/06/2025 20:00:00,000,16,6948,
09/06/2025 21:00:00,000,14,5519,
09/06/2025 22:00:00,000,13,4478,
09/06/2025 23:00:00,000,12,1585,
10/06/2025 00:00:00,000,11,2387,
10/06/2025 01:00:00,000,10,8291,
10/06/2025 02:00:00,000,10,3048,
10/06/2025 03:00:00,000,9,7874,
10/06/2025 04:00:00,000,9,5704,
10/06/2025 05:00:00,000,9,6174,
10/06/2025 06:00:00,000,10,6527,
10/06/2025 07:00:00,000,12,6007,
10/06/2025 08:00:00,000,14,7965,
10/06/2025 09:00:00,000,16,9084,
10/06/2025 10:00:00,000,19,309,
10/06/2025 11:00:00,000,20,4106,
10/06/2025 12:00:00,000,21,3404,
10/06/2025 13:00:00,000,22,9823,
10/06/2025 14:00:00,000,22,8367,
10/06/2025 15:00:00,000,23,3649,
10/06/2025 16:00:00,000,22,9845,
10/06/2025 17:00:00,000,22,7801,
10/06/2025 18:00:00,000,22,6492,
10/06/2025 19:00:00,000,20,9846,
10/06/2025 20:00:00,000,20,4381,
10/06/2025 21:00:00,000,19,7419,
10/06/2025 22:00:00,000,19,0877,
10/06/2025 23:00:00,000,18,0333,
11/06/2025 00:00:00,000,17,6432,
11/06/2025 01:00:00,000,16,8966,
11/06/2025 02:00:00,000,16,0678,
11/06/2025 03:00:00,000,16,1883,
11/06/2025 04:00:00,000,16,5402,
11/06/2025 05:00:00,000,16,3165,
11/06/2025 06:00:00,000,17,4106,
11/06/2025 07:00:00,000,17,9596,
11/06/2025 08:00:00,000,18,851,
11/06/2025 09:00:00,000,19,827,
11/06/2025 10:00:00,000,20,2709,
11/06/2025 11:00:00,000,20,343,
11/06/2025 12:00:00,000,20,9319,
11/06/2025 13:00:00,000,21,6651,
11/06/2025 14:00:00,000,21,2198,
11/06/2025 15:00:00,000,21,9259,
11/06/2025 16:00:00,000,21,5352,
11/06/2025 17:00:00,000,21,3581,
11/06/2025 18:00:00,000,20,5488,
11/06/2025 19:00:00,000,19,6119,
11/06/2025 20:00:00,000,17,7239,
11/06/2025 21:00:00,000,16,3351,
11/06/2025 22:00:00,000,15,3008,
11/06/2025 23:00:00,000,14,1287,
12/06/2025 00:00:00,000,12,5347,
12/06/2025 01:00:00,000,12,0212,
12/06/2025 02:00:00,000,11,8053,
12/06/2025 03:00:00,000,11,2585,
12/06/2025 04:00:00,000,10,6843,
12/06/2025 05:00:00,000,10,9546,
12/06/2025 06:00:00,000,12,595,
12/06/2025 07:00:00,000,14,6353,
12/06/2025 08:00:00,000,16,1603,
12/06/2025 09:00:00,000,17,7101,
12/06/2025 10:00:00,000,18,6288,
12/06/2025 11:00:00,000,19,4178,
12/06/2025 12:00:00,000,20,9392,
12/06/2025 13:00:00,000,22,192,
12/06/2025 14:00:00,000,22,588,
12/06/2025 15:00:00,000,22,5843,
12/06/2025 16:00:00,000,23,5671,
12/06/2025 17:00:00,000,23,3829,
12/06/2025 18:00:00,000,22,4649,
12/06/2025 19:00:00,000,21,3266,
12/06/2025 20:00:00,000,19,8206,
12/06/2025 21:00:00,000,17,6374,
12/06/2025 22:00:00,000,16,4787,
12/06/2025 23:00:00,000,15,3328,
13/06/2025 00:00:00,000,14,5116,
13/06/2025 01:00:00,000,14,0317,
13/06/2025 02:00:00,000,13,4925,
13/06/2025 03:00:00,000,12,6225,
13/06/2025 04:00:00,000,11,9262,
13/06/2025 05:00:00,000,12,2567,
13/06/2025 06:00:00,000,14,0313,
13/06/2025 07:00:00,000,16,4286,
13/06/2025 08:00:00,000,18,0776,
13/06/2025 09:00:00,000,19,0627,
13/06/2025 10:00:00,000,20,1025,
13/06/2025 11:00:00,000,21,5251,
13/06/2025 12:00:00,000,22,1278,
13/06/2025 13:00:00,000,22,3046,
13/06/2025 14:00:00,000,23,7605,
13/06/2025 15:00:00,000,23,7219,
13/06/2025 16:00:00,000,22,9601,
13/06/2025 17:00:00,000,22,744,
13/06/2025 18:00:00,000,22,149,
13/06/2025 19:00:00,000,20,36,
13/06/2025 20:00:00,000,18,453,
13/06/2025 21:00:00,000,16,7369,
13/06/2025 22:00:00,000,15,8078,
13/06/2025 23:00:00,000,14,7555,
14/06/2025 00:00:00,000,14,5278,
14/06/2025 01:00:00,000,13,6946,
14/06/2025 02:00:00,000,12,237,
14/06/2025 03:00:00,000,11,5489,
14/06/2025 04:00:00,000,11,3024,
14/06/2025 05:00:00,000,11,5299,
14/06/2025 06:00:00,000,12,9511,
14/06/2025 07:00:00,000,15,4416,
14/06/2025 08:00:00,000,17,5119,
14/06/2025 09:00:00,000,19,0927,
14/06/2025 10:00:00,000,20,0197,
14/06/2025 11:00:00,000,21,7081,
14/06/2025 12:00:00,000,22,2909,
14/06/2025 13:00:00,000,23,124,
14/06/2025 14:00:00,000,24,0404,
14/06/2025 15:00:00,000,24,5553,
14/06/2025 16:00:00,000,25,1572,
14/06/2025 17:00:00,000,24,913,
14/06/2025 18:00:00,000,25,4478,
14/06/2025 19:00:00,000,23,7642,
14/06/2025 20:00:00,000,21,6211,
14/06/2025 21:00:00,000,19,8393,
14/06/2025 22:00:00,000,19,0268,
14/06/2025 23:00:00,000,16,0821,
15/06/2025 00:00:00,000,15,0016,
15/06/2025 01:00:00,000,14,4491,
15/06/2025 02:00:00,000,13,4402,
15/06/2025 03:00:00,000,12,8907,
15/06/2025 04:00:00,000,12,6082,
15/06/2025 05:00:00,000,12,4134,
15/06/2025 06:00:00,000,13,1585,
15/06/2025 07:00:00,000,16,2944,
15/06/2025 08:00:00,000,19,1286,
15/06/2025 09:00:00,000,20,5722,
15/06/2025 10:00:00,000,22,8301,
15/06/2025 11:00:00,000,24,0958,
15/06/2025 12:00:00,000,24,7629,
15/06/2025 13:00:00,000,26,211,
15/06/2025 14:00:00,000,27,2262,
15/06/2025 15:00:00,000,27,5116,
15/06/2025 16:00:00,000,28,5301,
15/06/2025 17:00:00,000,28,5128,
15/06/2025 18:00:00,000,27,1329,
15/06/2025 19:00:00,000,26,5857,
15/06/2025 20:00:00,000,24,2311,
15/06/2025 21:00:00,000,21,5445,
15/06/2025 22:00:00,000,19,7566,
15/06/2025 23:00:00,000,18,2051,
16/06/2025 00:00:00,000,17,0277,
16/06/2025 01:00:00,000,17,2574,
16/06/2025 02:00:00,000,18,05,
16/06/2025 03:00:00,000,18,0904,
16/06/2025 04:00:00,000,17,1668,
16/06/2025 05:00:00,000,17,9284,
16/06/2025 06:00:00,000,18,6756,
16/06/2025 07:00:00,000,19,9438,
16/06/2025 08:00:00,000,21,7703,
16/06/2025 09:00:00,000,22,9148,
16/06/2025 10:00:00,000,23,8087,
16/06/2025 11:00:00,000,23,8934,
16/06/2025 12:00:00,000,23,2015,
16/06/2025 13:00:00,000,23,1544,
16/06/2025 14:00:00,000,22,0523,
16/06/2025 15:00:00,000,21,7337,
16/06/2025 16:00:00,000,20,6236,
16/06/2025 17:00:00,000,19,4047,
16/06/2025 18:00:00,000,18,6763,
16/06/2025 19:00:00,000,18,2644,
16/06/2025 20:00:00,000,17,3228,
16/06/2025 21:00:00,000,17,4608,
16/06/2025 22:00:00,000,17,3655,
16/06/2025 23:00:00,000,17,3462,
17/06/2025 00:00:00,000,17,2587,
17/06/2025 01:00:00,000,17,1958,
17/06/2025 02:00:00,000,16,8369,
17/06/2025 03:00:00,000,16,6275,
17/06/2025 04:00:00,000,15,7759,
17/06/2025 05:00:00,000,15,528,
17/06/2025 06:00:00,000,15,9,
17/06/2025 07:00:00,000,16,3719,
17/06/2025 08:00:00,000,16,5982,
17/06/2025 09:00:00,000,17,9438,
17/06/2025 10:00:00,000,19,2826,
17/06/2025 11:00:00,000,20,328,
17/06/2025 12:00:00,000,21,5907,
17/06/2025 13:00:00,000,23,2554,
17/06/2025 14:00:00,000,23,1737,
17/06/2025 15:00:00,000,24,4397,
17/06/2025 16:00:00,000,24,3798,
17/06/2025 17:00:00,000,24,343,
17/06/2025 18:00:00,000,23,0515,
17/06/2025 19:00:00,000,22,5549,
17/06/2025 20:00:00,000,20,5837,
17/06/2025 21:00:00,000,19,495,
17/06/2025 22:00:00,000,18,0126,
17/06/2025 23:00:00,000,16,7967,
18/06/2025 00:00:00,000,16,0857,
18/06/2025 01:00:00,000,15,4234,
18/06/2025 02:00:00,000,14,4151,
18/06/2025 03:00:00,000,13,5212,
18/06/2025 04:00:00,000,13,0859,
18/06/2025 05:00:00,000,13,6556,
18/06/2025 06:00:00,000,16,0511,
18/06/2025 07:00:00,000,19,1597,
18/06/2025 08:00:00,000,20,6766,
18/06/2025 09:00:00,000,21,9698,
18/06/2025 10:00:00,000,23,354,
18/06/2025 11:00:00,000,25,0508,
18/06/2025 12:00:00,000,26,0359,
18/06/2025 13:00:00,000,26,4567,
18/06/2025 14:00:00,000,27,5324,
18/06/2025 15:00:00,000,27,8427,
18/06/2025 16:00:00,000,27,356,
18/06/2025 17:00:00,000,27,8892,
18/06/2025 18:00:00,000,27,5727,
18/06/2025 19:00:00,000,26,4853,
18/06/2025 20:00:00,000,24,8717,
18/06/2025 21:00:00,000,22,1943,
18/06/2025 22:00:00,000,21,353,
18/06/2025 23:00:00,000,20,1255,
19/06/2025 00:00:00,000,18,9018,
19/06/2025 01:00:00,000,17,9653,
19/06/2025 02:00:00,000,17,5738,
19/06/2025 03:00:00,000,17,2397,
19/06/2025 04:00:00,000,16,8948,
19/06/2025 05:00:00,000,17,5639,
19/06/2025 06:00:00,000,19,2161,
19/06/2025 07:00:00,000,20,9804,
19/06/2025 08:00:00,000,22,4871,
19/06/2025 09:00:00,000,24,4795,
19/06/2025 10:00:00,000,25,9754,
19/06/2025 11:00:00,000,27,0195,
19/06/2025 12:00:00,000,27,6207,
19/06/2025 13:00:00,000,28,7079,
19/06/2025 14:00:00,000,28,7651,
19/06/2025 15:00:00,000,27,8435,
19/06/2025 16:00:00,000,28,2026,
19/06/2025 17:00:00,000,26,7076,
19/06/2025 18:00:00,000,25,4915,
19/06/2025 19:00:00,000,24,6072,
19/06/2025 20:00:00,000,22,9766,
19/06/2025 21:00:00,000,21,9685,
19/06/2025 22:00:00,000,20,5046,
19/06/2025 23:00:00,000,19,1172,
20/06/2025 00:00:00,000,17,4883,
20/06/2025 01:00:00,000,16,6089,
20/06/2025 02:00:00,000,15,7358,
20/06/2025 03:00:00,000,15,1777,
20/06/2025 04:00:00,000,13,6012,
20/06/2025 05:00:00,000,13,8223,
20/06/2025 06:00:00,000,15,234,
20/06/2025 07:00:00,000,17,1138,
20/06/2025 08:00:00,000,18,1996,
20/06/2025 09:00:00,000,19,1289,
20/06/2025 10:00:00,000,20,8033,
20/06/2025 11:00:00,000,20,7593,
20/06/2025 12:00:00,000,21,787,
20/06/2025 13:00:00,000,22,4917,
20/06/2025 14:00:00,000,22,6118,
20/06/2025 15:00:00,000,23,0821,
20/06/2025 16:00:00,000,22,5558,
20/06/2025 17:00:00,000,22,6639,
20/06/2025 18:00:00,000,22,2412,
20/06/2025 19:00:00,000,21,2676,
20/06/2025 20:00:00,000,19,0073,
20/06/2025 21:00:00,000,17,2188,
20/06/2025 22:00:00,000,14,9366,
20/06/2025 23:00:00,000,13,8411,
21/06/2025 00:00:00,000,12,686,
21/06/2025 01:00:00,000,12,6272,
21/06/2025 02:00:00,000,12,1036,
21/06/2025 03:00:00,000,11,3593,
21/06/2025 04:00:00,000,11,3394,
21/06/2025 05:00:00,000,11,3579,
21/06/2025 06:00:00,000,13,1597,
21/06/2025 07:00:00,000,16,4452,
21/06/2025 08:00:00,000,18,1258,
21/06/2025 09:00:00,000,19,6628,
21/06/2025 10:00:00,000,21,0633,
21/06/2025 11:00:00,000,21,3539,
21/06/2025 12:00:00,000,22,257,
21/06/2025 13:00:00,000,22,9861,
21/06/2025 14:00:00,000,24,2031,
21/06/2025 15:00:00,000,24,0073,
21/06/2025 16:00:00,000,24,526,
21/06/2025 17:00:00,000,24,2835,
21/06/2025 18:00:00,000,24,4727,
21/06/2025 19:00:00,000,23,2798,
21/06/2025 20:00:00,000,21,1081,
21/06/2025 21:00:00,000,19,4821,
21/06/2025 22:00:00,000,17,5193,
21/06/2025 23:00:00,000,15,3319,
22/06/2025 00:00:00,000,14,1752,
22/06/2025 01:00:00,000,12,7707,
22/06/2025 02:00:00,000,11,7363,
22/06/2025 03:00:00,000,11,1326,
22/06/2025 04:00:00,000,11,0133,
22/06/2025 05:00:00,000,10,9998,
22/06/2025 06:00:00,000,12,845,
22/06/2025 07:00:00,000,15,6278,
22/06/2025 08:00:00,000,19,0045,
22/06/2025 09:00:00,000,21,2696,
22/06/2025 10:00:00,000,23,6086,
22/06/2025 11:00:00,000,24,6276,
22/06/2025 12:00:00,000,25,7427,
22/06/2025 13:00:00,000,27,4694,
22/06/2025 14:00:00,000,28,3594,
22/06/2025 15:00:00,000,29,0032,
22/06/2025 16:00:00,000,28,3023,
22/06/2025 17:00:00,000,28,737,
22/06/2025 18:00:00,000,28,4957,
22/06/2025 19:00:00,000,27,2717,
22/06/2025 20:00:00,000,25,095,
22/06/2025 21:00:00,000,22,6541,
22/06/2025 22:00:00,000,19,9826,
22/06/2025 23:00:00,000,17,8872,
23/06/2025 00:00:00,000,17,4951,
23/06/2025 01:00:00,000,16,0403,
23/06/2025 02:00:00,000,15,3657,
23/06/2025 03:00:00,000,14,3938,
23/06/2025 04:00:00,000,13,741,
23/06/2025 05:00:00,000,13,5,
23/06/2025 06:00:00,000,15,4082,
23/06/2025 07:00:00,000,17,9131,
23/06/2025 08:00:00,000,20,5358,
23/06/2025 09:00:00,000,23,3195,
23/06/2025 10:00:00,000,25,1872,
23/06/2025 11:00:00,000,27,5473,
23/06/2025 12:00:00,000,28,3288,
23/06/2025 13:00:00,000,29,4942,
23/06/2025 14:00:00,000,30,8102,
23/06/2025 15:00:00,000,30,7264,
23/06/2025 16:00:00,000,31,8573,
23/06/2025 17:00:00,000,32,1717,
23/06/2025 18:00:00,000,30,3767,
23/06/2025 19:00:00,000,27,1945,
23/06/2025 20:00:00,000,23,9649,
23/06/2025 21:00:00,000,22,6545,
23/06/2025 22:00:00,000,22,222,
23/06/2025 23:00:00,000,21,7741,
24/06/2025 00:00:00,000,20,789,
24/06/2025 01:00:00,000,20,0111,
24/06/2025 02:00:00,000,19,0324,
24/06/2025 03:00:00,000,18,1233,
24/06/2025 04:00:00,000,18,1225,
24/06/2025 05:00:00,000,17,9308,
24/06/2025 06:00:00,000,18,8055,
24/06/2025 07:00:00,000,19,9376,
24/06/2025 08:00:00,000,21,0667,
24/06/2025 09:00:00,000,22,3505,
24/06/2025 10:00:00,000,22,7056,
24/06/2025 11:00:00,000,23,5705,
24/06/2025 12:00:00,000,25,1402,
24/06/2025 13:00:00,000,26,7954,
24/06/2025 14:00:00,000,27,7761,
24/06/2025 15:00:00,000,27,5302,
24/06/2025 16:00:00,000,28,3406,
24/06/2025 17:00:00,000,27,9506,
24/06/2025 18:00:00,000,27,6935,
24/06/2025 19:00:00,000,27,2628,
24/06/2025 20:00:00,000,25,9639,
24/06/2025 21:00:00,000,22,6984,
24/06/2025 22:00:00,000,21,1997,
24/06/2025 23:00:00,000,20,4859,
25/06/2025 00:00:00,000,19,7158,
25/06/2025 01:00:00,000,18,827,
25/06/2025 02:00:00,000,18,5902,
25/06/2025 03:00:00,000,18,8859,
25/06/2025 04:00:00,000,18,7975,
25/06/2025 05:00:00,000,18,6598,
25/06/2025 06:00:00,000,19,961,
25/06/2025 07:00:00,000,21,4568,
25/06/2025 08:00:00,000,23,8191,
25/06/2025 09:00:00,000,26,0777,
25/06/2025 10:00:00,000,27,2717,
25/06/2025 11:00:00,000,29,2295,
25/06/2025 12:00:00,000,30,2463,
25/06/2025 13:00:00,000,30,2232,
25/06/2025 14:00:00,000,30,7554,
25/06/2025 15:00:00,000,31,8694,
25/06/2025 16:00:00,000,31,1958,
25/06/2025 17:00:00,000,31,7198,
25/06/2025 18:00:00,000,30,8403,
25/06/2025 19:00:00,000,30,1316,
25/06/2025 20:00:00,000,28,4601,
25/06/2025 21:00:00,000,26,7396,
25/06/2025 22:00:00,000,24,4217,
25/06/2025 23:00:00,000,23,244,
26/06/2025 00:00:00,000,21,4312,
26/06/2025 01:00:00,000,21,4887,
26/06/2025 02:00:00,000,21,1273,
26/06/2025 03:00:00,000,19,7682,
26/06/2025 04:00:00,000,19,5785,
26/06/2025 05:00:00,000,19,2611,
26/06/2025 06:00:00,000,20,3126,
26/06/2025 07:00:00,000,22,0658,
26/06/2025 08:00:00,000,24,5456,
26/06/2025 09:00:00,000,27,1938,
26/06/2025 10:00:00,000,28,9674,
26/06/2025 11:00:00,000,30,0284,
26/06/2025 12:00:00,000,31,2832,
26/06/2025 13:00:00,000,32,7045,
26/06/2025 14:00:00,000,33,212,
26/06/2025 15:00:00,000,32,7934,
26/06/2025 16:00:00,000,32,8039,
26/06/2025 17:00:00,000,32,6279,
26/06/2025 18:00:00,000,32,2058,
26/06/2025 19:00:00,000,30,2886,
26/06/2025 20:00:00,000,28,0944,
26/06/2025 21:00:00,000,26,246,
26/06/2025 22:00:00,000,24,1299,
26/06/2025 23:00:00,000,21,88,
27/06/2025 00:00:00,000,21,1868,
27/06/2025 01:00:00,000,21,2876,
27/06/2025 02:00:00,000,21,0376,
27/06/2025 03:00:00,000,20,2578,
27/06/2025 04:00:00,000,19,6863,
27/06/2025 05:00:00,000,19,7925,
27/06/2025 06:00:00,000,20,9804,
27/06/2025 07:00:00,000,21,8223,
27/06/2025 08:00:00,000,23,6633,
27/06/2025 09:00:00,000,24,4531,
27/06/2025 10:00:00,000,25,485,
27/06/2025 11:00:00,000,26,2241,
27/06/2025 12:00:00,000,27,0853,
27/06/2025 13:00:00,000,27,2789,
27/06/2025 14:00:00,000,28,2078,
27/06/2025 15:00:00,000,27,8285,
27/06/2025 16:00:00,000,28,3297,
27/06/2025 17:00:00,000,26,9149,
27/06/2025 18:00:00,000,25,9998,
27/06/2025 19:00:00,000,24,4255,
27/06/2025 20:00:00,000,24,2425,
27/06/2025 21:00:00,000,22,7197,
27/06/2025 22:00:00,000,21,9113,
27/06/2025 23:00:00,000,20,0963,
28/06/2025 00:00:00,000,19,674,
28/06/2025 01:00:00,000,18,9747,
28/06/2025 02:00:00,000,18,655,
28/06/2025 03:00:00,000,18,3545,
28/06/2025 04:00:00,000,18,5302,
28/06/2025 05:00:00,000,18,2902,
28/06/2025 06:00:00,000,18,1574,
28/06/2025 07:00:00,000,18,6235,
28/06/2025 08:00:00,000,19,2509,
28/06/2025 09:00:00,000,19,8546,
28/06/2025 10:00:00,000,21,174,
28/06/2025 11:00:00,000,22,132,
28/06/2025 12:00:00,000,23,523,
28/06/2025 13:00:00,000,24,3604,
28/06/2025 14:00:00,000,25,4186,
28/06/2025 15:00:00,000,25,473,
28/06/2025 16:00:00,000,26,9229,
28/06/2025 17:00:00,000,26,745,
28/06/2025 18:00:00,000,27,1343,
28/06/2025 19:00:00,000,26,2255,
28/06/2025 20:00:00,000,24,5523,
28/06/2025 21:00:00,000,22,8385,
28/06/2025 22:00:00,000,20,7897,
28/06/2025 23:00:00,000,19,2071,
29/06/2025 00:00:00,000,18,4997,
29/06/2025 01:00:00,000,18,5815,
29/06/2025 02:00:00,000,17,4964,
29/06/2025 03:00:00,000,17,1991,
29/06/2025 04:00:00,000,16,7692,
29/06/2025 05:00:00,000,17,3947,
29/06/2025 06:00:00,000,19,1477,
29/06/2025 07:00:00,000,20,3294,
29/06/2025 08:00:00,000,23,0006,
29/06/2025 09:00:00,000,24,8081,
29/06/2025 10:00:00,000,26,8677,
29/06/2025 11:00:00,000,27,3474,
29/06/2025 12:00:00,000,28,2887,
29/06/2025 13:00:00,000,28,9054,
29/06/2025 14:00:00,000,29,544,
29/06/2025 15:00:00,000,30,1554,
29/06/2025 16:00:00,000,29,8467,
29/06/2025 17:00:00,000,30,3019,
29/06/2025 18:00:00,000,29,969,
29/06/2025 19:00:00,000,29,1968,
29/06/2025 20:00:00,000,27,0496,
29/06/2025 21:00:00,000,25,9965,
29/06/2025 22:00:00,000,23,197,
29/06/2025 23:00:00,000,22,4223,
30/06/2025 00:00:00,000,21,834,
30/06/2025 01:00:00,000,21,1532,
30/06/2025 02:00:00,000,21,3346,
30/06/2025 03:00:00,000,22,4071,
30/06/2025 04:00:00,000,21,7028,
30/06/2025 05:00:00,000,21,8765,
30/06/2025 06:00:00,000,22,0929,
30/06/2025 07:00:00,000,23,3343,
30/06/2025 08:00:00,000,23,968,
30/06/2025 09:00:00,000,25,1545,
30/06/2025 10:00:00,000,25,3246,
30/06/2025 11:00:00,000,26,7235,
30/06/2025 12:00:00,000,27,9937,
30/06/2025 13:00:00,000,27,9812,
30/06/2025 14:00:00,000,28,6184,
30/06/2025 15:00:00,000,28,7058,
30/06/2025 16:00:00,000,29,153,
30/06/2025 17:00:00,000,28,6035,
30/06/2025 18:00:00,000,28,3244,
30/06/2025 19:00:00,000,26,376,
30/06/2025 20:00:00,000,24,6045,
30/06/2025 21:00:00,000,21,3896,
30/06/2025 22:00:00,000,20,5462,
30/06/2025 23:00:00,000,19,3599,
01/07/2025 00:00:00,000,18,0941,
01/07/2025 01:00:00,000,17,6965,
01/07/2025 02:00:00,000,17,3618,
01/07/2025 03:00:00,000,16,7386,
01/07/2025 04:00:00,000,16,1515,
01/07/2025 05:00:00,000,15,8315,
01/07/2025 06:00:00,000,17,634,
01/07/2025 07:00:00,000,20,0828,
01/07/2025 08:00:00,000,21,405,
01/07/2025 09:00:00,000,23,0295,
01/07/2025 10:00:00,000,23,9699,
01/07/2025 11:00:00,000,24,9824,
01/07/2025 12:00:00,000,26,9498,
01/07/2025 13:00:00,000,27,396,
01/07/2025 14:00:00,000,27,852,
01/07/2025 15:00:00,000,28,8841,
01/07/2025 16:00:00,000,29,6245,
01/07/2025 17:00:00,000,28,9763,
01/07/2025 18:00:00,000,28,2541,
01/07/2025 19:00:00,000,27,8191,
01/07/2025 20:00:00,000,25,4358,
01/07/2025 21:00:00,000,22,7012,
01/07/2025 22:00:00,000,20,8516,
01/07/2025 23:00:00,000,19,1648,
02/07/2025 00:00:00,000,17,2303,
02/07/2025 01:00:00,000,16,2691,
02/07/2025 02:00:00,000,15,6136,
02/07/2025 03:00:00,000,15,2211,
02/07/2025 04:00:00,000,13,9454,
02/07/2025 05:00:00,000,14,6761,
02/07/2025 06:00:00,000,16,9502,
02/07/2025 07:00:00,000,19,3639,
02/07/2025 08:00:00,000,21,7178,
02/07/2025 09:00:00,000,23,5788,
02/07/2025 10:00:00,000,25,8122,
02/07/2025 11:00:00,000,28,0164,
02/07/2025 12:00:00,000,29,1919,
02/07/2025 13:00:00,000,29,9598,
02/07/2025 14:00:00,000,31,4793,
02/07/2025 15:00:00,000,31,2912,
02/07/2025 16:00:00,000,32,3722,
02/07/2025 17:00:00,000,32,4318,
02/07/2025 18:00:00,000,31,9534,
02/07/2025 19:00:00,000,30,18,
02/07/2025 20:00:00,000,27,9815,
02/07/2025 21:00:00,000,24,4707,
02/07/2025 22:00:00,000,22,0337,
02/07/2025 23:00:00,000,20,4167,
03/07/2025 00:00:00,000,19,5185,
03/07/2025 01:00:00,000,17,9053,
03/07/2025 02:00:00,000,16,9102,
03/07/2025 03:00:00,000,15,9091,
03/07/2025 04:00:00,000,15,6875,
03/07/2025 05:00:00,000,15,65,
03/07/2025 06:00:00,000,17,4469,
03/07/2025 07:00:00,000,21,0061,
03/07/2025 08:00:00,000,23,3087,
03/07/2025 09:00:00,000,26,4043,
03/07/2025 10:00:00,000,29,3829,
03/07/2025 11:00:00,000,32,1059,
03/07/2025 12:00:00,000,33,3106,
03/07/2025 13:00:00,000,33,1682,
03/07/2025 14:00:00,000,34,9272,
03/07/2025 15:00:00,000,35,1182,
03/07/2025 16:00:00,000,35,4101,
03/07/2025 17:00:00,000,33,8475,
03/07/2025 18:00:00,000,32,9141,
03/07/2025 19:00:00,000,30,5693,
03/07/2025 20:00:00,000,27,8141,
03/07/2025 21:00:00,000,26,0841,
03/07/2025 22:00:00,000,24,709,
03/07/2025 23:00:00,000,24,1272,
04/07/2025 00:00:00,000,23,9444,
04/07/2025 01:00:00,000,23,1239,
04/07/2025 02:00:00,000,22,5221,
04/07/2025 03:00:00,000,22,2146,
04/07/2025 04:00:00,000,21,4945,
04/07/2025 05:00:00,000,21,1134,
04/07/2025 06:00:00,000,20,7489,
04/07/2025 07:00:00,000,20,7815,
04/07/2025 08:00:00,000,21,4419,
04/07/2025 09:00:00,000,21,9875,
04/07/2025 10:00:00,000,23,2532,
04/07/2025 11:00:00,000,24,3902,
04/07/2025 12:00:00,000,24,3139,
04/07/2025 13:00:00,000,23,411,
04/07/2025 14:00:00,000,22,7062,
04/07/2025 15:00:00,000,22,6621,
04/07/2025 16:00:00,000,23,0147,
04/07/2025 17:00:00,000,23,199,
04/07/2025 18:00:00,000,22,659,
04/07/2025 19:00:00,000,22,83,
04/07/2025 20:00:00,000,21,4116,
04/07/2025 21:00:00,000,20,1202,
04/07/2025 22:00:00,000,18,869,
04/07/2025 23:00:00,000,16,8724,
05/07/2025 00:00:00,000,15,6282,
05/07/2025 01:00:00,000,15,5354,
05/07/2025 02:00:00,000,14,7729,
05/07/2025 03:00:00,000,14,6434,
05/07/2025 04:00:00,000,13,7047,
05/07/2025 05:00:00,000,13,4559,
05/07/2025 06:00:00,000,15,3496,
05/07/2025 07:00:00,000,18,2685,
05/07/2025 08:00:00,000,20,7548,
05/07/2025 09:00:00,000,21,7754,
05/07/2025 10:00:00,000,24,0036,
05/07/2025 11:00:00,000,24,57,
05/07/2025 12:00:00,000,25,8953,
05/07/2025 13:00:00,000,26,9957,
05/07/2025 14:00:00,000,27,4507,
05/07/2025 15:00:00,000,27,9421,
05/07/2025 16:00:00,000,28,4916,
05/07/2025 17:00:00,000,28,8715,
05/07/2025 18:00:00,000,27,6435,
05/07/2025 19:00:00,000,27,0679,
05/07/2025 20:00:00,000,24,9541,
05/07/2025 21:00:00,000,21,7731,
05/07/2025 22:00:00,000,20,7311,
05/07/2025 23:00:00,000,18,9692,
06/07/2025 00:00:00,000,18,0627,
06/07/2025 01:00:00,000,17,2843,
06/07/2025 02:00:00,000,17,0775,
06/07/2025 03:00:00,000,15,8889,
06/07/2025 04:00:00,000,15,8355,
06/07/2025 05:00:00,000,15,205,
06/07/2025 06:00:00,000,16,7102,
06/07/2025 07:00:00,000,19,1822,
06/07/2025 08:00:00,000,21,5257,
06/07/2025 09:00:00,000,24,2939,
06/07/2025 10:00:00,000,25,943,
06/07/2025 11:00:00,000,28,744,
06/07/2025 12:00:00,000,30,0976,
06/07/2025 13:00:00,000,30,2858,
06/07/2025 14:00:00,000,31,4146,
06/07/2025 15:00:00,000,31,2701,
06/07/2025 16:00:00,000,32,0759,
06/07/2025 17:00:00,000,31,2239,
06/07/2025 18:00:00,000,31,2753,
06/07/2025 19:00:00,000,27,8099,
06/07/2025 20:00:00,000,23,7377,
06/07/2025 21:00:00,000,21,7218,
06/07/2025 22:00:00,000,20,766,
06/07/2025 23:00:00,000,20,0354,
07/07/2025 00:00:00,000,20,0934,
07/07/2025 01:00:00,000,19,7708,
07/07/2025 02:00:00,000,19,9881,
07/07/2025 03:00:00,000,19,0996,
07/07/2025 04:00:00,000,18,9498,
07/07/2025 05:00:00,000,19,1861,
07/07/2025 06:00:00,000,19,3351,
07/07/2025 07:00:00,000,20,3764,
07/07/2025 08:00:00,000,21,062,
07/07/2025 09:00:00,000,22,3836,
07/07/2025 10:00:00,000,22,4735,
07/07/2025 11:00:00,000,21,8912,
07/07/2025 12:00:00,000,21,486,
07/07/2025 13:00:00,000,22,4612,
07/07/2025 14:00:00,000,22,113,
07/07/2025 15:00:00,000,22,9713,
07/07/2025 16:00:00,000,21,3381,
07/07/2025 17:00:00,000,19,2987,
07/07/2025 18:00:00,000,20,0108,
07/07/2025 19:00:00,000,19,8283,
07/07/2025 20:00:00,000,19,547,
07/07/2025 21:00:00,000,18,6213,
07/07/2025 22:00:00,000,17,6452,
07/07/2025 23:00:00,000,16,6839,
08/07/2025 00:00:00,000,16,2736,
08/07/2025 01:00:00,000,16,101,
08/07/2025 02:00:00,000,16,109,
08/07/2025 03:00:00,000,16,343,
08/07/2025 04:00:00,000,16,9708,
08/07/2025 05:00:00,000,16,5365,
08/07/2025 06:00:00,000,17,1461,
08/07/2025 07:00:00,000,17,2375,
08/07/2025 08:00:00,000,17,3681,
08/07/2025 09:00:00,000,17,443,
08/07/2025 10:00:00,000,18,4862,
08/07/2025 11:00:00,000,18,7668,
08/07/2025 12:00:00,000,18,8708,
08/07/2025 13:00:00,000,19,1772,
08/07/2025 14:00:00,000,18,5435,
08/07/2025 15:00:00,000,18,0413,
08/07/2025 16:00:00,000,17,2774,
08/07/2025 17:00:00,000,16,9495,
08/07/2025 18:00:00,000,16,3733,
08/07/2025 19:00:00,000,16,159,
08/07/2025 20:00:00,000,14,9227,
08/07/2025 21:00:00,000,14,3489,
08/07/2025 22:00:00,000,14,3735,
08/07/2025 23:00:00,000,14,5629,
09/07/2025 00:00:00,000,14,3117,
09/07/2025 01:00:00,000,14,2389,
09/07/2025 02:00:00,000,14,3711,
09/07/2025 03:00:00,000,14,3533,
09/07/2025 04:00:00,000,14,4018,
09/07/2025 05:00:00,000,13,9629,
09/07/2025 06:00:00,000,14,1385,
09/07/2025 07:00:00,000,14,4705,
09/07/2025 08:00:00,000,15,2582,
09/07/2025 09:00:00,000,16,5479,
09/07/2025 10:00:00,000,17,1793,
09/07/2025 11:00:00,000,18,4883,
09/07/2025 12:00:00,000,18,8346,
09/07/2025 13:00:00,000,18,585,
09/07/2025 14:00:00,000,18,552,
09/07/2025 15:00:00,000,19,0199,
09/07/2025 16:00:00,000,18,9477,
09/07/2025 17:00:00,000,19,2732,
09/07/2025 18:00:00,000,18,5467,
09/07/2025 19:00:00,000,17,9185,
09/07/2025 20:00:00,000,17,452,
09/07/2025 21:00:00,000,17,2578,
09/07/2025 22:00:00,000,16,9357,
09/07/2025 23:00:00,000,16,7912,
10/07/2025 00:00:00,000,16,4499,
10/07/2025 01:00:00,000,16,6304,
10/07/2025 02:00:00,000,16,5035,
10/07/2025 03:00:00,000,15,55,
10/07/2025 04:00:00,000,15,7193,
10/07/2025 05:00:00,000,15,4985,
10/07/2025 06:00:00,000,15,5301,
10/07/2025 07:00:00,000,16,3916,
10/07/2025 08:00:00,000,17,0485,
10/07/2025 09:00:00,000,17,3797,
10/07/2025 10:00:00,000,18,5454,
10/07/2025 11:00:00,000,18,7596,
10/07/2025 12:00:00,000,18,8968,
10/07/2025 13:00:00,000,19,7863,
10/07/2025 14:00:00,000,20,3036,
10/07/2025 15:00:00,000,20,7587,
10/07/2025 16:00:00,000,20,2569,
10/07/2025 17:00:00,000,21,2168,
10/07/2025 18:00:00,000,20,0917,
10/07/2025 19:00:00,000,19,4463,
10/07/2025 20:00:00,000,18,503,
10/07/2025 21:00:00,000,17,2662,
10/07/2025 22:00:00,000,15,6609,
10/07/2025 23:00:00,000,15,3282,
11/07/2025 00:00:00,000,14,8822,
11/07/2025 01:00:00,000,14,4951,
11/07/2025 02:00:00,000,13,8218,
11/07/2025 03:00:00,000,13,8295,
11/07/2025 04:00:00,000,14,0796,
11/07/2025 05:00:00,000,13,6436,
11/07/2025 06:00:00,000,14,0993,
11/07/2025 07:00:00,000,15,4857,
11/07/2025 08:00:00,000,16,3235,
11/07/2025 09:00:00,000,17,4832,
11/07/2025 10:00:00,000,17,9856,
11/07/2025 11:00:00,000,19,6981,
11/07/2025 12:00:00,000,20,2155,
11/07/2025 13:00:00,000,20,6273,
11/07/2025 14:00:00,000,21,108,
11/07/2025 15:00:00,000,21,4592,
11/07/2025 16:00:00,000,21,6819,
11/07/2025 17:00:00,000,22,0431,
11/07/2025 18:00:00,000,21,5737,
11/07/2025 19:00:00,000,20,5647,
11/07/2025 20:00:00,000,18,6984,
11/07/2025 21:00:00,000,17,3897,
11/07/2025 22:00:00,000,16,1669,
11/07/2025 23:00:00,000,15,3131,
12/07/2025 00:00:00,000,15,0604,
12/07/2025 01:00:00,000,14,836,
12/07/2025 02:00:00,000,13,9542,
12/07/2025 03:00:00,000,13,6962,
12/07/2025 04:00:00,000,12,989,
12/07/2025 05:00:00,000,12,6037,
12/07/2025 06:00:00,000,12,4511,
12/07/2025 07:00:00,000,14,1594,
12/07/2025 08:00:00,000,16,435,
12/07/2025 09:00:00,000,18,1852,
12/07/2025 10:00:00,000,19,6052,
12/07/2025 11:00:00,000,21,5068,
12/07/2025 12:00:00,000,22,2707,
12/07/2025 13:00:00,000,22,9928,
12/07/2025 14:00:00,000,23,6411,
12/07/2025 15:00:00,000,22,5538,
12/07/2025 16:00:00,000,20,943,
12/07/2025 17:00:00,000,20,4933,
12/07/2025 18:00:00,000,19,7986,
12/07/2025 19:00:00,000,20,1746,
12/07/2025 20:00:00,000,18,8661,
12/07/2025 21:00:00,000,17,5352,
12/07/2025 22:00:00,000,16,4336,
12/07/2025 23:00:00,000,15,9188,
13/07/2025 00:00:00,000,15,7441,
13/07/2025 01:00:00,000,15,3211,
13/07/2025 02:00:00,000,15,0141,
13/07/2025 03:00:00,000,14,508,
13/07/2025 04:00:00,000,14,6038,
13/07/2025 05:00:00,000,14,6199,
13/07/2025 06:00:00,000,15,3783,
13/07/2025 07:00:00,000,17,0128,
13/07/2025 08:00:00,000,18,9704,
13/07/2025 09:00:00,000,20,3527,
13/07/2025 10:00:00,000,22,5154,
13/07/2025 11:00:00,000,24,9666,
13/07/2025 12:00:00,000,25,8176,
13/07/2025 13:00:00,000,26,8796,
13/07/2025 14:00:00,000,27,3671,
13/07/2025 15:00:00,000,28,2881,
13/07/2025 16:00:00,000,28,0335,
13/07/2025 17:00:00,000,27,5014,
13/07/2025 18:00:00,000,26,8106,
13/07/2025 19:00:00,000,25,6761,
13/07/2025 20:00:00,000,24,1912,
13/07/2025 21:00:00,000,22,6938,
13/07/2025 22:00:00,000,21,9414,
13/07/2025 23:00:00,000,21,0833,
14/07/2025 00:00:00,000,19,5611,
14/07/2025 01:00:00,000,18,6828,
14/07/2025 02:00:00,000,17,6508,
14/07/2025 03:00:00,000,16,8996,
14/07/2025 04:00:00,000,17,1329,
14/07/2025 05:00:00,000,16,8928,
14/07/2025 06:00:00,000,17,649,
14/07/2025 07:00:00,000,19,1421,
14/07/2025 08:00:00,000,21,7558,
14/07/2025 09:00:00,000,24,326,
14/07/2025 10:00:00,000,26,0443,
14/07/2025 11:00:00,000,27,3818,
14/07/2025 12:00:00,000,28,7056,
14/07/2025 13:00:00,000,28,4887,
14/07/2025 14:00:00,000,27,5638,
14/07/2025 15:00:00,000,26,6106,
14/07/2025 16:00:00,000,26,03,
14/07/2025 17:00:00,000,25,6288,
14/07/2025 18:00:00,000,25,3126,
14/07/2025 19:00:00,000,24,3864,
14/07/2025 20:00:00,000,23,4519,
14/07/2025 21:00:00,000,21,8973,
14/07/2025 22:00:00,000,20,9743,
14/07/2025 23:00:00,000,20,416,
15/07/2025 00:00:00,000,20,0131,
15/07/2025 01:00:00,000,19,3934,
15/07/2025 02:00:00,000,19,4252,
15/07/2025 03:00:00,000,18,6977,
15/07/2025 04:00:00,000,18,5384,
15/07/2025 05:00:00,000,18,8374,
15/07/2025 06:00:00,000,19,2098,
15/07/2025 07:00:00,000,19,8234,
15/07/2025 08:00:00,000,21,3929,
15/07/2025 09:00:00,000,22,2141,
15/07/2025 10:00:00,000,24,3457,
15/07/2025 11:00:00,000,26,2129,
15/07/2025 12:00:00,000,26,0524,
15/07/2025 13:00:00,000,26,3922,
15/07/2025 14:00:00,000,25,9477,
15/07/2025 15:00:00,000,26,694,
15/07/2025 16:00:00,000,26,2927,
15/07/2025 17:00:00,000,26,5086,
15/07/2025 18:00:00,000,25,7126,
15/07/2025 19:00:00,000,24,7789,
15/07/2025 20:00:00,000,22,9833,
15/07/2025 21:00:00,000,21,4151,
15/07/2025 22:00:00,000,20,6447,
15/07/2025 23:00:00,000,20,1463,
16/07/2025 00:00:00,000,19,3483,
16/07/2025 01:00:00,000,19,547,
16/07/2025 02:00:00,000,18,6435,
16/07/2025 03:00:00,000,17,7862,
16/07/2025 04:00:00,000,17,8465,
16/07/2025 05:00:00,000,17,6567,
16/07/2025 06:00:00,000,17,5184,
16/07/2025 07:00:00,000,18,3731,
16/07/2025 08:00:00,000,18,8361,
16/07/2025 09:00:00,000,20,1046,
16/07/2025 10:00:00,000,21,1874,
16/07/2025 11:00:00,000,21,8898,
16/07/2025 12:00:00,000,22,7388,
16/07/2025 13:00:00,000,22,1552,
16/07/2025 14:00:00,000,21,6774,
16/07/2025 15:00:00,000,23,4539,
16/07/2025 16:00:00,000,24,07,
16/07/2025 17:00:00,000,24,6319,
16/07/2025 18:00:00,000,24,0979,
16/07/2025 19:00:00,000,22,4371,
16/07/2025 20:00:00,000,21,3265,
16/07/2025 21:00:00,000,20,0061,
16/07/2025 22:00:00,000,18,281,
16/07/2025 23:00:00,000,17,3603,
17/07/2025 00:00:00,000,16,8582,
17/07/2025 01:00:00,000,16,203,
17/07/2025 02:00:00,000,16,2185,
17/07/2025 03:00:00,000,15,6734,
17/07/2025 04:00:00,000,15,3871,
17/07/2025 05:00:00,000,14,9572,
17/07/2025 06:00:00,000,15,5424,
17/07/2025 07:00:00,000,15,856,
17/07/2025 08:00:00,000,16,4156,
17/07/2025 09:00:00,000,16,7845,
17/07/2025 10:00:00,000,17,2411,
17/07/2025 11:00:00,000,17,9675,
17/07/2025 12:00:00,000,18,8394,
17/07/2025 13:00:00,000,19,2798,
17/07/2025 14:00:00,000,19,6264,
17/07/2025 15:00:00,000,18,723,
17/07/2025 16:00:00,000,18,5494,
17/07/2025 17:00:00,000,19,0106,
17/07/2025 18:00:00,000,19,1561,
17/07/2025 19:00:00,000,19,2512,
17/07/2025 20:00:00,000,17,6076,
17/07/2025 21:00:00,000,16,6191,
17/07/2025 22:00:00,000,15,9194,
17/07/2025 23:00:00,000,15,5526,
18/07/2025 00:00:00,000,15,354,
18/07/2025 01:00:00,000,15,2439,
18/07/2025 02:00:00,000,14,9704,
18/07/2025 03:00:00,000,14,7137,
18/07/2025 04:00:00,000,14,4684,
18/07/2025 05:00:00,000,14,5494,
18/07/2025 06:00:00,000,15,0672,
18/07/2025 07:00:00,000,16,3661,
18/07/2025 08:00:00,000,17,0794,
18/07/2025 09:00:00,000,17,8607,
18/07/2025 10:00:00,000,18,7266,
18/07/2025 11:00:00,000,18,968,
18/07/2025 12:00:00,000,19,782,
18/07/2025 13:00:00,000,20,9772,
18/07/2025 14:00:00,000,19,6541,
18/07/2025 15:00:00,000,20,0409,
18/07/2025 16:00:00,000,20,4085,
18/07/2025 17:00:00,000,19,9988,
18/07/2025 18:00:00,000,19,5425,
18/07/2025 19:00:00,000,20,0125,
18/07/2025 20:00:00,000,19,0458,
18/07/2025 21:00:00,000,18,2441,
18/07/2025 22:00:00,000,17,7662,
18/07/2025 23:00:00,000,16,4096,
19/07/2025 00:00:00,000,15,8313,
19/07/2025 01:00:00,000,15,1158,
19/07/2025 02:00:00,000,15,2195,
19/07/2025 03:00:00,000,14,8374,
19/07/2025 04:00:00,000,14,0127,
19/07/2025 05:00:00,000,13,5176,
19/07/2025 06:00:00,000,14,7733,
19/07/2025 07:00:00,000,16,5453,
19/07/2025 08:00:00,000,18,1287,
19/07/2025 09:00:00,000,19,8403,
19/07/2025 10:00:00,000,21,8207,
19/07/2025 11:00:00,000,23,4391,
19/07/2025 12:00:00,000,23,9296,
19/07/2025 13:00:00,000,25,1535,
19/07/2025 14:00:00,000,25,8709,
19/07/2025 15:00:00,000,26,6079,
19/07/2025 16:00:00,000,27,068,
19/07/2025 17:00:00,000,26,8976,
19/07/2025 18:00:00,000,25,881,
19/07/2025 19:00:00,000,25,0656,
19/07/2025 20:00:00,000,22,7693,
19/07/2025 21:00:00,000,20,8711,
19/07/2025 22:00:00,000,19,0808,
19/07/2025 23:00:00,000,18,258,
20/07/2025 00:00:00,000,17,825,
20/07/2025 01:00:00,000,17,3981,
20/07/2025 02:00:00,000,17,1956,
20/07/2025 03:00:00,000,16,6328,
20/07/2025 04:00:00,000,15,7318,
20/07/2025 05:00:00,000,15,7086,
20/07/2025 06:00:00,000,16,723,
20/07/2025 07:00:00,000,18,6337,
20/07/2025 08:00:00,000,21,5434,
20/07/2025 09:00:00,000,24,5674,
20/07/2025 10:00:00,000,25,5841,
20/07/2025 11:00:00,000,26,2175,
20/07/2025 12:00:00,000,27,4743,
20/07/2025 13:00:00,000,28,453,
20/07/2025 14:00:00,000,28,4832,
20/07/2025 15:00:00,000,29,4734,
20/07/2025 16:00:00,000,29,6243,
20/07/2025 17:00:00,000,29,0671,
20/07/2025 18:00:00,000,29,082,
20/07/2025 19:00:00,000,28,3133,
20/07/2025 20:00:00,000,25,9088,
20/07/2025 21:00:00,000,23,361,
20/07/2025 22:00:00,000,21,1148,
20/07/2025 23:00:00,000,20,2382,
21/07/2025 00:00:00,000,18,8974,
21/07/2025 01:00:00,000,18,5799,
21/07/2025 02:00:00,000,17,9735,
21/07/2025 03:00:00,000,17,459,
21/07/2025 04:00:00,000,17,6134,
21/07/2025 05:00:00,000,17,766,
21/07/2025 06:00:00,000,18,8495,
21/07/2025 07:00:00,000,21,0145,
21/07/2025 08:00:00,000,22,7179,
21/07/2025 09:00:00,000,24,9929,
21/07/2025 10:00:00,000,27,3461,
21/07/2025 11:00:00,000,28,2336,
21/07/2025 12:00:00,000,29,8941,
21/07/2025 13:00:00,000,30,8248,
21/07/2025 14:00:00,000,31,1359,
21/07/2025 15:00:00,000,30,7942,
21/07/2025 16:00:00,000,30,7449,
21/07/2025 17:00:00,000,31,6074,
21/07/2025 18:00:00,000,28,3846,
21/07/2025 19:00:00,000,25,2204,
21/07/2025 20:00:00,000,22,7628,
21/07/2025 21:00:00,000,21,8183,
21/07/2025 22:00:00,000,20,4088,
21/07/2025 23:00:00,000,19,9807,
22/07/2025 00:00:00,000,19,5545,
22/07/2025 01:00:00,000,19,1639,
22/07/2025 02:00:00,000,18,137,
22/07/2025 03:00:00,000,18,0444,
22/07/2025 04:00:00,000,17,3109,
22/07/2025 05:00:00,000,17,1024,
22/07/2025 06:00:00,000,17,4895,
22/07/2025 07:00:00,000,19,3657,
22/07/2025 08:00:00,000,20,705,
22/07/2025 09:00:00,000,22,0067,
22/07/2025 10:00:00,000,23,6917,
22/07/2025 11:00:00,000,25,0908,
22/07/2025 12:00:00,000,25,6183,
22/07/2025 13:00:00,000,26,4452,
22/07/2025 14:00:00,000,26,3043,
22/07/2025 15:00:00,000,26,7634,
22/07/2025 16:00:00,000,27,8974,
22/07/2025 17:00:00,000,26,8506,
22/07/2025 18:00:00,000,26,7754,
22/07/2025 19:00:00,000,25,5104,
22/07/2025 20:00:00,000,23,9732,
22/07/2025 21:00:00,000,22,8763,
22/07/2025 22:00:00,000,21,6864,
22/07/2025 23:00:00,000,20,3346,
23/07/2025 00:00:00,000,19,3661,
23/07/2025 01:00:00,000,18,7068,
23/07/2025 02:00:00,000,17,9508,
23/07/2025 03:00:00,000,17,455,
23/07/2025 04:00:00,000,16,6604,
23/07/2025 05:00:00,000,16,5482,
23/07/2025 06:00:00,000,17,4676,
23/07/2025 07:00:00,000,19,6044,
23/07/2025 08:00:00,000,21,324,
23/07/2025 09:00:00,000,23,179,
23/07/2025 10:00:00,000,24,2277,
23/07/2025 11:00:00,000,24,5242,
23/07/2025 12:00:00,000,24,6314,
23/07/2025 13:00:00,000,26,178,
23/07/2025 14:00:00,000,26,5213,
23/07/2025 15:00:00,000,27,3239,
23/07/2025 16:00:00,000,28,3086,
23/07/2025 17:00:00,000,28,148,
23/07/2025 18:00:00,000,27,4526,
23/07/2025 19:00:00,000,26,517,
23/07/2025 20:00:00,000,24,2876,
23/07/2025 21:00:00,000,21,4551,
23/07/2025 22:00:00,000,20,4059,
23/07/2025 23:00:00,000,19,0216,
24/07/2025 00:00:00,000,18,3649,
24/07/2025 01:00:00,000,17,2668,
24/07/2025 02:00:00,000,17,2964,
24/07/2025 03:00:00,000,17,5603,
24/07/2025 04:00:00,000,17,1589,
24/07/2025 05:00:00,000,16,7127,
24/07/2025 06:00:00,000,17,5185,
24/07/2025 07:00:00,000,18,8842,
24/07/2025 08:00:00,000,21,1788,
24/07/2025 09:00:00,000,23,2962,
24/07/2025 10:00:00,000,25,0826,
24/07/2025 11:00:00,000,26,9386,
24/07/2025 12:00:00,000,28,0129,
24/07/2025 13:00:00,000,29,4552,
24/07/2025 14:00:00,000,29,388,
24/07/2025 15:00:00,000,29,5031,
24/07/2025 16:00:00,000,28,999,
24/07/2025 17:00:00,000,27,8352,
24/07/2025 18:00:00,000,26,0684,
24/07/2025 19:00:00,000,22,958,
24/07/2025 20:00:00,000,21,7288,
24/07/2025 21:00:00,000,20,7716,
24/07/2025 22:00:00,000,20,6157,
24/07/2025 23:00:00,000,20,1315,
25/07/2025 00:00:00,000,19,2737,
25/07/2025 01:00:00,000,18,9574,
25/07/2025 02:00:00,000,18,7679,
25/07/2025 03:00:00,000,17,9514,
25/07/2025 04:00:00,000,17,719,
25/07/2025 05:00:00,000,17,818,
25/07/2025 06:00:00,000,18,1047,
25/07/2025 07:00:00,000,19,1422,
25/07/2025 08:00:00,000,20,2773,
25/07/2025 09:00:00,000,22,0431,
25/07/2025 10:00:00,000,23,1679,
25/07/2025 11:00:00,000,24,7235,
25/07/2025 12:00:00,000,25,0402,
25/07/2025 13:00:00,000,26,506,
25/07/2025 14:00:00,000,26,777,
25/07/2025 15:00:00,000,27,08,
25/07/2025 16:00:00,000,26,1448,
25/07/2025 17:00:00,000,25,3747,
25/07/2025 18:00:00,000,24,7591,
25/07/2025 19:00:00,000,24,3212,
25/07/2025 20:00:00,000,23,0134,
25/07/2025 21:00:00,000,22,45,
25/07/2025 22:00:00,000,21,9937,
25/07/2025 23:00:00,000,22,0592,
26/07/2025 00:00:00,000,20,759,
26/07/2025 01:00:00,000,20,3864,
26/07/2025 02:00:00,000,20,3764,
26/07/2025 03:00:00,000,19,8426,
26/07/2025 04:00:00,000,18,8596,
26/07/2025 05:00:00,000,18,8353,
26/07/2025 06:00:00,000,18,9694,
26/07/2025 07:00:00,000,19,5426,
26/07/2025 08:00:00,000,19,7908,
26/07/2025 09:00:00,000,20,7433,
26/07/2025 10:00:00,000,21,3428,
26/07/2025 11:00:00,000,21,1516,
26/07/2025 12:00:00,000,21,6743,
26/07/2025 13:00:00,000,21,8533,
26/07/2025 14:00:00,000,22,48,
26/07/2025 15:00:00,000,23,1951,
26/07/2025 16:00:00,000,23,2207,
26/07/2025 17:00:00,000,23,2587,
26/07/2025 18:00:00,000,22,6536,
26/07/2025 19:00:00,000,22,6579,
26/07/2025 20:00:00,000,21,4678,
26/07/2025 21:00:00,000,20,9444,
26/07/2025 22:00:00,000,21,1194,
26/07/2025 23:00:00,000,20,4814,
27/07/2025 00:00:00,000,20,0504,
27/07/2025 01:00:00,000,20,0502,
27/07/2025 02:00:00,000,19,3456,
27/07/2025 03:00:00,000,19,151,
27/07/2025 04:00:00,000,18,7514,
27/07/2025 05:00:00,000,18,5795,
27/07/2025 06:00:00,000,19,2749,
27/07/2025 07:00:00,000,20,4986,
27/07/2025 08:00:00,000,21,1641,
27/07/2025 09:00:00,000,21,4639,
27/07/2025 10:00:00,000,20,8214,
27/07/2025 11:00:00,000,21,1489,
27/07/2025 12:00:00,000,21,0435,
27/07/2025 13:00:00,000,20,9199,
27/07/2025 14:00:00,000,20,7754,
27/07/2025 15:00:00,000,21,2338,
27/07/2025 16:00:00,000,20,701,
27/07/2025 17:00:00,000,20,9963,
27/07/2025 18:00:00,000,20,8407,
27/07/2025 19:00:00,000,20,0888,
27/07/2025 20:00:00,000,20,0568,
27/07/2025 21:00:00,000,19,0693,
27/07/2025 22:00:00,000,18,9231,
27/07/2025 23:00:00,000,18,2039,
28/07/2025 00:00:00,000,18,2331,
28/07/2025 01:00:00,000,18,6054,
28/07/2025 02:00:00,000,18,4608,
28/07/2025 03:00:00,000,17,9888,
28/07/2025 04:00:00,000,17,6908,
28/07/2025 05:00:00,000,17,3278,
28/07/2025 06:00:00,000,16,9906,
28/07/2025 07:00:00,000,18,148,
28/07/2025 08:00:00,000,19,0186,
28/07/2025 09:00:00,000,20,4249,
28/07/2025 10:00:00,000,21,3955,
28/07/2025 11:00:00,000,21,6456,
28/07/2025 12:00:00,000,21,9614,
28/07/2025 13:00:00,000,22,7334,
28/07/2025 14:00:00,000,23,0441,
28/07/2025 15:00:00,000,23,4702,
28/07/2025 16:00:00,000,22,2815,
28/07/2025 17:00:00,000,21,7079,
28/07/2025 18:00:00,000,21,1963,
28/07/2025 19:00:00,000,20,3125,
28/07/2025 20:00:00,000,19,8204,
28/07/2025 21:00:00,000,19,4243,
28/07/2025 22:00:00,000,18,8162,
28/07/2025 23:00:00,000,18,3103,
29/07/2025 00:00:00,000,18,214,
29/07/2025 01:00:00,000,17,9844,
29/07/2025 02:00:00,000,17,9616,
29/07/2025 03:00:00,000,17,8085,
29/07/2025 04:00:00,000,17,4833,
29/07/2025 05:00:00,000,17,5332,
29/07/2025 06:00:00,000,17,4172,
29/07/2025 07:00:00,000,18,2007,
29/07/2025 08:00:00,000,18,9201,
29/07/2025 09:00:00,000,19,9762,
29/07/2025 10:00:00,000,21,0936,
29/07/2025 11:00:00,000,21,1565,
29/07/2025 12:00:00,000,22,1075,
29/07/2025 13:00:00,000,22,0603,
29/07/2025 14:00:00,000,22,4671,
29/07/2025 15:00:00,000,23,2949,
29/07/2025 16:00:00,000,23,1267,
29/07/2025 17:00:00,000,22,4964,
29/07/2025 18:00:00,000,21,1518,
29/07/2025 19:00:00,000,20,7968,
29/07/2025 20:00:00,000,19,8417,
29/07/2025 21:00:00,000,19,1511,
29/07/2025 22:00:00,000,18,027,
29/07/2025 23:00:00,000,17,181,
30/07/2025 00:00:00,000,16,859,
30/07/2025 01:00:00,000,16,4472,
30/07/2025 02:00:00,000,16,0831,
30/07/2025 03:00:00,000,15,648,
30/07/2025 04:00:00,000,15,5093,
30/07/2025 05:00:00,000,15,0577,
30/07/2025 06:00:00,000,14,9392,
30/07/2025 07:00:00,000,16,3676,
30/07/2025 08:00:00,000,18,133,
30/07/2025 09:00:00,000,19,9998,
30/07/2025 10:00:00,000,21,1066,
30/07/2025 11:00:00,000,21,9372,
30/07/2025 12:00:00,000,22,5612,
30/07/2025 13:00:00,000,23,5892,
30/07/2025 14:00:00,000,23,7791,
30/07/2025 15:00:00,000,23,8912,
30/07/2025 16:00:00,000,23,2634,
30/07/2025 17:00:00,000,22,133,
30/07/2025 18:00:00,000,21,9793,
30/07/2025 19:00:00,000,21,8826,
30/07/2025 20:00:00,000,19,9937,
30/07/2025 21:00:00,000,19,6252,
30/07/2025 22:00:00,000,18,1297,
30/07/2025 23:00:00,000,17,4389,
31/07/2025 00:00:00,000,16,9704,
31/07/2025 01:00:00,000,16,4175,
31/07/2025 02:00:00,000,16,0377,
31/07/2025 03:00:00,000,15,5737,
31/07/2025 04:00:00,000,15,1953,
31/07/2025 05:00:00,000,15,3366,
31/07/2025 06:00:00,000,15,5789,
31/07/2025 07:00:00,000,16,3522,
31/07/2025 08:00:00,000,18,7425,
31/07/2025 09:00:00,000,20,4175,
31/07/2025 10:00:00,000,21,4485,
31/07/2025 11:00:00,000,22,0514,
31/07/2025 12:00:00,000,22,1918,
31/07/2025 13:00:00,000,23,5949,
31/07/2025 14:00:00,000,23,4068,
31/07/2025 15:00:00,000,23,4182,
31/07/2025 16:00:00,000,23,5134,
31/07/2025 17:00:00,000,22,9492,
31/07/2025 18:00:00,000,22,737,
31/07/2025 19:00:00,000,21,9143,
31/07/2025 20:00:00,000,19,9278,
31/07/2025 21:00:00,000,18,0905,
31/07/2025 22:00:00,000,18,0993,
31/07/2025 23:00:00,000,17,2293,
01/08/2025 00:00:00,000,16,9112,
01/08/2025 01:00:00,000,16,1085,
01/08/2025 02:00:00,000,15,4626,
01/08/2025 03:00:00,000,15,353,
01/08/2025 04:00:00,000,14,4213,
01/08/2025 05:00:00,000,13,8066,
01/08/2025 06:00:00,000,15,3133,
01/08/2025 07:00:00,000,17,2389,
01/08/2025 08:00:00,000,18,4574,
01/08/2025 09:00:00,000,20,4888,
01/08/2025 10:00:00,000,21,7529,
01/08/2025 11:00:00,000,22,9083,
01/08/2025 12:00:00,000,24,1806,
01/08/2025 13:00:00,000,25,4327,
01/08/2025 14:00:00,000,24,8781,
01/08/2025 15:00:00,000,23,8894,
01/08/2025 16:00:00,000,23,1554,
01/08/2025 17:00:00,000,24,3342,
01/08/2025 18:00:00,000,23,1946,
01/08/2025 19:00:00,000,21,7959,
01/08/2025 20:00:00,000,20,3749,
01/08/2025 21:00:00,000,18,56,
01/08/2025 22:00:00,000,18,0755,
01/08/2025 23:00:00,000,17,4812,
02/08/2025 00:00:00,000,16,6956,
02/08/2025 01:00:00,000,15,8724,
02/08/2025 02:00:00,000,15,6877,
02/08/2025 03:00:00,000,15,2443,
02/08/2025 04:00:00,000,14,8254,
02/08/2025 05:00:00,000,15,0416,
02/08/2025 06:00:00,000,15,4498,
02/08/2025 07:00:00,000,16,4974,
02/08/2025 08:00:00,000,17,9359,
02/08/2025 09:00:00,000,18,8216,
02/08/2025 10:00:00,000,20,8237,
02/08/2025 11:00:00,000,21,8264,
02/08/2025 12:00:00,000,23,7473,
02/08/2025 13:00:00,000,24,5707,
02/08/2025 14:00:00,000,25,7121,
02/08/2025 15:00:00,000,25,5995,
02/08/2025 16:00:00,000,25,8856,
02/08/2025 17:00:00,000,25,6099,
02/08/2025 18:00:00,000,24,3472,
02/08/2025 19:00:00,000,23,2831,
02/08/2025 20:00:00,000,21,87,
02/08/2025 21:00:00,000,20,6812,
02/08/2025 22:00:00,000,19,0773,
02/08/2025 23:00:00,000,17,3454,
03/08/2025 00:00:00,000,17,0089,
03/08/2025 01:00:00,000,17,0302,
03/08/2025 02:00:00,000,16,7919,
03/08/2025 03:00:00,000,16,3522,
03/08/2025 04:00:00,000,16,882,
03/08/2025 05:00:00,000,16,3567,
03/08/2025 06:00:00,000,17,1405,
03/08/2025 07:00:00,000,17,3492,
03/08/2025 08:00:00,000,17,6769,
03/08/2025 09:00:00,000,18,7395,
03/08/2025 10:00:00,000,19,7381,
03/08/2025 11:00:00,000,20,582,
03/08/2025 12:00:00,000,21,3567,
03/08/2025 13:00:00,000,21,9884,
03/08/2025 14:00:00,000,22,6192,
03/08/2025 15:00:00,000,22,8637,
03/08/2025 16:00:00,000,22,7657,
03/08/2025 17:00:00,000,22,5798,
03/08/2025 18:00:00,000,21,744,
03/08/2025 19:00:00,000,20,8848,
03/08/2025 20:00:00,000,20,0534,
03/08/2025 21:00:00,000,18,8341,
03/08/2025 22:00:00,000,18,668,
03/08/2025 23:00:00,000,17,2281,
04/08/2025 00:00:00,000,16,2262,
04/08/2025 01:00:00,000,16,3326,
04/08/2025 02:00:00,000,15,8836,
04/08/2025 03:00:00,000,15,4447,
04/08/2025 04:00:00,000,15,472,
04/08/2025 05:00:00,000,15,4986,
04/08/2025 06:00:00,000,15,6848,
04/08/2025 07:00:00,000,16,1519,
04/08/2025 08:00:00,000,17,471,
04/08/2025 09:00:00,000,18,3693,
04/08/2025 10:00:00,000,19,0179,
04/08/2025 11:00:00,000,20,7694,
04/08/2025 12:00:00,000,21,3702,
04/08/2025 13:00:00,000,21,8738,
04/08/2025 14:00:00,000,21,7219,
04/08/2025 15:00:00,000,21,2936,
04/08/2025 16:00:00,000,21,208,
04/08/2025 17:00:00,000,20,9927,
04/08/2025 18:00:00,000,19,7071,
04/08/2025 19:00:00,000,18,475,
04/08/2025 20:00:00,000,17,6456,
04/08/2025 21:00:00,000,17,219,
04/08/2025 22:00:00,000,16,8627,
04/08/2025 23:00:00,000,15,9088,
05/08/2025 00:00:00,000,15,2474,
05/08/2025 01:00:00,000,14,7051,
05/08/2025 02:00:00,000,14,3507,
05/08/2025 03:00:00,000,14,1531,
05/08/2025 04:00:00,000,14,2023,
05/08/2025 05:00:00,000,13,971,
05/08/2025 06:00:00,000,14,6863,
05/08/2025 07:00:00,000,16,0422,
05/08/2025 08:00:00,000,18,1906,
05/08/2025 09:00:00,000,19,4441,
05/08/2025 10:00:00,000,21,0068,
05/08/2025 11:00:00,000,22,1798,
05/08/2025 12:00:00,000,23,0644,
05/08/2025 13:00:00,000,24,0679,
05/08/2025 14:00:00,000,24,9195,
05/08/2025 15:00:00,000,25,7802,
05/08/2025 16:00:00,000,25,8037,
05/08/2025 17:00:00,000,25,3774,
05/08/2025 18:00:00,000,25,0399,
05/08/2025 19:00:00,000,23,8141,
05/08/2025 20:00:00,000,22,0713,
05/08/2025 21:00:00,000,21,0302,
05/08/2025 22:00:00,000,20,5105,
05/08/2025 23:00:00,000,20,2403,
06/08/2025 00:00:00,000,19,2709,
06/08/2025 01:00:00,000,18,5435,
06/08/2025 02:00:00,000,17,5494,
06/08/2025 03:00:00,000,17,5628,
06/08/2025 04:00:00,000,16,6177,
06/08/2025 05:00:00,000,15,767,
06/08/2025 06:00:00,000,15,7563,
06/08/2025 07:00:00,000,16,3793,
06/08/2025 08:00:00,000,16,9057,
06/08/2025 09:00:00,000,18,1162,
06/08/2025 10:00:00,000,19,4127,
06/08/2025 11:00:00,000,20,2528,
06/08/2025 12:00:00,000,21,1886,
06/08/2025 13:00:00,000,21,559,
06/08/2025 14:00:00,000,22,2351,
06/08/2025 15:00:00,000,22,6185,
06/08/2025 16:00:00,000,22,7783,
06/08/2025 17:00:00,000,22,1882,
06/08/2025 18:00:00,000,21,4713,
06/08/2025 19:00:00,000,20,2925,
06/08/2025 20:00:00,000,18,1115,
06/08/2025 21:00:00,000,16,562,
06/08/2025 22:00:00,000,14,852,
06/08/2025 23:00:00,000,14,5402,
07/08/2025 00:00:00,000,14,0462,
07/08/2025 01:00:00,000,12,8576,
07/08/2025 02:00:00,000,12,5211,
07/08/2025 03:00:00,000,11,2487,
07/08/2025 04:00:00,000,10,7086,
07/08/2025 05:00:00,000,10,8396,
07/08/2025 06:00:00,000,11,3356,
07/08/2025 07:00:00,000,13,0517,
07/08/2025 08:00:00,000,15,8495,
07/08/2025 09:00:00,000,18,1768,
07/08/2025 10:00:00,000,19,7842,
07/08/2025 11:00:00,000,21,4155,
07/08/2025 12:00:00,000,22,1428,
07/08/2025 13:00:00,000,23,0005,
07/08/2025 14:00:00,000,24,6036,
07/08/2025 15:00:00,000,24,7556,
07/08/2025 16:00:00,000,24,6049,
07/08/2025 17:00:00,000,24,3499,
07/08/2025 18:00:00,000,24,2472,
07/08/2025 19:00:00,000,22,8725,
07/08/2025 20:00:00,000,20,045,
07/08/2025 21:00:00,000,17,6905,
07/08/2025 22:00:00,000,17,2694,
07/08/2025 23:00:00,000,15,6398,
08/08/2025 00:00:00,000,14,7429,
08/08/2025 01:00:00,000,13,3631,
08/08/2025 02:00:00,000,13,1741,
08/08/2025 03:00:00,000,13,167,
08/08/2025 04:00:00,000,12,4963,
08/08/2025 05:00:00,000,11,8471,
08/08/2025 06:00:00,000,12,9188,
08/08/2025 07:00:00,000,15,4768,
08/08/2025 08:00:00,000,17,3067,
08/08/2025 09:00:00,000,20,0563,
08/08/2025 10:00:00,000,22,2855,
08/08/2025 11:00:00,000,24,5633,
08/08/2025 12:00:00,000,25,3646,
08/08/2025 13:00:00,000,26,8618,
08/08/2025 14:00:00,000,28,8578,
08/08/2025 15:00:00,000,29,1725,
08/08/2025 16:00:00,000,29,153,
08/08/2025 17:00:00,000,29,2474,
08/08/2025 18:00:00,000,28,8277,
08/08/2025 19:00:00,000,27,694,
08/08/2025 20:00:00,000,24,9869,
08/08/2025 21:00:00,000,23,2258,
08/08/2025 22:00:00,000,21,151,
08/08/2025 23:00:00,000,20,5195,
09/08/2025 00:00:00,000,19,3447,
09/08/2025 01:00:00,000,18,4672,
09/08/2025 02:00:00,000,17,9797,
09/08/2025 03:00:00,000,17,553,
09/08/2025 04:00:00,000,16,5214,
09/08/2025 05:00:00,000,16,8149,
09/08/2025 06:00:00,000,17,4289,
09/08/2025 07:00:00,000,19,2986,
09/08/2025 08:00:00,000,21,5701,
09/08/2025 09:00:00,000,23,5515,
09/08/2025 10:00:00,000,25,5615,
09/08/2025 11:00:00,000,27,3914,
09/08/2025 12:00:00,000,28,4339,
09/08/2025 13:00:00,000,29,5253,
09/08/2025 14:00:00,000,30,8921,
09/08/2025 15:00:00,000,31,0941,
09/08/2025 16:00:00,000,31,5626,
09/08/2025 17:00:00,000,30,536,
09/08/2025 18:00:00,000,29,6427,
09/08/2025 19:00:00,000,28,8945,
09/08/2025 20:00:00,000,26,4896,
09/08/2025 21:00:00,000,24,4777,
09/08/2025 22:00:00,000,22,7085,
09/08/2025 23:00:00,000,20,9902,
10/08/2025 00:00:00,000,20,0944,
10/08/2025 01:00:00,000,19,7047,
10/08/2025 02:00:00,000,19,543,
10/08/2025 03:00:00,000,18,6123,
10/08/2025 04:00:00,000,18,1121,
10/08/2025 05:00:00,000,18,0534,
10/08/2025 06:00:00,000,18,2071,
10/08/2025 07:00:00,000,20,185,
10/08/2025 08:00:00,000,22,8769,
10/08/2025 09:00:00,000,25,8566,
10/08/2025 10:00:00,000,28,6068,
10/08/2025 11:00:00,000,30,0896,
10/08/2025 12:00:00,000,31,3634,
10/08/2025 13:00:00,000,32,2599,
10/08/2025 14:00:00,000,32,3339,
10/08/2025 15:00:00,000,32,6984,
10/08/2025 16:00:00,000,31,482,
10/08/2025 17:00:00,000,30,2681,
10/08/2025 18:00:00,000,27,5961,
10/08/2025 19:00:00,000,26,4655,
10/08/2025 20:00:00,000,24,6755,
10/08/2025 21:00:00,000,23,7368,
10/08/2025 22:00:00,000,22,3247,
10/08/2025 23:00:00,000,21,3961,
11/08/2025 00:00:00,000,20,6872,
11/08/2025 01:00:00,000,19,563,
11/08/2025 02:00:00,000,18,5539,
11/08/2025 03:00:00,000,18,5974,
11/08/2025 04:00:00,000,17,8567,
11/08/2025 05:00:00,000,17,8319,
11/08/2025 06:00:00,000,18,0343,
11/08/2025 07:00:00,000,18,6719,
11/08/2025 08:00:00,000,20,0165,
11/08/2025 09:00:00,000,21,5673,
11/08/2025 10:00:00,000,22,434,
11/08/2025 11:00:00,000,22,7864,
11/08/2025 12:00:00,000,24,2469,
11/08/2025 13:00:00,000,25,2388,
11/08/2025 14:00:00,000,25,1887,
11/08/2025 15:00:00,000,25,6613,
11/08/2025 16:00:00,000,25,9486,
11/08/2025 17:00:00,000,25,9528,
11/08/2025 18:00:00,000,24,8263,
11/08/2025 19:00:00,000,23,5467,
11/08/2025 20:00:00,000,21,0507,
11/08/2025 21:00:00,000,19,7185,
11/08/2025 22:00:00,000,18,4272,
11/08/2025 23:00:00,000,17,52,
12/08/2025 00:00:00,000,16,0503,
12/08/2025 01:00:00,000,15,1241,
12/08/2025 02:00:00,000,14,1469,
12/08/2025 03:00:00,000,13,8847,
12/08/2025 04:00:00,000,13,914,
12/08/2025 05:00:00,000,13,2644,
12/08/2025 06:00:00,000,13,4797,
12/08/2025 07:00:00,000,15,595,
12/08/2025 08:00:00,000,18,2338,
12/08/2025 09:00:00,000,20,6085,
12/08/2025 10:00:00,000,22,2438,
12/08/2025 11:00:00,000,24,1171,
12/08/2025 12:00:00,000,25,9467,
12/08/2025 13:00:00,000,26,7767,
12/08/2025 14:00:00,000,27,4974,
12/08/2025 15:00:00,000,28,0858,
12/08/2025 16:00:00,000,28,6202,
12/08/2025 17:00:00,000,27,8725,
12/08/2025 18:00:00,000,28,2078,
12/08/2025 19:00:00,000,25,8458,
12/08/2025 20:00:00,000,22,8677,
12/08/2025 21:00:00,000,20,8443,
12/08/2025 22:00:00,000,19,1363,
12/08/2025 23:00:00,000,18,2682,
13/08/2025 00:00:00,000,17,3621,
13/08/2025 01:00:00,000,16,666,
13/08/2025 02:00:00,000,15,4956,
13/08/2025 03:00:00,000,15,2457,
13/08/2025 04:00:00,000,14,9376,
13/08/2025 05:00:00,000,14,7859,
13/08/2025 06:00:00,000,15,7803,
13/08/2025 07:00:00,000,17,844,
13/08/2025 08:00:00,000,20,273,
13/08/2025 09:00:00,000,23,1231,
13/08/2025 10:00:00,000,25,7372,
13/08/2025 11:00:00,000,27,6867,
13/08/2025 12:00:00,000,29,1097,
13/08/2025 13:00:00,000,29,8382,
13/08/2025 14:00:00,000,30,9984,
13/08/2025 15:00:00,000,31,2626,
13/08/2025 16:00:00,000,31,6872,
13/08/2025 17:00:00,000,30,8731,
13/08/2025 18:00:00,000,29,924,
13/08/2025 19:00:00,000,27,9999,
13/08/2025 20:00:00,000,25,9927,
13/08/2025 21:00:00,000,23,1793,
13/08/2025 22:00:00,000,21,5427,
13/08/2025 23:00:00,000,20,3621,
14/08/2025 00:00:00,000,19,0358,
14/08/2025 01:00:00,000,18,2547,
14/08/2025 02:00:00,000,17,4945,
14/08/2025 03:00:00,000,17,3651,
14/08/2025 04:00:00,000,16,9242,
14/08/2025 05:00:00,000,16,4969,
14/08/2025 06:00:00,000,17,0751,
14/08/2025 07:00:00,000,19,677,
14/08/2025 08:00:00,000,22,8057,
14/08/2025 09:00:00,000,24,8826,
14/08/2025 10:00:00,000,27,2065,
14/08/2025 11:00:00,000,29,5801,
14/08/2025 12:00:00,000,30,351,
14/08/2025 13:00:00,000,31,4741,
14/08/2025 14:00:00,000,32,8931,
14/08/2025 15:00:00,000,33,2959,
14/08/2025 16:00:00,000,33,3627,
14/08/2025 17:00:00,000,32,245,
14/08/2025 18:00:00,000,31,7261,
14/08/2025 19:00:00,000,28,4209,
14/08/2025 20:00:00,000,26,6426,
14/08/2025 21:00:00,000,24,3039,
14/08/2025 22:00:00,000,22,9299,
14/08/2025 23:00:00,000,21,9458,
15/08/2025 00:00:00,000,21,5226,
15/08/2025 01:00:00,000,20,6516,
15/08/2025 02:00:00,000,19,5754,
15/08/2025 03:00:00,000,18,4165,
15/08/2025 04:00:00,000,17,758,
15/08/2025 05:00:00,000,17,547,
15/08/2025 06:00:00,000,18,2022,
15/08/2025 07:00:00,000,20,8056,
15/08/2025 08:00:00,000,24,5462,
15/08/2025 09:00:00,000,27,0178,
15/08/2025 10:00:00,000,28,8348,
15/08/2025 11:00:00,000,29,9546,
15/08/2025 12:00:00,000,31,759,
15/08/2025 13:00:00,000,32,6982,
15/08/2025 14:00:00,000,32,8141,
15/08/2025 15:00:00,000,34,2659,
15/08/2025 16:00:00,000,33,8529,
15/08/2025 17:00:00,000,33,7751,
15/08/2025 18:00:00,000,32,2493,
15/08/2025 19:00:00,000,30,142,
15/08/2025 20:00:00,000,27,3166,
15/08/2025 21:00:00,000,24,9312,
15/08/2025 22:00:00,000,23,3571,
15/08/2025 23:00:00,000,22,8376,
16/08/2025 00:00:00,000,21,6766,
16/08/2025 01:00:00,000,20,792,
16/08/2025 02:00:00,000,19,3507,
16/08/2025 03:00:00,000,19,5262,
16/08/2025 04:00:00,000,18,5502,
16/08/2025 05:00:00,000,17,8851,
16/08/2025 06:00:00,000,18,5258,
16/08/2025 07:00:00,000,20,7099,
16/08/2025 08:00:00,000,24,0361,
16/08/2025 09:00:00,000,27,5193,
16/08/2025 10:00:00,000,29,2837,
16/08/2025 11:00:00,000,30,4083,
16/08/2025 12:00:00,000,31,235,
16/08/2025 13:00:00,000,32,8396,
16/08/2025 14:00:00,000,32,1728,
16/08/2025 15:00:00,000,32,9017,
16/08/2025 16:00:00,000,32,2396,
16/08/2025 17:00:00,000,31,1044,
16/08/2025 18:00:00,000,29,5608,
16/08/2025 19:00:00,000,28,9123,
16/08/2025 20:00:00,000,27,4964,
16/08/2025 21:00:00,000,25,623,
16/08/2025 22:00:00,000,24,7012,
16/08/2025 23:00:00,000,23,4716,
17/08/2025 00:00:00,000,22,8766,
17/08/2025 01:00:00,000,22,1364,
17/08/2025 02:00:00,000,22,1975,
17/08/2025 03:00:00,000,22,0221,
17/08/2025 04:00:00,000,21,2987,
17/08/2025 05:00:00,000,21,3149,
17/08/2025 06:00:00,000,20,8667,
17/08/2025 07:00:00,000,21,094,
17/08/2025 08:00:00,000,21,2921,
17/08/2025 09:00:00,000,21,7129,
17/08/2025 10:00:00,000,22,0595,
17/08/2025 11:00:00,000,22,6542,
17/08/2025 12:00:00,000,23,8499,
17/08/2025 13:00:00,000,24,0495,
17/08/2025 14:00:00,000,24,8823,
17/08/2025 15:00:00,000,25,1627,
17/08/2025 16:00:00,000,25,6263,
17/08/2025 17:00:00,000,24,8509,
17/08/2025 18:00:00,000,24,1045,
17/08/2025 19:00:00,000,22,6328,
17/08/2025 20:00:00,000,20,9838,
17/08/2025 21:00:00,000,19,9343,
17/08/2025 22:00:00,000,18,3233,
17/08/2025 23:00:00,000,17,9206,
18/08/2025 00:00:00,000,17,5244,
18/08/2025 01:00:00,000,16,5221,
18/08/2025 02:00:00,000,15,9355,
18/08/2025 03:00:00,000,15,7885,
18/08/2025 04:00:00,000,14,9071,
18/08/2025 05:00:00,000,13,935,
18/08/2025 06:00:00,000,14,9736,
18/08/2025 07:00:00,000,17,0129,
18/08/2025 08:00:00,000,19,0456,
18/08/2025 09:00:00,000,21,3361,
18/08/2025 10:00:00,000,22,358,
18/08/2025 11:00:00,000,23,0454,
18/08/2025 12:00:00,000,23,047,
18/08/2025 13:00:00,000,23,9733,
18/08/2025 14:00:00,000,24,459,
18/08/2025 15:00:00,000,23,9827,
18/08/2025 16:00:00,000,23,5244,
18/08/2025 17:00:00,000,23,0249,
18/08/2025 18:00:00,000,22,0554,
18/08/2025 19:00:00,000,20,1078,
18/08/2025 20:00:00,000,19,0746,
18/08/2025 21:00:00,000,17,6487,
18/08/2025 22:00:00,000,17,0801,
18/08/2025 23:00:00,000,16,5764,
19/08/2025 00:00:00,000,16,0606,
19/08/2025 01:00:00,000,15,7839,
19/08/2025 02:00:00,000,15,1968,
19/08/2025 03:00:00,000,14,0644,
19/08/2025 04:00:00,000,13,2218,
19/08/2025 05:00:00,000,12,8088,
19/08/2025 06:00:00,000,12,7332,
19/08/2025 07:00:00,000,14,6902,
19/08/2025 08:00:00,000,16,8664,
19/08/2025 09:00:00,000,19,0452,
19/08/2025 10:00:00,000,20,533,
19/08/2025 11:00:00,000,21,371,
19/08/2025 12:00:00,000,23,2096,
19/08/2025 13:00:00,000,23,9131,
19/08/2025 14:00:00,000,25,2363,
19/08/2025 15:00:00,000,25,3722,
19/08/2025 16:00:00,000,25,9857,
19/08/2025 17:00:00,000,26,0922,
19/08/2025 18:00:00,000,25,0294,
19/08/2025 19:00:00,000,23,8198,
19/08/2025 20:00:00,000,21,2509,
19/08/2025 21:00:00,000,18,5056,
19/08/2025 22:00:00,000,17,336,
19/08/2025 23:00:00,000,16,3473,
20/08/2025 00:00:00,000,15,759,
20/08/2025 01:00:00,000,14,6508,
20/08/2025 02:00:00,000,14,0578,
20/08/2025 03:00:00,000,13,9041,
20/08/2025 04:00:00,000,13,725,
20/08/2025 05:00:00,000,13,1396,
20/08/2025 06:00:00,000,13,8925,
20/08/2025 07:00:00,000,15,9974,
20/08/2025 08:00:00,000,18,97,
20/08/2025 09:00:00,000,20,8499,
20/08/2025 10:00:00,000,22,6113,
20/08/2025 11:00:00,000,24,3006,
20/08/2025 12:00:00,000,25,7417,
20/08/2025 13:00:00,000,27,3127,
20/08/2025 14:00:00,000,28,1595,
20/08/2025 15:00:00,000,28,0459,
20/08/2025 16:00:00,000,28,8981,
20/08/2025 17:00:00,000,28,8071,
20/08/2025 18:00:00,000,27,49,
20/08/2025 19:00:00,000,25,936,
20/08/2025 20:00:00,000,23,709,
20/08/2025 21:00:00,000,21,6693,
20/08/2025 22:00:00,000,20,4866,
20/08/2025 23:00:00,000,19,0578,
21/08/2025 00:00:00,000,18,0671,
21/08/2025 01:00:00,000,18,098,
21/08/2025 02:00:00,000,17,3524,
21/08/2025 03:00:00,000,17,2903,
21/08/2025 04:00:00,000,17,4639,
21/08/2025 05:00:00,000,17,2851,
21/08/2025 06:00:00,000,17,6383,
21/08/2025 07:00:00,000,17,7175,
21/08/2025 08:00:00,000,18,0891,
21/08/2025 09:00:00,000,19,013,
21/08/2025 10:00:00,000,20,484,
21/08/2025 11:00:00,000,20,2963,
21/08/2025 12:00:00,000,20,6984,
21/08/2025 13:00:00,000,20,4462,
21/08/2025 14:00:00,000,20,4418,
21/08/2025 15:00:00,000,20,8905,
21/08/2025 16:00:00,000,20,6732,
21/08/2025 17:00:00,000,20,449,
21/08/2025 18:00:00,000,20,0762,
21/08/2025 19:00:00,000,19,7557,
21/08/2025 20:00:00,000,18,27,
21/08/2025 21:00:00,000,18,1229,
21/08/2025 22:00:00,000,17,9333,
21/08/2025 23:00:00,000,17,4758,
22/08/2025 00:00:00,000,17,6737,
22/08/2025 01:00:00,000,17,2312,
22/08/2025 02:00:00,000,17,3328,
22/08/2025 03:00:00,000,17,0539,
22/08/2025 04:00:00,000,17,2646,
22/08/2025 05:00:00,000,16,9735,
22/08/2025 06:00:00,000,16,9777,
22/08/2025 07:00:00,000,17,4112,
22/08/2025 08:00:00,000,17,8423,
22/08/2025 09:00:00,000,18,5623,
22/08/2025 10:00:00,000,19,0259,
22/08/2025 11:00:00,000,18,9853,
22/08/2025 12:00:00,000,19,2442,
22/08/2025 13:00:00,000,20,069,
22/08/2025 14:00:00,000,20,7768,
22/08/2025 15:00:00,000,21,0816,
22/08/2025 16:00:00,000,21,3253,
22/08/2025 17:00:00,000,21,5031,
22/08/2025 18:00:00,000,20,4102,
22/08/2025 19:00:00,000,19,6829,
22/08/2025 20:00:00,000,17,5238,
22/08/2025 21:00:00,000,16,5574,
22/08/2025 22:00:00,000,15,5612,
22/08/2025 23:00:00,000,14,9152,
23/08/2025 00:00:00,000,14,4175,
23/08/2025 01:00:00,000,13,5873,
23/08/2025 02:00:00,000,13,2903,
23/08/2025 03:00:00,000,12,557,
23/08/2025 04:00:00,000,12,0971,
23/08/2025 05:00:00,000,11,1887,
23/08/2025 06:00:00,000,11,6812,
23/08/2025 07:00:00,000,12,9094,
23/08/2025 08:00:00,000,14,5753,
23/08/2025 09:00:00,000,15,9465,
23/08/2025 10:00:00,000,17,1797,
23/08/2025 11:00:00,000,17,8736,
23/08/2025 12:00:00,000,18,5009,
23/08/2025 13:00:00,000,18,9239,
23/08/2025 14:00:00,000,19,1616,
23/08/2025 15:00:00,000,18,9274,
23/08/2025 16:00:00,000,19,3626,
23/08/2025 17:00:00,000,18,362,
23/08/2025 18:00:00,000,17,3985,
23/08/2025 19:00:00,000,16,0302,
23/08/2025 20:00:00,000,15,3676,
23/08/2025 21:00:00,000,14,5709,
23/08/2025 22:00:00,000,14,3535,
23/08/2025 23:00:00,000,13,3825,
24/08/2025 00:00:00,000,12,1208,
24/08/2025 01:00:00,000,11,5018,
24/08/2025 02:00:00,000,11,073,
24/08/2025 03:00:00,000,10,7186,
24/08/2025 04:00:00,000,10,1944,
24/08/2025 05:00:00,000,9,5028,
24/08/2025 06:00:00,000,9,6073,
24/08/2025 07:00:00,000,10,6705,
24/08/2025 08:00:00,000,12,5429,
24/08/2025 09:00:00,000,14,0017,
24/08/2025 10:00:00,000,15,3089,
24/08/2025 11:00:00,000,16,3648,
24/08/2025 12:00:00,000,17,061,
24/08/2025 13:00:00,000,18,1518,
24/08/2025 14:00:00,000,19,7457,
24/08/2025 15:00:00,000,20,0983,
24/08/2025 16:00:00,000,19,8592,
24/08/2025 17:00:00,000,19,276,
24/08/2025 18:00:00,000,18,8363,
24/08/2025 19:00:00,000,17,1632,
24/08/2025 20:00:00,000,15,0065,
24/08/2025 21:00:00,000,13,9069,
24/08/2025 22:00:00,000,12,0984,
24/08/2025 23:00:00,000,11,1308,
25/08/2025 00:00:00,000,10,4225,
25/08/2025 01:00:00,000,10,2753,
25/08/2025 02:00:00,000,10,2886,
25/08/2025 03:00:00,000,10,4442,
25/08/2025 04:00:00,000,10,1468,
25/08/2025 05:00:00,000,10,3366,
25/08/2025 06:00:00,000,10,0416,
25/08/2025 07:00:00,000,10,8439,
25/08/2025 08:00:00,000,12,8818,
25/08/2025 09:00:00,000,14,8698,
25/08/2025 10:00:00,000,16,6674,
25/08/2025 11:00:00,000,18,705,
25/08/2025 12:00:00,000,19,7924,
25/08/2025 13:00:00,000,19,749,
25/08/2025 14:00:00,000,20,8373,
25/08/2025 15:00:00,000,21,5752,
25/08/2025 16:00:00,000,21,3041,
25/08/2025 17:00:00,000,21,1664,
25/08/2025 18:00:00,000,21,0755,
25/08/2025 19:00:00,000,18,3632,
25/08/2025 20:00:00,000,15,3372,
25/08/2025 21:00:00,000,14,0651,
25/08/2025 22:00:00,000,12,4304,
25/08/2025 23:00:00,000,11,7175,
26/08/2025 00:00:00,000,11,2108,
26/08/2025 01:00:00,000,10,5347,
26/08/2025 02:00:00,000,9,6304,
26/08/2025 03:00:00,000,9,5533,
26/08/2025 04:00:00,000,9,2242,
26/08/2025 05:00:00,000,8,8019,
26/08/2025 06:00:00,000,8,8878,
26/08/2025 07:00:00,000,10,9268,
26/08/2025 08:00:00,000,13,532,
26/08/2025 09:00:00,000,15,5889,
26/08/2025 10:00:00,000,18,3187,
26/08/2025 11:00:00,000,20,5886,
26/08/2025 12:00:00,000,22,571,
26/08/2025 13:00:00,000,23,9904,
26/08/2025 14:00:00,000,24,6145,
26/08/2025 15:00:00,000,25,1809,
26/08/2025 16:00:00,000,25,1339,
26/08/2025 17:00:00,000,24,9929,
26/08/2025 18:00:00,000,23,473,
26/08/2025 19:00:00,000,20,9471,
26/08/2025 20:00:00,000,18,9733,
26/08/2025 21:00:00,000,16,5569,
26/08/2025 22:00:00,000,14,731,
26/08/2025 23:00:00,000,13,9871,
27/08/2025 00:00:00,000,12,7737,
27/08/2025 01:00:00,000,12,5597,
27/08/2025 02:00:00,000,11,6011,
27/08/2025 03:00:00,000,11,4586,
27/08/2025 04:00:00,000,11,4972,
27/08/2025 05:00:00,000,10,9228,
27/08/2025 06:00:00,000,11,3654,
27/08/2025 07:00:00,000,13,7181,
27/08/2025 08:00:00,000,16,0795,
27/08/2025 09:00:00,000,18,9591,
27/08/2025 10:00:00,000,20,3491,
27/08/2025 11:00:00,000,22,8833,
27/08/2025 12:00:00,000,24,6342,
27/08/2025 13:00:00,000,25,5577,
27/08/2025 14:00:00,000,26,5058,
27/08/2025 15:00:00,000,26,239,
27/08/2025 16:00:00,000,26,3169,
27/08/2025 17:00:00,000,26,0238,
27/08/2025 18:00:00,000,25,1831,
27/08/2025 19:00:00,000,22,6989,
27/08/2025 20:00:00,000,20,8776,
27/08/2025 21:00:00,000,19,5508,
27/08/2025 22:00:00,000,18,2996,
27/08/2025 23:00:00,000,17,0747,
28/08/2025 00:00:00,000,16,4243,
28/08/2025 01:00:00,000,15,9485,
28/08/2025 02:00:00,000,15,7476,
28/08/2025 03:00:00,000,14,905,
28/08/2025 04:00:00,000,14,8089,
28/08/2025 05:00:00,000,14,6579,
28/08/2025 06:00:00,000,15,1499,
28/08/2025 07:00:00,000,16,9033,
28/08/2025 08:00:00,000,19,5479,
28/08/2025 09:00:00,000,23,1641,
28/08/2025 10:00:00,000,25,5913,
28/08/2025 11:00:00,000,27,4281,
28/08/2025 12:00:00,000,27,8234,
28/08/2025 13:00:00,000,29,2924,
28/08/2025 14:00:00,000,29,3065,
28/08/2025 15:00:00,000,30,4984,
28/08/2025 16:00:00,000,30,2603,
28/08/2025 17:00:00,000,29,2502,
28/08/2025 18:00:00,000,28,6146,
28/08/2025 19:00:00,000,26,2896,
28/08/2025 20:00:00,000,25,7126,
28/08/2025 21:00:00,000,24,0012,
28/08/2025 22:00:00,000,23,4253,
28/08/2025 23:00:00,000,22,018,
29/08/2025 00:00:00,000,21,9192,
29/08/2025 01:00:00,000,20,3127,
29/08/2025 02:00:00,000,19,2671,
29/08/2025 03:00:00,000,18,2896,
29/08/2025 04:00:00,000,18,0131,
29/08/2025 05:00:00,000,17,7868,
29/08/2025 06:00:00,000,17,9135,
29/08/2025 07:00:00,000,18,9249,
29/08/2025 08:00:00,000,21,092,
29/08/2025 09:00:00,000,22,7105,
29/08/2025 10:00:00,000,24,4903,
29/08/2025 11:00:00,000,25,4899,
29/08/2025 12:00:00,000,27,9189,
29/08/2025 13:00:00,000,29,1892,
29/08/2025 14:00:00,000,29,6342,
29/08/2025 15:00:00,000,30,4649,
29/08/2025 16:00:00,000,30,8543,
29/08/2025 17:00:00,000,29,501,
29/08/2025 18:00:00,000,27,7186,
29/08/2025 19:00:00,000,25,5683,
29/08/2025 20:00:00,000,23,8128,
29/08/2025 21:00:00,000,21,5486,
29/08/2025 22:00:00,000,20,6268,
29/08/2025 23:00:00,000,19,4231,
30/08/2025 00:00:00,000,18,8516,
30/08/2025 01:00:00,000,18,8626,
30/08/2025 02:00:00,000,18,369,
30/08/2025 03:00:00,000,17,1962,
30/08/2025 04:00:00,000,16,65,
30/08/2025 05:00:00,000,16,409,
30/08/2025 06:00:00,000,16,5001,
30/08/2025 07:00:00,000,17,2102,
30/08/2025 08:00:00,000,19,0212,
30/08/2025 09:00:00,000,20,3834,
30/08/2025 10:00:00,000,21,9459,
30/08/2025 11:00:00,000,22,9925,
30/08/2025 12:00:00,000,23,9616,
30/08/2025 13:00:00,000,24,3521,
30/08/2025 14:00:00,000,24,1693,
30/08/2025 15:00:00,000,24,6117,
30/08/2025 16:00:00,000,23,8097,
30/08/2025 17:00:00,000,23,1297,
30/08/2025 18:00:00,000,22,1953,
30/08/2025 19:00:00,000,20,5845,
30/08/2025 20:00:00,000,19,979,
30/08/2025 21:00:00,000,19,6016,
30/08/2025 22:00:00,000,19,6629,
30/08/2025 23:00:00,000,18,8291,
31/08/2025 00:00:00,000,19,2036,
31/08/2025 01:00:00,000,18,5994,
31/08/2025 02:00:00,000,18,0007,
31/08/2025 03:00:00,000,17,5836,
31/08/2025 04:00:00,000,17,0922,
31/08/2025 05:00:00,000,17,2057,
31/08/2025 06:00:00,000,16,9749,
31/08/2025 07:00:00,000,17,5426,
31/08/2025 08:00:00,000,17,8822,
31/08/2025 09:00:00,000,18,4262,
31/08/2025 10:00:00,000,18,9407,
31/08/2025 11:00:00,000,19,3267,
31/08/2025 12:00:00,000,20,6334,
31/08/2025 13:00:00,000,20,9688,
31/08/2025 14:00:00,000,21,3537,
31/08/2025 15:00:00,000,22,0242,
31/08/2025 16:00:00,000,21,6237,
31/08/2025 17:00:00,000,21,605,
31/08/2025 18:00:00,000,20,6161,
31/08/2025 19:00:00,000,20,2201,
31/08/2025 20:00:00,000,19,1249,
31/08/2025 21:00:00,000,18,633,
31/08/2025 22:00:00,000,18,2091,
31/08/2025 23:00:00,000,18,2548,
01/09/2025 00:00:00,000,17,1197,
01/09/2025 01:00:00,000,16,5578,
01/09/2025 02:00:00,000,16,3294,
01/09/2025 03:00:00,000,15,9962,
01/09/2025 04:00:00,000,15,5713,
01/09/2025 05:00:00,000,15,3331,
01/09/2025 06:00:00,000,15,0381,
01/09/2025 07:00:00,000,16,1911,
01/09/2025 08:00:00,000,18,3745,
01/09/2025 09:00:00,000,20,0086,
01/09/2025 10:00:00,000,21,3381,
01/09/2025 11:00:00,000,23,0964,
01/09/2025 12:00:00,000,24,2979,
01/09/2025 13:00:00,000,25,2943,
01/09/2025 14:00:00,000,26,7871,
01/09/2025 15:00:00,000,27,0658,
01/09/2025 16:00:00,000,27,5063,
01/09/2025 17:00:00,000,27,053,
01/09/2025 18:00:00,000,25,7977,
01/09/2025 19:00:00,000,23,2651,
01/09/2025 20:00:00,000,20,8808,
01/09/2025 21:00:00,000,19,9671,
01/09/2025 22:00:00,000,19,0177,
01/09/2025 23:00:00,000,18,167,
02/09/2025 00:00:00,000,17,8115,
02/09/2025 01:00:00,000,16,6921,
02/09/2025 02:00:00,000,16,1233,
02/09/2025 03:00:00,000,16,045,
02/09/2025 04:00:00,000,15,4226,
02/09/2025 05:00:00,000,15,6483,
02/09/2025 06:00:00,000,16,0627,
02/09/2025 07:00:00,000,17,0766,
02/09/2025 08:00:00,000,18,7561,
02/09/2025 09:00:00,000,21,0275,
02/09/2025 10:00:00,000,22,6888,
02/09/2025 11:00:00,000,23,6219,
02/09/2025 12:00:00,000,25,1323,
02/09/2025 13:00:00,000,25,8069,
02/09/2025 14:00:00,000,25,7452,
02/09/2025 15:00:00,000,25,6692,
02/09/2025 16:00:00,000,26,3676,
02/09/2025 17:00:00,000,25,7789,
02/09/2025 18:00:00,000,24,2206,
02/09/2025 19:00:00,000,22,415,
02/09/2025 20:00:00,000,20,999,
02/09/2025 21:00:00,000,19,5167,
02/09/2025 22:00:00,000,19,2667,
02/09/2025 23:00:00,000,18,5315,
03/09/2025 00:00:00,000,18,5271,
03/09/2025 01:00:00,000,18,6776,
03/09/2025 02:00:00,000,18,6939,
03/09/2025 03:00:00,000,18,2958,
03/09/2025 04:00:00,000,18,7315,
03/09/2025 05:00:00,000,18,1696,
03/09/2025 06:00:00,000,17,8306,
03/09/2025 07:00:00,000,18,5307,
03/09/2025 08:00:00,000,19,5728,
03/09/2025 09:00:00,000,20,8784,
03/09/2025 10:00:00,000,22,3672,
03/09/2025 11:00:00,000,23,1331,
03/09/2025 12:00:00,000,24,0367,
03/09/2025 13:00:00,000,24,7967,
03/09/2025 14:00:00,000,25,7966,
03/09/2025 15:00:00,000,25,8065,
03/09/2025 16:00:00,000,25,9503,
03/09/2025 17:00:00,000,25,7157,
03/09/2025 18:00:00,000,24,0837,
03/09/2025 19:00:00,000,23,071,
03/09/2025 20:00:00,000,20,5186,
03/09/2025 21:00:00,000,19,4444,
03/09/2025 22:00:00,000,19,1146,
03/09/2025 23:00:00,000,18,2825,
04/09/2025 00:00:00,000,17,6636,
04/09/2025 01:00:00,000,16,7276,
04/09/2025 02:00:00,000,15,8074,
04/09/2025 03:00:00,000,15,7685,
04/09/2025 04:00:00,000,15,3782,
04/09/2025 05:00:00,000,15,4272,
04/09/2025 06:00:00,000,15,3836,
04/09/2025 07:00:00,000,16,3973,
04/09/2025 08:00:00,000,18,4247,
04/09/2025 09:00:00,000,20,3469,
04/09/2025 10:00:00,000,22,548,
04/09/2025 11:00:00,000,24,2689,
04/09/2025 12:00:00,000,25,449,
04/09/2025 13:00:00,000,25,8109,
04/09/2025 14:00:00,000,26,5972,
04/09/2025 15:00:00,000,27,5293,
04/09/2025 16:00:00,000,27,5724,
04/09/2025 17:00:00,000,26,4861,
04/09/2025 18:00:00,000,25,9491,
04/09/2025 19:00:00,000,23,8793,
04/09/2025 20:00:00,000,21,5972,
04/09/2025 21:00:00,000,19,5755,
04/09/2025 22:00:00,000,18,5224,
04/09/2025 23:00:00,000,18,2607,
05/09/2025 00:00:00,000,18,285,
05/09/2025 01:00:00,000,17,74,
05/09/2025 02:00:00,000,16,8498,
05/09/2025 03:00:00,000,16,9298,
05/09/2025 04:00:00,000,16,8548,
05/09/2025 05:00:00,000,17,019,
05/09/2025 06:00:00,000,18,183,
05/09/2025 07:00:00,000,19,4731,
05/09/2025 08:00:00,000,20,8769,
05/09/2025 09:00:00,000,21,4412,
05/09/2025 10:00:00,000,23,2728,
05/09/2025 11:00:00,000,24,3234,
05/09/2025 12:00:00,000,25,5421,
05/09/2025 13:00:00,000,26,6778,
05/09/2025 14:00:00,000,26,9438,
05/09/2025 15:00:00,000,27,1391,
05/09/2025 16:00:00,000,27,4642,
05/09/2025 17:00:00,000,26,3848,
05/09/2025 18:00:00,000,25,0252,
05/09/2025 19:00:00,000,22,9699,
05/09/2025 20:00:00,000,21,313,
05/09/2025 21:00:00,000,19,8371,
05/09/2025 22:00:00,000,19,011,
05/09/2025 23:00:00,000,18,0609,
06/09/2025 00:00:00,000,17,6448,
06/09/2025 01:00:00,000,17,7212,
06/09/2025 02:00:00,000,17,33,
06/09/2025 03:00:00,000,17,4612,
06/09/2025 04:00:00,000,16,8485,
06/09/2025 05:00:00,000,16,0917,
06/09/2025 06:00:00,000,16,2088,
06/09/2025 07:00:00,000,17,1609,
06/09/2025 08:00:00,000,17,5662,
06/09/2025 09:00:00,000,18,3015,
06/09/2025 10:00:00,000,19,4851,
06/09/2025 11:00:00,000,20,6591,
06/09/2025 12:00:00,000,21,1415,
06/09/2025 13:00:00,000,22,197,
06/09/2025 14:00:00,000,22,9935,
06/09/2025 15:00:00,000,22,7245,
06/09/2025 16:00:00,000,21,8108,
06/09/2025 17:00:00,000,21,1972,
06/09/2025 18:00:00,000,20,741,
06/09/2025 19:00:00,000,18,9454,
06/09/2025 20:00:00,000,17,7158,
06/09/2025 21:00:00,000,16,9416,
06/09/2025 22:00:00,000,16,6798,
06/09/2025 23:00:00,000,16,1811,
07/09/2025 00:00:00,000,15,8524,
07/09/2025 01:00:00,000,14,7339,
07/09/2025 02:00:00,000,14,3153,
07/09/2025 03:00:00,000,14,6443,
07/09/2025 04:00:00,000,14,3693,
07/09/2025 05:00:00,000,13,9884,
07/09/2025 06:00:00,000,14,1541,
07/09/2025 07:00:00,000,15,0911,
07/09/2025 08:00:00,000,17,1828,
07/09/2025 09:00:00,000,18,4458,
07/09/2025 10:00:00,000,19,2807,
07/09/2025 11:00:00,000,20,8715,
07/09/2025 12:00:00,000,21,4939,
07/09/2025 13:00:00,000,22,7843,
07/09/2025 14:00:00,000,23,7101,
07/09/2025 15:00:00,000,23,6111,
07/09/2025 16:00:00,000,23,5759,
07/09/2025 17:00:00,000,23,2366,
07/09/2025 18:00:00,000,21,3642,
07/09/2025 19:00:00,000,20,0501,
07/09/2025 20:00:00,000,18,1941,
07/09/2025 21:00:00,000,17,418,
07/09/2025 22:00:00,000,17,0005,
07/09/2025 23:00:00,000,16,047,
08/09/2025 00:00:00,000,15,1708,
08/09/2025 01:00:00,000,15,0583,
08/09/2025 02:00:00,000,14,8371,
08/09/2025 03:00:00,000,14,4,
08/09/2025 04:00:00,000,14,1908,
08/09/2025 05:00:00,000,14,0065,
08/09/2025 06:00:00,000,13,8375,
08/09/2025 07:00:00,000,14,9813,
08/09/2025 08:00:00,000,16,9745,
08/09/2025 09:00:00,000,18,7174,
08/09/2025 10:00:00,000,21,1976,
08/09/2025 11:00:00,000,22,3456,
08/09/2025 12:00:00,000,22,8003,
08/09/2025 13:00:00,000,22,4483,
08/09/2025 14:00:00,000,21,6843,
08/09/2025 15:00:00,000,22,0203,
08/09/2025 16:00:00,000,22,494,
08/09/2025 17:00:00,000,22,0072,
08/09/2025 18:00:00,000,21,0906,
08/09/2025 19:00:00,000,19,6896,
08/09/2025 20:00:00,000,18,4072,
08/09/2025 21:00:00,000,16,9184,
08/09/2025 22:00:00,000,16,0381,
08/09/2025 23:00:00,000,15,3178,
09/09/2025 00:00:00,000,14,6492,
09/09/2025 01:00:00,000,14,4628,
09/09/2025 02:00:00,000,13,9381,
09/09/2025 03:00:00,000,12,8416,
09/09/2025 04:00:00,000,12,6967,
09/09/2025 05:00:00,000,12,2772,
09/09/2025 06:00:00,000,12,4175,
09/09/2025 07:00:00,000,13,1248,
09/09/2025 08:00:00,000,15,4601,
09/09/2025 09:00:00,000,17,689,
09/09/2025 10:00:00,000,18,9941,
09/09/2025 11:00:00,000,20,1614,
09/09/2025 12:00:00,000,21,9198,
09/09/2025 13:00:00,000,22,7762,
09/09/2025 14:00:00,000,23,1484,
09/09/2025 15:00:00,000,23,9447,
09/09/2025 16:00:00,000,23,8702,
09/09/2025 17:00:00,000,23,9709,
09/09/2025 18:00:00,000,22,3797,
09/09/2025 19:00:00,000,20,4529,
09/09/2025 20:00:00,000,18,9351,
09/09/2025 21:00:00,000,18,783,
09/09/2025 22:00:00,000,17,8599,
09/09/2025 23:00:00,000,17,1246,
10/09/2025 00:00:00,000,17,056,
10/09/2025 01:00:00,000,16,9426,
10/09/2025 02:00:00,000,16,7592,
10/09/2025 03:00:00,000,16,2519,
10/09/2025 04:00:00,000,15,6181,
10/09/2025 05:00:00,000,14,7904,
10/09/2025 06:00:00,000,15,4298,
10/09/2025 07:00:00,000,15,9963,
10/09/2025 08:00:00,000,17,2966,
10/09/2025 09:00:00,000,18,2665,
10/09/2025 10:00:00,000,19,145,
10/09/2025 11:00:00,000,20,3419,
10/09/2025 12:00:00,000,21,4779,
10/09/2025 13:00:00,000,22,2821,
10/09/2025 14:00:00,000,21,9489,
10/09/2025 15:00:00,000,21,4307,
10/09/2025 16:00:00,000,20,475,
10/09/2025 17:00:00,000,19,8368,
10/09/2025 18:00:00,000,19,8465,
10/09/2025 19:00:00,000,19,1272,
10/09/2025 20:00:00,000,18,866,
10/09/2025 21:00:00,000,18,8927,
10/09/2025 22:00:00,000,18,5943,
10/09/2025 23:00:00,000,18,3216,
11/09/2025 00:00:00,000,18,5042,
11/09/2025 01:00:00,000,18,0663,
11/09/2025 02:00:00,000,17,472,
11/09/2025 03:00:00,000,16,9942,
11/09/2025 04:00:00,000,17,5496,
11/09/2025 05:00:00,000,17,2851,
11/09/2025 06:00:00,000,16,7576,
11/09/2025 07:00:00,000,16,6974,
11/09/2025 08:00:00,000,17,6172,
11/09/2025 09:00:00,000,18,1798,
11/09/2025 10:00:00,000,18,9325,
11/09/2025 11:00:00,000,19,8294,
11/09/2025 12:00:00,000,20,8365,
11/09/2025 13:00:00,000,21,4536,
11/09/2025 14:00:00,000,21,763,
11/09/2025 15:00:00,000,22,0643,
11/09/2025 16:00:00,000,22,1757,
11/09/2025 17:00:00,000,21,9531,
11/09/2025 18:00:00,000,20,9239,
11/09/2025 19:00:00,000,19,4716,
11/09/2025 20:00:00,000,18,5984,
11/09/2025 21:00:00,000,17,1834,
11/09/2025 22:00:00,000,16,9575,
11/09/2025 23:00:00,000,16,3863,
12/09/2025 00:00:00,000,15,8214,
12/09/2025 01:00:00,000,15,1964,
12/09/2025 02:00:00,000,14,5986,
12/09/2025 03:00:00,000,14,5199,
12/09/2025 04:00:00,000,14,6674,
12/09/2025 05:00:00,000,14,6164,
12/09/2025 06:00:00,000,14,2509,
12/09/2025 07:00:00,000,15,0778,
12/09/2025 08:00:00,000,16,3439,
12/09/2025 09:00:00,000,17,7897,
12/09/2025 10:00:00,000,19,1087,
12/09/2025 11:00:00,000,20,2094,
12/09/2025 12:00:00,000,21,5659,
12/09/2025 13:00:00,000,22,2724,
12/09/2025 14:00:00,000,23,1601,
12/09/2025 15:00:00,000,22,8643,
12/09/2025 16:00:00,000,21,343,
12/09/2025 17:00:00,000,21,105,
12/09/2025 18:00:00,000,20,1994,
12/09/2025 19:00:00,000,18,7509,
12/09/2025 20:00:00,000,17,3844,
12/09/2025 21:00:00,000,17,3911,
12/09/2025 22:00:00,000,16,8448,
12/09/2025 23:00:00,000,16,0624,
13/09/2025 00:00:00,000,16,1775,
13/09/2025 01:00:00,000,15,8773,
13/09/2025 02:00:00,000,15,6449,
13/09/2025 03:00:00,000,15,2447,
13/09/2025 04:00:00,000,14,958,
13/09/2025 05:00:00,000,14,5802,
13/09/2025 06:00:00,000,14,879,
13/09/2025 07:00:00,000,15,4917,
13/09/2025 08:00:00,000,16,2045,
13/09/2025 09:00:00,000,18,0689,
13/09/2025 10:00:00,000,18,9413,
13/09/2025 11:00:00,000,20,7585,
13/09/2025 12:00:00,000,21,5072,
13/09/2025 13:00:00,000,22,658,
13/09/2025 14:00:00,000,22,9704,
13/09/2025 15:00:00,000,23,3561,
13/09/2025 16:00:00,000,23,8592,
13/09/2025 17:00:00,000,23,0623,
13/09/2025 18:00:00,000,21,9645,
13/09/2025 19:00:00,000,20,3461,
13/09/2025 20:00:00,000,18,8072,
13/09/2025 21:00:00,000,17,8135,
13/09/2025 22:00:00,000,17,7193,
13/09/2025 23:00:00,000,17,5945,
14/09/2025 00:00:00,000,16,885,
14/09/2025 01:00:00,000,16,9896,
14/09/2025 02:00:00,000,16,8712,
14/09/2025 03:00:00,000,16,9572,
14/09/2025 04:00:00,000,16,8192,
14/09/2025 05:00:00,000,16,7278,
14/09/2025 06:00:00,000,17,3954,
14/09/2025 07:00:00,000,17,0367,
14/09/2025 08:00:00,000,17,4854,
14/09/2025 09:00:00,000,17,5631,
14/09/2025 10:00:00,000,18,1118,
14/09/2025 11:00:00,000,17,9461,
14/09/2025 12:00:00,000,18,078,
14/09/2025 13:00:00,000,18,4115,
14/09/2025 14:00:00,000,19,1714,
14/09/2025 15:00:00,000,18,7898,
14/09/2025 16:00:00,000,18,5767,
14/09/2025 17:00:00,000,18,2989,
14/09/2025 18:00:00,000,17,2926,
14/09/2025 19:00:00,000,17,2021,
14/09/2025 20:00:00,000,16,7517,
14/09/2025 21:00:00,000,15,674,
14/09/2025 22:00:00,000,15,357,
14/09/2025 23:00:00,000,14,155,
15/09/2025 00:00:00,000,13,5962,
15/09/2025 01:00:00,000,13,4539,
15/09/2025 02:00:00,000,12,5152,
15/09/2025 03:00:00,000,11,5657,
15/09/2025 04:00:00,000,11,6844,
15/09/2025 05:00:00,000,11,7534,
15/09/2025 06:00:00,000,11,8281,
15/09/2025 07:00:00,000,12,2303,
15/09/2025 08:00:00,000,13,6404,
15/09/2025 09:00:00,000,15,4879,
15/09/2025 10:00:00,000,16,9156,
15/09/2025 11:00:00,000,18,7658,
15/09/2025 12:00:00,000,20,2636,
15/09/2025 13:00:00,000,21,7195,
15/09/2025 14:00:00,000,22,2657,
15/09/2025 15:00:00,000,23,3111,
15/09/2025 16:00:00,000,23,5418,
15/09/2025 17:00:00,000,22,9156,
15/09/2025 18:00:00,000,21,6991,
15/09/2025 19:00:00,000,19,85,
15/09/2025 20:00:00,000,18,8209,
15/09/2025 21:00:00,000,18,147,
15/09/2025 22:00:00,000,17,9555,
15/09/2025 23:00:00,000,18,1771,
16/09/2025 00:00:00,000,17,3689,
16/09/2025 01:00:00,000,16,9407,
16/09/2025 02:00:00,000,15,6476,
16/09/2025 03:00:00,000,15,7515,
16/09/2025 04:00:00,000,16,8885,
16/09/2025 05:00:00,000,17,657,
16/09/2025 06:00:00,000,17,2802,
16/09/2025 07:00:00,000,17,1707,
16/09/2025 08:00:00,000,16,8162,
16/09/2025 09:00:00,000,16,9334,
16/09/2025 10:00:00,000,17,1799,
16/09/2025 11:00:00,000,17,2107,
16/09/2025 12:00:00,000,17,5468,
16/09/2025 13:00:00,000,17,3312,
16/09/2025 14:00:00,000,17,4011,
16/09/2025 15:00:00,000,18,1075,
16/09/2025 16:00:00,000,17,8538,
16/09/2025 17:00:00,000,18,0759,
16/09/2025 18:00:00,000,17,3011,
16/09/2025 19:00:00,000,15,8207,
16/09/2025 20:00:00,000,15,5009,
16/09/2025 21:00:00,000,14,8669,
16/09/2025 22:00:00,000,14,1887,
16/09/2025 23:00:00,000,13,5403,
17/09/2025 00:00:00,000,12,4928,
17/09/2025 01:00:00,000,11,8951,
17/09/2025 02:00:00,000,11,7897,
17/09/2025 03:00:00,000,11,4169,
17/09/2025 04:00:00,000,11,1785,
17/09/2025 05:00:00,000,11,1494,
17/09/2025 06:00:00,000,10,6611,
17/09/2025 07:00:00,000,11,1101,
17/09/2025 08:00:00,000,13,0612,
17/09/2025 09:00:00,000,14,5409,
17/09/2025 10:00:00,000,16,4934,
17/09/2025 11:00:00,000,17,2299,
17/09/2025 12:00:00,000,17,7292,
17/09/2025 13:00:00,000,17,5972,
17/09/2025 14:00:00,000,17,7299,
17/09/2025 15:00:00,000,18,0005,
17/09/2025 16:00:00,000,18,2272,
17/09/2025 17:00:00,000,18,1235,
17/09/2025 18:00:00,000,17,0923,
17/09/2025 19:00:00,000,15,5518,
17/09/2025 20:00:00,000,13,9389,
17/09/2025 21:00:00,000,13,1669,
17/09/2025 22:00:00,000,13,0673,
17/09/2025 23:00:00,000,12,3676,
18/09/2025 00:00:00,000,11,7398,
18/09/2025 01:00:00,000,11,3905,
18/09/2025 02:00:00,000,10,8979,
18/09/2025 03:00:00,000,10,8924,
18/09/2025 04:00:00,000,11,2025,
18/09/2025 05:00:00,000,10,7337,
18/09/2025 06:00:00,000,10,6022,
18/09/2025 07:00:00,000,11,7791,
18/09/2025 08:00:00,000,13,1364,
18/09/2025 09:00:00,000,14,721,
18/09/2025 10:00:00,000,16,0621,
18/09/2025 11:00:00,000,17,138,
18/09/2025 12:00:00,000,18,6482,
18/09/2025 13:00:00,000,19,1914,
18/09/2025 14:00:00,000,19,5994,
18/09/2025 15:00:00,000,20,1257,
18/09/2025 16:00:00,000,20,4973,
18/09/2025 17:00:00,000,20,5374,
18/09/2025 18:00:00,000,18,7992,
18/09/2025 19:00:00,000,17,2663,
18/09/2025 20:00:00,000,15,8836,
18/09/2025 21:00:00,000,14,9067,
18/09/2025 22:00:00,000,14,1617,
18/09/2025 23:00:00,000,13,9728,
19/09/2025 00:00:00,000,13,7109,
19/09/2025 01:00:00,000,13,6198,
19/09/2025 02:00:00,000,13,0502,
19/09/2025 03:00:00,000,12,5712,
19/09/2025 04:00:00,000,11,8664,
19/09/2025 05:00:00,000,11,578,
19/09/2025 06:00:00,000,11,4268,
19/09/2025 07:00:00,000,12,3513,
19/09/2025 08:00:00,000,14,5527,
19/09/2025 09:00:00,000,16,7034,
19/09/2025 10:00:00,000,19,3103,
19/09/2025 11:00:00,000,21,2947,
19/09/2025 12:00:00,000,23,4155,
19/09/2025 13:00:00,000,24,6368,
19/09/2025 14:00:00,000,25,1482,
19/09/2025 15:00:00,000,25,2127,
19/09/2025 16:00:00,000,25,6449,
19/09/2025 17:00:00,000,24,9923,
19/09/2025 18:00:00,000,23,0192,
19/09/2025 19:00:00,000,20,4937,
19/09/2025 20:00:00,000,18,2477,
19/09/2025 21:00:00,000,17,3007,
19/09/2025 22:00:00,000,16,2266,
19/09/2025 23:00:00,000,15,3064,
20/09/2025 00:00:00,000,14,4956,
20/09/2025 01:00:00,000,14,3062,
20/09/2025 02:00:00,000,13,6207,
20/09/2025 03:00:00,000,13,563,
20/09/2025 04:00:00,000,13,3174,
20/09/2025 05:00:00,000,13,3792,
20/09/2025 06:00:00,000,12,8288,
20/09/2025 07:00:00,000,13,7732,
20/09/2025 08:00:00,000,15,4942,
20/09/2025 09:00:00,000,17,7339,
20/09/2025 10:00:00,000,19,5625,
20/09/2025 11:00:00,000,22,0421,
20/09/2025 12:00:00,000,24,5383,
20/09/2025 13:00:00,000,25,4656,
20/09/2025 14:00:00,000,26,9901,
20/09/2025 15:00:00,000,27,6248,
20/09/2025 16:00:00,000,26,6613,
20/09/2025 17:00:00,000,26,0031,
20/09/2025 18:00:00,000,24,3172,
20/09/2025 19:00:00,000,21,2557,
20/09/2025 20:00:00,000,19,7694,
20/09/2025 21:00:00,000,18,6994,
20/09/2025 22:00:00,000,17,543,
20/09/2025 23:00:00,000,16,5086,
21/09/2025 00:00:00,000,15,136,
21/09/2025 01:00:00,000,15,2526,
21/09/2025 02:00:00,000,14,9881,
21/09/2025 03:00:00,000,14,2648,
21/09/2025 04:00:00,000,14,1534,
21/09/2025 05:00:00,000,13,7689,
21/09/2025 06:00:00,000,13,6001,
21/09/2025 07:00:00,000,14,6613,
21/09/2025 08:00:00,000,17,085,
21/09/2025 09:00:00,000,19,7082,
21/09/2025 10:00:00,000,22,6446,
21/09/2025 11:00:00,000,25,2858,
21/09/2025 12:00:00,000,26,0365,
21/09/2025 13:00:00,000,27,5954,
21/09/2025 14:00:00,000,28,3958,
21/09/2025 15:00:00,000,28,4256,
21/09/2025 16:00:00,000,28,0045,
21/09/2025 17:00:00,000,26,8405,
21/09/2025 18:00:00,000,24,4836,
21/09/2025 19:00:00,000,22,1829,
21/09/2025 20:00:00,000,20,1509,
21/09/2025 21:00:00,000,19,2727,
21/09/2025 22:00:00,000,17,9271,
21/09/2025 23:00:00,000,17,2029,
22/09/2025 00:00:00,000,16,3954,
22/09/2025 01:00:00,000,16,1483,
22/09/2025 02:00:00,000,15,3501,
22/09/2025 03:00:00,000,14,945,
22/09/2025 04:00:00,000,14,2966,
22/09/2025 05:00:00,000,13,9967,
22/09/2025 06:00:00,000,13,5355,
22/09/2025 07:00:00,000,14,8766,
22/09/2025 08:00:00,000,17,4196,
22/09/2025 09:00:00,000,19,9748,
22/09/2025 10:00:00,000,21,8166,
22/09/2025 11:00:00,000,22,9052,
22/09/2025 12:00:00,000,24,7226,
22/09/2025 13:00:00,000,26,7362,
22/09/2025 14:00:00,000,27,2396,
22/09/2025 15:00:00,000,27,6457,
22/09/2025 16:00:00,000,27,222,
22/09/2025 17:00:00,000,26,5419,
22/09/2025 18:00:00,000,23,3482,
22/09/2025 19:00:00,000,21,0628,
22/09/2025 20:00:00,000,19,5208,
22/09/2025 21:00:00,000,19,0547,
22/09/2025 22:00:00,000,18,8541,
22/09/2025 23:00:00,000,18,2981,
23/09/2025 00:00:00,000,17,04,
23/09/2025 01:00:00,000,16,5927,
23/09/2025 02:00:00,000,15,8915,
23/09/2025 03:00:00,000,14,5831,
23/09/2025 04:00:00,000,14,5483,
23/09/2025 05:00:00,000,13,8673,
23/09/2025 06:00:00,000,13,7277,
23/09/2025 07:00:00,000,14,2826,
23/09/2025 08:00:00,000,14,5764,
23/09/2025 09:00:00,000,15,2742,
23/09/2025 10:00:00,000,15,8101,
23/09/2025 11:00:00,000,16,4063,
23/09/2025 12:00:00,000,17,3544,
23/09/2025 13:00:00,000,17,6725,
23/09/2025 14:00:00,000,17,0965,
23/09/2025 15:00:00,000,16,7508,
23/09/2025 16:00:00,000,15,7066,
23/09/2025 17:00:00,000,15,8339,
23/09/2025 18:00:00,000,15,2105,
23/09/2025 19:00:00,000,14,4881,
23/09/2025 20:00:00,000,13,9379,
23/09/2025 21:00:00,000,13,9613,
23/09/2025 22:00:00,000,13,6939,
23/09/2025 23:00:00,000,13,3757,
24/09/2025 00:00:00,000,13,3758,
24/09/2025 01:00:00,000,13,1354,
24/09/2025 02:00:00,000,13,0935,
24/09/2025 03:00:00,000,12,7278,
24/09/2025 04:00:00,000,12,732,
24/09/2025 05:00:00,000,12,5799,
24/09/2025 06:00:00,000,12,0981,
24/09/2025 07:00:00,000,12,0398,
24/09/2025 08:00:00,000,12,205,
24/09/2025 09:00:00,000,12,9721,
24/09/2025 10:00:00,000,13,1881,
24/09/2025 11:00:00,000,13,375,
24/09/2025 12:00:00,000,13,8609,
24/09/2025 13:00:00,000,13,842,
24/09/2025 14:00:00,000,13,7042,
24/09/2025 15:00:00,000,13,6458,
24/09/2025 16:00:00,000,13,3631,
24/09/2025 17:00:00,000,12,9927,
24/09/2025 18:00:00,000,12,5744,
24/09/2025 19:00:00,000,12,3412,
24/09/2025 20:00:00,000,12,3891,
24/09/2025 21:00:00,000,12,1695,
24/09/2025 22:00:00,000,11,8921,
24/09/2025 23:00:00,000,11,5447,
25/09/2025 00:00:00,000,11,5875,
25/09/2025 01:00:00,000,11,905,
25/09/2025 02:00:00,000,12,0429,
25/09/2025 03:00:00,000,11,8417,
25/09/2025 04:00:00,000,11,6573,
25/09/2025 05:00:00,000,11,452,
25/09/2025 06:00:00,000,11,6186,
25/09/2025 07:00:00,000,11,3542,
25/09/2025 08:00:00,000,11,0908,
25/09/2025 09:00:00,000,11,5491,
25/09/2025 10:00:00,000,11,6511,
25/09/2025 11:00:00,000,12,0258,
25/09/2025 12:00:00,000,11,787,
25/09/2025 13:00:00,000,12,1035,
25/09/2025 14:00:00,000,12,4021,
25/09/2025 15:00:00,000,12,5266,
25/09/2025 16:00:00,000,12,0917,
25/09/2025 17:00:00,000,12,0947,
25/09/2025 18:00:00,000,11,8372,
25/09/2025 19:00:00,000,11,8438,
25/09/2025 20:00:00,000,11,6385,
25/09/2025 21:00:00,000,11,3607,
25/09/2025 22:00:00,000,11,2992,
25/09/2025 23:00:00,000,11,1648,
26/09/2025 00:00:00,000,11,2465,
26/09/2025 01:00:00,000,11,0975,
26/09/2025 02:00:00,000,11,1273,
26/09/2025 03:00:00,000,11,2748,
26/09/2025 04:00:00,000,11,2311,
26/09/2025 05:00:00,000,11,1899,
26/09/2025 06:00:00,000,10,967,
26/09/2025 07:00:00,000,11,0501,
26/09/2025 08:00:00,000,11,4204,
26/09/2025 09:00:00,000,11,8394,
26/09/2025 10:00:00,000,12,5463,
26/09/2025 11:00:00,000,12,6349,
26/09/2025 12:00:00,000,13,0174,
26/09/2025 13:00:00,000,13,2846,
26/09/2025 14:00:00,000,13,1567,
26/09/2025 15:00:00,000,13,5311,
26/09/2025 16:00:00,000,13,8887,
26/09/2025 17:00:00,000,13,6487,
26/09/2025 18:00:00,000,12,9375,
26/09/2025 19:00:00,000,12,4299,
26/09/2025 20:00:00,000,12,2948,
26/09/2025 21:00:00,000,11,7614,
26/09/2025 22:00:00,000,11,5431,
26/09/2025 23:00:00,000,11,3519,
27/09/2025 00:00:00,000,11,5482,
27/09/2025 01:00:00,000,11,3386,
27/09/2025 02:00:00,000,11,3838,
27/09/2025 03:00:00,000,11,2276,
27/09/2025 04:00:00,000,10,9799,
27/09/2025 05:00:00,000,10,8307,
27/09/2025 06:00:00,000,10,4077,
27/09/2025 07:00:00,000,10,7079,
27/09/2025 08:00:00,000,11,7456,
27/09/2025 09:00:00,000,12,4099,
27/09/2025 10:00:00,000,13,6346,
27/09/2025 11:00:00,000,14,2536,
27/09/2025 12:00:00,000,15,514,
27/09/2025 13:00:00,000,16,2182,
27/09/2025 14:00:00,000,17,5268,
27/09/2025 15:00:00,000,17,5874,
27/09/2025 16:00:00,000,17,6477,
27/09/2025 17:00:00,000,16,9165,
27/09/2025 18:00:00,000,14,8006,
27/09/2025 19:00:00,000,13,4731,
27/09/2025 20:00:00,000,13,2607,
27/09/2025 21:00:00,000,12,6455,
27/09/2025 22:00:00,000,11,7916,
27/09/2025 23:00:00,000,11,239,
28/09/2025 00:00:00,000,10,4415,
28/09/2025 01:00:00,000,10,2294,
28/09/2025 02:00:00,000,10,3327,
28/09/2025 03:00:00,000,9,8695,
28/09/2025 04:00:00,000,9,4841,
28/09/2025 05:00:00,000,9,5872,
28/09/2025 06:00:00,000,9,2479,
28/09/2025 07:00:00,000,9,3004,
28/09/2025 08:00:00,000,10,3867,
28/09/2025 09:00:00,000,13,043,
28/09/2025 10:00:00,000,15,1215,
28/09/2025 11:00:00,000,16,096,
28/09/2025 12:00:00,000,16,6688,
28/09/2025 13:00:00,000,17,432,
28/09/2025 14:00:00,000,17,0476,
28/09/2025 15:00:00,000,17,439,
28/09/2025 16:00:00,000,16,688,
28/09/2025 17:00:00,000,15,5878,
28/09/2025 18:00:00,000,14,1468,
28/09/2025 19:00:00,000,12,3368,
28/09/2025 20:00:00,000,11,5825,
28/09/2025 21:00:00,000,11,2764,
28/09/2025 22:00:00,000,10,487,
28/09/2025 23:00:00,000,9,8434,
29/09/2025 00:00:00,000,9,3658,
29/09/2025 01:00:00,000,9,4871,
29/09/2025 02:00:00,000,8,6161,
29/09/2025 03:00:00,000,7,6048,
29/09/2025 04:00:00,000,7,6376,
29/09/2025 05:00:00,000,8,0654,
29/09/2025 06:00:00,000,8,2651,
29/09/2025 07:00:00,000,8,517,
29/09/2025 08:00:00,000,9,4382,
29/09/2025 09:00:00,000,11,4687,
29/09/2025 10:00:00,000,12,8206,
29/09/2025 11:00:00,000,13,495,
29/09/2025 12:00:00,000,13,7854,
29/09/2025 13:00:00,000,14,2566,
29/09/2025 14:00:00,000,14,3212,
29/09/2025 15:00:00,000,13,8269,
29/09/2025 16:00:00,000,13,4423,
29/09/2025 17:00:00,000,12,9954,
29/09/2025 18:00:00,000,11,2078,
29/09/2025 19:00:00,000,10,472,
29/09/2025 20:00:00,000,9,7548,
29/09/2025 21:00:00,000,8,6455,
29/09/2025 22:00:00,000,8,0383,
29/09/2025 23:00:00,000,7,144,
30/09/2025 00:00:00,000,7,2229,
30/09/2025 01:00:00,000,7,3816,
30/09/2025 02:00:00,000,7,0847,
30/09/2025 03:00:00,000,6,5174,
30/09/2025 04:00:00,000,6,1077,
30/09/2025 05:00:00,000,5,9808,
30/09/2025 06:00:00,000,6,1349,
30/09/2025 07:00:00,000,6,8292,
30/09/2025 08:00:00,000,8,0153,
30/09/2025 09:00:00,000,9,4324,
30/09/2025 10:00:00,000,10,2078,
30/09/2025 11:00:00,000,10,7748,
30/09/2025 12:00:00,000,11,3705,
30/09/2025 13:00:00,000,12,0859,
30/09/2025 14:00:00,000,12,4019,
30/09/2025 15:00:00,000,12,8034,
30/09/2025 16:00:00,000,12,448,
30/09/2025 17:00:00,000,11,7457,
30/09/2025 18:00:00,000,10,6103,
30/09/2025 19:00:00,000,9,5747,
30/09/2025 20:00:00,000,9,3505,
30/09/2025 21:00:00,000,8,7223,
30/09/2025 22:00:00,000,8,6196,
30/09/2025 23:00:00,000,8,2969,
01/10/2025 00:00:00,000,7,8158,
01/10/2025 01:00:00,000,7,2423,
01/10/2025 02:00:00,000,7,2767,
01/10/2025 03:00:00,000,7,1388,
01/10/2025 04:00:00,000,7,2844,
01/10/2025 05:00:00,000,7,4167,
01/10/2025 06:00:00,000,7,5378,
01/10/2025 07:00:00,000,7,6932,
01/10/2025 08:00:00,000,8,4899,
01/10/2025 09:00:00,000,9,6109,
01/10/2025 10:00:00,000,10,384,
01/10/2025 11:00:00,000,10,8714,
01/10/2025 12:00:00,000,11,2119,
01/10/2025 13:00:00,000,11,3841,
01/10/2025 14:00:00,000,11,346,
01/10/2025 15:00:00,000,11,3479,
01/10/2025 16:00:00,000,11,0111,
01/10/2025 17:00:00,000,10,48,
01/10/2025 18:00:00,000,10,0147,
01/10/2025 19:00:00,000,9,2493,
01/10/2025 20:00:00,000,8,4297,
01/10/2025 21:00:00,000,7,9765,
01/10/2025 22:00:00,000,7,7269,
01/10/2025 23:00:00,000,7,3729,
02/10/2025 00:00:00,000,6,978,
02/10/2025 01:00:00,000,6,5035,
02/10/2025 02:00:00,000,5,9595,
02/10/2025 03:00:00,000,5,9604,
02/10/2025 04:00:00,000,5,6171,
02/10/2025 05:00:00,000,5,1108,
02/10/2025 06:00:00,000,4,995,
02/10/2025 07:00:00,000,5,6859,
02/10/2025 08:00:00,000,6,9994,
02/10/2025 09:00:00,000,8,5448,
02/10/2025 10:00:00,000,9,6673,
02/10/2025 11:00:00,000,10,1981,
02/10/2025 12:00:00,000,10,4673,
02/10/2025 13:00:00,000,10,4875,
02/10/2025 14:00:00,000,10,7105,
02/10/2025 15:00:00,000,11,2269,
02/10/2025 16:00:00,000,10,9215,
02/10/2025 17:00:00,000,9,7501,
02/10/2025 18:00:00,000,8,1367,
02/10/2025 19:00:00,000,6,7446,
02/10/2025 20:00:00,000,6,456,
02/10/2025 21:00:00,000,5,8441,
02/10/2025 22:00:00,000,5,3492,
02/10/2025 23:00:00,000,5,3469,
03/10/2025 00:00:00,000,5,135,
03/10/2025 01:00:00,000,4,7538,
03/10/2025 02:00:00,000,4,2384,
03/10/2025 03:00:00,000,3,9455,
03/10/2025 04:00:00,000,3,6681,
03/10/2025 05:00:00,000,3,2652,
03/10/2025 06:00:00,000,2,9985,
03/10/2025 07:00:00,000,3,659,
03/10/2025 08:00:00,000,5,7312,
03/10/2025 09:00:00,000,8,1778,
03/10/2025 10:00:00,000,9,2875,
03/10/2025 11:00:00,000,10,0015,
03/10/2025 12:00:00,000,10,3191,
03/10/2025 13:00:00,000,10,7533,
03/10/2025 14:00:00,000,11,0454,
03/10/2025 15:00:00,000,11,1198,
03/10/2025 16:00:00,000,10,909,
03/10/2025 17:00:00,000,9,9997,
03/10/2025 18:00:00,000,9,218,
03/10/2025 19:00:00,000,8,1954,
03/10/2025 20:00:00,000,7,5573,
03/10/2025 21:00:00,000,6,7302,
03/10/2025 22:00:00,000,5,9281,
03/10/2025 23:00:00,000,5,9175,
04/10/2025 00:00:00,000,5,8441,
04/10/2025 01:00:00,000,5,5596,
04/10/2025 02:00:00,000,5,1161,
04/10/2025 03:00:00,000,4,5185,
04/10/2025 04:00:00,000,3,935,
04/10/2025 05:00:00,000,3,265,
04/10/2025 06:00:00,000,2,4754,
04/10/2025 07:00:00,000,3,2404,
04/10/2025 08:00:00,000,5,4873,
04/10/2025 09:00:00,000,7,4877,
04/10/2025 10:00:00,000,9,3944,
04/10/2025 11:00:00,000,10,5923,
04/10/2025 12:00:00,000,11,5818,
04/10/2025 13:00:00,000,12,8272,
04/10/2025 14:00:00,000,13,63,
04/10/2025 15:00:00,000,14,195,
04/10/2025 16:00:00,000,13,8548,
04/10/2025 17:00:00,000,13,064,
04/10/2025 18:00:00,000,11,5528,
04/10/2025 19:00:00,000,11,2343,
04/10/2025 20:00:00,000,10,3255,
04/10/2025 21:00:00,000,9,7976,
04/10/2025 22:00:00,000,9,4502,
04/10/2025 23:00:00,000,8,9641,
05/10/2025 00:00:00,000,9,3609,
05/10/2025 01:00:00,000,9,7982,
05/10/2025 02:00:00,000,9,505,
05/10/2025 03:00:00,000,9,1725,
05/10/2025 04:00:00,000,8,7704,
05/10/2025 05:00:00,000,8,724,
05/10/2025 06:00:00,000,8,6952,
05/10/2025 07:00:00,000,8,9459,
05/10/2025 08:00:00,000,9,133,
05/10/2025 09:00:00,000,9,857,
05/10/2025 10:00:00,000,10,516,
05/10/2025 11:00:00,000,10,5837,
05/10/2025 12:00:00,000,10,9842,
05/10/2025 13:00:00,000,11,4939,
05/10/2025 14:00:00,000,11,8821,
05/10/2025 15:00:00,000,11,7599,
05/10/2025 16:00:00,000,11,8805,
05/10/2025 17:00:00,000,11,3375,
05/10/2025 18:00:00,000,10,3365,
05/10/2025 19:00:00,000,10,1065,
05/10/2025 20:00:00,000,10,055,
05/10/2025 21:00:00,000,9,8109,
05/10/2025 22:00:00,000,9,0843,
05/10/2025 23:00:00,000,8,5764,
06/10/2025 00:00:00,000,8,6178,
06/10/2025 01:00:00,000,8,6182,
06/10/2025 02:00:00,000,8,398,
06/10/2025 03:00:00,000,8,4272,
06/10/2025 04:00:00,000,8,103,
06/10/2025 05:00:00,000,7,953,
06/10/2025 06:00:00,000,7,7541,
06/10/2025 07:00:00,000,7,9454,
06/10/2025 08:00:00,000,8,3554,
06/10/2025 09:00:00,000,9,3855,
06/10/2025 10:00:00,000,10,445,
06/10/2025 11:00:00,000,10,7125,
06/10/2025 12:00:00,000,10,984,
06/10/2025 13:00:00,000,12,1359,
06/10/2025 14:00:00,000,12,6058,
06/10/2025 15:00:00,000,12,8796,
06/10/2025 16:00:00,000,13,1373,
06/10/2025 17:00:00,000,11,974,
06/10/2025 18:00:00,000,10,8868,
06/10/2025 19:00:00,000,10,6954,
06/10/2025 20:00:00,000,10,21,
06/10/2025 21:00:00,000,10,1126,
06/10/2025 22:00:00,000,9,5748,
06/10/2025 23:00:00,000,9,6258,
07/10/2025 00:00:00,000,9,8019,
07/10/2025 01:00:00,000,9,6153,
07/10/2025 02:00:00,000,9,7274,
07/10/2025 03:00:00,000,9,4891,
07/10/2025 04:00:00,000,9,4042,
07/10/2025 05:00:00,000,9,4516,
07/10/2025 06:00:00,000,9,6588,
07/10/2025 07:00:00,000,9,9105,
07/10/2025 08:00:00,000,10,4947,
07/10/2025 09:00:00,000,11,2249,
07/10/2025 10:00:00,000,12,2211,
07/10/2025 11:00:00,000,13,3228,
07/10/2025 12:00:00,000,14,3469,
07/10/2025 13:00:00,000,13,8533,
07/10/2025 14:00:00,000,14,187,
07/10/2025 15:00:00,000,14,8808,
07/10/2025 16:00:00,000,14,4112,
07/10/2025 17:00:00,000,13,1153,
07/10/2025 18:00:00,000,12,8374,
07/10/2025 19:00:00,000,12,0025,
07/10/2025 20:00:00,000,11,2408,
07/10/2025 21:00:00,000,10,6503,
07/10/2025 22:00:00,000,10,5028,
07/10/2025 23:00:00,000,10,2323,
08/10/2025 00:00:00,000,10,4401,
08/10/2025 01:00:00,000,9,9526,
08/10/2025 02:00:00,000,9,5258,
08/10/2025 03:00:00,000,9,1817,
08/10/2025 04:00:00,000,8,6475,
08/10/2025 05:00:00,000,8,5886,
08/10/2025 06:00:00,000,8,3539,
08/10/2025 07:00:00,000,8,8162,
08/10/2025 08:00:00,000,10,2748,
08/10/2025 09:00:00,000,12,0284,
08/10/2025 10:00:00,000,13,1292,
08/10/2025 11:00:00,000,14,1665,
08/10/2025 12:00:00,000,14,9453,
08/10/2025 13:00:00,000,15,4772,
08/10/2025 14:00:00,000,15,5652,
08/10/2025 15:00:00,000,15,4277,
08/10/2025 16:00:00,000,15,11,
08/10/2025 17:00:00,000,14,4591,
08/10/2025 18:00:00,000,12,848,
08/10/2025 19:00:00,000,11,9098,
08/10/2025 20:00:00,000,11,2437,
08/10/2025 21:00:00,000,10,2929,
08/10/2025 22:00:00,000,10,2557,
08/10/2025 23:00:00,000,10,2258,
09/10/2025 00:00:00,000,10,6572,
09/10/2025 01:00:00,000,10,3202,
09/10/2025 02:00:00,000,10,6656,
09/10/2025 03:00:00,000,10,8365,
09/10/2025 04:00:00,000,10,8802,
09/10/2025 05:00:00,000,10,7857,
09/10/2025 06:00:00,000,10,6038,
09/10/2025 07:00:00,000,10,693,
09/10/2025 08:00:00,000,11,0813,
09/10/2025 09:00:00,000,12,3108,
09/10/2025 10:00:00,000,12,9333,
09/10/2025 11:00:00,000,13,6592,
09/10/2025 12:00:00,000,14,0462,
09/10/2025 13:00:00,000,14,7582,
09/10/2025 14:00:00,000,15,2577,
09/10/2025 15:00:00,000,15,2714,
09/10/2025 16:00:00,000,14,4518,
09/10/2025 17:00:00,000,13,9653,
09/10/2025 18:00:00,000,13,7653,
09/10/2025 19:00:00,000,13,3784,
09/10/2025 20:00:00,000,12,8217,
09/10/2025 21:00:00,000,12,6236,
09/10/2025 22:00:00,000,12,356,
09/10/2025 23:00:00,000,12,3028,
10/10/2025 00:00:00,000,11,7171,
10/10/2025 01:00:00,000,11,362,
10/10/2025 02:00:00,000,10,4207,
10/10/2025 03:00:00,000,10,0205,
10/10/2025 04:00:00,000,9,7301,
10/10/2025 05:00:00,000,9,4816,
10/10/2025 06:00:00,000,9,3525,
10/10/2025 07:00:00,000,10,1232,
10/10/2025 08:00:00,000,10,824,
10/10/2025 09:00:00,000,11,6302,
10/10/2025 10:00:00,000,12,2954,
10/10/2025 11:00:00,000,13,1068,
10/10/2025 12:00:00,000,13,1102,
10/10/2025 13:00:00,000,13,609,
10/10/2025 14:00:00,000,13,9633,
10/10/2025 15:00:00,000,14,0242,
10/10/2025 16:00:00,000,13,3137,
10/10/2025 17:00:00,000,12,9595,
10/10/2025 18:00:00,000,12,4404,
10/10/2025 19:00:00,000,12,003,
10/10/2025 20:00:00,000,11,6269,
10/10/2025 21:00:00,000,11,3833,
10/10/2025 22:00:00,000,11,27,
10/10/2025 23:00:00,000,11,5908,
11/10/2025 00:00:00,000,11,5537,
11/10/2025 01:00:00,000,11,5063,
11/10/2025 02:00:00,000,11,2329,
11/10/2025 03:00:00,000,11,2261,
11/10/2025 04:00:00,000,11,7777,
11/10/2025 05:00:00,000,11,7566,
11/10/2025 06:00:00,000,11,5738,
11/10/2025 07:00:00,000,11,6099,
11/10/2025 08:00:00,000,11,8876,
11/10/2025 09:00:00,000,12,1943,
11/10/2025 10:00:00,000,12,4512,
11/10/2025 11:00:00,000,13,2769,
11/10/2025 12:00:00,000,14,0586,
11/10/2025 13:00:00,000,14,6889,
11/10/2025 14:00:00,000,14,4646,
11/10/2025 15:00:00,000,14,7812,
11/10/2025 16:00:00,000,13,9832,
11/10/2025 17:00:00,000,13,8787,
11/10/2025 18:00:00,000,13,3907,
11/10/2025 19:00:00,000,13,2577,
11/10/2025 20:00:00,000,12,6824,
11/10/2025 21:00:00,000,12,5065,
11/10/2025 22:00:00,000,12,7702,
11/10/2025 23:00:00,000,12,5177,
12/10/2025 00:00:00,000,12,447,
12/10/2025 01:00:00,000,12,1121,
12/10/2025 02:00:00,000,11,8894,
12/10/2025 03:00:00,000,11,7011,
12/10/2025 04:00:00,000,11,9749,
12/10/2025 05:00:00,000,11,7144,
12/10/2025 06:00:00,000,11,2878,
12/10/2025 07:00:00,000,11,3394,
12/10/2025 08:00:00,000,11,7107,
12/10/2025 09:00:00,000,12,1528,
12/10/2025 10:00:00,000,13,0025,
12/10/2025 11:00:00,000,13,7379,
12/10/2025 12:00:00,000,14,184,
12/10/2025 13:00:00,000,14,8416,
12/10/2025 14:00:00,000,14,6609,
12/10/2025 15:00:00,000,15,0404,
12/10/2025 16:00:00,000,14,2609,
12/10/2025 17:00:00,000,13,2188,
12/10/2025 18:00:00,000,12,6059,
12/10/2025 19:00:00,000,12,5302,
12/10/2025 20:00:00,000,12,2843,
12/10/2025 21:00:00,000,12,0877,
12/10/2025 22:00:00,000,12,0637,
12/10/2025 23:00:00,000,11,6414,
13/10/2025 00:00:00,000,11,3292,
13/10/2025 01:00:00,000,11,0846,
13/10/2025 02:00:00,000,10,8013,
13/10/2025 03:00:00,000,10,4392,
13/10/2025 04:00:00,000,10,7257,
13/10/2025 05:00:00,000,10,9857,
13/10/2025 06:00:00,000,10,7141,
13/10/2025 07:00:00,000,10,2536,
13/10/2025 08:00:00,000,10,6458,
13/10/2025 09:00:00,000,11,2727,
13/10/2025 10:00:00,000,12,1546,
13/10/2025 11:00:00,000,12,5992,
13/10/2025 12:00:00,000,13,1164,
13/10/2025 13:00:00,000,13,7918,
13/10/2025 14:00:00,000,13,6615,
13/10/2025 15:00:00,000,14,3034,
13/10/2025 16:00:00,000,14,0883,
13/10/2025 17:00:00,000,12,5417,
13/10/2025 18:00:00,000,10,9294,
13/10/2025 19:00:00,000,9,2402,
13/10/2025 20:00:00,000,8,4244,
13/10/2025 21:00:00,000,7,2051,
13/10/2025 22:00:00,000,5,8959,
13/10/2025 23:00:00,000,5,4051,
14/10/2025 00:00:00,000,4,8205,
14/10/2025 01:00:00,000,4,4426,
14/10/2025 02:00:00,000,4,1162,
14/10/2025 03:00:00,000,3,71,
14/10/2025 04:00:00,000,3,5731,
14/10/2025 05:00:00,000,3,1755,
14/10/2025 06:00:00,000,2,8083,
14/10/2025 07:00:00,000,2,8719,
14/10/2025 08:00:00,000,4,5101,
14/10/2025 09:00:00,000,6,8576,
14/10/2025 10:00:00,000,8,9601,
14/10/2025 11:00:00,000,10,4961,
14/10/2025 12:00:00,000,11,4914,
14/10/2025 13:00:00,000,12,3581,
14/10/2025 14:00:00,000,12,4044,
14/10/2025 15:00:00,000,11,8698,
14/10/2025 16:00:00,000,11,4344,
14/10/2025 17:00:00,000,10,9887,
14/10/2025 18:00:00,000,10,176,
14/10/2025 19:00:00,000,9,8851,
14/10/2025 20:00:00,000,9,3472,
14/10/2025 21:00:00,000,9,2754,
14/10/2025 22:00:00,000,9,0642,
14/10/2025 23:00:00,000,9,3653,
15/10/2025 00:00:00,000,8,9598,
15/10/2025 01:00:00,000,9,0258,
15/10/2025 02:00:00,000,9,2418,
15/10/2025 03:00:00,000,8,7616,
15/10/2025 04:00:00,000,8,5083,
15/10/2025 05:00:00,000,8,7632,
15/10/2025 06:00:00,000,8,4382,
15/10/2025 07:00:00,000,8,4137,
15/10/2025 08:00:00,000,9,3731,
15/10/2025 09:00:00,000,10,3585,
15/10/2025 10:00:00,000,11,1742,
15/10/2025 11:00:00,000,11,802,
15/10/2025 12:00:00,000,12,1707,
15/10/2025 13:00:00,000,12,6677,
15/10/2025 14:00:00,000,12,9644,
15/10/2025 15:00:00,000,12,9571,
15/10/2025 16:00:00,000,12,4514,
15/10/2025 17:00:00,000,12,2296,
15/10/2025 18:00:00,000,11,5673,
15/10/2025 19:00:00,000,11,0364,
15/10/2025 20:00:00,000,10,545,
15/10/2025 21:00:00,000,10,3363,
15/10/2025 22:00:00,000,9,9945,
15/10/2025 23:00:00,000,9,5731,
16/10/2025 00:00:00,000,9,5919,
16/10/2025 01:00:00,000,9,6587,
16/10/2025 02:00:00,000,9,1966,
16/10/2025 03:00:00,000,9,2263,
16/10/2025 04:00:00,000,9,1307,
16/10/2025 05:00:00,000,8,7571,
16/10/2025 06:00:00,000,8,4276,
16/10/2025 07:00:00,000,8,7654,
16/10/2025 08:00:00,000,8,875,
16/10/2025 09:00:00,000,9,6233,
16/10/2025 10:00:00,000,10,6988,
16/10/2025 11:00:00,000,11,4257,
16/10/2025 12:00:00,000,11,9209,
16/10/2025 13:00:00,000,12,1022,
16/10/2025 14:00:00,000,12,7471,
16/10/2025 15:00:00,000,12,6634,
16/10/2025 16:00:00,000,12,3829,
16/10/2025 17:00:00,000,12,1044,
16/10/2025 18:00:00,000,10,7528,
16/10/2025 19:00:00,000,8,9709,
16/10/2025 20:00:00,000,8,0785,
16/10/2025 21:00:00,000,7,8269,
16/10/2025 22:00:00,000,7,5304,
16/10/2025 23:00:00,000,7,5451,
17/10/2025 00:00:00,000,7,4076,
17/10/2025 01:00:00,000,7,715,
17/10/2025 02:00:00,000,7,4762,
17/10/2025 03:00:00,000,7,3347,
17/10/2025 04:00:00,000,7,46,
17/10/2025 05:00:00,000,7,4817,
17/10/2025 06:00:00,000,7,6322,
17/10/2025 07:00:00,000,7,8071,
17/10/2025 08:00:00,000,7,9866,
17/10/2025 09:00:00,000,8,5639,
17/10/2025 10:00:00,000,9,2822,
17/10/2025 11:00:00,000,10,1013,
17/10/2025 12:00:00,000,10,5815,
17/10/2025 13:00:00,000,11,537,
17/10/2025 14:00:00,000,11,9217,
17/10/2025 15:00:00,000,12,3553,
17/10/2025 16:00:00,000,12,0567,
17/10/2025 17:00:00,000,11,8526,
17/10/2025 18:00:00,000,11,206,
17/10/2025 19:00:00,000,10,4361,
17/10/2025 20:00:00,000,10,0674,
17/10/2025 21:00:00,000,9,7334,
17/10/2025 22:00:00,000,9,7786,
17/10/2025 23:00:00,000,10,03,
18/10/2025 00:00:00,000,10,0209,
18/10/2025 01:00:00,000,10,0299,
18/10/2025 02:00:00,000,9,5728,
18/10/2025 03:00:00,000,9,6264,
18/10/2025 04:00:00,000,9,4198,
18/10/2025 05:00:00,000,9,0428,
18/10/2025 06:00:00,000,9,0778,
18/10/2025 07:00:00,000,8,984,
18/10/2025 08:00:00,000,9,1361,
18/10/2025 09:00:00,000,9,8981,
18/10/2025 10:00:00,000,10,4284,
18/10/2025 11:00:00,000,11,1889,
18/10/2025 12:00:00,000,11,6221,
18/10/2025 13:00:00,000,10,8979,
18/10/2025 14:00:00,000,10,8642,
18/10/2025 15:00:00,000,11,1773,
18/10/2025 16:00:00,000,11,0433,
18/10/2025 17:00:00,000,9,7372,
18/10/2025 18:00:00,000,8,1275,
18/10/2025 19:00:00,000,7,1172,
18/10/2025 20:00:00,000,7,0208,
18/10/2025 21:00:00,000,6,4232,
18/10/2025 22:00:00,000,6,1004,
18/10/2025 23:00:00,000,5,5767,
19/10/2025 00:00:00,000,4,7528,
19/10/2025 01:00:00,000,3,8983,
19/10/2025 02:00:00,000,3,5084,
19/10/2025 03:00:00,000,2,5998,
19/10/2025 04:00:00,000,1,4735,
19/10/2025 05:00:00,000,1,4927,
19/10/2025 06:00:00,000,1,8737,
19/10/2025 07:00:00,000,1,4897,
19/10/2025 08:00:00,000,2,949,
19/10/2025 09:00:00,000,6,1868,
19/10/2025 10:00:00,000,8,5847,
19/10/2025 11:00:00,000,9,9441,
19/10/2025 12:00:00,000,10,6925,
19/10/2025 13:00:00,000,11,1282,
19/10/2025 14:00:00,000,11,3084,
19/10/2025 15:00:00,000,11,4794,
19/10/2025 16:00:00,000,10,4272,
19/10/2025 17:00:00,000,8,8491,
19/10/2025 18:00:00,000,7,1117,
19/10/2025 19:00:00,000,5,7943,
19/10/2025 20:00:00,000,4,8394,
19/10/2025 21:00:00,000,4,2223,
19/10/2025 22:00:00,000,3,6834,
19/10/2025 23:00:00,000,3,0222,
20/10/2025 00:00:00,000,2,4468,
20/10/2025 01:00:00,000,1,7382,
20/10/2025 02:00:00,000,1,2043,
20/10/2025 03:00:00,000,1,0878,
20/10/2025 04:00:00,000,1,1057,
20/10/2025 05:00:00,000,0,8804,
20/10/2025 06:00:00,000,0,7262,
20/10/2025 07:00:00,000,0,8607,
20/10/2025 08:00:00,000,1,941,
20/10/2025 09:00:00,000,4,2445,
20/10/2025 10:00:00,000,6,7705,
20/10/2025 11:00:00,000,9,1627,
20/10/2025 12:00:00,000,11,3646,
20/10/2025 13:00:00,000,12,26,
20/10/2025 14:00:00,000,12,736,
20/10/2025 15:00:00,000,12,8085,
20/10/2025 16:00:00,000,12,1866,
20/10/2025 17:00:00,000,11,0285,
20/10/2025 18:00:00,000,9,6363,
20/10/2025 19:00:00,000,8,364,
20/10/2025 20:00:00,000,7,6024,
20/10/2025 21:00:00,000,7,1816,
20/10/2025 22:00:00,000,6,5818,
20/10/2025 23:00:00,000,6,1915,
21/10/2025 00:00:00,000,6,2165,
21/10/2025 01:00:00,000,6,3073,
21/10/2025 02:00:00,000,6,2469,
21/10/2025 03:00:00,000,6,6187,
21/10/2025 04:00:00,000,6,9301,
21/10/2025 05:00:00,000,6,7456,
21/10/2025 06:00:00,000,6,214,
21/10/2025 07:00:00,000,6,2642,
21/10/2025 08:00:00,000,6,4665,
21/10/2025 09:00:00,000,7,0699,
21/10/2025 10:00:00,000,8,1773,
21/10/2025 11:00:00,000,9,4614,
21/10/2025 12:00:00,000,10,3399,
21/10/2025 13:00:00,000,11,0302,
21/10/2025 14:00:00,000,11,7148,
21/10/2025 15:00:00,000,11,3987,
21/10/2025 16:00:00,000,10,9923,
21/10/2025 17:00:00,000,9,8603,
21/10/2025 18:00:00,000,9,0794,
21/10/2025 19:00:00,000,8,47,
21/10/2025 20:00:00,000,8,2926,
21/10/2025 21:00:00,000,7,9959,
21/10/2025 22:00:00,000,7,9751,
21/10/2025 23:00:00,000,7,8245,
22/10/2025 00:00:00,000,7,9983,
22/10/2025 01:00:00,000,7,9826,
22/10/2025 02:00:00,000,8,0289,
22/10/2025 03:00:00,000,7,862,
22/10/2025 04:00:00,000,7,8011,
22/10/2025 05:00:00,000,7,3819,
22/10/2025 06:00:00,000,7,389,
22/10/2025 07:00:00,000,7,5873,
22/10/2025 08:00:00,000,8,6751,
22/10/2025 09:00:00,000,9,7034,
22/10/2025 10:00:00,000,11,4244,
22/10/2025 11:00:00,000,12,8656,
22/10/2025 12:00:00,000,14,0122,
22/10/2025 13:00:00,000,14,907,
22/10/2025 14:00:00,000,16,2882,
22/10/2025 15:00:00,000,16,7857,
22/10/2025 16:00:00,000,16,6682,
22/10/2025 17:00:00,000,15,1201,
22/10/2025 18:00:00,000,13,306,
22/10/2025 19:00:00,000,12,5714,
22/10/2025 20:00:00,000,12,3982,
22/10/2025 21:00:00,000,11,5504,
22/10/2025 22:00:00,000,11,2863,
22/10/2025 23:00:00,000,10,5044,
23/10/2025 00:00:00,000,10,0384,
23/10/2025 01:00:00,000,9,6218,
23/10/2025 02:00:00,000,9,2992,
23/10/2025 03:00:00,000,8,7877,
23/10/2025 04:00:00,000,8,5428,
23/10/2025 05:00:00,000,8,449,
23/10/2025 06:00:00,000,8,869,
23/10/2025 07:00:00,000,9,167,
23/10/2025 08:00:00,000,9,5866,
23/10/2025 09:00:00,000,10,5674,
23/10/2025 10:00:00,000,12,1275,
23/10/2025 11:00:00,000,14,241,
23/10/2025 12:00:00,000,15,6292,
23/10/2025 13:00:00,000,16,1827,
23/10/2025 14:00:00,000,16,8643,
23/10/2025 15:00:00,000,17,006,
23/10/2025 16:00:00,000,16,7818,
23/10/2025 17:00:00,000,16,1083,
23/10/2025 18:00:00,000,15,6509,
23/10/2025 19:00:00,000,14,2213,
23/10/2025 20:00:00,000,12,6244,
23/10/2025 21:00:00,000,12,1582,
23/10/2025 22:00:00,000,11,9463,
23/10/2025 23:00:00,000,11,7642,
24/10/2025 00:00:00,000,10,9856,
24/10/2025 01:00:00,000,10,7223,
24/10/2025 02:00:00,000,10,8159,
24/10/2025 03:00:00,000,10,6926,
24/10/2025 04:00:00,000,10,9623,
24/10/2025 05:00:00,000,10,7714,
24/10/2025 06:00:00,000,10,334,
24/10/2025 07:00:00,000,10,3079,
24/10/2025 08:00:00,000,10,4893,
24/10/2025 09:00:00,000,10,408,
24/10/2025 10:00:00,000,10,1935,
24/10/2025 11:00:00,000,10,7809,
24/10/2025 12:00:00,000,11,193,
24/10/2025 13:00:00,000,11,1476,
24/10/2025 14:00:00,000,11,37,
24/10/2025 15:00:00,000,11,6423,
24/10/2025 16:00:00,000,11,3644,
24/10/2025 17:00:00,000,10,2332,
24/10/2025 18:00:00,000,9,4277,
24/10/2025 19:00:00,000,8,1563,
24/10/2025 20:00:00,000,7,3149,
24/10/2025 21:00:00,000,7,3287,
24/10/2025 22:00:00,000,6,9623,
24/10/2025 23:00:00,000,5,9196,
25/10/2025 00:00:00,000,5,3517,
25/10/2025 01:00:00,000,5,1567,
25/10/2025 02:00:00,000,4,3629,
25/10/2025 03:00:00,000,3,3063,
25/10/2025 04:00:00,000,2,9935,
25/10/2025 05:00:00,000,3,3475,
25/10/2025 06:00:00,000,3,5175,
25/10/2025 07:00:00,000,3,5105,
25/10/2025 08:00:00,000,4,386,
25/10/2025 09:00:00,000,5,7974,
25/10/2025 10:00:00,000,7,0208,
25/10/2025 11:00:00,000,8,6128,
25/10/2025 12:00:00,000,9,4506,
25/10/2025 13:00:00,000,10,3897,
25/10/2025 14:00:00,000,11,1204,
25/10/2025 15:00:00,000,11,0103,
25/10/2025 16:00:00,000,10,5655,
25/10/2025 17:00:00,000,10,524,
25/10/2025 18:00:00,000,9,746,
25/10/2025 19:00:00,000,9,3634,
25/10/2025 20:00:00,000,9,1891,
25/10/2025 21:00:00,000,9,142,
25/10/2025 22:00:00,000,8,7721,
25/10/2025 23:00:00,000,7,7274,
26/10/2025 00:00:00,000,6,6537,
26/10/2025 01:00:00,000,6,3876,
26/10/2025 02:00:00,000,6,8458,
26/10/2025 02:00:00,000,7,1445,
26/10/2025 03:00:00,000,6,965,
26/10/2025 04:00:00,000,6,7618,
26/10/2025 05:00:00,000,6,4582,
26/10/2025 06:00:00,000,6,5763,
26/10/2025 07:00:00,000,7,6462,
26/10/2025 08:00:00,000,8,945,
26/10/2025 09:00:00,000,10,2141,
26/10/2025 10:00:00,000,11,5366,
26/10/2025 11:00:00,000,12,2506,
26/10/2025 12:00:00,000,12,5229,
26/10/2025 13:00:00,000,12,979,
26/10/2025 14:00:00,000,12,4975,
26/10/2025 15:00:00,000,11,7363,
26/10/2025 16:00:00,000,10,8057,
26/10/2025 17:00:00,000,9,3977,
26/10/2025 18:00:00,000,8,5799,
26/10/2025 19:00:00,000,8,14,
26/10/2025 20:00:00,000,8,1839,
26/10/2025 21:00:00,000,8,084,
26/10/2025 22:00:00,000,7,3881,
26/10/2025 23:00:00,000,6,896,
27/10/2025 00:00:00,000,6,5288,
27/10/2025 01:00:00,000,6,2445,
27/10/2025 02:00:00,000,5,7097,
27/10/2025 03:00:00,000,5,421,
27/10/2025 04:00:00,000,5,1961,
27/10/2025 05:00:00,000,4,932,
27/10/2025 06:00:00,000,4,1751,
27/10/2025 07:00:00,000,5,1572,
27/10/2025 08:00:00,000,6,2107,
27/10/2025 09:00:00,000,6,6415,
27/10/2025 10:00:00,000,7,308,
27/10/2025 11:00:00,000,8,0367,
27/10/2025 12:00:00,000,8,947,
27/10/2025 13:00:00,000,9,0495,
27/10/2025 14:00:00,000,8,5492,
27/10/2025 15:00:00,000,7,6798,
27/10/2025 16:00:00,000,7,4556,
27/10/2025 17:00:00,000,7,1317,
27/10/2025 18:00:00,000,7,3719,
27/10/2025 19:00:00,000,7,3675,
27/10/2025 20:00:00,000,7,0641,
27/10/2025 21:00:00,000,7,1903,
27/10/2025 22:00:00,000,7,9725,
27/10/2025 23:00:00,000,7,8163,
28/10/2025 00:00:00,000,7,7331,
28/10/2025 01:00:00,000,7,7443,
28/10/2025 02:00:00,000,7,0563,
28/10/2025 03:00:00,000,6,8273,
28/10/2025 04:00:00,000,6,8106,
28/10/2025 05:00:00,000,6,8499,
28/10/2025 06:00:00,000,6,6804,
28/10/2025 07:00:00,000,6,932,
28/10/2025 08:00:00,000,8,279,
28/10/2025 09:00:00,000,9,5998,
28/10/2025 10:00:00,000,10,4847,
28/10/2025 11:00:00,000,11,1678,
28/10/2025 12:00:00,000,11,6184,
28/10/2025 13:00:00,000,11,5888,
28/10/2025 14:00:00,000,11,2471,
28/10/2025 15:00:00,000,9,9571,
28/10/2025 16:00:00,000,9,2251,
28/10/2025 17:00:00,000,9,1006,
28/10/2025 18:00:00,000,9,0335,
28/10/2025 19:00:00,000,9,1527,
28/10/2025 20:00:00,000,8,7654,
28/10/2025 21:00:00,000,8,4551,
28/10/2025 22:00:00,000,8,3333,
28/10/2025 23:00:00,000,7,9761,
29/10/2025 00:00:00,000,9,2009,
29/10/2025 01:00:00,000,10,4422,
29/10/2025 02:00:00,000,10,0791,
29/10/2025 03:00:00,000,9,8541,
29/10/2025 04:00:00,000,9,2268,
29/10/2025 05:00:00,000,9,005,
29/10/2025 06:00:00,000,8,7356,
29/10/2025 07:00:00,000,8,9501,
29/10/2025 08:00:00,000,10,5666,
29/10/2025 09:00:00,000,12,3949,
29/10/2025 10:00:00,000,14,1053,
29/10/2025 11:00:00,000,14,7963,
29/10/2025 12:00:00,000,15,4597,
29/10/2025 13:00:00,000,16,1194,
29/10/2025 14:00:00,000,15,9815,
29/10/2025 15:00:00,000,15,2997,
29/10/2025 16:00:00,000,12,6529,
29/10/2025 17:00:00,000,10,8948,
29/10/2025 18:00:00,000,10,2551,
29/10/2025 19:00:00,000,10,3974,
29/10/2025 20:00:00,000,10,4815,
29/10/2025 21:00:00,000,10,2413,
29/10/2025 22:00:00,000,10,9824,
29/10/2025 23:00:00,000,11,2643,
30/10/2025 00:00:00,000,11,133,
30/10/2025 01:00:00,000,10,629,
30/10/2025 02:00:00,000,9,8926,
30/10/2025 03:00:00,000,9,9786,
30/10/2025 04:00:00,000,9,8041,
30/10/2025 05:00:00,000,9,691,
30/10/2025 06:00:00,000,9,0305,
30/10/2025 07:00:00,000,9,5672,
30/10/2025 08:00:00,000,10,9737,
30/10/2025 09:00:00,000,12,8086,
30/10/2025 10:00:00,000,13,8313,
30/10/2025 11:00:00,000,14,8086,
30/10/2025 12:00:00,000,15,1096,
30/10/2025 13:00:00,000,15,6792,
30/10/2025 14:00:00,000,15,3621,
30/10/2025 15:00:00,000,15,0026,
30/10/2025 16:00:00,000,14,3652,
30/10/2025 17:00:00,000,12,8315,
30/10/2025 18:00:00,000,12,2131,
30/10/2025 19:00:00,000,11,4599,
30/10/2025 20:00:00,000,10,1136,
30/10/2025 21:00:00,000,8,9268,
30/10/2025 22:00:00,000,8,4307,
30/10/2025 23:00:00,000,7,0962,
31/10/2025 00:00:00,000,5,1672,
31/10/2025 01:00:00,000,4,7056,
31/10/2025 02:00:00,000,4,0722,
31/10/2025 03:00:00,000,3,7814,
31/10/2025 04:00:00,000,4,0193,
31/10/2025 05:00:00,000,4,218,
31/10/2025 06:00:00,000,4,4791,
31/10/2025 07:00:00,000,5,2225,
31/10/2025 08:00:00,000,6,9386,
31/10/2025 09:00:00,000,8,8695,
31/10/2025 10:00:00,000,10,8399,
31/10/2025 11:00:00,000,12,6894,
31/10/2025 12:00:00,000,13,3894,
31/10/2025 13:00:00,000,14,0111,
31/10/2025 14:00:00,000,14,3654,
31/10/2025 15:00:00,000,13,3689,
31/10/2025 16:00:00,000,12,0823,
31/10/2025 17:00:00,000,10,3792,
31/10/2025 18:00:00,000,8,9749,
31/10/2025 19:00:00,000,8,4908,
31/10/2025 20:00:00,000,8,4243,
31/10/2025 21:00:00,000,8,7816,
31/10/2025 22:00:00,000,8,6321,
31/10/2025 23:00:00,000,8,2575,
01/11/2025 00:00:00,000,7,9348,
01/11/2025 01:00:00,000,7,1753,
01/11/2025 02:00:00,000,7,165,
01/11/2025 03:00:00,000,7,0063,
01/11/2025 04:00:00,000,7,0931,
01/11/2025 05:00:00,000,7,2351,
01/11/2025 06:00:00,000,7,5387,
01/11/2025 07:00:00,000,7,9593,
01/11/2025 08:00:00,000,9,3931,
01/11/2025 09:00:00,000,11,3793,
01/11/2025 10:00:00,000,13,4047,
01/11/2025 11:00:00,000,15,2926,
01/11/2025 12:00:00,000,16,3979,
01/11/2025 13:00:00,000,17,5194,
01/11/2025 14:00:00,000,17,9076,
01/11/2025 15:00:00,000,17,5055,
01/11/2025 16:00:00,000,15,6464,
01/11/2025 17:00:00,000,14,4473,
01/11/2025 18:00:00,000,13,3757,
01/11/2025 19:00:00,000,12,5754,
01/11/2025 20:00:00,000,11,196,
01/11/2025 21:00:00,000,10,9983,
01/11/2025 22:00:00,000,10,9276,
01/11/2025 23:00:00,000,10,355,
02/11/2025 00:00:00,000,9,999,
02/11/2025 01:00:00,000,9,8402,
02/11/2025 02:00:00,000,9,5558,
02/11/2025 03:00:00,000,8,8165,
02/11/2025 04:00:00,000,8,5828,
02/11/2025 05:00:00,000,7,1357,
02/11/2025 06:00:00,000,7,0757,
02/11/2025 07:00:00,000,8,059,
02/11/2025 08:00:00,000,9,3966,
02/11/2025 09:00:00,000,11,4438,
02/11/2025 10:00:00,000,13,4694,
02/11/2025 11:00:00,000,13,8187,
02/11/2025 12:00:00,000,15,0684,
02/11/2025 13:00:00,000,15,554,
02/11/2025 14:00:00,000,15,5802,
02/11/2025 15:00:00,000,15,179,
02/11/2025 16:00:00,000,13,9968,
02/11/2025 17:00:00,000,12,9258,
02/11/2025 18:00:00,000,12,9361,
02/11/2025 19:00:00,000,12,4327,
02/11/2025 20:00:00,000,12,4592,
02/11/2025 21:00:00,000,12,5718,
02/11/2025 22:00:00,000,12,934,
02/11/2025 23:00:00,000,12,794,
03/11/2025 00:00:00,000,11,8068,
03/11/2025 01:00:00,000,11,3117,
03/11/2025 02:00:00,000,11,1944,
03/11/2025 03:00:00,000,11,2084,
03/11/2025 04:00:00,000,10,9392,
03/11/2025 05:00:00,000,10,491,
03/11/2025 06:00:00,000,10,1946,
03/11/2025 07:00:00,000,10,1561,
03/11/2025 08:00:00,000,10,3792,
03/11/2025 09:00:00,000,10,7726,
03/11/2025 10:00:00,000,11,1047,
03/11/2025 11:00:00,000,11,6238,
03/11/2025 12:00:00,000,11,4998,
03/11/2025 13:00:00,000,11,5102,
03/11/2025 14:00:00,000,10,9961,
03/11/2025 15:00:00,000,10,6914,
03/11/2025 16:00:00,000,10,3678,
03/11/2025 17:00:00,000,9,9993,
03/11/2025 18:00:00,000,9,6133,
03/11/2025 19:00:00,000,9,3289,
03/11/2025 20:00:00,000,8,7386,
03/11/2025 21:00:00,000,8,138,
03/11/2025 22:00:00,000,7,8162,
03/11/2025 23:00:00,000,7,2373,
04/11/2025 00:00:00,000,6,2572,
04/11/2025 01:00:00,000,6,2333,
04/11/2025 02:00:00,000,6,0308,
04/11/2025 03:00:00,000,5,6921,
04/11/2025 04:00:00,000,5,4458,
04/11/2025 05:00:00,000,4,6029,
04/11/2025 06:00:00,000,4,3795,
04/11/2025 07:00:00,000,5,2768,
04/11/2025 08:00:00,000,7,374,
04/11/2025 09:00:00,000,9,6763,
04/11/2025 10:00:00,000,10,9862,
04/11/2025 11:00:00,000,12,4513,
04/11/2025 12:00:00,000,13,3878,
04/11/2025 13:00:00,000,13,2455,
04/11/2025 14:00:00,000,13,2422,
04/11/2025 15:00:00,000,12,8823,
04/11/2025 16:00:00,000,10,5683,
04/11/2025 17:00:00,000,8,3957,
04/11/2025 18:00:00,000,7,4897,
04/11/2025 19:00:00,000,6,3865,
04/11/2025 20:00:00,000,5,1889,
04/11/2025 21:00:00,000,4,8632,
04/11/2025 22:00:00,000,4,2512,
04/11/2025 23:00:00,000,3,9121,
05/11/2025 00:00:00,000,3,4838,
05/11/2025 01:00:00,000,3,2814,
05/11/2025 02:00:00,000,3,0106,
05/11/2025 03:00:00,000,2,8868,
05/11/2025 04:00:00,000,2,5744,
05/11/2025 05:00:00,000,2,0849,
05/11/2025 06:00:00,000,2,06,
05/11/2025 07:00:00,000,2,8889,
05/11/2025 08:00:00,000,4,7884,
05/11/2025 09:00:00,000,6,3857,
05/11/2025 10:00:00,000,8,1247,
05/11/2025 11:00:00,000,9,824,
05/11/2025 12:00:00,000,11,3785,
05/11/2025 13:00:00,000,12,6418,
05/11/2025 14:00:00,000,13,1592,
05/11/2025 15:00:00,000,12,0921,
05/11/2025 16:00:00,000,9,7036,
05/11/2025 17:00:00,000,7,8596,
05/11/2025 18:00:00,000,6,6436,
05/11/2025 19:00:00,000,5,9239,
05/11/2025 20:00:00,000,5,0552,
05/11/2025 21:00:00,000,4,5683,
05/11/2025 22:00:00,000,4,0897,
05/11/2025 23:00:00,000,3,9345,
06/11/2025 00:00:00,000,3,7689,
06/11/2025 01:00:00,000,3,428,
06/11/2025 02:00:00,000,2,7188,
06/11/2025 03:00:00,000,2,3979,
06/11/2025 04:00:00,000,2,2776,
06/11/2025 05:00:00,000,1,9346,
06/11/2025 06:00:00,000,1,6309,
06/11/2025 07:00:00,000,2,4557,
06/11/2025 08:00:00,000,4,3785,
06/11/2025 09:00:00,000,6,7464,
06/11/2025 10:00:00,000,8,9596,
06/11/2025 11:00:00,000,11,0132,
06/11/2025 12:00:00,000,12,1544,
06/11/2025 13:00:00,000,12,7878,
06/11/2025 14:00:00,000,12,8496,
06/11/2025 15:00:00,000,11,9085,
06/11/2025 16:00:00,000,10,1783,
06/11/2025 17:00:00,000,7,8913,
06/11/2025 18:00:00,000,6,9907,
06/11/2025 19:00:00,000,6,0242,
06/11/2025 20:00:00,000,5,3052,
06/11/2025 21:00:00,000,4,9674,
06/11/2025 22:00:00,000,4,763,
06/11/2025 23:00:00,000,4,4322,
07/11/2025 00:00:00,000,3,7936,
07/11/2025 01:00:00,000,3,4305,
07/11/2025 02:00:00,000,2,9396,
07/11/2025 03:00:00,000,2,6196,
07/11/2025 04:00:00,000,2,4489,
07/11/2025 05:00:00,000,2,0373,
07/11/2025 06:00:00,000,1,8467,
07/11/2025 07:00:00,000,2,5232,
07/11/2025 08:00:00,000,4,7505,
07/11/2025 09:00:00,000,7,2697,
07/11/2025 10:00:00,000,9,4482,
07/11/2025 11:00:00,000,11,3506,
07/11/2025 12:00:00,000,12,7843,
07/11/2025 13:00:00,000,13,1014,
07/11/2025 14:00:00,000,13,3877,
07/11/2025 15:00:00,000,12,1321,
07/11/2025 16:00:00,000,9,6192,
07/11/2025 17:00:00,000,7,6073,
07/11/2025 18:00:00,000,6,715,
07/11/2025 19:00:00,000,6,2194,
07/11/2025 20:00:00,000,4,9802,
07/11/2025 21:00:00,000,3,7958,
07/11/2025 22:00:00,000,3,5301,
07/11/2025 23:00:00,000,3,4322,
08/11/2025 00:00:00,000,3,0541,
08/11/2025 01:00:00,000,2,7668,
08/11/2025 02:00:00,000,2,7645,
08/11/2025 03:00:00,000,2,9596,
08/11/2025 04:00:00,000,3,7203,
08/11/2025 05:00:00,000,4,2844,
08/11/2025 06:00:00,000,4,5916,
08/11/2025 07:00:00,000,5,0895,
08/11/2025 08:00:00,000,6,1766,
08/11/2025 09:00:00,000,7,3277,
08/11/2025 10:00:00,000,7,9266,
08/11/2025 11:00:00,000,8,445,
08/11/2025 12:00:00,000,8,7674,
08/11/2025 13:00:00,000,8,7255,
08/11/2025 14:00:00,000,8,9117,
08/11/2025 15:00:00,000,8,7211,
08/11/2025 16:00:00,000,8,3385,
08/11/2025 17:00:00,000,8,4038,
08/11/2025 18:00:00,000,8,192,
08/11/2025 19:00:00,000,7,9807,
08/11/2025 20:00:00,000,7,5085,
08/11/2025 21:00:00,000,7,6024,
08/11/2025 22:00:00,000,7,5655,
08/11/2025 23:00:00,000,7,1723,
09/11/2025 00:00:00,000,7,0867,
09/11/2025 01:00:00,000,7,2955,
09/11/2025 02:00:00,000,7,6068,
09/11/2025 03:00:00,000,7,7561,
09/11/2025 04:00:00,000,7,3108,
09/11/2025 05:00:00,000,6,9537,
09/11/2025 06:00:00,000,6,7424,
09/11/2025 07:00:00,000,7,1825,
09/11/2025 08:00:00,000,7,7748,
09/11/2025 09:00:00,000,8,1964,
09/11/2025 10:00:00,000,8,8511,
09/11/2025 11:00:00,000,9,5082,
09/11/2025 12:00:00,000,9,753,
09/11/2025 13:00:00,000,10,1242,
09/11/2025 14:00:00,000,10,6917,
09/11/2025 15:00:00,000,10,4404,
09/11/2025 16:00:00,000,9,3655,
09/11/2025 17:00:00,000,8,621,
09/11/2025 18:00:00,000,8,1463,
09/11/2025 19:00:00,000,7,8008,
09/11/2025 20:00:00,000,7,6546,
09/11/2025 21:00:00,000,7,5098,
09/11/2025 22:00:00,000,7,2033,
09/11/2025 23:00:00,000,6,8367,
10/11/2025 00:00:00,000,6,8173,
10/11/2025 01:00:00,000,6,8948,
10/11/2025 02:00:00,000,6,8647,
10/11/2025 03:00:00,000,6,973,
10/11/2025 04:00:00,000,6,7039,
10/11/2025 05:00:00,000,6,4721,
10/11/2025 06:00:00,000,6,3306,
10/11/2025 07:00:00,000,6,5358,
10/11/2025 08:00:00,000,7,0571,
10/11/2025 09:00:00,000,7,6572,
10/11/2025 10:00:00,000,8,5317,
10/11/2025 11:00:00,000,9,4056,
10/11/2025 12:00:00,000,9,6087,
10/11/2025 13:00:00,000,10,1065,
10/11/2025 14:00:00,000,10,2927,
10/11/2025 15:00:00,000,9,8887,
10/11/2025 16:00:00,000,8,9369,
10/11/2025 17:00:00,000,8,2833,
10/11/2025 18:00:00,000,7,8838,
10/11/2025 19:00:00,000,7,466,
10/11/2025 20:00:00,000,6,7985,
10/11/2025 21:00:00,000,5,7706,
10/11/2025 22:00:00,000,4,8856,
10/11/2025 23:00:00,000,3,8483,
11/11/2025 00:00:00,000,3,0627,
11/11/2025 01:00:00,000,3,0778,
11/11/2025 02:00:00,000,2,9328,
11/11/2025 03:00:00,000,2,4636,
11/11/2025 04:00:00,000,2,3341,
11/11/2025 05:00:00,000,2,8195,
11/11/2025 06:00:00,000,3,1703,
11/11/2025 07:00:00,000,3,432,
11/11/2025 08:00:00,000,4,24,
11/11/2025 09:00:00,000,5,9014,
11/11/2025 10:00:00,000,7,4865,
11/11/2025 11:00:00,000,8,7151,
11/11/2025 12:00:00,000,10,0385,
11/11/2025 13:00:00,000,9,6033,
11/11/2025 14:00:00,000,8,9,
11/11/2025 15:00:00,000,7,8185,
11/11/2025 16:00:00,000,7,1008,
11/11/2025 17:00:00,000,6,8726,
11/11/2025 18:00:00,000,6,6329,
11/11/2025 19:00:00,000,5,8976,
11/11/2025 20:00:00,000,5,7091,
11/11/2025 21:00:00,000,5,7843,
11/11/2025 22:00:00,000,5,5821,
11/11/2025 23:00:00,000,5,2609,
12/11/2025 00:00:00,000,4,9307,
12/11/2025 01:00:00,000,4,7256,
12/11/2025 02:00:00,000,4,5362,
12/11/2025 03:00:00,000,4,3535,
12/11/2025 04:00:00,000,4,3011,
12/11/2025 05:00:00,000,4,2386,
12/11/2025 06:00:00,000,4,3764,
12/11/2025 07:00:00,000,4,4987,
12/11/2025 08:00:00,000,4,6754,
12/11/2025 09:00:00,000,5,0211,
12/11/2025 10:00:00,000,5,2555,
12/11/2025 11:00:00,000,5,7,
12/11/2025 12:00:00,000,5,9795,
12/11/2025 13:00:00,000,6,1924,
12/11/2025 14:00:00,000,6,4453,
12/11/2025 15:00:00,000,5,991,
12/11/2025 16:00:00,000,5,4536,
12/11/2025 17:00:00,000,4,7798,
12/11/2025 18:00:00,000,4,6239,
12/11/2025 19:00:00,000,4,4746,
12/11/2025 20:00:00,000,4,6005,
12/11/2025 21:00:00,000,4,6868,
12/11/2025 22:00:00,000,4,498,
12/11/2025 23:00:00,000,4,3389,
13/11/2025 00:00:00,000,4,1008,
13/11/2025 01:00:00,000,3,9381,
13/11/2025 02:00:00,000,3,886,
13/11/2025 03:00:00,000,3,9011,
13/11/2025 04:00:00,000,3,6821,
13/11/2025 05:00:00,000,3,5937,
13/11/2025 06:00:00,000,3,6148,
13/11/2025 07:00:00,000,3,5995,
13/11/2025 08:00:00,000,3,8819,
13/11/2025 09:00:00,000,4,2526,
13/11/2025 10:00:00,000,4,5733,
13/11/2025 11:00:00,000,4,6684,
13/11/2025 12:00:00,000,4,8545,
13/11/2025 13:00:00,000,4,8973,
13/11/2025 14:00:00,000,4,8169,
13/11/2025 15:00:00,000,4,894,
13/11/2025 16:00:00,000,4,9188,
13/11/2025 17:00:00,000,4,8123,
13/11/2025 18:00:00,000,4,6591,
13/11/2025 19:00:00,000,4,6329,
13/11/2025 20:00:00,000,4,5555,
13/11/2025 21:00:00,000,4,609,
13/11/2025 22:00:00,000,4,5054,
13/11/2025 23:00:00,000,4,4361,
14/11/2025 00:00:00,000,4,3764,
14/11/2025 01:00:00,000,4,2822,
14/11/2025 02:00:00,000,4,3932,
14/11/2025 03:00:00,000,4,2228,
14/11/2025 04:00:00,000,4,273,
14/11/2025 05:00:00,000,4,1672,
14/11/2025 06:00:00,000,4,2508,
14/11/2025 07:00:00,000,4,4029,
14/11/2025 08:00:00,000,4,7404,
14/11/2025 09:00:00,000,5,0313,
14/11/2025 10:00:00,000,5,3967,
14/11/2025 11:00:00,000,5,6015,
14/11/2025 12:00:00,000,5,721,
14/11/2025 13:00:00,000,6,0931,
14/11/2025 14:00:00,000,6,2763,
14/11/2025 15:00:00,000,6,0188,
14/11/2025 16:00:00,000,5,8902,
14/11/2025 17:00:00,000,5,6535,
14/11/2025 18:00:00,000,5,6858,
14/11/2025 19:00:00,000,5,7178,
14/11/2025 20:00:00,000,5,917,
14/11/2025 21:00:00,000,6,2881,
14/11/2025 22:00:00,000,6,4238,
14/11/2025 23:00:00,000,6,1591,
15/11/2025 00:00:00,000,6,1023,
15/11/2025 01:00:00,000,5,8787,
15/11/2025 02:00:00,000,5,8509,
15/11/2025 03:00:00,000,6,0711,
15/11/2025 04:00:00,000,5,8973,
15/11/2025 05:00:00,000,5,8212,
15/11/2025 06:00:00,000,6,0398,
15/11/2025 07:00:00,000,6,119,
15/11/2025 08:00:00,000,6,3686,
15/11/2025 09:00:00,000,6,8203,
15/11/2025 10:00:00,000,7,1372,
15/11/2025 11:00:00,000,7,8073,
15/11/2025 12:00:00,000,8,0032,
15/11/2025 13:00:00,000,8,1222,
15/11/2025 14:00:00,000,8,0793,
15/11/2025 15:00:00,000,7,7427,
15/11/2025 16:00:00,000,7,7969,
15/11/2025 17:00:00,000,7,8287,
15/11/2025 18:00:00,000,7,5929,
15/11/2025 19:00:00,000,7,5183,
15/11/2025 20:00:00,000,7,3421,
15/11/2025 21:00:00,000,7,4545,
15/11/2025 22:00:00,000,7,4401,
15/11/2025 23:00:00,000,7,3119,
16/11/2025 00:00:00,000,7,3836,
16/11/2025 01:00:00,000,7,2552,
16/11/2025 02:00:00,000,7,2958,
16/11/2025 03:00:00,000,7,3424,
16/11/2025 04:00:00,000,7,3816,
16/11/2025 05:00:00,000,7,5358,
16/11/2025 06:00:00,000,7,5301,
16/11/2025 07:00:00,000,7,3366,
16/11/2025 08:00:00,000,7,58,
16/11/2025 09:00:00,000,8,0673,
16/11/2025 10:00:00,000,8,4758,
16/11/2025 11:00:00,000,8,8249,
16/11/2025 12:00:00,000,9,4168,
16/11/2025 13:00:00,000,9,3432,
16/11/2025 14:00:00,000,9,3745,
16/11/2025 15:00:00,000,9,1751,
16/11/2025 16:00:00,000,9,1281,
16/11/2025 17:00:00,000,8,7,
16/11/2025 18:00:00,000,8,4786,
16/11/2025 19:00:00,000,8,291,
16/11/2025 20:00:00,000,8,2934,
16/11/2025 21:00:00,000,8,0483,
16/11/2025 22:00:00,000,7,6804,
16/11/2025 23:00:00,000,7,7879,
17/11/2025 00:00:00,000,7,786,
17/11/2025 01:00:00,000,8,0215,
17/11/2025 02:00:00,000,8,0098,
17/11/2025 03:00:00,000,8,1414,
17/11/2025 04:00:00,000,8,261,
17/11/2025 05:00:00,000,8,218,
17/11/2025 06:00:00,000,7,7567,
17/11/2025 07:00:00,000,7,9141,
17/11/2025 08:00:00,000,7,9863,
17/11/2025 09:00:00,000,8,2544,
17/11/2025 10:00:00,000,8,6022,
17/11/2025 11:00:00,000,8,5491,
17/11/2025 12:00:00,000,8,9888,
17/11/2025 13:00:00,000,9,3012,
17/11/2025 14:00:00,000,9,0698,
17/11/2025 15:00:00,000,8,9979,
17/11/2025 16:00:00,000,8,474,
17/11/2025 17:00:00,000,7,3086,
17/11/2025 18:00:00,000,6,4644,
17/11/2025 19:00:00,000,6,1308,
17/11/2025 20:00:00,000,5,7041,
17/11/2025 21:00:00,000,5,0906,
17/11/2025 22:00:00,000,4,6275,
17/11/2025 23:00:00,000,4,6036,
18/11/2025 00:00:00,000,4,811,
18/11/2025 01:00:00,000,4,8405,
18/11/2025 02:00:00,000,4,3007,
18/11/2025 03:00:00,000,3,9701,
18/11/2025 04:00:00,000,3,7353,
18/11/2025 05:00:00,000,3,3738,
18/11/2025 06:00:00,000,2,414,
18/11/2025 07:00:00,000,(invalid),
18/11/2025 08:00:00,000,3,4689,
18/11/2025 09:00:00,000,4,6124,
18/11/2025 10:00:00,000,5,4003,
18/11/2025 11:00:00,000,5,9734,
18/11/2025 12:00:00,000,6,3157,
18/11/2025 13:00:00,000,6,3808,
18/11/2025 14:00:00,000,5,9228,
18/11/2025 15:00:00,000,4,8668,
18/11/2025 16:00:00,000,3,3825,
18/11/2025 17:00:00,000,2,1027,
18/11/2025 18:00:00,000,0,716,
18/11/2025 19:00:00,000,-0,2095,
18/11/2025 20:00:00,000,-0,8156,
18/11/2025 21:00:00,000,-1,4454,
18/11/2025 22:00:00,000,-1,8757,
18/11/2025 23:00:00,000,-2,3268,
19/11/2025 00:00:00,000,-2,5099,
19/11/2025 01:00:00,000,-2,5931,
19/11/2025 02:00:00,000,-3,0442,
19/11/2025 03:00:00,000,-3,4206,
19/11/2025 04:00:00,000,-3,5036,
19/11/2025 05:00:00,000,-3,795,
19/11/2025 06:00:00,000,-3,9819,
19/11/2025 07:00:00,000,-3,5321,
19/11/2025 08:00:00,000,-2,5769,
19/11/2025 09:00:00,000,-1,3762,
19/11/2025 10:00:00,000,0,0295,
19/11/2025 11:00:00,000,1,2012,
19/11/2025 12:00:00,000,2,3118,
19/11/2025 13:00:00,000,3,4837,
19/11/2025 14:00:00,000,3,9093,
19/11/2025 15:00:00,000,2,9948,
19/11/2025 16:00:00,000,1,1963,
19/11/2025 17:00:00,000,0,4427,
19/11/2025 18:00:00,000,0,6157,
19/11/2025 19:00:00,000,0,9935,
19/11/2025 20:00:00,000,1,1517,
19/11/2025 21:00:00,000,1,0566,
19/11/2025 22:00:00,000,1,2571,
19/11/2025 23:00:00,000,1,7073,
20/11/2025 00:00:00,000,1,9673,
20/11/2025 01:00:00,000,2,1447,
20/11/2025 02:00:00,000,2,3686,
20/11/2025 03:00:00,000,2,5711,
20/11/2025 04:00:00,000,2,833,
20/11/2025 05:00:00,000,2,8591,
20/11/2025 06:00:00,000,3,0037,
20/11/2025 07:00:00,000,2,7421,
20/11/2025 08:00:00,000,2,7323,
20/11/2025 09:00:00,000,3,3718,
20/11/2025 10:00:00,000,3,8082,
20/11/2025 11:00:00,000,4,3166,
20/11/2025 12:00:00,000,4,5221,
20/11/2025 13:00:00,000,4,5443,
20/11/2025 14:00:00,000,4,4276,
20/11/2025 15:00:00,000,4,2732,
20/11/2025 16:00:00,000,3,9382,
20/11/2025 17:00:00,000,3,5313,
20/11/2025 18:00:00,000,3,2246,
20/11/2025 19:00:00,000,2,9355,
20/11/2025 20:00:00,000,2,8874,
20/11/2025 21:00:00,000,2,5616,
20/11/2025 22:00:00,000,2,4776,
20/11/2025 23:00:00,000,2,9054,
21/11/2025 00:00:00,000,2,9943,
21/11/2025 01:00:00,000,3,1048,
21/11/2025 02:00:00,000,3,4628,
21/11/2025 03:00:00,000,3,4387,
21/11/2025 04:00:00,000,3,2514,
21/11/2025 05:00:00,000,3,1089,
21/11/2025 06:00:00,000,2,8734,
21/11/2025 07:00:00,000,2,6639,
21/11/2025 08:00:00,000,2,6287,
21/11/2025 09:00:00,000,2,7636,
21/11/2025 10:00:00,000,2,8154,
21/11/2025 11:00:00,000,2,8361,
21/11/2025 12:00:00,000,2,7343,
21/11/2025 13:00:00,000,2,4185,
21/11/2025 14:00:00,000,2,2729,
21/11/2025 15:00:00,000,2,2354,
21/11/2025 16:00:00,000,2,0789,
21/11/2025 17:00:00,000,1,8356,
21/11/2025 18:00:00,000,1,6948,
21/11/2025 19:00:00,000,1,4089,
21/11/2025 20:00:00,000,1,0768,
21/11/2025 21:00:00,000,0,882,
21/11/2025 22:00:00,000,0,8117,
21/11/2025 23:00:00,000,0,6532,
22/11/2025 00:00:00,000,0,5511,
22/11/2025 01:00:00,000,0,5986,
22/11/2025 02:00:00,000,0,7189,
22/11/2025 03:00:00,000,0,9014,
22/11/2025 04:00:00,000,0,96,
22/11/2025 05:00:00,000,0,8225,
22/11/2025 06:00:00,000,0,787,
22/11/2025 07:00:00,000,0,803,
22/11/2025 08:00:00,000,0,9558,
22/11/2025 09:00:00,000,1,2772,
22/11/2025 10:00:00,000,1,6613,
22/11/2025 11:00:00,000,1,8782,
22/11/2025 12:00:00,000,2,0474,
22/11/2025 13:00:00,000,2,0916,
22/11/2025 14:00:00,000,2,0103,
22/11/2025 15:00:00,000,1,7541,
22/11/2025 16:00:00,000,1,5971,
22/11/2025 17:00:00,000,1,6281,
22/11/2025 18:00:00,000,1,5138,
22/11/2025 19:00:00,000,1,0298,
22/11/2025 20:00:00,000,0,3544,
22/11/2025 21:00:00,000,(invalid),
22/11/2025 22:00:00,000,-0,3044,
22/11/2025 23:00:00,000,-0,5927,
23/11/2025 00:00:00,000,-0,6769,
23/11/2025 01:00:00,000,-0,7596,
23/11/2025 02:00:00,000,-0,7924,
23/11/2025 03:00:00,000,-0,7082,
23/11/2025 04:00:00,000,-0,7462,
23/11/2025 05:00:00,000,-0,8353,
23/11/2025 06:00:00,000,-0,8835,
23/11/2025 07:00:00,000,-0,9648,
23/11/2025 08:00:00,000,-0,8601,
23/11/2025 09:00:00,000,-0,6476,
23/11/2025 10:00:00,000,-0,3129,
23/11/2025 11:00:00,000,0,1109,
23/11/2025 12:00:00,000,0,4061,
23/11/2025 13:00:00,000,0,512,
23/11/2025 14:00:00,000,0,2346,
23/11/2025 15:00:00,000,-0,1191,
23/11/2025 16:00:00,000,-0,4645,
23/11/2025 17:00:00,000,-0,8059,
23/11/2025 18:00:00,000,-1,04,
23/11/2025 19:00:00,000,-1,8512,
23/11/2025 20:00:00,000,-2,6773,
23/11/2025 21:00:00,000,-3,0669,
23/11/2025 22:00:00,000,-3,5821,
23/11/2025 23:00:00,000,-3,6695,
24/11/2025 00:00:00,000,-3,6169,
24/11/2025 01:00:00,000,-3,6594,
24/11/2025 02:00:00,000,-3,7417,
24/11/2025 03:00:00,000,-3,7884,
24/11/2025 04:00:00,000,-3,4303,
24/11/2025 05:00:00,000,-3,2057,
24/11/2025 06:00:00,000,-2,8308,
24/11/2025 07:00:00,000,-2,3396,
24/11/2025 08:00:00,000,-1,8513,
24/11/2025 09:00:00,000,-1,1188,
24/11/2025 10:00:00,000,-0,411,
24/11/2025 11:00:00,000,0,0197,
24/11/2025 12:00:00,000,0,2018,
24/11/2025 13:00:00,000,0,4051,
24/11/2025 14:00:00,000,0,5902,
24/11/2025 15:00:00,000,0,5256,
24/11/2025 16:00:00,000,0,5648,
24/11/2025 17:00:00,000,0,8094,
24/11/2025 18:00:00,000,0,9191,
24/11/2025 19:00:00,000,1,1043,
24/11/2025 20:00:00,000,1,3047,
24/11/2025 21:00:00,000,1,2439,
24/11/2025 22:00:00,000,1,2264,
24/11/2025 23:00:00,000,1,3183,
25/11/2025 00:00:00,000,1,3887,
25/11/2025 01:00:00,000,1,579,
25/11/2025 02:00:00,000,1,997,
25/11/2025 03:00:00,000,2,201,
25/11/2025 04:00:00,000,2,3478,
25/11/2025 05:00:00,000,2,5234,
25/11/2025 06:00:00,000,2,7189,
25/11/2025 07:00:00,000,2,8982,
25/11/2025 08:00:00,000,3,1219,
25/11/2025 09:00:00,000,3,3254,
25/11/2025 10:00:00,000,3,4189,
25/11/2025 11:00:00,000,3,7363,
25/11/2025 12:00:00,000,3,8075,
25/11/2025 13:00:00,000,3,6019,
25/11/2025 14:00:00,000,3,6653,
25/11/2025 15:00:00,000,3,4603,
25/11/2025 16:00:00,000,3,224,
25/11/2025 17:00:00,000,3,1111,
25/11/2025 18:00:00,000,3,2629,
25/11/2025 19:00:00,000,3,1395,
25/11/2025 20:00:00,000,2,9652,
25/11/2025 21:00:00,000,2,6384,
25/11/2025 22:00:00,000,2,5722,
25/11/2025 23:00:00,000,2,7312,
26/11/2025 00:00:00,000,2,9184,
26/11/2025 01:00:00,000,2,9047,
26/11/2025 02:00:00,000,2,9104,
26/11/2025 03:00:00,000,3,1804,
26/11/2025 04:00:00,000,3,0502,
26/11/2025 05:00:00,000,3,0849,
26/11/2025 06:00:00,000,3,0739,
26/11/2025 07:00:00,000,3,0848,
26/11/2025 08:00:00,000,3,1893,
26/11/2025 09:00:00,000,3,2807,
26/11/2025 10:00:00,000,3,2573,
26/11/2025 11:00:00,000,3,5197,
26/11/2025 12:00:00,000,3,7577,
26/11/2025 13:00:00,000,3,8465,
26/11/2025 14:00:00,000,3,7691,
26/11/2025 15:00:00,000,3,4275,
26/11/2025 16:00:00,000,3,1851,
26/11/2025 17:00:00,000,2,8505,
26/11/2025 18:00:00,000,2,5477,
26/11/2025 19:00:00,000,2,3034,
26/11/2025 20:00:00,000,2,1539,
26/11/2025 21:00:00,000,2,044,
26/11/2025 22:00:00,000,1,819,
26/11/2025 23:00:00,000,1,6998,
27/11/2025 00:00:00,000,1,6663,
27/11/2025 01:00:00,000,1,7826,
27/11/2025 02:00:00,000,1,8932,
27/11/2025 03:00:00,000,1,8001,
27/11/2025 04:00:00,000,1,7989,
27/11/2025 05:00:00,000,1,7548,
27/11/2025 06:00:00,000,1,6089,
27/11/2025 07:00:00,000,1,7402,
27/11/2025 08:00:00,000,2,3002,
27/11/2025 09:00:00,000,3,2273,
27/11/2025 10:00:00,000,4,0575,
27/11/2025 11:00:00,000,4,6077,
27/11/2025 12:00:00,000,4,6907,
27/11/2025 13:00:00,000,4,5074,
27/11/2025 14:00:00,000,4,2481,
27/11/2025 15:00:00,000,3,479,
27/11/2025 16:00:00,000,2,635,
27/11/2025 17:00:00,000,2,0049,
27/11/2025 18:00:00,000,1,3409,
27/11/2025 19:00:00,000,1,0725,
27/11/2025 20:00:00,000,0,872,
27/11/2025 21:00:00,000,0,3748,
27/11/2025 22:00:00,000,(invalid),
27/11/2025 23:00:00,000,-0,080935721,
28/11/2025 00:00:00,000,-0,794743376,
28/11/2025 01:00:00,000,-1,89427459,
28/11/2025 02:00:00,000,-1,86582988,
28/11/2025 03:00:00,000,-1,51400315,
28/11/2025 04:00:00,000,-1,81896747,
28/11/2025 05:00:00,000,-2,32363279,
28/11/2025 06:00:00,000,-2,61023005,
28/11/2025 07:00:00,000,-2,13204398,
28/11/2025 08:00:00,000,-1,2106276,
28/11/2025 09:00:00,000,-0,079915914,
28/11/2025 10:00:00,000,1,42696016,
28/11/2025 11:00:00,000,2,616069908,
28/11/2025 12:00:00,000,3,175238537,
28/11/2025 13:00:00,000,3,460500004,
28/11/2025 14:00:00,000,3,08381346,
28/11/2025 15:00:00,000,1,979558767,
28/11/2025 16:00:00,000,0,8437259244,
28/11/2025 17:00:00,000,0,4719946321,
28/11/2025 18:00:00,000,0,3288502857,
28/11/2025 19:00:00,000,-0,510343627,
28/11/2025 20:00:00,000,-1,14770092,
28/11/2025 21:00:00,000,-1,02665486,
28/11/2025 22:00:00,000,-1,27255284,
28/11/2025 23:00:00,000,-1,74115515,
29/11/2025 00:00:00,000,-2,01339912,
29/11/2025 01:00:00,000,-1,95167201,
29/11/2025 02:00:00,000,-1,73430539,
29/11/2025 03:00:00,000,-1,64201965,
29/11/2025 04:00:00,000,-1,47431814,
29/11/2025 05:00:00,000,-2,04303041,
29/11/2025 06:00:00,000,-2,24089926,
29/11/2025 07:00:00,000,-1,89569223,
29/11/2025 08:00:00,000,-1,22978299,
29/11/2025 09:00:00,000,-0,010056213,
29/11/2025 10:00:00,000,1,165778431,
29/11/2025 11:00:00,000,2,385737411,
29/11/2025 12:00:00,000,3,24319336,
29/11/2025 13:00:00,000,3,95820397,
29/11/2025 14:00:00,000,4,403804978,
29/11/2025 15:00:00,000,3,304332595,
29/11/2025 16:00:00,000,1,922478998,
29/11/2025 17:00:00,000,1,747241772,
29/11/2025 18:00:00,000,1,101271141,
29/11/2025 19:00:00,000,0,6138709423,
29/11/2025 20:00:00,000,0,7055828209,
29/11/2025 21:00:00,000,0,9929293679,
29/11/2025 22:00:00,000,0,8279659639,
29/11/2025 23:00:00,000,0,1201664012,
30/11/2025 00:00:00,000,0,0099266523,
30/11/2025 01:00:00,000,0,254146425,
30/11/2025 02:00:00,000,0,4415894722,
30/11/2025 03:00:00,000,0,8360906317,
30/11/2025 04:00:00,000,0,8009648755,
30/11/2025 05:00:00,000,0,7352670321,
30/11/2025 06:00:00,000,0,9470967229,
30/11/2025 07:00:00,000,1,165151048,
30/11/2025 08:00:00,000,1,482982208,
30/11/2025 09:00:00,000,1,98166296,
30/11/2025 10:00:00,000,2,519254833,
30/11/2025 11:00:00,000,2,872726552,
30/11/2025 12:00:00,000,3,254893806,
30/11/2025 13:00:00,000,3,302308973,
30/11/2025 14:00:00,000,3,262743248,
30/11/2025 15:00:00,000,2,94116927,
30/11/2025 16:00:00,000,2,527638911,
30/11/2025 17:00:00,000,2,22197345,
30/11/2025 18:00:00,000,1,828895853,
30/11/2025 19:00:00,000,1,71867029,
30/11/2025 20:00:00,000,1,66619646,
30/11/2025 21:00:00,000,1,577010596,
30/11/2025 22:00:00,000,1,558511275,
30/11/2025 23:00:00,000,1,517112626,
01/12/2025 00:00:00,000,1,45322776,
01/12/2025 01:00:00,000,1,326652667,
01/12/2025 02:00:00,000,1,148011159,
01/12/2025 03:00:00,000,1,063346643,
01/12/2025 04:00:00,000,1,019055147,
01/12/2025 05:00:00,000,0,9637720945,
01/12/2025 06:00:00,000,0,9339143579,
01/12/2025 07:00:00,000,1,090322915,
01/12/2025 08:00:00,000,1,441236769,
01/12/2025 09:00:00,000,1,840423494,
01/12/2025 10:00:00,000,2,533980914,
01/12/2025 11:00:00,000,3,610865851,
01/12/2025 12:00:00,000,4,568371733,
01/12/2025 13:00:00,000,5,145058105,
01/12/2025 14:00:00,000,4,902090369,
01/12/2025 15:00:00,000,4,614886967,
01/12/2025 16:00:00,000,4,263679444,
01/12/2025 17:00:00,000,3,951788008,
01/12/2025 18:00:00,000,3,729394873,
01/12/2025 19:00:00,000,3,538195539,
01/12/2025 20:00:00,000,3,420702427,
01/12/2025 21:00:00,000,3,362887353,
01/12/2025 22:00:00,000,2,905161975,
01/12/2025 23:00:00,000,2,570353928,
02/12/2025 00:00:00,000,2,301939695,
02/12/2025 01:00:00,000,2,100347359,
02/12/2025 02:00:00,000,1,903062463,
02/12/2025 03:00:00,000,1,832076098,
02/12/2025 04:00:00,000,1,852659481,
02/12/2025 05:00:00,000,1,885965302,
02/12/2025 06:00:00,000,1,988023731,
02/12/2025 07:00:00,000,2,06557284,
02/12/2025 08:00:00,000,2,171181635,
02/12/2025 09:00:00,000,2,236611676,
02/12/2025 10:00:00,000,2,384663346,
02/12/2025 11:00:00,000,2,602613437,
02/12/2025 12:00:00,000,2,771741186,
02/12/2025 13:00:00,000,2,846455558,
02/12/2025 14:00:00,000,2,655666662,
02/12/2025 15:00:00,000,2,61763388,
02/12/2025 16:00:00,000,2,619817391,
02/12/2025 17:00:00,000,2,613139696,
02/12/2025 18:00:00,000,2,506458308,
02/12/2025 19:00:00,000,2,330171063,
02/12/2025 20:00:00,000,2,280989469,
02/12/2025 21:00:00,000,2,197631066,
02/12/2025 22:00:00,000,2,102985397,
02/12/2025 23:00:00,000,2,104554118,
03/12/2025 00:00:00,000,2,145938256,
03/12/2025 01:00:00,000,2,405271648,
03/12/2025 02:00:00,000,2,539620496,
03/12/2025 03:00:00,000,2,630243459,
03/12/2025 04:00:00,000,2,781183339,
03/12/2025 05:00:00,000,2,874494872,
03/12/2025 06:00:00,000,3,028007726,
03/12/2025 07:00:00,000,3,060573407,
03/12/2025 08:00:00,000,3,137715978,
03/12/2025 09:00:00,000,3,479763498,
03/12/2025 10:00:00,000,3,992478206,
03/12/2025 11:00:00,000,4,348840499,
03/12/2025 12:00:00,000,4,644274508,
03/12/2025 13:00:00,000,4,882852651,
03/12/2025 14:00:00,000,5,012209965,
03/12/2025 15:00:00,000,4,941348297,
03/12/2025 16:00:00,000,4,622122621,
03/12/2025 17:00:00,000,4,475441535,
03/12/2025 18:00:00,000,4,337569598,
03/12/2025 19:00:00,000,4,345350247,
03/12/2025 20:00:00,000,4,343774721,
03/12/2025 21:00:00,000,4,355511225,
03/12/2025 22:00:00,000,4,387805817,
03/12/2025 23:00:00,000,4,351649439,
04/12/2025 00:00:00,000,4,039273346,
04/12/2025 01:00:00,000,3,932159053,
04/12/2025 02:00:00,000,3,914689227,
04/12/2025 03:00:00,000,3,910140753,
04/12/2025 04:00:00,000,3,801449951,
04/12/2025 05:00:00,000,3,692745369,
04/12/2025 06:00:00,000,3,7320514,
04/12/2025 07:00:00,000,3,88161425,
04/12/2025 08:00:00,000,4,071936363,
04/12/2025 09:00:00,000,4,426528968,
04/12/2025 10:00:00,000,4,840175604,
04/12/2025 11:00:00,000,5,240003065,
04/12/2025 12:00:00,000,5,555794276,
04/12/2025 13:00:00,000,5,938131621,
04/12/2025 14:00:00,000,6,218028224,
04/12/2025 15:00:00,000,6,183651519,
04/12/2025 16:00:00,000,5,921988704,
04/12/2025 17:00:00,000,5,935696305,
04/12/2025 18:00:00,000,5,831484686,
04/12/2025 19:00:00,000,5,945090783,
04/12/2025 20:00:00,000,5,95064515,
04/12/2025 21:00:00,000,5,888075685,
04/12/2025 22:00:00,000,5,90710994,
04/12/2025 23:00:00,000,5,87915519,
05/12/2025 00:00:00,000,5,844684863,
05/12/2025 01:00:00,000,6,106711989,
05/12/2025 02:00:00,000,6,307362174,
05/12/2025 03:00:00,000,6,188339295,
05/12/2025 04:00:00,000,6,109605601,
05/12/2025 05:00:00,000,6,338806708,
05/12/2025 06:00:00,000,6,511793359,
05/12/2025 07:00:00,000,6,676140427,
05/12/2025 08:00:00,000,6,809130703,
05/12/2025 09:00:00,000,7,466966015,
05/12/2025 10:00:00,000,8,030651704,
05/12/2025 11:00:00,000,8,339989814,
05/12/2025 12:00:00,000,7,96368664,
05/12/2025 13:00:00,000,7,428222696,
05/12/2025 14:00:00,000,6,932758723,
05/12/2025 15:00:00,000,6,725768982,
05/12/2025 16:00:00,000,6,430633214,
05/12/2025 17:00:00,000,6,405012007,
05/12/2025 18:00:00,000,6,183937478,
05/12/2025 19:00:00,000,5,973383164,
05/12/2025 20:00:00,000,5,734779372,
05/12/2025 21:00:00,000,5,533450213,
05/12/2025 22:00:00,000,5,138833507,
05/12/2025 23:00:00,000,4,970744831,
06/12/2025 00:00:00,000,5,065378038,
06/12/2025 01:00:00,000,4,824122266,
06/12/2025 02:00:00,000,4,933439781,
06/12/2025 03:00:00,000,4,739994298,
06/12/2025 04:00:00,000,4,738467915,
06/12/2025 05:00:00,000,4,559154253,
06/12/2025 06:00:00,000,4,487106477,
06/12/2025 07:00:00,000,4,369856483,
06/12/2025 08:00:00,000,4,685141848,
06/12/2025 09:00:00,000,5,557804147,
06/12/2025 10:00:00,000,6,276774072,
06/12/2025 11:00:00,000,7,083826368,
06/12/2025 12:00:00,000,7,488026937,
06/12/2025 13:00:00,000,7,448918943,
06/12/2025 14:00:00,000,7,281236513,
06/12/2025 15:00:00,000,6,841791874,
06/12/2025 16:00:00,000,6,519573686,
06/12/2025 17:00:00,000,5,94858187,
06/12/2025 18:00:00,000,5,827133213,
06/12/2025 19:00:00,000,5,568358556,
06/12/2025 20:00:00,000,5,510456003,
06/12/2025 21:00:00,000,5,490903202,
06/12/2025 22:00:00,000,5,394170604,
06/12/2025 23:00:00,000,5,483787619,
07/12/2025 00:00:00,000,5,343841244,
07/12/2025 01:00:00,000,5,191335418,
07/12/2025 02:00:00,000,4,757184031,
07/12/2025 03:00:00,000,4,863417706,
07/12/2025 04:00:00,000,4,843612882,
07/12/2025 05:00:00,000,4,634582456,
07/12/2025 06:00:00,000,4,732870845,
07/12/2025 07:00:00,000,4,904829617,
07/12/2025 08:00:00,000,5,071574582,
07/12/2025 09:00:00,000,5,400430762,
07/12/2025 10:00:00,000,5,914135249,
07/12/2025 11:00:00,000,6,272906325,
07/12/2025 12:00:00,000,6,676926328,
07/12/2025 13:00:00,000,6,935575066,
07/12/2025 14:00:00,000,6,630688165,
07/12/2025 15:00:00,000,6,523553198,
07/12/2025 16:00:00,000,6,15161623,
07/12/2025 17:00:00,000,5,997886923,
07/12/2025 18:00:00,000,5,755597272,
07/12/2025 19:00:00,000,5,601581594,
07/12/2025 20:00:00,000,5,544172547,
07/12/2025 21:00:00,000,5,559105275,
07/12/2025 22:00:00,000,5,327451696,
07/12/2025 23:00:00,000,5,267043307,
08/12/2025 00:00:00,000,5,079396051,
08/12/2025 01:00:00,000,5,194066396,
08/12/2025 02:00:00,000,5,135419066,
08/12/2025 03:00:00,000,4,990974473,
08/12/2025 04:00:00,000,4,778040946,
08/12/2025 05:00:00,000,4,751989669,
08/12/2025 06:00:00,000,4,506286445,
08/12/2025 07:00:00,000,4,634467518,
08/12/2025 08:00:00,000,4,796415503,
08/12/2025 09:00:00,000,5,137412216,
08/12/2025 10:00:00,000,5,604022608,
08/12/2025 11:00:00,000,6,208241702,
08/12/2025 12:00:00,000,6,76249598,
08/12/2025 13:00:00,000,6,873664062,
08/12/2025 14:00:00,000,6,81439622,
08/12/2025 15:00:00,000,6,585813479,
08/12/2025 16:00:00,000,6,244797116,
08/12/2025 17:00:00,000,5,828512481,
08/12/2025 18:00:00,000,5,602465426,
08/12/2025 19:00:00,000,5,496420948,
08/12/2025 20:00:00,000,5,52955056,
08/12/2025 21:00:00,000,5,503259209,
08/12/2025 22:00:00,000,5,60500693,
08/12/2025 23:00:00,000,5,560565967,
09/12/2025 00:00:00,000,5,52219456,
09/12/2025 01:00:00,000,5,340505379,
09/12/2025 02:00:00,000,5,440842054,
09/12/2025 03:00:00,000,5,361110515,
09/12/2025 04:00:00,000,5,435795643,
09/12/2025 05:00:00,000,5,287628786,
09/12/2025 06:00:00,000,5,319956102,
09/12/2025 07:00:00,000,5,170667458,
09/12/2025 08:00:00,000,5,352531973,
09/12/2025 09:00:00,000,5,443913563,
09/12/2025 10:00:00,000,5,690438678,
09/12/2025 11:00:00,000,6,026723385,
09/12/2025 12:00:00,000,6,234482301,
09/12/2025 13:00:00,000,6,351543413,
09/12/2025 14:00:00,000,6,317255168,
09/12/2025 15:00:00,000,6,102441106,
09/12/2025 16:00:00,000,5,734908026,
09/12/2025 17:00:00,000,5,323423346,
09/12/2025 18:00:00,000,5,244811713,
09/12/2025 19:00:00,000,5,217986652,
09/12/2025 20:00:00,000,5,302445518,
09/12/2025 21:00:00,000,5,371154111,
09/12/2025 22:00:00,000,5,250431226,
09/12/2025 23:00:00,000,5,208324641,
10/12/2025 00:00:00,000,5,072035387,
10/12/2025 01:00:00,000,4,949903697,
10/12/2025 02:00:00,000,4,751750491,
10/12/2025 03:00:00,000,4,749144393,
10/12/2025 04:00:00,000,4,880344664,
10/12/2025 05:00:00,000,4,825509405,
10/12/2025 06:00:00,000,4,946311122,
10/12/2025 07:00:00,000,4,923277299,
10/12/2025 08:00:00,000,4,893685436,
10/12/2025 09:00:00,000,4,922827358,
10/12/2025 10:00:00,000,4,771960389,
10/12/2025 11:00:00,000,5,117908449,
10/12/2025 12:00:00,000,5,277996415,
10/12/2025 13:00:00,000,5,641296125,
10/12/2025 14:00:00,000,5,545657272,
10/12/2025 15:00:00,000,5,42904598,
10/12/2025 16:00:00,000,5,371662377,
10/12/2025 17:00:00,000,5,265188029,
10/12/2025 18:00:00,000,5,237193696,
10/12/2025 19:00:00,000,5,193820633,
10/12/2025 20:00:00,000,4,948712642,
10/12/2025 21:00:00,000,4,819526423,
10/12/2025 22:00:00,000,4,693270492,
10/12/2025 23:00:00,000,4,388872581,
11/12/2025 00:00:00,000,4,208580299,
11/12/2025 01:00:00,000,3,91985698,
11/12/2025 02:00:00,000,3,66464667,
11/12/2025 03:00:00,000,3,469621562,
11/12/2025 04:00:00,000,3,220940111,
11/12/2025 05:00:00,000,3,133651993,
11/12/2025 06:00:00,000,3,2634011,
11/12/2025 07:00:00,000,3,398020341,
11/12/2025 08:00:00,000,4,450407378,
11/12/2025 09:00:00,000,5,606995852,
11/12/2025 10:00:00,000,6,639446028,
11/12/2025 11:00:00,000,7,764786186,
11/12/2025 12:00:00,000,8,161468221,
11/12/2025 13:00:00,000,7,95079044,
11/12/2025 14:00:00,000,7,811095366,
11/12/2025 15:00:00,000,7,369560119,
11/12/2025 16:00:00,000,6,964019442,
11/12/2025 17:00:00,000,6,272359311,
11/12/2025 18:00:00,000,5,328766856,
11/12/2025 19:00:00,000,4,195845002,
11/12/2025 20:00:00,000,4,179241411,
11/12/2025 21:00:00,000,4,101048426,
11/12/2025 22:00:00,000,3,267825502,
11/12/2025 23:00:00,000,3,164549445,
12/12/2025 00:00:00,000,3,649738826,
12/12/2025 01:00:00,000,3,827036196,
12/12/2025 02:00:00,000,3,757236383,
12/12/2025 03:00:00,000,4,040458674,
12/12/2025 04:00:00,000,3,955108236,
12/12/2025 05:00:00,000,3,983222817,
12/12/2025 06:00:00,000,3,918289716,
12/12/2025 07:00:00,000,3,643906625,
12/12/2025 08:00:00,000,3,675960717,
12/12/2025 09:00:00,000,3,91924688,
12/12/2025 10:00:00,000,4,244168447,
12/12/2025 11:00:00,000,4,446269467,
12/12/2025 12:00:00,000,4,732743412,
12/12/2025 13:00:00,000,4,892298727,
12/12/2025 14:00:00,000,4,768954882,
12/12/2025 15:00:00,000,4,421700474,
12/12/2025 16:00:00,000,4,171838982,
12/12/2025 17:00:00,000,4,000358788,
12/12/2025 18:00:00,000,3,569351013,
12/12/2025 19:00:00,000,3,222721336,
12/12/2025 20:00:00,000,3,068042384,
12/12/2025 21:00:00,000,2,778818635,
12/12/2025 22:00:00,000,2,696669754,
12/12/2025 23:00:00,000,2,592728367,
13/12/2025 00:00:00,000,2,257426951,
13/12/2025 01:00:00,000,2,097495985,
13/12/2025 02:00:00,000,1,988860661,
13/12/2025 03:00:00,000,1,919228032,
13/12/2025 04:00:00,000,1,953333793,
13/12/2025 05:00:00,000,1,837974739,
13/12/2025 06:00:00,000,1,583312448,
13/12/2025 07:00:00,000,1,521980157,
13/12/2025 08:00:00,000,1,622186969,
13/12/2025 09:00:00,000,1,642396202,
13/12/2025 10:00:00,000,1,717762119,
13/12/2025 11:00:00,000,1,939173647,
13/12/2025 12:00:00,000,2,094042305,
13/12/2025 13:00:00,000,2,094473417,
13/12/2025 14:00:00,000,2,175045256,
13/12/2025 15:00:00,000,2,265318128,
13/12/2025 16:00:00,000,2,189427586,
13/12/2025 17:00:00,000,2,233106415,
13/12/2025 18:00:00,000,2,102057292,
13/12/2025 19:00:00,000,2,108289375,
13/12/2025 20:00:00,000,2,182533298,
13/12/2025 21:00:00,000,2,077926087,
13/12/2025 22:00:00,000,2,04488418,
13/12/2025 23:00:00,000,2,011747742,
14/12/2025 00:00:00,000,1,89761128,
14/12/2025 01:00:00,000,1,848188764,
14/12/2025 02:00:00,000,1,838678719,
14/12/2025 03:00:00,000,1,960308994,
14/12/2025 04:00:00,000,1,975885721,
14/12/2025 05:00:00,000,1,979165283,
14/12/2025 06:00:00,000,1,975308117,
14/12/2025 07:00:00,000,1,943589164,
14/12/2025 08:00:00,000,2,085300022,
14/12/2025 09:00:00,000,2,30299597,
14/12/2025 10:00:00,000,2,561398824,
14/12/2025 11:00:00,000,2,765481094,
14/12/2025 12:00:00,000,2,860087557,
14/12/2025 13:00:00,000,2,801581726,
14/12/2025 14:00:00,000,2,646722354,
14/12/2025 15:00:00,000,2,433672659,
14/12/2025 16:00:00,000,2,238401841,
14/12/2025 17:00:00,000,2,039705121,
14/12/2025 18:00:00,000,1,765149823,
14/12/2025 19:00:00,000,1,505744929,
14/12/2025 20:00:00,000,1,426463522,
14/12/2025 21:00:00,000,1,44225045,
14/12/2025 22:00:00,000,1,45645477,
14/12/2025 23:00:00,000,1,473834658,
15/12/2025 00:00:00,000,1,447948439,
15/12/2025 01:00:00,000,1,346809642,
15/12/2025 02:00:00,000,1,272853019,
15/12/2025 03:00:00,000,1,176879167,
15/12/2025 04:00:00,000,1,095107732,
15/12/2025 05:00:00,000,0,9814721574,
15/12/2025 06:00:00,000,0,8742940567,
15/12/2025 07:00:00,000,0,6822537239,
15/12/2025 08:00:00,000,0,4420801542,
15/12/2025 09:00:00,000,0,3765316568,
15/12/2025 10:00:00,000,0,4157642755,
15/12/2025 11:00:00,000,0,4519452826,
15/12/2025 12:00:00,000,0,5546845738,
15/12/2025 13:00:00,000,0,5302070495,
15/12/2025 14:00:00,000,0,4954032103,
15/12/2025 15:00:00,000,0,460411304,
15/12/2025 16:00:00,000,0,3958817897,
15/12/2025 17:00:00,000,0,36490443,
15/12/2025 18:00:00,000,0,3588062503,
15/12/2025 19:00:00,000,0,3360094816,
15/12/2025 20:00:00,000,0,3072478676,
15/12/2025 21:00:00,000,0,3325296335,
15/12/2025 22:00:00,000,0,3838536364,
15/12/2025 23:00:00,000,0,4248355129,
16/12/2025 00:00:00,000,0,4794114385,
16/12/2025 01:00:00,000,0,5851381016,
16/12/2025 02:00:00,000,0,6477985463,
16/12/2025 03:00:00,000,0,6916121235,
16/12/2025 04:00:00,000,0,651671342,
16/12/2025 05:00:00,000,0,5927848093,
16/12/2025 06:00:00,000,0,5903006895,
16/12/2025 07:00:00,000,0,5753382782,
16/12/2025 08:00:00,000,0,5741869441,
16/12/2025 09:00:00,000,0,7689213866,
16/12/2025 10:00:00,000,1,002412331,
16/12/2025 11:00:00,000,1,263372877,
16/12/2025 12:00:00,000,1,588024083,
16/12/2025 13:00:00,000,1,877869529,
16/12/2025 14:00:00,000,1,939840642,
16/12/2025 15:00:00,000,1,704104437,
16/12/2025 16:00:00,000,1,393908737,
16/12/2025 17:00:00,000,1,27682585,
16/12/2025 18:00:00,000,1,016409964,
16/12/2025 19:00:00,000,0,6180904683,
16/12/2025 20:00:00,000,0,294595057,
16/12/2025 21:00:00,000,0,1184995474,
16/12/2025 22:00:00,000,0,1669512531,
16/12/2025 23:00:00,000,0,1819390256,
17/12/2025 00:00:00,000,-0,019916387,
17/12/2025 01:00:00,000,-0,335112782,
17/12/2025 02:00:00,000,-0,415208033,
17/12/2025 03:00:00,000,-0,30250845,
17/12/2025 04:00:00,000,-0,238464574,
17/12/2025 05:00:00,000,-0,265180625,
17/12/2025 06:00:00,000,-0,397840925,
17/12/2025 07:00:00,000,-0,260549647,
17/12/2025 08:00:00,000,0,1202903226,
17/12/2025 09:00:00,000,0,7360444236,
17/12/2025 10:00:00,000,1,643528609,
17/12/2025 11:00:00,000,2,450543488,
17/12/2025 12:00:00,000,3,322391327,
17/12/2025 13:00:00,000,3,951371841,
17/12/2025 14:00:00,000,4,024338578,
17/12/2025 15:00:00,000,3,544208447,
17/12/2025 16:00:00,000,3,008453596,
17/12/2025 17:00:00,000,2,75303351,
17/12/2025 18:00:00,000,2,830842426,
17/12/2025 19:00:00,000,2,753000339,
17/12/2025 20:00:00,000,2,593389118,
17/12/2025 21:00:00,000,2,649776975,
17/12/2025 22:00:00,000,2,657209999,
17/12/2025 23:00:00,000,2,800904404,
18/12/2025 00:00:00,000,2,80374914,
18/12/2025 01:00:00,000,2,809878564,
18/12/2025 02:00:00,000,2,751068451,
18/12/2025 03:00:00,000,2,714414865,
18/12/2025 04:00:00,000,2,664678904,
18/12/2025 05:00:00,000,2,570681742,
18/12/2025 06:00:00,000,2,581209237,
18/12/2025 07:00:00,000,2,446794931,
18/12/2025 08:00:00,000,2,526346593,
18/12/2025 09:00:00,000,2,85078862,
18/12/2025 10:00:00,000,3,135926442,
18/12/2025 11:00:00,000,3,50352384,
18/12/2025 12:00:00,000,3,62078593,
18/12/2025 13:00:00,000,3,638316902,
18/12/2025 14:00:00,000,3,609121852,
18/12/2025 15:00:00,000,3,355817399,
18/12/2025 16:00:00,000,3,189005127,
18/12/2025 17:00:00,000,3,125860281,
18/12/2025 18:00:00,000,3,137479831,
18/12/2025 19:00:00,000,3,030817636,
18/12/2025 20:00:00,000,3,025201121,
18/12/2025 21:00:00,000,3,062613498,
18/12/2025 22:00:00,000,3,091428846,
18/12/2025 23:00:00,000,3,234718699,
19/12/2025 00:00:00,000,3,257954889,
19/12/2025 01:00:00,000,3,444821196,
19/12/2025 02:00:00,000,3,637898438,
19/12/2025 03:00:00,000,3,707823315,
19/12/2025 04:00:00,000,3,702501308,
19/12/2025 05:00:00,000,3,725415287,
19/12/2025 06:00:00,000,3,81635178,
19/12/2025 07:00:00,000,3,954978412,
19/12/2025 08:00:00,000,4,074921166,
19/12/2025 09:00:00,000,4,480541809,
19/12/2025 10:00:00,000,4,945321218,
19/12/2025 11:00:00,000,5,412428576,
19/12/2025 12:00:00,000,5,840157814,
19/12/2025 13:00:00,000,5,867062886,
19/12/2025 14:00:00,000,6,082433956,
19/12/2025 15:00:00,000,6,20590099,
19/12/2025 16:00:00,000,5,974312511,
19/12/2025 17:00:00,000,5,796249941,
19/12/2025 18:00:00,000,5,555746695,
19/12/2025 19:00:00,000,5,343643253,
19/12/2025 20:00:00,000,5,273440547,
19/12/2025 21:00:00,000,5,250556819,
19/12/2025 22:00:00,000,5,357399011,
19/12/2025 23:00:00,000,5,23630231,
20/12/2025 00:00:00,000,5,074459097,
20/12/2025 01:00:00,000,5,021001042,
20/12/2025 02:00:00,000,4,774074091,
20/12/2025 03:00:00,000,4,789731134,
20/12/2025 04:00:00,000,4,564167007,
20/12/2025 05:00:00,000,4,548595287,
20/12/2025 06:00:00,000,4,460438062,
20/12/2025 07:00:00,000,4,426647063,
20/12/2025 08:00:00,000,4,526995409,
20/12/2025 09:00:00,000,4,832647147,
20/12/2025 10:00:00,000,5,134408309,
20/12/2025 11:00:00,000,5,362536977,
20/12/2025 12:00:00,000,5,50749792,
20/12/2025 13:00:00,000,5,431770924,
20/12/2025 14:00:00,000,5,184521597,
20/12/2025 15:00:00,000,4,897879122,
20/12/2025 16:00:00,000,4,443616694,
20/12/2025 17:00:00,000,4,194186669,
20/12/2025 18:00:00,000,3,881639267,
20/12/2025 19:00:00,000,3,808217438,
20/12/2025 20:00:00,000,3,956942058,
20/12/2025 21:00:00,000,3,759824464,
20/12/2025 22:00:00,000,3,32808849,
20/12/2025 23:00:00,000,2,78320194,
21/12/2025 00:00:00,000,2,733616521,
21/12/2025 01:00:00,000,2,707195699,
21/12/2025 02:00:00,000,2,731259579,
21/12/2025 03:00:00,000,2,749990827,
21/12/2025 04:00:00,000,2,673208584,
21/12/2025 05:00:00,000,2,727535078,
21/12/2025 06:00:00,000,2,591105759,
21/12/2025 07:00:00,000,2,549601383,
21/12/2025 08:00:00,000,2,563231469,
21/12/2025 09:00:00,000,2,644186722,
21/12/2025 10:00:00,000,2,932971248,
21/12/2025 11:00:00,000,3,219260527,
21/12/2025 12:00:00,000,3,588708233,
21/12/2025 13:00:00,000,3,912144286,
21/12/2025 14:00:00,000,4,055441652,
21/12/2025 15:00:00,000,3,917735129,
21/12/2025 16:00:00,000,3,517465033,
21/12/2025 17:00:00,000,3,310580174,
21/12/2025 18:00:00,000,3,243099511,
21/12/2025 19:00:00,000,3,179539964,
21/12/2025 20:00:00,000,3,167011058,
21/12/2025 21:00:00,000,3,08677358,
21/12/2025 22:00:00,000,2,974593886,
21/12/2025 23:00:00,000,2,839521065,
22/12/2025 00:00:00,000,2,702430445,
22/12/2025 01:00:00,000,2,592665477,
22/12/2025 02:00:00,000,2,68237537,
22/12/2025 03:00:00,000,2,607099021,
22/12/2025 04:00:00,000,2,527847377,
22/12/2025 05:00:00,000,2,622182649,
22/12/2025 06:00:00,000,2,669076464,
22/12/2025 07:00:00,000,2,693630859,
22/12/2025 08:00:00,000,2,896838947,
22/12/2025 09:00:00,000,3,187927604,
22/12/2025 10:00:00,000,3,455403851,
22/12/2025 11:00:00,000,3,768738627,
22/12/2025 12:00:00,000,3,793199699,
22/12/2025 13:00:00,000,4,038740357,
22/12/2025 14:00:00,000,4,107884569,
22/12/2025 15:00:00,000,4,000764772,
22/12/2025 16:00:00,000,3,986456803,
22/12/2025 17:00:00,000,3,983937993,
22/12/2025 18:00:00,000,4,004483543,
22/12/2025 19:00:00,000,3,931446473,
22/12/2025 20:00:00,000,3,773328121,
22/12/2025 21:00:00,000,3,62359236,
22/12/2025 22:00:00,000,3,56464931,
22/12/2025 23:00:00,000,3,440870542,
23/12/2025 00:00:00,000,3,354009072,
23/12/2025 01:00:00,000,3,149484321,
23/12/2025 02:00:00,000,3,024084795,
23/12/2025 03:00:00,000,2,92824308,
23/12/2025 04:00:00,000,2,928939594,
23/12/2025 05:00:00,000,2,897802092,
23/12/2025 06:00:00,000,2,963138682,
23/12/2025 07:00:00,000,3,002112237,
23/12/2025 08:00:00,000,3,054250552,
23/12/2025 09:00:00,000,3,231020509,
23/12/2025 10:00:00,000,3,341469511,
23/12/2025 11:00:00,000,3,44034722,
23/12/2025 12:00:00,000,3,658876487,
23/12/2025 13:00:00,000,3,795361073,
23/12/2025 14:00:00,000,3,794784841,
23/12/2025 15:00:00,000,3,772046647,
23/12/2025 16:00:00,000,3,670705411,
23/12/2025 17:00:00,000,3,618594501,
23/12/2025 18:00:00,000,3,712528961,
23/12/2025 19:00:00,000,3,309867272,
23/12/2025 20:00:00,000,2,949305268,
23/12/2025 21:00:00,000,2,76852794,
23/12/2025 22:00:00,000,2,761545149,
23/12/2025 23:00:00,000,2,658671246,
24/12/2025 00:00:00,000,2,525391592,
24/12/2025 01:00:00,000,2,475345231,
24/12/2025 02:00:00,000,2,388844438,
24/12/2025 03:00:00,000,2,078886016,
24/12/2025 04:00:00,000,1,78456383,
24/12/2025 05:00:00,000,1,606218683,
24/12/2025 06:00:00,000,1,37776913,
24/12/2025 07:00:00,000,1,232596649,
24/12/2025 08:00:00,000,1,31300147,
24/12/2025 09:00:00,000,1,510610771,
24/12/2025 10:00:00,000,1,849362036,
24/12/2025 11:00:00,000,2,113821492,
24/12/2025 12:00:00,000,2,158386717,
24/12/2025 13:00:00,000,1,970611368,
24/12/2025 14:00:00,000,1,701105293,
24/12/2025 15:00:00,000,1,120178105,
24/12/2025 16:00:00,000,0,5470565932,
24/12/2025 17:00:00,000,0,297700021,
24/12/2025 18:00:00,000,0,0982556715,
24/12/2025 19:00:00,000,-0,120653517,
24/12/2025 20:00:00,000,-0,181903485,
24/12/2025 21:00:00,000,-0,157901824,
24/12/2025 22:00:00,000,-0,225576284,
24/12/2025 23:00:00,000,-0,279340966,
25/12/2025 00:00:00,000,-0,286189548,
25/12/2025 01:00:00,000,-0,304423165,
25/12/2025 02:00:00,000,-0,298742503,
25/12/2025 03:00:00,000,-0,38065771,
25/12/2025 04:00:00,000,-0,515594896,
25/12/2025 05:00:00,000,-0,627596155,
25/12/2025 06:00:00,000,-0,699102226,
25/12/2025 07:00:00,000,-0,752737346,
25/12/2025 08:00:00,000,-0,732696031,
25/12/2025 09:00:00,000,-0,373543013,
25/12/2025 10:00:00,000,0,2549871715,
25/12/2025 11:00:00,000,0,8585966135,
25/12/2025 12:00:00,000,1,435309592,
25/12/2025 13:00:00,000,1,657473424,
25/12/2025 14:00:00,000,1,646827602,
25/12/2025 15:00:00,000,1,318475067,
25/12/2025 16:00:00,000,0,6191121174,
25/12/2025 17:00:00,000,0,1912126624,
25/12/2025 18:00:00,000,-0,090252689,
25/12/2025 19:00:00,000,-0,281755742,
25/12/2025 20:00:00,000,-0,558902565,
25/12/2025 21:00:00,000,-0,81741816,
25/12/2025 22:00:00,000,-1,0333886,
25/12/2025 23:00:00,000,-1,61406483,
26/12/2025 00:00:00,000,-2,39744562,
26/12/2025 01:00:00,000,-3,00084546,
26/12/2025 02:00:00,000,-3,37675592,
26/12/2025 03:00:00,000,-3,12897379,
26/12/2025 04:00:00,000,-2,78707057,
26/12/2025 05:00:00,000,-2,89771319,
26/12/2025 06:00:00,000,-2,69699632,
26/12/2025 07:00:00,000,-2,89955037,
26/12/2025 08:00:00,000,-2,79363135,
26/12/2025 09:00:00,000,-1,33552909,
26/12/2025 10:00:00,000,0,2484253821,
26/12/2025 11:00:00,000,1,439076446,
26/12/2025 12:00:00,000,2,803450666,
26/12/2025 13:00:00,000,3,990904532,
26/12/2025 14:00:00,000,4,061986394,
26/12/2025 15:00:00,000,3,214830826,
26/12/2025 16:00:00,000,2,012638895,
26/12/2025 17:00:00,000,1,141135123,
26/12/2025 18:00:00,000,0,9376634197,
26/12/2025 19:00:00,000,1,263877597,
26/12/2025 20:00:00,000,0,9573811969,
26/12/2025 21:00:00,000,0,7051546907,
26/12/2025 22:00:00,000,0,9718397865,
26/12/2025 23:00:00,000,0,8030990435,
27/12/2025 00:00:00,000,0,4053224205,
27/12/2025 01:00:00,000,0,3160682234,
27/12/2025 02:00:00,000,0,0696710686,
27/12/2025 03:00:00,000,-0,871639887,
27/12/2025 04:00:00,000,-1,49237887,
27/12/2025 05:00:00,000,-1,51645598,
27/12/2025 06:00:00,000,-1,62204265,
27/12/2025 07:00:00,000,-2,01953634,
27/12/2025 08:00:00,000,-1,47110379,
27/12/2025 09:00:00,000,-0,030542024,
27/12/2025 10:00:00,000,1,367828651,
27/12/2025 11:00:00,000,2,559642054,
27/12/2025 12:00:00,000,3,561778968,
27/12/2025 13:00:00,000,4,272758124,
27/12/2025 14:00:00,000,4,009227934,
27/12/2025 15:00:00,000,2,792872973,
27/12/2025 16:00:00,000,1,367989337,
27/12/2025 17:00:00,000,1,218182922,
27/12/2025 18:00:00,000,1,236917519,
27/12/2025 19:00:00,000,1,130758286,
27/12/2025 20:00:00,000,1,408827536,
27/12/2025 21:00:00,000,1,809380014,
27/12/2025 22:00:00,000,1,969277044,
27/12/2025 23:00:00,000,2,154803441,
28/12/2025 00:00:00,000,2,13649047,
28/12/2025 01:00:00,000,1,927685387,
28/12/2025 02:00:00,000,1,886118039,
28/12/2025 03:00:00,000,2,08709633,
28/12/2025 04:00:00,000,2,097700076,
28/12/2025 05:00:00,000,1,95137922,
28/12/2025 06:00:00,000,1,832592294,
28/12/2025 07:00:00,000,1,888158797,
28/12/2025 08:00:00,000,2,131802665,
28/12/2025 09:00:00,000,2,571079127,
28/12/2025 10:00:00,000,2,923038681,
28/12/2025 11:00:00,000,3,176138557,
28/12/2025 12:00:00,000,3,011854218,
28/12/2025 13:00:00,000,2,860106905,
28/12/2025 14:00:00,000,2,68448259,
28/12/2025 15:00:00,000,2,381563269,
28/12/2025 16:00:00,000,1,769514091,
28/12/2025 17:00:00,000,1,359728427,
28/12/2025 18:00:00,000,0,9145964159,
28/12/2025 19:00:00,000,0,5643387279,
28/12/2025 20:00:00,000,0,3587728824,
28/12/2025 21:00:00,000,-0,130545426,
28/12/2025 22:00:00,000,-0,576991917,
28/12/2025 23:00:00,000,-1,02797701,
29/12/2025 00:00:00,000,-1,61489765,
29/12/2025 01:00:00,000,-2,12428134,
29/12/2025 02:00:00,000,-3,08694998,
29/12/2025 03:00:00,000,-3,64012609,
29/12/2025 04:00:00,000,-3,78553232,
29/12/2025 05:00:00,000,-4,00789974,
29/12/2025 06:00:00,000,-3,97838361,
29/12/2025 07:00:00,000,-3,86010386,
29/12/2025 08:00:00,000,-2,80336298,
29/12/2025 09:00:00,000,-1,10964779,
29/12/2025 10:00:00,000,0,2621880344,
29/12/2025 11:00:00,000,1,629679508,
29/12/2025 12:00:00,000,2,251493946,
29/12/2025 13:00:00,000,2,327342204,
29/12/2025 14:00:00,000,2,094646586,
29/12/2025 15:00:00,000,1,142362317,
29/12/2025 16:00:00,000,-0,141390324,
29/12/2025 17:00:00,000,-0,723511778,
29/12/2025 18:00:00,000,-0,758093151,
29/12/2025 19:00:00,000,-1,13064087,
29/12/2025 20:00:00,000,-1,38204471,
29/12/2025 21:00:00,000,-1,3981309,
29/12/2025 22:00:00,000,-1,62837886,
29/12/2025 23:00:00,000,-1,37675193,
30/12/2025 00:00:00,000,-1,07012901,
30/12/2025 01:00:00,000,-1,24350371,
30/12/2025 02:00:00,000,-1,07805912,
30/12/2025 03:00:00,000,-1,11419771,
30/12/2025 04:00:00,000,-1,37587901,
30/12/2025 05:00:00,000,-1,67015041,
30/12/2025 06:00:00,000,-1,75825043,
30/12/2025 07:00:00,000,-1,89795071,
30/12/2025 08:00:00,000,-1,38720624,
30/12/2025 09:00:00,000,-0,247080147,
30/12/2025 10:00:00,000,0,0695472546,
30/12/2025 11:00:00,000,0,2763666694,
30/12/2025 12:00:00,000,0,6268097367,
30/12/2025 13:00:00,000,0,5310652761,
30/12/2025 14:00:00,000,0,4276800987,
30/12/2025 15:00:00,000,0,
30/12/2025 16:00:00,000,-0,527598785,
30/12/2025 17:00:00,000,-0,971072852,
30/12/2025 18:00:00,000,-1,59448443,
30/12/2025 19:00:00,000,-2,10532833,
30/12/2025 20:00:00,000,-2,12013158,
30/12/2025 21:00:00,000,-1,7819998,
30/12/2025 22:00:00,000,-1,77056703,
30/12/2025 23:00:00,000,-1,96044617,
31/12/2025 00:00:00,000,-2,01755213,
31/12/2025 01:00:00,000,-2,17973551,
31/12/2025 02:00:00,000,-2,40594522,
31/12/2025 03:00:00,000,-2,60650319,
31/12/2025 04:00:00,000,-2,71903526,
31/12/2025 05:00:00,000,-3,09800148,
31/12/2025 06:00:00,000,-3,27961736,
31/12/2025 07:00:00,000,-3,36011399,
31/12/2025 08:00:00,000,-3,30765357,
31/12/2025 09:00:00,000,-2,55135525,
31/12/2025 10:00:00,000,-1,56948651,
31/12/2025 11:00:00,000,-1,17332109,
31/12/2025 12:00:00,000,-0,772542286,
31/12/2025 13:00:00,000,-0,688531154,
31/12/2025 14:00:00,000,-0,914929374,
31/12/2025 15:00:00,000,-1,59516957,
31/12/2025 16:00:00,000,-2,28466758,
31/12/2025 17:00:00,000,-2,73797895,
31/12/2025 18:00:00,000,-2,55347923,
31/12/2025 19:00:00,000,-2,27782091,
31/12/2025 20:00:00,000,-2,35280108,
31/12/2025 21:00:00,000,-2,10081311,
31/12/2025 22:00:00,000,-1,65706045,
31/12/2025 23:00:00,000,-1,16643601,
01/01/2026 00:00:00,000,-1,05617356,
01/01/2026 01:00:00,000,-1,36693314,
01/01/2026 02:00:00,000,-1,69017889,
01/01/2026 03:00:00,000,-1,78756849,
01/01/2026 04:00:00,000,-1,78332411,
01/01/2026 05:00:00,000,-1,61469744,
01/01/2026 06:00:00,000,-1,77004248,
01/01/2026 07:00:00,000,-1,48201681,
01/01/2026 08:00:00,000,-0,927086093,
01/01/2026 09:00:00,000,-0,58088162,
01/01/2026 10:00:00,000,0,0809333603,
01/01/2026 11:00:00,000,0,7496514846,
01/01/2026 12:00:00,000,1,095724436,
01/01/2026 13:00:00,000,1,539243616,
01/01/2026 14:00:00,000,1,505092476,
01/01/2026 15:00:00,000,0,8094622913,
01/01/2026 16:00:00,000,-0,208214625,
01/01/2026 17:00:00,000,-0,975096528,
01/01/2026 18:00:00,000,-1,46548262,
01/01/2026 19:00:00,000,-2,04668437,
01/01/2026 20:00:00,000,-2,39231691,
01/01/2026 21:00:00,000,-2,42712672,
01/01/2026 22:00:00,000,-1,67831068,
01/01/2026 23:00:00,000,-1,25869569,
02/01/2026 00:00:00,000,-1,38501436,
02/01/2026 01:00:00,000,-0,754012993,
02/01/2026 02:00:00,000,-0,2330962,
02/01/2026 03:00:00,000,0,7365028966,
02/01/2026 04:00:00,000,1,455456434,
02/01/2026 05:00:00,000,1,428502257,
02/01/2026 06:00:00,000,1,609430929,
02/01/2026 07:00:00,000,1,660651704,
02/01/2026 08:00:00,000,0,7722485887,
02/01/2026 09:00:00,000,0,0882569659,
02/01/2026 10:00:00,000,0,6195262034,
02/01/2026 11:00:00,000,1,271267286,
02/01/2026 12:00:00,000,2,35849533,
02/01/2026 13:00:00,000,3,012579917,
02/01/2026 14:00:00,000,2,861585077,
02/01/2026 15:00:00,000,2,674628149,
02/01/2026 16:00:00,000,2,333036191,
02/01/2026 17:00:00,000,1,863881988,
02/01/2026 18:00:00,000,1,477759534,
02/01/2026 19:00:00,000,1,072239989,
02/01/2026 20:00:00,000,-0,292888802,
02/01/2026 21:00:00,000,-1,86167246,
02/01/2026 22:00:00,000,-1,99953496,
02/01/2026 23:00:00,000,-1,96312041,
03/01/2026 00:00:00,000,-1,76503326,
03/01/2026 01:00:00,000,-1,79352298,
03/01/2026 02:00:00,000,-1,90921717,
03/01/2026 03:00:00,000,-1,21642357,
03/01/2026 04:00:00,000,-0,843974953,
03/01/2026 05:00:00,000,-1,15581463,
03/01/2026 06:00:00,000,-0,936137758,
03/01/2026 07:00:00,000,-0,949268597,
03/01/2026 08:00:00,000,-0,780430564,
03/01/2026 09:00:00,000,0,2650190046,
03/01/2026 10:00:00,000,1,467671355,
03/01/2026 11:00:00,000,2,340381541,
03/01/2026 12:00:00,000,2,812505679,
03/01/2026 13:00:00,000,3,194906192,
03/01/2026 14:00:00,000,3,126845598,
03/01/2026 15:00:00,000,2,112779082,
03/01/2026 16:00:00,000,0,7059370302,
03/01/2026 17:00:00,000,0,2243118883,
03/01/2026 18:00:00,000,-0,395651646,
03/01/2026 19:00:00,000,-1,1464387,
03/01/2026 20:00:00,000,-1,04390919,
03/01/2026 21:00:00,000,-1,43497619,
03/01/2026 22:00:00,000,-1,52287876,
03/01/2026 23:00:00,000,-1,7140261,
04/01/2026 00:00:00,000,-1,7813243,
04/01/2026 01:00:00,000,-1,49774517,
04/01/2026 02:00:00,000,-1,57507619,
04/01/2026 03:00:00,000,-1,53668875,
04/01/2026 04:00:00,000,-1,73381519,
04/01/2026 05:00:00,000,-1,6871019,
04/01/2026 06:00:00,000,-1,59196425,
04/01/2026 07:00:00,000,-1,9316381,
04/01/2026 08:00:00,000,-1,77115919,
04/01/2026 09:00:00,000,-1,08734987,
04/01/2026 10:00:00,000,-0,374314705,
04/01/2026 11:00:00,000,0,4595298527,
04/01/2026 12:00:00,000,1,150058235,
04/01/2026 13:00:00,000,1,581623524,
04/01/2026 14:00:00,000,1,492191173,
04/01/2026 15:00:00,000,0,4870597546,
04/01/2026 16:00:00,000,-0,856700506,
04/01/2026 17:00:00,000,-2,36540213,
04/01/2026 18:00:00,000,-3,53430765,
04/01/2026 19:00:00,000,-4,04168321,
04/01/2026 20:00:00,000,-4,32219607,
04/01/2026 21:00:00,000,-5,25624074,
04/01/2026 22:00:00,000,-5,89288153,
04/01/2026 23:00:00,000,-6,85210466,
05/01/2026 00:00:00,000,-7,25076031,
05/01/2026 01:00:00,000,-7,76373322,
05/01/2026 02:00:00,000,-8,20104886,
05/01/2026 03:00:00,000,-8,41307515,
05/01/2026 04:00:00,000,-8,66879172,
05/01/2026 05:00:00,000,-8,60159434,
05/01/2026 06:00:00,000,-8,3897566,
05/01/2026 07:00:00,000,-8,25421195,
05/01/2026 08:00:00,000,-7,14715748,
05/01/2026 09:00:00,000,-6,01890909,
05/01/2026 10:00:00,000,-4,68050914,
05/01/2026 11:00:00,000,-3,43121243,
05/01/2026 12:00:00,000,-2,95953913,
05/01/2026 13:00:00,000,-2,616977,
05/01/2026 14:00:00,000,-2,47219402,
05/01/2026 15:00:00,000,-2,69678121,
05/01/2026 16:00:00,000,-2,87895493,
05/01/2026 17:00:00,000,-2,61206705,
05/01/2026 18:00:00,000,-2,62943535,
05/01/2026 19:00:00,000,-2,77934316,
05/01/2026 20:00:00,000,-3,00435797,
05/01/2026 21:00:00,000,-2,96433552,
05/01/2026 22:00:00,000,-3,08426326,
05/01/2026 23:00:00,000,-3,28127443,
06/01/2026 00:00:00,000,-3,28388849,
06/01/2026 01:00:00,000,-3,26045108,
06/01/2026 02:00:00,000,-3,19374113,
06/01/2026 03:00:00,000,-3,16248742,
06/01/2026 04:00:00,000,-3,08662509,
06/01/2026 05:00:00,000,-3,27343639,
06/01/2026 06:00:00,000,-3,5778348,
06/01/2026 07:00:00,000,-3,69412619,
06/01/2026 08:00:00,000,-3,23841269,
06/01/2026 09:00:00,000,-2,84848032,
06/01/2026 10:00:00,000,-2,31252418,
06/01/2026 11:00:00,000,-1,91706981,
06/01/2026 12:00:00,000,-1,41763162,
06/01/2026 13:00:00,000,-1,26441645,
06/01/2026 14:00:00,000,-1,48236389,
06/01/2026 15:00:00,000,-1,7739908,
06/01/2026 16:00:00,000,-2,02997096,
06/01/2026 17:00:00,000,-2,19762939,
06/01/2026 18:00:00,000,-2,37289558,
06/01/2026 19:00:00,000,-2,42297339,
06/01/2026 20:00:00,000,-2,74460562,
06/01/2026 21:00:00,000,-2,9141169,
06/01/2026 22:00:00,000,-2,85880722,
06/01/2026 23:00:00,000,-3,13241305,
07/01/2026 00:00:00,000,-3,29716483,
07/01/2026 01:00:00,000,-3,48556609,
07/01/2026 02:00:00,000,-3,58788356,
07/01/2026 03:00:00,000,-3,59109376,
07/01/2026 04:00:00,000,-3,76687541,
07/01/2026 05:00:00,000,-3,73903084,
07/01/2026 06:00:00,000,-3,9264378,
07/01/2026 07:00:00,000,-4,04045815,
07/01/2026 08:00:00,000,-3,78105345,
07/01/2026 09:00:00,000,-3,31403975,
07/01/2026 10:00:00,000,-2,51167677,
07/01/2026 11:00:00,000,-2,40443691,
07/01/2026 12:00:00,000,-2,22359808,
07/01/2026 13:00:00,000,-2,14122089,
07/01/2026 14:00:00,000,-2,30138614,
07/01/2026 15:00:00,000,-2,68591802,
07/01/2026 16:00:00,000,-3,05590568,
07/01/2026 17:00:00,000,-3,44314494,
07/01/2026 18:00:00,000,-3,75167963,
07/01/2026 19:00:00,000,-4,08556067,
07/01/2026 20:00:00,000,-4,15826673,
07/01/2026 21:00:00,000,-4,110865,
07/01/2026 22:00:00,000,-4,42997096,
07/01/2026 23:00:00,000,-4,61609849,
08/01/2026 00:00:00,000,-4,67984289,
08/01/2026 01:00:00,000,-5,02794901,
08/01/2026 02:00:00,000,-5,19395068,
08/01/2026 03:00:00,000,-5,22893038,
08/01/2026 04:00:00,000,-5,18872606,
08/01/2026 05:00:00,000,-5,26250025,
08/01/2026 06:00:00,000,-5,30762437,
08/01/2026 07:00:00,000,-5,60651355,
08/01/2026 08:00:00,000,-5,37441682,
08/01/2026 09:00:00,000,-5,13500885,
08/01/2026 10:00:00,000,-4,5154642,
08/01/2026 11:00:00,000,-3,56499299,
08/01/2026 12:00:00,000,-2,94721953,
08/01/2026 13:00:00,000,-2,47941578,
08/01/2026 14:00:00,000,-2,40164282,
08/01/2026 15:00:00,000,-2,80211292,
08/01/2026 16:00:00,000,-3,3805003,
08/01/2026 17:00:00,000,-3,91024001,
08/01/2026 18:00:00,000,-4,15000665,
08/01/2026 19:00:00,000,-4,20791864,
08/01/2026 20:00:00,000,-4,32116783,
08/01/2026 21:00:00,000,-4,89658034,
08/01/2026 22:00:00,000,-5,37550745,
08/01/2026 23:00:00,000,-5,95110563,
09/01/2026 00:00:00,000,-6,8277469,
09/01/2026 01:00:00,000,-8,21085441,
09/01/2026 02:00:00,000,-9,115442,
09/01/2026 03:00:00,000,-9,0593391,
09/01/2026 04:00:00,000,-9,724238,
09/01/2026 05:00:00,000,-9,61565203,
09/01/2026 06:00:00,000,-9,47877749,
09/01/2026 07:00:00,000,-9,52650541,
09/01/2026 08:00:00,000,-9,25779639,
09/01/2026 09:00:00,000,-8,90921955,
09/01/2026 10:00:00,000,-8,14187879,
09/01/2026 11:00:00,000,-7,08496641,
09/01/2026 12:00:00,000,-6,9546993,
09/01/2026 13:00:00,000,-6,9044182,
09/01/2026 14:00:00,000,-6,67876288,
09/01/2026 15:00:00,000,-6,65784515,
09/01/2026 16:00:00,000,-6,57610924,
09/01/2026 17:00:00,000,-6,49715092,
09/01/2026 18:00:00,000,-6,69808481,
09/01/2026 19:00:00,000,-6,80938395,
09/01/2026 20:00:00,000,-6,427266,
09/01/2026 21:00:00,000,-6,34177476,
09/01/2026 22:00:00,000,-6,02987587,
09/01/2026 23:00:00,000,-5,9702641,
10/01/2026 00:00:00,000,-6,4156289,
10/01/2026 01:00:00,000,-6,67170456,
10/01/2026 02:00:00,000,-6,75638331,
10/01/2026 03:00:00,000,-6,44005188,
10/01/2026 04:00:00,000,-6,34930844,
10/01/2026 05:00:00,000,-6,17588487,
10/01/2026 06:00:00,000,-6,19055092,
10/01/2026 07:00:00,000,-6,12308945,
10/01/2026 08:00:00,000,-5,7274543,
10/01/2026 09:00:00,000,-5,15691921,
10/01/2026 10:00:00,000,-4,51234614,
10/01/2026 11:00:00,000,-3,91268501,
10/01/2026 12:00:00,000,-3,72966171,
10/01/2026 13:00:00,000,-3,54686989,
10/01/2026 14:00:00,000,-3,45599248,
10/01/2026 15:00:00,000,-3,65871493,
10/01/2026 16:00:00,000,-4,55607902,
10/01/2026 17:00:00,000,-5,71266715,
10/01/2026 18:00:00,000,-6,38418839,
10/01/2026 19:00:00,000,-7,08882578,
10/01/2026 20:00:00,000,-7,43717404,
10/01/2026 21:00:00,000,-8,23486969,
10/01/2026 22:00:00,000,-8,46670578,
10/01/2026 23:00:00,000,-9,2054919,
11/01/2026 00:00:00,000,-9,16855687,
11/01/2026 01:00:00,000,-9,25568602,
11/01/2026 02:00:00,000,-9,01726471,
11/01/2026 03:00:00,000,-8,69788956,
11/01/2026 04:00:00,000,-8,22945974,
11/01/2026 05:00:00,000,-7,93485903,
11/01/2026 06:00:00,000,-8,01778645,
11/01/2026 07:00:00,000,-7,26706036,
11/01/2026 08:00:00,000,-6,66673238,
11/01/2026 09:00:00,000,-5,79813289,
11/01/2026 10:00:00,000,-5,18402338,
11/01/2026 11:00:00,000,-4,61105257,
11/01/2026 12:00:00,000,-4,22351706,
11/01/2026 13:00:00,000,-3,95034363,
11/01/2026 14:00:00,000,-3,61588355,
11/01/2026 15:00:00,000,-3,47650362,
11/01/2026 16:00:00,000,-3,64363161,
11/01/2026 17:00:00,000,-3,76500431,
11/01/2026 18:00:00,000,-4,15627113,
11/01/2026 19:00:00,000,-4,55803163,
11/01/2026 20:00:00,000,-4,92950803,
11/01/2026 21:00:00,000,-5,09894244,
11/01/2026 22:00:00,000,-5,37851781,
11/01/2026 23:00:00,000,-5,78728522,
12/01/2026 00:00:00,000,-5,90365925,
12/01/2026 01:00:00,000,-6,03419594,
12/01/2026 02:00:00,000,-6,190025,
12/01/2026 03:00:00,000,-6,45250895,
12/01/2026 04:00:00,000,-6,71395011,
12/01/2026 05:00:00,000,-7,48134426,
12/01/2026 06:00:00,000,-7,56299972,
12/01/2026 07:00:00,000,-8,37294707,
12/01/2026 08:00:00,000,-8,21841482,
12/01/2026 09:00:00,000,-6,65903075,
12/01/2026 10:00:00,000,-5,13663418,
12/01/2026 11:00:00,000,-4,20907731,
12/01/2026 12:00:00,000,-3,37141841,
12/01/2026 13:00:00,000,-2,88395895,
12/01/2026 14:00:00,000,-3,07307989,
12/01/2026 15:00:00,000,-3,86124922,
12/01/2026 16:00:00,000,-4,73870407,
12/01/2026 17:00:00,000,-5,65958202,
12/01/2026 18:00:00,000,-6,34743615,
12/01/2026 19:00:00,000,-6,78378574,
12/01/2026 20:00:00,000,-7,12794053,
12/01/2026 21:00:00,000,-7,29043758,
12/01/2026 22:00:00,000,-7,62192699,
12/01/2026 23:00:00,000,-7,87674639,
13/01/2026 00:00:00,000,-7,81437486,
13/01/2026 01:00:00,000,-7,56166897,
13/01/2026 02:00:00,000,-7,42768547,
13/01/2026 03:00:00,000,-7,01861752,
13/01/2026 04:00:00,000,-6,96646106,
13/01/2026 05:00:00,000,-6,69525475,
13/01/2026 06:00:00,000,-6,23594604,
13/01/2026 07:00:00,000,-6,04969676,
13/01/2026 08:00:00,000,-5,68127381,
13/01/2026 09:00:00,000,-5,16582104,
13/01/2026 10:00:00,000,-4,84381412,
13/01/2026 11:00:00,000,-4,49588929,
13/01/2026 12:00:00,000,-3,98540552,
13/01/2026 13:00:00,000,-3,79272426,
13/01/2026 14:00:00,000,-3,94426363,
13/01/2026 15:00:00,000,-3,96128821,
13/01/2026 16:00:00,000,-4,30588315,
13/01/2026 17:00:00,000,-4,38000678,
13/01/2026 18:00:00,000,-4,31881283,
13/01/2026 19:00:00,000,-4,22582701,
13/01/2026 20:00:00,000,-4,27098042,
13/01/2026 21:00:00,000,-4,21745027,
13/01/2026 22:00:00,000,-4,30106191,
13/01/2026 23:00:00,000,-4,00947131,
14/01/2026 00:00:00,000,-3,8992895,
14/01/2026 01:00:00,000,-3,9272274,
14/01/2026 02:00:00,000,-4,45012291,
14/01/2026 03:00:00,000,-5,00367083,
14/01/2026 04:00:00,000,-4,93242873,
14/01/2026 05:00:00,000,-4,90447684,
14/01/2026 06:00:00,000,-4,97786471,
14/01/2026 07:00:00,000,-4,90465139,
14/01/2026 08:00:00,000,-4,43880362,
14/01/2026 09:00:00,000,-4,13835989,
14/01/2026 10:00:00,000,-4,0047086,
14/01/2026 11:00:00,000,-3,84775455,
14/01/2026 12:00:00,000,-3,5176566,
14/01/2026 13:00:00,000,-3,41224111,
14/01/2026 14:00:00,000,-3,3212532,
14/01/2026 15:00:00,000,-3,2636425,
14/01/2026 16:00:00,000,-3,33922652,
14/01/2026 17:00:00,000,-3,2676211,
14/01/2026 18:00:00,000,-3,28383592,
14/01/2026 19:00:00,000,-3,21553664,
14/01/2026 20:00:00,000,-3,34763415,
14/01/2026 21:00:00,000,-3,26735556,
14/01/2026 22:00:00,000,-3,35926573,
14/01/2026 23:00:00,000,-3,37412125,
15/01/2026 00:00:00,000,-3,47244832,
15/01/2026 01:00:00,000,-3,39890748,
15/01/2026 02:00:00,000,-3,244647,
15/01/2026 03:00:00,000,-3,2802101,
15/01/2026 04:00:00,000,-3,04577581,
15/01/2026 05:00:00,000,-3,09828293,
15/01/2026 06:00:00,000,-3,5300598,
15/01/2026 07:00:00,000,-3,38705297,
15/01/2026 08:00:00,000,-2,89059853,
15/01/2026 09:00:00,000,-2,1614538,
15/01/2026 10:00:00,000,-1,25663709,
15/01/2026 11:00:00,000,-0,606921189,
15/01/2026 12:00:00,000,-0,471822492,
15/01/2026 13:00:00,000,-0,283267631,
15/01/2026 14:00:00,000,-0,157222561,
15/01/2026 15:00:00,000,-0,129371652,
15/01/2026 16:00:00,000,-0,284655781,
15/01/2026 17:00:00,000,-0,579401816,
15/01/2026 18:00:00,000,-0,547361213,
15/01/2026 19:00:00,000,-0,275049179,
15/01/2026 20:00:00,000,-0,305690419,
15/01/2026 21:00:00,000,-0,392996503,
15/01/2026 22:00:00,000,-0,276422305,
15/01/2026 23:00:00,000,-0,186738034,
16/01/2026 00:00:00,000,-0,049227887,
16/01/2026 01:00:00,000,-0,060852305,
16/01/2026 02:00:00,000,-0,220944904,
16/01/2026 03:00:00,000,-0,129438367,
16/01/2026 04:00:00,000,-0,244092822,
16/01/2026 05:00:00,000,-0,296027042,
16/01/2026 06:00:00,000,-0,182295625,
16/01/2026 07:00:00,000,-0,049994663,
16/01/2026 08:00:00,000,0,2003821679,
16/01/2026 09:00:00,000,0,4504715994,
16/01/2026 10:00:00,000,0,8014710324,
16/01/2026 11:00:00,000,1,156336719,
16/01/2026 12:00:00,000,1,321039662,
16/01/2026 13:00:00,000,1,521293383,
16/01/2026 14:00:00,000,1,533105812,
16/01/2026 15:00:00,000,1,395378624,
16/01/2026 16:00:00,000,1,324244447,
16/01/2026 17:00:00,000,1,140326918,
16/01/2026 18:00:00,000,1,081194716,
16/01/2026 19:00:00,000,1,151480475,
16/01/2026 20:00:00,000,1,303638942,
16/01/2026 21:00:00,000,1,44571003,
16/01/2026 22:00:00,000,1,71239899,
16/01/2026 23:00:00,000,1,608648156,
17/01/2026 00:00:00,000,1,625529423,
17/01/2026 01:00:00,000,1,581358259,
17/01/2026 02:00:00,000,1,292865505,
17/01/2026 03:00:00,000,1,115871813,
17/01/2026 04:00:00,000,0,9068469685,
17/01/2026 05:00:00,000,0,7644084778,
17/01/2026 06:00:00,000,0,5188608288,
17/01/2026 07:00:00,000,0,3298540554,
17/01/2026 08:00:00,000,0,5135789539,
17/01/2026 09:00:00,000,1,173943682,
17/01/2026 10:00:00,000,1,691636446,
17/01/2026 11:00:00,000,2,297298663,
17/01/2026 12:00:00,000,2,684622699,
17/01/2026 13:00:00,000,3,076086121,
17/01/2026 14:00:00,000,2,766159398,
17/01/2026 15:00:00,000,2,096639409,
17/01/2026 16:00:00,000,1,325037724,
17/01/2026 17:00:00,000,0,4683488573,
17/01/2026 18:00:00,000,-0,345473502,
17/01/2026 19:00:00,000,-0,839372348,
17/01/2026 20:00:00,000,-0,974603901,
17/01/2026 21:00:00,000,-1,17714729,
17/01/2026 22:00:00,000,-1,02959327,
17/01/2026 23:00:00,000,-1,63714437,
18/01/2026 00:00:00,000,-3,06543215,
18/01/2026 01:00:00,000,-3,50908785,
18/01/2026 02:00:00,000,-3,32515874,
18/01/2026 03:00:00,000,-3,50834551,
18/01/2026 04:00:00,000,-4,15415465,
18/01/2026 05:00:00,000,-4,85638709,
18/01/2026 06:00:00,000,-5,67116617,
18/01/2026 07:00:00,000,-6,21774777,
18/01/2026 08:00:00,000,-5,11738685,
18/01/2026 09:00:00,000,-3,63890487,
18/01/2026 10:00:00,000,-2,4958275,
18/01/2026 11:00:00,000,-0,804963153,
18/01/2026 12:00:00,000,0,7803771754,
18/01/2026 13:00:00,000,1,501222778,
18/01/2026 14:00:00,000,1,612313254,
18/01/2026 15:00:00,000,0,7225482453,
18/01/2026 16:00:00,000,-0,935603223,
18/01/2026 17:00:00,000,-2,89602273,
18/01/2026 18:00:00,000,-3,98918989,
18/01/2026 19:00:00,000,-4,46319512,
18/01/2026 20:00:00,000,-5,34072249,
18/01/2026 21:00:00,000,-5,79681287,
18/01/2026 22:00:00,000,-5,85387518,
18/01/2026 23:00:00,000,-6,29559971,
19/01/2026 00:00:00,000,-6,6581019,
19/01/2026 01:00:00,000,-6,79833733,
19/01/2026 02:00:00,000,-7,56682712,
19/01/2026 03:00:00,000,-7,41335666,
19/01/2026 04:00:00,000,-7,85739442,
19/01/2026 05:00:00,000,-8,43160974,
19/01/2026 06:00:00,000,-8,22214368,
19/01/2026 07:00:00,000,-8,65718983,
19/01/2026 08:00:00,000,-8,27254603,
19/01/2026 09:00:00,000,-7,29402265,
19/01/2026 10:00:00,000,-5,64727767,
19/01/2026 11:00:00,000,-4,07800447,
19/01/2026 12:00:00,000,-3,21920622,
19/01/2026 13:00:00,000,-2,60160983,
19/01/2026 14:00:00,000,-2,22170092,
19/01/2026 15:00:00,000,-3,01024798,
19/01/2026 16:00:00,000,-4,2996094,
19/01/2026 17:00:00,000,-5,57723411,
19/01/2026 18:00:00,000,-6,46412011,
19/01/2026 19:00:00,000,-7,09377793,
19/01/2026 20:00:00,000,-7,64528847,
19/01/2026 21:00:00,000,-8,15117428,
19/01/2026 22:00:00,000,-8,57304929,
19/01/2026 23:00:00,000,-8,83759275,
20/01/2026 00:00:00,000,-9,27321065,
20/01/2026 01:00:00,000,-9,50447569,
20/01/2026 02:00:00,000,-9,81063555,
20/01/2026 03:00:00,000,-9,99109242,
20/01/2026 04:00:00,000,-10,0227571,
20/01/2026 05:00:00,000,-10,2751495,
20/01/2026 06:00:00,000,-10,4191768,
20/01/2026 07:00:00,000,-9,87768542,
20/01/2026 08:00:00,000,-9,62223331,
20/01/2026 09:00:00,000,-8,50452553,
20/01/2026 10:00:00,000,-7,37053697,
20/01/2026 11:00:00,000,-5,85617745,
20/01/2026 12:00:00,000,-4,69031226,
20/01/2026 13:00:00,000,-3,77463574,
20/01/2026 14:00:00,000,-3,46042197,
20/01/2026 15:00:00,000,-3,73121153,
20/01/2026 16:00:00,000,-4,60765598,
20/01/2026 17:00:00,000,-5,61087063,
20/01/2026 18:00:00,000,-6,33585362,
20/01/2026 19:00:00,000,-7,0127692,
20/01/2026 20:00:00,000,-7,55136132,
20/01/2026 21:00:00,000,-7,63022223,
20/01/2026 22:00:00,000,-7,50200574,
20/01/2026 23:00:00,000,-7,99960354,
21/01/2026 00:00:00,000,-8,08029678,
21/01/2026 01:00:00,000,-7,99247188,
21/01/2026 02:00:00,000,-7,82530853,
21/01/2026 03:00:00,000,-7,75772444,
21/01/2026 04:00:00,000,-8,5589383,
21/01/2026 05:00:00,000,-9,59682763,
21/01/2026 06:00:00,000,-9,89785969,
21/01/2026 07:00:00,000,-9,56047525,
21/01/2026 08:00:00,000,-9,18899311,
21/01/2026 09:00:00,000,-7,94954303,
21/01/2026 10:00:00,000,-6,54134469,
21/01/2026 11:00:00,000,-4,49681688,
21/01/2026 12:00:00,000,-3,05053848,
21/01/2026 13:00:00,000,-2,48770847,
21/01/2026 14:00:00,000,-2,18927483,
21/01/2026 15:00:00,000,-2,97602434,
21/01/2026 16:00:00,000,-4,04966543,
21/01/2026 17:00:00,000,-4,42662101,
21/01/2026 18:00:00,000,-4,31065721,
21/01/2026 19:00:00,000,-5,15204524,
21/01/2026 20:00:00,000,-6,15864666,
21/01/2026 21:00:00,000,-6,25571167,
21/01/2026 22:00:00,000,-6,81808085,
21/01/2026 23:00:00,000,-7,01682727,
22/01/2026 00:00:00,000,-6,76691653,
22/01/2026 01:00:00,000,-7,01185363,
22/01/2026 02:00:00,000,-7,59061264,
22/01/2026 03:00:00,000,-7,47579109,
22/01/2026 04:00:00,000,-7,45025275,
22/01/2026 05:00:00,000,-6,92524422,
22/01/2026 06:00:00,000,-6,28652102,
22/01/2026 07:00:00,000,-6,42744087,
22/01/2026 08:00:00,000,-5,86517415,
22/01/2026 09:00:00,000,-5,08716671,
22/01/2026 10:00:00,000,-4,16047636,
22/01/2026 11:00:00,000,-3,49161374,
22/01/2026 12:00:00,000,-2,88155848,
22/01/2026 13:00:00,000,-1,92358955,
22/01/2026 14:00:00,000,-1,19186986,
22/01/2026 15:00:00,000,-1,0524225,
22/01/2026 16:00:00,000,-1,20229029,
22/01/2026 17:00:00,000,-1,54545867,
22/01/2026 18:00:00,000,-2,09453047,
22/01/2026 19:00:00,000,-2,77899742,
22/01/2026 20:00:00,000,-3,0961586,
22/01/2026 21:00:00,000,-2,77161955,
22/01/2026 22:00:00,000,-2,55446899,
22/01/2026 23:00:00,000,-2,36094523,
23/01/2026 00:00:00,000,-2,16694263,
23/01/2026 01:00:00,000,-2,05495035,
23/01/2026 02:00:00,000,-2,04547241,
23/01/2026 03:00:00,000,-2,12371662,
23/01/2026 04:00:00,000,-2,00690272,
23/01/2026 05:00:00,000,-2,06053177,
23/01/2026 06:00:00,000,-2,12939783,
23/01/2026 07:00:00,000,-1,94543421,
23/01/2026 08:00:00,000,-1,51783728,
23/01/2026 09:00:00,000,-0,919770734,
23/01/2026 10:00:00,000,-0,405783918,
23/01/2026 11:00:00,000,0,0393702782,
23/01/2026 12:00:00,000,0,364673503,
23/01/2026 13:00:00,000,0,7405318343,
23/01/2026 14:00:00,000,1,063242881,
23/01/2026 15:00:00,000,1,303100445,
23/01/2026 16:00:00,000,1,062409822,
23/01/2026 17:00:00,000,0,9231574447,
23/01/2026 18:00:00,000,1,017925443,
23/01/2026 19:00:00,000,1,011773559,
23/01/2026 20:00:00,000,0,7188072216,
23/01/2026 21:00:00,000,0,5590192662,
23/01/2026 22:00:00,000,0,6205072362,
23/01/2026 23:00:00,000,0,6249759669,
24/01/2026 00:00:00,000,0,568675215,
24/01/2026 01:00:00,000,0,6593867158,
24/01/2026 02:00:00,000,0,678332422,
24/01/2026 03:00:00,000,0,6412310271,
24/01/2026 04:00:00,000,0,5639871226,
24/01/2026 05:00:00,000,0,5327133258,
24/01/2026 06:00:00,000,0,5967376992,
24/01/2026 07:00:00,000,0,6753808951,
24/01/2026 08:00:00,000,0,8577685891,
24/01/2026 09:00:00,000,1,140704442,
24/01/2026 10:00:00,000,1,329754201,
24/01/2026 11:00:00,000,1,501872248,
24/01/2026 12:00:00,000,1,525142597,
24/01/2026 13:00:00,000,1,591503955,
24/01/2026 14:00:00,000,1,616870929,
24/01/2026 15:00:00,000,1,43812071,
24/01/2026 16:00:00,000,1,340834113,
24/01/2026 17:00:00,000,1,071828137,
24/01/2026 18:00:00,000,0,947159186,
24/01/2026 19:00:00,000,0,9268706101,
24/01/2026 20:00:00,000,1,168909304,
24/01/2026 21:00:00,000,1,349685436,
24/01/2026 22:00:00,000,1,261789043,
24/01/2026 23:00:00,000,1,284979351,
25/01/2026 00:00:00,000,1,258277025,
25/01/2026 01:00:00,000,1,270268579,
25/01/2026 02:00:00,000,1,262642202,
25/01/2026 03:00:00,000,1,410802437,
25/01/2026 04:00:00,000,1,550313135,
25/01/2026 05:00:00,000,1,553886517,
25/01/2026 06:00:00,000,1,606258856,
25/01/2026 07:00:00,000,1,739747316,
25/01/2026 08:00:00,000,1,946541307,
25/01/2026 09:00:00,000,2,348286868,
25/01/2026 10:00:00,000,2,960466184,
25/01/2026 11:00:00,000,3,383329936,
25/01/2026 12:00:00,000,3,812985862,
25/01/2026 13:00:00,000,3,929330424,
25/01/2026 14:00:00,000,4,154257575,
25/01/2026 15:00:00,000,4,396874864,
25/01/2026 16:00:00,000,4,190660218,
25/01/2026 17:00:00,000,4,083311606,
25/01/2026 18:00:00,000,4,049057968,
25/01/2026 19:00:00,000,3,824736151,
25/01/2026 20:00:00,000,3,997965926,
25/01/2026 21:00:00,000,4,389052982,
25/01/2026 22:00:00,000,4,479579749,
25/01/2026 23:00:00,000,4,160212378,
26/01/2026 00:00:00,000,4,036862884,
26/01/2026 01:00:00,000,3,819463592,
26/01/2026 02:00:00,000,3,515205823,
26/01/2026 03:00:00,000,3,1007396,
26/01/2026 04:00:00,000,2,991284995,
26/01/2026 05:00:00,000,3,01035772,
26/01/2026 06:00:00,000,2,722190308,
26/01/2026 07:00:00,000,2,609651278,
26/01/2026 08:00:00,000,2,80026941,
26/01/2026 09:00:00,000,3,184206818,
26/01/2026 10:00:00,000,3,893524979,
26/01/2026 11:00:00,000,4,423302559,
26/01/2026 12:00:00,000,4,751233694,
26/01/2026 13:00:00,000,5,257639605,
26/01/2026 14:00:00,000,5,326147172,
26/01/2026 15:00:00,000,5,084152352,
26/01/2026 16:00:00,000,4,168654816,
26/01/2026 17:00:00,000,2,479293473,
26/01/2026 18:00:00,000,1,558573768,
26/01/2026 19:00:00,000,1,536311072,
26/01/2026 20:00:00,000,0,9674180953,
26/01/2026 21:00:00,000,0,5689622745,
26/01/2026 22:00:00,000,0,63982619,
26/01/2026 23:00:00,000,0,2747551313,
27/01/2026 00:00:00,000,-0,235516072,
27/01/2026 01:00:00,000,-0,356486484,
27/01/2026 02:00:00,000,-0,59441864,
27/01/2026 03:00:00,000,-0,934932948,
27/01/2026 04:00:00,000,-0,906090947,
27/01/2026 05:00:00,000,-0,74069249,
27/01/2026 06:00:00,000,-1,03065909,
27/01/2026 07:00:00,000,-1,49045051,
27/01/2026 08:00:00,000,-1,62788696,
27/01/2026 09:00:00,000,-1,46465078,
27/01/2026 10:00:00,000,-0,914185156,
27/01/2026 11:00:00,000,-0,019915594,
27/01/2026 12:00:00,000,0,6545333946,
27/01/2026 13:00:00,000,0,6933561742,
27/01/2026 14:00:00,000,0,8640480453,
27/01/2026 15:00:00,000,0,704005144,
27/01/2026 16:00:00,000,-0,049752850,
27/01/2026 17:00:00,000,-0,615326984,
27/01/2026 18:00:00,000,-0,925526393,
27/01/2026 19:00:00,000,-1,17177116,
27/01/2026 20:00:00,000,-1,20478526,
27/01/2026 21:00:00,000,-0,955921731,
27/01/2026 22:00:00,000,-0,807154515,
27/01/2026 23:00:00,000,-0,6026711,
28/01/2026 00:00:00,000,-0,284626185,
28/01/2026 01:00:00,000,-0,101493802,
28/01/2026 02:00:00,000,0,1193714248,
28/01/2026 03:00:00,000,0,3005505805,
28/01/2026 04:00:00,000,0,4107812888,
28/01/2026 05:00:00,000,0,4973296983,
28/01/2026 06:00:00,000,0,6436956548,
28/01/2026 07:00:00,000,0,6643568122,
28/01/2026 08:00:00,000,0,8120277673,
28/01/2026 09:00:00,000,1,19810911,
28/01/2026 10:00:00,000,1,519650275,
28/01/2026 11:00:00,000,1,886344376,
28/01/2026 12:00:00,000,2,38707509,
28/01/2026 13:00:00,000,2,759833554,
28/01/2026 14:00:00,000,3,035584297,
28/01/2026 15:00:00,000,2,966469874,
28/01/2026 16:00:00,000,2,788316068,
28/01/2026 17:00:00,000,2,453368451,
28/01/2026 18:00:00,000,2,101951081,
28/01/2026 19:00:00,000,2,098688426,
28/01/2026 20:00:00,000,2,058610651,
28/01/2026 21:00:00,000,2,079716403,
28/01/2026 22:00:00,000,2,172371591,
28/01/2026 23:00:00,000,2,072918975,
29/01/2026 00:00:00,000,2,032723965,
29/01/2026 01:00:00,000,2,111968874,
29/01/2026 02:00:00,000,2,216466057,
29/01/2026 03:00:00,000,2,220532885,
29/01/2026 04:00:00,000,2,285126563,
29/01/2026 05:00:00,000,2,373025135,
29/01/2026 06:00:00,000,2,500381778,
29/01/2026 07:00:00,000,2,760743844,
29/01/2026 08:00:00,000,2,848113706,
29/01/2026 09:00:00,000,3,143070056,
29/01/2026 10:00:00,000,3,576816171,
29/01/2026 11:00:00,000,3,824753062,
29/01/2026 12:00:00,000,3,705329798,
29/01/2026 13:00:00,000,3,467641823,
29/01/2026 14:00:00,000,3,45132699,
29/01/2026 15:00:00,000,3,222164573,
29/01/2026 16:00:00,000,2,959184404,
29/01/2026 17:00:00,000,2,644935981,
29/01/2026 18:00:00,000,2,362673454,
29/01/2026 19:00:00,000,1,860204186,
29/01/2026 20:00:00,000,1,763965226,
29/01/2026 21:00:00,000,1,890771369,
29/01/2026 22:00:00,000,1,773297182,
29/01/2026 23:00:00,000,1,81163377,
30/01/2026 00:00:00,000,1,75178059,
30/01/2026 01:00:00,000,1,595001948,
30/01/2026 02:00:00,000,1,345509041,
30/01/2026 03:00:00,000,1,263585887,
30/01/2026 04:00:00,000,0,9612559196,
30/01/2026 05:00:00,000,0,7017025231,
30/01/2026 06:00:00,000,0,7418224361,
30/01/2026 07:00:00,000,1,003566955,
30/01/2026 08:00:00,000,1,167279713,
30/01/2026 09:00:00,000,1,368839527,
30/01/2026 10:00:00,000,2,016592129,
30/01/2026 11:00:00,000,2,351798092,
30/01/2026 12:00:00,000,2,420372166,
30/01/2026 13:00:00,000,2,352779774,
30/01/2026 14:00:00,000,2,300297592,
30/01/2026 15:00:00,000,2,158164104,
30/01/2026 16:00:00,000,2,037530775,
30/01/2026 17:00:00,000,1,839073544,
30/01/2026 18:00:00,000,1,632933168,
30/01/2026 19:00:00,000,1,387668594,
30/01/2026 20:00:00,000,1,261116746,
30/01/2026 21:00:00,000,1,163665025,
30/01/2026 22:00:00,000,1,120648456,
30/01/2026 23:00:00,000,1,030555231,
31/01/2026 00:00:00,000,0,919297193,
31/01/2026 01:00:00,000,0,9470305304,
31/01/2026 02:00:00,000,0,5827066474,
31/01/2026 03:00:00,000,0,3510498103,
31/01/2026 04:00:00,000,0,2240078156,
31/01/2026 05:00:00,000,-0,029461442,
31/01/2026 06:00:00,000,-0,079368301,
31/01/2026 07:00:00,000,-0,19237647,
31/01/2026 08:00:00,000,-0,149749035,
31/01/2026 09:00:00,000,0,0611052347,
31/01/2026 10:00:00,000,0,3239813965,
31/01/2026 11:00:00,000,0,7390342081,
31/01/2026 12:00:00,000,0,9935366922,
31/01/2026 13:00:00,000,1,173966371,
31/01/2026 14:00:00,000,1,145263674,
31/01/2026 15:00:00,000,0,8864079495,
31/01/2026 16:00:00,000,0,4032982725,
31/01/2026 17:00:00,000,-0,060530419,
31/01/2026 18:00:00,000,-0,415881132,
31/01/2026 19:00:00,000,-0,75918515,
31/01/2026 20:00:00,000,-1,01167103,
31/01/2026 21:00:00,000,-1,42288757,
31/01/2026 22:00:00,000,-1,62278953,
31/01/2026 23:00:00,000,-1,85436453,
01/02/2026 00:00:00,000,-1,89721188,
01/02/2026 01:00:00,000,-2,07359675,
01/02/2026 02:00:00,000,-2,36967916,
01/02/2026 03:00:00,000,-2,57390867,
01/02/2026 04:00:00,000,-2,86456928,
01/02/2026 05:00:00,000,-3,03423989,
01/02/2026 06:00:00,000,-3,31233165,
01/02/2026 07:00:00,000,-3,22835702,
01/02/2026 08:00:00,000,-2,92299927,
01/02/2026 09:00:00,000,-2,65501558,
01/02/2026 10:00:00,000,-2,1355871,
01/02/2026 11:00:00,000,-1,46853326,
01/02/2026 12:00:00,000,-1,0736649,
01/02/2026 13:00:00,000,-0,865175451,
01/02/2026 14:00:00,000,-0,577505519,
01/02/2026 15:00:00,000,-0,783263278,
01/02/2026 16:00:00,000,-1,01646376,
01/02/2026 17:00:00,000,-0,967658883,
01/02/2026 18:00:00,000,-1,04865327,
01/02/2026 19:00:00,000,-1,26618709,
01/02/2026 20:00:00,000,-1,45972171,
01/02/2026 21:00:00,000,-1,54657804,
01/02/2026 22:00:00,000,-1,65044993,
01/02/2026 23:00:00,000,-1,75476003,
02/02/2026 00:00:00,000,-1,71920751,
02/02/2026 01:00:00,000,-1,59331501,
02/02/2026 02:00:00,000,-1,60400871,
02/02/2026 03:00:00,000,-1,61466706,
02/02/2026 04:00:00,000,-1,54428757,
02/02/2026 05:00:00,000,-1,52585013,
02/02/2026 06:00:00,000,-1,53016388,
02/02/2026 07:00:00,000,-1,50075965,
02/02/2026 08:00:00,000,-1,31224797,
02/02/2026 09:00:00,000,-1,0372135,
02/02/2026 10:00:00,000,-0,521197994,
02/02/2026 11:00:00,000,0,196279342,
02/02/2026 12:00:00,000,0,7098694809,
02/02/2026 13:00:00,000,1,07360712,
02/02/2026 14:00:00,000,1,132305534,
02/02/2026 15:00:00,000,1,047268904,
02/02/2026 16:00:00,000,0,8539422095,
02/02/2026 17:00:00,000,0,5016861416,
02/02/2026 18:00:00,000,0,1831054729,
02/02/2026 19:00:00,000,0,0203709534,
02/02/2026 20:00:00,000,-0,111619235,
02/02/2026 21:00:00,000,-0,377607601,
02/02/2026 22:00:00,000,-0,629000675,
02/02/2026 23:00:00,000,-0,842896185,
03/02/2026 00:00:00,000,-1,07551601,
03/02/2026 01:00:00,000,-1,3012268,
03/02/2026 02:00:00,000,-1,52318779,
03/02/2026 03:00:00,000,-1,54072867,
03/02/2026 04:00:00,000,-1,58254383,
03/02/2026 05:00:00,000,-1,61014112,
03/02/2026 06:00:00,000,-1,53291984,
03/02/2026 07:00:00,000,-1,47444528,
03/02/2026 08:00:00,000,-1,29844898,
03/02/2026 09:00:00,000,-1,04189807,
03/02/2026 10:00:00,000,-0,924528071,
03/02/2026 11:00:00,000,-0,734264156,
03/02/2026 12:00:00,000,-0,56507921,
03/02/2026 13:00:00,000,-0,398922011,
03/02/2026 14:00:00,000,-0,157236038,
03/02/2026 15:00:00,000,-0,090829605,
03/02/2026 16:00:00,000,-0,181862779,
03/02/2026 17:00:00,000,-0,180216463,
03/02/2026 18:00:00,000,-0,259844045,
03/02/2026 19:00:00,000,-0,150363706,
03/02/2026 20:00:00,000,0,0298288324,
03/02/2026 21:00:00,000,0,0893915440,
03/02/2026 22:00:00,000,0,0709178918,
03/02/2026 23:00:00,000,0,0800801170,
04/02/2026 00:00:00,000,0,0990934792,
04/02/2026 01:00:00,000,0,2257716179,
04/02/2026 02:00:00,000,0,3743384032,
04/02/2026 03:00:00,000,0,397737414,
04/02/2026 04:00:00,000,0,4393563445,
04/02/2026 05:00:00,000,0,5110366747,
04/02/2026 06:00:00,000,0,5875255254,
04/02/2026 07:00:00,000,0,7252234381,
04/02/2026 08:00:00,000,1,016480927,
04/02/2026 09:00:00,000,1,377075659,
04/02/2026 10:00:00,000,1,722970858,
04/02/2026 11:00:00,000,2,094246333,
04/02/2026 12:00:00,000,2,363189419,
04/02/2026 13:00:00,000,2,495625956,
04/02/2026 14:00:00,000,2,504948916,
04/02/2026 15:00:00,000,2,543105059,
04/02/2026 16:00:00,000,2,655299023,
04/02/2026 17:00:00,000,2,649969336,
04/02/2026 18:00:00,000,2,628182219,
04/02/2026 19:00:00,000,2,648240349,
04/02/2026 20:00:00,000,2,787156122,
04/02/2026 21:00:00,000,3,021230836,
04/02/2026 22:00:00,000,3,464669383,
04/02/2026 23:00:00,000,3,716376758,
05/02/2026 00:00:00,000,3,599538688,
05/02/2026 01:00:00,000,3,391546743,
05/02/2026 02:00:00,000,3,266294203,
05/02/2026 03:00:00,000,2,970501843,
05/02/2026 04:00:00,000,2,975916817,
05/02/2026 05:00:00,000,2,653719428,
05/02/2026 06:00:00,000,2,796312558,
05/02/2026 07:00:00,000,3,08791564,
05/02/2026 08:00:00,000,3,426737696,
05/02/2026 09:00:00,000,4,083255144,
05/02/2026 10:00:00,000,4,850868704,
05/02/2026 11:00:00,000,5,682011353,
05/02/2026 12:00:00,000,6,043502166,
05/02/2026 13:00:00,000,6,681792025,
05/02/2026 14:00:00,000,6,899504431,
05/02/2026 15:00:00,000,6,741573171,
05/02/2026 16:00:00,000,6,067547891,
05/02/2026 17:00:00,000,5,253342945,
05/02/2026 18:00:00,000,4,507704557,
05/02/2026 19:00:00,000,3,984608916,
05/02/2026 20:00:00,000,3,88383029,
05/02/2026 21:00:00,000,4,057950601,
05/02/2026 22:00:00,000,4,137843051,
05/02/2026 23:00:00,000,4,181637103,
06/02/2026 00:00:00,000,4,251282656,
06/02/2026 01:00:00,000,4,521877449,
06/02/2026 02:00:00,000,4,509883204,
06/02/2026 03:00:00,000,4,428831179,
06/02/2026 04:00:00,000,4,194790927,
06/02/2026 05:00:00,000,3,918653202,
06/02/2026 06:00:00,000,4,132863651,
06/02/2026 07:00:00,000,4,16033574,
06/02/2026 08:00:00,000,4,315313504,
06/02/2026 09:00:00,000,4,69425858,
06/02/2026 10:00:00,000,5,14671242,
06/02/2026 11:00:00,000,6,111358524,
06/02/2026 12:00:00,000,6,676652447,
06/02/2026 13:00:00,000,7,113381732,
06/02/2026 14:00:00,000,7,279545296,
06/02/2026 15:00:00,000,7,09978343,
06/02/2026 16:00:00,000,6,478463065,
06/02/2026 17:00:00,000,5,425912358,
06/02/2026 18:00:00,000,4,650361642,
06/02/2026 19:00:00,000,4,050320878,
06/02/2026 20:00:00,000,3,690607604,
06/02/2026 21:00:00,000,3,650412101,
06/02/2026 22:00:00,000,3,694065164,
06/02/2026 23:00:00,000,2,858118414,
07/02/2026 00:00:00,000,2,765049131,
07/02/2026 01:00:00,000,3,477120997,
07/02/2026 02:00:00,000,3,965593117,
07/02/2026 03:00:00,000,3,907135613,
07/02/2026 04:00:00,000,3,679470721,
07/02/2026 05:00:00,000,3,562353684,
07/02/2026 06:00:00,000,3,406542385,
07/02/2026 07:00:00,000,3,445620946,
07/02/2026 08:00:00,000,3,959026222,
07/02/2026 09:00:00,000,4,644295769,
07/02/2026 10:00:00,000,5,458820585,
07/02/2026 11:00:00,000,5,915843218,
07/02/2026 12:00:00,000,6,381816702,
07/02/2026 13:00:00,000,6,685633888,
07/02/2026 14:00:00,000,7,166786375,
07/02/2026 15:00:00,000,7,081264079,
07/02/2026 16:00:00,000,6,590187363,
07/02/2026 17:00:00,000,5,713576722,
07/02/2026 18:00:00,000,5,317241484,
07/02/2026 19:00:00,000,4,47389391,
07/02/2026 20:00:00,000,4,271026402,
07/02/2026 21:00:00,000,4,640280571,
07/02/2026 22:00:00,000,4,683078348,
07/02/2026 23:00:00,000,4,269062474,
08/02/2026 00:00:00,000,3,931427494,
08/02/2026 01:00:00,000,3,853635187,
08/02/2026 02:00:00,000,3,602509435,
08/02/2026 03:00:00,000,3,473732848,
08/02/2026 04:00:00,000,3,582092793,
08/02/2026 05:00:00,000,3,884593585,
08/02/2026 06:00:00,000,3,904977461,
08/02/2026 07:00:00,000,4,050057206,
08/02/2026 08:00:00,000,4,311007265,
08/02/2026 09:00:00,000,5,385942542,
08/02/2026 10:00:00,000,6,036694067,
08/02/2026 11:00:00,000,6,37264236,
08/02/2026 12:00:00,000,6,640643013,
08/02/2026 13:00:00,000,7,168936047,
08/02/2026 14:00:00,000,7,069363296,
08/02/2026 15:00:00,000,6,813993833,
08/02/2026 16:00:00,000,5,07812249,
08/02/2026 17:00:00,000,(invalid),
08/02/2026 18:00:00,000,(invalid),
08/02/2026 19:00:00,000,(invalid),
08/02/2026 20:00:00,000,(invalid),
08/02/2026 21:00:00,000,(invalid),
08/02/2026 22:00:00,000,(invalid),
08/02/2026 23:00:00,000,(invalid),
09/02/2026 00:00:00,000,(invalid),
09/02/2026 01:00:00,000,(invalid),
09/02/2026 02:00:00,000,(invalid),
09/02/2026 03:00:00,000,(invalid),
09/02/2026 04:00:00,000,(invalid),
09/02/2026 05:00:00,000,(invalid),
09/02/2026 06:00:00,000,(invalid),
09/02/2026 07:00:00,000,(invalid),
09/02/2026 08:00:00,000,(invalid),
09/02/2026 09:00:00,000,(invalid),
09/02/2026 10:00:00,000,(invalid),
09/02/2026 11:00:00,000,(invalid),
09/02/2026 12:00:00,000,(invalid),
09/02/2026 13:00:00,000,(invalid),
09/02/2026 14:00:00,000,(invalid),
09/02/2026 15:00:00,000,(invalid),
09/02/2026 16:00:00,000,(invalid),
09/02/2026 17:00:00,000,(invalid),
09/02/2026 18:00:00,000,(invalid),
09/02/2026 19:00:00,000,(invalid),
09/02/2026 20:00:00,000,(invalid),
09/02/2026 21:00:00,000,(invalid),
09/02/2026 22:00:00,000,(invalid),
09/02/2026 23:00:00,000,(invalid),
10/02/2026 00:00:00,000,(invalid),
10/02/2026 01:00:00,000,(invalid),
10/02/2026 02:00:00,000,(invalid),
10/02/2026 03:00:00,000,(invalid),
10/02/2026 04:00:00,000,(invalid),
10/02/2026 05:00:00,000,(invalid),
10/02/2026 06:00:00,000,(invalid),
10/02/2026 07:00:00,000,(invalid),
10/02/2026 08:00:00,000,(invalid),
10/02/2026 09:00:00,000,(invalid),
10/02/2026 10:00:00,000,(invalid),
10/02/2026 11:00:00,000,(invalid),
10/02/2026 12:00:00,000,(invalid),
10/02/2026 13:00:00,000,(invalid),
10/02/2026 14:00:00,000,(invalid),
10/02/2026 15:00:00,000,(invalid),
10/02/2026 16:00:00,000,(invalid),
10/02/2026 17:00:00,000,(invalid),
10/02/2026 18:00:00,000,(invalid),
10/02/2026 19:00:00,000,(invalid),
10/02/2026 20:00:00,000,(invalid),
10/02/2026 21:00:00,000,(invalid),
10/02/2026 22:00:00,000,(invalid),
10/02/2026 23:00:00,000,(invalid),
11/02/2026 00:00:00,000,(invalid),
11/02/2026 01:00:00,000,(invalid),
11/02/2026 02:00:00,000,(invalid),
11/02/2026 03:00:00,000,(invalid),
11/02/2026 04:00:00,000,(invalid),
11/02/2026 05:00:00,000,(invalid),
11/02/2026 06:00:00,000,(invalid),
11/02/2026 07:00:00,000,(invalid),
11/02/2026 08:00:00,000,(invalid),
11/02/2026 09:00:00,000,(invalid),
11/02/2026 10:00:00,000,(invalid),
11/02/2026 11:00:00,000,(invalid),
11/02/2026 12:00:00,000,(invalid),
11/02/2026 13:00:00,000,(invalid),
11/02/2026 14:00:00,000,(invalid),
11/02/2026 15:00:00,000,(invalid),
11/02/2026 16:00:00,000,(invalid),
11/02/2026 17:00:00,000,(invalid),
11/02/2026 18:00:00,000,(invalid),
11/02/2026 19:00:00,000,(invalid),
11/02/2026 20:00:00,000,(invalid),
11/02/2026 21:00:00,000,(invalid),
11/02/2026 22:00:00,000,(invalid),
11/02/2026 23:00:00,000,(invalid),
12/02/2026 00:00:00,000,(invalid),
12/02/2026 01:00:00,000,(invalid),
12/02/2026 02:00:00,000,(invalid),
12/02/2026 03:00:00,000,(invalid),
12/02/2026 04:00:00,000,(invalid),
12/02/2026 05:00:00,000,(invalid),
12/02/2026 06:00:00,000,(invalid),
12/02/2026 07:00:00,000,(invalid),
12/02/2026 08:00:00,000,(invalid),
12/02/2026 09:00:00,000,(invalid),
12/02/2026 10:00:00,000,(invalid),
12/02/2026 11:00:00,000,(invalid),
12/02/2026 12:00:00,000,(invalid),
12/02/2026 13:00:00,000,(invalid),
12/02/2026 14:00:00,000,(invalid),
12/02/2026 15:00:00,000,(invalid),
12/02/2026 16:00:00,000,(invalid),
12/02/2026 17:00:00,000,(invalid),
12/02/2026 18:00:00,000,(invalid),
12/02/2026 19:00:00,000,(invalid),
12/02/2026 20:00:00,000,(invalid),
12/02/2026 21:00:00,000,(invalid),
12/02/2026 22:00:00,000,(invalid),
12/02/2026 23:00:00,000,(invalid),
13/02/2026 00:00:00,000,(invalid),
13/02/2026 01:00:00,000,(invalid),
13/02/2026 02:00:00,000,(invalid),
13/02/2026 03:00:00,000,(invalid),
13/02/2026 04:00:00,000,(invalid),
13/02/2026 05:00:00,000,(invalid),
13/02/2026 06:00:00,000,(invalid),
13/02/2026 07:00:00,000,(invalid),
13/02/2026 08:00:00,000,(invalid),
13/02/2026 09:00:00,000,(invalid),
13/02/2026 10:00:00,000,(invalid),
13/02/2026 11:00:00,000,(invalid),
13/02/2026 12:00:00,000,(invalid),
13/02/2026 13:00:00,000,(invalid),
13/02/2026 14:00:00,000,(invalid),
13/02/2026 15:00:00,000,(invalid),
13/02/2026 16:00:00,000,(invalid),
13/02/2026 17:00:00,000,(invalid),
13/02/2026 18:00:00,000,(invalid),
13/02/2026 19:00:00,000,(invalid),
13/02/2026 20:00:00,000,(invalid),
13/02/2026 21:00:00,000,(invalid),
13/02/2026 22:00:00,000,(invalid),
13/02/2026 23:00:00,000,(invalid),
14/02/2026 00:00:00,000,(invalid),
14/02/2026 01:00:00,000,(invalid),
14/02/2026 02:00:00,000,(invalid),
14/02/2026 03:00:00,000,(invalid),
14/02/2026 04:00:00,000,(invalid),
14/02/2026 05:00:00,000,(invalid),
14/02/2026 06:00:00,000,(invalid),
14/02/2026 07:00:00,000,(invalid),
14/02/2026 08:00:00,000,(invalid),
14/02/2026 09:00:00,000,(invalid),
14/02/2026 10:00:00,000,(invalid),
14/02/2026 11:00:00,000,(invalid),
14/02/2026 12:00:00,000,(invalid),
14/02/2026 13:00:00,000,(invalid),
14/02/2026 14:00:00,000,(invalid),
14/02/2026 15:00:00,000,(invalid),
14/02/2026 16:00:00,000,(invalid),
14/02/2026 17:00:00,000,(invalid),
14/02/2026 18:00:00,000,(invalid),
14/02/2026 19:00:00,000,(invalid),
14/02/2026 20:00:00,000,(invalid),
14/02/2026 21:00:00,000,(invalid),
14/02/2026 22:00:00,000,(invalid),
14/02/2026 23:00:00,000,(invalid),
15/02/2026 00:00:00,000,(invalid),
15/02/2026 01:00:00,000,(invalid),
15/02/2026 02:00:00,000,(invalid),
15/02/2026 03:00:00,000,(invalid),
15/02/2026 04:00:00,000,(invalid),
15/02/2026 05:00:00,000,(invalid),
15/02/2026 06:00:00,000,(invalid),
15/02/2026 07:00:00,000,(invalid),
15/02/2026 08:00:00,000,(invalid),
15/02/2026 09:00:00,000,(invalid),
15/02/2026 10:00:00,000,(invalid),
15/02/2026 11:00:00,000,(invalid),
15/02/2026 12:00:00,000,(invalid),
15/02/2026 13:00:00,000,(invalid),
15/02/2026 14:00:00,000,(invalid),
15/02/2026 15:00:00,000,(invalid),
15/02/2026 16:00:00,000,(invalid),
15/02/2026 17:00:00,000,(invalid),
15/02/2026 18:00:00,000,(invalid),
15/02/2026 19:00:00,000,(invalid),
15/02/2026 20:00:00,000,(invalid),
15/02/2026 21:00:00,000,(invalid),
15/02/2026 22:00:00,000,(invalid),
15/02/2026 23:00:00,000,(invalid),
16/02/2026 00:00:00,000,(invalid),
16/02/2026 01:00:00,000,(invalid),
16/02/2026 02:00:00,000,(invalid),
16/02/2026 03:00:00,000,(invalid),
16/02/2026 04:00:00,000,(invalid),
16/02/2026 05:00:00,000,(invalid),
16/02/2026 06:00:00,000,(invalid),
16/02/2026 07:00:00,000,(invalid),
16/02/2026 08:00:00,000,(invalid),
16/02/2026 09:00:00,000,(invalid),
16/02/2026 10:00:00,000,(invalid),
16/02/2026 11:00:00,000,(invalid),
16/02/2026 12:00:00,000,(invalid),
16/02/2026 13:00:00,000,(invalid),
16/02/2026 14:00:00,000,(invalid),
16/02/2026 15:00:00,000,(invalid),
16/02/2026 16:00:00,000,(invalid),
16/02/2026 17:00:00,000,(invalid),
16/02/2026 18:00:00,000,(invalid),
16/02/2026 19:00:00,000,(invalid),
16/02/2026 20:00:00,000,(invalid),
16/02/2026 21:00:00,000,(invalid),
16/02/2026 22:00:00,000,(invalid),
16/02/2026 23:00:00,000,(invalid),
17/02/2026 00:00:00,000,(invalid),
17/02/2026 01:00:00,000,(invalid),
17/02/2026 02:00:00,000,(invalid),
17/02/2026 03:00:00,000,(invalid),
17/02/2026 04:00:00,000,(invalid),
17/02/2026 05:00:00,000,(invalid),
17/02/2026 06:00:00,000,(invalid),
17/02/2026 07:00:00,000,(invalid),
17/02/2026 08:00:00,000,(invalid),
17/02/2026 09:00:00,000,(invalid),
17/02/2026 10:00:00,000,(invalid),
17/02/2026 11:00:00,000,(invalid),
17/02/2026 12:00:00,000,(invalid),
17/02/2026 13:00:00,000,(invalid),
17/02/2026 14:00:00,000,(invalid),
17/02/2026 15:00:00,000,(invalid),
17/02/2026 16:00:00,000,(invalid),
17/02/2026 17:00:00,000,(invalid),
17/02/2026 18:00:00,000,(invalid),
17/02/2026 19:00:00,000,(invalid),
17/02/2026 20:00:00,000,(invalid),
17/02/2026 21:00:00,000,(invalid),
17/02/2026 22:00:00,000,(invalid),
17/02/2026 23:00:00,000,(invalid),
18/02/2026 00:00:00,000,(invalid),
18/02/2026 01:00:00,000,(invalid),
18/02/2026 02:00:00,000,(invalid),
18/02/2026 03:00:00,000,(invalid),
18/02/2026 04:00:00,000,(invalid),
18/02/2026 05:00:00,000,(invalid),
18/02/2026 06:00:00,000,(invalid),
18/02/2026 07:00:00,000,(invalid),
18/02/2026 08:00:00,000,(invalid),
18/02/2026 09:00:00,000,(invalid),
18/02/2026 10:00:00,000,(invalid),
18/02/2026 11:00:00,000,(invalid),
18/02/2026 12:00:00,000,(invalid),
18/02/2026 13:00:00,000,(invalid),
18/02/2026 14:00:00,000,(invalid),
18/02/2026 15:00:00,000,(invalid),
18/02/2026 16:00:00,000,(invalid),
18/02/2026 17:00:00,000,(invalid),
18/02/2026 18:00:00,000,(invalid),
18/02/2026 19:00:00,000,(invalid),
18/02/2026 20:00:00,000,(invalid),
18/02/2026 21:00:00,000,(invalid),
18/02/2026 22:00:00,000,(invalid),
18/02/2026 23:00:00,000,(invalid),
19/02/2026 00:00:00,000,(invalid),
19/02/2026 01:00:00,000,(invalid),
19/02/2026 02:00:00,000,(invalid),
19/02/2026 03:00:00,000,(invalid),
19/02/2026 04:00:00,000,(invalid),
19/02/2026 05:00:00,000,(invalid),
19/02/2026 06:00:00,000,(invalid),
19/02/2026 07:00:00,000,(invalid),
19/02/2026 08:00:00,000,(invalid),
19/02/2026 09:00:00,000,(invalid),
19/02/2026 10:00:00,000,(invalid),
19/02/2026 11:00:00,000,(invalid),
19/02/2026 12:00:00,000,(invalid),
19/02/2026 13:00:00,000,(invalid),
19/02/2026 14:00:00,000,(invalid),
19/02/2026 15:00:00,000,(invalid),
19/02/2026 16:00:00,000,(invalid),
19/02/2026 17:00:00,000,(invalid),
19/02/2026 18:00:00,000,(invalid),
19/02/2026 19:00:00,000,(invalid),
19/02/2026 20:00:00,000,(invalid),
19/02/2026 21:00:00,000,(invalid),
19/02/2026 22:00:00,000,(invalid),
19/02/2026 23:00:00,000,(invalid),
20/02/2026 00:00:00,000,(invalid),
20/02/2026 01:00:00,000,(invalid),
20/02/2026 02:00:00,000,(invalid),
20/02/2026 03:00:00,000,(invalid),
20/02/2026 04:00:00,000,(invalid),
20/02/2026 05:00:00,000,(invalid),
20/02/2026 06:00:00,000,(invalid),
20/02/2026 07:00:00,000,(invalid),
20/02/2026 08:00:00,000,(invalid),
20/02/2026 09:00:00,000,(invalid),
20/02/2026 10:00:00,000,(invalid),
20/02/2026 11:00:00,000,(invalid),
20/02/2026 12:00:00,000,(invalid),
20/02/2026 13:00:00,000,(invalid),
20/02/2026 14:00:00,000,(invalid),
20/02/2026 15:00:00,000,(invalid),
20/02/2026 16:00:00,000,(invalid),
20/02/2026 17:00:00,000,(invalid),
20/02/2026 18:00:00,000,(invalid),
20/02/2026 19:00:00,000,(invalid),
20/02/2026 20:00:00,000,(invalid),
20/02/2026 21:00:00,000,(invalid),
20/02/2026 22:00:00,000,(invalid),
20/02/2026 23:00:00,000,(invalid),
21/02/2026 00:00:00,000,(invalid),
21/02/2026 01:00:00,000,(invalid),
21/02/2026 02:00:00,000,(invalid),
21/02/2026 03:00:00,000,(invalid),
21/02/2026 04:00:00,000,(invalid),
21/02/2026 05:00:00,000,(invalid),
21/02/2026 06:00:00,000,(invalid),
21/02/2026 07:00:00,000,(invalid),
21/02/2026 08:00:00,000,(invalid),
21/02/2026 09:00:00,000,(invalid),
21/02/2026 10:00:00,000,(invalid),
21/02/2026 11:00:00,000,(invalid),
21/02/2026 12:00:00,000,(invalid),
21/02/2026 13:00:00,000,(invalid),
21/02/2026 14:00:00,000,(invalid),
21/02/2026 15:00:00,000,(invalid),
21/02/2026 16:00:00,000,(invalid),
21/02/2026 17:00:00,000,(invalid),
21/02/2026 18:00:00,000,(invalid),
21/02/2026 19:00:00,000,(invalid),
21/02/2026 20:00:00,000,(invalid),
21/02/2026 21:00:00,000,(invalid),
21/02/2026 22:00:00,000,(invalid),
21/02/2026 23:00:00,000,(invalid),
22/02/2026 00:00:00,000,(invalid),
22/02/2026 01:00:00,000,(invalid),
22/02/2026 02:00:00,000,(invalid),
22/02/2026 03:00:00,000,(invalid),
22/02/2026 04:00:00,000,(invalid),
22/02/2026 05:00:00,000,(invalid),
22/02/2026 06:00:00,000,(invalid),
22/02/2026 07:00:00,000,(invalid),
22/02/2026 08:00:00,000,(invalid),
22/02/2026 09:00:00,000,(invalid),
22/02/2026 10:00:00,000,(invalid),
22/02/2026 11:00:00,000,(invalid),
22/02/2026 12:00:00,000,(invalid),
22/02/2026 13:00:00,000,(invalid),
22/02/2026 14:00:00,000,(invalid),
22/02/2026 15:00:00,000,(invalid),
22/02/2026 16:00:00,000,(invalid),
22/02/2026 17:00:00,000,(invalid),
22/02/2026 18:00:00,000,(invalid),
22/02/2026 19:00:00,000,(invalid),
22/02/2026 20:00:00,000,(invalid),
22/02/2026 21:00:00,000,(invalid),
22/02/2026 22:00:00,000,(invalid),
22/02/2026 23:00:00,000,(invalid),
23/02/2026 00:00:00,000,(invalid),
23/02/2026 01:00:00,000,(invalid),
23/02/2026 02:00:00,000,(invalid),
23/02/2026 03:00:00,000,(invalid),
23/02/2026 04:00:00,000,(invalid),
23/02/2026 05:00:00,000,(invalid),
23/02/2026 06:00:00,000,(invalid),
23/02/2026 07:00:00,000,(invalid),
23/02/2026 08:00:00,000,(invalid),
23/02/2026 09:00:00,000,(invalid),
23/02/2026 10:00:00,000,(invalid),
23/02/2026 11:00:00,000,(invalid),
23/02/2026 12:00:00,000,(invalid),
23/02/2026 13:00:00,000,(invalid),
23/02/2026 14:00:00,000,(invalid),
23/02/2026 15:00:00,000,(invalid),
23/02/2026 16:00:00,000,(invalid),
23/02/2026 17:00:00,000,(invalid),
23/02/2026 18:00:00,000,(invalid),
23/02/2026 19:00:00,000,(invalid),
23/02/2026 20:00:00,000,(invalid),
23/02/2026 21:00:00,000,(invalid),
23/02/2026 22:00:00,000,(invalid),
23/02/2026 23:00:00,000,(invalid),
24/02/2026 00:00:00,000,(invalid),
24/02/2026 01:00:00,000,(invalid),
24/02/2026 02:00:00,000,(invalid),
24/02/2026 03:00:00,000,(invalid),
24/02/2026 04:00:00,000,(invalid),
24/02/2026 05:00:00,000,(invalid),
24/02/2026 06:00:00,000,(invalid),
24/02/2026 07:00:00,000,(invalid),
24/02/2026 08:00:00,000,(invalid),
24/02/2026 09:00:00,000,(invalid),
24/02/2026 10:00:00,000,(invalid),
24/02/2026 11:00:00,000,(invalid),
24/02/2026 12:00:00,000,(invalid),
24/02/2026 13:00:00,000,(invalid),
24/02/2026 14:00:00,000,(invalid),
24/02/2026 15:00:00,000,(invalid),
24/02/2026 16:00:00,000,(invalid),
24/02/2026 17:00:00,000,(invalid),
24/02/2026 18:00:00,000,(invalid),
24/02/2026 19:00:00,000,(invalid),
24/02/2026 20:00:00,000,(invalid),
24/02/2026 21:00:00,000,(invalid),
24/02/2026 22:00:00,000,(invalid),
24/02/2026 23:00:00,000,(invalid),
25/02/2026 00:00:00,000,(invalid),
25/02/2026 01:00:00,000,(invalid),
25/02/2026 02:00:00,000,(invalid),
25/02/2026 03:00:00,000,(invalid),
25/02/2026 04:00:00,000,(invalid),
25/02/2026 05:00:00,000,(invalid),
25/02/2026 06:00:00,000,(invalid),
25/02/2026 07:00:00,000,(invalid),
25/02/2026 08:00:00,000,(invalid),
25/02/2026 09:00:00,000,(invalid),
25/02/2026 10:00:00,000,(invalid),
25/02/2026 11:00:00,000,(invalid),
25/02/2026 12:00:00,000,(invalid),
25/02/2026 13:00:00,000,(invalid),
25/02/2026 14:00:00,000,(invalid),
25/02/2026 15:00:00,000,(invalid),
25/02/2026 16:00:00,000,(invalid),
25/02/2026 17:00:00,000,(invalid),
25/02/2026 18:00:00,000,(invalid),
25/02/2026 19:00:00,000,(invalid),
25/02/2026 20:00:00,000,(invalid),
25/02/2026 21:00:00,000,(invalid),
25/02/2026 22:00:00,000,(invalid),
25/02/2026 23:00:00,000,(invalid),
26/02/2026 00:00:00,000,(invalid),
26/02/2026 01:00:00,000,(invalid),
26/02/2026 02:00:00,000,(invalid),
26/02/2026 03:00:00,000,(invalid),
26/02/2026 04:00:00,000,(invalid),
26/02/2026 05:00:00,000,(invalid),
26/02/2026 06:00:00,000,(invalid),
26/02/2026 07:00:00,000,(invalid),
26/02/2026 08:00:00,000,(invalid),
26/02/2026 09:00:00,000,(invalid),
26/02/2026 10:00:00,000,(invalid),
26/02/2026 11:00:00,000,(invalid),
26/02/2026 12:00:00,000,(invalid),
26/02/2026 13:00:00,000,(invalid),
26/02/2026 14:00:00,000,(invalid),
26/02/2026 15:00:00,000,(invalid),
26/02/2026 16:00:00,000,(invalid),
26/02/2026 17:00:00,000,(invalid),
26/02/2026 18:00:00,000,(invalid),
26/02/2026 19:00:00,000,(invalid),
26/02/2026 20:00:00,000,(invalid),
26/02/2026 21:00:00,000,(invalid),
26/02/2026 22:00:00,000,(invalid),
26/02/2026 23:00:00,000,(invalid),
27/02/2026 00:00:00,000,(invalid),
27/02/2026 01:00:00,000,(invalid),
27/02/2026 02:00:00,000,(invalid),
27/02/2026 03:00:00,000,(invalid),
27/02/2026 04:00:00,000,(invalid),
27/02/2026 05:00:00,000,(invalid),
27/02/2026 06:00:00,000,(invalid),
27/02/2026 07:00:00,000,(invalid),
27/02/2026 08:00:00,000,(invalid),
27/02/2026 09:00:00,000,(invalid),
27/02/2026 10:00:00,000,(invalid),
27/02/2026 11:00:00,000,(invalid),
27/02/2026 12:00:00,000,(invalid),
27/02/2026 13:00:00,000,(invalid),
27/02/2026 14:00:00,000,(invalid),
27/02/2026 15:00:00,000,(invalid),
27/02/2026 16:00:00,000,(invalid),
27/02/2026 17:00:00,000,(invalid),
27/02/2026 18:00:00,000,(invalid),
27/02/2026 19:00:00,000,(invalid),
27/02/2026 20:00:00,000,(invalid),
27/02/2026 21:00:00,000,(invalid),
27/02/2026 22:00:00,000,(invalid),
27/02/2026 23:00:00,000,(invalid),
28/02/2026 00:00:00,000,(invalid),
28/02/2026 01:00:00,000,(invalid),
28/02/2026 02:00:00,000,(invalid),
28/02/2026 03:00:00,000,(invalid),
28/02/2026 04:00:00,000,(invalid),
28/02/2026 05:00:00,000,(invalid),
28/02/2026 06:00:00,000,(invalid),
28/02/2026 07:00:00,000,(invalid),
28/02/2026 08:00:00,000,(invalid),
28/02/2026 09:00:00,000,(invalid),
28/02/2026 10:00:00,000,(invalid),
28/02/2026 11:00:00,000,(invalid),
28/02/2026 12:00:00,000,(invalid),
28/02/2026 13:00:00,000,(invalid),
28/02/2026 14:00:00,000,(invalid),
28/02/2026 15:00:00,000,(invalid),
28/02/2026 16:00:00,000,(invalid),
28/02/2026 17:00:00,000,(invalid),
28/02/2026 18:00:00,000,(invalid),
28/02/2026 19:00:00,000,(invalid),
28/02/2026 20:00:00,000,(invalid),
28/02/2026 21:00:00,000,(invalid),
28/02/2026 22:00:00,000,(invalid),
28/02/2026 23:00:00,000,(invalid),
,,