Sk F.Temerature GFS 1,,Sk Temperature Actual Hourly,,
14/09/2025 00:00:00,000,(invalid),14/09/2025 00:00:00,000,16,885,
14/09/2025 00:15:00,000,(invalid),14/09/2025 00:15:00,000,16,885,
14/09/2025 00:30:00,000,(invalid),14/09/2025 00:30:00,000,16,885,
14/09/2025 00:45:00,000,(invalid),14/09/2025 00:45:00,000,16,885,
14/09/2025 01:00:00,000,(invalid),14/09/2025 01:00:00,000,16,9896,
14/09/2025 01:15:00,000,(invalid),14/09/2025 01:15:00,000,16,9896,
14/09/2025 01:30:00,000,(invalid),14/09/2025 01:30:00,000,16,9896,
14/09/2025 01:45:00,000,(invalid),14/09/2025 01:45:00,000,16,9896,
14/09/2025 02:00:00,000,(invalid),14/09/2025 02:00:00,000,16,8712,
14/09/2025 02:15:00,000,(invalid),14/09/2025 02:15:00,000,16,8712,
14/09/2025 02:30:00,000,(invalid),14/09/2025 02:30:00,000,16,8712,
14/09/2025 02:45:00,000,(invalid),14/09/2025 02:45:00,000,16,8712,
14/09/2025 03:00:00,000,(invalid),14/09/2025 03:00:00,000,16,9572,
14/09/2025 03:15:00,000,(invalid),14/09/2025 03:15:00,000,16,9572,
14/09/2025 03:30:00,000,(invalid),14/09/2025 03:30:00,000,16,9572,
14/09/2025 03:45:00,000,(invalid),14/09/2025 03:45:00,000,16,9572,
14/09/2025 04:00:00,000,(invalid),14/09/2025 04:00:00,000,16,8192,
14/09/2025 04:15:00,000,(invalid),14/09/2025 04:15:00,000,16,8192,
14/09/2025 04:30:00,000,(invalid),14/09/2025 04:30:00,000,16,8192,
14/09/2025 04:45:00,000,(invalid),14/09/2025 04:45:00,000,16,8192,
14/09/2025 05:00:00,000,(invalid),14/09/2025 05:00:00,000,16,7278,
14/09/2025 05:15:00,000,(invalid),14/09/2025 05:15:00,000,16,7278,
14/09/2025 05:30:00,000,(invalid),14/09/2025 05:30:00,000,16,7278,
14/09/2025 05:45:00,000,(invalid),14/09/2025 05:45:00,000,16,7278,
14/09/2025 06:00:00,000,(invalid),14/09/2025 06:00:00,000,17,3954,
14/09/2025 06:15:00,000,(invalid),14/09/2025 06:15:00,000,17,3954,
14/09/2025 06:30:00,000,(invalid),14/09/2025 06:30:00,000,17,3954,
14/09/2025 06:45:00,000,(invalid),14/09/2025 06:45:00,000,17,3954,
14/09/2025 07:00:00,000,(invalid),14/09/2025 07:00:00,000,17,0367,
14/09/2025 07:15:00,000,(invalid),14/09/2025 07:15:00,000,17,0367,
14/09/2025 07:30:00,000,(invalid),14/09/2025 07:30:00,000,17,0367,
14/09/2025 07:45:00,000,(invalid),14/09/2025 07:45:00,000,17,0367,
14/09/2025 08:00:00,000,(invalid),14/09/2025 08:00:00,000,17,4854,
14/09/2025 08:15:00,000,(invalid),14/09/2025 08:15:00,000,17,4854,
14/09/2025 08:30:00,000,(invalid),14/09/2025 08:30:00,000,17,4854,
14/09/2025 08:45:00,000,(invalid),14/09/2025 08:45:00,000,17,4854,
14/09/2025 09:00:00,000,(invalid),14/09/2025 09:00:00,000,17,5631,
14/09/2025 09:15:00,000,(invalid),14/09/2025 09:15:00,000,17,5631,
14/09/2025 09:30:00,000,(invalid),14/09/2025 09:30:00,000,17,5631,
14/09/2025 09:45:00,000,(invalid),14/09/2025 09:45:00,000,17,5631,
14/09/2025 10:00:00,000,(invalid),14/09/2025 10:00:00,000,18,1118,
14/09/2025 10:15:00,000,(invalid),14/09/2025 10:15:00,000,18,1118,
14/09/2025 10:30:00,000,(invalid),14/09/2025 10:30:00,000,18,1118,
14/09/2025 10:45:00,000,(invalid),14/09/2025 10:45:00,000,18,1118,
14/09/2025 11:00:00,000,(invalid),14/09/2025 11:00:00,000,17,9461,
14/09/2025 11:15:00,000,(invalid),14/09/2025 11:15:00,000,17,9461,
14/09/2025 11:30:00,000,(invalid),14/09/2025 11:30:00,000,17,9461,
14/09/2025 11:45:00,000,(invalid),14/09/2025 11:45:00,000,17,9461,
14/09/2025 12:00:00,000,(invalid),14/09/2025 12:00:00,000,18,078,
14/09/2025 12:15:00,000,(invalid),14/09/2025 12:15:00,000,18,078,
14/09/2025 12:30:00,000,(invalid),14/09/2025 12:30:00,000,18,078,
14/09/2025 12:45:00,000,(invalid),14/09/2025 12:45:00,000,18,078,
14/09/2025 13:00:00,000,(invalid),14/09/2025 13:00:00,000,18,4115,
14/09/2025 13:15:00,000,(invalid),14/09/2025 13:15:00,000,18,4115,
14/09/2025 13:30:00,000,(invalid),14/09/2025 13:30:00,000,18,4115,
14/09/2025 13:45:00,000,(invalid),14/09/2025 13:45:00,000,18,4115,
14/09/2025 14:00:00,000,(invalid),14/09/2025 14:00:00,000,19,1714,
14/09/2025 14:15:00,000,(invalid),14/09/2025 14:15:00,000,19,1714,
14/09/2025 14:30:00,000,(invalid),14/09/2025 14:30:00,000,19,1714,
14/09/2025 14:45:00,000,(invalid),14/09/2025 14:45:00,000,19,1714,
14/09/2025 15:00:00,000,(invalid),14/09/2025 15:00:00,000,18,7898,
14/09/2025 15:15:00,000,(invalid),14/09/2025 15:15:00,000,18,7898,
14/09/2025 15:30:00,000,(invalid),14/09/2025 15:30:00,000,18,7898,
14/09/2025 15:45:00,000,(invalid),14/09/2025 15:45:00,000,18,7898,
14/09/2025 16:00:00,000,(invalid),14/09/2025 16:00:00,000,18,5767,
14/09/2025 16:15:00,000,(invalid),14/09/2025 16:15:00,000,18,5767,
14/09/2025 16:30:00,000,(invalid),14/09/2025 16:30:00,000,18,5767,
14/09/2025 16:45:00,000,(invalid),14/09/2025 16:45:00,000,18,5767,
14/09/2025 17:00:00,000,(invalid),14/09/2025 17:00:00,000,18,2989,
14/09/2025 17:15:00,000,(invalid),14/09/2025 17:15:00,000,18,2989,
14/09/2025 17:30:00,000,(invalid),14/09/2025 17:30:00,000,18,2989,
14/09/2025 17:45:00,000,(invalid),14/09/2025 17:45:00,000,18,2989,
14/09/2025 18:00:00,000,(invalid),14/09/2025 18:00:00,000,17,2926,
14/09/2025 18:15:00,000,(invalid),14/09/2025 18:15:00,000,17,2926,
14/09/2025 18:30:00,000,(invalid),14/09/2025 18:30:00,000,17,2926,
14/09/2025 18:45:00,000,(invalid),14/09/2025 18:45:00,000,17,2926,
14/09/2025 19:00:00,000,(invalid),14/09/2025 19:00:00,000,17,2021,
14/09/2025 19:15:00,000,(invalid),14/09/2025 19:15:00,000,17,2021,
14/09/2025 19:30:00,000,(invalid),14/09/2025 19:30:00,000,17,2021,
14/09/2025 19:45:00,000,(invalid),14/09/2025 19:45:00,000,17,2021,
14/09/2025 20:00:00,000,(invalid),14/09/2025 20:00:00,000,16,7517,
14/09/2025 20:15:00,000,(invalid),14/09/2025 20:15:00,000,16,7517,
14/09/2025 20:30:00,000,(invalid),14/09/2025 20:30:00,000,16,7517,
14/09/2025 20:45:00,000,(invalid),14/09/2025 20:45:00,000,16,7517,
14/09/2025 21:00:00,000,(invalid),14/09/2025 21:00:00,000,15,674,
14/09/2025 21:15:00,000,(invalid),14/09/2025 21:15:00,000,15,674,
14/09/2025 21:30:00,000,(invalid),14/09/2025 21:30:00,000,15,674,
14/09/2025 21:45:00,000,(invalid),14/09/2025 21:45:00,000,15,674,
14/09/2025 22:00:00,000,(invalid),14/09/2025 22:00:00,000,15,357,
14/09/2025 22:15:00,000,(invalid),14/09/2025 22:15:00,000,15,357,
14/09/2025 22:30:00,000,(invalid),14/09/2025 22:30:00,000,15,357,
14/09/2025 22:45:00,000,(invalid),14/09/2025 22:45:00,000,15,357,
14/09/2025 23:00:00,000,(invalid),14/09/2025 23:00:00,000,14,155,
14/09/2025 23:15:00,000,(invalid),14/09/2025 23:15:00,000,14,155,
14/09/2025 23:30:00,000,(invalid),14/09/2025 23:30:00,000,14,155,
14/09/2025 23:45:00,000,(invalid),14/09/2025 23:45:00,000,14,155,
15/09/2025 00:00:00,000,12,32495312,15/09/2025 00:00:00,000,13,5962,
15/09/2025 00:15:00,000,12,05395109,15/09/2025 00:15:00,000,13,5962,
15/09/2025 00:30:00,000,11,9779338,15/09/2025 00:30:00,000,13,5962,
15/09/2025 00:45:00,000,11,66641267,15/09/2025 00:45:00,000,13,5962,
15/09/2025 01:00:00,000,11,50831636,15/09/2025 01:00:00,000,13,4539,
15/09/2025 01:15:00,000,11,72460435,15/09/2025 01:15:00,000,13,4539,
15/09/2025 01:30:00,000,11,57686958,15/09/2025 01:30:00,000,13,4539,
15/09/2025 01:45:00,000,11,29323697,15/09/2025 01:45:00,000,13,4539,
15/09/2025 02:00:00,000,11,28934658,15/09/2025 02:00:00,000,12,5152,
15/09/2025 02:15:00,000,11,34148859,15/09/2025 02:15:00,000,12,5152,
15/09/2025 02:30:00,000,11,35785758,15/09/2025 02:30:00,000,12,5152,
15/09/2025 02:45:00,000,11,18788473,15/09/2025 02:45:00,000,12,5152,
15/09/2025 03:00:00,000,11,11815829,15/09/2025 03:00:00,000,11,5657,
15/09/2025 03:15:00,000,10,93795666,15/09/2025 03:15:00,000,11,5657,
15/09/2025 03:30:00,000,10,96827163,15/09/2025 03:30:00,000,11,5657,
15/09/2025 03:45:00,000,10,87036422,15/09/2025 03:45:00,000,11,5657,
15/09/2025 04:00:00,000,11,07331767,15/09/2025 04:00:00,000,11,6844,
15/09/2025 04:15:00,000,11,07096222,15/09/2025 04:15:00,000,11,6844,
15/09/2025 04:30:00,000,10,9353536,15/09/2025 04:30:00,000,11,6844,
15/09/2025 04:45:00,000,11,08430898,15/09/2025 04:45:00,000,11,6844,
15/09/2025 05:00:00,000,11,12887641,15/09/2025 05:00:00,000,11,7534,
15/09/2025 05:15:00,000,11,30095308,15/09/2025 05:15:00,000,11,7534,
15/09/2025 05:30:00,000,11,54037481,15/09/2025 05:30:00,000,11,7534,
15/09/2025 05:45:00,000,11,30324842,15/09/2025 05:45:00,000,11,7534,
15/09/2025 06:00:00,000,11,08504028,15/09/2025 06:00:00,000,11,8281,
15/09/2025 06:15:00,000,11,34948945,15/09/2025 06:15:00,000,11,8281,
15/09/2025 06:30:00,000,11,04873678,15/09/2025 06:30:00,000,11,8281,
15/09/2025 06:45:00,000,11,41011245,15/09/2025 06:45:00,000,11,8281,
15/09/2025 07:00:00,000,11,24269953,15/09/2025 07:00:00,000,12,2303,
15/09/2025 07:15:00,000,11,59486347,15/09/2025 07:15:00,000,12,2303,
15/09/2025 07:30:00,000,12,05857172,15/09/2025 07:30:00,000,12,2303,
15/09/2025 07:45:00,000,11,92879585,15/09/2025 07:45:00,000,12,2303,
15/09/2025 08:00:00,000,12,57042597,15/09/2025 08:00:00,000,13,6404,
15/09/2025 08:15:00,000,12,8968375,15/09/2025 08:15:00,000,13,6404,
15/09/2025 08:30:00,000,12,89933639,15/09/2025 08:30:00,000,13,6404,
15/09/2025 08:45:00,000,13,04456905,15/09/2025 08:45:00,000,13,6404,
15/09/2025 09:00:00,000,13,70879456,15/09/2025 09:00:00,000,15,4879,
15/09/2025 09:15:00,000,13,87348129,15/09/2025 09:15:00,000,15,4879,
15/09/2025 09:30:00,000,14,376642,15/09/2025 09:30:00,000,15,4879,
15/09/2025 09:45:00,000,14,85696131,15/09/2025 09:45:00,000,15,4879,
15/09/2025 10:00:00,000,15,22888837,15/09/2025 10:00:00,000,16,9156,
15/09/2025 10:15:00,000,15,90689806,15/09/2025 10:15:00,000,16,9156,
15/09/2025 10:30:00,000,16,40681942,15/09/2025 10:30:00,000,16,9156,
15/09/2025 10:45:00,000,16,81529415,15/09/2025 10:45:00,000,16,9156,
15/09/2025 11:00:00,000,17,29217942,15/09/2025 11:00:00,000,18,7658,
15/09/2025 11:15:00,000,17,68933173,15/09/2025 11:15:00,000,18,7658,
15/09/2025 11:30:00,000,17,96790438,15/09/2025 11:30:00,000,18,7658,
15/09/2025 11:45:00,000,18,32602947,15/09/2025 11:45:00,000,18,7658,
15/09/2025 12:00:00,000,18,99511118,15/09/2025 12:00:00,000,20,2636,
15/09/2025 12:15:00,000,19,29450848,15/09/2025 12:15:00,000,20,2636,
15/09/2025 12:30:00,000,19,47339829,15/09/2025 12:30:00,000,20,2636,
15/09/2025 12:45:00,000,20,08867809,15/09/2025 12:45:00,000,20,2636,
15/09/2025 13:00:00,000,20,25042285,15/09/2025 13:00:00,000,21,7195,
15/09/2025 13:15:00,000,21,02319045,15/09/2025 13:15:00,000,21,7195,
15/09/2025 13:30:00,000,20,97126272,15/09/2025 13:30:00,000,21,7195,
15/09/2025 13:45:00,000,21,39037567,15/09/2025 13:45:00,000,21,7195,
15/09/2025 14:00:00,000,21,61076646,15/09/2025 14:00:00,000,22,2657,
15/09/2025 14:15:00,000,21,66070126,15/09/2025 14:15:00,000,22,2657,
15/09/2025 14:30:00,000,21,89155969,15/09/2025 14:30:00,000,22,2657,
15/09/2025 14:45:00,000,21,79238017,15/09/2025 14:45:00,000,22,2657,
15/09/2025 15:00:00,000,22,7493337,15/09/2025 15:00:00,000,23,3111,
15/09/2025 15:15:00,000,22,94439088,15/09/2025 15:15:00,000,23,3111,
15/09/2025 15:30:00,000,22,37699297,15/09/2025 15:30:00,000,23,3111,
15/09/2025 15:45:00,000,23,07786999,15/09/2025 15:45:00,000,23,3111,
15/09/2025 16:00:00,000,22,57464296,15/09/2025 16:00:00,000,23,5418,
15/09/2025 16:15:00,000,23,02617316,15/09/2025 16:15:00,000,23,5418,
15/09/2025 16:30:00,000,22,55799044,15/09/2025 16:30:00,000,23,5418,
15/09/2025 16:45:00,000,22,97795851,15/09/2025 16:45:00,000,23,5418,
15/09/2025 17:00:00,000,22,63961424,15/09/2025 17:00:00,000,22,9156,
15/09/2025 17:15:00,000,22,43712028,15/09/2025 17:15:00,000,22,9156,
15/09/2025 17:30:00,000,22,29440775,15/09/2025 17:30:00,000,22,9156,
15/09/2025 17:45:00,000,21,46799309,15/09/2025 17:45:00,000,22,9156,
15/09/2025 18:00:00,000,20,90681449,15/09/2025 18:00:00,000,21,6991,
15/09/2025 18:15:00,000,20,53312182,15/09/2025 18:15:00,000,21,6991,
15/09/2025 18:30:00,000,19,9328184,15/09/2025 18:30:00,000,21,6991,
15/09/2025 18:45:00,000,19,43211765,15/09/2025 18:45:00,000,21,6991,
15/09/2025 19:00:00,000,18,79322655,15/09/2025 19:00:00,000,19,85,
15/09/2025 19:15:00,000,19,19067703,15/09/2025 19:15:00,000,19,85,
15/09/2025 19:30:00,000,18,75697909,15/09/2025 19:30:00,000,19,85,
15/09/2025 19:45:00,000,18,10427955,15/09/2025 19:45:00,000,19,85,
15/09/2025 20:00:00,000,17,98789043,15/09/2025 20:00:00,000,18,8209,
15/09/2025 20:15:00,000,17,9771192,15/09/2025 20:15:00,000,18,8209,
15/09/2025 20:30:00,000,17,41352559,15/09/2025 20:30:00,000,18,8209,
15/09/2025 20:45:00,000,17,24437445,15/09/2025 20:45:00,000,18,8209,
15/09/2025 21:00:00,000,17,17905215,15/09/2025 21:00:00,000,18,147,
15/09/2025 21:15:00,000,17,23054179,15/09/2025 21:15:00,000,18,147,
15/09/2025 21:30:00,000,17,0093107,15/09/2025 21:30:00,000,18,147,
15/09/2025 21:45:00,000,16,50741472,15/09/2025 21:45:00,000,18,147,
15/09/2025 22:00:00,000,16,49857071,15/09/2025 22:00:00,000,17,9555,
15/09/2025 22:15:00,000,16,41299844,15/09/2025 22:15:00,000,17,9555,
15/09/2025 22:30:00,000,16,43774715,15/09/2025 22:30:00,000,17,9555,
15/09/2025 22:45:00,000,15,88239702,15/09/2025 22:45:00,000,17,9555,
15/09/2025 23:00:00,000,16,13137317,15/09/2025 23:00:00,000,18,1771,
15/09/2025 23:15:00,000,15,74433886,15/09/2025 23:15:00,000,18,1771,
15/09/2025 23:30:00,000,15,7039908,15/09/2025 23:30:00,000,18,1771,
15/09/2025 23:45:00,000,15,4203091,15/09/2025 23:45:00,000,18,1771,
16/09/2025 00:00:00,000,15,0319125,16/09/2025 00:00:00,000,17,3689,
16/09/2025 00:15:00,000,15,43671315,16/09/2025 00:15:00,000,17,3689,
16/09/2025 00:30:00,000,15,32791787,16/09/2025 00:30:00,000,17,3689,
16/09/2025 00:45:00,000,15,0930595,16/09/2025 00:45:00,000,17,3689,
16/09/2025 01:00:00,000,14,9471195,16/09/2025 01:00:00,000,16,9407,
16/09/2025 01:15:00,000,15,06171766,16/09/2025 01:15:00,000,16,9407,
16/09/2025 01:30:00,000,15,1153216,16/09/2025 01:30:00,000,16,9407,
16/09/2025 01:45:00,000,14,80700572,16/09/2025 01:45:00,000,16,9407,
16/09/2025 02:00:00,000,14,6489635,16/09/2025 02:00:00,000,15,6476,
16/09/2025 02:15:00,000,14,40801265,16/09/2025 02:15:00,000,15,6476,
16/09/2025 02:30:00,000,14,400894,16/09/2025 02:30:00,000,15,6476,
16/09/2025 02:45:00,000,14,39844088,16/09/2025 02:45:00,000,15,6476,
16/09/2025 03:00:00,000,14,32593636,16/09/2025 03:00:00,000,15,7515,
16/09/2025 03:15:00,000,14,2289088,16/09/2025 03:15:00,000,15,7515,
16/09/2025 03:30:00,000,14,22653004,16/09/2025 03:30:00,000,15,7515,
16/09/2025 03:45:00,000,14,34517444,16/09/2025 03:45:00,000,15,7515,
16/09/2025 04:00:00,000,14,27029638,16/09/2025 04:00:00,000,16,8885,
16/09/2025 04:15:00,000,14,2841137,16/09/2025 04:15:00,000,16,8885,
16/09/2025 04:30:00,000,14,3678958,16/09/2025 04:30:00,000,16,8885,
16/09/2025 04:45:00,000,14,51061447,16/09/2025 04:45:00,000,16,8885,
16/09/2025 05:00:00,000,14,18881817,16/09/2025 05:00:00,000,17,657,
16/09/2025 05:15:00,000,14,23420156,16/09/2025 05:15:00,000,17,657,
16/09/2025 05:30:00,000,14,57091759,16/09/2025 05:30:00,000,17,657,
16/09/2025 05:45:00,000,14,8009875,16/09/2025 05:45:00,000,17,657,
16/09/2025 06:00:00,000,14,66571992,16/09/2025 06:00:00,000,17,2802,
16/09/2025 06:15:00,000,14,82224323,16/09/2025 06:15:00,000,17,2802,
16/09/2025 06:30:00,000,14,95543519,16/09/2025 06:30:00,000,17,2802,
16/09/2025 06:45:00,000,14,87558682,16/09/2025 06:45:00,000,17,2802,
16/09/2025 07:00:00,000,14,60655048,16/09/2025 07:00:00,000,17,1707,
16/09/2025 07:15:00,000,14,45961617,16/09/2025 07:15:00,000,17,1707,
16/09/2025 07:30:00,000,14,15477032,16/09/2025 07:30:00,000,17,1707,
16/09/2025 07:45:00,000,14,23225023,16/09/2025 07:45:00,000,17,1707,
16/09/2025 08:00:00,000,14,22313552,16/09/2025 08:00:00,000,16,8162,
16/09/2025 08:15:00,000,14,13879837,16/09/2025 08:15:00,000,16,8162,
16/09/2025 08:30:00,000,13,74196875,16/09/2025 08:30:00,000,16,8162,
16/09/2025 08:45:00,000,13,63070956,16/09/2025 08:45:00,000,16,8162,
16/09/2025 09:00:00,000,13,79385951,16/09/2025 09:00:00,000,16,9334,
16/09/2025 09:15:00,000,14,10931766,16/09/2025 09:15:00,000,16,9334,
16/09/2025 09:30:00,000,13,99966947,16/09/2025 09:30:00,000,16,9334,
16/09/2025 09:45:00,000,13,84795467,16/09/2025 09:45:00,000,16,9334,
16/09/2025 10:00:00,000,13,99235153,16/09/2025 10:00:00,000,17,1799,
16/09/2025 10:15:00,000,14,139601,16/09/2025 10:15:00,000,17,1799,
16/09/2025 10:30:00,000,13,96928672,16/09/2025 10:30:00,000,17,1799,
16/09/2025 10:45:00,000,13,86108208,16/09/2025 10:45:00,000,17,1799,
16/09/2025 11:00:00,000,14,14331505,16/09/2025 11:00:00,000,17,2107,
16/09/2025 11:15:00,000,14,18182898,16/09/2025 11:15:00,000,17,2107,
16/09/2025 11:30:00,000,14,12395245,16/09/2025 11:30:00,000,17,2107,
16/09/2025 11:45:00,000,15,46545419,16/09/2025 11:45:00,000,17,2107,
16/09/2025 12:00:00,000,15,32540517,16/09/2025 12:00:00,000,17,5468,
16/09/2025 12:15:00,000,15,6962311,16/09/2025 12:15:00,000,17,5468,
16/09/2025 12:30:00,000,15,54535195,16/09/2025 12:30:00,000,17,5468,
16/09/2025 12:45:00,000,15,02944345,16/09/2025 12:45:00,000,17,5468,
16/09/2025 13:00:00,000,15,17406546,16/09/2025 13:00:00,000,17,3312,
16/09/2025 13:15:00,000,14,97981664,16/09/2025 13:15:00,000,17,3312,
16/09/2025 13:30:00,000,15,30985631,16/09/2025 13:30:00,000,17,3312,
16/09/2025 13:45:00,000,15,07443396,16/09/2025 13:45:00,000,17,3312,
16/09/2025 14:00:00,000,14,8217404,16/09/2025 14:00:00,000,17,4011,
16/09/2025 14:15:00,000,15,24584389,16/09/2025 14:15:00,000,17,4011,
16/09/2025 14:30:00,000,14,96560292,16/09/2025 14:30:00,000,17,4011,
16/09/2025 14:45:00,000,15,12594328,16/09/2025 14:45:00,000,17,4011,
16/09/2025 15:00:00,000,14,7245814,16/09/2025 15:00:00,000,18,1075,
16/09/2025 15:15:00,000,15,35404902,16/09/2025 15:15:00,000,18,1075,
16/09/2025 15:30:00,000,15,4722392,16/09/2025 15:30:00,000,18,1075,
16/09/2025 15:45:00,000,15,44529397,16/09/2025 15:45:00,000,18,1075,
16/09/2025 16:00:00,000,15,53401998,16/09/2025 16:00:00,000,17,8538,
16/09/2025 16:15:00,000,15,86286267,16/09/2025 16:15:00,000,17,8538,
16/09/2025 16:30:00,000,15,64561496,16/09/2025 16:30:00,000,17,8538,
16/09/2025 16:45:00,000,15,4558089,16/09/2025 16:45:00,000,17,8538,
16/09/2025 17:00:00,000,15,93872734,16/09/2025 17:00:00,000,18,0759,
16/09/2025 17:15:00,000,15,61222081,16/09/2025 17:15:00,000,18,0759,
16/09/2025 17:30:00,000,15,34195255,16/09/2025 17:30:00,000,18,0759,
16/09/2025 17:45:00,000,15,83808127,16/09/2025 17:45:00,000,18,0759,
16/09/2025 18:00:00,000,16,02697364,16/09/2025 18:00:00,000,17,3011,
16/09/2025 18:15:00,000,15,78479795,16/09/2025 18:15:00,000,17,3011,
16/09/2025 18:30:00,000,15,13288306,16/09/2025 18:30:00,000,17,3011,
16/09/2025 18:45:00,000,14,81076981,16/09/2025 18:45:00,000,17,3011,
16/09/2025 19:00:00,000,14,86446584,16/09/2025 19:00:00,000,15,8207,
16/09/2025 19:15:00,000,14,2969147,16/09/2025 19:15:00,000,15,8207,
16/09/2025 19:30:00,000,14,24046745,16/09/2025 19:30:00,000,15,8207,
16/09/2025 19:45:00,000,14,05473796,16/09/2025 19:45:00,000,15,8207,
16/09/2025 20:00:00,000,14,04225,16/09/2025 20:00:00,000,15,5009,
16/09/2025 20:15:00,000,13,67563233,16/09/2025 20:15:00,000,15,5009,
16/09/2025 20:30:00,000,13,95633657,16/09/2025 20:30:00,000,15,5009,
16/09/2025 20:45:00,000,13,52640556,16/09/2025 20:45:00,000,15,5009,
16/09/2025 21:00:00,000,13,36414694,16/09/2025 21:00:00,000,14,8669,
16/09/2025 21:15:00,000,13,24501552,16/09/2025 21:15:00,000,14,8669,
16/09/2025 21:30:00,000,12,94075711,16/09/2025 21:30:00,000,14,8669,
16/09/2025 21:45:00,000,12,8079215,16/09/2025 21:45:00,000,14,8669,
16/09/2025 22:00:00,000,13,04712813,16/09/2025 22:00:00,000,14,1887,
16/09/2025 22:15:00,000,12,68534915,16/09/2025 22:15:00,000,14,1887,
16/09/2025 22:30:00,000,12,33940809,16/09/2025 22:30:00,000,14,1887,
16/09/2025 22:45:00,000,12,39599289,16/09/2025 22:45:00,000,14,1887,
16/09/2025 23:00:00,000,12,06261898,16/09/2025 23:00:00,000,13,5403,
16/09/2025 23:15:00,000,11,63537068,16/09/2025 23:15:00,000,13,5403,
16/09/2025 23:30:00,000,11,47225317,16/09/2025 23:30:00,000,13,5403,
16/09/2025 23:45:00,000,11,59801567,16/09/2025 23:45:00,000,13,5403,
17/09/2025 00:00:00,000,11,08446866,17/09/2025 00:00:00,000,12,4928,
17/09/2025 00:15:00,000,11,02594104,17/09/2025 00:15:00,000,12,4928,
17/09/2025 00:30:00,000,11,02716846,17/09/2025 00:30:00,000,12,4928,
17/09/2025 00:45:00,000,10,78613394,17/09/2025 00:45:00,000,12,4928,
17/09/2025 01:00:00,000,10,60668575,17/09/2025 01:00:00,000,11,8951,
17/09/2025 01:15:00,000,10,70194599,17/09/2025 01:15:00,000,11,8951,
17/09/2025 01:30:00,000,10,42535746,17/09/2025 01:30:00,000,11,8951,
17/09/2025 01:45:00,000,10,47040942,17/09/2025 01:45:00,000,11,8951,
17/09/2025 02:00:00,000,10,36744922,17/09/2025 02:00:00,000,11,7897,
17/09/2025 02:15:00,000,10,58014559,17/09/2025 02:15:00,000,11,7897,
17/09/2025 02:30:00,000,10,31027076,17/09/2025 02:30:00,000,11,7897,
17/09/2025 02:45:00,000,10,21961881,17/09/2025 02:45:00,000,11,7897,
17/09/2025 03:00:00,000,10,1055561,17/09/2025 03:00:00,000,11,4169,
17/09/2025 03:15:00,000,10,26602551,17/09/2025 03:15:00,000,11,4169,
17/09/2025 03:30:00,000,9,968587918,17/09/2025 03:30:00,000,11,4169,
17/09/2025 03:45:00,000,9,994465374,17/09/2025 03:45:00,000,11,4169,
17/09/2025 04:00:00,000,10,03845058,17/09/2025 04:00:00,000,11,1785,
17/09/2025 04:15:00,000,9,758968878,17/09/2025 04:15:00,000,11,1785,
17/09/2025 04:30:00,000,9,874406453,17/09/2025 04:30:00,000,11,1785,
17/09/2025 04:45:00,000,9,534971889,17/09/2025 04:45:00,000,11,1785,
17/09/2025 05:00:00,000,9,638982736,17/09/2025 05:00:00,000,11,1494,
17/09/2025 05:15:00,000,9,470316223,17/09/2025 05:15:00,000,11,1494,
17/09/2025 05:30:00,000,9,350454283,17/09/2025 05:30:00,000,11,1494,
17/09/2025 05:45:00,000,9,386187084,17/09/2025 05:45:00,000,11,1494,
17/09/2025 06:00:00,000,9,429213321,17/09/2025 06:00:00,000,10,6611,
17/09/2025 06:15:00,000,9,324592979,17/09/2025 06:15:00,000,10,6611,
17/09/2025 06:30:00,000,9,376747076,17/09/2025 06:30:00,000,10,6611,
17/09/2025 06:45:00,000,9,503455444,17/09/2025 06:45:00,000,10,6611,
17/09/2025 07:00:00,000,9,69252167,17/09/2025 07:00:00,000,11,1101,
17/09/2025 07:15:00,000,9,989834599,17/09/2025 07:15:00,000,11,1101,
17/09/2025 07:30:00,000,10,44170761,17/09/2025 07:30:00,000,11,1101,
17/09/2025 07:45:00,000,10,86981772,17/09/2025 07:45:00,000,11,1101,
17/09/2025 08:00:00,000,11,19793863,17/09/2025 08:00:00,000,13,0612,
17/09/2025 08:15:00,000,11,41356058,17/09/2025 08:15:00,000,13,0612,
17/09/2025 08:30:00,000,11,86817857,17/09/2025 08:30:00,000,13,0612,
17/09/2025 08:45:00,000,12,37349129,17/09/2025 08:45:00,000,13,0612,
17/09/2025 09:00:00,000,12,49260969,17/09/2025 09:00:00,000,14,5409,
17/09/2025 09:15:00,000,13,11751724,17/09/2025 09:15:00,000,14,5409,
17/09/2025 09:30:00,000,13,20718304,17/09/2025 09:30:00,000,14,5409,
17/09/2025 09:45:00,000,13,76560686,17/09/2025 09:45:00,000,14,5409,
17/09/2025 10:00:00,000,14,23431249,17/09/2025 10:00:00,000,16,4934,
17/09/2025 10:15:00,000,14,74487433,17/09/2025 10:15:00,000,16,4934,
17/09/2025 10:30:00,000,14,66395877,17/09/2025 10:30:00,000,16,4934,
17/09/2025 10:45:00,000,15,10778941,17/09/2025 10:45:00,000,16,4934,
17/09/2025 11:00:00,000,15,6352445,17/09/2025 11:00:00,000,17,2299,
17/09/2025 11:15:00,000,15,42992928,17/09/2025 11:15:00,000,17,2299,
17/09/2025 11:30:00,000,16,13121073,17/09/2025 11:30:00,000,17,2299,
17/09/2025 11:45:00,000,16,02571799,17/09/2025 11:45:00,000,17,2299,
17/09/2025 12:00:00,000,16,34592518,17/09/2025 12:00:00,000,17,7292,
17/09/2025 12:15:00,000,17,03378477,17/09/2025 12:15:00,000,17,7292,
17/09/2025 12:30:00,000,17,06345164,17/09/2025 12:30:00,000,17,7292,
17/09/2025 12:45:00,000,16,79419401,17/09/2025 12:45:00,000,17,7292,
17/09/2025 13:00:00,000,16,93620154,17/09/2025 13:00:00,000,17,5972,
17/09/2025 13:15:00,000,16,98703711,17/09/2025 13:15:00,000,17,5972,
17/09/2025 13:30:00,000,16,82051692,17/09/2025 13:30:00,000,17,5972,
17/09/2025 13:45:00,000,17,19650136,17/09/2025 13:45:00,000,17,5972,
17/09/2025 14:00:00,000,16,95555416,17/09/2025 14:00:00,000,17,7299,
17/09/2025 14:15:00,000,16,88885848,17/09/2025 14:15:00,000,17,7299,
17/09/2025 14:30:00,000,17,17020162,17/09/2025 14:30:00,000,17,7299,
17/09/2025 14:45:00,000,17,64416214,17/09/2025 14:45:00,000,17,7299,
17/09/2025 15:00:00,000,17,68742433,17/09/2025 15:00:00,000,18,0005,
17/09/2025 15:15:00,000,17,72205218,17/09/2025 15:15:00,000,18,0005,
17/09/2025 15:30:00,000,18,34493534,17/09/2025 15:30:00,000,18,0005,
17/09/2025 15:45:00,000,18,19006492,17/09/2025 15:45:00,000,18,0005,
17/09/2025 16:00:00,000,18,74787638,17/09/2025 16:00:00,000,18,2272,
17/09/2025 16:15:00,000,18,17201181,17/09/2025 16:15:00,000,18,2272,
17/09/2025 16:30:00,000,18,77981265,17/09/2025 16:30:00,000,18,2272,
17/09/2025 16:45:00,000,18,2245833,17/09/2025 16:45:00,000,18,2272,
17/09/2025 17:00:00,000,18,46144838,17/09/2025 17:00:00,000,18,1235,
17/09/2025 17:15:00,000,17,55446961,17/09/2025 17:15:00,000,18,1235,
17/09/2025 17:30:00,000,17,39865016,17/09/2025 17:30:00,000,18,1235,
17/09/2025 17:45:00,000,16,47889806,17/09/2025 17:45:00,000,18,1235,
17/09/2025 18:00:00,000,16,71646387,17/09/2025 18:00:00,000,17,0923,
17/09/2025 18:15:00,000,15,99194547,17/09/2025 18:15:00,000,17,0923,
17/09/2025 18:30:00,000,15,83556916,17/09/2025 18:30:00,000,17,0923,
17/09/2025 18:45:00,000,15,15992576,17/09/2025 18:45:00,000,17,0923,
17/09/2025 19:00:00,000,14,81944147,17/09/2025 19:00:00,000,15,5518,
17/09/2025 19:15:00,000,14,66595307,17/09/2025 19:15:00,000,15,5518,
17/09/2025 19:30:00,000,15,10542366,17/09/2025 19:30:00,000,15,5518,
17/09/2025 19:45:00,000,14,30461705,17/09/2025 19:45:00,000,15,5518,
17/09/2025 20:00:00,000,14,47462291,17/09/2025 20:00:00,000,13,9389,
17/09/2025 20:15:00,000,13,78059665,17/09/2025 20:15:00,000,13,9389,
17/09/2025 20:30:00,000,13,39902115,17/09/2025 20:30:00,000,13,9389,
17/09/2025 20:45:00,000,13,09125418,17/09/2025 20:45:00,000,13,9389,
17/09/2025 21:00:00,000,12,5131349,17/09/2025 21:00:00,000,13,1669,
17/09/2025 21:15:00,000,12,56091625,17/09/2025 21:15:00,000,13,1669,
17/09/2025 21:30:00,000,11,96499121,17/09/2025 21:30:00,000,13,1669,
17/09/2025 21:45:00,000,12,11355871,17/09/2025 21:45:00,000,13,1669,
17/09/2025 22:00:00,000,12,07889931,17/09/2025 22:00:00,000,13,0673,
17/09/2025 22:15:00,000,11,94437954,17/09/2025 22:15:00,000,13,0673,
17/09/2025 22:30:00,000,11,68126752,17/09/2025 22:30:00,000,13,0673,
17/09/2025 22:45:00,000,11,78433732,17/09/2025 22:45:00,000,13,0673,
17/09/2025 23:00:00,000,11,61158386,17/09/2025 23:00:00,000,12,3676,
17/09/2025 23:15:00,000,11,26312042,17/09/2025 23:15:00,000,12,3676,
17/09/2025 23:30:00,000,11,2064103,17/09/2025 23:30:00,000,12,3676,
17/09/2025 23:45:00,000,10,94607751,17/09/2025 23:45:00,000,12,3676,
18/09/2025 00:00:00,000,10,62031037,18/09/2025 00:00:00,000,11,7398,
18/09/2025 00:15:00,000,10,63087718,18/09/2025 00:15:00,000,11,7398,
18/09/2025 00:30:00,000,10,70484181,18/09/2025 00:30:00,000,11,7398,
18/09/2025 00:45:00,000,10,38167359,18/09/2025 00:45:00,000,11,7398,
18/09/2025 01:00:00,000,10,48993118,18/09/2025 01:00:00,000,11,3905,
18/09/2025 01:15:00,000,10,3471081,18/09/2025 01:15:00,000,11,3905,
18/09/2025 01:30:00,000,10,09350856,18/09/2025 01:30:00,000,11,3905,
18/09/2025 01:45:00,000,10,03927429,18/09/2025 01:45:00,000,11,3905,
18/09/2025 02:00:00,000,10,25239537,18/09/2025 02:00:00,000,10,8979,
18/09/2025 02:15:00,000,10,36049393,18/09/2025 02:15:00,000,10,8979,
18/09/2025 02:30:00,000,10,77519695,18/09/2025 02:30:00,000,10,8979,
18/09/2025 02:45:00,000,10,52249317,18/09/2025 02:45:00,000,10,8979,
18/09/2025 03:00:00,000,10,62212359,18/09/2025 03:00:00,000,10,8924,
18/09/2025 03:15:00,000,10,79106398,18/09/2025 03:15:00,000,10,8924,
18/09/2025 03:30:00,000,10,90010156,18/09/2025 03:30:00,000,10,8924,
18/09/2025 03:45:00,000,10,69810014,18/09/2025 03:45:00,000,10,8924,
18/09/2025 04:00:00,000,10,57109009,18/09/2025 04:00:00,000,11,2025,
18/09/2025 04:15:00,000,10,37762815,18/09/2025 04:15:00,000,11,2025,
18/09/2025 04:30:00,000,9,911283173,18/09/2025 04:30:00,000,11,2025,
18/09/2025 04:45:00,000,9,900145207,18/09/2025 04:45:00,000,11,2025,
18/09/2025 05:00:00,000,9,642098057,18/09/2025 05:00:00,000,10,7337,
18/09/2025 05:15:00,000,9,392406138,18/09/2025 05:15:00,000,10,7337,
18/09/2025 05:30:00,000,9,492180312,18/09/2025 05:30:00,000,10,7337,
18/09/2025 05:45:00,000,9,039359807,18/09/2025 05:45:00,000,10,7337,
18/09/2025 06:00:00,000,8,978030134,18/09/2025 06:00:00,000,10,6022,
18/09/2025 06:15:00,000,9,086965995,18/09/2025 06:15:00,000,10,6022,
18/09/2025 06:30:00,000,9,142801784,18/09/2025 06:30:00,000,10,6022,
18/09/2025 06:45:00,000,9,360132663,18/09/2025 06:45:00,000,10,6022,
18/09/2025 07:00:00,000,9,677410029,18/09/2025 07:00:00,000,11,7791,
18/09/2025 07:15:00,000,10,1597629,18/09/2025 07:15:00,000,11,7791,
18/09/2025 07:30:00,000,10,36365591,18/09/2025 07:30:00,000,11,7791,
18/09/2025 07:45:00,000,11,04783493,18/09/2025 07:45:00,000,11,7791,
18/09/2025 08:00:00,000,11,58314591,18/09/2025 08:00:00,000,13,1364,
18/09/2025 08:15:00,000,12,14549896,18/09/2025 08:15:00,000,13,1364,
18/09/2025 08:30:00,000,12,41851696,18/09/2025 08:30:00,000,13,1364,
18/09/2025 08:45:00,000,12,81829717,18/09/2025 08:45:00,000,13,1364,
18/09/2025 09:00:00,000,12,85563014,18/09/2025 09:00:00,000,14,721,
18/09/2025 09:15:00,000,13,05190451,18/09/2025 09:15:00,000,14,721,
18/09/2025 09:30:00,000,13,2267499,18/09/2025 09:30:00,000,14,721,
18/09/2025 09:45:00,000,13,3698324,18/09/2025 09:45:00,000,14,721,
18/09/2025 10:00:00,000,13,81565354,18/09/2025 10:00:00,000,16,0621,
18/09/2025 10:15:00,000,14,06658244,18/09/2025 10:15:00,000,16,0621,
18/09/2025 10:30:00,000,14,18454896,18/09/2025 10:30:00,000,16,0621,
18/09/2025 10:45:00,000,14,69239716,18/09/2025 10:45:00,000,16,0621,
18/09/2025 11:00:00,000,14,96709319,18/09/2025 11:00:00,000,17,138,
18/09/2025 11:15:00,000,15,40972827,18/09/2025 11:15:00,000,17,138,
18/09/2025 11:30:00,000,15,9175947,18/09/2025 11:30:00,000,17,138,
18/09/2025 11:45:00,000,15,66135859,18/09/2025 11:45:00,000,17,138,
18/09/2025 12:00:00,000,16,29172208,18/09/2025 12:00:00,000,18,6482,
18/09/2025 12:15:00,000,16,53791178,18/09/2025 12:15:00,000,18,6482,
18/09/2025 12:30:00,000,17,09830326,18/09/2025 12:30:00,000,18,6482,
18/09/2025 12:45:00,000,17,42444003,18/09/2025 12:45:00,000,18,6482,
18/09/2025 13:00:00,000,17,25060471,18/09/2025 13:00:00,000,19,1914,
18/09/2025 13:15:00,000,17,64814551,18/09/2025 13:15:00,000,19,1914,
18/09/2025 13:30:00,000,17,25919326,18/09/2025 13:30:00,000,19,1914,
18/09/2025 13:45:00,000,17,72502933,18/09/2025 13:45:00,000,19,1914,
18/09/2025 14:00:00,000,17,59804257,18/09/2025 14:00:00,000,19,5994,
18/09/2025 14:15:00,000,18,20169372,18/09/2025 14:15:00,000,19,5994,
18/09/2025 14:30:00,000,18,41220021,18/09/2025 14:30:00,000,19,5994,
18/09/2025 14:45:00,000,18,38956883,18/09/2025 14:45:00,000,19,5994,
18/09/2025 15:00:00,000,19,07256189,18/09/2025 15:00:00,000,20,1257,
18/09/2025 15:15:00,000,19,05489218,18/09/2025 15:15:00,000,20,1257,
18/09/2025 15:30:00,000,19,57906678,18/09/2025 15:30:00,000,20,1257,
18/09/2025 15:45:00,000,19,68122163,18/09/2025 15:45:00,000,20,1257,
18/09/2025 16:00:00,000,20,08752103,18/09/2025 16:00:00,000,20,4973,
18/09/2025 16:15:00,000,20,11671645,18/09/2025 16:15:00,000,20,4973,
18/09/2025 16:30:00,000,19,7070136,18/09/2025 16:30:00,000,20,4973,
18/09/2025 16:45:00,000,19,70499455,18/09/2025 16:45:00,000,20,4973,
18/09/2025 17:00:00,000,19,38813564,18/09/2025 17:00:00,000,20,5374,
18/09/2025 17:15:00,000,19,56479098,18/09/2025 17:15:00,000,20,5374,
18/09/2025 17:30:00,000,19,36437537,18/09/2025 17:30:00,000,20,5374,
18/09/2025 17:45:00,000,18,68816975,18/09/2025 17:45:00,000,20,5374,
18/09/2025 18:00:00,000,18,33133364,18/09/2025 18:00:00,000,18,7992,
18/09/2025 18:15:00,000,18,04034356,18/09/2025 18:15:00,000,18,7992,
18/09/2025 18:30:00,000,17,30609518,18/09/2025 18:30:00,000,18,7992,
18/09/2025 18:45:00,000,17,04779751,18/09/2025 18:45:00,000,18,7992,
18/09/2025 19:00:00,000,16,46632246,18/09/2025 19:00:00,000,17,2663,
18/09/2025 19:15:00,000,16,25078885,18/09/2025 19:15:00,000,17,2663,
18/09/2025 19:30:00,000,16,23078087,18/09/2025 19:30:00,000,17,2663,
18/09/2025 19:45:00,000,16,25407208,18/09/2025 19:45:00,000,17,2663,
18/09/2025 20:00:00,000,15,97716746,18/09/2025 20:00:00,000,15,8836,
18/09/2025 20:15:00,000,15,68739789,18/09/2025 20:15:00,000,15,8836,
18/09/2025 20:30:00,000,15,4120266,18/09/2025 20:30:00,000,15,8836,
18/09/2025 20:45:00,000,15,47551184,18/09/2025 20:45:00,000,15,8836,
18/09/2025 21:00:00,000,15,36526044,18/09/2025 21:00:00,000,14,9067,
18/09/2025 21:15:00,000,14,92526282,18/09/2025 21:15:00,000,14,9067,
18/09/2025 21:30:00,000,14,85874089,18/09/2025 21:30:00,000,14,9067,
18/09/2025 21:45:00,000,15,01150031,18/09/2025 21:45:00,000,14,9067,
18/09/2025 22:00:00,000,14,83583282,18/09/2025 22:00:00,000,14,1617,
18/09/2025 22:15:00,000,14,66065655,18/09/2025 22:15:00,000,14,1617,
18/09/2025 22:30:00,000,14,74726781,18/09/2025 22:30:00,000,14,1617,
18/09/2025 22:45:00,000,14,59694147,18/09/2025 22:45:00,000,14,1617,
18/09/2025 23:00:00,000,14,74836345,18/09/2025 23:00:00,000,13,9728,
18/09/2025 23:15:00,000,14,30658125,18/09/2025 23:15:00,000,13,9728,
18/09/2025 23:30:00,000,14,32910829,18/09/2025 23:30:00,000,13,9728,
18/09/2025 23:45:00,000,13,78990734,18/09/2025 23:45:00,000,13,9728,
19/09/2025 00:00:00,000,13,66668312,19/09/2025 00:00:00,000,13,7109,
19/09/2025 00:15:00,000,13,52315255,19/09/2025 00:15:00,000,13,7109,
19/09/2025 00:30:00,000,13,43181284,19/09/2025 00:30:00,000,13,7109,
19/09/2025 00:45:00,000,13,74767348,19/09/2025 00:45:00,000,13,7109,
19/09/2025 01:00:00,000,13,58682741,19/09/2025 01:00:00,000,13,6198,
19/09/2025 01:15:00,000,13,26141151,19/09/2025 01:15:00,000,13,6198,
19/09/2025 01:30:00,000,13,51027383,19/09/2025 01:30:00,000,13,6198,
19/09/2025 01:45:00,000,13,28368603,19/09/2025 01:45:00,000,13,6198,
19/09/2025 02:00:00,000,13,50536735,19/09/2025 02:00:00,000,13,0502,
19/09/2025 02:15:00,000,13,60084062,19/09/2025 02:15:00,000,13,0502,
19/09/2025 02:30:00,000,13,62321742,19/09/2025 02:30:00,000,13,0502,
19/09/2025 02:45:00,000,13,07943716,19/09/2025 02:45:00,000,13,0502,
19/09/2025 03:00:00,000,12,92297887,19/09/2025 03:00:00,000,12,5712,
19/09/2025 03:15:00,000,12,91918808,19/09/2025 03:15:00,000,12,5712,
19/09/2025 03:30:00,000,12,87982589,19/09/2025 03:30:00,000,12,5712,
19/09/2025 03:45:00,000,12,62258231,19/09/2025 03:45:00,000,12,5712,
19/09/2025 04:00:00,000,12,99888177,19/09/2025 04:00:00,000,11,8664,
19/09/2025 04:15:00,000,12,48059021,19/09/2025 04:15:00,000,11,8664,
19/09/2025 04:30:00,000,12,59716021,19/09/2025 04:30:00,000,11,8664,
19/09/2025 04:45:00,000,12,34406416,19/09/2025 04:45:00,000,11,8664,
19/09/2025 05:00:00,000,12,40211611,19/09/2025 05:00:00,000,11,578,
19/09/2025 05:15:00,000,12,20585466,19/09/2025 05:15:00,000,11,578,
19/09/2025 05:30:00,000,12,59100162,19/09/2025 05:30:00,000,11,578,
19/09/2025 05:45:00,000,12,63142557,19/09/2025 05:45:00,000,11,578,
19/09/2025 06:00:00,000,12,57665003,19/09/2025 06:00:00,000,11,4268,
19/09/2025 06:15:00,000,12,70208809,19/09/2025 06:15:00,000,11,4268,
19/09/2025 06:30:00,000,13,06219562,19/09/2025 06:30:00,000,11,4268,
19/09/2025 06:45:00,000,12,81377859,19/09/2025 06:45:00,000,11,4268,
19/09/2025 07:00:00,000,13,18334959,19/09/2025 07:00:00,000,12,3513,
19/09/2025 07:15:00,000,13,46641983,19/09/2025 07:15:00,000,12,3513,
19/09/2025 07:30:00,000,13,61339786,19/09/2025 07:30:00,000,12,3513,
19/09/2025 07:45:00,000,14,18052705,19/09/2025 07:45:00,000,12,3513,
19/09/2025 08:00:00,000,14,92250328,19/09/2025 08:00:00,000,14,5527,
19/09/2025 08:15:00,000,15,03576027,19/09/2025 08:15:00,000,14,5527,
19/09/2025 08:30:00,000,15,47068169,19/09/2025 08:30:00,000,14,5527,
19/09/2025 08:45:00,000,15,92452268,19/09/2025 08:45:00,000,14,5527,
19/09/2025 09:00:00,000,16,68197766,19/09/2025 09:00:00,000,16,7034,
19/09/2025 09:15:00,000,17,38174814,19/09/2025 09:15:00,000,16,7034,
19/09/2025 09:30:00,000,17,94057874,19/09/2025 09:30:00,000,16,7034,
19/09/2025 09:45:00,000,18,40856718,19/09/2025 09:45:00,000,16,7034,
19/09/2025 10:00:00,000,18,6471412,19/09/2025 10:00:00,000,19,3103,
19/09/2025 10:15:00,000,18,96609435,19/09/2025 10:15:00,000,19,3103,
19/09/2025 10:30:00,000,19,39258224,19/09/2025 10:30:00,000,19,3103,
19/09/2025 10:45:00,000,20,13104348,19/09/2025 10:45:00,000,19,3103,
19/09/2025 11:00:00,000,20,67130655,19/09/2025 11:00:00,000,21,2947,
19/09/2025 11:15:00,000,20,62218408,19/09/2025 11:15:00,000,21,2947,
19/09/2025 11:30:00,000,21,11513423,19/09/2025 11:30:00,000,21,2947,
19/09/2025 11:45:00,000,21,80119119,19/09/2025 11:45:00,000,21,2947,
19/09/2025 12:00:00,000,22,20653284,19/09/2025 12:00:00,000,23,4155,
19/09/2025 12:15:00,000,22,81568212,19/09/2025 12:15:00,000,23,4155,
19/09/2025 12:30:00,000,22,75658495,19/09/2025 12:30:00,000,23,4155,
19/09/2025 12:45:00,000,23,28689732,19/09/2025 12:45:00,000,23,4155,
19/09/2025 13:00:00,000,23,51477347,19/09/2025 13:00:00,000,24,6368,
19/09/2025 13:15:00,000,23,24563727,19/09/2025 13:15:00,000,24,6368,
19/09/2025 13:30:00,000,23,73343889,19/09/2025 13:30:00,000,24,6368,
19/09/2025 13:45:00,000,23,75166241,19/09/2025 13:45:00,000,24,6368,
19/09/2025 14:00:00,000,24,14789384,19/09/2025 14:00:00,000,25,1482,
19/09/2025 14:15:00,000,23,6499763,19/09/2025 14:15:00,000,25,1482,
19/09/2025 14:30:00,000,24,58779946,19/09/2025 14:30:00,000,25,1482,
19/09/2025 14:45:00,000,24,58931749,19/09/2025 14:45:00,000,25,1482,
19/09/2025 15:00:00,000,24,79742995,19/09/2025 15:00:00,000,25,2127,
19/09/2025 15:15:00,000,24,40227334,19/09/2025 15:15:00,000,25,2127,
19/09/2025 15:30:00,000,25,07588454,19/09/2025 15:30:00,000,25,2127,
19/09/2025 15:45:00,000,24,58259509,19/09/2025 15:45:00,000,25,2127,
19/09/2025 16:00:00,000,24,30463445,19/09/2025 16:00:00,000,25,6449,
19/09/2025 16:15:00,000,25,24557906,19/09/2025 16:15:00,000,25,6449,
19/09/2025 16:30:00,000,24,86871527,19/09/2025 16:30:00,000,25,6449,
19/09/2025 16:45:00,000,24,38771053,19/09/2025 16:45:00,000,25,6449,
19/09/2025 17:00:00,000,24,46260908,19/09/2025 17:00:00,000,24,9923,
19/09/2025 17:15:00,000,23,93532353,19/09/2025 17:15:00,000,24,9923,
19/09/2025 17:30:00,000,23,79363289,19/09/2025 17:30:00,000,24,9923,
19/09/2025 17:45:00,000,22,71132634,19/09/2025 17:45:00,000,24,9923,
19/09/2025 18:00:00,000,21,99649644,19/09/2025 18:00:00,000,23,0192,
19/09/2025 18:15:00,000,21,26206967,19/09/2025 18:15:00,000,23,0192,
19/09/2025 18:30:00,000,21,11139354,19/09/2025 18:30:00,000,23,0192,
19/09/2025 18:45:00,000,19,82306148,19/09/2025 18:45:00,000,23,0192,
19/09/2025 19:00:00,000,19,97008387,19/09/2025 19:00:00,000,20,4937,
19/09/2025 19:15:00,000,19,5000222,19/09/2025 19:15:00,000,20,4937,
19/09/2025 19:30:00,000,19,07279488,19/09/2025 19:30:00,000,20,4937,
19/09/2025 19:45:00,000,19,16934673,19/09/2025 19:45:00,000,20,4937,
19/09/2025 20:00:00,000,18,58586435,19/09/2025 20:00:00,000,18,2477,
19/09/2025 20:15:00,000,18,61017585,19/09/2025 20:15:00,000,18,2477,
19/09/2025 20:30:00,000,18,60884116,19/09/2025 20:30:00,000,18,2477,
19/09/2025 20:45:00,000,17,86738252,19/09/2025 20:45:00,000,18,2477,
19/09/2025 21:00:00,000,17,94352567,19/09/2025 21:00:00,000,17,3007,
19/09/2025 21:15:00,000,17,92215283,19/09/2025 21:15:00,000,17,3007,
19/09/2025 21:30:00,000,17,31444026,19/09/2025 21:30:00,000,17,3007,
19/09/2025 21:45:00,000,17,08075185,19/09/2025 21:45:00,000,17,3007,
19/09/2025 22:00:00,000,17,08385121,19/09/2025 22:00:00,000,16,2266,
19/09/2025 22:15:00,000,17,2999264,19/09/2025 22:15:00,000,16,2266,
19/09/2025 22:30:00,000,17,19898954,19/09/2025 22:30:00,000,16,2266,
19/09/2025 22:45:00,000,17,08175804,19/09/2025 22:45:00,000,16,2266,
19/09/2025 23:00:00,000,16,46394107,19/09/2025 23:00:00,000,15,3064,
19/09/2025 23:15:00,000,16,49418287,19/09/2025 23:15:00,000,15,3064,
19/09/2025 23:30:00,000,16,30564587,19/09/2025 23:30:00,000,15,3064,
19/09/2025 23:45:00,000,15,91410059,19/09/2025 23:45:00,000,15,3064,
20/09/2025 00:00:00,000,15,80283198,20/09/2025 00:00:00,000,14,4956,
20/09/2025 00:15:00,000,15,79659933,20/09/2025 00:15:00,000,14,4956,
20/09/2025 00:30:00,000,15,59058855,20/09/2025 00:30:00,000,14,4956,
20/09/2025 00:45:00,000,15,2207637,20/09/2025 00:45:00,000,14,4956,
20/09/2025 01:00:00,000,15,38706218,20/09/2025 01:00:00,000,14,3062,
20/09/2025 01:15:00,000,15,16054321,20/09/2025 01:15:00,000,14,3062,
20/09/2025 01:30:00,000,14,62252889,20/09/2025 01:30:00,000,14,3062,
20/09/2025 01:45:00,000,14,59293925,20/09/2025 01:45:00,000,14,3062,
20/09/2025 02:00:00,000,14,94621472,20/09/2025 02:00:00,000,13,6207,
20/09/2025 02:15:00,000,15,02456559,20/09/2025 02:15:00,000,13,6207,
20/09/2025 02:30:00,000,14,50394244,20/09/2025 02:30:00,000,13,6207,
20/09/2025 02:45:00,000,14,65873968,20/09/2025 02:45:00,000,13,6207,
20/09/2025 03:00:00,000,14,43187191,20/09/2025 03:00:00,000,13,563,
20/09/2025 03:15:00,000,14,04534761,20/09/2025 03:15:00,000,13,563,
20/09/2025 03:30:00,000,14,27752031,20/09/2025 03:30:00,000,13,563,
20/09/2025 03:45:00,000,14,17724894,20/09/2025 03:45:00,000,13,563,
20/09/2025 04:00:00,000,13,928434,20/09/2025 04:00:00,000,13,3174,
20/09/2025 04:15:00,000,13,66288561,20/09/2025 04:15:00,000,13,3174,
20/09/2025 04:30:00,000,13,96526593,20/09/2025 04:30:00,000,13,3174,
20/09/2025 04:45:00,000,13,5250255,20/09/2025 04:45:00,000,13,3174,
20/09/2025 05:00:00,000,13,59002441,20/09/2025 05:00:00,000,13,3792,
20/09/2025 05:15:00,000,13,63937202,20/09/2025 05:15:00,000,13,3792,
20/09/2025 05:30:00,000,13,24993023,20/09/2025 05:30:00,000,13,3792,
20/09/2025 05:45:00,000,13,27446045,20/09/2025 05:45:00,000,13,3792,
20/09/2025 06:00:00,000,13,13776822,20/09/2025 06:00:00,000,12,8288,
20/09/2025 06:15:00,000,13,38635725,20/09/2025 06:15:00,000,12,8288,
20/09/2025 06:30:00,000,13,24651981,20/09/2025 06:30:00,000,12,8288,
20/09/2025 06:45:00,000,13,4682742,20/09/2025 06:45:00,000,12,8288,
20/09/2025 07:00:00,000,13,553175,20/09/2025 07:00:00,000,13,7732,
20/09/2025 07:15:00,000,14,04967598,20/09/2025 07:15:00,000,13,7732,
20/09/2025 07:30:00,000,14,07454239,20/09/2025 07:30:00,000,13,7732,
20/09/2025 07:45:00,000,14,63103941,20/09/2025 07:45:00,000,13,7732,
20/09/2025 08:00:00,000,15,35811022,20/09/2025 08:00:00,000,15,4942,
20/09/2025 08:15:00,000,16,03048449,20/09/2025 08:15:00,000,15,4942,
20/09/2025 08:30:00,000,16,84328133,20/09/2025 08:30:00,000,15,4942,
20/09/2025 08:45:00,000,17,10492184,20/09/2025 08:45:00,000,15,4942,
20/09/2025 09:00:00,000,17,49664358,20/09/2025 09:00:00,000,17,7339,
20/09/2025 09:15:00,000,18,19995813,20/09/2025 09:15:00,000,17,7339,
20/09/2025 09:30:00,000,18,5973405,20/09/2025 09:30:00,000,17,7339,
20/09/2025 09:45:00,000,19,40554834,20/09/2025 09:45:00,000,17,7339,
20/09/2025 10:00:00,000,20,20353956,20/09/2025 10:00:00,000,19,5625,
20/09/2025 10:15:00,000,20,6474067,20/09/2025 10:15:00,000,19,5625,
20/09/2025 10:30:00,000,21,52674604,20/09/2025 10:30:00,000,19,5625,
20/09/2025 10:45:00,000,22,10870235,20/09/2025 10:45:00,000,19,5625,
20/09/2025 11:00:00,000,22,04624126,20/09/2025 11:00:00,000,22,0421,
20/09/2025 11:15:00,000,22,94466039,20/09/2025 11:15:00,000,22,0421,
20/09/2025 11:30:00,000,23,90926536,20/09/2025 11:30:00,000,22,0421,
20/09/2025 11:45:00,000,23,46381843,20/09/2025 11:45:00,000,22,0421,
20/09/2025 12:00:00,000,23,87455538,20/09/2025 12:00:00,000,24,5383,
20/09/2025 12:15:00,000,24,30708205,20/09/2025 12:15:00,000,24,5383,
20/09/2025 12:30:00,000,24,54133799,20/09/2025 12:30:00,000,24,5383,
20/09/2025 12:45:00,000,24,68692607,20/09/2025 12:45:00,000,24,5383,
20/09/2025 13:00:00,000,25,65534673,20/09/2025 13:00:00,000,25,4656,
20/09/2025 13:15:00,000,25,57960879,20/09/2025 13:15:00,000,25,4656,
20/09/2025 13:30:00,000,25,55044814,20/09/2025 13:30:00,000,25,4656,
20/09/2025 13:45:00,000,25,5056665,20/09/2025 13:45:00,000,25,4656,
20/09/2025 14:00:00,000,26,17827234,20/09/2025 14:00:00,000,26,9901,
20/09/2025 14:15:00,000,26,05910378,20/09/2025 14:15:00,000,26,9901,
20/09/2025 14:30:00,000,25,84162287,20/09/2025 14:30:00,000,26,9901,
20/09/2025 14:45:00,000,25,99103347,20/09/2025 14:45:00,000,26,9901,
20/09/2025 15:00:00,000,26,51431091,20/09/2025 15:00:00,000,27,6248,
20/09/2025 15:15:00,000,26,60780013,20/09/2025 15:15:00,000,27,6248,
20/09/2025 15:30:00,000,26,2977914,20/09/2025 15:30:00,000,27,6248,
20/09/2025 15:45:00,000,26,47101871,20/09/2025 15:45:00,000,27,6248,
20/09/2025 16:00:00,000,26,21343922,20/09/2025 16:00:00,000,26,6613,
20/09/2025 16:15:00,000,25,86259505,20/09/2025 16:15:00,000,26,6613,
20/09/2025 16:30:00,000,25,5078265,20/09/2025 16:30:00,000,26,6613,
20/09/2025 16:45:00,000,26,1933959,20/09/2025 16:45:00,000,26,6613,
20/09/2025 17:00:00,000,25,52601735,20/09/2025 17:00:00,000,26,0031,
20/09/2025 17:15:00,000,25,11057413,20/09/2025 17:15:00,000,26,0031,
20/09/2025 17:30:00,000,24,01022423,20/09/2025 17:30:00,000,26,0031,
20/09/2025 17:45:00,000,23,5127365,20/09/2025 17:45:00,000,26,0031,
20/09/2025 18:00:00,000,23,26720103,20/09/2025 18:00:00,000,24,3172,
20/09/2025 18:15:00,000,22,72783631,20/09/2025 18:15:00,000,24,3172,
20/09/2025 18:30:00,000,21,92709739,20/09/2025 18:30:00,000,24,3172,
20/09/2025 18:45:00,000,20,84745467,20/09/2025 18:45:00,000,24,3172,
20/09/2025 19:00:00,000,20,74933998,20/09/2025 19:00:00,000,21,2557,
20/09/2025 19:15:00,000,20,85983907,20/09/2025 19:15:00,000,21,2557,
20/09/2025 19:30:00,000,20,23575975,20/09/2025 19:30:00,000,21,2557,
20/09/2025 19:45:00,000,20,23411392,20/09/2025 19:45:00,000,21,2557,
20/09/2025 20:00:00,000,19,62081148,20/09/2025 20:00:00,000,19,7694,
20/09/2025 20:15:00,000,19,74430903,20/09/2025 20:15:00,000,19,7694,
20/09/2025 20:30:00,000,19,40627032,20/09/2025 20:30:00,000,19,7694,
20/09/2025 20:45:00,000,18,92083373,20/09/2025 20:45:00,000,19,7694,
20/09/2025 21:00:00,000,18,78279978,20/09/2025 21:00:00,000,18,6994,
20/09/2025 21:15:00,000,18,52348995,20/09/2025 21:15:00,000,18,6994,
20/09/2025 21:30:00,000,17,76157372,20/09/2025 21:30:00,000,18,6994,
20/09/2025 21:45:00,000,17,88610033,20/09/2025 21:45:00,000,18,6994,
20/09/2025 22:00:00,000,17,48244277,20/09/2025 22:00:00,000,17,543,
20/09/2025 22:15:00,000,17,53795911,20/09/2025 22:15:00,000,17,543,
20/09/2025 22:30:00,000,17,67402512,20/09/2025 22:30:00,000,17,543,
20/09/2025 22:45:00,000,17,2134995,20/09/2025 22:45:00,000,17,543,
20/09/2025 23:00:00,000,16,85976728,20/09/2025 23:00:00,000,16,5086,
20/09/2025 23:15:00,000,17,01477666,20/09/2025 23:15:00,000,16,5086,
20/09/2025 23:30:00,000,16,83465179,20/09/2025 23:30:00,000,16,5086,
20/09/2025 23:45:00,000,16,0880177,20/09/2025 23:45:00,000,16,5086,
21/09/2025 00:00:00,000,15,8368145,21/09/2025 00:00:00,000,15,136,
21/09/2025 00:15:00,000,15,65629289,21/09/2025 00:15:00,000,15,136,
21/09/2025 00:30:00,000,15,54212546,21/09/2025 00:30:00,000,15,136,
21/09/2025 00:45:00,000,15,37324438,21/09/2025 00:45:00,000,15,136,
21/09/2025 01:00:00,000,15,36111338,21/09/2025 01:00:00,000,15,2526,
21/09/2025 01:15:00,000,15,05644419,21/09/2025 01:15:00,000,15,2526,
21/09/2025 01:30:00,000,15,04454068,21/09/2025 01:30:00,000,15,2526,
21/09/2025 01:45:00,000,14,85754246,21/09/2025 01:45:00,000,15,2526,
21/09/2025 02:00:00,000,15,01405555,21/09/2025 02:00:00,000,14,9881,
21/09/2025 02:15:00,000,15,02200067,21/09/2025 02:15:00,000,14,9881,
21/09/2025 02:30:00,000,14,75441564,21/09/2025 02:30:00,000,14,9881,
21/09/2025 02:45:00,000,14,80637264,21/09/2025 02:45:00,000,14,9881,
21/09/2025 03:00:00,000,14,86589928,21/09/2025 03:00:00,000,14,2648,
21/09/2025 03:15:00,000,14,66740663,21/09/2025 03:15:00,000,14,2648,
21/09/2025 03:30:00,000,14,47632274,21/09/2025 03:30:00,000,14,2648,
21/09/2025 03:45:00,000,14,06470564,21/09/2025 03:45:00,000,14,2648,
21/09/2025 04:00:00,000,14,19194454,21/09/2025 04:00:00,000,14,1534,
21/09/2025 04:15:00,000,14,05198018,21/09/2025 04:15:00,000,14,1534,
21/09/2025 04:30:00,000,14,0442529,21/09/2025 04:30:00,000,14,1534,
21/09/2025 04:45:00,000,14,13836009,21/09/2025 04:45:00,000,14,1534,
21/09/2025 05:00:00,000,13,67104754,21/09/2025 05:00:00,000,13,7689,
21/09/2025 05:15:00,000,13,9916366,21/09/2025 05:15:00,000,13,7689,
21/09/2025 05:30:00,000,13,55475333,21/09/2025 05:30:00,000,13,7689,
21/09/2025 05:45:00,000,13,54216307,21/09/2025 05:45:00,000,13,7689,
21/09/2025 06:00:00,000,13,41800709,21/09/2025 06:00:00,000,13,6001,
21/09/2025 06:15:00,000,13,73790173,21/09/2025 06:15:00,000,13,6001,
21/09/2025 06:30:00,000,13,81770157,21/09/2025 06:30:00,000,13,6001,
21/09/2025 06:45:00,000,13,39817122,21/09/2025 06:45:00,000,13,6001,
21/09/2025 07:00:00,000,13,92390028,21/09/2025 07:00:00,000,14,6613,
21/09/2025 07:15:00,000,14,10622898,21/09/2025 07:15:00,000,14,6613,
21/09/2025 07:30:00,000,14,45530137,21/09/2025 07:30:00,000,14,6613,
21/09/2025 07:45:00,000,15,33172155,21/09/2025 07:45:00,000,14,6613,
21/09/2025 08:00:00,000,15,80454057,21/09/2025 08:00:00,000,17,085,
21/09/2025 08:15:00,000,16,72719696,21/09/2025 08:15:00,000,17,085,
21/09/2025 08:30:00,000,17,25917112,21/09/2025 08:30:00,000,17,085,
21/09/2025 08:45:00,000,17,79902389,21/09/2025 08:45:00,000,17,085,
21/09/2025 09:00:00,000,18,58735755,21/09/2025 09:00:00,000,19,7082,
21/09/2025 09:15:00,000,19,10224392,21/09/2025 09:15:00,000,19,7082,
21/09/2025 09:30:00,000,19,26181989,21/09/2025 09:30:00,000,19,7082,
21/09/2025 09:45:00,000,19,87871417,21/09/2025 09:45:00,000,19,7082,
21/09/2025 10:00:00,000,20,76154722,21/09/2025 10:00:00,000,22,6446,
21/09/2025 10:15:00,000,21,69880661,21/09/2025 10:15:00,000,22,6446,
21/09/2025 10:30:00,000,22,55683778,21/09/2025 10:30:00,000,22,6446,
21/09/2025 10:45:00,000,23,01799658,21/09/2025 10:45:00,000,22,6446,
21/09/2025 11:00:00,000,23,70228911,21/09/2025 11:00:00,000,25,2858,
21/09/2025 11:15:00,000,23,9207912,21/09/2025 11:15:00,000,25,2858,
21/09/2025 11:30:00,000,24,69121933,21/09/2025 11:30:00,000,25,2858,
21/09/2025 11:45:00,000,25,19246405,21/09/2025 11:45:00,000,25,2858,
21/09/2025 12:00:00,000,25,55555848,21/09/2025 12:00:00,000,26,0365,
21/09/2025 12:15:00,000,25,97319479,21/09/2025 12:15:00,000,26,0365,
21/09/2025 12:30:00,000,26,57999021,21/09/2025 12:30:00,000,26,0365,
21/09/2025 12:45:00,000,26,42435958,21/09/2025 12:45:00,000,26,0365,
21/09/2025 13:00:00,000,26,38929792,21/09/2025 13:00:00,000,27,5954,
21/09/2025 13:15:00,000,27,16711188,21/09/2025 13:15:00,000,27,5954,
21/09/2025 13:30:00,000,27,32231697,21/09/2025 13:30:00,000,27,5954,
21/09/2025 13:45:00,000,26,92814841,21/09/2025 13:45:00,000,27,5954,
21/09/2025 14:00:00,000,26,75500973,21/09/2025 14:00:00,000,28,3958,
21/09/2025 14:15:00,000,27,45611776,21/09/2025 14:15:00,000,28,3958,
21/09/2025 14:30:00,000,27,60231736,21/09/2025 14:30:00,000,28,3958,
21/09/2025 14:45:00,000,26,82396757,21/09/2025 14:45:00,000,28,3958,
21/09/2025 15:00:00,000,27,17463387,21/09/2025 15:00:00,000,28,4256,
21/09/2025 15:15:00,000,28,05057776,21/09/2025 15:15:00,000,28,4256,
21/09/2025 15:30:00,000,27,52601077,21/09/2025 15:30:00,000,28,4256,
21/09/2025 15:45:00,000,27,79657935,21/09/2025 15:45:00,000,28,4256,
21/09/2025 16:00:00,000,27,92000366,21/09/2025 16:00:00,000,28,0045,
21/09/2025 16:15:00,000,27,40367772,21/09/2025 16:15:00,000,28,0045,
21/09/2025 16:30:00,000,26,74336657,21/09/2025 16:30:00,000,28,0045,
21/09/2025 16:45:00,000,27,36331917,21/09/2025 16:45:00,000,28,0045,
21/09/2025 17:00:00,000,26,89488531,21/09/2025 17:00:00,000,26,8405,
21/09/2025 17:15:00,000,26,35165571,21/09/2025 17:15:00,000,26,8405,
21/09/2025 17:30:00,000,25,74231089,21/09/2025 17:30:00,000,26,8405,
21/09/2025 17:45:00,000,24,72279064,21/09/2025 17:45:00,000,26,8405,
21/09/2025 18:00:00,000,24,59213859,21/09/2025 18:00:00,000,24,4836,
21/09/2025 18:15:00,000,24,46013118,21/09/2025 18:15:00,000,24,4836,
21/09/2025 18:30:00,000,23,93566327,21/09/2025 18:30:00,000,24,4836,
21/09/2025 18:45:00,000,23,03879932,21/09/2025 18:45:00,000,24,4836,
21/09/2025 19:00:00,000,22,66777666,21/09/2025 19:00:00,000,22,1829,
21/09/2025 19:15:00,000,22,62676059,21/09/2025 19:15:00,000,22,1829,
21/09/2025 19:30:00,000,21,77928035,21/09/2025 19:30:00,000,22,1829,
21/09/2025 19:45:00,000,21,80710055,21/09/2025 19:45:00,000,22,1829,
21/09/2025 20:00:00,000,21,07327689,21/09/2025 20:00:00,000,20,1509,
21/09/2025 20:15:00,000,21,08013381,21/09/2025 20:15:00,000,20,1509,
21/09/2025 20:30:00,000,20,3072769,21/09/2025 20:30:00,000,20,1509,
21/09/2025 20:45:00,000,19,87292321,21/09/2025 20:45:00,000,20,1509,
21/09/2025 21:00:00,000,20,10292911,21/09/2025 21:00:00,000,19,2727,
21/09/2025 21:15:00,000,19,85495972,21/09/2025 21:15:00,000,19,2727,
21/09/2025 21:30:00,000,19,34075587,21/09/2025 21:30:00,000,19,2727,
21/09/2025 21:45:00,000,19,21932725,21/09/2025 21:45:00,000,19,2727,
21/09/2025 22:00:00,000,18,44509238,21/09/2025 22:00:00,000,17,9271,
21/09/2025 22:15:00,000,18,66093688,21/09/2025 22:15:00,000,17,9271,
21/09/2025 22:30:00,000,18,20420878,21/09/2025 22:30:00,000,17,9271,
21/09/2025 22:45:00,000,18,07632857,21/09/2025 22:45:00,000,17,9271,
21/09/2025 23:00:00,000,17,86098463,21/09/2025 23:00:00,000,17,2029,
21/09/2025 23:15:00,000,17,35392763,21/09/2025 23:15:00,000,17,2029,
21/09/2025 23:30:00,000,17,59952645,21/09/2025 23:30:00,000,17,2029,
21/09/2025 23:45:00,000,17,16366158,21/09/2025 23:45:00,000,17,2029,
22/09/2025 00:00:00,000,17,06387201,22/09/2025 00:00:00,000,16,3954,
22/09/2025 00:15:00,000,16,73044487,22/09/2025 00:15:00,000,16,3954,
22/09/2025 00:30:00,000,16,22927406,22/09/2025 00:30:00,000,16,3954,
22/09/2025 00:45:00,000,15,83690428,22/09/2025 00:45:00,000,16,3954,
22/09/2025 01:00:00,000,15,84442698,22/09/2025 01:00:00,000,16,1483,
22/09/2025 01:15:00,000,16,04183071,22/09/2025 01:15:00,000,16,1483,
22/09/2025 01:30:00,000,15,44760463,22/09/2025 01:30:00,000,16,1483,
22/09/2025 01:45:00,000,15,60434904,22/09/2025 01:45:00,000,16,1483,
22/09/2025 02:00:00,000,16,03539101,22/09/2025 02:00:00,000,15,3501,
22/09/2025 02:15:00,000,15,79276645,22/09/2025 02:15:00,000,15,3501,
22/09/2025 02:30:00,000,15,93317107,22/09/2025 02:30:00,000,15,3501,
22/09/2025 02:45:00,000,15,44544265,22/09/2025 02:45:00,000,15,3501,
22/09/2025 03:00:00,000,15,57489539,22/09/2025 03:00:00,000,14,945,
22/09/2025 03:15:00,000,15,37728014,22/09/2025 03:15:00,000,14,945,
22/09/2025 03:30:00,000,15,02409264,22/09/2025 03:30:00,000,14,945,
22/09/2025 03:45:00,000,15,12839512,22/09/2025 03:45:00,000,14,945,
22/09/2025 04:00:00,000,14,77569474,22/09/2025 04:00:00,000,14,2966,
22/09/2025 04:15:00,000,14,99747985,22/09/2025 04:15:00,000,14,2966,
22/09/2025 04:30:00,000,14,85037345,22/09/2025 04:30:00,000,14,2966,
22/09/2025 04:45:00,000,14,50057767,22/09/2025 04:45:00,000,14,2966,
22/09/2025 05:00:00,000,14,17914674,22/09/2025 05:00:00,000,13,9967,
22/09/2025 05:15:00,000,14,24376686,22/09/2025 05:15:00,000,13,9967,
22/09/2025 05:30:00,000,14,24747868,22/09/2025 05:30:00,000,13,9967,
22/09/2025 05:45:00,000,14,231968,22/09/2025 05:45:00,000,13,9967,
22/09/2025 06:00:00,000,13,70569492,22/09/2025 06:00:00,000,13,5355,
22/09/2025 06:15:00,000,13,84712662,22/09/2025 06:15:00,000,13,5355,
22/09/2025 06:30:00,000,13,56219926,22/09/2025 06:30:00,000,13,5355,
22/09/2025 06:45:00,000,13,84041785,22/09/2025 06:45:00,000,13,5355,
22/09/2025 07:00:00,000,13,6686278,22/09/2025 07:00:00,000,14,8766,
22/09/2025 07:15:00,000,13,97603183,22/09/2025 07:15:00,000,14,8766,
22/09/2025 07:30:00,000,14,77865324,22/09/2025 07:30:00,000,14,8766,
22/09/2025 07:45:00,000,15,33039381,22/09/2025 07:45:00,000,14,8766,
22/09/2025 08:00:00,000,15,43753265,22/09/2025 08:00:00,000,17,4196,
22/09/2025 08:15:00,000,16,53494065,22/09/2025 08:15:00,000,17,4196,
22/09/2025 08:30:00,000,16,64923142,22/09/2025 08:30:00,000,17,4196,
22/09/2025 08:45:00,000,17,12790928,22/09/2025 08:45:00,000,17,4196,
22/09/2025 09:00:00,000,18,23025414,22/09/2025 09:00:00,000,19,9748,
22/09/2025 09:15:00,000,18,64172324,22/09/2025 09:15:00,000,19,9748,
22/09/2025 09:30:00,000,18,77384689,22/09/2025 09:30:00,000,19,9748,
22/09/2025 09:45:00,000,19,3187342,22/09/2025 09:45:00,000,19,9748,
22/09/2025 10:00:00,000,20,08540693,22/09/2025 10:00:00,000,21,8166,
22/09/2025 10:15:00,000,20,45299372,22/09/2025 10:15:00,000,21,8166,
22/09/2025 10:30:00,000,20,66676975,22/09/2025 10:30:00,000,21,8166,
22/09/2025 10:45:00,000,21,3516298,22/09/2025 10:45:00,000,21,8166,
22/09/2025 11:00:00,000,21,53267522,22/09/2025 11:00:00,000,22,9052,
22/09/2025 11:15:00,000,22,62975841,22/09/2025 11:15:00,000,22,9052,
22/09/2025 11:30:00,000,22,94205087,22/09/2025 11:30:00,000,22,9052,
22/09/2025 11:45:00,000,23,37522742,22/09/2025 11:45:00,000,22,9052,
22/09/2025 12:00:00,000,24,22328491,22/09/2025 12:00:00,000,24,7226,
22/09/2025 12:15:00,000,23,90157247,22/09/2025 12:15:00,000,24,7226,
22/09/2025 12:30:00,000,24,6708009,22/09/2025 12:30:00,000,24,7226,
22/09/2025 12:45:00,000,24,99384114,22/09/2025 12:45:00,000,24,7226,
22/09/2025 13:00:00,000,25,19681375,22/09/2025 13:00:00,000,26,7362,
22/09/2025 13:15:00,000,26,16446654,22/09/2025 13:15:00,000,26,7362,
22/09/2025 13:30:00,000,26,08267022,22/09/2025 13:30:00,000,26,7362,
22/09/2025 13:45:00,000,26,42246734,22/09/2025 13:45:00,000,26,7362,
22/09/2025 14:00:00,000,26,90241059,22/09/2025 14:00:00,000,27,2396,
22/09/2025 14:15:00,000,26,11221945,22/09/2025 14:15:00,000,27,2396,
22/09/2025 14:30:00,000,26,94602171,22/09/2025 14:30:00,000,27,2396,
22/09/2025 14:45:00,000,27,09967796,22/09/2025 14:45:00,000,27,2396,
22/09/2025 15:00:00,000,27,34048259,22/09/2025 15:00:00,000,27,6457,
22/09/2025 15:15:00,000,27,21784499,22/09/2025 15:15:00,000,27,6457,
22/09/2025 15:30:00,000,27,07005296,22/09/2025 15:30:00,000,27,6457,
22/09/2025 15:45:00,000,27,46946842,22/09/2025 15:45:00,000,27,6457,
22/09/2025 16:00:00,000,27,71943692,22/09/2025 16:00:00,000,27,222,
22/09/2025 16:15:00,000,27,63203343,22/09/2025 16:15:00,000,27,222,
22/09/2025 16:30:00,000,27,47382603,22/09/2025 16:30:00,000,27,222,
22/09/2025 16:45:00,000,26,38490261,22/09/2025 16:45:00,000,27,222,
22/09/2025 17:00:00,000,26,66919435,22/09/2025 17:00:00,000,26,5419,
22/09/2025 17:15:00,000,25,80143773,22/09/2025 17:15:00,000,26,5419,
22/09/2025 17:30:00,000,25,14691039,22/09/2025 17:30:00,000,26,5419,
22/09/2025 17:45:00,000,24,46713592,22/09/2025 17:45:00,000,26,5419,
22/09/2025 18:00:00,000,23,61589712,22/09/2025 18:00:00,000,23,3482,
22/09/2025 18:15:00,000,23,35575967,22/09/2025 18:15:00,000,23,3482,
22/09/2025 18:30:00,000,22,94205083,22/09/2025 18:30:00,000,23,3482,
22/09/2025 18:45:00,000,22,28754003,22/09/2025 18:45:00,000,23,3482,
22/09/2025 19:00:00,000,22,02794775,22/09/2025 19:00:00,000,21,0628,
22/09/2025 19:15:00,000,21,66602722,22/09/2025 19:15:00,000,21,0628,
22/09/2025 19:30:00,000,21,5782913,22/09/2025 19:30:00,000,21,0628,
22/09/2025 19:45:00,000,20,98366468,22/09/2025 19:45:00,000,21,0628,
22/09/2025 20:00:00,000,21,00161505,22/09/2025 20:00:00,000,19,5208,
22/09/2025 20:15:00,000,20,40430665,22/09/2025 20:15:00,000,19,5208,
22/09/2025 20:30:00,000,19,86677269,22/09/2025 20:30:00,000,19,5208,
22/09/2025 20:45:00,000,20,14992261,22/09/2025 20:45:00,000,19,5208,
22/09/2025 21:00:00,000,19,60113267,22/09/2025 21:00:00,000,19,0547,
22/09/2025 21:15:00,000,19,32468116,22/09/2025 21:15:00,000,19,0547,
22/09/2025 21:30:00,000,19,09391231,22/09/2025 21:30:00,000,19,0547,
22/09/2025 21:45:00,000,18,80128282,22/09/2025 21:45:00,000,19,0547,
22/09/2025 22:00:00,000,18,72971116,22/09/2025 22:00:00,000,18,8541,
22/09/2025 22:15:00,000,18,4222936,22/09/2025 22:15:00,000,18,8541,
22/09/2025 22:30:00,000,18,16741577,22/09/2025 22:30:00,000,18,8541,
22/09/2025 22:45:00,000,17,77071574,22/09/2025 22:45:00,000,18,8541,
22/09/2025 23:00:00,000,17,32450223,22/09/2025 23:00:00,000,18,2981,
22/09/2025 23:15:00,000,17,12132599,22/09/2025 23:15:00,000,18,2981,
22/09/2025 23:30:00,000,16,76521842,22/09/2025 23:30:00,000,18,2981,
22/09/2025 23:45:00,000,16,57772148,22/09/2025 23:45:00,000,18,2981,
23/09/2025 00:00:00,000,16,24841614,23/09/2025 00:00:00,000,17,04,
23/09/2025 00:15:00,000,16,15287757,23/09/2025 00:15:00,000,17,04,
23/09/2025 00:30:00,000,15,92734637,23/09/2025 00:30:00,000,17,04,
23/09/2025 00:45:00,000,15,9583168,23/09/2025 00:45:00,000,17,04,
23/09/2025 01:00:00,000,15,43665644,23/09/2025 01:00:00,000,16,5927,
23/09/2025 01:15:00,000,15,3176591,23/09/2025 01:15:00,000,16,5927,
23/09/2025 01:30:00,000,14,97348604,23/09/2025 01:30:00,000,16,5927,
23/09/2025 01:45:00,000,15,09590166,23/09/2025 01:45:00,000,16,5927,
23/09/2025 02:00:00,000,14,82802071,23/09/2025 02:00:00,000,15,8915,
23/09/2025 02:15:00,000,14,35706864,23/09/2025 02:15:00,000,15,8915,
23/09/2025 02:30:00,000,14,44751964,23/09/2025 02:30:00,000,15,8915,
23/09/2025 02:45:00,000,13,72061628,23/09/2025 02:45:00,000,15,8915,
23/09/2025 03:00:00,000,13,40687605,23/09/2025 03:00:00,000,14,5831,
23/09/2025 03:15:00,000,13,18836515,23/09/2025 03:15:00,000,14,5831,
23/09/2025 03:30:00,000,12,76666579,23/09/2025 03:30:00,000,14,5831,
23/09/2025 03:45:00,000,12,81368131,23/09/2025 03:45:00,000,14,5831,
23/09/2025 04:00:00,000,12,80697781,23/09/2025 04:00:00,000,14,5483,
23/09/2025 04:15:00,000,12,27025083,23/09/2025 04:15:00,000,14,5483,
23/09/2025 04:30:00,000,12,55903446,23/09/2025 04:30:00,000,14,5483,
23/09/2025 04:45:00,000,12,1339296,23/09/2025 04:45:00,000,14,5483,
23/09/2025 05:00:00,000,12,25146235,23/09/2025 05:00:00,000,13,8673,
23/09/2025 05:15:00,000,12,22860727,23/09/2025 05:15:00,000,13,8673,
23/09/2025 05:30:00,000,11,99835836,23/09/2025 05:30:00,000,13,8673,
23/09/2025 05:45:00,000,11,68795018,23/09/2025 05:45:00,000,13,8673,
23/09/2025 06:00:00,000,11,6638299,23/09/2025 06:00:00,000,13,7277,
23/09/2025 06:15:00,000,11,83323588,23/09/2025 06:15:00,000,13,7277,
23/09/2025 06:30:00,000,11,65952313,23/09/2025 06:30:00,000,13,7277,
23/09/2025 06:45:00,000,11,66172301,23/09/2025 06:45:00,000,13,7277,
23/09/2025 07:00:00,000,11,78084046,23/09/2025 07:00:00,000,14,2826,
23/09/2025 07:15:00,000,12,02739204,23/09/2025 07:15:00,000,14,2826,
23/09/2025 07:30:00,000,12,00560435,23/09/2025 07:30:00,000,14,2826,
23/09/2025 07:45:00,000,12,39625719,23/09/2025 07:45:00,000,14,2826,
23/09/2025 08:00:00,000,12,68683299,23/09/2025 08:00:00,000,14,5764,
23/09/2025 08:15:00,000,12,62699907,23/09/2025 08:15:00,000,14,5764,
23/09/2025 08:30:00,000,13,12794485,23/09/2025 08:30:00,000,14,5764,
23/09/2025 08:45:00,000,13,13696344,23/09/2025 08:45:00,000,14,5764,
23/09/2025 09:00:00,000,13,66809406,23/09/2025 09:00:00,000,15,2742,
23/09/2025 09:15:00,000,13,4446825,23/09/2025 09:15:00,000,15,2742,
23/09/2025 09:30:00,000,13,63447328,23/09/2025 09:30:00,000,15,2742,
23/09/2025 09:45:00,000,14,03055316,23/09/2025 09:45:00,000,15,2742,
23/09/2025 10:00:00,000,14,37252982,23/09/2025 10:00:00,000,15,8101,
23/09/2025 10:15:00,000,14,64796695,23/09/2025 10:15:00,000,15,8101,
23/09/2025 10:30:00,000,15,40030974,23/09/2025 10:30:00,000,15,8101,
23/09/2025 10:45:00,000,15,75447982,23/09/2025 10:45:00,000,15,8101,
23/09/2025 11:00:00,000,15,94680996,23/09/2025 11:00:00,000,16,4063,
23/09/2025 11:15:00,000,16,48191568,23/09/2025 11:15:00,000,16,4063,
23/09/2025 11:30:00,000,16,24992969,23/09/2025 11:30:00,000,16,4063,
23/09/2025 11:45:00,000,15,94638008,23/09/2025 11:45:00,000,16,4063,
23/09/2025 12:00:00,000,16,16730025,23/09/2025 12:00:00,000,17,3544,
23/09/2025 12:15:00,000,16,65403105,23/09/2025 12:15:00,000,17,3544,
23/09/2025 12:30:00,000,16,46086453,23/09/2025 12:30:00,000,17,3544,
23/09/2025 12:45:00,000,16,75653179,23/09/2025 12:45:00,000,17,3544,
23/09/2025 13:00:00,000,16,90882867,23/09/2025 13:00:00,000,17,6725,
23/09/2025 13:15:00,000,17,30290006,23/09/2025 13:15:00,000,17,6725,
23/09/2025 13:30:00,000,17,13849913,23/09/2025 13:30:00,000,17,6725,
23/09/2025 13:45:00,000,16,92524388,23/09/2025 13:45:00,000,17,6725,
23/09/2025 14:00:00,000,17,48276425,23/09/2025 14:00:00,000,17,0965,
23/09/2025 14:15:00,000,17,62235721,23/09/2025 14:15:00,000,17,0965,
23/09/2025 14:30:00,000,17,17019586,23/09/2025 14:30:00,000,17,0965,
23/09/2025 14:45:00,000,17,12338857,23/09/2025 14:45:00,000,17,0965,
23/09/2025 15:00:00,000,17,68620084,23/09/2025 15:00:00,000,16,7508,
23/09/2025 15:15:00,000,17,83043261,23/09/2025 15:15:00,000,16,7508,
23/09/2025 15:30:00,000,17,64636082,23/09/2025 15:30:00,000,16,7508,
23/09/2025 15:45:00,000,17,65656179,23/09/2025 15:45:00,000,16,7508,
23/09/2025 16:00:00,000,17,42229551,23/09/2025 16:00:00,000,15,7066,
23/09/2025 16:15:00,000,17,53302562,23/09/2025 16:15:00,000,15,7066,
23/09/2025 16:30:00,000,17,47003524,23/09/2025 16:30:00,000,15,7066,
23/09/2025 16:45:00,000,17,02884706,23/09/2025 16:45:00,000,15,7066,
23/09/2025 17:00:00,000,16,77985669,23/09/2025 17:00:00,000,15,8339,
23/09/2025 17:15:00,000,16,41532887,23/09/2025 17:15:00,000,15,8339,
23/09/2025 17:30:00,000,16,3777162,23/09/2025 17:30:00,000,15,8339,
23/09/2025 17:45:00,000,16,1719827,23/09/2025 17:45:00,000,15,8339,
23/09/2025 18:00:00,000,15,86736791,23/09/2025 18:00:00,000,15,2105,
23/09/2025 18:15:00,000,15,71666891,23/09/2025 18:15:00,000,15,2105,
23/09/2025 18:30:00,000,15,71371714,23/09/2025 18:30:00,000,15,2105,
23/09/2025 18:45:00,000,15,59036307,23/09/2025 18:45:00,000,15,2105,
23/09/2025 19:00:00,000,15,36217676,23/09/2025 19:00:00,000,14,4881,
23/09/2025 19:15:00,000,14,90540115,23/09/2025 19:15:00,000,14,4881,
23/09/2025 19:30:00,000,14,64098182,23/09/2025 19:30:00,000,14,4881,
23/09/2025 19:45:00,000,14,1447734,23/09/2025 19:45:00,000,14,4881,
23/09/2025 20:00:00,000,13,95392127,23/09/2025 20:00:00,000,13,9379,
23/09/2025 20:15:00,000,13,70643999,23/09/2025 20:15:00,000,13,9379,
23/09/2025 20:30:00,000,13,32321952,23/09/2025 20:30:00,000,13,9379,
23/09/2025 20:45:00,000,13,08258357,23/09/2025 20:45:00,000,13,9379,
23/09/2025 21:00:00,000,13,30933229,23/09/2025 21:00:00,000,13,9613,
23/09/2025 21:15:00,000,12,6514213,23/09/2025 21:15:00,000,13,9613,
23/09/2025 21:30:00,000,12,90693284,23/09/2025 21:30:00,000,13,9613,
23/09/2025 21:45:00,000,12,75041787,23/09/2025 21:45:00,000,13,9613,
23/09/2025 22:00:00,000,12,45131095,23/09/2025 22:00:00,000,13,6939,
23/09/2025 22:15:00,000,12,26554156,23/09/2025 22:15:00,000,13,6939,
23/09/2025 22:30:00,000,12,28730589,23/09/2025 22:30:00,000,13,6939,
23/09/2025 22:45:00,000,12,45142978,23/09/2025 22:45:00,000,13,6939,
23/09/2025 23:00:00,000,12,35300083,23/09/2025 23:00:00,000,13,3757,
23/09/2025 23:15:00,000,11,93783236,23/09/2025 23:15:00,000,13,3757,
23/09/2025 23:30:00,000,11,78536703,23/09/2025 23:30:00,000,13,3757,
23/09/2025 23:45:00,000,12,13068414,23/09/2025 23:45:00,000,13,3757,
24/09/2025 00:00:00,000,11,88740641,24/09/2025 00:00:00,000,13,3758,
24/09/2025 00:15:00,000,11,55761203,24/09/2025 00:15:00,000,13,3758,
24/09/2025 00:30:00,000,11,48332695,24/09/2025 00:30:00,000,13,3758,
24/09/2025 00:45:00,000,11,43659125,24/09/2025 00:45:00,000,13,3758,
24/09/2025 01:00:00,000,11,52514645,24/09/2025 01:00:00,000,13,1354,
24/09/2025 01:15:00,000,11,47185207,24/09/2025 01:15:00,000,13,1354,
24/09/2025 01:30:00,000,11,38467652,24/09/2025 01:30:00,000,13,1354,
24/09/2025 01:45:00,000,11,12623197,24/09/2025 01:45:00,000,13,1354,
24/09/2025 02:00:00,000,11,26383706,24/09/2025 02:00:00,000,13,0935,
24/09/2025 02:15:00,000,11,43764646,24/09/2025 02:15:00,000,13,0935,
24/09/2025 02:30:00,000,11,35423916,24/09/2025 02:30:00,000,13,0935,
24/09/2025 02:45:00,000,11,10045493,24/09/2025 02:45:00,000,13,0935,
24/09/2025 03:00:00,000,11,16956665,24/09/2025 03:00:00,000,12,7278,
24/09/2025 03:15:00,000,11,09719819,24/09/2025 03:15:00,000,12,7278,
24/09/2025 03:30:00,000,10,84280329,24/09/2025 03:30:00,000,12,7278,
24/09/2025 03:45:00,000,11,07630815,24/09/2025 03:45:00,000,12,7278,
24/09/2025 04:00:00,000,10,68845613,24/09/2025 04:00:00,000,12,732,
24/09/2025 04:15:00,000,10,81495505,24/09/2025 04:15:00,000,12,732,
24/09/2025 04:30:00,000,10,96341871,24/09/2025 04:30:00,000,12,732,
24/09/2025 04:45:00,000,10,93960587,24/09/2025 04:45:00,000,12,732,
24/09/2025 05:00:00,000,10,86712077,24/09/2025 05:00:00,000,12,5799,
24/09/2025 05:15:00,000,10,79819416,24/09/2025 05:15:00,000,12,5799,
24/09/2025 05:30:00,000,10,85676018,24/09/2025 05:30:00,000,12,5799,
24/09/2025 05:45:00,000,10,56141339,24/09/2025 05:45:00,000,12,5799,
24/09/2025 06:00:00,000,10,56683294,24/09/2025 06:00:00,000,12,0981,
24/09/2025 06:15:00,000,10,63500141,24/09/2025 06:15:00,000,12,0981,
24/09/2025 06:30:00,000,10,54943728,24/09/2025 06:30:00,000,12,0981,
24/09/2025 06:45:00,000,10,32616566,24/09/2025 06:45:00,000,12,0981,
24/09/2025 07:00:00,000,10,55563578,24/09/2025 07:00:00,000,12,0398,
24/09/2025 07:15:00,000,10,27566861,24/09/2025 07:15:00,000,12,0398,
24/09/2025 07:30:00,000,10,20677715,24/09/2025 07:30:00,000,12,0398,
24/09/2025 07:45:00,000,10,46240286,24/09/2025 07:45:00,000,12,0398,
24/09/2025 08:00:00,000,10,45894462,24/09/2025 08:00:00,000,12,205,
24/09/2025 08:15:00,000,10,36273768,24/09/2025 08:15:00,000,12,205,
24/09/2025 08:30:00,000,10,32908436,24/09/2025 08:30:00,000,12,205,
24/09/2025 08:45:00,000,10,38412143,24/09/2025 08:45:00,000,12,205,
24/09/2025 09:00:00,000,10,83039956,24/09/2025 09:00:00,000,12,9721,
24/09/2025 09:15:00,000,10,58030753,24/09/2025 09:15:00,000,12,9721,
24/09/2025 09:30:00,000,10,99676853,24/09/2025 09:30:00,000,12,9721,
24/09/2025 09:45:00,000,11,00099018,24/09/2025 09:45:00,000,12,9721,
24/09/2025 10:00:00,000,11,05666104,24/09/2025 10:00:00,000,13,1881,
24/09/2025 10:15:00,000,11,35894712,24/09/2025 10:15:00,000,13,1881,
24/09/2025 10:30:00,000,11,44159047,24/09/2025 10:30:00,000,13,1881,
24/09/2025 10:45:00,000,11,51753908,24/09/2025 10:45:00,000,13,1881,
24/09/2025 11:00:00,000,11,9268897,24/09/2025 11:00:00,000,13,375,
24/09/2025 11:15:00,000,11,92778263,24/09/2025 11:15:00,000,13,375,
24/09/2025 11:30:00,000,11,94267755,24/09/2025 11:30:00,000,13,375,
24/09/2025 11:45:00,000,11,77866146,24/09/2025 11:45:00,000,13,375,
24/09/2025 12:00:00,000,11,8827367,24/09/2025 12:00:00,000,13,8609,
24/09/2025 12:15:00,000,12,26554875,24/09/2025 12:15:00,000,13,8609,
24/09/2025 12:30:00,000,12,15165595,24/09/2025 12:30:00,000,13,8609,
24/09/2025 12:45:00,000,12,1948813,24/09/2025 12:45:00,000,13,8609,
24/09/2025 13:00:00,000,12,28064014,24/09/2025 13:00:00,000,13,842,
24/09/2025 13:15:00,000,11,8974976,24/09/2025 13:15:00,000,13,842,
24/09/2025 13:30:00,000,12,18552435,24/09/2025 13:30:00,000,13,842,
24/09/2025 13:45:00,000,12,21621411,24/09/2025 13:45:00,000,13,842,
24/09/2025 14:00:00,000,12,32055122,24/09/2025 14:00:00,000,13,7042,
24/09/2025 14:15:00,000,12,3300417,24/09/2025 14:15:00,000,13,7042,
24/09/2025 14:30:00,000,12,29972204,24/09/2025 14:30:00,000,13,7042,
24/09/2025 14:45:00,000,12,52402124,24/09/2025 14:45:00,000,13,7042,
24/09/2025 15:00:00,000,12,27769555,24/09/2025 15:00:00,000,13,6458,
24/09/2025 15:15:00,000,12,4406575,24/09/2025 15:15:00,000,13,6458,
24/09/2025 15:30:00,000,12,41283591,24/09/2025 15:30:00,000,13,6458,
24/09/2025 15:45:00,000,12,51266781,24/09/2025 15:45:00,000,13,6458,
24/09/2025 16:00:00,000,12,63331681,24/09/2025 16:00:00,000,13,3631,
24/09/2025 16:15:00,000,12,58316188,24/09/2025 16:15:00,000,13,3631,
24/09/2025 16:30:00,000,12,742365,24/09/2025 16:30:00,000,13,3631,
24/09/2025 16:45:00,000,12,54176174,24/09/2025 16:45:00,000,13,3631,
24/09/2025 17:00:00,000,12,63679528,24/09/2025 17:00:00,000,12,9927,
24/09/2025 17:15:00,000,12,64141374,24/09/2025 17:15:00,000,12,9927,
24/09/2025 17:30:00,000,12,31862732,24/09/2025 17:30:00,000,12,9927,
24/09/2025 17:45:00,000,12,38523973,24/09/2025 17:45:00,000,12,9927,
24/09/2025 18:00:00,000,12,51308684,24/09/2025 18:00:00,000,12,5744,
24/09/2025 18:15:00,000,12,71581156,24/09/2025 18:15:00,000,12,5744,
24/09/2025 18:30:00,000,12,74145901,24/09/2025 18:30:00,000,12,5744,
24/09/2025 18:45:00,000,12,46647585,24/09/2025 18:45:00,000,12,5744,
24/09/2025 19:00:00,000,12,44884753,24/09/2025 19:00:00,000,12,3412,
24/09/2025 19:15:00,000,12,54982337,24/09/2025 19:15:00,000,12,3412,
24/09/2025 19:30:00,000,12,14492404,24/09/2025 19:30:00,000,12,3412,
24/09/2025 19:45:00,000,12,09353732,24/09/2025 19:45:00,000,12,3412,
24/09/2025 20:00:00,000,12,11749093,24/09/2025 20:00:00,000,12,3891,
24/09/2025 20:15:00,000,11,74014888,24/09/2025 20:15:00,000,12,3891,
24/09/2025 20:30:00,000,11,48228188,24/09/2025 20:30:00,000,12,3891,
24/09/2025 20:45:00,000,11,33721426,24/09/2025 20:45:00,000,12,3891,
24/09/2025 21:00:00,000,11,53907525,24/09/2025 21:00:00,000,12,1695,
24/09/2025 21:15:00,000,11,28921342,24/09/2025 21:15:00,000,12,1695,
24/09/2025 21:30:00,000,11,47285239,24/09/2025 21:30:00,000,12,1695,
24/09/2025 21:45:00,000,11,21322911,24/09/2025 21:45:00,000,12,1695,
24/09/2025 22:00:00,000,11,58224642,24/09/2025 22:00:00,000,11,8921,
24/09/2025 22:15:00,000,11,27544873,24/09/2025 22:15:00,000,11,8921,
24/09/2025 22:30:00,000,11,16643089,24/09/2025 22:30:00,000,11,8921,
24/09/2025 22:45:00,000,11,25588482,24/09/2025 22:45:00,000,11,8921,
24/09/2025 23:00:00,000,11,34181441,24/09/2025 23:00:00,000,11,5447,
24/09/2025 23:15:00,000,10,89698939,24/09/2025 23:15:00,000,11,5447,
24/09/2025 23:30:00,000,10,7831687,24/09/2025 23:30:00,000,11,5447,
24/09/2025 23:45:00,000,10,9961049,24/09/2025 23:45:00,000,11,5447,
25/09/2025 00:00:00,000,11,01906182,25/09/2025 00:00:00,000,11,5875,
25/09/2025 00:15:00,000,10,69234482,25/09/2025 00:15:00,000,11,5875,
25/09/2025 00:30:00,000,11,01957713,25/09/2025 00:30:00,000,11,5875,
25/09/2025 00:45:00,000,10,97131462,25/09/2025 00:45:00,000,11,5875,
25/09/2025 01:00:00,000,10,92083552,25/09/2025 01:00:00,000,11,905,
25/09/2025 01:15:00,000,10,89056452,25/09/2025 01:15:00,000,11,905,
25/09/2025 01:30:00,000,10,65223167,25/09/2025 01:30:00,000,11,905,
25/09/2025 01:45:00,000,10,39837681,25/09/2025 01:45:00,000,11,905,
25/09/2025 02:00:00,000,10,20196265,25/09/2025 02:00:00,000,12,0429,
25/09/2025 02:15:00,000,10,21257331,25/09/2025 02:15:00,000,12,0429,
25/09/2025 02:30:00,000,10,08902501,25/09/2025 02:30:00,000,12,0429,
25/09/2025 02:45:00,000,10,18544235,25/09/2025 02:45:00,000,12,0429,
25/09/2025 03:00:00,000,10,21377015,25/09/2025 03:00:00,000,11,8417,
25/09/2025 03:15:00,000,10,21928907,25/09/2025 03:15:00,000,11,8417,
25/09/2025 03:30:00,000,9,889263158,25/09/2025 03:30:00,000,11,8417,
25/09/2025 03:45:00,000,10,00136279,25/09/2025 03:45:00,000,11,8417,
25/09/2025 04:00:00,000,10,22660264,25/09/2025 04:00:00,000,11,6573,
25/09/2025 04:15:00,000,9,856775241,25/09/2025 04:15:00,000,11,6573,
25/09/2025 04:30:00,000,9,834741363,25/09/2025 04:30:00,000,11,6573,
25/09/2025 04:45:00,000,10,04066741,25/09/2025 04:45:00,000,11,6573,
25/09/2025 05:00:00,000,9,880691298,25/09/2025 05:00:00,000,11,452,
25/09/2025 05:15:00,000,9,633777564,25/09/2025 05:15:00,000,11,452,
25/09/2025 05:30:00,000,9,650898282,25/09/2025 05:30:00,000,11,452,
25/09/2025 05:45:00,000,9,455747098,25/09/2025 05:45:00,000,11,452,
25/09/2025 06:00:00,000,9,585341064,25/09/2025 06:00:00,000,11,6186,
25/09/2025 06:15:00,000,9,534510425,25/09/2025 06:15:00,000,11,6186,
25/09/2025 06:30:00,000,9,513048024,25/09/2025 06:30:00,000,11,6186,
25/09/2025 06:45:00,000,9,284673974,25/09/2025 06:45:00,000,11,6186,
25/09/2025 07:00:00,000,9,332121076,25/09/2025 07:00:00,000,11,3542,
25/09/2025 07:15:00,000,9,318988775,25/09/2025 07:15:00,000,11,3542,
25/09/2025 07:30:00,000,9,023250312,25/09/2025 07:30:00,000,11,3542,
25/09/2025 07:45:00,000,8,932374178,25/09/2025 07:45:00,000,11,3542,
25/09/2025 08:00:00,000,9,180906894,25/09/2025 08:00:00,000,11,0908,
25/09/2025 08:15:00,000,9,060287258,25/09/2025 08:15:00,000,11,0908,
25/09/2025 08:30:00,000,8,995828929,25/09/2025 08:30:00,000,11,0908,
25/09/2025 08:45:00,000,9,17357422,25/09/2025 08:45:00,000,11,0908,
25/09/2025 09:00:00,000,9,197222913,25/09/2025 09:00:00,000,11,5491,
25/09/2025 09:15:00,000,9,147599368,25/09/2025 09:15:00,000,11,5491,
25/09/2025 09:30:00,000,9,142394814,25/09/2025 09:30:00,000,11,5491,
25/09/2025 09:45:00,000,9,210057229,25/09/2025 09:45:00,000,11,5491,
25/09/2025 10:00:00,000,9,237200676,25/09/2025 10:00:00,000,11,6511,
25/09/2025 10:15:00,000,9,204132299,25/09/2025 10:15:00,000,11,6511,
25/09/2025 10:30:00,000,9,414750132,25/09/2025 10:30:00,000,11,6511,
25/09/2025 10:45:00,000,9,217329437,25/09/2025 10:45:00,000,11,6511,
25/09/2025 11:00:00,000,9,335599478,25/09/2025 11:00:00,000,12,0258,
25/09/2025 11:15:00,000,9,000434706,25/09/2025 11:15:00,000,12,0258,
25/09/2025 11:30:00,000,9,09265115,25/09/2025 11:30:00,000,12,0258,
25/09/2025 11:45:00,000,9,383529858,25/09/2025 11:45:00,000,12,0258,
25/09/2025 12:00:00,000,9,236809869,25/09/2025 12:00:00,000,11,787,
25/09/2025 12:15:00,000,9,52229573,25/09/2025 12:15:00,000,11,787,
25/09/2025 12:30:00,000,9,603663243,25/09/2025 12:30:00,000,11,787,
25/09/2025 12:45:00,000,9,951698403,25/09/2025 12:45:00,000,11,787,
25/09/2025 13:00:00,000,9,890235987,25/09/2025 13:00:00,000,12,1035,
25/09/2025 13:15:00,000,10,01608055,25/09/2025 13:15:00,000,12,1035,
25/09/2025 13:30:00,000,10,00754791,25/09/2025 13:30:00,000,12,1035,
25/09/2025 13:45:00,000,9,781035295,25/09/2025 13:45:00,000,12,1035,
25/09/2025 14:00:00,000,9,943848103,25/09/2025 14:00:00,000,12,4021,
25/09/2025 14:15:00,000,10,20260967,25/09/2025 14:15:00,000,12,4021,
25/09/2025 14:30:00,000,10,04873174,25/09/2025 14:30:00,000,12,4021,
25/09/2025 14:45:00,000,10,32979721,25/09/2025 14:45:00,000,12,4021,
25/09/2025 15:00:00,000,10,34548728,25/09/2025 15:00:00,000,12,5266,
25/09/2025 15:15:00,000,10,31957538,25/09/2025 15:15:00,000,12,5266,
25/09/2025 15:30:00,000,10,69816064,25/09/2025 15:30:00,000,12,5266,
25/09/2025 15:45:00,000,10,78106966,25/09/2025 15:45:00,000,12,5266,
25/09/2025 16:00:00,000,10,64636949,25/09/2025 16:00:00,000,12,0917,
25/09/2025 16:15:00,000,10,90908601,25/09/2025 16:15:00,000,12,0917,
25/09/2025 16:30:00,000,10,87318562,25/09/2025 16:30:00,000,12,0917,
25/09/2025 16:45:00,000,11,04697552,25/09/2025 16:45:00,000,12,0917,
25/09/2025 17:00:00,000,11,12096457,25/09/2025 17:00:00,000,12,0947,
25/09/2025 17:15:00,000,11,12017854,25/09/2025 17:15:00,000,12,0947,
25/09/2025 17:30:00,000,10,8624239,25/09/2025 17:30:00,000,12,0947,
25/09/2025 17:45:00,000,11,40539357,25/09/2025 17:45:00,000,12,0947,
25/09/2025 18:00:00,000,11,47001773,25/09/2025 18:00:00,000,11,8372,
25/09/2025 18:15:00,000,11,49642462,25/09/2025 18:15:00,000,11,8372,
25/09/2025 18:30:00,000,11,76318321,25/09/2025 18:30:00,000,11,8372,
25/09/2025 18:45:00,000,12,04521178,25/09/2025 18:45:00,000,11,8372,
25/09/2025 19:00:00,000,11,70186914,25/09/2025 19:00:00,000,11,8438,
25/09/2025 19:15:00,000,11,88705481,25/09/2025 19:15:00,000,11,8438,
25/09/2025 19:30:00,000,12,05971137,25/09/2025 19:30:00,000,11,8438,
25/09/2025 19:45:00,000,11,99460555,25/09/2025 19:45:00,000,11,8438,
25/09/2025 20:00:00,000,11,62355985,25/09/2025 20:00:00,000,11,6385,
25/09/2025 20:15:00,000,11,53441967,25/09/2025 20:15:00,000,11,6385,
25/09/2025 20:30:00,000,11,31609922,25/09/2025 20:30:00,000,11,6385,
25/09/2025 20:45:00,000,11,20767314,25/09/2025 20:45:00,000,11,6385,
25/09/2025 21:00:00,000,11,14961795,25/09/2025 21:00:00,000,11,3607,
25/09/2025 21:15:00,000,11,18711236,25/09/2025 21:15:00,000,11,3607,
25/09/2025 21:30:00,000,11,04104534,25/09/2025 21:30:00,000,11,3607,
25/09/2025 21:45:00,000,11,11314946,25/09/2025 21:45:00,000,11,3607,
25/09/2025 22:00:00,000,11,06506771,25/09/2025 22:00:00,000,11,2992,
25/09/2025 22:15:00,000,11,28025148,25/09/2025 22:15:00,000,11,2992,
25/09/2025 22:30:00,000,11,14432874,25/09/2025 22:30:00,000,11,2992,
25/09/2025 22:45:00,000,11,21986514,25/09/2025 22:45:00,000,11,2992,
25/09/2025 23:00:00,000,11,11644157,25/09/2025 23:00:00,000,11,1648,
25/09/2025 23:15:00,000,10,96314051,25/09/2025 23:15:00,000,11,1648,
25/09/2025 23:30:00,000,10,77424533,25/09/2025 23:30:00,000,11,1648,
25/09/2025 23:45:00,000,11,09189067,25/09/2025 23:45:00,000,11,1648,
26/09/2025 00:00:00,000,11,10906008,26/09/2025 00:00:00,000,11,2465,
26/09/2025 00:15:00,000,11,09842762,26/09/2025 00:15:00,000,11,2465,
26/09/2025 00:30:00,000,10,85727513,26/09/2025 00:30:00,000,11,2465,
26/09/2025 00:45:00,000,10,89116435,26/09/2025 00:45:00,000,11,2465,
26/09/2025 01:00:00,000,10,86238329,26/09/2025 01:00:00,000,11,0975,
26/09/2025 01:15:00,000,10,64111147,26/09/2025 01:15:00,000,11,0975,
26/09/2025 01:30:00,000,10,79156898,26/09/2025 01:30:00,000,11,0975,
26/09/2025 01:45:00,000,10,79473782,26/09/2025 01:45:00,000,11,0975,
26/09/2025 02:00:00,000,10,85754986,26/09/2025 02:00:00,000,11,1273,
26/09/2025 02:15:00,000,10,58261179,26/09/2025 02:15:00,000,11,1273,
26/09/2025 02:30:00,000,10,45945963,26/09/2025 02:30:00,000,11,1273,
26/09/2025 02:45:00,000,10,6040291,26/09/2025 02:45:00,000,11,1273,
26/09/2025 03:00:00,000,10,5457851,26/09/2025 03:00:00,000,11,2748,
26/09/2025 03:15:00,000,10,27956248,26/09/2025 03:15:00,000,11,2748,
26/09/2025 03:30:00,000,10,58032162,26/09/2025 03:30:00,000,11,2748,
26/09/2025 03:45:00,000,10,57341195,26/09/2025 03:45:00,000,11,2748,
26/09/2025 04:00:00,000,10,20988295,26/09/2025 04:00:00,000,11,2311,
26/09/2025 04:15:00,000,10,52769309,26/09/2025 04:15:00,000,11,2311,
26/09/2025 04:30:00,000,10,38955253,26/09/2025 04:30:00,000,11,2311,
26/09/2025 04:45:00,000,10,54476594,26/09/2025 04:45:00,000,11,2311,
26/09/2025 05:00:00,000,10,44155339,26/09/2025 05:00:00,000,11,1899,
26/09/2025 05:15:00,000,10,19980599,26/09/2025 05:15:00,000,11,1899,
26/09/2025 05:30:00,000,10,3630092,26/09/2025 05:30:00,000,11,1899,
26/09/2025 05:45:00,000,10,23423851,26/09/2025 05:45:00,000,11,1899,
26/09/2025 06:00:00,000,10,24968209,26/09/2025 06:00:00,000,10,967,
26/09/2025 06:15:00,000,10,24843702,26/09/2025 06:15:00,000,10,967,
26/09/2025 06:30:00,000,9,933562717,26/09/2025 06:30:00,000,10,967,
26/09/2025 06:45:00,000,9,941673282,26/09/2025 06:45:00,000,10,967,
26/09/2025 07:00:00,000,10,15981973,26/09/2025 07:00:00,000,11,0501,
26/09/2025 07:15:00,000,10,14016516,26/09/2025 07:15:00,000,11,0501,
26/09/2025 07:30:00,000,10,09972887,26/09/2025 07:30:00,000,11,0501,
26/09/2025 07:45:00,000,10,1893184,26/09/2025 07:45:00,000,11,0501,
26/09/2025 08:00:00,000,10,24850885,26/09/2025 08:00:00,000,11,4204,
26/09/2025 08:15:00,000,10,26990668,26/09/2025 08:15:00,000,11,4204,
26/09/2025 08:30:00,000,10,43881654,26/09/2025 08:30:00,000,11,4204,
26/09/2025 08:45:00,000,10,6993942,26/09/2025 08:45:00,000,11,4204,
26/09/2025 09:00:00,000,10,77578082,26/09/2025 09:00:00,000,11,8394,
26/09/2025 09:15:00,000,11,09285279,26/09/2025 09:15:00,000,11,8394,
26/09/2025 09:30:00,000,11,31979513,26/09/2025 09:30:00,000,11,8394,
26/09/2025 09:45:00,000,11,6979501,26/09/2025 09:45:00,000,11,8394,
26/09/2025 10:00:00,000,11,94942363,26/09/2025 10:00:00,000,12,5463,
26/09/2025 10:15:00,000,12,40858576,26/09/2025 10:15:00,000,12,5463,
26/09/2025 10:30:00,000,12,92497572,26/09/2025 10:30:00,000,12,5463,
26/09/2025 10:45:00,000,13,268858,26/09/2025 10:45:00,000,12,5463,
26/09/2025 11:00:00,000,13,29753868,26/09/2025 11:00:00,000,12,6349,
26/09/2025 11:15:00,000,13,69854732,26/09/2025 11:15:00,000,12,6349,
26/09/2025 11:30:00,000,13,90550572,26/09/2025 11:30:00,000,12,6349,
26/09/2025 11:45:00,000,13,7908667,26/09/2025 11:45:00,000,12,6349,
26/09/2025 12:00:00,000,14,20529126,26/09/2025 12:00:00,000,13,0174,
26/09/2025 12:15:00,000,14,27109131,26/09/2025 12:15:00,000,13,0174,
26/09/2025 12:30:00,000,14,48143843,26/09/2025 12:30:00,000,13,0174,
26/09/2025 12:45:00,000,14,30813152,26/09/2025 12:45:00,000,13,0174,
26/09/2025 13:00:00,000,14,62680583,26/09/2025 13:00:00,000,13,2846,
26/09/2025 13:15:00,000,14,26640486,26/09/2025 13:15:00,000,13,2846,
26/09/2025 13:30:00,000,14,4721294,26/09/2025 13:30:00,000,13,2846,
26/09/2025 13:45:00,000,14,3090417,26/09/2025 13:45:00,000,13,2846,
26/09/2025 14:00:00,000,14,00225882,26/09/2025 14:00:00,000,13,1567,
26/09/2025 14:15:00,000,13,82636273,26/09/2025 14:15:00,000,13,1567,
26/09/2025 14:30:00,000,13,35840421,26/09/2025 14:30:00,000,13,1567,
26/09/2025 14:45:00,000,13,13680987,26/09/2025 14:45:00,000,13,1567,
26/09/2025 15:00:00,000,13,29103494,26/09/2025 15:00:00,000,13,5311,
26/09/2025 15:15:00,000,13,22896151,26/09/2025 15:15:00,000,13,5311,
26/09/2025 15:30:00,000,12,77007654,26/09/2025 15:30:00,000,13,5311,
26/09/2025 15:45:00,000,13,08985755,26/09/2025 15:45:00,000,13,5311,
26/09/2025 16:00:00,000,12,92994826,26/09/2025 16:00:00,000,13,8887,
26/09/2025 16:15:00,000,12,93885376,26/09/2025 16:15:00,000,13,8887,
26/09/2025 16:30:00,000,13,53910872,26/09/2025 16:30:00,000,13,8887,
26/09/2025 16:45:00,000,13,61619187,26/09/2025 16:45:00,000,13,8887,
26/09/2025 17:00:00,000,13,30168922,26/09/2025 17:00:00,000,13,6487,
26/09/2025 17:15:00,000,13,30333297,26/09/2025 17:15:00,000,13,6487,
26/09/2025 17:30:00,000,13,02152171,26/09/2025 17:30:00,000,13,6487,
26/09/2025 17:45:00,000,12,28691767,26/09/2025 17:45:00,000,13,6487,
26/09/2025 18:00:00,000,12,49076615,26/09/2025 18:00:00,000,12,9375,
26/09/2025 18:15:00,000,12,52941126,26/09/2025 18:15:00,000,12,9375,
26/09/2025 18:30:00,000,12,77864961,26/09/2025 18:30:00,000,12,9375,
26/09/2025 18:45:00,000,12,68938593,26/09/2025 18:45:00,000,12,9375,
26/09/2025 19:00:00,000,12,84664356,26/09/2025 19:00:00,000,12,4299,
26/09/2025 19:15:00,000,12,74830726,26/09/2025 19:15:00,000,12,4299,
26/09/2025 19:30:00,000,12,62579747,26/09/2025 19:30:00,000,12,4299,
26/09/2025 19:45:00,000,12,67828178,26/09/2025 19:45:00,000,12,4299,
26/09/2025 20:00:00,000,12,50781971,26/09/2025 20:00:00,000,12,2948,
26/09/2025 20:15:00,000,12,49956378,26/09/2025 20:15:00,000,12,2948,
26/09/2025 20:30:00,000,12,2326478,26/09/2025 20:30:00,000,12,2948,
26/09/2025 20:45:00,000,12,12208658,26/09/2025 20:45:00,000,12,2948,
26/09/2025 21:00:00,000,12,45888425,26/09/2025 21:00:00,000,11,7614,
26/09/2025 21:15:00,000,12,1179252,26/09/2025 21:15:00,000,11,7614,
26/09/2025 21:30:00,000,11,96378762,26/09/2025 21:30:00,000,11,7614,
26/09/2025 21:45:00,000,12,02892786,26/09/2025 21:45:00,000,11,7614,
26/09/2025 22:00:00,000,12,12629795,26/09/2025 22:00:00,000,11,5431,
26/09/2025 22:15:00,000,12,01796004,26/09/2025 22:15:00,000,11,5431,
26/09/2025 22:30:00,000,12,17983734,26/09/2025 22:30:00,000,11,5431,
26/09/2025 22:45:00,000,11,869652,26/09/2025 22:45:00,000,11,5431,
26/09/2025 23:00:00,000,11,75393785,26/09/2025 23:00:00,000,11,3519,
26/09/2025 23:15:00,000,11,52443355,26/09/2025 23:15:00,000,11,3519,
26/09/2025 23:30:00,000,11,58360236,26/09/2025 23:30:00,000,11,3519,
26/09/2025 23:45:00,000,11,17635525,26/09/2025 23:45:00,000,11,3519,
27/09/2025 00:00:00,000,11,15059747,27/09/2025 00:00:00,000,11,5482,
27/09/2025 00:15:00,000,10,95104009,27/09/2025 00:15:00,000,11,5482,
27/09/2025 00:30:00,000,10,97914826,27/09/2025 00:30:00,000,11,5482,
27/09/2025 00:45:00,000,10,76067604,27/09/2025 00:45:00,000,11,5482,
27/09/2025 01:00:00,000,10,82500777,27/09/2025 01:00:00,000,11,3386,
27/09/2025 01:15:00,000,10,73301727,27/09/2025 01:15:00,000,11,3386,
27/09/2025 01:30:00,000,10,72864344,27/09/2025 01:30:00,000,11,3386,
27/09/2025 01:45:00,000,10,79315626,27/09/2025 01:45:00,000,11,3386,
27/09/2025 02:00:00,000,10,62798929,27/09/2025 02:00:00,000,11,3838,
27/09/2025 02:15:00,000,10,68107128,27/09/2025 02:15:00,000,11,3838,
27/09/2025 02:30:00,000,10,59365406,27/09/2025 02:30:00,000,11,3838,
27/09/2025 02:45:00,000,10,2913553,27/09/2025 02:45:00,000,11,3838,
27/09/2025 03:00:00,000,10,26463487,27/09/2025 03:00:00,000,11,2276,
27/09/2025 03:15:00,000,10,50814406,27/09/2025 03:15:00,000,11,2276,
27/09/2025 03:30:00,000,10,13088516,27/09/2025 03:30:00,000,11,2276,
27/09/2025 03:45:00,000,10,16839598,27/09/2025 03:45:00,000,11,2276,
27/09/2025 04:00:00,000,10,33511396,27/09/2025 04:00:00,000,10,9799,
27/09/2025 04:15:00,000,10,22065066,27/09/2025 04:15:00,000,10,9799,
27/09/2025 04:30:00,000,10,05191878,27/09/2025 04:30:00,000,10,9799,
27/09/2025 04:45:00,000,10,12322569,27/09/2025 04:45:00,000,10,9799,
27/09/2025 05:00:00,000,10,15184703,27/09/2025 05:00:00,000,10,8307,
27/09/2025 05:15:00,000,10,2188881,27/09/2025 05:15:00,000,10,8307,
27/09/2025 05:30:00,000,9,957823761,27/09/2025 05:30:00,000,10,8307,
27/09/2025 05:45:00,000,9,802630975,27/09/2025 05:45:00,000,10,8307,
27/09/2025 06:00:00,000,9,819458545,27/09/2025 06:00:00,000,10,4077,
27/09/2025 06:15:00,000,9,75114597,27/09/2025 06:15:00,000,10,4077,
27/09/2025 06:30:00,000,9,732618408,27/09/2025 06:30:00,000,10,4077,
27/09/2025 06:45:00,000,9,480715688,27/09/2025 06:45:00,000,10,4077,
27/09/2025 07:00:00,000,9,467044362,27/09/2025 07:00:00,000,10,7079,
27/09/2025 07:15:00,000,9,820238547,27/09/2025 07:15:00,000,10,7079,
27/09/2025 07:30:00,000,10,0361585,27/09/2025 07:30:00,000,10,7079,
27/09/2025 07:45:00,000,10,11844827,27/09/2025 07:45:00,000,10,7079,
27/09/2025 08:00:00,000,10,31898917,27/09/2025 08:00:00,000,11,7456,
27/09/2025 08:15:00,000,10,77748748,27/09/2025 08:15:00,000,11,7456,
27/09/2025 08:30:00,000,10,99938543,27/09/2025 08:30:00,000,11,7456,
27/09/2025 08:45:00,000,11,32826865,27/09/2025 08:45:00,000,11,7456,
27/09/2025 09:00:00,000,11,58011169,27/09/2025 09:00:00,000,12,4099,
27/09/2025 09:15:00,000,11,93004897,27/09/2025 09:15:00,000,12,4099,
27/09/2025 09:30:00,000,11,9633286,27/09/2025 09:30:00,000,12,4099,
27/09/2025 09:45:00,000,12,45206592,27/09/2025 09:45:00,000,12,4099,
27/09/2025 10:00:00,000,13,03024731,27/09/2025 10:00:00,000,13,6346,
27/09/2025 10:15:00,000,13,78626051,27/09/2025 10:15:00,000,13,6346,
27/09/2025 10:30:00,000,14,10300342,27/09/2025 10:30:00,000,13,6346,
27/09/2025 10:45:00,000,14,44938194,27/09/2025 10:45:00,000,13,6346,
27/09/2025 11:00:00,000,14,72691577,27/09/2025 11:00:00,000,14,2536,
27/09/2025 11:15:00,000,15,35163995,27/09/2025 11:15:00,000,14,2536,
27/09/2025 11:30:00,000,15,59891613,27/09/2025 11:30:00,000,14,2536,
27/09/2025 11:45:00,000,15,87158051,27/09/2025 11:45:00,000,14,2536,
27/09/2025 12:00:00,000,16,12008162,27/09/2025 12:00:00,000,15,514,
27/09/2025 12:15:00,000,16,39226542,27/09/2025 12:15:00,000,15,514,
27/09/2025 12:30:00,000,16,21922617,27/09/2025 12:30:00,000,15,514,
27/09/2025 12:45:00,000,16,93690394,27/09/2025 12:45:00,000,15,514,
27/09/2025 13:00:00,000,17,0648932,27/09/2025 13:00:00,000,16,2182,
27/09/2025 13:15:00,000,16,80120089,27/09/2025 13:15:00,000,16,2182,
27/09/2025 13:30:00,000,17,18746751,27/09/2025 13:30:00,000,16,2182,
27/09/2025 13:45:00,000,17,74596003,27/09/2025 13:45:00,000,16,2182,
27/09/2025 14:00:00,000,17,2364301,27/09/2025 14:00:00,000,17,5268,
27/09/2025 14:15:00,000,17,50758932,27/09/2025 14:15:00,000,17,5268,
27/09/2025 14:30:00,000,17,53019523,27/09/2025 14:30:00,000,17,5268,
27/09/2025 14:45:00,000,17,52287173,27/09/2025 14:45:00,000,17,5268,
27/09/2025 15:00:00,000,18,1390649,27/09/2025 15:00:00,000,17,5874,
27/09/2025 15:15:00,000,18,14088184,27/09/2025 15:15:00,000,17,5874,
27/09/2025 15:30:00,000,18,28718215,27/09/2025 15:30:00,000,17,5874,
27/09/2025 15:45:00,000,18,03676163,27/09/2025 15:45:00,000,17,5874,
27/09/2025 16:00:00,000,18,04276608,27/09/2025 16:00:00,000,17,6477,
27/09/2025 16:15:00,000,18,0108226,27/09/2025 16:15:00,000,17,6477,
27/09/2025 16:30:00,000,17,72436737,27/09/2025 16:30:00,000,17,6477,
27/09/2025 16:45:00,000,17,57015138,27/09/2025 16:45:00,000,17,6477,
27/09/2025 17:00:00,000,17,34703027,27/09/2025 17:00:00,000,16,9165,
27/09/2025 17:15:00,000,16,68494306,27/09/2025 17:15:00,000,16,9165,
27/09/2025 17:30:00,000,16,60882351,27/09/2025 17:30:00,000,16,9165,
27/09/2025 17:45:00,000,15,30191947,27/09/2025 17:45:00,000,16,9165,
27/09/2025 18:00:00,000,14,84972313,27/09/2025 18:00:00,000,14,8006,
27/09/2025 18:15:00,000,14,70715124,27/09/2025 18:15:00,000,14,8006,
27/09/2025 18:30:00,000,14,31690828,27/09/2025 18:30:00,000,14,8006,
27/09/2025 18:45:00,000,13,89986242,27/09/2025 18:45:00,000,14,8006,
27/09/2025 19:00:00,000,13,64907079,27/09/2025 19:00:00,000,13,4731,
27/09/2025 19:15:00,000,13,37007232,27/09/2025 19:15:00,000,13,4731,
27/09/2025 19:30:00,000,13,11034211,27/09/2025 19:30:00,000,13,4731,
27/09/2025 19:45:00,000,13,05327879,27/09/2025 19:45:00,000,13,4731,
27/09/2025 20:00:00,000,12,80406271,27/09/2025 20:00:00,000,13,2607,
27/09/2025 20:15:00,000,12,11195521,27/09/2025 20:15:00,000,13,2607,
27/09/2025 20:30:00,000,11,98274089,27/09/2025 20:30:00,000,13,2607,
27/09/2025 20:45:00,000,11,94173453,27/09/2025 20:45:00,000,13,2607,
27/09/2025 21:00:00,000,11,4512499,27/09/2025 21:00:00,000,12,6455,
27/09/2025 21:15:00,000,11,28145013,27/09/2025 21:15:00,000,12,6455,
27/09/2025 21:30:00,000,11,16966305,27/09/2025 21:30:00,000,12,6455,
27/09/2025 21:45:00,000,11,15545914,27/09/2025 21:45:00,000,12,6455,
27/09/2025 22:00:00,000,10,93128364,27/09/2025 22:00:00,000,11,7916,
27/09/2025 22:15:00,000,11,18685267,27/09/2025 22:15:00,000,11,7916,
27/09/2025 22:30:00,000,11,02011941,27/09/2025 22:30:00,000,11,7916,
27/09/2025 22:45:00,000,11,11379069,27/09/2025 22:45:00,000,11,7916,
27/09/2025 23:00:00,000,10,83088389,27/09/2025 23:00:00,000,11,239,
27/09/2025 23:15:00,000,10,84069834,27/09/2025 23:15:00,000,11,239,
27/09/2025 23:30:00,000,10,80071302,27/09/2025 23:30:00,000,11,239,
27/09/2025 23:45:00,000,10,90672184,27/09/2025 23:45:00,000,11,239,
28/09/2025 00:00:00,000,11,01107316,28/09/2025 00:00:00,000,10,4415,
28/09/2025 00:15:00,000,10,9198067,28/09/2025 00:15:00,000,10,4415,
28/09/2025 00:30:00,000,10,86932758,28/09/2025 00:30:00,000,10,4415,
28/09/2025 00:45:00,000,11,14335148,28/09/2025 00:45:00,000,10,4415,
28/09/2025 01:00:00,000,11,04615269,28/09/2025 01:00:00,000,10,2294,
28/09/2025 01:15:00,000,10,83835846,28/09/2025 01:15:00,000,10,2294,
28/09/2025 01:30:00,000,10,80083982,28/09/2025 01:30:00,000,10,2294,
28/09/2025 01:45:00,000,10,77977141,28/09/2025 01:45:00,000,10,2294,
28/09/2025 02:00:00,000,11,11578964,28/09/2025 02:00:00,000,10,3327,
28/09/2025 02:15:00,000,10,92221022,28/09/2025 02:15:00,000,10,3327,
28/09/2025 02:30:00,000,10,82074415,28/09/2025 02:30:00,000,10,3327,
28/09/2025 02:45:00,000,10,85349389,28/09/2025 02:45:00,000,10,3327,
28/09/2025 03:00:00,000,10,73792473,28/09/2025 03:00:00,000,9,8695,
28/09/2025 03:15:00,000,10,92231853,28/09/2025 03:15:00,000,9,8695,
28/09/2025 03:30:00,000,10,66784596,28/09/2025 03:30:00,000,9,8695,
28/09/2025 03:45:00,000,10,97471852,28/09/2025 03:45:00,000,9,8695,
28/09/2025 04:00:00,000,10,90290696,28/09/2025 04:00:00,000,9,4841,
28/09/2025 04:15:00,000,10,79628555,28/09/2025 04:15:00,000,9,4841,
28/09/2025 04:30:00,000,10,35744006,28/09/2025 04:30:00,000,9,4841,
28/09/2025 04:45:00,000,10,41732263,28/09/2025 04:45:00,000,9,4841,
28/09/2025 05:00:00,000,10,26899714,28/09/2025 05:00:00,000,9,5872,
28/09/2025 05:15:00,000,10,13451411,28/09/2025 05:15:00,000,9,5872,
28/09/2025 05:30:00,000,10,05369829,28/09/2025 05:30:00,000,9,5872,
28/09/2025 05:45:00,000,10,28182903,28/09/2025 05:45:00,000,9,5872,
28/09/2025 06:00:00,000,9,865711427,28/09/2025 06:00:00,000,9,2479,
28/09/2025 06:15:00,000,9,868683842,28/09/2025 06:15:00,000,9,2479,
28/09/2025 06:30:00,000,9,661436509,28/09/2025 06:30:00,000,9,2479,
28/09/2025 06:45:00,000,9,915553217,28/09/2025 06:45:00,000,9,2479,
28/09/2025 07:00:00,000,10,072841,28/09/2025 07:00:00,000,9,3004,
28/09/2025 07:15:00,000,10,1304335,28/09/2025 07:15:00,000,9,3004,
28/09/2025 07:30:00,000,10,23588538,28/09/2025 07:30:00,000,9,3004,
28/09/2025 07:45:00,000,10,82551294,28/09/2025 07:45:00,000,9,3004,
28/09/2025 08:00:00,000,10,94868445,28/09/2025 08:00:00,000,10,3867,
28/09/2025 08:15:00,000,11,41248185,28/09/2025 08:15:00,000,10,3867,
28/09/2025 08:30:00,000,11,46301117,28/09/2025 08:30:00,000,10,3867,
28/09/2025 08:45:00,000,12,04844592,28/09/2025 08:45:00,000,10,3867,
28/09/2025 09:00:00,000,11,95486509,28/09/2025 09:00:00,000,13,043,
28/09/2025 09:15:00,000,12,53132538,28/09/2025 09:15:00,000,13,043,
28/09/2025 09:30:00,000,12,4172245,28/09/2025 09:30:00,000,13,043,
28/09/2025 09:45:00,000,13,1495735,28/09/2025 09:45:00,000,13,043,
28/09/2025 10:00:00,000,13,52266737,28/09/2025 10:00:00,000,15,1215,
28/09/2025 10:15:00,000,13,91942163,28/09/2025 10:15:00,000,15,1215,
28/09/2025 10:30:00,000,13,94967689,28/09/2025 10:30:00,000,15,1215,
28/09/2025 10:45:00,000,14,54947536,28/09/2025 10:45:00,000,15,1215,
28/09/2025 11:00:00,000,14,84584356,28/09/2025 11:00:00,000,16,096,
28/09/2025 11:15:00,000,15,40025306,28/09/2025 11:15:00,000,16,096,
28/09/2025 11:30:00,000,15,48358747,28/09/2025 11:30:00,000,16,096,
28/09/2025 11:45:00,000,15,33861407,28/09/2025 11:45:00,000,16,096,
28/09/2025 12:00:00,000,15,42157741,28/09/2025 12:00:00,000,16,6688,
28/09/2025 12:15:00,000,15,70643949,28/09/2025 12:15:00,000,16,6688,
28/09/2025 12:30:00,000,15,86896261,28/09/2025 12:30:00,000,16,6688,
28/09/2025 12:45:00,000,15,85988154,28/09/2025 12:45:00,000,16,6688,
28/09/2025 13:00:00,000,15,75466681,28/09/2025 13:00:00,000,17,432,
28/09/2025 13:15:00,000,15,79902075,28/09/2025 13:15:00,000,17,432,
28/09/2025 13:30:00,000,15,73690224,28/09/2025 13:30:00,000,17,432,
28/09/2025 13:45:00,000,15,99126093,28/09/2025 13:45:00,000,17,432,
28/09/2025 14:00:00,000,15,89125483,28/09/2025 14:00:00,000,17,0476,
28/09/2025 14:15:00,000,15,96486403,28/09/2025 14:15:00,000,17,0476,
28/09/2025 14:30:00,000,16,43094736,28/09/2025 14:30:00,000,17,0476,
28/09/2025 14:45:00,000,16,54539142,28/09/2025 14:45:00,000,17,0476,
28/09/2025 15:00:00,000,16,23927115,28/09/2025 15:00:00,000,17,439,
28/09/2025 15:15:00,000,16,63202382,28/09/2025 15:15:00,000,17,439,
28/09/2025 15:30:00,000,16,43622957,28/09/2025 15:30:00,000,17,439,
28/09/2025 15:45:00,000,15,88419413,28/09/2025 15:45:00,000,17,439,
28/09/2025 16:00:00,000,15,95439989,28/09/2025 16:00:00,000,16,688,
28/09/2025 16:15:00,000,16,07762751,28/09/2025 16:15:00,000,16,688,
28/09/2025 16:30:00,000,15,64378102,28/09/2025 16:30:00,000,16,688,
28/09/2025 16:45:00,000,15,73952174,28/09/2025 16:45:00,000,16,688,
28/09/2025 17:00:00,000,15,07316728,28/09/2025 17:00:00,000,15,5878,
28/09/2025 17:15:00,000,15,10729499,28/09/2025 17:15:00,000,15,5878,
28/09/2025 17:30:00,000,14,69487454,28/09/2025 17:30:00,000,15,5878,
28/09/2025 17:45:00,000,13,93033746,28/09/2025 17:45:00,000,15,5878,
28/09/2025 18:00:00,000,13,66804867,28/09/2025 18:00:00,000,14,1468,
28/09/2025 18:15:00,000,12,94032781,28/09/2025 18:15:00,000,14,1468,
28/09/2025 18:30:00,000,12,53845732,28/09/2025 18:30:00,000,14,1468,
28/09/2025 18:45:00,000,12,06218937,28/09/2025 18:45:00,000,14,1468,
28/09/2025 19:00:00,000,11,6999575,28/09/2025 19:00:00,000,12,3368,
28/09/2025 19:15:00,000,11,55061144,28/09/2025 19:15:00,000,12,3368,
28/09/2025 19:30:00,000,11,31918663,28/09/2025 19:30:00,000,12,3368,
28/09/2025 19:45:00,000,11,27600456,28/09/2025 19:45:00,000,12,3368,
28/09/2025 20:00:00,000,10,70119914,28/09/2025 20:00:00,000,11,5825,
28/09/2025 20:15:00,000,10,73955745,28/09/2025 20:15:00,000,11,5825,
28/09/2025 20:30:00,000,10,40644281,28/09/2025 20:30:00,000,11,5825,
28/09/2025 20:45:00,000,10,18835092,28/09/2025 20:45:00,000,11,5825,
28/09/2025 21:00:00,000,10,15862702,28/09/2025 21:00:00,000,11,2764,
28/09/2025 21:15:00,000,9,86127997,28/09/2025 21:15:00,000,11,2764,
28/09/2025 21:30:00,000,9,669337924,28/09/2025 21:30:00,000,11,2764,
28/09/2025 21:45:00,000,9,449551234,28/09/2025 21:45:00,000,11,2764,
28/09/2025 22:00:00,000,9,200108831,28/09/2025 22:00:00,000,10,487,
28/09/2025 22:15:00,000,9,312408451,28/09/2025 22:15:00,000,10,487,
28/09/2025 22:30:00,000,8,958789655,28/09/2025 22:30:00,000,10,487,
28/09/2025 22:45:00,000,8,73749494,28/09/2025 22:45:00,000,10,487,
28/09/2025 23:00:00,000,8,41207387,28/09/2025 23:00:00,000,9,8434,
28/09/2025 23:15:00,000,8,167062174,28/09/2025 23:15:00,000,9,8434,
28/09/2025 23:30:00,000,7,950410939,28/09/2025 23:30:00,000,9,8434,
28/09/2025 23:45:00,000,7,849793774,28/09/2025 23:45:00,000,9,8434,
29/09/2025 00:00:00,000,7,828045869,29/09/2025 00:00:00,000,9,3658,
29/09/2025 00:15:00,000,7,757186775,29/09/2025 00:15:00,000,9,3658,
29/09/2025 00:30:00,000,7,569768326,29/09/2025 00:30:00,000,9,3658,
29/09/2025 00:45:00,000,7,35374594,29/09/2025 00:45:00,000,9,3658,
29/09/2025 01:00:00,000,7,288881533,29/09/2025 01:00:00,000,9,4871,
29/09/2025 01:15:00,000,7,264078504,29/09/2025 01:15:00,000,9,4871,
29/09/2025 01:30:00,000,7,276132204,29/09/2025 01:30:00,000,9,4871,
29/09/2025 01:45:00,000,7,341882795,29/09/2025 01:45:00,000,9,4871,
29/09/2025 02:00:00,000,7,119938793,29/09/2025 02:00:00,000,8,6161,
29/09/2025 02:15:00,000,7,42234862,29/09/2025 02:15:00,000,8,6161,
29/09/2025 02:30:00,000,7,255193255,29/09/2025 02:30:00,000,8,6161,
29/09/2025 02:45:00,000,7,41584206,29/09/2025 02:45:00,000,8,6161,
29/09/2025 03:00:00,000,7,382543324,29/09/2025 03:00:00,000,7,6048,
29/09/2025 03:15:00,000,7,159339596,29/09/2025 03:15:00,000,7,6048,
29/09/2025 03:30:00,000,7,348775507,29/09/2025 03:30:00,000,7,6048,
29/09/2025 03:45:00,000,7,157762458,29/09/2025 03:45:00,000,7,6048,
29/09/2025 04:00:00,000,7,056972033,29/09/2025 04:00:00,000,7,6376,
29/09/2025 04:15:00,000,7,141665839,29/09/2025 04:15:00,000,7,6376,
29/09/2025 04:30:00,000,7,040435946,29/09/2025 04:30:00,000,7,6376,
29/09/2025 04:45:00,000,6,941802655,29/09/2025 04:45:00,000,7,6376,
29/09/2025 05:00:00,000,6,860422189,29/09/2025 05:00:00,000,8,0654,
29/09/2025 05:15:00,000,6,823521485,29/09/2025 05:15:00,000,8,0654,
29/09/2025 05:30:00,000,6,781216081,29/09/2025 05:30:00,000,8,0654,
29/09/2025 05:45:00,000,6,349344807,29/09/2025 05:45:00,000,8,0654,
29/09/2025 06:00:00,000,6,040079192,29/09/2025 06:00:00,000,8,2651,
29/09/2025 06:15:00,000,5,958788748,29/09/2025 06:15:00,000,8,2651,
29/09/2025 06:30:00,000,5,877847233,29/09/2025 06:30:00,000,8,2651,
29/09/2025 06:45:00,000,5,704237841,29/09/2025 06:45:00,000,8,2651,
29/09/2025 07:00:00,000,5,648225908,29/09/2025 07:00:00,000,8,517,
29/09/2025 07:15:00,000,5,894117256,29/09/2025 07:15:00,000,8,517,
29/09/2025 07:30:00,000,6,211926221,29/09/2025 07:30:00,000,8,517,
29/09/2025 07:45:00,000,6,64861416,29/09/2025 07:45:00,000,8,517,
29/09/2025 08:00:00,000,6,911780697,29/09/2025 08:00:00,000,9,4382,
29/09/2025 08:15:00,000,7,515549736,29/09/2025 08:15:00,000,9,4382,
29/09/2025 08:30:00,000,7,746940322,29/09/2025 08:30:00,000,9,4382,
29/09/2025 08:45:00,000,8,235355456,29/09/2025 08:45:00,000,9,4382,
29/09/2025 09:00:00,000,8,561165082,29/09/2025 09:00:00,000,11,4687,
29/09/2025 09:15:00,000,8,957277241,29/09/2025 09:15:00,000,11,4687,
29/09/2025 09:30:00,000,9,541470501,29/09/2025 09:30:00,000,11,4687,
29/09/2025 09:45:00,000,9,749000177,29/09/2025 09:45:00,000,11,4687,
29/09/2025 10:00:00,000,10,29977838,29/09/2025 10:00:00,000,12,8206,
29/09/2025 10:15:00,000,10,87468018,29/09/2025 10:15:00,000,12,8206,
29/09/2025 10:30:00,000,11,01650087,29/09/2025 10:30:00,000,12,8206,
29/09/2025 10:45:00,000,11,11915088,29/09/2025 10:45:00,000,12,8206,
29/09/2025 11:00:00,000,11,24516628,29/09/2025 11:00:00,000,13,495,
29/09/2025 11:15:00,000,11,59563175,29/09/2025 11:15:00,000,13,495,
29/09/2025 11:30:00,000,11,39364621,29/09/2025 11:30:00,000,13,495,
29/09/2025 11:45:00,000,11,88143444,29/09/2025 11:45:00,000,13,495,
29/09/2025 12:00:00,000,12,04939446,29/09/2025 12:00:00,000,13,7854,
29/09/2025 12:15:00,000,12,25964797,29/09/2025 12:15:00,000,13,7854,
29/09/2025 12:30:00,000,12,26226999,29/09/2025 12:30:00,000,13,7854,
29/09/2025 12:45:00,000,12,58600856,29/09/2025 12:45:00,000,13,7854,
29/09/2025 13:00:00,000,12,72458229,29/09/2025 13:00:00,000,14,2566,
29/09/2025 13:15:00,000,12,78374044,29/09/2025 13:15:00,000,14,2566,
29/09/2025 13:30:00,000,13,1361365,29/09/2025 13:30:00,000,14,2566,
29/09/2025 13:45:00,000,12,95269197,29/09/2025 13:45:00,000,14,2566,
29/09/2025 14:00:00,000,12,88373426,29/09/2025 14:00:00,000,14,3212,
29/09/2025 14:15:00,000,12,8123921,29/09/2025 14:15:00,000,14,3212,
29/09/2025 14:30:00,000,13,00364577,29/09/2025 14:30:00,000,14,3212,
29/09/2025 14:45:00,000,12,61027107,29/09/2025 14:45:00,000,14,3212,
29/09/2025 15:00:00,000,12,45668334,29/09/2025 15:00:00,000,13,8269,
29/09/2025 15:15:00,000,12,86967561,29/09/2025 15:15:00,000,13,8269,
29/09/2025 15:30:00,000,12,79071498,29/09/2025 15:30:00,000,13,8269,
29/09/2025 15:45:00,000,12,86179441,29/09/2025 15:45:00,000,13,8269,
29/09/2025 16:00:00,000,12,74899815,29/09/2025 16:00:00,000,13,4423,
29/09/2025 16:15:00,000,12,92741728,29/09/2025 16:15:00,000,13,4423,
29/09/2025 16:30:00,000,13,0347075,29/09/2025 16:30:00,000,13,4423,
29/09/2025 16:45:00,000,12,84302166,29/09/2025 16:45:00,000,13,4423,
29/09/2025 17:00:00,000,12,41598091,29/09/2025 17:00:00,000,12,9954,
29/09/2025 17:15:00,000,12,52273275,29/09/2025 17:15:00,000,12,9954,
29/09/2025 17:30:00,000,12,08593809,29/09/2025 17:30:00,000,12,9954,
29/09/2025 17:45:00,000,11,37945808,29/09/2025 17:45:00,000,12,9954,
29/09/2025 18:00:00,000,11,22319907,29/09/2025 18:00:00,000,11,2078,
29/09/2025 18:15:00,000,10,87548254,29/09/2025 18:15:00,000,11,2078,
29/09/2025 18:30:00,000,10,51896324,29/09/2025 18:30:00,000,11,2078,
29/09/2025 18:45:00,000,10,04145638,29/09/2025 18:45:00,000,11,2078,
29/09/2025 19:00:00,000,9,965469838,29/09/2025 19:00:00,000,10,472,
29/09/2025 19:15:00,000,9,632675298,29/09/2025 19:15:00,000,10,472,
29/09/2025 19:30:00,000,9,366563423,29/09/2025 19:30:00,000,10,472,
29/09/2025 19:45:00,000,9,009009518,29/09/2025 19:45:00,000,10,472,
29/09/2025 20:00:00,000,8,988853888,29/09/2025 20:00:00,000,9,7548,
29/09/2025 20:15:00,000,8,746678477,29/09/2025 20:15:00,000,9,7548,
29/09/2025 20:30:00,000,8,391145927,29/09/2025 20:30:00,000,9,7548,
29/09/2025 20:45:00,000,8,355296007,29/09/2025 20:45:00,000,9,7548,
29/09/2025 21:00:00,000,8,10099403,29/09/2025 21:00:00,000,8,6455,
29/09/2025 21:15:00,000,8,098038934,29/09/2025 21:15:00,000,8,6455,
29/09/2025 21:30:00,000,7,965040613,29/09/2025 21:30:00,000,8,6455,
29/09/2025 21:45:00,000,7,720895537,29/09/2025 21:45:00,000,8,6455,
29/09/2025 22:00:00,000,7,656577824,29/09/2025 22:00:00,000,8,0383,
29/09/2025 22:15:00,000,7,649226961,29/09/2025 22:15:00,000,8,0383,
29/09/2025 22:30:00,000,7,794473269,29/09/2025 22:30:00,000,8,0383,
29/09/2025 22:45:00,000,7,52888336,29/09/2025 22:45:00,000,8,0383,
29/09/2025 23:00:00,000,7,412805528,29/09/2025 23:00:00,000,7,144,
29/09/2025 23:15:00,000,7,48838822,29/09/2025 23:15:00,000,7,144,
29/09/2025 23:30:00,000,7,450219828,29/09/2025 23:30:00,000,7,144,
29/09/2025 23:45:00,000,6,984146401,29/09/2025 23:45:00,000,7,144,
30/09/2025 00:00:00,000,6,93168488,30/09/2025 00:00:00,000,7,2229,
30/09/2025 00:15:00,000,6,59842918,30/09/2025 00:15:00,000,7,2229,
30/09/2025 00:30:00,000,6,382520468,30/09/2025 00:30:00,000,7,2229,
30/09/2025 00:45:00,000,6,203937862,30/09/2025 00:45:00,000,7,2229,
30/09/2025 01:00:00,000,6,152493079,30/09/2025 01:00:00,000,7,3816,
30/09/2025 01:15:00,000,5,922816579,30/09/2025 01:15:00,000,7,3816,
30/09/2025 01:30:00,000,5,910953357,30/09/2025 01:30:00,000,7,3816,
30/09/2025 01:45:00,000,5,672618306,30/09/2025 01:45:00,000,7,3816,
30/09/2025 02:00:00,000,5,626370848,30/09/2025 02:00:00,000,7,0847,
30/09/2025 02:15:00,000,5,608900852,30/09/2025 02:15:00,000,7,0847,
30/09/2025 02:30:00,000,5,457643936,30/09/2025 02:30:00,000,7,0847,
30/09/2025 02:45:00,000,5,367765936,30/09/2025 02:45:00,000,7,0847,
30/09/2025 03:00:00,000,5,32639369,30/09/2025 03:00:00,000,6,5174,
30/09/2025 03:15:00,000,5,281085744,30/09/2025 03:15:00,000,6,5174,
30/09/2025 03:30:00,000,5,147807341,30/09/2025 03:30:00,000,6,5174,
30/09/2025 03:45:00,000,4,90597675,30/09/2025 03:45:00,000,6,5174,
30/09/2025 04:00:00,000,4,829948587,30/09/2025 04:00:00,000,6,1077,
30/09/2025 04:15:00,000,4,927152037,30/09/2025 04:15:00,000,6,1077,
30/09/2025 04:30:00,000,4,764395905,30/09/2025 04:30:00,000,6,1077,
30/09/2025 04:45:00,000,4,726344704,30/09/2025 04:45:00,000,6,1077,
30/09/2025 05:00:00,000,4,652257432,30/09/2025 05:00:00,000,5,9808,
30/09/2025 05:15:00,000,4,646924584,30/09/2025 05:15:00,000,5,9808,
30/09/2025 05:30:00,000,4,655548824,30/09/2025 05:30:00,000,5,9808,
30/09/2025 05:45:00,000,4,893530706,30/09/2025 05:45:00,000,5,9808,
30/09/2025 06:00:00,000,4,814273069,30/09/2025 06:00:00,000,6,1349,
30/09/2025 06:15:00,000,4,741565238,30/09/2025 06:15:00,000,6,1349,
30/09/2025 06:30:00,000,4,773159368,30/09/2025 06:30:00,000,6,1349,
30/09/2025 06:45:00,000,4,669259344,30/09/2025 06:45:00,000,6,1349,
30/09/2025 07:00:00,000,4,682418171,30/09/2025 07:00:00,000,6,8292,
30/09/2025 07:15:00,000,4,90475619,30/09/2025 07:15:00,000,6,8292,
30/09/2025 07:30:00,000,5,157332348,30/09/2025 07:30:00,000,6,8292,
30/09/2025 07:45:00,000,5,471481475,30/09/2025 07:45:00,000,6,8292,
30/09/2025 08:00:00,000,5,907214697,30/09/2025 08:00:00,000,8,0153,
30/09/2025 08:15:00,000,6,335539833,30/09/2025 08:15:00,000,8,0153,
30/09/2025 08:30:00,000,6,647045544,30/09/2025 08:30:00,000,8,0153,
30/09/2025 08:45:00,000,7,01187978,30/09/2025 08:45:00,000,8,0153,
30/09/2025 09:00:00,000,7,174201429,30/09/2025 09:00:00,000,9,4324,
30/09/2025 09:15:00,000,7,612083347,30/09/2025 09:15:00,000,9,4324,
30/09/2025 09:30:00,000,7,778029232,30/09/2025 09:30:00,000,9,4324,
30/09/2025 09:45:00,000,8,271652976,30/09/2025 09:45:00,000,9,4324,
30/09/2025 10:00:00,000,8,604173142,30/09/2025 10:00:00,000,10,2078,
30/09/2025 10:15:00,000,8,971287637,30/09/2025 10:15:00,000,10,2078,
30/09/2025 10:30:00,000,9,192705835,30/09/2025 10:30:00,000,10,2078,
30/09/2025 10:45:00,000,9,479457814,30/09/2025 10:45:00,000,10,2078,
30/09/2025 11:00:00,000,9,787706747,30/09/2025 11:00:00,000,10,7748,
30/09/2025 11:15:00,000,10,18648873,30/09/2025 11:15:00,000,10,7748,
30/09/2025 11:30:00,000,10,42861591,30/09/2025 11:30:00,000,10,7748,
30/09/2025 11:45:00,000,10,62462772,30/09/2025 11:45:00,000,10,7748,
30/09/2025 12:00:00,000,10,79106699,30/09/2025 12:00:00,000,11,3705,
30/09/2025 12:15:00,000,10,75797035,30/09/2025 12:15:00,000,11,3705,
30/09/2025 12:30:00,000,10,83285471,30/09/2025 12:30:00,000,11,3705,
30/09/2025 12:45:00,000,10,84956545,30/09/2025 12:45:00,000,11,3705,
30/09/2025 13:00:00,000,10,88288566,30/09/2025 13:00:00,000,12,0859,
30/09/2025 13:15:00,000,11,24912183,30/09/2025 13:15:00,000,12,0859,
30/09/2025 13:30:00,000,11,07510043,30/09/2025 13:30:00,000,12,0859,
30/09/2025 13:45:00,000,11,16165427,30/09/2025 13:45:00,000,12,0859,
30/09/2025 14:00:00,000,11,08942511,30/09/2025 14:00:00,000,12,4019,
30/09/2025 14:15:00,000,11,49784683,30/09/2025 14:15:00,000,12,4019,
30/09/2025 14:30:00,000,11,23550423,30/09/2025 14:30:00,000,12,4019,
30/09/2025 14:45:00,000,11,46999397,30/09/2025 14:45:00,000,12,4019,
30/09/2025 15:00:00,000,11,78386606,30/09/2025 15:00:00,000,12,8034,
30/09/2025 15:15:00,000,11,89579944,30/09/2025 15:15:00,000,12,8034,
30/09/2025 15:30:00,000,11,9306706,30/09/2025 15:30:00,000,12,8034,
30/09/2025 15:45:00,000,12,27288882,30/09/2025 15:45:00,000,12,8034,
30/09/2025 16:00:00,000,12,16186449,30/09/2025 16:00:00,000,12,448,
30/09/2025 16:15:00,000,11,87568242,30/09/2025 16:15:00,000,12,448,
30/09/2025 16:30:00,000,12,15487064,30/09/2025 16:30:00,000,12,448,
30/09/2025 16:45:00,000,12,13729481,30/09/2025 16:45:00,000,12,448,
30/09/2025 17:00:00,000,11,71341282,30/09/2025 17:00:00,000,11,7457,
30/09/2025 17:15:00,000,11,43101141,30/09/2025 17:15:00,000,11,7457,
30/09/2025 17:30:00,000,11,29138117,30/09/2025 17:30:00,000,11,7457,
30/09/2025 17:45:00,000,10,86024981,30/09/2025 17:45:00,000,11,7457,
30/09/2025 18:00:00,000,10,91667551,30/09/2025 18:00:00,000,10,6103,
30/09/2025 18:15:00,000,10,77037475,30/09/2025 18:15:00,000,10,6103,
30/09/2025 18:30:00,000,10,69026904,30/09/2025 18:30:00,000,10,6103,
30/09/2025 18:45:00,000,10,5028791,30/09/2025 18:45:00,000,10,6103,
30/09/2025 19:00:00,000,10,50053052,30/09/2025 19:00:00,000,9,5747,
30/09/2025 19:15:00,000,10,59652192,30/09/2025 19:15:00,000,9,5747,
30/09/2025 19:30:00,000,10,47506845,30/09/2025 19:30:00,000,9,5747,
30/09/2025 19:45:00,000,10,2292457,30/09/2025 19:45:00,000,9,5747,
30/09/2025 20:00:00,000,10,25903672,30/09/2025 20:00:00,000,9,3505,
30/09/2025 20:15:00,000,9,77556499,30/09/2025 20:15:00,000,9,3505,
30/09/2025 20:30:00,000,9,97711143,30/09/2025 20:30:00,000,9,3505,
30/09/2025 20:45:00,000,9,765540977,30/09/2025 20:45:00,000,9,3505,
30/09/2025 21:00:00,000,9,589683855,30/09/2025 21:00:00,000,8,7223,
30/09/2025 21:15:00,000,9,48589489,30/09/2025 21:15:00,000,8,7223,
30/09/2025 21:30:00,000,9,124648914,30/09/2025 21:30:00,000,8,7223,
30/09/2025 21:45:00,000,9,095447165,30/09/2025 21:45:00,000,8,7223,
30/09/2025 22:00:00,000,9,228063197,30/09/2025 22:00:00,000,8,6196,
30/09/2025 22:15:00,000,9,095188884,30/09/2025 22:15:00,000,8,6196,
30/09/2025 22:30:00,000,8,92328401,30/09/2025 22:30:00,000,8,6196,
30/09/2025 22:45:00,000,8,752698124,30/09/2025 22:45:00,000,8,6196,
30/09/2025 23:00:00,000,8,865721219,30/09/2025 23:00:00,000,8,2969,
30/09/2025 23:15:00,000,8,644863672,30/09/2025 23:15:00,000,8,2969,
30/09/2025 23:30:00,000,8,686968731,30/09/2025 23:30:00,000,8,2969,
30/09/2025 23:45:00,000,7,915170092,30/09/2025 23:45:00,000,8,2969,
01/10/2025 00:00:00,000,7,649406639,01/10/2025 00:00:00,000,7,8158,
01/10/2025 00:15:00,000,7,742954511,01/10/2025 00:15:00,000,7,8158,
01/10/2025 00:30:00,000,7,578313998,01/10/2025 00:30:00,000,7,8158,
01/10/2025 00:45:00,000,7,468011858,01/10/2025 00:45:00,000,7,8158,
01/10/2025 01:00:00,000,7,487320405,01/10/2025 01:00:00,000,7,2423,
01/10/2025 01:15:00,000,7,707707065,01/10/2025 01:15:00,000,7,2423,
01/10/2025 01:30:00,000,7,507524139,01/10/2025 01:30:00,000,7,2423,
01/10/2025 01:45:00,000,7,613226064,01/10/2025 01:45:00,000,7,2423,
01/10/2025 02:00:00,000,7,703881409,01/10/2025 02:00:00,000,7,2767,
01/10/2025 02:15:00,000,7,520431291,01/10/2025 02:15:00,000,7,2767,
01/10/2025 02:30:00,000,7,659836866,01/10/2025 02:30:00,000,7,2767,
01/10/2025 02:45:00,000,7,450281392,01/10/2025 02:45:00,000,7,2767,
01/10/2025 03:00:00,000,7,278262544,01/10/2025 03:00:00,000,7,1388,
01/10/2025 03:15:00,000,7,378375528,01/10/2025 03:15:00,000,7,1388,
01/10/2025 03:30:00,000,7,052875275,01/10/2025 03:30:00,000,7,1388,
01/10/2025 03:45:00,000,7,048011105,01/10/2025 03:45:00,000,7,1388,
01/10/2025 04:00:00,000,6,898656967,01/10/2025 04:00:00,000,7,2844,
01/10/2025 04:15:00,000,6,793101901,01/10/2025 04:15:00,000,7,2844,
01/10/2025 04:30:00,000,6,895449094,01/10/2025 04:30:00,000,7,2844,
01/10/2025 04:45:00,000,6,737678321,01/10/2025 04:45:00,000,7,2844,
01/10/2025 05:00:00,000,6,621843317,01/10/2025 05:00:00,000,7,4167,
01/10/2025 05:15:00,000,6,596718787,01/10/2025 05:15:00,000,7,4167,
01/10/2025 05:30:00,000,6,618923609,01/10/2025 05:30:00,000,7,4167,
01/10/2025 05:45:00,000,6,57954019,01/10/2025 05:45:00,000,7,4167,
01/10/2025 06:00:00,000,6,504942,01/10/2025 06:00:00,000,7,5378,
01/10/2025 06:15:00,000,6,588665649,01/10/2025 06:15:00,000,7,5378,
01/10/2025 06:30:00,000,6,333340915,01/10/2025 06:30:00,000,7,5378,
01/10/2025 06:45:00,000,6,391464638,01/10/2025 06:45:00,000,7,5378,
01/10/2025 07:00:00,000,6,255877609,01/10/2025 07:00:00,000,7,6932,
01/10/2025 07:15:00,000,6,292248098,01/10/2025 07:15:00,000,7,6932,
01/10/2025 07:30:00,000,6,174088644,01/10/2025 07:30:00,000,7,6932,
01/10/2025 07:45:00,000,6,416212786,01/10/2025 07:45:00,000,7,6932,
01/10/2025 08:00:00,000,6,263506678,01/10/2025 08:00:00,000,8,4899,
01/10/2025 08:15:00,000,6,413076483,01/10/2025 08:15:00,000,8,4899,
01/10/2025 08:30:00,000,6,49042171,01/10/2025 08:30:00,000,8,4899,
01/10/2025 08:45:00,000,6,737201308,01/10/2025 08:45:00,000,8,4899,
01/10/2025 09:00:00,000,6,695284991,01/10/2025 09:00:00,000,9,6109,
01/10/2025 09:15:00,000,6,99480054,01/10/2025 09:15:00,000,9,6109,
01/10/2025 09:30:00,000,7,06631582,01/10/2025 09:30:00,000,9,6109,
01/10/2025 09:45:00,000,7,460145843,01/10/2025 09:45:00,000,9,6109,
01/10/2025 10:00:00,000,7,861683737,01/10/2025 10:00:00,000,10,384,
01/10/2025 10:15:00,000,8,080194156,01/10/2025 10:15:00,000,10,384,
01/10/2025 10:30:00,000,8,352426226,01/10/2025 10:30:00,000,10,384,
01/10/2025 10:45:00,000,8,343121951,01/10/2025 10:45:00,000,10,384,
01/10/2025 11:00:00,000,8,553204505,01/10/2025 11:00:00,000,10,8714,
01/10/2025 11:15:00,000,8,904391329,01/10/2025 11:15:00,000,10,8714,
01/10/2025 11:30:00,000,8,873586633,01/10/2025 11:30:00,000,10,8714,
01/10/2025 11:45:00,000,9,122169796,01/10/2025 11:45:00,000,10,8714,
01/10/2025 12:00:00,000,9,270542058,01/10/2025 12:00:00,000,11,2119,
01/10/2025 12:15:00,000,9,525567634,01/10/2025 12:15:00,000,11,2119,
01/10/2025 12:30:00,000,9,472454753,01/10/2025 12:30:00,000,11,2119,
01/10/2025 12:45:00,000,9,521230616,01/10/2025 12:45:00,000,11,2119,
01/10/2025 13:00:00,000,9,270066587,01/10/2025 13:00:00,000,11,3841,
01/10/2025 13:15:00,000,9,095890315,01/10/2025 13:15:00,000,11,3841,
01/10/2025 13:30:00,000,8,965794068,01/10/2025 13:30:00,000,11,3841,
01/10/2025 13:45:00,000,8,736424684,01/10/2025 13:45:00,000,11,3841,
01/10/2025 14:00:00,000,8,810446435,01/10/2025 14:00:00,000,11,346,
01/10/2025 14:15:00,000,8,614316908,01/10/2025 14:15:00,000,11,346,
01/10/2025 14:30:00,000,8,59246171,01/10/2025 14:30:00,000,11,346,
01/10/2025 14:45:00,000,8,615071806,01/10/2025 14:45:00,000,11,346,
01/10/2025 15:00:00,000,8,885525324,01/10/2025 15:00:00,000,11,3479,
01/10/2025 15:15:00,000,9,117751482,01/10/2025 15:15:00,000,11,3479,
01/10/2025 15:30:00,000,9,308283653,01/10/2025 15:30:00,000,11,3479,
01/10/2025 15:45:00,000,9,264732957,01/10/2025 15:45:00,000,11,3479,
01/10/2025 16:00:00,000,9,333306543,01/10/2025 16:00:00,000,11,0111,
01/10/2025 16:15:00,000,9,684954292,01/10/2025 16:15:00,000,11,0111,
01/10/2025 16:30:00,000,9,818352505,01/10/2025 16:30:00,000,11,0111,
01/10/2025 16:45:00,000,9,721027056,01/10/2025 16:45:00,000,11,0111,
01/10/2025 17:00:00,000,9,613904337,01/10/2025 17:00:00,000,10,48,
01/10/2025 17:15:00,000,9,605136455,01/10/2025 17:15:00,000,10,48,
01/10/2025 17:30:00,000,9,491084894,01/10/2025 17:30:00,000,10,48,
01/10/2025 17:45:00,000,9,470311407,01/10/2025 17:45:00,000,10,48,
01/10/2025 18:00:00,000,9,315155417,01/10/2025 18:00:00,000,10,0147,
01/10/2025 18:15:00,000,9,412787038,01/10/2025 18:15:00,000,10,0147,
01/10/2025 18:30:00,000,9,503462981,01/10/2025 18:30:00,000,10,0147,
01/10/2025 18:45:00,000,9,304814731,01/10/2025 18:45:00,000,10,0147,
01/10/2025 19:00:00,000,9,221180582,01/10/2025 19:00:00,000,9,2493,
01/10/2025 19:15:00,000,9,013819246,01/10/2025 19:15:00,000,9,2493,
01/10/2025 19:30:00,000,8,731685959,01/10/2025 19:30:00,000,9,2493,
01/10/2025 19:45:00,000,8,556941406,01/10/2025 19:45:00,000,9,2493,
01/10/2025 20:00:00,000,8,094187138,01/10/2025 20:00:00,000,8,4297,
01/10/2025 20:15:00,000,7,908915164,01/10/2025 20:15:00,000,8,4297,
01/10/2025 20:30:00,000,7,831136721,01/10/2025 20:30:00,000,8,4297,
01/10/2025 20:45:00,000,7,617213597,01/10/2025 20:45:00,000,8,4297,
01/10/2025 21:00:00,000,7,193611557,01/10/2025 21:00:00,000,7,9765,
01/10/2025 21:15:00,000,7,195593874,01/10/2025 21:15:00,000,7,9765,
01/10/2025 21:30:00,000,6,881519739,01/10/2025 21:30:00,000,7,9765,
01/10/2025 21:45:00,000,6,585808856,01/10/2025 21:45:00,000,7,9765,
01/10/2025 22:00:00,000,6,521890587,01/10/2025 22:00:00,000,7,7269,
01/10/2025 22:15:00,000,6,294853891,01/10/2025 22:15:00,000,7,7269,
01/10/2025 22:30:00,000,6,029727616,01/10/2025 22:30:00,000,7,7269,
01/10/2025 22:45:00,000,5,767516093,01/10/2025 22:45:00,000,7,7269,
01/10/2025 23:00:00,000,5,359114197,01/10/2025 23:00:00,000,7,3729,
01/10/2025 23:15:00,000,5,181687936,01/10/2025 23:15:00,000,7,3729,
01/10/2025 23:30:00,000,4,788338046,01/10/2025 23:30:00,000,7,3729,
01/10/2025 23:45:00,000,4,75049971,01/10/2025 23:45:00,000,7,3729,
02/10/2025 00:00:00,000,4,598906379,02/10/2025 00:00:00,000,6,978,
02/10/2025 00:15:00,000,4,28034315,02/10/2025 00:15:00,000,6,978,
02/10/2025 00:30:00,000,4,046899061,02/10/2025 00:30:00,000,6,978,
02/10/2025 00:45:00,000,3,930075438,02/10/2025 00:45:00,000,6,978,
02/10/2025 01:00:00,000,3,858480081,02/10/2025 01:00:00,000,6,5035,
02/10/2025 01:15:00,000,3,804962415,02/10/2025 01:15:00,000,6,5035,
02/10/2025 01:30:00,000,3,669342635,02/10/2025 01:30:00,000,6,5035,
02/10/2025 01:45:00,000,3,559316791,02/10/2025 01:45:00,000,6,5035,
02/10/2025 02:00:00,000,3,484599855,02/10/2025 02:00:00,000,5,9595,
02/10/2025 02:15:00,000,3,226750536,02/10/2025 02:15:00,000,5,9595,
02/10/2025 02:30:00,000,3,089044032,02/10/2025 02:30:00,000,5,9595,
02/10/2025 02:45:00,000,2,978126574,02/10/2025 02:45:00,000,5,9595,
02/10/2025 03:00:00,000,2,797064378,02/10/2025 03:00:00,000,5,9604,
02/10/2025 03:15:00,000,2,641674431,02/10/2025 03:15:00,000,5,9604,
02/10/2025 03:30:00,000,2,481104469,02/10/2025 03:30:00,000,5,9604,
02/10/2025 03:45:00,000,2,358700607,02/10/2025 03:45:00,000,5,9604,
02/10/2025 04:00:00,000,2,346785505,02/10/2025 04:00:00,000,5,6171,
02/10/2025 04:15:00,000,2,295522222,02/10/2025 04:15:00,000,5,6171,
02/10/2025 04:30:00,000,2,283208402,02/10/2025 04:30:00,000,5,6171,
02/10/2025 04:45:00,000,2,247314937,02/10/2025 04:45:00,000,5,6171,
02/10/2025 05:00:00,000,2,28088153,02/10/2025 05:00:00,000,5,1108,
02/10/2025 05:15:00,000,2,218441886,02/10/2025 05:15:00,000,5,1108,
02/10/2025 05:30:00,000,2,166113599,02/10/2025 05:30:00,000,5,1108,
02/10/2025 05:45:00,000,2,262431352,02/10/2025 05:45:00,000,5,1108,
02/10/2025 06:00:00,000,2,215727706,02/10/2025 06:00:00,000,4,995,
02/10/2025 06:15:00,000,2,192286452,02/10/2025 06:15:00,000,4,995,
02/10/2025 06:30:00,000,2,119040369,02/10/2025 06:30:00,000,4,995,
02/10/2025 06:45:00,000,2,054161707,02/10/2025 06:45:00,000,4,995,
02/10/2025 07:00:00,000,2,160635913,02/10/2025 07:00:00,000,5,6859,
02/10/2025 07:15:00,000,2,375817754,02/10/2025 07:15:00,000,5,6859,
02/10/2025 07:30:00,000,2,698082672,02/10/2025 07:30:00,000,5,6859,
02/10/2025 07:45:00,000,3,082285993,02/10/2025 07:45:00,000,5,6859,
02/10/2025 08:00:00,000,3,596880237,02/10/2025 08:00:00,000,6,9994,
02/10/2025 08:15:00,000,4,292194138,02/10/2025 08:15:00,000,6,9994,
02/10/2025 08:30:00,000,4,839191473,02/10/2025 08:30:00,000,6,9994,
02/10/2025 08:45:00,000,5,380163613,02/10/2025 08:45:00,000,6,9994,
02/10/2025 09:00:00,000,6,038878293,02/10/2025 09:00:00,000,8,5448,
02/10/2025 09:15:00,000,6,297358783,02/10/2025 09:15:00,000,8,5448,
02/10/2025 09:30:00,000,6,724896484,02/10/2025 09:30:00,000,8,5448,
02/10/2025 09:45:00,000,7,353591297,02/10/2025 09:45:00,000,8,5448,
02/10/2025 10:00:00,000,7,504791219,02/10/2025 10:00:00,000,9,6673,
02/10/2025 10:15:00,000,7,921714398,02/10/2025 10:15:00,000,9,6673,
02/10/2025 10:30:00,000,8,420771194,02/10/2025 10:30:00,000,9,6673,
02/10/2025 10:45:00,000,8,649135489,02/10/2025 10:45:00,000,9,6673,
02/10/2025 11:00:00,000,8,981462068,02/10/2025 11:00:00,000,10,1981,
02/10/2025 11:15:00,000,9,038105531,02/10/2025 11:15:00,000,10,1981,
02/10/2025 11:30:00,000,9,490648345,02/10/2025 11:30:00,000,10,1981,
02/10/2025 11:45:00,000,9,51471164,02/10/2025 11:45:00,000,10,1981,
02/10/2025 12:00:00,000,10,02495419,02/10/2025 12:00:00,000,10,4673,
02/10/2025 12:15:00,000,9,890333715,02/10/2025 12:15:00,000,10,4673,
02/10/2025 12:30:00,000,10,12550688,02/10/2025 12:30:00,000,10,4673,
02/10/2025 12:45:00,000,10,41247146,02/10/2025 12:45:00,000,10,4673,
02/10/2025 13:00:00,000,10,46481625,02/10/2025 13:00:00,000,10,4875,
02/10/2025 13:15:00,000,10,40944224,02/10/2025 13:15:00,000,10,4875,
02/10/2025 13:30:00,000,10,55002959,02/10/2025 13:30:00,000,10,4875,
02/10/2025 13:45:00,000,10,86066242,02/10/2025 13:45:00,000,10,4875,
02/10/2025 14:00:00,000,10,62900584,02/10/2025 14:00:00,000,10,7105,
02/10/2025 14:15:00,000,10,86823006,02/10/2025 14:15:00,000,10,7105,
02/10/2025 14:30:00,000,10,7131884,02/10/2025 14:30:00,000,10,7105,
02/10/2025 14:45:00,000,10,6539239,02/10/2025 14:45:00,000,10,7105,
02/10/2025 15:00:00,000,10,94251281,02/10/2025 15:00:00,000,11,2269,
02/10/2025 15:15:00,000,10,90778239,02/10/2025 15:15:00,000,11,2269,
02/10/2025 15:30:00,000,10,78152152,02/10/2025 15:30:00,000,11,2269,
02/10/2025 15:45:00,000,10,6889744,02/10/2025 15:45:00,000,11,2269,
02/10/2025 16:00:00,000,10,58802145,02/10/2025 16:00:00,000,10,9215,
02/10/2025 16:15:00,000,10,66892722,02/10/2025 16:15:00,000,10,9215,
02/10/2025 16:30:00,000,10,45461964,02/10/2025 16:30:00,000,10,9215,
02/10/2025 16:45:00,000,10,12118973,02/10/2025 16:45:00,000,10,9215,
02/10/2025 17:00:00,000,9,895332309,02/10/2025 17:00:00,000,9,7501,
02/10/2025 17:15:00,000,9,815262573,02/10/2025 17:15:00,000,9,7501,
02/10/2025 17:30:00,000,9,335684578,02/10/2025 17:30:00,000,9,7501,
02/10/2025 17:45:00,000,8,717034609,02/10/2025 17:45:00,000,9,7501,
02/10/2025 18:00:00,000,8,280396487,02/10/2025 18:00:00,000,8,1367,
02/10/2025 18:15:00,000,8,101831913,02/10/2025 18:15:00,000,8,1367,
02/10/2025 18:30:00,000,7,850062145,02/10/2025 18:30:00,000,8,1367,
02/10/2025 18:45:00,000,7,546608294,02/10/2025 18:45:00,000,8,1367,
02/10/2025 19:00:00,000,7,273887057,02/10/2025 19:00:00,000,6,7446,
02/10/2025 19:15:00,000,6,943452726,02/10/2025 19:15:00,000,6,7446,
02/10/2025 19:30:00,000,6,74375537,02/10/2025 19:30:00,000,6,7446,
02/10/2025 19:45:00,000,6,364913828,02/10/2025 19:45:00,000,6,7446,
02/10/2025 20:00:00,000,6,167618615,02/10/2025 20:00:00,000,6,456,
02/10/2025 20:15:00,000,5,680196046,02/10/2025 20:15:00,000,6,456,
02/10/2025 20:30:00,000,5,510561191,02/10/2025 20:30:00,000,6,456,
02/10/2025 20:45:00,000,5,206655008,02/10/2025 20:45:00,000,6,456,
02/10/2025 21:00:00,000,5,116112473,02/10/2025 21:00:00,000,5,8441,
02/10/2025 21:15:00,000,4,849077694,02/10/2025 21:15:00,000,5,8441,
02/10/2025 21:30:00,000,4,616165511,02/10/2025 21:30:00,000,5,8441,
02/10/2025 21:45:00,000,4,507326518,02/10/2025 21:45:00,000,5,8441,
02/10/2025 22:00:00,000,4,415138326,02/10/2025 22:00:00,000,5,3492,
02/10/2025 22:15:00,000,4,299237278,02/10/2025 22:15:00,000,5,3492,
02/10/2025 22:30:00,000,4,259283392,02/10/2025 22:30:00,000,5,3492,
02/10/2025 22:45:00,000,4,126293516,02/10/2025 22:45:00,000,5,3492,
02/10/2025 23:00:00,000,3,997063823,02/10/2025 23:00:00,000,5,3469,
02/10/2025 23:15:00,000,3,759713066,02/10/2025 23:15:00,000,5,3469,
02/10/2025 23:30:00,000,3,604138475,02/10/2025 23:30:00,000,5,3469,
02/10/2025 23:45:00,000,3,524688939,02/10/2025 23:45:00,000,5,3469,
03/10/2025 00:00:00,000,3,323491446,03/10/2025 00:00:00,000,5,135,
03/10/2025 00:15:00,000,3,22058785,03/10/2025 00:15:00,000,5,135,
03/10/2025 00:30:00,000,3,095903347,03/10/2025 00:30:00,000,5,135,
03/10/2025 00:45:00,000,2,958318632,03/10/2025 00:45:00,000,5,135,
03/10/2025 01:00:00,000,2,913227692,03/10/2025 01:00:00,000,4,7538,
03/10/2025 01:15:00,000,2,807166856,03/10/2025 01:15:00,000,4,7538,
03/10/2025 01:30:00,000,2,743283221,03/10/2025 01:30:00,000,4,7538,
03/10/2025 01:45:00,000,2,641215451,03/10/2025 01:45:00,000,4,7538,
03/10/2025 02:00:00,000,2,531341939,03/10/2025 02:00:00,000,4,2384,
03/10/2025 02:15:00,000,2,377806525,03/10/2025 02:15:00,000,4,2384,
03/10/2025 02:30:00,000,2,301320098,03/10/2025 02:30:00,000,4,2384,
03/10/2025 02:45:00,000,2,247299419,03/10/2025 02:45:00,000,4,2384,
03/10/2025 03:00:00,000,2,098564524,03/10/2025 03:00:00,000,3,9455,
03/10/2025 03:15:00,000,1,948538156,03/10/2025 03:15:00,000,3,9455,
03/10/2025 03:30:00,000,1,729690927,03/10/2025 03:30:00,000,3,9455,
03/10/2025 03:45:00,000,1,685971412,03/10/2025 03:45:00,000,3,9455,
03/10/2025 04:00:00,000,1,573010792,03/10/2025 04:00:00,000,3,6681,
03/10/2025 04:15:00,000,1,514046862,03/10/2025 04:15:00,000,3,6681,
03/10/2025 04:30:00,000,1,434599369,03/10/2025 04:30:00,000,3,6681,
03/10/2025 04:45:00,000,1,423995696,03/10/2025 04:45:00,000,3,6681,
03/10/2025 05:00:00,000,1,356816232,03/10/2025 05:00:00,000,3,2652,
03/10/2025 05:15:00,000,1,316226633,03/10/2025 05:15:00,000,3,2652,
03/10/2025 05:30:00,000,1,269330081,03/10/2025 05:30:00,000,3,2652,
03/10/2025 05:45:00,000,1,227460909,03/10/2025 05:45:00,000,3,2652,
03/10/2025 06:00:00,000,1,147933145,03/10/2025 06:00:00,000,2,9985,
03/10/2025 06:15:00,000,1,078744944,03/10/2025 06:15:00,000,2,9985,
03/10/2025 06:30:00,000,1,032940001,03/10/2025 06:30:00,000,2,9985,
03/10/2025 06:45:00,000,0,9736955206,03/10/2025 06:45:00,000,2,9985,
03/10/2025 07:00:00,000,1,074411807,03/10/2025 07:00:00,000,3,659,
03/10/2025 07:15:00,000,1,26658784,03/10/2025 07:15:00,000,3,659,
03/10/2025 07:30:00,000,1,596820308,03/10/2025 07:30:00,000,3,659,
03/10/2025 07:45:00,000,2,068021552,03/10/2025 07:45:00,000,3,659,
03/10/2025 08:00:00,000,2,526549429,03/10/2025 08:00:00,000,5,7312,
03/10/2025 08:15:00,000,3,106553883,03/10/2025 08:15:00,000,5,7312,
03/10/2025 08:30:00,000,3,790408948,03/10/2025 08:30:00,000,5,7312,
03/10/2025 08:45:00,000,4,360505171,03/10/2025 08:45:00,000,5,7312,
03/10/2025 09:00:00,000,4,884909337,03/10/2025 09:00:00,000,8,1778,
03/10/2025 09:15:00,000,5,420922291,03/10/2025 09:15:00,000,8,1778,
03/10/2025 09:30:00,000,5,856753529,03/10/2025 09:30:00,000,8,1778,
03/10/2025 09:45:00,000,6,346460863,03/10/2025 09:45:00,000,8,1778,
03/10/2025 10:00:00,000,7,024353604,03/10/2025 10:00:00,000,9,2875,
03/10/2025 10:15:00,000,7,314509095,03/10/2025 10:15:00,000,9,2875,
03/10/2025 10:30:00,000,7,934509499,03/10/2025 10:30:00,000,9,2875,
03/10/2025 10:45:00,000,8,240200946,03/10/2025 10:45:00,000,9,2875,
03/10/2025 11:00:00,000,8,780134782,03/10/2025 11:00:00,000,10,0015,
03/10/2025 11:15:00,000,9,031834874,03/10/2025 11:15:00,000,10,0015,
03/10/2025 11:30:00,000,9,320007031,03/10/2025 11:30:00,000,10,0015,
03/10/2025 11:45:00,000,9,549345944,03/10/2025 11:45:00,000,10,0015,
03/10/2025 12:00:00,000,9,863160389,03/10/2025 12:00:00,000,10,3191,
03/10/2025 12:15:00,000,9,953871858,03/10/2025 12:15:00,000,10,3191,
03/10/2025 12:30:00,000,10,19674063,03/10/2025 12:30:00,000,10,3191,
03/10/2025 12:45:00,000,10,4726556,03/10/2025 12:45:00,000,10,3191,
03/10/2025 13:00:00,000,10,41675863,03/10/2025 13:00:00,000,10,7533,
03/10/2025 13:15:00,000,10,91412584,03/10/2025 13:15:00,000,10,7533,
03/10/2025 13:30:00,000,11,01401637,03/10/2025 13:30:00,000,10,7533,
03/10/2025 13:45:00,000,11,18603305,03/10/2025 13:45:00,000,10,7533,
03/10/2025 14:00:00,000,11,07008358,03/10/2025 14:00:00,000,11,0454,
03/10/2025 14:15:00,000,11,11619686,03/10/2025 14:15:00,000,11,0454,
03/10/2025 14:30:00,000,11,42406064,03/10/2025 14:30:00,000,11,0454,
03/10/2025 14:45:00,000,11,29363113,03/10/2025 14:45:00,000,11,0454,
03/10/2025 15:00:00,000,11,46312019,03/10/2025 15:00:00,000,11,1198,
03/10/2025 15:15:00,000,11,23110165,03/10/2025 15:15:00,000,11,1198,
03/10/2025 15:30:00,000,11,13996722,03/10/2025 15:30:00,000,11,1198,
03/10/2025 15:45:00,000,11,32835483,03/10/2025 15:45:00,000,11,1198,
03/10/2025 16:00:00,000,11,13733158,03/10/2025 16:00:00,000,10,909,
03/10/2025 16:15:00,000,10,89619889,03/10/2025 16:15:00,000,10,909,
03/10/2025 16:30:00,000,10,77284892,03/10/2025 16:30:00,000,10,909,
03/10/2025 16:45:00,000,10,52392137,03/10/2025 16:45:00,000,10,909,
03/10/2025 17:00:00,000,10,16107918,03/10/2025 17:00:00,000,9,9997,
03/10/2025 17:15:00,000,9,677931948,03/10/2025 17:15:00,000,9,9997,
03/10/2025 17:30:00,000,9,50371562,03/10/2025 17:30:00,000,9,9997,
03/10/2025 17:45:00,000,8,723900225,03/10/2025 17:45:00,000,9,9997,
03/10/2025 18:00:00,000,8,413379842,03/10/2025 18:00:00,000,9,218,
03/10/2025 18:15:00,000,8,231154957,03/10/2025 18:15:00,000,9,218,
03/10/2025 18:30:00,000,7,939837782,03/10/2025 18:30:00,000,9,218,
03/10/2025 18:45:00,000,7,628255159,03/10/2025 18:45:00,000,9,218,
03/10/2025 19:00:00,000,7,236144898,03/10/2025 19:00:00,000,8,1954,
03/10/2025 19:15:00,000,7,17366494,03/10/2025 19:15:00,000,8,1954,
03/10/2025 19:30:00,000,6,970024344,03/10/2025 19:30:00,000,8,1954,
03/10/2025 19:45:00,000,6,55702784,03/10/2025 19:45:00,000,8,1954,
03/10/2025 20:00:00,000,6,423562404,03/10/2025 20:00:00,000,7,5573,
03/10/2025 20:15:00,000,6,151915171,03/10/2025 20:15:00,000,7,5573,
03/10/2025 20:30:00,000,6,030195068,03/10/2025 20:30:00,000,7,5573,
03/10/2025 20:45:00,000,5,682355737,03/10/2025 20:45:00,000,7,5573,
03/10/2025 21:00:00,000,5,352504153,03/10/2025 21:00:00,000,6,7302,
03/10/2025 21:15:00,000,5,189382563,03/10/2025 21:15:00,000,6,7302,
03/10/2025 21:30:00,000,5,149526563,03/10/2025 21:30:00,000,6,7302,
03/10/2025 21:45:00,000,4,98513446,03/10/2025 21:45:00,000,6,7302,
03/10/2025 22:00:00,000,4,840207765,03/10/2025 22:00:00,000,5,9281,
03/10/2025 22:15:00,000,4,620712365,03/10/2025 22:15:00,000,5,9281,
03/10/2025 22:30:00,000,4,563763232,03/10/2025 22:30:00,000,5,9281,
03/10/2025 22:45:00,000,4,470227925,03/10/2025 22:45:00,000,5,9281,
03/10/2025 23:00:00,000,4,315412446,03/10/2025 23:00:00,000,5,9175,
03/10/2025 23:15:00,000,4,064532303,03/10/2025 23:15:00,000,5,9175,
03/10/2025 23:30:00,000,3,948918977,03/10/2025 23:30:00,000,5,9175,
03/10/2025 23:45:00,000,3,772366639,03/10/2025 23:45:00,000,5,9175,
04/10/2025 00:00:00,000,3,780706044,04/10/2025 00:00:00,000,5,8441,
04/10/2025 00:15:00,000,3,515729122,04/10/2025 00:15:00,000,5,8441,
04/10/2025 00:30:00,000,3,385912346,04/10/2025 00:30:00,000,5,8441,
04/10/2025 00:45:00,000,3,352996001,04/10/2025 00:45:00,000,5,8441,
04/10/2025 01:00:00,000,3,19204843,04/10/2025 01:00:00,000,5,5596,
04/10/2025 01:15:00,000,3,099098348,04/10/2025 01:15:00,000,5,5596,
04/10/2025 01:30:00,000,2,975456525,04/10/2025 01:30:00,000,5,5596,
04/10/2025 01:45:00,000,2,859424508,04/10/2025 01:45:00,000,5,5596,
04/10/2025 02:00:00,000,2,7285125,04/10/2025 02:00:00,000,5,1161,
04/10/2025 02:15:00,000,2,601373983,04/10/2025 02:15:00,000,5,1161,
04/10/2025 02:30:00,000,2,449237451,04/10/2025 02:30:00,000,5,1161,
04/10/2025 02:45:00,000,2,398380515,04/10/2025 02:45:00,000,5,1161,
04/10/2025 03:00:00,000,2,249068781,04/10/2025 03:00:00,000,4,5185,
04/10/2025 03:15:00,000,2,194715666,04/10/2025 03:15:00,000,4,5185,
04/10/2025 03:30:00,000,2,090980375,04/10/2025 03:30:00,000,4,5185,
04/10/2025 03:45:00,000,1,960882314,04/10/2025 03:45:00,000,4,5185,
04/10/2025 04:00:00,000,1,898679073,04/10/2025 04:00:00,000,3,935,
04/10/2025 04:15:00,000,1,831286662,04/10/2025 04:15:00,000,3,935,
04/10/2025 04:30:00,000,1,809857189,04/10/2025 04:30:00,000,3,935,
04/10/2025 04:45:00,000,1,757560789,04/10/2025 04:45:00,000,3,935,
04/10/2025 05:00:00,000,1,702845265,04/10/2025 05:00:00,000,3,265,
04/10/2025 05:15:00,000,1,649398984,04/10/2025 05:15:00,000,3,265,
04/10/2025 05:30:00,000,1,692917244,04/10/2025 05:30:00,000,3,265,
04/10/2025 05:45:00,000,1,735522083,04/10/2025 05:45:00,000,3,265,
04/10/2025 06:00:00,000,1,764143309,04/10/2025 06:00:00,000,2,4754,
04/10/2025 06:15:00,000,1,670926442,04/10/2025 06:15:00,000,2,4754,
04/10/2025 06:30:00,000,1,638561693,04/10/2025 06:30:00,000,2,4754,
04/10/2025 06:45:00,000,1,66190834,04/10/2025 06:45:00,000,2,4754,
04/10/2025 07:00:00,000,1,758352409,04/10/2025 07:00:00,000,3,2404,
04/10/2025 07:15:00,000,1,967775187,04/10/2025 07:15:00,000,3,2404,
04/10/2025 07:30:00,000,2,303462226,04/10/2025 07:30:00,000,3,2404,
04/10/2025 07:45:00,000,2,778435506,04/10/2025 07:45:00,000,3,2404,
04/10/2025 08:00:00,000,3,284021219,04/10/2025 08:00:00,000,5,4873,
04/10/2025 08:15:00,000,3,754230732,04/10/2025 08:15:00,000,5,4873,
04/10/2025 08:30:00,000,4,352177391,04/10/2025 08:30:00,000,5,4873,
04/10/2025 08:45:00,000,4,909450428,04/10/2025 08:45:00,000,5,4873,
04/10/2025 09:00:00,000,5,353743175,04/10/2025 09:00:00,000,7,4877,
04/10/2025 09:15:00,000,5,842922956,04/10/2025 09:15:00,000,7,4877,
04/10/2025 09:30:00,000,6,430776078,04/10/2025 09:30:00,000,7,4877,
04/10/2025 09:45:00,000,7,140607067,04/10/2025 09:45:00,000,7,4877,
04/10/2025 10:00:00,000,7,69229911,04/10/2025 10:00:00,000,9,3944,
04/10/2025 10:15:00,000,8,378749313,04/10/2025 10:15:00,000,9,3944,
04/10/2025 10:30:00,000,8,864930889,04/10/2025 10:30:00,000,9,3944,
04/10/2025 10:45:00,000,9,217068238,04/10/2025 10:45:00,000,9,3944,
04/10/2025 11:00:00,000,9,776032681,04/10/2025 11:00:00,000,10,5923,
04/10/2025 11:15:00,000,10,32499825,04/10/2025 11:15:00,000,10,5923,
04/10/2025 11:30:00,000,10,47498934,04/10/2025 11:30:00,000,10,5923,
04/10/2025 11:45:00,000,11,11293435,04/10/2025 11:45:00,000,10,5923,
04/10/2025 12:00:00,000,11,22925363,04/10/2025 12:00:00,000,11,5818,
04/10/2025 12:15:00,000,11,58147855,04/10/2025 12:15:00,000,11,5818,
04/10/2025 12:30:00,000,12,14053084,04/10/2025 12:30:00,000,11,5818,
04/10/2025 12:45:00,000,12,12890368,04/10/2025 12:45:00,000,11,5818,
04/10/2025 13:00:00,000,12,48507645,04/10/2025 13:00:00,000,12,8272,
04/10/2025 13:15:00,000,12,77494886,04/10/2025 13:15:00,000,12,8272,
04/10/2025 13:30:00,000,13,13650413,04/10/2025 13:30:00,000,12,8272,
04/10/2025 13:45:00,000,13,50570479,04/10/2025 13:45:00,000,12,8272,
04/10/2025 14:00:00,000,13,383859,04/10/2025 14:00:00,000,13,63,
04/10/2025 14:15:00,000,13,87053783,04/10/2025 14:15:00,000,13,63,
04/10/2025 14:30:00,000,13,81805363,04/10/2025 14:30:00,000,13,63,
04/10/2025 14:45:00,000,14,03794201,04/10/2025 14:45:00,000,13,63,
04/10/2025 15:00:00,000,14,53570346,04/10/2025 15:00:00,000,14,195,
04/10/2025 15:15:00,000,14,23442375,04/10/2025 15:15:00,000,14,195,
04/10/2025 15:30:00,000,14,5876168,04/10/2025 15:30:00,000,14,195,
04/10/2025 15:45:00,000,14,61856322,04/10/2025 15:45:00,000,14,195,
04/10/2025 16:00:00,000,14,26377092,04/10/2025 16:00:00,000,13,8548,
04/10/2025 16:15:00,000,14,40517828,04/10/2025 16:15:00,000,13,8548,
04/10/2025 16:30:00,000,13,61294439,04/10/2025 16:30:00,000,13,8548,
04/10/2025 16:45:00,000,13,43158948,04/10/2025 16:45:00,000,13,8548,
04/10/2025 17:00:00,000,13,11221621,04/10/2025 17:00:00,000,13,064,
04/10/2025 17:15:00,000,12,16621408,04/10/2025 17:15:00,000,13,064,
04/10/2025 17:30:00,000,12,14318702,04/10/2025 17:30:00,000,13,064,
04/10/2025 17:45:00,000,11,72514947,04/10/2025 17:45:00,000,13,064,
04/10/2025 18:00:00,000,11,42725157,04/10/2025 18:00:00,000,11,5528,
04/10/2025 18:15:00,000,11,13129287,04/10/2025 18:15:00,000,11,5528,
04/10/2025 18:30:00,000,11,21796697,04/10/2025 18:30:00,000,11,5528,
04/10/2025 18:45:00,000,10,85747254,04/10/2025 18:45:00,000,11,5528,
04/10/2025 19:00:00,000,10,51429761,04/10/2025 19:00:00,000,11,2343,
04/10/2025 19:15:00,000,10,45360135,04/10/2025 19:15:00,000,11,2343,
04/10/2025 19:30:00,000,10,49837093,04/10/2025 19:30:00,000,11,2343,
04/10/2025 19:45:00,000,10,22970193,04/10/2025 19:45:00,000,11,2343,
04/10/2025 20:00:00,000,10,26288944,04/10/2025 20:00:00,000,10,3255,
04/10/2025 20:15:00,000,10,12070047,04/10/2025 20:15:00,000,10,3255,
04/10/2025 20:30:00,000,10,03804928,04/10/2025 20:30:00,000,10,3255,
04/10/2025 20:45:00,000,9,912524625,04/10/2025 20:45:00,000,10,3255,
04/10/2025 21:00:00,000,9,619981913,04/10/2025 21:00:00,000,9,7976,
04/10/2025 21:15:00,000,9,790250793,04/10/2025 21:15:00,000,9,7976,
04/10/2025 21:30:00,000,9,53446446,04/10/2025 21:30:00,000,9,7976,
04/10/2025 21:45:00,000,9,830994915,04/10/2025 21:45:00,000,9,7976,
04/10/2025 22:00:00,000,9,780509847,04/10/2025 22:00:00,000,9,4502,
04/10/2025 22:15:00,000,9,349231942,04/10/2025 22:15:00,000,9,4502,
04/10/2025 22:30:00,000,9,248533214,04/10/2025 22:30:00,000,9,4502,
04/10/2025 22:45:00,000,8,854913917,04/10/2025 22:45:00,000,9,4502,
04/10/2025 23:00:00,000,8,586281694,04/10/2025 23:00:00,000,8,9641,
04/10/2025 23:15:00,000,8,659893745,04/10/2025 23:15:00,000,8,9641,
04/10/2025 23:30:00,000,8,264533842,04/10/2025 23:30:00,000,8,9641,
04/10/2025 23:45:00,000,8,487978554,04/10/2025 23:45:00,000,8,9641,
05/10/2025 00:00:00,000,8,369421097,05/10/2025 00:00:00,000,9,3609,
05/10/2025 00:15:00,000,8,348571036,05/10/2025 00:15:00,000,9,3609,
05/10/2025 00:30:00,000,8,43992309,05/10/2025 00:30:00,000,9,3609,
05/10/2025 00:45:00,000,8,677207979,05/10/2025 00:45:00,000,9,3609,
05/10/2025 01:00:00,000,8,633430843,05/10/2025 01:00:00,000,9,7982,
05/10/2025 01:15:00,000,8,68399246,05/10/2025 01:15:00,000,9,7982,
05/10/2025 01:30:00,000,8,26601424,05/10/2025 01:30:00,000,9,7982,
05/10/2025 01:45:00,000,8,397612948,05/10/2025 01:45:00,000,9,7982,
05/10/2025 02:00:00,000,8,308227583,05/10/2025 02:00:00,000,9,505,
05/10/2025 02:15:00,000,8,402580099,05/10/2025 02:15:00,000,9,505,
05/10/2025 02:30:00,000,8,368995313,05/10/2025 02:30:00,000,9,505,
05/10/2025 02:45:00,000,8,368124388,05/10/2025 02:45:00,000,9,505,
05/10/2025 03:00:00,000,8,244375906,05/10/2025 03:00:00,000,9,1725,
05/10/2025 03:15:00,000,8,018632019,05/10/2025 03:15:00,000,9,1725,
05/10/2025 03:30:00,000,7,587351841,05/10/2025 03:30:00,000,9,1725,
05/10/2025 03:45:00,000,7,693012023,05/10/2025 03:45:00,000,9,1725,
05/10/2025 04:00:00,000,7,624074142,05/10/2025 04:00:00,000,8,7704,
05/10/2025 04:15:00,000,7,478894742,05/10/2025 04:15:00,000,8,7704,
05/10/2025 04:30:00,000,7,288418874,05/10/2025 04:30:00,000,8,7704,
05/10/2025 04:45:00,000,7,390019578,05/10/2025 04:45:00,000,8,7704,
05/10/2025 05:00:00,000,7,148711506,05/10/2025 05:00:00,000,8,724,
05/10/2025 05:15:00,000,6,984013881,05/10/2025 05:15:00,000,8,724,
05/10/2025 05:30:00,000,6,737713588,05/10/2025 05:30:00,000,8,724,
05/10/2025 05:45:00,000,7,412135908,05/10/2025 05:45:00,000,8,724,
05/10/2025 06:00:00,000,7,203300657,05/10/2025 06:00:00,000,8,6952,
05/10/2025 06:15:00,000,7,263854282,05/10/2025 06:15:00,000,8,6952,
05/10/2025 06:30:00,000,7,216022754,05/10/2025 06:30:00,000,8,6952,
05/10/2025 06:45:00,000,7,101619572,05/10/2025 06:45:00,000,8,6952,
05/10/2025 07:00:00,000,7,133633894,05/10/2025 07:00:00,000,8,9459,
05/10/2025 07:15:00,000,7,190914756,05/10/2025 07:15:00,000,8,9459,
05/10/2025 07:30:00,000,7,210207206,05/10/2025 07:30:00,000,8,9459,
05/10/2025 07:45:00,000,7,498268347,05/10/2025 07:45:00,000,8,9459,
05/10/2025 08:00:00,000,7,566874057,05/10/2025 08:00:00,000,9,133,
05/10/2025 08:15:00,000,7,645493496,05/10/2025 08:15:00,000,9,133,
05/10/2025 08:30:00,000,7,951546981,05/10/2025 08:30:00,000,9,133,
05/10/2025 08:45:00,000,8,003887076,05/10/2025 08:45:00,000,9,133,
05/10/2025 09:00:00,000,8,073595088,05/10/2025 09:00:00,000,9,857,
05/10/2025 09:15:00,000,8,102458154,05/10/2025 09:15:00,000,9,857,
05/10/2025 09:30:00,000,8,521261376,05/10/2025 09:30:00,000,9,857,
05/10/2025 09:45:00,000,8,793045518,05/10/2025 09:45:00,000,9,857,
05/10/2025 10:00:00,000,8,790066862,05/10/2025 10:00:00,000,10,516,
05/10/2025 10:15:00,000,9,222196472,05/10/2025 10:15:00,000,10,516,
05/10/2025 10:30:00,000,9,498090494,05/10/2025 10:30:00,000,10,516,
05/10/2025 10:45:00,000,9,55911875,05/10/2025 10:45:00,000,10,516,
05/10/2025 11:00:00,000,9,789768181,05/10/2025 11:00:00,000,10,5837,
05/10/2025 11:15:00,000,10,00578692,05/10/2025 11:15:00,000,10,5837,
05/10/2025 11:30:00,000,10,17591022,05/10/2025 11:30:00,000,10,5837,
05/10/2025 11:45:00,000,10,07071074,05/10/2025 11:45:00,000,10,5837,
05/10/2025 12:00:00,000,10,23041077,05/10/2025 12:00:00,000,10,9842,
05/10/2025 12:15:00,000,10,56102447,05/10/2025 12:15:00,000,10,9842,
05/10/2025 12:30:00,000,10,54593397,05/10/2025 12:30:00,000,10,9842,
05/10/2025 12:45:00,000,10,67554343,05/10/2025 12:45:00,000,10,9842,
05/10/2025 13:00:00,000,10,80916883,05/10/2025 13:00:00,000,11,4939,
05/10/2025 13:15:00,000,10,44673775,05/10/2025 13:15:00,000,11,4939,
05/10/2025 13:30:00,000,10,84507577,05/10/2025 13:30:00,000,11,4939,
05/10/2025 13:45:00,000,10,43767144,05/10/2025 13:45:00,000,11,4939,
05/10/2025 14:00:00,000,10,51746917,05/10/2025 14:00:00,000,11,8821,
05/10/2025 14:15:00,000,10,72389557,05/10/2025 14:15:00,000,11,8821,
05/10/2025 14:30:00,000,10,79115021,05/10/2025 14:30:00,000,11,8821,
05/10/2025 14:45:00,000,10,80391601,05/10/2025 14:45:00,000,11,8821,
05/10/2025 15:00:00,000,11,04155154,05/10/2025 15:00:00,000,11,7599,
05/10/2025 15:15:00,000,11,37250252,05/10/2025 15:15:00,000,11,7599,
05/10/2025 15:30:00,000,11,35316085,05/10/2025 15:30:00,000,11,7599,
05/10/2025 15:45:00,000,11,43145874,05/10/2025 15:45:00,000,11,7599,
05/10/2025 16:00:00,000,11,32685172,05/10/2025 16:00:00,000,11,8805,
05/10/2025 16:15:00,000,11,29320558,05/10/2025 16:15:00,000,11,8805,
05/10/2025 16:30:00,000,11,38285949,05/10/2025 16:30:00,000,11,8805,
05/10/2025 16:45:00,000,11,53026768,05/10/2025 16:45:00,000,11,8805,
05/10/2025 17:00:00,000,11,14819341,05/10/2025 17:00:00,000,11,3375,
05/10/2025 17:15:00,000,11,0369988,05/10/2025 17:15:00,000,11,3375,
05/10/2025 17:30:00,000,10,38940156,05/10/2025 17:30:00,000,11,3375,
05/10/2025 17:45:00,000,10,51127899,05/10/2025 17:45:00,000,11,3375,
05/10/2025 18:00:00,000,10,64461254,05/10/2025 18:00:00,000,10,3365,
05/10/2025 18:15:00,000,10,39038893,05/10/2025 18:15:00,000,10,3365,
05/10/2025 18:30:00,000,10,24385198,05/10/2025 18:30:00,000,10,3365,
05/10/2025 18:45:00,000,10,15958328,05/10/2025 18:45:00,000,10,3365,
05/10/2025 19:00:00,000,10,01114393,05/10/2025 19:00:00,000,10,1065,
05/10/2025 19:15:00,000,9,79603731,05/10/2025 19:15:00,000,10,1065,
05/10/2025 19:30:00,000,9,95696303,05/10/2025 19:30:00,000,10,1065,
05/10/2025 19:45:00,000,9,685533049,05/10/2025 19:45:00,000,10,1065,
05/10/2025 20:00:00,000,9,389442757,05/10/2025 20:00:00,000,10,055,
05/10/2025 20:15:00,000,9,294975127,05/10/2025 20:15:00,000,10,055,
05/10/2025 20:30:00,000,9,141097316,05/10/2025 20:30:00,000,10,055,
05/10/2025 20:45:00,000,9,061790861,05/10/2025 20:45:00,000,10,055,
05/10/2025 21:00:00,000,9,099896435,05/10/2025 21:00:00,000,9,8109,
05/10/2025 21:15:00,000,8,628496296,05/10/2025 21:15:00,000,9,8109,
05/10/2025 21:30:00,000,8,541972108,05/10/2025 21:30:00,000,9,8109,
05/10/2025 21:45:00,000,8,552009238,05/10/2025 21:45:00,000,9,8109,
05/10/2025 22:00:00,000,8,524668311,05/10/2025 22:00:00,000,9,0843,
05/10/2025 22:15:00,000,8,441224946,05/10/2025 22:15:00,000,9,0843,
05/10/2025 22:30:00,000,8,303142353,05/10/2025 22:30:00,000,9,0843,
05/10/2025 22:45:00,000,8,257434501,05/10/2025 22:45:00,000,9,0843,
05/10/2025 23:00:00,000,8,331110129,05/10/2025 23:00:00,000,8,5764,
05/10/2025 23:15:00,000,8,102671191,05/10/2025 23:15:00,000,8,5764,
05/10/2025 23:30:00,000,8,058298322,05/10/2025 23:30:00,000,8,5764,
05/10/2025 23:45:00,000,7,854122522,05/10/2025 23:45:00,000,8,5764,
06/10/2025 00:00:00,000,7,689701391,06/10/2025 00:00:00,000,8,6178,
06/10/2025 00:15:00,000,7,696388858,06/10/2025 00:15:00,000,8,6178,
06/10/2025 00:30:00,000,7,808742737,06/10/2025 00:30:00,000,8,6178,
06/10/2025 00:45:00,000,7,891965571,06/10/2025 00:45:00,000,8,6178,
06/10/2025 01:00:00,000,7,97091216,06/10/2025 01:00:00,000,8,6182,
06/10/2025 01:15:00,000,8,213965243,06/10/2025 01:15:00,000,8,6182,
06/10/2025 01:30:00,000,8,160859284,06/10/2025 01:30:00,000,8,6182,
06/10/2025 01:45:00,000,8,368411219,06/10/2025 01:45:00,000,8,6182,
06/10/2025 02:00:00,000,8,320531236,06/10/2025 02:00:00,000,8,398,
06/10/2025 02:15:00,000,8,602562316,06/10/2025 02:15:00,000,8,398,
06/10/2025 02:30:00,000,8,728090046,06/10/2025 02:30:00,000,8,398,
06/10/2025 02:45:00,000,8,403025328,06/10/2025 02:45:00,000,8,398,
06/10/2025 03:00:00,000,8,430241908,06/10/2025 03:00:00,000,8,4272,
06/10/2025 03:15:00,000,8,380670995,06/10/2025 03:15:00,000,8,4272,
06/10/2025 03:30:00,000,7,968333736,06/10/2025 03:30:00,000,8,4272,
06/10/2025 03:45:00,000,8,08861406,06/10/2025 03:45:00,000,8,4272,
06/10/2025 04:00:00,000,7,737209152,06/10/2025 04:00:00,000,8,103,
06/10/2025 04:15:00,000,7,823462064,06/10/2025 04:15:00,000,8,103,
06/10/2025 04:30:00,000,7,425681384,06/10/2025 04:30:00,000,8,103,
06/10/2025 04:45:00,000,7,362867369,06/10/2025 04:45:00,000,8,103,
06/10/2025 05:00:00,000,7,327938263,06/10/2025 05:00:00,000,7,953,
06/10/2025 05:15:00,000,7,141668169,06/10/2025 05:15:00,000,7,953,
06/10/2025 05:30:00,000,7,0543362,06/10/2025 05:30:00,000,7,953,
06/10/2025 05:45:00,000,7,101600347,06/10/2025 05:45:00,000,7,953,
06/10/2025 06:00:00,000,6,860331885,06/10/2025 06:00:00,000,7,7541,
06/10/2025 06:15:00,000,6,905013586,06/10/2025 06:15:00,000,7,7541,
06/10/2025 06:30:00,000,6,851242232,06/10/2025 06:30:00,000,7,7541,
06/10/2025 06:45:00,000,6,856085707,06/10/2025 06:45:00,000,7,7541,
06/10/2025 07:00:00,000,6,611901465,06/10/2025 07:00:00,000,7,9454,
06/10/2025 07:15:00,000,6,769194575,06/10/2025 07:15:00,000,7,9454,
06/10/2025 07:30:00,000,6,893639204,06/10/2025 07:30:00,000,7,9454,
06/10/2025 07:45:00,000,6,995694952,06/10/2025 07:45:00,000,7,9454,
06/10/2025 08:00:00,000,7,299373571,06/10/2025 08:00:00,000,8,3554,
06/10/2025 08:15:00,000,7,465597412,06/10/2025 08:15:00,000,8,3554,
06/10/2025 08:30:00,000,7,651428105,06/10/2025 08:30:00,000,8,3554,
06/10/2025 08:45:00,000,7,750478508,06/10/2025 08:45:00,000,8,3554,
06/10/2025 09:00:00,000,7,920704746,06/10/2025 09:00:00,000,9,3855,
06/10/2025 09:15:00,000,8,047433671,06/10/2025 09:15:00,000,9,3855,
06/10/2025 09:30:00,000,8,217735108,06/10/2025 09:30:00,000,9,3855,
06/10/2025 09:45:00,000,8,480727865,06/10/2025 09:45:00,000,9,3855,
06/10/2025 10:00:00,000,8,535615699,06/10/2025 10:00:00,000,10,445,
06/10/2025 10:15:00,000,9,033980806,06/10/2025 10:15:00,000,10,445,
06/10/2025 10:30:00,000,9,279356847,06/10/2025 10:30:00,000,10,445,
06/10/2025 10:45:00,000,9,371142738,06/10/2025 10:45:00,000,10,445,
06/10/2025 11:00:00,000,9,523386115,06/10/2025 11:00:00,000,10,7125,
06/10/2025 11:15:00,000,9,624817847,06/10/2025 11:15:00,000,10,7125,
06/10/2025 11:30:00,000,9,81780212,06/10/2025 11:30:00,000,10,7125,
06/10/2025 11:45:00,000,10,0582635,06/10/2025 11:45:00,000,10,7125,
06/10/2025 12:00:00,000,9,951339235,06/10/2025 12:00:00,000,10,984,
06/10/2025 12:15:00,000,10,10400717,06/10/2025 12:15:00,000,10,984,
06/10/2025 12:30:00,000,10,23074284,06/10/2025 12:30:00,000,10,984,
06/10/2025 12:45:00,000,10,12920658,06/10/2025 12:45:00,000,10,984,
06/10/2025 13:00:00,000,9,964871744,06/10/2025 13:00:00,000,12,1359,
06/10/2025 13:15:00,000,9,761428948,06/10/2025 13:15:00,000,12,1359,
06/10/2025 13:30:00,000,9,979791306,06/10/2025 13:30:00,000,12,1359,
06/10/2025 13:45:00,000,9,769217855,06/10/2025 13:45:00,000,12,1359,
06/10/2025 14:00:00,000,10,16006709,06/10/2025 14:00:00,000,12,6058,
06/10/2025 14:15:00,000,10,17088603,06/10/2025 14:15:00,000,12,6058,
06/10/2025 14:30:00,000,10,48343114,06/10/2025 14:30:00,000,12,6058,
06/10/2025 14:45:00,000,10,72176663,06/10/2025 14:45:00,000,12,6058,
06/10/2025 15:00:00,000,10,68023948,06/10/2025 15:00:00,000,12,8796,
06/10/2025 15:15:00,000,11,13520788,06/10/2025 15:15:00,000,12,8796,
06/10/2025 15:30:00,000,10,83516851,06/10/2025 15:30:00,000,12,8796,
06/10/2025 15:45:00,000,11,20851735,06/10/2025 15:45:00,000,12,8796,
06/10/2025 16:00:00,000,11,47131961,06/10/2025 16:00:00,000,13,1373,
06/10/2025 16:15:00,000,11,64510636,06/10/2025 16:15:00,000,13,1373,
06/10/2025 16:30:00,000,11,97693429,06/10/2025 16:30:00,000,13,1373,
06/10/2025 16:45:00,000,12,30300079,06/10/2025 16:45:00,000,13,1373,
06/10/2025 17:00:00,000,11,94410331,06/10/2025 17:00:00,000,11,974,
06/10/2025 17:15:00,000,11,7435712,06/10/2025 17:15:00,000,11,974,
06/10/2025 17:30:00,000,11,3541012,06/10/2025 17:30:00,000,11,974,
06/10/2025 17:45:00,000,11,03334198,06/10/2025 17:45:00,000,11,974,
06/10/2025 18:00:00,000,11,09510254,06/10/2025 18:00:00,000,10,8868,
06/10/2025 18:15:00,000,10,76164367,06/10/2025 18:15:00,000,10,8868,
06/10/2025 18:30:00,000,10,86525506,06/10/2025 18:30:00,000,10,8868,
06/10/2025 18:45:00,000,10,59618343,06/10/2025 18:45:00,000,10,8868,
06/10/2025 19:00:00,000,10,70917696,06/10/2025 19:00:00,000,10,6954,
06/10/2025 19:15:00,000,10,55081864,06/10/2025 19:15:00,000,10,6954,
06/10/2025 19:30:00,000,10,78791609,06/10/2025 19:30:00,000,10,6954,
06/10/2025 19:45:00,000,10,50558168,06/10/2025 19:45:00,000,10,6954,
06/10/2025 20:00:00,000,10,52094843,06/10/2025 20:00:00,000,10,21,
06/10/2025 20:15:00,000,10,38561813,06/10/2025 20:15:00,000,10,21,
06/10/2025 20:30:00,000,10,14470712,06/10/2025 20:30:00,000,10,21,
06/10/2025 20:45:00,000,9,936719614,06/10/2025 20:45:00,000,10,21,
06/10/2025 21:00:00,000,9,775960917,06/10/2025 21:00:00,000,10,1126,
06/10/2025 21:15:00,000,10,02857501,06/10/2025 21:15:00,000,10,1126,
06/10/2025 21:30:00,000,9,858462134,06/10/2025 21:30:00,000,10,1126,
06/10/2025 21:45:00,000,10,16930819,06/10/2025 21:45:00,000,10,1126,
06/10/2025 22:00:00,000,9,825351275,06/10/2025 22:00:00,000,9,5748,
06/10/2025 22:15:00,000,9,924797075,06/10/2025 22:15:00,000,9,5748,
06/10/2025 22:30:00,000,9,752596268,06/10/2025 22:30:00,000,9,5748,
06/10/2025 22:45:00,000,9,678086823,06/10/2025 22:45:00,000,9,5748,
06/10/2025 23:00:00,000,9,240774732,06/10/2025 23:00:00,000,9,6258,
06/10/2025 23:15:00,000,9,434566275,06/10/2025 23:15:00,000,9,6258,
06/10/2025 23:30:00,000,9,43781284,06/10/2025 23:30:00,000,9,6258,
06/10/2025 23:45:00,000,9,271810109,06/10/2025 23:45:00,000,9,6258,
07/10/2025 00:00:00,000,9,338160651,07/10/2025 00:00:00,000,9,8019,
07/10/2025 00:15:00,000,9,018772066,07/10/2025 00:15:00,000,9,8019,
07/10/2025 00:30:00,000,8,972505602,07/10/2025 00:30:00,000,9,8019,
07/10/2025 00:45:00,000,8,909073113,07/10/2025 00:45:00,000,9,8019,
07/10/2025 01:00:00,000,8,878918136,07/10/2025 01:00:00,000,9,6153,
07/10/2025 01:15:00,000,9,10351955,07/10/2025 01:15:00,000,9,6153,
07/10/2025 01:30:00,000,9,115571431,07/10/2025 01:30:00,000,9,6153,
07/10/2025 01:45:00,000,9,028765667,07/10/2025 01:45:00,000,9,6153,
07/10/2025 02:00:00,000,9,126876165,07/10/2025 02:00:00,000,9,7274,
07/10/2025 02:15:00,000,9,279633148,07/10/2025 02:15:00,000,9,7274,
07/10/2025 02:30:00,000,9,224653058,07/10/2025 02:30:00,000,9,7274,
07/10/2025 02:45:00,000,9,333557496,07/10/2025 02:45:00,000,9,7274,
07/10/2025 03:00:00,000,9,32625629,07/10/2025 03:00:00,000,9,4891,
07/10/2025 03:15:00,000,9,044585655,07/10/2025 03:15:00,000,9,4891,
07/10/2025 03:30:00,000,9,038443612,07/10/2025 03:30:00,000,9,4891,
07/10/2025 03:45:00,000,8,726651427,07/10/2025 03:45:00,000,9,4891,
07/10/2025 04:00:00,000,8,696696423,07/10/2025 04:00:00,000,9,4042,
07/10/2025 04:15:00,000,8,866238532,07/10/2025 04:15:00,000,9,4042,
07/10/2025 04:30:00,000,8,963126432,07/10/2025 04:30:00,000,9,4042,
07/10/2025 04:45:00,000,8,955295753,07/10/2025 04:45:00,000,9,4042,
07/10/2025 05:00:00,000,9,086684676,07/10/2025 05:00:00,000,9,4516,
07/10/2025 05:15:00,000,8,899615123,07/10/2025 05:15:00,000,9,4516,
07/10/2025 05:30:00,000,8,839121616,07/10/2025 05:30:00,000,9,4516,
07/10/2025 05:45:00,000,8,999641861,07/10/2025 05:45:00,000,9,4516,
07/10/2025 06:00:00,000,9,041656184,07/10/2025 06:00:00,000,9,6588,
07/10/2025 06:15:00,000,8,990552717,07/10/2025 06:15:00,000,9,6588,
07/10/2025 06:30:00,000,9,114314142,07/10/2025 06:30:00,000,9,6588,
07/10/2025 06:45:00,000,8,948139001,07/10/2025 06:45:00,000,9,6588,
07/10/2025 07:00:00,000,8,631494185,07/10/2025 07:00:00,000,9,9105,
07/10/2025 07:15:00,000,8,775212989,07/10/2025 07:15:00,000,9,9105,
07/10/2025 07:30:00,000,8,603346215,07/10/2025 07:30:00,000,9,9105,
07/10/2025 07:45:00,000,8,848261962,07/10/2025 07:45:00,000,9,9105,
07/10/2025 08:00:00,000,8,822777909,07/10/2025 08:00:00,000,10,4947,
07/10/2025 08:15:00,000,8,814642336,07/10/2025 08:15:00,000,10,4947,
07/10/2025 08:30:00,000,8,947182102,07/10/2025 08:30:00,000,10,4947,
07/10/2025 08:45:00,000,8,971435801,07/10/2025 08:45:00,000,10,4947,
07/10/2025 09:00:00,000,9,409964319,07/10/2025 09:00:00,000,11,2249,
07/10/2025 09:15:00,000,9,342591815,07/10/2025 09:15:00,000,11,2249,
07/10/2025 09:30:00,000,9,55274487,07/10/2025 09:30:00,000,11,2249,
07/10/2025 09:45:00,000,9,537748634,07/10/2025 09:45:00,000,11,2249,
07/10/2025 10:00:00,000,10,08298917,07/10/2025 10:00:00,000,12,2211,
07/10/2025 10:15:00,000,10,11304463,07/10/2025 10:15:00,000,12,2211,
07/10/2025 10:30:00,000,10,03736747,07/10/2025 10:30:00,000,12,2211,
07/10/2025 10:45:00,000,10,19493996,07/10/2025 10:45:00,000,12,2211,
07/10/2025 11:00:00,000,10,23520117,07/10/2025 11:00:00,000,13,3228,
07/10/2025 11:15:00,000,10,39151058,07/10/2025 11:15:00,000,13,3228,
07/10/2025 11:30:00,000,10,29133613,07/10/2025 11:30:00,000,13,3228,
07/10/2025 11:45:00,000,10,75440128,07/10/2025 11:45:00,000,13,3228,
07/10/2025 12:00:00,000,11,07787521,07/10/2025 12:00:00,000,14,3469,
07/10/2025 12:15:00,000,10,85782493,07/10/2025 12:15:00,000,14,3469,
07/10/2025 12:30:00,000,11,22731801,07/10/2025 12:30:00,000,14,3469,
07/10/2025 12:45:00,000,11,24681768,07/10/2025 12:45:00,000,14,3469,
07/10/2025 13:00:00,000,11,03572798,07/10/2025 13:00:00,000,13,8533,
07/10/2025 13:15:00,000,11,14416086,07/10/2025 13:15:00,000,13,8533,
07/10/2025 13:30:00,000,11,39842594,07/10/2025 13:30:00,000,13,8533,
07/10/2025 13:45:00,000,11,18392011,07/10/2025 13:45:00,000,13,8533,
07/10/2025 14:00:00,000,11,25802662,07/10/2025 14:00:00,000,14,187,
07/10/2025 14:15:00,000,11,61822667,07/10/2025 14:15:00,000,14,187,
07/10/2025 14:30:00,000,11,67938314,07/10/2025 14:30:00,000,14,187,
07/10/2025 14:45:00,000,11,91628897,07/10/2025 14:45:00,000,14,187,
07/10/2025 15:00:00,000,11,74070495,07/10/2025 15:00:00,000,14,8808,
07/10/2025 15:15:00,000,11,95607836,07/10/2025 15:15:00,000,14,8808,
07/10/2025 15:30:00,000,11,92570634,07/10/2025 15:30:00,000,14,8808,
07/10/2025 15:45:00,000,12,11030888,07/10/2025 15:45:00,000,14,8808,
07/10/2025 16:00:00,000,12,40565208,07/10/2025 16:00:00,000,14,4112,
07/10/2025 16:15:00,000,12,03119324,07/10/2025 16:15:00,000,14,4112,
07/10/2025 16:30:00,000,12,4994653,07/10/2025 16:30:00,000,14,4112,
07/10/2025 16:45:00,000,12,12048952,07/10/2025 16:45:00,000,14,4112,
07/10/2025 17:00:00,000,12,27239573,07/10/2025 17:00:00,000,13,1153,
07/10/2025 17:15:00,000,11,84983088,07/10/2025 17:15:00,000,13,1153,
07/10/2025 17:30:00,000,11,84224109,07/10/2025 17:30:00,000,13,1153,
07/10/2025 17:45:00,000,11,78686,07/10/2025 17:45:00,000,13,1153,
07/10/2025 18:00:00,000,11,46100604,07/10/2025 18:00:00,000,12,8374,
07/10/2025 18:15:00,000,11,17924214,07/10/2025 18:15:00,000,12,8374,
07/10/2025 18:30:00,000,11,44558701,07/10/2025 18:30:00,000,12,8374,
07/10/2025 18:45:00,000,11,21426082,07/10/2025 18:45:00,000,12,8374,
07/10/2025 19:00:00,000,11,33660377,07/10/2025 19:00:00,000,12,0025,
07/10/2025 19:15:00,000,11,15953035,07/10/2025 19:15:00,000,12,0025,
07/10/2025 19:30:00,000,11,33390566,07/10/2025 19:30:00,000,12,0025,
07/10/2025 19:45:00,000,11,38170234,07/10/2025 19:45:00,000,12,0025,
07/10/2025 20:00:00,000,11,04273172,07/10/2025 20:00:00,000,11,2408,
07/10/2025 20:15:00,000,10,751976,07/10/2025 20:15:00,000,11,2408,
07/10/2025 20:30:00,000,10,37043842,07/10/2025 20:30:00,000,11,2408,
07/10/2025 20:45:00,000,10,06533983,07/10/2025 20:45:00,000,11,2408,
07/10/2025 21:00:00,000,9,692746497,07/10/2025 21:00:00,000,10,6503,
07/10/2025 21:15:00,000,9,74966992,07/10/2025 21:15:00,000,10,6503,
07/10/2025 21:30:00,000,9,489613098,07/10/2025 21:30:00,000,10,6503,
07/10/2025 21:45:00,000,9,083153343,07/10/2025 21:45:00,000,10,6503,
07/10/2025 22:00:00,000,9,275366331,07/10/2025 22:00:00,000,10,5028,
07/10/2025 22:15:00,000,9,175612063,07/10/2025 22:15:00,000,10,5028,
07/10/2025 22:30:00,000,8,866395497,07/10/2025 22:30:00,000,10,5028,
07/10/2025 22:45:00,000,8,734032874,07/10/2025 22:45:00,000,10,5028,
07/10/2025 23:00:00,000,8,597091838,07/10/2025 23:00:00,000,10,2323,
07/10/2025 23:15:00,000,8,482517046,07/10/2025 23:15:00,000,10,2323,
07/10/2025 23:30:00,000,8,266469147,07/10/2025 23:30:00,000,10,2323,
07/10/2025 23:45:00,000,7,823400261,07/10/2025 23:45:00,000,10,2323,
08/10/2025 00:00:00,000,7,787979075,08/10/2025 00:00:00,000,10,4401,
08/10/2025 00:15:00,000,7,652483813,08/10/2025 00:15:00,000,10,4401,
08/10/2025 00:30:00,000,7,530002594,08/10/2025 00:30:00,000,10,4401,
08/10/2025 00:45:00,000,7,566715174,08/10/2025 00:45:00,000,10,4401,
08/10/2025 01:00:00,000,7,642709278,08/10/2025 01:00:00,000,9,9526,
08/10/2025 01:15:00,000,7,671081384,08/10/2025 01:15:00,000,9,9526,
08/10/2025 01:30:00,000,7,644413712,08/10/2025 01:30:00,000,9,9526,
08/10/2025 01:45:00,000,7,545837155,08/10/2025 01:45:00,000,9,9526,
08/10/2025 02:00:00,000,7,443381782,08/10/2025 02:00:00,000,9,5258,
08/10/2025 02:15:00,000,7,568671223,08/10/2025 02:15:00,000,9,5258,
08/10/2025 02:30:00,000,7,447432972,08/10/2025 02:30:00,000,9,5258,
08/10/2025 02:45:00,000,7,391481858,08/10/2025 02:45:00,000,9,5258,
08/10/2025 03:00:00,000,7,307004268,08/10/2025 03:00:00,000,9,1817,
08/10/2025 03:15:00,000,7,108122156,08/10/2025 03:15:00,000,9,1817,
08/10/2025 03:30:00,000,6,958132799,08/10/2025 03:30:00,000,9,1817,
08/10/2025 03:45:00,000,7,069163293,08/10/2025 03:45:00,000,9,1817,
08/10/2025 04:00:00,000,6,872443291,08/10/2025 04:00:00,000,8,6475,
08/10/2025 04:15:00,000,6,820805015,08/10/2025 04:15:00,000,8,6475,
08/10/2025 04:30:00,000,6,912048324,08/10/2025 04:30:00,000,8,6475,
08/10/2025 04:45:00,000,6,758963272,08/10/2025 04:45:00,000,8,6475,
08/10/2025 05:00:00,000,6,744661372,08/10/2025 05:00:00,000,8,5886,
08/10/2025 05:15:00,000,6,602558632,08/10/2025 05:15:00,000,8,5886,
08/10/2025 05:30:00,000,6,674301136,08/10/2025 05:30:00,000,8,5886,
08/10/2025 05:45:00,000,6,394167066,08/10/2025 05:45:00,000,8,5886,
08/10/2025 06:00:00,000,6,370501611,08/10/2025 06:00:00,000,8,3539,
08/10/2025 06:15:00,000,6,270683808,08/10/2025 06:15:00,000,8,3539,
08/10/2025 06:30:00,000,6,189288148,08/10/2025 06:30:00,000,8,3539,
08/10/2025 06:45:00,000,6,053344066,08/10/2025 06:45:00,000,8,3539,
08/10/2025 07:00:00,000,6,075073715,08/10/2025 07:00:00,000,8,8162,
08/10/2025 07:15:00,000,6,196413031,08/10/2025 07:15:00,000,8,8162,
08/10/2025 07:30:00,000,6,282490595,08/10/2025 07:30:00,000,8,8162,
08/10/2025 07:45:00,000,6,608122615,08/10/2025 07:45:00,000,8,8162,
08/10/2025 08:00:00,000,7,16023434,08/10/2025 08:00:00,000,10,2748,
08/10/2025 08:15:00,000,7,531100575,08/10/2025 08:15:00,000,10,2748,
08/10/2025 08:30:00,000,8,216554093,08/10/2025 08:30:00,000,10,2748,
08/10/2025 08:45:00,000,8,690104368,08/10/2025 08:45:00,000,10,2748,
08/10/2025 09:00:00,000,9,155404519,08/10/2025 09:00:00,000,12,0284,
08/10/2025 09:15:00,000,9,735753719,08/10/2025 09:15:00,000,12,0284,
08/10/2025 09:30:00,000,10,15953845,08/10/2025 09:30:00,000,12,0284,
08/10/2025 09:45:00,000,10,68132835,08/10/2025 09:45:00,000,12,0284,
08/10/2025 10:00:00,000,11,01217041,08/10/2025 10:00:00,000,13,1292,
08/10/2025 10:15:00,000,11,38283672,08/10/2025 10:15:00,000,13,1292,
08/10/2025 10:30:00,000,11,81325778,08/10/2025 10:30:00,000,13,1292,
08/10/2025 10:45:00,000,12,1727894,08/10/2025 10:45:00,000,13,1292,
08/10/2025 11:00:00,000,12,61775267,08/10/2025 11:00:00,000,14,1665,
08/10/2025 11:15:00,000,12,53073174,08/10/2025 11:15:00,000,14,1665,
08/10/2025 11:30:00,000,12,99813983,08/10/2025 11:30:00,000,14,1665,
08/10/2025 11:45:00,000,12,97669811,08/10/2025 11:45:00,000,14,1665,
08/10/2025 12:00:00,000,13,3428448,08/10/2025 12:00:00,000,14,9453,
08/10/2025 12:15:00,000,13,45938716,08/10/2025 12:15:00,000,14,9453,
08/10/2025 12:30:00,000,13,73359753,08/10/2025 12:30:00,000,14,9453,
08/10/2025 12:45:00,000,13,83181858,08/10/2025 12:45:00,000,14,9453,
08/10/2025 13:00:00,000,14,04160703,08/10/2025 13:00:00,000,15,4772,
08/10/2025 13:15:00,000,14,08886448,08/10/2025 13:15:00,000,15,4772,
08/10/2025 13:30:00,000,13,80705173,08/10/2025 13:30:00,000,15,4772,
08/10/2025 13:45:00,000,14,30518486,08/10/2025 13:45:00,000,15,4772,
08/10/2025 14:00:00,000,14,28412767,08/10/2025 14:00:00,000,15,5652,
08/10/2025 14:15:00,000,13,98212122,08/10/2025 14:15:00,000,15,5652,
08/10/2025 14:30:00,000,14,16260169,08/10/2025 14:30:00,000,15,5652,
08/10/2025 14:45:00,000,14,61194049,08/10/2025 14:45:00,000,15,5652,
08/10/2025 15:00:00,000,14,12741398,08/10/2025 15:00:00,000,15,4277,
08/10/2025 15:15:00,000,14,56532619,08/10/2025 15:15:00,000,15,4277,
08/10/2025 15:30:00,000,14,7763311,08/10/2025 15:30:00,000,15,4277,
08/10/2025 15:45:00,000,14,79354408,08/10/2025 15:45:00,000,15,4277,
08/10/2025 16:00:00,000,14,52273891,08/10/2025 16:00:00,000,15,11,
08/10/2025 16:15:00,000,14,67797162,08/10/2025 16:15:00,000,15,11,
08/10/2025 16:30:00,000,14,43797601,08/10/2025 16:30:00,000,15,11,
08/10/2025 16:45:00,000,14,17870071,08/10/2025 16:45:00,000,15,11,
08/10/2025 17:00:00,000,13,80951786,08/10/2025 17:00:00,000,14,4591,
08/10/2025 17:15:00,000,13,54263653,08/10/2025 17:15:00,000,14,4591,
08/10/2025 17:30:00,000,13,07252154,08/10/2025 17:30:00,000,14,4591,
08/10/2025 17:45:00,000,12,06125085,08/10/2025 17:45:00,000,14,4591,
08/10/2025 18:00:00,000,11,52080934,08/10/2025 18:00:00,000,12,848,
08/10/2025 18:15:00,000,11,27165268,08/10/2025 18:15:00,000,12,848,
08/10/2025 18:30:00,000,11,21560873,08/10/2025 18:30:00,000,12,848,
08/10/2025 18:45:00,000,11,2648593,08/10/2025 18:45:00,000,12,848,
08/10/2025 19:00:00,000,11,15488319,08/10/2025 19:00:00,000,11,9098,
08/10/2025 19:15:00,000,11,0439307,08/10/2025 19:15:00,000,11,9098,
08/10/2025 19:30:00,000,11,17659307,08/10/2025 19:30:00,000,11,9098,
08/10/2025 19:45:00,000,10,98445016,08/10/2025 19:45:00,000,11,9098,
08/10/2025 20:00:00,000,11,32402469,08/10/2025 20:00:00,000,11,2437,
08/10/2025 20:15:00,000,10,9297165,08/10/2025 20:15:00,000,11,2437,
08/10/2025 20:30:00,000,11,16798055,08/10/2025 20:30:00,000,11,2437,
08/10/2025 20:45:00,000,10,8828345,08/10/2025 20:45:00,000,11,2437,
08/10/2025 21:00:00,000,11,17984718,08/10/2025 21:00:00,000,10,2929,
08/10/2025 21:15:00,000,10,97193628,08/10/2025 21:15:00,000,10,2929,
08/10/2025 21:30:00,000,10,87993658,08/10/2025 21:30:00,000,10,2929,
08/10/2025 21:45:00,000,11,00083378,08/10/2025 21:45:00,000,10,2929,
08/10/2025 22:00:00,000,11,07161818,08/10/2025 22:00:00,000,10,2557,
08/10/2025 22:15:00,000,11,10858671,08/10/2025 22:15:00,000,10,2557,
08/10/2025 22:30:00,000,10,89409384,08/10/2025 22:30:00,000,10,2557,
08/10/2025 22:45:00,000,10,70770315,08/10/2025 22:45:00,000,10,2557,
08/10/2025 23:00:00,000,10,80518356,08/10/2025 23:00:00,000,10,2258,
08/10/2025 23:15:00,000,10,36770221,08/10/2025 23:15:00,000,10,2258,
08/10/2025 23:30:00,000,10,34433554,08/10/2025 23:30:00,000,10,2258,
08/10/2025 23:45:00,000,10,49357369,08/10/2025 23:45:00,000,10,2258,
09/10/2025 00:00:00,000,10,11605347,09/10/2025 00:00:00,000,10,6572,
09/10/2025 00:15:00,000,10,23912073,09/10/2025 00:15:00,000,10,6572,
09/10/2025 00:30:00,000,10,078577,09/10/2025 00:30:00,000,10,6572,
09/10/2025 00:45:00,000,9,718198356,09/10/2025 00:45:00,000,10,6572,
09/10/2025 01:00:00,000,9,766828441,09/10/2025 01:00:00,000,10,3202,
09/10/2025 01:15:00,000,9,91409467,09/10/2025 01:15:00,000,10,3202,
09/10/2025 01:30:00,000,9,584266782,09/10/2025 01:30:00,000,10,3202,
09/10/2025 01:45:00,000,9,653244068,09/10/2025 01:45:00,000,10,3202,
09/10/2025 02:00:00,000,9,649469416,09/10/2025 02:00:00,000,10,6656,
09/10/2025 02:15:00,000,9,647842263,09/10/2025 02:15:00,000,10,6656,
09/10/2025 02:30:00,000,9,833959404,09/10/2025 02:30:00,000,10,6656,
09/10/2025 02:45:00,000,9,938111937,09/10/2025 02:45:00,000,10,6656,
09/10/2025 03:00:00,000,9,88088709,09/10/2025 03:00:00,000,10,8365,
09/10/2025 03:15:00,000,9,582881575,09/10/2025 03:15:00,000,10,8365,
09/10/2025 03:30:00,000,9,609150347,09/10/2025 03:30:00,000,10,8365,
09/10/2025 03:45:00,000,9,572758017,09/10/2025 03:45:00,000,10,8365,
09/10/2025 04:00:00,000,9,29751475,09/10/2025 04:00:00,000,10,8802,
09/10/2025 04:15:00,000,9,229282543,09/10/2025 04:15:00,000,10,8802,
09/10/2025 04:30:00,000,9,466644823,09/10/2025 04:30:00,000,10,8802,
09/10/2025 04:45:00,000,9,22218728,09/10/2025 04:45:00,000,10,8802,
09/10/2025 05:00:00,000,9,404074614,09/10/2025 05:00:00,000,10,7857,
09/10/2025 05:15:00,000,9,334730833,09/10/2025 05:15:00,000,10,7857,
09/10/2025 05:30:00,000,9,169242513,09/10/2025 05:30:00,000,10,7857,
09/10/2025 05:45:00,000,9,550782971,09/10/2025 05:45:00,000,10,7857,
09/10/2025 06:00:00,000,9,636309133,09/10/2025 06:00:00,000,10,6038,
09/10/2025 06:15:00,000,9,585811777,09/10/2025 06:15:00,000,10,6038,
09/10/2025 06:30:00,000,9,55558293,09/10/2025 06:30:00,000,10,6038,
09/10/2025 06:45:00,000,9,376641695,09/10/2025 06:45:00,000,10,6038,
09/10/2025 07:00:00,000,9,357383235,09/10/2025 07:00:00,000,10,693,
09/10/2025 07:15:00,000,9,691898291,09/10/2025 07:15:00,000,10,693,
09/10/2025 07:30:00,000,9,603210663,09/10/2025 07:30:00,000,10,693,
09/10/2025 07:45:00,000,9,703466476,09/10/2025 07:45:00,000,10,693,
09/10/2025 08:00:00,000,9,934086762,09/10/2025 08:00:00,000,11,0813,
09/10/2025 08:15:00,000,10,06033913,09/10/2025 08:15:00,000,11,0813,
09/10/2025 08:30:00,000,10,26760541,09/10/2025 08:30:00,000,11,0813,
09/10/2025 08:45:00,000,10,47684555,09/10/2025 08:45:00,000,11,0813,
09/10/2025 09:00:00,000,10,89932782,09/10/2025 09:00:00,000,12,3108,
09/10/2025 09:15:00,000,10,96050937,09/10/2025 09:15:00,000,12,3108,
09/10/2025 09:30:00,000,10,75804148,09/10/2025 09:30:00,000,12,3108,
09/10/2025 09:45:00,000,10,85913979,09/10/2025 09:45:00,000,12,3108,
09/10/2025 10:00:00,000,11,21109854,09/10/2025 10:00:00,000,12,9333,
09/10/2025 10:15:00,000,11,12314478,09/10/2025 10:15:00,000,12,9333,
09/10/2025 10:30:00,000,11,20108207,09/10/2025 10:30:00,000,12,9333,
09/10/2025 10:45:00,000,11,32791444,09/10/2025 10:45:00,000,12,9333,
09/10/2025 11:00:00,000,11,08678362,09/10/2025 11:00:00,000,13,6592,
09/10/2025 11:15:00,000,11,1742406,09/10/2025 11:15:00,000,13,6592,
09/10/2025 11:30:00,000,11,13152209,09/10/2025 11:30:00,000,13,6592,
09/10/2025 11:45:00,000,11,42098973,09/10/2025 11:45:00,000,13,6592,
09/10/2025 12:00:00,000,11,74843562,09/10/2025 12:00:00,000,14,0462,
09/10/2025 12:15:00,000,11,82816109,09/10/2025 12:15:00,000,14,0462,
09/10/2025 12:30:00,000,11,98151138,09/10/2025 12:30:00,000,14,0462,
09/10/2025 12:45:00,000,12,19610886,09/10/2025 12:45:00,000,14,0462,
09/10/2025 13:00:00,000,12,19500248,09/10/2025 13:00:00,000,14,7582,
09/10/2025 13:15:00,000,11,81374267,09/10/2025 13:15:00,000,14,7582,
09/10/2025 13:30:00,000,11,95166777,09/10/2025 13:30:00,000,14,7582,
09/10/2025 13:45:00,000,11,78299103,09/10/2025 13:45:00,000,14,7582,
09/10/2025 14:00:00,000,11,83012993,09/10/2025 14:00:00,000,15,2577,
09/10/2025 14:15:00,000,12,09947957,09/10/2025 14:15:00,000,15,2577,
09/10/2025 14:30:00,000,12,10319662,09/10/2025 14:30:00,000,15,2577,
09/10/2025 14:45:00,000,12,1852923,09/10/2025 14:45:00,000,15,2577,
09/10/2025 15:00:00,000,12,02747318,09/10/2025 15:00:00,000,15,2714,
09/10/2025 15:15:00,000,12,3632616,09/10/2025 15:15:00,000,15,2714,
09/10/2025 15:30:00,000,12,58782175,09/10/2025 15:30:00,000,15,2714,
09/10/2025 15:45:00,000,12,63953127,09/10/2025 15:45:00,000,15,2714,
09/10/2025 16:00:00,000,12,81831489,09/10/2025 16:00:00,000,14,4518,
09/10/2025 16:15:00,000,13,2568212,09/10/2025 16:15:00,000,14,4518,
09/10/2025 16:30:00,000,12,97295187,09/10/2025 16:30:00,000,14,4518,
09/10/2025 16:45:00,000,13,02615664,09/10/2025 16:45:00,000,14,4518,
09/10/2025 17:00:00,000,13,39024333,09/10/2025 17:00:00,000,13,9653,
09/10/2025 17:15:00,000,13,21978742,09/10/2025 17:15:00,000,13,9653,
09/10/2025 17:30:00,000,12,80129697,09/10/2025 17:30:00,000,13,9653,
09/10/2025 17:45:00,000,13,07903114,09/10/2025 17:45:00,000,13,9653,
09/10/2025 18:00:00,000,13,35193538,09/10/2025 18:00:00,000,13,7653,
09/10/2025 18:15:00,000,13,34147516,09/10/2025 18:15:00,000,13,7653,
09/10/2025 18:30:00,000,13,45090546,09/10/2025 18:30:00,000,13,7653,
09/10/2025 18:45:00,000,13,43624993,09/10/2025 18:45:00,000,13,7653,
09/10/2025 19:00:00,000,13,17396851,09/10/2025 19:00:00,000,13,3784,
09/10/2025 19:15:00,000,13,36002886,09/10/2025 19:15:00,000,13,3784,
09/10/2025 19:30:00,000,12,92954656,09/10/2025 19:30:00,000,13,3784,
09/10/2025 19:45:00,000,12,84902869,09/10/2025 19:45:00,000,13,3784,
09/10/2025 20:00:00,000,12,97198544,09/10/2025 20:00:00,000,12,8217,
09/10/2025 20:15:00,000,12,61136783,09/10/2025 20:15:00,000,12,8217,
09/10/2025 20:30:00,000,12,58095471,09/10/2025 20:30:00,000,12,8217,
09/10/2025 20:45:00,000,12,71056073,09/10/2025 20:45:00,000,12,8217,
09/10/2025 21:00:00,000,12,29367689,09/10/2025 21:00:00,000,12,6236,
09/10/2025 21:15:00,000,12,49603691,09/10/2025 21:15:00,000,12,6236,
09/10/2025 21:30:00,000,11,98099969,09/10/2025 21:30:00,000,12,6236,
09/10/2025 21:45:00,000,12,01857741,09/10/2025 21:45:00,000,12,6236,
09/10/2025 22:00:00,000,11,99389561,09/10/2025 22:00:00,000,12,356,
09/10/2025 22:15:00,000,11,76203209,09/10/2025 22:15:00,000,12,356,
09/10/2025 22:30:00,000,11,6633343,09/10/2025 22:30:00,000,12,356,
09/10/2025 22:45:00,000,11,58645082,09/10/2025 22:45:00,000,12,356,
09/10/2025 23:00:00,000,11,7895243,09/10/2025 23:00:00,000,12,3028,
09/10/2025 23:15:00,000,11,68357701,09/10/2025 23:15:00,000,12,3028,
09/10/2025 23:30:00,000,11,54131881,09/10/2025 23:30:00,000,12,3028,
09/10/2025 23:45:00,000,10,87924515,09/10/2025 23:45:00,000,12,3028,
10/10/2025 00:00:00,000,10,93274433,10/10/2025 00:00:00,000,11,7171,
10/10/2025 00:15:00,000,10,58100936,10/10/2025 00:15:00,000,11,7171,
10/10/2025 00:30:00,000,10,40536399,10/10/2025 00:30:00,000,11,7171,
10/10/2025 00:45:00,000,10,49520622,10/10/2025 00:45:00,000,11,7171,
10/10/2025 01:00:00,000,10,25724454,10/10/2025 01:00:00,000,11,362,
10/10/2025 01:15:00,000,10,4187024,10/10/2025 01:15:00,000,11,362,
10/10/2025 01:30:00,000,10,3414158,10/10/2025 01:30:00,000,11,362,
10/10/2025 01:45:00,000,10,19159403,10/10/2025 01:45:00,000,11,362,
10/10/2025 02:00:00,000,10,02096187,10/10/2025 02:00:00,000,10,4207,
10/10/2025 02:15:00,000,9,863906282,10/10/2025 02:15:00,000,10,4207,
10/10/2025 02:30:00,000,9,67336647,10/10/2025 02:30:00,000,10,4207,
10/10/2025 02:45:00,000,9,495945853,10/10/2025 02:45:00,000,10,4207,
10/10/2025 03:00:00,000,9,185607359,10/10/2025 03:00:00,000,10,0205,
10/10/2025 03:15:00,000,9,084785471,10/10/2025 03:15:00,000,10,0205,
10/10/2025 03:30:00,000,8,947403929,10/10/2025 03:30:00,000,10,0205,
10/10/2025 03:45:00,000,9,19857446,10/10/2025 03:45:00,000,10,0205,
10/10/2025 04:00:00,000,8,960699844,10/10/2025 04:00:00,000,9,7301,
10/10/2025 04:15:00,000,8,852123081,10/10/2025 04:15:00,000,9,7301,
10/10/2025 04:30:00,000,8,769597776,10/10/2025 04:30:00,000,9,7301,
10/10/2025 04:45:00,000,8,779696792,10/10/2025 04:45:00,000,9,7301,
10/10/2025 05:00:00,000,9,027582448,10/10/2025 05:00:00,000,9,4816,
10/10/2025 05:15:00,000,9,033163571,10/10/2025 05:15:00,000,9,4816,
10/10/2025 05:30:00,000,9,009933298,10/10/2025 05:30:00,000,9,4816,
10/10/2025 05:45:00,000,8,714545696,10/10/2025 05:45:00,000,9,4816,
10/10/2025 06:00:00,000,8,899571563,10/10/2025 06:00:00,000,9,3525,
10/10/2025 06:15:00,000,8,688181624,10/10/2025 06:15:00,000,9,3525,
10/10/2025 06:30:00,000,8,820422272,10/10/2025 06:30:00,000,9,3525,
10/10/2025 06:45:00,000,8,68137735,10/10/2025 06:45:00,000,9,3525,
10/10/2025 07:00:00,000,8,741593986,10/10/2025 07:00:00,000,10,1232,
10/10/2025 07:15:00,000,8,998228091,10/10/2025 07:15:00,000,10,1232,
10/10/2025 07:30:00,000,8,881678145,10/10/2025 07:30:00,000,10,1232,
10/10/2025 07:45:00,000,9,419684849,10/10/2025 07:45:00,000,10,1232,
10/10/2025 08:00:00,000,9,698382062,10/10/2025 08:00:00,000,10,824,
10/10/2025 08:15:00,000,9,896316429,10/10/2025 08:15:00,000,10,824,
10/10/2025 08:30:00,000,10,20043524,10/10/2025 08:30:00,000,10,824,
10/10/2025 08:45:00,000,10,33658205,10/10/2025 08:45:00,000,10,824,
10/10/2025 09:00:00,000,10,60813703,10/10/2025 09:00:00,000,11,6302,
10/10/2025 09:15:00,000,10,89681656,10/10/2025 09:15:00,000,11,6302,
10/10/2025 09:30:00,000,10,91716709,10/10/2025 09:30:00,000,11,6302,
10/10/2025 09:45:00,000,11,02079368,10/10/2025 09:45:00,000,11,6302,
10/10/2025 10:00:00,000,11,24160264,10/10/2025 10:00:00,000,12,2954,
10/10/2025 10:15:00,000,11,59343982,10/10/2025 10:15:00,000,12,2954,
10/10/2025 10:30:00,000,11,63069286,10/10/2025 10:30:00,000,12,2954,
10/10/2025 10:45:00,000,11,69435363,10/10/2025 10:45:00,000,12,2954,
10/10/2025 11:00:00,000,12,18189186,10/10/2025 11:00:00,000,13,1068,
10/10/2025 11:15:00,000,11,97690149,10/10/2025 11:15:00,000,13,1068,
10/10/2025 11:30:00,000,12,41755813,10/10/2025 11:30:00,000,13,1068,
10/10/2025 11:45:00,000,12,47811626,10/10/2025 11:45:00,000,13,1068,
10/10/2025 12:00:00,000,12,50799063,10/10/2025 12:00:00,000,13,1102,
10/10/2025 12:15:00,000,12,48700708,10/10/2025 12:15:00,000,13,1102,
10/10/2025 12:30:00,000,12,77582705,10/10/2025 12:30:00,000,13,1102,
10/10/2025 12:45:00,000,12,34720597,10/10/2025 12:45:00,000,13,1102,
10/10/2025 13:00:00,000,12,38240096,10/10/2025 13:00:00,000,13,609,
10/10/2025 13:15:00,000,12,07180375,10/10/2025 13:15:00,000,13,609,
10/10/2025 13:30:00,000,11,91082373,10/10/2025 13:30:00,000,13,609,
10/10/2025 13:45:00,000,12,1333649,10/10/2025 13:45:00,000,13,609,
10/10/2025 14:00:00,000,12,11689694,10/10/2025 14:00:00,000,13,9633,
10/10/2025 14:15:00,000,12,4123061,10/10/2025 14:15:00,000,13,9633,
10/10/2025 14:30:00,000,12,3753686,10/10/2025 14:30:00,000,13,9633,
10/10/2025 14:45:00,000,12,51515791,10/10/2025 14:45:00,000,13,9633,
10/10/2025 15:00:00,000,12,68995553,10/10/2025 15:00:00,000,14,0242,
10/10/2025 15:15:00,000,13,01999094,10/10/2025 15:15:00,000,14,0242,
10/10/2025 15:30:00,000,12,52651738,10/10/2025 15:30:00,000,14,0242,
10/10/2025 15:45:00,000,12,83659357,10/10/2025 15:45:00,000,14,0242,
10/10/2025 16:00:00,000,12,6189145,10/10/2025 16:00:00,000,13,3137,
10/10/2025 16:15:00,000,12,64483231,10/10/2025 16:15:00,000,13,3137,
10/10/2025 16:30:00,000,12,79985552,10/10/2025 16:30:00,000,13,3137,
10/10/2025 16:45:00,000,12,73809876,10/10/2025 16:45:00,000,13,3137,
10/10/2025 17:00:00,000,12,47284194,10/10/2025 17:00:00,000,12,9595,
10/10/2025 17:15:00,000,12,88934262,10/10/2025 17:15:00,000,12,9595,
10/10/2025 17:30:00,000,12,85596519,10/10/2025 17:30:00,000,12,9595,
10/10/2025 17:45:00,000,12,65288658,10/10/2025 17:45:00,000,12,9595,
10/10/2025 18:00:00,000,12,56448781,10/10/2025 18:00:00,000,12,4404,
10/10/2025 18:15:00,000,12,47587156,10/10/2025 18:15:00,000,12,4404,
10/10/2025 18:30:00,000,13,03398054,10/10/2025 18:30:00,000,12,4404,
10/10/2025 18:45:00,000,12,65785028,10/10/2025 18:45:00,000,12,4404,
10/10/2025 19:00:00,000,12,5794602,10/10/2025 19:00:00,000,12,003,
10/10/2025 19:15:00,000,12,75036768,10/10/2025 19:15:00,000,12,003,
10/10/2025 19:30:00,000,12,39869359,10/10/2025 19:30:00,000,12,003,
10/10/2025 19:45:00,000,12,44350042,10/10/2025 19:45:00,000,12,003,
10/10/2025 20:00:00,000,12,35653153,10/10/2025 20:00:00,000,11,6269,
10/10/2025 20:15:00,000,12,47050193,10/10/2025 20:15:00,000,11,6269,
10/10/2025 20:30:00,000,12,20042405,10/10/2025 20:30:00,000,11,6269,
10/10/2025 20:45:00,000,12,01486412,10/10/2025 20:45:00,000,11,6269,
10/10/2025 21:00:00,000,11,84814568,10/10/2025 21:00:00,000,11,3833,
10/10/2025 21:15:00,000,11,66311369,10/10/2025 21:15:00,000,11,3833,
10/10/2025 21:30:00,000,11,60702784,10/10/2025 21:30:00,000,11,3833,
10/10/2025 21:45:00,000,11,70318437,10/10/2025 21:45:00,000,11,3833,
10/10/2025 22:00:00,000,11,59976059,10/10/2025 22:00:00,000,11,27,
10/10/2025 22:15:00,000,11,46395966,10/10/2025 22:15:00,000,11,27,
10/10/2025 22:30:00,000,11,35635422,10/10/2025 22:30:00,000,11,27,
10/10/2025 22:45:00,000,11,30341788,10/10/2025 22:45:00,000,11,27,
10/10/2025 23:00:00,000,11,24995152,10/10/2025 23:00:00,000,11,5908,
10/10/2025 23:15:00,000,11,02501629,10/10/2025 23:15:00,000,11,5908,
10/10/2025 23:30:00,000,10,7256187,10/10/2025 23:30:00,000,11,5908,
10/10/2025 23:45:00,000,10,72345114,10/10/2025 23:45:00,000,11,5908,
11/10/2025 00:00:00,000,10,88833227,11/10/2025 00:00:00,000,11,5537,
11/10/2025 00:15:00,000,10,91267771,11/10/2025 00:15:00,000,11,5537,
11/10/2025 00:30:00,000,10,61340736,11/10/2025 00:30:00,000,11,5537,
11/10/2025 00:45:00,000,10,95420552,11/10/2025 00:45:00,000,11,5537,
11/10/2025 01:00:00,000,10,81353072,11/10/2025 01:00:00,000,11,5063,
11/10/2025 01:15:00,000,10,80121779,11/10/2025 01:15:00,000,11,5063,
11/10/2025 01:30:00,000,11,17127791,11/10/2025 01:30:00,000,11,5063,
11/10/2025 01:45:00,000,10,94109649,11/10/2025 01:45:00,000,11,5063,
11/10/2025 02:00:00,000,10,98692385,11/10/2025 02:00:00,000,11,2329,
11/10/2025 02:15:00,000,10,99244417,11/10/2025 02:15:00,000,11,2329,
11/10/2025 02:30:00,000,10,99922769,11/10/2025 02:30:00,000,11,2329,
11/10/2025 02:45:00,000,10,84534614,11/10/2025 02:45:00,000,11,2329,
11/10/2025 03:00:00,000,10,80760011,11/10/2025 03:00:00,000,11,2261,
11/10/2025 03:15:00,000,10,89686416,11/10/2025 03:15:00,000,11,2261,
11/10/2025 03:30:00,000,10,98528003,11/10/2025 03:30:00,000,11,2261,
11/10/2025 03:45:00,000,10,92388054,11/10/2025 03:45:00,000,11,2261,
11/10/2025 04:00:00,000,10,82641489,11/10/2025 04:00:00,000,11,7777,
11/10/2025 04:15:00,000,10,5087746,11/10/2025 04:15:00,000,11,7777,
11/10/2025 04:30:00,000,10,83404196,11/10/2025 04:30:00,000,11,7777,
11/10/2025 04:45:00,000,10,49790265,11/10/2025 04:45:00,000,11,7777,
11/10/2025 05:00:00,000,10,45879191,11/10/2025 05:00:00,000,11,7566,
11/10/2025 05:15:00,000,10,54531972,11/10/2025 05:15:00,000,11,7566,
11/10/2025 05:30:00,000,10,56815135,11/10/2025 05:30:00,000,11,7566,
11/10/2025 05:45:00,000,10,71756635,11/10/2025 05:45:00,000,11,7566,
11/10/2025 06:00:00,000,10,56050648,11/10/2025 06:00:00,000,11,5738,
11/10/2025 06:15:00,000,10,42707698,11/10/2025 06:15:00,000,11,5738,
11/10/2025 06:30:00,000,10,49932968,11/10/2025 06:30:00,000,11,5738,
11/10/2025 06:45:00,000,10,37590058,11/10/2025 06:45:00,000,11,5738,
11/10/2025 07:00:00,000,10,16876294,11/10/2025 07:00:00,000,11,6099,
11/10/2025 07:15:00,000,10,40178206,11/10/2025 07:15:00,000,11,6099,
11/10/2025 07:30:00,000,10,44108693,11/10/2025 07:30:00,000,11,6099,
11/10/2025 07:45:00,000,10,23390245,11/10/2025 07:45:00,000,11,6099,
11/10/2025 08:00:00,000,10,5165054,11/10/2025 08:00:00,000,11,8876,
11/10/2025 08:15:00,000,10,49074184,11/10/2025 08:15:00,000,11,8876,
11/10/2025 08:30:00,000,10,54384739,11/10/2025 08:30:00,000,11,8876,
11/10/2025 08:45:00,000,10,7785089,11/10/2025 08:45:00,000,11,8876,
11/10/2025 09:00:00,000,10,73964794,11/10/2025 09:00:00,000,12,1943,
11/10/2025 09:15:00,000,10,83868199,11/10/2025 09:15:00,000,12,1943,
11/10/2025 09:30:00,000,10,76470183,11/10/2025 09:30:00,000,12,1943,
11/10/2025 09:45:00,000,11,04609174,11/10/2025 09:45:00,000,12,1943,
11/10/2025 10:00:00,000,11,01396878,11/10/2025 10:00:00,000,12,4512,
11/10/2025 10:15:00,000,11,14400437,11/10/2025 10:15:00,000,12,4512,
11/10/2025 10:30:00,000,11,55272494,11/10/2025 10:30:00,000,12,4512,
11/10/2025 10:45:00,000,11,52162819,11/10/2025 10:45:00,000,12,4512,
11/10/2025 11:00:00,000,11,98672546,11/10/2025 11:00:00,000,13,2769,
11/10/2025 11:15:00,000,12,10501189,11/10/2025 11:15:00,000,13,2769,
11/10/2025 11:30:00,000,12,4120458,11/10/2025 11:30:00,000,13,2769,
11/10/2025 11:45:00,000,13,27746669,11/10/2025 11:45:00,000,13,2769,
11/10/2025 12:00:00,000,13,14163669,11/10/2025 12:00:00,000,14,0586,
11/10/2025 12:15:00,000,13,71799114,11/10/2025 12:15:00,000,14,0586,
11/10/2025 12:30:00,000,13,41172668,11/10/2025 12:30:00,000,14,0586,
11/10/2025 12:45:00,000,13,73379782,11/10/2025 12:45:00,000,14,0586,
11/10/2025 13:00:00,000,13,82680308,11/10/2025 13:00:00,000,14,6889,
11/10/2025 13:15:00,000,13,95981624,11/10/2025 13:15:00,000,14,6889,
11/10/2025 13:30:00,000,13,98066353,11/10/2025 13:30:00,000,14,6889,
11/10/2025 13:45:00,000,13,58836113,11/10/2025 13:45:00,000,14,6889,
11/10/2025 14:00:00,000,13,7842864,11/10/2025 14:00:00,000,14,4646,
11/10/2025 14:15:00,000,13,54035417,11/10/2025 14:15:00,000,14,4646,
11/10/2025 14:30:00,000,13,46340494,11/10/2025 14:30:00,000,14,4646,
11/10/2025 14:45:00,000,13,53734178,11/10/2025 14:45:00,000,14,4646,
11/10/2025 15:00:00,000,13,82448461,11/10/2025 15:00:00,000,14,7812,
11/10/2025 15:15:00,000,13,76044341,11/10/2025 15:15:00,000,14,7812,
11/10/2025 15:30:00,000,13,96276913,11/10/2025 15:30:00,000,14,7812,
11/10/2025 15:45:00,000,14,36852815,11/10/2025 15:45:00,000,14,7812,
11/10/2025 16:00:00,000,13,9489715,11/10/2025 16:00:00,000,13,9832,
11/10/2025 16:15:00,000,14,50203571,11/10/2025 16:15:00,000,13,9832,
11/10/2025 16:30:00,000,14,44562379,11/10/2025 16:30:00,000,13,9832,
11/10/2025 16:45:00,000,14,01746074,11/10/2025 16:45:00,000,13,9832,
11/10/2025 17:00:00,000,14,02662731,11/10/2025 17:00:00,000,13,8787,
11/10/2025 17:15:00,000,13,71753888,11/10/2025 17:15:00,000,13,8787,
11/10/2025 17:30:00,000,13,54065393,11/10/2025 17:30:00,000,13,8787,
11/10/2025 17:45:00,000,14,14069805,11/10/2025 17:45:00,000,13,8787,
11/10/2025 18:00:00,000,13,7467801,11/10/2025 18:00:00,000,13,3907,
11/10/2025 18:15:00,000,13,6621779,11/10/2025 18:15:00,000,13,3907,
11/10/2025 18:30:00,000,14,15855089,11/10/2025 18:30:00,000,13,3907,
11/10/2025 18:45:00,000,13,64086122,11/10/2025 18:45:00,000,13,3907,
11/10/2025 19:00:00,000,13,70789687,11/10/2025 19:00:00,000,13,2577,
11/10/2025 19:15:00,000,13,25451102,11/10/2025 19:15:00,000,13,2577,
11/10/2025 19:30:00,000,13,35888049,11/10/2025 19:30:00,000,13,2577,
11/10/2025 19:45:00,000,12,81421803,11/10/2025 19:45:00,000,13,2577,
11/10/2025 20:00:00,000,12,62544032,11/10/2025 20:00:00,000,12,6824,
11/10/2025 20:15:00,000,12,48284822,11/10/2025 20:15:00,000,12,6824,
11/10/2025 20:30:00,000,12,61142734,11/10/2025 20:30:00,000,12,6824,
11/10/2025 20:45:00,000,12,2666697,11/10/2025 20:45:00,000,12,6824,
11/10/2025 21:00:00,000,12,12114466,11/10/2025 21:00:00,000,12,5065,
11/10/2025 21:15:00,000,12,0547063,11/10/2025 21:15:00,000,12,5065,
11/10/2025 21:30:00,000,11,71328894,11/10/2025 21:30:00,000,12,5065,
11/10/2025 21:45:00,000,11,50986796,11/10/2025 21:45:00,000,12,5065,
11/10/2025 22:00:00,000,11,68445931,11/10/2025 22:00:00,000,12,7702,
11/10/2025 22:15:00,000,11,3182818,11/10/2025 22:15:00,000,12,7702,
11/10/2025 22:30:00,000,11,44966965,11/10/2025 22:30:00,000,12,7702,
11/10/2025 22:45:00,000,11,00945984,11/10/2025 22:45:00,000,12,7702,
11/10/2025 23:00:00,000,10,88081423,11/10/2025 23:00:00,000,12,5177,
11/10/2025 23:15:00,000,10,84434741,11/10/2025 23:15:00,000,12,5177,
11/10/2025 23:30:00,000,10,56370155,11/10/2025 23:30:00,000,12,5177,
11/10/2025 23:45:00,000,10,61044498,11/10/2025 23:45:00,000,12,5177,
12/10/2025 00:00:00,000,10,59022149,12/10/2025 00:00:00,000,12,447,
12/10/2025 00:15:00,000,10,84895493,12/10/2025 00:15:00,000,12,447,
12/10/2025 00:30:00,000,10,49923873,12/10/2025 00:30:00,000,12,447,
12/10/2025 00:45:00,000,10,85224463,12/10/2025 00:45:00,000,12,447,
12/10/2025 01:00:00,000,10,86046632,12/10/2025 01:00:00,000,12,1121,
12/10/2025 01:15:00,000,10,55662858,12/10/2025 01:15:00,000,12,1121,
12/10/2025 01:30:00,000,11,00392878,12/10/2025 01:30:00,000,12,1121,
12/10/2025 01:45:00,000,10,73483332,12/10/2025 01:45:00,000,12,1121,
12/10/2025 02:00:00,000,10,89018086,12/10/2025 02:00:00,000,11,8894,
12/10/2025 02:15:00,000,10,95528507,12/10/2025 02:15:00,000,11,8894,
12/10/2025 02:30:00,000,10,75583081,12/10/2025 02:30:00,000,11,8894,
12/10/2025 02:45:00,000,10,79022109,12/10/2025 02:45:00,000,11,8894,
12/10/2025 03:00:00,000,10,56769217,12/10/2025 03:00:00,000,11,7011,
12/10/2025 03:15:00,000,10,06852479,12/10/2025 03:15:00,000,11,7011,
12/10/2025 03:30:00,000,9,967341924,12/10/2025 03:30:00,000,11,7011,
12/10/2025 03:45:00,000,9,929044527,12/10/2025 03:45:00,000,11,7011,
12/10/2025 04:00:00,000,9,451350243,12/10/2025 04:00:00,000,11,9749,
12/10/2025 04:15:00,000,9,610508332,12/10/2025 04:15:00,000,11,9749,
12/10/2025 04:30:00,000,9,497608288,12/10/2025 04:30:00,000,11,9749,
12/10/2025 04:45:00,000,9,25343021,12/10/2025 04:45:00,000,11,9749,
12/10/2025 05:00:00,000,9,018952539,12/10/2025 05:00:00,000,11,7144,
12/10/2025 05:15:00,000,9,021942174,12/10/2025 05:15:00,000,11,7144,
12/10/2025 05:30:00,000,8,844204294,12/10/2025 05:30:00,000,11,7144,
12/10/2025 05:45:00,000,9,177375219,12/10/2025 05:45:00,000,11,7144,
12/10/2025 06:00:00,000,9,061207771,12/10/2025 06:00:00,000,11,2878,
12/10/2025 06:15:00,000,8,996083335,12/10/2025 06:15:00,000,11,2878,
12/10/2025 06:30:00,000,8,613200326,12/10/2025 06:30:00,000,11,2878,
12/10/2025 06:45:00,000,8,573218936,12/10/2025 06:45:00,000,11,2878,
12/10/2025 07:00:00,000,8,466245557,12/10/2025 07:00:00,000,11,3394,
12/10/2025 07:15:00,000,8,569930389,12/10/2025 07:15:00,000,11,3394,
12/10/2025 07:30:00,000,8,535592334,12/10/2025 07:30:00,000,11,3394,
12/10/2025 07:45:00,000,8,755279576,12/10/2025 07:45:00,000,11,3394,
12/10/2025 08:00:00,000,8,993643304,12/10/2025 08:00:00,000,11,7107,
12/10/2025 08:15:00,000,9,587825272,12/10/2025 08:15:00,000,11,7107,
12/10/2025 08:30:00,000,9,90740682,12/10/2025 08:30:00,000,11,7107,
12/10/2025 08:45:00,000,10,31270347,12/10/2025 08:45:00,000,11,7107,
12/10/2025 09:00:00,000,10,69207288,12/10/2025 09:00:00,000,12,1528,
12/10/2025 09:15:00,000,11,05023157,12/10/2025 09:15:00,000,12,1528,
12/10/2025 09:30:00,000,11,52509031,12/10/2025 09:30:00,000,12,1528,
12/10/2025 09:45:00,000,11,75627715,12/10/2025 09:45:00,000,12,1528,
12/10/2025 10:00:00,000,12,4739749,12/10/2025 10:00:00,000,13,0025,
12/10/2025 10:15:00,000,12,64773948,12/10/2025 10:15:00,000,13,0025,
12/10/2025 10:30:00,000,12,95405487,12/10/2025 10:30:00,000,13,0025,
12/10/2025 10:45:00,000,13,4593147,12/10/2025 10:45:00,000,13,0025,
12/10/2025 11:00:00,000,14,02257947,12/10/2025 11:00:00,000,13,7379,
12/10/2025 11:15:00,000,14,11158517,12/10/2025 11:15:00,000,13,7379,
12/10/2025 11:30:00,000,14,59546583,12/10/2025 11:30:00,000,13,7379,
12/10/2025 11:45:00,000,14,830103,12/10/2025 11:45:00,000,13,7379,
12/10/2025 12:00:00,000,14,63398229,12/10/2025 12:00:00,000,14,184,
12/10/2025 12:15:00,000,15,19311513,12/10/2025 12:15:00,000,14,184,
12/10/2025 12:30:00,000,14,96468162,12/10/2025 12:30:00,000,14,184,
12/10/2025 12:45:00,000,15,38607635,12/10/2025 12:45:00,000,14,184,
12/10/2025 13:00:00,000,15,63358191,12/10/2025 13:00:00,000,14,8416,
12/10/2025 13:15:00,000,15,7821598,12/10/2025 13:15:00,000,14,8416,
12/10/2025 13:30:00,000,15,68405184,12/10/2025 13:30:00,000,14,8416,
12/10/2025 13:45:00,000,16,03791045,12/10/2025 13:45:00,000,14,8416,
12/10/2025 14:00:00,000,15,70016655,12/10/2025 14:00:00,000,14,6609,
12/10/2025 14:15:00,000,15,59494227,12/10/2025 14:15:00,000,14,6609,
12/10/2025 14:30:00,000,15,62578202,12/10/2025 14:30:00,000,14,6609,
12/10/2025 14:45:00,000,16,33523383,12/10/2025 14:45:00,000,14,6609,
12/10/2025 15:00:00,000,16,10514518,12/10/2025 15:00:00,000,15,0404,
12/10/2025 15:15:00,000,16,45327767,12/10/2025 15:15:00,000,15,0404,
12/10/2025 15:30:00,000,16,47349151,12/10/2025 15:30:00,000,15,0404,
12/10/2025 15:45:00,000,16,11913626,12/10/2025 15:45:00,000,15,0404,
12/10/2025 16:00:00,000,16,3784396,12/10/2025 16:00:00,000,14,2609,
12/10/2025 16:15:00,000,16,35966823,12/10/2025 16:15:00,000,14,2609,
12/10/2025 16:30:00,000,16,05051921,12/10/2025 16:30:00,000,14,2609,
12/10/2025 16:45:00,000,16,0283308,12/10/2025 16:45:00,000,14,2609,
12/10/2025 17:00:00,000,15,64559523,12/10/2025 17:00:00,000,13,2188,
12/10/2025 17:15:00,000,14,99573174,12/10/2025 17:15:00,000,13,2188,
12/10/2025 17:30:00,000,14,07641594,12/10/2025 17:30:00,000,13,2188,
12/10/2025 17:45:00,000,13,34138788,12/10/2025 17:45:00,000,13,2188,
12/10/2025 18:00:00,000,13,01309632,12/10/2025 18:00:00,000,12,6059,
12/10/2025 18:15:00,000,12,71743354,12/10/2025 18:15:00,000,12,6059,
12/10/2025 18:30:00,000,12,37749662,12/10/2025 18:30:00,000,12,6059,
12/10/2025 18:45:00,000,12,0760016,12/10/2025 18:45:00,000,12,6059,
12/10/2025 19:00:00,000,11,92412092,12/10/2025 19:00:00,000,12,5302,
12/10/2025 19:15:00,000,11,78288605,12/10/2025 19:15:00,000,12,5302,
12/10/2025 19:30:00,000,12,124785,12/10/2025 19:30:00,000,12,5302,
12/10/2025 19:45:00,000,11,63061762,12/10/2025 19:45:00,000,12,5302,
12/10/2025 20:00:00,000,11,80854013,12/10/2025 20:00:00,000,12,2843,
12/10/2025 20:15:00,000,11,56214923,12/10/2025 20:15:00,000,12,2843,
12/10/2025 20:30:00,000,11,66577298,12/10/2025 20:30:00,000,12,2843,
12/10/2025 20:45:00,000,11,60896558,12/10/2025 20:45:00,000,12,2843,
12/10/2025 21:00:00,000,11,40565854,12/10/2025 21:00:00,000,12,0877,
12/10/2025 21:15:00,000,11,39226897,12/10/2025 21:15:00,000,12,0877,
12/10/2025 21:30:00,000,11,2424818,12/10/2025 21:30:00,000,12,0877,
12/10/2025 21:45:00,000,10,95712943,12/10/2025 21:45:00,000,12,0877,
12/10/2025 22:00:00,000,10,81195264,12/10/2025 22:00:00,000,12,0637,
12/10/2025 22:15:00,000,10,67803153,12/10/2025 22:15:00,000,12,0637,
12/10/2025 22:30:00,000,10,67593919,12/10/2025 22:30:00,000,12,0637,
12/10/2025 22:45:00,000,10,54136931,12/10/2025 22:45:00,000,12,0637,
12/10/2025 23:00:00,000,10,68772681,12/10/2025 23:00:00,000,11,6414,
12/10/2025 23:15:00,000,10,46406859,12/10/2025 23:15:00,000,11,6414,
12/10/2025 23:30:00,000,10,54683349,12/10/2025 23:30:00,000,11,6414,
12/10/2025 23:45:00,000,10,48479562,12/10/2025 23:45:00,000,11,6414,
13/10/2025 00:00:00,000,10,22519987,13/10/2025 00:00:00,000,11,3292,
13/10/2025 00:15:00,000,10,15324422,13/10/2025 00:15:00,000,11,3292,
13/10/2025 00:30:00,000,10,19829329,13/10/2025 00:30:00,000,11,3292,
13/10/2025 00:45:00,000,10,28938749,13/10/2025 00:45:00,000,11,3292,
13/10/2025 01:00:00,000,9,954924821,13/10/2025 01:00:00,000,11,0846,
13/10/2025 01:15:00,000,10,1687294,13/10/2025 01:15:00,000,11,0846,
13/10/2025 01:30:00,000,10,07203627,13/10/2025 01:30:00,000,11,0846,
13/10/2025 01:45:00,000,9,932212171,13/10/2025 01:45:00,000,11,0846,
13/10/2025 02:00:00,000,9,952087053,13/10/2025 02:00:00,000,10,8013,
13/10/2025 02:15:00,000,9,892546138,13/10/2025 02:15:00,000,10,8013,
13/10/2025 02:30:00,000,10,0881898,13/10/2025 02:30:00,000,10,8013,
13/10/2025 02:45:00,000,10,19288291,13/10/2025 02:45:00,000,10,8013,
13/10/2025 03:00:00,000,10,11057772,13/10/2025 03:00:00,000,10,4392,
13/10/2025 03:15:00,000,10,27634328,13/10/2025 03:15:00,000,10,4392,
13/10/2025 03:30:00,000,10,02287983,13/10/2025 03:30:00,000,10,4392,
13/10/2025 03:45:00,000,10,4407342,13/10/2025 03:45:00,000,10,4392,
13/10/2025 04:00:00,000,10,18007188,13/10/2025 04:00:00,000,10,7257,
13/10/2025 04:15:00,000,10,44315944,13/10/2025 04:15:00,000,10,7257,
13/10/2025 04:30:00,000,10,30589103,13/10/2025 04:30:00,000,10,7257,
13/10/2025 04:45:00,000,10,17487102,13/10/2025 04:45:00,000,10,7257,
13/10/2025 05:00:00,000,10,39506153,13/10/2025 05:00:00,000,10,9857,
13/10/2025 05:15:00,000,10,24555029,13/10/2025 05:15:00,000,10,9857,
13/10/2025 05:30:00,000,10,44814448,13/10/2025 05:30:00,000,10,9857,
13/10/2025 05:45:00,000,10,32798719,13/10/2025 05:45:00,000,10,9857,
13/10/2025 06:00:00,000,10,33073807,13/10/2025 06:00:00,000,10,7141,
13/10/2025 06:15:00,000,10,31834234,13/10/2025 06:15:00,000,10,7141,
13/10/2025 06:30:00,000,10,17644114,13/10/2025 06:30:00,000,10,7141,
13/10/2025 06:45:00,000,9,923729158,13/10/2025 06:45:00,000,10,7141,
13/10/2025 07:00:00,000,9,792297306,13/10/2025 07:00:00,000,10,2536,
13/10/2025 07:15:00,000,9,852495897,13/10/2025 07:15:00,000,10,2536,
13/10/2025 07:30:00,000,9,60290725,13/10/2025 07:30:00,000,10,2536,
13/10/2025 07:45:00,000,9,6221154,13/10/2025 07:45:00,000,10,2536,
13/10/2025 08:00:00,000,9,743224347,13/10/2025 08:00:00,000,10,6458,
13/10/2025 08:15:00,000,9,803351771,13/10/2025 08:15:00,000,10,6458,
13/10/2025 08:30:00,000,9,594445834,13/10/2025 08:30:00,000,10,6458,
13/10/2025 08:45:00,000,9,780249684,13/10/2025 08:45:00,000,10,6458,
13/10/2025 09:00:00,000,10,07023832,13/10/2025 09:00:00,000,11,2727,
13/10/2025 09:15:00,000,10,12920095,13/10/2025 09:15:00,000,11,2727,
13/10/2025 09:30:00,000,10,28244305,13/10/2025 09:30:00,000,11,2727,
13/10/2025 09:45:00,000,10,57458232,13/10/2025 09:45:00,000,11,2727,
13/10/2025 10:00:00,000,10,5748836,13/10/2025 10:00:00,000,12,1546,
13/10/2025 10:15:00,000,10,97239637,13/10/2025 10:15:00,000,12,1546,
13/10/2025 10:30:00,000,10,92961048,13/10/2025 10:30:00,000,12,1546,
13/10/2025 10:45:00,000,11,36834806,13/10/2025 10:45:00,000,12,1546,
13/10/2025 11:00:00,000,11,47503974,13/10/2025 11:00:00,000,12,5992,
13/10/2025 11:15:00,000,11,45695252,13/10/2025 11:15:00,000,12,5992,
13/10/2025 11:30:00,000,11,86683512,13/10/2025 11:30:00,000,12,5992,
13/10/2025 11:45:00,000,11,96184529,13/10/2025 11:45:00,000,12,5992,
13/10/2025 12:00:00,000,12,22055782,13/10/2025 12:00:00,000,13,1164,
13/10/2025 12:15:00,000,12,32935672,13/10/2025 12:15:00,000,13,1164,
13/10/2025 12:30:00,000,12,67193221,13/10/2025 12:30:00,000,13,1164,
13/10/2025 12:45:00,000,13,05289812,13/10/2025 12:45:00,000,13,1164,
13/10/2025 13:00:00,000,13,07962237,13/10/2025 13:00:00,000,13,7918,
13/10/2025 13:15:00,000,13,350551,13/10/2025 13:15:00,000,13,7918,
13/10/2025 13:30:00,000,13,18978134,13/10/2025 13:30:00,000,13,7918,
13/10/2025 13:45:00,000,13,30785921,13/10/2025 13:45:00,000,13,7918,
13/10/2025 14:00:00,000,13,7388851,13/10/2025 14:00:00,000,13,6615,
13/10/2025 14:15:00,000,13,79029661,13/10/2025 14:15:00,000,13,6615,
13/10/2025 14:30:00,000,13,82804892,13/10/2025 14:30:00,000,13,6615,
13/10/2025 14:45:00,000,13,85037803,13/10/2025 14:45:00,000,13,6615,
13/10/2025 15:00:00,000,14,14772834,13/10/2025 15:00:00,000,14,3034,
13/10/2025 15:15:00,000,13,86055038,13/10/2025 15:15:00,000,14,3034,
13/10/2025 15:30:00,000,14,03662701,13/10/2025 15:30:00,000,14,3034,
13/10/2025 15:45:00,000,14,08486912,13/10/2025 15:45:00,000,14,3034,
13/10/2025 16:00:00,000,14,15859339,13/10/2025 16:00:00,000,14,0883,
13/10/2025 16:15:00,000,13,78007416,13/10/2025 16:15:00,000,14,0883,
13/10/2025 16:30:00,000,13,78317628,13/10/2025 16:30:00,000,14,0883,
13/10/2025 16:45:00,000,13,04000865,13/10/2025 16:45:00,000,14,0883,
13/10/2025 17:00:00,000,13,04112669,13/10/2025 17:00:00,000,12,5417,
13/10/2025 17:15:00,000,12,27953394,13/10/2025 17:15:00,000,12,5417,
13/10/2025 17:30:00,000,11,77375647,13/10/2025 17:30:00,000,12,5417,
13/10/2025 17:45:00,000,11,54686715,13/10/2025 17:45:00,000,12,5417,
13/10/2025 18:00:00,000,11,00877391,13/10/2025 18:00:00,000,10,9294,
13/10/2025 18:15:00,000,10,45942787,13/10/2025 18:15:00,000,10,9294,
13/10/2025 18:30:00,000,10,11506248,13/10/2025 18:30:00,000,10,9294,
13/10/2025 18:45:00,000,10,06493028,13/10/2025 18:45:00,000,10,9294,
13/10/2025 19:00:00,000,9,782061155,13/10/2025 19:00:00,000,9,2402,
13/10/2025 19:15:00,000,9,541364926,13/10/2025 19:15:00,000,9,2402,
13/10/2025 19:30:00,000,9,827238995,13/10/2025 19:30:00,000,9,2402,
13/10/2025 19:45:00,000,9,67859554,13/10/2025 19:45:00,000,9,2402,
13/10/2025 20:00:00,000,9,505109748,13/10/2025 20:00:00,000,8,4244,
13/10/2025 20:15:00,000,9,535856618,13/10/2025 20:15:00,000,8,4244,
13/10/2025 20:30:00,000,9,389870027,13/10/2025 20:30:00,000,8,4244,
13/10/2025 20:45:00,000,9,494175866,13/10/2025 20:45:00,000,8,4244,
13/10/2025 21:00:00,000,9,206722712,13/10/2025 21:00:00,000,7,2051,
13/10/2025 21:15:00,000,9,167841036,13/10/2025 21:15:00,000,7,2051,
13/10/2025 21:30:00,000,9,017199373,13/10/2025 21:30:00,000,7,2051,
13/10/2025 21:45:00,000,9,066799941,13/10/2025 21:45:00,000,7,2051,
13/10/2025 22:00:00,000,8,721286412,13/10/2025 22:00:00,000,5,8959,
13/10/2025 22:15:00,000,8,610532874,13/10/2025 22:15:00,000,5,8959,
13/10/2025 22:30:00,000,8,287534676,13/10/2025 22:30:00,000,5,8959,
13/10/2025 22:45:00,000,8,093727302,13/10/2025 22:45:00,000,5,8959,
13/10/2025 23:00:00,000,8,026173269,13/10/2025 23:00:00,000,5,4051,
13/10/2025 23:15:00,000,7,772972632,13/10/2025 23:15:00,000,5,4051,
13/10/2025 23:30:00,000,7,718024168,13/10/2025 23:30:00,000,5,4051,
13/10/2025 23:45:00,000,7,430790066,13/10/2025 23:45:00,000,5,4051,
14/10/2025 00:00:00,000,7,453398478,14/10/2025 00:00:00,000,4,8205,
14/10/2025 00:15:00,000,7,248026036,14/10/2025 00:15:00,000,4,8205,
14/10/2025 00:30:00,000,7,156392046,14/10/2025 00:30:00,000,4,8205,
14/10/2025 00:45:00,000,7,025210804,14/10/2025 00:45:00,000,4,8205,
14/10/2025 01:00:00,000,6,895213823,14/10/2025 01:00:00,000,4,4426,
14/10/2025 01:15:00,000,6,66274447,14/10/2025 01:15:00,000,4,4426,
14/10/2025 01:30:00,000,6,616735813,14/10/2025 01:30:00,000,4,4426,
14/10/2025 01:45:00,000,6,651225534,14/10/2025 01:45:00,000,4,4426,
14/10/2025 02:00:00,000,6,435336644,14/10/2025 02:00:00,000,4,1162,
14/10/2025 02:15:00,000,6,542985813,14/10/2025 02:15:00,000,4,1162,
14/10/2025 02:30:00,000,6,49128723,14/10/2025 02:30:00,000,4,1162,
14/10/2025 02:45:00,000,6,234965397,14/10/2025 02:45:00,000,4,1162,
14/10/2025 03:00:00,000,6,206086713,14/10/2025 03:00:00,000,3,71,
14/10/2025 03:15:00,000,6,054954428,14/10/2025 03:15:00,000,3,71,
14/10/2025 03:30:00,000,5,999701703,14/10/2025 03:30:00,000,3,71,
14/10/2025 03:45:00,000,5,840619728,14/10/2025 03:45:00,000,3,71,
14/10/2025 04:00:00,000,5,741370356,14/10/2025 04:00:00,000,3,5731,
14/10/2025 04:15:00,000,5,733324607,14/10/2025 04:15:00,000,3,5731,
14/10/2025 04:30:00,000,5,648645885,14/10/2025 04:30:00,000,3,5731,
14/10/2025 04:45:00,000,5,652918237,14/10/2025 04:45:00,000,3,5731,
14/10/2025 05:00:00,000,5,718809959,14/10/2025 05:00:00,000,3,1755,
14/10/2025 05:15:00,000,5,650410911,14/10/2025 05:15:00,000,3,1755,
14/10/2025 05:30:00,000,5,777012858,14/10/2025 05:30:00,000,3,1755,
14/10/2025 05:45:00,000,5,502820899,14/10/2025 05:45:00,000,3,1755,
14/10/2025 06:00:00,000,5,446021788,14/10/2025 06:00:00,000,2,8083,
14/10/2025 06:15:00,000,5,259636726,14/10/2025 06:15:00,000,2,8083,
14/10/2025 06:30:00,000,5,363247311,14/10/2025 06:30:00,000,2,8083,
14/10/2025 06:45:00,000,5,283019337,14/10/2025 06:45:00,000,2,8083,
14/10/2025 07:00:00,000,5,287962683,14/10/2025 07:00:00,000,2,8719,
14/10/2025 07:15:00,000,5,386586774,14/10/2025 07:15:00,000,2,8719,
14/10/2025 07:30:00,000,5,731599204,14/10/2025 07:30:00,000,2,8719,
14/10/2025 07:45:00,000,6,054658244,14/10/2025 07:45:00,000,2,8719,
14/10/2025 08:00:00,000,6,246448345,14/10/2025 08:00:00,000,4,5101,
14/10/2025 08:15:00,000,6,622839954,14/10/2025 08:15:00,000,4,5101,
14/10/2025 08:30:00,000,7,130482411,14/10/2025 08:30:00,000,4,5101,
14/10/2025 08:45:00,000,7,369213138,14/10/2025 08:45:00,000,4,5101,
14/10/2025 09:00:00,000,7,774173684,14/10/2025 09:00:00,000,6,8576,
14/10/2025 09:15:00,000,8,169448721,14/10/2025 09:15:00,000,6,8576,
14/10/2025 09:30:00,000,8,213982982,14/10/2025 09:30:00,000,6,8576,
14/10/2025 09:45:00,000,8,856966671,14/10/2025 09:45:00,000,6,8576,
14/10/2025 10:00:00,000,9,059057653,14/10/2025 10:00:00,000,8,9601,
14/10/2025 10:15:00,000,9,484736882,14/10/2025 10:15:00,000,8,9601,
14/10/2025 10:30:00,000,9,899987755,14/10/2025 10:30:00,000,8,9601,
14/10/2025 10:45:00,000,10,16026794,14/10/2025 10:45:00,000,8,9601,
14/10/2025 11:00:00,000,10,41010659,14/10/2025 11:00:00,000,10,4961,
14/10/2025 11:15:00,000,10,41275191,14/10/2025 11:15:00,000,10,4961,
14/10/2025 11:30:00,000,10,94097718,14/10/2025 11:30:00,000,10,4961,
14/10/2025 11:45:00,000,11,12101809,14/10/2025 11:45:00,000,10,4961,
14/10/2025 12:00:00,000,11,30974306,14/10/2025 12:00:00,000,11,4914,
14/10/2025 12:15:00,000,11,19830178,14/10/2025 12:15:00,000,11,4914,
14/10/2025 12:30:00,000,11,34782334,14/10/2025 12:30:00,000,11,4914,
14/10/2025 12:45:00,000,11,61588878,14/10/2025 12:45:00,000,11,4914,
14/10/2025 13:00:00,000,11,9648567,14/10/2025 13:00:00,000,12,3581,
14/10/2025 13:15:00,000,11,91542853,14/10/2025 13:15:00,000,12,3581,
14/10/2025 13:30:00,000,12,11470857,14/10/2025 13:30:00,000,12,3581,
14/10/2025 13:45:00,000,11,84568882,14/10/2025 13:45:00,000,12,3581,
14/10/2025 14:00:00,000,11,64355861,14/10/2025 14:00:00,000,12,4044,
14/10/2025 14:15:00,000,11,59945922,14/10/2025 14:15:00,000,12,4044,
14/10/2025 14:30:00,000,11,8305489,14/10/2025 14:30:00,000,12,4044,
14/10/2025 14:45:00,000,11,84221608,14/10/2025 14:45:00,000,12,4044,
14/10/2025 15:00:00,000,11,82564515,14/10/2025 15:00:00,000,11,8698,
14/10/2025 15:15:00,000,11,87127157,14/10/2025 15:15:00,000,11,8698,
14/10/2025 15:30:00,000,11,88646494,14/10/2025 15:30:00,000,11,8698,
14/10/2025 15:45:00,000,11,68965406,14/10/2025 15:45:00,000,11,8698,
14/10/2025 16:00:00,000,11,55031863,14/10/2025 16:00:00,000,11,4344,
14/10/2025 16:15:00,000,11,3832014,14/10/2025 16:15:00,000,11,4344,
14/10/2025 16:30:00,000,11,30763829,14/10/2025 16:30:00,000,11,4344,
14/10/2025 16:45:00,000,10,9755407,14/10/2025 16:45:00,000,11,4344,
14/10/2025 17:00:00,000,11,056377,14/10/2025 17:00:00,000,10,9887,
14/10/2025 17:15:00,000,10,42177031,14/10/2025 17:15:00,000,10,9887,
14/10/2025 17:30:00,000,10,33096862,14/10/2025 17:30:00,000,10,9887,
14/10/2025 17:45:00,000,9,901380119,14/10/2025 17:45:00,000,10,9887,
14/10/2025 18:00:00,000,9,676134316,14/10/2025 18:00:00,000,10,176,
14/10/2025 18:15:00,000,9,632626888,14/10/2025 18:15:00,000,10,176,
14/10/2025 18:30:00,000,9,516836939,14/10/2025 18:30:00,000,10,176,
14/10/2025 18:45:00,000,9,526378948,14/10/2025 18:45:00,000,10,176,
14/10/2025 19:00:00,000,9,650207394,14/10/2025 19:00:00,000,9,8851,
14/10/2025 19:15:00,000,9,663568086,14/10/2025 19:15:00,000,9,8851,
14/10/2025 19:30:00,000,9,434813645,14/10/2025 19:30:00,000,9,8851,
14/10/2025 19:45:00,000,9,123083304,14/10/2025 19:45:00,000,9,8851,
14/10/2025 20:00:00,000,9,036939708,14/10/2025 20:00:00,000,9,3472,
14/10/2025 20:15:00,000,9,029235975,14/10/2025 20:15:00,000,9,3472,
14/10/2025 20:30:00,000,8,837072083,14/10/2025 20:30:00,000,9,3472,
14/10/2025 20:45:00,000,8,767322597,14/10/2025 20:45:00,000,9,3472,
14/10/2025 21:00:00,000,8,701342071,14/10/2025 21:00:00,000,9,2754,
14/10/2025 21:15:00,000,8,657160094,14/10/2025 21:15:00,000,9,2754,
14/10/2025 21:30:00,000,8,704081336,14/10/2025 21:30:00,000,9,2754,
14/10/2025 21:45:00,000,8,448544555,14/10/2025 21:45:00,000,9,2754,
14/10/2025 22:00:00,000,8,339241239,14/10/2025 22:00:00,000,9,0642,
14/10/2025 22:15:00,000,8,379745114,14/10/2025 22:15:00,000,9,0642,
14/10/2025 22:30:00,000,8,291675668,14/10/2025 22:30:00,000,9,0642,
14/10/2025 22:45:00,000,7,980085676,14/10/2025 22:45:00,000,9,0642,
14/10/2025 23:00:00,000,8,172403513,14/10/2025 23:00:00,000,9,3653,
14/10/2025 23:15:00,000,8,165346633,14/10/2025 23:15:00,000,9,3653,
14/10/2025 23:30:00,000,8,080435069,14/10/2025 23:30:00,000,9,3653,
14/10/2025 23:45:00,000,7,649267882,14/10/2025 23:45:00,000,9,3653,
15/10/2025 00:00:00,000,7,673608471,15/10/2025 00:00:00,000,8,9598,
15/10/2025 00:15:00,000,7,575198111,15/10/2025 00:15:00,000,8,9598,
15/10/2025 00:30:00,000,7,416713486,15/10/2025 00:30:00,000,8,9598,
15/10/2025 00:45:00,000,7,582275627,15/10/2025 00:45:00,000,8,9598,
15/10/2025 01:00:00,000,7,590960648,15/10/2025 01:00:00,000,9,0258,
15/10/2025 01:15:00,000,7,364440127,15/10/2025 01:15:00,000,9,0258,
15/10/2025 01:30:00,000,7,472927203,15/10/2025 01:30:00,000,9,0258,
15/10/2025 01:45:00,000,7,546402922,15/10/2025 01:45:00,000,9,0258,
15/10/2025 02:00:00,000,7,322637752,15/10/2025 02:00:00,000,9,2418,
15/10/2025 02:15:00,000,7,637091778,15/10/2025 02:15:00,000,9,2418,
15/10/2025 02:30:00,000,7,510843125,15/10/2025 02:30:00,000,9,2418,
15/10/2025 02:45:00,000,7,595496678,15/10/2025 02:45:00,000,9,2418,
15/10/2025 03:00:00,000,7,512142293,15/10/2025 03:00:00,000,8,7616,
15/10/2025 03:15:00,000,7,531873443,15/10/2025 03:15:00,000,8,7616,
15/10/2025 03:30:00,000,7,469977667,15/10/2025 03:30:00,000,8,7616,
15/10/2025 03:45:00,000,7,354701294,15/10/2025 03:45:00,000,8,7616,
15/10/2025 04:00:00,000,7,524970569,15/10/2025 04:00:00,000,8,5083,
15/10/2025 04:15:00,000,7,562661081,15/10/2025 04:15:00,000,8,5083,
15/10/2025 04:30:00,000,7,601283907,15/10/2025 04:30:00,000,8,5083,
15/10/2025 04:45:00,000,7,613385125,15/10/2025 04:45:00,000,8,5083,
15/10/2025 05:00:00,000,7,508002934,15/10/2025 05:00:00,000,8,7632,
15/10/2025 05:15:00,000,7,519060397,15/10/2025 05:15:00,000,8,7632,
15/10/2025 05:30:00,000,7,649508136,15/10/2025 05:30:00,000,8,7632,
15/10/2025 05:45:00,000,7,948934852,15/10/2025 05:45:00,000,8,7632,
15/10/2025 06:00:00,000,7,774499018,15/10/2025 06:00:00,000,8,4382,
15/10/2025 06:15:00,000,7,588816668,15/10/2025 06:15:00,000,8,4382,
15/10/2025 06:30:00,000,7,733198553,15/10/2025 06:30:00,000,8,4382,
15/10/2025 06:45:00,000,7,601638141,15/10/2025 06:45:00,000,8,4382,
15/10/2025 07:00:00,000,7,677575337,15/10/2025 07:00:00,000,8,4137,
15/10/2025 07:15:00,000,7,600588578,15/10/2025 07:15:00,000,8,4137,
15/10/2025 07:30:00,000,7,790263388,15/10/2025 07:30:00,000,8,4137,
15/10/2025 07:45:00,000,7,721048251,15/10/2025 07:45:00,000,8,4137,
15/10/2025 08:00:00,000,7,772197127,15/10/2025 08:00:00,000,9,3731,
15/10/2025 08:15:00,000,8,019993758,15/10/2025 08:15:00,000,9,3731,
15/10/2025 08:30:00,000,8,090536369,15/10/2025 08:30:00,000,9,3731,
15/10/2025 08:45:00,000,7,893001163,15/10/2025 08:45:00,000,9,3731,
15/10/2025 09:00:00,000,7,888108357,15/10/2025 09:00:00,000,10,3585,
15/10/2025 09:15:00,000,8,02993385,15/10/2025 09:15:00,000,10,3585,
15/10/2025 09:30:00,000,7,959265901,15/10/2025 09:30:00,000,10,3585,
15/10/2025 09:45:00,000,8,23508562,15/10/2025 09:45:00,000,10,3585,
15/10/2025 10:00:00,000,8,242438165,15/10/2025 10:00:00,000,11,1742,
15/10/2025 10:15:00,000,8,411672931,15/10/2025 10:15:00,000,11,1742,
15/10/2025 10:30:00,000,8,549576351,15/10/2025 10:30:00,000,11,1742,
15/10/2025 10:45:00,000,8,735013193,15/10/2025 10:45:00,000,11,1742,
15/10/2025 11:00:00,000,8,777313436,15/10/2025 11:00:00,000,11,802,
15/10/2025 11:15:00,000,8,792121663,15/10/2025 11:15:00,000,11,802,
15/10/2025 11:30:00,000,9,016220936,15/10/2025 11:30:00,000,11,802,
15/10/2025 11:45:00,000,9,566010007,15/10/2025 11:45:00,000,11,802,
15/10/2025 12:00:00,000,9,575820284,15/10/2025 12:00:00,000,12,1707,
15/10/2025 12:15:00,000,9,978440886,15/10/2025 12:15:00,000,12,1707,
15/10/2025 12:30:00,000,10,13896984,15/10/2025 12:30:00,000,12,1707,
15/10/2025 12:45:00,000,10,58355876,15/10/2025 12:45:00,000,12,1707,
15/10/2025 13:00:00,000,10,72446613,15/10/2025 13:00:00,000,12,6677,
15/10/2025 13:15:00,000,10,83466736,15/10/2025 13:15:00,000,12,6677,
15/10/2025 13:30:00,000,11,28072281,15/10/2025 13:30:00,000,12,6677,
15/10/2025 13:45:00,000,11,21597274,15/10/2025 13:45:00,000,12,6677,
15/10/2025 14:00:00,000,11,05831768,15/10/2025 14:00:00,000,12,9644,
15/10/2025 14:15:00,000,11,27538978,15/10/2025 14:15:00,000,12,9644,
15/10/2025 14:30:00,000,11,26168759,15/10/2025 14:30:00,000,12,9644,
15/10/2025 14:45:00,000,11,22457435,15/10/2025 14:45:00,000,12,9644,
15/10/2025 15:00:00,000,11,60677263,15/10/2025 15:00:00,000,12,9571,
15/10/2025 15:15:00,000,11,68890311,15/10/2025 15:15:00,000,12,9571,
15/10/2025 15:30:00,000,11,56825037,15/10/2025 15:30:00,000,12,9571,
15/10/2025 15:45:00,000,11,46510895,15/10/2025 15:45:00,000,12,9571,
15/10/2025 16:00:00,000,11,62525151,15/10/2025 16:00:00,000,12,4514,
15/10/2025 16:15:00,000,11,77486095,15/10/2025 16:15:00,000,12,4514,
15/10/2025 16:30:00,000,11,57917062,15/10/2025 16:30:00,000,12,4514,
15/10/2025 16:45:00,000,11,43753375,15/10/2025 16:45:00,000,12,4514,
15/10/2025 17:00:00,000,11,20307995,15/10/2025 17:00:00,000,12,2296,
15/10/2025 17:15:00,000,10,72165916,15/10/2025 17:15:00,000,12,2296,
15/10/2025 17:30:00,000,10,81230454,15/10/2025 17:30:00,000,12,2296,
15/10/2025 17:45:00,000,10,39500736,15/10/2025 17:45:00,000,12,2296,
15/10/2025 18:00:00,000,10,12922927,15/10/2025 18:00:00,000,11,5673,
15/10/2025 18:15:00,000,9,880032955,15/10/2025 18:15:00,000,11,5673,
15/10/2025 18:30:00,000,9,969622852,15/10/2025 18:30:00,000,11,5673,
15/10/2025 18:45:00,000,9,856636764,15/10/2025 18:45:00,000,11,5673,
15/10/2025 19:00:00,000,9,797716876,15/10/2025 19:00:00,000,11,0364,
15/10/2025 19:15:00,000,9,565222729,15/10/2025 19:15:00,000,11,0364,
15/10/2025 19:30:00,000,9,788769693,15/10/2025 19:30:00,000,11,0364,
15/10/2025 19:45:00,000,9,634643395,15/10/2025 19:45:00,000,11,0364,
15/10/2025 20:00:00,000,9,460798219,15/10/2025 20:00:00,000,10,545,
15/10/2025 20:15:00,000,9,445372821,15/10/2025 20:15:00,000,10,545,
15/10/2025 20:30:00,000,9,149568351,15/10/2025 20:30:00,000,10,545,
15/10/2025 20:45:00,000,8,992747414,15/10/2025 20:45:00,000,10,545,
15/10/2025 21:00:00,000,8,990573561,15/10/2025 21:00:00,000,10,3363,
15/10/2025 21:15:00,000,8,922153897,15/10/2025 21:15:00,000,10,3363,
15/10/2025 21:30:00,000,8,822718893,15/10/2025 21:30:00,000,10,3363,
15/10/2025 21:45:00,000,8,783120099,15/10/2025 21:45:00,000,10,3363,
15/10/2025 22:00:00,000,8,982797312,15/10/2025 22:00:00,000,9,9945,
15/10/2025 22:15:00,000,8,826985627,15/10/2025 22:15:00,000,9,9945,
15/10/2025 22:30:00,000,8,87570584,15/10/2025 22:30:00,000,9,9945,
15/10/2025 22:45:00,000,8,59210833,15/10/2025 22:45:00,000,9,9945,
15/10/2025 23:00:00,000,8,43904946,15/10/2025 23:00:00,000,9,5731,
15/10/2025 23:15:00,000,8,2867844,15/10/2025 23:15:00,000,9,5731,
15/10/2025 23:30:00,000,8,445922163,15/10/2025 23:30:00,000,9,5731,
15/10/2025 23:45:00,000,7,949968209,15/10/2025 23:45:00,000,9,5731,
16/10/2025 00:00:00,000,8,028159404,16/10/2025 00:00:00,000,9,5919,
16/10/2025 00:15:00,000,8,218181224,16/10/2025 00:15:00,000,9,5919,
16/10/2025 00:30:00,000,8,240064355,16/10/2025 00:30:00,000,9,5919,
16/10/2025 00:45:00,000,8,166885012,16/10/2025 00:45:00,000,9,5919,
16/10/2025 01:00:00,000,8,154912404,16/10/2025 01:00:00,000,9,6587,
16/10/2025 01:15:00,000,8,079240768,16/10/2025 01:15:00,000,9,6587,
16/10/2025 01:30:00,000,7,926283269,16/10/2025 01:30:00,000,9,6587,
16/10/2025 01:45:00,000,8,080518783,16/10/2025 01:45:00,000,9,6587,
16/10/2025 02:00:00,000,8,21425141,16/10/2025 02:00:00,000,9,1966,
16/10/2025 02:15:00,000,8,215782493,16/10/2025 02:15:00,000,9,1966,
16/10/2025 02:30:00,000,8,205886515,16/10/2025 02:30:00,000,9,1966,
16/10/2025 02:45:00,000,8,104855653,16/10/2025 02:45:00,000,9,1966,
16/10/2025 03:00:00,000,8,159042974,16/10/2025 03:00:00,000,9,2263,
16/10/2025 03:15:00,000,7,925102738,16/10/2025 03:15:00,000,9,2263,
16/10/2025 03:30:00,000,7,895364747,16/10/2025 03:30:00,000,9,2263,
16/10/2025 03:45:00,000,7,963704443,16/10/2025 03:45:00,000,9,2263,
16/10/2025 04:00:00,000,7,795301652,16/10/2025 04:00:00,000,9,1307,
16/10/2025 04:15:00,000,7,774797578,16/10/2025 04:15:00,000,9,1307,
16/10/2025 04:30:00,000,7,851263076,16/10/2025 04:30:00,000,9,1307,
16/10/2025 04:45:00,000,7,827488256,16/10/2025 04:45:00,000,9,1307,
16/10/2025 05:00:00,000,7,892657406,16/10/2025 05:00:00,000,8,7571,
16/10/2025 05:15:00,000,7,829335713,16/10/2025 05:15:00,000,8,7571,
16/10/2025 05:30:00,000,7,972012447,16/10/2025 05:30:00,000,8,7571,
16/10/2025 05:45:00,000,7,991090236,16/10/2025 05:45:00,000,8,7571,
16/10/2025 06:00:00,000,7,660549358,16/10/2025 06:00:00,000,8,4276,
16/10/2025 06:15:00,000,7,774976671,16/10/2025 06:15:00,000,8,4276,
16/10/2025 06:30:00,000,7,808643336,16/10/2025 06:30:00,000,8,4276,
16/10/2025 06:45:00,000,7,605026768,16/10/2025 06:45:00,000,8,4276,
16/10/2025 07:00:00,000,7,763860473,16/10/2025 07:00:00,000,8,7654,
16/10/2025 07:15:00,000,7,698346953,16/10/2025 07:15:00,000,8,7654,
16/10/2025 07:30:00,000,7,52534504,16/10/2025 07:30:00,000,8,7654,
16/10/2025 07:45:00,000,7,835552949,16/10/2025 07:45:00,000,8,7654,
16/10/2025 08:00:00,000,7,660984252,16/10/2025 08:00:00,000,8,875,
16/10/2025 08:15:00,000,8,076293982,16/10/2025 08:15:00,000,8,875,
16/10/2025 08:30:00,000,7,99060373,16/10/2025 08:30:00,000,8,875,
16/10/2025 08:45:00,000,8,193053518,16/10/2025 08:45:00,000,8,875,
16/10/2025 09:00:00,000,8,260810021,16/10/2025 09:00:00,000,9,6233,
16/10/2025 09:15:00,000,8,156003003,16/10/2025 09:15:00,000,9,6233,
16/10/2025 09:30:00,000,8,42282402,16/10/2025 09:30:00,000,9,6233,
16/10/2025 09:45:00,000,8,590592047,16/10/2025 09:45:00,000,9,6233,
16/10/2025 10:00:00,000,8,773293619,16/10/2025 10:00:00,000,10,6988,
16/10/2025 10:15:00,000,8,708260347,16/10/2025 10:15:00,000,10,6988,
16/10/2025 10:30:00,000,9,112531376,16/10/2025 10:30:00,000,10,6988,
16/10/2025 10:45:00,000,9,050035147,16/10/2025 10:45:00,000,10,6988,
16/10/2025 11:00:00,000,9,542495445,16/10/2025 11:00:00,000,11,4257,
16/10/2025 11:15:00,000,9,566370266,16/10/2025 11:15:00,000,11,4257,
16/10/2025 11:30:00,000,9,874836487,16/10/2025 11:30:00,000,11,4257,
16/10/2025 11:45:00,000,9,729438974,16/10/2025 11:45:00,000,11,4257,
16/10/2025 12:00:00,000,9,928531063,16/10/2025 12:00:00,000,11,9209,
16/10/2025 12:15:00,000,10,52005493,16/10/2025 12:15:00,000,11,9209,
16/10/2025 12:30:00,000,10,3566223,16/10/2025 12:30:00,000,11,9209,
16/10/2025 12:45:00,000,10,83947151,16/10/2025 12:45:00,000,11,9209,
16/10/2025 13:00:00,000,10,78123747,16/10/2025 13:00:00,000,12,1022,
16/10/2025 13:15:00,000,10,94721005,16/10/2025 13:15:00,000,12,1022,
16/10/2025 13:30:00,000,10,96606968,16/10/2025 13:30:00,000,12,1022,
16/10/2025 13:45:00,000,11,34860656,16/10/2025 13:45:00,000,12,1022,
16/10/2025 14:00:00,000,11,44798453,16/10/2025 14:00:00,000,12,7471,
16/10/2025 14:15:00,000,11,55659784,16/10/2025 14:15:00,000,12,7471,
16/10/2025 14:30:00,000,11,74534095,16/10/2025 14:30:00,000,12,7471,
16/10/2025 14:45:00,000,11,88150816,16/10/2025 14:45:00,000,12,7471,
16/10/2025 15:00:00,000,11,99666363,16/10/2025 15:00:00,000,12,6634,
16/10/2025 15:15:00,000,11,77751019,16/10/2025 15:15:00,000,12,6634,
16/10/2025 15:30:00,000,11,98471722,16/10/2025 15:30:00,000,12,6634,
16/10/2025 15:45:00,000,12,25827591,16/10/2025 15:45:00,000,12,6634,
16/10/2025 16:00:00,000,12,22314278,16/10/2025 16:00:00,000,12,3829,
16/10/2025 16:15:00,000,12,0199036,16/10/2025 16:15:00,000,12,3829,
16/10/2025 16:30:00,000,12,10821973,16/10/2025 16:30:00,000,12,3829,
16/10/2025 16:45:00,000,12,04605198,16/10/2025 16:45:00,000,12,3829,
16/10/2025 17:00:00,000,11,53233607,16/10/2025 17:00:00,000,12,1044,
16/10/2025 17:15:00,000,11,23559517,16/10/2025 17:15:00,000,12,1044,
16/10/2025 17:30:00,000,10,84607071,16/10/2025 17:30:00,000,12,1044,
16/10/2025 17:45:00,000,10,3765555,16/10/2025 17:45:00,000,12,1044,
16/10/2025 18:00:00,000,10,53159761,16/10/2025 18:00:00,000,10,7528,
16/10/2025 18:15:00,000,10,2734286,16/10/2025 18:15:00,000,10,7528,
16/10/2025 18:30:00,000,10,16485945,16/10/2025 18:30:00,000,10,7528,
16/10/2025 18:45:00,000,10,43001023,16/10/2025 18:45:00,000,10,7528,
16/10/2025 19:00:00,000,10,41075849,16/10/2025 19:00:00,000,8,9709,
16/10/2025 19:15:00,000,10,32660848,16/10/2025 19:15:00,000,8,9709,
16/10/2025 19:30:00,000,9,897716068,16/10/2025 19:30:00,000,8,9709,
16/10/2025 19:45:00,000,9,974447129,16/10/2025 19:45:00,000,8,9709,
16/10/2025 20:00:00,000,9,629442792,16/10/2025 20:00:00,000,8,0785,
16/10/2025 20:15:00,000,9,332998906,16/10/2025 20:15:00,000,8,0785,
16/10/2025 20:30:00,000,9,357209774,16/10/2025 20:30:00,000,8,0785,
16/10/2025 20:45:00,000,9,041982941,16/10/2025 20:45:00,000,8,0785,
16/10/2025 21:00:00,000,9,214888135,16/10/2025 21:00:00,000,7,8269,
16/10/2025 21:15:00,000,9,04042649,16/10/2025 21:15:00,000,7,8269,
16/10/2025 21:30:00,000,8,864221226,16/10/2025 21:30:00,000,7,8269,
16/10/2025 21:45:00,000,8,894407059,16/10/2025 21:45:00,000,7,8269,
16/10/2025 22:00:00,000,8,579649394,16/10/2025 22:00:00,000,7,5304,
16/10/2025 22:15:00,000,8,455320916,16/10/2025 22:15:00,000,7,5304,
16/10/2025 22:30:00,000,8,457757322,16/10/2025 22:30:00,000,7,5304,
16/10/2025 22:45:00,000,8,406352725,16/10/2025 22:45:00,000,7,5304,
16/10/2025 23:00:00,000,8,364335795,16/10/2025 23:00:00,000,7,5451,
16/10/2025 23:15:00,000,8,207045393,16/10/2025 23:15:00,000,7,5451,
16/10/2025 23:30:00,000,8,087351939,16/10/2025 23:30:00,000,7,5451,
16/10/2025 23:45:00,000,7,965283324,16/10/2025 23:45:00,000,7,5451,
17/10/2025 00:00:00,000,7,837068231,17/10/2025 00:00:00,000,7,4076,
17/10/2025 00:15:00,000,7,715695438,17/10/2025 00:15:00,000,7,4076,
17/10/2025 00:30:00,000,7,789318812,17/10/2025 00:30:00,000,7,4076,
17/10/2025 00:45:00,000,7,649548392,17/10/2025 00:45:00,000,7,4076,
17/10/2025 01:00:00,000,7,555037997,17/10/2025 01:00:00,000,7,715,
17/10/2025 01:15:00,000,7,264611134,17/10/2025 01:15:00,000,7,715,
17/10/2025 01:30:00,000,7,374586044,17/10/2025 01:30:00,000,7,715,
17/10/2025 01:45:00,000,7,209234199,17/10/2025 01:45:00,000,7,715,
17/10/2025 02:00:00,000,7,198099152,17/10/2025 02:00:00,000,7,4762,
17/10/2025 02:15:00,000,7,069861442,17/10/2025 02:15:00,000,7,4762,
17/10/2025 02:30:00,000,7,12174587,17/10/2025 02:30:00,000,7,4762,
17/10/2025 02:45:00,000,7,001885741,17/10/2025 02:45:00,000,7,4762,
17/10/2025 03:00:00,000,6,986927795,17/10/2025 03:00:00,000,7,3347,
17/10/2025 03:15:00,000,7,05400902,17/10/2025 03:15:00,000,7,3347,
17/10/2025 03:30:00,000,7,176526164,17/10/2025 03:30:00,000,7,3347,
17/10/2025 03:45:00,000,7,082451078,17/10/2025 03:45:00,000,7,3347,
17/10/2025 04:00:00,000,7,115510256,17/10/2025 04:00:00,000,7,46,
17/10/2025 04:15:00,000,7,236975216,17/10/2025 04:15:00,000,7,46,
17/10/2025 04:30:00,000,7,124812843,17/10/2025 04:30:00,000,7,46,
17/10/2025 04:45:00,000,7,179143529,17/10/2025 04:45:00,000,7,46,
17/10/2025 05:00:00,000,7,077795929,17/10/2025 05:00:00,000,7,4817,
17/10/2025 05:15:00,000,6,928749124,17/10/2025 05:15:00,000,7,4817,
17/10/2025 05:30:00,000,6,920878406,17/10/2025 05:30:00,000,7,4817,
17/10/2025 05:45:00,000,6,602243856,17/10/2025 05:45:00,000,7,4817,
17/10/2025 06:00:00,000,6,705237134,17/10/2025 06:00:00,000,7,6322,
17/10/2025 06:15:00,000,6,710969844,17/10/2025 06:15:00,000,7,6322,
17/10/2025 06:30:00,000,6,4945793,17/10/2025 06:30:00,000,7,6322,
17/10/2025 06:45:00,000,6,594315926,17/10/2025 06:45:00,000,7,6322,
17/10/2025 07:00:00,000,6,534068476,17/10/2025 07:00:00,000,7,8071,
17/10/2025 07:15:00,000,6,695087534,17/10/2025 07:15:00,000,7,8071,
17/10/2025 07:30:00,000,6,752556996,17/10/2025 07:30:00,000,7,8071,
17/10/2025 07:45:00,000,7,09369855,17/10/2025 07:45:00,000,7,8071,
17/10/2025 08:00:00,000,7,339706592,17/10/2025 08:00:00,000,7,9866,
17/10/2025 08:15:00,000,7,569833632,17/10/2025 08:15:00,000,7,9866,
17/10/2025 08:30:00,000,7,777694671,17/10/2025 08:30:00,000,7,9866,
17/10/2025 08:45:00,000,7,968728552,17/10/2025 08:45:00,000,7,9866,
17/10/2025 09:00:00,000,7,993325077,17/10/2025 09:00:00,000,8,5639,
17/10/2025 09:15:00,000,8,083255193,17/10/2025 09:15:00,000,8,5639,
17/10/2025 09:30:00,000,8,245965889,17/10/2025 09:30:00,000,8,5639,
17/10/2025 09:45:00,000,8,535599553,17/10/2025 09:45:00,000,8,5639,
17/10/2025 10:00:00,000,8,800050018,17/10/2025 10:00:00,000,9,2822,
17/10/2025 10:15:00,000,9,153661643,17/10/2025 10:15:00,000,9,2822,
17/10/2025 10:30:00,000,9,413232703,17/10/2025 10:30:00,000,9,2822,
17/10/2025 10:45:00,000,9,389820175,17/10/2025 10:45:00,000,9,2822,
17/10/2025 11:00:00,000,9,738900127,17/10/2025 11:00:00,000,10,1013,
17/10/2025 11:15:00,000,10,10698401,17/10/2025 11:15:00,000,10,1013,
17/10/2025 11:30:00,000,9,970499526,17/10/2025 11:30:00,000,10,1013,
17/10/2025 11:45:00,000,10,37443602,17/10/2025 11:45:00,000,10,1013,
17/10/2025 12:00:00,000,10,74402132,17/10/2025 12:00:00,000,10,5815,
17/10/2025 12:15:00,000,10,92934775,17/10/2025 12:15:00,000,10,5815,
17/10/2025 12:30:00,000,10,80326381,17/10/2025 12:30:00,000,10,5815,
17/10/2025 12:45:00,000,10,87391993,17/10/2025 12:45:00,000,10,5815,
17/10/2025 13:00:00,000,11,32328532,17/10/2025 13:00:00,000,11,537,
17/10/2025 13:15:00,000,11,29675774,17/10/2025 13:15:00,000,11,537,
17/10/2025 13:30:00,000,11,16221772,17/10/2025 13:30:00,000,11,537,
17/10/2025 13:45:00,000,11,70469543,17/10/2025 13:45:00,000,11,537,
17/10/2025 14:00:00,000,11,6283405,17/10/2025 14:00:00,000,11,9217,
17/10/2025 14:15:00,000,11,50392763,17/10/2025 14:15:00,000,11,9217,
17/10/2025 14:30:00,000,11,9102093,17/10/2025 14:30:00,000,11,9217,
17/10/2025 14:45:00,000,11,80170441,17/10/2025 14:45:00,000,11,9217,
17/10/2025 15:00:00,000,11,90507734,17/10/2025 15:00:00,000,12,3553,
17/10/2025 15:15:00,000,11,83420471,17/10/2025 15:15:00,000,12,3553,
17/10/2025 15:30:00,000,12,233857,17/10/2025 15:30:00,000,12,3553,
17/10/2025 15:45:00,000,12,33477658,17/10/2025 15:45:00,000,12,3553,
17/10/2025 16:00:00,000,12,35934473,17/10/2025 16:00:00,000,12,0567,
17/10/2025 16:15:00,000,12,17669343,17/10/2025 16:15:00,000,12,0567,
17/10/2025 16:30:00,000,12,24044483,17/10/2025 16:30:00,000,12,0567,
17/10/2025 16:45:00,000,11,84135109,17/10/2025 16:45:00,000,12,0567,
17/10/2025 17:00:00,000,11,87447211,17/10/2025 17:00:00,000,11,8526,
17/10/2025 17:15:00,000,11,79489145,17/10/2025 17:15:00,000,11,8526,
17/10/2025 17:30:00,000,11,43036869,17/10/2025 17:30:00,000,11,8526,
17/10/2025 17:45:00,000,11,04894837,17/10/2025 17:45:00,000,11,8526,
17/10/2025 18:00:00,000,10,98630725,17/10/2025 18:00:00,000,11,206,
17/10/2025 18:15:00,000,10,85443232,17/10/2025 18:15:00,000,11,206,
17/10/2025 18:30:00,000,11,11961713,17/10/2025 18:30:00,000,11,206,
17/10/2025 18:45:00,000,10,89595015,17/10/2025 18:45:00,000,11,206,
17/10/2025 19:00:00,000,10,89782316,17/10/2025 19:00:00,000,10,4361,
17/10/2025 19:15:00,000,11,26642057,17/10/2025 19:15:00,000,10,4361,
17/10/2025 19:30:00,000,11,14579206,17/10/2025 19:30:00,000,10,4361,
17/10/2025 19:45:00,000,11,00936879,17/10/2025 19:45:00,000,10,4361,
17/10/2025 20:00:00,000,10,68812623,17/10/2025 20:00:00,000,10,0674,
17/10/2025 20:15:00,000,10,88162794,17/10/2025 20:15:00,000,10,0674,
17/10/2025 20:30:00,000,10,47159504,17/10/2025 20:30:00,000,10,0674,
17/10/2025 20:45:00,000,10,44074585,17/10/2025 20:45:00,000,10,0674,
17/10/2025 21:00:00,000,10,29618818,17/10/2025 21:00:00,000,9,7334,
17/10/2025 21:15:00,000,10,29973441,17/10/2025 21:15:00,000,9,7334,
17/10/2025 21:30:00,000,10,40475348,17/10/2025 21:30:00,000,9,7334,
17/10/2025 21:45:00,000,10,23452425,17/10/2025 21:45:00,000,9,7334,
17/10/2025 22:00:00,000,10,01596143,17/10/2025 22:00:00,000,9,7786,
17/10/2025 22:15:00,000,10,08939096,17/10/2025 22:15:00,000,9,7786,
17/10/2025 22:30:00,000,9,876811412,17/10/2025 22:30:00,000,9,7786,
17/10/2025 22:45:00,000,9,833175465,17/10/2025 22:45:00,000,9,7786,
17/10/2025 23:00:00,000,9,981068818,17/10/2025 23:00:00,000,10,03,
17/10/2025 23:15:00,000,9,806626152,17/10/2025 23:15:00,000,10,03,
17/10/2025 23:30:00,000,9,651909718,17/10/2025 23:30:00,000,10,03,
17/10/2025 23:45:00,000,9,875827116,17/10/2025 23:45:00,000,10,03,
18/10/2025 00:00:00,000,9,733491417,18/10/2025 00:00:00,000,10,0209,
18/10/2025 00:15:00,000,9,423722764,18/10/2025 00:15:00,000,10,0209,
18/10/2025 00:30:00,000,9,373523494,18/10/2025 00:30:00,000,10,0209,
18/10/2025 00:45:00,000,9,174851808,18/10/2025 00:45:00,000,10,0209,
18/10/2025 01:00:00,000,9,429610233,18/10/2025 01:00:00,000,10,0299,
18/10/2025 01:15:00,000,9,014094085,18/10/2025 01:15:00,000,10,0299,
18/10/2025 01:30:00,000,9,088531377,18/10/2025 01:30:00,000,10,0299,
18/10/2025 01:45:00,000,9,115980266,18/10/2025 01:45:00,000,10,0299,
18/10/2025 02:00:00,000,9,037049073,18/10/2025 02:00:00,000,9,5728,
18/10/2025 02:15:00,000,8,848304242,18/10/2025 02:15:00,000,9,5728,
18/10/2025 02:30:00,000,8,785590109,18/10/2025 02:30:00,000,9,5728,
18/10/2025 02:45:00,000,8,89365625,18/10/2025 02:45:00,000,9,5728,
18/10/2025 03:00:00,000,8,865858188,18/10/2025 03:00:00,000,9,6264,
18/10/2025 03:15:00,000,8,536125271,18/10/2025 03:15:00,000,9,6264,
18/10/2025 03:30:00,000,8,654829918,18/10/2025 03:30:00,000,9,6264,
18/10/2025 03:45:00,000,8,456719437,18/10/2025 03:45:00,000,9,6264,
18/10/2025 04:00:00,000,8,382432875,18/10/2025 04:00:00,000,9,4198,
18/10/2025 04:15:00,000,8,119332901,18/10/2025 04:15:00,000,9,4198,
18/10/2025 04:30:00,000,8,115646995,18/10/2025 04:30:00,000,9,4198,
18/10/2025 04:45:00,000,8,279056805,18/10/2025 04:45:00,000,9,4198,
18/10/2025 05:00:00,000,8,120592682,18/10/2025 05:00:00,000,9,0428,
18/10/2025 05:15:00,000,8,110945819,18/10/2025 05:15:00,000,9,0428,
18/10/2025 05:30:00,000,8,120354077,18/10/2025 05:30:00,000,9,0428,
18/10/2025 05:45:00,000,8,047885874,18/10/2025 05:45:00,000,9,0428,
18/10/2025 06:00:00,000,7,990424532,18/10/2025 06:00:00,000,9,0778,
18/10/2025 06:15:00,000,7,575879698,18/10/2025 06:15:00,000,9,0778,
18/10/2025 06:30:00,000,7,535360648,18/10/2025 06:30:00,000,9,0778,
18/10/2025 06:45:00,000,7,453288679,18/10/2025 06:45:00,000,9,0778,
18/10/2025 07:00:00,000,7,550075251,18/10/2025 07:00:00,000,8,984,
18/10/2025 07:15:00,000,7,542708393,18/10/2025 07:15:00,000,8,984,
18/10/2025 07:30:00,000,7,488941548,18/10/2025 07:30:00,000,8,984,
18/10/2025 07:45:00,000,7,559723869,18/10/2025 07:45:00,000,8,984,
18/10/2025 08:00:00,000,7,761901793,18/10/2025 08:00:00,000,9,1361,
18/10/2025 08:15:00,000,8,176166225,18/10/2025 08:15:00,000,9,1361,
18/10/2025 08:30:00,000,8,478306586,18/10/2025 08:30:00,000,9,1361,
18/10/2025 08:45:00,000,8,733437887,18/10/2025 08:45:00,000,9,1361,
18/10/2025 09:00:00,000,8,954364198,18/10/2025 09:00:00,000,9,8981,
18/10/2025 09:15:00,000,8,834885938,18/10/2025 09:15:00,000,9,8981,
18/10/2025 09:30:00,000,9,194435422,18/10/2025 09:30:00,000,9,8981,
18/10/2025 09:45:00,000,9,138228872,18/10/2025 09:45:00,000,9,8981,
18/10/2025 10:00:00,000,9,37823381,18/10/2025 10:00:00,000,10,4284,
18/10/2025 10:15:00,000,9,801307721,18/10/2025 10:15:00,000,10,4284,
18/10/2025 10:30:00,000,9,80902078,18/10/2025 10:30:00,000,10,4284,
18/10/2025 10:45:00,000,10,01585006,18/10/2025 10:45:00,000,10,4284,
18/10/2025 11:00:00,000,10,24164515,18/10/2025 11:00:00,000,11,1889,
18/10/2025 11:15:00,000,10,40681835,18/10/2025 11:15:00,000,11,1889,
18/10/2025 11:30:00,000,10,44683397,18/10/2025 11:30:00,000,11,1889,
18/10/2025 11:45:00,000,9,971799532,18/10/2025 11:45:00,000,11,1889,
18/10/2025 12:00:00,000,9,543295283,18/10/2025 12:00:00,000,11,6221,
18/10/2025 12:15:00,000,9,551184093,18/10/2025 12:15:00,000,11,6221,
18/10/2025 12:30:00,000,9,262517414,18/10/2025 12:30:00,000,11,6221,
18/10/2025 12:45:00,000,8,88021295,18/10/2025 12:45:00,000,11,6221,
18/10/2025 13:00:00,000,8,953087178,18/10/2025 13:00:00,000,10,8979,
18/10/2025 13:15:00,000,8,913102799,18/10/2025 13:15:00,000,10,8979,
18/10/2025 13:30:00,000,9,338470179,18/10/2025 13:30:00,000,10,8979,
18/10/2025 13:45:00,000,9,480558594,18/10/2025 13:45:00,000,10,8979,
18/10/2025 14:00:00,000,10,11144216,18/10/2025 14:00:00,000,10,8642,
18/10/2025 14:15:00,000,10,05581088,18/10/2025 14:15:00,000,10,8642,
18/10/2025 14:30:00,000,10,24690898,18/10/2025 14:30:00,000,10,8642,
18/10/2025 14:45:00,000,10,63668168,18/10/2025 14:45:00,000,10,8642,
18/10/2025 15:00:00,000,10,55642963,18/10/2025 15:00:00,000,11,1773,
18/10/2025 15:15:00,000,10,65892963,18/10/2025 15:15:00,000,11,1773,
18/10/2025 15:30:00,000,10,70121781,18/10/2025 15:30:00,000,11,1773,
18/10/2025 15:45:00,000,10,42239106,18/10/2025 15:45:00,000,11,1773,
18/10/2025 16:00:00,000,10,23848719,18/10/2025 16:00:00,000,11,0433,
18/10/2025 16:15:00,000,10,21916696,18/10/2025 16:15:00,000,11,0433,
18/10/2025 16:30:00,000,9,937111682,18/10/2025 16:30:00,000,11,0433,
18/10/2025 16:45:00,000,9,66514644,18/10/2025 16:45:00,000,11,0433,
18/10/2025 17:00:00,000,9,322614677,18/10/2025 17:00:00,000,9,7372,
18/10/2025 17:15:00,000,8,698753652,18/10/2025 17:15:00,000,9,7372,
18/10/2025 17:30:00,000,8,190132289,18/10/2025 17:30:00,000,9,7372,
18/10/2025 17:45:00,000,7,820520095,18/10/2025 17:45:00,000,9,7372,
18/10/2025 18:00:00,000,7,473185492,18/10/2025 18:00:00,000,8,1275,
18/10/2025 18:15:00,000,7,212013008,18/10/2025 18:15:00,000,8,1275,
18/10/2025 18:30:00,000,7,202440822,18/10/2025 18:30:00,000,8,1275,
18/10/2025 18:45:00,000,6,907376174,18/10/2025 18:45:00,000,8,1275,
18/10/2025 19:00:00,000,6,650256438,18/10/2025 19:00:00,000,7,1172,
18/10/2025 19:15:00,000,6,640288837,18/10/2025 19:15:00,000,7,1172,
18/10/2025 19:30:00,000,6,496651669,18/10/2025 19:30:00,000,7,1172,
18/10/2025 19:45:00,000,6,325009587,18/10/2025 19:45:00,000,7,1172,
18/10/2025 20:00:00,000,6,072707441,18/10/2025 20:00:00,000,7,0208,
18/10/2025 20:15:00,000,6,026624604,18/10/2025 20:15:00,000,7,0208,
18/10/2025 20:30:00,000,5,687553985,18/10/2025 20:30:00,000,7,0208,
18/10/2025 20:45:00,000,5,586001628,18/10/2025 20:45:00,000,7,0208,
18/10/2025 21:00:00,000,5,405838088,18/10/2025 21:00:00,000,6,4232,
18/10/2025 21:15:00,000,5,259704655,18/10/2025 21:15:00,000,6,4232,
18/10/2025 21:30:00,000,5,121819157,18/10/2025 21:30:00,000,6,4232,
18/10/2025 21:45:00,000,5,022033965,18/10/2025 21:45:00,000,6,4232,
18/10/2025 22:00:00,000,4,791258281,18/10/2025 22:00:00,000,6,1004,
18/10/2025 22:15:00,000,4,736004865,18/10/2025 22:15:00,000,6,1004,
18/10/2025 22:30:00,000,4,670084504,18/10/2025 22:30:00,000,6,1004,
18/10/2025 22:45:00,000,4,57957898,18/10/2025 22:45:00,000,6,1004,
18/10/2025 23:00:00,000,4,413068826,18/10/2025 23:00:00,000,5,5767,
18/10/2025 23:15:00,000,4,393441932,18/10/2025 23:15:00,000,5,5767,
18/10/2025 23:30:00,000,4,24449281,18/10/2025 23:30:00,000,5,5767,
18/10/2025 23:45:00,000,4,343764194,18/10/2025 23:45:00,000,5,5767,
19/10/2025 00:00:00,000,4,241625251,19/10/2025 00:00:00,000,4,7528,
19/10/2025 00:15:00,000,4,275881274,19/10/2025 00:15:00,000,4,7528,
19/10/2025 00:30:00,000,4,173129866,19/10/2025 00:30:00,000,4,7528,
19/10/2025 00:45:00,000,4,081417105,19/10/2025 00:45:00,000,4,7528,
19/10/2025 01:00:00,000,4,009374672,19/10/2025 01:00:00,000,3,8983,
19/10/2025 01:15:00,000,3,909273122,19/10/2025 01:15:00,000,3,8983,
19/10/2025 01:30:00,000,3,770530256,19/10/2025 01:30:00,000,3,8983,
19/10/2025 01:45:00,000,3,728577105,19/10/2025 01:45:00,000,3,8983,
19/10/2025 02:00:00,000,3,801778764,19/10/2025 02:00:00,000,3,5084,
19/10/2025 02:15:00,000,3,799305622,19/10/2025 02:15:00,000,3,5084,
19/10/2025 02:30:00,000,3,69261081,19/10/2025 02:30:00,000,3,5084,
19/10/2025 02:45:00,000,3,599085343,19/10/2025 02:45:00,000,3,5084,
19/10/2025 03:00:00,000,3,508018641,19/10/2025 03:00:00,000,2,5998,
19/10/2025 03:15:00,000,3,352683166,19/10/2025 03:15:00,000,2,5998,
19/10/2025 03:30:00,000,3,199583442,19/10/2025 03:30:00,000,2,5998,
19/10/2025 03:45:00,000,3,063717593,19/10/2025 03:45:00,000,2,5998,
19/10/2025 04:00:00,000,2,898071707,19/10/2025 04:00:00,000,1,4735,
19/10/2025 04:15:00,000,2,798755482,19/10/2025 04:15:00,000,1,4735,
19/10/2025 04:30:00,000,2,69935462,19/10/2025 04:30:00,000,1,4735,
19/10/2025 04:45:00,000,2,621380973,19/10/2025 04:45:00,000,1,4735,
19/10/2025 05:00:00,000,2,660344787,19/10/2025 05:00:00,000,1,4927,
19/10/2025 05:15:00,000,2,609095378,19/10/2025 05:15:00,000,1,4927,
19/10/2025 05:30:00,000,2,504041231,19/10/2025 05:30:00,000,1,4927,
19/10/2025 05:45:00,000,2,328268519,19/10/2025 05:45:00,000,1,4927,
19/10/2025 06:00:00,000,2,309030411,19/10/2025 06:00:00,000,1,8737,
19/10/2025 06:15:00,000,2,338547212,19/10/2025 06:15:00,000,1,8737,
19/10/2025 06:30:00,000,2,329102873,19/10/2025 06:30:00,000,1,8737,
19/10/2025 06:45:00,000,2,30527258,19/10/2025 06:45:00,000,1,8737,
19/10/2025 07:00:00,000,2,346657657,19/10/2025 07:00:00,000,1,4897,
19/10/2025 07:15:00,000,2,486260269,19/10/2025 07:15:00,000,1,4897,
19/10/2025 07:30:00,000,2,55371836,19/10/2025 07:30:00,000,1,4897,
19/10/2025 07:45:00,000,2,737029694,19/10/2025 07:45:00,000,1,4897,
19/10/2025 08:00:00,000,3,132908999,19/10/2025 08:00:00,000,2,949,
19/10/2025 08:15:00,000,3,637791084,19/10/2025 08:15:00,000,2,949,
19/10/2025 08:30:00,000,4,152950481,19/10/2025 08:30:00,000,2,949,
19/10/2025 08:45:00,000,4,527858599,19/10/2025 08:45:00,000,2,949,
19/10/2025 09:00:00,000,5,045768699,19/10/2025 09:00:00,000,6,1868,
19/10/2025 09:15:00,000,5,536783631,19/10/2025 09:15:00,000,6,1868,
19/10/2025 09:30:00,000,5,829053611,19/10/2025 09:30:00,000,6,1868,
19/10/2025 09:45:00,000,6,307713271,19/10/2025 09:45:00,000,6,1868,
19/10/2025 10:00:00,000,6,960246668,19/10/2025 10:00:00,000,8,5847,
19/10/2025 10:15:00,000,7,14837555,19/10/2025 10:15:00,000,8,5847,
19/10/2025 10:30:00,000,7,767573322,19/10/2025 10:30:00,000,8,5847,
19/10/2025 10:45:00,000,7,855775461,19/10/2025 10:45:00,000,8,5847,
19/10/2025 11:00:00,000,8,297065791,19/10/2025 11:00:00,000,9,9441,
19/10/2025 11:15:00,000,8,45949303,19/10/2025 11:15:00,000,9,9441,
19/10/2025 11:30:00,000,8,642857994,19/10/2025 11:30:00,000,9,9441,
19/10/2025 11:45:00,000,9,101660129,19/10/2025 11:45:00,000,9,9441,
19/10/2025 12:00:00,000,9,16382018,19/10/2025 12:00:00,000,10,6925,
19/10/2025 12:15:00,000,9,362313716,19/10/2025 12:15:00,000,10,6925,
19/10/2025 12:30:00,000,9,430072387,19/10/2025 12:30:00,000,10,6925,
19/10/2025 12:45:00,000,9,464405459,19/10/2025 12:45:00,000,10,6925,
19/10/2025 13:00:00,000,9,785765453,19/10/2025 13:00:00,000,11,1282,
19/10/2025 13:15:00,000,9,872562498,19/10/2025 13:15:00,000,11,1282,
19/10/2025 13:30:00,000,9,841621708,19/10/2025 13:30:00,000,11,1282,
19/10/2025 13:45:00,000,10,05940389,19/10/2025 13:45:00,000,11,1282,
19/10/2025 14:00:00,000,10,00340503,19/10/2025 14:00:00,000,11,3084,
19/10/2025 14:15:00,000,10,01886483,19/10/2025 14:15:00,000,11,3084,
19/10/2025 14:30:00,000,10,34649367,19/10/2025 14:30:00,000,11,3084,
19/10/2025 14:45:00,000,10,47320445,19/10/2025 14:45:00,000,11,3084,
19/10/2025 15:00:00,000,10,53534876,19/10/2025 15:00:00,000,11,4794,
19/10/2025 15:15:00,000,10,35484084,19/10/2025 15:15:00,000,11,4794,
19/10/2025 15:30:00,000,10,66323767,19/10/2025 15:30:00,000,11,4794,
19/10/2025 15:45:00,000,10,62512369,19/10/2025 15:45:00,000,11,4794,
19/10/2025 16:00:00,000,10,61032692,19/10/2025 16:00:00,000,10,4272,
19/10/2025 16:15:00,000,10,47083162,19/10/2025 16:15:00,000,10,4272,
19/10/2025 16:30:00,000,10,14420198,19/10/2025 16:30:00,000,10,4272,
19/10/2025 16:45:00,000,9,804057764,19/10/2025 16:45:00,000,10,4272,
19/10/2025 17:00:00,000,9,195425806,19/10/2025 17:00:00,000,8,8491,
19/10/2025 17:15:00,000,8,940653919,19/10/2025 17:15:00,000,8,8491,
19/10/2025 17:30:00,000,8,41430368,19/10/2025 17:30:00,000,8,8491,
19/10/2025 17:45:00,000,7,73781943,19/10/2025 17:45:00,000,8,8491,
19/10/2025 18:00:00,000,7,649219485,19/10/2025 18:00:00,000,7,1117,
19/10/2025 18:15:00,000,7,45679287,19/10/2025 18:15:00,000,7,1117,
19/10/2025 18:30:00,000,7,417452314,19/10/2025 18:30:00,000,7,1117,
19/10/2025 18:45:00,000,7,205455057,19/10/2025 18:45:00,000,7,1117,
19/10/2025 19:00:00,000,7,142383696,19/10/2025 19:00:00,000,5,7943,
19/10/2025 19:15:00,000,6,901478362,19/10/2025 19:15:00,000,5,7943,
19/10/2025 19:30:00,000,6,684830215,19/10/2025 19:30:00,000,5,7943,
19/10/2025 19:45:00,000,6,666439258,19/10/2025 19:45:00,000,5,7943,
19/10/2025 20:00:00,000,6,495496165,19/10/2025 20:00:00,000,4,8394,
19/10/2025 20:15:00,000,6,077967315,19/10/2025 20:15:00,000,4,8394,
19/10/2025 20:30:00,000,6,052413562,19/10/2025 20:30:00,000,4,8394,
19/10/2025 20:45:00,000,5,81445085,19/10/2025 20:45:00,000,4,8394,
19/10/2025 21:00:00,000,5,628997384,19/10/2025 21:00:00,000,4,2223,
19/10/2025 21:15:00,000,5,664840704,19/10/2025 21:15:00,000,4,2223,
19/10/2025 21:30:00,000,5,379768606,19/10/2025 21:30:00,000,4,2223,
19/10/2025 21:45:00,000,5,214782631,19/10/2025 21:45:00,000,4,2223,
19/10/2025 22:00:00,000,5,247637877,19/10/2025 22:00:00,000,3,6834,
19/10/2025 22:15:00,000,5,051263644,19/10/2025 22:15:00,000,3,6834,
19/10/2025 22:30:00,000,4,957489097,19/10/2025 22:30:00,000,3,6834,
19/10/2025 22:45:00,000,4,781634064,19/10/2025 22:45:00,000,3,6834,
19/10/2025 23:00:00,000,4,727530887,19/10/2025 23:00:00,000,3,0222,
19/10/2025 23:15:00,000,4,521789057,19/10/2025 23:15:00,000,3,0222,
19/10/2025 23:30:00,000,4,521490586,19/10/2025 23:30:00,000,3,0222,
19/10/2025 23:45:00,000,4,560120293,19/10/2025 23:45:00,000,3,0222,
20/10/2025 00:00:00,000,4,322919713,20/10/2025 00:00:00,000,2,4468,
20/10/2025 00:15:00,000,4,128768441,20/10/2025 00:15:00,000,2,4468,
20/10/2025 00:30:00,000,4,024731985,20/10/2025 00:30:00,000,2,4468,
20/10/2025 00:45:00,000,3,892447422,20/10/2025 00:45:00,000,2,4468,
20/10/2025 01:00:00,000,3,64007,20/10/2025 01:00:00,000,1,7382,
20/10/2025 01:15:00,000,3,582230246,20/10/2025 01:15:00,000,1,7382,
20/10/2025 01:30:00,000,3,392679679,20/10/2025 01:30:00,000,1,7382,
20/10/2025 01:45:00,000,3,297888281,20/10/2025 01:45:00,000,1,7382,
20/10/2025 02:00:00,000,3,278830236,20/10/2025 02:00:00,000,1,2043,
20/10/2025 02:15:00,000,3,167369564,20/10/2025 02:15:00,000,1,2043,
20/10/2025 02:30:00,000,3,077873253,20/10/2025 02:30:00,000,1,2043,
20/10/2025 02:45:00,000,2,834900853,20/10/2025 02:45:00,000,1,2043,
20/10/2025 03:00:00,000,2,745307635,20/10/2025 03:00:00,000,1,0878,
20/10/2025 03:15:00,000,2,57562062,20/10/2025 03:15:00,000,1,0878,
20/10/2025 03:30:00,000,2,380346088,20/10/2025 03:30:00,000,1,0878,
20/10/2025 03:45:00,000,2,302351388,20/10/2025 03:45:00,000,1,0878,
20/10/2025 04:00:00,000,2,203197378,20/10/2025 04:00:00,000,1,1057,
20/10/2025 04:15:00,000,2,17177877,20/10/2025 04:15:00,000,1,1057,
20/10/2025 04:30:00,000,2,053308101,20/10/2025 04:30:00,000,1,1057,
20/10/2025 04:45:00,000,1,957822812,20/10/2025 04:45:00,000,1,1057,
20/10/2025 05:00:00,000,1,93822012,20/10/2025 05:00:00,000,0,8804,
20/10/2025 05:15:00,000,1,897175846,20/10/2025 05:15:00,000,0,8804,
20/10/2025 05:30:00,000,1,832688738,20/10/2025 05:30:00,000,0,8804,
20/10/2025 05:45:00,000,1,745935031,20/10/2025 05:45:00,000,0,8804,
20/10/2025 06:00:00,000,1,6614155,20/10/2025 06:00:00,000,0,7262,
20/10/2025 06:15:00,000,1,489195751,20/10/2025 06:15:00,000,0,7262,
20/10/2025 06:30:00,000,1,373554772,20/10/2025 06:30:00,000,0,7262,
20/10/2025 06:45:00,000,1,25640347,20/10/2025 06:45:00,000,0,7262,
20/10/2025 07:00:00,000,1,232553975,20/10/2025 07:00:00,000,0,8607,
20/10/2025 07:15:00,000,1,225808936,20/10/2025 07:15:00,000,0,8607,
20/10/2025 07:30:00,000,1,338667635,20/10/2025 07:30:00,000,0,8607,
20/10/2025 07:45:00,000,1,551695184,20/10/2025 07:45:00,000,0,8607,
20/10/2025 08:00:00,000,1,899698263,20/10/2025 08:00:00,000,1,941,
20/10/2025 08:15:00,000,2,423775106,20/10/2025 08:15:00,000,1,941,
20/10/2025 08:30:00,000,2,999011023,20/10/2025 08:30:00,000,1,941,
20/10/2025 08:45:00,000,3,559041375,20/10/2025 08:45:00,000,1,941,
20/10/2025 09:00:00,000,4,184713486,20/10/2025 09:00:00,000,4,2445,
20/10/2025 09:15:00,000,4,650323956,20/10/2025 09:15:00,000,4,2445,
20/10/2025 09:30:00,000,5,289005574,20/10/2025 09:30:00,000,4,2445,
20/10/2025 09:45:00,000,5,886948792,20/10/2025 09:45:00,000,4,2445,
20/10/2025 10:00:00,000,6,471956453,20/10/2025 10:00:00,000,6,7705,
20/10/2025 10:15:00,000,7,004326936,20/10/2025 10:15:00,000,6,7705,
20/10/2025 10:30:00,000,7,461829499,20/10/2025 10:30:00,000,6,7705,
20/10/2025 10:45:00,000,8,056947205,20/10/2025 10:45:00,000,6,7705,
20/10/2025 11:00:00,000,8,497755195,20/10/2025 11:00:00,000,9,1627,
20/10/2025 11:15:00,000,8,851388453,20/10/2025 11:15:00,000,9,1627,
20/10/2025 11:30:00,000,9,338563744,20/10/2025 11:30:00,000,9,1627,
20/10/2025 11:45:00,000,9,497243481,20/10/2025 11:45:00,000,9,1627,
20/10/2025 12:00:00,000,9,778455674,20/10/2025 12:00:00,000,11,3646,
20/10/2025 12:15:00,000,10,0742664,20/10/2025 12:15:00,000,11,3646,
20/10/2025 12:30:00,000,10,59802403,20/10/2025 12:30:00,000,11,3646,
20/10/2025 12:45:00,000,10,73020055,20/10/2025 12:45:00,000,11,3646,
20/10/2025 13:00:00,000,10,83247892,20/10/2025 13:00:00,000,12,26,
20/10/2025 13:15:00,000,11,11548228,20/10/2025 13:15:00,000,12,26,
20/10/2025 13:30:00,000,11,44981849,20/10/2025 13:30:00,000,12,26,
20/10/2025 13:45:00,000,11,62296377,20/10/2025 13:45:00,000,12,26,
20/10/2025 14:00:00,000,11,35147591,20/10/2025 14:00:00,000,12,736,
20/10/2025 14:15:00,000,11,40044265,20/10/2025 14:15:00,000,12,736,
20/10/2025 14:30:00,000,11,57003789,20/10/2025 14:30:00,000,12,736,
20/10/2025 14:45:00,000,11,5436485,20/10/2025 14:45:00,000,12,736,
20/10/2025 15:00:00,000,11,65562175,20/10/2025 15:00:00,000,12,8085,
20/10/2025 15:15:00,000,11,5633144,20/10/2025 15:15:00,000,12,8085,
20/10/2025 15:30:00,000,11,98887751,20/10/2025 15:30:00,000,12,8085,
20/10/2025 15:45:00,000,11,68901804,20/10/2025 15:45:00,000,12,8085,
20/10/2025 16:00:00,000,11,82744883,20/10/2025 16:00:00,000,12,1866,
20/10/2025 16:15:00,000,11,32303329,20/10/2025 16:15:00,000,12,1866,
20/10/2025 16:30:00,000,11,2560542,20/10/2025 16:30:00,000,12,1866,
20/10/2025 16:45:00,000,10,54598749,20/10/2025 16:45:00,000,12,1866,
20/10/2025 17:00:00,000,10,32437864,20/10/2025 17:00:00,000,11,0285,
20/10/2025 17:15:00,000,9,683684246,20/10/2025 17:15:00,000,11,0285,
20/10/2025 17:30:00,000,9,442886253,20/10/2025 17:30:00,000,11,0285,
20/10/2025 17:45:00,000,8,951453215,20/10/2025 17:45:00,000,11,0285,
20/10/2025 18:00:00,000,8,655627945,20/10/2025 18:00:00,000,9,6363,
20/10/2025 18:15:00,000,8,713554296,20/10/2025 18:15:00,000,9,6363,
20/10/2025 18:30:00,000,8,873559567,20/10/2025 18:30:00,000,9,6363,
20/10/2025 18:45:00,000,8,784806617,20/10/2025 18:45:00,000,9,6363,
20/10/2025 19:00:00,000,8,690326309,20/10/2025 19:00:00,000,8,364,
20/10/2025 19:15:00,000,8,527596928,20/10/2025 19:15:00,000,8,364,
20/10/2025 19:30:00,000,8,492670975,20/10/2025 19:30:00,000,8,364,
20/10/2025 19:45:00,000,8,55536818,20/10/2025 19:45:00,000,8,364,
20/10/2025 20:00:00,000,8,449389089,20/10/2025 20:00:00,000,7,6024,
20/10/2025 20:15:00,000,8,133584666,20/10/2025 20:15:00,000,7,6024,
20/10/2025 20:30:00,000,8,30372384,20/10/2025 20:30:00,000,7,6024,
20/10/2025 20:45:00,000,8,158540719,20/10/2025 20:45:00,000,7,6024,
20/10/2025 21:00:00,000,7,965791157,20/10/2025 21:00:00,000,7,1816,
20/10/2025 21:15:00,000,7,885229645,20/10/2025 21:15:00,000,7,1816,
20/10/2025 21:30:00,000,7,756351719,20/10/2025 21:30:00,000,7,1816,
20/10/2025 21:45:00,000,7,697640735,20/10/2025 21:45:00,000,7,1816,
20/10/2025 22:00:00,000,7,45438449,20/10/2025 22:00:00,000,6,5818,
20/10/2025 22:15:00,000,7,418430055,20/10/2025 22:15:00,000,6,5818,
20/10/2025 22:30:00,000,7,487009158,20/10/2025 22:30:00,000,6,5818,
20/10/2025 22:45:00,000,7,205809942,20/10/2025 22:45:00,000,6,5818,
20/10/2025 23:00:00,000,6,999767612,20/10/2025 23:00:00,000,6,1915,
20/10/2025 23:15:00,000,6,83018217,20/10/2025 23:15:00,000,6,1915,
20/10/2025 23:30:00,000,6,823719066,20/10/2025 23:30:00,000,6,1915,
20/10/2025 23:45:00,000,6,484593591,20/10/2025 23:45:00,000,6,1915,
21/10/2025 00:00:00,000,6,44215034,21/10/2025 00:00:00,000,6,2165,
21/10/2025 00:15:00,000,6,200543373,21/10/2025 00:15:00,000,6,2165,
21/10/2025 00:30:00,000,6,168237337,21/10/2025 00:30:00,000,6,2165,
21/10/2025 00:45:00,000,6,124759343,21/10/2025 00:45:00,000,6,2165,
21/10/2025 01:00:00,000,6,063487456,21/10/2025 01:00:00,000,6,3073,
21/10/2025 01:15:00,000,6,095506292,21/10/2025 01:15:00,000,6,3073,
21/10/2025 01:30:00,000,5,991141877,21/10/2025 01:30:00,000,6,3073,
21/10/2025 01:45:00,000,6,147569443,21/10/2025 01:45:00,000,6,3073,
21/10/2025 02:00:00,000,6,026558321,21/10/2025 02:00:00,000,6,2469,
21/10/2025 02:15:00,000,6,144445936,21/10/2025 02:15:00,000,6,2469,
21/10/2025 02:30:00,000,5,995870121,21/10/2025 02:30:00,000,6,2469,
21/10/2025 02:45:00,000,6,049255376,21/10/2025 02:45:00,000,6,2469,
21/10/2025 03:00:00,000,5,908711054,21/10/2025 03:00:00,000,6,6187,
21/10/2025 03:15:00,000,5,78031036,21/10/2025 03:15:00,000,6,6187,
21/10/2025 03:30:00,000,5,67636828,21/10/2025 03:30:00,000,6,6187,
21/10/2025 03:45:00,000,5,662320987,21/10/2025 03:45:00,000,6,6187,
21/10/2025 04:00:00,000,5,597475299,21/10/2025 04:00:00,000,6,9301,
21/10/2025 04:15:00,000,5,361513955,21/10/2025 04:15:00,000,6,9301,
21/10/2025 04:30:00,000,5,467961879,21/10/2025 04:30:00,000,6,9301,
21/10/2025 04:45:00,000,5,322161397,21/10/2025 04:45:00,000,6,9301,
21/10/2025 05:00:00,000,5,362222203,21/10/2025 05:00:00,000,6,7456,
21/10/2025 05:15:00,000,5,272750663,21/10/2025 05:15:00,000,6,7456,
21/10/2025 05:30:00,000,5,159087197,21/10/2025 05:30:00,000,6,7456,
21/10/2025 05:45:00,000,5,104526113,21/10/2025 05:45:00,000,6,7456,
21/10/2025 06:00:00,000,5,167406319,21/10/2025 06:00:00,000,6,214,
21/10/2025 06:15:00,000,5,240729449,21/10/2025 06:15:00,000,6,214,
21/10/2025 06:30:00,000,5,301337082,21/10/2025 06:30:00,000,6,214,
21/10/2025 06:45:00,000,5,21380798,21/10/2025 06:45:00,000,6,214,
21/10/2025 07:00:00,000,5,22281483,21/10/2025 07:00:00,000,6,2642,
21/10/2025 07:15:00,000,5,291868803,21/10/2025 07:15:00,000,6,2642,
21/10/2025 07:30:00,000,5,338112657,21/10/2025 07:30:00,000,6,2642,
21/10/2025 07:45:00,000,5,409821144,21/10/2025 07:45:00,000,6,2642,
21/10/2025 08:00:00,000,5,430607967,21/10/2025 08:00:00,000,6,4665,
21/10/2025 08:15:00,000,5,671193084,21/10/2025 08:15:00,000,6,4665,
21/10/2025 08:30:00,000,5,696132207,21/10/2025 08:30:00,000,6,4665,
21/10/2025 08:45:00,000,5,937040862,21/10/2025 08:45:00,000,6,4665,
21/10/2025 09:00:00,000,6,081112691,21/10/2025 09:00:00,000,7,0699,
21/10/2025 09:15:00,000,6,159650378,21/10/2025 09:15:00,000,7,0699,
21/10/2025 09:30:00,000,6,058725382,21/10/2025 09:30:00,000,7,0699,
21/10/2025 09:45:00,000,6,300784774,21/10/2025 09:45:00,000,7,0699,
21/10/2025 10:00:00,000,6,514565023,21/10/2025 10:00:00,000,8,1773,
21/10/2025 10:15:00,000,6,573321498,21/10/2025 10:15:00,000,8,1773,
21/10/2025 10:30:00,000,7,065623717,21/10/2025 10:30:00,000,8,1773,
21/10/2025 10:45:00,000,7,041209252,21/10/2025 10:45:00,000,8,1773,
21/10/2025 11:00:00,000,7,370307745,21/10/2025 11:00:00,000,9,4614,
21/10/2025 11:15:00,000,7,647842329,21/10/2025 11:15:00,000,9,4614,
21/10/2025 11:30:00,000,7,930956636,21/10/2025 11:30:00,000,9,4614,
21/10/2025 11:45:00,000,8,676333966,21/10/2025 11:45:00,000,9,4614,
21/10/2025 12:00:00,000,8,679762993,21/10/2025 12:00:00,000,10,3399,
21/10/2025 12:15:00,000,8,873722685,21/10/2025 12:15:00,000,10,3399,
21/10/2025 12:30:00,000,9,290103678,21/10/2025 12:30:00,000,10,3399,
21/10/2025 12:45:00,000,9,322124485,21/10/2025 12:45:00,000,10,3399,
21/10/2025 13:00:00,000,9,345411844,21/10/2025 13:00:00,000,11,0302,
21/10/2025 13:15:00,000,9,714200756,21/10/2025 13:15:00,000,11,0302,
21/10/2025 13:30:00,000,9,526889975,21/10/2025 13:30:00,000,11,0302,
21/10/2025 13:45:00,000,9,791175142,21/10/2025 13:45:00,000,11,0302,
21/10/2025 14:00:00,000,9,592460918,21/10/2025 14:00:00,000,11,7148,
21/10/2025 14:15:00,000,9,842982967,21/10/2025 14:15:00,000,11,7148,
21/10/2025 14:30:00,000,9,770800841,21/10/2025 14:30:00,000,11,7148,
21/10/2025 14:45:00,000,9,592113538,21/10/2025 14:45:00,000,11,7148,
21/10/2025 15:00:00,000,9,665743938,21/10/2025 15:00:00,000,11,3987,
21/10/2025 15:15:00,000,9,647151055,21/10/2025 15:15:00,000,11,3987,
21/10/2025 15:30:00,000,9,495094037,21/10/2025 15:30:00,000,11,3987,
21/10/2025 15:45:00,000,9,673546885,21/10/2025 15:45:00,000,11,3987,
21/10/2025 16:00:00,000,9,55611613,21/10/2025 16:00:00,000,10,9923,
21/10/2025 16:15:00,000,9,338300324,21/10/2025 16:15:00,000,10,9923,
21/10/2025 16:30:00,000,9,374277659,21/10/2025 16:30:00,000,10,9923,
21/10/2025 16:45:00,000,9,188126158,21/10/2025 16:45:00,000,10,9923,
21/10/2025 17:00:00,000,9,125721593,21/10/2025 17:00:00,000,9,8603,
21/10/2025 17:15:00,000,8,823669368,21/10/2025 17:15:00,000,9,8603,
21/10/2025 17:30:00,000,8,451478022,21/10/2025 17:30:00,000,9,8603,
21/10/2025 17:45:00,000,8,490196264,21/10/2025 17:45:00,000,9,8603,
21/10/2025 18:00:00,000,8,410857059,21/10/2025 18:00:00,000,9,0794,
21/10/2025 18:15:00,000,8,148521743,21/10/2025 18:15:00,000,9,0794,
21/10/2025 18:30:00,000,8,322471954,21/10/2025 18:30:00,000,9,0794,
21/10/2025 18:45:00,000,8,185608926,21/10/2025 18:45:00,000,9,0794,
21/10/2025 19:00:00,000,7,989897726,21/10/2025 19:00:00,000,8,47,
21/10/2025 19:15:00,000,7,957098719,21/10/2025 19:15:00,000,8,47,
21/10/2025 19:30:00,000,8,097354974,21/10/2025 19:30:00,000,8,47,
21/10/2025 19:45:00,000,7,858618459,21/10/2025 19:45:00,000,8,47,
21/10/2025 20:00:00,000,7,790287255,21/10/2025 20:00:00,000,8,2926,
21/10/2025 20:15:00,000,7,954235464,21/10/2025 20:15:00,000,8,2926,
21/10/2025 20:30:00,000,7,676542642,21/10/2025 20:30:00,000,8,2926,
21/10/2025 20:45:00,000,7,866005924,21/10/2025 20:45:00,000,8,2926,
21/10/2025 21:00:00,000,7,753374317,21/10/2025 21:00:00,000,7,9959,
21/10/2025 21:15:00,000,7,711294725,21/10/2025 21:15:00,000,7,9959,
21/10/2025 21:30:00,000,7,698260201,21/10/2025 21:30:00,000,7,9959,
21/10/2025 21:45:00,000,7,540614084,21/10/2025 21:45:00,000,7,9959,
21/10/2025 22:00:00,000,7,380080602,21/10/2025 22:00:00,000,7,9751,
21/10/2025 22:15:00,000,7,389919726,21/10/2025 22:15:00,000,7,9751,
21/10/2025 22:30:00,000,7,326328347,21/10/2025 22:30:00,000,7,9751,
21/10/2025 22:45:00,000,7,274258879,21/10/2025 22:45:00,000,7,9751,
21/10/2025 23:00:00,000,7,099013076,21/10/2025 23:00:00,000,7,8245,
21/10/2025 23:15:00,000,6,919435077,21/10/2025 23:15:00,000,7,8245,
21/10/2025 23:30:00,000,6,939307853,21/10/2025 23:30:00,000,7,8245,
21/10/2025 23:45:00,000,6,947005595,21/10/2025 23:45:00,000,7,8245,
22/10/2025 00:00:00,000,6,955814242,22/10/2025 00:00:00,000,7,9983,
22/10/2025 00:15:00,000,7,031200808,22/10/2025 00:15:00,000,7,9983,
22/10/2025 00:30:00,000,7,293917082,22/10/2025 00:30:00,000,7,9983,
22/10/2025 00:45:00,000,7,233459593,22/10/2025 00:45:00,000,7,9983,
22/10/2025 01:00:00,000,7,401216841,22/10/2025 01:00:00,000,7,9826,
22/10/2025 01:15:00,000,7,507300478,22/10/2025 01:15:00,000,7,9826,
22/10/2025 01:30:00,000,7,317122906,22/10/2025 01:30:00,000,7,9826,
22/10/2025 01:45:00,000,7,523601983,22/10/2025 01:45:00,000,7,9826,
22/10/2025 02:00:00,000,7,444938359,22/10/2025 02:00:00,000,8,0289,
22/10/2025 02:15:00,000,7,518386968,22/10/2025 02:15:00,000,8,0289,
22/10/2025 02:30:00,000,7,3943065,22/10/2025 02:30:00,000,8,0289,
22/10/2025 02:45:00,000,7,409843004,22/10/2025 02:45:00,000,8,0289,
22/10/2025 03:00:00,000,7,433048824,22/10/2025 03:00:00,000,7,862,
22/10/2025 03:15:00,000,7,360468091,22/10/2025 03:15:00,000,7,862,
22/10/2025 03:30:00,000,7,472644875,22/10/2025 03:30:00,000,7,862,
22/10/2025 03:45:00,000,7,28362177,22/10/2025 03:45:00,000,7,862,
22/10/2025 04:00:00,000,7,193256749,22/10/2025 04:00:00,000,7,8011,
22/10/2025 04:15:00,000,7,142065191,22/10/2025 04:15:00,000,7,8011,
22/10/2025 04:30:00,000,7,155523086,22/10/2025 04:30:00,000,7,8011,
22/10/2025 04:45:00,000,6,823679752,22/10/2025 04:45:00,000,7,8011,
22/10/2025 05:00:00,000,6,946465492,22/10/2025 05:00:00,000,7,3819,
22/10/2025 05:15:00,000,7,041707175,22/10/2025 05:15:00,000,7,3819,
22/10/2025 05:30:00,000,7,368696065,22/10/2025 05:30:00,000,7,3819,
22/10/2025 05:45:00,000,7,583122235,22/10/2025 05:45:00,000,7,3819,
22/10/2025 06:00:00,000,7,963298817,22/10/2025 06:00:00,000,7,389,
22/10/2025 06:15:00,000,8,028092444,22/10/2025 06:15:00,000,7,389,
22/10/2025 06:30:00,000,7,958775468,22/10/2025 06:30:00,000,7,389,
22/10/2025 06:45:00,000,8,025532508,22/10/2025 06:45:00,000,7,389,
22/10/2025 07:00:00,000,7,85010589,22/10/2025 07:00:00,000,7,5873,
22/10/2025 07:15:00,000,8,0394485,22/10/2025 07:15:00,000,7,5873,
22/10/2025 07:30:00,000,7,945480036,22/10/2025 07:30:00,000,7,5873,
22/10/2025 07:45:00,000,7,809935126,22/10/2025 07:45:00,000,7,5873,
22/10/2025 08:00:00,000,8,016688135,22/10/2025 08:00:00,000,8,6751,
22/10/2025 08:15:00,000,7,902204473,22/10/2025 08:15:00,000,8,6751,
22/10/2025 08:30:00,000,8,152744268,22/10/2025 08:30:00,000,8,6751,
22/10/2025 08:45:00,000,8,316911329,22/10/2025 08:45:00,000,8,6751,
22/10/2025 09:00:00,000,8,555399991,22/10/2025 09:00:00,000,9,7034,
22/10/2025 09:15:00,000,8,543355463,22/10/2025 09:15:00,000,9,7034,
22/10/2025 09:30:00,000,8,892384878,22/10/2025 09:30:00,000,9,7034,
22/10/2025 09:45:00,000,9,068255341,22/10/2025 09:45:00,000,9,7034,
22/10/2025 10:00:00,000,9,69227783,22/10/2025 10:00:00,000,11,4244,
22/10/2025 10:15:00,000,9,737485569,22/10/2025 10:15:00,000,11,4244,
22/10/2025 10:30:00,000,10,16173845,22/10/2025 10:30:00,000,11,4244,
22/10/2025 10:45:00,000,10,63351778,22/10/2025 10:45:00,000,11,4244,
22/10/2025 11:00:00,000,11,01457953,22/10/2025 11:00:00,000,12,8656,
22/10/2025 11:15:00,000,11,33383799,22/10/2025 11:15:00,000,12,8656,
22/10/2025 11:30:00,000,11,90542628,22/10/2025 11:30:00,000,12,8656,
22/10/2025 11:45:00,000,13,65674685,22/10/2025 11:45:00,000,12,8656,
22/10/2025 12:00:00,000,13,89816677,22/10/2025 12:00:00,000,14,0122,
22/10/2025 12:15:00,000,14,61629709,22/10/2025 12:15:00,000,14,0122,
22/10/2025 12:30:00,000,14,61972207,22/10/2025 12:30:00,000,14,0122,
22/10/2025 12:45:00,000,14,8189074,22/10/2025 12:45:00,000,14,0122,
22/10/2025 13:00:00,000,15,16233732,22/10/2025 13:00:00,000,14,907,
22/10/2025 13:15:00,000,14,95949581,22/10/2025 13:15:00,000,14,907,
22/10/2025 13:30:00,000,15,62305911,22/10/2025 13:30:00,000,14,907,
22/10/2025 13:45:00,000,15,45013078,22/10/2025 13:45:00,000,14,907,
22/10/2025 14:00:00,000,15,63869361,22/10/2025 14:00:00,000,16,2882,
22/10/2025 14:15:00,000,15,43529422,22/10/2025 14:15:00,000,16,2882,
22/10/2025 14:30:00,000,15,01966923,22/10/2025 14:30:00,000,16,2882,
22/10/2025 14:45:00,000,15,47294288,22/10/2025 14:45:00,000,16,2882,
22/10/2025 15:00:00,000,15,08323724,22/10/2025 15:00:00,000,16,7857,
22/10/2025 15:15:00,000,15,26041456,22/10/2025 15:15:00,000,16,7857,
22/10/2025 15:30:00,000,15,04928779,22/10/2025 15:30:00,000,16,7857,
22/10/2025 15:45:00,000,14,85891106,22/10/2025 15:45:00,000,16,7857,
22/10/2025 16:00:00,000,14,88440796,22/10/2025 16:00:00,000,16,6682,
22/10/2025 16:15:00,000,14,8280011,22/10/2025 16:15:00,000,16,6682,
22/10/2025 16:30:00,000,14,25894191,22/10/2025 16:30:00,000,16,6682,
22/10/2025 16:45:00,000,14,41610434,22/10/2025 16:45:00,000,16,6682,
22/10/2025 17:00:00,000,13,71867103,22/10/2025 17:00:00,000,15,1201,
22/10/2025 17:15:00,000,13,59377296,22/10/2025 17:15:00,000,15,1201,
22/10/2025 17:30:00,000,13,29005466,22/10/2025 17:30:00,000,15,1201,
22/10/2025 17:45:00,000,13,23527849,22/10/2025 17:45:00,000,15,1201,
22/10/2025 18:00:00,000,13,07217104,22/10/2025 18:00:00,000,13,306,
22/10/2025 18:15:00,000,13,04226339,22/10/2025 18:15:00,000,13,306,
22/10/2025 18:30:00,000,12,94016015,22/10/2025 18:30:00,000,13,306,
22/10/2025 18:45:00,000,13,2351352,22/10/2025 18:45:00,000,13,306,
22/10/2025 19:00:00,000,12,86191324,22/10/2025 19:00:00,000,12,5714,
22/10/2025 19:15:00,000,12,5781498,22/10/2025 19:15:00,000,12,5714,
22/10/2025 19:30:00,000,12,60290724,22/10/2025 19:30:00,000,12,5714,
22/10/2025 19:45:00,000,12,52161192,22/10/2025 19:45:00,000,12,5714,
22/10/2025 20:00:00,000,12,53699832,22/10/2025 20:00:00,000,12,3982,
22/10/2025 20:15:00,000,12,29107333,22/10/2025 20:15:00,000,12,3982,
22/10/2025 20:30:00,000,11,93918446,22/10/2025 20:30:00,000,12,3982,
22/10/2025 20:45:00,000,11,73988899,22/10/2025 20:45:00,000,12,3982,
22/10/2025 21:00:00,000,11,6068933,22/10/2025 21:00:00,000,11,5504,
22/10/2025 21:15:00,000,11,54491714,22/10/2025 21:15:00,000,11,5504,
22/10/2025 21:30:00,000,11,599223,22/10/2025 21:30:00,000,11,5504,
22/10/2025 21:45:00,000,11,64750194,22/10/2025 21:45:00,000,11,5504,
22/10/2025 22:00:00,000,11,13043296,22/10/2025 22:00:00,000,11,2863,
22/10/2025 22:15:00,000,11,26247352,22/10/2025 22:15:00,000,11,2863,
22/10/2025 22:30:00,000,11,12943496,22/10/2025 22:30:00,000,11,2863,
22/10/2025 22:45:00,000,10,85256812,22/10/2025 22:45:00,000,11,2863,
22/10/2025 23:00:00,000,10,57761807,22/10/2025 23:00:00,000,10,5044,
22/10/2025 23:15:00,000,10,35392846,22/10/2025 23:15:00,000,10,5044,
22/10/2025 23:30:00,000,10,13983675,22/10/2025 23:30:00,000,10,5044,
22/10/2025 23:45:00,000,10,20096717,22/10/2025 23:45:00,000,10,5044,
23/10/2025 00:00:00,000,10,22189378,23/10/2025 00:00:00,000,10,0384,
23/10/2025 00:15:00,000,10,10784755,23/10/2025 00:15:00,000,10,0384,
23/10/2025 00:30:00,000,10,20289143,23/10/2025 00:30:00,000,10,0384,
23/10/2025 00:45:00,000,10,00253774,23/10/2025 00:45:00,000,10,0384,
23/10/2025 01:00:00,000,9,984918168,23/10/2025 01:00:00,000,9,6218,
23/10/2025 01:15:00,000,9,679794983,23/10/2025 01:15:00,000,9,6218,
23/10/2025 01:30:00,000,9,495235165,23/10/2025 01:30:00,000,9,6218,
23/10/2025 01:45:00,000,9,476563297,23/10/2025 01:45:00,000,9,6218,
23/10/2025 02:00:00,000,9,424235431,23/10/2025 02:00:00,000,9,2992,
23/10/2025 02:15:00,000,9,423312375,23/10/2025 02:15:00,000,9,2992,
23/10/2025 02:30:00,000,9,378130707,23/10/2025 02:30:00,000,9,2992,
23/10/2025 02:45:00,000,9,199893128,23/10/2025 02:45:00,000,9,2992,
23/10/2025 03:00:00,000,9,218625009,23/10/2025 03:00:00,000,8,7877,
23/10/2025 03:15:00,000,9,304551295,23/10/2025 03:15:00,000,8,7877,
23/10/2025 03:30:00,000,9,076682063,23/10/2025 03:30:00,000,8,7877,
23/10/2025 03:45:00,000,9,17540693,23/10/2025 03:45:00,000,8,7877,
23/10/2025 04:00:00,000,9,05880541,23/10/2025 04:00:00,000,8,5428,
23/10/2025 04:15:00,000,9,121275011,23/10/2025 04:15:00,000,8,5428,
23/10/2025 04:30:00,000,8,955886916,23/10/2025 04:30:00,000,8,5428,
23/10/2025 04:45:00,000,8,87359002,23/10/2025 04:45:00,000,8,5428,
23/10/2025 05:00:00,000,8,752693469,23/10/2025 05:00:00,000,8,449,
23/10/2025 05:15:00,000,8,839848363,23/10/2025 05:15:00,000,8,449,
23/10/2025 05:30:00,000,8,734879382,23/10/2025 05:30:00,000,8,449,
23/10/2025 05:45:00,000,8,694074426,23/10/2025 05:45:00,000,8,449,
23/10/2025 06:00:00,000,8,848737369,23/10/2025 06:00:00,000,8,869,
23/10/2025 06:15:00,000,8,864415144,23/10/2025 06:15:00,000,8,869,
23/10/2025 06:30:00,000,9,021217379,23/10/2025 06:30:00,000,8,869,
23/10/2025 06:45:00,000,8,939617924,23/10/2025 06:45:00,000,8,869,
23/10/2025 07:00:00,000,8,877822078,23/10/2025 07:00:00,000,9,167,
23/10/2025 07:15:00,000,8,56333641,23/10/2025 07:15:00,000,9,167,
23/10/2025 07:30:00,000,8,549677755,23/10/2025 07:30:00,000,9,167,
23/10/2025 07:45:00,000,8,740586553,23/10/2025 07:45:00,000,9,167,
23/10/2025 08:00:00,000,8,841723016,23/10/2025 08:00:00,000,9,5866,
23/10/2025 08:15:00,000,9,067980373,23/10/2025 08:15:00,000,9,5866,
23/10/2025 08:30:00,000,9,649597641,23/10/2025 08:30:00,000,9,5866,
23/10/2025 08:45:00,000,9,884258862,23/10/2025 08:45:00,000,9,5866,
23/10/2025 09:00:00,000,10,30513223,23/10/2025 09:00:00,000,10,5674,
23/10/2025 09:15:00,000,10,43380077,23/10/2025 09:15:00,000,10,5674,
23/10/2025 09:30:00,000,10,79399972,23/10/2025 09:30:00,000,10,5674,
23/10/2025 09:45:00,000,10,9891916,23/10/2025 09:45:00,000,10,5674,
23/10/2025 10:00:00,000,11,70606433,23/10/2025 10:00:00,000,12,1275,
23/10/2025 10:15:00,000,11,88538003,23/10/2025 10:15:00,000,12,1275,
23/10/2025 10:30:00,000,12,39976305,23/10/2025 10:30:00,000,12,1275,
23/10/2025 10:45:00,000,13,14256402,23/10/2025 10:45:00,000,12,1275,
23/10/2025 11:00:00,000,13,34664459,23/10/2025 11:00:00,000,14,241,
23/10/2025 11:15:00,000,13,7550835,23/10/2025 11:15:00,000,14,241,
23/10/2025 11:30:00,000,14,00671172,23/10/2025 11:30:00,000,14,241,
23/10/2025 11:45:00,000,14,7005083,23/10/2025 11:45:00,000,14,241,
23/10/2025 12:00:00,000,14,94736577,23/10/2025 12:00:00,000,15,6292,
23/10/2025 12:15:00,000,15,03419213,23/10/2025 12:15:00,000,15,6292,
23/10/2025 12:30:00,000,15,32774125,23/10/2025 12:30:00,000,15,6292,
23/10/2025 12:45:00,000,15,31078664,23/10/2025 12:45:00,000,15,6292,
23/10/2025 13:00:00,000,15,80534851,23/10/2025 13:00:00,000,16,1827,
23/10/2025 13:15:00,000,15,62055645,23/10/2025 13:15:00,000,16,1827,
23/10/2025 13:30:00,000,16,10147568,23/10/2025 13:30:00,000,16,1827,
23/10/2025 13:45:00,000,15,89264242,23/10/2025 13:45:00,000,16,1827,
23/10/2025 14:00:00,000,16,38255878,23/10/2025 14:00:00,000,16,8643,
23/10/2025 14:15:00,000,16,19252335,23/10/2025 14:15:00,000,16,8643,
23/10/2025 14:30:00,000,16,41376499,23/10/2025 14:30:00,000,16,8643,
23/10/2025 14:45:00,000,16,75573649,23/10/2025 14:45:00,000,16,8643,
23/10/2025 15:00:00,000,16,42262316,23/10/2025 15:00:00,000,17,006,
23/10/2025 15:15:00,000,16,43793519,23/10/2025 15:15:00,000,17,006,
23/10/2025 15:30:00,000,16,9512922,23/10/2025 15:30:00,000,17,006,
23/10/2025 15:45:00,000,16,82014224,23/10/2025 15:45:00,000,17,006,
23/10/2025 16:00:00,000,16,24763458,23/10/2025 16:00:00,000,16,7818,
23/10/2025 16:15:00,000,16,42431359,23/10/2025 16:15:00,000,16,7818,
23/10/2025 16:30:00,000,16,28149713,23/10/2025 16:30:00,000,16,7818,
23/10/2025 16:45:00,000,16,0811887,23/10/2025 16:45:00,000,16,7818,
23/10/2025 17:00:00,000,16,08593998,23/10/2025 17:00:00,000,16,1083,
23/10/2025 17:15:00,000,16,04996107,23/10/2025 17:15:00,000,16,1083,
23/10/2025 17:30:00,000,15,97805551,23/10/2025 17:30:00,000,16,1083,
23/10/2025 17:45:00,000,15,94678456,23/10/2025 17:45:00,000,16,1083,
23/10/2025 18:00:00,000,15,55049987,23/10/2025 18:00:00,000,15,6509,
23/10/2025 18:15:00,000,15,07587251,23/10/2025 18:15:00,000,15,6509,
23/10/2025 18:30:00,000,14,54773054,23/10/2025 18:30:00,000,15,6509,
23/10/2025 18:45:00,000,13,7992729,23/10/2025 18:45:00,000,15,6509,
23/10/2025 19:00:00,000,13,49317259,23/10/2025 19:00:00,000,14,2213,
23/10/2025 19:15:00,000,12,82888588,23/10/2025 19:15:00,000,14,2213,
23/10/2025 19:30:00,000,12,97830914,23/10/2025 19:30:00,000,14,2213,
23/10/2025 19:45:00,000,12,54303876,23/10/2025 19:45:00,000,14,2213,
23/10/2025 20:00:00,000,12,50321781,23/10/2025 20:00:00,000,12,6244,
23/10/2025 20:15:00,000,12,50324972,23/10/2025 20:15:00,000,12,6244,
23/10/2025 20:30:00,000,12,03723949,23/10/2025 20:30:00,000,12,6244,
23/10/2025 20:45:00,000,11,99636962,23/10/2025 20:45:00,000,12,6244,
23/10/2025 21:00:00,000,12,15627542,23/10/2025 21:00:00,000,12,1582,
23/10/2025 21:15:00,000,12,11352552,23/10/2025 21:15:00,000,12,1582,
23/10/2025 21:30:00,000,11,95703958,23/10/2025 21:30:00,000,12,1582,
23/10/2025 21:45:00,000,11,77048585,23/10/2025 21:45:00,000,12,1582,
23/10/2025 22:00:00,000,11,88738555,23/10/2025 22:00:00,000,11,9463,
23/10/2025 22:15:00,000,11,57532937,23/10/2025 22:15:00,000,11,9463,
23/10/2025 22:30:00,000,11,69389291,23/10/2025 22:30:00,000,11,9463,
23/10/2025 22:45:00,000,11,0872835,23/10/2025 22:45:00,000,11,9463,
23/10/2025 23:00:00,000,11,2075739,23/10/2025 23:00:00,000,11,7642,
23/10/2025 23:15:00,000,11,14970981,23/10/2025 23:15:00,000,11,7642,
23/10/2025 23:30:00,000,10,65633278,23/10/2025 23:30:00,000,11,7642,
23/10/2025 23:45:00,000,11,07309466,23/10/2025 23:45:00,000,11,7642,
24/10/2025 00:00:00,000,10,63510163,24/10/2025 00:00:00,000,10,9856,
24/10/2025 00:15:00,000,10,76846535,24/10/2025 00:15:00,000,10,9856,
24/10/2025 00:30:00,000,10,72463865,24/10/2025 00:30:00,000,10,9856,
24/10/2025 00:45:00,000,10,72341576,24/10/2025 00:45:00,000,10,9856,
24/10/2025 01:00:00,000,10,62661883,24/10/2025 01:00:00,000,10,7223,
24/10/2025 01:15:00,000,10,36412474,24/10/2025 01:15:00,000,10,7223,
24/10/2025 01:30:00,000,10,10526003,24/10/2025 01:30:00,000,10,7223,
24/10/2025 01:45:00,000,10,1263457,24/10/2025 01:45:00,000,10,7223,
24/10/2025 02:00:00,000,9,956172468,24/10/2025 02:00:00,000,10,8159,
24/10/2025 02:15:00,000,9,857448022,24/10/2025 02:15:00,000,10,8159,
24/10/2025 02:30:00,000,9,827909027,24/10/2025 02:30:00,000,10,8159,
24/10/2025 02:45:00,000,9,837032574,24/10/2025 02:45:00,000,10,8159,
24/10/2025 03:00:00,000,9,973097305,24/10/2025 03:00:00,000,10,6926,
24/10/2025 03:15:00,000,9,8349938,24/10/2025 03:15:00,000,10,6926,
24/10/2025 03:30:00,000,9,907787903,24/10/2025 03:30:00,000,10,6926,
24/10/2025 03:45:00,000,9,967165814,24/10/2025 03:45:00,000,10,6926,
24/10/2025 04:00:00,000,9,693730966,24/10/2025 04:00:00,000,10,9623,
24/10/2025 04:15:00,000,10,06091586,24/10/2025 04:15:00,000,10,9623,
24/10/2025 04:30:00,000,10,0653759,24/10/2025 04:30:00,000,10,9623,
24/10/2025 04:45:00,000,10,16498797,24/10/2025 04:45:00,000,10,9623,
24/10/2025 05:00:00,000,9,929495286,24/10/2025 05:00:00,000,10,7714,
24/10/2025 05:15:00,000,9,741253802,24/10/2025 05:15:00,000,10,7714,
24/10/2025 05:30:00,000,9,829940975,24/10/2025 05:30:00,000,10,7714,
24/10/2025 05:45:00,000,9,629179561,24/10/2025 05:45:00,000,10,7714,
24/10/2025 06:00:00,000,9,687446686,24/10/2025 06:00:00,000,10,334,
24/10/2025 06:15:00,000,9,422365768,24/10/2025 06:15:00,000,10,334,
24/10/2025 06:30:00,000,9,615051412,24/10/2025 06:30:00,000,10,334,
24/10/2025 06:45:00,000,9,466249585,24/10/2025 06:45:00,000,10,334,
24/10/2025 07:00:00,000,9,407060436,24/10/2025 07:00:00,000,10,3079,
24/10/2025 07:15:00,000,9,376802043,24/10/2025 07:15:00,000,10,3079,
24/10/2025 07:30:00,000,9,052072617,24/10/2025 07:30:00,000,10,3079,
24/10/2025 07:45:00,000,9,001142172,24/10/2025 07:45:00,000,10,3079,
24/10/2025 08:00:00,000,8,845557699,24/10/2025 08:00:00,000,10,4893,
24/10/2025 08:15:00,000,8,796932109,24/10/2025 08:15:00,000,10,4893,
24/10/2025 08:30:00,000,8,790627411,24/10/2025 08:30:00,000,10,4893,
24/10/2025 08:45:00,000,8,737796342,24/10/2025 08:45:00,000,10,4893,
24/10/2025 09:00:00,000,8,587711829,24/10/2025 09:00:00,000,10,408,
24/10/2025 09:15:00,000,8,284868593,24/10/2025 09:15:00,000,10,408,
24/10/2025 09:30:00,000,8,245136455,24/10/2025 09:30:00,000,10,408,
24/10/2025 09:45:00,000,8,292331565,24/10/2025 09:45:00,000,10,408,
24/10/2025 10:00:00,000,8,302710378,24/10/2025 10:00:00,000,10,1935,
24/10/2025 10:15:00,000,8,42759633,24/10/2025 10:15:00,000,10,1935,
24/10/2025 10:30:00,000,8,869283952,24/10/2025 10:30:00,000,10,1935,
24/10/2025 10:45:00,000,8,794937772,24/10/2025 10:45:00,000,10,1935,
24/10/2025 11:00:00,000,9,258481243,24/10/2025 11:00:00,000,10,7809,
24/10/2025 11:15:00,000,9,281650173,24/10/2025 11:15:00,000,10,7809,
24/10/2025 11:30:00,000,9,448581973,24/10/2025 11:30:00,000,10,7809,
24/10/2025 11:45:00,000,9,404957147,24/10/2025 11:45:00,000,10,7809,
24/10/2025 12:00:00,000,9,777553134,24/10/2025 12:00:00,000,11,193,
24/10/2025 12:15:00,000,9,568936042,24/10/2025 12:15:00,000,11,193,
24/10/2025 12:30:00,000,9,826758695,24/10/2025 12:30:00,000,11,193,
24/10/2025 12:45:00,000,9,834260277,24/10/2025 12:45:00,000,11,193,
24/10/2025 13:00:00,000,9,897804591,24/10/2025 13:00:00,000,11,1476,
24/10/2025 13:15:00,000,10,0583456,24/10/2025 13:15:00,000,11,1476,
24/10/2025 13:30:00,000,10,01374124,24/10/2025 13:30:00,000,11,1476,
24/10/2025 13:45:00,000,10,26514224,24/10/2025 13:45:00,000,11,1476,
24/10/2025 14:00:00,000,10,48912556,24/10/2025 14:00:00,000,11,37,
24/10/2025 14:15:00,000,10,70135869,24/10/2025 14:15:00,000,11,37,
24/10/2025 14:30:00,000,10,67989974,24/10/2025 14:30:00,000,11,37,
24/10/2025 14:45:00,000,10,79311937,24/10/2025 14:45:00,000,11,37,
24/10/2025 15:00:00,000,11,09623204,24/10/2025 15:00:00,000,11,6423,
24/10/2025 15:15:00,000,10,92625145,24/10/2025 15:15:00,000,11,6423,
24/10/2025 15:30:00,000,11,102089,24/10/2025 15:30:00,000,11,6423,
24/10/2025 15:45:00,000,10,79823957,24/10/2025 15:45:00,000,11,6423,
24/10/2025 16:00:00,000,11,04015279,24/10/2025 16:00:00,000,11,3644,
24/10/2025 16:15:00,000,10,80037241,24/10/2025 16:15:00,000,11,3644,
24/10/2025 16:30:00,000,10,74117811,24/10/2025 16:30:00,000,11,3644,
24/10/2025 16:45:00,000,10,34724862,24/10/2025 16:45:00,000,11,3644,
24/10/2025 17:00:00,000,10,25814796,24/10/2025 17:00:00,000,10,2332,
24/10/2025 17:15:00,000,9,773714509,24/10/2025 17:15:00,000,10,2332,
24/10/2025 17:30:00,000,9,776980044,24/10/2025 17:30:00,000,10,2332,
24/10/2025 17:45:00,000,9,690217993,24/10/2025 17:45:00,000,10,2332,
24/10/2025 18:00:00,000,9,694745517,24/10/2025 18:00:00,000,9,4277,
24/10/2025 18:15:00,000,9,57836011,24/10/2025 18:15:00,000,9,4277,
24/10/2025 18:30:00,000,9,263587277,24/10/2025 18:30:00,000,9,4277,
24/10/2025 18:45:00,000,9,158218293,24/10/2025 18:45:00,000,9,4277,
24/10/2025 19:00:00,000,9,198206857,24/10/2025 19:00:00,000,8,1563,
24/10/2025 19:15:00,000,9,092364778,24/10/2025 19:15:00,000,8,1563,
24/10/2025 19:30:00,000,9,074591464,24/10/2025 19:30:00,000,8,1563,
24/10/2025 19:45:00,000,8,829791026,24/10/2025 19:45:00,000,8,1563,
24/10/2025 20:00:00,000,8,675286592,24/10/2025 20:00:00,000,7,3149,
24/10/2025 20:15:00,000,8,569495586,24/10/2025 20:15:00,000,7,3149,
24/10/2025 20:30:00,000,8,390804143,24/10/2025 20:30:00,000,7,3149,
24/10/2025 20:45:00,000,8,046516582,24/10/2025 20:45:00,000,7,3149,
24/10/2025 21:00:00,000,7,876981922,24/10/2025 21:00:00,000,7,3287,
24/10/2025 21:15:00,000,7,653650573,24/10/2025 21:15:00,000,7,3287,
24/10/2025 21:30:00,000,7,561006734,24/10/2025 21:30:00,000,7,3287,
24/10/2025 21:45:00,000,7,331112699,24/10/2025 21:45:00,000,7,3287,
24/10/2025 22:00:00,000,7,139969369,24/10/2025 22:00:00,000,6,9623,
24/10/2025 22:15:00,000,7,118548031,24/10/2025 22:15:00,000,6,9623,
24/10/2025 22:30:00,000,6,794752063,24/10/2025 22:30:00,000,6,9623,
24/10/2025 22:45:00,000,6,499760313,24/10/2025 22:45:00,000,6,9623,
24/10/2025 23:00:00,000,6,442292871,24/10/2025 23:00:00,000,5,9196,
24/10/2025 23:15:00,000,6,096589099,24/10/2025 23:15:00,000,5,9196,
24/10/2025 23:30:00,000,5,933404494,24/10/2025 23:30:00,000,5,9196,
24/10/2025 23:45:00,000,5,876330775,24/10/2025 23:45:00,000,5,9196,
25/10/2025 00:00:00,000,5,852674405,25/10/2025 00:00:00,000,5,3517,
25/10/2025 00:15:00,000,5,576673095,25/10/2025 00:15:00,000,5,3517,
25/10/2025 00:30:00,000,5,484590447,25/10/2025 00:30:00,000,5,3517,
25/10/2025 00:45:00,000,5,400460305,25/10/2025 00:45:00,000,5,3517,
25/10/2025 01:00:00,000,5,258537583,25/10/2025 01:00:00,000,5,1567,
25/10/2025 01:15:00,000,5,129574835,25/10/2025 01:15:00,000,5,1567,
25/10/2025 01:30:00,000,4,920576945,25/10/2025 01:30:00,000,5,1567,
25/10/2025 01:45:00,000,4,987638326,25/10/2025 01:45:00,000,5,1567,
25/10/2025 02:00:00,000,4,768539139,25/10/2025 02:00:00,000,4,3629,
25/10/2025 02:15:00,000,4,775270718,25/10/2025 02:15:00,000,4,3629,
25/10/2025 02:30:00,000,4,684785065,25/10/2025 02:30:00,000,4,3629,
25/10/2025 02:45:00,000,4,516763743,25/10/2025 02:45:00,000,4,3629,
25/10/2025 03:00:00,000,4,274413999,25/10/2025 03:00:00,000,3,3063,
25/10/2025 03:15:00,000,4,128760134,25/10/2025 03:15:00,000,3,3063,
25/10/2025 03:30:00,000,4,036551526,25/10/2025 03:30:00,000,3,3063,
25/10/2025 03:45:00,000,4,003655693,25/10/2025 03:45:00,000,3,3063,
25/10/2025 04:00:00,000,3,81847715,25/10/2025 04:00:00,000,2,9935,
25/10/2025 04:15:00,000,3,735726212,25/10/2025 04:15:00,000,2,9935,
25/10/2025 04:30:00,000,3,682084372,25/10/2025 04:30:00,000,2,9935,
25/10/2025 04:45:00,000,3,794834663,25/10/2025 04:45:00,000,2,9935,
25/10/2025 05:00:00,000,3,693707502,25/10/2025 05:00:00,000,3,3475,
25/10/2025 05:15:00,000,3,733395935,25/10/2025 05:15:00,000,3,3475,
25/10/2025 05:30:00,000,3,807786677,25/10/2025 05:30:00,000,3,3475,
25/10/2025 05:45:00,000,3,509090108,25/10/2025 05:45:00,000,3,3475,
25/10/2025 06:00:00,000,3,584454601,25/10/2025 06:00:00,000,3,5175,
25/10/2025 06:15:00,000,3,586998559,25/10/2025 06:15:00,000,3,5175,
25/10/2025 06:30:00,000,3,693065596,25/10/2025 06:30:00,000,3,5175,
25/10/2025 06:45:00,000,3,665571207,25/10/2025 06:45:00,000,3,5175,
25/10/2025 07:00:00,000,3,545807212,25/10/2025 07:00:00,000,3,5105,
25/10/2025 07:15:00,000,3,525886352,25/10/2025 07:15:00,000,3,5105,
25/10/2025 07:30:00,000,3,401507474,25/10/2025 07:30:00,000,3,5105,
25/10/2025 07:45:00,000,3,423305231,25/10/2025 07:45:00,000,3,5105,
25/10/2025 08:00:00,000,3,518165179,25/10/2025 08:00:00,000,4,386,
25/10/2025 08:15:00,000,3,82759442,25/10/2025 08:15:00,000,4,386,
25/10/2025 08:30:00,000,4,202588123,25/10/2025 08:30:00,000,4,386,
25/10/2025 08:45:00,000,4,519607255,25/10/2025 08:45:00,000,4,386,
25/10/2025 09:00:00,000,5,04129105,25/10/2025 09:00:00,000,5,7974,
25/10/2025 09:15:00,000,5,392003367,25/10/2025 09:15:00,000,5,7974,
25/10/2025 09:30:00,000,5,647347146,25/10/2025 09:30:00,000,5,7974,
25/10/2025 09:45:00,000,6,245515448,25/10/2025 09:45:00,000,5,7974,
25/10/2025 10:00:00,000,6,657968065,25/10/2025 10:00:00,000,7,0208,
25/10/2025 10:15:00,000,7,093272922,25/10/2025 10:15:00,000,7,0208,
25/10/2025 10:30:00,000,7,611454449,25/10/2025 10:30:00,000,7,0208,
25/10/2025 10:45:00,000,7,901783414,25/10/2025 10:45:00,000,7,0208,
25/10/2025 11:00:00,000,8,429323408,25/10/2025 11:00:00,000,8,6128,
25/10/2025 11:15:00,000,8,65343088,25/10/2025 11:15:00,000,8,6128,
25/10/2025 11:30:00,000,8,930296415,25/10/2025 11:30:00,000,8,6128,
25/10/2025 11:45:00,000,9,306003286,25/10/2025 11:45:00,000,8,6128,
25/10/2025 12:00:00,000,9,462769685,25/10/2025 12:00:00,000,9,4506,
25/10/2025 12:15:00,000,9,912725449,25/10/2025 12:15:00,000,9,4506,
25/10/2025 12:30:00,000,10,26371088,25/10/2025 12:30:00,000,9,4506,
25/10/2025 12:45:00,000,10,45779379,25/10/2025 12:45:00,000,9,4506,
25/10/2025 13:00:00,000,10,4231956,25/10/2025 13:00:00,000,10,3897,
25/10/2025 13:15:00,000,10,70643941,25/10/2025 13:15:00,000,10,3897,
25/10/2025 13:30:00,000,10,65957152,25/10/2025 13:30:00,000,10,3897,
25/10/2025 13:45:00,000,10,83365179,25/10/2025 13:45:00,000,10,3897,
25/10/2025 14:00:00,000,10,86689572,25/10/2025 14:00:00,000,11,1204,
25/10/2025 14:15:00,000,11,05565256,25/10/2025 14:15:00,000,11,1204,
25/10/2025 14:30:00,000,10,77539349,25/10/2025 14:30:00,000,11,1204,
25/10/2025 14:45:00,000,11,12150967,25/10/2025 14:45:00,000,11,1204,
25/10/2025 15:00:00,000,11,40737695,25/10/2025 15:00:00,000,11,0103,
25/10/2025 15:15:00,000,11,150488,25/10/2025 15:15:00,000,11,0103,
25/10/2025 15:30:00,000,11,5027021,25/10/2025 15:30:00,000,11,0103,
25/10/2025 15:45:00,000,11,28190822,25/10/2025 15:45:00,000,11,0103,
25/10/2025 16:00:00,000,11,2122129,25/10/2025 16:00:00,000,10,5655,
25/10/2025 16:15:00,000,11,21975389,25/10/2025 16:15:00,000,10,5655,
25/10/2025 16:30:00,000,10,78793171,25/10/2025 16:30:00,000,10,5655,
25/10/2025 16:45:00,000,10,50820637,25/10/2025 16:45:00,000,10,5655,
25/10/2025 17:00:00,000,10,21223673,25/10/2025 17:00:00,000,10,524,
25/10/2025 17:15:00,000,10,10353631,25/10/2025 17:15:00,000,10,524,
25/10/2025 17:30:00,000,9,692790108,25/10/2025 17:30:00,000,10,524,
25/10/2025 17:45:00,000,9,444722327,25/10/2025 17:45:00,000,10,524,
25/10/2025 18:00:00,000,9,659637198,25/10/2025 18:00:00,000,9,746,
25/10/2025 18:15:00,000,9,641822923,25/10/2025 18:15:00,000,9,746,
25/10/2025 18:30:00,000,9,281998716,25/10/2025 18:30:00,000,9,746,
25/10/2025 18:45:00,000,9,430440492,25/10/2025 18:45:00,000,9,746,
25/10/2025 19:00:00,000,9,333842758,25/10/2025 19:00:00,000,9,3634,
25/10/2025 19:15:00,000,9,548769698,25/10/2025 19:15:00,000,9,3634,
25/10/2025 19:30:00,000,9,561498574,25/10/2025 19:30:00,000,9,3634,
25/10/2025 19:45:00,000,9,321084057,25/10/2025 19:45:00,000,9,3634,
25/10/2025 20:00:00,000,9,197223874,25/10/2025 20:00:00,000,9,1891,
25/10/2025 20:15:00,000,9,007452718,25/10/2025 20:15:00,000,9,1891,
25/10/2025 20:30:00,000,8,722658187,25/10/2025 20:30:00,000,9,1891,
25/10/2025 20:45:00,000,8,733684825,25/10/2025 20:45:00,000,9,1891,
25/10/2025 21:00:00,000,8,682732962,25/10/2025 21:00:00,000,9,142,
25/10/2025 21:15:00,000,8,424516619,25/10/2025 21:15:00,000,9,142,
25/10/2025 21:30:00,000,8,674238839,25/10/2025 21:30:00,000,9,142,
25/10/2025 21:45:00,000,8,662319086,25/10/2025 21:45:00,000,9,142,
25/10/2025 22:00:00,000,8,495322747,25/10/2025 22:00:00,000,8,7721,
25/10/2025 22:15:00,000,8,14368165,25/10/2025 22:15:00,000,8,7721,
25/10/2025 22:30:00,000,7,819859558,25/10/2025 22:30:00,000,8,7721,
25/10/2025 22:45:00,000,7,55758512,25/10/2025 22:45:00,000,8,7721,
25/10/2025 23:00:00,000,7,527220939,25/10/2025 23:00:00,000,7,7274,
25/10/2025 23:15:00,000,7,238852384,25/10/2025 23:15:00,000,7,7274,
25/10/2025 23:30:00,000,7,191128797,25/10/2025 23:30:00,000,7,7274,
25/10/2025 23:45:00,000,6,864490418,25/10/2025 23:45:00,000,7,7274,
26/10/2025 00:00:00,000,6,898646928,26/10/2025 00:00:00,000,6,6537,
26/10/2025 00:15:00,000,6,680390926,26/10/2025 00:15:00,000,6,6537,
26/10/2025 00:30:00,000,6,471376006,26/10/2025 00:30:00,000,6,6537,
26/10/2025 00:45:00,000,6,506622224,26/10/2025 00:45:00,000,6,6537,
26/10/2025 01:00:00,000,6,198516927,26/10/2025 01:00:00,000,6,3876,
26/10/2025 01:15:00,000,6,09911817,26/10/2025 01:15:00,000,6,3876,
26/10/2025 01:30:00,000,6,047134254,26/10/2025 01:30:00,000,6,3876,
26/10/2025 01:45:00,000,5,927855687,26/10/2025 01:45:00,000,6,3876,
26/10/2025 02:00:00,000,5,885745016,26/10/2025 02:00:00,000,6,8458,
26/10/2025 02:15:00,000,5,946347507,26/10/2025 02:15:00,000,6,8458,
26/10/2025 02:30:00,000,5,951392508,26/10/2025 02:30:00,000,6,8458,
26/10/2025 02:45:00,000,5,918215635,26/10/2025 02:45:00,000,6,8458,
26/10/2025 02:00:00,000,5,887909314,26/10/2025 02:00:00,000,7,1445,
26/10/2025 02:15:00,000,5,750296008,26/10/2025 02:15:00,000,7,1445,
26/10/2025 02:30:00,000,5,559788309,26/10/2025 02:30:00,000,7,1445,
26/10/2025 02:45:00,000,5,552216452,26/10/2025 02:45:00,000,7,1445,
26/10/2025 03:00:00,000,5,648584499,26/10/2025 03:00:00,000,6,965,
26/10/2025 03:15:00,000,5,592481931,26/10/2025 03:15:00,000,6,965,
26/10/2025 03:30:00,000,5,407820454,26/10/2025 03:30:00,000,6,965,
26/10/2025 03:45:00,000,5,377057983,26/10/2025 03:45:00,000,6,965,
26/10/2025 04:00:00,000,5,394776258,26/10/2025 04:00:00,000,6,7618,
26/10/2025 04:15:00,000,5,20692653,26/10/2025 04:15:00,000,6,7618,
26/10/2025 04:30:00,000,5,378822813,26/10/2025 04:30:00,000,6,7618,
26/10/2025 04:45:00,000,5,103160293,26/10/2025 04:45:00,000,6,7618,
26/10/2025 05:00:00,000,5,092631342,26/10/2025 05:00:00,000,6,4582,
26/10/2025 05:15:00,000,5,088482105,26/10/2025 05:15:00,000,6,4582,
26/10/2025 05:30:00,000,5,13400971,26/10/2025 05:30:00,000,6,4582,
26/10/2025 05:45:00,000,4,97595012,26/10/2025 05:45:00,000,6,4582,
26/10/2025 06:00:00,000,4,923439789,26/10/2025 06:00:00,000,6,5763,
26/10/2025 06:15:00,000,4,844796949,26/10/2025 06:15:00,000,6,5763,
26/10/2025 06:30:00,000,4,91224183,26/10/2025 06:30:00,000,6,5763,
26/10/2025 06:45:00,000,5,061156819,26/10/2025 06:45:00,000,6,5763,
26/10/2025 07:00:00,000,5,412841266,26/10/2025 07:00:00,000,7,6462,
26/10/2025 07:15:00,000,5,903090536,26/10/2025 07:15:00,000,7,6462,
26/10/2025 07:30:00,000,6,303515214,26/10/2025 07:30:00,000,7,6462,
26/10/2025 07:45:00,000,6,872328445,26/10/2025 07:45:00,000,7,6462,
26/10/2025 08:00:00,000,7,318776638,26/10/2025 08:00:00,000,8,945,
26/10/2025 08:15:00,000,7,33357016,26/10/2025 08:15:00,000,8,945,
26/10/2025 08:30:00,000,7,759838524,26/10/2025 08:30:00,000,8,945,
26/10/2025 08:45:00,000,7,989825579,26/10/2025 08:45:00,000,8,945,
26/10/2025 09:00:00,000,8,499256451,26/10/2025 09:00:00,000,10,2141,
26/10/2025 09:15:00,000,8,860394352,26/10/2025 09:15:00,000,10,2141,
26/10/2025 09:30:00,000,9,370996556,26/10/2025 09:30:00,000,10,2141,
26/10/2025 09:45:00,000,9,524074621,26/10/2025 09:45:00,000,10,2141,
26/10/2025 10:00:00,000,9,881388706,26/10/2025 10:00:00,000,11,5366,
26/10/2025 10:15:00,000,10,18428192,26/10/2025 10:15:00,000,11,5366,
26/10/2025 10:30:00,000,10,41718243,26/10/2025 10:30:00,000,11,5366,
26/10/2025 10:45:00,000,10,82873109,26/10/2025 10:45:00,000,11,5366,
26/10/2025 11:00:00,000,11,1276532,26/10/2025 11:00:00,000,12,2506,
26/10/2025 11:15:00,000,11,10592821,26/10/2025 11:15:00,000,12,2506,
26/10/2025 11:30:00,000,11,00111649,26/10/2025 11:30:00,000,12,2506,
26/10/2025 11:45:00,000,11,00291708,26/10/2025 11:45:00,000,12,2506,
26/10/2025 12:00:00,000,10,81026617,26/10/2025 12:00:00,000,12,5229,
26/10/2025 12:15:00,000,10,93838439,26/10/2025 12:15:00,000,12,5229,
26/10/2025 12:30:00,000,10,96025649,26/10/2025 12:30:00,000,12,5229,
26/10/2025 12:45:00,000,10,55101636,26/10/2025 12:45:00,000,12,5229,
26/10/2025 13:00:00,000,10,79156184,26/10/2025 13:00:00,000,12,979,
26/10/2025 13:15:00,000,11,07879306,26/10/2025 13:15:00,000,12,979,
26/10/2025 13:30:00,000,10,94580167,26/10/2025 13:30:00,000,12,979,
26/10/2025 13:45:00,000,10,96895095,26/10/2025 13:45:00,000,12,979,
26/10/2025 14:00:00,000,11,2667399,26/10/2025 14:00:00,000,12,4975,
26/10/2025 14:15:00,000,11,52240255,26/10/2025 14:15:00,000,12,4975,
26/10/2025 14:30:00,000,11,37928023,26/10/2025 14:30:00,000,12,4975,
26/10/2025 14:45:00,000,11,42048116,26/10/2025 14:45:00,000,12,4975,
26/10/2025 15:00:00,000,11,26438892,26/10/2025 15:00:00,000,11,7363,
26/10/2025 15:15:00,000,10,89829318,26/10/2025 15:15:00,000,11,7363,
26/10/2025 15:30:00,000,11,01073902,26/10/2025 15:30:00,000,11,7363,
26/10/2025 15:45:00,000,10,49495641,26/10/2025 15:45:00,000,11,7363,
26/10/2025 16:00:00,000,10,45132321,26/10/2025 16:00:00,000,10,8057,
26/10/2025 16:15:00,000,9,98302669,26/10/2025 16:15:00,000,10,8057,
26/10/2025 16:30:00,000,9,732740931,26/10/2025 16:30:00,000,10,8057,
26/10/2025 16:45:00,000,9,507821404,26/10/2025 16:45:00,000,10,8057,
26/10/2025 17:00:00,000,9,521511172,26/10/2025 17:00:00,000,9,3977,
26/10/2025 17:15:00,000,9,438558401,26/10/2025 17:15:00,000,9,3977,
26/10/2025 17:30:00,000,9,689363127,26/10/2025 17:30:00,000,9,3977,
26/10/2025 17:45:00,000,9,597467715,26/10/2025 17:45:00,000,9,3977,
26/10/2025 18:00:00,000,9,403357205,26/10/2025 18:00:00,000,8,5799,
26/10/2025 18:15:00,000,9,34789129,26/10/2025 18:15:00,000,8,5799,
26/10/2025 18:30:00,000,9,094530674,26/10/2025 18:30:00,000,8,5799,
26/10/2025 18:45:00,000,9,000156042,26/10/2025 18:45:00,000,8,5799,
26/10/2025 19:00:00,000,8,866488115,26/10/2025 19:00:00,000,8,14,
26/10/2025 19:15:00,000,8,780524715,26/10/2025 19:15:00,000,8,14,
26/10/2025 19:30:00,000,8,366370456,26/10/2025 19:30:00,000,8,14,
26/10/2025 19:45:00,000,8,475333973,26/10/2025 19:45:00,000,8,14,
26/10/2025 20:00:00,000,8,204408207,26/10/2025 20:00:00,000,8,1839,
26/10/2025 20:15:00,000,7,931741763,26/10/2025 20:15:00,000,8,1839,
26/10/2025 20:30:00,000,7,985821804,26/10/2025 20:30:00,000,8,1839,
26/10/2025 20:45:00,000,7,592677057,26/10/2025 20:45:00,000,8,1839,
26/10/2025 21:00:00,000,7,583552641,26/10/2025 21:00:00,000,8,084,
26/10/2025 21:15:00,000,7,580357944,26/10/2025 21:15:00,000,8,084,
26/10/2025 21:30:00,000,7,466157556,26/10/2025 21:30:00,000,8,084,
26/10/2025 21:45:00,000,7,147846683,26/10/2025 21:45:00,000,8,084,
26/10/2025 22:00:00,000,6,898088636,26/10/2025 22:00:00,000,7,3881,
26/10/2025 22:15:00,000,6,885851422,26/10/2025 22:15:00,000,7,3881,
26/10/2025 22:30:00,000,6,556112032,26/10/2025 22:30:00,000,7,3881,
26/10/2025 22:45:00,000,6,644498297,26/10/2025 22:45:00,000,7,3881,
26/10/2025 23:00:00,000,6,446037692,26/10/2025 23:00:00,000,6,896,
26/10/2025 23:15:00,000,6,175135237,26/10/2025 23:15:00,000,6,896,
26/10/2025 23:30:00,000,6,075741787,26/10/2025 23:30:00,000,6,896,
26/10/2025 23:45:00,000,6,115214399,26/10/2025 23:45:00,000,6,896,
27/10/2025 00:00:00,000,5,957866301,27/10/2025 00:00:00,000,6,5288,
27/10/2025 00:15:00,000,5,82856015,27/10/2025 00:15:00,000,6,5288,
27/10/2025 00:30:00,000,5,988899183,27/10/2025 00:30:00,000,6,5288,
27/10/2025 00:45:00,000,5,979735138,27/10/2025 00:45:00,000,6,5288,
27/10/2025 01:00:00,000,5,929086889,27/10/2025 01:00:00,000,6,2445,
27/10/2025 01:15:00,000,5,988959087,27/10/2025 01:15:00,000,6,2445,
27/10/2025 01:30:00,000,5,907300706,27/10/2025 01:30:00,000,6,2445,
27/10/2025 01:45:00,000,5,723282179,27/10/2025 01:45:00,000,6,2445,
27/10/2025 02:00:00,000,5,462101065,27/10/2025 02:00:00,000,5,7097,
27/10/2025 02:15:00,000,5,455004732,27/10/2025 02:15:00,000,5,7097,
27/10/2025 02:30:00,000,5,233637597,27/10/2025 02:30:00,000,5,7097,
27/10/2025 02:45:00,000,5,23999662,27/10/2025 02:45:00,000,5,7097,
27/10/2025 03:00:00,000,5,156939336,27/10/2025 03:00:00,000,5,421,
27/10/2025 03:15:00,000,4,974906994,27/10/2025 03:15:00,000,5,421,
27/10/2025 03:30:00,000,4,808399064,27/10/2025 03:30:00,000,5,421,
27/10/2025 03:45:00,000,4,70502359,27/10/2025 03:45:00,000,5,421,
27/10/2025 04:00:00,000,4,73254765,27/10/2025 04:00:00,000,5,1961,
27/10/2025 04:15:00,000,4,556813631,27/10/2025 04:15:00,000,5,1961,
27/10/2025 04:30:00,000,4,443569222,27/10/2025 04:30:00,000,5,1961,
27/10/2025 04:45:00,000,4,407135643,27/10/2025 04:45:00,000,5,1961,
27/10/2025 05:00:00,000,4,390790616,27/10/2025 05:00:00,000,4,932,
27/10/2025 05:15:00,000,4,25658228,27/10/2025 05:15:00,000,4,932,
27/10/2025 05:30:00,000,4,158164975,27/10/2025 05:30:00,000,4,932,
27/10/2025 05:45:00,000,4,09647493,27/10/2025 05:45:00,000,4,932,
27/10/2025 06:00:00,000,4,1791781,27/10/2025 06:00:00,000,4,1751,
27/10/2025 06:15:00,000,4,219285991,27/10/2025 06:15:00,000,4,1751,
27/10/2025 06:30:00,000,4,207920446,27/10/2025 06:30:00,000,4,1751,
27/10/2025 06:45:00,000,4,507049351,27/10/2025 06:45:00,000,4,1751,
27/10/2025 07:00:00,000,4,64255486,27/10/2025 07:00:00,000,5,1572,
27/10/2025 07:15:00,000,4,832084481,27/10/2025 07:15:00,000,5,1572,
27/10/2025 07:30:00,000,5,038577317,27/10/2025 07:30:00,000,5,1572,
27/10/2025 07:45:00,000,5,440492125,27/10/2025 07:45:00,000,5,1572,
27/10/2025 08:00:00,000,5,738889706,27/10/2025 08:00:00,000,6,2107,
27/10/2025 08:15:00,000,5,925795424,27/10/2025 08:15:00,000,6,2107,
27/10/2025 08:30:00,000,6,2830877,27/10/2025 08:30:00,000,6,2107,
27/10/2025 08:45:00,000,6,412517814,27/10/2025 08:45:00,000,6,2107,
27/10/2025 09:00:00,000,6,714868778,27/10/2025 09:00:00,000,6,6415,
27/10/2025 09:15:00,000,7,080985799,27/10/2025 09:15:00,000,6,6415,
27/10/2025 09:30:00,000,7,091968769,27/10/2025 09:30:00,000,6,6415,
27/10/2025 09:45:00,000,7,38001651,27/10/2025 09:45:00,000,6,6415,
27/10/2025 10:00:00,000,7,403460008,27/10/2025 10:00:00,000,7,308,
27/10/2025 10:15:00,000,7,814886468,27/10/2025 10:15:00,000,7,308,
27/10/2025 10:30:00,000,8,068443009,27/10/2025 10:30:00,000,7,308,
27/10/2025 10:45:00,000,7,924749413,27/10/2025 10:45:00,000,7,308,
27/10/2025 11:00:00,000,8,268330005,27/10/2025 11:00:00,000,8,0367,
27/10/2025 11:15:00,000,8,42742694,27/10/2025 11:15:00,000,8,0367,
27/10/2025 11:30:00,000,8,619163231,27/10/2025 11:30:00,000,8,0367,
27/10/2025 11:45:00,000,8,826813815,27/10/2025 11:45:00,000,8,0367,
27/10/2025 12:00:00,000,8,701780545,27/10/2025 12:00:00,000,8,947,
27/10/2025 12:15:00,000,8,809744986,27/10/2025 12:15:00,000,8,947,
27/10/2025 12:30:00,000,8,71883049,27/10/2025 12:30:00,000,8,947,
27/10/2025 12:45:00,000,8,81774984,27/10/2025 12:45:00,000,8,947,
27/10/2025 13:00:00,000,8,737861824,27/10/2025 13:00:00,000,9,0495,
27/10/2025 13:15:00,000,8,6368634,27/10/2025 13:15:00,000,9,0495,
27/10/2025 13:30:00,000,8,482044531,27/10/2025 13:30:00,000,9,0495,
27/10/2025 13:45:00,000,8,32167305,27/10/2025 13:45:00,000,9,0495,
27/10/2025 14:00:00,000,8,366381977,27/10/2025 14:00:00,000,8,5492,
27/10/2025 14:15:00,000,8,311146599,27/10/2025 14:15:00,000,8,5492,
27/10/2025 14:30:00,000,8,331212553,27/10/2025 14:30:00,000,8,5492,
27/10/2025 14:45:00,000,8,047648692,27/10/2025 14:45:00,000,8,5492,
27/10/2025 15:00:00,000,8,292434699,27/10/2025 15:00:00,000,7,6798,
27/10/2025 15:15:00,000,8,319818398,27/10/2025 15:15:00,000,7,6798,
27/10/2025 15:30:00,000,8,428390215,27/10/2025 15:30:00,000,7,6798,
27/10/2025 15:45:00,000,8,434193631,27/10/2025 15:45:00,000,7,6798,
27/10/2025 16:00:00,000,8,311206229,27/10/2025 16:00:00,000,7,4556,
27/10/2025 16:15:00,000,8,12550494,27/10/2025 16:15:00,000,7,4556,
27/10/2025 16:30:00,000,8,339570664,27/10/2025 16:30:00,000,7,4556,
27/10/2025 16:45:00,000,8,152072857,27/10/2025 16:45:00,000,7,4556,
27/10/2025 17:00:00,000,8,461435819,27/10/2025 17:00:00,000,7,1317,
27/10/2025 17:15:00,000,8,545057258,27/10/2025 17:15:00,000,7,1317,
27/10/2025 17:30:00,000,8,849039794,27/10/2025 17:30:00,000,7,1317,
27/10/2025 17:45:00,000,8,689800099,27/10/2025 17:45:00,000,7,1317,
27/10/2025 18:00:00,000,8,812959071,27/10/2025 18:00:00,000,7,3719,
27/10/2025 18:15:00,000,8,876792381,27/10/2025 18:15:00,000,7,3719,
27/10/2025 18:30:00,000,8,931451844,27/10/2025 18:30:00,000,7,3719,
27/10/2025 18:45:00,000,8,604890094,27/10/2025 18:45:00,000,7,3719,
27/10/2025 19:00:00,000,8,538176765,27/10/2025 19:00:00,000,7,3675,
27/10/2025 19:15:00,000,8,61424764,27/10/2025 19:15:00,000,7,3675,
27/10/2025 19:30:00,000,8,62087086,27/10/2025 19:30:00,000,7,3675,
27/10/2025 19:45:00,000,8,42698288,27/10/2025 19:45:00,000,7,3675,
27/10/2025 20:00:00,000,8,373796388,27/10/2025 20:00:00,000,7,0641,
27/10/2025 20:15:00,000,8,227556769,27/10/2025 20:15:00,000,7,0641,
27/10/2025 20:30:00,000,8,224709178,27/10/2025 20:30:00,000,7,0641,
27/10/2025 20:45:00,000,8,224731832,27/10/2025 20:45:00,000,7,0641,
27/10/2025 21:00:00,000,8,180000766,27/10/2025 21:00:00,000,7,1903,
27/10/2025 21:15:00,000,8,331210059,27/10/2025 21:15:00,000,7,1903,
27/10/2025 21:30:00,000,8,157696048,27/10/2025 21:30:00,000,7,1903,
27/10/2025 21:45:00,000,8,116756419,27/10/2025 21:45:00,000,7,1903,
27/10/2025 22:00:00,000,8,092602685,27/10/2025 22:00:00,000,7,9725,
27/10/2025 22:15:00,000,7,994483988,27/10/2025 22:15:00,000,7,9725,
27/10/2025 22:30:00,000,7,591175487,27/10/2025 22:30:00,000,7,9725,
27/10/2025 22:45:00,000,7,68812318,27/10/2025 22:45:00,000,7,9725,
27/10/2025 23:00:00,000,7,345009211,27/10/2025 23:00:00,000,7,8163,
27/10/2025 23:15:00,000,7,072395667,27/10/2025 23:15:00,000,7,8163,
27/10/2025 23:30:00,000,7,012513438,27/10/2025 23:30:00,000,7,8163,
27/10/2025 23:45:00,000,6,680077385,27/10/2025 23:45:00,000,7,8163,
28/10/2025 00:00:00,000,6,837980769,28/10/2025 00:00:00,000,7,7331,
28/10/2025 00:15:00,000,6,763102868,28/10/2025 00:15:00,000,7,7331,
28/10/2025 00:30:00,000,6,786209032,28/10/2025 00:30:00,000,7,7331,
28/10/2025 00:45:00,000,7,092543615,28/10/2025 00:45:00,000,7,7331,
28/10/2025 01:00:00,000,6,98501107,28/10/2025 01:00:00,000,7,7443,
28/10/2025 01:15:00,000,7,211536069,28/10/2025 01:15:00,000,7,7443,
28/10/2025 01:30:00,000,7,100842872,28/10/2025 01:30:00,000,7,7443,
28/10/2025 01:45:00,000,6,73858602,28/10/2025 01:45:00,000,7,7443,
28/10/2025 02:00:00,000,6,452214254,28/10/2025 02:00:00,000,7,0563,
28/10/2025 02:15:00,000,6,310097781,28/10/2025 02:15:00,000,7,0563,
28/10/2025 02:30:00,000,6,20258126,28/10/2025 02:30:00,000,7,0563,
28/10/2025 02:45:00,000,6,136060534,28/10/2025 02:45:00,000,7,0563,
28/10/2025 03:00:00,000,6,204880561,28/10/2025 03:00:00,000,6,8273,
28/10/2025 03:15:00,000,5,9169512,28/10/2025 03:15:00,000,6,8273,
28/10/2025 03:30:00,000,5,937676616,28/10/2025 03:30:00,000,6,8273,
28/10/2025 03:45:00,000,5,929004357,28/10/2025 03:45:00,000,6,8273,
28/10/2025 04:00:00,000,5,871178503,28/10/2025 04:00:00,000,6,8106,
28/10/2025 04:15:00,000,5,630405855,28/10/2025 04:15:00,000,6,8106,
28/10/2025 04:30:00,000,5,69173651,28/10/2025 04:30:00,000,6,8106,
28/10/2025 04:45:00,000,5,571710829,28/10/2025 04:45:00,000,6,8106,
28/10/2025 05:00:00,000,5,46860736,28/10/2025 05:00:00,000,6,8499,
28/10/2025 05:15:00,000,5,690870224,28/10/2025 05:15:00,000,6,8499,
28/10/2025 05:30:00,000,5,729680237,28/10/2025 05:30:00,000,6,8499,
28/10/2025 05:45:00,000,5,822059409,28/10/2025 05:45:00,000,6,8499,
28/10/2025 06:00:00,000,5,751031632,28/10/2025 06:00:00,000,6,6804,
28/10/2025 06:15:00,000,5,741983574,28/10/2025 06:15:00,000,6,6804,
28/10/2025 06:30:00,000,5,827736681,28/10/2025 06:30:00,000,6,6804,
28/10/2025 06:45:00,000,5,857541794,28/10/2025 06:45:00,000,6,6804,
28/10/2025 07:00:00,000,5,707076709,28/10/2025 07:00:00,000,6,932,
28/10/2025 07:15:00,000,5,80242947,28/10/2025 07:15:00,000,6,932,
28/10/2025 07:30:00,000,5,902830519,28/10/2025 07:30:00,000,6,932,
28/10/2025 07:45:00,000,6,092492606,28/10/2025 07:45:00,000,6,932,
28/10/2025 08:00:00,000,6,396084912,28/10/2025 08:00:00,000,8,279,
28/10/2025 08:15:00,000,6,730597383,28/10/2025 08:15:00,000,8,279,
28/10/2025 08:30:00,000,6,873241931,28/10/2025 08:30:00,000,8,279,
28/10/2025 08:45:00,000,7,368129708,28/10/2025 08:45:00,000,8,279,
28/10/2025 09:00:00,000,7,519390041,28/10/2025 09:00:00,000,9,5998,
28/10/2025 09:15:00,000,7,806373071,28/10/2025 09:15:00,000,9,5998,
28/10/2025 09:30:00,000,8,224172089,28/10/2025 09:30:00,000,9,5998,
28/10/2025 09:45:00,000,8,085155542,28/10/2025 09:45:00,000,9,5998,
28/10/2025 10:00:00,000,8,249901742,28/10/2025 10:00:00,000,10,4847,
28/10/2025 10:15:00,000,8,73774068,28/10/2025 10:15:00,000,10,4847,
28/10/2025 10:30:00,000,8,847033197,28/10/2025 10:30:00,000,10,4847,
28/10/2025 10:45:00,000,8,950993745,28/10/2025 10:45:00,000,10,4847,
28/10/2025 11:00:00,000,9,365588385,28/10/2025 11:00:00,000,11,1678,
28/10/2025 11:15:00,000,9,63782537,28/10/2025 11:15:00,000,11,1678,
28/10/2025 11:30:00,000,9,568309354,28/10/2025 11:30:00,000,11,1678,
28/10/2025 11:45:00,000,9,775880091,28/10/2025 11:45:00,000,11,1678,
28/10/2025 12:00:00,000,9,939328837,28/10/2025 12:00:00,000,11,6184,
28/10/2025 12:15:00,000,10,06289972,28/10/2025 12:15:00,000,11,6184,
28/10/2025 12:30:00,000,10,38917087,28/10/2025 12:30:00,000,11,6184,
28/10/2025 12:45:00,000,10,48607949,28/10/2025 12:45:00,000,11,6184,
28/10/2025 13:00:00,000,10,46904702,28/10/2025 13:00:00,000,11,5888,
28/10/2025 13:15:00,000,10,73381886,28/10/2025 13:15:00,000,11,5888,
28/10/2025 13:30:00,000,10,78317539,28/10/2025 13:30:00,000,11,5888,
28/10/2025 13:45:00,000,10,6453193,28/10/2025 13:45:00,000,11,5888,
28/10/2025 14:00:00,000,10,65321107,28/10/2025 14:00:00,000,11,2471,
28/10/2025 14:15:00,000,10,56644078,28/10/2025 14:15:00,000,11,2471,
28/10/2025 14:30:00,000,10,12066289,28/10/2025 14:30:00,000,11,2471,
28/10/2025 14:45:00,000,9,657242415,28/10/2025 14:45:00,000,11,2471,
28/10/2025 15:00:00,000,9,611412064,28/10/2025 15:00:00,000,9,9571,
28/10/2025 15:15:00,000,9,168786906,28/10/2025 15:15:00,000,9,9571,
28/10/2025 15:30:00,000,8,878323774,28/10/2025 15:30:00,000,9,9571,
28/10/2025 15:45:00,000,8,637505868,28/10/2025 15:45:00,000,9,9571,
28/10/2025 16:00:00,000,8,816278391,28/10/2025 16:00:00,000,9,2251,
28/10/2025 16:15:00,000,8,55716171,28/10/2025 16:15:00,000,9,2251,
28/10/2025 16:30:00,000,8,64823046,28/10/2025 16:30:00,000,9,2251,
28/10/2025 16:45:00,000,9,025605167,28/10/2025 16:45:00,000,9,2251,
28/10/2025 17:00:00,000,9,114735352,28/10/2025 17:00:00,000,9,1006,
28/10/2025 17:15:00,000,9,242333572,28/10/2025 17:15:00,000,9,1006,
28/10/2025 17:30:00,000,9,619954293,28/10/2025 17:30:00,000,9,1006,
28/10/2025 17:45:00,000,9,793361152,28/10/2025 17:45:00,000,9,1006,
28/10/2025 18:00:00,000,9,556443421,28/10/2025 18:00:00,000,9,0335,
28/10/2025 18:15:00,000,9,676630427,28/10/2025 18:15:00,000,9,0335,
28/10/2025 18:30:00,000,9,760584379,28/10/2025 18:30:00,000,9,0335,
28/10/2025 18:45:00,000,9,503558078,28/10/2025 18:45:00,000,9,0335,
28/10/2025 19:00:00,000,9,752409251,28/10/2025 19:00:00,000,9,1527,
28/10/2025 19:15:00,000,9,76490718,28/10/2025 19:15:00,000,9,1527,
28/10/2025 19:30:00,000,9,690852331,28/10/2025 19:30:00,000,9,1527,
28/10/2025 19:45:00,000,9,940184969,28/10/2025 19:45:00,000,9,1527,
28/10/2025 20:00:00,000,10,08413202,28/10/2025 20:00:00,000,8,7654,
28/10/2025 20:15:00,000,10,39282517,28/10/2025 20:15:00,000,8,7654,
28/10/2025 20:30:00,000,10,20358625,28/10/2025 20:30:00,000,8,7654,
28/10/2025 20:45:00,000,10,31529838,28/10/2025 20:45:00,000,8,7654,
28/10/2025 21:00:00,000,10,43832814,28/10/2025 21:00:00,000,8,4551,
28/10/2025 21:15:00,000,10,6900263,28/10/2025 21:15:00,000,8,4551,
28/10/2025 21:30:00,000,10,72126798,28/10/2025 21:30:00,000,8,4551,
28/10/2025 21:45:00,000,10,5170939,28/10/2025 21:45:00,000,8,4551,
28/10/2025 22:00:00,000,10,6969707,28/10/2025 22:00:00,000,8,3333,
28/10/2025 22:15:00,000,10,33332262,28/10/2025 22:15:00,000,8,3333,
28/10/2025 22:30:00,000,10,26171328,28/10/2025 22:30:00,000,8,3333,
28/10/2025 22:45:00,000,9,970262213,28/10/2025 22:45:00,000,8,3333,
28/10/2025 23:00:00,000,10,04236708,28/10/2025 23:00:00,000,7,9761,
28/10/2025 23:15:00,000,10,11189595,28/10/2025 23:15:00,000,7,9761,
28/10/2025 23:30:00,000,10,20938649,28/10/2025 23:30:00,000,7,9761,
28/10/2025 23:45:00,000,9,947091051,28/10/2025 23:45:00,000,7,9761,
29/10/2025 00:00:00,000,10,11043529,29/10/2025 00:00:00,000,9,2009,
29/10/2025 00:15:00,000,9,813548426,29/10/2025 00:15:00,000,9,2009,
29/10/2025 00:30:00,000,9,804383768,29/10/2025 00:30:00,000,9,2009,
29/10/2025 00:45:00,000,9,972771704,29/10/2025 00:45:00,000,9,2009,
29/10/2025 01:00:00,000,9,896673928,29/10/2025 01:00:00,000,10,4422,
29/10/2025 01:15:00,000,9,811251957,29/10/2025 01:15:00,000,10,4422,
29/10/2025 01:30:00,000,9,921016677,29/10/2025 01:30:00,000,10,4422,
29/10/2025 01:45:00,000,9,644890565,29/10/2025 01:45:00,000,10,4422,
29/10/2025 02:00:00,000,9,581617125,29/10/2025 02:00:00,000,10,0791,
29/10/2025 02:15:00,000,9,51067882,29/10/2025 02:15:00,000,10,0791,
29/10/2025 02:30:00,000,9,668409472,29/10/2025 02:30:00,000,10,0791,
29/10/2025 02:45:00,000,9,543491206,29/10/2025 02:45:00,000,10,0791,
29/10/2025 03:00:00,000,9,329774233,29/10/2025 03:00:00,000,9,8541,
29/10/2025 03:15:00,000,9,217180288,29/10/2025 03:15:00,000,9,8541,
29/10/2025 03:30:00,000,9,069484739,29/10/2025 03:30:00,000,9,8541,
29/10/2025 03:45:00,000,8,81738076,29/10/2025 03:45:00,000,9,8541,
29/10/2025 04:00:00,000,8,736332904,29/10/2025 04:00:00,000,9,2268,
29/10/2025 04:15:00,000,8,700947379,29/10/2025 04:15:00,000,9,2268,
29/10/2025 04:30:00,000,8,500339296,29/10/2025 04:30:00,000,9,2268,
29/10/2025 04:45:00,000,8,271613854,29/10/2025 04:45:00,000,9,2268,
29/10/2025 05:00:00,000,8,132918203,29/10/2025 05:00:00,000,9,005,
29/10/2025 05:15:00,000,8,227277771,29/10/2025 05:15:00,000,9,005,
29/10/2025 05:30:00,000,7,860009915,29/10/2025 05:30:00,000,9,005,
29/10/2025 05:45:00,000,7,817024816,29/10/2025 05:45:00,000,9,005,
29/10/2025 06:00:00,000,7,811972875,29/10/2025 06:00:00,000,8,7356,
29/10/2025 06:15:00,000,7,521770429,29/10/2025 06:15:00,000,8,7356,
29/10/2025 06:30:00,000,7,526906004,29/10/2025 06:30:00,000,8,7356,
29/10/2025 06:45:00,000,7,435067831,29/10/2025 06:45:00,000,8,7356,
29/10/2025 07:00:00,000,7,589910337,29/10/2025 07:00:00,000,8,9501,
29/10/2025 07:15:00,000,7,80030941,29/10/2025 07:15:00,000,8,9501,
29/10/2025 07:30:00,000,7,910279176,29/10/2025 07:30:00,000,8,9501,
29/10/2025 07:45:00,000,8,517061781,29/10/2025 07:45:00,000,8,9501,
29/10/2025 08:00:00,000,8,911225487,29/10/2025 08:00:00,000,10,5666,
29/10/2025 08:15:00,000,9,104298087,29/10/2025 08:15:00,000,10,5666,
29/10/2025 08:30:00,000,9,580362442,29/10/2025 08:30:00,000,10,5666,
29/10/2025 08:45:00,000,9,730408034,29/10/2025 08:45:00,000,10,5666,
29/10/2025 09:00:00,000,10,25633117,29/10/2025 09:00:00,000,12,3949,
29/10/2025 09:15:00,000,10,54061789,29/10/2025 09:15:00,000,12,3949,
29/10/2025 09:30:00,000,11,12244181,29/10/2025 09:30:00,000,12,3949,
29/10/2025 09:45:00,000,11,5706533,29/10/2025 09:45:00,000,12,3949,
29/10/2025 10:00:00,000,11,86564732,29/10/2025 10:00:00,000,14,1053,
29/10/2025 10:15:00,000,11,9665113,29/10/2025 10:15:00,000,14,1053,
29/10/2025 10:30:00,000,12,18726017,29/10/2025 10:30:00,000,14,1053,
29/10/2025 10:45:00,000,12,56311614,29/10/2025 10:45:00,000,14,1053,
29/10/2025 11:00:00,000,13,06240028,29/10/2025 11:00:00,000,14,7963,
29/10/2025 11:15:00,000,13,38846468,29/10/2025 11:15:00,000,14,7963,
29/10/2025 11:30:00,000,13,74597078,29/10/2025 11:30:00,000,14,7963,
29/10/2025 11:45:00,000,13,72562021,29/10/2025 11:45:00,000,14,7963,
29/10/2025 12:00:00,000,13,77786964,29/10/2025 12:00:00,000,15,4597,
29/10/2025 12:15:00,000,13,67316904,29/10/2025 12:15:00,000,15,4597,
29/10/2025 12:30:00,000,13,60281826,29/10/2025 12:30:00,000,15,4597,
29/10/2025 12:45:00,000,13,63836241,29/10/2025 12:45:00,000,15,4597,
29/10/2025 13:00:00,000,14,19877897,29/10/2025 13:00:00,000,16,1194,
29/10/2025 13:15:00,000,14,20445322,29/10/2025 13:15:00,000,16,1194,
29/10/2025 13:30:00,000,13,76377612,29/10/2025 13:30:00,000,16,1194,
29/10/2025 13:45:00,000,13,9312794,29/10/2025 13:45:00,000,16,1194,
29/10/2025 14:00:00,000,14,25907325,29/10/2025 14:00:00,000,15,9815,
29/10/2025 14:15:00,000,14,14617067,29/10/2025 14:15:00,000,15,9815,
29/10/2025 14:30:00,000,13,79348957,29/10/2025 14:30:00,000,15,9815,
29/10/2025 14:45:00,000,14,10558201,29/10/2025 14:45:00,000,15,9815,
29/10/2025 15:00:00,000,13,60040085,29/10/2025 15:00:00,000,15,2997,
29/10/2025 15:15:00,000,13,3977098,29/10/2025 15:15:00,000,15,2997,
29/10/2025 15:30:00,000,12,8785487,29/10/2025 15:30:00,000,15,2997,
29/10/2025 15:45:00,000,12,52099525,29/10/2025 15:45:00,000,15,2997,
29/10/2025 16:00:00,000,11,97225212,29/10/2025 16:00:00,000,12,6529,
29/10/2025 16:15:00,000,11,33628972,29/10/2025 16:15:00,000,12,6529,
29/10/2025 16:30:00,000,11,04840005,29/10/2025 16:30:00,000,12,6529,
29/10/2025 16:45:00,000,10,91640581,29/10/2025 16:45:00,000,12,6529,
29/10/2025 17:00:00,000,10,49782043,29/10/2025 17:00:00,000,10,8948,
29/10/2025 17:15:00,000,10,44759713,29/10/2025 17:15:00,000,10,8948,
29/10/2025 17:30:00,000,10,35958252,29/10/2025 17:30:00,000,10,8948,
29/10/2025 17:45:00,000,10,71044548,29/10/2025 17:45:00,000,10,8948,
29/10/2025 18:00:00,000,10,58507343,29/10/2025 18:00:00,000,10,2551,
29/10/2025 18:15:00,000,10,99871569,29/10/2025 18:15:00,000,10,2551,
29/10/2025 18:30:00,000,11,0535718,29/10/2025 18:30:00,000,10,2551,
29/10/2025 18:45:00,000,11,22644279,29/10/2025 18:45:00,000,10,2551,
29/10/2025 19:00:00,000,11,18298787,29/10/2025 19:00:00,000,10,3974,
29/10/2025 19:15:00,000,11,16050907,29/10/2025 19:15:00,000,10,3974,
29/10/2025 19:30:00,000,10,91695463,29/10/2025 19:30:00,000,10,3974,
29/10/2025 19:45:00,000,11,17170205,29/10/2025 19:45:00,000,10,3974,
29/10/2025 20:00:00,000,10,97230244,29/10/2025 20:00:00,000,10,4815,
29/10/2025 20:15:00,000,11,44015145,29/10/2025 20:15:00,000,10,4815,
29/10/2025 20:30:00,000,11,69180699,29/10/2025 20:30:00,000,10,4815,
29/10/2025 20:45:00,000,11,59796264,29/10/2025 20:45:00,000,10,4815,
29/10/2025 21:00:00,000,11,68972908,29/10/2025 21:00:00,000,10,2413,
29/10/2025 21:15:00,000,12,07623036,29/10/2025 21:15:00,000,10,2413,
29/10/2025 21:30:00,000,11,88224238,29/10/2025 21:30:00,000,10,2413,
29/10/2025 21:45:00,000,12,02059468,29/10/2025 21:45:00,000,10,2413,
29/10/2025 22:00:00,000,12,06038733,29/10/2025 22:00:00,000,10,9824,
29/10/2025 22:15:00,000,12,11104522,29/10/2025 22:15:00,000,10,9824,
29/10/2025 22:30:00,000,11,7005953,29/10/2025 22:30:00,000,10,9824,
29/10/2025 22:45:00,000,12,0537785,29/10/2025 22:45:00,000,10,9824,
29/10/2025 23:00:00,000,11,8954054,29/10/2025 23:00:00,000,11,2643,
29/10/2025 23:15:00,000,12,05477477,29/10/2025 23:15:00,000,11,2643,
29/10/2025 23:30:00,000,11,73347457,29/10/2025 23:30:00,000,11,2643,
29/10/2025 23:45:00,000,11,95599233,29/10/2025 23:45:00,000,11,2643,
30/10/2025 00:00:00,000,11,75912415,30/10/2025 00:00:00,000,11,133,
30/10/2025 00:15:00,000,11,75239343,30/10/2025 00:15:00,000,11,133,
30/10/2025 00:30:00,000,11,82915641,30/10/2025 00:30:00,000,11,133,
30/10/2025 00:45:00,000,11,90033044,30/10/2025 00:45:00,000,11,133,
30/10/2025 01:00:00,000,11,74468314,30/10/2025 01:00:00,000,10,629,
30/10/2025 01:15:00,000,11,44037592,30/10/2025 01:15:00,000,10,629,
30/10/2025 01:30:00,000,11,21375544,30/10/2025 01:30:00,000,10,629,
30/10/2025 01:45:00,000,11,0185281,30/10/2025 01:45:00,000,10,629,
30/10/2025 02:00:00,000,11,06672624,30/10/2025 02:00:00,000,9,8926,
30/10/2025 02:15:00,000,10,58693169,30/10/2025 02:15:00,000,9,8926,
30/10/2025 02:30:00,000,10,43949809,30/10/2025 02:30:00,000,9,8926,
30/10/2025 02:45:00,000,10,36989344,30/10/2025 02:45:00,000,9,8926,
30/10/2025 03:00:00,000,10,2009156,30/10/2025 03:00:00,000,9,9786,
30/10/2025 03:15:00,000,10,09091432,30/10/2025 03:15:00,000,9,9786,
30/10/2025 03:30:00,000,10,42512184,30/10/2025 03:30:00,000,9,9786,
30/10/2025 03:45:00,000,10,16070397,30/10/2025 03:45:00,000,9,9786,
30/10/2025 04:00:00,000,10,40593217,30/10/2025 04:00:00,000,9,8041,
30/10/2025 04:15:00,000,10,15485012,30/10/2025 04:15:00,000,9,8041,
30/10/2025 04:30:00,000,10,24045477,30/10/2025 04:30:00,000,9,8041,
30/10/2025 04:45:00,000,9,867277111,30/10/2025 04:45:00,000,9,8041,
30/10/2025 05:00:00,000,9,463905437,30/10/2025 05:00:00,000,9,691,
30/10/2025 05:15:00,000,9,460259012,30/10/2025 05:15:00,000,9,691,
30/10/2025 05:30:00,000,9,382657655,30/10/2025 05:30:00,000,9,691,
30/10/2025 05:45:00,000,9,41890113,30/10/2025 05:45:00,000,9,691,
30/10/2025 06:00:00,000,9,550104348,30/10/2025 06:00:00,000,9,0305,
30/10/2025 06:15:00,000,9,246565503,30/10/2025 06:15:00,000,9,0305,
30/10/2025 06:30:00,000,9,173884065,30/10/2025 06:30:00,000,9,0305,
30/10/2025 06:45:00,000,9,345295471,30/10/2025 06:45:00,000,9,0305,
30/10/2025 07:00:00,000,9,605421871,30/10/2025 07:00:00,000,9,5672,
30/10/2025 07:15:00,000,9,712604894,30/10/2025 07:15:00,000,9,5672,
30/10/2025 07:30:00,000,9,749686337,30/10/2025 07:30:00,000,9,5672,
30/10/2025 07:45:00,000,10,0239946,30/10/2025 07:45:00,000,9,5672,
30/10/2025 08:00:00,000,10,48129739,30/10/2025 08:00:00,000,10,9737,
30/10/2025 08:15:00,000,10,77507809,30/10/2025 08:15:00,000,10,9737,
30/10/2025 08:30:00,000,10,81072512,30/10/2025 08:30:00,000,10,9737,
30/10/2025 08:45:00,000,11,34331586,30/10/2025 08:45:00,000,10,9737,
30/10/2025 09:00:00,000,11,51081057,30/10/2025 09:00:00,000,12,8086,
30/10/2025 09:15:00,000,11,66179245,30/10/2025 09:15:00,000,12,8086,
30/10/2025 09:30:00,000,12,11308388,30/10/2025 09:30:00,000,12,8086,
30/10/2025 09:45:00,000,12,46656975,30/10/2025 09:45:00,000,12,8086,
30/10/2025 10:00:00,000,12,50470939,30/10/2025 10:00:00,000,13,8313,
30/10/2025 10:15:00,000,12,18164643,30/10/2025 10:15:00,000,13,8313,
30/10/2025 10:30:00,000,12,25697704,30/10/2025 10:30:00,000,13,8313,
30/10/2025 10:45:00,000,13,82855252,30/10/2025 10:45:00,000,13,8313,
30/10/2025 11:00:00,000,13,8306295,30/10/2025 11:00:00,000,14,8086,
30/10/2025 11:15:00,000,13,76286846,30/10/2025 11:15:00,000,14,8086,
30/10/2025 11:30:00,000,13,15489512,30/10/2025 11:30:00,000,14,8086,
30/10/2025 11:45:00,000,13,12074299,30/10/2025 11:45:00,000,14,8086,
30/10/2025 12:00:00,000,13,626065,30/10/2025 12:00:00,000,15,1096,
30/10/2025 12:15:00,000,13,45317699,30/10/2025 12:15:00,000,15,1096,
30/10/2025 12:30:00,000,14,14113037,30/10/2025 12:30:00,000,15,1096,
30/10/2025 12:45:00,000,14,18239947,30/10/2025 12:45:00,000,15,1096,
30/10/2025 13:00:00,000,14,07194555,30/10/2025 13:00:00,000,15,6792,
30/10/2025 13:15:00,000,14,00431242,30/10/2025 13:15:00,000,15,6792,
30/10/2025 13:30:00,000,14,09698384,30/10/2025 13:30:00,000,15,6792,
30/10/2025 13:45:00,000,14,05634456,30/10/2025 13:45:00,000,15,6792,
30/10/2025 14:00:00,000,14,20253689,30/10/2025 14:00:00,000,15,3621,
30/10/2025 14:15:00,000,14,38542001,30/10/2025 14:15:00,000,15,3621,
30/10/2025 14:30:00,000,14,59860501,30/10/2025 14:30:00,000,15,3621,
30/10/2025 14:45:00,000,14,31339869,30/10/2025 14:45:00,000,15,3621,
30/10/2025 15:00:00,000,14,38596448,30/10/2025 15:00:00,000,15,0026,
30/10/2025 15:15:00,000,13,98451244,30/10/2025 15:15:00,000,15,0026,
30/10/2025 15:30:00,000,14,17670304,30/10/2025 15:30:00,000,15,0026,
30/10/2025 15:45:00,000,13,52828041,30/10/2025 15:45:00,000,15,0026,
30/10/2025 16:00:00,000,13,57893849,30/10/2025 16:00:00,000,14,3652,
30/10/2025 16:15:00,000,13,18295484,30/10/2025 16:15:00,000,14,3652,
30/10/2025 16:30:00,000,13,19721067,30/10/2025 16:30:00,000,14,3652,
30/10/2025 16:45:00,000,13,40248381,30/10/2025 16:45:00,000,14,3652,
30/10/2025 17:00:00,000,13,08221935,30/10/2025 17:00:00,000,12,8315,
30/10/2025 17:15:00,000,12,87327922,30/10/2025 17:15:00,000,12,8315,
30/10/2025 17:30:00,000,13,15128928,30/10/2025 17:30:00,000,12,8315,
30/10/2025 17:45:00,000,12,79644775,30/10/2025 17:45:00,000,12,8315,
30/10/2025 18:00:00,000,12,6198151,30/10/2025 18:00:00,000,12,2131,
30/10/2025 18:15:00,000,12,5660869,30/10/2025 18:15:00,000,12,2131,
30/10/2025 18:30:00,000,12,1428627,30/10/2025 18:30:00,000,12,2131,
30/10/2025 18:45:00,000,11,85101837,30/10/2025 18:45:00,000,12,2131,
30/10/2025 19:00:00,000,11,46288135,30/10/2025 19:00:00,000,11,4599,
30/10/2025 19:15:00,000,11,16168251,30/10/2025 19:15:00,000,11,4599,
30/10/2025 19:30:00,000,10,49998334,30/10/2025 19:30:00,000,11,4599,
30/10/2025 19:45:00,000,10,26478412,30/10/2025 19:45:00,000,11,4599,
30/10/2025 20:00:00,000,9,922224495,30/10/2025 20:00:00,000,10,1136,
30/10/2025 20:15:00,000,9,787121414,30/10/2025 20:15:00,000,10,1136,
30/10/2025 20:30:00,000,9,554918039,30/10/2025 20:30:00,000,10,1136,
30/10/2025 20:45:00,000,9,343240179,30/10/2025 20:45:00,000,10,1136,
30/10/2025 21:00:00,000,8,965323268,30/10/2025 21:00:00,000,8,9268,
30/10/2025 21:15:00,000,8,82842529,30/10/2025 21:15:00,000,8,9268,
30/10/2025 21:30:00,000,8,673178146,30/10/2025 21:30:00,000,8,9268,
30/10/2025 21:45:00,000,8,45304406,30/10/2025 21:45:00,000,8,9268,
30/10/2025 22:00:00,000,8,556679773,30/10/2025 22:00:00,000,8,4307,
30/10/2025 22:15:00,000,8,189759862,30/10/2025 22:15:00,000,8,4307,
30/10/2025 22:30:00,000,8,164436164,30/10/2025 22:30:00,000,8,4307,
30/10/2025 22:45:00,000,7,793212096,30/10/2025 22:45:00,000,8,4307,
30/10/2025 23:00:00,000,7,75371415,30/10/2025 23:00:00,000,7,0962,
30/10/2025 23:15:00,000,7,850209473,30/10/2025 23:15:00,000,7,0962,
30/10/2025 23:30:00,000,7,519259593,30/10/2025 23:30:00,000,7,0962,
30/10/2025 23:45:00,000,7,427109284,30/10/2025 23:45:00,000,7,0962,
31/10/2025 00:00:00,000,7,337711279,31/10/2025 00:00:00,000,5,1672,
31/10/2025 00:15:00,000,7,046258776,31/10/2025 00:15:00,000,5,1672,
31/10/2025 00:30:00,000,7,099002915,31/10/2025 00:30:00,000,5,1672,
31/10/2025 00:45:00,000,6,976969793,31/10/2025 00:45:00,000,5,1672,
31/10/2025 01:00:00,000,6,903171778,31/10/2025 01:00:00,000,4,7056,
31/10/2025 01:15:00,000,7,100652408,31/10/2025 01:15:00,000,4,7056,
31/10/2025 01:30:00,000,6,903539792,31/10/2025 01:30:00,000,4,7056,
31/10/2025 01:45:00,000,6,885454136,31/10/2025 01:45:00,000,4,7056,
31/10/2025 02:00:00,000,6,658613221,31/10/2025 02:00:00,000,4,0722,
31/10/2025 02:15:00,000,6,53964826,31/10/2025 02:15:00,000,4,0722,
31/10/2025 02:30:00,000,6,418579339,31/10/2025 02:30:00,000,4,0722,
31/10/2025 02:45:00,000,6,364034019,31/10/2025 02:45:00,000,4,0722,
31/10/2025 03:00:00,000,6,12803957,31/10/2025 03:00:00,000,3,7814,
31/10/2025 03:15:00,000,6,275145748,31/10/2025 03:15:00,000,3,7814,
31/10/2025 03:30:00,000,6,194613215,31/10/2025 03:30:00,000,3,7814,
31/10/2025 03:45:00,000,6,28434514,31/10/2025 03:45:00,000,3,7814,
31/10/2025 04:00:00,000,6,558430008,31/10/2025 04:00:00,000,4,0193,
31/10/2025 04:15:00,000,6,533376431,31/10/2025 04:15:00,000,4,0193,
31/10/2025 04:30:00,000,6,731237847,31/10/2025 04:30:00,000,4,0193,
31/10/2025 04:45:00,000,7,130580966,31/10/2025 04:45:00,000,4,0193,
31/10/2025 05:00:00,000,7,047033315,31/10/2025 05:00:00,000,4,218,
31/10/2025 05:15:00,000,7,238983125,31/10/2025 05:15:00,000,4,218,
31/10/2025 05:30:00,000,7,118642774,31/10/2025 05:30:00,000,4,218,
31/10/2025 05:45:00,000,6,915201642,31/10/2025 05:45:00,000,4,218,
31/10/2025 06:00:00,000,6,736113551,31/10/2025 06:00:00,000,4,4791,
31/10/2025 06:15:00,000,6,676283947,31/10/2025 06:15:00,000,4,4791,
31/10/2025 06:30:00,000,6,442091601,31/10/2025 06:30:00,000,4,4791,
31/10/2025 06:45:00,000,6,465593046,31/10/2025 06:45:00,000,4,4791,
31/10/2025 07:00:00,000,6,424119635,31/10/2025 07:00:00,000,5,2225,
31/10/2025 07:15:00,000,6,628876931,31/10/2025 07:15:00,000,5,2225,
31/10/2025 07:30:00,000,6,978943542,31/10/2025 07:30:00,000,5,2225,
31/10/2025 07:45:00,000,7,506620404,31/10/2025 07:45:00,000,5,2225,
31/10/2025 08:00:00,000,7,641324983,31/10/2025 08:00:00,000,6,9386,
31/10/2025 08:15:00,000,7,915279208,31/10/2025 08:15:00,000,6,9386,
31/10/2025 08:30:00,000,8,222486546,31/10/2025 08:30:00,000,6,9386,
31/10/2025 08:45:00,000,8,556205163,31/10/2025 08:45:00,000,6,9386,
31/10/2025 09:00:00,000,9,009592627,31/10/2025 09:00:00,000,8,8695,
31/10/2025 09:15:00,000,9,285699049,31/10/2025 09:15:00,000,8,8695,
31/10/2025 09:30:00,000,9,628528853,31/10/2025 09:30:00,000,8,8695,
31/10/2025 09:45:00,000,10,31857651,31/10/2025 09:45:00,000,8,8695,
31/10/2025 10:00:00,000,10,72887723,31/10/2025 10:00:00,000,10,8399,
31/10/2025 10:15:00,000,10,98882334,31/10/2025 10:15:00,000,10,8399,
31/10/2025 10:30:00,000,11,36954481,31/10/2025 10:30:00,000,10,8399,
31/10/2025 10:45:00,000,11,60783589,31/10/2025 10:45:00,000,10,8399,
31/10/2025 11:00:00,000,11,86702977,31/10/2025 11:00:00,000,12,6894,
31/10/2025 11:15:00,000,12,14123432,31/10/2025 11:15:00,000,12,6894,
31/10/2025 11:30:00,000,12,2585286,31/10/2025 11:30:00,000,12,6894,
31/10/2025 11:45:00,000,12,72280702,31/10/2025 11:45:00,000,12,6894,
31/10/2025 12:00:00,000,12,5280426,31/10/2025 12:00:00,000,13,3894,
31/10/2025 12:15:00,000,12,95586093,31/10/2025 12:15:00,000,13,3894,
31/10/2025 12:30:00,000,12,99292019,31/10/2025 12:30:00,000,13,3894,
31/10/2025 12:45:00,000,13,22830803,31/10/2025 12:45:00,000,13,3894,
31/10/2025 13:00:00,000,13,30660111,31/10/2025 13:00:00,000,14,0111,
31/10/2025 13:15:00,000,12,94708077,31/10/2025 13:15:00,000,14,0111,
31/10/2025 13:30:00,000,12,97011918,31/10/2025 13:30:00,000,14,0111,
31/10/2025 13:45:00,000,13,45226976,31/10/2025 13:45:00,000,14,0111,
31/10/2025 14:00:00,000,13,56451419,31/10/2025 14:00:00,000,14,3654,
31/10/2025 14:15:00,000,13,52160924,31/10/2025 14:15:00,000,14,3654,
31/10/2025 14:30:00,000,13,4840681,31/10/2025 14:30:00,000,14,3654,
31/10/2025 14:45:00,000,13,47039893,31/10/2025 14:45:00,000,14,3654,
31/10/2025 15:00:00,000,13,21232194,31/10/2025 15:00:00,000,13,3689,
31/10/2025 15:15:00,000,12,81938505,31/10/2025 15:15:00,000,13,3689,
31/10/2025 15:30:00,000,12,39387479,31/10/2025 15:30:00,000,13,3689,
31/10/2025 15:45:00,000,11,84674843,31/10/2025 15:45:00,000,13,3689,
31/10/2025 16:00:00,000,11,07661818,31/10/2025 16:00:00,000,12,0823,
31/10/2025 16:15:00,000,10,74077151,31/10/2025 16:15:00,000,12,0823,
31/10/2025 16:30:00,000,10,36292066,31/10/2025 16:30:00,000,12,0823,
31/10/2025 16:45:00,000,10,47003554,31/10/2025 16:45:00,000,12,0823,
31/10/2025 17:00:00,000,10,30466109,31/10/2025 17:00:00,000,10,3792,
31/10/2025 17:15:00,000,10,08922759,31/10/2025 17:15:00,000,10,3792,
31/10/2025 17:30:00,000,9,897828659,31/10/2025 17:30:00,000,10,3792,
31/10/2025 17:45:00,000,10,14186001,31/10/2025 17:45:00,000,10,3792,
31/10/2025 18:00:00,000,9,902547715,31/10/2025 18:00:00,000,8,9749,
31/10/2025 18:15:00,000,9,772292317,31/10/2025 18:15:00,000,8,9749,
31/10/2025 18:30:00,000,9,841158207,31/10/2025 18:30:00,000,8,9749,
31/10/2025 18:45:00,000,9,425250908,31/10/2025 18:45:00,000,8,9749,
31/10/2025 19:00:00,000,9,404219175,31/10/2025 19:00:00,000,8,4908,
31/10/2025 19:15:00,000,9,382937642,31/10/2025 19:15:00,000,8,4908,
31/10/2025 19:30:00,000,9,516330883,31/10/2025 19:30:00,000,8,4908,
31/10/2025 19:45:00,000,9,413455946,31/10/2025 19:45:00,000,8,4908,
31/10/2025 20:00:00,000,9,518528043,31/10/2025 20:00:00,000,8,4243,
31/10/2025 20:15:00,000,9,593253038,31/10/2025 20:15:00,000,8,4243,
31/10/2025 20:30:00,000,9,83506665,31/10/2025 20:30:00,000,8,4243,
31/10/2025 20:45:00,000,9,698014915,31/10/2025 20:45:00,000,8,4243,
31/10/2025 21:00:00,000,9,509088173,31/10/2025 21:00:00,000,8,7816,
31/10/2025 21:15:00,000,9,3014809,31/10/2025 21:15:00,000,8,7816,
31/10/2025 21:30:00,000,9,220327434,31/10/2025 21:30:00,000,8,7816,
31/10/2025 21:45:00,000,9,480094292,31/10/2025 21:45:00,000,8,7816,
31/10/2025 22:00:00,000,9,429120414,31/10/2025 22:00:00,000,8,6321,
31/10/2025 22:15:00,000,9,245644031,31/10/2025 22:15:00,000,8,6321,
31/10/2025 22:30:00,000,9,273305497,31/10/2025 22:30:00,000,8,6321,
31/10/2025 22:45:00,000,8,994549835,31/10/2025 22:45:00,000,8,6321,
31/10/2025 23:00:00,000,9,142988334,31/10/2025 23:00:00,000,8,2575,
31/10/2025 23:15:00,000,9,312293692,31/10/2025 23:15:00,000,8,2575,
31/10/2025 23:30:00,000,9,167188933,31/10/2025 23:30:00,000,8,2575,
31/10/2025 23:45:00,000,9,076204117,31/10/2025 23:45:00,000,8,2575,
01/11/2025 00:00:00,000,8,964636017,01/11/2025 00:00:00,000,7,9348,
01/11/2025 00:15:00,000,9,102793038,01/11/2025 00:15:00,000,7,9348,
01/11/2025 00:30:00,000,8,856518115,01/11/2025 00:30:00,000,7,9348,
01/11/2025 00:45:00,000,9,074599134,01/11/2025 00:45:00,000,7,9348,
01/11/2025 01:00:00,000,9,215091036,01/11/2025 01:00:00,000,7,1753,
01/11/2025 01:15:00,000,8,979925593,01/11/2025 01:15:00,000,7,1753,
01/11/2025 01:30:00,000,9,361878091,01/11/2025 01:30:00,000,7,1753,
01/11/2025 01:45:00,000,8,959319537,01/11/2025 01:45:00,000,7,1753,
01/11/2025 02:00:00,000,9,023516891,01/11/2025 02:00:00,000,7,165,
01/11/2025 02:15:00,000,8,985840538,01/11/2025 02:15:00,000,7,165,
01/11/2025 02:30:00,000,8,874231727,01/11/2025 02:30:00,000,7,165,
01/11/2025 02:45:00,000,8,590914065,01/11/2025 02:45:00,000,7,165,
01/11/2025 03:00:00,000,8,498746809,01/11/2025 03:00:00,000,7,0063,
01/11/2025 03:15:00,000,8,66910617,01/11/2025 03:15:00,000,7,0063,
01/11/2025 03:30:00,000,8,683452535,01/11/2025 03:30:00,000,7,0063,
01/11/2025 03:45:00,000,8,487718994,01/11/2025 03:45:00,000,7,0063,
01/11/2025 04:00:00,000,8,524448735,01/11/2025 04:00:00,000,7,0931,
01/11/2025 04:15:00,000,8,594038362,01/11/2025 04:15:00,000,7,0931,
01/11/2025 04:30:00,000,8,421469715,01/11/2025 04:30:00,000,7,0931,
01/11/2025 04:45:00,000,8,529099142,01/11/2025 04:45:00,000,7,0931,
01/11/2025 05:00:00,000,8,379209162,01/11/2025 05:00:00,000,7,2351,
01/11/2025 05:15:00,000,8,451260005,01/11/2025 05:15:00,000,7,2351,
01/11/2025 05:30:00,000,8,368710287,01/11/2025 05:30:00,000,7,2351,
01/11/2025 05:45:00,000,8,123799429,01/11/2025 05:45:00,000,7,2351,
01/11/2025 06:00:00,000,8,163169917,01/11/2025 06:00:00,000,7,5387,
01/11/2025 06:15:00,000,7,911385928,01/11/2025 06:15:00,000,7,5387,
01/11/2025 06:30:00,000,7,892473939,01/11/2025 06:30:00,000,7,5387,
01/11/2025 06:45:00,000,7,875277937,01/11/2025 06:45:00,000,7,5387,
01/11/2025 07:00:00,000,7,980614973,01/11/2025 07:00:00,000,7,9593,
01/11/2025 07:15:00,000,8,35405887,01/11/2025 07:15:00,000,7,9593,
01/11/2025 07:30:00,000,8,60569523,01/11/2025 07:30:00,000,7,9593,
01/11/2025 07:45:00,000,8,956385861,01/11/2025 07:45:00,000,7,9593,
01/11/2025 08:00:00,000,9,128335312,01/11/2025 08:00:00,000,9,3931,
01/11/2025 08:15:00,000,9,56216251,01/11/2025 08:15:00,000,9,3931,
01/11/2025 08:30:00,000,9,824085116,01/11/2025 08:30:00,000,9,3931,
01/11/2025 08:45:00,000,10,74137364,01/11/2025 08:45:00,000,9,3931,
01/11/2025 09:00:00,000,11,19795536,01/11/2025 09:00:00,000,11,3793,
01/11/2025 09:15:00,000,11,78513195,01/11/2025 09:15:00,000,11,3793,
01/11/2025 09:30:00,000,12,47398707,01/11/2025 09:30:00,000,11,3793,
01/11/2025 09:45:00,000,12,95102325,01/11/2025 09:45:00,000,11,3793,
01/11/2025 10:00:00,000,13,27445643,01/11/2025 10:00:00,000,13,4047,
01/11/2025 10:15:00,000,13,79288974,01/11/2025 10:15:00,000,13,4047,
01/11/2025 10:30:00,000,14,13706959,01/11/2025 10:30:00,000,13,4047,
01/11/2025 10:45:00,000,14,28747378,01/11/2025 10:45:00,000,13,4047,
01/11/2025 11:00:00,000,14,53963563,01/11/2025 11:00:00,000,15,2926,
01/11/2025 11:15:00,000,15,15715938,01/11/2025 11:15:00,000,15,2926,
01/11/2025 11:30:00,000,15,74826534,01/11/2025 11:30:00,000,15,2926,
01/11/2025 11:45:00,000,15,50577789,01/11/2025 11:45:00,000,15,2926,
01/11/2025 12:00:00,000,15,96864753,01/11/2025 12:00:00,000,16,3979,
01/11/2025 12:15:00,000,16,36568201,01/11/2025 12:15:00,000,16,3979,
01/11/2025 12:30:00,000,16,19738654,01/11/2025 12:30:00,000,16,3979,
01/11/2025 12:45:00,000,16,916617,01/11/2025 12:45:00,000,16,3979,
01/11/2025 13:00:00,000,16,65430183,01/11/2025 13:00:00,000,17,5194,
01/11/2025 13:15:00,000,16,76783362,01/11/2025 13:15:00,000,17,5194,
01/11/2025 13:30:00,000,16,89694651,01/11/2025 13:30:00,000,17,5194,
01/11/2025 13:45:00,000,16,82864448,01/11/2025 13:45:00,000,17,5194,
01/11/2025 14:00:00,000,17,01987818,01/11/2025 14:00:00,000,17,9076,
01/11/2025 14:15:00,000,17,09039123,01/11/2025 14:15:00,000,17,9076,
01/11/2025 14:30:00,000,17,21788802,01/11/2025 14:30:00,000,17,9076,
01/11/2025 14:45:00,000,16,66092416,01/11/2025 14:45:00,000,17,9076,
01/11/2025 15:00:00,000,16,60593175,01/11/2025 15:00:00,000,17,5055,
01/11/2025 15:15:00,000,16,19854424,01/11/2025 15:15:00,000,17,5055,
01/11/2025 15:30:00,000,16,1530999,01/11/2025 15:30:00,000,17,5055,
01/11/2025 15:45:00,000,15,82084699,01/11/2025 15:45:00,000,17,5055,
01/11/2025 16:00:00,000,15,17812806,01/11/2025 16:00:00,000,15,6464,
01/11/2025 16:15:00,000,15,00867216,01/11/2025 16:15:00,000,15,6464,
01/11/2025 16:30:00,000,14,33379941,01/11/2025 16:30:00,000,15,6464,
01/11/2025 16:45:00,000,14,27028379,01/11/2025 16:45:00,000,15,6464,
01/11/2025 17:00:00,000,14,09580059,01/11/2025 17:00:00,000,14,4473,
01/11/2025 17:15:00,000,13,94915271,01/11/2025 17:15:00,000,14,4473,
01/11/2025 17:30:00,000,14,18104015,01/11/2025 17:30:00,000,14,4473,
01/11/2025 17:45:00,000,13,82401799,01/11/2025 17:45:00,000,14,4473,
01/11/2025 18:00:00,000,13,48151758,01/11/2025 18:00:00,000,13,3757,
01/11/2025 18:15:00,000,13,35560384,01/11/2025 18:15:00,000,13,3757,
01/11/2025 18:30:00,000,13,46299014,01/11/2025 18:30:00,000,13,3757,
01/11/2025 18:45:00,000,13,05046574,01/11/2025 18:45:00,000,13,3757,
01/11/2025 19:00:00,000,12,88411453,01/11/2025 19:00:00,000,12,5754,
01/11/2025 19:15:00,000,13,03216866,01/11/2025 19:15:00,000,12,5754,
01/11/2025 19:30:00,000,12,76003818,01/11/2025 19:30:00,000,12,5754,
01/11/2025 19:45:00,000,12,93855533,01/11/2025 19:45:00,000,12,5754,
01/11/2025 20:00:00,000,12,58998585,01/11/2025 20:00:00,000,11,196,
01/11/2025 20:15:00,000,12,90768406,01/11/2025 20:15:00,000,11,196,
01/11/2025 20:30:00,000,12,84009695,01/11/2025 20:30:00,000,11,196,
01/11/2025 20:45:00,000,12,26310467,01/11/2025 20:45:00,000,11,196,
01/11/2025 21:00:00,000,12,54091472,01/11/2025 21:00:00,000,10,9983,
01/11/2025 21:15:00,000,12,07605844,01/11/2025 21:15:00,000,10,9983,
01/11/2025 21:30:00,000,11,78019116,01/11/2025 21:30:00,000,10,9983,
01/11/2025 21:45:00,000,11,72357698,01/11/2025 21:45:00,000,10,9983,
01/11/2025 22:00:00,000,11,34570219,01/11/2025 22:00:00,000,10,9276,
01/11/2025 22:15:00,000,11,1188724,01/11/2025 22:15:00,000,10,9276,
01/11/2025 22:30:00,000,11,14222978,01/11/2025 22:30:00,000,10,9276,
01/11/2025 22:45:00,000,11,22631954,01/11/2025 22:45:00,000,10,9276,
01/11/2025 23:00:00,000,11,26748999,01/11/2025 23:00:00,000,10,355,
01/11/2025 23:15:00,000,11,15541396,01/11/2025 23:15:00,000,10,355,
01/11/2025 23:30:00,000,11,2191205,01/11/2025 23:30:00,000,10,355,
01/11/2025 23:45:00,000,11,02407746,01/11/2025 23:45:00,000,10,355,
02/11/2025 00:00:00,000,10,90637627,02/11/2025 00:00:00,000,9,999,
02/11/2025 00:15:00,000,10,38390529,02/11/2025 00:15:00,000,9,999,
02/11/2025 00:30:00,000,10,4025383,02/11/2025 00:30:00,000,9,999,
02/11/2025 00:45:00,000,10,24217492,02/11/2025 00:45:00,000,9,999,
02/11/2025 01:00:00,000,10,28409229,02/11/2025 01:00:00,000,9,8402,
02/11/2025 01:15:00,000,10,37119282,02/11/2025 01:15:00,000,9,8402,
02/11/2025 01:30:00,000,10,35853392,02/11/2025 01:30:00,000,9,8402,
02/11/2025 01:45:00,000,10,01041268,02/11/2025 01:45:00,000,9,8402,
02/11/2025 02:00:00,000,9,890282081,02/11/2025 02:00:00,000,9,5558,
02/11/2025 02:15:00,000,9,751427468,02/11/2025 02:15:00,000,9,5558,
02/11/2025 02:30:00,000,9,722602232,02/11/2025 02:30:00,000,9,5558,
02/11/2025 02:45:00,000,9,640321974,02/11/2025 02:45:00,000,9,5558,
02/11/2025 03:00:00,000,9,6238786,02/11/2025 03:00:00,000,8,8165,
02/11/2025 03:15:00,000,9,484147714,02/11/2025 03:15:00,000,8,8165,
02/11/2025 03:30:00,000,9,458761696,02/11/2025 03:30:00,000,8,8165,
02/11/2025 03:45:00,000,9,38750096,02/11/2025 03:45:00,000,8,8165,
02/11/2025 04:00:00,000,9,47276756,02/11/2025 04:00:00,000,8,5828,
02/11/2025 04:15:00,000,9,555168077,02/11/2025 04:15:00,000,8,5828,
02/11/2025 04:30:00,000,9,509893179,02/11/2025 04:30:00,000,8,5828,
02/11/2025 04:45:00,000,9,306512033,02/11/2025 04:45:00,000,8,5828,
02/11/2025 05:00:00,000,9,401250336,02/11/2025 05:00:00,000,7,1357,
02/11/2025 05:15:00,000,9,296221438,02/11/2025 05:15:00,000,7,1357,
02/11/2025 05:30:00,000,9,174434183,02/11/2025 05:30:00,000,7,1357,
02/11/2025 05:45:00,000,9,369396446,02/11/2025 05:45:00,000,7,1357,
02/11/2025 06:00:00,000,9,281326732,02/11/2025 06:00:00,000,7,0757,
02/11/2025 06:15:00,000,8,955949223,02/11/2025 06:15:00,000,7,0757,
02/11/2025 06:30:00,000,8,948577559,02/11/2025 06:30:00,000,7,0757,
02/11/2025 06:45:00,000,8,856747021,02/11/2025 06:45:00,000,7,0757,
02/11/2025 07:00:00,000,8,996280418,02/11/2025 07:00:00,000,8,059,
02/11/2025 07:15:00,000,9,411371901,02/11/2025 07:15:00,000,8,059,
02/11/2025 07:30:00,000,9,623410743,02/11/2025 07:30:00,000,8,059,
02/11/2025 07:45:00,000,9,641198852,02/11/2025 07:45:00,000,8,059,
02/11/2025 08:00:00,000,10,12793663,02/11/2025 08:00:00,000,9,3966,
02/11/2025 08:15:00,000,10,24538129,02/11/2025 08:15:00,000,9,3966,
02/11/2025 08:30:00,000,10,39387236,02/11/2025 08:30:00,000,9,3966,
02/11/2025 08:45:00,000,10,9750947,02/11/2025 08:45:00,000,9,3966,
02/11/2025 09:00:00,000,11,13190403,02/11/2025 09:00:00,000,11,4438,
02/11/2025 09:15:00,000,11,68453749,02/11/2025 09:15:00,000,11,4438,
02/11/2025 09:30:00,000,12,16374703,02/11/2025 09:30:00,000,11,4438,
02/11/2025 09:45:00,000,12,37478446,02/11/2025 09:45:00,000,11,4438,
02/11/2025 10:00:00,000,12,83794472,02/11/2025 10:00:00,000,13,4694,
02/11/2025 10:15:00,000,12,89125173,02/11/2025 10:15:00,000,13,4694,
02/11/2025 10:30:00,000,13,2472652,02/11/2025 10:30:00,000,13,4694,
02/11/2025 10:45:00,000,13,78166543,02/11/2025 10:45:00,000,13,4694,
02/11/2025 11:00:00,000,14,04232931,02/11/2025 11:00:00,000,13,8187,
02/11/2025 11:15:00,000,13,87030169,02/11/2025 11:15:00,000,13,8187,
02/11/2025 11:30:00,000,14,17590879,02/11/2025 11:30:00,000,13,8187,
02/11/2025 11:45:00,000,14,70324146,02/11/2025 11:45:00,000,13,8187,
02/11/2025 12:00:00,000,14,676635,02/11/2025 12:00:00,000,15,0684,
02/11/2025 12:15:00,000,15,07639595,02/11/2025 12:15:00,000,15,0684,
02/11/2025 12:30:00,000,15,48214495,02/11/2025 12:30:00,000,15,0684,
02/11/2025 12:45:00,000,15,48020984,02/11/2025 12:45:00,000,15,0684,
02/11/2025 13:00:00,000,15,5455191,02/11/2025 13:00:00,000,15,554,
02/11/2025 13:15:00,000,15,43738636,02/11/2025 13:15:00,000,15,554,
02/11/2025 13:30:00,000,15,62593765,02/11/2025 13:30:00,000,15,554,
02/11/2025 13:45:00,000,15,80212854,02/11/2025 13:45:00,000,15,554,
02/11/2025 14:00:00,000,15,7504659,02/11/2025 14:00:00,000,15,5802,
02/11/2025 14:15:00,000,15,71100921,02/11/2025 14:15:00,000,15,5802,
02/11/2025 14:30:00,000,16,02568116,02/11/2025 14:30:00,000,15,5802,
02/11/2025 14:45:00,000,15,93808614,02/11/2025 14:45:00,000,15,5802,
02/11/2025 15:00:00,000,15,61977775,02/11/2025 15:00:00,000,15,179,
02/11/2025 15:15:00,000,15,60825354,02/11/2025 15:15:00,000,15,179,
02/11/2025 15:30:00,000,15,06572385,02/11/2025 15:30:00,000,15,179,
02/11/2025 15:45:00,000,15,06141662,02/11/2025 15:45:00,000,15,179,
02/11/2025 16:00:00,000,15,18175258,02/11/2025 16:00:00,000,13,9968,
02/11/2025 16:15:00,000,14,79481003,02/11/2025 16:15:00,000,13,9968,
02/11/2025 16:30:00,000,14,57053607,02/11/2025 16:30:00,000,13,9968,
02/11/2025 16:45:00,000,14,66111828,02/11/2025 16:45:00,000,13,9968,
02/11/2025 17:00:00,000,14,50939143,02/11/2025 17:00:00,000,12,9258,
02/11/2025 17:15:00,000,14,39104815,02/11/2025 17:15:00,000,12,9258,
02/11/2025 17:30:00,000,14,27966278,02/11/2025 17:30:00,000,12,9258,
02/11/2025 17:45:00,000,14,38692829,02/11/2025 17:45:00,000,12,9258,
02/11/2025 18:00:00,000,14,19144526,02/11/2025 18:00:00,000,12,9361,
02/11/2025 18:15:00,000,14,11189232,02/11/2025 18:15:00,000,12,9361,
02/11/2025 18:30:00,000,14,19349258,02/11/2025 18:30:00,000,12,9361,
02/11/2025 18:45:00,000,13,71632792,02/11/2025 18:45:00,000,12,9361,
02/11/2025 19:00:00,000,13,97238707,02/11/2025 19:00:00,000,12,4327,
02/11/2025 19:15:00,000,13,7261329,02/11/2025 19:15:00,000,12,4327,
02/11/2025 19:30:00,000,13,72815223,02/11/2025 19:30:00,000,12,4327,
02/11/2025 19:45:00,000,13,23696787,02/11/2025 19:45:00,000,12,4327,
02/11/2025 20:00:00,000,13,58440949,02/11/2025 20:00:00,000,12,4592,
02/11/2025 20:15:00,000,13,0702097,02/11/2025 20:15:00,000,12,4592,
02/11/2025 20:30:00,000,13,27180783,02/11/2025 20:30:00,000,12,4592,
02/11/2025 20:45:00,000,13,21736047,02/11/2025 20:45:00,000,12,4592,
02/11/2025 21:00:00,000,12,97838445,02/11/2025 21:00:00,000,12,5718,
02/11/2025 21:15:00,000,13,15196351,02/11/2025 21:15:00,000,12,5718,
02/11/2025 21:30:00,000,12,92094078,02/11/2025 21:30:00,000,12,5718,
02/11/2025 21:45:00,000,12,73335078,02/11/2025 21:45:00,000,12,5718,
02/11/2025 22:00:00,000,12,66877103,02/11/2025 22:00:00,000,12,934,
02/11/2025 22:15:00,000,12,50189211,02/11/2025 22:15:00,000,12,934,
02/11/2025 22:30:00,000,12,33999745,02/11/2025 22:30:00,000,12,934,
02/11/2025 22:45:00,000,12,47916654,02/11/2025 22:45:00,000,12,934,
02/11/2025 23:00:00,000,11,95929457,02/11/2025 23:00:00,000,12,794,
02/11/2025 23:15:00,000,12,03611607,02/11/2025 23:15:00,000,12,794,
02/11/2025 23:30:00,000,11,51113822,02/11/2025 23:30:00,000,12,794,
02/11/2025 23:45:00,000,11,19244463,02/11/2025 23:45:00,000,12,794,
03/11/2025 00:00:00,000,11,13689637,03/11/2025 00:00:00,000,11,8068,
03/11/2025 00:15:00,000,10,62064272,03/11/2025 00:15:00,000,11,8068,
03/11/2025 00:30:00,000,10,55506313,03/11/2025 00:30:00,000,11,8068,
03/11/2025 00:45:00,000,10,62366947,03/11/2025 00:45:00,000,11,8068,
03/11/2025 01:00:00,000,10,26073666,03/11/2025 01:00:00,000,11,3117,
03/11/2025 01:15:00,000,10,2231154,03/11/2025 01:15:00,000,11,3117,
03/11/2025 01:30:00,000,10,02935456,03/11/2025 01:30:00,000,11,3117,
03/11/2025 01:45:00,000,9,775841953,03/11/2025 01:45:00,000,11,3117,
03/11/2025 02:00:00,000,9,804018292,03/11/2025 02:00:00,000,11,1944,
03/11/2025 02:15:00,000,9,651158256,03/11/2025 02:15:00,000,11,1944,
03/11/2025 02:30:00,000,9,541254355,03/11/2025 02:30:00,000,11,1944,
03/11/2025 02:45:00,000,9,619674479,03/11/2025 02:45:00,000,11,1944,
03/11/2025 03:00:00,000,9,385048976,03/11/2025 03:00:00,000,11,2084,
03/11/2025 03:15:00,000,9,562008856,03/11/2025 03:15:00,000,11,2084,
03/11/2025 03:30:00,000,9,592422776,03/11/2025 03:30:00,000,11,2084,
03/11/2025 03:45:00,000,9,45340229,03/11/2025 03:45:00,000,11,2084,
03/11/2025 04:00:00,000,9,552655142,03/11/2025 04:00:00,000,10,9392,
03/11/2025 04:15:00,000,9,465159588,03/11/2025 04:15:00,000,10,9392,
03/11/2025 04:30:00,000,9,236549203,03/11/2025 04:30:00,000,10,9392,
03/11/2025 04:45:00,000,9,492675824,03/11/2025 04:45:00,000,10,9392,
03/11/2025 05:00:00,000,9,565443792,03/11/2025 05:00:00,000,10,491,
03/11/2025 05:15:00,000,9,476074409,03/11/2025 05:15:00,000,10,491,
03/11/2025 05:30:00,000,9,286321493,03/11/2025 05:30:00,000,10,491,
03/11/2025 05:45:00,000,9,254732305,03/11/2025 05:45:00,000,10,491,
03/11/2025 06:00:00,000,9,106954385,03/11/2025 06:00:00,000,10,1946,
03/11/2025 06:15:00,000,8,906102139,03/11/2025 06:15:00,000,10,1946,
03/11/2025 06:30:00,000,9,137844166,03/11/2025 06:30:00,000,10,1946,
03/11/2025 06:45:00,000,8,979958466,03/11/2025 06:45:00,000,10,1946,
03/11/2025 07:00:00,000,9,106036476,03/11/2025 07:00:00,000,10,1561,
03/11/2025 07:15:00,000,9,059219081,03/11/2025 07:15:00,000,10,1561,
03/11/2025 07:30:00,000,9,262439547,03/11/2025 07:30:00,000,10,1561,
03/11/2025 07:45:00,000,9,158036685,03/11/2025 07:45:00,000,10,1561,
03/11/2025 08:00:00,000,9,260903425,03/11/2025 08:00:00,000,10,3792,
03/11/2025 08:15:00,000,9,076891232,03/11/2025 08:15:00,000,10,3792,
03/11/2025 08:30:00,000,8,848673305,03/11/2025 08:30:00,000,10,3792,
03/11/2025 08:45:00,000,9,116626571,03/11/2025 08:45:00,000,10,3792,
03/11/2025 09:00:00,000,9,348049969,03/11/2025 09:00:00,000,10,7726,
03/11/2025 09:15:00,000,9,386909161,03/11/2025 09:15:00,000,10,7726,
03/11/2025 09:30:00,000,9,411785314,03/11/2025 09:30:00,000,10,7726,
03/11/2025 09:45:00,000,9,531265285,03/11/2025 09:45:00,000,10,7726,
03/11/2025 10:00:00,000,9,65183048,03/11/2025 10:00:00,000,11,1047,
03/11/2025 10:15:00,000,9,768477179,03/11/2025 10:15:00,000,11,1047,
03/11/2025 10:30:00,000,9,698051367,03/11/2025 10:30:00,000,11,1047,
03/11/2025 10:45:00,000,10,30920013,03/11/2025 10:45:00,000,11,1047,
03/11/2025 11:00:00,000,10,27209429,03/11/2025 11:00:00,000,11,6238,
03/11/2025 11:15:00,000,10,5558692,03/11/2025 11:15:00,000,11,6238,
03/11/2025 11:30:00,000,10,2910043,03/11/2025 11:30:00,000,11,6238,
03/11/2025 11:45:00,000,10,23791641,03/11/2025 11:45:00,000,11,6238,
03/11/2025 12:00:00,000,10,19782948,03/11/2025 12:00:00,000,11,4998,
03/11/2025 12:15:00,000,10,19403505,03/11/2025 12:15:00,000,11,4998,
03/11/2025 12:30:00,000,10,17539234,03/11/2025 12:30:00,000,11,4998,
03/11/2025 12:45:00,000,10,36400101,03/11/2025 12:45:00,000,11,4998,
03/11/2025 13:00:00,000,10,30232226,03/11/2025 13:00:00,000,11,5102,
03/11/2025 13:15:00,000,10,20153493,03/11/2025 13:15:00,000,11,5102,
03/11/2025 13:30:00,000,10,01196664,03/11/2025 13:30:00,000,11,5102,
03/11/2025 13:45:00,000,10,36363765,03/11/2025 13:45:00,000,11,5102,
03/11/2025 14:00:00,000,10,37940396,03/11/2025 14:00:00,000,10,9961,
03/11/2025 14:15:00,000,10,49178221,03/11/2025 14:15:00,000,10,9961,
03/11/2025 14:30:00,000,10,30394412,03/11/2025 14:30:00,000,10,9961,
03/11/2025 14:45:00,000,10,25033363,03/11/2025 14:45:00,000,10,9961,
03/11/2025 15:00:00,000,10,3182175,03/11/2025 15:00:00,000,10,6914,
03/11/2025 15:15:00,000,10,42809305,03/11/2025 15:15:00,000,10,6914,
03/11/2025 15:30:00,000,10,19585671,03/11/2025 15:30:00,000,10,6914,
03/11/2025 15:45:00,000,10,10645855,03/11/2025 15:45:00,000,10,6914,
03/11/2025 16:00:00,000,10,13834288,03/11/2025 16:00:00,000,10,3678,
03/11/2025 16:15:00,000,10,12421747,03/11/2025 16:15:00,000,10,3678,
03/11/2025 16:30:00,000,9,657905373,03/11/2025 16:30:00,000,10,3678,
03/11/2025 16:45:00,000,9,602286733,03/11/2025 16:45:00,000,10,3678,
03/11/2025 17:00:00,000,9,736095467,03/11/2025 17:00:00,000,9,9993,
03/11/2025 17:15:00,000,9,597124136,03/11/2025 17:15:00,000,9,9993,
03/11/2025 17:30:00,000,9,39405399,03/11/2025 17:30:00,000,9,9993,
03/11/2025 17:45:00,000,9,211054004,03/11/2025 17:45:00,000,9,9993,
03/11/2025 18:00:00,000,9,267990342,03/11/2025 18:00:00,000,9,6133,
03/11/2025 18:15:00,000,9,347408411,03/11/2025 18:15:00,000,9,6133,
03/11/2025 18:30:00,000,9,246437854,03/11/2025 18:30:00,000,9,6133,
03/11/2025 18:45:00,000,9,087221577,03/11/2025 18:45:00,000,9,6133,
03/11/2025 19:00:00,000,8,994664543,03/11/2025 19:00:00,000,9,3289,
03/11/2025 19:15:00,000,8,881281089,03/11/2025 19:15:00,000,9,3289,
03/11/2025 19:30:00,000,8,70383108,03/11/2025 19:30:00,000,9,3289,
03/11/2025 19:45:00,000,8,542058189,03/11/2025 19:45:00,000,9,3289,
03/11/2025 20:00:00,000,8,384671977,03/11/2025 20:00:00,000,8,7386,
03/11/2025 20:15:00,000,8,201342035,03/11/2025 20:15:00,000,8,7386,
03/11/2025 20:30:00,000,7,88737578,03/11/2025 20:30:00,000,8,7386,
03/11/2025 20:45:00,000,7,686187761,03/11/2025 20:45:00,000,8,7386,
03/11/2025 21:00:00,000,7,855700739,03/11/2025 21:00:00,000,8,138,
03/11/2025 21:15:00,000,7,86717752,03/11/2025 21:15:00,000,8,138,
03/11/2025 21:30:00,000,7,74194226,03/11/2025 21:30:00,000,8,138,
03/11/2025 21:45:00,000,7,732313065,03/11/2025 21:45:00,000,8,138,
03/11/2025 22:00:00,000,7,530139666,03/11/2025 22:00:00,000,7,8162,
03/11/2025 22:15:00,000,7,37721883,03/11/2025 22:15:00,000,7,8162,
03/11/2025 22:30:00,000,7,314550078,03/11/2025 22:30:00,000,7,8162,
03/11/2025 22:45:00,000,7,104348187,03/11/2025 22:45:00,000,7,8162,
03/11/2025 23:00:00,000,7,025495832,03/11/2025 23:00:00,000,7,2373,
03/11/2025 23:15:00,000,6,76358259,03/11/2025 23:15:00,000,7,2373,
03/11/2025 23:30:00,000,6,715459939,03/11/2025 23:30:00,000,7,2373,
03/11/2025 23:45:00,000,6,540022654,03/11/2025 23:45:00,000,7,2373,
04/11/2025 00:00:00,000,6,528932288,04/11/2025 00:00:00,000,6,2572,
04/11/2025 00:15:00,000,6,394972776,04/11/2025 00:15:00,000,6,2572,
04/11/2025 00:30:00,000,6,542061651,04/11/2025 00:30:00,000,6,2572,
04/11/2025 00:45:00,000,6,290909524,04/11/2025 00:45:00,000,6,2572,
04/11/2025 01:00:00,000,6,240397872,04/11/2025 01:00:00,000,6,2333,
04/11/2025 01:15:00,000,6,019261915,04/11/2025 01:15:00,000,6,2333,
04/11/2025 01:30:00,000,5,927779274,04/11/2025 01:30:00,000,6,2333,
04/11/2025 01:45:00,000,5,793150244,04/11/2025 01:45:00,000,6,2333,
04/11/2025 02:00:00,000,5,794592687,04/11/2025 02:00:00,000,6,0308,
04/11/2025 02:15:00,000,5,780272256,04/11/2025 02:15:00,000,6,0308,
04/11/2025 02:30:00,000,5,516842066,04/11/2025 02:30:00,000,6,0308,
04/11/2025 02:45:00,000,5,522990127,04/11/2025 02:45:00,000,6,0308,
04/11/2025 03:00:00,000,5,446584741,04/11/2025 03:00:00,000,5,6921,
04/11/2025 03:15:00,000,5,336674427,04/11/2025 03:15:00,000,5,6921,
04/11/2025 03:30:00,000,5,351218813,04/11/2025 03:30:00,000,5,6921,
04/11/2025 03:45:00,000,5,154814709,04/11/2025 03:45:00,000,5,6921,
04/11/2025 04:00:00,000,5,137231923,04/11/2025 04:00:00,000,5,4458,
04/11/2025 04:15:00,000,5,021628,04/11/2025 04:15:00,000,5,4458,
04/11/2025 04:30:00,000,4,706848217,04/11/2025 04:30:00,000,5,4458,
04/11/2025 04:45:00,000,4,651301979,04/11/2025 04:45:00,000,5,4458,
04/11/2025 05:00:00,000,4,548715598,04/11/2025 05:00:00,000,4,6029,
04/11/2025 05:15:00,000,4,584988165,04/11/2025 05:15:00,000,4,6029,
04/11/2025 05:30:00,000,4,332192566,04/11/2025 05:30:00,000,4,6029,
04/11/2025 05:45:00,000,4,224599274,04/11/2025 05:45:00,000,4,6029,
04/11/2025 06:00:00,000,4,071647893,04/11/2025 06:00:00,000,4,3795,
04/11/2025 06:15:00,000,3,939495431,04/11/2025 06:15:00,000,4,3795,
04/11/2025 06:30:00,000,3,849331753,04/11/2025 06:30:00,000,4,3795,
04/11/2025 06:45:00,000,3,877500505,04/11/2025 06:45:00,000,4,3795,
04/11/2025 07:00:00,000,3,976261366,04/11/2025 07:00:00,000,5,2768,
04/11/2025 07:15:00,000,4,224829198,04/11/2025 07:15:00,000,5,2768,
04/11/2025 07:30:00,000,4,651306319,04/11/2025 07:30:00,000,5,2768,
04/11/2025 07:45:00,000,4,873952523,04/11/2025 07:45:00,000,5,2768,
04/11/2025 08:00:00,000,5,274586446,04/11/2025 08:00:00,000,7,374,
04/11/2025 08:15:00,000,5,690246721,04/11/2025 08:15:00,000,7,374,
04/11/2025 08:30:00,000,5,944987241,04/11/2025 08:30:00,000,7,374,
04/11/2025 08:45:00,000,6,558021375,04/11/2025 08:45:00,000,7,374,
04/11/2025 09:00:00,000,7,03121278,04/11/2025 09:00:00,000,9,6763,
04/11/2025 09:15:00,000,7,385636397,04/11/2025 09:15:00,000,9,6763,
04/11/2025 09:30:00,000,7,659558911,04/11/2025 09:30:00,000,9,6763,
04/11/2025 09:45:00,000,8,181567796,04/11/2025 09:45:00,000,9,6763,
04/11/2025 10:00:00,000,8,683155581,04/11/2025 10:00:00,000,10,9862,
04/11/2025 10:15:00,000,9,01938829,04/11/2025 10:15:00,000,10,9862,
04/11/2025 10:30:00,000,9,195985329,04/11/2025 10:30:00,000,10,9862,
04/11/2025 10:45:00,000,9,321060185,04/11/2025 10:45:00,000,10,9862,
04/11/2025 11:00:00,000,9,757679967,04/11/2025 11:00:00,000,12,4513,
04/11/2025 11:15:00,000,10,19615399,04/11/2025 11:15:00,000,12,4513,
04/11/2025 11:30:00,000,10,23052208,04/11/2025 11:30:00,000,12,4513,
04/11/2025 11:45:00,000,10,38992016,04/11/2025 11:45:00,000,12,4513,
04/11/2025 12:00:00,000,10,85914345,04/11/2025 12:00:00,000,13,3878,
04/11/2025 12:15:00,000,11,01510978,04/11/2025 12:15:00,000,13,3878,
04/11/2025 12:30:00,000,11,06542945,04/11/2025 12:30:00,000,13,3878,
04/11/2025 12:45:00,000,11,26000463,04/11/2025 12:45:00,000,13,3878,
04/11/2025 13:00:00,000,11,05239758,04/11/2025 13:00:00,000,13,2455,
04/11/2025 13:15:00,000,11,43706566,04/11/2025 13:15:00,000,13,2455,
04/11/2025 13:30:00,000,11,10344968,04/11/2025 13:30:00,000,13,2455,
04/11/2025 13:45:00,000,11,56367503,04/11/2025 13:45:00,000,13,2455,
04/11/2025 14:00:00,000,11,50492483,04/11/2025 14:00:00,000,13,2422,
04/11/2025 14:15:00,000,11,79359768,04/11/2025 14:15:00,000,13,2422,
04/11/2025 14:30:00,000,11,87475525,04/11/2025 14:30:00,000,13,2422,
04/11/2025 14:45:00,000,11,7977981,04/11/2025 14:45:00,000,13,2422,
04/11/2025 15:00:00,000,11,30807139,04/11/2025 15:00:00,000,12,8823,
04/11/2025 15:15:00,000,10,9567588,04/11/2025 15:15:00,000,12,8823,
04/11/2025 15:30:00,000,10,73836393,04/11/2025 15:30:00,000,12,8823,
04/11/2025 15:45:00,000,10,22595587,04/11/2025 15:45:00,000,12,8823,
04/11/2025 16:00:00,000,9,852878089,04/11/2025 16:00:00,000,10,5683,
04/11/2025 16:15:00,000,9,427168085,04/11/2025 16:15:00,000,10,5683,
04/11/2025 16:30:00,000,9,37895415,04/11/2025 16:30:00,000,10,5683,
04/11/2025 16:45:00,000,8,77159271,04/11/2025 16:45:00,000,10,5683,
04/11/2025 17:00:00,000,8,910388942,04/11/2025 17:00:00,000,8,3957,
04/11/2025 17:15:00,000,8,810477598,04/11/2025 17:15:00,000,8,3957,
04/11/2025 17:30:00,000,8,403946352,04/11/2025 17:30:00,000,8,3957,
04/11/2025 17:45:00,000,8,363293918,04/11/2025 17:45:00,000,8,3957,
04/11/2025 18:00:00,000,8,383833412,04/11/2025 18:00:00,000,7,4897,
04/11/2025 18:15:00,000,8,206899761,04/11/2025 18:15:00,000,7,4897,
04/11/2025 18:30:00,000,8,096425421,04/11/2025 18:30:00,000,7,4897,
04/11/2025 18:45:00,000,7,943395574,04/11/2025 18:45:00,000,7,4897,
04/11/2025 19:00:00,000,7,846784036,04/11/2025 19:00:00,000,6,3865,
04/11/2025 19:15:00,000,7,946183854,04/11/2025 19:15:00,000,6,3865,
04/11/2025 19:30:00,000,7,749423007,04/11/2025 19:30:00,000,6,3865,
04/11/2025 19:45:00,000,7,570876742,04/11/2025 19:45:00,000,6,3865,
04/11/2025 20:00:00,000,7,443120508,04/11/2025 20:00:00,000,5,1889,
04/11/2025 20:15:00,000,7,271108164,04/11/2025 20:15:00,000,5,1889,
04/11/2025 20:30:00,000,7,229162455,04/11/2025 20:30:00,000,5,1889,
04/11/2025 20:45:00,000,7,063015642,04/11/2025 20:45:00,000,5,1889,
04/11/2025 21:00:00,000,6,968908842,04/11/2025 21:00:00,000,4,8632,
04/11/2025 21:15:00,000,7,008512984,04/11/2025 21:15:00,000,4,8632,
04/11/2025 21:30:00,000,6,994404287,04/11/2025 21:30:00,000,4,8632,
04/11/2025 21:45:00,000,6,817953935,04/11/2025 21:45:00,000,4,8632,
04/11/2025 22:00:00,000,6,591426557,04/11/2025 22:00:00,000,4,2512,
04/11/2025 22:15:00,000,6,441860007,04/11/2025 22:15:00,000,4,2512,
04/11/2025 22:30:00,000,6,271049425,04/11/2025 22:30:00,000,4,2512,
04/11/2025 22:45:00,000,6,083432804,04/11/2025 22:45:00,000,4,2512,
04/11/2025 23:00:00,000,6,040796913,04/11/2025 23:00:00,000,3,9121,
04/11/2025 23:15:00,000,5,922228923,04/11/2025 23:15:00,000,3,9121,
04/11/2025 23:30:00,000,5,76653841,04/11/2025 23:30:00,000,3,9121,
04/11/2025 23:45:00,000,5,588136118,04/11/2025 23:45:00,000,3,9121,
05/11/2025 00:00:00,000,5,559670604,05/11/2025 00:00:00,000,3,4838,
05/11/2025 00:15:00,000,5,402752108,05/11/2025 00:15:00,000,3,4838,
05/11/2025 00:30:00,000,5,327998378,05/11/2025 00:30:00,000,3,4838,
05/11/2025 00:45:00,000,5,187949761,05/11/2025 00:45:00,000,3,4838,
05/11/2025 01:00:00,000,5,292084191,05/11/2025 01:00:00,000,3,2814,
05/11/2025 01:15:00,000,5,012535251,05/11/2025 01:15:00,000,3,2814,
05/11/2025 01:30:00,000,5,10884004,05/11/2025 01:30:00,000,3,2814,
05/11/2025 01:45:00,000,5,011805522,05/11/2025 01:45:00,000,3,2814,
05/11/2025 02:00:00,000,4,782221308,05/11/2025 02:00:00,000,3,0106,
05/11/2025 02:15:00,000,4,779285865,05/11/2025 02:15:00,000,3,0106,
05/11/2025 02:30:00,000,4,701948612,05/11/2025 02:30:00,000,3,0106,
05/11/2025 02:45:00,000,4,5690393,05/11/2025 02:45:00,000,3,0106,
05/11/2025 03:00:00,000,4,589151278,05/11/2025 03:00:00,000,2,8868,
05/11/2025 03:15:00,000,4,480156076,05/11/2025 03:15:00,000,2,8868,
05/11/2025 03:30:00,000,4,344687928,05/11/2025 03:30:00,000,2,8868,
05/11/2025 03:45:00,000,4,30071748,05/11/2025 03:45:00,000,2,8868,
05/11/2025 04:00:00,000,4,250460591,05/11/2025 04:00:00,000,2,5744,
05/11/2025 04:15:00,000,4,175138199,05/11/2025 04:15:00,000,2,5744,
05/11/2025 04:30:00,000,4,100725105,05/11/2025 04:30:00,000,2,5744,
05/11/2025 04:45:00,000,4,016085015,05/11/2025 04:45:00,000,2,5744,
05/11/2025 05:00:00,000,4,04515373,05/11/2025 05:00:00,000,2,0849,
05/11/2025 05:15:00,000,3,845467329,05/11/2025 05:15:00,000,2,0849,
05/11/2025 05:30:00,000,3,829662685,05/11/2025 05:30:00,000,2,0849,
05/11/2025 05:45:00,000,3,735437802,05/11/2025 05:45:00,000,2,0849,
05/11/2025 06:00:00,000,3,712961283,05/11/2025 06:00:00,000,2,06,
05/11/2025 06:15:00,000,3,548896436,05/11/2025 06:15:00,000,2,06,
05/11/2025 06:30:00,000,3,487351622,05/11/2025 06:30:00,000,2,06,
05/11/2025 06:45:00,000,3,602903428,05/11/2025 06:45:00,000,2,06,
05/11/2025 07:00:00,000,3,614658315,05/11/2025 07:00:00,000,2,8889,
05/11/2025 07:15:00,000,3,965371536,05/11/2025 07:15:00,000,2,8889,
05/11/2025 07:30:00,000,4,232957616,05/11/2025 07:30:00,000,2,8889,
05/11/2025 07:45:00,000,4,594512137,05/11/2025 07:45:00,000,2,8889,
05/11/2025 08:00:00,000,5,044728283,05/11/2025 08:00:00,000,4,7884,
05/11/2025 08:15:00,000,5,491530883,05/11/2025 08:15:00,000,4,7884,
05/11/2025 08:30:00,000,5,745038995,05/11/2025 08:30:00,000,4,7884,
05/11/2025 08:45:00,000,6,369301491,05/11/2025 08:45:00,000,4,7884,
05/11/2025 09:00:00,000,6,936865747,05/11/2025 09:00:00,000,6,3857,
05/11/2025 09:15:00,000,7,343490839,05/11/2025 09:15:00,000,6,3857,
05/11/2025 09:30:00,000,7,792935657,05/11/2025 09:30:00,000,6,3857,
05/11/2025 09:45:00,000,8,234643391,05/11/2025 09:45:00,000,6,3857,
05/11/2025 10:00:00,000,8,795754694,05/11/2025 10:00:00,000,8,1247,
05/11/2025 10:15:00,000,9,06137058,05/11/2025 10:15:00,000,8,1247,
05/11/2025 10:30:00,000,9,409015068,05/11/2025 10:30:00,000,8,1247,
05/11/2025 10:45:00,000,9,814659297,05/11/2025 10:45:00,000,8,1247,
05/11/2025 11:00:00,000,10,10374626,05/11/2025 11:00:00,000,9,824,
05/11/2025 11:15:00,000,10,36829073,05/11/2025 11:15:00,000,9,824,
05/11/2025 11:30:00,000,10,68504288,05/11/2025 11:30:00,000,9,824,
05/11/2025 11:45:00,000,11,06575589,05/11/2025 11:45:00,000,9,824,
05/11/2025 12:00:00,000,11,23011161,05/11/2025 12:00:00,000,11,3785,
05/11/2025 12:15:00,000,11,53916019,05/11/2025 12:15:00,000,11,3785,
05/11/2025 12:30:00,000,11,66824419,05/11/2025 12:30:00,000,11,3785,
05/11/2025 12:45:00,000,11,43196303,05/11/2025 12:45:00,000,11,3785,
05/11/2025 13:00:00,000,11,7404858,05/11/2025 13:00:00,000,12,6418,
05/11/2025 13:15:00,000,11,56302445,05/11/2025 13:15:00,000,12,6418,
05/11/2025 13:30:00,000,11,65337696,05/11/2025 13:30:00,000,12,6418,
05/11/2025 13:45:00,000,11,85920263,05/11/2025 13:45:00,000,12,6418,
05/11/2025 14:00:00,000,11,94873863,05/11/2025 14:00:00,000,13,1592,
05/11/2025 14:15:00,000,12,10768946,05/11/2025 14:15:00,000,13,1592,
05/11/2025 14:30:00,000,12,15226478,05/11/2025 14:30:00,000,13,1592,
05/11/2025 14:45:00,000,11,74463109,05/11/2025 14:45:00,000,13,1592,
05/11/2025 15:00:00,000,11,71704654,05/11/2025 15:00:00,000,12,0921,
05/11/2025 15:15:00,000,11,02458779,05/11/2025 15:15:00,000,12,0921,
05/11/2025 15:30:00,000,10,84320689,05/11/2025 15:30:00,000,12,0921,
05/11/2025 15:45:00,000,10,33816334,05/11/2025 15:45:00,000,12,0921,
05/11/2025 16:00:00,000,9,756703376,05/11/2025 16:00:00,000,9,7036,
05/11/2025 16:15:00,000,9,574473046,05/11/2025 16:15:00,000,9,7036,
05/11/2025 16:30:00,000,9,139168122,05/11/2025 16:30:00,000,9,7036,
05/11/2025 16:45:00,000,8,9514211,05/11/2025 16:45:00,000,9,7036,
05/11/2025 17:00:00,000,8,923707629,05/11/2025 17:00:00,000,7,8596,
05/11/2025 17:15:00,000,8,706001224,05/11/2025 17:15:00,000,7,8596,
05/11/2025 17:30:00,000,8,636410274,05/11/2025 17:30:00,000,7,8596,
05/11/2025 17:45:00,000,8,591724381,05/11/2025 17:45:00,000,7,8596,
05/11/2025 18:00:00,000,8,553693642,05/11/2025 18:00:00,000,6,6436,
05/11/2025 18:15:00,000,8,314354337,05/11/2025 18:15:00,000,6,6436,
05/11/2025 18:30:00,000,8,332402481,05/11/2025 18:30:00,000,6,6436,
05/11/2025 18:45:00,000,8,034052878,05/11/2025 18:45:00,000,6,6436,
05/11/2025 19:00:00,000,7,787386213,05/11/2025 19:00:00,000,5,9239,
05/11/2025 19:15:00,000,7,647429866,05/11/2025 19:15:00,000,5,9239,
05/11/2025 19:30:00,000,7,654789907,05/11/2025 19:30:00,000,5,9239,
05/11/2025 19:45:00,000,7,571116736,05/11/2025 19:45:00,000,5,9239,
05/11/2025 20:00:00,000,7,406766529,05/11/2025 20:00:00,000,5,0552,
05/11/2025 20:15:00,000,6,978400941,05/11/2025 20:15:00,000,5,0552,
05/11/2025 20:30:00,000,6,96843895,05/11/2025 20:30:00,000,5,0552,
05/11/2025 20:45:00,000,6,992817836,05/11/2025 20:45:00,000,5,0552,
05/11/2025 21:00:00,000,6,664044042,05/11/2025 21:00:00,000,4,5683,
05/11/2025 21:15:00,000,6,585303409,05/11/2025 21:15:00,000,4,5683,
05/11/2025 21:30:00,000,6,690324114,05/11/2025 21:30:00,000,4,5683,
05/11/2025 21:45:00,000,6,375654512,05/11/2025 21:45:00,000,4,5683,
05/11/2025 22:00:00,000,6,310004,05/11/2025 22:00:00,000,4,0897,
05/11/2025 22:15:00,000,6,193409098,05/11/2025 22:15:00,000,4,0897,
05/11/2025 22:30:00,000,5,853633855,05/11/2025 22:30:00,000,4,0897,
05/11/2025 22:45:00,000,5,886585425,05/11/2025 22:45:00,000,4,0897,
05/11/2025 23:00:00,000,5,613780234,05/11/2025 23:00:00,000,3,9345,
05/11/2025 23:15:00,000,5,495730512,05/11/2025 23:15:00,000,3,9345,
05/11/2025 23:30:00,000,5,449036019,05/11/2025 23:30:00,000,3,9345,
05/11/2025 23:45:00,000,5,271987673,05/11/2025 23:45:00,000,3,9345,
06/11/2025 00:00:00,000,5,344746295,06/11/2025 00:00:00,000,3,7689,
06/11/2025 00:15:00,000,5,083893691,06/11/2025 00:15:00,000,3,7689,
06/11/2025 00:30:00,000,5,081912227,06/11/2025 00:30:00,000,3,7689,
06/11/2025 00:45:00,000,5,072496254,06/11/2025 00:45:00,000,3,7689,
06/11/2025 01:00:00,000,4,903694473,06/11/2025 01:00:00,000,3,428,
06/11/2025 01:15:00,000,4,945577451,06/11/2025 01:15:00,000,3,428,
06/11/2025 01:30:00,000,4,814021868,06/11/2025 01:30:00,000,3,428,
06/11/2025 01:45:00,000,4,706504211,06/11/2025 01:45:00,000,3,428,
06/11/2025 02:00:00,000,4,76680971,06/11/2025 02:00:00,000,2,7188,
06/11/2025 02:15:00,000,4,707137076,06/11/2025 02:15:00,000,2,7188,
06/11/2025 02:30:00,000,4,727647329,06/11/2025 02:30:00,000,2,7188,
06/11/2025 02:45:00,000,4,429346297,06/11/2025 02:45:00,000,2,7188,
06/11/2025 03:00:00,000,4,383112333,06/11/2025 03:00:00,000,2,3979,
06/11/2025 03:15:00,000,4,198120137,06/11/2025 03:15:00,000,2,3979,
06/11/2025 03:30:00,000,4,094457916,06/11/2025 03:30:00,000,2,3979,
06/11/2025 03:45:00,000,3,977300745,06/11/2025 03:45:00,000,2,3979,
06/11/2025 04:00:00,000,3,93364091,06/11/2025 04:00:00,000,2,2776,
06/11/2025 04:15:00,000,3,987205893,06/11/2025 04:15:00,000,2,2776,
06/11/2025 04:30:00,000,3,790440902,06/11/2025 04:30:00,000,2,2776,
06/11/2025 04:45:00,000,3,846279568,06/11/2025 04:45:00,000,2,2776,
06/11/2025 05:00:00,000,3,797740099,06/11/2025 05:00:00,000,1,9346,
06/11/2025 05:15:00,000,3,662833684,06/11/2025 05:15:00,000,1,9346,
06/11/2025 05:30:00,000,3,684483056,06/11/2025 05:30:00,000,1,9346,
06/11/2025 05:45:00,000,3,507661813,06/11/2025 05:45:00,000,1,9346,
06/11/2025 06:00:00,000,3,472474637,06/11/2025 06:00:00,000,1,6309,
06/11/2025 06:15:00,000,3,34214379,06/11/2025 06:15:00,000,1,6309,
06/11/2025 06:30:00,000,3,214365394,06/11/2025 06:30:00,000,1,6309,
06/11/2025 06:45:00,000,3,240683744,06/11/2025 06:45:00,000,1,6309,
06/11/2025 07:00:00,000,3,477432548,06/11/2025 07:00:00,000,2,4557,
06/11/2025 07:15:00,000,3,630219504,06/11/2025 07:15:00,000,2,4557,
06/11/2025 07:30:00,000,4,157811804,06/11/2025 07:30:00,000,2,4557,
06/11/2025 07:45:00,000,4,558745875,06/11/2025 07:45:00,000,2,4557,
06/11/2025 08:00:00,000,5,004892045,06/11/2025 08:00:00,000,4,3785,
06/11/2025 08:15:00,000,5,491688629,06/11/2025 08:15:00,000,4,3785,
06/11/2025 08:30:00,000,5,90321889,06/11/2025 08:30:00,000,4,3785,
06/11/2025 08:45:00,000,6,669229909,06/11/2025 08:45:00,000,4,3785,
06/11/2025 09:00:00,000,7,199553427,06/11/2025 09:00:00,000,6,7464,
06/11/2025 09:15:00,000,7,645356322,06/11/2025 09:15:00,000,6,7464,
06/11/2025 09:30:00,000,8,445877075,06/11/2025 09:30:00,000,6,7464,
06/11/2025 09:45:00,000,8,66779222,06/11/2025 09:45:00,000,6,7464,
06/11/2025 10:00:00,000,9,362336233,06/11/2025 10:00:00,000,8,9596,
06/11/2025 10:15:00,000,9,751598689,06/11/2025 10:15:00,000,8,9596,
06/11/2025 10:30:00,000,10,03666124,06/11/2025 10:30:00,000,8,9596,
06/11/2025 10:45:00,000,10,43417739,06/11/2025 10:45:00,000,8,9596,
06/11/2025 11:00:00,000,10,67238956,06/11/2025 11:00:00,000,11,0132,
06/11/2025 11:15:00,000,10,9113417,06/11/2025 11:15:00,000,11,0132,
06/11/2025 11:30:00,000,11,38253273,06/11/2025 11:30:00,000,11,0132,
06/11/2025 11:45:00,000,11,34270177,06/11/2025 11:45:00,000,11,0132,
06/11/2025 12:00:00,000,11,51189899,06/11/2025 12:00:00,000,12,1544,
06/11/2025 12:15:00,000,11,63244786,06/11/2025 12:15:00,000,12,1544,
06/11/2025 12:30:00,000,12,08330278,06/11/2025 12:30:00,000,12,1544,
06/11/2025 12:45:00,000,12,0546373,06/11/2025 12:45:00,000,12,1544,
06/11/2025 13:00:00,000,12,1488443,06/11/2025 13:00:00,000,12,7878,
06/11/2025 13:15:00,000,12,19031602,06/11/2025 13:15:00,000,12,7878,
06/11/2025 13:30:00,000,11,91663417,06/11/2025 13:30:00,000,12,7878,
06/11/2025 13:45:00,000,12,20829778,06/11/2025 13:45:00,000,12,7878,
06/11/2025 14:00:00,000,12,13243592,06/11/2025 14:00:00,000,12,8496,
06/11/2025 14:15:00,000,11,98914349,06/11/2025 14:15:00,000,12,8496,
06/11/2025 14:30:00,000,12,04454894,06/11/2025 14:30:00,000,12,8496,
06/11/2025 14:45:00,000,11,99874097,06/11/2025 14:45:00,000,12,8496,
06/11/2025 15:00:00,000,11,35199209,06/11/2025 15:00:00,000,11,9085,
06/11/2025 15:15:00,000,11,01558194,06/11/2025 15:15:00,000,11,9085,
06/11/2025 15:30:00,000,10,65627688,06/11/2025 15:30:00,000,11,9085,
06/11/2025 15:45:00,000,10,36232083,06/11/2025 15:45:00,000,11,9085,
06/11/2025 16:00:00,000,9,724774474,06/11/2025 16:00:00,000,10,1783,
06/11/2025 16:15:00,000,9,583244609,06/11/2025 16:15:00,000,10,1783,
06/11/2025 16:30:00,000,9,166041571,06/11/2025 16:30:00,000,10,1783,
06/11/2025 16:45:00,000,8,907533987,06/11/2025 16:45:00,000,10,1783,
06/11/2025 17:00:00,000,8,829196115,06/11/2025 17:00:00,000,7,8913,
06/11/2025 17:15:00,000,8,75237291,06/11/2025 17:15:00,000,7,8913,
06/11/2025 17:30:00,000,8,413679022,06/11/2025 17:30:00,000,7,8913,
06/11/2025 17:45:00,000,8,342172556,06/11/2025 17:45:00,000,7,8913,
06/11/2025 18:00:00,000,8,075018827,06/11/2025 18:00:00,000,6,9907,
06/11/2025 18:15:00,000,8,143921452,06/11/2025 18:15:00,000,6,9907,
06/11/2025 18:30:00,000,7,997107547,06/11/2025 18:30:00,000,6,9907,
06/11/2025 18:45:00,000,7,791570989,06/11/2025 18:45:00,000,6,9907,
06/11/2025 19:00:00,000,7,718063582,06/11/2025 19:00:00,000,6,0242,
06/11/2025 19:15:00,000,7,48997632,06/11/2025 19:15:00,000,6,0242,
06/11/2025 19:30:00,000,7,356677998,06/11/2025 19:30:00,000,6,0242,
06/11/2025 19:45:00,000,7,243053959,06/11/2025 19:45:00,000,6,0242,
06/11/2025 20:00:00,000,7,096911845,06/11/2025 20:00:00,000,5,3052,
06/11/2025 20:15:00,000,6,889748492,06/11/2025 20:15:00,000,5,3052,
06/11/2025 20:30:00,000,6,668850673,06/11/2025 20:30:00,000,5,3052,
06/11/2025 20:45:00,000,6,598443938,06/11/2025 20:45:00,000,5,3052,
06/11/2025 21:00:00,000,6,595135997,06/11/2025 21:00:00,000,4,9674,
06/11/2025 21:15:00,000,6,390193435,06/11/2025 21:15:00,000,4,9674,
06/11/2025 21:30:00,000,6,292560654,06/11/2025 21:30:00,000,4,9674,
06/11/2025 21:45:00,000,6,250524397,06/11/2025 21:45:00,000,4,9674,
06/11/2025 22:00:00,000,6,125778131,06/11/2025 22:00:00,000,4,763,
06/11/2025 22:15:00,000,5,939894155,06/11/2025 22:15:00,000,4,763,
06/11/2025 22:30:00,000,5,692410819,06/11/2025 22:30:00,000,4,763,
06/11/2025 22:45:00,000,5,391744754,06/11/2025 22:45:00,000,4,763,
06/11/2025 23:00:00,000,5,082084134,06/11/2025 23:00:00,000,4,4322,
06/11/2025 23:15:00,000,4,955441355,06/11/2025 23:15:00,000,4,4322,
06/11/2025 23:30:00,000,4,885743176,06/11/2025 23:30:00,000,4,4322,
06/11/2025 23:45:00,000,4,704690167,06/11/2025 23:45:00,000,4,4322,
07/11/2025 00:00:00,000,4,653725544,07/11/2025 00:00:00,000,3,7936,
07/11/2025 00:15:00,000,4,566466519,07/11/2025 00:15:00,000,3,7936,
07/11/2025 00:30:00,000,4,45926122,07/11/2025 00:30:00,000,3,7936,
07/11/2025 00:45:00,000,4,465726308,07/11/2025 00:45:00,000,3,7936,
07/11/2025 01:00:00,000,4,415957611,07/11/2025 01:00:00,000,3,4305,
07/11/2025 01:15:00,000,4,494291292,07/11/2025 01:15:00,000,3,4305,
07/11/2025 01:30:00,000,4,527169886,07/11/2025 01:30:00,000,3,4305,
07/11/2025 01:45:00,000,4,447411114,07/11/2025 01:45:00,000,3,4305,
07/11/2025 02:00:00,000,4,337107637,07/11/2025 02:00:00,000,2,9396,
07/11/2025 02:15:00,000,4,275295693,07/11/2025 02:15:00,000,2,9396,
07/11/2025 02:30:00,000,4,248723751,07/11/2025 02:30:00,000,2,9396,
07/11/2025 02:45:00,000,4,268846631,07/11/2025 02:45:00,000,2,9396,
07/11/2025 03:00:00,000,4,070987264,07/11/2025 03:00:00,000,2,6196,
07/11/2025 03:15:00,000,4,038192171,07/11/2025 03:15:00,000,2,6196,
07/11/2025 03:30:00,000,3,965661122,07/11/2025 03:30:00,000,2,6196,
07/11/2025 03:45:00,000,3,934909094,07/11/2025 03:45:00,000,2,6196,
07/11/2025 04:00:00,000,3,831203276,07/11/2025 04:00:00,000,2,4489,
07/11/2025 04:15:00,000,3,718777664,07/11/2025 04:15:00,000,2,4489,
07/11/2025 04:30:00,000,3,627907188,07/11/2025 04:30:00,000,2,4489,
07/11/2025 04:45:00,000,3,520362331,07/11/2025 04:45:00,000,2,4489,
07/11/2025 05:00:00,000,3,500176643,07/11/2025 05:00:00,000,2,0373,
07/11/2025 05:15:00,000,3,40812923,07/11/2025 05:15:00,000,2,0373,
07/11/2025 05:30:00,000,3,363929313,07/11/2025 05:30:00,000,2,0373,
07/11/2025 05:45:00,000,3,291501094,07/11/2025 05:45:00,000,2,0373,
07/11/2025 06:00:00,000,3,108208962,07/11/2025 06:00:00,000,1,8467,
07/11/2025 06:15:00,000,3,072719727,07/11/2025 06:15:00,000,1,8467,
07/11/2025 06:30:00,000,3,020348159,07/11/2025 06:30:00,000,1,8467,
07/11/2025 06:45:00,000,2,988371383,07/11/2025 06:45:00,000,1,8467,
07/11/2025 07:00:00,000,3,191252513,07/11/2025 07:00:00,000,2,5232,
07/11/2025 07:15:00,000,3,464022139,07/11/2025 07:15:00,000,2,5232,
07/11/2025 07:30:00,000,3,888884767,07/11/2025 07:30:00,000,2,5232,
07/11/2025 07:45:00,000,4,168359397,07/11/2025 07:45:00,000,2,5232,
07/11/2025 08:00:00,000,4,643997178,07/11/2025 08:00:00,000,4,7505,
07/11/2025 08:15:00,000,5,042961843,07/11/2025 08:15:00,000,4,7505,
07/11/2025 08:30:00,000,5,519689698,07/11/2025 08:30:00,000,4,7505,
07/11/2025 08:45:00,000,6,056682643,07/11/2025 08:45:00,000,4,7505,
07/11/2025 09:00:00,000,6,701515782,07/11/2025 09:00:00,000,7,2697,
07/11/2025 09:15:00,000,7,338637522,07/11/2025 09:15:00,000,7,2697,
07/11/2025 09:30:00,000,7,800410686,07/11/2025 09:30:00,000,7,2697,
07/11/2025 09:45:00,000,8,503442871,07/11/2025 09:45:00,000,7,2697,
07/11/2025 10:00:00,000,8,646766544,07/11/2025 10:00:00,000,9,4482,
07/11/2025 10:15:00,000,9,089396638,07/11/2025 10:15:00,000,9,4482,
07/11/2025 10:30:00,000,9,716912388,07/11/2025 10:30:00,000,9,4482,
07/11/2025 10:45:00,000,9,874238788,07/11/2025 10:45:00,000,9,4482,
07/11/2025 11:00:00,000,10,36142782,07/11/2025 11:00:00,000,11,3506,
07/11/2025 11:15:00,000,10,36947141,07/11/2025 11:15:00,000,11,3506,
07/11/2025 11:30:00,000,10,55812156,07/11/2025 11:30:00,000,11,3506,
07/11/2025 11:45:00,000,10,99684839,07/11/2025 11:45:00,000,11,3506,
07/11/2025 12:00:00,000,11,30859229,07/11/2025 12:00:00,000,12,7843,
07/11/2025 12:15:00,000,11,28304938,07/11/2025 12:15:00,000,12,7843,
07/11/2025 12:30:00,000,11,63337937,07/11/2025 12:30:00,000,12,7843,
07/11/2025 12:45:00,000,11,77197749,07/11/2025 12:45:00,000,12,7843,
07/11/2025 13:00:00,000,11,80476371,07/11/2025 13:00:00,000,13,1014,
07/11/2025 13:15:00,000,11,67696464,07/11/2025 13:15:00,000,13,1014,
07/11/2025 13:30:00,000,11,78487646,07/11/2025 13:30:00,000,13,1014,
07/11/2025 13:45:00,000,11,88773351,07/11/2025 13:45:00,000,13,1014,
07/11/2025 14:00:00,000,11,81846789,07/11/2025 14:00:00,000,13,3877,
07/11/2025 14:15:00,000,11,95950527,07/11/2025 14:15:00,000,13,3877,
07/11/2025 14:30:00,000,11,92854302,07/11/2025 14:30:00,000,13,3877,
07/11/2025 14:45:00,000,11,84052138,07/11/2025 14:45:00,000,13,3877,
07/11/2025 15:00:00,000,11,51244122,07/11/2025 15:00:00,000,12,1321,
07/11/2025 15:15:00,000,11,34769154,07/11/2025 15:15:00,000,12,1321,
07/11/2025 15:30:00,000,10,81919533,07/11/2025 15:30:00,000,12,1321,
07/11/2025 15:45:00,000,10,30382876,07/11/2025 15:45:00,000,12,1321,
07/11/2025 16:00:00,000,9,921332798,07/11/2025 16:00:00,000,9,6192,
07/11/2025 16:15:00,000,9,570620277,07/11/2025 16:15:00,000,9,6192,
07/11/2025 16:30:00,000,9,332594258,07/11/2025 16:30:00,000,9,6192,
07/11/2025 16:45:00,000,8,885122352,07/11/2025 16:45:00,000,9,6192,
07/11/2025 17:00:00,000,8,94379496,07/11/2025 17:00:00,000,7,6073,
07/11/2025 17:15:00,000,8,788062657,07/11/2025 17:15:00,000,7,6073,
07/11/2025 17:30:00,000,8,525331918,07/11/2025 17:30:00,000,7,6073,
07/11/2025 17:45:00,000,8,628217855,07/11/2025 17:45:00,000,7,6073,
07/11/2025 18:00:00,000,8,321658132,07/11/2025 18:00:00,000,6,715,
07/11/2025 18:15:00,000,8,238948704,07/11/2025 18:15:00,000,6,715,
07/11/2025 18:30:00,000,8,039119125,07/11/2025 18:30:00,000,6,715,
07/11/2025 18:45:00,000,7,843201691,07/11/2025 18:45:00,000,6,715,
07/11/2025 19:00:00,000,7,847647883,07/11/2025 19:00:00,000,6,2194,
07/11/2025 19:15:00,000,7,472895757,07/11/2025 19:15:00,000,6,2194,
07/11/2025 19:30:00,000,7,567637585,07/11/2025 19:30:00,000,6,2194,
07/11/2025 19:45:00,000,7,460456244,07/11/2025 19:45:00,000,6,2194,
07/11/2025 20:00:00,000,7,118525979,07/11/2025 20:00:00,000,4,9802,
07/11/2025 20:15:00,000,7,108881686,07/11/2025 20:15:00,000,4,9802,
07/11/2025 20:30:00,000,6,875809141,07/11/2025 20:30:00,000,4,9802,
07/11/2025 20:45:00,000,6,724214239,07/11/2025 20:45:00,000,4,9802,
07/11/2025 21:00:00,000,6,730848683,07/11/2025 21:00:00,000,3,7958,
07/11/2025 21:15:00,000,6,634839411,07/11/2025 21:15:00,000,3,7958,
07/11/2025 21:30:00,000,6,398922785,07/11/2025 21:30:00,000,3,7958,
07/11/2025 21:45:00,000,6,439609769,07/11/2025 21:45:00,000,3,7958,
07/11/2025 22:00:00,000,6,303351324,07/11/2025 22:00:00,000,3,5301,
07/11/2025 22:15:00,000,5,972149223,07/11/2025 22:15:00,000,3,5301,
07/11/2025 22:30:00,000,5,898788353,07/11/2025 22:30:00,000,3,5301,
07/11/2025 22:45:00,000,5,824711225,07/11/2025 22:45:00,000,3,5301,
07/11/2025 23:00:00,000,5,778677395,07/11/2025 23:00:00,000,3,4322,
07/11/2025 23:15:00,000,5,700988133,07/11/2025 23:15:00,000,3,4322,
07/11/2025 23:30:00,000,5,628811059,07/11/2025 23:30:00,000,3,4322,
07/11/2025 23:45:00,000,5,302430861,07/11/2025 23:45:00,000,3,4322,
08/11/2025 00:00:00,000,5,375646938,08/11/2025 00:00:00,000,3,0541,
08/11/2025 00:15:00,000,5,144972782,08/11/2025 00:15:00,000,3,0541,
08/11/2025 00:30:00,000,5,189111093,08/11/2025 00:30:00,000,3,0541,
08/11/2025 00:45:00,000,5,078252479,08/11/2025 00:45:00,000,3,0541,
08/11/2025 01:00:00,000,5,173545714,08/11/2025 01:00:00,000,2,7668,
08/11/2025 01:15:00,000,5,203171977,08/11/2025 01:15:00,000,2,7668,
08/11/2025 01:30:00,000,5,343161682,08/11/2025 01:30:00,000,2,7668,
08/11/2025 01:45:00,000,5,300030357,08/11/2025 01:45:00,000,2,7668,
08/11/2025 02:00:00,000,5,363278539,08/11/2025 02:00:00,000,2,7645,
08/11/2025 02:15:00,000,5,258319033,08/11/2025 02:15:00,000,2,7645,
08/11/2025 02:30:00,000,5,151483215,08/11/2025 02:30:00,000,2,7645,
08/11/2025 02:45:00,000,5,127205751,08/11/2025 02:45:00,000,2,7645,
08/11/2025 03:00:00,000,5,2268774,08/11/2025 03:00:00,000,2,9596,
08/11/2025 03:15:00,000,5,170863561,08/11/2025 03:15:00,000,2,9596,
08/11/2025 03:30:00,000,5,065718613,08/11/2025 03:30:00,000,2,9596,
08/11/2025 03:45:00,000,5,178413052,08/11/2025 03:45:00,000,2,9596,
08/11/2025 04:00:00,000,5,172439472,08/11/2025 04:00:00,000,3,7203,
08/11/2025 04:15:00,000,5,228909789,08/11/2025 04:15:00,000,3,7203,
08/11/2025 04:30:00,000,5,177973134,08/11/2025 04:30:00,000,3,7203,
08/11/2025 04:45:00,000,5,52569578,08/11/2025 04:45:00,000,3,7203,
08/11/2025 05:00:00,000,5,421733562,08/11/2025 05:00:00,000,4,2844,
08/11/2025 05:15:00,000,5,431106484,08/11/2025 05:15:00,000,4,2844,
08/11/2025 05:30:00,000,5,383857792,08/11/2025 05:30:00,000,4,2844,
08/11/2025 05:45:00,000,5,399074644,08/11/2025 05:45:00,000,4,2844,
08/11/2025 06:00:00,000,5,272665868,08/11/2025 06:00:00,000,4,5916,
08/11/2025 06:15:00,000,5,327906253,08/11/2025 06:15:00,000,4,5916,
08/11/2025 06:30:00,000,5,53477083,08/11/2025 06:30:00,000,4,5916,
08/11/2025 06:45:00,000,5,434281909,08/11/2025 06:45:00,000,4,5916,
08/11/2025 07:00:00,000,5,674460663,08/11/2025 07:00:00,000,5,0895,
08/11/2025 07:15:00,000,5,548831308,08/11/2025 07:15:00,000,5,0895,
08/11/2025 07:30:00,000,5,739023753,08/11/2025 07:30:00,000,5,0895,
08/11/2025 07:45:00,000,5,631451313,08/11/2025 07:45:00,000,5,0895,
08/11/2025 08:00:00,000,5,791369157,08/11/2025 08:00:00,000,6,1766,
08/11/2025 08:15:00,000,5,745324419,08/11/2025 08:15:00,000,6,1766,
08/11/2025 08:30:00,000,5,916482707,08/11/2025 08:30:00,000,6,1766,
08/11/2025 08:45:00,000,6,179028361,08/11/2025 08:45:00,000,6,1766,
08/11/2025 09:00:00,000,6,541037508,08/11/2025 09:00:00,000,7,3277,
08/11/2025 09:15:00,000,6,774378132,08/11/2025 09:15:00,000,7,3277,
08/11/2025 09:30:00,000,6,828173255,08/11/2025 09:30:00,000,7,3277,
08/11/2025 09:45:00,000,7,09404296,08/11/2025 09:45:00,000,7,3277,
08/11/2025 10:00:00,000,7,406409573,08/11/2025 10:00:00,000,7,9266,
08/11/2025 10:15:00,000,7,571543272,08/11/2025 10:15:00,000,7,9266,
08/11/2025 10:30:00,000,7,518320704,08/11/2025 10:30:00,000,7,9266,
08/11/2025 10:45:00,000,8,521385267,08/11/2025 10:45:00,000,7,9266,
08/11/2025 11:00:00,000,8,575020778,08/11/2025 11:00:00,000,8,445,
08/11/2025 11:15:00,000,8,864520654,08/11/2025 11:15:00,000,8,445,
08/11/2025 11:30:00,000,8,863285569,08/11/2025 11:30:00,000,8,445,
08/11/2025 11:45:00,000,8,80925201,08/11/2025 11:45:00,000,8,445,
08/11/2025 12:00:00,000,8,956284361,08/11/2025 12:00:00,000,8,7674,
08/11/2025 12:15:00,000,8,990629823,08/11/2025 12:15:00,000,8,7674,
08/11/2025 12:30:00,000,9,045918997,08/11/2025 12:30:00,000,8,7674,
08/11/2025 12:45:00,000,9,284763727,08/11/2025 12:45:00,000,8,7674,
08/11/2025 13:00:00,000,9,034480318,08/11/2025 13:00:00,000,8,7255,
08/11/2025 13:15:00,000,9,026650671,08/11/2025 13:15:00,000,8,7255,
08/11/2025 13:30:00,000,9,061021783,08/11/2025 13:30:00,000,8,7255,
08/11/2025 13:45:00,000,9,249235727,08/11/2025 13:45:00,000,8,7255,
08/11/2025 14:00:00,000,9,280788256,08/11/2025 14:00:00,000,8,9117,
08/11/2025 14:15:00,000,9,371730998,08/11/2025 14:15:00,000,8,9117,
08/11/2025 14:30:00,000,9,132352211,08/11/2025 14:30:00,000,8,9117,
08/11/2025 14:45:00,000,9,285327502,08/11/2025 14:45:00,000,8,9117,
08/11/2025 15:00:00,000,9,256265144,08/11/2025 15:00:00,000,8,7211,
08/11/2025 15:15:00,000,9,107166484,08/11/2025 15:15:00,000,8,7211,
08/11/2025 15:30:00,000,8,947262133,08/11/2025 15:30:00,000,8,7211,
08/11/2025 15:45:00,000,8,642564722,08/11/2025 15:45:00,000,8,7211,
08/11/2025 16:00:00,000,8,467495351,08/11/2025 16:00:00,000,8,3385,
08/11/2025 16:15:00,000,8,707499075,08/11/2025 16:15:00,000,8,3385,
08/11/2025 16:30:00,000,8,300693723,08/11/2025 16:30:00,000,8,3385,
08/11/2025 16:45:00,000,8,080343446,08/11/2025 16:45:00,000,8,3385,
08/11/2025 17:00:00,000,8,102010894,08/11/2025 17:00:00,000,8,4038,
08/11/2025 17:15:00,000,8,207215672,08/11/2025 17:15:00,000,8,4038,
08/11/2025 17:30:00,000,8,162754202,08/11/2025 17:30:00,000,8,4038,
08/11/2025 17:45:00,000,8,096748432,08/11/2025 17:45:00,000,8,4038,
08/11/2025 18:00:00,000,7,756700409,08/11/2025 18:00:00,000,8,192,
08/11/2025 18:15:00,000,7,830371861,08/11/2025 18:15:00,000,8,192,
08/11/2025 18:30:00,000,7,524411578,08/11/2025 18:30:00,000,8,192,
08/11/2025 18:45:00,000,7,277345554,08/11/2025 18:45:00,000,8,192,
08/11/2025 19:00:00,000,7,304987377,08/11/2025 19:00:00,000,7,9807,
08/11/2025 19:15:00,000,6,984032674,08/11/2025 19:15:00,000,7,9807,
08/11/2025 19:30:00,000,7,060389317,08/11/2025 19:30:00,000,7,9807,
08/11/2025 19:45:00,000,6,926735609,08/11/2025 19:45:00,000,7,9807,
08/11/2025 20:00:00,000,6,864276727,08/11/2025 20:00:00,000,7,5085,
08/11/2025 20:15:00,000,6,862873843,08/11/2025 20:15:00,000,7,5085,
08/11/2025 20:30:00,000,6,679086206,08/11/2025 20:30:00,000,7,5085,
08/11/2025 20:45:00,000,6,842547302,08/11/2025 20:45:00,000,7,5085,
08/11/2025 21:00:00,000,6,856317618,08/11/2025 21:00:00,000,7,6024,
08/11/2025 21:15:00,000,6,939786129,08/11/2025 21:15:00,000,7,6024,
08/11/2025 21:30:00,000,6,776379716,08/11/2025 21:30:00,000,7,6024,
08/11/2025 21:45:00,000,6,768762171,08/11/2025 21:45:00,000,7,6024,
08/11/2025 22:00:00,000,6,489980076,08/11/2025 22:00:00,000,7,5655,
08/11/2025 22:15:00,000,6,589148278,08/11/2025 22:15:00,000,7,5655,
08/11/2025 22:30:00,000,6,328648952,08/11/2025 22:30:00,000,7,5655,
08/11/2025 22:45:00,000,6,812862034,08/11/2025 22:45:00,000,7,5655,
08/11/2025 23:00:00,000,6,653046641,08/11/2025 23:00:00,000,7,1723,
08/11/2025 23:15:00,000,6,592891005,08/11/2025 23:15:00,000,7,1723,
08/11/2025 23:30:00,000,6,362249258,08/11/2025 23:30:00,000,7,1723,
08/11/2025 23:45:00,000,6,325958255,08/11/2025 23:45:00,000,7,1723,
09/11/2025 00:00:00,000,6,232088332,09/11/2025 00:00:00,000,7,0867,
09/11/2025 00:15:00,000,6,283414408,09/11/2025 00:15:00,000,7,0867,
09/11/2025 00:30:00,000,6,221636474,09/11/2025 00:30:00,000,7,0867,
09/11/2025 00:45:00,000,6,271721667,09/11/2025 00:45:00,000,7,0867,
09/11/2025 01:00:00,000,6,281288917,09/11/2025 01:00:00,000,7,2955,
09/11/2025 01:15:00,000,6,274957863,09/11/2025 01:15:00,000,7,2955,
09/11/2025 01:30:00,000,6,267661568,09/11/2025 01:30:00,000,7,2955,
09/11/2025 01:45:00,000,6,2126391,09/11/2025 01:45:00,000,7,2955,
09/11/2025 02:00:00,000,6,180665124,09/11/2025 02:00:00,000,7,6068,
09/11/2025 02:15:00,000,6,333572537,09/11/2025 02:15:00,000,7,6068,
09/11/2025 02:30:00,000,6,440800928,09/11/2025 02:30:00,000,7,6068,
09/11/2025 02:45:00,000,6,392150957,09/11/2025 02:45:00,000,7,6068,
09/11/2025 03:00:00,000,6,312663447,09/11/2025 03:00:00,000,7,7561,
09/11/2025 03:15:00,000,6,228689729,09/11/2025 03:15:00,000,7,7561,
09/11/2025 03:30:00,000,6,218173499,09/11/2025 03:30:00,000,7,7561,
09/11/2025 03:45:00,000,6,147156383,09/11/2025 03:45:00,000,7,7561,
09/11/2025 04:00:00,000,6,286269392,09/11/2025 04:00:00,000,7,3108,
09/11/2025 04:15:00,000,6,089031042,09/11/2025 04:15:00,000,7,3108,
09/11/2025 04:30:00,000,6,137268148,09/11/2025 04:30:00,000,7,3108,
09/11/2025 04:45:00,000,6,16082861,09/11/2025 04:45:00,000,7,3108,
09/11/2025 05:00:00,000,6,116170793,09/11/2025 05:00:00,000,6,9537,
09/11/2025 05:15:00,000,6,043236937,09/11/2025 05:15:00,000,6,9537,
09/11/2025 05:30:00,000,6,123849302,09/11/2025 05:30:00,000,6,9537,
09/11/2025 05:45:00,000,6,069120045,09/11/2025 05:45:00,000,6,9537,
09/11/2025 06:00:00,000,5,973945487,09/11/2025 06:00:00,000,6,7424,
09/11/2025 06:15:00,000,5,738048792,09/11/2025 06:15:00,000,6,7424,
09/11/2025 06:30:00,000,5,8458811,09/11/2025 06:30:00,000,6,7424,
09/11/2025 06:45:00,000,5,807138307,09/11/2025 06:45:00,000,6,7424,
09/11/2025 07:00:00,000,5,694713212,09/11/2025 07:00:00,000,7,1825,
09/11/2025 07:15:00,000,5,816009313,09/11/2025 07:15:00,000,7,1825,
09/11/2025 07:30:00,000,5,70216747,09/11/2025 07:30:00,000,7,1825,
09/11/2025 07:45:00,000,5,750748953,09/11/2025 07:45:00,000,7,1825,
09/11/2025 08:00:00,000,5,826842342,09/11/2025 08:00:00,000,7,7748,
09/11/2025 08:15:00,000,6,041254467,09/11/2025 08:15:00,000,7,7748,
09/11/2025 08:30:00,000,6,064495381,09/11/2025 08:30:00,000,7,7748,
09/11/2025 08:45:00,000,6,521925089,09/11/2025 08:45:00,000,7,7748,
09/11/2025 09:00:00,000,6,867705604,09/11/2025 09:00:00,000,8,1964,
09/11/2025 09:15:00,000,7,10708532,09/11/2025 09:15:00,000,8,1964,
09/11/2025 09:30:00,000,7,439035643,09/11/2025 09:30:00,000,8,1964,
09/11/2025 09:45:00,000,7,633430998,09/11/2025 09:45:00,000,8,1964,
09/11/2025 10:00:00,000,7,745270166,09/11/2025 10:00:00,000,8,8511,
09/11/2025 10:15:00,000,8,02329863,09/11/2025 10:15:00,000,8,8511,
09/11/2025 10:30:00,000,8,312954288,09/11/2025 10:30:00,000,8,8511,
09/11/2025 10:45:00,000,8,308571188,09/11/2025 10:45:00,000,8,8511,
09/11/2025 11:00:00,000,8,754438721,09/11/2025 11:00:00,000,9,5082,
09/11/2025 11:15:00,000,8,623485551,09/11/2025 11:15:00,000,9,5082,
09/11/2025 11:30:00,000,8,821553032,09/11/2025 11:30:00,000,9,5082,
09/11/2025 11:45:00,000,8,707356365,09/11/2025 11:45:00,000,9,5082,
09/11/2025 12:00:00,000,9,052378928,09/11/2025 12:00:00,000,9,753,
09/11/2025 12:15:00,000,8,811911085,09/11/2025 12:15:00,000,9,753,
09/11/2025 12:30:00,000,8,768849436,09/11/2025 12:30:00,000,9,753,
09/11/2025 12:45:00,000,9,080607754,09/11/2025 12:45:00,000,9,753,
09/11/2025 13:00:00,000,8,872484427,09/11/2025 13:00:00,000,10,1242,
09/11/2025 13:15:00,000,9,011255512,09/11/2025 13:15:00,000,10,1242,
09/11/2025 13:30:00,000,9,15688526,09/11/2025 13:30:00,000,10,1242,
09/11/2025 13:45:00,000,9,439105577,09/11/2025 13:45:00,000,10,1242,
09/11/2025 14:00:00,000,9,645947553,09/11/2025 14:00:00,000,10,6917,
09/11/2025 14:15:00,000,9,887208889,09/11/2025 14:15:00,000,10,6917,
09/11/2025 14:30:00,000,9,859954755,09/11/2025 14:30:00,000,10,6917,
09/11/2025 14:45:00,000,9,966389064,09/11/2025 14:45:00,000,10,6917,
09/11/2025 15:00:00,000,9,948256952,09/11/2025 15:00:00,000,10,4404,
09/11/2025 15:15:00,000,10,03365502,09/11/2025 15:15:00,000,10,4404,
09/11/2025 15:30:00,000,9,889635332,09/11/2025 15:30:00,000,10,4404,
09/11/2025 15:45:00,000,9,54469999,09/11/2025 15:45:00,000,10,4404,
09/11/2025 16:00:00,000,9,526001094,09/11/2025 16:00:00,000,9,3655,
09/11/2025 16:15:00,000,9,135182674,09/11/2025 16:15:00,000,9,3655,
09/11/2025 16:30:00,000,9,292077311,09/11/2025 16:30:00,000,9,3655,
09/11/2025 16:45:00,000,9,054156852,09/11/2025 16:45:00,000,9,3655,
09/11/2025 17:00:00,000,9,010874429,09/11/2025 17:00:00,000,8,621,
09/11/2025 17:15:00,000,8,899148297,09/11/2025 17:15:00,000,8,621,
09/11/2025 17:30:00,000,8,925378403,09/11/2025 17:30:00,000,8,621,
09/11/2025 17:45:00,000,8,888856964,09/11/2025 17:45:00,000,8,621,
09/11/2025 18:00:00,000,8,531560809,09/11/2025 18:00:00,000,8,1463,
09/11/2025 18:15:00,000,8,445920646,09/11/2025 18:15:00,000,8,1463,
09/11/2025 18:30:00,000,8,473116155,09/11/2025 18:30:00,000,8,1463,
09/11/2025 18:45:00,000,8,068870559,09/11/2025 18:45:00,000,8,1463,
09/11/2025 19:00:00,000,7,926952682,09/11/2025 19:00:00,000,7,8008,
09/11/2025 19:15:00,000,7,99419837,09/11/2025 19:15:00,000,7,8008,
09/11/2025 19:30:00,000,7,829700527,09/11/2025 19:30:00,000,7,8008,
09/11/2025 19:45:00,000,7,478672116,09/11/2025 19:45:00,000,7,8008,
09/11/2025 20:00:00,000,7,491465942,09/11/2025 20:00:00,000,7,6546,
09/11/2025 20:15:00,000,7,361380105,09/11/2025 20:15:00,000,7,6546,
09/11/2025 20:30:00,000,7,073170827,09/11/2025 20:30:00,000,7,6546,
09/11/2025 20:45:00,000,7,065470171,09/11/2025 20:45:00,000,7,6546,
09/11/2025 21:00:00,000,6,866586521,09/11/2025 21:00:00,000,7,5098,
09/11/2025 21:15:00,000,6,696110323,09/11/2025 21:15:00,000,7,5098,
09/11/2025 21:30:00,000,6,780575448,09/11/2025 21:30:00,000,7,5098,
09/11/2025 21:45:00,000,6,46401576,09/11/2025 21:45:00,000,7,5098,
09/11/2025 22:00:00,000,6,492399674,09/11/2025 22:00:00,000,7,2033,
09/11/2025 22:15:00,000,6,161193146,09/11/2025 22:15:00,000,7,2033,
09/11/2025 22:30:00,000,6,196009901,09/11/2025 22:30:00,000,7,2033,
09/11/2025 22:45:00,000,6,525813431,09/11/2025 22:45:00,000,7,2033,
09/11/2025 23:00:00,000,6,42835993,09/11/2025 23:00:00,000,6,8367,
09/11/2025 23:15:00,000,6,410810398,09/11/2025 23:15:00,000,6,8367,
09/11/2025 23:30:00,000,6,218617771,09/11/2025 23:30:00,000,6,8367,
09/11/2025 23:45:00,000,6,234127986,09/11/2025 23:45:00,000,6,8367,
10/11/2025 00:00:00,000,6,239480219,10/11/2025 00:00:00,000,6,8173,
10/11/2025 00:15:00,000,6,092492731,10/11/2025 00:15:00,000,6,8173,
10/11/2025 00:30:00,000,6,056330836,10/11/2025 00:30:00,000,6,8173,
10/11/2025 00:45:00,000,6,040941902,10/11/2025 00:45:00,000,6,8173,
10/11/2025 01:00:00,000,6,01512312,10/11/2025 01:00:00,000,6,8948,
10/11/2025 01:15:00,000,6,088884408,10/11/2025 01:15:00,000,6,8948,
10/11/2025 01:30:00,000,5,9369351,10/11/2025 01:30:00,000,6,8948,
10/11/2025 01:45:00,000,5,98328229,10/11/2025 01:45:00,000,6,8948,
10/11/2025 02:00:00,000,5,86079024,10/11/2025 02:00:00,000,6,8647,
10/11/2025 02:15:00,000,5,801104606,10/11/2025 02:15:00,000,6,8647,
10/11/2025 02:30:00,000,5,957495693,10/11/2025 02:30:00,000,6,8647,
10/11/2025 02:45:00,000,5,951309891,10/11/2025 02:45:00,000,6,8647,
10/11/2025 03:00:00,000,5,989235337,10/11/2025 03:00:00,000,6,973,
10/11/2025 03:15:00,000,6,017464137,10/11/2025 03:15:00,000,6,973,
10/11/2025 03:30:00,000,5,955280272,10/11/2025 03:30:00,000,6,973,
10/11/2025 03:45:00,000,6,064352238,10/11/2025 03:45:00,000,6,973,
10/11/2025 04:00:00,000,6,124192267,10/11/2025 04:00:00,000,6,7039,
10/11/2025 04:15:00,000,6,054700814,10/11/2025 04:15:00,000,6,7039,
10/11/2025 04:30:00,000,5,967008413,10/11/2025 04:30:00,000,6,7039,
10/11/2025 04:45:00,000,5,953099949,10/11/2025 04:45:00,000,6,7039,
10/11/2025 05:00:00,000,5,902865801,10/11/2025 05:00:00,000,6,4721,
10/11/2025 05:15:00,000,5,878230951,10/11/2025 05:15:00,000,6,4721,
10/11/2025 05:30:00,000,5,818168851,10/11/2025 05:30:00,000,6,4721,
10/11/2025 05:45:00,000,5,543188388,10/11/2025 05:45:00,000,6,4721,
10/11/2025 06:00:00,000,5,562490591,10/11/2025 06:00:00,000,6,3306,
10/11/2025 06:15:00,000,5,482649209,10/11/2025 06:15:00,000,6,3306,
10/11/2025 06:30:00,000,5,442180156,10/11/2025 06:30:00,000,6,3306,
10/11/2025 06:45:00,000,5,364985657,10/11/2025 06:45:00,000,6,3306,
10/11/2025 07:00:00,000,5,342520385,10/11/2025 07:00:00,000,6,5358,
10/11/2025 07:15:00,000,5,375749378,10/11/2025 07:15:00,000,6,5358,
10/11/2025 07:30:00,000,5,598347219,10/11/2025 07:30:00,000,6,5358,
10/11/2025 07:45:00,000,5,840195789,10/11/2025 07:45:00,000,6,5358,
10/11/2025 08:00:00,000,5,792797106,10/11/2025 08:00:00,000,7,0571,
10/11/2025 08:15:00,000,6,057622561,10/11/2025 08:15:00,000,7,0571,
10/11/2025 08:30:00,000,6,240359976,10/11/2025 08:30:00,000,7,0571,
10/11/2025 08:45:00,000,6,353550265,10/11/2025 08:45:00,000,7,0571,
10/11/2025 09:00:00,000,6,6551006,10/11/2025 09:00:00,000,7,6572,
10/11/2025 09:15:00,000,7,115027949,10/11/2025 09:15:00,000,7,6572,
10/11/2025 09:30:00,000,7,374030344,10/11/2025 09:30:00,000,7,6572,
10/11/2025 09:45:00,000,7,505718277,10/11/2025 09:45:00,000,7,6572,
10/11/2025 10:00:00,000,7,87724509,10/11/2025 10:00:00,000,8,5317,
10/11/2025 10:15:00,000,8,270147961,10/11/2025 10:15:00,000,8,5317,
10/11/2025 10:30:00,000,8,461086649,10/11/2025 10:30:00,000,8,5317,
10/11/2025 10:45:00,000,8,377073178,10/11/2025 10:45:00,000,8,5317,
10/11/2025 11:00:00,000,8,573359507,10/11/2025 11:00:00,000,9,4056,
10/11/2025 11:15:00,000,8,781008893,10/11/2025 11:15:00,000,9,4056,
10/11/2025 11:30:00,000,9,16124518,10/11/2025 11:30:00,000,9,4056,
10/11/2025 11:45:00,000,9,228641122,10/11/2025 11:45:00,000,9,4056,
10/11/2025 12:00:00,000,9,50224235,10/11/2025 12:00:00,000,9,6087,
10/11/2025 12:15:00,000,9,482826616,10/11/2025 12:15:00,000,9,6087,
10/11/2025 12:30:00,000,9,536285375,10/11/2025 12:30:00,000,9,6087,
10/11/2025 12:45:00,000,9,539864969,10/11/2025 12:45:00,000,9,6087,
10/11/2025 13:00:00,000,9,426546077,10/11/2025 13:00:00,000,10,1065,
10/11/2025 13:15:00,000,9,540717627,10/11/2025 13:15:00,000,10,1065,
10/11/2025 13:30:00,000,9,45308186,10/11/2025 13:30:00,000,10,1065,
10/11/2025 13:45:00,000,9,322271413,10/11/2025 13:45:00,000,10,1065,
10/11/2025 14:00:00,000,9,683692015,10/11/2025 14:00:00,000,10,2927,
10/11/2025 14:15:00,000,9,430419505,10/11/2025 14:15:00,000,10,2927,
10/11/2025 14:30:00,000,9,832320652,10/11/2025 14:30:00,000,10,2927,
10/11/2025 14:45:00,000,9,796506777,10/11/2025 14:45:00,000,10,2927,
10/11/2025 15:00:00,000,9,503531876,10/11/2025 15:00:00,000,9,8887,
10/11/2025 15:15:00,000,9,451656096,10/11/2025 15:15:00,000,9,8887,
10/11/2025 15:30:00,000,9,341532605,10/11/2025 15:30:00,000,9,8887,
10/11/2025 15:45:00,000,9,037680734,10/11/2025 15:45:00,000,9,8887,
10/11/2025 16:00:00,000,8,66353056,10/11/2025 16:00:00,000,8,9369,
10/11/2025 16:15:00,000,8,82303118,10/11/2025 16:15:00,000,8,9369,
10/11/2025 16:30:00,000,8,698442704,10/11/2025 16:30:00,000,8,9369,
10/11/2025 16:45:00,000,8,489928013,10/11/2025 16:45:00,000,8,9369,
10/11/2025 17:00:00,000,8,537026914,10/11/2025 17:00:00,000,8,2833,
10/11/2025 17:15:00,000,8,453550786,10/11/2025 17:15:00,000,8,2833,
10/11/2025 17:30:00,000,8,647282039,10/11/2025 17:30:00,000,8,2833,
10/11/2025 17:45:00,000,8,505345258,10/11/2025 17:45:00,000,8,2833,
10/11/2025 18:00:00,000,8,788910877,10/11/2025 18:00:00,000,7,8838,
10/11/2025 18:15:00,000,8,845585989,10/11/2025 18:15:00,000,7,8838,
10/11/2025 18:30:00,000,8,664081489,10/11/2025 18:30:00,000,7,8838,
10/11/2025 18:45:00,000,8,783912628,10/11/2025 18:45:00,000,7,8838,
10/11/2025 19:00:00,000,8,587806153,10/11/2025 19:00:00,000,7,466,
10/11/2025 19:15:00,000,8,689792629,10/11/2025 19:15:00,000,7,466,
10/11/2025 19:30:00,000,8,551364933,10/11/2025 19:30:00,000,7,466,
10/11/2025 19:45:00,000,8,371267864,10/11/2025 19:45:00,000,7,466,
10/11/2025 20:00:00,000,8,434698583,10/11/2025 20:00:00,000,6,7985,
10/11/2025 20:15:00,000,8,267751791,10/11/2025 20:15:00,000,6,7985,
10/11/2025 20:30:00,000,8,172693843,10/11/2025 20:30:00,000,6,7985,
10/11/2025 20:45:00,000,7,975897513,10/11/2025 20:45:00,000,6,7985,
10/11/2025 21:00:00,000,7,839209687,10/11/2025 21:00:00,000,5,7706,
10/11/2025 21:15:00,000,7,907604245,10/11/2025 21:15:00,000,5,7706,
10/11/2025 21:30:00,000,7,676001548,10/11/2025 21:30:00,000,5,7706,
10/11/2025 21:45:00,000,7,627665946,10/11/2025 21:45:00,000,5,7706,
10/11/2025 22:00:00,000,7,209087621,10/11/2025 22:00:00,000,4,8856,
10/11/2025 22:15:00,000,7,133521376,10/11/2025 22:15:00,000,4,8856,
10/11/2025 22:30:00,000,6,87323217,10/11/2025 22:30:00,000,4,8856,
10/11/2025 22:45:00,000,6,895091431,10/11/2025 22:45:00,000,4,8856,
10/11/2025 23:00:00,000,6,744465703,10/11/2025 23:00:00,000,3,8483,
10/11/2025 23:15:00,000,6,541754554,10/11/2025 23:15:00,000,3,8483,
10/11/2025 23:30:00,000,6,413045802,10/11/2025 23:30:00,000,3,8483,
10/11/2025 23:45:00,000,6,324529856,10/11/2025 23:45:00,000,3,8483,
11/11/2025 00:00:00,000,6,360346728,11/11/2025 00:00:00,000,3,0627,
11/11/2025 00:15:00,000,6,066951646,11/11/2025 00:15:00,000,3,0627,
11/11/2025 00:30:00,000,5,935159202,11/11/2025 00:30:00,000,3,0627,
11/11/2025 00:45:00,000,5,927909587,11/11/2025 00:45:00,000,3,0627,
11/11/2025 01:00:00,000,5,777557048,11/11/2025 01:00:00,000,3,0778,
11/11/2025 01:15:00,000,5,625538842,11/11/2025 01:15:00,000,3,0778,
11/11/2025 01:30:00,000,5,568286198,11/11/2025 01:30:00,000,3,0778,
11/11/2025 01:45:00,000,5,338083171,11/11/2025 01:45:00,000,3,0778,
11/11/2025 02:00:00,000,5,255271752,11/11/2025 02:00:00,000,2,9328,
11/11/2025 02:15:00,000,5,03409048,11/11/2025 02:15:00,000,2,9328,
11/11/2025 02:30:00,000,4,809894515,11/11/2025 02:30:00,000,2,9328,
11/11/2025 02:45:00,000,4,865276545,11/11/2025 02:45:00,000,2,9328,
11/11/2025 03:00:00,000,4,673075024,11/11/2025 03:00:00,000,2,4636,
11/11/2025 03:15:00,000,4,582032123,11/11/2025 03:15:00,000,2,4636,
11/11/2025 03:30:00,000,4,552849849,11/11/2025 03:30:00,000,2,4636,
11/11/2025 03:45:00,000,4,65982495,11/11/2025 03:45:00,000,2,4636,
11/11/2025 04:00:00,000,4,556742905,11/11/2025 04:00:00,000,2,3341,
11/11/2025 04:15:00,000,4,547440258,11/11/2025 04:15:00,000,2,3341,
11/11/2025 04:30:00,000,4,404818621,11/11/2025 04:30:00,000,2,3341,
11/11/2025 04:45:00,000,4,233623704,11/11/2025 04:45:00,000,2,3341,
11/11/2025 05:00:00,000,4,154528622,11/11/2025 05:00:00,000,2,8195,
11/11/2025 05:15:00,000,4,207370035,11/11/2025 05:15:00,000,2,8195,
11/11/2025 05:30:00,000,4,092746603,11/11/2025 05:30:00,000,2,8195,
11/11/2025 05:45:00,000,3,993627239,11/11/2025 05:45:00,000,2,8195,
11/11/2025 06:00:00,000,3,882455926,11/11/2025 06:00:00,000,3,1703,
11/11/2025 06:15:00,000,3,87641701,11/11/2025 06:15:00,000,3,1703,
11/11/2025 06:30:00,000,3,782128509,11/11/2025 06:30:00,000,3,1703,
11/11/2025 06:45:00,000,3,75941654,11/11/2025 06:45:00,000,3,1703,
11/11/2025 07:00:00,000,3,886725822,11/11/2025 07:00:00,000,3,432,
11/11/2025 07:15:00,000,4,072465827,11/11/2025 07:15:00,000,3,432,
11/11/2025 07:30:00,000,4,231793948,11/11/2025 07:30:00,000,3,432,
11/11/2025 07:45:00,000,4,571372986,11/11/2025 07:45:00,000,3,432,
11/11/2025 08:00:00,000,4,763052314,11/11/2025 08:00:00,000,4,24,
11/11/2025 08:15:00,000,5,126526952,11/11/2025 08:15:00,000,4,24,
11/11/2025 08:30:00,000,5,23667891,11/11/2025 08:30:00,000,4,24,
11/11/2025 08:45:00,000,5,860203091,11/11/2025 08:45:00,000,4,24,
11/11/2025 09:00:00,000,6,372233172,11/11/2025 09:00:00,000,5,9014,
11/11/2025 09:15:00,000,6,628965883,11/11/2025 09:15:00,000,5,9014,
11/11/2025 09:30:00,000,7,101877879,11/11/2025 09:30:00,000,5,9014,
11/11/2025 09:45:00,000,7,5045959,11/11/2025 09:45:00,000,5,9014,
11/11/2025 10:00:00,000,7,576241481,11/11/2025 10:00:00,000,7,4865,
11/11/2025 10:15:00,000,8,094778362,11/11/2025 10:15:00,000,7,4865,
11/11/2025 10:30:00,000,8,093396371,11/11/2025 10:30:00,000,7,4865,
11/11/2025 10:45:00,000,8,082989532,11/11/2025 10:45:00,000,7,4865,
11/11/2025 11:00:00,000,8,562404325,11/11/2025 11:00:00,000,8,7151,
11/11/2025 11:15:00,000,8,919848894,11/11/2025 11:15:00,000,8,7151,
11/11/2025 11:30:00,000,9,067368838,11/11/2025 11:30:00,000,8,7151,
11/11/2025 11:45:00,000,9,461766362,11/11/2025 11:45:00,000,8,7151,
11/11/2025 12:00:00,000,9,692815144,11/11/2025 12:00:00,000,10,0385,
11/11/2025 12:15:00,000,9,90660719,11/11/2025 12:15:00,000,10,0385,
11/11/2025 12:30:00,000,9,831865851,11/11/2025 12:30:00,000,10,0385,
11/11/2025 12:45:00,000,10,22561392,11/11/2025 12:45:00,000,10,0385,
11/11/2025 13:00:00,000,10,27809319,11/11/2025 13:00:00,000,9,6033,
11/11/2025 13:15:00,000,10,20292427,11/11/2025 13:15:00,000,9,6033,
11/11/2025 13:30:00,000,10,28563667,11/11/2025 13:30:00,000,9,6033,
11/11/2025 13:45:00,000,10,49882171,11/11/2025 13:45:00,000,9,6033,
11/11/2025 14:00:00,000,10,61679719,11/11/2025 14:00:00,000,8,9,
11/11/2025 14:15:00,000,10,43748607,11/11/2025 14:15:00,000,8,9,
11/11/2025 14:30:00,000,10,33270583,11/11/2025 14:30:00,000,8,9,
11/11/2025 14:45:00,000,10,33698264,11/11/2025 14:45:00,000,8,9,
11/11/2025 15:00:00,000,10,03053904,11/11/2025 15:00:00,000,7,8185,
11/11/2025 15:15:00,000,9,578094167,11/11/2025 15:15:00,000,7,8185,
11/11/2025 15:30:00,000,9,465276747,11/11/2025 15:30:00,000,7,8185,
11/11/2025 15:45:00,000,9,343250614,11/11/2025 15:45:00,000,7,8185,
11/11/2025 16:00:00,000,9,001297501,11/11/2025 16:00:00,000,7,1008,
11/11/2025 16:15:00,000,8,908782282,11/11/2025 16:15:00,000,7,1008,
11/11/2025 16:30:00,000,8,476899636,11/11/2025 16:30:00,000,7,1008,
11/11/2025 16:45:00,000,8,189223817,11/11/2025 16:45:00,000,7,1008,
11/11/2025 17:00:00,000,7,939042432,11/11/2025 17:00:00,000,6,8726,
11/11/2025 17:15:00,000,8,011018499,11/11/2025 17:15:00,000,6,8726,
11/11/2025 17:30:00,000,7,741643006,11/11/2025 17:30:00,000,6,8726,
11/11/2025 17:45:00,000,7,928576525,11/11/2025 17:45:00,000,6,8726,
11/11/2025 18:00:00,000,7,828687931,11/11/2025 18:00:00,000,6,6329,
11/11/2025 18:15:00,000,7,982505297,11/11/2025 18:15:00,000,6,6329,
11/11/2025 18:30:00,000,8,05477168,11/11/2025 18:30:00,000,6,6329,
11/11/2025 18:45:00,000,7,808744837,11/11/2025 18:45:00,000,6,6329,
11/11/2025 19:00:00,000,7,708364967,11/11/2025 19:00:00,000,5,8976,
11/11/2025 19:15:00,000,7,791271679,11/11/2025 19:15:00,000,5,8976,
11/11/2025 19:30:00,000,7,698536239,11/11/2025 19:30:00,000,5,8976,
11/11/2025 19:45:00,000,7,609737017,11/11/2025 19:45:00,000,5,8976,
11/11/2025 20:00:00,000,7,527598514,11/11/2025 20:00:00,000,5,7091,
11/11/2025 20:15:00,000,7,322059456,11/11/2025 20:15:00,000,5,7091,
11/11/2025 20:30:00,000,7,38739534,11/11/2025 20:30:00,000,5,7091,
11/11/2025 20:45:00,000,7,43019588,11/11/2025 20:45:00,000,5,7091,
11/11/2025 21:00:00,000,7,305774891,11/11/2025 21:00:00,000,5,7843,
11/11/2025 21:15:00,000,7,09875731,11/11/2025 21:15:00,000,5,7843,
11/11/2025 21:30:00,000,6,911663872,11/11/2025 21:30:00,000,5,7843,
11/11/2025 21:45:00,000,6,692628359,11/11/2025 21:45:00,000,5,7843,
11/11/2025 22:00:00,000,6,614097862,11/11/2025 22:00:00,000,5,5821,
11/11/2025 22:15:00,000,6,392034383,11/11/2025 22:15:00,000,5,5821,
11/11/2025 22:30:00,000,6,13877769,11/11/2025 22:30:00,000,5,5821,
11/11/2025 22:45:00,000,5,646090675,11/11/2025 22:45:00,000,5,5821,
11/11/2025 23:00:00,000,5,607769484,11/11/2025 23:00:00,000,5,2609,
11/11/2025 23:15:00,000,5,468545502,11/11/2025 23:15:00,000,5,2609,
11/11/2025 23:30:00,000,5,518358335,11/11/2025 23:30:00,000,5,2609,
11/11/2025 23:45:00,000,5,29682392,11/11/2025 23:45:00,000,5,2609,
12/11/2025 00:00:00,000,5,378710119,12/11/2025 00:00:00,000,4,9307,
12/11/2025 00:15:00,000,5,296554695,12/11/2025 00:15:00,000,4,9307,
12/11/2025 00:30:00,000,5,069155192,12/11/2025 00:30:00,000,4,9307,
12/11/2025 00:45:00,000,5,172188171,12/11/2025 00:45:00,000,4,9307,
12/11/2025 01:00:00,000,5,144412759,12/11/2025 01:00:00,000,4,7256,
12/11/2025 01:15:00,000,5,156057959,12/11/2025 01:15:00,000,4,7256,
12/11/2025 01:30:00,000,4,939494021,12/11/2025 01:30:00,000,4,7256,
12/11/2025 01:45:00,000,4,953077439,12/11/2025 01:45:00,000,4,7256,
12/11/2025 02:00:00,000,4,773768637,12/11/2025 02:00:00,000,4,5362,
12/11/2025 02:15:00,000,4,668915437,12/11/2025 02:15:00,000,4,5362,
12/11/2025 02:30:00,000,4,543066465,12/11/2025 02:30:00,000,4,5362,
12/11/2025 02:45:00,000,4,414504121,12/11/2025 02:45:00,000,4,5362,
12/11/2025 03:00:00,000,4,254269089,12/11/2025 03:00:00,000,4,3535,
12/11/2025 03:15:00,000,4,277358276,12/11/2025 03:15:00,000,4,3535,
12/11/2025 03:30:00,000,4,116998965,12/11/2025 03:30:00,000,4,3535,
12/11/2025 03:45:00,000,4,146224161,12/11/2025 03:45:00,000,4,3535,
12/11/2025 04:00:00,000,4,040221766,12/11/2025 04:00:00,000,4,3011,
12/11/2025 04:15:00,000,3,939237028,12/11/2025 04:15:00,000,4,3011,
12/11/2025 04:30:00,000,3,848086994,12/11/2025 04:30:00,000,4,3011,
12/11/2025 04:45:00,000,3,712062734,12/11/2025 04:45:00,000,4,3011,
12/11/2025 05:00:00,000,3,586015989,12/11/2025 05:00:00,000,4,2386,
12/11/2025 05:15:00,000,3,498265234,12/11/2025 05:15:00,000,4,2386,
12/11/2025 05:30:00,000,3,427280395,12/11/2025 05:30:00,000,4,2386,
12/11/2025 05:45:00,000,3,305490199,12/11/2025 05:45:00,000,4,2386,
12/11/2025 06:00:00,000,3,216033052,12/11/2025 06:00:00,000,4,3764,
12/11/2025 06:15:00,000,3,099389322,12/11/2025 06:15:00,000,4,3764,
12/11/2025 06:30:00,000,3,042485406,12/11/2025 06:30:00,000,4,3764,
12/11/2025 06:45:00,000,3,061973118,12/11/2025 06:45:00,000,4,3764,
12/11/2025 07:00:00,000,3,081135343,12/11/2025 07:00:00,000,4,4987,
12/11/2025 07:15:00,000,3,35568546,12/11/2025 07:15:00,000,4,4987,
12/11/2025 07:30:00,000,3,649552478,12/11/2025 07:30:00,000,4,4987,
12/11/2025 07:45:00,000,3,885501016,12/11/2025 07:45:00,000,4,4987,
12/11/2025 08:00:00,000,4,240276896,12/11/2025 08:00:00,000,4,6754,
12/11/2025 08:15:00,000,4,594577594,12/11/2025 08:15:00,000,4,6754,
12/11/2025 08:30:00,000,4,870398663,12/11/2025 08:30:00,000,4,6754,
12/11/2025 08:45:00,000,5,522658774,12/11/2025 08:45:00,000,4,6754,
12/11/2025 09:00:00,000,5,994431181,12/11/2025 09:00:00,000,5,0211,
12/11/2025 09:15:00,000,6,436031717,12/11/2025 09:15:00,000,5,0211,
12/11/2025 09:30:00,000,6,938715734,12/11/2025 09:30:00,000,5,0211,
12/11/2025 09:45:00,000,6,971569256,12/11/2025 09:45:00,000,5,0211,
12/11/2025 10:00:00,000,7,301602339,12/11/2025 10:00:00,000,5,2555,
12/11/2025 10:15:00,000,7,626737915,12/11/2025 10:15:00,000,5,2555,
12/11/2025 10:30:00,000,7,843546783,12/11/2025 10:30:00,000,5,2555,
12/11/2025 10:45:00,000,7,92214939,12/11/2025 10:45:00,000,5,2555,
12/11/2025 11:00:00,000,8,067528406,12/11/2025 11:00:00,000,5,7,
12/11/2025 11:15:00,000,8,226701102,12/11/2025 11:15:00,000,5,7,
12/11/2025 11:30:00,000,8,687359423,12/11/2025 11:30:00,000,5,7,
12/11/2025 11:45:00,000,8,925462449,12/11/2025 11:45:00,000,5,7,
12/11/2025 12:00:00,000,8,951909829,12/11/2025 12:00:00,000,5,9795,
12/11/2025 12:15:00,000,9,226554191,12/11/2025 12:15:00,000,5,9795,
12/11/2025 12:30:00,000,9,209908522,12/11/2025 12:30:00,000,5,9795,
12/11/2025 12:45:00,000,9,364760295,12/11/2025 12:45:00,000,5,9795,
12/11/2025 13:00:00,000,9,58087055,12/11/2025 13:00:00,000,6,1924,
12/11/2025 13:15:00,000,9,392604578,12/11/2025 13:15:00,000,6,1924,
12/11/2025 13:30:00,000,9,55477029,12/11/2025 13:30:00,000,6,1924,
12/11/2025 13:45:00,000,9,781035601,12/11/2025 13:45:00,000,6,1924,
12/11/2025 14:00:00,000,9,910753272,12/11/2025 14:00:00,000,6,4453,
12/11/2025 14:15:00,000,9,936316624,12/11/2025 14:15:00,000,6,4453,
12/11/2025 14:30:00,000,9,808215487,12/11/2025 14:30:00,000,6,4453,
12/11/2025 14:45:00,000,9,535287805,12/11/2025 14:45:00,000,6,4453,
12/11/2025 15:00:00,000,9,40971063,12/11/2025 15:00:00,000,5,991,
12/11/2025 15:15:00,000,9,039154941,12/11/2025 15:15:00,000,5,991,
12/11/2025 15:30:00,000,8,342948093,12/11/2025 15:30:00,000,5,991,
12/11/2025 15:45:00,000,7,960132955,12/11/2025 15:45:00,000,5,991,
12/11/2025 16:00:00,000,7,617176587,12/11/2025 16:00:00,000,5,4536,
12/11/2025 16:15:00,000,7,412666465,12/11/2025 16:15:00,000,5,4536,
12/11/2025 16:30:00,000,7,274831193,12/11/2025 16:30:00,000,5,4536,
12/11/2025 16:45:00,000,6,503914145,12/11/2025 16:45:00,000,5,4536,
12/11/2025 17:00:00,000,6,628710215,12/11/2025 17:00:00,000,4,7798,
12/11/2025 17:15:00,000,6,363612308,12/11/2025 17:15:00,000,4,7798,
12/11/2025 17:30:00,000,6,416593591,12/11/2025 17:30:00,000,4,7798,
12/11/2025 17:45:00,000,6,197079807,12/11/2025 17:45:00,000,4,7798,
12/11/2025 18:00:00,000,6,165266657,12/11/2025 18:00:00,000,4,6239,
12/11/2025 18:15:00,000,6,059291088,12/11/2025 18:15:00,000,4,6239,
12/11/2025 18:30:00,000,5,977627098,12/11/2025 18:30:00,000,4,6239,
12/11/2025 18:45:00,000,5,793779399,12/11/2025 18:45:00,000,4,6239,
12/11/2025 19:00:00,000,5,73337746,12/11/2025 19:00:00,000,4,4746,
12/11/2025 19:15:00,000,5,477393521,12/11/2025 19:15:00,000,4,4746,
12/11/2025 19:30:00,000,5,420147389,12/11/2025 19:30:00,000,4,4746,
12/11/2025 19:45:00,000,5,317477317,12/11/2025 19:45:00,000,4,4746,
12/11/2025 20:00:00,000,5,066555765,12/11/2025 20:00:00,000,4,6005,
12/11/2025 20:15:00,000,4,857553733,12/11/2025 20:15:00,000,4,6005,
12/11/2025 20:30:00,000,4,773463627,12/11/2025 20:30:00,000,4,6005,
12/11/2025 20:45:00,000,4,653985188,12/11/2025 20:45:00,000,4,6005,
12/11/2025 21:00:00,000,4,600777434,12/11/2025 21:00:00,000,4,6868,
12/11/2025 21:15:00,000,4,611583969,12/11/2025 21:15:00,000,4,6868,
12/11/2025 21:30:00,000,4,426380621,12/11/2025 21:30:00,000,4,6868,
12/11/2025 21:45:00,000,4,395400728,12/11/2025 21:45:00,000,4,6868,
12/11/2025 22:00:00,000,4,298585553,12/11/2025 22:00:00,000,4,498,
12/11/2025 22:15:00,000,4,034020948,12/11/2025 22:15:00,000,4,498,
12/11/2025 22:30:00,000,4,001022545,12/11/2025 22:30:00,000,4,498,
12/11/2025 22:45:00,000,3,188438834,12/11/2025 22:45:00,000,4,498,
12/11/2025 23:00:00,000,3,146502762,12/11/2025 23:00:00,000,4,3389,
12/11/2025 23:15:00,000,3,108992262,12/11/2025 23:15:00,000,4,3389,
12/11/2025 23:30:00,000,3,000176567,12/11/2025 23:30:00,000,4,3389,
12/11/2025 23:45:00,000,2,987808733,12/11/2025 23:45:00,000,4,3389,
13/11/2025 00:00:00,000,2,868847799,13/11/2025 00:00:00,000,4,1008,
13/11/2025 00:15:00,000,2,825119508,13/11/2025 00:15:00,000,4,1008,
13/11/2025 00:30:00,000,2,833904948,13/11/2025 00:30:00,000,4,1008,
13/11/2025 00:45:00,000,2,875562078,13/11/2025 00:45:00,000,4,1008,
13/11/2025 01:00:00,000,2,866477081,13/11/2025 01:00:00,000,3,9381,
13/11/2025 01:15:00,000,2,804950881,13/11/2025 01:15:00,000,3,9381,
13/11/2025 01:30:00,000,2,799419254,13/11/2025 01:30:00,000,3,9381,
13/11/2025 01:45:00,000,2,811838082,13/11/2025 01:45:00,000,3,9381,
13/11/2025 02:00:00,000,2,782034071,13/11/2025 02:00:00,000,3,886,
13/11/2025 02:15:00,000,2,82945608,13/11/2025 02:15:00,000,3,886,
13/11/2025 02:30:00,000,2,710178445,13/11/2025 02:30:00,000,3,886,
13/11/2025 02:45:00,000,2,729466196,13/11/2025 02:45:00,000,3,886,
13/11/2025 03:00:00,000,2,688527871,13/11/2025 03:00:00,000,3,9011,
13/11/2025 03:15:00,000,2,678112896,13/11/2025 03:15:00,000,3,9011,
13/11/2025 03:30:00,000,2,681819489,13/11/2025 03:30:00,000,3,9011,
13/11/2025 03:45:00,000,2,652669078,13/11/2025 03:45:00,000,3,9011,
13/11/2025 04:00:00,000,2,564017153,13/11/2025 04:00:00,000,3,6821,
13/11/2025 04:15:00,000,2,580310597,13/11/2025 04:15:00,000,3,6821,
13/11/2025 04:30:00,000,2,432659641,13/11/2025 04:30:00,000,3,6821,
13/11/2025 04:45:00,000,2,101485674,13/11/2025 04:45:00,000,3,6821,
13/11/2025 05:00:00,000,2,039331469,13/11/2025 05:00:00,000,3,5937,
13/11/2025 05:15:00,000,2,037726434,13/11/2025 05:15:00,000,3,5937,
13/11/2025 05:30:00,000,1,950422123,13/11/2025 05:30:00,000,3,5937,
13/11/2025 05:45:00,000,1,919830097,13/11/2025 05:45:00,000,3,5937,
13/11/2025 06:00:00,000,1,863037559,13/11/2025 06:00:00,000,3,6148,
13/11/2025 06:15:00,000,1,758759412,13/11/2025 06:15:00,000,3,6148,
13/11/2025 06:30:00,000,1,723156166,13/11/2025 06:30:00,000,3,6148,
13/11/2025 06:45:00,000,1,637418619,13/11/2025 06:45:00,000,3,6148,
13/11/2025 07:00:00,000,1,661430833,13/11/2025 07:00:00,000,3,5995,
13/11/2025 07:15:00,000,1,797975938,13/11/2025 07:15:00,000,3,5995,
13/11/2025 07:30:00,000,1,952950332,13/11/2025 07:30:00,000,3,5995,
13/11/2025 07:45:00,000,2,143467267,13/11/2025 07:45:00,000,3,5995,
13/11/2025 08:00:00,000,2,45412352,13/11/2025 08:00:00,000,3,8819,
13/11/2025 08:15:00,000,2,770180511,13/11/2025 08:15:00,000,3,8819,
13/11/2025 08:30:00,000,3,193195563,13/11/2025 08:30:00,000,3,8819,
13/11/2025 08:45:00,000,3,573759935,13/11/2025 08:45:00,000,3,8819,
13/11/2025 09:00:00,000,4,05316967,13/11/2025 09:00:00,000,4,2526,
13/11/2025 09:15:00,000,4,495908302,13/11/2025 09:15:00,000,4,2526,
13/11/2025 09:30:00,000,4,983095538,13/11/2025 09:30:00,000,4,2526,
13/11/2025 09:45:00,000,5,515266874,13/11/2025 09:45:00,000,4,2526,
13/11/2025 10:00:00,000,5,842559606,13/11/2025 10:00:00,000,4,5733,
13/11/2025 10:15:00,000,6,35690447,13/11/2025 10:15:00,000,4,5733,
13/11/2025 10:30:00,000,6,579614009,13/11/2025 10:30:00,000,4,5733,
13/11/2025 10:45:00,000,6,65135209,13/11/2025 10:45:00,000,4,5733,
13/11/2025 11:00:00,000,6,986463153,13/11/2025 11:00:00,000,4,6684,
13/11/2025 11:15:00,000,7,22575215,13/11/2025 11:15:00,000,4,6684,
13/11/2025 11:30:00,000,7,429648615,13/11/2025 11:30:00,000,4,6684,
13/11/2025 11:45:00,000,7,800153221,13/11/2025 11:45:00,000,4,6684,
13/11/2025 12:00:00,000,7,931796726,13/11/2025 12:00:00,000,4,8545,
13/11/2025 12:15:00,000,8,257334001,13/11/2025 12:15:00,000,4,8545,
13/11/2025 12:30:00,000,8,512806159,13/11/2025 12:30:00,000,4,8545,
13/11/2025 12:45:00,000,8,459533481,13/11/2025 12:45:00,000,4,8545,
13/11/2025 13:00:00,000,8,611959856,13/11/2025 13:00:00,000,4,8973,
13/11/2025 13:15:00,000,8,978523174,13/11/2025 13:15:00,000,4,8973,
13/11/2025 13:30:00,000,8,902626595,13/11/2025 13:30:00,000,4,8973,
13/11/2025 13:45:00,000,9,060884646,13/11/2025 13:45:00,000,4,8973,
13/11/2025 14:00:00,000,8,903721431,13/11/2025 14:00:00,000,4,8169,
13/11/2025 14:15:00,000,9,208595175,13/11/2025 14:15:00,000,4,8169,
13/11/2025 14:30:00,000,9,064071383,13/11/2025 14:30:00,000,4,8169,
13/11/2025 14:45:00,000,8,786606757,13/11/2025 14:45:00,000,4,8169,
13/11/2025 15:00:00,000,8,59792854,13/11/2025 15:00:00,000,4,894,
13/11/2025 15:15:00,000,8,096108233,13/11/2025 15:15:00,000,4,894,
13/11/2025 15:30:00,000,7,616870929,13/11/2025 15:30:00,000,4,894,
13/11/2025 15:45:00,000,7,317124402,13/11/2025 15:45:00,000,4,894,
13/11/2025 16:00:00,000,6,997575021,13/11/2025 16:00:00,000,4,9188,
13/11/2025 16:15:00,000,6,770849968,13/11/2025 16:15:00,000,4,9188,
13/11/2025 16:30:00,000,6,366860749,13/11/2025 16:30:00,000,4,9188,
13/11/2025 16:45:00,000,5,659289032,13/11/2025 16:45:00,000,4,9188,
13/11/2025 17:00:00,000,5,537935704,13/11/2025 17:00:00,000,4,8123,
13/11/2025 17:15:00,000,5,437203242,13/11/2025 17:15:00,000,4,8123,
13/11/2025 17:30:00,000,5,521866521,13/11/2025 17:30:00,000,4,8123,
13/11/2025 17:45:00,000,5,513616952,13/11/2025 17:45:00,000,4,8123,
13/11/2025 18:00:00,000,5,367463408,13/11/2025 18:00:00,000,4,6591,
13/11/2025 18:15:00,000,5,364855974,13/11/2025 18:15:00,000,4,6591,
13/11/2025 18:30:00,000,5,383570881,13/11/2025 18:30:00,000,4,6591,
13/11/2025 18:45:00,000,5,246905124,13/11/2025 18:45:00,000,4,6591,
13/11/2025 19:00:00,000,5,141174146,13/11/2025 19:00:00,000,4,6329,
13/11/2025 19:15:00,000,5,031666602,13/11/2025 19:15:00,000,4,6329,
13/11/2025 19:30:00,000,4,970551934,13/11/2025 19:30:00,000,4,6329,
13/11/2025 19:45:00,000,4,705272275,13/11/2025 19:45:00,000,4,6329,
13/11/2025 20:00:00,000,4,56904602,13/11/2025 20:00:00,000,4,5555,
13/11/2025 20:15:00,000,4,507333841,13/11/2025 20:15:00,000,4,5555,
13/11/2025 20:30:00,000,4,376362942,13/11/2025 20:30:00,000,4,5555,
13/11/2025 20:45:00,000,4,252858639,13/11/2025 20:45:00,000,4,5555,
13/11/2025 21:00:00,000,4,318607551,13/11/2025 21:00:00,000,4,609,
13/11/2025 21:15:00,000,4,284631393,13/11/2025 21:15:00,000,4,609,
13/11/2025 21:30:00,000,4,304338949,13/11/2025 21:30:00,000,4,609,
13/11/2025 21:45:00,000,4,031345998,13/11/2025 21:45:00,000,4,609,
13/11/2025 22:00:00,000,3,988884094,13/11/2025 22:00:00,000,4,5054,
13/11/2025 22:15:00,000,3,777161358,13/11/2025 22:15:00,000,4,5054,
13/11/2025 22:30:00,000,3,566507115,13/11/2025 22:30:00,000,4,5054,
13/11/2025 22:45:00,000,2,777728819,13/11/2025 22:45:00,000,4,5054,
13/11/2025 23:00:00,000,2,675424589,13/11/2025 23:00:00,000,4,4361,
13/11/2025 23:15:00,000,2,597265005,13/11/2025 23:15:00,000,4,4361,
13/11/2025 23:30:00,000,2,584064448,13/11/2025 23:30:00,000,4,4361,
13/11/2025 23:45:00,000,2,48294649,13/11/2025 23:45:00,000,4,4361,
14/11/2025 00:00:00,000,2,432996185,14/11/2025 00:00:00,000,4,3764,
14/11/2025 00:15:00,000,2,317448575,14/11/2025 00:15:00,000,4,3764,
14/11/2025 00:30:00,000,2,255228962,14/11/2025 00:30:00,000,4,3764,
14/11/2025 00:45:00,000,2,286644293,14/11/2025 00:45:00,000,4,3764,
14/11/2025 01:00:00,000,2,291025269,14/11/2025 01:00:00,000,4,2822,
14/11/2025 01:15:00,000,2,278459681,14/11/2025 01:15:00,000,4,2822,
14/11/2025 01:30:00,000,2,33533433,14/11/2025 01:30:00,000,4,2822,
14/11/2025 01:45:00,000,2,231713772,14/11/2025 01:45:00,000,4,2822,
14/11/2025 02:00:00,000,2,119621482,14/11/2025 02:00:00,000,4,3932,
14/11/2025 02:15:00,000,2,063219151,14/11/2025 02:15:00,000,4,3932,
14/11/2025 02:30:00,000,1,987120804,14/11/2025 02:30:00,000,4,3932,
14/11/2025 02:45:00,000,1,935288718,14/11/2025 02:45:00,000,4,3932,
14/11/2025 03:00:00,000,1,829995928,14/11/2025 03:00:00,000,4,2228,
14/11/2025 03:15:00,000,1,745545033,14/11/2025 03:15:00,000,4,2228,
14/11/2025 03:30:00,000,1,721159018,14/11/2025 03:30:00,000,4,2228,
14/11/2025 03:45:00,000,1,666683598,14/11/2025 03:45:00,000,4,2228,
14/11/2025 04:00:00,000,1,674130058,14/11/2025 04:00:00,000,4,273,
14/11/2025 04:15:00,000,1,640658324,14/11/2025 04:15:00,000,4,273,
14/11/2025 04:30:00,000,1,637518806,14/11/2025 04:30:00,000,4,273,
14/11/2025 04:45:00,000,1,641595459,14/11/2025 04:45:00,000,4,273,
14/11/2025 05:00:00,000,1,62113085,14/11/2025 05:00:00,000,4,1672,
14/11/2025 05:15:00,000,1,581393838,14/11/2025 05:15:00,000,4,1672,
14/11/2025 05:30:00,000,1,596496122,14/11/2025 05:30:00,000,4,1672,
14/11/2025 05:45:00,000,1,551217434,14/11/2025 05:45:00,000,4,1672,
14/11/2025 06:00:00,000,1,512781498,14/11/2025 06:00:00,000,4,2508,
14/11/2025 06:15:00,000,1,491339716,14/11/2025 06:15:00,000,4,2508,
14/11/2025 06:30:00,000,1,536720461,14/11/2025 06:30:00,000,4,2508,
14/11/2025 06:45:00,000,1,4935643,14/11/2025 06:45:00,000,4,2508,
14/11/2025 07:00:00,000,1,563822038,14/11/2025 07:00:00,000,4,4029,
14/11/2025 07:15:00,000,1,737401356,14/11/2025 07:15:00,000,4,4029,
14/11/2025 07:30:00,000,1,925837362,14/11/2025 07:30:00,000,4,4029,
14/11/2025 07:45:00,000,2,078708484,14/11/2025 07:45:00,000,4,4029,
14/11/2025 08:00:00,000,2,373712698,14/11/2025 08:00:00,000,4,7404,
14/11/2025 08:15:00,000,2,792510256,14/11/2025 08:15:00,000,4,7404,
14/11/2025 08:30:00,000,3,132287163,14/11/2025 08:30:00,000,4,7404,
14/11/2025 08:45:00,000,3,651888238,14/11/2025 08:45:00,000,4,7404,
14/11/2025 09:00:00,000,4,20929636,14/11/2025 09:00:00,000,5,0313,
14/11/2025 09:15:00,000,4,748234448,14/11/2025 09:15:00,000,5,0313,
14/11/2025 09:30:00,000,5,245619811,14/11/2025 09:30:00,000,5,0313,
14/11/2025 09:45:00,000,5,851890446,14/11/2025 09:45:00,000,5,0313,
14/11/2025 10:00:00,000,6,344204352,14/11/2025 10:00:00,000,5,3967,
14/11/2025 10:15:00,000,6,794239546,14/11/2025 10:15:00,000,5,3967,
14/11/2025 10:30:00,000,7,02650117,14/11/2025 10:30:00,000,5,3967,
14/11/2025 10:45:00,000,7,275029881,14/11/2025 10:45:00,000,5,3967,
14/11/2025 11:00:00,000,7,708745417,14/11/2025 11:00:00,000,5,6015,
14/11/2025 11:15:00,000,8,357870741,14/11/2025 11:15:00,000,5,6015,
14/11/2025 11:30:00,000,8,503238383,14/11/2025 11:30:00,000,5,6015,
14/11/2025 11:45:00,000,8,925778127,14/11/2025 11:45:00,000,5,6015,
14/11/2025 12:00:00,000,9,425864386,14/11/2025 12:00:00,000,5,721,
14/11/2025 12:15:00,000,9,691496539,14/11/2025 12:15:00,000,5,721,
14/11/2025 12:30:00,000,9,921352792,14/11/2025 12:30:00,000,5,721,
14/11/2025 12:45:00,000,9,958508207,14/11/2025 12:45:00,000,5,721,
14/11/2025 13:00:00,000,10,11844053,14/11/2025 13:00:00,000,6,0931,
14/11/2025 13:15:00,000,10,202246,14/11/2025 13:15:00,000,6,0931,
14/11/2025 13:30:00,000,10,31233474,14/11/2025 13:30:00,000,6,0931,
14/11/2025 13:45:00,000,10,39244952,14/11/2025 13:45:00,000,6,0931,
14/11/2025 14:00:00,000,10,61200635,14/11/2025 14:00:00,000,6,2763,
14/11/2025 14:15:00,000,10,66161806,14/11/2025 14:15:00,000,6,2763,
14/11/2025 14:30:00,000,10,42410266,14/11/2025 14:30:00,000,6,2763,
14/11/2025 14:45:00,000,10,49203815,14/11/2025 14:45:00,000,6,2763,
14/11/2025 15:00:00,000,9,947373851,14/11/2025 15:00:00,000,6,0188,
14/11/2025 15:15:00,000,9,910550957,14/11/2025 15:15:00,000,6,0188,
14/11/2025 15:30:00,000,9,622169361,14/11/2025 15:30:00,000,6,0188,
14/11/2025 15:45:00,000,9,23754978,14/11/2025 15:45:00,000,6,0188,
14/11/2025 16:00:00,000,8,917989917,14/11/2025 16:00:00,000,5,8902,
14/11/2025 16:15:00,000,8,829588895,14/11/2025 16:15:00,000,5,8902,
14/11/2025 16:30:00,000,8,740329309,14/11/2025 16:30:00,000,5,8902,
14/11/2025 16:45:00,000,7,869648092,14/11/2025 16:45:00,000,5,8902,
14/11/2025 17:00:00,000,7,84769195,14/11/2025 17:00:00,000,5,6535,
14/11/2025 17:15:00,000,7,652641291,14/11/2025 17:15:00,000,5,6535,
14/11/2025 17:30:00,000,7,644113012,14/11/2025 17:30:00,000,5,6535,
14/11/2025 17:45:00,000,7,602393248,14/11/2025 17:45:00,000,5,6535,
14/11/2025 18:00:00,000,7,573264768,14/11/2025 18:00:00,000,5,6858,
14/11/2025 18:15:00,000,7,526696137,14/11/2025 18:15:00,000,5,6858,
14/11/2025 18:30:00,000,7,442637007,14/11/2025 18:30:00,000,5,6858,
14/11/2025 18:45:00,000,7,152723559,14/11/2025 18:45:00,000,5,6858,
14/11/2025 19:00:00,000,6,94717718,14/11/2025 19:00:00,000,5,7178,
14/11/2025 19:15:00,000,6,821226658,14/11/2025 19:15:00,000,5,7178,
14/11/2025 19:30:00,000,6,807567347,14/11/2025 19:30:00,000,5,7178,
14/11/2025 19:45:00,000,6,83751896,14/11/2025 19:45:00,000,5,7178,
14/11/2025 20:00:00,000,6,577441099,14/11/2025 20:00:00,000,5,917,
14/11/2025 20:15:00,000,6,519246707,14/11/2025 20:15:00,000,5,917,
14/11/2025 20:30:00,000,6,484227556,14/11/2025 20:30:00,000,5,917,
14/11/2025 20:45:00,000,6,397150369,14/11/2025 20:45:00,000,5,917,
14/11/2025 21:00:00,000,6,318095296,14/11/2025 21:00:00,000,6,2881,
14/11/2025 21:15:00,000,6,300689549,14/11/2025 21:15:00,000,6,2881,
14/11/2025 21:30:00,000,6,303762405,14/11/2025 21:30:00,000,6,2881,
14/11/2025 21:45:00,000,6,103392823,14/11/2025 21:45:00,000,6,2881,
14/11/2025 22:00:00,000,5,83351497,14/11/2025 22:00:00,000,6,4238,
14/11/2025 22:15:00,000,5,521443908,14/11/2025 22:15:00,000,6,4238,
14/11/2025 22:30:00,000,5,455118653,14/11/2025 22:30:00,000,6,4238,
14/11/2025 22:45:00,000,4,997490146,14/11/2025 22:45:00,000,6,4238,
14/11/2025 23:00:00,000,4,797145281,14/11/2025 23:00:00,000,6,1591,
14/11/2025 23:15:00,000,4,62960738,14/11/2025 23:15:00,000,6,1591,
14/11/2025 23:30:00,000,4,565760918,14/11/2025 23:30:00,000,6,1591,
14/11/2025 23:45:00,000,4,436036576,14/11/2025 23:45:00,000,6,1591,
15/11/2025 00:00:00,000,4,32362678,15/11/2025 00:00:00,000,6,1023,
15/11/2025 00:15:00,000,4,255957568,15/11/2025 00:15:00,000,6,1023,
15/11/2025 00:30:00,000,4,292940902,15/11/2025 00:30:00,000,6,1023,
15/11/2025 00:45:00,000,4,321181238,15/11/2025 00:45:00,000,6,1023,
15/11/2025 01:00:00,000,4,223855058,15/11/2025 01:00:00,000,5,8787,
15/11/2025 01:15:00,000,4,2670964,15/11/2025 01:15:00,000,5,8787,
15/11/2025 01:30:00,000,4,222894775,15/11/2025 01:30:00,000,5,8787,
15/11/2025 01:45:00,000,4,175717736,15/11/2025 01:45:00,000,5,8787,
15/11/2025 02:00:00,000,4,080103523,15/11/2025 02:00:00,000,5,8509,
15/11/2025 02:15:00,000,4,139886115,15/11/2025 02:15:00,000,5,8509,
15/11/2025 02:30:00,000,3,946360578,15/11/2025 02:30:00,000,5,8509,
15/11/2025 02:45:00,000,4,027951207,15/11/2025 02:45:00,000,5,8509,
15/11/2025 03:00:00,000,3,939350133,15/11/2025 03:00:00,000,6,0711,
15/11/2025 03:15:00,000,3,788452051,15/11/2025 03:15:00,000,6,0711,
15/11/2025 03:30:00,000,3,729539366,15/11/2025 03:30:00,000,6,0711,
15/11/2025 03:45:00,000,3,720368658,15/11/2025 03:45:00,000,6,0711,
15/11/2025 04:00:00,000,3,720569537,15/11/2025 04:00:00,000,5,8973,
15/11/2025 04:15:00,000,3,783744136,15/11/2025 04:15:00,000,5,8973,
15/11/2025 04:30:00,000,3,832519625,15/11/2025 04:30:00,000,5,8973,
15/11/2025 04:45:00,000,3,791411543,15/11/2025 04:45:00,000,5,8973,
15/11/2025 05:00:00,000,3,79967556,15/11/2025 05:00:00,000,5,8212,
15/11/2025 05:15:00,000,3,850378427,15/11/2025 05:15:00,000,5,8212,
15/11/2025 05:30:00,000,3,777610963,15/11/2025 05:30:00,000,5,8212,
15/11/2025 05:45:00,000,3,757456364,15/11/2025 05:45:00,000,5,8212,
15/11/2025 06:00:00,000,3,720627342,15/11/2025 06:00:00,000,6,0398,
15/11/2025 06:15:00,000,3,648841891,15/11/2025 06:15:00,000,6,0398,
15/11/2025 06:30:00,000,3,625032026,15/11/2025 06:30:00,000,6,0398,
15/11/2025 06:45:00,000,3,561059195,15/11/2025 06:45:00,000,6,0398,
15/11/2025 07:00:00,000,3,600174766,15/11/2025 07:00:00,000,6,119,
15/11/2025 07:15:00,000,3,755492983,15/11/2025 07:15:00,000,6,119,
15/11/2025 07:30:00,000,4,059155001,15/11/2025 07:30:00,000,6,119,
15/11/2025 07:45:00,000,4,283949583,15/11/2025 07:45:00,000,6,119,
15/11/2025 08:00:00,000,4,43053982,15/11/2025 08:00:00,000,6,3686,
15/11/2025 08:15:00,000,4,636154965,15/11/2025 08:15:00,000,6,3686,
15/11/2025 08:30:00,000,4,825203861,15/11/2025 08:30:00,000,6,3686,
15/11/2025 08:45:00,000,5,298447372,15/11/2025 08:45:00,000,6,3686,
15/11/2025 09:00:00,000,5,703872867,15/11/2025 09:00:00,000,6,8203,
15/11/2025 09:15:00,000,6,024311442,15/11/2025 09:15:00,000,6,8203,
15/11/2025 09:30:00,000,6,533160304,15/11/2025 09:30:00,000,6,8203,
15/11/2025 09:45:00,000,7,011137918,15/11/2025 09:45:00,000,6,8203,
15/11/2025 10:00:00,000,7,342199094,15/11/2025 10:00:00,000,7,1372,
15/11/2025 10:15:00,000,7,702003584,15/11/2025 10:15:00,000,7,1372,
15/11/2025 10:30:00,000,7,916151375,15/11/2025 10:30:00,000,7,1372,
15/11/2025 10:45:00,000,8,156953115,15/11/2025 10:45:00,000,7,1372,
15/11/2025 11:00:00,000,8,332673903,15/11/2025 11:00:00,000,7,8073,
15/11/2025 11:15:00,000,8,398124111,15/11/2025 11:15:00,000,7,8073,
15/11/2025 11:30:00,000,8,594233594,15/11/2025 11:30:00,000,7,8073,
15/11/2025 11:45:00,000,8,690615698,15/11/2025 11:45:00,000,7,8073,
15/11/2025 12:00:00,000,9,114168368,15/11/2025 12:00:00,000,8,0032,
15/11/2025 12:15:00,000,8,951445803,15/11/2025 12:15:00,000,8,0032,
15/11/2025 12:30:00,000,9,258135184,15/11/2025 12:30:00,000,8,0032,
15/11/2025 12:45:00,000,9,404035272,15/11/2025 12:45:00,000,8,0032,
15/11/2025 13:00:00,000,9,13108533,15/11/2025 13:00:00,000,8,1222,
15/11/2025 13:15:00,000,9,246514125,15/11/2025 13:15:00,000,8,1222,
15/11/2025 13:30:00,000,9,348179353,15/11/2025 13:30:00,000,8,1222,
15/11/2025 13:45:00,000,9,315269018,15/11/2025 13:45:00,000,8,1222,
15/11/2025 14:00:00,000,9,280078523,15/11/2025 14:00:00,000,8,0793,
15/11/2025 14:15:00,000,9,431103021,15/11/2025 14:15:00,000,8,0793,
15/11/2025 14:30:00,000,9,166103583,15/11/2025 14:30:00,000,8,0793,
15/11/2025 14:45:00,000,9,160569613,15/11/2025 14:45:00,000,8,0793,
15/11/2025 15:00:00,000,8,878203527,15/11/2025 15:00:00,000,7,7427,
15/11/2025 15:15:00,000,8,751106698,15/11/2025 15:15:00,000,7,7427,
15/11/2025 15:30:00,000,8,436441839,15/11/2025 15:30:00,000,7,7427,
15/11/2025 15:45:00,000,8,272562728,15/11/2025 15:45:00,000,7,7427,
15/11/2025 16:00:00,000,8,056368819,15/11/2025 16:00:00,000,7,7969,
15/11/2025 16:15:00,000,7,95969607,15/11/2025 16:15:00,000,7,7969,
15/11/2025 16:30:00,000,7,675216056,15/11/2025 16:30:00,000,7,7969,
15/11/2025 16:45:00,000,7,715774097,15/11/2025 16:45:00,000,7,7969,
15/11/2025 17:00:00,000,7,752627112,15/11/2025 17:00:00,000,7,8287,
15/11/2025 17:15:00,000,7,912004133,15/11/2025 17:15:00,000,7,8287,
15/11/2025 17:30:00,000,8,107883608,15/11/2025 17:30:00,000,7,8287,
15/11/2025 17:45:00,000,7,966661671,15/11/2025 17:45:00,000,7,8287,
15/11/2025 18:00:00,000,8,036305872,15/11/2025 18:00:00,000,7,5929,
15/11/2025 18:15:00,000,8,209464946,15/11/2025 18:15:00,000,7,5929,
15/11/2025 18:30:00,000,8,002202504,15/11/2025 18:30:00,000,7,5929,
15/11/2025 18:45:00,000,8,161493545,15/11/2025 18:45:00,000,7,5929,
15/11/2025 19:00:00,000,8,030171395,15/11/2025 19:00:00,000,7,5183,
15/11/2025 19:15:00,000,7,725250123,15/11/2025 19:15:00,000,7,5183,
15/11/2025 19:30:00,000,7,658285764,15/11/2025 19:30:00,000,7,5183,
15/11/2025 19:45:00,000,7,47838036,15/11/2025 19:45:00,000,7,5183,
15/11/2025 20:00:00,000,7,46211964,15/11/2025 20:00:00,000,7,3421,
15/11/2025 20:15:00,000,7,145014677,15/11/2025 20:15:00,000,7,3421,
15/11/2025 20:30:00,000,7,072252512,15/11/2025 20:30:00,000,7,3421,
15/11/2025 20:45:00,000,7,100431456,15/11/2025 20:45:00,000,7,3421,
15/11/2025 21:00:00,000,6,882067024,15/11/2025 21:00:00,000,7,4545,
15/11/2025 21:15:00,000,7,025915449,15/11/2025 21:15:00,000,7,4545,
15/11/2025 21:30:00,000,6,946419346,15/11/2025 21:30:00,000,7,4545,
15/11/2025 21:45:00,000,6,839948886,15/11/2025 21:45:00,000,7,4545,
15/11/2025 22:00:00,000,6,752658102,15/11/2025 22:00:00,000,7,4401,
15/11/2025 22:15:00,000,6,738441048,15/11/2025 22:15:00,000,7,4401,
15/11/2025 22:30:00,000,6,595789083,15/11/2025 22:30:00,000,7,4401,
15/11/2025 22:45:00,000,6,975805065,15/11/2025 22:45:00,000,7,4401,
15/11/2025 23:00:00,000,6,836253463,15/11/2025 23:00:00,000,7,3119,
15/11/2025 23:15:00,000,6,938810658,15/11/2025 23:15:00,000,7,3119,
15/11/2025 23:30:00,000,6,946798356,15/11/2025 23:30:00,000,7,3119,
15/11/2025 23:45:00,000,7,03575618,15/11/2025 23:45:00,000,7,3119,
16/11/2025 00:00:00,000,7,028231909,16/11/2025 00:00:00,000,7,3836,
16/11/2025 00:15:00,000,6,939894614,16/11/2025 00:15:00,000,7,3836,
16/11/2025 00:30:00,000,6,832407636,16/11/2025 00:30:00,000,7,3836,
16/11/2025 00:45:00,000,6,886004709,16/11/2025 00:45:00,000,7,3836,
16/11/2025 01:00:00,000,7,099866089,16/11/2025 01:00:00,000,7,2552,
16/11/2025 01:15:00,000,7,056043732,16/11/2025 01:15:00,000,7,2552,
16/11/2025 01:30:00,000,6,908158129,16/11/2025 01:30:00,000,7,2552,
16/11/2025 01:45:00,000,7,021865058,16/11/2025 01:45:00,000,7,2552,
16/11/2025 02:00:00,000,6,980039478,16/11/2025 02:00:00,000,7,2958,
16/11/2025 02:15:00,000,6,767558792,16/11/2025 02:15:00,000,7,2958,
16/11/2025 02:30:00,000,6,734085703,16/11/2025 02:30:00,000,7,2958,
16/11/2025 02:45:00,000,6,722174813,16/11/2025 02:45:00,000,7,2958,
16/11/2025 03:00:00,000,6,731522413,16/11/2025 03:00:00,000,7,3424,
16/11/2025 03:15:00,000,6,733133437,16/11/2025 03:15:00,000,7,3424,
16/11/2025 03:30:00,000,6,752196266,16/11/2025 03:30:00,000,7,3424,
16/11/2025 03:45:00,000,6,699903159,16/11/2025 03:45:00,000,7,3424,
16/11/2025 04:00:00,000,6,614375876,16/11/2025 04:00:00,000,7,3816,
16/11/2025 04:15:00,000,6,608552855,16/11/2025 04:15:00,000,7,3816,
16/11/2025 04:30:00,000,6,629059856,16/11/2025 04:30:00,000,7,3816,
16/11/2025 04:45:00,000,6,773741078,16/11/2025 04:45:00,000,7,3816,
16/11/2025 05:00:00,000,6,647224012,16/11/2025 05:00:00,000,7,5358,
16/11/2025 05:15:00,000,6,731984545,16/11/2025 05:15:00,000,7,5358,
16/11/2025 05:30:00,000,6,469432389,16/11/2025 05:30:00,000,7,5358,
16/11/2025 05:45:00,000,6,613209673,16/11/2025 05:45:00,000,7,5358,
16/11/2025 06:00:00,000,6,433331538,16/11/2025 06:00:00,000,7,5301,
16/11/2025 06:15:00,000,6,431601474,16/11/2025 06:15:00,000,7,5301,
16/11/2025 06:30:00,000,6,405430702,16/11/2025 06:30:00,000,7,5301,
16/11/2025 06:45:00,000,6,382099596,16/11/2025 06:45:00,000,7,5301,
16/11/2025 07:00:00,000,6,586149999,16/11/2025 07:00:00,000,7,3366,
16/11/2025 07:15:00,000,6,580934438,16/11/2025 07:15:00,000,7,3366,
16/11/2025 07:30:00,000,6,488551782,16/11/2025 07:30:00,000,7,3366,
16/11/2025 07:45:00,000,6,480499067,16/11/2025 07:45:00,000,7,3366,
16/11/2025 08:00:00,000,6,490929593,16/11/2025 08:00:00,000,7,58,
16/11/2025 08:15:00,000,6,386794705,16/11/2025 08:15:00,000,7,58,
16/11/2025 08:30:00,000,6,354798078,16/11/2025 08:30:00,000,7,58,
16/11/2025 08:45:00,000,6,296617496,16/11/2025 08:45:00,000,7,58,
16/11/2025 09:00:00,000,6,356674154,16/11/2025 09:00:00,000,8,0673,
16/11/2025 09:15:00,000,6,53403634,16/11/2025 09:15:00,000,8,0673,
16/11/2025 09:30:00,000,6,772776401,16/11/2025 09:30:00,000,8,0673,
16/11/2025 09:45:00,000,6,83157234,16/11/2025 09:45:00,000,8,0673,
16/11/2025 10:00:00,000,6,857569958,16/11/2025 10:00:00,000,8,4758,
16/11/2025 10:15:00,000,7,117605602,16/11/2025 10:15:00,000,8,4758,
16/11/2025 10:30:00,000,6,961134207,16/11/2025 10:30:00,000,8,4758,
16/11/2025 10:45:00,000,6,981692785,16/11/2025 10:45:00,000,8,4758,
16/11/2025 11:00:00,000,7,450146219,16/11/2025 11:00:00,000,8,8249,
16/11/2025 11:15:00,000,7,549315845,16/11/2025 11:15:00,000,8,8249,
16/11/2025 11:30:00,000,7,702424171,16/11/2025 11:30:00,000,8,8249,
16/11/2025 11:45:00,000,7,820693286,16/11/2025 11:45:00,000,8,8249,
16/11/2025 12:00:00,000,8,142505098,16/11/2025 12:00:00,000,9,4168,
16/11/2025 12:15:00,000,8,190655093,16/11/2025 12:15:00,000,9,4168,
16/11/2025 12:30:00,000,8,308769045,16/11/2025 12:30:00,000,9,4168,
16/11/2025 12:45:00,000,8,21082481,16/11/2025 12:45:00,000,9,4168,
16/11/2025 13:00:00,000,8,380598851,16/11/2025 13:00:00,000,9,3432,
16/11/2025 13:15:00,000,8,379649191,16/11/2025 13:15:00,000,9,3432,
16/11/2025 13:30:00,000,8,411808054,16/11/2025 13:30:00,000,9,3432,
16/11/2025 13:45:00,000,8,544402859,16/11/2025 13:45:00,000,9,3432,
16/11/2025 14:00:00,000,8,701974313,16/11/2025 14:00:00,000,9,3745,
16/11/2025 14:15:00,000,8,709876222,16/11/2025 14:15:00,000,9,3745,
16/11/2025 14:30:00,000,9,021596599,16/11/2025 14:30:00,000,9,3745,
16/11/2025 14:45:00,000,8,807517097,16/11/2025 14:45:00,000,9,3745,
16/11/2025 15:00:00,000,8,595037549,16/11/2025 15:00:00,000,9,1751,
16/11/2025 15:15:00,000,8,727321757,16/11/2025 15:15:00,000,9,1751,
16/11/2025 15:30:00,000,8,464314997,16/11/2025 15:30:00,000,9,1751,
16/11/2025 15:45:00,000,8,013138081,16/11/2025 15:45:00,000,9,1751,
16/11/2025 16:00:00,000,7,928780373,16/11/2025 16:00:00,000,9,1281,
16/11/2025 16:15:00,000,7,947806376,16/11/2025 16:15:00,000,9,1281,
16/11/2025 16:30:00,000,7,757257704,16/11/2025 16:30:00,000,9,1281,
16/11/2025 16:45:00,000,7,804747808,16/11/2025 16:45:00,000,9,1281,
16/11/2025 17:00:00,000,7,922691625,16/11/2025 17:00:00,000,8,7,
16/11/2025 17:15:00,000,8,166512617,16/11/2025 17:15:00,000,8,7,
16/11/2025 17:30:00,000,8,296926479,16/11/2025 17:30:00,000,8,7,
16/11/2025 17:45:00,000,8,309947099,16/11/2025 17:45:00,000,8,7,
16/11/2025 18:00:00,000,8,056995021,16/11/2025 18:00:00,000,8,4786,
16/11/2025 18:15:00,000,8,093156052,16/11/2025 18:15:00,000,8,4786,
16/11/2025 18:30:00,000,8,222641037,16/11/2025 18:30:00,000,8,4786,
16/11/2025 18:45:00,000,8,125334595,16/11/2025 18:45:00,000,8,4786,
16/11/2025 19:00:00,000,7,790152339,16/11/2025 19:00:00,000,8,291,
16/11/2025 19:15:00,000,7,760604177,16/11/2025 19:15:00,000,8,291,
16/11/2025 19:30:00,000,7,754348423,16/11/2025 19:30:00,000,8,291,
16/11/2025 19:45:00,000,7,663003668,16/11/2025 19:45:00,000,8,291,
16/11/2025 20:00:00,000,7,620132407,16/11/2025 20:00:00,000,8,2934,
16/11/2025 20:15:00,000,7,626731548,16/11/2025 20:15:00,000,8,2934,
16/11/2025 20:30:00,000,7,499411313,16/11/2025 20:30:00,000,8,2934,
16/11/2025 20:45:00,000,7,689838589,16/11/2025 20:45:00,000,8,2934,
16/11/2025 21:00:00,000,7,991169036,16/11/2025 21:00:00,000,8,0483,
16/11/2025 21:15:00,000,7,907659039,16/11/2025 21:15:00,000,8,0483,
16/11/2025 21:30:00,000,7,919828057,16/11/2025 21:30:00,000,8,0483,
16/11/2025 21:45:00,000,8,192279711,16/11/2025 21:45:00,000,8,0483,
16/11/2025 22:00:00,000,8,027061619,16/11/2025 22:00:00,000,7,6804,
16/11/2025 22:15:00,000,8,132639286,16/11/2025 22:15:00,000,7,6804,
16/11/2025 22:30:00,000,8,014501263,16/11/2025 22:30:00,000,7,6804,
16/11/2025 22:45:00,000,7,636744709,16/11/2025 22:45:00,000,7,6804,
16/11/2025 23:00:00,000,7,724474957,16/11/2025 23:00:00,000,7,7879,
16/11/2025 23:15:00,000,7,745128816,16/11/2025 23:15:00,000,7,7879,
16/11/2025 23:30:00,000,7,737311702,16/11/2025 23:30:00,000,7,7879,
16/11/2025 23:45:00,000,7,667941082,16/11/2025 23:45:00,000,7,7879,
17/11/2025 00:00:00,000,7,715792542,17/11/2025 00:00:00,000,7,786,
17/11/2025 00:15:00,000,7,620390654,17/11/2025 00:15:00,000,7,786,
17/11/2025 00:30:00,000,7,630946911,17/11/2025 00:30:00,000,7,786,
17/11/2025 00:45:00,000,7,670578907,17/11/2025 00:45:00,000,7,786,
17/11/2025 01:00:00,000,7,845746478,17/11/2025 01:00:00,000,8,0215,
17/11/2025 01:15:00,000,7,858030658,17/11/2025 01:15:00,000,8,0215,
17/11/2025 01:30:00,000,8,077419296,17/11/2025 01:30:00,000,8,0215,
17/11/2025 01:45:00,000,8,065769111,17/11/2025 01:45:00,000,8,0215,
17/11/2025 02:00:00,000,8,168447357,17/11/2025 02:00:00,000,8,0098,
17/11/2025 02:15:00,000,7,990687514,17/11/2025 02:15:00,000,8,0098,
17/11/2025 02:30:00,000,7,789997398,17/11/2025 02:30:00,000,8,0098,
17/11/2025 02:45:00,000,7,845903673,17/11/2025 02:45:00,000,8,0098,
17/11/2025 03:00:00,000,7,975722975,17/11/2025 03:00:00,000,8,1414,
17/11/2025 03:15:00,000,7,985865431,17/11/2025 03:15:00,000,8,1414,
17/11/2025 03:30:00,000,7,845128784,17/11/2025 03:30:00,000,8,1414,
17/11/2025 03:45:00,000,7,786110878,17/11/2025 03:45:00,000,8,1414,
17/11/2025 04:00:00,000,7,939866536,17/11/2025 04:00:00,000,8,261,
17/11/2025 04:15:00,000,8,048827595,17/11/2025 04:15:00,000,8,261,
17/11/2025 04:30:00,000,7,90347802,17/11/2025 04:30:00,000,8,261,
17/11/2025 04:45:00,000,8,052249705,17/11/2025 04:45:00,000,8,261,
17/11/2025 05:00:00,000,8,165337559,17/11/2025 05:00:00,000,8,218,
17/11/2025 05:15:00,000,7,918502422,17/11/2025 05:15:00,000,8,218,
17/11/2025 05:30:00,000,7,939251656,17/11/2025 05:30:00,000,8,218,
17/11/2025 05:45:00,000,7,974528352,17/11/2025 05:45:00,000,8,218,
17/11/2025 06:00:00,000,8,0011541,17/11/2025 06:00:00,000,7,7567,
17/11/2025 06:15:00,000,7,888227387,17/11/2025 06:15:00,000,7,7567,
17/11/2025 06:30:00,000,7,703040406,17/11/2025 06:30:00,000,7,7567,
17/11/2025 06:45:00,000,7,90993237,17/11/2025 06:45:00,000,7,7567,
17/11/2025 07:00:00,000,7,808079021,17/11/2025 07:00:00,000,7,9141,
17/11/2025 07:15:00,000,7,668001453,17/11/2025 07:15:00,000,7,9141,
17/11/2025 07:30:00,000,7,630927898,17/11/2025 07:30:00,000,7,9141,
17/11/2025 07:45:00,000,7,673607335,17/11/2025 07:45:00,000,7,9141,
17/11/2025 08:00:00,000,7,659375757,17/11/2025 08:00:00,000,7,9863,
17/11/2025 08:15:00,000,7,435752205,17/11/2025 08:15:00,000,7,9863,
17/11/2025 08:30:00,000,7,301390595,17/11/2025 08:30:00,000,7,9863,
17/11/2025 08:45:00,000,7,302636071,17/11/2025 08:45:00,000,7,9863,
17/11/2025 09:00:00,000,7,653030833,17/11/2025 09:00:00,000,8,2544,
17/11/2025 09:15:00,000,7,646129084,17/11/2025 09:15:00,000,8,2544,
17/11/2025 09:30:00,000,7,793693909,17/11/2025 09:30:00,000,8,2544,
17/11/2025 09:45:00,000,7,977307644,17/11/2025 09:45:00,000,8,2544,
17/11/2025 10:00:00,000,7,847298343,17/11/2025 10:00:00,000,8,6022,
17/11/2025 10:15:00,000,7,59001706,17/11/2025 10:15:00,000,8,6022,
17/11/2025 10:30:00,000,7,375803665,17/11/2025 10:30:00,000,8,6022,
17/11/2025 10:45:00,000,7,12160435,17/11/2025 10:45:00,000,8,6022,
17/11/2025 11:00:00,000,7,25460561,17/11/2025 11:00:00,000,8,5491,
17/11/2025 11:15:00,000,7,185830901,17/11/2025 11:15:00,000,8,5491,
17/11/2025 11:30:00,000,7,164704191,17/11/2025 11:30:00,000,8,5491,
17/11/2025 11:45:00,000,7,177042921,17/11/2025 11:45:00,000,8,5491,
17/11/2025 12:00:00,000,7,41544158,17/11/2025 12:00:00,000,8,9888,
17/11/2025 12:15:00,000,7,290847598,17/11/2025 12:15:00,000,8,9888,
17/11/2025 12:30:00,000,7,249225533,17/11/2025 12:30:00,000,8,9888,
17/11/2025 12:45:00,000,7,37318601,17/11/2025 12:45:00,000,8,9888,
17/11/2025 13:00:00,000,7,37934086,17/11/2025 13:00:00,000,9,3012,
17/11/2025 13:15:00,000,7,572564643,17/11/2025 13:15:00,000,9,3012,
17/11/2025 13:30:00,000,7,437787721,17/11/2025 13:30:00,000,9,3012,
17/11/2025 13:45:00,000,7,716939224,17/11/2025 13:45:00,000,9,3012,
17/11/2025 14:00:00,000,7,763480751,17/11/2025 14:00:00,000,9,0698,
17/11/2025 14:15:00,000,7,750576668,17/11/2025 14:15:00,000,9,0698,
17/11/2025 14:30:00,000,7,895975349,17/11/2025 14:30:00,000,9,0698,
17/11/2025 14:45:00,000,7,952700394,17/11/2025 14:45:00,000,9,0698,
17/11/2025 15:00:00,000,8,343911595,17/11/2025 15:00:00,000,8,9979,
17/11/2025 15:15:00,000,8,430251395,17/11/2025 15:15:00,000,8,9979,
17/11/2025 15:30:00,000,8,46207371,17/11/2025 15:30:00,000,8,9979,
17/11/2025 15:45:00,000,8,381762741,17/11/2025 15:45:00,000,8,9979,
17/11/2025 16:00:00,000,8,225387711,17/11/2025 16:00:00,000,8,474,
17/11/2025 16:15:00,000,8,101298514,17/11/2025 16:15:00,000,8,474,
17/11/2025 16:30:00,000,7,681188794,17/11/2025 16:30:00,000,8,474,
17/11/2025 16:45:00,000,7,771614814,17/11/2025 16:45:00,000,8,474,
17/11/2025 17:00:00,000,7,58498776,17/11/2025 17:00:00,000,7,3086,
17/11/2025 17:15:00,000,7,50342242,17/11/2025 17:15:00,000,7,3086,
17/11/2025 17:30:00,000,7,273830534,17/11/2025 17:30:00,000,7,3086,
17/11/2025 17:45:00,000,6,925685728,17/11/2025 17:45:00,000,7,3086,
17/11/2025 18:00:00,000,6,689187273,17/11/2025 18:00:00,000,6,4644,
17/11/2025 18:15:00,000,6,403069942,17/11/2025 18:15:00,000,6,4644,
17/11/2025 18:30:00,000,6,043508663,17/11/2025 18:30:00,000,6,4644,
17/11/2025 18:45:00,000,5,974121353,17/11/2025 18:45:00,000,6,4644,
17/11/2025 19:00:00,000,5,747564941,17/11/2025 19:00:00,000,6,1308,
17/11/2025 19:15:00,000,5,639155931,17/11/2025 19:15:00,000,6,1308,
17/11/2025 19:30:00,000,5,768405724,17/11/2025 19:30:00,000,6,1308,
17/11/2025 19:45:00,000,5,780865825,17/11/2025 19:45:00,000,6,1308,
17/11/2025 20:00:00,000,5,560466082,17/11/2025 20:00:00,000,5,7041,
17/11/2025 20:15:00,000,5,435545223,17/11/2025 20:15:00,000,5,7041,
17/11/2025 20:30:00,000,5,031348494,17/11/2025 20:30:00,000,5,7041,
17/11/2025 20:45:00,000,4,724308184,17/11/2025 20:45:00,000,5,7041,
17/11/2025 21:00:00,000,4,613002076,17/11/2025 21:00:00,000,5,0906,
17/11/2025 21:15:00,000,4,494093369,17/11/2025 21:15:00,000,5,0906,
17/11/2025 21:30:00,000,4,278623921,17/11/2025 21:30:00,000,5,0906,
17/11/2025 21:45:00,000,4,268454246,17/11/2025 21:45:00,000,5,0906,
17/11/2025 22:00:00,000,4,26263053,17/11/2025 22:00:00,000,4,6275,
17/11/2025 22:15:00,000,4,187921962,17/11/2025 22:15:00,000,4,6275,
17/11/2025 22:30:00,000,4,007253503,17/11/2025 22:30:00,000,4,6275,
17/11/2025 22:45:00,000,4,242525351,17/11/2025 22:45:00,000,4,6275,
17/11/2025 23:00:00,000,4,124480276,17/11/2025 23:00:00,000,4,6036,
17/11/2025 23:15:00,000,4,181083036,17/11/2025 23:15:00,000,4,6036,
17/11/2025 23:30:00,000,3,999109486,17/11/2025 23:30:00,000,4,6036,
17/11/2025 23:45:00,000,3,984893602,17/11/2025 23:45:00,000,4,6036,
18/11/2025 00:00:00,000,4,009744988,18/11/2025 00:00:00,000,4,811,
18/11/2025 00:15:00,000,3,961499322,18/11/2025 00:15:00,000,4,811,
18/11/2025 00:30:00,000,3,845317832,18/11/2025 00:30:00,000,4,811,
18/11/2025 00:45:00,000,3,812818101,18/11/2025 00:45:00,000,4,811,
18/11/2025 01:00:00,000,3,943127507,18/11/2025 01:00:00,000,4,8405,
18/11/2025 01:15:00,000,3,987205688,18/11/2025 01:15:00,000,4,8405,
18/11/2025 01:30:00,000,3,966254653,18/11/2025 01:30:00,000,4,8405,
18/11/2025 01:45:00,000,3,946624556,18/11/2025 01:45:00,000,4,8405,
18/11/2025 02:00:00,000,3,847676066,18/11/2025 02:00:00,000,4,3007,
18/11/2025 02:15:00,000,3,74289891,18/11/2025 02:15:00,000,4,3007,
18/11/2025 02:30:00,000,3,58085259,18/11/2025 02:30:00,000,4,3007,
18/11/2025 02:45:00,000,3,436866697,18/11/2025 02:45:00,000,4,3007,
18/11/2025 03:00:00,000,3,301482986,18/11/2025 03:00:00,000,3,9701,
18/11/2025 03:15:00,000,3,174717789,18/11/2025 03:15:00,000,3,9701,
18/11/2025 03:30:00,000,3,162880056,18/11/2025 03:30:00,000,3,9701,
18/11/2025 03:45:00,000,3,084559705,18/11/2025 03:45:00,000,3,9701,
18/11/2025 04:00:00,000,3,024734829,18/11/2025 04:00:00,000,3,7353,
18/11/2025 04:15:00,000,2,89037063,18/11/2025 04:15:00,000,3,7353,
18/11/2025 04:30:00,000,2,811309153,18/11/2025 04:30:00,000,3,7353,
18/11/2025 04:45:00,000,2,969262174,18/11/2025 04:45:00,000,3,7353,
18/11/2025 05:00:00,000,2,981524453,18/11/2025 05:00:00,000,3,3738,
18/11/2025 05:15:00,000,2,918921587,18/11/2025 05:15:00,000,3,3738,
18/11/2025 05:30:00,000,2,830189866,18/11/2025 05:30:00,000,3,3738,
18/11/2025 05:45:00,000,2,729838695,18/11/2025 05:45:00,000,3,3738,
18/11/2025 06:00:00,000,2,749249729,18/11/2025 06:00:00,000,2,414,
18/11/2025 06:15:00,000,2,609491401,18/11/2025 06:15:00,000,2,414,
18/11/2025 06:30:00,000,2,610102442,18/11/2025 06:30:00,000,2,414,
18/11/2025 06:45:00,000,2,480569165,18/11/2025 06:45:00,000,2,414,
18/11/2025 07:00:00,000,2,348549979,18/11/2025 07:00:00,000,(invalid),
18/11/2025 07:15:00,000,2,296386041,18/11/2025 07:15:00,000,(invalid),
18/11/2025 07:30:00,000,2,328570741,18/11/2025 07:30:00,000,(invalid),
18/11/2025 07:45:00,000,2,275698803,18/11/2025 07:45:00,000,(invalid),
18/11/2025 08:00:00,000,2,332055492,18/11/2025 08:00:00,000,3,4689,
18/11/2025 08:15:00,000,2,407469152,18/11/2025 08:15:00,000,3,4689,
18/11/2025 08:30:00,000,2,491619689,18/11/2025 08:30:00,000,3,4689,
18/11/2025 08:45:00,000,2,763182804,18/11/2025 08:45:00,000,3,4689,
18/11/2025 09:00:00,000,2,884721452,18/11/2025 09:00:00,000,4,6124,
18/11/2025 09:15:00,000,3,042729778,18/11/2025 09:15:00,000,4,6124,
18/11/2025 09:30:00,000,3,278526434,18/11/2025 09:30:00,000,4,6124,
18/11/2025 09:45:00,000,3,307146162,18/11/2025 09:45:00,000,4,6124,
18/11/2025 10:00:00,000,3,37541622,18/11/2025 10:00:00,000,5,4003,
18/11/2025 10:15:00,000,3,401483421,18/11/2025 10:15:00,000,5,4003,
18/11/2025 10:30:00,000,3,499845631,18/11/2025 10:30:00,000,5,4003,
18/11/2025 10:45:00,000,3,684726318,18/11/2025 10:45:00,000,5,4003,
18/11/2025 11:00:00,000,3,774534761,18/11/2025 11:00:00,000,5,9734,
18/11/2025 11:15:00,000,4,011555544,18/11/2025 11:15:00,000,5,9734,
18/11/2025 11:30:00,000,4,161410134,18/11/2025 11:30:00,000,5,9734,
18/11/2025 11:45:00,000,4,236949997,18/11/2025 11:45:00,000,5,9734,
18/11/2025 12:00:00,000,4,22344651,18/11/2025 12:00:00,000,6,3157,
18/11/2025 12:15:00,000,4,27022554,18/11/2025 12:15:00,000,6,3157,
18/11/2025 12:30:00,000,4,295611755,18/11/2025 12:30:00,000,6,3157,
18/11/2025 12:45:00,000,4,409321868,18/11/2025 12:45:00,000,6,3157,
18/11/2025 13:00:00,000,4,356796898,18/11/2025 13:00:00,000,6,3808,
18/11/2025 13:15:00,000,4,424126804,18/11/2025 13:15:00,000,6,3808,
18/11/2025 13:30:00,000,4,2203298,18/11/2025 13:30:00,000,6,3808,
18/11/2025 13:45:00,000,4,331300057,18/11/2025 13:45:00,000,6,3808,
18/11/2025 14:00:00,000,4,514251395,18/11/2025 14:00:00,000,5,9228,
18/11/2025 14:15:00,000,4,574648829,18/11/2025 14:15:00,000,5,9228,
18/11/2025 14:30:00,000,4,447841295,18/11/2025 14:30:00,000,5,9228,
18/11/2025 14:45:00,000,4,374980895,18/11/2025 14:45:00,000,5,9228,
18/11/2025 15:00:00,000,4,107844884,18/11/2025 15:00:00,000,4,8668,
18/11/2025 15:15:00,000,3,77305334,18/11/2025 15:15:00,000,4,8668,
18/11/2025 15:30:00,000,3,306727749,18/11/2025 15:30:00,000,4,8668,
18/11/2025 15:45:00,000,2,98846416,18/11/2025 15:45:00,000,4,8668,
18/11/2025 16:00:00,000,2,691932973,18/11/2025 16:00:00,000,3,3825,
18/11/2025 16:15:00,000,2,549245791,18/11/2025 16:15:00,000,3,3825,
18/11/2025 16:30:00,000,2,465536303,18/11/2025 16:30:00,000,3,3825,
18/11/2025 16:45:00,000,2,315756105,18/11/2025 16:45:00,000,3,3825,
18/11/2025 17:00:00,000,2,30298344,18/11/2025 17:00:00,000,2,1027,
18/11/2025 17:15:00,000,2,316721926,18/11/2025 17:15:00,000,2,1027,
18/11/2025 17:30:00,000,2,299828353,18/11/2025 17:30:00,000,2,1027,
18/11/2025 17:45:00,000,2,271866781,18/11/2025 17:45:00,000,2,1027,
18/11/2025 18:00:00,000,2,238793431,18/11/2025 18:00:00,000,0,716,
18/11/2025 18:15:00,000,2,163590763,18/11/2025 18:15:00,000,0,716,
18/11/2025 18:30:00,000,2,187080923,18/11/2025 18:30:00,000,0,716,
18/11/2025 18:45:00,000,2,020094652,18/11/2025 18:45:00,000,0,716,
18/11/2025 19:00:00,000,1,927595294,18/11/2025 19:00:00,000,-0,2095,
18/11/2025 19:15:00,000,1,865750171,18/11/2025 19:15:00,000,-0,2095,
18/11/2025 19:30:00,000,1,699894284,18/11/2025 19:30:00,000,-0,2095,
18/11/2025 19:45:00,000,1,57350259,18/11/2025 19:45:00,000,-0,2095,
18/11/2025 20:00:00,000,1,397150981,18/11/2025 20:00:00,000,-0,8156,
18/11/2025 20:15:00,000,1,278776776,18/11/2025 20:15:00,000,-0,8156,
18/11/2025 20:30:00,000,1,13828067,18/11/2025 20:30:00,000,-0,8156,
18/11/2025 20:45:00,000,1,053457401,18/11/2025 20:45:00,000,-0,8156,
18/11/2025 21:00:00,000,0,9811715379,18/11/2025 21:00:00,000,-1,4454,
18/11/2025 21:15:00,000,0,9445417216,18/11/2025 21:15:00,000,-1,4454,
18/11/2025 21:30:00,000,0,8677588913,18/11/2025 21:30:00,000,-1,4454,
18/11/2025 21:45:00,000,0,7722888043,18/11/2025 21:45:00,000,-1,4454,
18/11/2025 22:00:00,000,0,6752832237,18/11/2025 22:00:00,000,-1,8757,
18/11/2025 22:15:00,000,0,5673363814,18/11/2025 22:15:00,000,-1,8757,
18/11/2025 22:30:00,000,0,4431763165,18/11/2025 22:30:00,000,-1,8757,
18/11/2025 22:45:00,000,0,2956063445,18/11/2025 22:45:00,000,-1,8757,
18/11/2025 23:00:00,000,0,1791205793,18/11/2025 23:00:00,000,-2,3268,
18/11/2025 23:15:00,000,0,0705531614,18/11/2025 23:15:00,000,-2,3268,
18/11/2025 23:30:00,000,-0,040625395,18/11/2025 23:30:00,000,-2,3268,
18/11/2025 23:45:00,000,-0,121182513,18/11/2025 23:45:00,000,-2,3268,
19/11/2025 00:00:00,000,-0,198269553,19/11/2025 00:00:00,000,-2,5099,
19/11/2025 00:15:00,000,-0,275002261,19/11/2025 00:15:00,000,-2,5099,
19/11/2025 00:30:00,000,-0,353564834,19/11/2025 00:30:00,000,-2,5099,
19/11/2025 00:45:00,000,-0,417773939,19/11/2025 00:45:00,000,-2,5099,
19/11/2025 01:00:00,000,-0,457342307,19/11/2025 01:00:00,000,-2,5931,
19/11/2025 01:15:00,000,-0,504025546,19/11/2025 01:15:00,000,-2,5931,
19/11/2025 01:30:00,000,-0,550221774,19/11/2025 01:30:00,000,-2,5931,
19/11/2025 01:45:00,000,-0,645713237,19/11/2025 01:45:00,000,-2,5931,
19/11/2025 02:00:00,000,-0,730814391,19/11/2025 02:00:00,000,-3,0442,
19/11/2025 02:15:00,000,-0,81324003,19/11/2025 02:15:00,000,-3,0442,
19/11/2025 02:30:00,000,-0,896280782,19/11/2025 02:30:00,000,-3,0442,
19/11/2025 02:45:00,000,-0,936732805,19/11/2025 02:45:00,000,-3,0442,
19/11/2025 03:00:00,000,-0,962728688,19/11/2025 03:00:00,000,-3,4206,
19/11/2025 03:15:00,000,-1,01225899,19/11/2025 03:15:00,000,-3,4206,
19/11/2025 03:30:00,000,-1,04759911,19/11/2025 03:30:00,000,-3,4206,
19/11/2025 03:45:00,000,-1,10587944,19/11/2025 03:45:00,000,-3,4206,
19/11/2025 04:00:00,000,-1,12445503,19/11/2025 04:00:00,000,-3,5036,
19/11/2025 04:15:00,000,-1,16777118,19/11/2025 04:15:00,000,-3,5036,
19/11/2025 04:30:00,000,-1,17307885,19/11/2025 04:30:00,000,-3,5036,
19/11/2025 04:45:00,000,-1,26160131,19/11/2025 04:45:00,000,-3,5036,
19/11/2025 05:00:00,000,-1,31197144,19/11/2025 05:00:00,000,-3,795,
19/11/2025 05:15:00,000,-1,36501319,19/11/2025 05:15:00,000,-3,795,
19/11/2025 05:30:00,000,-1,46531507,19/11/2025 05:30:00,000,-3,795,
19/11/2025 05:45:00,000,-1,55972832,19/11/2025 05:45:00,000,-3,795,
19/11/2025 06:00:00,000,-1,61476633,19/11/2025 06:00:00,000,-3,9819,
19/11/2025 06:15:00,000,-1,71640974,19/11/2025 06:15:00,000,-3,9819,
19/11/2025 06:30:00,000,-1,81216585,19/11/2025 06:30:00,000,-3,9819,
19/11/2025 06:45:00,000,-1,85045249,19/11/2025 06:45:00,000,-3,9819,
19/11/2025 07:00:00,000,-1,81502992,19/11/2025 07:00:00,000,-3,5321,
19/11/2025 07:15:00,000,-1,653686,19/11/2025 07:15:00,000,-3,5321,
19/11/2025 07:30:00,000,-1,47043482,19/11/2025 07:30:00,000,-3,5321,
19/11/2025 07:45:00,000,-1,32307512,19/11/2025 07:45:00,000,-3,5321,
19/11/2025 08:00:00,000,-1,06281151,19/11/2025 08:00:00,000,-2,5769,
19/11/2025 08:15:00,000,-0,779708296,19/11/2025 08:15:00,000,-2,5769,
19/11/2025 08:30:00,000,-0,475381504,19/11/2025 08:30:00,000,-2,5769,
19/11/2025 08:45:00,000,-0,049063028,19/11/2025 08:45:00,000,-2,5769,
19/11/2025 09:00:00,000,0,3503168727,19/11/2025 09:00:00,000,-1,3762,
19/11/2025 09:15:00,000,0,7159544665,19/11/2025 09:15:00,000,-1,3762,
19/11/2025 09:30:00,000,1,103769854,19/11/2025 09:30:00,000,-1,3762,
19/11/2025 09:45:00,000,1,361770159,19/11/2025 09:45:00,000,-1,3762,
19/11/2025 10:00:00,000,1,636896192,19/11/2025 10:00:00,000,0,0295,
19/11/2025 10:15:00,000,1,898027602,19/11/2025 10:15:00,000,0,0295,
19/11/2025 10:30:00,000,2,174918509,19/11/2025 10:30:00,000,0,0295,
19/11/2025 10:45:00,000,2,429365742,19/11/2025 10:45:00,000,0,0295,
19/11/2025 11:00:00,000,2,6493433,19/11/2025 11:00:00,000,1,2012,
19/11/2025 11:15:00,000,2,958435493,19/11/2025 11:15:00,000,1,2012,
19/11/2025 11:30:00,000,3,170227164,19/11/2025 11:30:00,000,1,2012,
19/11/2025 11:45:00,000,3,281335153,19/11/2025 11:45:00,000,1,2012,
19/11/2025 12:00:00,000,3,466540882,19/11/2025 12:00:00,000,2,3118,
19/11/2025 12:15:00,000,3,464292711,19/11/2025 12:15:00,000,2,3118,
19/11/2025 12:30:00,000,3,540045387,19/11/2025 12:30:00,000,2,3118,
19/11/2025 12:45:00,000,3,608212508,19/11/2025 12:45:00,000,2,3118,
19/11/2025 13:00:00,000,3,61421193,19/11/2025 13:00:00,000,3,4837,
19/11/2025 13:15:00,000,3,445649676,19/11/2025 13:15:00,000,3,4837,
19/11/2025 13:30:00,000,3,374073261,19/11/2025 13:30:00,000,3,4837,
19/11/2025 13:45:00,000,3,433626944,19/11/2025 13:45:00,000,3,4837,
19/11/2025 14:00:00,000,3,454822741,19/11/2025 14:00:00,000,3,9093,
19/11/2025 14:15:00,000,3,458091893,19/11/2025 14:15:00,000,3,9093,
19/11/2025 14:30:00,000,3,473223879,19/11/2025 14:30:00,000,3,9093,
19/11/2025 14:45:00,000,3,213336977,19/11/2025 14:45:00,000,3,9093,
19/11/2025 15:00:00,000,2,922702023,19/11/2025 15:00:00,000,2,9948,
19/11/2025 15:15:00,000,2,500524178,19/11/2025 15:15:00,000,2,9948,
19/11/2025 15:30:00,000,2,102873702,19/11/2025 15:30:00,000,2,9948,
19/11/2025 15:45:00,000,1,702990815,19/11/2025 15:45:00,000,2,9948,
19/11/2025 16:00:00,000,1,473179721,19/11/2025 16:00:00,000,1,1963,
19/11/2025 16:15:00,000,1,299818047,19/11/2025 16:15:00,000,1,1963,
19/11/2025 16:30:00,000,1,250617826,19/11/2025 16:30:00,000,1,1963,
19/11/2025 16:45:00,000,1,150875422,19/11/2025 16:45:00,000,1,1963,
19/11/2025 17:00:00,000,1,199040843,19/11/2025 17:00:00,000,0,4427,
19/11/2025 17:15:00,000,1,253241639,19/11/2025 17:15:00,000,0,4427,
19/11/2025 17:30:00,000,1,336605277,19/11/2025 17:30:00,000,0,4427,
19/11/2025 17:45:00,000,1,406378254,19/11/2025 17:45:00,000,0,4427,
19/11/2025 18:00:00,000,1,570539221,19/11/2025 18:00:00,000,0,6157,
19/11/2025 18:15:00,000,1,738054269,19/11/2025 18:15:00,000,0,6157,
19/11/2025 18:30:00,000,1,980034478,19/11/2025 18:30:00,000,0,6157,
19/11/2025 18:45:00,000,2,116230347,19/11/2025 18:45:00,000,0,6157,
19/11/2025 19:00:00,000,2,166863415,19/11/2025 19:00:00,000,0,9935,
19/11/2025 19:15:00,000,2,127369217,19/11/2025 19:15:00,000,0,9935,
19/11/2025 19:30:00,000,2,113937929,19/11/2025 19:30:00,000,0,9935,
19/11/2025 19:45:00,000,2,066196607,19/11/2025 19:45:00,000,0,9935,
19/11/2025 20:00:00,000,1,978632325,19/11/2025 20:00:00,000,1,1517,
19/11/2025 20:15:00,000,1,932558289,19/11/2025 20:15:00,000,1,1517,
19/11/2025 20:30:00,000,1,875711608,19/11/2025 20:30:00,000,1,1517,
19/11/2025 20:45:00,000,1,901528619,19/11/2025 20:45:00,000,1,1517,
19/11/2025 21:00:00,000,1,924620114,19/11/2025 21:00:00,000,1,0566,
19/11/2025 21:15:00,000,1,995842081,19/11/2025 21:15:00,000,1,0566,
19/11/2025 21:30:00,000,2,002728469,19/11/2025 21:30:00,000,1,0566,
19/11/2025 21:45:00,000,1,990531348,19/11/2025 21:45:00,000,1,0566,
19/11/2025 22:00:00,000,1,965526604,19/11/2025 22:00:00,000,1,2571,
19/11/2025 22:15:00,000,1,998286081,19/11/2025 22:15:00,000,1,2571,
19/11/2025 22:30:00,000,1,906137059,19/11/2025 22:30:00,000,1,2571,
19/11/2025 22:45:00,000,1,750927106,19/11/2025 22:45:00,000,1,2571,
19/11/2025 23:00:00,000,1,693394738,19/11/2025 23:00:00,000,1,7073,
19/11/2025 23:15:00,000,1,554112109,19/11/2025 23:15:00,000,1,7073,
19/11/2025 23:30:00,000,1,417997011,19/11/2025 23:30:00,000,1,7073,
19/11/2025 23:45:00,000,1,277571655,19/11/2025 23:45:00,000,1,7073,
20/11/2025 00:00:00,000,1,17558205,20/11/2025 00:00:00,000,1,9673,
20/11/2025 00:15:00,000,1,077205771,20/11/2025 00:15:00,000,1,9673,
20/11/2025 00:30:00,000,0,9926755958,20/11/2025 00:30:00,000,1,9673,
20/11/2025 00:45:00,000,0,9853171512,20/11/2025 00:45:00,000,1,9673,
20/11/2025 01:00:00,000,1,024795226,20/11/2025 01:00:00,000,2,1447,
20/11/2025 01:15:00,000,1,109382188,20/11/2025 01:15:00,000,2,1447,
20/11/2025 01:30:00,000,1,214099489,20/11/2025 01:30:00,000,2,1447,
20/11/2025 01:45:00,000,1,237989493,20/11/2025 01:45:00,000,2,1447,
20/11/2025 02:00:00,000,1,310331844,20/11/2025 02:00:00,000,2,3686,
20/11/2025 02:15:00,000,1,383002594,20/11/2025 02:15:00,000,2,3686,
20/11/2025 02:30:00,000,1,465624046,20/11/2025 02:30:00,000,2,3686,
20/11/2025 02:45:00,000,1,507722887,20/11/2025 02:45:00,000,2,3686,
20/11/2025 03:00:00,000,1,561321585,20/11/2025 03:00:00,000,2,5711,
20/11/2025 03:15:00,000,1,534397727,20/11/2025 03:15:00,000,2,5711,
20/11/2025 03:30:00,000,1,546284174,20/11/2025 03:30:00,000,2,5711,
20/11/2025 03:45:00,000,1,595805443,20/11/2025 03:45:00,000,2,5711,
20/11/2025 04:00:00,000,1,651525023,20/11/2025 04:00:00,000,2,833,
20/11/2025 04:15:00,000,1,716166807,20/11/2025 04:15:00,000,2,833,
20/11/2025 04:30:00,000,1,707390176,20/11/2025 04:30:00,000,2,833,
20/11/2025 04:45:00,000,1,771746447,20/11/2025 04:45:00,000,2,833,
20/11/2025 05:00:00,000,1,807076499,20/11/2025 05:00:00,000,2,8591,
20/11/2025 05:15:00,000,1,80258056,20/11/2025 05:15:00,000,2,8591,
20/11/2025 05:30:00,000,1,869814508,20/11/2025 05:30:00,000,2,8591,
20/11/2025 05:45:00,000,1,858777042,20/11/2025 05:45:00,000,2,8591,
20/11/2025 06:00:00,000,1,808281653,20/11/2025 06:00:00,000,3,0037,
20/11/2025 06:15:00,000,1,740254615,20/11/2025 06:15:00,000,3,0037,
20/11/2025 06:30:00,000,1,610600654,20/11/2025 06:30:00,000,3,0037,
20/11/2025 06:45:00,000,1,458442536,20/11/2025 06:45:00,000,3,0037,
20/11/2025 07:00:00,000,1,305132857,20/11/2025 07:00:00,000,2,7421,
20/11/2025 07:15:00,000,1,071205807,20/11/2025 07:15:00,000,2,7421,
20/11/2025 07:30:00,000,0,9147566838,20/11/2025 07:30:00,000,2,7421,
20/11/2025 07:45:00,000,0,7572500277,20/11/2025 07:45:00,000,2,7421,
20/11/2025 08:00:00,000,0,6915014518,20/11/2025 08:00:00,000,2,7323,
20/11/2025 08:15:00,000,0,6831164341,20/11/2025 08:15:00,000,2,7323,
20/11/2025 08:30:00,000,0,7572025714,20/11/2025 08:30:00,000,2,7323,
20/11/2025 08:45:00,000,1,001599343,20/11/2025 08:45:00,000,2,7323,
20/11/2025 09:00:00,000,1,297812152,20/11/2025 09:00:00,000,3,3718,
20/11/2025 09:15:00,000,1,586453175,20/11/2025 09:15:00,000,3,3718,
20/11/2025 09:30:00,000,1,912839853,20/11/2025 09:30:00,000,3,3718,
20/11/2025 09:45:00,000,2,145801147,20/11/2025 09:45:00,000,3,3718,
20/11/2025 10:00:00,000,2,383772565,20/11/2025 10:00:00,000,3,8082,
20/11/2025 10:15:00,000,2,588161193,20/11/2025 10:15:00,000,3,8082,
20/11/2025 10:30:00,000,2,749090596,20/11/2025 10:30:00,000,3,8082,
20/11/2025 10:45:00,000,2,617662628,20/11/2025 10:45:00,000,3,8082,
20/11/2025 11:00:00,000,2,873823659,20/11/2025 11:00:00,000,4,3166,
20/11/2025 11:15:00,000,3,079153026,20/11/2025 11:15:00,000,4,3166,
20/11/2025 11:30:00,000,3,404298501,20/11/2025 11:30:00,000,4,3166,
20/11/2025 11:45:00,000,3,667345868,20/11/2025 11:45:00,000,4,3166,
20/11/2025 12:00:00,000,3,764873962,20/11/2025 12:00:00,000,4,5221,
20/11/2025 12:15:00,000,3,960825378,20/11/2025 12:15:00,000,4,5221,
20/11/2025 12:30:00,000,4,207333751,20/11/2025 12:30:00,000,4,5221,
20/11/2025 12:45:00,000,4,240269712,20/11/2025 12:45:00,000,4,5221,
20/11/2025 13:00:00,000,4,272235529,20/11/2025 13:00:00,000,4,5443,
20/11/2025 13:15:00,000,4,280551119,20/11/2025 13:15:00,000,4,5443,
20/11/2025 13:30:00,000,4,322944698,20/11/2025 13:30:00,000,4,5443,
20/11/2025 13:45:00,000,4,432675161,20/11/2025 13:45:00,000,4,5443,
20/11/2025 14:00:00,000,4,662480564,20/11/2025 14:00:00,000,4,4276,
20/11/2025 14:15:00,000,4,691933279,20/11/2025 14:15:00,000,4,4276,
20/11/2025 14:30:00,000,4,629640712,20/11/2025 14:30:00,000,4,4276,
20/11/2025 14:45:00,000,4,701895002,20/11/2025 14:45:00,000,4,4276,
20/11/2025 15:00:00,000,4,417400586,20/11/2025 15:00:00,000,4,2732,
20/11/2025 15:15:00,000,4,309033886,20/11/2025 15:15:00,000,4,2732,
20/11/2025 15:30:00,000,4,122037862,20/11/2025 15:30:00,000,4,2732,
20/11/2025 15:45:00,000,3,804597349,20/11/2025 15:45:00,000,4,2732,
20/11/2025 16:00:00,000,3,663076785,20/11/2025 16:00:00,000,3,9382,
20/11/2025 16:15:00,000,3,539421946,20/11/2025 16:15:00,000,3,9382,
20/11/2025 16:30:00,000,3,488168096,20/11/2025 16:30:00,000,3,9382,
20/11/2025 16:45:00,000,3,552117808,20/11/2025 16:45:00,000,3,9382,
20/11/2025 17:00:00,000,3,561805625,20/11/2025 17:00:00,000,3,5313,
20/11/2025 17:15:00,000,3,546233369,20/11/2025 17:15:00,000,3,5313,
20/11/2025 17:30:00,000,3,542133918,20/11/2025 17:30:00,000,3,5313,
20/11/2025 17:45:00,000,3,353314793,20/11/2025 17:45:00,000,3,5313,
20/11/2025 18:00:00,000,3,294039734,20/11/2025 18:00:00,000,3,2246,
20/11/2025 18:15:00,000,3,110003023,20/11/2025 18:15:00,000,3,2246,
20/11/2025 18:30:00,000,3,092543411,20/11/2025 18:30:00,000,3,2246,
20/11/2025 18:45:00,000,2,935167683,20/11/2025 18:45:00,000,3,2246,
20/11/2025 19:00:00,000,2,827076061,20/11/2025 19:00:00,000,2,9355,
20/11/2025 19:15:00,000,2,828213744,20/11/2025 19:15:00,000,2,9355,
20/11/2025 19:30:00,000,2,781027011,20/11/2025 19:30:00,000,2,9355,
20/11/2025 19:45:00,000,2,643881273,20/11/2025 19:45:00,000,2,9355,
20/11/2025 20:00:00,000,2,591735932,20/11/2025 20:00:00,000,2,8874,
20/11/2025 20:15:00,000,2,447192666,20/11/2025 20:15:00,000,2,8874,
20/11/2025 20:30:00,000,2,280631135,20/11/2025 20:30:00,000,2,8874,
20/11/2025 20:45:00,000,2,143136676,20/11/2025 20:45:00,000,2,8874,
20/11/2025 21:00:00,000,2,039369617,20/11/2025 21:00:00,000,2,5616,
20/11/2025 21:15:00,000,1,970668059,20/11/2025 21:15:00,000,2,5616,
20/11/2025 21:30:00,000,1,914848037,20/11/2025 21:30:00,000,2,5616,
20/11/2025 21:45:00,000,1,8575719,20/11/2025 21:45:00,000,2,5616,
20/11/2025 22:00:00,000,1,846680094,20/11/2025 22:00:00,000,2,4776,
20/11/2025 22:15:00,000,1,793946308,20/11/2025 22:15:00,000,2,4776,
20/11/2025 22:30:00,000,1,76416698,20/11/2025 22:30:00,000,2,4776,
20/11/2025 22:45:00,000,1,566051093,20/11/2025 22:45:00,000,2,4776,
20/11/2025 23:00:00,000,1,549494457,20/11/2025 23:00:00,000,2,9054,
20/11/2025 23:15:00,000,1,549908809,20/11/2025 23:15:00,000,2,9054,
20/11/2025 23:30:00,000,1,564708795,20/11/2025 23:30:00,000,2,9054,
20/11/2025 23:45:00,000,1,572152987,20/11/2025 23:45:00,000,2,9054,
21/11/2025 00:00:00,000,1,640851279,21/11/2025 00:00:00,000,2,9943,
21/11/2025 00:15:00,000,1,578184138,21/11/2025 00:15:00,000,2,9943,
21/11/2025 00:30:00,000,1,577123687,21/11/2025 00:30:00,000,2,9943,
21/11/2025 00:45:00,000,1,511767138,21/11/2025 00:45:00,000,2,9943,
21/11/2025 01:00:00,000,1,44693143,21/11/2025 01:00:00,000,3,1048,
21/11/2025 01:15:00,000,1,455760361,21/11/2025 01:15:00,000,3,1048,
21/11/2025 01:30:00,000,1,445012226,21/11/2025 01:30:00,000,3,1048,
21/11/2025 01:45:00,000,1,385111766,21/11/2025 01:45:00,000,3,1048,
21/11/2025 02:00:00,000,1,341840681,21/11/2025 02:00:00,000,3,4628,
21/11/2025 02:15:00,000,1,249718014,21/11/2025 02:15:00,000,3,4628,
21/11/2025 02:30:00,000,1,199085764,21/11/2025 02:30:00,000,3,4628,
21/11/2025 02:45:00,000,1,162730197,21/11/2025 02:45:00,000,3,4628,
21/11/2025 03:00:00,000,1,103941293,21/11/2025 03:00:00,000,3,4387,
21/11/2025 03:15:00,000,1,040038904,21/11/2025 03:15:00,000,3,4387,
21/11/2025 03:30:00,000,1,021963646,21/11/2025 03:30:00,000,3,4387,
21/11/2025 03:45:00,000,0,9460221561,21/11/2025 03:45:00,000,3,4387,
21/11/2025 04:00:00,000,0,8707998115,21/11/2025 04:00:00,000,3,2514,
21/11/2025 04:15:00,000,0,8186233429,21/11/2025 04:15:00,000,3,2514,
21/11/2025 04:30:00,000,0,787685727,21/11/2025 04:30:00,000,3,2514,
21/11/2025 04:45:00,000,0,9197173761,21/11/2025 04:45:00,000,3,2514,
21/11/2025 05:00:00,000,0,867986692,21/11/2025 05:00:00,000,3,1089,
21/11/2025 05:15:00,000,0,8499886383,21/11/2025 05:15:00,000,3,1089,
21/11/2025 05:30:00,000,0,7753666635,21/11/2025 05:30:00,000,3,1089,
21/11/2025 05:45:00,000,0,7260042688,21/11/2025 05:45:00,000,3,1089,
21/11/2025 06:00:00,000,0,6731661312,21/11/2025 06:00:00,000,2,8734,
21/11/2025 06:15:00,000,0,5992822524,21/11/2025 06:15:00,000,2,8734,
21/11/2025 06:30:00,000,0,5057439928,21/11/2025 06:30:00,000,2,8734,
21/11/2025 06:45:00,000,0,4321215081,21/11/2025 06:45:00,000,2,8734,
21/11/2025 07:00:00,000,0,3873208928,21/11/2025 07:00:00,000,2,6639,
21/11/2025 07:15:00,000,0,3403778187,21/11/2025 07:15:00,000,2,6639,
21/11/2025 07:30:00,000,0,3145126775,21/11/2025 07:30:00,000,2,6639,
21/11/2025 07:45:00,000,0,2825173377,21/11/2025 07:45:00,000,2,6639,
21/11/2025 08:00:00,000,0,2606252136,21/11/2025 08:00:00,000,2,6287,
21/11/2025 08:15:00,000,0,2532666961,21/11/2025 08:15:00,000,2,6287,
21/11/2025 08:30:00,000,0,2273434101,21/11/2025 08:30:00,000,2,6287,
21/11/2025 08:45:00,000,0,3653802958,21/11/2025 08:45:00,000,2,6287,
21/11/2025 09:00:00,000,0,4628858249,21/11/2025 09:00:00,000,2,7636,
21/11/2025 09:15:00,000,0,5736128714,21/11/2025 09:15:00,000,2,7636,
21/11/2025 09:30:00,000,0,661522995,21/11/2025 09:30:00,000,2,7636,
21/11/2025 09:45:00,000,0,6962625039,21/11/2025 09:45:00,000,2,7636,
21/11/2025 10:00:00,000,0,7409585828,21/11/2025 10:00:00,000,2,8154,
21/11/2025 10:15:00,000,0,782648371,21/11/2025 10:15:00,000,2,8154,
21/11/2025 10:30:00,000,0,8637617857,21/11/2025 10:30:00,000,2,8154,
21/11/2025 10:45:00,000,1,455557203,21/11/2025 10:45:00,000,2,8154,
21/11/2025 11:00:00,000,1,57099879,21/11/2025 11:00:00,000,2,8361,
21/11/2025 11:15:00,000,1,707888346,21/11/2025 11:15:00,000,2,8361,
21/11/2025 11:30:00,000,1,746169654,21/11/2025 11:30:00,000,2,8361,
21/11/2025 11:45:00,000,1,845306843,21/11/2025 11:45:00,000,2,8361,
21/11/2025 12:00:00,000,1,806391446,21/11/2025 12:00:00,000,2,7343,
21/11/2025 12:15:00,000,1,7966399,21/11/2025 12:15:00,000,2,7343,
21/11/2025 12:30:00,000,1,803159391,21/11/2025 12:30:00,000,2,7343,
21/11/2025 12:45:00,000,1,676685672,21/11/2025 12:45:00,000,2,7343,
21/11/2025 13:00:00,000,1,539155682,21/11/2025 13:00:00,000,2,4185,
21/11/2025 13:15:00,000,1,406871257,21/11/2025 13:15:00,000,2,4185,
21/11/2025 13:30:00,000,1,199919126,21/11/2025 13:30:00,000,2,4185,
21/11/2025 13:45:00,000,1,188688398,21/11/2025 13:45:00,000,2,4185,
21/11/2025 14:00:00,000,1,214377182,21/11/2025 14:00:00,000,2,2729,
21/11/2025 14:15:00,000,1,249169541,21/11/2025 14:15:00,000,2,2729,
21/11/2025 14:30:00,000,1,322845683,21/11/2025 14:30:00,000,2,2729,
21/11/2025 14:45:00,000,1,303181514,21/11/2025 14:45:00,000,2,2729,
21/11/2025 15:00:00,000,1,335639386,21/11/2025 15:00:00,000,2,2354,
21/11/2025 15:15:00,000,1,299715663,21/11/2025 15:15:00,000,2,2354,
21/11/2025 15:30:00,000,1,345632322,21/11/2025 15:30:00,000,2,2354,
21/11/2025 15:45:00,000,1,285014757,21/11/2025 15:45:00,000,2,2354,
21/11/2025 16:00:00,000,1,27829812,21/11/2025 16:00:00,000,2,0789,
21/11/2025 16:15:00,000,1,284785504,21/11/2025 16:15:00,000,2,0789,
21/11/2025 16:30:00,000,1,285168322,21/11/2025 16:30:00,000,2,0789,
21/11/2025 16:45:00,000,1,317223107,21/11/2025 16:45:00,000,2,0789,
21/11/2025 17:00:00,000,1,359313023,21/11/2025 17:00:00,000,1,8356,
21/11/2025 17:15:00,000,1,347888353,21/11/2025 17:15:00,000,1,8356,
21/11/2025 17:30:00,000,1,321689127,21/11/2025 17:30:00,000,1,8356,
21/11/2025 17:45:00,000,1,258320309,21/11/2025 17:45:00,000,1,8356,
21/11/2025 18:00:00,000,1,228629527,21/11/2025 18:00:00,000,1,6948,
21/11/2025 18:15:00,000,1,197931611,21/11/2025 18:15:00,000,1,6948,
21/11/2025 18:30:00,000,1,217486504,21/11/2025 18:30:00,000,1,6948,
21/11/2025 18:45:00,000,1,109236103,21/11/2025 18:45:00,000,1,6948,
21/11/2025 19:00:00,000,1,008758308,21/11/2025 19:00:00,000,1,4089,
21/11/2025 19:15:00,000,0,9469099614,21/11/2025 19:15:00,000,1,4089,
21/11/2025 19:30:00,000,0,8285543608,21/11/2025 19:30:00,000,1,4089,
21/11/2025 19:45:00,000,0,7493812145,21/11/2025 19:45:00,000,1,4089,
21/11/2025 20:00:00,000,0,629964747,21/11/2025 20:00:00,000,1,0768,
21/11/2025 20:15:00,000,0,5051012838,21/11/2025 20:15:00,000,1,0768,
21/11/2025 20:30:00,000,0,3637771734,21/11/2025 20:30:00,000,1,0768,
21/11/2025 20:45:00,000,0,2289618504,21/11/2025 20:45:00,000,1,0768,
21/11/2025 21:00:00,000,0,0807973582,21/11/2025 21:00:00,000,0,882,
21/11/2025 21:15:00,000,-0,061140336,21/11/2025 21:15:00,000,0,882,
21/11/2025 21:30:00,000,-0,206002385,21/11/2025 21:30:00,000,0,882,
21/11/2025 21:45:00,000,-0,360293443,21/11/2025 21:45:00,000,0,882,
21/11/2025 22:00:00,000,-0,511296605,21/11/2025 22:00:00,000,0,8117,
21/11/2025 22:15:00,000,-0,658508713,21/11/2025 22:15:00,000,0,8117,
21/11/2025 22:30:00,000,-0,774419072,21/11/2025 22:30:00,000,0,8117,
21/11/2025 22:45:00,000,-0,917359952,21/11/2025 22:45:00,000,0,8117,
21/11/2025 23:00:00,000,-0,993481943,21/11/2025 23:00:00,000,0,6532,
21/11/2025 23:15:00,000,-1,12895423,21/11/2025 23:15:00,000,0,6532,
21/11/2025 23:30:00,000,-1,23169871,21/11/2025 23:30:00,000,0,6532,
21/11/2025 23:45:00,000,-1,25607956,21/11/2025 23:45:00,000,0,6532,
22/11/2025 00:00:00,000,-1,25029842,22/11/2025 00:00:00,000,0,5511,
22/11/2025 00:15:00,000,-1,2543434,22/11/2025 00:15:00,000,0,5511,
22/11/2025 00:30:00,000,-1,22069633,22/11/2025 00:30:00,000,0,5511,
22/11/2025 00:45:00,000,-1,15389337,22/11/2025 00:45:00,000,0,5511,
22/11/2025 01:00:00,000,-1,11168506,22/11/2025 01:00:00,000,0,5986,
22/11/2025 01:15:00,000,-1,09313648,22/11/2025 01:15:00,000,0,5986,
22/11/2025 01:30:00,000,-1,03860456,22/11/2025 01:30:00,000,0,5986,
22/11/2025 01:45:00,000,-1,08591161,22/11/2025 01:45:00,000,0,5986,
22/11/2025 02:00:00,000,-1,08188522,22/11/2025 02:00:00,000,0,7189,
22/11/2025 02:15:00,000,-1,15670607,22/11/2025 02:15:00,000,0,7189,
22/11/2025 02:30:00,000,-1,18738533,22/11/2025 02:30:00,000,0,7189,
22/11/2025 02:45:00,000,-1,17833918,22/11/2025 02:45:00,000,0,7189,
22/11/2025 03:00:00,000,-1,12406136,22/11/2025 03:00:00,000,0,9014,
22/11/2025 03:15:00,000,-1,08365296,22/11/2025 03:15:00,000,0,9014,
22/11/2025 03:30:00,000,-1,05620954,22/11/2025 03:30:00,000,0,9014,
22/11/2025 03:45:00,000,-1,01937971,22/11/2025 03:45:00,000,0,9014,
22/11/2025 04:00:00,000,-1,04193576,22/11/2025 04:00:00,000,0,96,
22/11/2025 04:15:00,000,-1,05985756,22/11/2025 04:15:00,000,0,96,
22/11/2025 04:30:00,000,-1,13825555,22/11/2025 04:30:00,000,0,96,
22/11/2025 04:45:00,000,-1,00090712,22/11/2025 04:45:00,000,0,96,
22/11/2025 05:00:00,000,-1,05896412,22/11/2025 05:00:00,000,0,8225,
22/11/2025 05:15:00,000,-1,089909,22/11/2025 05:15:00,000,0,8225,
22/11/2025 05:30:00,000,-1,18348183,22/11/2025 05:30:00,000,0,8225,
22/11/2025 05:45:00,000,-1,27912983,22/11/2025 05:45:00,000,0,8225,
22/11/2025 06:00:00,000,-1,35509175,22/11/2025 06:00:00,000,0,787,
22/11/2025 06:15:00,000,-1,45919018,22/11/2025 06:15:00,000,0,787,
22/11/2025 06:30:00,000,-1,54761257,22/11/2025 06:30:00,000,0,787,
22/11/2025 06:45:00,000,-1,62174368,22/11/2025 06:45:00,000,0,787,
22/11/2025 07:00:00,000,-1,68699406,22/11/2025 07:00:00,000,0,803,
22/11/2025 07:15:00,000,-1,76004773,22/11/2025 07:15:00,000,0,803,
22/11/2025 07:30:00,000,-1,76862508,22/11/2025 07:30:00,000,0,803,
22/11/2025 07:45:00,000,-1,75136298,22/11/2025 07:45:00,000,0,803,
22/11/2025 08:00:00,000,-1,7047988,22/11/2025 08:00:00,000,0,9558,
22/11/2025 08:15:00,000,-1,61795341,22/11/2025 08:15:00,000,0,9558,
22/11/2025 08:30:00,000,-1,46980301,22/11/2025 08:30:00,000,0,9558,
22/11/2025 08:45:00,000,-1,12077322,22/11/2025 08:45:00,000,0,9558,
22/11/2025 09:00:00,000,-0,794212828,22/11/2025 09:00:00,000,1,2772,
22/11/2025 09:15:00,000,-0,455293328,22/11/2025 09:15:00,000,1,2772,
22/11/2025 09:30:00,000,-0,150300149,22/11/2025 09:30:00,000,1,2772,
22/11/2025 09:45:00,000,0,0301292757,22/11/2025 09:45:00,000,1,2772,
22/11/2025 10:00:00,000,0,1905685862,22/11/2025 10:00:00,000,1,6613,
22/11/2025 10:15:00,000,0,325315462,22/11/2025 10:15:00,000,1,6613,
22/11/2025 10:30:00,000,0,4481080751,22/11/2025 10:30:00,000,1,6613,
22/11/2025 10:45:00,000,0,3895653337,22/11/2025 10:45:00,000,1,6613,
22/11/2025 11:00:00,000,0,5090941535,22/11/2025 11:00:00,000,1,8782,
22/11/2025 11:15:00,000,0,6054117711,22/11/2025 11:15:00,000,1,8782,
22/11/2025 11:30:00,000,0,6776084137,22/11/2025 11:30:00,000,1,8782,
22/11/2025 11:45:00,000,0,711204691,22/11/2025 11:45:00,000,1,8782,
22/11/2025 12:00:00,000,0,7497131851,22/11/2025 12:00:00,000,2,0474,
22/11/2025 12:15:00,000,0,7371323523,22/11/2025 12:15:00,000,2,0474,
22/11/2025 12:30:00,000,0,751143204,22/11/2025 12:30:00,000,2,0474,
22/11/2025 12:45:00,000,0,7287489135,22/11/2025 12:45:00,000,2,0474,
22/11/2025 13:00:00,000,0,704059523,22/11/2025 13:00:00,000,2,0916,
22/11/2025 13:15:00,000,0,6914596998,22/11/2025 13:15:00,000,2,0916,
22/11/2025 13:30:00,000,0,6514522586,22/11/2025 13:30:00,000,2,0916,
22/11/2025 13:45:00,000,0,7383445741,22/11/2025 13:45:00,000,2,0916,
22/11/2025 14:00:00,000,0,7793283633,22/11/2025 14:00:00,000,2,0103,
22/11/2025 14:15:00,000,0,8356368326,22/11/2025 14:15:00,000,2,0103,
22/11/2025 14:30:00,000,0,8199471211,22/11/2025 14:30:00,000,2,0103,
22/11/2025 14:45:00,000,0,7976522386,22/11/2025 14:45:00,000,2,0103,
22/11/2025 15:00:00,000,0,7840076073,22/11/2025 15:00:00,000,1,7541,
22/11/2025 15:15:00,000,0,7743902405,22/11/2025 15:15:00,000,1,7541,
22/11/2025 15:30:00,000,0,7323690133,22/11/2025 15:30:00,000,1,7541,
22/11/2025 15:45:00,000,0,6815966824,22/11/2025 15:45:00,000,1,7541,
22/11/2025 16:00:00,000,0,6503338594,22/11/2025 16:00:00,000,1,5971,
22/11/2025 16:15:00,000,0,6339334269,22/11/2025 16:15:00,000,1,5971,
22/11/2025 16:30:00,000,0,6402578695,22/11/2025 16:30:00,000,1,5971,
22/11/2025 16:45:00,000,0,4685911291,22/11/2025 16:45:00,000,1,5971,
22/11/2025 17:00:00,000,0,4924338093,22/11/2025 17:00:00,000,1,6281,
22/11/2025 17:15:00,000,0,5163100953,22/11/2025 17:15:00,000,1,6281,
22/11/2025 17:30:00,000,0,5242071131,22/11/2025 17:30:00,000,1,6281,
22/11/2025 17:45:00,000,0,5394319794,22/11/2025 17:45:00,000,1,6281,
22/11/2025 18:00:00,000,0,5233177169,22/11/2025 18:00:00,000,1,5138,
22/11/2025 18:15:00,000,0,5401834329,22/11/2025 18:15:00,000,1,5138,
22/11/2025 18:30:00,000,0,538973637,22/11/2025 18:30:00,000,1,5138,
22/11/2025 18:45:00,000,0,4447293958,22/11/2025 18:45:00,000,1,5138,
22/11/2025 19:00:00,000,0,3630205524,22/11/2025 19:00:00,000,1,0298,
22/11/2025 19:15:00,000,0,2719235506,22/11/2025 19:15:00,000,1,0298,
22/11/2025 19:30:00,000,0,1786554864,22/11/2025 19:30:00,000,1,0298,
22/11/2025 19:45:00,000,0,0787890763,22/11/2025 19:45:00,000,1,0298,
22/11/2025 20:00:00,000,-0,019812564,22/11/2025 20:00:00,000,0,3544,
22/11/2025 20:15:00,000,-0,130912501,22/11/2025 20:15:00,000,0,3544,
22/11/2025 20:30:00,000,-0,234192418,22/11/2025 20:30:00,000,0,3544,
22/11/2025 20:45:00,000,-0,27909682,22/11/2025 20:45:00,000,0,3544,
22/11/2025 21:00:00,000,-0,334091606,22/11/2025 21:00:00,000,(invalid),
22/11/2025 21:15:00,000,-0,368981367,22/11/2025 21:15:00,000,(invalid),
22/11/2025 21:30:00,000,-0,404501462,22/11/2025 21:30:00,000,(invalid),
22/11/2025 21:45:00,000,-0,538930271,22/11/2025 21:45:00,000,(invalid),
22/11/2025 22:00:00,000,-0,706598341,22/11/2025 22:00:00,000,-0,3044,
22/11/2025 22:15:00,000,-0,904643087,22/11/2025 22:15:00,000,-0,3044,
22/11/2025 22:30:00,000,-1,09407831,22/11/2025 22:30:00,000,-0,3044,
22/11/2025 22:45:00,000,-1,28854574,22/11/2025 22:45:00,000,-0,3044,
22/11/2025 23:00:00,000,-1,32622332,22/11/2025 23:00:00,000,-0,5927,
22/11/2025 23:15:00,000,-1,32183375,22/11/2025 23:15:00,000,-0,5927,
22/11/2025 23:30:00,000,-1,32608982,22/11/2025 23:30:00,000,-0,5927,
22/11/2025 23:45:00,000,-1,31632603,22/11/2025 23:45:00,000,-0,5927,
23/11/2025 00:00:00,000,-1,31102417,23/11/2025 00:00:00,000,-0,6769,
23/11/2025 00:15:00,000,-1,32931992,23/11/2025 00:15:00,000,-0,6769,
23/11/2025 00:30:00,000,-1,38480323,23/11/2025 00:30:00,000,-0,6769,
23/11/2025 00:45:00,000,-1,45697193,23/11/2025 00:45:00,000,-0,6769,
23/11/2025 01:00:00,000,-1,59676346,23/11/2025 01:00:00,000,-0,7596,
23/11/2025 01:15:00,000,-1,64085929,23/11/2025 01:15:00,000,-0,7596,
23/11/2025 01:30:00,000,-1,74236171,23/11/2025 01:30:00,000,-0,7596,
23/11/2025 01:45:00,000,-1,82466693,23/11/2025 01:45:00,000,-0,7596,
23/11/2025 02:00:00,000,-1,84605678,23/11/2025 02:00:00,000,-0,7924,
23/11/2025 02:15:00,000,-1,86556829,23/11/2025 02:15:00,000,-0,7924,
23/11/2025 02:30:00,000,-1,93379907,23/11/2025 02:30:00,000,-0,7924,
23/11/2025 02:45:00,000,-1,9432773,23/11/2025 02:45:00,000,-0,7924,
23/11/2025 03:00:00,000,-1,954436,23/11/2025 03:00:00,000,-0,7082,
23/11/2025 03:15:00,000,-1,98181934,23/11/2025 03:15:00,000,-0,7082,
23/11/2025 03:30:00,000,-2,03944157,23/11/2025 03:30:00,000,-0,7082,
23/11/2025 03:45:00,000,-2,09886065,23/11/2025 03:45:00,000,-0,7082,
23/11/2025 04:00:00,000,-2,17061149,23/11/2025 04:00:00,000,-0,7462,
23/11/2025 04:15:00,000,-2,21271839,23/11/2025 04:15:00,000,-0,7462,
23/11/2025 04:30:00,000,-2,20660652,23/11/2025 04:30:00,000,-0,7462,
23/11/2025 04:45:00,000,-2,29110689,23/11/2025 04:45:00,000,-0,7462,
23/11/2025 05:00:00,000,-2,33081199,23/11/2025 05:00:00,000,-0,8353,
23/11/2025 05:15:00,000,-2,39583505,23/11/2025 05:15:00,000,-0,8353,
23/11/2025 05:30:00,000,-2,46689577,23/11/2025 05:30:00,000,-0,8353,
23/11/2025 05:45:00,000,-2,55861389,23/11/2025 05:45:00,000,-0,8353,
23/11/2025 06:00:00,000,-2,75573028,23/11/2025 06:00:00,000,-0,8835,
23/11/2025 06:15:00,000,-2,79979953,23/11/2025 06:15:00,000,-0,8835,
23/11/2025 06:30:00,000,-2,84307375,23/11/2025 06:30:00,000,-0,8835,
23/11/2025 06:45:00,000,-2,84882577,23/11/2025 06:45:00,000,-0,8835,
23/11/2025 07:00:00,000,-2,90038463,23/11/2025 07:00:00,000,-0,9648,
23/11/2025 07:15:00,000,-2,81660217,23/11/2025 07:15:00,000,-0,9648,
23/11/2025 07:30:00,000,-2,77908556,23/11/2025 07:30:00,000,-0,9648,
23/11/2025 07:45:00,000,-2,7336094,23/11/2025 07:45:00,000,-0,9648,
23/11/2025 08:00:00,000,-2,77666744,23/11/2025 08:00:00,000,-0,8601,
23/11/2025 08:15:00,000,-2,64760469,23/11/2025 08:15:00,000,-0,8601,
23/11/2025 08:30:00,000,-2,56892391,23/11/2025 08:30:00,000,-0,8601,
23/11/2025 08:45:00,000,-2,3935693,23/11/2025 08:45:00,000,-0,8601,
23/11/2025 09:00:00,000,-2,15742072,23/11/2025 09:00:00,000,-0,6476,
23/11/2025 09:15:00,000,-1,90409988,23/11/2025 09:15:00,000,-0,6476,
23/11/2025 09:30:00,000,-1,65124662,23/11/2025 09:30:00,000,-0,6476,
23/11/2025 09:45:00,000,-1,49463776,23/11/2025 09:45:00,000,-0,6476,
23/11/2025 10:00:00,000,-1,3463288,23/11/2025 10:00:00,000,-0,3129,
23/11/2025 10:15:00,000,-1,22503791,23/11/2025 10:15:00,000,-0,3129,
23/11/2025 10:30:00,000,-1,09891749,23/11/2025 10:30:00,000,-0,3129,
23/11/2025 10:45:00,000,-0,991709352,23/11/2025 10:45:00,000,-0,3129,
23/11/2025 11:00:00,000,-0,890872446,23/11/2025 11:00:00,000,0,1109,
23/11/2025 11:15:00,000,-0,795732211,23/11/2025 11:15:00,000,0,1109,
23/11/2025 11:30:00,000,-0,706111125,23/11/2025 11:30:00,000,0,1109,
23/11/2025 11:45:00,000,-0,698920601,23/11/2025 11:45:00,000,0,1109,
23/11/2025 12:00:00,000,-0,644857222,23/11/2025 12:00:00,000,0,4061,
23/11/2025 12:15:00,000,-0,626164431,23/11/2025 12:15:00,000,0,4061,
23/11/2025 12:30:00,000,-0,603363124,23/11/2025 12:30:00,000,0,4061,
23/11/2025 12:45:00,000,-0,598828635,23/11/2025 12:45:00,000,0,4061,
23/11/2025 13:00:00,000,-0,619987075,23/11/2025 13:00:00,000,0,512,
23/11/2025 13:15:00,000,-0,636306693,23/11/2025 13:15:00,000,0,512,
23/11/2025 13:30:00,000,-0,680506718,23/11/2025 13:30:00,000,0,512,
23/11/2025 13:45:00,000,-0,540949012,23/11/2025 13:45:00,000,0,512,
23/11/2025 14:00:00,000,-0,399724237,23/11/2025 14:00:00,000,0,2346,
23/11/2025 14:15:00,000,-0,2490762,23/11/2025 14:15:00,000,0,2346,
23/11/2025 14:30:00,000,-0,141644863,23/11/2025 14:30:00,000,0,2346,
23/11/2025 14:45:00,000,-0,183130017,23/11/2025 14:45:00,000,0,2346,
23/11/2025 15:00:00,000,-0,353579361,23/11/2025 15:00:00,000,-0,1191,
23/11/2025 15:15:00,000,-0,690696832,23/11/2025 15:15:00,000,-0,1191,
23/11/2025 15:30:00,000,-1,07435002,23/11/2025 15:30:00,000,-0,1191,
23/11/2025 15:45:00,000,-1,4970892,23/11/2025 15:45:00,000,-0,1191,
23/11/2025 16:00:00,000,-1,83901459,23/11/2025 16:00:00,000,-0,4645,
23/11/2025 16:15:00,000,-2,06612634,23/11/2025 16:15:00,000,-0,4645,
23/11/2025 16:30:00,000,-2,28740946,23/11/2025 16:30:00,000,-0,4645,
23/11/2025 16:45:00,000,-2,49232611,23/11/2025 16:45:00,000,-0,4645,
23/11/2025 17:00:00,000,-2,54898933,23/11/2025 17:00:00,000,-0,8059,
23/11/2025 17:15:00,000,-2,54014231,23/11/2025 17:15:00,000,-0,8059,
23/11/2025 17:30:00,000,-2,54507016,23/11/2025 17:30:00,000,-0,8059,
23/11/2025 17:45:00,000,-2,57742973,23/11/2025 17:45:00,000,-0,8059,
23/11/2025 18:00:00,000,-2,62551349,23/11/2025 18:00:00,000,-1,04,
23/11/2025 18:15:00,000,-2,66555489,23/11/2025 18:15:00,000,-1,04,
23/11/2025 18:30:00,000,-2,69932735,23/11/2025 18:30:00,000,-1,04,
23/11/2025 18:45:00,000,-2,72704153,23/11/2025 18:45:00,000,-1,04,
23/11/2025 19:00:00,000,-2,84457224,23/11/2025 19:00:00,000,-1,8512,
23/11/2025 19:15:00,000,-2,86490303,23/11/2025 19:15:00,000,-1,8512,
23/11/2025 19:30:00,000,-2,95547558,23/11/2025 19:30:00,000,-1,8512,
23/11/2025 19:45:00,000,-3,10518288,23/11/2025 19:45:00,000,-1,8512,
23/11/2025 20:00:00,000,-3,16510359,23/11/2025 20:00:00,000,-2,6773,
23/11/2025 20:15:00,000,-3,33357991,23/11/2025 20:15:00,000,-2,6773,
23/11/2025 20:30:00,000,-3,39469482,23/11/2025 20:30:00,000,-2,6773,
23/11/2025 20:45:00,000,-3,54282546,23/11/2025 20:45:00,000,-2,6773,
23/11/2025 21:00:00,000,-3,61892782,23/11/2025 21:00:00,000,-3,0669,
23/11/2025 21:15:00,000,-3,62702775,23/11/2025 21:15:00,000,-3,0669,
23/11/2025 21:30:00,000,-3,70882881,23/11/2025 21:30:00,000,-3,0669,
23/11/2025 21:45:00,000,-3,87481009,23/11/2025 21:45:00,000,-3,0669,
23/11/2025 22:00:00,000,-4,14065308,23/11/2025 22:00:00,000,-3,5821,
23/11/2025 22:15:00,000,-4,13769198,23/11/2025 22:15:00,000,-3,5821,
23/11/2025 22:30:00,000,-4,41497201,23/11/2025 22:30:00,000,-3,5821,
23/11/2025 22:45:00,000,-4,38260742,23/11/2025 22:45:00,000,-3,5821,
23/11/2025 23:00:00,000,-4,43035158,23/11/2025 23:00:00,000,-3,6695,
23/11/2025 23:15:00,000,-4,49292982,23/11/2025 23:15:00,000,-3,6695,
23/11/2025 23:30:00,000,-4,47103918,23/11/2025 23:30:00,000,-3,6695,
23/11/2025 23:45:00,000,-4,60438637,23/11/2025 23:45:00,000,-3,6695,
24/11/2025 00:00:00,000,-4,5423329,24/11/2025 00:00:00,000,-3,6169,
24/11/2025 00:15:00,000,-4,47664145,24/11/2025 00:15:00,000,-3,6169,
24/11/2025 00:30:00,000,-4,48870474,24/11/2025 00:30:00,000,-3,6169,
24/11/2025 00:45:00,000,-4,44060848,24/11/2025 00:45:00,000,-3,6169,
24/11/2025 01:00:00,000,-4,37554865,24/11/2025 01:00:00,000,-3,6594,
24/11/2025 01:15:00,000,-4,3445973,24/11/2025 01:15:00,000,-3,6594,
24/11/2025 01:30:00,000,-4,25588924,24/11/2025 01:30:00,000,-3,6594,
24/11/2025 01:45:00,000,-4,18668799,24/11/2025 01:45:00,000,-3,6594,
24/11/2025 02:00:00,000,-4,17030844,24/11/2025 02:00:00,000,-3,7417,
24/11/2025 02:15:00,000,-4,24308255,24/11/2025 02:15:00,000,-3,7417,
24/11/2025 02:30:00,000,-4,15029147,24/11/2025 02:30:00,000,-3,7417,
24/11/2025 02:45:00,000,-4,10921491,24/11/2025 02:45:00,000,-3,7417,
24/11/2025 03:00:00,000,-3,96502884,24/11/2025 03:00:00,000,-3,7884,
24/11/2025 03:15:00,000,-3,93437682,24/11/2025 03:15:00,000,-3,7884,
24/11/2025 03:30:00,000,-3,9467263,24/11/2025 03:30:00,000,-3,7884,
24/11/2025 03:45:00,000,-4,07707919,24/11/2025 03:45:00,000,-3,7884,
24/11/2025 04:00:00,000,-4,05060171,24/11/2025 04:00:00,000,-3,4303,
24/11/2025 04:15:00,000,-3,9651232,24/11/2025 04:15:00,000,-3,4303,
24/11/2025 04:30:00,000,-3,854299,24/11/2025 04:30:00,000,-3,4303,
24/11/2025 04:45:00,000,-4,21126208,24/11/2025 04:45:00,000,-3,4303,
24/11/2025 05:00:00,000,-4,12756282,24/11/2025 05:00:00,000,-3,2057,
24/11/2025 05:15:00,000,-3,97623203,24/11/2025 05:15:00,000,-3,2057,
24/11/2025 05:30:00,000,-3,96965125,24/11/2025 05:30:00,000,-3,2057,
24/11/2025 05:45:00,000,-3,94091958,24/11/2025 05:45:00,000,-3,2057,
24/11/2025 06:00:00,000,-3,93176412,24/11/2025 06:00:00,000,-2,8308,
24/11/2025 06:15:00,000,-3,96092991,24/11/2025 06:15:00,000,-2,8308,
24/11/2025 06:30:00,000,-3,90002323,24/11/2025 06:30:00,000,-2,8308,
24/11/2025 06:45:00,000,-3,79716968,24/11/2025 06:45:00,000,-2,8308,
24/11/2025 07:00:00,000,-3,79996561,24/11/2025 07:00:00,000,-2,3396,
24/11/2025 07:15:00,000,-3,63667793,24/11/2025 07:15:00,000,-2,3396,
24/11/2025 07:30:00,000,-3,46629576,24/11/2025 07:30:00,000,-2,3396,
24/11/2025 07:45:00,000,-3,3985547,24/11/2025 07:45:00,000,-2,3396,
24/11/2025 08:00:00,000,-3,1530865,24/11/2025 08:00:00,000,-1,8513,
24/11/2025 08:15:00,000,-3,05122643,24/11/2025 08:15:00,000,-1,8513,
24/11/2025 08:30:00,000,-2,92085765,24/11/2025 08:30:00,000,-1,8513,
24/11/2025 08:45:00,000,-2,52408179,24/11/2025 08:45:00,000,-1,8513,
24/11/2025 09:00:00,000,-2,13762634,24/11/2025 09:00:00,000,-1,1188,
24/11/2025 09:15:00,000,-1,79551616,24/11/2025 09:15:00,000,-1,1188,
24/11/2025 09:30:00,000,-1,43900961,24/11/2025 09:30:00,000,-1,1188,
24/11/2025 09:45:00,000,-1,09060123,24/11/2025 09:45:00,000,-1,1188,
24/11/2025 10:00:00,000,-0,802738059,24/11/2025 10:00:00,000,-0,411,
24/11/2025 10:15:00,000,-0,509458518,24/11/2025 10:15:00,000,-0,411,
24/11/2025 10:30:00,000,-0,238878234,24/11/2025 10:30:00,000,-0,411,
24/11/2025 10:45:00,000,-0,262625224,24/11/2025 10:45:00,000,-0,411,
24/11/2025 11:00:00,000,-0,040280523,24/11/2025 11:00:00,000,0,0197,
24/11/2025 11:15:00,000,0,1409805531,24/11/2025 11:15:00,000,0,0197,
24/11/2025 11:30:00,000,0,2936619942,24/11/2025 11:30:00,000,0,0197,
24/11/2025 11:45:00,000,0,3664120858,24/11/2025 11:45:00,000,0,0197,
24/11/2025 12:00:00,000,0,4000062519,24/11/2025 12:00:00,000,0,2018,
24/11/2025 12:15:00,000,0,3921937162,24/11/2025 12:15:00,000,0,2018,
24/11/2025 12:30:00,000,0,363957837,24/11/2025 12:30:00,000,0,2018,
24/11/2025 12:45:00,000,0,3331288001,24/11/2025 12:45:00,000,0,2018,
24/11/2025 13:00:00,000,0,3091136776,24/11/2025 13:00:00,000,0,4051,
24/11/2025 13:15:00,000,0,3182706621,24/11/2025 13:15:00,000,0,4051,
24/11/2025 13:30:00,000,0,3286777067,24/11/2025 13:30:00,000,0,4051,
24/11/2025 13:45:00,000,0,437348541,24/11/2025 13:45:00,000,0,4051,
24/11/2025 14:00:00,000,0,5222397042,24/11/2025 14:00:00,000,0,5902,
24/11/2025 14:15:00,000,0,6106531534,24/11/2025 14:15:00,000,0,5902,
24/11/2025 14:30:00,000,0,6573338573,24/11/2025 14:30:00,000,0,5902,
24/11/2025 14:45:00,000,0,7405077487,24/11/2025 14:45:00,000,0,5902,
24/11/2025 15:00:00,000,0,8204053399,24/11/2025 15:00:00,000,0,5256,
24/11/2025 15:15:00,000,0,8808933681,24/11/2025 15:15:00,000,0,5256,
24/11/2025 15:30:00,000,0,9835196522,24/11/2025 15:30:00,000,0,5256,
24/11/2025 15:45:00,000,1,098223095,24/11/2025 15:45:00,000,0,5256,
24/11/2025 16:00:00,000,1,173947543,24/11/2025 16:00:00,000,0,5648,
24/11/2025 16:15:00,000,1,216080133,24/11/2025 16:15:00,000,0,5648,
24/11/2025 16:30:00,000,1,339284844,24/11/2025 16:30:00,000,0,5648,
24/11/2025 16:45:00,000,1,677865911,24/11/2025 16:45:00,000,0,5648,
24/11/2025 17:00:00,000,1,848147628,24/11/2025 17:00:00,000,0,8094,
24/11/2025 17:15:00,000,2,068612963,24/11/2025 17:15:00,000,0,8094,
24/11/2025 17:30:00,000,2,29115936,24/11/2025 17:30:00,000,0,8094,
24/11/2025 17:45:00,000,2,417804096,24/11/2025 17:45:00,000,0,8094,
24/11/2025 18:00:00,000,2,490590143,24/11/2025 18:00:00,000,0,9191,
24/11/2025 18:15:00,000,2,450165038,24/11/2025 18:15:00,000,0,9191,
24/11/2025 18:30:00,000,2,558626077,24/11/2025 18:30:00,000,0,9191,
24/11/2025 18:45:00,000,2,482136457,24/11/2025 18:45:00,000,0,9191,
24/11/2025 19:00:00,000,2,471928874,24/11/2025 19:00:00,000,1,1043,
24/11/2025 19:15:00,000,2,430103989,24/11/2025 19:15:00,000,1,1043,
24/11/2025 19:30:00,000,2,442644348,24/11/2025 19:30:00,000,1,1043,
24/11/2025 19:45:00,000,2,363251189,24/11/2025 19:45:00,000,1,1043,
24/11/2025 20:00:00,000,2,378463445,24/11/2025 20:00:00,000,1,3047,
24/11/2025 20:15:00,000,2,334188442,24/11/2025 20:15:00,000,1,3047,
24/11/2025 20:30:00,000,2,272492881,24/11/2025 20:30:00,000,1,3047,
24/11/2025 20:45:00,000,2,249366467,24/11/2025 20:45:00,000,1,3047,
24/11/2025 21:00:00,000,2,249317587,24/11/2025 21:00:00,000,1,2439,
24/11/2025 21:15:00,000,2,228934264,24/11/2025 21:15:00,000,1,2439,
24/11/2025 21:30:00,000,2,162639284,24/11/2025 21:30:00,000,1,2439,
24/11/2025 21:45:00,000,2,094577441,24/11/2025 21:45:00,000,1,2439,
24/11/2025 22:00:00,000,1,967367272,24/11/2025 22:00:00,000,1,2264,
24/11/2025 22:15:00,000,1,874380317,24/11/2025 22:15:00,000,1,2264,
24/11/2025 22:30:00,000,1,858686349,24/11/2025 22:30:00,000,1,2264,
24/11/2025 22:45:00,000,1,933049367,24/11/2025 22:45:00,000,1,2264,
24/11/2025 23:00:00,000,1,924160281,24/11/2025 23:00:00,000,1,3183,
24/11/2025 23:15:00,000,1,922943561,24/11/2025 23:15:00,000,1,3183,
24/11/2025 23:30:00,000,1,926961806,24/11/2025 23:30:00,000,1,3183,
24/11/2025 23:45:00,000,1,9489615,24/11/2025 23:45:00,000,1,3183,
25/11/2025 00:00:00,000,1,873910538,25/11/2025 00:00:00,000,1,3887,
25/11/2025 00:15:00,000,1,856713669,25/11/2025 00:15:00,000,1,3887,
25/11/2025 00:30:00,000,1,861599922,25/11/2025 00:30:00,000,1,3887,
25/11/2025 00:45:00,000,1,950878816,25/11/2025 00:45:00,000,1,3887,
25/11/2025 01:00:00,000,2,103978468,25/11/2025 01:00:00,000,1,579,
25/11/2025 01:15:00,000,2,259803467,25/11/2025 01:15:00,000,1,579,
25/11/2025 01:30:00,000,2,379301418,25/11/2025 01:30:00,000,1,579,
25/11/2025 01:45:00,000,2,414823629,25/11/2025 01:45:00,000,1,579,
25/11/2025 02:00:00,000,2,441019377,25/11/2025 02:00:00,000,1,997,
25/11/2025 02:15:00,000,2,440942771,25/11/2025 02:15:00,000,1,997,
25/11/2025 02:30:00,000,2,380052579,25/11/2025 02:30:00,000,1,997,
25/11/2025 02:45:00,000,2,404247566,25/11/2025 02:45:00,000,1,997,
25/11/2025 03:00:00,000,2,418528574,25/11/2025 03:00:00,000,2,201,
25/11/2025 03:15:00,000,2,430199985,25/11/2025 03:15:00,000,2,201,
25/11/2025 03:30:00,000,2,363361849,25/11/2025 03:30:00,000,2,201,
25/11/2025 03:45:00,000,2,368452759,25/11/2025 03:45:00,000,2,201,
25/11/2025 04:00:00,000,2,409451541,25/11/2025 04:00:00,000,2,3478,
25/11/2025 04:15:00,000,2,338388487,25/11/2025 04:15:00,000,2,3478,
25/11/2025 04:30:00,000,2,317384558,25/11/2025 04:30:00,000,2,3478,
25/11/2025 04:45:00,000,2,514394453,25/11/2025 04:45:00,000,2,3478,
25/11/2025 05:00:00,000,2,480941844,25/11/2025 05:00:00,000,2,5234,
25/11/2025 05:15:00,000,2,515728007,25/11/2025 05:15:00,000,2,5234,
25/11/2025 05:30:00,000,2,463209039,25/11/2025 05:30:00,000,2,5234,
25/11/2025 05:45:00,000,2,435529916,25/11/2025 05:45:00,000,2,5234,
25/11/2025 06:00:00,000,2,465208124,25/11/2025 06:00:00,000,2,7189,
25/11/2025 06:15:00,000,2,334152093,25/11/2025 06:15:00,000,2,7189,
25/11/2025 06:30:00,000,2,272277774,25/11/2025 06:30:00,000,2,7189,
25/11/2025 06:45:00,000,2,249112201,25/11/2025 06:45:00,000,2,7189,
25/11/2025 07:00:00,000,2,130819894,25/11/2025 07:00:00,000,2,8982,
25/11/2025 07:15:00,000,1,994144516,25/11/2025 07:15:00,000,2,8982,
25/11/2025 07:30:00,000,1,870647264,25/11/2025 07:30:00,000,2,8982,
25/11/2025 07:45:00,000,1,661002963,25/11/2025 07:45:00,000,2,8982,
25/11/2025 08:00:00,000,1,479373148,25/11/2025 08:00:00,000,3,1219,
25/11/2025 08:15:00,000,1,319283706,25/11/2025 08:15:00,000,3,1219,
25/11/2025 08:30:00,000,1,190340062,25/11/2025 08:30:00,000,3,1219,
25/11/2025 08:45:00,000,1,183937638,25/11/2025 08:45:00,000,3,1219,
25/11/2025 09:00:00,000,1,203408188,25/11/2025 09:00:00,000,3,3254,
25/11/2025 09:15:00,000,1,254220755,25/11/2025 09:15:00,000,3,3254,
25/11/2025 09:30:00,000,1,288112881,25/11/2025 09:30:00,000,3,3254,
25/11/2025 09:45:00,000,1,272110002,25/11/2025 09:45:00,000,3,3254,
25/11/2025 10:00:00,000,1,314850236,25/11/2025 10:00:00,000,3,4189,
25/11/2025 10:15:00,000,1,336336121,25/11/2025 10:15:00,000,3,4189,
25/11/2025 10:30:00,000,1,443995741,25/11/2025 10:30:00,000,3,4189,
25/11/2025 10:45:00,000,1,893785646,25/11/2025 10:45:00,000,3,4189,
25/11/2025 11:00:00,000,1,930832083,25/11/2025 11:00:00,000,3,7363,
25/11/2025 11:15:00,000,1,987809572,25/11/2025 11:15:00,000,3,7363,
25/11/2025 11:30:00,000,2,004479622,25/11/2025 11:30:00,000,3,7363,
25/11/2025 11:45:00,000,2,033279847,25/11/2025 11:45:00,000,3,7363,
25/11/2025 12:00:00,000,2,034976877,25/11/2025 12:00:00,000,3,8075,
25/11/2025 12:15:00,000,2,043357392,25/11/2025 12:15:00,000,3,8075,
25/11/2025 12:30:00,000,1,984282026,25/11/2025 12:30:00,000,3,8075,
25/11/2025 12:45:00,000,1,999070722,25/11/2025 12:45:00,000,3,8075,
25/11/2025 13:00:00,000,2,003449876,25/11/2025 13:00:00,000,3,6019,
25/11/2025 13:15:00,000,1,959387921,25/11/2025 13:15:00,000,3,6019,
25/11/2025 13:30:00,000,1,975923903,25/11/2025 13:30:00,000,3,6019,
25/11/2025 13:45:00,000,2,028830783,25/11/2025 13:45:00,000,3,6019,
25/11/2025 14:00:00,000,2,096209361,25/11/2025 14:00:00,000,3,6653,
25/11/2025 14:15:00,000,2,148896783,25/11/2025 14:15:00,000,3,6653,
25/11/2025 14:30:00,000,2,278233826,25/11/2025 14:30:00,000,3,6653,
25/11/2025 14:45:00,000,2,236988178,25/11/2025 14:45:00,000,3,6653,
25/11/2025 15:00:00,000,2,291918689,25/11/2025 15:00:00,000,3,4603,
25/11/2025 15:15:00,000,2,286276527,25/11/2025 15:15:00,000,3,4603,
25/11/2025 15:30:00,000,2,311244688,25/11/2025 15:30:00,000,3,4603,
25/11/2025 15:45:00,000,2,274338967,25/11/2025 15:45:00,000,3,4603,
25/11/2025 16:00:00,000,2,246417324,25/11/2025 16:00:00,000,3,224,
25/11/2025 16:15:00,000,2,183619217,25/11/2025 16:15:00,000,3,224,
25/11/2025 16:30:00,000,2,164943671,25/11/2025 16:30:00,000,3,224,
25/11/2025 16:45:00,000,2,540795621,25/11/2025 16:45:00,000,3,224,
25/11/2025 17:00:00,000,2,601480222,25/11/2025 17:00:00,000,3,1111,
25/11/2025 17:15:00,000,2,628665301,25/11/2025 17:15:00,000,3,1111,
25/11/2025 17:30:00,000,2,67454854,25/11/2025 17:30:00,000,3,1111,
25/11/2025 17:45:00,000,2,6899499,25/11/2025 17:45:00,000,3,1111,
25/11/2025 18:00:00,000,2,747829403,25/11/2025 18:00:00,000,3,2629,
25/11/2025 18:15:00,000,2,848462638,25/11/2025 18:15:00,000,3,2629,
25/11/2025 18:30:00,000,2,818909511,25/11/2025 18:30:00,000,3,2629,
25/11/2025 18:45:00,000,2,757150153,25/11/2025 18:45:00,000,3,2629,
25/11/2025 19:00:00,000,2,732148169,25/11/2025 19:00:00,000,3,1395,
25/11/2025 19:15:00,000,2,65243173,25/11/2025 19:15:00,000,3,1395,
25/11/2025 19:30:00,000,2,661456857,25/11/2025 19:30:00,000,3,1395,
25/11/2025 19:45:00,000,2,482738714,25/11/2025 19:45:00,000,3,1395,
25/11/2025 20:00:00,000,2,426912088,25/11/2025 20:00:00,000,2,9652,
25/11/2025 20:15:00,000,2,383736067,25/11/2025 20:15:00,000,2,9652,
25/11/2025 20:30:00,000,2,355074287,25/11/2025 20:30:00,000,2,9652,
25/11/2025 20:45:00,000,2,272637114,25/11/2025 20:45:00,000,2,9652,
25/11/2025 21:00:00,000,2,30370305,25/11/2025 21:00:00,000,2,6384,
25/11/2025 21:15:00,000,2,243624353,25/11/2025 21:15:00,000,2,6384,
25/11/2025 21:30:00,000,2,152644704,25/11/2025 21:30:00,000,2,6384,
25/11/2025 21:45:00,000,2,079945998,25/11/2025 21:45:00,000,2,6384,
25/11/2025 22:00:00,000,1,987237872,25/11/2025 22:00:00,000,2,5722,
25/11/2025 22:15:00,000,1,935678945,25/11/2025 22:15:00,000,2,5722,
25/11/2025 22:30:00,000,1,854913503,25/11/2025 22:30:00,000,2,5722,
25/11/2025 22:45:00,000,1,656738599,25/11/2025 22:45:00,000,2,5722,
25/11/2025 23:00:00,000,1,629119531,25/11/2025 23:00:00,000,2,7312,
25/11/2025 23:15:00,000,1,539391612,25/11/2025 23:15:00,000,2,7312,
25/11/2025 23:30:00,000,1,512069101,25/11/2025 23:30:00,000,2,7312,
25/11/2025 23:45:00,000,1,467664568,25/11/2025 23:45:00,000,2,7312,
26/11/2025 00:00:00,000,1,501082504,26/11/2025 00:00:00,000,2,9184,
26/11/2025 00:15:00,000,1,478744802,26/11/2025 00:15:00,000,2,9184,
26/11/2025 00:30:00,000,1,481417201,26/11/2025 00:30:00,000,2,9184,
26/11/2025 00:45:00,000,1,601960431,26/11/2025 00:45:00,000,2,9184,
26/11/2025 01:00:00,000,1,749890501,26/11/2025 01:00:00,000,2,9047,
26/11/2025 01:15:00,000,1,93558433,26/11/2025 01:15:00,000,2,9047,
26/11/2025 01:30:00,000,2,100436605,26/11/2025 01:30:00,000,2,9047,
26/11/2025 01:45:00,000,2,024408562,26/11/2025 01:45:00,000,2,9047,
26/11/2025 02:00:00,000,2,02692537,26/11/2025 02:00:00,000,2,9104,
26/11/2025 02:15:00,000,2,021132476,26/11/2025 02:15:00,000,2,9104,
26/11/2025 02:30:00,000,1,980749526,26/11/2025 02:30:00,000,2,9104,
26/11/2025 02:45:00,000,1,930638361,26/11/2025 02:45:00,000,2,9104,
26/11/2025 03:00:00,000,1,838731652,26/11/2025 03:00:00,000,3,1804,
26/11/2025 03:15:00,000,1,855556567,26/11/2025 03:15:00,000,3,1804,
26/11/2025 03:30:00,000,1,778349431,26/11/2025 03:30:00,000,3,1804,
26/11/2025 03:45:00,000,1,773914826,26/11/2025 03:45:00,000,3,1804,
26/11/2025 04:00:00,000,1,729568387,26/11/2025 04:00:00,000,3,0502,
26/11/2025 04:15:00,000,1,731057956,26/11/2025 04:15:00,000,3,0502,
26/11/2025 04:30:00,000,1,730491497,26/11/2025 04:30:00,000,3,0502,
26/11/2025 04:45:00,000,1,779043005,26/11/2025 04:45:00,000,3,0502,
26/11/2025 05:00:00,000,1,682508219,26/11/2025 05:00:00,000,3,0849,
26/11/2025 05:15:00,000,1,619069931,26/11/2025 05:15:00,000,3,0849,
26/11/2025 05:30:00,000,1,542499404,26/11/2025 05:30:00,000,3,0849,
26/11/2025 05:45:00,000,1,490817648,26/11/2025 05:45:00,000,3,0849,
26/11/2025 06:00:00,000,1,440374905,26/11/2025 06:00:00,000,3,0739,
26/11/2025 06:15:00,000,1,399886996,26/11/2025 06:15:00,000,3,0739,
26/11/2025 06:30:00,000,1,404554778,26/11/2025 06:30:00,000,3,0739,
26/11/2025 06:45:00,000,1,448312588,26/11/2025 06:45:00,000,3,0739,
26/11/2025 07:00:00,000,1,48419556,26/11/2025 07:00:00,000,3,0848,
26/11/2025 07:15:00,000,1,562430895,26/11/2025 07:15:00,000,3,0848,
26/11/2025 07:30:00,000,1,629797348,26/11/2025 07:30:00,000,3,0848,
26/11/2025 07:45:00,000,1,542985014,26/11/2025 07:45:00,000,3,0848,
26/11/2025 08:00:00,000,1,536799462,26/11/2025 08:00:00,000,3,1893,
26/11/2025 08:15:00,000,1,456136592,26/11/2025 08:15:00,000,3,1893,
26/11/2025 08:30:00,000,1,413482407,26/11/2025 08:30:00,000,3,1893,
26/11/2025 08:45:00,000,1,507801551,26/11/2025 08:45:00,000,3,1893,
26/11/2025 09:00:00,000,1,535936855,26/11/2025 09:00:00,000,3,2807,
26/11/2025 09:15:00,000,1,612739782,26/11/2025 09:15:00,000,3,2807,
26/11/2025 09:30:00,000,1,703500422,26/11/2025 09:30:00,000,3,2807,
26/11/2025 09:45:00,000,1,831441885,26/11/2025 09:45:00,000,3,2807,
26/11/2025 10:00:00,000,1,869600914,26/11/2025 10:00:00,000,3,2573,
26/11/2025 10:15:00,000,1,956271756,26/11/2025 10:15:00,000,3,2573,
26/11/2025 10:30:00,000,2,052020346,26/11/2025 10:30:00,000,3,2573,
26/11/2025 10:45:00,000,1,828389747,26/11/2025 10:45:00,000,3,2573,
26/11/2025 11:00:00,000,1,90290733,26/11/2025 11:00:00,000,3,5197,
26/11/2025 11:15:00,000,1,917038656,26/11/2025 11:15:00,000,3,5197,
26/11/2025 11:30:00,000,1,985701509,26/11/2025 11:30:00,000,3,5197,
26/11/2025 11:45:00,000,2,110030042,26/11/2025 11:45:00,000,3,5197,
26/11/2025 12:00:00,000,2,115034984,26/11/2025 12:00:00,000,3,7577,
26/11/2025 12:15:00,000,2,213525341,26/11/2025 12:15:00,000,3,7577,
26/11/2025 12:30:00,000,2,195486625,26/11/2025 12:30:00,000,3,7577,
26/11/2025 12:45:00,000,2,330398874,26/11/2025 12:45:00,000,3,7577,
26/11/2025 13:00:00,000,2,371562687,26/11/2025 13:00:00,000,3,8465,
26/11/2025 13:15:00,000,2,352586031,26/11/2025 13:15:00,000,3,8465,
26/11/2025 13:30:00,000,2,34611003,26/11/2025 13:30:00,000,3,8465,
26/11/2025 13:45:00,000,2,418173882,26/11/2025 13:45:00,000,3,8465,
26/11/2025 14:00:00,000,2,450292053,26/11/2025 14:00:00,000,3,7691,
26/11/2025 14:15:00,000,2,443125674,26/11/2025 14:15:00,000,3,7691,
26/11/2025 14:30:00,000,2,455250688,26/11/2025 14:30:00,000,3,7691,
26/11/2025 14:45:00,000,2,504896576,26/11/2025 14:45:00,000,3,7691,
26/11/2025 15:00:00,000,2,403368847,26/11/2025 15:00:00,000,3,4275,
26/11/2025 15:15:00,000,2,29753255,26/11/2025 15:15:00,000,3,4275,
26/11/2025 15:30:00,000,2,119151445,26/11/2025 15:30:00,000,3,4275,
26/11/2025 15:45:00,000,2,02509007,26/11/2025 15:45:00,000,3,4275,
26/11/2025 16:00:00,000,1,932124691,26/11/2025 16:00:00,000,3,1851,
26/11/2025 16:15:00,000,1,843546373,26/11/2025 16:15:00,000,3,1851,
26/11/2025 16:30:00,000,1,821449815,26/11/2025 16:30:00,000,3,1851,
26/11/2025 16:45:00,000,1,705309198,26/11/2025 16:45:00,000,3,1851,
26/11/2025 17:00:00,000,1,679134787,26/11/2025 17:00:00,000,2,8505,
26/11/2025 17:15:00,000,1,696736623,26/11/2025 17:15:00,000,2,8505,
26/11/2025 17:30:00,000,1,710689819,26/11/2025 17:30:00,000,2,8505,
26/11/2025 17:45:00,000,1,6271104,26/11/2025 17:45:00,000,2,8505,
26/11/2025 18:00:00,000,1,623197699,26/11/2025 18:00:00,000,2,5477,
26/11/2025 18:15:00,000,1,58080324,26/11/2025 18:15:00,000,2,5477,
26/11/2025 18:30:00,000,1,586766349,26/11/2025 18:30:00,000,2,5477,
26/11/2025 18:45:00,000,1,459986237,26/11/2025 18:45:00,000,2,5477,
26/11/2025 19:00:00,000,1,339842066,26/11/2025 19:00:00,000,2,3034,
26/11/2025 19:15:00,000,1,215020453,26/11/2025 19:15:00,000,2,3034,
26/11/2025 19:30:00,000,1,099269284,26/11/2025 19:30:00,000,2,3034,
26/11/2025 19:45:00,000,0,9724217754,26/11/2025 19:45:00,000,2,3034,
26/11/2025 20:00:00,000,0,8382943244,26/11/2025 20:00:00,000,2,1539,
26/11/2025 20:15:00,000,0,6882872224,26/11/2025 20:15:00,000,2,1539,
26/11/2025 20:30:00,000,0,5750099935,26/11/2025 20:30:00,000,2,1539,
26/11/2025 20:45:00,000,0,4935386656,26/11/2025 20:45:00,000,2,1539,
26/11/2025 21:00:00,000,0,418848728,26/11/2025 21:00:00,000,2,044,
26/11/2025 21:15:00,000,0,3850014164,26/11/2025 21:15:00,000,2,044,
26/11/2025 21:30:00,000,0,3351393544,26/11/2025 21:30:00,000,2,044,
26/11/2025 21:45:00,000,0,2532441596,26/11/2025 21:45:00,000,2,044,
26/11/2025 22:00:00,000,0,1415168015,26/11/2025 22:00:00,000,1,819,
26/11/2025 22:15:00,000,0,0203397689,26/11/2025 22:15:00,000,1,819,
26/11/2025 22:30:00,000,-0,108291842,26/11/2025 22:30:00,000,1,819,
26/11/2025 22:45:00,000,-0,273432439,26/11/2025 22:45:00,000,1,819,
26/11/2025 23:00:00,000,-0,340083167,26/11/2025 23:00:00,000,1,6998,
26/11/2025 23:15:00,000,-0,41736834,26/11/2025 23:15:00,000,1,6998,
26/11/2025 23:30:00,000,-0,472650247,26/11/2025 23:30:00,000,1,6998,
26/11/2025 23:45:00,000,-0,535123683,26/11/2025 23:45:00,000,1,6998,
27/11/2025 00:00:00,000,-0,585014605,27/11/2025 00:00:00,000,1,6663,
27/11/2025 00:15:00,000,-0,646584737,27/11/2025 00:15:00,000,1,6663,
27/11/2025 00:30:00,000,-0,683545645,27/11/2025 00:30:00,000,1,6663,
27/11/2025 00:45:00,000,-0,651498258,27/11/2025 00:45:00,000,1,6663,
27/11/2025 01:00:00,000,-0,582939074,27/11/2025 01:00:00,000,1,7826,
27/11/2025 01:15:00,000,-0,504864322,27/11/2025 01:15:00,000,1,7826,
27/11/2025 01:30:00,000,-0,427960615,27/11/2025 01:30:00,000,1,7826,
27/11/2025 01:45:00,000,-0,409379031,27/11/2025 01:45:00,000,1,7826,
27/11/2025 02:00:00,000,-0,403474007,27/11/2025 02:00:00,000,1,8932,
27/11/2025 02:15:00,000,-0,424876829,27/11/2025 02:15:00,000,1,8932,
27/11/2025 02:30:00,000,-0,443898334,27/11/2025 02:30:00,000,1,8932,
27/11/2025 02:45:00,000,-0,471794726,27/11/2025 02:45:00,000,1,8932,
27/11/2025 03:00:00,000,-0,515849641,27/11/2025 03:00:00,000,1,8001,
27/11/2025 03:15:00,000,-0,583384372,27/11/2025 03:15:00,000,1,8001,
27/11/2025 03:30:00,000,-0,645994706,27/11/2025 03:30:00,000,1,8001,
27/11/2025 03:45:00,000,-0,656924937,27/11/2025 03:45:00,000,1,8001,
27/11/2025 04:00:00,000,-0,693001978,27/11/2025 04:00:00,000,1,7989,
27/11/2025 04:15:00,000,-0,706511173,27/11/2025 04:15:00,000,1,7989,
27/11/2025 04:30:00,000,-0,668974124,27/11/2025 04:30:00,000,1,7989,
27/11/2025 04:45:00,000,-0,85439219,27/11/2025 04:45:00,000,1,7989,
27/11/2025 05:00:00,000,-0,876786271,27/11/2025 05:00:00,000,1,7548,
27/11/2025 05:15:00,000,-0,900976689,27/11/2025 05:15:00,000,1,7548,
27/11/2025 05:30:00,000,-0,884057274,27/11/2025 05:30:00,000,1,7548,
27/11/2025 05:45:00,000,-0,831470918,27/11/2025 05:45:00,000,1,7548,
27/11/2025 06:00:00,000,-0,806366618,27/11/2025 06:00:00,000,1,6089,
27/11/2025 06:15:00,000,-0,759882187,27/11/2025 06:15:00,000,1,6089,
27/11/2025 06:30:00,000,-0,74863785,27/11/2025 06:30:00,000,1,6089,
27/11/2025 06:45:00,000,-0,653754017,27/11/2025 06:45:00,000,1,6089,
27/11/2025 07:00:00,000,-0,575349296,27/11/2025 07:00:00,000,1,7402,
27/11/2025 07:15:00,000,-0,478760848,27/11/2025 07:15:00,000,1,7402,
27/11/2025 07:30:00,000,-0,350153687,27/11/2025 07:30:00,000,1,7402,
27/11/2025 07:45:00,000,-0,283583278,27/11/2025 07:45:00,000,1,7402,
27/11/2025 08:00:00,000,-0,159162344,27/11/2025 08:00:00,000,2,3002,
27/11/2025 08:15:00,000,0,27/11/2025 08:15:00,000,2,3002,
27/11/2025 08:30:00,000,0,1804688472,27/11/2025 08:30:00,000,2,3002,
27/11/2025 08:45:00,000,0,4679729655,27/11/2025 08:45:00,000,2,3002,
27/11/2025 09:00:00,000,0,7400114405,27/11/2025 09:00:00,000,3,2273,
27/11/2025 09:15:00,000,0,9965311971,27/11/2025 09:15:00,000,3,2273,
27/11/2025 09:30:00,000,1,206539008,27/11/2025 09:30:00,000,3,2273,
27/11/2025 09:45:00,000,1,344239424,27/11/2025 09:45:00,000,3,2273,
27/11/2025 10:00:00,000,1,532050132,27/11/2025 10:00:00,000,4,0575,
27/11/2025 10:15:00,000,1,634551019,27/11/2025 10:15:00,000,4,0575,
27/11/2025 10:30:00,000,1,786316868,27/11/2025 10:30:00,000,4,0575,
27/11/2025 10:45:00,000,1,965296276,27/11/2025 10:45:00,000,4,0575,
27/11/2025 11:00:00,000,2,078585717,27/11/2025 11:00:00,000,4,6077,
27/11/2025 11:15:00,000,2,192554789,27/11/2025 11:15:00,000,4,6077,
27/11/2025 11:30:00,000,2,36335278,27/11/2025 11:30:00,000,4,6077,
27/11/2025 11:45:00,000,2,378733045,27/11/2025 11:45:00,000,4,6077,
27/11/2025 12:00:00,000,2,473528476,27/11/2025 12:00:00,000,4,6907,
27/11/2025 12:15:00,000,2,457549343,27/11/2025 12:15:00,000,4,6907,
27/11/2025 12:30:00,000,2,465312119,27/11/2025 12:30:00,000,4,6907,
27/11/2025 12:45:00,000,2,489859502,27/11/2025 12:45:00,000,4,6907,
27/11/2025 13:00:00,000,2,483104929,27/11/2025 13:00:00,000,4,5074,
27/11/2025 13:15:00,000,2,529451364,27/11/2025 13:15:00,000,4,5074,
27/11/2025 13:30:00,000,2,509167367,27/11/2025 13:30:00,000,4,5074,
27/11/2025 13:45:00,000,2,549657782,27/11/2025 13:45:00,000,4,5074,
27/11/2025 14:00:00,000,2,604946276,27/11/2025 14:00:00,000,4,2481,
27/11/2025 14:15:00,000,2,615241145,27/11/2025 14:15:00,000,4,2481,
27/11/2025 14:30:00,000,2,636102814,27/11/2025 14:30:00,000,4,2481,
27/11/2025 14:45:00,000,2,517126235,27/11/2025 14:45:00,000,4,2481,
27/11/2025 15:00:00,000,2,345876919,27/11/2025 15:00:00,000,3,479,
27/11/2025 15:15:00,000,2,06866614,27/11/2025 15:15:00,000,3,479,
27/11/2025 15:30:00,000,1,771506143,27/11/2025 15:30:00,000,3,479,
27/11/2025 15:45:00,000,1,383055459,27/11/2025 15:45:00,000,3,479,
27/11/2025 16:00:00,000,1,047632086,27/11/2025 16:00:00,000,2,635,
27/11/2025 16:15:00,000,0,6964908188,27/11/2025 16:15:00,000,2,635,
27/11/2025 16:30:00,000,0,4415840582,27/11/2025 16:30:00,000,2,635,
27/11/2025 16:45:00,000,0,3844530468,27/11/2025 16:45:00,000,2,635,
27/11/2025 17:00:00,000,0,2021527609,27/11/2025 17:00:00,000,2,0049,
27/11/2025 17:15:00,000,0,0599178600,27/11/2025 17:15:00,000,2,0049,
27/11/2025 17:30:00,000,-0,030306165,27/11/2025 17:30:00,000,2,0049,
27/11/2025 17:45:00,000,-0,119291187,27/11/2025 17:45:00,000,2,0049,
27/11/2025 18:00:00,000,-0,193223175,27/11/2025 18:00:00,000,1,3409,
27/11/2025 18:15:00,000,-0,239844249,27/11/2025 18:15:00,000,1,3409,
27/11/2025 18:30:00,000,-0,284367433,27/11/2025 18:30:00,000,1,3409,
27/11/2025 18:45:00,000,-0,402953937,27/11/2025 18:45:00,000,1,3409,
27/11/2025 19:00:00,000,-0,522271081,27/11/2025 19:00:00,000,1,0725,
27/11/2025 19:15:00,000,-0,631136167,27/11/2025 19:15:00,000,1,0725,
27/11/2025 19:30:00,000,-0,724517575,27/11/2025 19:30:00,000,1,0725,
27/11/2025 19:45:00,000,-0,837921701,27/11/2025 19:45:00,000,1,0725,
27/11/2025 20:00:00,000,-0,948148126,27/11/2025 20:00:00,000,0,872,
27/11/2025 20:15:00,000,-1,09072047,27/11/2025 20:15:00,000,0,872,
27/11/2025 20:30:00,000,-1,18311806,27/11/2025 20:30:00,000,0,872,
27/11/2025 20:45:00,000,-1,23378616,27/11/2025 20:45:00,000,0,872,
27/11/2025 21:00:00,000,-1,2801535,27/11/2025 21:00:00,000,0,3748,
27/11/2025 21:15:00,000,-1,28090779,27/11/2025 21:15:00,000,0,3748,
27/11/2025 21:30:00,000,-1,31198415,27/11/2025 21:30:00,000,0,3748,
27/11/2025 21:45:00,000,-1,42811097,27/11/2025 21:45:00,000,0,3748,
27/11/2025 22:00:00,000,-1,55049736,27/11/2025 22:00:00,000,(invalid),
27/11/2025 22:15:00,000,-1,66078439,27/11/2025 22:15:00,000,(invalid),
27/11/2025 22:30:00,000,-1,89315825,27/11/2025 22:30:00,000,(invalid),
27/11/2025 22:45:00,000,-1,86343609,27/11/2025 22:45:00,000,(invalid),
27/11/2025 23:00:00,000,-2,04767299,27/11/2025 23:00:00,000,-0,080935721,
27/11/2025 23:15:00,000,-2,14179144,27/11/2025 23:15:00,000,-0,080935721,
27/11/2025 23:30:00,000,-2,17618532,27/11/2025 23:30:00,000,-0,080935721,
27/11/2025 23:45:00,000,-2,2827386,27/11/2025 23:45:00,000,-0,080935721,
28/11/2025 00:00:00,000,-2,34343763,28/11/2025 00:00:00,000,-0,794743376,
28/11/2025 00:15:00,000,-2,40442819,28/11/2025 00:15:00,000,-0,794743376,
28/11/2025 00:30:00,000,-2,48174365,28/11/2025 00:30:00,000,-0,794743376,
28/11/2025 00:45:00,000,-2,54427517,28/11/2025 00:45:00,000,-0,794743376,
28/11/2025 01:00:00,000,-2,53414361,28/11/2025 01:00:00,000,-1,89427459,
28/11/2025 01:15:00,000,-2,57858312,28/11/2025 01:15:00,000,-1,89427459,
28/11/2025 01:30:00,000,-2,67901177,28/11/2025 01:30:00,000,-1,89427459,
28/11/2025 01:45:00,000,-2,76591743,28/11/2025 01:45:00,000,-1,89427459,
28/11/2025 02:00:00,000,-2,86576041,28/11/2025 02:00:00,000,-1,86582988,
28/11/2025 02:15:00,000,-2,96193343,28/11/2025 02:15:00,000,-1,86582988,
28/11/2025 02:30:00,000,-2,97481174,28/11/2025 02:30:00,000,-1,86582988,
28/11/2025 02:45:00,000,-3,09224157,28/11/2025 02:45:00,000,-1,86582988,
28/11/2025 03:00:00,000,-3,13361709,28/11/2025 03:00:00,000,-1,51400315,
28/11/2025 03:15:00,000,-3,13241972,28/11/2025 03:15:00,000,-1,51400315,
28/11/2025 03:30:00,000,-3,16884415,28/11/2025 03:30:00,000,-1,51400315,
28/11/2025 03:45:00,000,-3,27056338,28/11/2025 03:45:00,000,-1,51400315,
28/11/2025 04:00:00,000,-3,26652355,28/11/2025 04:00:00,000,-1,81896747,
28/11/2025 04:15:00,000,-3,22360929,28/11/2025 04:15:00,000,-1,81896747,
28/11/2025 04:30:00,000,-3,20589522,28/11/2025 04:30:00,000,-1,81896747,
28/11/2025 04:45:00,000,-3,38019187,28/11/2025 04:45:00,000,-1,81896747,
28/11/2025 05:00:00,000,-3,37748797,28/11/2025 05:00:00,000,-2,32363279,
28/11/2025 05:15:00,000,-3,54197282,28/11/2025 05:15:00,000,-2,32363279,
28/11/2025 05:30:00,000,-3,59278323,28/11/2025 05:30:00,000,-2,32363279,
28/11/2025 05:45:00,000,-3,76857573,28/11/2025 05:45:00,000,-2,32363279,
28/11/2025 06:00:00,000,-3,77391245,28/11/2025 06:00:00,000,-2,61023005,
28/11/2025 06:15:00,000,-3,77928739,28/11/2025 06:15:00,000,-2,61023005,
28/11/2025 06:30:00,000,-3,94134647,28/11/2025 06:30:00,000,-2,61023005,
28/11/2025 06:45:00,000,-3,90922222,28/11/2025 06:45:00,000,-2,61023005,
28/11/2025 07:00:00,000,-3,86914265,28/11/2025 07:00:00,000,-2,13204398,
28/11/2025 07:15:00,000,-3,75418442,28/11/2025 07:15:00,000,-2,13204398,
28/11/2025 07:30:00,000,-3,65723365,28/11/2025 07:30:00,000,-2,13204398,
28/11/2025 07:45:00,000,-3,5137845,28/11/2025 07:45:00,000,-2,13204398,
28/11/2025 08:00:00,000,-3,1777422,28/11/2025 08:00:00,000,-1,2106276,
28/11/2025 08:15:00,000,-2,80514746,28/11/2025 08:15:00,000,-1,2106276,
28/11/2025 08:30:00,000,-2,37509759,28/11/2025 08:30:00,000,-1,2106276,
28/11/2025 08:45:00,000,-1,69498236,28/11/2025 08:45:00,000,-1,2106276,
28/11/2025 09:00:00,000,-1,13234871,28/11/2025 09:00:00,000,-0,079915914,
28/11/2025 09:15:00,000,-0,605154976,28/11/2025 09:15:00,000,-0,079915914,
28/11/2025 09:30:00,000,-0,11154788,28/11/2025 09:30:00,000,-0,079915914,
28/11/2025 09:45:00,000,0,2912001047,28/11/2025 09:45:00,000,-0,079915914,
28/11/2025 10:00:00,000,0,667483426,28/11/2025 10:00:00,000,1,42696016,
28/11/2025 10:15:00,000,1,037617536,28/11/2025 10:15:00,000,1,42696016,
28/11/2025 10:30:00,000,1,321392318,28/11/2025 10:30:00,000,1,42696016,
28/11/2025 10:45:00,000,1,642931259,28/11/2025 10:45:00,000,1,42696016,
28/11/2025 11:00:00,000,1,965546645,28/11/2025 11:00:00,000,2,616069908,
28/11/2025 11:15:00,000,2,274521017,28/11/2025 11:15:00,000,2,616069908,
28/11/2025 11:30:00,000,2,507014857,28/11/2025 11:30:00,000,2,616069908,
28/11/2025 11:45:00,000,2,631071749,28/11/2025 11:45:00,000,2,616069908,
28/11/2025 12:00:00,000,2,788802603,28/11/2025 12:00:00,000,3,175238537,
28/11/2025 12:15:00,000,2,998071512,28/11/2025 12:15:00,000,3,175238537,
28/11/2025 12:30:00,000,3,104059315,28/11/2025 12:30:00,000,3,175238537,
28/11/2025 12:45:00,000,3,116555715,28/11/2025 12:45:00,000,3,175238537,
28/11/2025 13:00:00,000,3,241164845,28/11/2025 13:00:00,000,3,460500004,
28/11/2025 13:15:00,000,3,226843523,28/11/2025 13:15:00,000,3,460500004,
28/11/2025 13:30:00,000,3,274621395,28/11/2025 13:30:00,000,3,460500004,
28/11/2025 13:45:00,000,3,338938511,28/11/2025 13:45:00,000,3,460500004,
28/11/2025 14:00:00,000,3,22953633,28/11/2025 14:00:00,000,3,08381346,
28/11/2025 14:15:00,000,3,086751566,28/11/2025 14:15:00,000,3,08381346,
28/11/2025 14:30:00,000,2,823068254,28/11/2025 14:30:00,000,3,08381346,
28/11/2025 14:45:00,000,2,542389235,28/11/2025 14:45:00,000,3,08381346,
28/11/2025 15:00:00,000,2,114121113,28/11/2025 15:00:00,000,1,979558767,
28/11/2025 15:15:00,000,1,621232528,28/11/2025 15:15:00,000,1,979558767,
28/11/2025 15:30:00,000,1,109044666,28/11/2025 15:30:00,000,1,979558767,
28/11/2025 15:45:00,000,0,670653553,28/11/2025 15:45:00,000,1,979558767,
28/11/2025 16:00:00,000,0,3620333479,28/11/2025 16:00:00,000,0,8437259244,
28/11/2025 16:15:00,000,0,193419258,28/11/2025 16:15:00,000,0,8437259244,
28/11/2025 16:30:00,000,0,1306390359,28/11/2025 16:30:00,000,0,8437259244,
28/11/2025 16:45:00,000,0,1082065156,28/11/2025 16:45:00,000,0,8437259244,
28/11/2025 17:00:00,000,0,1720020705,28/11/2025 17:00:00,000,0,4719946321,
28/11/2025 17:15:00,000,0,2081491555,28/11/2025 17:15:00,000,0,4719946321,
28/11/2025 17:30:00,000,0,2474675512,28/11/2025 17:30:00,000,0,4719946321,
28/11/2025 17:45:00,000,0,2236792563,28/11/2025 17:45:00,000,0,4719946321,
28/11/2025 18:00:00,000,0,1989504367,28/11/2025 18:00:00,000,0,3288502857,
28/11/2025 18:15:00,000,0,1993310343,28/11/2025 18:15:00,000,0,3288502857,
28/11/2025 18:30:00,000,0,2114019938,28/11/2025 18:30:00,000,0,3288502857,
28/11/2025 18:45:00,000,0,1776917444,28/11/2025 18:45:00,000,0,3288502857,
28/11/2025 19:00:00,000,0,1409733487,28/11/2025 19:00:00,000,-0,510343627,
28/11/2025 19:15:00,000,0,0999857061,28/11/2025 19:15:00,000,-0,510343627,
28/11/2025 19:30:00,000,0,0792823595,28/11/2025 19:30:00,000,-0,510343627,
28/11/2025 19:45:00,000,0,0392896117,28/11/2025 19:45:00,000,-0,510343627,
28/11/2025 20:00:00,000,0,0196806573,28/11/2025 20:00:00,000,-1,14770092,
28/11/2025 20:15:00,000,0,0299890735,28/11/2025 20:15:00,000,-1,14770092,
28/11/2025 20:30:00,000,0,0400130159,28/11/2025 20:30:00,000,-1,14770092,
28/11/2025 20:45:00,000,0,1091778066,28/11/2025 20:45:00,000,-1,14770092,
28/11/2025 21:00:00,000,0,1609757753,28/11/2025 21:00:00,000,-1,02665486,
28/11/2025 21:15:00,000,0,1997828356,28/11/2025 21:15:00,000,-1,02665486,
28/11/2025 21:30:00,000,0,2172074652,28/11/2025 21:30:00,000,-1,02665486,
28/11/2025 21:45:00,000,0,1690160314,28/11/2025 21:45:00,000,-1,02665486,
28/11/2025 22:00:00,000,0,0899638138,28/11/2025 22:00:00,000,-1,27255284,
28/11/2025 22:15:00,000,0,28/11/2025 22:15:00,000,-1,27255284,
28/11/2025 22:30:00,000,-0,090116941,28/11/2025 22:30:00,000,-1,27255284,
28/11/2025 22:45:00,000,0,0302673106,28/11/2025 22:45:00,000,-1,27255284,
28/11/2025 23:00:00,000,-0,049070062,28/11/2025 23:00:00,000,-1,74115515,
28/11/2025 23:15:00,000,-0,13223205,28/11/2025 23:15:00,000,-1,74115515,
28/11/2025 23:30:00,000,-0,223625145,28/11/2025 23:30:00,000,-1,74115515,
28/11/2025 23:45:00,000,-0,299352429,28/11/2025 23:45:00,000,-1,74115515,
29/11/2025 00:00:00,000,-0,3700872,29/11/2025 00:00:00,000,-2,01339912,
29/11/2025 00:15:00,000,-0,423207374,29/11/2025 00:15:00,000,-2,01339912,
29/11/2025 00:30:00,000,-0,48649966,29/11/2025 00:30:00,000,-2,01339912,
29/11/2025 00:45:00,000,-0,553147631,29/11/2025 00:45:00,000,-2,01339912,
29/11/2025 01:00:00,000,-0,609646925,29/11/2025 01:00:00,000,-1,95167201,
29/11/2025 01:15:00,000,-0,630864035,29/11/2025 01:15:00,000,-1,95167201,
29/11/2025 01:30:00,000,-0,665690281,29/11/2025 01:30:00,000,-1,95167201,
29/11/2025 01:45:00,000,-0,719341734,29/11/2025 01:45:00,000,-1,95167201,
29/11/2025 02:00:00,000,-0,76850924,29/11/2025 02:00:00,000,-1,73430539,
29/11/2025 02:15:00,000,-0,796706406,29/11/2025 02:15:00,000,-1,73430539,
29/11/2025 02:30:00,000,-0,873798689,29/11/2025 02:30:00,000,-1,73430539,
29/11/2025 02:45:00,000,-0,864161027,29/11/2025 02:45:00,000,-1,73430539,
29/11/2025 03:00:00,000,-0,874580061,29/11/2025 03:00:00,000,-1,64201965,
29/11/2025 03:15:00,000,-0,900717563,29/11/2025 03:15:00,000,-1,64201965,
29/11/2025 03:30:00,000,-0,932936333,29/11/2025 03:30:00,000,-1,64201965,
29/11/2025 03:45:00,000,-0,947715687,29/11/2025 03:45:00,000,-1,64201965,
29/11/2025 04:00:00,000,-0,952680335,29/11/2025 04:00:00,000,-1,47431814,
29/11/2025 04:15:00,000,-0,954358794,29/11/2025 04:15:00,000,-1,47431814,
29/11/2025 04:30:00,000,-0,987858808,29/11/2025 04:30:00,000,-1,47431814,
29/11/2025 04:45:00,000,-1,0231851,29/11/2025 04:45:00,000,-1,47431814,
29/11/2025 05:00:00,000,-1,06338184,29/11/2025 05:00:00,000,-2,04303041,
29/11/2025 05:15:00,000,-1,0970503,29/11/2025 05:15:00,000,-2,04303041,
29/11/2025 05:30:00,000,-1,09509014,29/11/2025 05:30:00,000,-2,04303041,
29/11/2025 05:45:00,000,-1,16816995,29/11/2025 05:45:00,000,-2,04303041,
29/11/2025 06:00:00,000,-1,23963594,29/11/2025 06:00:00,000,-2,24089926,
29/11/2025 06:15:00,000,-1,32807023,29/11/2025 06:15:00,000,-2,24089926,
29/11/2025 06:30:00,000,-1,38063734,29/11/2025 06:30:00,000,-2,24089926,
29/11/2025 06:45:00,000,-1,39274999,29/11/2025 06:45:00,000,-2,24089926,
29/11/2025 07:00:00,000,-1,35415312,29/11/2025 07:00:00,000,-1,89569223,
29/11/2025 07:15:00,000,-1,25725728,29/11/2025 07:15:00,000,-1,89569223,
29/11/2025 07:30:00,000,-1,09956894,29/11/2025 07:30:00,000,-1,89569223,
29/11/2025 07:45:00,000,-0,94147334,29/11/2025 07:45:00,000,-1,89569223,
29/11/2025 08:00:00,000,-0,718995594,29/11/2025 08:00:00,000,-1,22978299,
29/11/2025 08:15:00,000,-0,396198335,29/11/2025 08:15:00,000,-1,22978299,
29/11/2025 08:30:00,000,-0,040217819,29/11/2025 08:30:00,000,-1,22978299,
29/11/2025 08:45:00,000,0,4735049807,29/11/2025 08:45:00,000,-1,22978299,
29/11/2025 09:00:00,000,0,9903770376,29/11/2025 09:00:00,000,-0,010056213,
29/11/2025 09:15:00,000,1,49047059,29/11/2025 09:15:00,000,-0,010056213,
29/11/2025 09:30:00,000,1,949181177,29/11/2025 09:30:00,000,-0,010056213,
29/11/2025 09:45:00,000,2,310361741,29/11/2025 09:45:00,000,-0,010056213,
29/11/2025 10:00:00,000,2,624613654,29/11/2025 10:00:00,000,1,165778431,
29/11/2025 10:15:00,000,2,91545885,29/11/2025 10:15:00,000,1,165778431,
29/11/2025 10:30:00,000,3,171497756,29/11/2025 10:30:00,000,1,165778431,
29/11/2025 10:45:00,000,3,399334901,29/11/2025 10:45:00,000,1,165778431,
29/11/2025 11:00:00,000,3,62653431,29/11/2025 11:00:00,000,2,385737411,
29/11/2025 11:15:00,000,3,81082901,29/11/2025 11:15:00,000,2,385737411,
29/11/2025 11:30:00,000,4,071003093,29/11/2025 11:30:00,000,2,385737411,
29/11/2025 11:45:00,000,4,207264784,29/11/2025 11:45:00,000,2,385737411,
29/11/2025 12:00:00,000,4,487234562,29/11/2025 12:00:00,000,3,24319336,
29/11/2025 12:15:00,000,4,496801638,29/11/2025 12:15:00,000,3,24319336,
29/11/2025 12:30:00,000,4,580686469,29/11/2025 12:30:00,000,3,24319336,
29/11/2025 12:45:00,000,4,78556039,29/11/2025 12:45:00,000,3,24319336,
29/11/2025 13:00:00,000,4,831277136,29/11/2025 13:00:00,000,3,95820397,
29/11/2025 13:15:00,000,4,802106958,29/11/2025 13:15:00,000,3,95820397,
29/11/2025 13:30:00,000,4,731995671,29/11/2025 13:30:00,000,3,95820397,
29/11/2025 13:45:00,000,4,55777157,29/11/2025 13:45:00,000,3,95820397,
29/11/2025 14:00:00,000,4,634593996,29/11/2025 14:00:00,000,4,403804978,
29/11/2025 14:15:00,000,4,442310008,29/11/2025 14:15:00,000,4,403804978,
29/11/2025 14:30:00,000,4,219635781,29/11/2025 14:30:00,000,4,403804978,
29/11/2025 14:45:00,000,3,886935724,29/11/2025 14:45:00,000,4,403804978,
29/11/2025 15:00:00,000,3,613219197,29/11/2025 15:00:00,000,3,304332595,
29/11/2025 15:15:00,000,3,273656896,29/11/2025 15:15:00,000,3,304332595,
29/11/2025 15:30:00,000,2,838193731,29/11/2025 15:30:00,000,3,304332595,
29/11/2025 15:45:00,000,2,450933987,29/11/2025 15:45:00,000,3,304332595,
29/11/2025 16:00:00,000,2,192502907,29/11/2025 16:00:00,000,1,922478998,
29/11/2025 16:15:00,000,2,066175635,29/11/2025 16:15:00,000,1,922478998,
29/11/2025 16:30:00,000,2,000092537,29/11/2025 16:30:00,000,1,922478998,
29/11/2025 16:45:00,000,2,134383419,29/11/2025 16:45:00,000,1,922478998,
29/11/2025 17:00:00,000,2,160440588,29/11/2025 17:00:00,000,1,747241772,
29/11/2025 17:15:00,000,2,208505823,29/11/2025 17:15:00,000,1,747241772,
29/11/2025 17:30:00,000,2,234693118,29/11/2025 17:30:00,000,1,747241772,
29/11/2025 17:45:00,000,2,229520916,29/11/2025 17:45:00,000,1,747241772,
29/11/2025 18:00:00,000,2,321078272,29/11/2025 18:00:00,000,1,101271141,
29/11/2025 18:15:00,000,2,356109547,29/11/2025 18:15:00,000,1,101271141,
29/11/2025 18:30:00,000,2,32713997,29/11/2025 18:30:00,000,1,101271141,
29/11/2025 18:45:00,000,2,227185922,29/11/2025 18:45:00,000,1,101271141,
29/11/2025 19:00:00,000,2,202257065,29/11/2025 19:00:00,000,0,6138709423,
29/11/2025 19:15:00,000,2,123761552,29/11/2025 19:15:00,000,0,6138709423,
29/11/2025 19:30:00,000,2,0955455,29/11/2025 19:30:00,000,0,6138709423,
29/11/2025 19:45:00,000,1,991836036,29/11/2025 19:45:00,000,0,6138709423,
29/11/2025 20:00:00,000,1,9466365,29/11/2025 20:00:00,000,0,7055828209,
29/11/2025 20:15:00,000,1,894434017,29/11/2025 20:15:00,000,0,7055828209,
29/11/2025 20:30:00,000,1,826054054,29/11/2025 20:30:00,000,0,7055828209,
29/11/2025 20:45:00,000,1,818826691,29/11/2025 20:45:00,000,0,7055828209,
29/11/2025 21:00:00,000,1,740195325,29/11/2025 21:00:00,000,0,9929293679,
29/11/2025 21:15:00,000,1,734135339,29/11/2025 21:15:00,000,0,9929293679,
29/11/2025 21:30:00,000,1,686253023,29/11/2025 21:30:00,000,0,9929293679,
29/11/2025 21:45:00,000,1,660272532,29/11/2025 21:45:00,000,0,9929293679,
29/11/2025 22:00:00,000,1,574995602,29/11/2025 22:00:00,000,0,8279659639,
29/11/2025 22:15:00,000,1,523943982,29/11/2025 22:15:00,000,0,8279659639,
29/11/2025 22:30:00,000,1,514468058,29/11/2025 22:30:00,000,0,8279659639,
29/11/2025 22:45:00,000,1,232232185,29/11/2025 22:45:00,000,0,8279659639,
29/11/2025 23:00:00,000,1,195425535,29/11/2025 23:00:00,000,0,1201664012,
29/11/2025 23:15:00,000,1,180728991,29/11/2025 23:15:00,000,0,1201664012,
29/11/2025 23:30:00,000,1,134230376,29/11/2025 23:30:00,000,0,1201664012,
29/11/2025 23:45:00,000,1,061297864,29/11/2025 23:45:00,000,0,1201664012,
30/11/2025 00:00:00,000,1,00720637,30/11/2025 00:00:00,000,0,0099266523,
30/11/2025 00:15:00,000,0,9840461447,30/11/2025 00:15:00,000,0,0099266523,
30/11/2025 00:30:00,000,0,9632627249,30/11/2025 00:30:00,000,0,0099266523,
30/11/2025 00:45:00,000,0,9897563742,30/11/2025 00:45:00,000,0,0099266523,
30/11/2025 01:00:00,000,1,013560702,30/11/2025 01:00:00,000,0,254146425,
30/11/2025 01:15:00,000,1,031178919,30/11/2025 01:15:00,000,0,254146425,
30/11/2025 01:30:00,000,1,071649773,30/11/2025 01:30:00,000,0,254146425,
30/11/2025 01:45:00,000,1,046479145,30/11/2025 01:45:00,000,0,254146425,
30/11/2025 02:00:00,000,0,9634065667,30/11/2025 02:00:00,000,0,4415894722,
30/11/2025 02:15:00,000,0,9169774926,30/11/2025 02:15:00,000,0,4415894722,
30/11/2025 02:30:00,000,0,8465595462,30/11/2025 02:30:00,000,0,4415894722,
30/11/2025 02:45:00,000,0,8367375305,30/11/2025 02:45:00,000,0,4415894722,
30/11/2025 03:00:00,000,0,8399625068,30/11/2025 03:00:00,000,0,8360906317,
30/11/2025 03:15:00,000,0,8407111671,30/11/2025 03:15:00,000,0,8360906317,
30/11/2025 03:30:00,000,0,8169338436,30/11/2025 03:30:00,000,0,8360906317,
30/11/2025 03:45:00,000,0,7701441812,30/11/2025 03:45:00,000,0,8360906317,
30/11/2025 04:00:00,000,0,7444605998,30/11/2025 04:00:00,000,0,8009648755,
30/11/2025 04:15:00,000,0,6937188314,30/11/2025 04:15:00,000,0,8009648755,
30/11/2025 04:30:00,000,0,652258864,30/11/2025 04:30:00,000,0,8009648755,
30/11/2025 04:45:00,000,0,5070673915,30/11/2025 04:45:00,000,0,8009648755,
30/11/2025 05:00:00,000,0,4447731952,30/11/2025 05:00:00,000,0,7352670321,
30/11/2025 05:15:00,000,0,4167389218,30/11/2025 05:15:00,000,0,7352670321,
30/11/2025 05:30:00,000,0,3728063437,30/11/2025 05:30:00,000,0,7352670321,
30/11/2025 05:45:00,000,0,3627874238,30/11/2025 05:45:00,000,0,7352670321,
30/11/2025 06:00:00,000,0,3413540892,30/11/2025 06:00:00,000,0,9470967229,
30/11/2025 06:15:00,000,0,3048863332,30/11/2025 06:15:00,000,0,9470967229,
30/11/2025 06:30:00,000,0,2463574563,30/11/2025 06:30:00,000,0,9470967229,
30/11/2025 06:45:00,000,0,2310661067,30/11/2025 06:45:00,000,0,9470967229,
30/11/2025 07:00:00,000,0,2128975109,30/11/2025 07:00:00,000,1,165151048,
30/11/2025 07:15:00,000,0,2211402323,30/11/2025 07:15:00,000,1,165151048,
30/11/2025 07:30:00,000,0,2759427652,30/11/2025 07:30:00,000,1,165151048,
30/11/2025 07:45:00,000,0,3862262667,30/11/2025 07:45:00,000,1,165151048,
30/11/2025 08:00:00,000,0,6004461401,30/11/2025 08:00:00,000,1,482982208,
30/11/2025 08:15:00,000,0,9004406094,30/11/2025 08:15:00,000,1,482982208,
30/11/2025 08:30:00,000,1,242229566,30/11/2025 08:30:00,000,1,482982208,
30/11/2025 08:45:00,000,1,7217867,30/11/2025 08:45:00,000,1,482982208,
30/11/2025 09:00:00,000,2,13843155,30/11/2025 09:00:00,000,1,98166296,
30/11/2025 09:15:00,000,2,638449799,30/11/2025 09:15:00,000,1,98166296,
30/11/2025 09:30:00,000,3,022318587,30/11/2025 09:30:00,000,1,98166296,
30/11/2025 09:45:00,000,3,394237799,30/11/2025 09:45:00,000,1,98166296,
30/11/2025 10:00:00,000,3,721075243,30/11/2025 10:00:00,000,2,519254833,
30/11/2025 10:15:00,000,4,11522378,30/11/2025 10:15:00,000,2,519254833,
30/11/2025 10:30:00,000,4,381427956,30/11/2025 10:30:00,000,2,519254833,
30/11/2025 10:45:00,000,4,599840065,30/11/2025 10:45:00,000,2,519254833,
30/11/2025 11:00:00,000,4,74028581,30/11/2025 11:00:00,000,2,872726552,
30/11/2025 11:15:00,000,5,089772966,30/11/2025 11:15:00,000,2,872726552,
30/11/2025 11:30:00,000,5,382685247,30/11/2025 11:30:00,000,2,872726552,
30/11/2025 11:45:00,000,5,383214781,30/11/2025 11:45:00,000,2,872726552,
30/11/2025 12:00:00,000,5,598748353,30/11/2025 12:00:00,000,3,254893806,
30/11/2025 12:15:00,000,5,75715405,30/11/2025 12:15:00,000,3,254893806,
30/11/2025 12:30:00,000,5,83892234,30/11/2025 12:30:00,000,3,254893806,
30/11/2025 12:45:00,000,5,701119752,30/11/2025 12:45:00,000,3,254893806,
30/11/2025 13:00:00,000,5,761602031,30/11/2025 13:00:00,000,3,302308973,
30/11/2025 13:15:00,000,5,92252,30/11/2025 13:15:00,000,3,302308973,
30/11/2025 13:30:00,000,5,938743813,30/11/2025 13:30:00,000,3,302308973,
30/11/2025 13:45:00,000,5,933177757,30/11/2025 13:45:00,000,3,302308973,
30/11/2025 14:00:00,000,5,884797833,30/11/2025 14:00:00,000,3,262743248,
30/11/2025 14:15:00,000,5,648672139,30/11/2025 14:15:00,000,3,262743248,
30/11/2025 14:30:00,000,5,456337387,30/11/2025 14:30:00,000,3,262743248,
30/11/2025 14:45:00,000,5,161679367,30/11/2025 14:45:00,000,3,262743248,
30/11/2025 15:00:00,000,4,696160324,30/11/2025 15:00:00,000,2,94116927,
30/11/2025 15:15:00,000,4,428156305,30/11/2025 15:15:00,000,2,94116927,
30/11/2025 15:30:00,000,4,095178947,30/11/2025 15:30:00,000,2,94116927,
30/11/2025 15:45:00,000,3,856004446,30/11/2025 15:45:00,000,2,94116927,
30/11/2025 16:00:00,000,3,499442113,30/11/2025 16:00:00,000,2,527638911,
30/11/2025 16:15:00,000,3,450820584,30/11/2025 16:15:00,000,2,527638911,
30/11/2025 16:30:00,000,3,341096066,30/11/2025 16:30:00,000,2,527638911,
30/11/2025 16:45:00,000,3,014059827,30/11/2025 16:45:00,000,2,527638911,
30/11/2025 17:00:00,000,3,063205535,30/11/2025 17:00:00,000,2,22197345,
30/11/2025 17:15:00,000,3,004620248,30/11/2025 17:15:00,000,2,22197345,
30/11/2025 17:30:00,000,3,007075249,30/11/2025 17:30:00,000,2,22197345,
30/11/2025 17:45:00,000,3,095463806,30/11/2025 17:45:00,000,2,22197345,
30/11/2025 18:00:00,000,3,037239534,30/11/2025 18:00:00,000,1,828895853,
30/11/2025 18:15:00,000,3,052510401,30/11/2025 18:15:00,000,1,828895853,
30/11/2025 18:30:00,000,3,207570699,30/11/2025 18:30:00,000,1,828895853,
30/11/2025 18:45:00,000,3,130688729,30/11/2025 18:45:00,000,1,828895853,
30/11/2025 19:00:00,000,2,959467045,30/11/2025 19:00:00,000,1,71867029,
30/11/2025 19:15:00,000,2,888102057,30/11/2025 19:15:00,000,1,71867029,
30/11/2025 19:30:00,000,2,73032522,30/11/2025 19:30:00,000,1,71867029,
30/11/2025 19:45:00,000,2,62655686,30/11/2025 19:45:00,000,1,71867029,
30/11/2025 20:00:00,000,2,540790972,30/11/2025 20:00:00,000,1,66619646,
30/11/2025 20:15:00,000,2,422072034,30/11/2025 20:15:00,000,1,66619646,
30/11/2025 20:30:00,000,2,317286509,30/11/2025 20:30:00,000,1,66619646,
30/11/2025 20:45:00,000,2,278659806,30/11/2025 20:45:00,000,1,66619646,
30/11/2025 21:00:00,000,2,22583519,30/11/2025 21:00:00,000,1,577010596,
30/11/2025 21:15:00,000,2,238025403,30/11/2025 21:15:00,000,1,577010596,
30/11/2025 21:30:00,000,2,192164913,30/11/2025 21:30:00,000,1,577010596,
30/11/2025 21:45:00,000,2,045343405,30/11/2025 21:45:00,000,1,577010596,
30/11/2025 22:00:00,000,1,960783046,30/11/2025 22:00:00,000,1,558511275,
30/11/2025 22:15:00,000,1,84264603,30/11/2025 22:15:00,000,1,558511275,
30/11/2025 22:30:00,000,1,74334602,30/11/2025 22:30:00,000,1,558511275,
30/11/2025 22:45:00,000,1,126362833,30/11/2025 22:45:00,000,1,558511275,
30/11/2025 23:00:00,000,1,115234131,30/11/2025 23:00:00,000,1,517112626,
30/11/2025 23:15:00,000,1,043119687,30/11/2025 23:15:00,000,1,517112626,
30/11/2025 23:30:00,000,1,001615325,30/11/2025 23:30:00,000,1,517112626,
30/11/2025 23:45:00,000,0,9417543792,30/11/2025 23:45:00,000,1,517112626,
01/12/2025 00:00:00,000,0,9083082837,01/12/2025 00:00:00,000,1,45322776,
01/12/2025 00:15:00,000,0,8776227196,01/12/2025 00:15:00,000,1,45322776,
01/12/2025 00:30:00,000,0,8751082578,01/12/2025 00:30:00,000,1,45322776,
01/12/2025 00:45:00,000,0,877354245,01/12/2025 00:45:00,000,1,45322776,
01/12/2025 01:00:00,000,0,919326786,01/12/2025 01:00:00,000,1,326652667,
01/12/2025 01:15:00,000,0,9612078077,01/12/2025 01:15:00,000,1,326652667,
01/12/2025 01:30:00,000,1,011017361,01/12/2025 01:30:00,000,1,326652667,
01/12/2025 01:45:00,000,0,9749367092,01/12/2025 01:45:00,000,1,326652667,
01/12/2025 02:00:00,000,0,968742995,01/12/2025 02:00:00,000,1,148011159,
01/12/2025 02:15:00,000,0,9467030588,01/12/2025 02:15:00,000,1,148011159,
01/12/2025 02:30:00,000,0,9174033846,01/12/2025 02:30:00,000,1,148011159,
01/12/2025 02:45:00,000,0,9394772626,01/12/2025 02:45:00,000,1,148011159,
01/12/2025 03:00:00,000,0,9720711121,01/12/2025 03:00:00,000,1,063346643,
01/12/2025 03:15:00,000,1,015021657,01/12/2025 03:15:00,000,1,063346643,
01/12/2025 03:30:00,000,1,029908132,01/12/2025 03:30:00,000,1,063346643,
01/12/2025 03:45:00,000,1,054058694,01/12/2025 03:45:00,000,1,063346643,
01/12/2025 04:00:00,000,1,075001853,01/12/2025 04:00:00,000,1,019055147,
01/12/2025 04:15:00,000,1,083288284,01/12/2025 04:15:00,000,1,019055147,
01/12/2025 04:30:00,000,1,073194608,01/12/2025 04:30:00,000,1,019055147,
01/12/2025 04:45:00,000,0,4136840793,01/12/2025 04:45:00,000,1,019055147,
01/12/2025 05:00:00,000,0,3600887695,01/12/2025 05:00:00,000,0,9637720945,
01/12/2025 05:15:00,000,0,3046518634,01/12/2025 05:15:00,000,0,9637720945,
01/12/2025 05:30:00,000,0,232384188,01/12/2025 05:30:00,000,0,9637720945,
01/12/2025 05:45:00,000,0,1676035904,01/12/2025 05:45:00,000,0,9637720945,
01/12/2025 06:00:00,000,0,1084048135,01/12/2025 06:00:00,000,0,9339143579,
01/12/2025 06:15:00,000,0,0592586918,01/12/2025 06:15:00,000,0,9339143579,
01/12/2025 06:30:00,000,0,01/12/2025 06:30:00,000,0,9339143579,
01/12/2025 06:45:00,000,-0,009902045,01/12/2025 06:45:00,000,0,9339143579,
01/12/2025 07:00:00,000,-0,009816655,01/12/2025 07:00:00,000,1,090322915,
01/12/2025 07:15:00,000,0,0098081291,01/12/2025 07:15:00,000,1,090322915,
01/12/2025 07:30:00,000,0,0694726449,01/12/2025 07:30:00,000,1,090322915,
01/12/2025 07:45:00,000,0,1583417077,01/12/2025 07:45:00,000,1,090322915,
01/12/2025 08:00:00,000,0,3185237981,01/12/2025 08:00:00,000,1,441236769,
01/12/2025 08:15:00,000,0,5604198567,01/12/2025 08:15:00,000,1,441236769,
01/12/2025 08:30:00,000,0,8202456858,01/12/2025 08:30:00,000,1,441236769,
01/12/2025 08:45:00,000,1,205927272,01/12/2025 08:45:00,000,1,441236769,
01/12/2025 09:00:00,000,1,584920721,01/12/2025 09:00:00,000,1,840423494,
01/12/2025 09:15:00,000,1,947696089,01/12/2025 09:15:00,000,1,840423494,
01/12/2025 09:30:00,000,2,226887587,01/12/2025 09:30:00,000,1,840423494,
01/12/2025 09:45:00,000,2,503360271,01/12/2025 09:45:00,000,1,840423494,
01/12/2025 10:00:00,000,2,751828553,01/12/2025 10:00:00,000,2,533980914,
01/12/2025 10:15:00,000,2,971995187,01/12/2025 10:15:00,000,2,533980914,
01/12/2025 10:30:00,000,3,257319238,01/12/2025 10:30:00,000,2,533980914,
01/12/2025 10:45:00,000,3,367726885,01/12/2025 10:45:00,000,2,533980914,
01/12/2025 11:00:00,000,3,530389057,01/12/2025 11:00:00,000,3,610865851,
01/12/2025 11:15:00,000,3,816569254,01/12/2025 11:15:00,000,3,610865851,
01/12/2025 11:30:00,000,3,91034421,01/12/2025 11:30:00,000,3,610865851,
01/12/2025 11:45:00,000,4,020703333,01/12/2025 11:45:00,000,3,610865851,
01/12/2025 12:00:00,000,4,271669837,01/12/2025 12:00:00,000,4,568371733,
01/12/2025 12:15:00,000,4,233592964,01/12/2025 12:15:00,000,4,568371733,
01/12/2025 12:30:00,000,4,422852188,01/12/2025 12:30:00,000,4,568371733,
01/12/2025 12:45:00,000,4,353402872,01/12/2025 12:45:00,000,4,568371733,
01/12/2025 13:00:00,000,4,412345033,01/12/2025 13:00:00,000,5,145058105,
01/12/2025 13:15:00,000,4,507850615,01/12/2025 13:15:00,000,5,145058105,
01/12/2025 13:30:00,000,4,469459862,01/12/2025 13:30:00,000,5,145058105,
01/12/2025 13:45:00,000,4,573445637,01/12/2025 13:45:00,000,5,145058105,
01/12/2025 14:00:00,000,4,551470659,01/12/2025 14:00:00,000,4,902090369,
01/12/2025 14:15:00,000,4,641875813,01/12/2025 14:15:00,000,4,902090369,
01/12/2025 14:30:00,000,4,553454227,01/12/2025 14:30:00,000,4,902090369,
01/12/2025 14:45:00,000,4,487915784,01/12/2025 14:45:00,000,4,902090369,
01/12/2025 15:00:00,000,4,221251705,01/12/2025 15:00:00,000,4,614886967,
01/12/2025 15:15:00,000,3,997247676,01/12/2025 15:15:00,000,4,614886967,
01/12/2025 15:30:00,000,3,789727507,01/12/2025 15:30:00,000,4,614886967,
01/12/2025 15:45:00,000,3,515473751,01/12/2025 15:45:00,000,4,614886967,
01/12/2025 16:00:00,000,3,353348805,01/12/2025 16:00:00,000,4,263679444,
01/12/2025 16:15:00,000,3,267895745,01/12/2025 16:15:00,000,4,263679444,
01/12/2025 16:30:00,000,3,08626539,01/12/2025 16:30:00,000,4,263679444,
01/12/2025 16:45:00,000,3,093859766,01/12/2025 16:45:00,000,4,263679444,
01/12/2025 17:00:00,000,3,146166285,01/12/2025 17:00:00,000,3,951788008,
01/12/2025 17:15:00,000,3,164449489,01/12/2025 17:15:00,000,3,951788008,
01/12/2025 17:30:00,000,3,211457625,01/12/2025 17:30:00,000,3,951788008,
01/12/2025 17:45:00,000,3,197102586,01/12/2025 17:45:00,000,3,951788008,
01/12/2025 18:00:00,000,3,119149157,01/12/2025 18:00:00,000,3,729394873,
01/12/2025 18:15:00,000,3,015094988,01/12/2025 18:15:00,000,3,729394873,
01/12/2025 18:30:00,000,3,039141748,01/12/2025 18:30:00,000,3,729394873,
01/12/2025 18:45:00,000,2,937585498,01/12/2025 18:45:00,000,3,729394873,
01/12/2025 19:00:00,000,2,824886608,01/12/2025 19:00:00,000,3,538195539,
01/12/2025 19:15:00,000,2,704527352,01/12/2025 19:15:00,000,3,538195539,
01/12/2025 19:30:00,000,2,614990376,01/12/2025 19:30:00,000,3,538195539,
01/12/2025 19:45:00,000,2,471823926,01/12/2025 19:45:00,000,3,538195539,
01/12/2025 20:00:00,000,2,319256162,01/12/2025 20:00:00,000,3,420702427,
01/12/2025 20:15:00,000,2,251292988,01/12/2025 20:15:00,000,3,420702427,
01/12/2025 20:30:00,000,2,069011591,01/12/2025 20:30:00,000,3,420702427,
01/12/2025 20:45:00,000,2,040863232,01/12/2025 20:45:00,000,3,420702427,
01/12/2025 21:00:00,000,2,015913077,01/12/2025 21:00:00,000,3,362887353,
01/12/2025 21:15:00,000,2,001010819,01/12/2025 21:15:00,000,3,362887353,
01/12/2025 21:30:00,000,1,929090648,01/12/2025 21:30:00,000,3,362887353,
01/12/2025 21:45:00,000,1,78568091,01/12/2025 21:45:00,000,3,362887353,
01/12/2025 22:00:00,000,1,636201854,01/12/2025 22:00:00,000,2,905161975,
01/12/2025 22:15:00,000,1,498240235,01/12/2025 22:15:00,000,2,905161975,
01/12/2025 22:30:00,000,1,374078734,01/12/2025 22:30:00,000,2,905161975,
01/12/2025 22:45:00,000,0,9299783996,01/12/2025 22:45:00,000,2,905161975,
01/12/2025 23:00:00,000,0,8391072771,01/12/2025 23:00:00,000,2,570353928,
01/12/2025 23:15:00,000,0,7350996388,01/12/2025 23:15:00,000,2,570353928,
01/12/2025 23:30:00,000,0,6470956431,01/12/2025 23:30:00,000,2,570353928,
01/12/2025 23:45:00,000,0,5524131048,01/12/2025 23:45:00,000,2,570353928,
02/12/2025 00:00:00,000,0,4640100061,02/12/2025 00:00:00,000,2,301939695,
02/12/2025 00:15:00,000,0,3507930927,02/12/2025 00:15:00,000,2,301939695,
02/12/2025 00:30:00,000,0,2392138521,02/12/2025 00:30:00,000,2,301939695,
02/12/2025 00:45:00,000,0,1705355545,02/12/2025 00:45:00,000,2,301939695,
02/12/2025 01:00:00,000,0,1096103842,02/12/2025 01:00:00,000,2,100347359,
02/12/2025 01:15:00,000,0,0601606788,02/12/2025 01:15:00,000,2,100347359,
02/12/2025 01:30:00,000,0,0098377530,02/12/2025 01:30:00,000,2,100347359,
02/12/2025 01:45:00,000,-0,060735854,02/12/2025 01:45:00,000,2,100347359,
02/12/2025 02:00:00,000,-0,137792026,02/12/2025 02:00:00,000,1,903062463,
02/12/2025 02:15:00,000,-0,206545347,02/12/2025 02:15:00,000,1,903062463,
02/12/2025 02:30:00,000,-0,286991959,02/12/2025 02:30:00,000,1,903062463,
02/12/2025 02:45:00,000,-0,310623748,02/12/2025 02:45:00,000,1,903062463,
02/12/2025 03:00:00,000,-0,331793914,02/12/2025 03:00:00,000,1,832076098,
02/12/2025 03:15:00,000,-0,331230681,02/12/2025 03:15:00,000,1,832076098,
02/12/2025 03:30:00,000,-0,323460374,02/12/2025 03:30:00,000,1,832076098,
02/12/2025 03:45:00,000,-0,35492636,02/12/2025 03:45:00,000,1,832076098,
02/12/2025 04:00:00,000,-0,395093047,02/12/2025 04:00:00,000,1,852659481,
02/12/2025 04:15:00,000,-0,423449754,02/12/2025 04:15:00,000,1,852659481,
02/12/2025 04:30:00,000,-0,449605599,02/12/2025 04:30:00,000,1,852659481,
02/12/2025 04:45:00,000,-1,10473014,02/12/2025 04:45:00,000,1,852659481,
02/12/2025 05:00:00,000,-1,13533391,02/12/2025 05:00:00,000,1,885965302,
02/12/2025 05:15:00,000,-1,2072118,02/12/2025 05:15:00,000,1,885965302,
02/12/2025 05:30:00,000,-1,23146323,02/12/2025 05:30:00,000,1,885965302,
02/12/2025 05:45:00,000,-1,30721985,02/12/2025 05:45:00,000,1,885965302,
02/12/2025 06:00:00,000,-1,34713397,02/12/2025 06:00:00,000,1,988023731,
02/12/2025 06:15:00,000,-1,44117807,02/12/2025 06:15:00,000,1,988023731,
02/12/2025 06:30:00,000,-1,47686526,02/12/2025 06:30:00,000,1,988023731,
02/12/2025 06:45:00,000,-1,4866545,02/12/2025 06:45:00,000,1,988023731,
02/12/2025 07:00:00,000,-1,47512457,02/12/2025 07:00:00,000,2,06557284,
02/12/2025 07:15:00,000,-1,46091379,02/12/2025 07:15:00,000,2,06557284,
02/12/2025 07:30:00,000,-1,43740857,02/12/2025 07:30:00,000,2,06557284,
02/12/2025 07:45:00,000,-1,34620873,02/12/2025 07:45:00,000,2,06557284,
02/12/2025 08:00:00,000,-1,12242043,02/12/2025 08:00:00,000,2,171181635,
02/12/2025 08:15:00,000,-0,826263898,02/12/2025 08:15:00,000,2,171181635,
02/12/2025 08:30:00,000,-0,480414396,02/12/2025 08:30:00,000,2,171181635,
02/12/2025 08:45:00,000,-0,060425129,02/12/2025 08:45:00,000,2,171181635,
02/12/2025 09:00:00,000,0,3409998498,02/12/2025 09:00:00,000,2,236611676,
02/12/2025 09:15:00,000,0,6995696338,02/12/2025 09:15:00,000,2,236611676,
02/12/2025 09:30:00,000,1,042654218,02/12/2025 09:30:00,000,2,236611676,
02/12/2025 09:45:00,000,1,348180875,02/12/2025 09:45:00,000,2,236611676,
02/12/2025 10:00:00,000,1,665245254,02/12/2025 10:00:00,000,2,384663346,
02/12/2025 10:15:00,000,1,990035029,02/12/2025 10:15:00,000,2,384663346,
02/12/2025 10:30:00,000,2,221872055,02/12/2025 10:30:00,000,2,384663346,
02/12/2025 10:45:00,000,2,363974477,02/12/2025 10:45:00,000,2,384663346,
02/12/2025 11:00:00,000,2,684609338,02/12/2025 11:00:00,000,2,602613437,
02/12/2025 11:15:00,000,2,931913287,02/12/2025 11:15:00,000,2,602613437,
02/12/2025 11:30:00,000,3,130064435,02/12/2025 11:30:00,000,2,602613437,
02/12/2025 11:45:00,000,3,388860281,02/12/2025 11:45:00,000,2,602613437,
02/12/2025 12:00:00,000,3,472414008,02/12/2025 12:00:00,000,2,771741186,
02/12/2025 12:15:00,000,3,650476847,02/12/2025 12:15:00,000,2,771741186,
02/12/2025 12:30:00,000,3,723173327,02/12/2025 12:30:00,000,2,771741186,
02/12/2025 12:45:00,000,3,816597664,02/12/2025 12:45:00,000,2,771741186,
02/12/2025 13:00:00,000,3,772181945,02/12/2025 13:00:00,000,2,846455558,
02/12/2025 13:15:00,000,3,855606297,02/12/2025 13:15:00,000,2,846455558,
02/12/2025 13:30:00,000,3,764210882,02/12/2025 13:30:00,000,2,846455558,
02/12/2025 13:45:00,000,4,007331626,02/12/2025 13:45:00,000,2,846455558,
02/12/2025 14:00:00,000,3,944040421,02/12/2025 14:00:00,000,2,655666662,
02/12/2025 14:15:00,000,4,015718046,02/12/2025 14:15:00,000,2,655666662,
02/12/2025 14:30:00,000,3,866749357,02/12/2025 14:30:00,000,2,655666662,
02/12/2025 14:45:00,000,3,692106768,02/12/2025 14:45:00,000,2,655666662,
02/12/2025 15:00:00,000,3,256572546,02/12/2025 15:00:00,000,2,61763388,
02/12/2025 15:15:00,000,2,91039564,02/12/2025 15:15:00,000,2,61763388,
02/12/2025 15:30:00,000,2,566990102,02/12/2025 15:30:00,000,2,61763388,
02/12/2025 15:45:00,000,2,081285037,02/12/2025 15:45:00,000,2,61763388,
02/12/2025 16:00:00,000,1,766935208,02/12/2025 16:00:00,000,2,619817391,
02/12/2025 16:15:00,000,1,550838033,02/12/2025 16:15:00,000,2,619817391,
02/12/2025 16:30:00,000,1,422655238,02/12/2025 16:30:00,000,2,619817391,
02/12/2025 16:45:00,000,1,252880104,02/12/2025 16:45:00,000,2,619817391,
02/12/2025 17:00:00,000,1,247405761,02/12/2025 17:00:00,000,2,613139696,
02/12/2025 17:15:00,000,1,253918164,02/12/2025 17:15:00,000,2,613139696,
02/12/2025 17:30:00,000,1,223023473,02/12/2025 17:30:00,000,2,613139696,
02/12/2025 17:45:00,000,1,139938476,02/12/2025 17:45:00,000,2,613139696,
02/12/2025 18:00:00,000,1,080084573,02/12/2025 18:00:00,000,2,506458308,
02/12/2025 18:15:00,000,1,034289729,02/12/2025 18:15:00,000,2,506458308,
02/12/2025 18:30:00,000,0,9991095128,02/12/2025 18:30:00,000,2,506458308,
02/12/2025 18:45:00,000,0,8758347962,02/12/2025 18:45:00,000,2,506458308,
02/12/2025 19:00:00,000,0,7264173453,02/12/2025 19:00:00,000,2,330171063,
02/12/2025 19:15:00,000,0,5918525721,02/12/2025 19:15:00,000,2,330171063,
02/12/2025 19:30:00,000,0,4675848331,02/12/2025 19:30:00,000,2,330171063,
02/12/2025 19:45:00,000,0,3571183729,02/12/2025 19:45:00,000,2,330171063,
02/12/2025 20:00:00,000,0,2836550083,02/12/2025 20:00:00,000,2,280989469,
02/12/2025 20:15:00,000,0,2116963145,02/12/2025 20:15:00,000,2,280989469,
02/12/2025 20:30:00,000,0,1511705278,02/12/2025 20:30:00,000,2,280989469,
02/12/2025 20:45:00,000,0,1519461018,02/12/2025 20:45:00,000,2,280989469,
02/12/2025 21:00:00,000,0,1308182495,02/12/2025 21:00:00,000,2,197631066,
02/12/2025 21:15:00,000,0,0982327226,02/12/2025 21:15:00,000,2,197631066,
02/12/2025 21:30:00,000,0,0491039925,02/12/2025 21:30:00,000,2,197631066,
02/12/2025 21:45:00,000,-0,079495154,02/12/2025 21:45:00,000,2,197631066,
02/12/2025 22:00:00,000,-0,199657782,02/12/2025 22:00:00,000,2,102985397,
02/12/2025 22:15:00,000,-0,300445053,02/12/2025 22:15:00,000,2,102985397,
02/12/2025 22:30:00,000,-0,404556721,02/12/2025 22:30:00,000,2,102985397,
02/12/2025 22:45:00,000,0,1994329264,02/12/2025 22:45:00,000,2,102985397,
02/12/2025 23:00:00,000,0,1794988155,02/12/2025 23:00:00,000,2,104554118,
02/12/2025 23:15:00,000,0,1820743146,02/12/2025 23:15:00,000,2,104554118,
02/12/2025 23:30:00,000,0,2132310706,02/12/2025 23:30:00,000,2,104554118,
02/12/2025 23:45:00,000,0,2276942378,02/12/2025 23:45:00,000,2,104554118,
03/12/2025 00:00:00,000,0,2499530329,03/12/2025 00:00:00,000,2,145938256,
03/12/2025 00:15:00,000,0,2639266759,03/12/2025 00:15:00,000,2,145938256,
03/12/2025 00:30:00,000,0,2695296422,03/12/2025 00:30:00,000,2,145938256,
03/12/2025 00:45:00,000,0,2830818868,03/12/2025 00:45:00,000,2,145938256,
03/12/2025 01:00:00,000,0,2556825425,03/12/2025 01:00:00,000,2,405271648,
03/12/2025 01:15:00,000,0,1927574642,03/12/2025 01:15:00,000,2,405271648,
03/12/2025 01:30:00,000,0,0890855126,03/12/2025 01:30:00,000,2,405271648,
03/12/2025 01:45:00,000,-0,079207428,03/12/2025 01:45:00,000,2,405271648,
03/12/2025 02:00:00,000,-0,28704329,03/12/2025 02:00:00,000,2,539620496,
03/12/2025 02:15:00,000,-0,516586856,03/12/2025 02:15:00,000,2,539620496,
03/12/2025 02:30:00,000,-0,752042907,03/12/2025 02:30:00,000,2,539620496,
03/12/2025 02:45:00,000,-0,933889345,03/12/2025 02:45:00,000,2,539620496,
03/12/2025 03:00:00,000,-1,02114771,03/12/2025 03:00:00,000,2,630243459,
03/12/2025 03:15:00,000,-1,13164419,03/12/2025 03:15:00,000,2,630243459,
03/12/2025 03:30:00,000,-1,12734397,03/12/2025 03:30:00,000,2,630243459,
03/12/2025 03:45:00,000,-1,15177497,03/12/2025 03:45:00,000,2,630243459,
03/12/2025 04:00:00,000,-1,1931009,03/12/2025 04:00:00,000,2,781183339,
03/12/2025 04:15:00,000,-1,24027657,03/12/2025 04:15:00,000,2,781183339,
03/12/2025 04:30:00,000,-1,3045238,03/12/2025 04:30:00,000,2,781183339,
03/12/2025 04:45:00,000,-1,18042467,03/12/2025 04:45:00,000,2,781183339,
03/12/2025 05:00:00,000,-1,19467643,03/12/2025 05:00:00,000,2,874494872,
03/12/2025 05:15:00,000,-1,23237858,03/12/2025 05:15:00,000,2,874494872,
03/12/2025 05:30:00,000,-1,24094272,03/12/2025 05:30:00,000,2,874494872,
03/12/2025 05:45:00,000,-1,30236612,03/12/2025 05:45:00,000,2,874494872,
03/12/2025 06:00:00,000,-1,41522496,03/12/2025 06:00:00,000,3,028007726,
03/12/2025 06:15:00,000,-1,48225387,03/12/2025 06:15:00,000,3,028007726,
03/12/2025 06:30:00,000,-1,52469964,03/12/2025 06:30:00,000,3,028007726,
03/12/2025 06:45:00,000,-1,54432075,03/12/2025 06:45:00,000,3,028007726,
03/12/2025 07:00:00,000,-1,50101685,03/12/2025 07:00:00,000,3,060573407,
03/12/2025 07:15:00,000,-1,46350741,03/12/2025 07:15:00,000,3,060573407,
03/12/2025 07:30:00,000,-1,32758578,03/12/2025 07:30:00,000,3,060573407,
03/12/2025 07:45:00,000,-1,19610247,03/12/2025 07:45:00,000,3,060573407,
03/12/2025 08:00:00,000,-0,991672369,03/12/2025 08:00:00,000,3,137715978,
03/12/2025 08:15:00,000,-0,726357185,03/12/2025 08:15:00,000,3,137715978,
03/12/2025 08:30:00,000,-0,395128443,03/12/2025 08:30:00,000,3,137715978,
03/12/2025 08:45:00,000,0,0609284776,03/12/2025 08:45:00,000,3,137715978,
03/12/2025 09:00:00,000,0,5033452871,03/12/2025 09:00:00,000,3,479763498,
03/12/2025 09:15:00,000,0,9320202748,03/12/2025 09:15:00,000,3,479763498,
03/12/2025 09:30:00,000,1,306521287,03/12/2025 09:30:00,000,3,479763498,
03/12/2025 09:45:00,000,1,623048162,03/12/2025 09:45:00,000,3,479763498,
03/12/2025 10:00:00,000,1,889683711,03/12/2025 10:00:00,000,3,992478206,
03/12/2025 10:15:00,000,2,203992253,03/12/2025 10:15:00,000,3,992478206,
03/12/2025 10:30:00,000,2,379122799,03/12/2025 10:30:00,000,3,992478206,
03/12/2025 10:45:00,000,2,778991265,03/12/2025 10:45:00,000,3,992478206,
03/12/2025 11:00:00,000,3,033676511,03/12/2025 11:00:00,000,4,348840499,
03/12/2025 11:15:00,000,3,273303558,03/12/2025 11:15:00,000,4,348840499,
03/12/2025 11:30:00,000,3,558075331,03/12/2025 11:30:00,000,4,348840499,
03/12/2025 11:45:00,000,3,802320067,03/12/2025 11:45:00,000,4,348840499,
03/12/2025 12:00:00,000,3,818036806,03/12/2025 12:00:00,000,4,644274508,
03/12/2025 12:15:00,000,4,002526588,03/12/2025 12:15:00,000,4,644274508,
03/12/2025 12:30:00,000,4,077464348,03/12/2025 12:30:00,000,4,644274508,
03/12/2025 12:45:00,000,4,11145999,03/12/2025 12:45:00,000,4,644274508,
03/12/2025 13:00:00,000,4,14627799,03/12/2025 13:00:00,000,4,882852651,
03/12/2025 13:15:00,000,4,191358777,03/12/2025 13:15:00,000,4,882852651,
03/12/2025 13:30:00,000,4,056401161,03/12/2025 13:30:00,000,4,882852651,
03/12/2025 13:45:00,000,4,211408567,03/12/2025 13:45:00,000,4,882852651,
03/12/2025 14:00:00,000,4,234282825,03/12/2025 14:00:00,000,5,012209965,
03/12/2025 14:15:00,000,4,249540945,03/12/2025 14:15:00,000,5,012209965,
03/12/2025 14:30:00,000,4,191838201,03/12/2025 14:30:00,000,5,012209965,
03/12/2025 14:45:00,000,4,117819217,03/12/2025 14:45:00,000,5,012209965,
03/12/2025 15:00:00,000,3,880591237,03/12/2025 15:00:00,000,4,941348297,
03/12/2025 15:15:00,000,3,800210661,03/12/2025 15:15:00,000,4,941348297,
03/12/2025 15:30:00,000,3,561803855,03/12/2025 15:30:00,000,4,941348297,
03/12/2025 15:45:00,000,3,373692475,03/12/2025 15:45:00,000,4,941348297,
03/12/2025 16:00:00,000,3,126762411,03/12/2025 16:00:00,000,4,622122621,
03/12/2025 16:15:00,000,3,050449702,03/12/2025 16:15:00,000,4,622122621,
03/12/2025 16:30:00,000,3,063831337,03/12/2025 16:30:00,000,4,622122621,
03/12/2025 16:45:00,000,3,002340344,03/12/2025 16:45:00,000,4,622122621,
03/12/2025 17:00:00,000,3,151684102,03/12/2025 17:00:00,000,4,475441535,
03/12/2025 17:15:00,000,3,218293514,03/12/2025 17:15:00,000,4,475441535,
03/12/2025 17:30:00,000,3,292108545,03/12/2025 17:30:00,000,4,475441535,
03/12/2025 17:45:00,000,3,323803682,03/12/2025 17:45:00,000,4,475441535,
03/12/2025 18:00:00,000,3,366793456,03/12/2025 18:00:00,000,4,337569598,
03/12/2025 18:15:00,000,3,287186883,03/12/2025 18:15:00,000,4,337569598,
03/12/2025 18:30:00,000,3,406030136,03/12/2025 18:30:00,000,4,337569598,
03/12/2025 18:45:00,000,3,408698377,03/12/2025 18:45:00,000,4,337569598,
03/12/2025 19:00:00,000,3,484057178,03/12/2025 19:00:00,000,4,345350247,
03/12/2025 19:15:00,000,3,504998175,03/12/2025 19:15:00,000,4,345350247,
03/12/2025 19:30:00,000,3,550931339,03/12/2025 19:30:00,000,4,345350247,
03/12/2025 19:45:00,000,3,634924057,03/12/2025 19:45:00,000,4,345350247,
03/12/2025 20:00:00,000,3,596355671,03/12/2025 20:00:00,000,4,343774721,
03/12/2025 20:15:00,000,3,574539628,03/12/2025 20:15:00,000,4,343774721,
03/12/2025 20:30:00,000,3,565637705,03/12/2025 20:30:00,000,4,343774721,
03/12/2025 20:45:00,000,3,625088476,03/12/2025 20:45:00,000,4,343774721,
03/12/2025 21:00:00,000,3,480408314,03/12/2025 21:00:00,000,4,355511225,
03/12/2025 21:15:00,000,3,582444707,03/12/2025 21:15:00,000,4,355511225,
03/12/2025 21:30:00,000,3,423033478,03/12/2025 21:30:00,000,4,355511225,
03/12/2025 21:45:00,000,3,463912689,03/12/2025 21:45:00,000,4,355511225,
03/12/2025 22:00:00,000,3,318581523,03/12/2025 22:00:00,000,4,387805817,
03/12/2025 22:15:00,000,3,272644091,03/12/2025 22:15:00,000,4,387805817,
03/12/2025 22:30:00,000,3,299121501,03/12/2025 22:30:00,000,4,387805817,
03/12/2025 22:45:00,000,3,394035724,03/12/2025 22:45:00,000,4,387805817,
03/12/2025 23:00:00,000,3,400081114,03/12/2025 23:00:00,000,4,351649439,
03/12/2025 23:15:00,000,3,330374874,03/12/2025 23:15:00,000,4,351649439,
03/12/2025 23:30:00,000,3,2455129,03/12/2025 23:30:00,000,4,351649439,
03/12/2025 23:45:00,000,3,241493643,03/12/2025 23:45:00,000,4,351649439,
04/12/2025 00:00:00,000,3,141421482,04/12/2025 00:00:00,000,4,039273346,
04/12/2025 00:15:00,000,3,105109969,04/12/2025 00:15:00,000,4,039273346,
04/12/2025 00:30:00,000,3,166267815,04/12/2025 00:30:00,000,4,039273346,
04/12/2025 00:45:00,000,3,145625915,04/12/2025 00:45:00,000,4,039273346,
04/12/2025 01:00:00,000,3,18927069,04/12/2025 01:00:00,000,3,932159053,
04/12/2025 01:15:00,000,3,292965138,04/12/2025 01:15:00,000,3,932159053,
04/12/2025 01:30:00,000,3,294600362,04/12/2025 01:30:00,000,3,932159053,
04/12/2025 01:45:00,000,3,144348953,04/12/2025 01:45:00,000,3,932159053,
04/12/2025 02:00:00,000,3,162563509,04/12/2025 02:00:00,000,3,914689227,
04/12/2025 02:15:00,000,3,157367691,04/12/2025 02:15:00,000,3,914689227,
04/12/2025 02:30:00,000,3,050087242,04/12/2025 02:30:00,000,3,914689227,
04/12/2025 02:45:00,000,2,983617132,04/12/2025 02:45:00,000,3,914689227,
04/12/2025 03:00:00,000,2,97234956,04/12/2025 03:00:00,000,3,910140753,
04/12/2025 03:15:00,000,2,976405499,04/12/2025 03:15:00,000,3,910140753,
04/12/2025 03:30:00,000,3,069091714,04/12/2025 03:30:00,000,3,910140753,
04/12/2025 03:45:00,000,3,036033274,04/12/2025 03:45:00,000,3,910140753,
04/12/2025 04:00:00,000,3,003676317,04/12/2025 04:00:00,000,3,801449951,
04/12/2025 04:15:00,000,2,966620371,04/12/2025 04:15:00,000,3,801449951,
04/12/2025 04:30:00,000,2,951491318,04/12/2025 04:30:00,000,3,801449951,
04/12/2025 04:45:00,000,2,773805633,04/12/2025 04:45:00,000,3,801449951,
04/12/2025 05:00:00,000,2,674876733,04/12/2025 05:00:00,000,3,692745369,
04/12/2025 05:15:00,000,2,722542198,04/12/2025 05:15:00,000,3,692745369,
04/12/2025 05:30:00,000,2,732786749,04/12/2025 05:30:00,000,3,692745369,
04/12/2025 05:45:00,000,2,679271769,04/12/2025 05:45:00,000,3,692745369,
04/12/2025 06:00:00,000,2,7161487,04/12/2025 06:00:00,000,3,7320514,
04/12/2025 06:15:00,000,2,734930433,04/12/2025 06:15:00,000,3,7320514,
04/12/2025 06:30:00,000,2,72100278,04/12/2025 06:30:00,000,3,7320514,
04/12/2025 06:45:00,000,2,788753773,04/12/2025 06:45:00,000,3,7320514,
04/12/2025 07:00:00,000,2,844519921,04/12/2025 07:00:00,000,3,88161425,
04/12/2025 07:15:00,000,2,836959354,04/12/2025 07:15:00,000,3,88161425,
04/12/2025 07:30:00,000,2,88359241,04/12/2025 07:30:00,000,3,88161425,
04/12/2025 07:45:00,000,2,899057137,04/12/2025 07:45:00,000,3,88161425,
04/12/2025 08:00:00,000,2,838334775,04/12/2025 08:00:00,000,4,071936363,
04/12/2025 08:15:00,000,2,88137503,04/12/2025 08:15:00,000,4,071936363,
04/12/2025 08:30:00,000,2,915509103,04/12/2025 08:30:00,000,4,071936363,
04/12/2025 08:45:00,000,3,030649191,04/12/2025 08:45:00,000,4,071936363,
04/12/2025 09:00:00,000,3,153763204,04/12/2025 09:00:00,000,4,426528968,
04/12/2025 09:15:00,000,3,355449687,04/12/2025 09:15:00,000,4,426528968,
04/12/2025 09:30:00,000,3,502584786,04/12/2025 09:30:00,000,4,426528968,
04/12/2025 09:45:00,000,3,603134393,04/12/2025 09:45:00,000,4,426528968,
04/12/2025 10:00:00,000,3,737257691,04/12/2025 10:00:00,000,4,840175604,
04/12/2025 10:15:00,000,3,811911896,04/12/2025 10:15:00,000,4,840175604,
04/12/2025 10:30:00,000,3,996069108,04/12/2025 10:30:00,000,4,840175604,
04/12/2025 10:45:00,000,4,080277557,04/12/2025 10:45:00,000,4,840175604,
04/12/2025 11:00:00,000,4,328582567,04/12/2025 11:00:00,000,5,240003065,
04/12/2025 11:15:00,000,4,441756352,04/12/2025 11:15:00,000,5,240003065,
04/12/2025 11:30:00,000,4,442353488,04/12/2025 11:30:00,000,5,240003065,
04/12/2025 11:45:00,000,4,577186492,04/12/2025 11:45:00,000,5,240003065,
04/12/2025 12:00:00,000,4,719012174,04/12/2025 12:00:00,000,5,555794276,
04/12/2025 12:15:00,000,4,804318215,04/12/2025 12:15:00,000,5,555794276,
04/12/2025 12:30:00,000,4,979413696,04/12/2025 12:30:00,000,5,555794276,
04/12/2025 12:45:00,000,4,872329766,04/12/2025 12:45:00,000,5,555794276,
04/12/2025 13:00:00,000,4,974765535,04/12/2025 13:00:00,000,5,938131621,
04/12/2025 13:15:00,000,4,908911693,04/12/2025 13:15:00,000,5,938131621,
04/12/2025 13:30:00,000,4,997792474,04/12/2025 13:30:00,000,5,938131621,
04/12/2025 13:45:00,000,5,029777158,04/12/2025 13:45:00,000,5,938131621,
04/12/2025 14:00:00,000,5,229697127,04/12/2025 14:00:00,000,6,218028224,
04/12/2025 14:15:00,000,5,348792198,04/12/2025 14:15:00,000,6,218028224,
04/12/2025 14:30:00,000,5,259955752,04/12/2025 14:30:00,000,6,218028224,
04/12/2025 14:45:00,000,5,378712744,04/12/2025 14:45:00,000,6,218028224,
04/12/2025 15:00:00,000,5,472798697,04/12/2025 15:00:00,000,6,183651519,
04/12/2025 15:15:00,000,5,343560433,04/12/2025 15:15:00,000,6,183651519,
04/12/2025 15:30:00,000,5,43885033,04/12/2025 15:30:00,000,6,183651519,
04/12/2025 15:45:00,000,5,398235527,04/12/2025 15:45:00,000,6,183651519,
04/12/2025 16:00:00,000,5,457387094,04/12/2025 16:00:00,000,5,921988704,
04/12/2025 16:15:00,000,5,423497165,04/12/2025 16:15:00,000,5,921988704,
04/12/2025 16:30:00,000,5,386009378,04/12/2025 16:30:00,000,5,921988704,
04/12/2025 16:45:00,000,5,654119911,04/12/2025 16:45:00,000,5,921988704,
04/12/2025 17:00:00,000,5,635336922,04/12/2025 17:00:00,000,5,935696305,
04/12/2025 17:15:00,000,5,766581153,04/12/2025 17:15:00,000,5,935696305,
04/12/2025 17:30:00,000,5,743872144,04/12/2025 17:30:00,000,5,935696305,
04/12/2025 17:45:00,000,5,764743048,04/12/2025 17:45:00,000,5,935696305,
04/12/2025 18:00:00,000,5,736836843,04/12/2025 18:00:00,000,5,831484686,
04/12/2025 18:15:00,000,5,910469267,04/12/2025 18:15:00,000,5,831484686,
04/12/2025 18:30:00,000,6,005190812,04/12/2025 18:30:00,000,5,831484686,
04/12/2025 18:45:00,000,5,912834794,04/12/2025 18:45:00,000,5,831484686,
04/12/2025 19:00:00,000,5,76638617,04/12/2025 19:00:00,000,5,945090783,
04/12/2025 19:15:00,000,5,629182369,04/12/2025 19:15:00,000,5,945090783,
04/12/2025 19:30:00,000,5,759614936,04/12/2025 19:30:00,000,5,945090783,
04/12/2025 19:45:00,000,5,616298283,04/12/2025 19:45:00,000,5,945090783,
04/12/2025 20:00:00,000,5,434492443,04/12/2025 20:00:00,000,5,95064515,
04/12/2025 20:15:00,000,5,452595766,04/12/2025 20:15:00,000,5,95064515,
04/12/2025 20:30:00,000,5,471363013,04/12/2025 20:30:00,000,5,95064515,
04/12/2025 20:45:00,000,5,395103111,04/12/2025 20:45:00,000,5,95064515,
04/12/2025 21:00:00,000,5,337372929,04/12/2025 21:00:00,000,5,888075685,
04/12/2025 21:15:00,000,5,17805892,04/12/2025 21:15:00,000,5,888075685,
04/12/2025 21:30:00,000,5,143079012,04/12/2025 21:30:00,000,5,888075685,
04/12/2025 21:45:00,000,5,10140443,04/12/2025 21:45:00,000,5,888075685,
04/12/2025 22:00:00,000,5,175530363,04/12/2025 22:00:00,000,5,90710994,
04/12/2025 22:15:00,000,5,207399015,04/12/2025 22:15:00,000,5,90710994,
04/12/2025 22:30:00,000,5,114391558,04/12/2025 22:30:00,000,5,90710994,
04/12/2025 22:45:00,000,5,22856801,04/12/2025 22:45:00,000,5,90710994,
04/12/2025 23:00:00,000,5,173156166,04/12/2025 23:00:00,000,5,87915519,
04/12/2025 23:15:00,000,5,257628222,04/12/2025 23:15:00,000,5,87915519,
04/12/2025 23:30:00,000,5,134318396,04/12/2025 23:30:00,000,5,87915519,
04/12/2025 23:45:00,000,5,326299949,04/12/2025 23:45:00,000,5,87915519,
05/12/2025 00:00:00,000,5,1672503,05/12/2025 00:00:00,000,5,844684863,
05/12/2025 00:15:00,000,5,324979396,05/12/2025 00:15:00,000,5,844684863,
05/12/2025 00:30:00,000,5,413851586,05/12/2025 00:30:00,000,5,844684863,
05/12/2025 00:45:00,000,5,243425608,05/12/2025 00:45:00,000,5,844684863,
05/12/2025 01:00:00,000,5,367705099,05/12/2025 01:00:00,000,6,106711989,
05/12/2025 01:15:00,000,5,348158215,05/12/2025 01:15:00,000,6,106711989,
05/12/2025 01:30:00,000,5,325747294,05/12/2025 01:30:00,000,6,106711989,
05/12/2025 01:45:00,000,5,238142415,05/12/2025 01:45:00,000,6,106711989,
05/12/2025 02:00:00,000,5,237154489,05/12/2025 02:00:00,000,6,307362174,
05/12/2025 02:15:00,000,5,184621886,05/12/2025 02:15:00,000,6,307362174,
05/12/2025 02:30:00,000,5,060814873,05/12/2025 02:30:00,000,6,307362174,
05/12/2025 02:45:00,000,5,044654243,05/12/2025 02:45:00,000,6,307362174,
05/12/2025 03:00:00,000,4,92302253,05/12/2025 03:00:00,000,6,188339295,
05/12/2025 03:15:00,000,5,001418972,05/12/2025 03:15:00,000,6,188339295,
05/12/2025 03:30:00,000,5,050311607,05/12/2025 03:30:00,000,6,188339295,
05/12/2025 03:45:00,000,4,968003665,05/12/2025 03:45:00,000,6,188339295,
05/12/2025 04:00:00,000,4,991024811,05/12/2025 04:00:00,000,6,109605601,
05/12/2025 04:15:00,000,5,021032182,05/12/2025 04:15:00,000,6,109605601,
05/12/2025 04:30:00,000,5,154972973,05/12/2025 04:30:00,000,6,109605601,
05/12/2025 04:45:00,000,5,497053619,05/12/2025 04:45:00,000,6,109605601,
05/12/2025 05:00:00,000,5,468292549,05/12/2025 05:00:00,000,6,338806708,
05/12/2025 05:15:00,000,5,618796101,05/12/2025 05:15:00,000,6,338806708,
05/12/2025 05:30:00,000,5,47342771,05/12/2025 05:30:00,000,6,338806708,
05/12/2025 05:45:00,000,5,636845088,05/12/2025 05:45:00,000,6,338806708,
05/12/2025 06:00:00,000,5,538370012,05/12/2025 06:00:00,000,6,511793359,
05/12/2025 06:15:00,000,5,563869378,05/12/2025 06:15:00,000,6,511793359,
05/12/2025 06:30:00,000,5,496842555,05/12/2025 06:30:00,000,6,511793359,
05/12/2025 06:45:00,000,5,407493459,05/12/2025 06:45:00,000,6,511793359,
05/12/2025 07:00:00,000,5,532931934,05/12/2025 07:00:00,000,6,676140427,
05/12/2025 07:15:00,000,5,550289353,05/12/2025 07:15:00,000,6,676140427,
05/12/2025 07:30:00,000,5,473451297,05/12/2025 07:30:00,000,6,676140427,
05/12/2025 07:45:00,000,5,403882765,05/12/2025 07:45:00,000,6,676140427,
05/12/2025 08:00:00,000,5,452165866,05/12/2025 08:00:00,000,6,809130703,
05/12/2025 08:15:00,000,5,406524171,05/12/2025 08:15:00,000,6,809130703,
05/12/2025 08:30:00,000,5,400256484,05/12/2025 08:30:00,000,6,809130703,
05/12/2025 08:45:00,000,5,321876586,05/12/2025 08:45:00,000,6,809130703,
05/12/2025 09:00:00,000,5,404090673,05/12/2025 09:00:00,000,7,466966015,
05/12/2025 09:15:00,000,5,644124944,05/12/2025 09:15:00,000,7,466966015,
05/12/2025 09:30:00,000,5,61632612,05/12/2025 09:30:00,000,7,466966015,
05/12/2025 09:45:00,000,5,572742456,05/12/2025 09:45:00,000,7,466966015,
05/12/2025 10:00:00,000,5,67328209,05/12/2025 10:00:00,000,8,030651704,
05/12/2025 10:15:00,000,5,650672935,05/12/2025 10:15:00,000,8,030651704,
05/12/2025 10:30:00,000,5,837803471,05/12/2025 10:30:00,000,8,030651704,
05/12/2025 10:45:00,000,5,819878183,05/12/2025 10:45:00,000,8,030651704,
05/12/2025 11:00:00,000,5,981402023,05/12/2025 11:00:00,000,8,339989814,
05/12/2025 11:15:00,000,5,987235028,05/12/2025 11:15:00,000,8,339989814,
05/12/2025 11:30:00,000,6,15409287,05/12/2025 11:30:00,000,8,339989814,
05/12/2025 11:45:00,000,6,123597321,05/12/2025 11:45:00,000,8,339989814,
05/12/2025 12:00:00,000,6,34806041,05/12/2025 12:00:00,000,7,96368664,
05/12/2025 12:15:00,000,6,173397496,05/12/2025 12:15:00,000,7,96368664,
05/12/2025 12:30:00,000,6,225349451,05/12/2025 12:30:00,000,7,96368664,
05/12/2025 12:45:00,000,6,307302635,05/12/2025 12:45:00,000,7,96368664,
05/12/2025 13:00:00,000,6,225795149,05/12/2025 13:00:00,000,7,428222696,
05/12/2025 13:15:00,000,6,060496187,05/12/2025 13:15:00,000,7,428222696,
05/12/2025 13:30:00,000,5,923273192,05/12/2025 13:30:00,000,7,428222696,
05/12/2025 13:45:00,000,5,880643789,05/12/2025 13:45:00,000,7,428222696,
05/12/2025 14:00:00,000,6,015353816,05/12/2025 14:00:00,000,6,932758723,
05/12/2025 14:15:00,000,6,02187831,05/12/2025 14:15:00,000,6,932758723,
05/12/2025 14:30:00,000,5,9106972,05/12/2025 14:30:00,000,6,932758723,
05/12/2025 14:45:00,000,6,084145045,05/12/2025 14:45:00,000,6,932758723,
05/12/2025 15:00:00,000,6,072742678,05/12/2025 15:00:00,000,6,725768982,
05/12/2025 15:15:00,000,6,07173727,05/12/2025 15:15:00,000,6,725768982,
05/12/2025 15:30:00,000,6,162140634,05/12/2025 15:30:00,000,6,725768982,
05/12/2025 15:45:00,000,6,161557249,05/12/2025 15:45:00,000,6,725768982,
05/12/2025 16:00:00,000,5,985662227,05/12/2025 16:00:00,000,6,430633214,
05/12/2025 16:15:00,000,6,071152719,05/12/2025 16:15:00,000,6,430633214,
05/12/2025 16:30:00,000,6,2006751,05/12/2025 16:30:00,000,6,430633214,
05/12/2025 16:45:00,000,6,274731018,05/12/2025 16:45:00,000,6,430633214,
05/12/2025 17:00:00,000,6,26602312,05/12/2025 17:00:00,000,6,405012007,
05/12/2025 17:15:00,000,6,328667208,05/12/2025 17:15:00,000,6,405012007,
05/12/2025 17:30:00,000,6,57679506,05/12/2025 17:30:00,000,6,405012007,
05/12/2025 17:45:00,000,6,676202267,05/12/2025 17:45:00,000,6,405012007,
05/12/2025 18:00:00,000,6,571693625,05/12/2025 18:00:00,000,6,183937478,
05/12/2025 18:15:00,000,6,610995753,05/12/2025 18:15:00,000,6,183937478,
05/12/2025 18:30:00,000,6,444958046,05/12/2025 18:30:00,000,6,183937478,
05/12/2025 18:45:00,000,6,345530894,05/12/2025 18:45:00,000,6,183937478,
05/12/2025 19:00:00,000,6,146067879,05/12/2025 19:00:00,000,5,973383164,
05/12/2025 19:15:00,000,6,186508589,05/12/2025 19:15:00,000,5,973383164,
05/12/2025 19:30:00,000,6,114845113,05/12/2025 19:30:00,000,5,973383164,
05/12/2025 19:45:00,000,5,919685316,05/12/2025 19:45:00,000,5,973383164,
05/12/2025 20:00:00,000,5,958047944,05/12/2025 20:00:00,000,5,734779372,
05/12/2025 20:15:00,000,5,860481263,05/12/2025 20:15:00,000,5,734779372,
05/12/2025 20:30:00,000,5,792311604,05/12/2025 20:30:00,000,5,734779372,
05/12/2025 20:45:00,000,5,799264685,05/12/2025 20:45:00,000,5,734779372,
05/12/2025 21:00:00,000,5,732975337,05/12/2025 21:00:00,000,5,533450213,
05/12/2025 21:15:00,000,5,708712178,05/12/2025 21:15:00,000,5,533450213,
05/12/2025 21:30:00,000,5,769603536,05/12/2025 21:30:00,000,5,533450213,
05/12/2025 21:45:00,000,5,594472986,05/12/2025 21:45:00,000,5,533450213,
05/12/2025 22:00:00,000,5,606737012,05/12/2025 22:00:00,000,5,138833507,
05/12/2025 22:15:00,000,5,6142147,05/12/2025 22:15:00,000,5,138833507,
05/12/2025 22:30:00,000,5,390247893,05/12/2025 22:30:00,000,5,138833507,
05/12/2025 22:45:00,000,5,484984438,05/12/2025 22:45:00,000,5,138833507,
05/12/2025 23:00:00,000,5,354956682,05/12/2025 23:00:00,000,4,970744831,
05/12/2025 23:15:00,000,5,407432424,05/12/2025 23:15:00,000,4,970744831,
05/12/2025 23:30:00,000,5,331715579,05/12/2025 23:30:00,000,4,970744831,
05/12/2025 23:45:00,000,5,145576007,05/12/2025 23:45:00,000,4,970744831,
06/12/2025 00:00:00,000,5,116355885,06/12/2025 00:00:00,000,5,065378038,
06/12/2025 00:15:00,000,5,256748144,06/12/2025 00:15:00,000,5,065378038,
06/12/2025 00:30:00,000,5,202378441,06/12/2025 00:30:00,000,5,065378038,
06/12/2025 00:45:00,000,5,081035915,06/12/2025 00:45:00,000,5,065378038,
06/12/2025 01:00:00,000,5,206002572,06/12/2025 01:00:00,000,4,824122266,
06/12/2025 01:15:00,000,5,1838118,06/12/2025 01:15:00,000,4,824122266,
06/12/2025 01:30:00,000,5,19651212,06/12/2025 01:30:00,000,4,824122266,
06/12/2025 01:45:00,000,5,248008819,06/12/2025 01:45:00,000,4,824122266,
06/12/2025 02:00:00,000,5,1793709,06/12/2025 02:00:00,000,4,933439781,
06/12/2025 02:15:00,000,5,005329265,06/12/2025 02:15:00,000,4,933439781,
06/12/2025 02:30:00,000,4,96448898,06/12/2025 02:30:00,000,4,933439781,
06/12/2025 02:45:00,000,4,915452706,06/12/2025 02:45:00,000,4,933439781,
06/12/2025 03:00:00,000,4,99142964,06/12/2025 03:00:00,000,4,739994298,
06/12/2025 03:15:00,000,4,948237456,06/12/2025 03:15:00,000,4,739994298,
06/12/2025 03:30:00,000,5,037027864,06/12/2025 03:30:00,000,4,739994298,
06/12/2025 03:45:00,000,4,904906951,06/12/2025 03:45:00,000,4,739994298,
06/12/2025 04:00:00,000,4,96455216,06/12/2025 04:00:00,000,4,738467915,
06/12/2025 04:15:00,000,4,888761112,06/12/2025 04:15:00,000,4,738467915,
06/12/2025 04:30:00,000,4,815475064,06/12/2025 04:30:00,000,4,738467915,
06/12/2025 04:45:00,000,4,913631642,06/12/2025 04:45:00,000,4,738467915,
06/12/2025 05:00:00,000,4,790345047,06/12/2025 05:00:00,000,4,559154253,
06/12/2025 05:15:00,000,4,87340942,06/12/2025 05:15:00,000,4,559154253,
06/12/2025 05:30:00,000,4,791070598,06/12/2025 05:30:00,000,4,559154253,
06/12/2025 05:45:00,000,4,823184563,06/12/2025 05:45:00,000,4,559154253,
06/12/2025 06:00:00,000,4,7776118,06/12/2025 06:00:00,000,4,487106477,
06/12/2025 06:15:00,000,4,772598888,06/12/2025 06:15:00,000,4,487106477,
06/12/2025 06:30:00,000,4,737116193,06/12/2025 06:30:00,000,4,487106477,
06/12/2025 06:45:00,000,4,723703369,06/12/2025 06:45:00,000,4,487106477,
06/12/2025 07:00:00,000,4,689467579,06/12/2025 07:00:00,000,4,369856483,
06/12/2025 07:15:00,000,4,642042716,06/12/2025 07:15:00,000,4,369856483,
06/12/2025 07:30:00,000,4,659008884,06/12/2025 07:30:00,000,4,369856483,
06/12/2025 07:45:00,000,4,711636869,06/12/2025 07:45:00,000,4,369856483,
06/12/2025 08:00:00,000,4,719457322,06/12/2025 08:00:00,000,4,685141848,
06/12/2025 08:15:00,000,4,827072954,06/12/2025 08:15:00,000,4,685141848,
06/12/2025 08:30:00,000,4,945462345,06/12/2025 08:30:00,000,4,685141848,
06/12/2025 08:45:00,000,5,089456376,06/12/2025 08:45:00,000,4,685141848,
06/12/2025 09:00:00,000,5,263519881,06/12/2025 09:00:00,000,5,557804147,
06/12/2025 09:15:00,000,5,561324419,06/12/2025 09:15:00,000,5,557804147,
06/12/2025 09:30:00,000,5,789930252,06/12/2025 09:30:00,000,5,557804147,
06/12/2025 09:45:00,000,5,82664094,06/12/2025 09:45:00,000,5,557804147,
06/12/2025 10:00:00,000,5,928191307,06/12/2025 10:00:00,000,6,276774072,
06/12/2025 10:15:00,000,6,02136851,06/12/2025 10:15:00,000,6,276774072,
06/12/2025 10:30:00,000,6,20504227,06/12/2025 10:30:00,000,6,276774072,
06/12/2025 10:45:00,000,6,3206273,06/12/2025 10:45:00,000,6,276774072,
06/12/2025 11:00:00,000,6,39942346,06/12/2025 11:00:00,000,7,083826368,
06/12/2025 11:15:00,000,6,598521401,06/12/2025 11:15:00,000,7,083826368,
06/12/2025 11:30:00,000,6,780455651,06/12/2025 11:30:00,000,7,083826368,
06/12/2025 11:45:00,000,6,685809531,06/12/2025 11:45:00,000,7,083826368,
06/12/2025 12:00:00,000,6,833647569,06/12/2025 12:00:00,000,7,488026937,
06/12/2025 12:15:00,000,6,713534131,06/12/2025 12:15:00,000,7,488026937,
06/12/2025 12:30:00,000,6,981602127,06/12/2025 12:30:00,000,7,488026937,
06/12/2025 12:45:00,000,6,82414966,06/12/2025 12:45:00,000,7,488026937,
06/12/2025 13:00:00,000,6,987960888,06/12/2025 13:00:00,000,7,448918943,
06/12/2025 13:15:00,000,6,913011999,06/12/2025 13:15:00,000,7,448918943,
06/12/2025 13:30:00,000,7,004629167,06/12/2025 13:30:00,000,7,448918943,
06/12/2025 13:45:00,000,7,049912403,06/12/2025 13:45:00,000,7,448918943,
06/12/2025 14:00:00,000,7,257803108,06/12/2025 14:00:00,000,7,281236513,
06/12/2025 14:15:00,000,7,015233518,06/12/2025 14:15:00,000,7,281236513,
06/12/2025 14:30:00,000,6,969776042,06/12/2025 14:30:00,000,7,281236513,
06/12/2025 14:45:00,000,6,929170223,06/12/2025 14:45:00,000,7,281236513,
06/12/2025 15:00:00,000,6,71938024,06/12/2025 15:00:00,000,6,841791874,
06/12/2025 15:15:00,000,6,485359359,06/12/2025 15:15:00,000,6,841791874,
06/12/2025 15:30:00,000,6,112995129,06/12/2025 15:30:00,000,6,841791874,
06/12/2025 15:45:00,000,5,86573632,06/12/2025 15:45:00,000,6,841791874,
06/12/2025 16:00:00,000,5,88301016,06/12/2025 16:00:00,000,6,519573686,
06/12/2025 16:15:00,000,5,818190553,06/12/2025 16:15:00,000,6,519573686,
06/12/2025 16:30:00,000,5,852349269,06/12/2025 16:30:00,000,6,519573686,
06/12/2025 16:45:00,000,5,87546408,06/12/2025 16:45:00,000,6,519573686,
06/12/2025 17:00:00,000,5,984018688,06/12/2025 17:00:00,000,5,94858187,
06/12/2025 17:15:00,000,6,04896061,06/12/2025 17:15:00,000,5,94858187,
06/12/2025 17:30:00,000,6,168739423,06/12/2025 17:30:00,000,5,94858187,
06/12/2025 17:45:00,000,6,12744819,06/12/2025 17:45:00,000,5,94858187,
06/12/2025 18:00:00,000,6,315151944,06/12/2025 18:00:00,000,5,827133213,
06/12/2025 18:15:00,000,6,332790165,06/12/2025 18:15:00,000,5,827133213,
06/12/2025 18:30:00,000,6,386014922,06/12/2025 18:30:00,000,5,827133213,
06/12/2025 18:45:00,000,6,475626608,06/12/2025 18:45:00,000,5,827133213,
06/12/2025 19:00:00,000,6,268441168,06/12/2025 19:00:00,000,5,568358556,
06/12/2025 19:15:00,000,6,391983222,06/12/2025 19:15:00,000,5,568358556,
06/12/2025 19:30:00,000,6,297358158,06/12/2025 19:30:00,000,5,568358556,
06/12/2025 19:45:00,000,6,261174185,06/12/2025 19:45:00,000,5,568358556,
06/12/2025 20:00:00,000,6,278376522,06/12/2025 20:00:00,000,5,510456003,
06/12/2025 20:15:00,000,6,024208681,06/12/2025 20:15:00,000,5,510456003,
06/12/2025 20:30:00,000,5,941511252,06/12/2025 20:30:00,000,5,510456003,
06/12/2025 20:45:00,000,5,812161,06/12/2025 20:45:00,000,5,510456003,
06/12/2025 21:00:00,000,5,759484962,06/12/2025 21:00:00,000,5,490903202,
06/12/2025 21:15:00,000,5,94612381,06/12/2025 21:15:00,000,5,490903202,
06/12/2025 21:30:00,000,5,775224331,06/12/2025 21:30:00,000,5,490903202,
06/12/2025 21:45:00,000,5,628879996,06/12/2025 21:45:00,000,5,490903202,
06/12/2025 22:00:00,000,5,643714927,06/12/2025 22:00:00,000,5,394170604,
06/12/2025 22:15:00,000,5,457993722,06/12/2025 22:15:00,000,5,394170604,
06/12/2025 22:30:00,000,5,458082132,06/12/2025 22:30:00,000,5,394170604,
06/12/2025 22:45:00,000,5,152115009,06/12/2025 22:45:00,000,5,394170604,
06/12/2025 23:00:00,000,5,131831901,06/12/2025 23:00:00,000,5,483787619,
06/12/2025 23:15:00,000,5,044085299,06/12/2025 23:15:00,000,5,483787619,
06/12/2025 23:30:00,000,5,101036234,06/12/2025 23:30:00,000,5,483787619,
06/12/2025 23:45:00,000,4,985797368,06/12/2025 23:45:00,000,5,483787619,
07/12/2025 00:00:00,000,4,849774502,07/12/2025 00:00:00,000,5,343841244,
07/12/2025 00:15:00,000,4,844111827,07/12/2025 00:15:00,000,5,343841244,
07/12/2025 00:30:00,000,4,891539271,07/12/2025 00:30:00,000,5,343841244,
07/12/2025 00:45:00,000,4,820237924,07/12/2025 00:45:00,000,5,343841244,
07/12/2025 01:00:00,000,4,879952294,07/12/2025 01:00:00,000,5,191335418,
07/12/2025 01:15:00,000,4,825508074,07/12/2025 01:15:00,000,5,191335418,
07/12/2025 01:30:00,000,4,7599813,07/12/2025 01:30:00,000,5,191335418,
07/12/2025 01:45:00,000,4,834594728,07/12/2025 01:45:00,000,5,191335418,
07/12/2025 02:00:00,000,4,621289501,07/12/2025 02:00:00,000,4,757184031,
07/12/2025 02:15:00,000,4,714302335,07/12/2025 02:15:00,000,4,757184031,
07/12/2025 02:30:00,000,4,533608288,07/12/2025 02:30:00,000,4,757184031,
07/12/2025 02:45:00,000,4,601827719,07/12/2025 02:45:00,000,4,757184031,
07/12/2025 03:00:00,000,4,661408832,07/12/2025 03:00:00,000,4,863417706,
07/12/2025 03:15:00,000,4,636030485,07/12/2025 03:15:00,000,4,863417706,
07/12/2025 03:30:00,000,4,484371275,07/12/2025 03:30:00,000,4,863417706,
07/12/2025 03:45:00,000,4,515932688,07/12/2025 03:45:00,000,4,863417706,
07/12/2025 04:00:00,000,4,464959384,07/12/2025 04:00:00,000,4,843612882,
07/12/2025 04:15:00,000,4,403418006,07/12/2025 04:15:00,000,4,843612882,
07/12/2025 04:30:00,000,4,463147102,07/12/2025 04:30:00,000,4,843612882,
07/12/2025 04:45:00,000,4,466989686,07/12/2025 04:45:00,000,4,843612882,
07/12/2025 05:00:00,000,4,418711448,07/12/2025 05:00:00,000,4,634582456,
07/12/2025 05:15:00,000,4,466769206,07/12/2025 05:15:00,000,4,634582456,
07/12/2025 05:30:00,000,4,529131587,07/12/2025 05:30:00,000,4,634582456,
07/12/2025 05:45:00,000,4,413635403,07/12/2025 05:45:00,000,4,634582456,
07/12/2025 06:00:00,000,4,425778622,07/12/2025 06:00:00,000,4,732870845,
07/12/2025 06:15:00,000,4,449283469,07/12/2025 06:15:00,000,4,732870845,
07/12/2025 06:30:00,000,4,367103815,07/12/2025 06:30:00,000,4,732870845,
07/12/2025 06:45:00,000,4,378462722,07/12/2025 06:45:00,000,4,732870845,
07/12/2025 07:00:00,000,4,342001389,07/12/2025 07:00:00,000,4,904829617,
07/12/2025 07:15:00,000,4,224657802,07/12/2025 07:15:00,000,4,904829617,
07/12/2025 07:30:00,000,4,162008701,07/12/2025 07:30:00,000,4,904829617,
07/12/2025 07:45:00,000,4,132188923,07/12/2025 07:45:00,000,4,904829617,
07/12/2025 08:00:00,000,4,066890814,07/12/2025 08:00:00,000,5,071574582,
07/12/2025 08:15:00,000,4,161489011,07/12/2025 08:15:00,000,5,071574582,
07/12/2025 08:30:00,000,4,276093476,07/12/2025 08:30:00,000,5,071574582,
07/12/2025 08:45:00,000,4,456413227,07/12/2025 08:45:00,000,5,071574582,
07/12/2025 09:00:00,000,4,693445527,07/12/2025 09:00:00,000,5,400430762,
07/12/2025 09:15:00,000,4,869959688,07/12/2025 09:15:00,000,5,400430762,
07/12/2025 09:30:00,000,5,164048014,07/12/2025 09:30:00,000,5,400430762,
07/12/2025 09:45:00,000,5,274749497,07/12/2025 09:45:00,000,5,400430762,
07/12/2025 10:00:00,000,5,633448031,07/12/2025 10:00:00,000,5,914135249,
07/12/2025 10:15:00,000,5,869670218,07/12/2025 10:15:00,000,5,914135249,
07/12/2025 10:30:00,000,5,869199769,07/12/2025 10:30:00,000,5,914135249,
07/12/2025 10:45:00,000,6,03364026,07/12/2025 10:45:00,000,5,914135249,
07/12/2025 11:00:00,000,6,201178203,07/12/2025 11:00:00,000,6,272906325,
07/12/2025 11:15:00,000,6,14659162,07/12/2025 11:15:00,000,6,272906325,
07/12/2025 11:30:00,000,6,198440709,07/12/2025 11:30:00,000,6,272906325,
07/12/2025 11:45:00,000,5,991200914,07/12/2025 11:45:00,000,6,272906325,
07/12/2025 12:00:00,000,5,919118403,07/12/2025 12:00:00,000,6,676926328,
07/12/2025 12:15:00,000,5,943856477,07/12/2025 12:15:00,000,6,676926328,
07/12/2025 12:30:00,000,6,037109283,07/12/2025 12:30:00,000,6,676926328,
07/12/2025 12:45:00,000,6,290768759,07/12/2025 12:45:00,000,6,676926328,
07/12/2025 13:00:00,000,6,360298964,07/12/2025 13:00:00,000,6,935575066,
07/12/2025 13:15:00,000,6,618816811,07/12/2025 13:15:00,000,6,935575066,
07/12/2025 13:30:00,000,6,503984767,07/12/2025 13:30:00,000,6,935575066,
07/12/2025 13:45:00,000,6,676870392,07/12/2025 13:45:00,000,6,935575066,
07/12/2025 14:00:00,000,6,841524386,07/12/2025 14:00:00,000,6,630688165,
07/12/2025 14:15:00,000,6,918886855,07/12/2025 14:15:00,000,6,630688165,
07/12/2025 14:30:00,000,6,700140087,07/12/2025 14:30:00,000,6,630688165,
07/12/2025 14:45:00,000,6,58105344,07/12/2025 14:45:00,000,6,630688165,
07/12/2025 15:00:00,000,6,639930125,07/12/2025 15:00:00,000,6,523553198,
07/12/2025 15:15:00,000,6,409391022,07/12/2025 15:15:00,000,6,523553198,
07/12/2025 15:30:00,000,6,355321316,07/12/2025 15:30:00,000,6,523553198,
07/12/2025 15:45:00,000,6,202734025,07/12/2025 15:45:00,000,6,523553198,
07/12/2025 16:00:00,000,6,175412186,07/12/2025 16:00:00,000,6,15161623,
07/12/2025 16:15:00,000,6,320842665,07/12/2025 16:15:00,000,6,15161623,
07/12/2025 16:30:00,000,6,314637947,07/12/2025 16:30:00,000,6,15161623,
07/12/2025 16:45:00,000,6,268715201,07/12/2025 16:45:00,000,6,15161623,
07/12/2025 17:00:00,000,6,601056987,07/12/2025 17:00:00,000,5,997886923,
07/12/2025 17:15:00,000,6,707961152,07/12/2025 17:15:00,000,5,997886923,
07/12/2025 17:30:00,000,6,759449724,07/12/2025 17:30:00,000,5,997886923,
07/12/2025 17:45:00,000,6,749875754,07/12/2025 17:45:00,000,5,997886923,
07/12/2025 18:00:00,000,6,670201804,07/12/2025 18:00:00,000,5,755597272,
07/12/2025 18:15:00,000,6,595586543,07/12/2025 18:15:00,000,5,755597272,
07/12/2025 18:30:00,000,6,653131139,07/12/2025 18:30:00,000,5,755597272,
07/12/2025 18:45:00,000,6,663851917,07/12/2025 18:45:00,000,5,755597272,
07/12/2025 19:00:00,000,6,642135152,07/12/2025 19:00:00,000,5,601581594,
07/12/2025 19:15:00,000,6,651842625,07/12/2025 19:15:00,000,5,601581594,
07/12/2025 19:30:00,000,6,551856986,07/12/2025 19:30:00,000,5,601581594,
07/12/2025 19:45:00,000,6,537864925,07/12/2025 19:45:00,000,5,601581594,
07/12/2025 20:00:00,000,6,479981294,07/12/2025 20:00:00,000,5,544172547,
07/12/2025 20:15:00,000,6,233330682,07/12/2025 20:15:00,000,5,544172547,
07/12/2025 20:30:00,000,6,286567402,07/12/2025 20:30:00,000,5,544172547,
07/12/2025 20:45:00,000,6,254460656,07/12/2025 20:45:00,000,5,544172547,
07/12/2025 21:00:00,000,6,335895036,07/12/2025 21:00:00,000,5,559105275,
07/12/2025 21:15:00,000,6,350560018,07/12/2025 21:15:00,000,5,559105275,
07/12/2025 21:30:00,000,6,245692529,07/12/2025 21:30:00,000,5,559105275,
07/12/2025 21:45:00,000,6,051512955,07/12/2025 21:45:00,000,5,559105275,
07/12/2025 22:00:00,000,6,15790058,07/12/2025 22:00:00,000,5,327451696,
07/12/2025 22:15:00,000,5,87872127,07/12/2025 22:15:00,000,5,327451696,
07/12/2025 22:30:00,000,5,894752928,07/12/2025 22:30:00,000,5,327451696,
07/12/2025 22:45:00,000,5,51444716,07/12/2025 22:45:00,000,5,327451696,
07/12/2025 23:00:00,000,5,305617558,07/12/2025 23:00:00,000,5,267043307,
07/12/2025 23:15:00,000,5,366993095,07/12/2025 23:15:00,000,5,267043307,
07/12/2025 23:30:00,000,5,251735282,07/12/2025 23:30:00,000,5,267043307,
07/12/2025 23:45:00,000,5,100677093,07/12/2025 23:45:00,000,5,267043307,
08/12/2025 00:00:00,000,5,196195002,08/12/2025 00:00:00,000,5,079396051,
08/12/2025 00:15:00,000,5,113222432,08/12/2025 00:15:00,000,5,079396051,
08/12/2025 00:30:00,000,4,91773498,08/12/2025 00:30:00,000,5,079396051,
08/12/2025 00:45:00,000,4,841746865,08/12/2025 00:45:00,000,5,079396051,
08/12/2025 01:00:00,000,4,946104468,08/12/2025 01:00:00,000,5,194066396,
08/12/2025 01:15:00,000,4,778223185,08/12/2025 01:15:00,000,5,194066396,
08/12/2025 01:30:00,000,4,859365755,08/12/2025 01:30:00,000,5,194066396,
08/12/2025 01:45:00,000,4,830159246,08/12/2025 01:45:00,000,5,194066396,
08/12/2025 02:00:00,000,4,616857802,08/12/2025 02:00:00,000,5,135419066,
08/12/2025 02:15:00,000,4,615598132,08/12/2025 02:15:00,000,5,135419066,
08/12/2025 02:30:00,000,4,514258412,08/12/2025 02:30:00,000,5,135419066,
08/12/2025 02:45:00,000,4,523971748,08/12/2025 02:45:00,000,5,135419066,
08/12/2025 03:00:00,000,4,523703387,08/12/2025 03:00:00,000,4,990974473,
08/12/2025 03:15:00,000,4,529903644,08/12/2025 03:15:00,000,4,990974473,
08/12/2025 03:30:00,000,4,459759359,08/12/2025 03:30:00,000,4,990974473,
08/12/2025 03:45:00,000,4,342734184,08/12/2025 03:45:00,000,4,990974473,
08/12/2025 04:00:00,000,4,422086,08/12/2025 04:00:00,000,4,778040946,
08/12/2025 04:15:00,000,4,197284318,08/12/2025 04:15:00,000,4,778040946,
08/12/2025 04:30:00,000,4,086973943,08/12/2025 04:30:00,000,4,778040946,
08/12/2025 04:45:00,000,4,073543223,08/12/2025 04:45:00,000,4,778040946,
08/12/2025 05:00:00,000,4,108680851,08/12/2025 05:00:00,000,4,751989669,
08/12/2025 05:15:00,000,4,04984672,08/12/2025 05:15:00,000,4,751989669,
08/12/2025 05:30:00,000,4,042097322,08/12/2025 05:30:00,000,4,751989669,
08/12/2025 05:45:00,000,4,154942694,08/12/2025 05:45:00,000,4,751989669,
08/12/2025 06:00:00,000,4,185983304,08/12/2025 06:00:00,000,4,506286445,
08/12/2025 06:15:00,000,4,178244669,08/12/2025 06:15:00,000,4,506286445,
08/12/2025 06:30:00,000,4,080970338,08/12/2025 06:30:00,000,4,506286445,
08/12/2025 06:45:00,000,4,208111684,08/12/2025 06:45:00,000,4,506286445,
08/12/2025 07:00:00,000,4,180009716,08/12/2025 07:00:00,000,4,634467518,
08/12/2025 07:15:00,000,4,237591583,08/12/2025 07:15:00,000,4,634467518,
08/12/2025 07:30:00,000,4,282233759,08/12/2025 07:30:00,000,4,634467518,
08/12/2025 07:45:00,000,4,116857926,08/12/2025 07:45:00,000,4,634467518,
08/12/2025 08:00:00,000,4,208443445,08/12/2025 08:00:00,000,4,796415503,
08/12/2025 08:15:00,000,4,136523546,08/12/2025 08:15:00,000,4,796415503,
08/12/2025 08:30:00,000,4,220392611,08/12/2025 08:30:00,000,4,796415503,
08/12/2025 08:45:00,000,4,310383132,08/12/2025 08:45:00,000,4,796415503,
08/12/2025 09:00:00,000,4,496334561,08/12/2025 09:00:00,000,5,137412216,
08/12/2025 09:15:00,000,4,725284384,08/12/2025 09:15:00,000,5,137412216,
08/12/2025 09:30:00,000,4,792865638,08/12/2025 09:30:00,000,5,137412216,
08/12/2025 09:45:00,000,4,860993534,08/12/2025 09:45:00,000,5,137412216,
08/12/2025 10:00:00,000,5,042850865,08/12/2025 10:00:00,000,5,604022608,
08/12/2025 10:15:00,000,5,135718276,08/12/2025 10:15:00,000,5,604022608,
08/12/2025 10:30:00,000,5,058250399,08/12/2025 10:30:00,000,5,604022608,
08/12/2025 10:45:00,000,4,959576297,08/12/2025 10:45:00,000,5,604022608,
08/12/2025 11:00:00,000,5,025286922,08/12/2025 11:00:00,000,6,208241702,
08/12/2025 11:15:00,000,5,189382874,08/12/2025 11:15:00,000,6,208241702,
08/12/2025 11:30:00,000,5,39356901,08/12/2025 11:30:00,000,6,208241702,
08/12/2025 11:45:00,000,5,306194795,08/12/2025 11:45:00,000,6,208241702,
08/12/2025 12:00:00,000,5,524405405,08/12/2025 12:00:00,000,6,76249598,
08/12/2025 12:15:00,000,5,360872384,08/12/2025 12:15:00,000,6,76249598,
08/12/2025 12:30:00,000,5,550487717,08/12/2025 12:30:00,000,6,76249598,
08/12/2025 12:45:00,000,5,453082246,08/12/2025 12:45:00,000,6,76249598,
08/12/2025 13:00:00,000,5,704994084,08/12/2025 13:00:00,000,6,873664062,
08/12/2025 13:15:00,000,5,744343312,08/12/2025 13:15:00,000,6,873664062,
08/12/2025 13:30:00,000,5,662985189,08/12/2025 13:30:00,000,6,873664062,
08/12/2025 13:45:00,000,5,83915845,08/12/2025 13:45:00,000,6,873664062,
08/12/2025 14:00:00,000,5,871254652,08/12/2025 14:00:00,000,6,81439622,
08/12/2025 14:15:00,000,5,965895468,08/12/2025 14:15:00,000,6,81439622,
08/12/2025 14:30:00,000,6,035075171,08/12/2025 14:30:00,000,6,81439622,
08/12/2025 14:45:00,000,5,886805224,08/12/2025 14:45:00,000,6,81439622,
08/12/2025 15:00:00,000,6,01772963,08/12/2025 15:00:00,000,6,585813479,
08/12/2025 15:15:00,000,5,841071595,08/12/2025 15:15:00,000,6,585813479,
08/12/2025 15:30:00,000,5,83090674,08/12/2025 15:30:00,000,6,585813479,
08/12/2025 15:45:00,000,5,671067276,08/12/2025 15:45:00,000,6,585813479,
08/12/2025 16:00:00,000,5,521945978,08/12/2025 16:00:00,000,6,244797116,
08/12/2025 16:15:00,000,5,750108655,08/12/2025 16:15:00,000,6,244797116,
08/12/2025 16:30:00,000,5,678347284,08/12/2025 16:30:00,000,6,244797116,
08/12/2025 16:45:00,000,5,762903595,08/12/2025 16:45:00,000,6,244797116,
08/12/2025 17:00:00,000,5,958486664,08/12/2025 17:00:00,000,5,828512481,
08/12/2025 17:15:00,000,6,051496135,08/12/2025 17:15:00,000,5,828512481,
08/12/2025 17:30:00,000,6,282259076,08/12/2025 17:30:00,000,5,828512481,
08/12/2025 17:45:00,000,6,161863777,08/12/2025 17:45:00,000,5,828512481,
08/12/2025 18:00:00,000,6,224380687,08/12/2025 18:00:00,000,5,602465426,
08/12/2025 18:15:00,000,6,248772758,08/12/2025 18:15:00,000,5,602465426,
08/12/2025 18:30:00,000,6,359557987,08/12/2025 18:30:00,000,5,602465426,
08/12/2025 18:45:00,000,6,339464397,08/12/2025 18:45:00,000,5,602465426,
08/12/2025 19:00:00,000,6,249824665,08/12/2025 19:00:00,000,5,496420948,
08/12/2025 19:15:00,000,6,31390517,08/12/2025 19:15:00,000,5,496420948,
08/12/2025 19:30:00,000,6,292252898,08/12/2025 19:30:00,000,5,496420948,
08/12/2025 19:45:00,000,6,004319162,08/12/2025 19:45:00,000,5,496420948,
08/12/2025 20:00:00,000,5,965409213,08/12/2025 20:00:00,000,5,52955056,
08/12/2025 20:15:00,000,5,828728845,08/12/2025 20:15:00,000,5,52955056,
08/12/2025 20:30:00,000,5,822100371,08/12/2025 20:30:00,000,5,52955056,
08/12/2025 20:45:00,000,5,915656663,08/12/2025 20:45:00,000,5,52955056,
08/12/2025 21:00:00,000,5,863702122,08/12/2025 21:00:00,000,5,503259209,
08/12/2025 21:15:00,000,5,915865002,08/12/2025 21:15:00,000,5,503259209,
08/12/2025 21:30:00,000,5,918293757,08/12/2025 21:30:00,000,5,503259209,
08/12/2025 21:45:00,000,5,687510504,08/12/2025 21:45:00,000,5,503259209,
08/12/2025 22:00:00,000,5,651454561,08/12/2025 22:00:00,000,5,60500693,
08/12/2025 22:15:00,000,5,816485277,08/12/2025 22:15:00,000,5,60500693,
08/12/2025 22:30:00,000,5,657080187,08/12/2025 22:30:00,000,5,60500693,
08/12/2025 22:45:00,000,5,428987504,08/12/2025 22:45:00,000,5,60500693,
08/12/2025 23:00:00,000,5,25341729,08/12/2025 23:00:00,000,5,560565967,
08/12/2025 23:15:00,000,5,380250525,08/12/2025 23:15:00,000,5,560565967,
08/12/2025 23:30:00,000,5,377513881,08/12/2025 23:30:00,000,5,560565967,
08/12/2025 23:45:00,000,5,163030583,08/12/2025 23:45:00,000,5,560565967,
09/12/2025 00:00:00,000,5,247006841,09/12/2025 00:00:00,000,5,52219456,
09/12/2025 00:15:00,000,4,935602666,09/12/2025 00:15:00,000,5,52219456,
09/12/2025 00:30:00,000,4,951860032,09/12/2025 00:30:00,000,5,52219456,
09/12/2025 00:45:00,000,4,712885344,09/12/2025 00:45:00,000,5,52219456,
09/12/2025 01:00:00,000,4,676282069,09/12/2025 01:00:00,000,5,340505379,
09/12/2025 01:15:00,000,4,771470729,09/12/2025 01:15:00,000,5,340505379,
09/12/2025 01:30:00,000,4,650888812,09/12/2025 01:30:00,000,5,340505379,
09/12/2025 01:45:00,000,4,660185774,09/12/2025 01:45:00,000,5,340505379,
09/12/2025 02:00:00,000,4,68169784,09/12/2025 02:00:00,000,5,440842054,
09/12/2025 02:15:00,000,4,527468407,09/12/2025 02:15:00,000,5,440842054,
09/12/2025 02:30:00,000,4,513010662,09/12/2025 02:30:00,000,5,440842054,
09/12/2025 02:45:00,000,4,453092265,09/12/2025 02:45:00,000,5,440842054,
09/12/2025 03:00:00,000,4,480148187,09/12/2025 03:00:00,000,5,361110515,
09/12/2025 03:15:00,000,4,32344226,09/12/2025 03:15:00,000,5,361110515,
09/12/2025 03:30:00,000,4,247083308,09/12/2025 03:30:00,000,5,361110515,
09/12/2025 03:45:00,000,4,217669174,09/12/2025 03:45:00,000,5,361110515,
09/12/2025 04:00:00,000,4,242820483,09/12/2025 04:00:00,000,5,435795643,
09/12/2025 04:15:00,000,4,307099739,09/12/2025 04:15:00,000,5,435795643,
09/12/2025 04:30:00,000,4,250233201,09/12/2025 04:30:00,000,5,435795643,
09/12/2025 04:45:00,000,4,286060508,09/12/2025 04:45:00,000,5,435795643,
09/12/2025 05:00:00,000,4,262152304,09/12/2025 05:00:00,000,5,287628786,
09/12/2025 05:15:00,000,4,295639884,09/12/2025 05:15:00,000,5,287628786,
09/12/2025 05:30:00,000,4,257458731,09/12/2025 05:30:00,000,5,287628786,
09/12/2025 05:45:00,000,4,295085709,09/12/2025 05:45:00,000,5,287628786,
09/12/2025 06:00:00,000,4,253742057,09/12/2025 06:00:00,000,5,319956102,
09/12/2025 06:15:00,000,4,307032923,09/12/2025 06:15:00,000,5,319956102,
09/12/2025 06:30:00,000,4,272789246,09/12/2025 06:30:00,000,5,319956102,
09/12/2025 06:45:00,000,4,408807688,09/12/2025 06:45:00,000,5,319956102,
09/12/2025 07:00:00,000,4,287736248,09/12/2025 07:00:00,000,5,170667458,
09/12/2025 07:15:00,000,4,322468854,09/12/2025 07:15:00,000,5,170667458,
09/12/2025 07:30:00,000,4,21723249,09/12/2025 07:30:00,000,5,170667458,
09/12/2025 07:45:00,000,3,949977142,09/12/2025 07:45:00,000,5,170667458,
09/12/2025 08:00:00,000,4,010114345,09/12/2025 08:00:00,000,5,352531973,
09/12/2025 08:15:00,000,4,006029876,09/12/2025 08:15:00,000,5,352531973,
09/12/2025 08:30:00,000,3,969340583,09/12/2025 08:30:00,000,5,352531973,
09/12/2025 08:45:00,000,4,256641047,09/12/2025 08:45:00,000,5,352531973,
09/12/2025 09:00:00,000,4,563364759,09/12/2025 09:00:00,000,5,443913563,
09/12/2025 09:15:00,000,4,761037997,09/12/2025 09:15:00,000,5,443913563,
09/12/2025 09:30:00,000,4,904438268,09/12/2025 09:30:00,000,5,443913563,
09/12/2025 09:45:00,000,5,242854947,09/12/2025 09:45:00,000,5,443913563,
09/12/2025 10:00:00,000,5,293597441,09/12/2025 10:00:00,000,5,690438678,
09/12/2025 10:15:00,000,5,492325235,09/12/2025 10:15:00,000,5,690438678,
09/12/2025 10:30:00,000,5,806766459,09/12/2025 10:30:00,000,5,690438678,
09/12/2025 10:45:00,000,5,909547709,09/12/2025 10:45:00,000,5,690438678,
09/12/2025 11:00:00,000,6,078168565,09/12/2025 11:00:00,000,6,026723385,
09/12/2025 11:15:00,000,6,429811036,09/12/2025 11:15:00,000,6,026723385,
09/12/2025 11:30:00,000,6,639332436,09/12/2025 11:30:00,000,6,026723385,
09/12/2025 11:45:00,000,6,787085499,09/12/2025 11:45:00,000,6,026723385,
09/12/2025 12:00:00,000,6,916877787,09/12/2025 12:00:00,000,6,234482301,
09/12/2025 12:15:00,000,7,000295608,09/12/2025 12:15:00,000,6,234482301,
09/12/2025 12:30:00,000,6,951178928,09/12/2025 12:30:00,000,6,234482301,
09/12/2025 12:45:00,000,7,340077461,09/12/2025 12:45:00,000,6,234482301,
09/12/2025 13:00:00,000,7,228042355,09/12/2025 13:00:00,000,6,351543413,
09/12/2025 13:15:00,000,7,405177299,09/12/2025 13:15:00,000,6,351543413,
09/12/2025 13:30:00,000,7,445266338,09/12/2025 13:30:00,000,6,351543413,
09/12/2025 13:45:00,000,7,38384045,09/12/2025 13:45:00,000,6,351543413,
09/12/2025 14:00:00,000,7,381483727,09/12/2025 14:00:00,000,6,317255168,
09/12/2025 14:15:00,000,7,302814183,09/12/2025 14:15:00,000,6,317255168,
09/12/2025 14:30:00,000,7,362256688,09/12/2025 14:30:00,000,6,317255168,
09/12/2025 14:45:00,000,7,229686977,09/12/2025 14:45:00,000,6,317255168,
09/12/2025 15:00:00,000,7,127139835,09/12/2025 15:00:00,000,6,102441106,
09/12/2025 15:15:00,000,6,887350263,09/12/2025 15:15:00,000,6,102441106,
09/12/2025 15:30:00,000,6,651651652,09/12/2025 15:30:00,000,6,102441106,
09/12/2025 15:45:00,000,6,646555032,09/12/2025 15:45:00,000,6,102441106,
09/12/2025 16:00:00,000,6,441433015,09/12/2025 16:00:00,000,5,734908026,
09/12/2025 16:15:00,000,6,397846276,09/12/2025 16:15:00,000,5,734908026,
09/12/2025 16:30:00,000,6,2013689,09/12/2025 16:30:00,000,5,734908026,
09/12/2025 16:45:00,000,6,190417238,09/12/2025 16:45:00,000,5,734908026,
09/12/2025 17:00:00,000,6,290301321,09/12/2025 17:00:00,000,5,323423346,
09/12/2025 17:15:00,000,6,3450353,09/12/2025 17:15:00,000,5,323423346,
09/12/2025 17:30:00,000,6,187993415,09/12/2025 17:30:00,000,5,323423346,
09/12/2025 17:45:00,000,6,257756735,09/12/2025 17:45:00,000,5,323423346,
09/12/2025 18:00:00,000,6,094083132,09/12/2025 18:00:00,000,5,244811713,
09/12/2025 18:15:00,000,6,101138869,09/12/2025 18:15:00,000,5,244811713,
09/12/2025 18:30:00,000,6,247089778,09/12/2025 18:30:00,000,5,244811713,
09/12/2025 18:45:00,000,6,01790783,09/12/2025 18:45:00,000,5,244811713,
09/12/2025 19:00:00,000,5,939537992,09/12/2025 19:00:00,000,5,217986652,
09/12/2025 19:15:00,000,6,00234252,09/12/2025 19:15:00,000,5,217986652,
09/12/2025 19:30:00,000,5,831564031,09/12/2025 19:30:00,000,5,217986652,
09/12/2025 19:45:00,000,5,829974497,09/12/2025 19:45:00,000,5,217986652,
09/12/2025 20:00:00,000,5,753873001,09/12/2025 20:00:00,000,5,302445518,
09/12/2025 20:15:00,000,5,639741619,09/12/2025 20:15:00,000,5,302445518,
09/12/2025 20:30:00,000,5,561662205,09/12/2025 20:30:00,000,5,302445518,
09/12/2025 20:45:00,000,5,621320708,09/12/2025 20:45:00,000,5,302445518,
09/12/2025 21:00:00,000,5,510381513,09/12/2025 21:00:00,000,5,371154111,
09/12/2025 21:15:00,000,5,498513134,09/12/2025 21:15:00,000,5,371154111,
09/12/2025 21:30:00,000,5,384433361,09/12/2025 21:30:00,000,5,371154111,
09/12/2025 21:45:00,000,5,327696331,09/12/2025 21:45:00,000,5,371154111,
09/12/2025 22:00:00,000,5,244719207,09/12/2025 22:00:00,000,5,250431226,
09/12/2025 22:15:00,000,5,357260938,09/12/2025 22:15:00,000,5,250431226,
09/12/2025 22:30:00,000,5,245676472,09/12/2025 22:30:00,000,5,250431226,
09/12/2025 22:45:00,000,4,995079745,09/12/2025 22:45:00,000,5,250431226,
09/12/2025 23:00:00,000,5,008073458,09/12/2025 23:00:00,000,5,208324641,
09/12/2025 23:15:00,000,4,935043644,09/12/2025 23:15:00,000,5,208324641,
09/12/2025 23:30:00,000,4,958358063,09/12/2025 23:30:00,000,5,208324641,
09/12/2025 23:45:00,000,4,822275736,09/12/2025 23:45:00,000,5,208324641,
10/12/2025 00:00:00,000,4,752442612,10/12/2025 00:00:00,000,5,072035387,
10/12/2025 00:15:00,000,4,657048499,10/12/2025 00:15:00,000,5,072035387,
10/12/2025 00:30:00,000,4,61478398,10/12/2025 00:30:00,000,5,072035387,
10/12/2025 00:45:00,000,4,513207098,10/12/2025 00:45:00,000,5,072035387,
10/12/2025 01:00:00,000,4,410467252,10/12/2025 01:00:00,000,4,949903697,
10/12/2025 01:15:00,000,4,451070714,10/12/2025 01:15:00,000,4,949903697,
10/12/2025 01:30:00,000,4,383580605,10/12/2025 01:30:00,000,4,949903697,
10/12/2025 01:45:00,000,4,35485665,10/12/2025 01:45:00,000,4,949903697,
10/12/2025 02:00:00,000,4,194179831,10/12/2025 02:00:00,000,4,751750491,
10/12/2025 02:15:00,000,4,096499217,10/12/2025 02:15:00,000,4,751750491,
10/12/2025 02:30:00,000,4,03936008,10/12/2025 02:30:00,000,4,751750491,
10/12/2025 02:45:00,000,4,034651952,10/12/2025 02:45:00,000,4,751750491,
10/12/2025 03:00:00,000,4,041188144,10/12/2025 03:00:00,000,4,749144393,
10/12/2025 03:15:00,000,3,905159745,10/12/2025 03:15:00,000,4,749144393,
10/12/2025 03:30:00,000,3,959937291,10/12/2025 03:30:00,000,4,749144393,
10/12/2025 03:45:00,000,3,990858845,10/12/2025 03:45:00,000,4,749144393,
10/12/2025 04:00:00,000,3,928049155,10/12/2025 04:00:00,000,4,880344664,
10/12/2025 04:15:00,000,3,992024959,10/12/2025 04:15:00,000,4,880344664,
10/12/2025 04:30:00,000,3,988298423,10/12/2025 04:30:00,000,4,880344664,
10/12/2025 04:45:00,000,3,847722686,10/12/2025 04:45:00,000,4,880344664,
10/12/2025 05:00:00,000,3,832308234,10/12/2025 05:00:00,000,4,825509405,
10/12/2025 05:15:00,000,3,717045951,10/12/2025 05:15:00,000,4,825509405,
10/12/2025 05:30:00,000,3,743368107,10/12/2025 05:30:00,000,4,825509405,
10/12/2025 05:45:00,000,3,622456564,10/12/2025 05:45:00,000,4,825509405,
10/12/2025 06:00:00,000,3,482325798,10/12/2025 06:00:00,000,4,946311122,
10/12/2025 06:15:00,000,3,304527294,10/12/2025 06:15:00,000,4,946311122,
10/12/2025 06:30:00,000,3,209466615,10/12/2025 06:30:00,000,4,946311122,
10/12/2025 06:45:00,000,3,117829308,10/12/2025 06:45:00,000,4,946311122,
10/12/2025 07:00:00,000,3,059123518,10/12/2025 07:00:00,000,4,923277299,
10/12/2025 07:15:00,000,3,153601676,10/12/2025 07:15:00,000,4,923277299,
10/12/2025 07:30:00,000,3,121440544,10/12/2025 07:30:00,000,4,923277299,
10/12/2025 07:45:00,000,3,090581013,10/12/2025 07:45:00,000,4,923277299,
10/12/2025 08:00:00,000,3,209298031,10/12/2025 08:00:00,000,4,893685436,
10/12/2025 08:15:00,000,3,336514224,10/12/2025 08:15:00,000,4,893685436,
10/12/2025 08:30:00,000,3,533669605,10/12/2025 08:30:00,000,4,893685436,
10/12/2025 08:45:00,000,3,778553363,10/12/2025 08:45:00,000,4,893685436,
10/12/2025 09:00:00,000,4,230551002,10/12/2025 09:00:00,000,4,922827358,
10/12/2025 09:15:00,000,4,482038728,10/12/2025 09:15:00,000,4,922827358,
10/12/2025 09:30:00,000,4,840349618,10/12/2025 09:30:00,000,4,922827358,
10/12/2025 09:45:00,000,5,235008343,10/12/2025 09:45:00,000,4,922827358,
10/12/2025 10:00:00,000,5,561948684,10/12/2025 10:00:00,000,4,771960389,
10/12/2025 10:15:00,000,5,761576909,10/12/2025 10:15:00,000,4,771960389,
10/12/2025 10:30:00,000,6,04889544,10/12/2025 10:30:00,000,4,771960389,
10/12/2025 10:45:00,000,6,232213059,10/12/2025 10:45:00,000,4,771960389,
10/12/2025 11:00:00,000,6,703131691,10/12/2025 11:00:00,000,5,117908449,
10/12/2025 11:15:00,000,7,020844606,10/12/2025 11:15:00,000,5,117908449,
10/12/2025 11:30:00,000,7,284339917,10/12/2025 11:30:00,000,5,117908449,
10/12/2025 11:45:00,000,7,379696093,10/12/2025 11:45:00,000,5,117908449,
10/12/2025 12:00:00,000,7,564827322,10/12/2025 12:00:00,000,5,277996415,
10/12/2025 12:15:00,000,7,807853225,10/12/2025 12:15:00,000,5,277996415,
10/12/2025 12:30:00,000,7,923953145,10/12/2025 12:30:00,000,5,277996415,
10/12/2025 12:45:00,000,7,963454776,10/12/2025 12:45:00,000,5,277996415,
10/12/2025 13:00:00,000,8,236182817,10/12/2025 13:00:00,000,5,641296125,
10/12/2025 13:15:00,000,8,235840454,10/12/2025 13:15:00,000,5,641296125,
10/12/2025 13:30:00,000,8,264779666,10/12/2025 13:30:00,000,5,641296125,
10/12/2025 13:45:00,000,8,115210607,10/12/2025 13:45:00,000,5,641296125,
10/12/2025 14:00:00,000,8,149578442,10/12/2025 14:00:00,000,5,545657272,
10/12/2025 14:15:00,000,7,941336235,10/12/2025 14:15:00,000,5,545657272,
10/12/2025 14:30:00,000,7,96099985,10/12/2025 14:30:00,000,5,545657272,
10/12/2025 14:45:00,000,7,638241239,10/12/2025 14:45:00,000,5,545657272,
10/12/2025 15:00:00,000,7,27690209,10/12/2025 15:00:00,000,5,42904598,
10/12/2025 15:15:00,000,7,135690249,10/12/2025 15:15:00,000,5,42904598,
10/12/2025 15:30:00,000,6,867761637,10/12/2025 15:30:00,000,5,42904598,
10/12/2025 15:45:00,000,6,582046468,10/12/2025 15:45:00,000,5,42904598,
10/12/2025 16:00:00,000,6,462048486,10/12/2025 16:00:00,000,5,371662377,
10/12/2025 16:15:00,000,6,376619891,10/12/2025 16:15:00,000,5,371662377,
10/12/2025 16:30:00,000,6,338049972,10/12/2025 16:30:00,000,5,371662377,
10/12/2025 16:45:00,000,6,005323229,10/12/2025 16:45:00,000,5,371662377,
10/12/2025 17:00:00,000,6,082643531,10/12/2025 17:00:00,000,5,265188029,
10/12/2025 17:15:00,000,6,071744301,10/12/2025 17:15:00,000,5,265188029,
10/12/2025 17:30:00,000,6,018648983,10/12/2025 17:30:00,000,5,265188029,
10/12/2025 17:45:00,000,6,043427455,10/12/2025 17:45:00,000,5,265188029,
10/12/2025 18:00:00,000,5,946849597,10/12/2025 18:00:00,000,5,237193696,
10/12/2025 18:15:00,000,5,945830502,10/12/2025 18:15:00,000,5,237193696,
10/12/2025 18:30:00,000,5,781000604,10/12/2025 18:30:00,000,5,237193696,
10/12/2025 18:45:00,000,5,681817928,10/12/2025 18:45:00,000,5,237193696,
10/12/2025 19:00:00,000,5,545740325,10/12/2025 19:00:00,000,5,193820633,
10/12/2025 19:15:00,000,5,583197329,10/12/2025 19:15:00,000,5,193820633,
10/12/2025 19:30:00,000,5,435068313,10/12/2025 19:30:00,000,5,193820633,
10/12/2025 19:45:00,000,5,43136784,10/12/2025 19:45:00,000,5,193820633,
10/12/2025 20:00:00,000,5,334657024,10/12/2025 20:00:00,000,4,948712642,
10/12/2025 20:15:00,000,5,202388165,10/12/2025 20:15:00,000,4,948712642,
10/12/2025 20:30:00,000,5,105201685,10/12/2025 20:30:00,000,4,948712642,
10/12/2025 20:45:00,000,5,170841679,10/12/2025 20:45:00,000,4,948712642,
10/12/2025 21:00:00,000,5,114292609,10/12/2025 21:00:00,000,4,819526423,
10/12/2025 21:15:00,000,5,038872476,10/12/2025 21:15:00,000,4,819526423,
10/12/2025 21:30:00,000,5,077603459,10/12/2025 21:30:00,000,4,819526423,
10/12/2025 21:45:00,000,4,941227504,10/12/2025 21:45:00,000,4,819526423,
10/12/2025 22:00:00,000,4,728279657,10/12/2025 22:00:00,000,4,693270492,
10/12/2025 22:15:00,000,4,756909715,10/12/2025 22:15:00,000,4,693270492,
10/12/2025 22:30:00,000,4,531509075,10/12/2025 22:30:00,000,4,693270492,
10/12/2025 22:45:00,000,4,314575157,10/12/2025 22:45:00,000,4,693270492,
10/12/2025 23:00:00,000,4,172954441,10/12/2025 23:00:00,000,4,388872581,
10/12/2025 23:15:00,000,4,124911533,10/12/2025 23:15:00,000,4,388872581,
10/12/2025 23:30:00,000,4,083326143,10/12/2025 23:30:00,000,4,388872581,
10/12/2025 23:45:00,000,4,045107689,10/12/2025 23:45:00,000,4,388872581,
11/12/2025 00:00:00,000,4,041484993,11/12/2025 00:00:00,000,4,208580299,
11/12/2025 00:15:00,000,3,917203688,11/12/2025 00:15:00,000,4,208580299,
11/12/2025 00:30:00,000,3,899321906,11/12/2025 00:30:00,000,4,208580299,
11/12/2025 00:45:00,000,3,922408856,11/12/2025 00:45:00,000,4,208580299,
11/12/2025 01:00:00,000,3,983989804,11/12/2025 01:00:00,000,3,91985698,
11/12/2025 01:15:00,000,4,203702511,11/12/2025 01:15:00,000,3,91985698,
11/12/2025 01:30:00,000,4,219667751,11/12/2025 01:30:00,000,3,91985698,
11/12/2025 01:45:00,000,4,203695205,11/12/2025 01:45:00,000,3,91985698,
11/12/2025 02:00:00,000,4,117998012,11/12/2025 02:00:00,000,3,66464667,
11/12/2025 02:15:00,000,4,141884887,11/12/2025 02:15:00,000,3,66464667,
11/12/2025 02:30:00,000,4,051216217,11/12/2025 02:30:00,000,3,66464667,
11/12/2025 02:45:00,000,4,007176945,11/12/2025 02:45:00,000,3,66464667,
11/12/2025 03:00:00,000,3,922105262,11/12/2025 03:00:00,000,3,469621562,
11/12/2025 03:15:00,000,3,960525507,11/12/2025 03:15:00,000,3,469621562,
11/12/2025 03:30:00,000,3,991301135,11/12/2025 03:30:00,000,3,469621562,
11/12/2025 03:45:00,000,3,937112917,11/12/2025 03:45:00,000,3,469621562,
11/12/2025 04:00:00,000,3,848156962,11/12/2025 04:00:00,000,3,220940111,
11/12/2025 04:15:00,000,3,837366014,11/12/2025 04:15:00,000,3,220940111,
11/12/2025 04:30:00,000,3,815842116,11/12/2025 04:30:00,000,3,220940111,
11/12/2025 04:45:00,000,3,443625291,11/12/2025 04:45:00,000,3,220940111,
11/12/2025 05:00:00,000,3,374785473,11/12/2025 05:00:00,000,3,133651993,
11/12/2025 05:15:00,000,3,304661633,11/12/2025 05:15:00,000,3,133651993,
11/12/2025 05:30:00,000,3,355709507,11/12/2025 05:30:00,000,3,133651993,
11/12/2025 05:45:00,000,3,225693882,11/12/2025 05:45:00,000,3,133651993,
11/12/2025 06:00:00,000,3,383137036,11/12/2025 06:00:00,000,3,2634011,
11/12/2025 06:15:00,000,3,443729991,11/12/2025 06:15:00,000,3,2634011,
11/12/2025 06:30:00,000,3,628067167,11/12/2025 06:30:00,000,3,2634011,
11/12/2025 06:45:00,000,3,74154788,11/12/2025 06:45:00,000,3,2634011,
11/12/2025 07:00:00,000,3,767115863,11/12/2025 07:00:00,000,3,398020341,
11/12/2025 07:15:00,000,3,871482234,11/12/2025 07:15:00,000,3,398020341,
11/12/2025 07:30:00,000,3,982168288,11/12/2025 07:30:00,000,3,398020341,
11/12/2025 07:45:00,000,4,091907335,11/12/2025 07:45:00,000,3,398020341,
11/12/2025 08:00:00,000,4,005363078,11/12/2025 08:00:00,000,4,450407378,
11/12/2025 08:15:00,000,4,183308596,11/12/2025 08:15:00,000,4,450407378,
11/12/2025 08:30:00,000,4,329476313,11/12/2025 08:30:00,000,4,450407378,
11/12/2025 08:45:00,000,4,653271391,11/12/2025 08:45:00,000,4,450407378,
11/12/2025 09:00:00,000,4,870162145,11/12/2025 09:00:00,000,5,606995852,
11/12/2025 09:15:00,000,5,32132879,11/12/2025 09:15:00,000,5,606995852,
11/12/2025 09:30:00,000,5,511707756,11/12/2025 09:30:00,000,5,606995852,
11/12/2025 09:45:00,000,5,995889993,11/12/2025 09:45:00,000,5,606995852,
11/12/2025 10:00:00,000,6,198977811,11/12/2025 10:00:00,000,6,639446028,
11/12/2025 10:15:00,000,6,289174764,11/12/2025 10:15:00,000,6,639446028,
11/12/2025 10:30:00,000,6,656494319,11/12/2025 10:30:00,000,6,639446028,
11/12/2025 10:45:00,000,6,890491809,11/12/2025 10:45:00,000,6,639446028,
11/12/2025 11:00:00,000,6,944542956,11/12/2025 11:00:00,000,7,764786186,
11/12/2025 11:15:00,000,7,090274548,11/12/2025 11:15:00,000,7,764786186,
11/12/2025 11:30:00,000,7,168622832,11/12/2025 11:30:00,000,7,764786186,
11/12/2025 11:45:00,000,7,514652256,11/12/2025 11:45:00,000,7,764786186,
11/12/2025 12:00:00,000,7,447284362,11/12/2025 12:00:00,000,8,161468221,
11/12/2025 12:15:00,000,7,587255037,11/12/2025 12:15:00,000,8,161468221,
11/12/2025 12:30:00,000,7,678451282,11/12/2025 12:30:00,000,8,161468221,
11/12/2025 12:45:00,000,7,809007876,11/12/2025 12:45:00,000,8,161468221,
11/12/2025 13:00:00,000,7,668500638,11/12/2025 13:00:00,000,7,95079044,
11/12/2025 13:15:00,000,7,582895078,11/12/2025 13:15:00,000,7,95079044,
11/12/2025 13:30:00,000,7,720907146,11/12/2025 13:30:00,000,7,95079044,
11/12/2025 13:45:00,000,7,422160629,11/12/2025 13:45:00,000,7,95079044,
11/12/2025 14:00:00,000,7,580120415,11/12/2025 14:00:00,000,7,811095366,
11/12/2025 14:15:00,000,7,690709476,11/12/2025 14:15:00,000,7,811095366,
11/12/2025 14:30:00,000,7,595783397,11/12/2025 14:30:00,000,7,811095366,
11/12/2025 14:45:00,000,7,592713613,11/12/2025 14:45:00,000,7,811095366,
11/12/2025 15:00:00,000,7,490382768,11/12/2025 15:00:00,000,7,369560119,
11/12/2025 15:15:00,000,7,26735681,11/12/2025 15:15:00,000,7,369560119,
11/12/2025 15:30:00,000,7,160813101,11/12/2025 15:30:00,000,7,369560119,
11/12/2025 15:45:00,000,7,083776604,11/12/2025 15:45:00,000,7,369560119,
11/12/2025 16:00:00,000,7,082775914,11/12/2025 16:00:00,000,6,964019442,
11/12/2025 16:15:00,000,6,831158187,11/12/2025 16:15:00,000,6,964019442,
11/12/2025 16:30:00,000,6,822800379,11/12/2025 16:30:00,000,6,964019442,
11/12/2025 16:45:00,000,6,375362192,11/12/2025 16:45:00,000,6,964019442,
11/12/2025 17:00:00,000,6,225602934,11/12/2025 17:00:00,000,6,272359311,
11/12/2025 17:15:00,000,6,271522677,11/12/2025 17:15:00,000,6,272359311,
11/12/2025 17:30:00,000,6,085966347,11/12/2025 17:30:00,000,6,272359311,
11/12/2025 17:45:00,000,6,110486155,11/12/2025 17:45:00,000,6,272359311,
11/12/2025 18:00:00,000,5,918616561,11/12/2025 18:00:00,000,5,328766856,
11/12/2025 18:15:00,000,5,900049355,11/12/2025 18:15:00,000,5,328766856,
11/12/2025 18:30:00,000,5,781706184,11/12/2025 18:30:00,000,5,328766856,
11/12/2025 18:45:00,000,5,72859387,11/12/2025 18:45:00,000,5,328766856,
11/12/2025 19:00:00,000,5,572948189,11/12/2025 19:00:00,000,4,195845002,
11/12/2025 19:15:00,000,5,391487551,11/12/2025 19:15:00,000,4,195845002,
11/12/2025 19:30:00,000,5,268580599,11/12/2025 19:30:00,000,4,195845002,
11/12/2025 19:45:00,000,5,285493616,11/12/2025 19:45:00,000,4,195845002,
11/12/2025 20:00:00,000,5,088690598,11/12/2025 20:00:00,000,4,179241411,
11/12/2025 20:15:00,000,5,10266419,11/12/2025 20:15:00,000,4,179241411,
11/12/2025 20:30:00,000,4,993040363,11/12/2025 20:30:00,000,4,179241411,
11/12/2025 20:45:00,000,5,053398466,11/12/2025 20:45:00,000,4,179241411,
11/12/2025 21:00:00,000,4,948480348,11/12/2025 21:00:00,000,4,101048426,
11/12/2025 21:15:00,000,4,897204707,11/12/2025 21:15:00,000,4,101048426,
11/12/2025 21:30:00,000,5,042734489,11/12/2025 21:30:00,000,4,101048426,
11/12/2025 21:45:00,000,4,855332387,11/12/2025 21:45:00,000,4,101048426,
11/12/2025 22:00:00,000,4,779367377,11/12/2025 22:00:00,000,3,267825502,
11/12/2025 22:15:00,000,4,64064415,11/12/2025 22:15:00,000,3,267825502,
11/12/2025 22:30:00,000,4,658422217,11/12/2025 22:30:00,000,3,267825502,
11/12/2025 22:45:00,000,4,439019968,11/12/2025 22:45:00,000,3,267825502,
11/12/2025 23:00:00,000,4,404467885,11/12/2025 23:00:00,000,3,164549445,
11/12/2025 23:15:00,000,4,407091806,11/12/2025 23:15:00,000,3,164549445,
11/12/2025 23:30:00,000,4,29512753,11/12/2025 23:30:00,000,3,164549445,
11/12/2025 23:45:00,000,4,262392315,11/12/2025 23:45:00,000,3,164549445,
12/12/2025 00:00:00,000,4,117784545,12/12/2025 00:00:00,000,3,649738826,
12/12/2025 00:15:00,000,4,13305961,12/12/2025 00:15:00,000,3,649738826,
12/12/2025 00:30:00,000,4,014695498,12/12/2025 00:30:00,000,3,649738826,
12/12/2025 00:45:00,000,3,938785163,12/12/2025 00:45:00,000,3,649738826,
12/12/2025 01:00:00,000,4,003880166,12/12/2025 01:00:00,000,3,827036196,
12/12/2025 01:15:00,000,4,045715755,12/12/2025 01:15:00,000,3,827036196,
12/12/2025 01:30:00,000,4,213533436,12/12/2025 01:30:00,000,3,827036196,
12/12/2025 01:45:00,000,4,141853642,12/12/2025 01:45:00,000,3,827036196,
12/12/2025 02:00:00,000,4,112344697,12/12/2025 02:00:00,000,3,757236383,
12/12/2025 02:15:00,000,4,013812213,12/12/2025 02:15:00,000,3,757236383,
12/12/2025 02:30:00,000,3,942495397,12/12/2025 02:30:00,000,3,757236383,
12/12/2025 02:45:00,000,3,873333964,12/12/2025 02:45:00,000,3,757236383,
12/12/2025 03:00:00,000,3,910198686,12/12/2025 03:00:00,000,4,040458674,
12/12/2025 03:15:00,000,3,943991794,12/12/2025 03:15:00,000,4,040458674,
12/12/2025 03:30:00,000,3,870224958,12/12/2025 03:30:00,000,4,040458674,
12/12/2025 03:45:00,000,3,865396456,12/12/2025 03:45:00,000,4,040458674,
12/12/2025 04:00:00,000,3,77620604,12/12/2025 04:00:00,000,3,955108236,
12/12/2025 04:15:00,000,3,781769197,12/12/2025 04:15:00,000,3,955108236,
12/12/2025 04:30:00,000,3,695236324,12/12/2025 04:30:00,000,3,955108236,
12/12/2025 04:45:00,000,3,446796736,12/12/2025 04:45:00,000,3,955108236,
12/12/2025 05:00:00,000,3,391369705,12/12/2025 05:00:00,000,3,983222817,
12/12/2025 05:15:00,000,3,300719283,12/12/2025 05:15:00,000,3,983222817,
12/12/2025 05:30:00,000,3,275888362,12/12/2025 05:30:00,000,3,983222817,
12/12/2025 05:45:00,000,3,172334241,12/12/2025 05:45:00,000,3,983222817,
12/12/2025 06:00:00,000,3,125419687,12/12/2025 06:00:00,000,3,918289716,
12/12/2025 06:15:00,000,2,943280527,12/12/2025 06:15:00,000,3,918289716,
12/12/2025 06:30:00,000,2,903784777,12/12/2025 06:30:00,000,3,918289716,
12/12/2025 06:45:00,000,2,754594317,12/12/2025 06:45:00,000,3,918289716,
12/12/2025 07:00:00,000,2,780533005,12/12/2025 07:00:00,000,3,643906625,
12/12/2025 07:15:00,000,2,663754125,12/12/2025 07:15:00,000,3,643906625,
12/12/2025 07:30:00,000,2,697930989,12/12/2025 07:30:00,000,3,643906625,
12/12/2025 07:45:00,000,2,648151381,12/12/2025 07:45:00,000,3,643906625,
12/12/2025 08:00:00,000,2,73297143,12/12/2025 08:00:00,000,3,675960717,
12/12/2025 08:15:00,000,2,801026098,12/12/2025 08:15:00,000,3,675960717,
12/12/2025 08:30:00,000,3,095466815,12/12/2025 08:30:00,000,3,675960717,
12/12/2025 08:45:00,000,3,424867259,12/12/2025 08:45:00,000,3,675960717,
12/12/2025 09:00:00,000,3,863583146,12/12/2025 09:00:00,000,3,91924688,
12/12/2025 09:15:00,000,4,345802154,12/12/2025 09:15:00,000,3,91924688,
12/12/2025 09:30:00,000,4,709813922,12/12/2025 09:30:00,000,3,91924688,
12/12/2025 09:45:00,000,5,049338707,12/12/2025 09:45:00,000,3,91924688,
12/12/2025 10:00:00,000,5,521245354,12/12/2025 10:00:00,000,4,244168447,
12/12/2025 10:15:00,000,5,896946514,12/12/2025 10:15:00,000,4,244168447,
12/12/2025 10:30:00,000,6,067682905,12/12/2025 10:30:00,000,4,244168447,
12/12/2025 10:45:00,000,6,264602571,12/12/2025 10:45:00,000,4,244168447,
12/12/2025 11:00:00,000,6,460865961,12/12/2025 11:00:00,000,4,446269467,
12/12/2025 11:15:00,000,6,912965047,12/12/2025 11:15:00,000,4,446269467,
12/12/2025 11:30:00,000,7,191507689,12/12/2025 11:30:00,000,4,446269467,
12/12/2025 11:45:00,000,7,282706308,12/12/2025 11:45:00,000,4,446269467,
12/12/2025 12:00:00,000,7,491197985,12/12/2025 12:00:00,000,4,732743412,
12/12/2025 12:15:00,000,7,696520457,12/12/2025 12:15:00,000,4,732743412,
12/12/2025 12:30:00,000,7,562822231,12/12/2025 12:30:00,000,4,732743412,
12/12/2025 12:45:00,000,7,575919303,12/12/2025 12:45:00,000,4,732743412,
12/12/2025 13:00:00,000,7,829971268,12/12/2025 13:00:00,000,4,892298727,
12/12/2025 13:15:00,000,7,661078964,12/12/2025 13:15:00,000,4,892298727,
12/12/2025 13:30:00,000,7,622613413,12/12/2025 13:30:00,000,4,892298727,
12/12/2025 13:45:00,000,7,697186738,12/12/2025 13:45:00,000,4,892298727,
12/12/2025 14:00:00,000,7,609517108,12/12/2025 14:00:00,000,4,768954882,
12/12/2025 14:15:00,000,7,325425946,12/12/2025 14:15:00,000,4,768954882,
12/12/2025 14:30:00,000,7,282251987,12/12/2025 14:30:00,000,4,768954882,
12/12/2025 14:45:00,000,6,895960791,12/12/2025 14:45:00,000,4,768954882,
12/12/2025 15:00:00,000,6,394724924,12/12/2025 15:00:00,000,4,421700474,
12/12/2025 15:15:00,000,6,112744611,12/12/2025 15:15:00,000,4,421700474,
12/12/2025 15:30:00,000,5,841081065,12/12/2025 15:30:00,000,4,421700474,
12/12/2025 15:45:00,000,5,465561487,12/12/2025 15:45:00,000,4,421700474,
12/12/2025 16:00:00,000,5,324536556,12/12/2025 16:00:00,000,4,171838982,
12/12/2025 16:15:00,000,5,112497477,12/12/2025 16:15:00,000,4,171838982,
12/12/2025 16:30:00,000,5,026648762,12/12/2025 16:30:00,000,4,171838982,
12/12/2025 16:45:00,000,4,808819443,12/12/2025 16:45:00,000,4,171838982,
12/12/2025 17:00:00,000,4,648680857,12/12/2025 17:00:00,000,4,000358788,
12/12/2025 17:15:00,000,4,725140937,12/12/2025 17:15:00,000,4,000358788,
12/12/2025 17:30:00,000,4,619559006,12/12/2025 17:30:00,000,4,000358788,
12/12/2025 17:45:00,000,4,717794879,12/12/2025 17:45:00,000,4,000358788,
12/12/2025 18:00:00,000,4,693664794,12/12/2025 18:00:00,000,3,569351013,
12/12/2025 18:15:00,000,4,650011503,12/12/2025 18:15:00,000,3,569351013,
12/12/2025 18:30:00,000,4,652501829,12/12/2025 18:30:00,000,3,569351013,
12/12/2025 18:45:00,000,4,414492838,12/12/2025 18:45:00,000,3,569351013,
12/12/2025 19:00:00,000,4,386653878,12/12/2025 19:00:00,000,3,222721336,
12/12/2025 19:15:00,000,4,281294056,12/12/2025 19:15:00,000,3,222721336,
12/12/2025 19:30:00,000,4,04365401,12/12/2025 19:30:00,000,3,222721336,
12/12/2025 19:45:00,000,3,999271464,12/12/2025 19:45:00,000,3,222721336,
12/12/2025 20:00:00,000,3,796440817,12/12/2025 20:00:00,000,3,068042384,
12/12/2025 20:15:00,000,3,735843714,12/12/2025 20:15:00,000,3,068042384,
12/12/2025 20:30:00,000,3,637788563,12/12/2025 20:30:00,000,3,068042384,
12/12/2025 20:45:00,000,3,523619087,12/12/2025 20:45:00,000,3,068042384,
12/12/2025 21:00:00,000,3,534013212,12/12/2025 21:00:00,000,2,778818635,
12/12/2025 21:15:00,000,3,408196624,12/12/2025 21:15:00,000,2,778818635,
12/12/2025 21:30:00,000,3,389792346,12/12/2025 21:30:00,000,2,778818635,
12/12/2025 21:45:00,000,3,237405889,12/12/2025 21:45:00,000,2,778818635,
12/12/2025 22:00:00,000,3,088187376,12/12/2025 22:00:00,000,2,696669754,
12/12/2025 22:15:00,000,3,047757804,12/12/2025 22:15:00,000,2,696669754,
12/12/2025 22:30:00,000,2,957126231,12/12/2025 22:30:00,000,2,696669754,
12/12/2025 22:45:00,000,2,614422517,12/12/2025 22:45:00,000,2,696669754,
12/12/2025 23:00:00,000,2,559331936,12/12/2025 23:00:00,000,2,592728367,
12/12/2025 23:15:00,000,2,415877474,12/12/2025 23:15:00,000,2,592728367,
12/12/2025 23:30:00,000,2,335668625,12/12/2025 23:30:00,000,2,592728367,
12/12/2025 23:45:00,000,2,263483585,12/12/2025 23:45:00,000,2,592728367,
13/12/2025 00:00:00,000,2,204068239,13/12/2025 00:00:00,000,2,257426951,
13/12/2025 00:15:00,000,2,116809218,13/12/2025 00:15:00,000,2,257426951,
13/12/2025 00:30:00,000,2,064125967,13/12/2025 00:30:00,000,2,257426951,
13/12/2025 00:45:00,000,2,010039524,13/12/2025 00:45:00,000,2,257426951,
13/12/2025 01:00:00,000,2,078734549,13/12/2025 01:00:00,000,2,097495985,
13/12/2025 01:15:00,000,2,11976918,13/12/2025 01:15:00,000,2,097495985,
13/12/2025 01:30:00,000,2,148379774,13/12/2025 01:30:00,000,2,097495985,
13/12/2025 01:45:00,000,2,028822101,13/12/2025 01:45:00,000,2,097495985,
13/12/2025 02:00:00,000,1,956146549,13/12/2025 02:00:00,000,1,988860661,
13/12/2025 02:15:00,000,1,894976977,13/12/2025 02:15:00,000,1,988860661,
13/12/2025 02:30:00,000,1,755594107,13/12/2025 02:30:00,000,1,988860661,
13/12/2025 02:45:00,000,1,732955792,13/12/2025 02:45:00,000,1,988860661,
13/12/2025 03:00:00,000,1,607883101,13/12/2025 03:00:00,000,1,919228032,
13/12/2025 03:15:00,000,1,583795753,13/12/2025 03:15:00,000,1,919228032,
13/12/2025 03:30:00,000,1,528320033,13/12/2025 03:30:00,000,1,919228032,
13/12/2025 03:45:00,000,1,459326964,13/12/2025 03:45:00,000,1,919228032,
13/12/2025 04:00:00,000,1,404397419,13/12/2025 04:00:00,000,1,953333793,
13/12/2025 04:15:00,000,1,361083483,13/12/2025 04:15:00,000,1,953333793,
13/12/2025 04:30:00,000,1,312546844,13/12/2025 04:30:00,000,1,953333793,
13/12/2025 04:45:00,000,1,08454568,13/12/2025 04:45:00,000,1,953333793,
13/12/2025 05:00:00,000,1,033483739,13/12/2025 05:00:00,000,1,837974739,
13/12/2025 05:15:00,000,1,000811359,13/12/2025 05:15:00,000,1,837974739,
13/12/2025 05:30:00,000,0,9738733551,13/12/2025 05:30:00,000,1,837974739,
13/12/2025 05:45:00,000,0,8797329548,13/12/2025 05:45:00,000,1,837974739,
13/12/2025 06:00:00,000,0,8206249055,13/12/2025 06:00:00,000,1,583312448,
13/12/2025 06:15:00,000,0,7626178748,13/12/2025 06:15:00,000,1,583312448,
13/12/2025 06:30:00,000,0,6703540461,13/12/2025 06:30:00,000,1,583312448,
13/12/2025 06:45:00,000,0,6210123277,13/12/2025 06:45:00,000,1,583312448,
13/12/2025 07:00:00,000,0,5682165803,13/12/2025 07:00:00,000,1,521980157,
13/12/2025 07:15:00,000,0,5177484612,13/12/2025 07:15:00,000,1,521980157,
13/12/2025 07:30:00,000,0,5164733981,13/12/2025 07:30:00,000,1,521980157,
13/12/2025 07:45:00,000,0,4834112329,13/12/2025 07:45:00,000,1,521980157,
13/12/2025 08:00:00,000,0,5617770692,13/12/2025 08:00:00,000,1,622186969,
13/12/2025 08:15:00,000,0,7450739554,13/12/2025 08:15:00,000,1,622186969,
13/12/2025 08:30:00,000,0,9871658205,13/12/2025 08:30:00,000,1,622186969,
13/12/2025 08:45:00,000,1,440903431,13/12/2025 08:45:00,000,1,622186969,
13/12/2025 09:00:00,000,1,873647464,13/12/2025 09:00:00,000,1,642396202,
13/12/2025 09:15:00,000,2,350098615,13/12/2025 09:15:00,000,1,642396202,
13/12/2025 09:30:00,000,2,847302682,13/12/2025 09:30:00,000,1,642396202,
13/12/2025 09:45:00,000,3,065843921,13/12/2025 09:45:00,000,1,642396202,
13/12/2025 10:00:00,000,3,377722749,13/12/2025 10:00:00,000,1,717762119,
13/12/2025 10:15:00,000,3,579641023,13/12/2025 10:15:00,000,1,717762119,
13/12/2025 10:30:00,000,3,833240967,13/12/2025 10:30:00,000,1,717762119,
13/12/2025 10:45:00,000,3,793300364,13/12/2025 10:45:00,000,1,717762119,
13/12/2025 11:00:00,000,3,919360586,13/12/2025 11:00:00,000,1,939173647,
13/12/2025 11:15:00,000,4,241956428,13/12/2025 11:15:00,000,1,939173647,
13/12/2025 11:30:00,000,4,364324897,13/12/2025 11:30:00,000,1,939173647,
13/12/2025 11:45:00,000,4,638905532,13/12/2025 11:45:00,000,1,939173647,
13/12/2025 12:00:00,000,4,660336187,13/12/2025 12:00:00,000,2,094042305,
13/12/2025 12:15:00,000,4,679635601,13/12/2025 12:15:00,000,2,094042305,
13/12/2025 12:30:00,000,4,77287385,13/12/2025 12:30:00,000,2,094042305,
13/12/2025 12:45:00,000,4,800684603,13/12/2025 12:45:00,000,2,094042305,
13/12/2025 13:00:00,000,4,828005371,13/12/2025 13:00:00,000,2,094473417,
13/12/2025 13:15:00,000,4,86827207,13/12/2025 13:15:00,000,2,094473417,
13/12/2025 13:30:00,000,4,809884626,13/12/2025 13:30:00,000,2,094473417,
13/12/2025 13:45:00,000,4,659078386,13/12/2025 13:45:00,000,2,094473417,
13/12/2025 14:00:00,000,4,617391612,13/12/2025 14:00:00,000,2,175045256,
13/12/2025 14:15:00,000,4,560458173,13/12/2025 14:15:00,000,2,175045256,
13/12/2025 14:30:00,000,4,369080579,13/12/2025 14:30:00,000,2,175045256,
13/12/2025 14:45:00,000,4,156348414,13/12/2025 14:45:00,000,2,175045256,
13/12/2025 15:00:00,000,3,774995434,13/12/2025 15:00:00,000,2,265318128,
13/12/2025 15:15:00,000,3,545971162,13/12/2025 15:15:00,000,2,265318128,
13/12/2025 15:30:00,000,3,184296552,13/12/2025 15:30:00,000,2,265318128,
13/12/2025 15:45:00,000,2,868471945,13/12/2025 15:45:00,000,2,265318128,
13/12/2025 16:00:00,000,2,596495401,13/12/2025 16:00:00,000,2,189427586,
13/12/2025 16:15:00,000,2,432208511,13/12/2025 16:15:00,000,2,189427586,
13/12/2025 16:30:00,000,2,357803698,13/12/2025 16:30:00,000,2,189427586,
13/12/2025 16:45:00,000,2,030207756,13/12/2025 16:45:00,000,2,189427586,
13/12/2025 17:00:00,000,2,085950954,13/12/2025 17:00:00,000,2,233106415,
13/12/2025 17:15:00,000,2,193971396,13/12/2025 17:15:00,000,2,233106415,
13/12/2025 17:30:00,000,2,244525659,13/12/2025 17:30:00,000,2,233106415,
13/12/2025 17:45:00,000,2,234278041,13/12/2025 17:45:00,000,2,233106415,
13/12/2025 18:00:00,000,2,268432115,13/12/2025 18:00:00,000,2,102057292,
13/12/2025 18:15:00,000,2,250844198,13/12/2025 18:15:00,000,2,102057292,
13/12/2025 18:30:00,000,2,355863762,13/12/2025 18:30:00,000,2,102057292,
13/12/2025 18:45:00,000,2,228246013,13/12/2025 18:45:00,000,2,102057292,
13/12/2025 19:00:00,000,2,06401089,13/12/2025 19:00:00,000,2,108289375,
13/12/2025 19:15:00,000,1,980909237,13/12/2025 19:15:00,000,2,108289375,
13/12/2025 19:30:00,000,1,814374499,13/12/2025 19:30:00,000,2,108289375,
13/12/2025 19:45:00,000,1,736828665,13/12/2025 19:45:00,000,2,108289375,
13/12/2025 20:00:00,000,1,648177609,13/12/2025 20:00:00,000,2,182533298,
13/12/2025 20:15:00,000,1,597173182,13/12/2025 20:15:00,000,2,182533298,
13/12/2025 20:30:00,000,1,501103136,13/12/2025 20:30:00,000,2,182533298,
13/12/2025 20:45:00,000,1,517098365,13/12/2025 20:45:00,000,2,182533298,
13/12/2025 21:00:00,000,1,46192931,13/12/2025 21:00:00,000,2,077926087,
13/12/2025 21:15:00,000,1,431752288,13/12/2025 21:15:00,000,2,077926087,
13/12/2025 21:30:00,000,1,40894169,13/12/2025 21:30:00,000,2,077926087,
13/12/2025 21:45:00,000,1,354991924,13/12/2025 21:45:00,000,2,077926087,
13/12/2025 22:00:00,000,1,247413043,13/12/2025 22:00:00,000,2,04488418,
13/12/2025 22:15:00,000,1,144261862,13/12/2025 22:15:00,000,2,04488418,
13/12/2025 22:30:00,000,1,052504186,13/12/2025 22:30:00,000,2,04488418,
13/12/2025 22:45:00,000,0,5018342159,13/12/2025 22:45:00,000,2,04488418,
13/12/2025 23:00:00,000,0,4376233254,13/12/2025 23:00:00,000,2,011747742,
13/12/2025 23:15:00,000,0,3773062537,13/12/2025 23:15:00,000,2,011747742,
13/12/2025 23:30:00,000,0,2999870315,13/12/2025 23:30:00,000,2,011747742,
13/12/2025 23:45:00,000,0,2416935996,13/12/2025 23:45:00,000,2,011747742,
14/12/2025 00:00:00,000,0,1777189253,14/12/2025 00:00:00,000,1,89761128,
14/12/2025 00:15:00,000,0,1222965489,14/12/2025 00:15:00,000,1,89761128,
14/12/2025 00:30:00,000,0,0711400094,14/12/2025 00:30:00,000,1,89761128,
14/12/2025 00:45:00,000,0,0916186683,14/12/2025 00:45:00,000,1,89761128,
14/12/2025 01:00:00,000,0,1089535408,14/12/2025 01:00:00,000,1,848188764,
14/12/2025 01:15:00,000,0,1375317757,14/12/2025 01:15:00,000,1,848188764,
14/12/2025 01:30:00,000,0,1704574664,14/12/2025 01:30:00,000,1,848188764,
14/12/2025 01:45:00,000,0,1184238289,14/12/2025 01:45:00,000,1,848188764,
14/12/2025 02:00:00,000,0,0604772689,14/12/2025 02:00:00,000,1,838678719,
14/12/2025 02:15:00,000,0,14/12/2025 02:15:00,000,1,838678719,
14/12/2025 02:30:00,000,-0,060706399,14/12/2025 02:30:00,000,1,838678719,
14/12/2025 02:45:00,000,-0,071057758,14/12/2025 02:45:00,000,1,838678719,
14/12/2025 03:00:00,000,-0,081129553,14/12/2025 03:00:00,000,1,960308994,
14/12/2025 03:15:00,000,-0,080734331,14/12/2025 03:15:00,000,1,960308994,
14/12/2025 03:30:00,000,-0,080456326,14/12/2025 03:30:00,000,1,960308994,
14/12/2025 03:45:00,000,-0,040238361,14/12/2025 03:45:00,000,1,960308994,
14/12/2025 04:00:00,000,0,0098361317,14/12/2025 04:00:00,000,1,975885721,
14/12/2025 04:15:00,000,0,0601463945,14/12/2025 04:15:00,000,1,975885721,
14/12/2025 04:30:00,000,0,1092981648,14/12/2025 04:30:00,000,1,975885721,
14/12/2025 04:45:00,000,-0,079232186,14/12/2025 04:45:00,000,1,975885721,
14/12/2025 05:00:00,000,-0,070678444,14/12/2025 05:00:00,000,1,979165283,
14/12/2025 05:15:00,000,-0,080991464,14/12/2025 05:15:00,000,1,979165283,
14/12/2025 05:30:00,000,-0,090394625,14/12/2025 05:30:00,000,1,979165283,
14/12/2025 05:45:00,000,-0,131913602,14/12/2025 05:45:00,000,1,979165283,
14/12/2025 06:00:00,000,-0,167672286,14/12/2025 06:00:00,000,1,975308117,
14/12/2025 06:15:00,000,-0,202691145,14/12/2025 06:15:00,000,1,975308117,
14/12/2025 06:30:00,000,-0,227960745,14/12/2025 06:30:00,000,1,975308117,
14/12/2025 06:45:00,000,-0,231932787,14/12/2025 06:45:00,000,1,975308117,
14/12/2025 07:00:00,000,-0,208373596,14/12/2025 07:00:00,000,1,943589164,
14/12/2025 07:15:00,000,-0,161782699,14/12/2025 07:15:00,000,1,943589164,
14/12/2025 07:30:00,000,-0,081145783,14/12/2025 07:30:00,000,1,943589164,
14/12/2025 07:45:00,000,-0,010089663,14/12/2025 07:45:00,000,1,943589164,
14/12/2025 08:00:00,000,0,1177597189,14/12/2025 08:00:00,000,2,085300022,
14/12/2025 08:15:00,000,0,3163104416,14/12/2025 08:15:00,000,2,085300022,
14/12/2025 08:30:00,000,0,5562930742,14/12/2025 08:30:00,000,2,085300022,
14/12/2025 08:45:00,000,0,9546608002,14/12/2025 08:45:00,000,2,085300022,
14/12/2025 09:00:00,000,1,376367551,14/12/2025 09:00:00,000,2,30299597,
14/12/2025 09:15:00,000,1,756327234,14/12/2025 09:15:00,000,2,30299597,
14/12/2025 09:30:00,000,2,110616262,14/12/2025 09:30:00,000,2,30299597,
14/12/2025 09:45:00,000,2,399804956,14/12/2025 09:45:00,000,2,30299597,
14/12/2025 10:00:00,000,2,639955028,14/12/2025 10:00:00,000,2,561398824,
14/12/2025 10:15:00,000,2,95607922,14/12/2025 10:15:00,000,2,561398824,
14/12/2025 10:30:00,000,3,169669274,14/12/2025 10:30:00,000,2,561398824,
14/12/2025 10:45:00,000,3,144119193,14/12/2025 10:45:00,000,2,561398824,
14/12/2025 11:00:00,000,3,475016952,14/12/2025 11:00:00,000,2,765481094,
14/12/2025 11:15:00,000,3,720321813,14/12/2025 11:15:00,000,2,765481094,
14/12/2025 11:30:00,000,3,907062101,14/12/2025 11:30:00,000,2,765481094,
14/12/2025 11:45:00,000,3,959736167,14/12/2025 11:45:00,000,2,765481094,
14/12/2025 12:00:00,000,4,194080108,14/12/2025 12:00:00,000,2,860087557,
14/12/2025 12:15:00,000,4,296850544,14/12/2025 12:15:00,000,2,860087557,
14/12/2025 12:30:00,000,4,256197101,14/12/2025 12:30:00,000,2,860087557,
14/12/2025 12:45:00,000,4,33351802,14/12/2025 12:45:00,000,2,860087557,
14/12/2025 13:00:00,000,4,385085514,14/12/2025 13:00:00,000,2,801581726,
14/12/2025 13:15:00,000,4,260342394,14/12/2025 13:15:00,000,2,801581726,
14/12/2025 13:30:00,000,4,262815486,14/12/2025 13:30:00,000,2,801581726,
14/12/2025 13:45:00,000,4,340599126,14/12/2025 13:45:00,000,2,801581726,
14/12/2025 14:00:00,000,4,237143441,14/12/2025 14:00:00,000,2,646722354,
14/12/2025 14:15:00,000,4,04211756,14/12/2025 14:15:00,000,2,646722354,
14/12/2025 14:30:00,000,4,007751102,14/12/2025 14:30:00,000,2,646722354,
14/12/2025 14:45:00,000,3,756039036,14/12/2025 14:45:00,000,2,646722354,
14/12/2025 15:00:00,000,3,472457665,14/12/2025 15:00:00,000,2,433672659,
14/12/2025 15:15:00,000,3,193961405,14/12/2025 15:15:00,000,2,433672659,
14/12/2025 15:30:00,000,2,910063486,14/12/2025 15:30:00,000,2,433672659,
14/12/2025 15:45:00,000,2,620110875,14/12/2025 15:45:00,000,2,433672659,
14/12/2025 16:00:00,000,2,330559457,14/12/2025 16:00:00,000,2,238401841,
14/12/2025 16:15:00,000,2,245234242,14/12/2025 16:15:00,000,2,238401841,
14/12/2025 16:30:00,000,2,145371842,14/12/2025 16:30:00,000,2,238401841,
14/12/2025 16:45:00,000,1,703813636,14/12/2025 16:45:00,000,2,238401841,
14/12/2025 17:00:00,000,1,738021043,14/12/2025 17:00:00,000,2,039705121,
14/12/2025 17:15:00,000,1,716682293,14/12/2025 17:15:00,000,2,039705121,
14/12/2025 17:30:00,000,1,801386276,14/12/2025 17:30:00,000,2,039705121,
14/12/2025 17:45:00,000,1,737859475,14/12/2025 17:45:00,000,2,039705121,
14/12/2025 18:00:00,000,1,738515094,14/12/2025 18:00:00,000,1,765149823,
14/12/2025 18:15:00,000,1,722566654,14/12/2025 18:15:00,000,1,765149823,
14/12/2025 18:30:00,000,1,722211287,14/12/2025 18:30:00,000,1,765149823,
14/12/2025 18:45:00,000,1,574004515,14/12/2025 18:45:00,000,1,765149823,
14/12/2025 19:00:00,000,1,393229085,14/12/2025 19:00:00,000,1,505744929,
14/12/2025 19:15:00,000,1,253906515,14/12/2025 19:15:00,000,1,505744929,
14/12/2025 19:30:00,000,1,093309259,14/12/2025 19:30:00,000,1,505744929,
14/12/2025 19:45:00,000,0,9430740383,14/12/2025 19:45:00,000,1,505744929,
14/12/2025 20:00:00,000,0,8445779646,14/12/2025 20:00:00,000,1,426463522,
14/12/2025 20:15:00,000,0,7164045963,14/12/2025 20:15:00,000,1,426463522,
14/12/2025 20:30:00,000,0,5827437753,14/12/2025 20:30:00,000,1,426463522,
14/12/2025 20:45:00,000,0,5099823702,14/12/2025 20:45:00,000,1,426463522,
14/12/2025 21:00:00,000,0,4533398616,14/12/2025 21:00:00,000,1,44225045,
14/12/2025 21:15:00,000,0,395352972,14/12/2025 21:15:00,000,1,44225045,
14/12/2025 21:30:00,000,0,3302898804,14/12/2025 21:30:00,000,1,44225045,
14/12/2025 21:45:00,000,0,2202713985,14/12/2025 21:45:00,000,1,44225045,
14/12/2025 22:00:00,000,0,1099260688,14/12/2025 22:00:00,000,1,45645477,
14/12/2025 22:15:00,000,0,0100464550,14/12/2025 22:15:00,000,1,45645477,
14/12/2025 22:30:00,000,-0,090614567,14/12/2025 22:30:00,000,1,45645477,
14/12/2025 22:45:00,000,-0,576928777,14/12/2025 22:45:00,000,1,45645477,
14/12/2025 23:00:00,000,-0,616671571,14/12/2025 23:00:00,000,1,473834658,
14/12/2025 23:15:00,000,-0,676324993,14/12/2025 23:15:00,000,1,473834658,
14/12/2025 23:30:00,000,-0,740241528,14/12/2025 23:30:00,000,1,473834658,
14/12/2025 23:45:00,000,-0,818824881,14/12/2025 23:45:00,000,1,473834658,
15/12/2025 00:00:00,000,-0,88772769,15/12/2025 00:00:00,000,1,447948439,
15/12/2025 00:15:00,000,-0,948574848,15/12/2025 00:15:00,000,1,447948439,
15/12/2025 00:30:00,000,-1,01403965,15/12/2025 00:30:00,000,1,447948439,
15/12/2025 00:45:00,000,-1,12020216,15/12/2025 00:45:00,000,1,447948439,
15/12/2025 01:00:00,000,-1,15594598,15/12/2025 01:00:00,000,1,346809642,
15/12/2025 01:15:00,000,-1,25173887,15/12/2025 01:15:00,000,1,346809642,
15/12/2025 01:30:00,000,-1,30978487,15/12/2025 01:30:00,000,1,346809642,
15/12/2025 01:45:00,000,-1,33147885,15/12/2025 01:45:00,000,1,346809642,
15/12/2025 02:00:00,000,-1,40276285,15/12/2025 02:00:00,000,1,272853019,
15/12/2025 02:15:00,000,-1,48720804,15/12/2025 02:15:00,000,1,272853019,
15/12/2025 02:30:00,000,-1,54582591,15/12/2025 02:30:00,000,1,272853019,
15/12/2025 02:45:00,000,-1,56258887,15/12/2025 02:45:00,000,1,272853019,
15/12/2025 03:00:00,000,-1,5904161,15/12/2025 03:00:00,000,1,176879167,
15/12/2025 03:15:00,000,-1,65816707,15/12/2025 03:15:00,000,1,176879167,
15/12/2025 03:30:00,000,-1,6457666,15/12/2025 03:30:00,000,1,176879167,
15/12/2025 03:45:00,000,-1,62476869,15/12/2025 03:45:00,000,1,176879167,
15/12/2025 04:00:00,000,-1,63976374,15/12/2025 04:00:00,000,1,095107732,
15/12/2025 04:15:00,000,-1,68171336,15/12/2025 04:15:00,000,1,095107732,
15/12/2025 04:30:00,000,-1,67121241,15/12/2025 04:30:00,000,1,095107732,
15/12/2025 04:45:00,000,-1,84518092,15/12/2025 04:45:00,000,1,095107732,
15/12/2025 05:00:00,000,-1,91069326,15/12/2025 05:00:00,000,0,9814721574,
15/12/2025 05:15:00,000,-1,96517418,15/12/2025 05:15:00,000,0,9814721574,
15/12/2025 05:30:00,000,-2,02410575,15/12/2025 05:30:00,000,0,9814721574,
15/12/2025 05:45:00,000,-2,07273578,15/12/2025 05:45:00,000,0,9814721574,
15/12/2025 06:00:00,000,-2,15992585,15/12/2025 06:00:00,000,0,8742940567,
15/12/2025 06:15:00,000,-2,14971808,15/12/2025 06:15:00,000,0,8742940567,
15/12/2025 06:30:00,000,-2,27287523,15/12/2025 06:30:00,000,0,8742940567,
15/12/2025 06:45:00,000,-2,2523948,15/12/2025 06:45:00,000,0,8742940567,
15/12/2025 07:00:00,000,-2,28609308,15/12/2025 07:00:00,000,0,6822537239,
15/12/2025 07:15:00,000,-2,31956942,15/12/2025 07:15:00,000,0,6822537239,
15/12/2025 07:30:00,000,-2,30937352,15/12/2025 07:30:00,000,0,6822537239,
15/12/2025 07:45:00,000,-2,34359123,15/12/2025 07:45:00,000,0,6822537239,
15/12/2025 08:00:00,000,-2,29684223,15/12/2025 08:00:00,000,0,4420801542,
15/12/2025 08:15:00,000,-2,145864,15/12/2025 08:15:00,000,0,4420801542,
15/12/2025 08:30:00,000,-1,91401341,15/12/2025 08:30:00,000,0,4420801542,
15/12/2025 08:45:00,000,-1,52248426,15/12/2025 08:45:00,000,0,4420801542,
15/12/2025 09:00:00,000,-1,08990847,15/12/2025 09:00:00,000,0,3765316568,
15/12/2025 09:15:00,000,-0,678154672,15/12/2025 09:15:00,000,0,3765316568,
15/12/2025 09:30:00,000,-0,262484566,15/12/2025 09:30:00,000,0,3765316568,
15/12/2025 09:45:00,000,0,0711729367,15/12/2025 09:45:00,000,0,3765316568,
15/12/2025 10:00:00,000,0,3968959951,15/12/2025 10:00:00,000,0,4157642755,
15/12/2025 10:15:00,000,0,6813630102,15/12/2025 10:15:00,000,0,4157642755,
15/12/2025 10:30:00,000,0,9749138392,15/12/2025 10:30:00,000,0,4157642755,
15/12/2025 10:45:00,000,0,9867448822,15/12/2025 10:45:00,000,0,4157642755,
15/12/2025 11:00:00,000,1,254623441,15/12/2025 11:00:00,000,0,4519452826,
15/12/2025 11:15:00,000,1,55137049,15/12/2025 11:15:00,000,0,4519452826,
15/12/2025 11:30:00,000,1,848028881,15/12/2025 11:30:00,000,0,4519452826,
15/12/2025 11:45:00,000,2,013039217,15/12/2025 11:45:00,000,0,4519452826,
15/12/2025 12:00:00,000,2,206000205,15/12/2025 12:00:00,000,0,5546845738,
15/12/2025 12:15:00,000,2,345595524,15/12/2025 12:15:00,000,0,5546845738,
15/12/2025 12:30:00,000,2,3679325,15/12/2025 12:30:00,000,0,5546845738,
15/12/2025 12:45:00,000,2,444338597,15/12/2025 12:45:00,000,0,5546845738,
15/12/2025 13:00:00,000,2,53206706,15/12/2025 13:00:00,000,0,5302070495,
15/12/2025 13:15:00,000,2,538641271,15/12/2025 13:15:00,000,0,5302070495,
15/12/2025 13:30:00,000,2,451536549,15/12/2025 13:30:00,000,0,5302070495,
15/12/2025 13:45:00,000,2,465524641,15/12/2025 13:45:00,000,0,5302070495,
15/12/2025 14:00:00,000,2,476569983,15/12/2025 14:00:00,000,0,4954032103,
15/12/2025 14:15:00,000,2,283902806,15/12/2025 14:15:00,000,0,4954032103,
15/12/2025 14:30:00,000,2,162113796,15/12/2025 14:30:00,000,0,4954032103,
15/12/2025 14:45:00,000,1,863548793,15/12/2025 14:45:00,000,0,4954032103,
15/12/2025 15:00:00,000,1,540075614,15/12/2025 15:00:00,000,0,460411304,
15/12/2025 15:15:00,000,1,12092137,15/12/2025 15:15:00,000,0,460411304,
15/12/2025 15:30:00,000,0,7986050331,15/12/2025 15:30:00,000,0,460411304,
15/12/2025 15:45:00,000,0,4324909917,15/12/2025 15:45:00,000,0,460411304,
15/12/2025 16:00:00,000,0,1625766306,15/12/2025 16:00:00,000,0,3958817897,
15/12/2025 16:15:00,000,-0,010155036,15/12/2025 16:15:00,000,0,3958817897,
15/12/2025 16:30:00,000,-0,117773514,15/12/2025 16:30:00,000,0,3958817897,
15/12/2025 16:45:00,000,-0,518103831,15/12/2025 16:45:00,000,0,3958817897,
15/12/2025 17:00:00,000,-0,491849023,15/12/2025 17:00:00,000,0,36490443,
15/12/2025 17:15:00,000,-0,452486071,15/12/2025 17:15:00,000,0,36490443,
15/12/2025 17:30:00,000,-0,436420561,15/12/2025 17:30:00,000,0,36490443,
15/12/2025 17:45:00,000,-0,475732471,15/12/2025 17:45:00,000,0,36490443,
15/12/2025 18:00:00,000,-0,481056047,15/12/2025 18:00:00,000,0,3588062503,
15/12/2025 18:15:00,000,-0,5090079,15/12/2025 18:15:00,000,0,3588062503,
15/12/2025 18:30:00,000,-0,490192056,15/12/2025 18:30:00,000,0,3588062503,
15/12/2025 18:45:00,000,-0,638934686,15/12/2025 18:45:00,000,0,3588062503,
15/12/2025 19:00:00,000,-0,771351476,15/12/2025 19:00:00,000,0,3360094816,
15/12/2025 19:15:00,000,-0,890928667,15/12/2025 19:15:00,000,0,3360094816,
15/12/2025 19:30:00,000,-1,02219113,15/12/2025 19:30:00,000,0,3360094816,
15/12/2025 19:45:00,000,-1,13021645,15/12/2025 19:45:00,000,0,3360094816,
15/12/2025 20:00:00,000,-1,22529505,15/12/2025 20:00:00,000,0,3072478676,
15/12/2025 20:15:00,000,-1,31620274,15/12/2025 20:15:00,000,0,3072478676,
15/12/2025 20:30:00,000,-1,38752536,15/12/2025 20:30:00,000,0,3072478676,
15/12/2025 20:45:00,000,-1,37581756,15/12/2025 20:45:00,000,0,3072478676,
15/12/2025 21:00:00,000,-1,34712946,15/12/2025 21:00:00,000,0,3325296335,
15/12/2025 21:15:00,000,-1,31768406,15/12/2025 21:15:00,000,0,3325296335,
15/12/2025 21:30:00,000,-1,28483066,15/12/2025 21:30:00,000,0,3325296335,
15/12/2025 21:45:00,000,-1,39538788,15/12/2025 21:45:00,000,0,3325296335,
15/12/2025 22:00:00,000,-1,41366948,15/12/2025 22:00:00,000,0,3838536364,
15/12/2025 22:15:00,000,-1,47253635,15/12/2025 22:15:00,000,0,3838536364,
15/12/2025 22:30:00,000,-1,55118297,15/12/2025 22:30:00,000,0,3838536364,
15/12/2025 22:45:00,000,-1,99361811,15/12/2025 22:45:00,000,0,3838536364,
15/12/2025 23:00:00,000,-1,97530233,15/12/2025 23:00:00,000,0,4248355129,
15/12/2025 23:15:00,000,-1,99733849,15/12/2025 23:15:00,000,0,4248355129,
15/12/2025 23:30:00,000,-2,0266943,15/12/2025 23:30:00,000,0,4248355129,
15/12/2025 23:45:00,000,-2,02321193,15/12/2025 23:45:00,000,0,4248355129,
16/12/2025 00:00:00,000,-1,9856827,16/12/2025 00:00:00,000,0,4794114385,
16/12/2025 00:15:00,000,-1,94624456,16/12/2025 00:15:00,000,0,4794114385,
16/12/2025 00:30:00,000,-1,99150619,16/12/2025 00:30:00,000,0,4794114385,
16/12/2025 00:45:00,000,-2,00194586,16/12/2025 00:45:00,000,0,4794114385,
16/12/2025 01:00:00,000,-1,96400995,16/12/2025 01:00:00,000,0,5851381016,
16/12/2025 01:15:00,000,-2,00591914,16/12/2025 01:15:00,000,0,5851381016,
16/12/2025 01:30:00,000,-2,00182592,16/12/2025 01:30:00,000,0,5851381016,
16/12/2025 01:45:00,000,-2,00547753,16/12/2025 01:45:00,000,0,5851381016,
16/12/2025 02:00:00,000,-2,01054182,16/12/2025 02:00:00,000,0,6477985463,
16/12/2025 02:15:00,000,-2,01837388,16/12/2025 02:15:00,000,0,6477985463,
16/12/2025 02:30:00,000,-2,05193938,16/12/2025 02:30:00,000,0,6477985463,
16/12/2025 02:45:00,000,-2,0732672,16/12/2025 02:45:00,000,0,6477985463,
16/12/2025 03:00:00,000,-2,05353988,16/12/2025 03:00:00,000,0,6916121235,
16/12/2025 03:15:00,000,-1,9643639,16/12/2025 03:15:00,000,0,6916121235,
16/12/2025 03:30:00,000,-1,9624787,16/12/2025 03:30:00,000,0,6916121235,
16/12/2025 03:45:00,000,-1,89444958,16/12/2025 03:45:00,000,0,6916121235,
16/12/2025 04:00:00,000,-1,84102415,16/12/2025 04:00:00,000,0,651671342,
16/12/2025 04:15:00,000,-1,80575581,16/12/2025 04:15:00,000,0,651671342,
16/12/2025 04:30:00,000,-1,81664908,16/12/2025 04:30:00,000,0,651671342,
16/12/2025 04:45:00,000,-2,24031064,16/12/2025 04:45:00,000,0,651671342,
16/12/2025 05:00:00,000,-2,21444922,16/12/2025 05:00:00,000,0,5927848093,
16/12/2025 05:15:00,000,-2,24093194,16/12/2025 05:15:00,000,0,5927848093,
16/12/2025 05:30:00,000,-2,16568257,16/12/2025 05:30:00,000,0,5927848093,
16/12/2025 05:45:00,000,-2,09918206,16/12/2025 05:45:00,000,0,5927848093,
16/12/2025 06:00:00,000,-2,03016693,16/12/2025 06:00:00,000,0,5903006895,
16/12/2025 06:15:00,000,-1,99791568,16/12/2025 06:15:00,000,0,5903006895,
16/12/2025 06:30:00,000,-1,97297583,16/12/2025 06:30:00,000,0,5903006895,
16/12/2025 06:45:00,000,-1,95789311,16/12/2025 06:45:00,000,0,5903006895,
16/12/2025 07:00:00,000,-1,91030408,16/12/2025 07:00:00,000,0,5753382782,
16/12/2025 07:15:00,000,-1,88840459,16/12/2025 07:15:00,000,0,5753382782,
16/12/2025 07:30:00,000,-1,8014505,16/12/2025 07:30:00,000,0,5753382782,
16/12/2025 07:45:00,000,-1,76246556,16/12/2025 07:45:00,000,0,5753382782,
16/12/2025 08:00:00,000,-1,70736439,16/12/2025 08:00:00,000,0,5741869441,
16/12/2025 08:15:00,000,-1,53378967,16/12/2025 08:15:00,000,0,5741869441,
16/12/2025 08:30:00,000,-1,31042185,16/12/2025 08:30:00,000,0,5741869441,
16/12/2025 08:45:00,000,-1,0553469,16/12/2025 08:45:00,000,0,5741869441,
16/12/2025 09:00:00,000,-0,721818769,16/12/2025 09:00:00,000,0,7689213866,
16/12/2025 09:15:00,000,-0,432131654,16/12/2025 09:15:00,000,0,7689213866,
16/12/2025 09:30:00,000,-0,131040919,16/12/2025 09:30:00,000,0,7689213866,
16/12/2025 09:45:00,000,0,1306194679,16/12/2025 09:45:00,000,0,7689213866,
16/12/2025 10:00:00,000,0,3695528054,16/12/2025 10:00:00,000,1,002412331,
16/12/2025 10:15:00,000,0,5914456268,16/12/2025 10:15:00,000,1,002412331,
16/12/2025 10:30:00,000,0,8200098191,16/12/2025 10:30:00,000,1,002412331,
16/12/2025 10:45:00,000,0,8583916051,16/12/2025 10:45:00,000,1,002412331,
16/12/2025 11:00:00,000,1,165183872,16/12/2025 11:00:00,000,1,263372877,
16/12/2025 11:15:00,000,1,392708676,16/12/2025 11:15:00,000,1,263372877,
16/12/2025 11:30:00,000,1,631087182,16/12/2025 11:30:00,000,1,263372877,
16/12/2025 11:45:00,000,1,761626328,16/12/2025 11:45:00,000,1,263372877,
16/12/2025 12:00:00,000,1,937814401,16/12/2025 12:00:00,000,1,588024083,
16/12/2025 12:15:00,000,2,055330854,16/12/2025 12:15:00,000,1,588024083,
16/12/2025 12:30:00,000,2,13365216,16/12/2025 12:30:00,000,1,588024083,
16/12/2025 12:45:00,000,2,095077359,16/12/2025 12:45:00,000,1,588024083,
16/12/2025 13:00:00,000,2,055134211,16/12/2025 13:00:00,000,1,877869529,
16/12/2025 13:15:00,000,1,926074263,16/12/2025 13:15:00,000,1,877869529,
16/12/2025 13:30:00,000,1,795851154,16/12/2025 13:30:00,000,1,877869529,
16/12/2025 13:45:00,000,1,774128263,16/12/2025 13:45:00,000,1,877869529,
16/12/2025 14:00:00,000,1,787410289,16/12/2025 14:00:00,000,1,939840642,
16/12/2025 14:15:00,000,1,695144039,16/12/2025 14:15:00,000,1,939840642,
16/12/2025 14:30:00,000,1,631797504,16/12/2025 14:30:00,000,1,939840642,
16/12/2025 14:45:00,000,1,521271325,16/12/2025 14:45:00,000,1,939840642,
16/12/2025 15:00:00,000,1,394317181,16/12/2025 15:00:00,000,1,704104437,
16/12/2025 15:15:00,000,1,302657723,16/12/2025 15:15:00,000,1,704104437,
16/12/2025 15:30:00,000,1,183810284,16/12/2025 15:30:00,000,1,704104437,
16/12/2025 15:45:00,000,1,042430302,16/12/2025 15:45:00,000,1,704104437,
16/12/2025 16:00:00,000,0,9637178527,16/12/2025 16:00:00,000,1,393908737,
16/12/2025 16:15:00,000,0,8983408976,16/12/2025 16:15:00,000,1,393908737,
16/12/2025 16:30:00,000,0,8872746258,16/12/2025 16:30:00,000,1,393908737,
16/12/2025 16:45:00,000,0,516789033,16/12/2025 16:45:00,000,1,393908737,
16/12/2025 17:00:00,000,0,5942065054,16/12/2025 17:00:00,000,1,27682585,
16/12/2025 17:15:00,000,0,665702986,16/12/2025 17:15:00,000,1,27682585,
16/12/2025 17:30:00,000,0,7631470834,16/12/2025 17:30:00,000,1,27682585,
16/12/2025 17:45:00,000,0,7947835461,16/12/2025 17:45:00,000,1,27682585,
16/12/2025 18:00:00,000,0,809263982,16/12/2025 18:00:00,000,1,016409964,
16/12/2025 18:15:00,000,0,879645191,16/12/2025 18:15:00,000,1,016409964,
16/12/2025 18:30:00,000,0,9399533854,16/12/2025 18:30:00,000,1,016409964,
16/12/2025 18:45:00,000,0,9082217401,16/12/2025 18:45:00,000,1,016409964,
16/12/2025 19:00:00,000,0,8750553503,16/12/2025 19:00:00,000,0,6180904683,
16/12/2025 19:15:00,000,0,8553582347,16/12/2025 19:15:00,000,0,6180904683,
16/12/2025 19:30:00,000,0,849394465,16/12/2025 19:30:00,000,0,6180904683,
16/12/2025 19:45:00,000,0,7944762828,16/12/2025 19:45:00,000,0,6180904683,
16/12/2025 20:00:00,000,0,727772318,16/12/2025 20:00:00,000,0,294595057,
16/12/2025 20:15:00,000,0,6578378574,16/12/2025 20:15:00,000,0,294595057,
16/12/2025 20:30:00,000,0,5792302789,16/12/2025 20:30:00,000,0,294595057,
16/12/2025 20:45:00,000,0,5266052388,16/12/2025 20:45:00,000,0,294595057,
16/12/2025 21:00:00,000,0,4802618773,16/12/2025 21:00:00,000,0,1184995474,
16/12/2025 21:15:00,000,0,42273747,16/12/2025 21:15:00,000,0,1184995474,
16/12/2025 21:30:00,000,0,3640175865,16/12/2025 21:30:00,000,0,1184995474,
16/12/2025 21:45:00,000,0,2865846322,16/12/2025 21:45:00,000,0,1184995474,
16/12/2025 22:00:00,000,0,2475851214,16/12/2025 22:00:00,000,0,1669512531,
16/12/2025 22:15:00,000,0,2423502112,16/12/2025 22:15:00,000,0,1669512531,
16/12/2025 22:30:00,000,0,2535339773,16/12/2025 22:30:00,000,0,1669512531,
16/12/2025 22:45:00,000,0,0296967542,16/12/2025 22:45:00,000,0,1669512531,
16/12/2025 23:00:00,000,0,0799423203,16/12/2025 23:00:00,000,0,1819390256,
16/12/2025 23:15:00,000,0,0917714100,16/12/2025 23:15:00,000,0,1819390256,
16/12/2025 23:30:00,000,0,0995989165,16/12/2025 23:30:00,000,0,1819390256,
16/12/2025 23:45:00,000,0,0990386684,16/12/2025 23:45:00,000,0,1819390256,
17/12/2025 00:00:00,000,0,0987784193,17/12/2025 00:00:00,000,-0,019916387,
17/12/2025 00:15:00,000,0,1101081916,17/12/2025 00:15:00,000,-0,019916387,
17/12/2025 00:30:00,000,0,1216264235,17/12/2025 00:30:00,000,-0,019916387,
17/12/2025 00:45:00,000,0,118648204,17/12/2025 00:45:00,000,-0,019916387,
17/12/2025 01:00:00,000,0,1109412864,17/12/2025 01:00:00,000,-0,335112782,
17/12/2025 01:15:00,000,0,0885576006,17/12/2025 01:15:00,000,-0,335112782,
17/12/2025 01:30:00,000,0,0791919536,17/12/2025 01:30:00,000,-0,335112782,
17/12/2025 01:45:00,000,0,0498080731,17/12/2025 01:45:00,000,-0,335112782,
17/12/2025 02:00:00,000,0,0196891534,17/12/2025 02:00:00,000,-0,415208033,
17/12/2025 02:15:00,000,0,0099065115,17/12/2025 02:15:00,000,-0,415208033,
17/12/2025 02:30:00,000,0,17/12/2025 02:30:00,000,-0,415208033,
17/12/2025 02:45:00,000,0,0101976430,17/12/2025 02:45:00,000,-0,415208033,
17/12/2025 03:00:00,000,0,0203385945,17/12/2025 03:00:00,000,-0,30250845,
17/12/2025 03:15:00,000,0,0301415962,17/12/2025 03:15:00,000,-0,30250845,
17/12/2025 03:30:00,000,0,0403181389,17/12/2025 03:30:00,000,-0,30250845,
17/12/2025 03:45:00,000,0,0493124672,17/12/2025 03:45:00,000,-0,30250845,
17/12/2025 04:00:00,000,0,0491865248,17/12/2025 04:00:00,000,-0,238464574,
17/12/2025 04:15:00,000,0,0396819893,17/12/2025 04:15:00,000,-0,238464574,
17/12/2025 04:30:00,000,0,0196713049,17/12/2025 04:30:00,000,-0,238464574,
17/12/2025 04:45:00,000,-0,20079653,17/12/2025 04:45:00,000,-0,238464574,
17/12/2025 05:00:00,000,-0,252736464,17/12/2025 05:00:00,000,-0,265180625,
17/12/2025 05:15:00,000,-0,296415016,17/12/2025 05:15:00,000,-0,265180625,
17/12/2025 05:30:00,000,-0,363211052,17/12/2025 05:30:00,000,-0,265180625,
17/12/2025 05:45:00,000,-0,412830453,17/12/2025 05:45:00,000,-0,265180625,
17/12/2025 06:00:00,000,-0,460831473,17/12/2025 06:00:00,000,-0,397840925,
17/12/2025 06:15:00,000,-0,478774719,17/12/2025 06:15:00,000,-0,397840925,
17/12/2025 06:30:00,000,-0,505260963,17/12/2025 06:30:00,000,-0,397840925,
17/12/2025 06:45:00,000,-0,470480796,17/12/2025 06:45:00,000,-0,397840925,
17/12/2025 07:00:00,000,-0,468576047,17/12/2025 07:00:00,000,-0,260549647,
17/12/2025 07:15:00,000,-0,455167894,17/12/2025 07:15:00,000,-0,260549647,
17/12/2025 07:30:00,000,-0,419431951,17/12/2025 07:30:00,000,-0,260549647,
17/12/2025 07:45:00,000,-0,410177876,17/12/2025 07:45:00,000,-0,260549647,
17/12/2025 08:00:00,000,-0,346422413,17/12/2025 08:00:00,000,0,1202903226,
17/12/2025 08:15:00,000,-0,217028168,17/12/2025 08:15:00,000,0,1202903226,
17/12/2025 08:30:00,000,-0,039910362,17/12/2025 08:30:00,000,0,1202903226,
17/12/2025 08:45:00,000,0,2522033734,17/12/2025 08:45:00,000,0,1202903226,
17/12/2025 09:00:00,000,0,5661165532,17/12/2025 09:00:00,000,0,7360444236,
17/12/2025 09:15:00,000,0,8735323931,17/12/2025 09:15:00,000,0,7360444236,
17/12/2025 09:30:00,000,1,178993648,17/12/2025 09:30:00,000,0,7360444236,
17/12/2025 09:45:00,000,1,369038982,17/12/2025 09:45:00,000,0,7360444236,
17/12/2025 10:00:00,000,1,619769095,17/12/2025 10:00:00,000,1,643528609,
17/12/2025 10:15:00,000,1,774314803,17/12/2025 10:15:00,000,1,643528609,
17/12/2025 10:30:00,000,2,012444564,17/12/2025 10:30:00,000,1,643528609,
17/12/2025 10:45:00,000,2,041489002,17/12/2025 10:45:00,000,1,643528609,
17/12/2025 11:00:00,000,2,291973612,17/12/2025 11:00:00,000,2,450543488,
17/12/2025 11:15:00,000,2,557340825,17/12/2025 11:15:00,000,2,450543488,
17/12/2025 11:30:00,000,2,722583254,17/12/2025 11:30:00,000,2,450543488,
17/12/2025 11:45:00,000,2,900463357,17/12/2025 11:45:00,000,2,450543488,
17/12/2025 12:00:00,000,2,997235652,17/12/2025 12:00:00,000,3,322391327,
17/12/2025 12:15:00,000,3,067562919,17/12/2025 12:15:00,000,3,322391327,
17/12/2025 12:30:00,000,3,174140817,17/12/2025 12:30:00,000,3,322391327,
17/12/2025 12:45:00,000,3,125967099,17/12/2025 12:45:00,000,3,322391327,
17/12/2025 13:00:00,000,3,137128099,17/12/2025 13:00:00,000,3,951371841,
17/12/2025 13:15:00,000,3,1074692,17/12/2025 13:15:00,000,3,951371841,
17/12/2025 13:30:00,000,2,978180171,17/12/2025 13:30:00,000,3,951371841,
17/12/2025 13:45:00,000,2,965990966,17/12/2025 13:45:00,000,3,951371841,
17/12/2025 14:00:00,000,2,932729516,17/12/2025 14:00:00,000,4,024338578,
17/12/2025 14:15:00,000,2,859782395,17/12/2025 14:15:00,000,4,024338578,
17/12/2025 14:30:00,000,2,764465487,17/12/2025 14:30:00,000,4,024338578,
17/12/2025 14:45:00,000,2,667216762,17/12/2025 14:45:00,000,4,024338578,
17/12/2025 15:00:00,000,2,415543674,17/12/2025 15:00:00,000,3,544208447,
17/12/2025 15:15:00,000,2,281738117,17/12/2025 15:15:00,000,3,544208447,
17/12/2025 15:30:00,000,2,083483138,17/12/2025 15:30:00,000,3,544208447,
17/12/2025 15:45:00,000,1,926717634,17/12/2025 15:45:00,000,3,544208447,
17/12/2025 16:00:00,000,1,758609667,17/12/2025 16:00:00,000,3,008453596,
17/12/2025 16:15:00,000,1,728608731,17/12/2025 16:15:00,000,3,008453596,
17/12/2025 16:30:00,000,1,76271609,17/12/2025 16:30:00,000,3,008453596,
17/12/2025 16:45:00,000,1,862544168,17/12/2025 16:45:00,000,3,008453596,
17/12/2025 17:00:00,000,2,031855469,17/12/2025 17:00:00,000,2,75303351,
17/12/2025 17:15:00,000,2,19203716,17/12/2025 17:15:00,000,2,75303351,
17/12/2025 17:30:00,000,2,337802319,17/12/2025 17:30:00,000,2,75303351,
17/12/2025 17:45:00,000,2,385931015,17/12/2025 17:45:00,000,2,75303351,
17/12/2025 18:00:00,000,2,487104342,17/12/2025 18:00:00,000,2,830842426,
17/12/2025 18:15:00,000,2,626407303,17/12/2025 18:15:00,000,2,830842426,
17/12/2025 18:30:00,000,2,745215978,17/12/2025 18:30:00,000,2,830842426,
17/12/2025 18:45:00,000,2,748716415,17/12/2025 18:45:00,000,2,830842426,
17/12/2025 19:00:00,000,2,80854072,17/12/2025 19:00:00,000,2,753000339,
17/12/2025 19:15:00,000,2,828573187,17/12/2025 19:15:00,000,2,753000339,
17/12/2025 19:30:00,000,2,814056156,17/12/2025 19:30:00,000,2,753000339,
17/12/2025 19:45:00,000,2,867230599,17/12/2025 19:45:00,000,2,753000339,
17/12/2025 20:00:00,000,2,801635486,17/12/2025 20:00:00,000,2,593389118,
17/12/2025 20:15:00,000,2,769790303,17/12/2025 20:15:00,000,2,593389118,
17/12/2025 20:30:00,000,2,779678903,17/12/2025 20:30:00,000,2,593389118,
17/12/2025 20:45:00,000,2,723182274,17/12/2025 20:45:00,000,2,593389118,
17/12/2025 21:00:00,000,2,79811144,17/12/2025 21:00:00,000,2,649776975,
17/12/2025 21:15:00,000,2,800798354,17/12/2025 21:15:00,000,2,649776975,
17/12/2025 21:30:00,000,2,719502383,17/12/2025 21:30:00,000,2,649776975,
17/12/2025 21:45:00,000,2,71295992,17/12/2025 21:45:00,000,2,649776975,
17/12/2025 22:00:00,000,2,637161811,17/12/2025 22:00:00,000,2,657209999,
17/12/2025 22:15:00,000,2,6360222,17/12/2025 22:15:00,000,2,657209999,
17/12/2025 22:30:00,000,2,574878512,17/12/2025 22:30:00,000,2,657209999,
17/12/2025 22:45:00,000,2,157736363,17/12/2025 22:45:00,000,2,657209999,
17/12/2025 23:00:00,000,2,169645244,17/12/2025 23:00:00,000,2,800904404,
17/12/2025 23:15:00,000,2,19830706,17/12/2025 23:15:00,000,2,800904404,
17/12/2025 23:30:00,000,2,200510631,17/12/2025 23:30:00,000,2,800904404,
17/12/2025 23:45:00,000,2,13781201,17/12/2025 23:45:00,000,2,800904404,
18/12/2025 00:00:00,000,2,137918518,18/12/2025 00:00:00,000,2,80374914,
18/12/2025 00:15:00,000,2,121442728,18/12/2025 00:15:00,000,2,80374914,
18/12/2025 00:30:00,000,2,114227253,18/12/2025 00:30:00,000,2,80374914,
18/12/2025 00:45:00,000,2,184818352,18/12/2025 00:45:00,000,2,80374914,
18/12/2025 01:00:00,000,2,257943544,18/12/2025 01:00:00,000,2,809878564,
18/12/2025 01:15:00,000,2,231813247,18/12/2025 01:15:00,000,2,809878564,
18/12/2025 01:30:00,000,2,289654679,18/12/2025 01:30:00,000,2,809878564,
18/12/2025 01:45:00,000,2,301604043,18/12/2025 01:45:00,000,2,809878564,
18/12/2025 02:00:00,000,2,245407714,18/12/2025 02:00:00,000,2,751068451,
18/12/2025 02:15:00,000,2,257747388,18/12/2025 02:15:00,000,2,751068451,
18/12/2025 02:30:00,000,2,191606403,18/12/2025 02:30:00,000,2,751068451,
18/12/2025 02:45:00,000,2,230573162,18/12/2025 02:45:00,000,2,751068451,
18/12/2025 03:00:00,000,2,231031881,18/12/2025 03:00:00,000,2,714414865,
18/12/2025 03:15:00,000,2,207887741,18/12/2025 03:15:00,000,2,714414865,
18/12/2025 03:30:00,000,2,114460859,18/12/2025 03:30:00,000,2,714414865,
18/12/2025 03:45:00,000,2,078551968,18/12/2025 03:45:00,000,2,714414865,
18/12/2025 04:00:00,000,2,037035256,18/12/2025 04:00:00,000,2,664678904,
18/12/2025 04:15:00,000,1,977028957,18/12/2025 04:15:00,000,2,664678904,
18/12/2025 04:30:00,000,1,990146967,18/12/2025 04:30:00,000,2,664678904,
18/12/2025 04:45:00,000,1,905184353,18/12/2025 04:45:00,000,2,664678904,
18/12/2025 05:00:00,000,1,849056941,18/12/2025 05:00:00,000,2,570681742,
18/12/2025 05:15:00,000,1,835936434,18/12/2025 05:15:00,000,2,570681742,
18/12/2025 05:30:00,000,1,732411679,18/12/2025 05:30:00,000,2,570681742,
18/12/2025 05:45:00,000,1,685679701,18/12/2025 05:45:00,000,2,570681742,
18/12/2025 06:00:00,000,1,600865652,18/12/2025 06:00:00,000,2,581209237,
18/12/2025 06:15:00,000,1,553982126,18/12/2025 06:15:00,000,2,581209237,
18/12/2025 06:30:00,000,1,476736684,18/12/2025 06:30:00,000,2,581209237,
18/12/2025 06:45:00,000,1,450863984,18/12/2025 06:45:00,000,2,581209237,
18/12/2025 07:00:00,000,1,40761922,18/12/2025 07:00:00,000,2,446794931,
18/12/2025 07:15:00,000,1,363852687,18/12/2025 07:15:00,000,2,446794931,
18/12/2025 07:30:00,000,1,341643566,18/12/2025 07:30:00,000,2,446794931,
18/12/2025 07:45:00,000,1,279724439,18/12/2025 07:45:00,000,2,446794931,
18/12/2025 08:00:00,000,1,291436235,18/12/2025 08:00:00,000,2,526346593,
18/12/2025 08:15:00,000,1,345857289,18/12/2025 08:15:00,000,2,526346593,
18/12/2025 08:30:00,000,1,466078159,18/12/2025 08:30:00,000,2,526346593,
18/12/2025 08:45:00,000,1,647222641,18/12/2025 08:45:00,000,2,526346593,
18/12/2025 09:00:00,000,1,94008648,18/12/2025 09:00:00,000,2,85078862,
18/12/2025 09:15:00,000,2,157051835,18/12/2025 09:15:00,000,2,85078862,
18/12/2025 09:30:00,000,2,488364092,18/12/2025 09:30:00,000,2,85078862,
18/12/2025 09:45:00,000,2,636364174,18/12/2025 09:45:00,000,2,85078862,
18/12/2025 10:00:00,000,2,872427204,18/12/2025 10:00:00,000,3,135926442,
18/12/2025 10:15:00,000,3,166766205,18/12/2025 10:15:00,000,3,135926442,
18/12/2025 10:30:00,000,3,374037341,18/12/2025 10:30:00,000,3,135926442,
18/12/2025 10:45:00,000,3,349567387,18/12/2025 10:45:00,000,3,135926442,
18/12/2025 11:00:00,000,3,51291949,18/12/2025 11:00:00,000,3,50352384,
18/12/2025 11:15:00,000,3,769968113,18/12/2025 11:15:00,000,3,50352384,
18/12/2025 11:30:00,000,3,958240123,18/12/2025 11:30:00,000,3,50352384,
18/12/2025 11:45:00,000,4,097117292,18/12/2025 11:45:00,000,3,50352384,
18/12/2025 12:00:00,000,4,193712029,18/12/2025 12:00:00,000,3,62078593,
18/12/2025 12:15:00,000,4,40102134,18/12/2025 12:15:00,000,3,62078593,
18/12/2025 12:30:00,000,4,568296036,18/12/2025 12:30:00,000,3,62078593,
18/12/2025 12:45:00,000,4,517111804,18/12/2025 12:45:00,000,3,62078593,
18/12/2025 13:00:00,000,4,681894635,18/12/2025 13:00:00,000,3,638316902,
18/12/2025 13:15:00,000,4,650776909,18/12/2025 13:15:00,000,3,638316902,
18/12/2025 13:30:00,000,4,548486718,18/12/2025 13:30:00,000,3,638316902,
18/12/2025 13:45:00,000,4,69142991,18/12/2025 13:45:00,000,3,638316902,
18/12/2025 14:00:00,000,4,688385844,18/12/2025 14:00:00,000,3,609121852,
18/12/2025 14:15:00,000,4,799081159,18/12/2025 14:15:00,000,3,609121852,
18/12/2025 14:30:00,000,4,644290509,18/12/2025 14:30:00,000,3,609121852,
18/12/2025 14:45:00,000,4,488892896,18/12/2025 14:45:00,000,3,609121852,
18/12/2025 15:00:00,000,4,343198593,18/12/2025 15:00:00,000,3,355817399,
18/12/2025 15:15:00,000,4,136073201,18/12/2025 15:15:00,000,3,355817399,
18/12/2025 15:30:00,000,3,878773943,18/12/2025 15:30:00,000,3,355817399,
18/12/2025 15:45:00,000,3,520058556,18/12/2025 15:45:00,000,3,355817399,
18/12/2025 16:00:00,000,3,363279281,18/12/2025 16:00:00,000,3,189005127,
18/12/2025 16:15:00,000,3,197360188,18/12/2025 16:15:00,000,3,189005127,
18/12/2025 16:30:00,000,3,176433504,18/12/2025 16:30:00,000,3,189005127,
18/12/2025 16:45:00,000,2,986158994,18/12/2025 16:45:00,000,3,189005127,
18/12/2025 17:00:00,000,3,040549285,18/12/2025 17:00:00,000,3,125860281,
18/12/2025 17:15:00,000,3,141253212,18/12/2025 17:15:00,000,3,125860281,
18/12/2025 17:30:00,000,3,229317149,18/12/2025 17:30:00,000,3,125860281,
18/12/2025 17:45:00,000,3,11169594,18/12/2025 17:45:00,000,3,125860281,
18/12/2025 18:00:00,000,3,080687031,18/12/2025 18:00:00,000,3,137479831,
18/12/2025 18:15:00,000,3,116278974,18/12/2025 18:15:00,000,3,137479831,
18/12/2025 18:30:00,000,3,136483359,18/12/2025 18:30:00,000,3,137479831,
18/12/2025 18:45:00,000,2,959735562,18/12/2025 18:45:00,000,3,137479831,
18/12/2025 19:00:00,000,2,874747701,18/12/2025 19:00:00,000,3,030817636,
18/12/2025 19:15:00,000,2,816899864,18/12/2025 19:15:00,000,3,030817636,
18/12/2025 19:30:00,000,2,656326223,18/12/2025 19:30:00,000,3,030817636,
18/12/2025 19:45:00,000,2,62436633,18/12/2025 19:45:00,000,3,030817636,
18/12/2025 20:00:00,000,2,428143735,18/12/2025 20:00:00,000,3,025201121,
18/12/2025 20:15:00,000,2,371046485,18/12/2025 20:15:00,000,3,025201121,
18/12/2025 20:30:00,000,2,19449135,18/12/2025 20:30:00,000,3,025201121,
18/12/2025 20:45:00,000,2,191115173,18/12/2025 20:45:00,000,3,025201121,
18/12/2025 21:00:00,000,2,083635803,18/12/2025 21:00:00,000,3,062613498,
18/12/2025 21:15:00,000,2,008938095,18/12/2025 21:15:00,000,3,062613498,
18/12/2025 21:30:00,000,1,977757243,18/12/2025 21:30:00,000,3,062613498,
18/12/2025 21:45:00,000,1,837488079,18/12/2025 21:45:00,000,3,062613498,
18/12/2025 22:00:00,000,1,789943238,18/12/2025 22:00:00,000,3,091428846,
18/12/2025 22:15:00,000,1,696653614,18/12/2025 22:15:00,000,3,091428846,
18/12/2025 22:30:00,000,1,702570344,18/12/2025 22:30:00,000,3,091428846,
18/12/2025 22:45:00,000,1,579700456,18/12/2025 22:45:00,000,3,091428846,
18/12/2025 23:00:00,000,1,657495211,18/12/2025 23:00:00,000,3,234718699,
18/12/2025 23:15:00,000,1,735037237,18/12/2025 23:15:00,000,3,234718699,
18/12/2025 23:30:00,000,1,762906904,18/12/2025 23:30:00,000,3,234718699,
18/12/2025 23:45:00,000,1,815026688,18/12/2025 23:45:00,000,3,234718699,
19/12/2025 00:00:00,000,1,918762869,19/12/2025 00:00:00,000,3,257954889,
19/12/2025 00:15:00,000,1,895660564,19/12/2025 00:15:00,000,3,257954889,
19/12/2025 00:30:00,000,1,964478323,19/12/2025 00:30:00,000,3,257954889,
19/12/2025 00:45:00,000,2,058835645,19/12/2025 00:45:00,000,3,257954889,
19/12/2025 01:00:00,000,2,105207904,19/12/2025 01:00:00,000,3,444821196,
19/12/2025 01:15:00,000,2,272566454,19/12/2025 01:15:00,000,3,444821196,
19/12/2025 01:30:00,000,2,314207901,19/12/2025 01:30:00,000,3,444821196,
19/12/2025 01:45:00,000,2,40154451,19/12/2025 01:45:00,000,3,444821196,
19/12/2025 02:00:00,000,2,438496536,19/12/2025 02:00:00,000,3,637898438,
19/12/2025 02:15:00,000,2,455301225,19/12/2025 02:15:00,000,3,637898438,
19/12/2025 02:30:00,000,2,438330926,19/12/2025 02:30:00,000,3,637898438,
19/12/2025 02:45:00,000,2,513259065,19/12/2025 02:45:00,000,3,637898438,
19/12/2025 03:00:00,000,2,530158133,19/12/2025 03:00:00,000,3,707823315,
19/12/2025 03:15:00,000,2,548038514,19/12/2025 03:15:00,000,3,707823315,
19/12/2025 03:30:00,000,2,581877031,19/12/2025 03:30:00,000,3,707823315,
19/12/2025 03:45:00,000,2,61244634,19/12/2025 03:45:00,000,3,707823315,
19/12/2025 04:00:00,000,2,69371684,19/12/2025 04:00:00,000,3,702501308,
19/12/2025 04:15:00,000,2,710094342,19/12/2025 04:15:00,000,3,702501308,
19/12/2025 04:30:00,000,2,705173318,19/12/2025 04:30:00,000,3,702501308,
19/12/2025 04:45:00,000,2,679124956,19/12/2025 04:45:00,000,3,702501308,
19/12/2025 05:00:00,000,2,662866385,19/12/2025 05:00:00,000,3,725415287,
19/12/2025 05:15:00,000,2,763774584,19/12/2025 05:15:00,000,3,725415287,
19/12/2025 05:30:00,000,2,752897909,19/12/2025 05:30:00,000,3,725415287,
19/12/2025 05:45:00,000,2,794714518,19/12/2025 05:45:00,000,3,725415287,
19/12/2025 06:00:00,000,2,787168737,19/12/2025 06:00:00,000,3,81635178,
19/12/2025 06:15:00,000,2,788882087,19/12/2025 06:15:00,000,3,81635178,
19/12/2025 06:30:00,000,2,702122042,19/12/2025 06:30:00,000,3,81635178,
19/12/2025 06:45:00,000,2,742624774,19/12/2025 06:45:00,000,3,81635178,
19/12/2025 07:00:00,000,2,717985427,19/12/2025 07:00:00,000,3,954978412,
19/12/2025 07:15:00,000,2,785747826,19/12/2025 07:15:00,000,3,954978412,
19/12/2025 07:30:00,000,2,8423056,19/12/2025 07:30:00,000,3,954978412,
19/12/2025 07:45:00,000,2,749067516,19/12/2025 07:45:00,000,3,954978412,
19/12/2025 08:00:00,000,2,753233261,19/12/2025 08:00:00,000,4,074921166,
19/12/2025 08:15:00,000,2,784960755,19/12/2025 08:15:00,000,4,074921166,
19/12/2025 08:30:00,000,2,82773249,19/12/2025 08:30:00,000,4,074921166,
19/12/2025 08:45:00,000,2,973692929,19/12/2025 08:45:00,000,4,074921166,
19/12/2025 09:00:00,000,3,123690137,19/12/2025 09:00:00,000,4,480541809,
19/12/2025 09:15:00,000,3,353186097,19/12/2025 09:15:00,000,4,480541809,
19/12/2025 09:30:00,000,3,474112731,19/12/2025 09:30:00,000,4,480541809,
19/12/2025 09:45:00,000,3,565780316,19/12/2025 09:45:00,000,4,480541809,
19/12/2025 10:00:00,000,3,637455579,19/12/2025 10:00:00,000,4,945321218,
19/12/2025 10:15:00,000,3,647575216,19/12/2025 10:15:00,000,4,945321218,
19/12/2025 10:30:00,000,3,670019121,19/12/2025 10:30:00,000,4,945321218,
19/12/2025 10:45:00,000,3,597431964,19/12/2025 10:45:00,000,4,945321218,
19/12/2025 11:00:00,000,3,638472089,19/12/2025 11:00:00,000,5,412428576,
19/12/2025 11:15:00,000,3,652476286,19/12/2025 11:15:00,000,5,412428576,
19/12/2025 11:30:00,000,3,675182938,19/12/2025 11:30:00,000,5,412428576,
19/12/2025 11:45:00,000,3,861497052,19/12/2025 11:45:00,000,5,412428576,
19/12/2025 12:00:00,000,3,947749942,19/12/2025 12:00:00,000,5,840157814,
19/12/2025 12:15:00,000,3,986601945,19/12/2025 12:15:00,000,5,840157814,
19/12/2025 12:30:00,000,4,119788607,19/12/2025 12:30:00,000,5,840157814,
19/12/2025 12:45:00,000,4,148588984,19/12/2025 12:45:00,000,5,840157814,
19/12/2025 13:00:00,000,4,220816659,19/12/2025 13:00:00,000,5,867062886,
19/12/2025 13:15:00,000,4,249917094,19/12/2025 13:15:00,000,5,867062886,
19/12/2025 13:30:00,000,4,164154703,19/12/2025 13:30:00,000,5,867062886,
19/12/2025 13:45:00,000,4,286480358,19/12/2025 13:45:00,000,5,867062886,
19/12/2025 14:00:00,000,4,361305735,19/12/2025 14:00:00,000,6,082433956,
19/12/2025 14:15:00,000,4,438970777,19/12/2025 14:15:00,000,6,082433956,
19/12/2025 14:30:00,000,4,626602692,19/12/2025 14:30:00,000,6,082433956,
19/12/2025 14:45:00,000,4,680538033,19/12/2025 14:45:00,000,6,082433956,
19/12/2025 15:00:00,000,4,743789312,19/12/2025 15:00:00,000,6,20590099,
19/12/2025 15:15:00,000,4,734688691,19/12/2025 15:15:00,000,6,20590099,
19/12/2025 15:30:00,000,4,716869095,19/12/2025 15:30:00,000,6,20590099,
19/12/2025 15:45:00,000,4,790001976,19/12/2025 15:45:00,000,6,20590099,
19/12/2025 16:00:00,000,4,746613917,19/12/2025 16:00:00,000,5,974312511,
19/12/2025 16:15:00,000,4,779858767,19/12/2025 16:15:00,000,5,974312511,
19/12/2025 16:30:00,000,4,735752908,19/12/2025 16:30:00,000,5,974312511,
19/12/2025 16:45:00,000,4,750453881,19/12/2025 16:45:00,000,5,974312511,
19/12/2025 17:00:00,000,4,86008969,19/12/2025 17:00:00,000,5,796249941,
19/12/2025 17:15:00,000,4,92918655,19/12/2025 17:15:00,000,5,796249941,
19/12/2025 17:30:00,000,5,140085214,19/12/2025 17:30:00,000,5,796249941,
19/12/2025 17:45:00,000,5,186516756,19/12/2025 17:45:00,000,5,796249941,
19/12/2025 18:00:00,000,5,129975332,19/12/2025 18:00:00,000,5,555746695,
19/12/2025 18:15:00,000,5,13256718,19/12/2025 18:15:00,000,5,555746695,
19/12/2025 18:30:00,000,5,0716128,19/12/2025 18:30:00,000,5,555746695,
19/12/2025 18:45:00,000,4,893996798,19/12/2025 18:45:00,000,5,555746695,
19/12/2025 19:00:00,000,4,959581856,19/12/2025 19:00:00,000,5,343643253,
19/12/2025 19:15:00,000,4,896218662,19/12/2025 19:15:00,000,5,343643253,
19/12/2025 19:30:00,000,4,690478779,19/12/2025 19:30:00,000,5,343643253,
19/12/2025 19:45:00,000,4,676359427,19/12/2025 19:45:00,000,5,343643253,
19/12/2025 20:00:00,000,4,488486366,19/12/2025 20:00:00,000,5,273440547,
19/12/2025 20:15:00,000,4,557954317,19/12/2025 20:15:00,000,5,273440547,
19/12/2025 20:30:00,000,4,38528276,19/12/2025 20:30:00,000,5,273440547,
19/12/2025 20:45:00,000,4,317331394,19/12/2025 20:45:00,000,5,273440547,
19/12/2025 21:00:00,000,4,210526698,19/12/2025 21:00:00,000,5,250556819,
19/12/2025 21:15:00,000,4,238504166,19/12/2025 21:15:00,000,5,250556819,
19/12/2025 21:30:00,000,4,199503514,19/12/2025 21:30:00,000,5,250556819,
19/12/2025 21:45:00,000,4,111748578,19/12/2025 21:45:00,000,5,250556819,
19/12/2025 22:00:00,000,3,992931908,19/12/2025 22:00:00,000,5,357399011,
19/12/2025 22:15:00,000,3,83675805,19/12/2025 22:15:00,000,5,357399011,
19/12/2025 22:30:00,000,3,706983442,19/12/2025 22:30:00,000,5,357399011,
19/12/2025 22:45:00,000,3,382816288,19/12/2025 22:45:00,000,5,357399011,
19/12/2025 23:00:00,000,3,269748547,19/12/2025 23:00:00,000,5,23630231,
19/12/2025 23:15:00,000,3,266522145,19/12/2025 23:15:00,000,5,23630231,
19/12/2025 23:30:00,000,3,159182176,19/12/2025 23:30:00,000,5,23630231,
19/12/2025 23:45:00,000,3,152516165,19/12/2025 23:45:00,000,5,23630231,
20/12/2025 00:00:00,000,3,131110629,20/12/2025 00:00:00,000,5,074459097,
20/12/2025 00:15:00,000,3,046495292,20/12/2025 00:15:00,000,5,074459097,
20/12/2025 00:30:00,000,3,014695033,20/12/2025 00:30:00,000,5,074459097,
20/12/2025 00:45:00,000,3,028401365,20/12/2025 00:45:00,000,5,074459097,
20/12/2025 01:00:00,000,3,056967815,20/12/2025 01:00:00,000,5,021001042,
20/12/2025 01:15:00,000,3,147844618,20/12/2025 01:15:00,000,5,021001042,
20/12/2025 01:30:00,000,3,115191216,20/12/2025 01:30:00,000,5,021001042,
20/12/2025 01:45:00,000,3,120928302,20/12/2025 01:45:00,000,5,021001042,
20/12/2025 02:00:00,000,3,023106313,20/12/2025 02:00:00,000,4,774074091,
20/12/2025 02:15:00,000,2,95652046,20/12/2025 02:15:00,000,4,774074091,
20/12/2025 02:30:00,000,2,91191611,20/12/2025 02:30:00,000,4,774074091,
20/12/2025 02:45:00,000,2,912200946,20/12/2025 02:45:00,000,4,774074091,
20/12/2025 03:00:00,000,2,92229901,20/12/2025 03:00:00,000,4,789731134,
20/12/2025 03:15:00,000,2,868840356,20/12/2025 03:15:00,000,4,789731134,
20/12/2025 03:30:00,000,2,832924616,20/12/2025 03:30:00,000,4,789731134,
20/12/2025 03:45:00,000,2,776927773,20/12/2025 03:45:00,000,4,789731134,
20/12/2025 04:00:00,000,2,825998863,20/12/2025 04:00:00,000,4,564167007,
20/12/2025 04:15:00,000,2,785463265,20/12/2025 04:15:00,000,4,564167007,
20/12/2025 04:30:00,000,2,70515564,20/12/2025 04:30:00,000,4,564167007,
20/12/2025 04:45:00,000,2,697788853,20/12/2025 04:45:00,000,4,564167007,
20/12/2025 05:00:00,000,2,648793299,20/12/2025 05:00:00,000,4,548595287,
20/12/2025 05:15:00,000,2,575976802,20/12/2025 05:15:00,000,4,548595287,
20/12/2025 05:30:00,000,2,578347542,20/12/2025 05:30:00,000,4,548595287,
20/12/2025 05:45:00,000,2,497012457,20/12/2025 05:45:00,000,4,548595287,
20/12/2025 06:00:00,000,2,421583134,20/12/2025 06:00:00,000,4,460438062,
20/12/2025 06:15:00,000,2,416970656,20/12/2025 06:15:00,000,4,460438062,
20/12/2025 06:30:00,000,2,289660008,20/12/2025 06:30:00,000,4,460438062,
20/12/2025 06:45:00,000,2,31201813,20/12/2025 06:45:00,000,4,460438062,
20/12/2025 07:00:00,000,2,23738368,20/12/2025 07:00:00,000,4,426647063,
20/12/2025 07:15:00,000,2,138380674,20/12/2025 07:15:00,000,4,426647063,
20/12/2025 07:30:00,000,2,125092423,20/12/2025 07:30:00,000,4,426647063,
20/12/2025 07:45:00,000,2,0717802,20/12/2025 07:45:00,000,4,426647063,
20/12/2025 08:00:00,000,2,109981156,20/12/2025 08:00:00,000,4,526995409,
20/12/2025 08:15:00,000,2,13519542,20/12/2025 08:15:00,000,4,526995409,
20/12/2025 08:30:00,000,2,256073025,20/12/2025 08:30:00,000,4,526995409,
20/12/2025 08:45:00,000,2,579423583,20/12/2025 08:45:00,000,4,526995409,
20/12/2025 09:00:00,000,2,924422926,20/12/2025 09:00:00,000,4,832647147,
20/12/2025 09:15:00,000,3,211532072,20/12/2025 09:15:00,000,4,832647147,
20/12/2025 09:30:00,000,3,503068047,20/12/2025 09:30:00,000,4,832647147,
20/12/2025 09:45:00,000,3,830641288,20/12/2025 09:45:00,000,4,832647147,
20/12/2025 10:00:00,000,3,944447589,20/12/2025 10:00:00,000,5,134408309,
20/12/2025 10:15:00,000,4,155378689,20/12/2025 10:15:00,000,5,134408309,
20/12/2025 10:30:00,000,4,300439589,20/12/2025 10:30:00,000,5,134408309,
20/12/2025 10:45:00,000,4,303875771,20/12/2025 10:45:00,000,5,134408309,
20/12/2025 11:00:00,000,4,53539201,20/12/2025 11:00:00,000,5,362536977,
20/12/2025 11:15:00,000,4,565959464,20/12/2025 11:15:00,000,5,362536977,
20/12/2025 11:30:00,000,4,771904041,20/12/2025 11:30:00,000,5,362536977,
20/12/2025 11:45:00,000,4,986686537,20/12/2025 11:45:00,000,5,362536977,
20/12/2025 12:00:00,000,5,179583707,20/12/2025 12:00:00,000,5,50749792,
20/12/2025 12:15:00,000,5,236398564,20/12/2025 12:15:00,000,5,50749792,
20/12/2025 12:30:00,000,5,294106563,20/12/2025 12:30:00,000,5,50749792,
20/12/2025 12:45:00,000,5,493929284,20/12/2025 12:45:00,000,5,50749792,
20/12/2025 13:00:00,000,5,425551158,20/12/2025 13:00:00,000,5,431770924,
20/12/2025 13:15:00,000,5,661450572,20/12/2025 13:15:00,000,5,431770924,
20/12/2025 13:30:00,000,5,699177778,20/12/2025 13:30:00,000,5,431770924,
20/12/2025 13:45:00,000,5,71419954,20/12/2025 13:45:00,000,5,431770924,
20/12/2025 14:00:00,000,5,807946155,20/12/2025 14:00:00,000,5,184521597,
20/12/2025 14:15:00,000,5,830903183,20/12/2025 14:15:00,000,5,184521597,
20/12/2025 14:30:00,000,5,699094477,20/12/2025 14:30:00,000,5,184521597,
20/12/2025 14:45:00,000,5,554594656,20/12/2025 14:45:00,000,5,184521597,
20/12/2025 15:00:00,000,5,283791036,20/12/2025 15:00:00,000,4,897879122,
20/12/2025 15:15:00,000,5,249891216,20/12/2025 15:15:00,000,4,897879122,
20/12/2025 15:30:00,000,4,932611108,20/12/2025 15:30:00,000,4,897879122,
20/12/2025 15:45:00,000,4,759006373,20/12/2025 15:45:00,000,4,897879122,
20/12/2025 16:00:00,000,4,59539497,20/12/2025 16:00:00,000,4,443616694,
20/12/2025 16:15:00,000,4,560852816,20/12/2025 16:15:00,000,4,443616694,
20/12/2025 16:30:00,000,4,392832038,20/12/2025 16:30:00,000,4,443616694,
20/12/2025 16:45:00,000,4,1434546,20/12/2025 16:45:00,000,4,443616694,
20/12/2025 17:00:00,000,4,161418626,20/12/2025 17:00:00,000,4,194186669,
20/12/2025 17:15:00,000,4,159077771,20/12/2025 17:15:00,000,4,194186669,
20/12/2025 17:30:00,000,4,285286596,20/12/2025 17:30:00,000,4,194186669,
20/12/2025 17:45:00,000,4,199289798,20/12/2025 17:45:00,000,4,194186669,
20/12/2025 18:00:00,000,4,273406749,20/12/2025 18:00:00,000,3,881639267,
20/12/2025 18:15:00,000,4,133394854,20/12/2025 18:15:00,000,3,881639267,
20/12/2025 18:30:00,000,4,234793312,20/12/2025 18:30:00,000,3,881639267,
20/12/2025 18:45:00,000,4,13284104,20/12/2025 18:45:00,000,3,881639267,
20/12/2025 19:00:00,000,4,09216241,20/12/2025 19:00:00,000,3,808217438,
20/12/2025 19:15:00,000,3,994146061,20/12/2025 19:15:00,000,3,808217438,
20/12/2025 19:30:00,000,3,934103376,20/12/2025 19:30:00,000,3,808217438,
20/12/2025 19:45:00,000,3,787131206,20/12/2025 19:45:00,000,3,808217438,
20/12/2025 20:00:00,000,3,771179467,20/12/2025 20:00:00,000,3,956942058,
20/12/2025 20:15:00,000,3,656773736,20/12/2025 20:15:00,000,3,956942058,
20/12/2025 20:30:00,000,3,50847601,20/12/2025 20:30:00,000,3,956942058,
20/12/2025 20:45:00,000,3,414757814,20/12/2025 20:45:00,000,3,956942058,
20/12/2025 21:00:00,000,3,450250013,20/12/2025 21:00:00,000,3,759824464,
20/12/2025 21:15:00,000,3,397015808,20/12/2025 21:15:00,000,3,759824464,
20/12/2025 21:30:00,000,3,317731345,20/12/2025 21:30:00,000,3,759824464,
20/12/2025 21:45:00,000,3,170334574,20/12/2025 21:45:00,000,3,759824464,
20/12/2025 22:00:00,000,3,046618019,20/12/2025 22:00:00,000,3,32808849,
20/12/2025 22:15:00,000,2,939033405,20/12/2025 22:15:00,000,3,32808849,
20/12/2025 22:30:00,000,2,786969335,20/12/2025 22:30:00,000,3,32808849,
20/12/2025 22:45:00,000,2,568961259,20/12/2025 22:45:00,000,3,32808849,
20/12/2025 23:00:00,000,2,533415355,20/12/2025 23:00:00,000,2,78320194,
20/12/2025 23:15:00,000,2,490742605,20/12/2025 23:15:00,000,2,78320194,
20/12/2025 23:30:00,000,2,414507952,20/12/2025 23:30:00,000,2,78320194,
20/12/2025 23:45:00,000,2,372246767,20/12/2025 23:45:00,000,2,78320194,
21/12/2025 00:00:00,000,2,249953346,21/12/2025 00:00:00,000,2,733616521,
21/12/2025 00:15:00,000,2,247076785,21/12/2025 00:15:00,000,2,733616521,
21/12/2025 00:30:00,000,2,157942848,21/12/2025 00:30:00,000,2,733616521,
21/12/2025 00:45:00,000,2,092264789,21/12/2025 00:45:00,000,2,733616521,
21/12/2025 01:00:00,000,2,113000776,21/12/2025 01:00:00,000,2,707195699,
21/12/2025 01:15:00,000,2,025619766,21/12/2025 01:15:00,000,2,707195699,
21/12/2025 01:30:00,000,1,952240966,21/12/2025 01:30:00,000,2,707195699,
21/12/2025 01:45:00,000,1,944637005,21/12/2025 01:45:00,000,2,707195699,
21/12/2025 02:00:00,000,1,864737417,21/12/2025 02:00:00,000,2,731259579,
21/12/2025 02:15:00,000,1,760625973,21/12/2025 02:15:00,000,2,731259579,
21/12/2025 02:30:00,000,1,618349904,21/12/2025 02:30:00,000,2,731259579,
21/12/2025 02:45:00,000,1,598057966,21/12/2025 02:45:00,000,2,731259579,
21/12/2025 03:00:00,000,1,501011543,21/12/2025 03:00:00,000,2,749990827,
21/12/2025 03:15:00,000,1,470033578,21/12/2025 03:15:00,000,2,749990827,
21/12/2025 03:30:00,000,1,44141021,21/12/2025 03:30:00,000,2,749990827,
21/12/2025 03:45:00,000,1,383429485,21/12/2025 03:45:00,000,2,749990827,
21/12/2025 04:00:00,000,1,282505629,21/12/2025 04:00:00,000,2,673208584,
21/12/2025 04:15:00,000,1,227601657,21/12/2025 04:15:00,000,2,673208584,
21/12/2025 04:30:00,000,1,197002588,21/12/2025 04:30:00,000,2,673208584,
21/12/2025 04:45:00,000,1,069175423,21/12/2025 04:45:00,000,2,673208584,
21/12/2025 05:00:00,000,0,9992508881,21/12/2025 05:00:00,000,2,727535078,
21/12/2025 05:15:00,000,0,9448361874,21/12/2025 05:15:00,000,2,727535078,
21/12/2025 05:30:00,000,0,9094263937,21/12/2025 05:30:00,000,2,727535078,
21/12/2025 05:45:00,000,0,8751449983,21/12/2025 05:45:00,000,2,727535078,
21/12/2025 06:00:00,000,0,8332705989,21/12/2025 06:00:00,000,2,591105759,
21/12/2025 06:15:00,000,0,7995083824,21/12/2025 06:15:00,000,2,591105759,
21/12/2025 06:30:00,000,0,7919485472,21/12/2025 06:30:00,000,2,591105759,
21/12/2025 06:45:00,000,0,7749851839,21/12/2025 06:45:00,000,2,591105759,
21/12/2025 07:00:00,000,0,7374859012,21/12/2025 07:00:00,000,2,549601383,
21/12/2025 07:15:00,000,0,728266186,21/12/2025 07:15:00,000,2,549601383,
21/12/2025 07:30:00,000,0,7566922016,21/12/2025 07:30:00,000,2,549601383,
21/12/2025 07:45:00,000,0,7645785092,21/12/2025 07:45:00,000,2,549601383,
21/12/2025 08:00:00,000,0,8342185484,21/12/2025 08:00:00,000,2,563231469,
21/12/2025 08:15:00,000,0,9621384874,21/12/2025 08:15:00,000,2,563231469,
21/12/2025 08:30:00,000,1,143690587,21/12/2025 08:30:00,000,2,563231469,
21/12/2025 08:45:00,000,1,483495186,21/12/2025 08:45:00,000,2,563231469,
21/12/2025 09:00:00,000,1,802887778,21/12/2025 09:00:00,000,2,644186722,
21/12/2025 09:15:00,000,2,247582191,21/12/2025 09:15:00,000,2,644186722,
21/12/2025 09:30:00,000,2,588727825,21/12/2025 09:30:00,000,2,644186722,
21/12/2025 09:45:00,000,2,864916322,21/12/2025 09:45:00,000,2,644186722,
21/12/2025 10:00:00,000,3,176796587,21/12/2025 10:00:00,000,2,932971248,
21/12/2025 10:15:00,000,3,442592139,21/12/2025 10:15:00,000,2,932971248,
21/12/2025 10:30:00,000,3,732010389,21/12/2025 10:30:00,000,2,932971248,
21/12/2025 10:45:00,000,3,528952442,21/12/2025 10:45:00,000,2,932971248,
21/12/2025 11:00:00,000,3,833051872,21/12/2025 11:00:00,000,3,219260527,
21/12/2025 11:15:00,000,4,155784313,21/12/2025 11:15:00,000,3,219260527,
21/12/2025 11:30:00,000,4,33340826,21/12/2025 11:30:00,000,3,219260527,
21/12/2025 11:45:00,000,4,471593713,21/12/2025 11:45:00,000,3,219260527,
21/12/2025 12:00:00,000,4,513654532,21/12/2025 12:00:00,000,3,588708233,
21/12/2025 12:15:00,000,4,707832688,21/12/2025 12:15:00,000,3,588708233,
21/12/2025 12:30:00,000,4,73407267,21/12/2025 12:30:00,000,3,588708233,
21/12/2025 12:45:00,000,4,817843359,21/12/2025 12:45:00,000,3,588708233,
21/12/2025 13:00:00,000,4,958879103,21/12/2025 13:00:00,000,3,912144286,
21/12/2025 13:15:00,000,5,069401242,21/12/2025 13:15:00,000,3,912144286,
21/12/2025 13:30:00,000,5,112385727,21/12/2025 13:30:00,000,3,912144286,
21/12/2025 13:45:00,000,5,16290548,21/12/2025 13:45:00,000,3,912144286,
21/12/2025 14:00:00,000,5,04154009,21/12/2025 14:00:00,000,4,055441652,
21/12/2025 14:15:00,000,5,089440385,21/12/2025 14:15:00,000,4,055441652,
21/12/2025 14:30:00,000,5,09163346,21/12/2025 14:30:00,000,4,055441652,
21/12/2025 14:45:00,000,4,761147406,21/12/2025 14:45:00,000,4,055441652,
21/12/2025 15:00:00,000,4,690393036,21/12/2025 15:00:00,000,3,917735129,
21/12/2025 15:15:00,000,4,379762034,21/12/2025 15:15:00,000,3,917735129,
21/12/2025 15:30:00,000,4,256735152,21/12/2025 15:30:00,000,3,917735129,
21/12/2025 15:45:00,000,3,942969611,21/12/2025 15:45:00,000,3,917735129,
21/12/2025 16:00:00,000,3,808840379,21/12/2025 16:00:00,000,3,517465033,
21/12/2025 16:15:00,000,3,691298192,21/12/2025 16:15:00,000,3,517465033,
21/12/2025 16:30:00,000,3,689608504,21/12/2025 16:30:00,000,3,517465033,
21/12/2025 16:45:00,000,3,16947664,21/12/2025 16:45:00,000,3,517465033,
21/12/2025 17:00:00,000,3,315067589,21/12/2025 17:00:00,000,3,310580174,
21/12/2025 17:15:00,000,3,278104176,21/12/2025 17:15:00,000,3,310580174,
21/12/2025 17:30:00,000,3,294379917,21/12/2025 17:30:00,000,3,310580174,
21/12/2025 17:45:00,000,3,298518729,21/12/2025 17:45:00,000,3,310580174,
21/12/2025 18:00:00,000,3,301083522,21/12/2025 18:00:00,000,3,243099511,
21/12/2025 18:15:00,000,3,283993222,21/12/2025 18:15:00,000,3,243099511,
21/12/2025 18:30:00,000,3,296241608,21/12/2025 18:30:00,000,3,243099511,
21/12/2025 18:45:00,000,3,280328629,21/12/2025 18:45:00,000,3,243099511,
21/12/2025 19:00:00,000,3,15928972,21/12/2025 19:00:00,000,3,179539964,
21/12/2025 19:15:00,000,3,077740264,21/12/2025 19:15:00,000,3,179539964,
21/12/2025 19:30:00,000,2,999127819,21/12/2025 19:30:00,000,3,179539964,
21/12/2025 19:45:00,000,2,901164884,21/12/2025 19:45:00,000,3,179539964,
21/12/2025 20:00:00,000,2,903966798,21/12/2025 20:00:00,000,3,167011058,
21/12/2025 20:15:00,000,2,773252529,21/12/2025 20:15:00,000,3,167011058,
21/12/2025 20:30:00,000,2,663720904,21/12/2025 20:30:00,000,3,167011058,
21/12/2025 20:45:00,000,2,668619595,21/12/2025 20:45:00,000,3,167011058,
21/12/2025 21:00:00,000,2,65963162,21/12/2025 21:00:00,000,3,08677358,
21/12/2025 21:15:00,000,2,564284541,21/12/2025 21:15:00,000,3,08677358,
21/12/2025 21:30:00,000,2,519556785,21/12/2025 21:30:00,000,3,08677358,
21/12/2025 21:45:00,000,2,456854509,21/12/2025 21:45:00,000,3,08677358,
21/12/2025 22:00:00,000,2,321723586,21/12/2025 22:00:00,000,2,974593886,
21/12/2025 22:15:00,000,2,174261304,21/12/2025 22:15:00,000,2,974593886,
21/12/2025 22:30:00,000,2,063912342,21/12/2025 22:30:00,000,2,974593886,
21/12/2025 22:45:00,000,1,815820827,21/12/2025 22:45:00,000,2,974593886,
21/12/2025 23:00:00,000,1,741639571,21/12/2025 23:00:00,000,2,839521065,
21/12/2025 23:15:00,000,1,599567869,21/12/2025 23:15:00,000,2,839521065,
21/12/2025 23:30:00,000,1,556417887,21/12/2025 23:30:00,000,2,839521065,
21/12/2025 23:45:00,000,1,482717454,21/12/2025 23:45:00,000,2,839521065,
22/12/2025 00:00:00,000,1,448965178,22/12/2025 00:00:00,000,2,702430445,
22/12/2025 00:15:00,000,1,371809644,22/12/2025 00:15:00,000,2,702430445,
22/12/2025 00:30:00,000,1,34355513,22/12/2025 00:30:00,000,2,702430445,
22/12/2025 00:45:00,000,1,343806434,22/12/2025 00:45:00,000,2,702430445,
22/12/2025 01:00:00,000,1,33771279,22/12/2025 01:00:00,000,2,592665477,
22/12/2025 01:15:00,000,1,351003932,22/12/2025 01:15:00,000,2,592665477,
22/12/2025 01:30:00,000,1,370369458,22/12/2025 01:30:00,000,2,592665477,
22/12/2025 01:45:00,000,1,24831894,22/12/2025 01:45:00,000,2,592665477,
22/12/2025 02:00:00,000,1,168528625,22/12/2025 02:00:00,000,2,68237537,
22/12/2025 02:15:00,000,1,117961747,22/12/2025 02:15:00,000,2,68237537,
22/12/2025 02:30:00,000,1,027957851,22/12/2025 02:30:00,000,2,68237537,
22/12/2025 02:45:00,000,0,972871688,22/12/2025 02:45:00,000,2,68237537,
22/12/2025 03:00:00,000,0,9610088939,22/12/2025 03:00:00,000,2,607099021,
22/12/2025 03:15:00,000,0,9043261586,22/12/2025 03:15:00,000,2,607099021,
22/12/2025 03:30:00,000,0,9009753674,22/12/2025 03:30:00,000,2,607099021,
22/12/2025 03:45:00,000,0,84413516,22/12/2025 03:45:00,000,2,607099021,
22/12/2025 04:00:00,000,0,7736457139,22/12/2025 04:00:00,000,2,527847377,
22/12/2025 04:15:00,000,0,7154505079,22/12/2025 04:15:00,000,2,527847377,
22/12/2025 04:30:00,000,0,6696709315,22/12/2025 04:30:00,000,2,527847377,
22/12/2025 04:45:00,000,0,5316348477,22/12/2025 04:45:00,000,2,527847377,
22/12/2025 05:00:00,000,0,5041928432,22/12/2025 05:00:00,000,2,622182649,
22/12/2025 05:15:00,000,0,4445714345,22/12/2025 05:15:00,000,2,622182649,
22/12/2025 05:30:00,000,0,4039739846,22/12/2025 05:30:00,000,2,622182649,
22/12/2025 05:45:00,000,0,3648663634,22/12/2025 05:45:00,000,2,622182649,
22/12/2025 06:00:00,000,0,3086667711,22/12/2025 06:00:00,000,2,669076464,
22/12/2025 06:15:00,000,0,2651297165,22/12/2025 06:15:00,000,2,669076464,
22/12/2025 06:30:00,000,0,2090366881,22/12/2025 06:30:00,000,2,669076464,
22/12/2025 06:45:00,000,0,182042483,22/12/2025 06:45:00,000,2,669076464,
22/12/2025 07:00:00,000,0,1401500207,22/12/2025 07:00:00,000,2,693630859,
22/12/2025 07:15:00,000,0,0987754311,22/12/2025 07:15:00,000,2,693630859,
22/12/2025 07:30:00,000,0,0896208305,22/12/2025 07:30:00,000,2,693630859,
22/12/2025 07:45:00,000,0,0594123130,22/12/2025 07:45:00,000,2,693630859,
22/12/2025 08:00:00,000,0,0904791654,22/12/2025 08:00:00,000,2,896838947,
22/12/2025 08:15:00,000,0,2017279944,22/12/2025 08:15:00,000,2,896838947,
22/12/2025 08:30:00,000,0,3581356703,22/12/2025 08:30:00,000,2,896838947,
22/12/2025 08:45:00,000,0,6775436041,22/12/2025 08:45:00,000,2,896838947,
22/12/2025 09:00:00,000,1,027092019,22/12/2025 09:00:00,000,3,187927604,
22/12/2025 09:15:00,000,1,432825407,22/12/2025 09:15:00,000,3,187927604,
22/12/2025 09:30:00,000,1,820951111,22/12/2025 09:30:00,000,3,187927604,
22/12/2025 09:45:00,000,2,179330371,22/12/2025 09:45:00,000,3,187927604,
22/12/2025 10:00:00,000,2,51135524,22/12/2025 10:00:00,000,3,455403851,
22/12/2025 10:15:00,000,2,825971704,22/12/2025 10:15:00,000,3,455403851,
22/12/2025 10:30:00,000,3,138251124,22/12/2025 10:30:00,000,3,455403851,
22/12/2025 10:45:00,000,3,162292144,22/12/2025 10:45:00,000,3,455403851,
22/12/2025 11:00:00,000,3,457018656,22/12/2025 11:00:00,000,3,768738627,
22/12/2025 11:15:00,000,3,653617721,22/12/2025 11:15:00,000,3,768738627,
22/12/2025 11:30:00,000,3,843193107,22/12/2025 11:30:00,000,3,768738627,
22/12/2025 11:45:00,000,4,020311012,22/12/2025 11:45:00,000,3,768738627,
22/12/2025 12:00:00,000,4,136097415,22/12/2025 12:00:00,000,3,793199699,
22/12/2025 12:15:00,000,4,172646093,22/12/2025 12:15:00,000,3,793199699,
22/12/2025 12:30:00,000,4,243881354,22/12/2025 12:30:00,000,3,793199699,
22/12/2025 12:45:00,000,4,234460963,22/12/2025 12:45:00,000,3,793199699,
22/12/2025 13:00:00,000,4,37326017,22/12/2025 13:00:00,000,4,038740357,
22/12/2025 13:15:00,000,4,41924545,22/12/2025 13:15:00,000,4,038740357,
22/12/2025 13:30:00,000,4,308800389,22/12/2025 13:30:00,000,4,038740357,
22/12/2025 13:45:00,000,4,380300929,22/12/2025 13:45:00,000,4,038740357,
22/12/2025 14:00:00,000,4,347508443,22/12/2025 14:00:00,000,4,107884569,
22/12/2025 14:15:00,000,4,297727004,22/12/2025 14:15:00,000,4,107884569,
22/12/2025 14:30:00,000,4,225395224,22/12/2025 14:30:00,000,4,107884569,
22/12/2025 14:45:00,000,4,100022941,22/12/2025 14:45:00,000,4,107884569,
22/12/2025 15:00:00,000,3,776710489,22/12/2025 15:00:00,000,4,000764772,
22/12/2025 15:15:00,000,3,602427825,22/12/2025 15:15:00,000,4,000764772,
22/12/2025 15:30:00,000,3,260037963,22/12/2025 15:30:00,000,4,000764772,
22/12/2025 15:45:00,000,3,006619106,22/12/2025 15:45:00,000,4,000764772,
22/12/2025 16:00:00,000,2,76883509,22/12/2025 16:00:00,000,3,986456803,
22/12/2025 16:15:00,000,2,634404404,22/12/2025 16:15:00,000,3,986456803,
22/12/2025 16:30:00,000,2,554744921,22/12/2025 16:30:00,000,3,986456803,
22/12/2025 16:45:00,000,2,30121904,22/12/2025 16:45:00,000,3,986456803,
22/12/2025 17:00:00,000,2,286425802,22/12/2025 17:00:00,000,3,983937993,
22/12/2025 17:15:00,000,2,345569691,22/12/2025 17:15:00,000,3,983937993,
22/12/2025 17:30:00,000,2,331891946,22/12/2025 17:30:00,000,3,983937993,
22/12/2025 17:45:00,000,2,260751525,22/12/2025 17:45:00,000,3,983937993,
22/12/2025 18:00:00,000,2,301077,22/12/2025 18:00:00,000,4,004483543,
22/12/2025 18:15:00,000,2,23511305,22/12/2025 18:15:00,000,4,004483543,
22/12/2025 18:30:00,000,2,23603133,22/12/2025 18:30:00,000,4,004483543,
22/12/2025 18:45:00,000,2,162708476,22/12/2025 18:45:00,000,4,004483543,
22/12/2025 19:00:00,000,2,066163529,22/12/2025 19:00:00,000,3,931446473,
22/12/2025 19:15:00,000,1,97100767,22/12/2025 19:15:00,000,3,931446473,
22/12/2025 19:30:00,000,1,885516652,22/12/2025 19:30:00,000,3,931446473,
22/12/2025 19:45:00,000,1,836859926,22/12/2025 19:45:00,000,3,931446473,
22/12/2025 20:00:00,000,1,784508301,22/12/2025 20:00:00,000,3,773328121,
22/12/2025 20:15:00,000,1,723130432,22/12/2025 20:15:00,000,3,773328121,
22/12/2025 20:30:00,000,1,672438811,22/12/2025 20:30:00,000,3,773328121,
22/12/2025 20:45:00,000,1,624987526,22/12/2025 20:45:00,000,3,773328121,
22/12/2025 21:00:00,000,1,657786654,22/12/2025 21:00:00,000,3,62359236,
22/12/2025 21:15:00,000,1,605235024,22/12/2025 21:15:00,000,3,62359236,
22/12/2025 21:30:00,000,1,567863367,22/12/2025 21:30:00,000,3,62359236,
22/12/2025 21:45:00,000,1,500162393,22/12/2025 21:45:00,000,3,62359236,
22/12/2025 22:00:00,000,1,416721757,22/12/2025 22:00:00,000,3,56464931,
22/12/2025 22:15:00,000,1,292480993,22/12/2025 22:15:00,000,3,56464931,
22/12/2025 22:30:00,000,1,163225034,22/12/2025 22:30:00,000,3,56464931,
22/12/2025 22:45:00,000,1,724117518,22/12/2025 22:45:00,000,3,56464931,
22/12/2025 23:00:00,000,1,612794247,22/12/2025 23:00:00,000,3,440870542,
22/12/2025 23:15:00,000,1,547442281,22/12/2025 23:15:00,000,3,440870542,
22/12/2025 23:30:00,000,1,426459285,22/12/2025 23:30:00,000,3,440870542,
22/12/2025 23:45:00,000,1,316932704,22/12/2025 23:45:00,000,3,440870542,
23/12/2025 00:00:00,000,1,219981164,23/12/2025 00:00:00,000,3,354009072,
23/12/2025 00:15:00,000,1,102019958,23/12/2025 00:15:00,000,3,354009072,
23/12/2025 00:30:00,000,1,031480958,23/12/2025 00:30:00,000,3,354009072,
23/12/2025 00:45:00,000,0,9640656463,23/12/2025 00:45:00,000,3,354009072,
23/12/2025 01:00:00,000,0,916357207,23/12/2025 01:00:00,000,3,149484321,
23/12/2025 01:15:00,000,0,8572751681,23/12/2025 01:15:00,000,3,149484321,
23/12/2025 01:30:00,000,0,824333652,23/12/2025 01:30:00,000,3,149484321,
23/12/2025 01:45:00,000,0,7116432686,23/12/2025 01:45:00,000,3,149484321,
23/12/2025 02:00:00,000,0,6048556338,23/12/2025 02:00:00,000,3,024084795,
23/12/2025 02:15:00,000,0,4712576855,23/12/2025 02:15:00,000,3,024084795,
23/12/2025 02:30:00,000,0,3499880516,23/12/2025 02:30:00,000,3,024084795,
23/12/2025 02:45:00,000,0,2904925702,23/12/2025 02:45:00,000,3,024084795,
23/12/2025 03:00:00,000,0,2435786746,23/12/2025 03:00:00,000,2,92824308,
23/12/2025 03:15:00,000,0,2133881089,23/12/2025 03:15:00,000,2,92824308,
23/12/2025 03:30:00,000,0,1877156492,23/12/2025 03:30:00,000,2,92824308,
23/12/2025 03:45:00,000,0,157901435,23/12/2025 03:45:00,000,2,92824308,
23/12/2025 04:00:00,000,0,1190518048,23/12/2025 04:00:00,000,2,928939594,
23/12/2025 04:15:00,000,0,0883702460,23/12/2025 04:15:00,000,2,928939594,
23/12/2025 04:30:00,000,0,0600056110,23/12/2025 04:30:00,000,2,928939594,
23/12/2025 04:45:00,000,0,3457968684,23/12/2025 04:45:00,000,2,928939594,
23/12/2025 05:00:00,000,0,289144677,23/12/2025 05:00:00,000,2,897802092,
23/12/2025 05:15:00,000,0,2355230491,23/12/2025 05:15:00,000,2,897802092,
23/12/2025 05:30:00,000,0,1997822654,23/12/2025 05:30:00,000,2,897802092,
23/12/2025 05:45:00,000,0,1502061787,23/12/2025 05:45:00,000,2,897802092,
23/12/2025 06:00:00,000,0,0907333837,23/12/2025 06:00:00,000,2,963138682,
23/12/2025 06:15:00,000,0,0302948007,23/12/2025 06:15:00,000,2,963138682,
23/12/2025 06:30:00,000,-0,029750686,23/12/2025 06:30:00,000,2,963138682,
23/12/2025 06:45:00,000,-0,069783813,23/12/2025 06:45:00,000,2,963138682,
23/12/2025 07:00:00,000,-0,098187582,23/12/2025 07:00:00,000,3,002112237,
23/12/2025 07:15:00,000,-0,112046883,23/12/2025 07:15:00,000,3,002112237,
23/12/2025 07:30:00,000,-0,098215031,23/12/2025 07:30:00,000,3,002112237,
23/12/2025 07:45:00,000,-0,129873981,23/12/2025 07:45:00,000,3,002112237,
23/12/2025 08:00:00,000,-0,121020164,23/12/2025 08:00:00,000,3,054250552,
23/12/2025 08:15:00,000,-0,071295096,23/12/2025 08:15:00,000,3,054250552,
23/12/2025 08:30:00,000,0,0101375230,23/12/2025 08:30:00,000,3,054250552,
23/12/2025 08:45:00,000,0,2309750506,23/12/2025 08:45:00,000,3,054250552,
23/12/2025 09:00:00,000,0,4854140144,23/12/2025 09:00:00,000,3,231020509,
23/12/2025 09:15:00,000,0,7427196374,23/12/2025 09:15:00,000,3,231020509,
23/12/2025 09:30:00,000,1,017162692,23/12/2025 09:30:00,000,3,231020509,
23/12/2025 09:45:00,000,1,215868154,23/12/2025 09:45:00,000,3,231020509,
23/12/2025 10:00:00,000,1,408127581,23/12/2025 10:00:00,000,3,341469511,
23/12/2025 10:15:00,000,1,55009631,23/12/2025 10:15:00,000,3,341469511,
23/12/2025 10:30:00,000,1,747145274,23/12/2025 10:30:00,000,3,341469511,
23/12/2025 10:45:00,000,1,908361677,23/12/2025 10:45:00,000,3,341469511,
23/12/2025 11:00:00,000,2,051295,23/12/2025 11:00:00,000,3,44034722,
23/12/2025 11:15:00,000,2,195071886,23/12/2025 11:15:00,000,3,44034722,
23/12/2025 11:30:00,000,2,305021749,23/12/2025 11:30:00,000,3,44034722,
23/12/2025 11:45:00,000,2,463448711,23/12/2025 11:45:00,000,3,44034722,
23/12/2025 12:00:00,000,2,538475047,23/12/2025 12:00:00,000,3,658876487,
23/12/2025 12:15:00,000,2,534823844,23/12/2025 12:15:00,000,3,658876487,
23/12/2025 12:30:00,000,2,610865347,23/12/2025 12:30:00,000,3,658876487,
23/12/2025 12:45:00,000,2,619966869,23/12/2025 12:45:00,000,3,658876487,
23/12/2025 13:00:00,000,2,638688583,23/12/2025 13:00:00,000,3,795361073,
23/12/2025 13:15:00,000,2,709112804,23/12/2025 13:15:00,000,3,795361073,
23/12/2025 13:30:00,000,2,601511038,23/12/2025 13:30:00,000,3,795361073,
23/12/2025 13:45:00,000,2,723876304,23/12/2025 13:45:00,000,3,795361073,
23/12/2025 14:00:00,000,2,800952775,23/12/2025 14:00:00,000,3,794784841,
23/12/2025 14:15:00,000,2,830021227,23/12/2025 14:15:00,000,3,794784841,
23/12/2025 14:30:00,000,2,881727135,23/12/2025 14:30:00,000,3,794784841,
23/12/2025 14:45:00,000,2,900141044,23/12/2025 14:45:00,000,3,794784841,
23/12/2025 15:00:00,000,2,881204917,23/12/2025 15:00:00,000,3,772046647,
23/12/2025 15:15:00,000,2,872650656,23/12/2025 15:15:00,000,3,772046647,
23/12/2025 15:30:00,000,2,814181498,23/12/2025 15:30:00,000,3,772046647,
23/12/2025 15:45:00,000,2,740250901,23/12/2025 15:45:00,000,3,772046647,
23/12/2025 16:00:00,000,2,760945181,23/12/2025 16:00:00,000,3,670705411,
23/12/2025 16:15:00,000,2,779977549,23/12/2025 16:15:00,000,3,670705411,
23/12/2025 16:30:00,000,2,785733904,23/12/2025 16:30:00,000,3,670705411,
23/12/2025 16:45:00,000,2,802860649,23/12/2025 16:45:00,000,3,670705411,
23/12/2025 17:00:00,000,2,754091132,23/12/2025 17:00:00,000,3,618594501,
23/12/2025 17:15:00,000,2,781499468,23/12/2025 17:15:00,000,3,618594501,
23/12/2025 17:30:00,000,2,760189019,23/12/2025 17:30:00,000,3,618594501,
23/12/2025 17:45:00,000,2,752488514,23/12/2025 17:45:00,000,3,618594501,
23/12/2025 18:00:00,000,2,788132441,23/12/2025 18:00:00,000,3,712528961,
23/12/2025 18:15:00,000,2,842278333,23/12/2025 18:15:00,000,3,712528961,
23/12/2025 18:30:00,000,2,825143874,23/12/2025 18:30:00,000,3,712528961,
23/12/2025 18:45:00,000,2,69483826,23/12/2025 18:45:00,000,3,712528961,
23/12/2025 19:00:00,000,2,662062795,23/12/2025 19:00:00,000,3,309867272,
23/12/2025 19:15:00,000,2,531700805,23/12/2025 19:15:00,000,3,309867272,
23/12/2025 19:30:00,000,2,44451494,23/12/2025 19:30:00,000,3,309867272,
23/12/2025 19:45:00,000,2,287994752,23/12/2025 19:45:00,000,3,309867272,
23/12/2025 20:00:00,000,2,209913772,23/12/2025 20:00:00,000,2,949305268,
23/12/2025 20:15:00,000,2,060044727,23/12/2025 20:15:00,000,2,949305268,
23/12/2025 20:30:00,000,1,944006166,23/12/2025 20:30:00,000,2,949305268,
23/12/2025 20:45:00,000,1,900830983,23/12/2025 20:45:00,000,2,949305268,
23/12/2025 21:00:00,000,1,87945681,23/12/2025 21:00:00,000,2,76852794,
23/12/2025 21:15:00,000,1,814126436,23/12/2025 21:15:00,000,2,76852794,
23/12/2025 21:30:00,000,1,764197673,23/12/2025 21:30:00,000,2,76852794,
23/12/2025 21:45:00,000,1,659521954,23/12/2025 21:45:00,000,2,76852794,
23/12/2025 22:00:00,000,1,521789313,23/12/2025 22:00:00,000,2,761545149,
23/12/2025 22:15:00,000,1,423647938,23/12/2025 22:15:00,000,2,761545149,
23/12/2025 22:30:00,000,1,353924105,23/12/2025 22:30:00,000,2,761545149,
23/12/2025 22:45:00,000,1,408703321,23/12/2025 22:45:00,000,2,761545149,
23/12/2025 23:00:00,000,1,357358351,23/12/2025 23:00:00,000,2,658671246,
23/12/2025 23:15:00,000,1,282603121,23/12/2025 23:15:00,000,2,658671246,
23/12/2025 23:30:00,000,1,183439642,23/12/2025 23:30:00,000,2,658671246,
23/12/2025 23:45:00,000,1,124123889,23/12/2025 23:45:00,000,2,658671246,
24/12/2025 00:00:00,000,1,06062517,24/12/2025 00:00:00,000,2,525391592,
24/12/2025 00:15:00,000,1,029860587,24/12/2025 00:15:00,000,2,525391592,
24/12/2025 00:30:00,000,0,9626995637,24/12/2025 00:30:00,000,2,525391592,
24/12/2025 00:45:00,000,0,9735071844,24/12/2025 00:45:00,000,2,525391592,
24/12/2025 01:00:00,000,0,9860021294,24/12/2025 01:00:00,000,2,475345231,
24/12/2025 01:15:00,000,0,9757468942,24/12/2025 01:15:00,000,2,475345231,
24/12/2025 01:30:00,000,0,9540803916,24/12/2025 01:30:00,000,2,475345231,
24/12/2025 01:45:00,000,0,8765851077,24/12/2025 01:45:00,000,2,475345231,
24/12/2025 02:00:00,000,0,7988966032,24/12/2025 02:00:00,000,2,388844438,
24/12/2025 02:15:00,000,0,7037656176,24/12/2025 02:15:00,000,2,388844438,
24/12/2025 02:30:00,000,0,6030065025,24/12/2025 02:30:00,000,2,388844438,
24/12/2025 02:45:00,000,0,5635502502,24/12/2025 02:45:00,000,2,388844438,
24/12/2025 03:00:00,000,0,5377431244,24/12/2025 03:00:00,000,2,078886016,
24/12/2025 03:15:00,000,0,4881470112,24/12/2025 03:15:00,000,2,078886016,
24/12/2025 03:30:00,000,0,4657519127,24/12/2025 03:30:00,000,2,078886016,
24/12/2025 03:45:00,000,0,4236613821,24/12/2025 03:45:00,000,2,078886016,
24/12/2025 04:00:00,000,0,395668397,24/12/2025 04:00:00,000,1,78456383,
24/12/2025 04:15:00,000,0,3867502947,24/12/2025 04:15:00,000,1,78456383,
24/12/2025 04:30:00,000,0,3602653907,24/12/2025 04:30:00,000,1,78456383,
24/12/2025 04:45:00,000,0,3010014137,24/12/2025 04:45:00,000,1,78456383,
24/12/2025 05:00:00,000,0,2472467651,24/12/2025 05:00:00,000,1,606218683,
24/12/2025 05:15:00,000,0,1874122646,24/12/2025 05:15:00,000,1,606218683,
24/12/2025 05:30:00,000,0,130313136,24/12/2025 05:30:00,000,1,606218683,
24/12/2025 05:45:00,000,0,0395843798,24/12/2025 05:45:00,000,1,606218683,
24/12/2025 06:00:00,000,-0,049243417,24/12/2025 06:00:00,000,1,37776913,
24/12/2025 06:15:00,000,-0,16135105,24/12/2025 06:15:00,000,1,37776913,
24/12/2025 06:30:00,000,-0,260144394,24/12/2025 06:30:00,000,1,37776913,
24/12/2025 06:45:00,000,-0,349969834,24/12/2025 06:45:00,000,1,37776913,
24/12/2025 07:00:00,000,-0,44233035,24/12/2025 07:00:00,000,1,232596649,
24/12/2025 07:15:00,000,-0,557219358,24/12/2025 07:15:00,000,1,232596649,
24/12/2025 07:30:00,000,-0,633135588,24/12/2025 07:30:00,000,1,232596649,
24/12/2025 07:45:00,000,-0,774678159,24/12/2025 07:45:00,000,1,232596649,
24/12/2025 08:00:00,000,-0,894632321,24/12/2025 08:00:00,000,1,31300147,
24/12/2025 08:15:00,000,-0,942032969,24/12/2025 08:15:00,000,1,31300147,
24/12/2025 08:30:00,000,-0,976293579,24/12/2025 08:30:00,000,1,31300147,
24/12/2025 08:45:00,000,-0,898267582,24/12/2025 08:45:00,000,1,31300147,
24/12/2025 09:00:00,000,-0,759710746,24/12/2025 09:00:00,000,1,510610771,
24/12/2025 09:15:00,000,-0,628526488,24/12/2025 09:15:00,000,1,510610771,
24/12/2025 09:30:00,000,-0,432749175,24/12/2025 09:30:00,000,1,510610771,
24/12/2025 09:45:00,000,-0,267800376,24/12/2025 09:45:00,000,1,510610771,
24/12/2025 10:00:00,000,-0,069102788,24/12/2025 10:00:00,000,1,849362036,
24/12/2025 10:15:00,000,0,1395270721,24/12/2025 10:15:00,000,1,849362036,
24/12/2025 10:30:00,000,0,347986486,24/12/2025 10:30:00,000,1,849362036,
24/12/2025 10:45:00,000,0,6101303369,24/12/2025 10:45:00,000,1,849362036,
24/12/2025 11:00:00,000,0,7342530886,24/12/2025 11:00:00,000,2,113821492,
24/12/2025 11:15:00,000,0,8156096078,24/12/2025 11:15:00,000,2,113821492,
24/12/2025 11:30:00,000,0,9140300619,24/12/2025 11:30:00,000,2,113821492,
24/12/2025 11:45:00,000,0,9553710688,24/12/2025 11:45:00,000,2,113821492,
24/12/2025 12:00:00,000,1,039334455,24/12/2025 12:00:00,000,2,158386717,
24/12/2025 12:15:00,000,1,052432685,24/12/2025 12:15:00,000,2,158386717,
24/12/2025 12:30:00,000,1,103876517,24/12/2025 12:30:00,000,2,158386717,
24/12/2025 12:45:00,000,1,089654733,24/12/2025 12:45:00,000,2,158386717,
24/12/2025 13:00:00,000,1,112115443,24/12/2025 13:00:00,000,1,970611368,
24/12/2025 13:15:00,000,1,075993935,24/12/2025 13:15:00,000,1,970611368,
24/12/2025 13:30:00,000,1,015304417,24/12/2025 13:30:00,000,1,970611368,
24/12/2025 13:45:00,000,1,098103778,24/12/2025 13:45:00,000,1,970611368,
24/12/2025 14:00:00,000,1,152656011,24/12/2025 14:00:00,000,1,701105293,
24/12/2025 14:15:00,000,1,174467184,24/12/2025 14:15:00,000,1,701105293,
24/12/2025 14:30:00,000,1,175094752,24/12/2025 14:30:00,000,1,701105293,
24/12/2025 14:45:00,000,1,122217219,24/12/2025 14:45:00,000,1,701105293,
24/12/2025 15:00:00,000,1,065145769,24/12/2025 15:00:00,000,1,120178105,
24/12/2025 15:15:00,000,0,9807619926,24/12/2025 15:15:00,000,1,120178105,
24/12/2025 15:30:00,000,0,8880813372,24/12/2025 15:30:00,000,1,120178105,
24/12/2025 15:45:00,000,0,7876156583,24/12/2025 15:45:00,000,1,120178105,
24/12/2025 16:00:00,000,0,7311958981,24/12/2025 16:00:00,000,0,5470565932,
24/12/2025 16:15:00,000,0,697952184,24/12/2025 16:15:00,000,0,5470565932,
24/12/2025 16:30:00,000,0,6778987684,24/12/2025 16:30:00,000,0,5470565932,
24/12/2025 16:45:00,000,0,2357773354,24/12/2025 16:45:00,000,0,5470565932,
24/12/2025 17:00:00,000,0,2229303866,24/12/2025 17:00:00,000,0,297700021,
24/12/2025 17:15:00,000,0,1897145279,24/12/2025 17:15:00,000,0,297700021,
24/12/2025 17:30:00,000,0,157087051,24/12/2025 17:30:00,000,0,297700021,
24/12/2025 17:45:00,000,0,0991952202,24/12/2025 17:45:00,000,0,297700021,
24/12/2025 18:00:00,000,0,0299241706,24/12/2025 18:00:00,000,0,0982556715,
24/12/2025 18:15:00,000,-0,030048093,24/12/2025 18:15:00,000,0,0982556715,
24/12/2025 18:30:00,000,-0,078665245,24/12/2025 18:30:00,000,0,0982556715,
24/12/2025 18:45:00,000,-0,213269204,24/12/2025 18:45:00,000,0,0982556715,
24/12/2025 19:00:00,000,-0,341690902,24/12/2025 19:00:00,000,-0,120653517,
24/12/2025 19:15:00,000,-0,449235674,24/12/2025 19:15:00,000,-0,120653517,
24/12/2025 19:30:00,000,-0,542452278,24/12/2025 19:30:00,000,-0,120653517,
24/12/2025 19:45:00,000,-0,668992195,24/12/2025 19:45:00,000,-0,120653517,
24/12/2025 20:00:00,000,-0,795794421,24/12/2025 20:00:00,000,-0,181903485,
24/12/2025 20:15:00,000,-0,904517034,24/12/2025 20:15:00,000,-0,181903485,
24/12/2025 20:30:00,000,-1,02797835,24/12/2025 20:30:00,000,-0,181903485,
24/12/2025 20:45:00,000,-1,11667308,24/12/2025 20:45:00,000,-0,181903485,
24/12/2025 21:00:00,000,-1,1805118,24/12/2025 21:00:00,000,-0,157901824,
24/12/2025 21:15:00,000,-1,26994727,24/12/2025 21:15:00,000,-0,157901824,
24/12/2025 21:30:00,000,-1,30869884,24/12/2025 21:30:00,000,-0,157901824,
24/12/2025 21:45:00,000,-1,45544239,24/12/2025 21:45:00,000,-0,157901824,
24/12/2025 22:00:00,000,-1,57116755,24/12/2025 22:00:00,000,-0,225576284,
24/12/2025 22:15:00,000,-1,64322269,24/12/2025 22:15:00,000,-0,225576284,
24/12/2025 22:30:00,000,-1,79089947,24/12/2025 22:30:00,000,-0,225576284,
24/12/2025 22:45:00,000,-2,13081621,24/12/2025 22:45:00,000,-0,225576284,
24/12/2025 23:00:00,000,-2,2111639,24/12/2025 23:00:00,000,-0,279340966,
24/12/2025 23:15:00,000,-2,27233882,24/12/2025 23:15:00,000,-0,279340966,
24/12/2025 23:30:00,000,-2,29488324,24/12/2025 23:30:00,000,-0,279340966,
24/12/2025 23:45:00,000,-2,40757994,24/12/2025 23:45:00,000,-0,279340966,
25/12/2025 00:00:00,000,-2,43786736,25/12/2025 00:00:00,000,-0,286189548,
25/12/2025 00:15:00,000,-2,42464648,25/12/2025 00:15:00,000,-0,286189548,
25/12/2025 00:30:00,000,-2,46178318,25/12/2025 00:30:00,000,-0,286189548,
25/12/2025 00:45:00,000,-2,4343469,25/12/2025 00:45:00,000,-0,286189548,
25/12/2025 01:00:00,000,-2,53573385,25/12/2025 01:00:00,000,-0,304423165,
25/12/2025 01:15:00,000,-2,53800263,25/12/2025 01:15:00,000,-0,304423165,
25/12/2025 01:30:00,000,-2,54869778,25/12/2025 01:30:00,000,-0,304423165,
25/12/2025 01:45:00,000,-2,62747085,25/12/2025 01:45:00,000,-0,304423165,
25/12/2025 02:00:00,000,-2,66909077,25/12/2025 02:00:00,000,-0,298742503,
25/12/2025 02:15:00,000,-2,78727482,25/12/2025 02:15:00,000,-0,298742503,
25/12/2025 02:30:00,000,-2,78949073,25/12/2025 02:30:00,000,-0,298742503,
25/12/2025 02:45:00,000,-2,7681692,25/12/2025 02:45:00,000,-0,298742503,
25/12/2025 03:00:00,000,-2,76856685,25/12/2025 03:00:00,000,-0,38065771,
25/12/2025 03:15:00,000,-2,81479279,25/12/2025 03:15:00,000,-0,38065771,
25/12/2025 03:30:00,000,-2,82117833,25/12/2025 03:30:00,000,-0,38065771,
25/12/2025 03:45:00,000,-2,76620157,25/12/2025 03:45:00,000,-0,38065771,
25/12/2025 04:00:00,000,-2,80193614,25/12/2025 04:00:00,000,-0,515594896,
25/12/2025 04:15:00,000,-2,85660912,25/12/2025 04:15:00,000,-0,515594896,
25/12/2025 04:30:00,000,-2,89994185,25/12/2025 04:30:00,000,-0,515594896,
25/12/2025 04:45:00,000,-2,70950416,25/12/2025 04:45:00,000,-0,515594896,
25/12/2025 05:00:00,000,-2,71659064,25/12/2025 05:00:00,000,-0,627596155,
25/12/2025 05:15:00,000,-2,77942689,25/12/2025 05:15:00,000,-0,627596155,
25/12/2025 05:30:00,000,-2,79377786,25/12/2025 05:30:00,000,-0,627596155,
25/12/2025 05:45:00,000,-2,94900373,25/12/2025 05:45:00,000,-0,627596155,
25/12/2025 06:00:00,000,-2,90542197,25/12/2025 06:00:00,000,-0,699102226,
25/12/2025 06:15:00,000,-3,01141064,25/12/2025 06:15:00,000,-0,699102226,
25/12/2025 06:30:00,000,-3,0805063,25/12/2025 06:30:00,000,-0,699102226,
25/12/2025 06:45:00,000,-3,10331309,25/12/2025 06:45:00,000,-0,699102226,
25/12/2025 07:00:00,000,-3,07266261,25/12/2025 07:00:00,000,-0,752737346,
25/12/2025 07:15:00,000,-3,0136551,25/12/2025 07:15:00,000,-0,752737346,
25/12/2025 07:30:00,000,-2,90831996,25/12/2025 07:30:00,000,-0,752737346,
25/12/2025 07:45:00,000,-2,88487868,25/12/2025 07:45:00,000,-0,752737346,
25/12/2025 08:00:00,000,-2,84830226,25/12/2025 08:00:00,000,-0,732696031,
25/12/2025 08:15:00,000,-2,65207891,25/12/2025 08:15:00,000,-0,732696031,
25/12/2025 08:30:00,000,-2,5000011,25/12/2025 08:30:00,000,-0,732696031,
25/12/2025 08:45:00,000,-2,24195833,25/12/2025 08:45:00,000,-0,732696031,
25/12/2025 09:00:00,000,-1,97879516,25/12/2025 09:00:00,000,-0,373543013,
25/12/2025 09:15:00,000,-1,62460527,25/12/2025 09:15:00,000,-0,373543013,
25/12/2025 09:30:00,000,-1,31831347,25/12/2025 09:30:00,000,-0,373543013,
25/12/2025 09:45:00,000,-1,00747882,25/12/2025 09:45:00,000,-0,373543013,
25/12/2025 10:00:00,000,-0,73345833,25/12/2025 10:00:00,000,0,2549871715,
25/12/2025 10:15:00,000,-0,436393249,25/12/2025 10:15:00,000,0,2549871715,
25/12/2025 10:30:00,000,-0,169872133,25/12/2025 10:30:00,000,0,2549871715,
25/12/2025 10:45:00,000,0,121515631,25/12/2025 10:45:00,000,0,2549871715,
25/12/2025 11:00:00,000,0,3462768478,25/12/2025 11:00:00,000,0,8585966135,
25/12/2025 11:15:00,000,0,5158994617,25/12/2025 11:15:00,000,0,8585966135,
25/12/2025 11:30:00,000,0,6740020063,25/12/2025 11:30:00,000,0,8585966135,
25/12/2025 11:45:00,000,0,7793880895,25/12/2025 11:45:00,000,0,8585966135,
25/12/2025 12:00:00,000,0,8674342544,25/12/2025 12:00:00,000,1,435309592,
25/12/2025 12:15:00,000,0,9666538486,25/12/2025 12:15:00,000,1,435309592,
25/12/2025 12:30:00,000,0,9997793288,25/12/2025 12:30:00,000,1,435309592,
25/12/2025 12:45:00,000,1,066533664,25/12/2025 12:45:00,000,1,435309592,
25/12/2025 13:00:00,000,1,116850847,25/12/2025 13:00:00,000,1,657473424,
25/12/2025 13:15:00,000,1,094276039,25/12/2025 13:15:00,000,1,657473424,
25/12/2025 13:30:00,000,1,08565111,25/12/2025 13:30:00,000,1,657473424,
25/12/2025 13:45:00,000,1,147504155,25/12/2025 13:45:00,000,1,657473424,
25/12/2025 14:00:00,000,1,173250817,25/12/2025 14:00:00,000,1,646827602,
25/12/2025 14:15:00,000,1,154823974,25/12/2025 14:15:00,000,1,646827602,
25/12/2025 14:30:00,000,1,09429346,25/12/2025 14:30:00,000,1,646827602,
25/12/2025 14:45:00,000,0,9893184902,25/12/2025 14:45:00,000,1,646827602,
25/12/2025 15:00:00,000,0,8461541973,25/12/2025 15:00:00,000,1,318475067,
25/12/2025 15:15:00,000,0,6645192493,25/12/2025 15:15:00,000,1,318475067,
25/12/2025 15:30:00,000,0,5144316041,25/12/2025 15:30:00,000,1,318475067,
25/12/2025 15:45:00,000,0,3106252604,25/12/2025 15:45:00,000,1,318475067,
25/12/2025 16:00:00,000,0,167364798,25/12/2025 16:00:00,000,0,6191121174,
25/12/2025 16:15:00,000,0,1014457478,25/12/2025 16:15:00,000,0,6191121174,
25/12/2025 16:30:00,000,0,0689148976,25/12/2025 16:30:00,000,0,6191121174,
25/12/2025 16:45:00,000,-0,214008619,25/12/2025 16:45:00,000,0,6191121174,
25/12/2025 17:00:00,000,-0,131421617,25/12/2025 17:00:00,000,0,1912126624,
25/12/2025 17:15:00,000,-0,040355738,25/12/2025 17:15:00,000,0,1912126624,
25/12/2025 17:30:00,000,0,0610284943,25/12/2025 17:30:00,000,0,1912126624,
25/12/2025 17:45:00,000,0,0982482758,25/12/2025 17:45:00,000,0,1912126624,
25/12/2025 18:00:00,000,0,1596485715,25/12/2025 18:00:00,000,-0,090252689,
25/12/2025 18:15:00,000,0,2232854696,25/12/2025 18:15:00,000,-0,090252689,
25/12/2025 18:30:00,000,0,2755563499,25/12/2025 18:30:00,000,-0,090252689,
25/12/2025 18:45:00,000,0,2407345522,25/12/2025 18:45:00,000,-0,090252689,
25/12/2025 19:00:00,000,0,1929694298,25/12/2025 19:00:00,000,-0,281755742,
25/12/2025 19:15:00,000,0,152433818,25/12/2025 19:15:00,000,-0,281755742,
25/12/2025 19:30:00,000,0,0982900602,25/12/2025 19:30:00,000,-0,281755742,
25/12/2025 19:45:00,000,0,0202145657,25/12/2025 19:45:00,000,-0,281755742,
25/12/2025 20:00:00,000,-0,080885253,25/12/2025 20:00:00,000,-0,558902565,
25/12/2025 20:15:00,000,-0,206049096,25/12/2025 20:15:00,000,-0,558902565,
25/12/2025 20:30:00,000,-0,355039917,25/12/2025 20:30:00,000,-0,558902565,
25/12/2025 20:45:00,000,-0,446969316,25/12/2025 20:45:00,000,-0,558902565,
25/12/2025 21:00:00,000,-0,579725077,25/12/2025 21:00:00,000,-0,81741816,
25/12/2025 21:15:00,000,-0,699501915,25/12/2025 21:15:00,000,-0,81741816,
25/12/2025 21:30:00,000,-0,824494884,25/12/2025 21:30:00,000,-0,81741816,
25/12/2025 21:45:00,000,-1,00033111,25/12/2025 21:45:00,000,-0,81741816,
25/12/2025 22:00:00,000,-1,10913158,25/12/2025 22:00:00,000,-1,0333886,
25/12/2025 22:15:00,000,-1,23285792,25/12/2025 22:15:00,000,-1,0333886,
25/12/2025 22:30:00,000,-1,3123593,25/12/2025 22:30:00,000,-1,0333886,
25/12/2025 22:45:00,000,-1,52980898,25/12/2025 22:45:00,000,-1,0333886,
25/12/2025 23:00:00,000,-1,54549569,25/12/2025 23:00:00,000,-1,61406483,
25/12/2025 23:15:00,000,-1,55885619,25/12/2025 23:15:00,000,-1,61406483,
25/12/2025 23:30:00,000,-1,58951639,25/12/2025 23:30:00,000,-1,61406483,
25/12/2025 23:45:00,000,-1,61770021,25/12/2025 23:45:00,000,-1,61406483,
26/12/2025 00:00:00,000,-1,67833032,26/12/2025 00:00:00,000,-2,39744562,
26/12/2025 00:15:00,000,-1,71217677,26/12/2025 00:15:00,000,-2,39744562,
26/12/2025 00:30:00,000,-1,67966745,26/12/2025 00:30:00,000,-2,39744562,
26/12/2025 00:45:00,000,-1,72597533,26/12/2025 00:45:00,000,-2,39744562,
26/12/2025 01:00:00,000,-1,72949808,26/12/2025 01:00:00,000,-3,00084546,
26/12/2025 01:15:00,000,-1,76434105,26/12/2025 01:15:00,000,-3,00084546,
26/12/2025 01:30:00,000,-1,73979497,26/12/2025 01:30:00,000,-3,00084546,
26/12/2025 01:45:00,000,-1,76310938,26/12/2025 01:45:00,000,-3,00084546,
26/12/2025 02:00:00,000,-1,7977293,26/12/2025 02:00:00,000,-3,37675592,
26/12/2025 02:15:00,000,-1,86274634,26/12/2025 02:15:00,000,-3,37675592,
26/12/2025 02:30:00,000,-1,91076921,26/12/2025 02:30:00,000,-3,37675592,
26/12/2025 02:45:00,000,-1,93759214,26/12/2025 02:45:00,000,-3,37675592,
26/12/2025 03:00:00,000,-1,88554424,26/12/2025 03:00:00,000,-3,12897379,
26/12/2025 03:15:00,000,-1,95786144,26/12/2025 03:15:00,000,-3,12897379,
26/12/2025 03:30:00,000,-1,94550668,26/12/2025 03:30:00,000,-3,12897379,
26/12/2025 03:45:00,000,-1,91411599,26/12/2025 03:45:00,000,-3,12897379,
26/12/2025 04:00:00,000,-1,9607063,26/12/2025 04:00:00,000,-2,78707057,
26/12/2025 04:15:00,000,-1,92621312,26/12/2025 04:15:00,000,-2,78707057,
26/12/2025 04:30:00,000,-1,96536024,26/12/2025 04:30:00,000,-2,78707057,
26/12/2025 04:45:00,000,-2,07042983,26/12/2025 04:45:00,000,-2,78707057,
26/12/2025 05:00:00,000,-2,06099306,26/12/2025 05:00:00,000,-2,89771319,
26/12/2025 05:15:00,000,-2,08421412,26/12/2025 05:15:00,000,-2,89771319,
26/12/2025 05:30:00,000,-2,06801426,26/12/2025 05:30:00,000,-2,89771319,
26/12/2025 05:45:00,000,-2,11864117,26/12/2025 05:45:00,000,-2,89771319,
26/12/2025 06:00:00,000,-2,12002436,26/12/2025 06:00:00,000,-2,69699632,
26/12/2025 06:15:00,000,-2,14025174,26/12/2025 06:15:00,000,-2,69699632,
26/12/2025 06:30:00,000,-2,09181776,26/12/2025 06:30:00,000,-2,69699632,
26/12/2025 06:45:00,000,-2,1107849,26/12/2025 06:45:00,000,-2,69699632,
26/12/2025 07:00:00,000,-2,02732471,26/12/2025 07:00:00,000,-2,89955037,
26/12/2025 07:15:00,000,-2,0182483,26/12/2025 07:15:00,000,-2,89955037,
26/12/2025 07:30:00,000,-2,02013738,26/12/2025 07:30:00,000,-2,89955037,
26/12/2025 07:45:00,000,-1,96195716,26/12/2025 07:45:00,000,-2,89955037,
26/12/2025 08:00:00,000,-1,84350373,26/12/2025 08:00:00,000,-2,79363135,
26/12/2025 08:15:00,000,-1,71162375,26/12/2025 08:15:00,000,-2,79363135,
26/12/2025 08:30:00,000,-1,45713063,26/12/2025 08:30:00,000,-2,79363135,
26/12/2025 08:45:00,000,-1,09457095,26/12/2025 08:45:00,000,-2,79363135,
26/12/2025 09:00:00,000,-0,744260059,26/12/2025 09:00:00,000,-1,33552909,
26/12/2025 09:15:00,000,-0,355063876,26/12/2025 09:15:00,000,-1,33552909,
26/12/2025 09:30:00,000,0,0394621592,26/12/2025 09:30:00,000,-1,33552909,
26/12/2025 09:45:00,000,0,3636031849,26/12/2025 09:45:00,000,-1,33552909,
26/12/2025 10:00:00,000,0,6913753177,26/12/2025 10:00:00,000,0,2484253821,
26/12/2025 10:15:00,000,1,011862109,26/12/2025 10:15:00,000,0,2484253821,
26/12/2025 10:30:00,000,1,285418871,26/12/2025 10:30:00,000,0,2484253821,
26/12/2025 10:45:00,000,1,604332263,26/12/2025 10:45:00,000,0,2484253821,
26/12/2025 11:00:00,000,1,926620342,26/12/2025 11:00:00,000,1,439076446,
26/12/2025 11:15:00,000,2,146985755,26/12/2025 11:15:00,000,1,439076446,
26/12/2025 11:30:00,000,2,32845856,26/12/2025 11:30:00,000,1,439076446,
26/12/2025 11:45:00,000,2,550298948,26/12/2025 11:45:00,000,1,439076446,
26/12/2025 12:00:00,000,2,670692688,26/12/2025 12:00:00,000,2,803450666,
26/12/2025 12:15:00,000,2,843574581,26/12/2025 12:15:00,000,2,803450666,
26/12/2025 12:30:00,000,2,896545964,26/12/2025 12:30:00,000,2,803450666,
26/12/2025 12:45:00,000,2,965507866,26/12/2025 12:45:00,000,2,803450666,
26/12/2025 13:00:00,000,2,930349946,26/12/2025 13:00:00,000,3,990904532,
26/12/2025 13:15:00,000,2,847492699,26/12/2025 13:15:00,000,3,990904532,
26/12/2025 13:30:00,000,2,788676396,26/12/2025 13:30:00,000,3,990904532,
26/12/2025 13:45:00,000,2,740433006,26/12/2025 13:45:00,000,3,990904532,
26/12/2025 14:00:00,000,2,530109419,26/12/2025 14:00:00,000,4,061986394,
26/12/2025 14:15:00,000,2,354019334,26/12/2025 14:15:00,000,4,061986394,
26/12/2025 14:30:00,000,2,192415322,26/12/2025 14:30:00,000,4,061986394,
26/12/2025 14:45:00,000,1,94278157,26/12/2025 14:45:00,000,4,061986394,
26/12/2025 15:00:00,000,1,61793478,26/12/2025 15:00:00,000,3,214830826,
26/12/2025 15:15:00,000,1,359514328,26/12/2025 15:15:00,000,3,214830826,
26/12/2025 15:30:00,000,1,060945479,26/12/2025 15:30:00,000,3,214830826,
26/12/2025 15:45:00,000,0,6908511699,26/12/2025 15:45:00,000,3,214830826,
26/12/2025 16:00:00,000,0,4100526452,26/12/2025 16:00:00,000,2,012638895,
26/12/2025 16:15:00,000,0,1909396303,26/12/2025 16:15:00,000,2,012638895,
26/12/2025 16:30:00,000,0,0305292932,26/12/2025 16:30:00,000,2,012638895,
26/12/2025 16:45:00,000,-0,14071421,26/12/2025 16:45:00,000,2,012638895,
26/12/2025 17:00:00,000,-0,100981883,26/12/2025 17:00:00,000,1,141135123,
26/12/2025 17:15:00,000,-0,089331683,26/12/2025 17:15:00,000,1,141135123,
26/12/2025 17:30:00,000,-0,099978952,26/12/2025 17:30:00,000,1,141135123,
26/12/2025 17:45:00,000,-0,18298987,26/12/2025 17:45:00,000,1,141135123,
26/12/2025 18:00:00,000,-0,243146152,26/12/2025 18:00:00,000,0,9376634197,
26/12/2025 18:15:00,000,-0,276475046,26/12/2025 18:15:00,000,0,9376634197,
26/12/2025 18:30:00,000,-0,294108048,26/12/2025 18:30:00,000,0,9376634197,
26/12/2025 18:45:00,000,-0,403015701,26/12/2025 18:45:00,000,0,9376634197,
26/12/2025 19:00:00,000,-0,460879325,26/12/2025 19:00:00,000,1,263877597,
26/12/2025 19:15:00,000,-0,482364646,26/12/2025 19:15:00,000,1,263877597,
26/12/2025 19:30:00,000,-0,517165684,26/12/2025 19:30:00,000,1,263877597,
26/12/2025 19:45:00,000,-0,549421286,26/12/2025 19:45:00,000,1,263877597,
26/12/2025 20:00:00,000,-0,579806351,26/12/2025 20:00:00,000,0,9573811969,
26/12/2025 20:15:00,000,-0,666474844,26/12/2025 20:15:00,000,0,9573811969,
26/12/2025 20:30:00,000,-0,732177296,26/12/2025 20:30:00,000,0,9573811969,
26/12/2025 20:45:00,000,-0,738054163,26/12/2025 20:45:00,000,0,9573811969,
26/12/2025 21:00:00,000,-0,732755298,26/12/2025 21:00:00,000,0,7051546907,
26/12/2025 21:15:00,000,-0,70994369,26/12/2025 21:15:00,000,0,7051546907,
26/12/2025 21:30:00,000,-0,677648219,26/12/2025 21:30:00,000,0,7051546907,
26/12/2025 21:45:00,000,-0,748722242,26/12/2025 21:45:00,000,0,7051546907,
26/12/2025 22:00:00,000,-0,823332571,26/12/2025 22:00:00,000,0,9718397865,
26/12/2025 22:15:00,000,-0,935006442,26/12/2025 22:15:00,000,0,9718397865,
26/12/2025 22:30:00,000,-1,00440878,26/12/2025 22:30:00,000,0,9718397865,
26/12/2025 22:45:00,000,-1,4202443,26/12/2025 22:45:00,000,0,9718397865,
26/12/2025 23:00:00,000,-1,48502688,26/12/2025 23:00:00,000,0,8030990435,
26/12/2025 23:15:00,000,-1,54368783,26/12/2025 23:15:00,000,0,8030990435,
26/12/2025 23:30:00,000,-1,62707904,26/12/2025 23:30:00,000,0,8030990435,
26/12/2025 23:45:00,000,-1,65164982,26/12/2025 23:45:00,000,0,8030990435,
27/12/2025 00:00:00,000,-1,73542055,27/12/2025 00:00:00,000,0,4053224205,
27/12/2025 00:15:00,000,-1,76320244,27/12/2025 00:15:00,000,0,4053224205,
27/12/2025 00:30:00,000,-1,83852282,27/12/2025 00:30:00,000,0,4053224205,
27/12/2025 00:45:00,000,-1,76923635,27/12/2025 00:45:00,000,0,4053224205,
27/12/2025 01:00:00,000,-1,77735425,27/12/2025 01:00:00,000,0,3160682234,
27/12/2025 01:15:00,000,-1,72463807,27/12/2025 01:15:00,000,0,3160682234,
27/12/2025 01:30:00,000,-1,68781578,27/12/2025 01:30:00,000,0,3160682234,
27/12/2025 01:45:00,000,-1,78213676,27/12/2025 01:45:00,000,0,3160682234,
27/12/2025 02:00:00,000,-1,86391783,27/12/2025 02:00:00,000,0,0696710686,
27/12/2025 02:15:00,000,-1,92508562,27/12/2025 02:15:00,000,0,0696710686,
27/12/2025 02:30:00,000,-2,00461537,27/12/2025 02:30:00,000,0,0696710686,
27/12/2025 02:45:00,000,-1,9707448,27/12/2025 02:45:00,000,0,0696710686,
27/12/2025 03:00:00,000,-2,01704063,27/12/2025 03:00:00,000,-0,871639887,
27/12/2025 03:15:00,000,-2,0556926,27/12/2025 03:15:00,000,-0,871639887,
27/12/2025 03:30:00,000,-2,06843569,27/12/2025 03:30:00,000,-0,871639887,
27/12/2025 03:45:00,000,-2,15425964,27/12/2025 03:45:00,000,-0,871639887,
27/12/2025 04:00:00,000,-2,22020603,27/12/2025 04:00:00,000,-1,49237887,
27/12/2025 04:15:00,000,-2,19186746,27/12/2025 04:15:00,000,-1,49237887,
27/12/2025 04:30:00,000,-2,29219414,27/12/2025 04:30:00,000,-1,49237887,
27/12/2025 04:45:00,000,-2,5132605,27/12/2025 04:45:00,000,-1,49237887,
27/12/2025 05:00:00,000,-2,58193037,27/12/2025 05:00:00,000,-1,51645598,
27/12/2025 05:15:00,000,-2,58466081,27/12/2025 05:15:00,000,-1,51645598,
27/12/2025 05:30:00,000,-2,71903083,27/12/2025 05:30:00,000,-1,51645598,
27/12/2025 05:45:00,000,-2,66952878,27/12/2025 05:45:00,000,-1,51645598,
27/12/2025 06:00:00,000,-2,74463976,27/12/2025 06:00:00,000,-1,62204265,
27/12/2025 06:15:00,000,-2,76843985,27/12/2025 06:15:00,000,-1,62204265,
27/12/2025 06:30:00,000,-2,86360196,27/12/2025 06:30:00,000,-1,62204265,
27/12/2025 06:45:00,000,-2,83025542,27/12/2025 06:45:00,000,-1,62204265,
27/12/2025 07:00:00,000,-2,96672929,27/12/2025 07:00:00,000,-2,01953634,
27/12/2025 07:15:00,000,-2,97989867,27/12/2025 07:15:00,000,-2,01953634,
27/12/2025 07:30:00,000,-2,92461809,27/12/2025 07:30:00,000,-2,01953634,
27/12/2025 07:45:00,000,-3,01459822,27/12/2025 07:45:00,000,-2,01953634,
27/12/2025 08:00:00,000,-2,88178913,27/12/2025 08:00:00,000,-1,47110379,
27/12/2025 08:15:00,000,-2,72019143,27/12/2025 08:15:00,000,-1,47110379,
27/12/2025 08:30:00,000,-2,41734907,27/12/2025 08:30:00,000,-1,47110379,
27/12/2025 08:45:00,000,-1,97492656,27/12/2025 08:45:00,000,-1,47110379,
27/12/2025 09:00:00,000,-1,52748526,27/12/2025 09:00:00,000,-0,030542024,
27/12/2025 09:15:00,000,-1,00632155,27/12/2025 09:15:00,000,-0,030542024,
27/12/2025 09:30:00,000,-0,507405432,27/12/2025 09:30:00,000,-0,030542024,
27/12/2025 09:45:00,000,-0,090730590,27/12/2025 09:45:00,000,-0,030542024,
27/12/2025 10:00:00,000,0,285355712,27/12/2025 10:00:00,000,1,367828651,
27/12/2025 10:15:00,000,0,6458196193,27/12/2025 10:15:00,000,1,367828651,
27/12/2025 10:30:00,000,0,9528003685,27/12/2025 10:30:00,000,1,367828651,
27/12/2025 10:45:00,000,1,306694811,27/12/2025 10:45:00,000,1,367828651,
27/12/2025 11:00:00,000,1,636301133,27/12/2025 11:00:00,000,2,559642054,
27/12/2025 11:15:00,000,1,928852444,27/12/2025 11:15:00,000,2,559642054,
27/12/2025 11:30:00,000,2,229058751,27/12/2025 11:30:00,000,2,559642054,
27/12/2025 11:45:00,000,2,403506526,27/12/2025 11:45:00,000,2,559642054,
27/12/2025 12:00:00,000,2,564713992,27/12/2025 12:00:00,000,3,561778968,
27/12/2025 12:15:00,000,2,731911749,27/12/2025 12:15:00,000,3,561778968,
27/12/2025 12:30:00,000,2,804058306,27/12/2025 12:30:00,000,3,561778968,
27/12/2025 12:45:00,000,2,818651063,27/12/2025 12:45:00,000,3,561778968,
27/12/2025 13:00:00,000,2,886165692,27/12/2025 13:00:00,000,4,272758124,
27/12/2025 13:15:00,000,2,803719896,27/12/2025 13:15:00,000,4,272758124,
27/12/2025 13:30:00,000,2,828966546,27/12/2025 13:30:00,000,4,272758124,
27/12/2025 13:45:00,000,2,804935678,27/12/2025 13:45:00,000,4,272758124,
27/12/2025 14:00:00,000,2,609125489,27/12/2025 14:00:00,000,4,009227934,
27/12/2025 14:15:00,000,2,444196275,27/12/2025 14:15:00,000,4,009227934,
27/12/2025 14:30:00,000,2,164093716,27/12/2025 14:30:00,000,4,009227934,
27/12/2025 14:45:00,000,1,832285537,27/12/2025 14:45:00,000,4,009227934,
27/12/2025 15:00:00,000,1,376149038,27/12/2025 15:00:00,000,2,792872973,
27/12/2025 15:15:00,000,0,9619159613,27/12/2025 15:15:00,000,2,792872973,
27/12/2025 15:30:00,000,0,5673746861,27/12/2025 15:30:00,000,2,792872973,
27/12/2025 15:45:00,000,0,1200437467,27/12/2025 15:45:00,000,2,792872973,
27/12/2025 16:00:00,000,-0,205935951,27/12/2025 16:00:00,000,1,367989337,
27/12/2025 16:15:00,000,-0,440317605,27/12/2025 16:15:00,000,1,367989337,
27/12/2025 16:30:00,000,-0,590169605,27/12/2025 16:30:00,000,1,367989337,
27/12/2025 16:45:00,000,-0,640372275,27/12/2025 16:45:00,000,1,367989337,
27/12/2025 17:00:00,000,-0,574891695,27/12/2025 17:00:00,000,1,218182922,
27/12/2025 17:15:00,000,-0,509426568,27/12/2025 17:15:00,000,1,218182922,
27/12/2025 17:30:00,000,-0,413542288,27/12/2025 17:30:00,000,1,218182922,
27/12/2025 17:45:00,000,-0,331995185,27/12/2025 17:45:00,000,1,218182922,
27/12/2025 18:00:00,000,-0,199926122,27/12/2025 18:00:00,000,1,236917519,
27/12/2025 18:15:00,000,-0,010000253,27/12/2025 18:15:00,000,1,236917519,
27/12/2025 18:30:00,000,0,2159322236,27/12/2025 18:30:00,000,1,236917519,
27/12/2025 18:45:00,000,0,3455715644,27/12/2025 18:45:00,000,1,236917519,
27/12/2025 19:00:00,000,0,4723797681,27/12/2025 19:00:00,000,1,130758286,
27/12/2025 19:15:00,000,0,5774644159,27/12/2025 19:15:00,000,1,130758286,
27/12/2025 19:30:00,000,0,6427338568,27/12/2025 19:30:00,000,1,130758286,
27/12/2025 19:45:00,000,0,7190515904,27/12/2025 19:45:00,000,1,130758286,
27/12/2025 20:00:00,000,0,7580444183,27/12/2025 20:00:00,000,1,408827536,
27/12/2025 20:15:00,000,0,7744993352,27/12/2025 20:15:00,000,1,408827536,
27/12/2025 20:30:00,000,0,7950743447,27/12/2025 20:30:00,000,1,408827536,
27/12/2025 20:45:00,000,0,7806245841,27/12/2025 20:45:00,000,1,408827536,
27/12/2025 21:00:00,000,0,7879961987,27/12/2025 21:00:00,000,1,809380014,
27/12/2025 21:15:00,000,0,7427141464,27/12/2025 21:15:00,000,1,809380014,
27/12/2025 21:30:00,000,0,708145156,27/12/2025 21:30:00,000,1,809380014,
27/12/2025 21:45:00,000,0,6488103549,27/12/2025 21:45:00,000,1,809380014,
27/12/2025 22:00:00,000,0,5827765403,27/12/2025 22:00:00,000,1,969277044,
27/12/2025 22:15:00,000,0,4962297167,27/12/2025 22:15:00,000,1,969277044,
27/12/2025 22:30:00,000,0,4359320805,27/12/2025 22:30:00,000,1,969277044,
27/12/2025 22:45:00,000,0,383763142,27/12/2025 22:45:00,000,1,969277044,
27/12/2025 23:00:00,000,0,3607602063,27/12/2025 23:00:00,000,2,154803441,
27/12/2025 23:15:00,000,0,3438534633,27/12/2025 23:15:00,000,2,154803441,
27/12/2025 23:30:00,000,0,3629121832,27/12/2025 23:30:00,000,2,154803441,
27/12/2025 23:45:00,000,0,4341315031,27/12/2025 23:45:00,000,2,154803441,
28/12/2025 00:00:00,000,0,5225231122,28/12/2025 00:00:00,000,2,13649047,
28/12/2025 00:15:00,000,0,6482182314,28/12/2025 00:15:00,000,2,13649047,
28/12/2025 00:30:00,000,0,7352674626,28/12/2025 00:30:00,000,2,13649047,
28/12/2025 00:45:00,000,0,8309721963,28/12/2025 00:45:00,000,2,13649047,
28/12/2025 01:00:00,000,0,8256435051,28/12/2025 01:00:00,000,1,927685387,
28/12/2025 01:15:00,000,0,7361501608,28/12/2025 01:15:00,000,1,927685387,
28/12/2025 01:30:00,000,0,5741555767,28/12/2025 01:30:00,000,1,927685387,
28/12/2025 01:45:00,000,0,3734578592,28/12/2025 01:45:00,000,1,927685387,
28/12/2025 02:00:00,000,0,261612018,28/12/2025 02:00:00,000,1,886118039,
28/12/2025 02:15:00,000,0,2240424607,28/12/2025 02:15:00,000,1,886118039,
28/12/2025 02:30:00,000,0,2315988615,28/12/2025 02:30:00,000,1,886118039,
28/12/2025 02:45:00,000,0,2339850289,28/12/2025 02:45:00,000,1,886118039,
28/12/2025 03:00:00,000,0,1870414358,28/12/2025 03:00:00,000,2,08709633,
28/12/2025 03:15:00,000,0,0992090109,28/12/2025 03:15:00,000,2,08709633,
28/12/2025 03:30:00,000,-0,010155029,28/12/2025 03:30:00,000,2,08709633,
28/12/2025 03:45:00,000,-0,058927775,28/12/2025 03:45:00,000,2,08709633,
28/12/2025 04:00:00,000,-0,091314455,28/12/2025 04:00:00,000,2,097700076,
28/12/2025 04:15:00,000,-0,091330905,28/12/2025 04:15:00,000,2,097700076,
28/12/2025 04:30:00,000,-0,049221538,28/12/2025 04:30:00,000,2,097700076,
28/12/2025 04:45:00,000,0,1018937228,28/12/2025 04:45:00,000,2,097700076,
28/12/2025 05:00:00,000,0,1274675624,28/12/2025 05:00:00,000,1,95137922,
28/12/2025 05:15:00,000,0,1571099271,28/12/2025 05:15:00,000,1,95137922,
28/12/2025 05:30:00,000,0,1807207148,28/12/2025 05:30:00,000,1,95137922,
28/12/2025 05:45:00,000,0,1373286306,28/12/2025 05:45:00,000,1,95137922,
28/12/2025 06:00:00,000,0,0602074332,28/12/2025 06:00:00,000,1,832592294,
28/12/2025 06:15:00,000,-0,059924380,28/12/2025 06:15:00,000,1,832592294,
28/12/2025 06:30:00,000,-0,224272415,28/12/2025 06:30:00,000,1,832592294,
28/12/2025 06:45:00,000,-0,368900236,28/12/2025 06:45:00,000,1,832592294,
28/12/2025 07:00:00,000,-0,521854304,28/12/2025 07:00:00,000,1,888158797,
28/12/2025 07:15:00,000,-0,643561001,28/12/2025 07:15:00,000,1,888158797,
28/12/2025 07:30:00,000,-0,747428691,28/12/2025 07:30:00,000,1,888158797,
28/12/2025 07:45:00,000,-0,898767911,28/12/2025 07:45:00,000,1,888158797,
28/12/2025 08:00:00,000,-0,998535317,28/12/2025 08:00:00,000,2,131802665,
28/12/2025 08:15:00,000,-1,03877828,28/12/2025 08:15:00,000,2,131802665,
28/12/2025 08:30:00,000,-1,02496444,28/12/2025 08:30:00,000,2,131802665,
28/12/2025 08:45:00,000,-0,880476009,28/12/2025 08:45:00,000,2,131802665,
28/12/2025 09:00:00,000,-0,713329612,28/12/2025 09:00:00,000,2,571079127,
28/12/2025 09:15:00,000,-0,509269101,28/12/2025 09:15:00,000,2,571079127,
28/12/2025 09:30:00,000,-0,305173614,28/12/2025 09:30:00,000,2,571079127,
28/12/2025 09:45:00,000,-0,089532242,28/12/2025 09:45:00,000,2,571079127,
28/12/2025 10:00:00,000,0,1118563364,28/12/2025 10:00:00,000,2,923038681,
28/12/2025 10:15:00,000,0,3050114374,28/12/2025 10:15:00,000,2,923038681,
28/12/2025 10:30:00,000,0,4705689208,28/12/2025 10:30:00,000,2,923038681,
28/12/2025 10:45:00,000,0,7177894898,28/12/2025 10:45:00,000,2,923038681,
28/12/2025 11:00:00,000,0,8087113355,28/12/2025 11:00:00,000,3,176138557,
28/12/2025 11:15:00,000,0,9186954403,28/12/2025 11:15:00,000,3,176138557,
28/12/2025 11:30:00,000,1,018145034,28/12/2025 11:30:00,000,3,176138557,
28/12/2025 11:45:00,000,1,099631995,28/12/2025 11:45:00,000,3,176138557,
28/12/2025 12:00:00,000,1,224117727,28/12/2025 12:00:00,000,3,011854218,
28/12/2025 12:15:00,000,1,267009417,28/12/2025 12:15:00,000,3,011854218,
28/12/2025 12:30:00,000,1,325669502,28/12/2025 12:30:00,000,3,011854218,
28/12/2025 12:45:00,000,1,324255343,28/12/2025 12:45:00,000,3,011854218,
28/12/2025 13:00:00,000,1,339507191,28/12/2025 13:00:00,000,2,860106905,
28/12/2025 13:15:00,000,1,311787081,28/12/2025 13:15:00,000,2,860106905,
28/12/2025 13:30:00,000,1,267701727,28/12/2025 13:30:00,000,2,860106905,
28/12/2025 13:45:00,000,1,323644739,28/12/2025 13:45:00,000,2,860106905,
28/12/2025 14:00:00,000,1,378573786,28/12/2025 14:00:00,000,2,68448259,
28/12/2025 14:15:00,000,1,344231831,28/12/2025 14:15:00,000,2,68448259,
28/12/2025 14:30:00,000,1,333963699,28/12/2025 14:30:00,000,2,68448259,
28/12/2025 14:45:00,000,1,26264154,28/12/2025 14:45:00,000,2,68448259,
28/12/2025 15:00:00,000,1,130725269,28/12/2025 15:00:00,000,2,381563269,
28/12/2025 15:15:00,000,1,038602844,28/12/2025 15:15:00,000,2,381563269,
28/12/2025 15:30:00,000,0,8928349093,28/12/2025 15:30:00,000,2,381563269,
28/12/2025 15:45:00,000,0,6548749705,28/12/2025 15:45:00,000,2,381563269,
28/12/2025 16:00:00,000,0,4661928733,28/12/2025 16:00:00,000,1,769514091,
28/12/2025 16:15:00,000,0,3322718271,28/12/2025 16:15:00,000,1,769514091,
28/12/2025 16:30:00,000,0,2255482837,28/12/2025 16:30:00,000,1,769514091,
28/12/2025 16:45:00,000,0,20162261,28/12/2025 16:45:00,000,1,769514091,
28/12/2025 17:00:00,000,0,2228194365,28/12/2025 17:00:00,000,1,359728427,
28/12/2025 17:15:00,000,0,2283503697,28/12/2025 17:15:00,000,1,359728427,
28/12/2025 17:30:00,000,0,2366112166,28/12/2025 17:30:00,000,1,359728427,
28/12/2025 17:45:00,000,0,2015874846,28/12/2025 17:45:00,000,1,359728427,
28/12/2025 18:00:00,000,0,1583443877,28/12/2025 18:00:00,000,0,9145964159,
28/12/2025 18:15:00,000,0,1194602139,28/12/2025 18:15:00,000,0,9145964159,
28/12/2025 18:30:00,000,0,0792533011,28/12/2025 18:30:00,000,0,9145964159,
28/12/2025 18:45:00,000,-0,050708196,28/12/2025 18:45:00,000,0,9145964159,
28/12/2025 19:00:00,000,-0,179995659,28/12/2025 19:00:00,000,0,5643387279,
28/12/2025 19:15:00,000,-0,296246435,28/12/2025 19:15:00,000,0,5643387279,
28/12/2025 19:30:00,000,-0,437157679,28/12/2025 19:30:00,000,0,5643387279,
28/12/2025 19:45:00,000,-0,55700131,28/12/2025 19:45:00,000,0,5643387279,
28/12/2025 20:00:00,000,-0,667465359,28/12/2025 20:00:00,000,0,3587728824,
28/12/2025 20:15:00,000,-0,799309096,28/12/2025 20:15:00,000,0,3587728824,
28/12/2025 20:30:00,000,-0,917321023,28/12/2025 20:30:00,000,0,3587728824,
28/12/2025 20:45:00,000,-1,01728323,28/12/2025 20:45:00,000,0,3587728824,
28/12/2025 21:00:00,000,-1,11797942,28/12/2025 21:00:00,000,-0,130545426,
28/12/2025 21:15:00,000,-1,22283945,28/12/2025 21:15:00,000,-0,130545426,
28/12/2025 21:30:00,000,-1,34047053,28/12/2025 21:30:00,000,-0,130545426,
28/12/2025 21:45:00,000,-1,42987977,28/12/2025 21:45:00,000,-0,130545426,
28/12/2025 22:00:00,000,-1,55170439,28/12/2025 22:00:00,000,-0,576991917,
28/12/2025 22:15:00,000,-1,63925627,28/12/2025 22:15:00,000,-0,576991917,
28/12/2025 22:30:00,000,-1,78803728,28/12/2025 22:30:00,000,-0,576991917,
28/12/2025 22:45:00,000,-1,89791161,28/12/2025 22:45:00,000,-0,576991917,
28/12/2025 23:00:00,000,-1,98977923,28/12/2025 23:00:00,000,-1,02797701,
28/12/2025 23:15:00,000,-2,10493982,28/12/2025 23:15:00,000,-1,02797701,
28/12/2025 23:30:00,000,-2,28628165,28/12/2025 23:30:00,000,-1,02797701,
28/12/2025 23:45:00,000,-2,36418001,28/12/2025 23:45:00,000,-1,02797701,
29/12/2025 00:00:00,000,-2,46268157,29/12/2025 00:00:00,000,-1,61489765,
29/12/2025 00:15:00,000,-2,66203431,29/12/2025 00:15:00,000,-1,61489765,
29/12/2025 00:30:00,000,-2,75578718,29/12/2025 00:30:00,000,-1,61489765,
29/12/2025 00:45:00,000,-2,7931594,29/12/2025 00:45:00,000,-1,61489765,
29/12/2025 01:00:00,000,-2,79691506,29/12/2025 01:00:00,000,-2,12428134,
29/12/2025 01:15:00,000,-2,9168121,29/12/2025 01:15:00,000,-2,12428134,
29/12/2025 01:30:00,000,-2,84375616,29/12/2025 01:30:00,000,-2,12428134,
29/12/2025 01:45:00,000,-2,94186881,29/12/2025 01:45:00,000,-2,12428134,
29/12/2025 02:00:00,000,-3,04529998,29/12/2025 02:00:00,000,-3,08694998,
29/12/2025 02:15:00,000,-3,12130381,29/12/2025 02:15:00,000,-3,08694998,
29/12/2025 02:30:00,000,-3,20525423,29/12/2025 02:30:00,000,-3,08694998,
29/12/2025 02:45:00,000,-3,29514006,29/12/2025 02:45:00,000,-3,08694998,
29/12/2025 03:00:00,000,-3,31160168,29/12/2025 03:00:00,000,-3,64012609,
29/12/2025 03:15:00,000,-3,44822465,29/12/2025 03:15:00,000,-3,64012609,
29/12/2025 03:30:00,000,-3,46413543,29/12/2025 03:30:00,000,-3,64012609,
29/12/2025 03:45:00,000,-3,53571575,29/12/2025 03:45:00,000,-3,64012609,
29/12/2025 04:00:00,000,-3,54999719,29/12/2025 04:00:00,000,-3,78553232,
29/12/2025 04:15:00,000,-3,59786786,29/12/2025 04:15:00,000,-3,78553232,
29/12/2025 04:30:00,000,-3,5883138,29/12/2025 04:30:00,000,-3,78553232,
29/12/2025 04:45:00,000,-3,54974467,29/12/2025 04:45:00,000,-3,78553232,
29/12/2025 05:00:00,000,-3,59589155,29/12/2025 05:00:00,000,-4,00789974,
29/12/2025 05:15:00,000,-3,61459862,29/12/2025 05:15:00,000,-4,00789974,
29/12/2025 05:30:00,000,-3,52993624,29/12/2025 05:30:00,000,-4,00789974,
29/12/2025 05:45:00,000,-3,56732193,29/12/2025 05:45:00,000,-4,00789974,
29/12/2025 06:00:00,000,-3,63594157,29/12/2025 06:00:00,000,-3,97838361,
29/12/2025 06:15:00,000,-3,65064665,29/12/2025 06:15:00,000,-3,97838361,
29/12/2025 06:30:00,000,-3,77957278,29/12/2025 06:30:00,000,-3,97838361,
29/12/2025 06:45:00,000,-3,82761892,29/12/2025 06:45:00,000,-3,97838361,
29/12/2025 07:00:00,000,-3,79391207,29/12/2025 07:00:00,000,-3,86010386,
29/12/2025 07:15:00,000,-3,88742035,29/12/2025 07:15:00,000,-3,86010386,
29/12/2025 07:30:00,000,-3,84288037,29/12/2025 07:30:00,000,-3,86010386,
29/12/2025 07:45:00,000,-3,95353026,29/12/2025 07:45:00,000,-3,86010386,
29/12/2025 08:00:00,000,-3,7838221,29/12/2025 08:00:00,000,-2,80336298,
29/12/2025 08:15:00,000,-3,73758424,29/12/2025 08:15:00,000,-2,80336298,
29/12/2025 08:30:00,000,-3,50635613,29/12/2025 08:30:00,000,-2,80336298,
29/12/2025 08:45:00,000,-3,01168743,29/12/2025 08:45:00,000,-2,80336298,
29/12/2025 09:00:00,000,-2,65838691,29/12/2025 09:00:00,000,-1,10964779,
29/12/2025 09:15:00,000,-2,12666761,29/12/2025 09:15:00,000,-1,10964779,
29/12/2025 09:30:00,000,-1,65912235,29/12/2025 09:30:00,000,-1,10964779,
29/12/2025 09:45:00,000,-1,24432659,29/12/2025 09:45:00,000,-1,10964779,
29/12/2025 10:00:00,000,-0,77824106,29/12/2025 10:00:00,000,0,2621880344,
29/12/2025 10:15:00,000,-0,380798236,29/12/2025 10:15:00,000,0,2621880344,
29/12/2025 10:30:00,000,0,0100908427,29/12/2025 10:30:00,000,0,2621880344,
29/12/2025 10:45:00,000,0,3243069086,29/12/2025 10:45:00,000,0,2621880344,
29/12/2025 11:00:00,000,0,6076971662,29/12/2025 11:00:00,000,1,629679508,
29/12/2025 11:15:00,000,0,8490925803,29/12/2025 11:15:00,000,1,629679508,
29/12/2025 11:30:00,000,1,074676774,29/12/2025 11:30:00,000,1,629679508,
29/12/2025 11:45:00,000,1,290283097,29/12/2025 11:45:00,000,1,629679508,
29/12/2025 12:00:00,000,1,485393335,29/12/2025 12:00:00,000,2,251493946,
29/12/2025 12:15:00,000,1,647244726,29/12/2025 12:15:00,000,2,251493946,
29/12/2025 12:30:00,000,1,717812664,29/12/2025 12:30:00,000,2,251493946,
29/12/2025 12:45:00,000,1,828965892,29/12/2025 12:45:00,000,2,251493946,
29/12/2025 13:00:00,000,1,825083815,29/12/2025 13:00:00,000,2,327342204,
29/12/2025 13:15:00,000,1,850211867,29/12/2025 13:15:00,000,2,327342204,
29/12/2025 13:30:00,000,1,862797133,29/12/2025 13:30:00,000,2,327342204,
29/12/2025 13:45:00,000,1,87484389,29/12/2025 13:45:00,000,2,327342204,
29/12/2025 14:00:00,000,1,873169528,29/12/2025 14:00:00,000,2,094646586,
29/12/2025 14:15:00,000,1,80193478,29/12/2025 14:15:00,000,2,094646586,
29/12/2025 14:30:00,000,1,676789093,29/12/2025 14:30:00,000,2,094646586,
29/12/2025 14:45:00,000,1,496723592,29/12/2025 14:45:00,000,2,094646586,
29/12/2025 15:00:00,000,1,162976313,29/12/2025 15:00:00,000,1,142362317,
29/12/2025 15:15:00,000,0,7808452007,29/12/2025 15:15:00,000,1,142362317,
29/12/2025 15:30:00,000,0,3952514926,29/12/2025 15:30:00,000,1,142362317,
29/12/2025 15:45:00,000,-0,059776400,29/12/2025 15:45:00,000,1,142362317,
29/12/2025 16:00:00,000,-0,392737003,29/12/2025 16:00:00,000,-0,141390324,
29/12/2025 16:15:00,000,-0,63320771,29/12/2025 16:15:00,000,-0,141390324,
29/12/2025 16:30:00,000,-0,748919646,29/12/2025 16:30:00,000,-0,141390324,
29/12/2025 16:45:00,000,-0,753945778,29/12/2025 16:45:00,000,-0,141390324,
29/12/2025 17:00:00,000,-0,764747912,29/12/2025 17:00:00,000,-0,723511778,
29/12/2025 17:15:00,000,-0,819423335,29/12/2025 17:15:00,000,-0,723511778,
29/12/2025 17:30:00,000,-0,836361569,29/12/2025 17:30:00,000,-0,723511778,
29/12/2025 17:45:00,000,-0,887166265,29/12/2025 17:45:00,000,-0,723511778,
29/12/2025 18:00:00,000,-0,895807242,29/12/2025 18:00:00,000,-0,758093151,
29/12/2025 18:15:00,000,-0,900954679,29/12/2025 18:15:00,000,-0,758093151,
29/12/2025 18:30:00,000,-0,899771855,29/12/2025 18:30:00,000,-0,758093151,
29/12/2025 18:45:00,000,-0,994939527,29/12/2025 18:45:00,000,-0,758093151,
29/12/2025 19:00:00,000,-1,05117694,29/12/2025 19:00:00,000,-1,13064087,
29/12/2025 19:15:00,000,-1,14884889,29/12/2025 19:15:00,000,-1,13064087,
29/12/2025 19:30:00,000,-1,17865493,29/12/2025 19:30:00,000,-1,13064087,
29/12/2025 19:45:00,000,-1,22995611,29/12/2025 19:45:00,000,-1,13064087,
29/12/2025 20:00:00,000,-1,29464758,29/12/2025 20:00:00,000,-1,38204471,
29/12/2025 20:15:00,000,-1,35108997,29/12/2025 20:15:00,000,-1,38204471,
29/12/2025 20:30:00,000,-1,41762586,29/12/2025 20:30:00,000,-1,38204471,
29/12/2025 20:45:00,000,-1,38860038,29/12/2025 20:45:00,000,-1,38204471,
29/12/2025 21:00:00,000,-1,36218591,29/12/2025 21:00:00,000,-1,3981309,
29/12/2025 21:15:00,000,-1,29758371,29/12/2025 21:15:00,000,-1,3981309,
29/12/2025 21:30:00,000,-1,24388813,29/12/2025 21:30:00,000,-1,3981309,
29/12/2025 21:45:00,000,-1,19227847,29/12/2025 21:45:00,000,-1,3981309,
29/12/2025 22:00:00,000,-1,13091466,29/12/2025 22:00:00,000,-1,62837886,
29/12/2025 22:15:00,000,-1,13589304,29/12/2025 22:15:00,000,-1,62837886,
29/12/2025 22:30:00,000,-1,10390252,29/12/2025 22:30:00,000,-1,62837886,
29/12/2025 22:45:00,000,-1,12844842,29/12/2025 22:45:00,000,-1,62837886,
29/12/2025 23:00:00,000,-1,12716104,29/12/2025 23:00:00,000,-1,37675193,
29/12/2025 23:15:00,000,-1,12549701,29/12/2025 23:15:00,000,-1,37675193,
29/12/2025 23:30:00,000,-1,12007542,29/12/2025 23:30:00,000,-1,37675193,
29/12/2025 23:45:00,000,-1,13536835,29/12/2025 23:45:00,000,-1,37675193,
30/12/2025 00:00:00,000,-1,13155993,30/12/2025 00:00:00,000,-1,07012901,
30/12/2025 00:15:00,000,-1,12397413,30/12/2025 00:15:00,000,-1,07012901,
30/12/2025 00:30:00,000,-1,11742009,30/12/2025 00:30:00,000,-1,07012901,
30/12/2025 00:45:00,000,-1,15515977,30/12/2025 00:45:00,000,-1,07012901,
30/12/2025 01:00:00,000,-1,16998505,30/12/2025 01:00:00,000,-1,24350371,
30/12/2025 01:15:00,000,-1,17325648,30/12/2025 01:15:00,000,-1,24350371,
30/12/2025 01:30:00,000,-1,17046963,30/12/2025 01:30:00,000,-1,24350371,
30/12/2025 01:45:00,000,-1,21000163,30/12/2025 01:45:00,000,-1,24350371,
30/12/2025 02:00:00,000,-1,28315968,30/12/2025 02:00:00,000,-1,07805912,
30/12/2025 02:15:00,000,-1,34080568,30/12/2025 02:15:00,000,-1,07805912,
30/12/2025 02:30:00,000,-1,49595121,30/12/2025 02:30:00,000,-1,07805912,
30/12/2025 02:45:00,000,-1,62386664,30/12/2025 02:45:00,000,-1,07805912,
30/12/2025 03:00:00,000,-1,74962351,30/12/2025 03:00:00,000,-1,11419771,
30/12/2025 03:15:00,000,-1,873022,30/12/2025 03:15:00,000,-1,11419771,
30/12/2025 03:30:00,000,-1,98322008,30/12/2025 03:30:00,000,-1,11419771,
30/12/2025 03:45:00,000,-2,07830519,30/12/2025 03:45:00,000,-1,11419771,
30/12/2025 04:00:00,000,-2,04396781,30/12/2025 04:00:00,000,-1,37587901,
30/12/2025 04:15:00,000,-1,96554677,30/12/2025 04:15:00,000,-1,37587901,
30/12/2025 04:30:00,000,-1,91070376,30/12/2025 04:30:00,000,-1,37587901,
30/12/2025 04:45:00,000,-1,97282787,30/12/2025 04:45:00,000,-1,37587901,
30/12/2025 05:00:00,000,-2,00381341,30/12/2025 05:00:00,000,-1,67015041,
30/12/2025 05:15:00,000,-2,02159271,30/12/2025 05:15:00,000,-1,67015041,
30/12/2025 05:30:00,000,-1,97981539,30/12/2025 05:30:00,000,-1,67015041,
30/12/2025 05:45:00,000,-2,07119731,30/12/2025 05:45:00,000,-1,67015041,
30/12/2025 06:00:00,000,-2,07177651,30/12/2025 06:00:00,000,-1,75825043,
30/12/2025 06:15:00,000,-2,11778648,30/12/2025 06:15:00,000,-1,75825043,
30/12/2025 06:30:00,000,-2,1770574,30/12/2025 06:30:00,000,-1,75825043,
30/12/2025 06:45:00,000,-2,25323202,30/12/2025 06:45:00,000,-1,75825043,
30/12/2025 07:00:00,000,-2,32330485,30/12/2025 07:00:00,000,-1,89795071,
30/12/2025 07:15:00,000,-2,47163819,30/12/2025 07:15:00,000,-1,89795071,
30/12/2025 07:30:00,000,-2,71004866,30/12/2025 07:30:00,000,-1,89795071,
30/12/2025 07:45:00,000,-2,81016434,30/12/2025 07:45:00,000,-1,89795071,
30/12/2025 08:00:00,000,-2,94448309,30/12/2025 08:00:00,000,-1,38720624,
30/12/2025 08:15:00,000,-2,82128823,30/12/2025 08:15:00,000,-1,38720624,
30/12/2025 08:30:00,000,-2,74034202,30/12/2025 08:30:00,000,-1,38720624,
30/12/2025 08:45:00,000,-2,45839292,30/12/2025 08:45:00,000,-1,38720624,
30/12/2025 09:00:00,000,-2,22666239,30/12/2025 09:00:00,000,-0,247080147,
30/12/2025 09:15:00,000,-1,97990919,30/12/2025 09:15:00,000,-0,247080147,
30/12/2025 09:30:00,000,-1,74712494,30/12/2025 09:30:00,000,-0,247080147,
30/12/2025 09:45:00,000,-1,62625789,30/12/2025 09:45:00,000,-0,247080147,
30/12/2025 10:00:00,000,-1,43362585,30/12/2025 10:00:00,000,0,0695472546,
30/12/2025 10:15:00,000,-1,3147752,30/12/2025 10:15:00,000,0,0695472546,
30/12/2025 10:30:00,000,-1,20491315,30/12/2025 10:30:00,000,0,0695472546,
30/12/2025 10:45:00,000,-1,15540404,30/12/2025 10:45:00,000,0,0695472546,
30/12/2025 11:00:00,000,-1,10179853,30/12/2025 11:00:00,000,0,2763666694,
30/12/2025 11:15:00,000,-1,03335239,30/12/2025 11:15:00,000,0,2763666694,
30/12/2025 11:30:00,000,-0,938656807,30/12/2025 11:30:00,000,0,2763666694,
30/12/2025 11:45:00,000,-0,833588467,30/12/2025 11:45:00,000,0,2763666694,
30/12/2025 12:00:00,000,-0,754047599,30/12/2025 12:00:00,000,0,6268097367,
30/12/2025 12:15:00,000,-0,683690883,30/12/2025 12:15:00,000,0,6268097367,
30/12/2025 12:30:00,000,-0,61586513,30/12/2025 12:30:00,000,0,6268097367,
30/12/2025 12:45:00,000,-0,611484855,30/12/2025 12:45:00,000,0,6268097367,
30/12/2025 13:00:00,000,-0,605490703,30/12/2025 13:00:00,000,0,5310652761,
30/12/2025 13:15:00,000,-0,616674441,30/12/2025 13:15:00,000,0,5310652761,
30/12/2025 13:30:00,000,-0,639489253,30/12/2025 13:30:00,000,0,5310652761,
30/12/2025 13:45:00,000,-0,570114088,30/12/2025 13:45:00,000,0,5310652761,
30/12/2025 14:00:00,000,-0,508677576,30/12/2025 14:00:00,000,0,4276800987,
30/12/2025 14:15:00,000,-0,457357559,30/12/2025 14:15:00,000,0,4276800987,
30/12/2025 14:30:00,000,-0,4419864,30/12/2025 14:30:00,000,0,4276800987,
30/12/2025 14:45:00,000,-0,52688921,30/12/2025 14:45:00,000,0,4276800987,
30/12/2025 15:00:00,000,-0,651833592,30/12/2025 15:00:00,000,0,
30/12/2025 15:15:00,000,-0,794380102,30/12/2025 15:15:00,000,0,
30/12/2025 15:30:00,000,-0,972909184,30/12/2025 15:30:00,000,0,
30/12/2025 15:45:00,000,-1,23846758,30/12/2025 15:45:00,000,0,
30/12/2025 16:00:00,000,-1,43064013,30/12/2025 16:00:00,000,-0,527598785,
30/12/2025 16:15:00,000,-1,55114268,30/12/2025 16:15:00,000,-0,527598785,
30/12/2025 16:30:00,000,-1,65238755,30/12/2025 16:30:00,000,-0,527598785,
30/12/2025 16:45:00,000,-1,59557531,30/12/2025 16:45:00,000,-0,527598785,
30/12/2025 17:00:00,000,-1,51890383,30/12/2025 17:00:00,000,-0,971072852,
30/12/2025 17:15:00,000,-1,38234061,30/12/2025 17:15:00,000,-0,971072852,
30/12/2025 17:30:00,000,-1,2801329,30/12/2025 17:30:00,000,-0,971072852,
30/12/2025 17:45:00,000,-1,23009475,30/12/2025 17:45:00,000,-0,971072852,
30/12/2025 18:00:00,000,-1,16940907,30/12/2025 18:00:00,000,-1,59448443,
30/12/2025 18:15:00,000,-1,15600954,30/12/2025 18:15:00,000,-1,59448443,
30/12/2025 18:30:00,000,-1,14848664,30/12/2025 18:30:00,000,-1,59448443,
30/12/2025 18:45:00,000,-1,29410578,30/12/2025 18:45:00,000,-1,59448443,
30/12/2025 19:00:00,000,-1,43626395,30/12/2025 19:00:00,000,-2,10532833,
30/12/2025 19:15:00,000,-1,6557005,30/12/2025 19:15:00,000,-2,10532833,
30/12/2025 19:30:00,000,-1,82643061,30/12/2025 19:30:00,000,-2,10532833,
30/12/2025 19:45:00,000,-1,97843096,30/12/2025 19:45:00,000,-2,10532833,
30/12/2025 20:00:00,000,-2,15783955,30/12/2025 20:00:00,000,-2,12013158,
30/12/2025 20:15:00,000,-2,21327704,30/12/2025 20:15:00,000,-2,12013158,
30/12/2025 20:30:00,000,-2,35896956,30/12/2025 20:30:00,000,-2,12013158,
30/12/2025 20:45:00,000,-2,4660367,30/12/2025 20:45:00,000,-2,12013158,
30/12/2025 21:00:00,000,-2,51383353,30/12/2025 21:00:00,000,-1,7819998,
30/12/2025 21:15:00,000,-2,51080252,30/12/2025 21:15:00,000,-1,7819998,
30/12/2025 21:30:00,000,-2,53681938,30/12/2025 21:30:00,000,-1,7819998,
30/12/2025 21:45:00,000,-2,64479349,30/12/2025 21:45:00,000,-1,7819998,
30/12/2025 22:00:00,000,-2,74547429,30/12/2025 22:00:00,000,-1,77056703,
30/12/2025 22:15:00,000,-2,85455256,30/12/2025 22:15:00,000,-1,77056703,
30/12/2025 22:30:00,000,-3,00812762,30/12/2025 22:30:00,000,-1,77056703,
30/12/2025 22:45:00,000,-3,28431809,30/12/2025 22:45:00,000,-1,77056703,
30/12/2025 23:00:00,000,-3,28439797,30/12/2025 23:00:00,000,-1,96044617,
30/12/2025 23:15:00,000,-3,377509,30/12/2025 23:15:00,000,-1,96044617,
30/12/2025 23:30:00,000,-3,54666476,30/12/2025 23:30:00,000,-1,96044617,
30/12/2025 23:45:00,000,-3,52099662,30/12/2025 23:45:00,000,-1,96044617,
31/12/2025 00:00:00,000,-3,66288891,31/12/2025 00:00:00,000,-2,01755213,
31/12/2025 00:15:00,000,-3,68737913,31/12/2025 00:15:00,000,-2,01755213,
31/12/2025 00:30:00,000,-3,62565625,31/12/2025 00:30:00,000,-2,01755213,
31/12/2025 00:45:00,000,-3,74920189,31/12/2025 00:45:00,000,-2,01755213,
31/12/2025 01:00:00,000,-3,62877416,31/12/2025 01:00:00,000,-2,17973551,
31/12/2025 01:15:00,000,-3,71109792,31/12/2025 01:15:00,000,-2,17973551,
31/12/2025 01:30:00,000,-3,67235986,31/12/2025 01:30:00,000,-2,17973551,
31/12/2025 01:45:00,000,-3,7856827,31/12/2025 01:45:00,000,-2,17973551,
31/12/2025 02:00:00,000,-3,81260288,31/12/2025 02:00:00,000,-2,40594522,
31/12/2025 02:15:00,000,-3,90304998,31/12/2025 02:15:00,000,-2,40594522,
31/12/2025 02:30:00,000,-4,03963579,31/12/2025 02:30:00,000,-2,40594522,
31/12/2025 02:45:00,000,-4,12409627,31/12/2025 02:45:00,000,-2,40594522,
31/12/2025 03:00:00,000,-4,19632097,31/12/2025 03:00:00,000,-2,60650319,
31/12/2025 03:15:00,000,-4,29932657,31/12/2025 03:15:00,000,-2,60650319,
31/12/2025 03:30:00,000,-4,43295678,31/12/2025 03:30:00,000,-2,60650319,
31/12/2025 03:45:00,000,-4,42570873,31/12/2025 03:45:00,000,-2,60650319,
31/12/2025 04:00:00,000,-4,5758238,31/12/2025 04:00:00,000,-2,71903526,
31/12/2025 04:15:00,000,-4,55241987,31/12/2025 04:15:00,000,-2,71903526,
31/12/2025 04:30:00,000,-4,54525532,31/12/2025 04:30:00,000,-2,71903526,
31/12/2025 04:45:00,000,-4,89692103,31/12/2025 04:45:00,000,-2,71903526,
31/12/2025 05:00:00,000,-4,89336461,31/12/2025 05:00:00,000,-3,09800148,
31/12/2025 05:15:00,000,-5,05710595,31/12/2025 05:15:00,000,-3,09800148,
31/12/2025 05:30:00,000,-5,1029987,31/12/2025 05:30:00,000,-3,09800148,
31/12/2025 05:45:00,000,-5,11244293,31/12/2025 05:45:00,000,-3,09800148,
31/12/2025 06:00:00,000,-5,16108139,31/12/2025 06:00:00,000,-3,27961736,
31/12/2025 06:15:00,000,-5,14684582,31/12/2025 06:15:00,000,-3,27961736,
31/12/2025 06:30:00,000,-5,23918772,31/12/2025 06:30:00,000,-3,27961736,
31/12/2025 06:45:00,000,-5,15348953,31/12/2025 06:45:00,000,-3,27961736,
31/12/2025 07:00:00,000,-5,26103012,31/12/2025 07:00:00,000,-3,36011399,
31/12/2025 07:15:00,000,-5,28347978,31/12/2025 07:15:00,000,-3,36011399,
31/12/2025 07:30:00,000,-5,34756064,31/12/2025 07:30:00,000,-3,36011399,
31/12/2025 07:45:00,000,-5,38712332,31/12/2025 07:45:00,000,-3,36011399,
31/12/2025 08:00:00,000,-5,28782004,31/12/2025 08:00:00,000,-3,30765357,
31/12/2025 08:15:00,000,-5,20896328,31/12/2025 08:15:00,000,-3,30765357,
31/12/2025 08:30:00,000,-5,09157579,31/12/2025 08:30:00,000,-3,30765357,
31/12/2025 08:45:00,000,-4,60316492,31/12/2025 08:45:00,000,-3,30765357,
31/12/2025 09:00:00,000,-4,30335728,31/12/2025 09:00:00,000,-2,55135525,
31/12/2025 09:15:00,000,-4,06207264,31/12/2025 09:15:00,000,-2,55135525,
31/12/2025 09:30:00,000,-3,72291284,31/12/2025 09:30:00,000,-2,55135525,
31/12/2025 09:45:00,000,-3,43737224,31/12/2025 09:45:00,000,-2,55135525,
31/12/2025 10:00:00,000,-3,29287967,31/12/2025 10:00:00,000,-1,56948651,
31/12/2025 10:15:00,000,-3,05830078,31/12/2025 10:15:00,000,-1,56948651,
31/12/2025 10:30:00,000,-2,8161807,31/12/2025 10:30:00,000,-1,56948651,
31/12/2025 10:45:00,000,-2,68561942,31/12/2025 10:45:00,000,-1,56948651,
31/12/2025 11:00:00,000,-2,45645518,31/12/2025 11:00:00,000,-1,17332109,
31/12/2025 11:15:00,000,-2,33036928,31/12/2025 11:15:00,000,-1,17332109,
31/12/2025 11:30:00,000,-2,17797289,31/12/2025 11:30:00,000,-1,17332109,
31/12/2025 11:45:00,000,-2,03420242,31/12/2025 11:45:00,000,-1,17332109,
31/12/2025 12:00:00,000,-1,93077875,31/12/2025 12:00:00,000,-0,772542286,
31/12/2025 12:15:00,000,-1,82386962,31/12/2025 12:15:00,000,-0,772542286,
31/12/2025 12:30:00,000,-1,67326683,31/12/2025 12:30:00,000,-0,772542286,
31/12/2025 12:45:00,000,-1,63991728,31/12/2025 12:45:00,000,-0,772542286,
31/12/2025 13:00:00,000,-1,64248198,31/12/2025 13:00:00,000,-0,688531154,
31/12/2025 13:15:00,000,-1,62731659,31/12/2025 13:15:00,000,-0,688531154,
31/12/2025 13:30:00,000,-1,61575841,31/12/2025 13:30:00,000,-0,688531154,
31/12/2025 13:45:00,000,-1,48287849,31/12/2025 13:45:00,000,-0,688531154,
31/12/2025 14:00:00,000,-1,43549079,31/12/2025 14:00:00,000,-0,914929374,
31/12/2025 14:15:00,000,-1,39897203,31/12/2025 14:15:00,000,-0,914929374,
31/12/2025 14:30:00,000,-1,42335841,31/12/2025 14:30:00,000,-0,914929374,
31/12/2025 14:45:00,000,-1,52824475,31/12/2025 14:45:00,000,-0,914929374,
31/12/2025 15:00:00,000,-1,60297941,31/12/2025 15:00:00,000,-1,59516957,
31/12/2025 15:15:00,000,-1,73588303,31/12/2025 15:15:00,000,-1,59516957,
31/12/2025 15:30:00,000,-1,84091926,31/12/2025 15:30:00,000,-1,59516957,
31/12/2025 15:45:00,000,-2,06398166,31/12/2025 15:45:00,000,-1,59516957,
31/12/2025 16:00:00,000,-2,29970982,31/12/2025 16:00:00,000,-2,28466758,
31/12/2025 16:15:00,000,-2,60080767,31/12/2025 16:15:00,000,-2,28466758,
31/12/2025 16:30:00,000,-2,82673942,31/12/2025 16:30:00,000,-2,28466758,
31/12/2025 16:45:00,000,-2,80965225,31/12/2025 16:45:00,000,-2,28466758,
31/12/2025 17:00:00,000,-2,89424936,31/12/2025 17:00:00,000,-2,73797895,
31/12/2025 17:15:00,000,-2,81683973,31/12/2025 17:15:00,000,-2,73797895,
31/12/2025 17:30:00,000,-2,70444813,31/12/2025 17:30:00,000,-2,73797895,
31/12/2025 17:45:00,000,-2,54492916,31/12/2025 17:45:00,000,-2,73797895,
31/12/2025 18:00:00,000,-2,39939741,31/12/2025 18:00:00,000,-2,55347923,
31/12/2025 18:15:00,000,-2,29386293,31/12/2025 18:15:00,000,-2,55347923,
31/12/2025 18:30:00,000,-2,2228208,31/12/2025 18:30:00,000,-2,55347923,
31/12/2025 18:45:00,000,-2,25909046,31/12/2025 18:45:00,000,-2,55347923,
31/12/2025 19:00:00,000,-2,3322649,31/12/2025 19:00:00,000,-2,27782091,
31/12/2025 19:15:00,000,-2,42646324,31/12/2025 19:15:00,000,-2,27782091,
31/12/2025 19:30:00,000,-2,39402106,31/12/2025 19:30:00,000,-2,27782091,
31/12/2025 19:45:00,000,-2,3658929,31/12/2025 19:45:00,000,-2,27782091,
31/12/2025 20:00:00,000,-2,3847901,31/12/2025 20:00:00,000,-2,35280108,
31/12/2025 20:15:00,000,-2,35231776,31/12/2025 20:15:00,000,-2,35280108,
31/12/2025 20:30:00,000,-2,35433013,31/12/2025 20:30:00,000,-2,35280108,
31/12/2025 20:45:00,000,-2,30208876,31/12/2025 20:45:00,000,-2,35280108,
31/12/2025 21:00:00,000,-2,29753302,31/12/2025 21:00:00,000,-2,10081311,
31/12/2025 21:15:00,000,-2,23793903,31/12/2025 21:15:00,000,-2,10081311,
31/12/2025 21:30:00,000,-2,09833112,31/12/2025 21:30:00,000,-2,10081311,
31/12/2025 21:45:00,000,-2,19685458,31/12/2025 21:45:00,000,-2,10081311,
31/12/2025 22:00:00,000,-2,18642819,31/12/2025 22:00:00,000,-1,65706045,
31/12/2025 22:15:00,000,-2,25542935,31/12/2025 22:15:00,000,-1,65706045,
31/12/2025 22:30:00,000,-2,26043738,31/12/2025 22:30:00,000,-1,65706045,
31/12/2025 22:45:00,000,-2,39678291,31/12/2025 22:45:00,000,-1,65706045,
31/12/2025 23:00:00,000,-2,48387813,31/12/2025 23:00:00,000,-1,16643601,
31/12/2025 23:15:00,000,-2,598675,31/12/2025 23:15:00,000,-1,16643601,
31/12/2025 23:30:00,000,-2,65904308,31/12/2025 23:30:00,000,-1,16643601,
31/12/2025 23:45:00,000,-2,57298998,31/12/2025 23:45:00,000,-1,16643601,
01/01/2026 00:00:00,000,-2,46138914,01/01/2026 00:00:00,000,-1,05617356,
01/01/2026 00:15:00,000,-2,45283005,01/01/2026 00:15:00,000,-1,05617356,
01/01/2026 00:30:00,000,-2,41583267,01/01/2026 00:30:00,000,-1,05617356,
01/01/2026 00:45:00,000,-2,43740127,01/01/2026 00:45:00,000,-1,05617356,
01/01/2026 01:00:00,000,-2,6855896,01/01/2026 01:00:00,000,-1,36693314,
01/01/2026 01:15:00,000,-2,73567672,01/01/2026 01:15:00,000,-1,36693314,
01/01/2026 01:30:00,000,-2,79608345,01/01/2026 01:30:00,000,-1,36693314,
01/01/2026 01:45:00,000,-2,87367121,01/01/2026 01:45:00,000,-1,36693314,
01/01/2026 02:00:00,000,-3,03422201,01/01/2026 02:00:00,000,-1,69017889,
01/01/2026 02:15:00,000,-3,17674393,01/01/2026 02:15:00,000,-1,69017889,
01/01/2026 02:30:00,000,-3,32367227,01/01/2026 02:30:00,000,-1,69017889,
01/01/2026 02:45:00,000,-3,47427337,01/01/2026 02:45:00,000,-1,69017889,
01/01/2026 03:00:00,000,-3,5947271,01/01/2026 03:00:00,000,-1,78756849,
01/01/2026 03:15:00,000,-3,69841942,01/01/2026 03:15:00,000,-1,78756849,
01/01/2026 03:30:00,000,-3,88547447,01/01/2026 03:30:00,000,-1,78756849,
01/01/2026 03:45:00,000,-3,82590981,01/01/2026 03:45:00,000,-1,78756849,
01/01/2026 04:00:00,000,-3,75926061,01/01/2026 04:00:00,000,-1,78332411,
01/01/2026 04:15:00,000,-3,81179067,01/01/2026 04:15:00,000,-1,78332411,
01/01/2026 04:30:00,000,-3,73943626,01/01/2026 04:30:00,000,-1,78332411,
01/01/2026 04:45:00,000,-3,76106993,01/01/2026 04:45:00,000,-1,78332411,
01/01/2026 05:00:00,000,-3,8290513,01/01/2026 05:00:00,000,-1,61469744,
01/01/2026 05:15:00,000,-3,73757106,01/01/2026 05:15:00,000,-1,61469744,
01/01/2026 05:30:00,000,-3,8021534,01/01/2026 05:30:00,000,-1,61469744,
01/01/2026 05:45:00,000,-3,68763203,01/01/2026 05:45:00,000,-1,61469744,
01/01/2026 06:00:00,000,-3,78441541,01/01/2026 06:00:00,000,-1,77004248,
01/01/2026 06:15:00,000,-3,74656699,01/01/2026 06:15:00,000,-1,77004248,
01/01/2026 06:30:00,000,-3,6943913,01/01/2026 06:30:00,000,-1,77004248,
01/01/2026 06:45:00,000,-3,65104156,01/01/2026 06:45:00,000,-1,77004248,
01/01/2026 07:00:00,000,-3,64474785,01/01/2026 07:00:00,000,-1,48201681,
01/01/2026 07:15:00,000,-3,72978364,01/01/2026 07:15:00,000,-1,48201681,
01/01/2026 07:30:00,000,-3,66591727,01/01/2026 07:30:00,000,-1,48201681,
01/01/2026 07:45:00,000,-3,62099705,01/01/2026 07:45:00,000,-1,48201681,
01/01/2026 08:00:00,000,-3,6659095,01/01/2026 08:00:00,000,-0,927086093,
01/01/2026 08:15:00,000,-3,47558297,01/01/2026 08:15:00,000,-0,927086093,
01/01/2026 08:30:00,000,-3,33681812,01/01/2026 08:30:00,000,-0,927086093,
01/01/2026 08:45:00,000,-2,92628811,01/01/2026 08:45:00,000,-0,927086093,
01/01/2026 09:00:00,000,-2,65823216,01/01/2026 09:00:00,000,-0,58088162,
01/01/2026 09:15:00,000,-2,24675092,01/01/2026 09:15:00,000,-0,58088162,
01/01/2026 09:30:00,000,-1,9169822,01/01/2026 09:30:00,000,-0,58088162,
01/01/2026 09:45:00,000,-1,65501169,01/01/2026 09:45:00,000,-0,58088162,
01/01/2026 10:00:00,000,-1,43476046,01/01/2026 10:00:00,000,0,0809333603,
01/01/2026 10:15:00,000,-1,23128883,01/01/2026 10:15:00,000,0,0809333603,
01/01/2026 10:30:00,000,-1,01640394,01/01/2026 10:30:00,000,0,0809333603,
01/01/2026 10:45:00,000,-0,860893646,01/01/2026 10:45:00,000,0,0809333603,
01/01/2026 11:00:00,000,-0,699723082,01/01/2026 11:00:00,000,0,7496514846,
01/01/2026 11:15:00,000,-0,552754961,01/01/2026 11:15:00,000,0,7496514846,
01/01/2026 11:30:00,000,-0,431961816,01/01/2026 11:30:00,000,0,7496514846,
01/01/2026 11:45:00,000,-0,292682452,01/01/2026 11:45:00,000,0,7496514846,
01/01/2026 12:00:00,000,-0,159522946,01/01/2026 12:00:00,000,1,095724436,
01/01/2026 12:15:00,000,-0,039813282,01/01/2026 12:15:00,000,1,095724436,
01/01/2026 12:30:00,000,0,0508727106,01/01/2026 12:30:00,000,1,095724436,
01/01/2026 12:45:00,000,0,0697240081,01/01/2026 12:45:00,000,1,095724436,
01/01/2026 13:00:00,000,0,0392969003,01/01/2026 13:00:00,000,1,539243616,
01/01/2026 13:15:00,000,-0,039296375,01/01/2026 13:15:00,000,1,539243616,
01/01/2026 13:30:00,000,-0,150965261,01/01/2026 13:30:00,000,1,539243616,
01/01/2026 13:45:00,000,-0,152056735,01/01/2026 13:45:00,000,1,539243616,
01/01/2026 14:00:00,000,-0,14808217,01/01/2026 14:00:00,000,1,505092476,
01/01/2026 14:15:00,000,-0,172068222,01/01/2026 14:15:00,000,1,505092476,
01/01/2026 14:30:00,000,-0,217855622,01/01/2026 14:30:00,000,1,505092476,
01/01/2026 14:45:00,000,-0,335115338,01/01/2026 14:45:00,000,1,505092476,
01/01/2026 15:00:00,000,-0,518341671,01/01/2026 15:00:00,000,0,8094622913,
01/01/2026 15:15:00,000,-0,770793032,01/01/2026 15:15:00,000,0,8094622913,
01/01/2026 15:30:00,000,-1,02392234,01/01/2026 15:30:00,000,0,8094622913,
01/01/2026 15:45:00,000,-1,35804426,01/01/2026 15:45:00,000,0,8094622913,
01/01/2026 16:00:00,000,-1,64124979,01/01/2026 16:00:00,000,-0,208214625,
01/01/2026 16:15:00,000,-1,84682983,01/01/2026 16:15:00,000,-0,208214625,
01/01/2026 16:30:00,000,-2,0252864,01/01/2026 16:30:00,000,-0,208214625,
01/01/2026 16:45:00,000,-2,11357224,01/01/2026 16:45:00,000,-0,208214625,
01/01/2026 17:00:00,000,-2,20951896,01/01/2026 17:00:00,000,-0,975096528,
01/01/2026 17:15:00,000,-2,2311935,01/01/2026 17:15:00,000,-0,975096528,
01/01/2026 17:30:00,000,-2,21219002,01/01/2026 17:30:00,000,-0,975096528,
01/01/2026 17:45:00,000,-2,27290602,01/01/2026 17:45:00,000,-0,975096528,
01/01/2026 18:00:00,000,-2,28034915,01/01/2026 18:00:00,000,-1,46548262,
01/01/2026 18:15:00,000,-2,32949646,01/01/2026 18:15:00,000,-1,46548262,
01/01/2026 18:30:00,000,-2,34877654,01/01/2026 18:30:00,000,-1,46548262,
01/01/2026 18:45:00,000,-2,48208211,01/01/2026 18:45:00,000,-1,46548262,
01/01/2026 19:00:00,000,-2,58147463,01/01/2026 19:00:00,000,-2,04668437,
01/01/2026 19:15:00,000,-2,66251587,01/01/2026 19:15:00,000,-2,04668437,
01/01/2026 19:30:00,000,-2,74518441,01/01/2026 19:30:00,000,-2,04668437,
01/01/2026 19:45:00,000,-2,85417515,01/01/2026 19:45:00,000,-2,04668437,
01/01/2026 20:00:00,000,-2,89888137,01/01/2026 20:00:00,000,-2,39231691,
01/01/2026 20:15:00,000,-2,89360804,01/01/2026 20:15:00,000,-2,39231691,
01/01/2026 20:30:00,000,-2,99917124,01/01/2026 20:30:00,000,-2,39231691,
01/01/2026 20:45:00,000,-2,97782896,01/01/2026 20:45:00,000,-2,39231691,
01/01/2026 21:00:00,000,-2,94832285,01/01/2026 21:00:00,000,-2,42712672,
01/01/2026 21:15:00,000,-2,88136582,01/01/2026 21:15:00,000,-2,42712672,
01/01/2026 21:30:00,000,-2,9068841,01/01/2026 21:30:00,000,-2,42712672,
01/01/2026 21:45:00,000,-2,85573505,01/01/2026 21:45:00,000,-2,42712672,
01/01/2026 22:00:00,000,-2,95322238,01/01/2026 22:00:00,000,-1,67831068,
01/01/2026 22:15:00,000,-2,87805812,01/01/2026 22:15:00,000,-1,67831068,
01/01/2026 22:30:00,000,-2,93560034,01/01/2026 22:30:00,000,-1,67831068,
01/01/2026 22:45:00,000,-2,90502033,01/01/2026 22:45:00,000,-1,67831068,
01/01/2026 23:00:00,000,-2,79256801,01/01/2026 23:00:00,000,-1,25869569,
01/01/2026 23:15:00,000,-2,79077177,01/01/2026 23:15:00,000,-1,25869569,
01/01/2026 23:30:00,000,-2,67696533,01/01/2026 23:30:00,000,-1,25869569,
01/01/2026 23:45:00,000,-2,61322117,01/01/2026 23:45:00,000,-1,25869569,
02/01/2026 00:00:00,000,-2,55200626,02/01/2026 00:00:00,000,-1,38501436,
02/01/2026 00:15:00,000,-2,42995738,02/01/2026 00:15:00,000,-1,38501436,
02/01/2026 00:30:00,000,-2,30420325,02/01/2026 00:30:00,000,-1,38501436,
02/01/2026 00:45:00,000,-2,25249788,02/01/2026 00:45:00,000,-1,38501436,
02/01/2026 01:00:00,000,-1,45185672,02/01/2026 01:00:00,000,-0,754012993,
02/01/2026 01:15:00,000,-1,43857944,02/01/2026 01:15:00,000,-0,754012993,
02/01/2026 01:30:00,000,-1,41177256,02/01/2026 01:30:00,000,-0,754012993,
02/01/2026 01:45:00,000,-1,41212497,02/01/2026 01:45:00,000,-0,754012993,
02/01/2026 02:00:00,000,-1,40014393,02/01/2026 02:00:00,000,-0,2330962,
02/01/2026 02:15:00,000,-1,43522637,02/01/2026 02:15:00,000,-0,2330962,
02/01/2026 02:30:00,000,-1,44983645,02/01/2026 02:30:00,000,-0,2330962,
02/01/2026 02:45:00,000,-1,40296709,02/01/2026 02:45:00,000,-0,2330962,
02/01/2026 03:00:00,000,-1,40782901,02/01/2026 03:00:00,000,0,7365028966,
02/01/2026 03:15:00,000,-1,35095043,02/01/2026 03:15:00,000,0,7365028966,
02/01/2026 03:30:00,000,-1,28739941,02/01/2026 03:30:00,000,0,7365028966,
02/01/2026 03:45:00,000,-1,22923225,02/01/2026 03:45:00,000,0,7365028966,
02/01/2026 04:00:00,000,-1,19428294,02/01/2026 04:00:00,000,1,455456434,
02/01/2026 04:15:00,000,-1,12482928,02/01/2026 04:15:00,000,1,455456434,
02/01/2026 04:30:00,000,-1,05874127,02/01/2026 04:30:00,000,1,455456434,
02/01/2026 04:45:00,000,-1,01188347,02/01/2026 04:45:00,000,1,455456434,
02/01/2026 05:00:00,000,-0,94299468,02/01/2026 05:00:00,000,1,428502257,
02/01/2026 05:15:00,000,-0,856092479,02/01/2026 05:15:00,000,1,428502257,
02/01/2026 05:30:00,000,-0,807201094,02/01/2026 05:30:00,000,1,428502257,
02/01/2026 05:45:00,000,-0,834506778,02/01/2026 05:45:00,000,1,428502257,
02/01/2026 06:00:00,000,-0,897486414,02/01/2026 06:00:00,000,1,609430929,
02/01/2026 06:15:00,000,-1,01108224,02/01/2026 06:15:00,000,1,609430929,
02/01/2026 06:30:00,000,-1,15815735,02/01/2026 06:30:00,000,1,609430929,
02/01/2026 06:45:00,000,-1,30243233,02/01/2026 06:45:00,000,1,609430929,
02/01/2026 07:00:00,000,-1,40728734,02/01/2026 07:00:00,000,1,660651704,
02/01/2026 07:15:00,000,-1,43576611,02/01/2026 07:15:00,000,1,660651704,
02/01/2026 07:30:00,000,-1,44917021,02/01/2026 07:30:00,000,1,660651704,
02/01/2026 07:45:00,000,-1,45591553,02/01/2026 07:45:00,000,1,660651704,
02/01/2026 08:00:00,000,-1,4108456,02/01/2026 08:00:00,000,0,7722485887,
02/01/2026 08:15:00,000,-1,25639177,02/01/2026 08:15:00,000,0,7722485887,
02/01/2026 08:30:00,000,-1,05884002,02/01/2026 08:30:00,000,0,7722485887,
02/01/2026 08:45:00,000,-0,70717835,02/01/2026 08:45:00,000,0,7722485887,
02/01/2026 09:00:00,000,-0,346604914,02/01/2026 09:00:00,000,0,0882569659,
02/01/2026 09:15:00,000,0,0101208039,02/01/2026 09:15:00,000,0,0882569659,
02/01/2026 09:30:00,000,0,3452868967,02/01/2026 09:30:00,000,0,0882569659,
02/01/2026 09:45:00,000,0,6142250508,02/01/2026 09:45:00,000,0,0882569659,
02/01/2026 10:00:00,000,0,8627842598,02/01/2026 10:00:00,000,0,6195262034,
02/01/2026 10:15:00,000,1,115686549,02/01/2026 10:15:00,000,0,6195262034,
02/01/2026 10:30:00,000,1,289743166,02/01/2026 10:30:00,000,0,6195262034,
02/01/2026 10:45:00,000,1,47581132,02/01/2026 10:45:00,000,0,6195262034,
02/01/2026 11:00:00,000,1,639531712,02/01/2026 11:00:00,000,1,271267286,
02/01/2026 11:15:00,000,1,761464811,02/01/2026 11:15:00,000,1,271267286,
02/01/2026 11:30:00,000,1,93900344,02/01/2026 11:30:00,000,1,271267286,
02/01/2026 11:45:00,000,2,076459921,02/01/2026 11:45:00,000,1,271267286,
02/01/2026 12:00:00,000,2,265896622,02/01/2026 12:00:00,000,2,35849533,
02/01/2026 12:15:00,000,2,360549313,02/01/2026 12:15:00,000,2,35849533,
02/01/2026 12:30:00,000,2,358276607,02/01/2026 12:30:00,000,2,35849533,
02/01/2026 12:45:00,000,2,418726225,02/01/2026 12:45:00,000,2,35849533,
02/01/2026 13:00:00,000,2,307533684,02/01/2026 13:00:00,000,3,012579917,
02/01/2026 13:15:00,000,2,192571378,02/01/2026 13:15:00,000,3,012579917,
02/01/2026 13:30:00,000,2,080295088,02/01/2026 13:30:00,000,3,012579917,
02/01/2026 13:45:00,000,2,091255112,02/01/2026 13:45:00,000,3,012579917,
02/01/2026 14:00:00,000,2,155213726,02/01/2026 14:00:00,000,2,861585077,
02/01/2026 14:15:00,000,2,23703445,02/01/2026 14:15:00,000,2,861585077,
02/01/2026 14:30:00,000,2,271890123,02/01/2026 14:30:00,000,2,861585077,
02/01/2026 14:45:00,000,2,303686652,02/01/2026 14:45:00,000,2,861585077,
02/01/2026 15:00:00,000,2,268295703,02/01/2026 15:00:00,000,2,674628149,
02/01/2026 15:15:00,000,2,207769664,02/01/2026 15:15:00,000,2,674628149,
02/01/2026 15:30:00,000,2,179737441,02/01/2026 15:30:00,000,2,674628149,
02/01/2026 15:45:00,000,2,001416851,02/01/2026 15:45:00,000,2,674628149,
02/01/2026 16:00:00,000,1,899550041,02/01/2026 16:00:00,000,2,333036191,
02/01/2026 16:15:00,000,1,762878435,02/01/2026 16:15:00,000,2,333036191,
02/01/2026 16:30:00,000,1,695978104,02/01/2026 16:30:00,000,2,333036191,
02/01/2026 16:45:00,000,1,654676617,02/01/2026 16:45:00,000,2,333036191,
02/01/2026 17:00:00,000,1,641301808,02/01/2026 17:00:00,000,1,863881988,
02/01/2026 17:15:00,000,1,568297595,02/01/2026 17:15:00,000,1,863881988,
02/01/2026 17:30:00,000,1,505102997,02/01/2026 17:30:00,000,1,863881988,
02/01/2026 17:45:00,000,1,35444128,02/01/2026 17:45:00,000,1,863881988,
02/01/2026 18:00:00,000,1,241660585,02/01/2026 18:00:00,000,1,477759534,
02/01/2026 18:15:00,000,1,132307492,02/01/2026 18:15:00,000,1,477759534,
02/01/2026 18:30:00,000,1,069153786,02/01/2026 18:30:00,000,1,477759534,
02/01/2026 18:45:00,000,0,9844129615,02/01/2026 18:45:00,000,1,477759534,
02/01/2026 19:00:00,000,0,9074964239,02/01/2026 19:00:00,000,1,072239989,
02/01/2026 19:15:00,000,0,7991176706,02/01/2026 19:15:00,000,1,072239989,
02/01/2026 19:30:00,000,0,7095255596,02/01/2026 19:30:00,000,1,072239989,
02/01/2026 19:45:00,000,0,5704623563,02/01/2026 19:45:00,000,1,072239989,
02/01/2026 20:00:00,000,0,4145583669,02/01/2026 20:00:00,000,-0,292888802,
02/01/2026 20:15:00,000,0,2387612113,02/01/2026 20:15:00,000,-0,292888802,
02/01/2026 20:30:00,000,0,0597445454,02/01/2026 20:30:00,000,-0,292888802,
02/01/2026 20:45:00,000,-0,080606642,02/01/2026 20:45:00,000,-0,292888802,
02/01/2026 21:00:00,000,-0,221418933,02/01/2026 21:00:00,000,-1,86167246,
02/01/2026 21:15:00,000,-0,345974938,02/01/2026 21:15:00,000,-1,86167246,
02/01/2026 21:30:00,000,-0,440565604,02/01/2026 21:30:00,000,-1,86167246,
02/01/2026 21:45:00,000,-0,576030152,02/01/2026 21:45:00,000,-1,86167246,
02/01/2026 22:00:00,000,-0,683399832,02/01/2026 22:00:00,000,-1,99953496,
02/01/2026 22:15:00,000,-0,812065842,02/01/2026 22:15:00,000,-1,99953496,
02/01/2026 22:30:00,000,-0,893350786,02/01/2026 22:30:00,000,-1,99953496,
02/01/2026 22:45:00,000,-0,962651368,02/01/2026 22:45:00,000,-1,99953496,
02/01/2026 23:00:00,000,-1,05190036,02/01/2026 23:00:00,000,-1,96312041,
02/01/2026 23:15:00,000,-1,16123049,02/01/2026 23:15:00,000,-1,96312041,
02/01/2026 23:30:00,000,-1,27450429,02/01/2026 23:30:00,000,-1,96312041,
02/01/2026 23:45:00,000,-1,29553688,02/01/2026 23:45:00,000,-1,96312041,
03/01/2026 00:00:00,000,-1,30577487,03/01/2026 00:00:00,000,-1,76503326,
03/01/2026 00:15:00,000,-1,24913328,03/01/2026 00:15:00,000,-1,76503326,
03/01/2026 00:30:00,000,-1,19781914,03/01/2026 00:30:00,000,-1,76503326,
03/01/2026 00:45:00,000,-1,19061582,03/01/2026 00:45:00,000,-1,76503326,
03/01/2026 01:00:00,000,-0,973694588,03/01/2026 01:00:00,000,-1,79352298,
03/01/2026 01:15:00,000,-1,05464082,03/01/2026 01:15:00,000,-1,79352298,
03/01/2026 01:30:00,000,-1,15929494,03/01/2026 01:30:00,000,-1,79352298,
03/01/2026 01:45:00,000,-1,24016188,03/01/2026 01:45:00,000,-1,79352298,
03/01/2026 02:00:00,000,-1,28065969,03/01/2026 02:00:00,000,-1,90921717,
03/01/2026 02:15:00,000,-1,29635061,03/01/2026 02:15:00,000,-1,90921717,
03/01/2026 02:30:00,000,-1,32987289,03/01/2026 02:30:00,000,-1,90921717,
03/01/2026 02:45:00,000,-1,29375896,03/01/2026 02:45:00,000,-1,90921717,
03/01/2026 03:00:00,000,-1,22286339,03/01/2026 03:00:00,000,-1,21642357,
03/01/2026 03:15:00,000,-1,13111913,03/01/2026 03:15:00,000,-1,21642357,
03/01/2026 03:30:00,000,-1,04358883,03/01/2026 03:30:00,000,-1,21642357,
03/01/2026 03:45:00,000,-0,97894118,03/01/2026 03:45:00,000,-1,21642357,
03/01/2026 04:00:00,000,-0,970583081,03/01/2026 04:00:00,000,-0,843974953,
03/01/2026 04:15:00,000,-0,991305093,03/01/2026 04:15:00,000,-0,843974953,
03/01/2026 04:30:00,000,-1,01471195,03/01/2026 04:30:00,000,-0,843974953,
03/01/2026 04:45:00,000,-1,08325865,03/01/2026 04:45:00,000,-0,843974953,
03/01/2026 05:00:00,000,-1,1789334,03/01/2026 05:00:00,000,-1,15581463,
03/01/2026 05:15:00,000,-1,27142085,03/01/2026 05:15:00,000,-1,15581463,
03/01/2026 05:30:00,000,-1,32853116,03/01/2026 05:30:00,000,-1,15581463,
03/01/2026 05:45:00,000,-1,38610612,03/01/2026 05:45:00,000,-1,15581463,
03/01/2026 06:00:00,000,-1,51052736,03/01/2026 06:00:00,000,-0,936137758,
03/01/2026 06:15:00,000,-1,59385936,03/01/2026 06:15:00,000,-0,936137758,
03/01/2026 06:30:00,000,-1,71953505,03/01/2026 06:30:00,000,-0,936137758,
03/01/2026 06:45:00,000,-1,803801,03/01/2026 06:45:00,000,-0,936137758,
03/01/2026 07:00:00,000,-1,92001077,03/01/2026 07:00:00,000,-0,949268597,
03/01/2026 07:15:00,000,-2,0050928,03/01/2026 07:15:00,000,-0,949268597,
03/01/2026 07:30:00,000,-2,15275448,03/01/2026 07:30:00,000,-0,949268597,
03/01/2026 07:45:00,000,-2,25211102,03/01/2026 07:45:00,000,-0,949268597,
03/01/2026 08:00:00,000,-2,21989052,03/01/2026 08:00:00,000,-0,780430564,
03/01/2026 08:15:00,000,-2,22122555,03/01/2026 08:15:00,000,-0,780430564,
03/01/2026 08:30:00,000,-2,08283453,03/01/2026 08:30:00,000,-0,780430564,
03/01/2026 08:45:00,000,-1,8335669,03/01/2026 08:45:00,000,-0,780430564,
03/01/2026 09:00:00,000,-1,50894115,03/01/2026 09:00:00,000,0,2650190046,
03/01/2026 09:15:00,000,-1,13512246,03/01/2026 09:15:00,000,0,2650190046,
03/01/2026 09:30:00,000,-0,773613605,03/01/2026 09:30:00,000,0,2650190046,
03/01/2026 09:45:00,000,-0,44539872,03/01/2026 09:45:00,000,0,2650190046,
03/01/2026 10:00:00,000,-0,14922977,03/01/2026 10:00:00,000,1,467671355,
03/01/2026 10:15:00,000,0,1306121986,03/01/2026 10:15:00,000,1,467671355,
03/01/2026 10:30:00,000,0,3776423908,03/01/2026 10:30:00,000,1,467671355,
03/01/2026 10:45:00,000,0,5971555219,03/01/2026 10:45:00,000,1,467671355,
03/01/2026 11:00:00,000,0,794128113,03/01/2026 11:00:00,000,2,340381541,
03/01/2026 11:15:00,000,0,9706560659,03/01/2026 11:15:00,000,2,340381541,
03/01/2026 11:30:00,000,1,12796541,03/01/2026 11:30:00,000,2,340381541,
03/01/2026 11:45:00,000,1,21279912,03/01/2026 11:45:00,000,2,340381541,
03/01/2026 12:00:00,000,1,324021771,03/01/2026 12:00:00,000,2,812505679,
03/01/2026 12:15:00,000,1,437608119,03/01/2026 12:15:00,000,2,812505679,
03/01/2026 12:30:00,000,1,489862551,03/01/2026 12:30:00,000,2,812505679,
03/01/2026 12:45:00,000,1,54002823,03/01/2026 12:45:00,000,2,812505679,
03/01/2026 13:00:00,000,1,578302114,03/01/2026 13:00:00,000,3,194906192,
03/01/2026 13:15:00,000,1,613719958,03/01/2026 13:15:00,000,3,194906192,
03/01/2026 13:30:00,000,1,586636762,03/01/2026 13:30:00,000,3,194906192,
03/01/2026 13:45:00,000,1,663574465,03/01/2026 13:45:00,000,3,194906192,
03/01/2026 14:00:00,000,1,630659335,03/01/2026 14:00:00,000,3,126845598,
03/01/2026 14:15:00,000,1,570521747,03/01/2026 14:15:00,000,3,126845598,
03/01/2026 14:30:00,000,1,453148555,03/01/2026 14:30:00,000,3,126845598,
03/01/2026 14:45:00,000,1,216961109,03/01/2026 14:45:00,000,3,126845598,
03/01/2026 15:00:00,000,0,7925846635,03/01/2026 15:00:00,000,2,112779082,
03/01/2026 15:15:00,000,0,3130234267,03/01/2026 15:15:00,000,2,112779082,
03/01/2026 15:30:00,000,-0,208934802,03/01/2026 15:30:00,000,2,112779082,
03/01/2026 15:45:00,000,-0,722388924,03/01/2026 15:45:00,000,2,112779082,
03/01/2026 16:00:00,000,-1,0785188,03/01/2026 16:00:00,000,0,7059370302,
03/01/2026 16:15:00,000,-1,36263992,03/01/2026 16:15:00,000,0,7059370302,
03/01/2026 16:30:00,000,-1,49930083,03/01/2026 16:30:00,000,0,7059370302,
03/01/2026 16:45:00,000,-1,59338414,03/01/2026 16:45:00,000,0,7059370302,
03/01/2026 17:00:00,000,-1,64165446,03/01/2026 17:00:00,000,0,2243118883,
03/01/2026 17:15:00,000,-1,62853121,03/01/2026 17:15:00,000,0,2243118883,
03/01/2026 17:30:00,000,-1,63791228,03/01/2026 17:30:00,000,0,2243118883,
03/01/2026 17:45:00,000,-1,65275716,03/01/2026 17:45:00,000,0,2243118883,
03/01/2026 18:00:00,000,-1,71072527,03/01/2026 18:00:00,000,-0,395651646,
03/01/2026 18:15:00,000,-1,67270229,03/01/2026 18:15:00,000,-0,395651646,
03/01/2026 18:30:00,000,-1,62770463,03/01/2026 18:30:00,000,-0,395651646,
03/01/2026 18:45:00,000,-1,57371752,03/01/2026 18:45:00,000,-0,395651646,
03/01/2026 19:00:00,000,-1,54765959,03/01/2026 19:00:00,000,-1,1464387,
03/01/2026 19:15:00,000,-1,48455126,03/01/2026 19:15:00,000,-1,1464387,
03/01/2026 19:30:00,000,-1,46364944,03/01/2026 19:30:00,000,-1,1464387,
03/01/2026 19:45:00,000,-1,42414937,03/01/2026 19:45:00,000,-1,1464387,
03/01/2026 20:00:00,000,-1,45873332,03/01/2026 20:00:00,000,-1,04390919,
03/01/2026 20:15:00,000,-1,49543097,03/01/2026 20:15:00,000,-1,04390919,
03/01/2026 20:30:00,000,-1,58647081,03/01/2026 20:30:00,000,-1,04390919,
03/01/2026 20:45:00,000,-1,59655631,03/01/2026 20:45:00,000,-1,04390919,
03/01/2026 21:00:00,000,-1,62786958,03/01/2026 21:00:00,000,-1,43497619,
03/01/2026 21:15:00,000,-1,65539854,03/01/2026 21:15:00,000,-1,43497619,
03/01/2026 21:30:00,000,-1,65339243,03/01/2026 21:30:00,000,-1,43497619,
03/01/2026 21:45:00,000,-1,66830488,03/01/2026 21:45:00,000,-1,43497619,
03/01/2026 22:00:00,000,-1,62474281,03/01/2026 22:00:00,000,-1,52287876,
03/01/2026 22:15:00,000,-1,65393371,03/01/2026 22:15:00,000,-1,52287876,
03/01/2026 22:30:00,000,-1,63452558,03/01/2026 22:30:00,000,-1,52287876,
03/01/2026 22:45:00,000,-1,62837169,03/01/2026 22:45:00,000,-1,52287876,
03/01/2026 23:00:00,000,-1,60256628,03/01/2026 23:00:00,000,-1,7140261,
03/01/2026 23:15:00,000,-1,55535672,03/01/2026 23:15:00,000,-1,7140261,
03/01/2026 23:30:00,000,-1,57898331,03/01/2026 23:30:00,000,-1,7140261,
03/01/2026 23:45:00,000,-1,60000213,03/01/2026 23:45:00,000,-1,7140261,
04/01/2026 00:00:00,000,-1,62896349,04/01/2026 00:00:00,000,-1,7813243,
04/01/2026 00:15:00,000,-1,6845568,04/01/2026 00:15:00,000,-1,7813243,
04/01/2026 00:30:00,000,-1,85494157,04/01/2026 00:30:00,000,-1,7813243,
04/01/2026 00:45:00,000,-1,90637465,04/01/2026 00:45:00,000,-1,7813243,
04/01/2026 01:00:00,000,-2,45136645,04/01/2026 01:00:00,000,-1,49774517,
04/01/2026 01:15:00,000,-2,57931502,04/01/2026 01:15:00,000,-1,49774517,
04/01/2026 01:30:00,000,-2,62676015,04/01/2026 01:30:00,000,-1,49774517,
04/01/2026 01:45:00,000,-2,65512025,04/01/2026 01:45:00,000,-1,49774517,
04/01/2026 02:00:00,000,-2,72180215,04/01/2026 02:00:00,000,-1,57507619,
04/01/2026 02:15:00,000,-2,74545262,04/01/2026 02:15:00,000,-1,57507619,
04/01/2026 02:30:00,000,-2,84067508,04/01/2026 02:30:00,000,-1,57507619,
04/01/2026 02:45:00,000,-2,75951976,04/01/2026 02:45:00,000,-1,57507619,
04/01/2026 03:00:00,000,-2,7616949,04/01/2026 03:00:00,000,-1,53668875,
04/01/2026 03:15:00,000,-2,68405448,04/01/2026 03:15:00,000,-1,53668875,
04/01/2026 03:30:00,000,-2,69950851,04/01/2026 03:30:00,000,-1,53668875,
04/01/2026 03:45:00,000,-2,68270861,04/01/2026 03:45:00,000,-1,53668875,
04/01/2026 04:00:00,000,-2,73104116,04/01/2026 04:00:00,000,-1,73381519,
04/01/2026 04:15:00,000,-2,84709758,04/01/2026 04:15:00,000,-1,73381519,
04/01/2026 04:30:00,000,-3,00223459,04/01/2026 04:30:00,000,-1,73381519,
04/01/2026 04:45:00,000,-3,17231323,04/01/2026 04:45:00,000,-1,73381519,
04/01/2026 05:00:00,000,-3,27236994,04/01/2026 05:00:00,000,-1,6871019,
04/01/2026 05:15:00,000,-3,33651044,04/01/2026 05:15:00,000,-1,6871019,
04/01/2026 05:30:00,000,-3,42889505,04/01/2026 05:30:00,000,-1,6871019,
04/01/2026 05:45:00,000,-3,47436414,04/01/2026 05:45:00,000,-1,6871019,
04/01/2026 06:00:00,000,-3,48032823,04/01/2026 06:00:00,000,-1,59196425,
04/01/2026 06:15:00,000,-3,55985758,04/01/2026 06:15:00,000,-1,59196425,
04/01/2026 06:30:00,000,-3,66787103,04/01/2026 06:30:00,000,-1,59196425,
04/01/2026 06:45:00,000,-3,73193185,04/01/2026 06:45:00,000,-1,59196425,
04/01/2026 07:00:00,000,-3,85004768,04/01/2026 07:00:00,000,-1,9316381,
04/01/2026 07:15:00,000,-3,79420522,04/01/2026 07:15:00,000,-1,9316381,
04/01/2026 07:30:00,000,-3,83998922,04/01/2026 07:30:00,000,-1,9316381,
04/01/2026 07:45:00,000,-3,86696952,04/01/2026 07:45:00,000,-1,9316381,
04/01/2026 08:00:00,000,-3,83667646,04/01/2026 08:00:00,000,-1,77115919,
04/01/2026 08:15:00,000,-3,74917942,04/01/2026 08:15:00,000,-1,77115919,
04/01/2026 08:30:00,000,-3,53864224,04/01/2026 08:30:00,000,-1,77115919,
04/01/2026 08:45:00,000,-3,21871521,04/01/2026 08:45:00,000,-1,77115919,
04/01/2026 09:00:00,000,-3,03474486,04/01/2026 09:00:00,000,-1,08734987,
04/01/2026 09:15:00,000,-2,71797222,04/01/2026 09:15:00,000,-1,08734987,
04/01/2026 09:30:00,000,-2,49892083,04/01/2026 09:30:00,000,-1,08734987,
04/01/2026 09:45:00,000,-2,22627815,04/01/2026 09:45:00,000,-1,08734987,
04/01/2026 10:00:00,000,-1,93901375,04/01/2026 10:00:00,000,-0,374314705,
04/01/2026 10:15:00,000,-1,73747945,04/01/2026 10:15:00,000,-0,374314705,
04/01/2026 10:30:00,000,-1,53808915,04/01/2026 10:30:00,000,-0,374314705,
04/01/2026 10:45:00,000,-1,29737498,04/01/2026 10:45:00,000,-0,374314705,
04/01/2026 11:00:00,000,-1,08611533,04/01/2026 11:00:00,000,0,4595298527,
04/01/2026 11:15:00,000,-0,889674656,04/01/2026 11:15:00,000,0,4595298527,
04/01/2026 11:30:00,000,-0,678069782,04/01/2026 11:30:00,000,0,4595298527,
04/01/2026 11:45:00,000,-0,548152762,04/01/2026 11:45:00,000,0,4595298527,
04/01/2026 12:00:00,000,-0,428145323,04/01/2026 12:00:00,000,1,150058235,
04/01/2026 12:15:00,000,-0,323965523,04/01/2026 12:15:00,000,1,150058235,
04/01/2026 12:30:00,000,-0,240001417,04/01/2026 12:30:00,000,1,150058235,
04/01/2026 12:45:00,000,-0,129057839,04/01/2026 12:45:00,000,1,150058235,
04/01/2026 13:00:00,000,-0,050931921,04/01/2026 13:00:00,000,1,581623524,
04/01/2026 13:15:00,000,0,0098061076,04/01/2026 13:15:00,000,1,581623524,
04/01/2026 13:30:00,000,0,0398680100,04/01/2026 13:30:00,000,1,581623524,
04/01/2026 13:45:00,000,0,1110851816,04/01/2026 13:45:00,000,1,581623524,
04/01/2026 14:00:00,000,0,1600436235,04/01/2026 14:00:00,000,1,492191173,
04/01/2026 14:15:00,000,0,1491158751,04/01/2026 14:15:00,000,1,492191173,
04/01/2026 14:30:00,000,0,0599435590,04/01/2026 14:30:00,000,1,492191173,
04/01/2026 14:45:00,000,-0,17272101,04/01/2026 14:45:00,000,1,492191173,
04/01/2026 15:00:00,000,-0,538501745,04/01/2026 15:00:00,000,0,4870597546,
04/01/2026 15:15:00,000,-0,985557149,04/01/2026 15:15:00,000,0,4870597546,
04/01/2026 15:30:00,000,-1,52781109,04/01/2026 15:30:00,000,0,4870597546,
04/01/2026 15:45:00,000,-2,02260433,04/01/2026 15:45:00,000,0,4870597546,
04/01/2026 16:00:00,000,-2,33441384,04/01/2026 16:00:00,000,-0,856700506,
04/01/2026 16:15:00,000,-2,62730351,04/01/2026 16:15:00,000,-0,856700506,
04/01/2026 16:30:00,000,-2,79906046,04/01/2026 16:30:00,000,-0,856700506,
04/01/2026 16:45:00,000,-2,8390307,04/01/2026 16:45:00,000,-0,856700506,
04/01/2026 17:00:00,000,-2,83478482,04/01/2026 17:00:00,000,-2,36540213,
04/01/2026 17:15:00,000,-2,75436712,04/01/2026 17:15:00,000,-2,36540213,
04/01/2026 17:30:00,000,-2,81268672,04/01/2026 17:30:00,000,-2,36540213,
04/01/2026 17:45:00,000,-2,82829516,04/01/2026 17:45:00,000,-2,36540213,
04/01/2026 18:00:00,000,-2,95349842,04/01/2026 18:00:00,000,-3,53430765,
04/01/2026 18:15:00,000,-3,03730047,04/01/2026 18:15:00,000,-3,53430765,
04/01/2026 18:30:00,000,-3,01820699,04/01/2026 18:30:00,000,-3,53430765,
04/01/2026 18:45:00,000,-3,09921286,04/01/2026 18:45:00,000,-3,53430765,
04/01/2026 19:00:00,000,-3,23026668,04/01/2026 19:00:00,000,-4,04168321,
04/01/2026 19:15:00,000,-3,32838876,04/01/2026 19:15:00,000,-4,04168321,
04/01/2026 19:30:00,000,-3,41666699,04/01/2026 19:30:00,000,-4,04168321,
04/01/2026 19:45:00,000,-3,54082936,04/01/2026 19:45:00,000,-4,04168321,
04/01/2026 20:00:00,000,-3,68765837,04/01/2026 20:00:00,000,-4,32219607,
04/01/2026 20:15:00,000,-3,73230658,04/01/2026 20:15:00,000,-4,32219607,
04/01/2026 20:30:00,000,-3,87596344,04/01/2026 20:30:00,000,-4,32219607,
04/01/2026 20:45:00,000,-3,99930448,04/01/2026 20:45:00,000,-4,32219607,
04/01/2026 21:00:00,000,-4,18987562,04/01/2026 21:00:00,000,-5,25624074,
04/01/2026 21:15:00,000,-4,37712895,04/01/2026 21:15:00,000,-5,25624074,
04/01/2026 21:30:00,000,-4,44340156,04/01/2026 21:30:00,000,-5,25624074,
04/01/2026 21:45:00,000,-4,62210288,04/01/2026 21:45:00,000,-5,25624074,
04/01/2026 22:00:00,000,-4,76756009,04/01/2026 22:00:00,000,-5,89288153,
04/01/2026 22:15:00,000,-4,86905867,04/01/2026 22:15:00,000,-5,89288153,
04/01/2026 22:30:00,000,-4,9641691,04/01/2026 22:30:00,000,-5,89288153,
04/01/2026 22:45:00,000,-4,85796444,04/01/2026 22:45:00,000,-5,89288153,
04/01/2026 23:00:00,000,-4,9742222,04/01/2026 23:00:00,000,-6,85210466,
04/01/2026 23:15:00,000,-5,04672673,04/01/2026 23:15:00,000,-6,85210466,
04/01/2026 23:30:00,000,-5,14011549,04/01/2026 23:30:00,000,-6,85210466,
04/01/2026 23:45:00,000,-5,21771887,04/01/2026 23:45:00,000,-6,85210466,
05/01/2026 00:00:00,000,-5,33485558,05/01/2026 00:00:00,000,-7,25076031,
05/01/2026 00:15:00,000,-5,54133338,05/01/2026 00:15:00,000,-7,25076031,
05/01/2026 00:30:00,000,-5,60282176,05/01/2026 00:30:00,000,-7,25076031,
05/01/2026 00:45:00,000,-5,52706241,05/01/2026 00:45:00,000,-7,25076031,
05/01/2026 01:00:00,000,-6,06887552,05/01/2026 01:00:00,000,-7,76373322,
05/01/2026 01:15:00,000,-6,07865557,05/01/2026 01:15:00,000,-7,76373322,
05/01/2026 01:30:00,000,-6,06044641,05/01/2026 01:30:00,000,-7,76373322,
05/01/2026 01:45:00,000,-6,35617514,05/01/2026 01:45:00,000,-7,76373322,
05/01/2026 02:00:00,000,-6,28066208,05/01/2026 02:00:00,000,-8,20104886,
05/01/2026 02:15:00,000,-6,33283229,05/01/2026 02:15:00,000,-8,20104886,
05/01/2026 02:30:00,000,-6,35256718,05/01/2026 02:30:00,000,-8,20104886,
05/01/2026 02:45:00,000,-6,52498,05/01/2026 02:45:00,000,-8,20104886,
05/01/2026 03:00:00,000,-6,6114262,05/01/2026 03:00:00,000,-8,41307515,
05/01/2026 03:15:00,000,-6,52534497,05/01/2026 03:15:00,000,-8,41307515,
05/01/2026 03:30:00,000,-6,74534758,05/01/2026 03:30:00,000,-8,41307515,
05/01/2026 03:45:00,000,-6,58765556,05/01/2026 03:45:00,000,-8,41307515,
05/01/2026 04:00:00,000,-6,67994108,05/01/2026 04:00:00,000,-8,66879172,
05/01/2026 04:15:00,000,-6,68133702,05/01/2026 04:15:00,000,-8,66879172,
05/01/2026 04:30:00,000,-6,67864156,05/01/2026 04:30:00,000,-8,66879172,
05/01/2026 04:45:00,000,-6,94560955,05/01/2026 04:45:00,000,-8,66879172,
05/01/2026 05:00:00,000,-6,9146464,05/01/2026 05:00:00,000,-8,60159434,
05/01/2026 05:15:00,000,-6,92004679,05/01/2026 05:15:00,000,-8,60159434,
05/01/2026 05:30:00,000,-7,07131458,05/01/2026 05:30:00,000,-8,60159434,
05/01/2026 05:45:00,000,-7,12459677,05/01/2026 05:45:00,000,-8,60159434,
05/01/2026 06:00:00,000,-7,40170951,05/01/2026 06:00:00,000,-8,3897566,
05/01/2026 06:15:00,000,-7,36998015,05/01/2026 06:15:00,000,-8,3897566,
05/01/2026 06:30:00,000,-7,45347925,05/01/2026 06:30:00,000,-8,3897566,
05/01/2026 06:45:00,000,-7,22271311,05/01/2026 06:45:00,000,-8,3897566,
05/01/2026 07:00:00,000,-7,36870136,05/01/2026 07:00:00,000,-8,25421195,
05/01/2026 07:15:00,000,-7,46457841,05/01/2026 07:15:00,000,-8,25421195,
05/01/2026 07:30:00,000,-7,31488865,05/01/2026 07:30:00,000,-8,25421195,
05/01/2026 07:45:00,000,-7,52113552,05/01/2026 07:45:00,000,-8,25421195,
05/01/2026 08:00:00,000,-6,72806796,05/01/2026 08:00:00,000,-7,14715748,
05/01/2026 08:15:00,000,-6,53099027,05/01/2026 08:15:00,000,-7,14715748,
05/01/2026 08:30:00,000,-6,17477998,05/01/2026 08:30:00,000,-7,14715748,
05/01/2026 08:45:00,000,-5,63516467,05/01/2026 08:45:00,000,-7,14715748,
05/01/2026 09:00:00,000,-5,23788814,05/01/2026 09:00:00,000,-6,01890909,
05/01/2026 09:15:00,000,-4,84926558,05/01/2026 09:15:00,000,-6,01890909,
05/01/2026 09:30:00,000,-4,42010741,05/01/2026 09:30:00,000,-6,01890909,
05/01/2026 09:45:00,000,-4,08475315,05/01/2026 09:45:00,000,-6,01890909,
05/01/2026 10:00:00,000,-3,84572356,05/01/2026 10:00:00,000,-4,68050914,
05/01/2026 10:15:00,000,-3,48199733,05/01/2026 10:15:00,000,-4,68050914,
05/01/2026 10:30:00,000,-3,28186201,05/01/2026 10:30:00,000,-4,68050914,
05/01/2026 10:45:00,000,-2,92431092,05/01/2026 10:45:00,000,-4,68050914,
05/01/2026 11:00:00,000,-2,7216289,05/01/2026 11:00:00,000,-3,43121243,
05/01/2026 11:15:00,000,-2,47700071,05/01/2026 11:15:00,000,-3,43121243,
05/01/2026 11:30:00,000,-2,22454449,05/01/2026 11:30:00,000,-3,43121243,
05/01/2026 11:45:00,000,-2,110957,05/01/2026 11:45:00,000,-3,43121243,
05/01/2026 12:00:00,000,-1,91370536,05/01/2026 12:00:00,000,-2,95953913,
05/01/2026 12:15:00,000,-1,82887137,05/01/2026 12:15:00,000,-2,95953913,
05/01/2026 12:30:00,000,-1,73144667,05/01/2026 12:30:00,000,-2,95953913,
05/01/2026 12:45:00,000,-1,57482215,05/01/2026 12:45:00,000,-2,95953913,
05/01/2026 13:00:00,000,-1,50174715,05/01/2026 13:00:00,000,-2,616977,
05/01/2026 13:15:00,000,-1,40643175,05/01/2026 13:15:00,000,-2,616977,
05/01/2026 13:30:00,000,-1,39023763,05/01/2026 13:30:00,000,-2,616977,
05/01/2026 13:45:00,000,-1,2565589,05/01/2026 13:45:00,000,-2,616977,
05/01/2026 14:00:00,000,-1,1919978,05/01/2026 14:00:00,000,-2,47219402,
05/01/2026 14:15:00,000,-1,16075668,05/01/2026 14:15:00,000,-2,47219402,
05/01/2026 14:30:00,000,-1,16278965,05/01/2026 14:30:00,000,-2,47219402,
05/01/2026 14:45:00,000,-1,21559337,05/01/2026 14:45:00,000,-2,47219402,
05/01/2026 15:00:00,000,-1,37258558,05/01/2026 15:00:00,000,-2,69678121,
05/01/2026 15:15:00,000,-1,59921258,05/01/2026 15:15:00,000,-2,69678121,
05/01/2026 15:30:00,000,-1,75470317,05/01/2026 15:30:00,000,-2,69678121,
05/01/2026 15:45:00,000,-2,00720097,05/01/2026 15:45:00,000,-2,69678121,
05/01/2026 16:00:00,000,-2,09771937,05/01/2026 16:00:00,000,-2,87895493,
05/01/2026 16:15:00,000,-2,17993903,05/01/2026 16:15:00,000,-2,87895493,
05/01/2026 16:30:00,000,-2,1229876,05/01/2026 16:30:00,000,-2,87895493,
05/01/2026 16:45:00,000,-2,0206563,05/01/2026 16:45:00,000,-2,87895493,
05/01/2026 17:00:00,000,-1,94609763,05/01/2026 17:00:00,000,-2,61206705,
05/01/2026 17:15:00,000,-1,83079415,05/01/2026 17:15:00,000,-2,61206705,
05/01/2026 17:30:00,000,-1,72091271,05/01/2026 17:30:00,000,-2,61206705,
05/01/2026 17:45:00,000,-1,68141372,05/01/2026 17:45:00,000,-2,61206705,
05/01/2026 18:00:00,000,-1,70254311,05/01/2026 18:00:00,000,-2,62943535,
05/01/2026 18:15:00,000,-1,62396523,05/01/2026 18:15:00,000,-2,62943535,
05/01/2026 18:30:00,000,-1,64193464,05/01/2026 18:30:00,000,-2,62943535,
05/01/2026 18:45:00,000,-1,68129791,05/01/2026 18:45:00,000,-2,62943535,
05/01/2026 19:00:00,000,-1,66179385,05/01/2026 19:00:00,000,-2,77934316,
05/01/2026 19:15:00,000,-1,72925221,05/01/2026 19:15:00,000,-2,77934316,
05/01/2026 19:30:00,000,-1,73931906,05/01/2026 19:30:00,000,-2,77934316,
05/01/2026 19:45:00,000,-1,79969462,05/01/2026 19:45:00,000,-2,77934316,
05/01/2026 20:00:00,000,-1,87036819,05/01/2026 20:00:00,000,-3,00435797,
05/01/2026 20:15:00,000,-1,89742755,05/01/2026 20:15:00,000,-3,00435797,
05/01/2026 20:30:00,000,-1,96027685,05/01/2026 20:30:00,000,-3,00435797,
05/01/2026 20:45:00,000,-2,07207391,05/01/2026 20:45:00,000,-3,00435797,
05/01/2026 21:00:00,000,-2,12056896,05/01/2026 21:00:00,000,-2,96433552,
05/01/2026 21:15:00,000,-2,25181268,05/01/2026 21:15:00,000,-2,96433552,
05/01/2026 21:30:00,000,-2,34447425,05/01/2026 21:30:00,000,-2,96433552,
05/01/2026 21:45:00,000,-2,48152652,05/01/2026 21:45:00,000,-2,96433552,
05/01/2026 22:00:00,000,-2,49478118,05/01/2026 22:00:00,000,-3,08426326,
05/01/2026 22:15:00,000,-2,57735547,05/01/2026 22:15:00,000,-3,08426326,
05/01/2026 22:30:00,000,-2,68281348,05/01/2026 22:30:00,000,-3,08426326,
05/01/2026 22:45:00,000,-2,76792871,05/01/2026 22:45:00,000,-3,08426326,
05/01/2026 23:00:00,000,-2,78001031,05/01/2026 23:00:00,000,-3,28127443,
05/01/2026 23:15:00,000,-2,83004694,05/01/2026 23:15:00,000,-3,28127443,
05/01/2026 23:30:00,000,-2,87689807,05/01/2026 23:30:00,000,-3,28127443,
05/01/2026 23:45:00,000,-2,89055295,05/01/2026 23:45:00,000,-3,28127443,
06/01/2026 00:00:00,000,-3,04464712,06/01/2026 00:00:00,000,-3,28388849,
06/01/2026 00:15:00,000,-3,0461223,06/01/2026 00:15:00,000,-3,28388849,
06/01/2026 00:30:00,000,-3,07674027,06/01/2026 00:30:00,000,-3,28388849,
06/01/2026 00:45:00,000,-3,14594195,06/01/2026 00:45:00,000,-3,28388849,
06/01/2026 01:00:00,000,-4,12630701,06/01/2026 01:00:00,000,-3,26045108,
06/01/2026 01:15:00,000,-4,21127541,06/01/2026 01:15:00,000,-3,26045108,
06/01/2026 01:30:00,000,-4,18513155,06/01/2026 01:30:00,000,-3,26045108,
06/01/2026 01:45:00,000,-4,23387065,06/01/2026 01:45:00,000,-3,26045108,
06/01/2026 02:00:00,000,-4,31516331,06/01/2026 02:00:00,000,-3,19374113,
06/01/2026 02:15:00,000,-4,32626003,06/01/2026 02:15:00,000,-3,19374113,
06/01/2026 02:30:00,000,-4,25697836,06/01/2026 02:30:00,000,-3,19374113,
06/01/2026 02:45:00,000,-4,39667333,06/01/2026 02:45:00,000,-3,19374113,
06/01/2026 03:00:00,000,-4,31630764,06/01/2026 03:00:00,000,-3,16248742,
06/01/2026 03:15:00,000,-4,35962143,06/01/2026 03:15:00,000,-3,16248742,
06/01/2026 03:30:00,000,-4,32696439,06/01/2026 03:30:00,000,-3,16248742,
06/01/2026 03:45:00,000,-4,3936598,06/01/2026 03:45:00,000,-3,16248742,
06/01/2026 04:00:00,000,-4,30373726,06/01/2026 04:00:00,000,-3,08662509,
06/01/2026 04:15:00,000,-4,18888777,06/01/2026 04:15:00,000,-3,08662509,
06/01/2026 04:30:00,000,-4,25660464,06/01/2026 04:30:00,000,-3,08662509,
06/01/2026 04:45:00,000,-4,26050502,06/01/2026 04:45:00,000,-3,08662509,
06/01/2026 05:00:00,000,-4,65155358,06/01/2026 05:00:00,000,-3,27343639,
06/01/2026 05:15:00,000,-4,87947193,06/01/2026 05:15:00,000,-3,27343639,
06/01/2026 05:30:00,000,-4,9906612,06/01/2026 05:30:00,000,-3,27343639,
06/01/2026 05:45:00,000,-5,12190395,06/01/2026 05:45:00,000,-3,27343639,
06/01/2026 06:00:00,000,-5,32356996,06/01/2026 06:00:00,000,-3,5778348,
06/01/2026 06:15:00,000,-5,47252437,06/01/2026 06:15:00,000,-3,5778348,
06/01/2026 06:30:00,000,-5,64014476,06/01/2026 06:30:00,000,-3,5778348,
06/01/2026 06:45:00,000,-5,63584539,06/01/2026 06:45:00,000,-3,5778348,
06/01/2026 07:00:00,000,-5,75255028,06/01/2026 07:00:00,000,-3,69412619,
06/01/2026 07:15:00,000,-5,82433794,06/01/2026 07:15:00,000,-3,69412619,
06/01/2026 07:30:00,000,-5,81007995,06/01/2026 07:30:00,000,-3,69412619,
06/01/2026 07:45:00,000,-5,81829601,06/01/2026 07:45:00,000,-3,69412619,
06/01/2026 08:00:00,000,-5,90172103,06/01/2026 08:00:00,000,-3,23841269,
06/01/2026 08:15:00,000,-5,57080965,06/01/2026 08:15:00,000,-3,23841269,
06/01/2026 08:30:00,000,-5,31692216,06/01/2026 08:30:00,000,-3,23841269,
06/01/2026 08:45:00,000,-5,04673527,06/01/2026 08:45:00,000,-3,23841269,
06/01/2026 09:00:00,000,-4,64096187,06/01/2026 09:00:00,000,-2,84848032,
06/01/2026 09:15:00,000,-4,38097107,06/01/2026 09:15:00,000,-2,84848032,
06/01/2026 09:30:00,000,-4,06691187,06/01/2026 09:30:00,000,-2,84848032,
06/01/2026 09:45:00,000,-3,8059003,06/01/2026 09:45:00,000,-2,84848032,
06/01/2026 10:00:00,000,-3,61459314,06/01/2026 10:00:00,000,-2,31252418,
06/01/2026 10:15:00,000,-3,32079925,06/01/2026 10:15:00,000,-2,31252418,
06/01/2026 10:30:00,000,-3,08026711,06/01/2026 10:30:00,000,-2,31252418,
06/01/2026 10:45:00,000,-2,84854316,06/01/2026 10:45:00,000,-2,31252418,
06/01/2026 11:00:00,000,-2,64102771,06/01/2026 11:00:00,000,-1,91706981,
06/01/2026 11:15:00,000,-2,48512699,06/01/2026 11:15:00,000,-1,91706981,
06/01/2026 11:30:00,000,-2,32056734,06/01/2026 11:30:00,000,-1,91706981,
06/01/2026 11:45:00,000,-2,21085046,06/01/2026 11:45:00,000,-1,91706981,
06/01/2026 12:00:00,000,-2,10019105,06/01/2026 12:00:00,000,-1,41763162,
06/01/2026 12:15:00,000,-2,02314128,06/01/2026 12:15:00,000,-1,41763162,
06/01/2026 12:30:00,000,-1,96933158,06/01/2026 12:30:00,000,-1,41763162,
06/01/2026 12:45:00,000,-1,8980313,06/01/2026 12:45:00,000,-1,41763162,
06/01/2026 13:00:00,000,-1,79425507,06/01/2026 13:00:00,000,-1,26441645,
06/01/2026 13:15:00,000,-1,77419677,06/01/2026 13:15:00,000,-1,26441645,
06/01/2026 13:30:00,000,-1,7470092,06/01/2026 13:30:00,000,-1,26441645,
06/01/2026 13:45:00,000,-1,6636861,06/01/2026 13:45:00,000,-1,26441645,
06/01/2026 14:00:00,000,-1,64780179,06/01/2026 14:00:00,000,-1,48236389,
06/01/2026 14:15:00,000,-1,5880241,06/01/2026 14:15:00,000,-1,48236389,
06/01/2026 14:30:00,000,-1,53613441,06/01/2026 14:30:00,000,-1,48236389,
06/01/2026 14:45:00,000,-1,60218302,06/01/2026 14:45:00,000,-1,48236389,
06/01/2026 15:00:00,000,-1,74393156,06/01/2026 15:00:00,000,-1,7739908,
06/01/2026 15:15:00,000,-1,85908678,06/01/2026 15:15:00,000,-1,7739908,
06/01/2026 15:30:00,000,-2,04457218,06/01/2026 15:30:00,000,-1,7739908,
06/01/2026 15:45:00,000,-2,2063902,06/01/2026 15:45:00,000,-1,7739908,
06/01/2026 16:00:00,000,-2,28128518,06/01/2026 16:00:00,000,-2,02997096,
06/01/2026 16:15:00,000,-2,3583139,06/01/2026 16:15:00,000,-2,02997096,
06/01/2026 16:30:00,000,-2,31416745,06/01/2026 16:30:00,000,-2,02997096,
06/01/2026 16:45:00,000,-2,24134344,06/01/2026 16:45:00,000,-2,02997096,
06/01/2026 17:00:00,000,-2,20882408,06/01/2026 17:00:00,000,-2,19762939,
06/01/2026 17:15:00,000,-2,05201513,06/01/2026 17:15:00,000,-2,19762939,
06/01/2026 17:30:00,000,-2,00275139,06/01/2026 17:30:00,000,-2,19762939,
06/01/2026 17:45:00,000,-2,04027958,06/01/2026 17:45:00,000,-2,19762939,
06/01/2026 18:00:00,000,-2,10796403,06/01/2026 18:00:00,000,-2,37289558,
06/01/2026 18:15:00,000,-2,09422024,06/01/2026 18:15:00,000,-2,37289558,
06/01/2026 18:30:00,000,-2,14743412,06/01/2026 18:30:00,000,-2,37289558,
06/01/2026 18:45:00,000,-2,22668822,06/01/2026 18:45:00,000,-2,37289558,
06/01/2026 19:00:00,000,-2,34325688,06/01/2026 19:00:00,000,-2,42297339,
06/01/2026 19:15:00,000,-2,34378699,06/01/2026 19:15:00,000,-2,42297339,
06/01/2026 19:30:00,000,-2,4699176,06/01/2026 19:30:00,000,-2,42297339,
06/01/2026 19:45:00,000,-2,56443998,06/01/2026 19:45:00,000,-2,42297339,
06/01/2026 20:00:00,000,-2,75785111,06/01/2026 20:00:00,000,-2,74460562,
06/01/2026 20:15:00,000,-2,95778878,06/01/2026 20:15:00,000,-2,74460562,
06/01/2026 20:30:00,000,-3,14830092,06/01/2026 20:30:00,000,-2,74460562,
06/01/2026 20:45:00,000,-3,26776693,06/01/2026 20:45:00,000,-2,74460562,
06/01/2026 21:00:00,000,-3,52641695,06/01/2026 21:00:00,000,-2,9141169,
06/01/2026 21:15:00,000,-3,63886418,06/01/2026 21:15:00,000,-2,9141169,
06/01/2026 21:30:00,000,-3,75148637,06/01/2026 21:30:00,000,-2,9141169,
06/01/2026 21:45:00,000,-3,83792039,06/01/2026 21:45:00,000,-2,9141169,
06/01/2026 22:00:00,000,-3,92385889,06/01/2026 22:00:00,000,-2,85880722,
06/01/2026 22:15:00,000,-3,97267199,06/01/2026 22:15:00,000,-2,85880722,
06/01/2026 22:30:00,000,-4,09196497,06/01/2026 22:30:00,000,-2,85880722,
06/01/2026 22:45:00,000,-4,09258501,06/01/2026 22:45:00,000,-2,85880722,
06/01/2026 23:00:00,000,-4,09757771,06/01/2026 23:00:00,000,-3,13241305,
06/01/2026 23:15:00,000,-4,23450651,06/01/2026 23:15:00,000,-3,13241305,
06/01/2026 23:30:00,000,-4,33817993,06/01/2026 23:30:00,000,-3,13241305,
06/01/2026 23:45:00,000,-4,29490558,06/01/2026 23:45:00,000,-3,13241305,
07/01/2026 00:00:00,000,-4,35719813,07/01/2026 00:00:00,000,-3,29716483,
07/01/2026 00:15:00,000,-4,56132532,07/01/2026 00:15:00,000,-3,29716483,
07/01/2026 00:30:00,000,-4,61989681,07/01/2026 00:30:00,000,-3,29716483,
07/01/2026 00:45:00,000,-4,4334405,07/01/2026 00:45:00,000,-3,29716483,
07/01/2026 01:00:00,000,-4,7463815,07/01/2026 01:00:00,000,-3,48556609,
07/01/2026 01:15:00,000,-4,86481458,07/01/2026 01:15:00,000,-3,48556609,
07/01/2026 01:30:00,000,-4,86924275,07/01/2026 01:30:00,000,-3,48556609,
07/01/2026 01:45:00,000,-4,83498227,07/01/2026 01:45:00,000,-3,48556609,
07/01/2026 02:00:00,000,-4,96765603,07/01/2026 02:00:00,000,-3,58788356,
07/01/2026 02:15:00,000,-4,9297251,07/01/2026 02:15:00,000,-3,58788356,
07/01/2026 02:30:00,000,-5,12149182,07/01/2026 02:30:00,000,-3,58788356,
07/01/2026 02:45:00,000,-5,27834866,07/01/2026 02:45:00,000,-3,58788356,
07/01/2026 03:00:00,000,-5,21195499,07/01/2026 03:00:00,000,-3,59109376,
07/01/2026 03:15:00,000,-5,39091781,07/01/2026 03:15:00,000,-3,59109376,
07/01/2026 03:30:00,000,-5,50890795,07/01/2026 03:30:00,000,-3,59109376,
07/01/2026 03:45:00,000,-5,44430978,07/01/2026 03:45:00,000,-3,59109376,
07/01/2026 04:00:00,000,-5,41196874,07/01/2026 04:00:00,000,-3,76687541,
07/01/2026 04:15:00,000,-5,45043529,07/01/2026 04:15:00,000,-3,76687541,
07/01/2026 04:30:00,000,-5,47411929,07/01/2026 04:30:00,000,-3,76687541,
07/01/2026 04:45:00,000,-5,53496414,07/01/2026 04:45:00,000,-3,76687541,
07/01/2026 05:00:00,000,-5,76181866,07/01/2026 05:00:00,000,-3,73903084,
07/01/2026 05:15:00,000,-5,75601922,07/01/2026 05:15:00,000,-3,73903084,
07/01/2026 05:30:00,000,-5,83155735,07/01/2026 05:30:00,000,-3,73903084,
07/01/2026 05:45:00,000,-5,71772917,07/01/2026 05:45:00,000,-3,73903084,
07/01/2026 06:00:00,000,-5,84783827,07/01/2026 06:00:00,000,-3,9264378,
07/01/2026 06:15:00,000,-5,83786775,07/01/2026 06:15:00,000,-3,9264378,
07/01/2026 06:30:00,000,-6,04061963,07/01/2026 06:30:00,000,-3,9264378,
07/01/2026 06:45:00,000,-5,9448683,07/01/2026 06:45:00,000,-3,9264378,
07/01/2026 07:00:00,000,-5,9366326,07/01/2026 07:00:00,000,-4,04045815,
07/01/2026 07:15:00,000,-6,05315197,07/01/2026 07:15:00,000,-4,04045815,
07/01/2026 07:30:00,000,-5,95579955,07/01/2026 07:30:00,000,-4,04045815,
07/01/2026 07:45:00,000,-5,98924991,07/01/2026 07:45:00,000,-4,04045815,
07/01/2026 08:00:00,000,-6,11406103,07/01/2026 08:00:00,000,-3,78105345,
07/01/2026 08:15:00,000,-6,08490394,07/01/2026 08:15:00,000,-3,78105345,
07/01/2026 08:30:00,000,-6,05140572,07/01/2026 08:30:00,000,-3,78105345,
07/01/2026 08:45:00,000,-5,84540798,07/01/2026 08:45:00,000,-3,78105345,
07/01/2026 09:00:00,000,-5,44605083,07/01/2026 09:00:00,000,-3,31403975,
07/01/2026 09:15:00,000,-5,1365159,07/01/2026 09:15:00,000,-3,31403975,
07/01/2026 09:30:00,000,-5,04020387,07/01/2026 09:30:00,000,-3,31403975,
07/01/2026 09:45:00,000,-4,66538084,07/01/2026 09:45:00,000,-3,31403975,
07/01/2026 10:00:00,000,-4,63875651,07/01/2026 10:00:00,000,-2,51167677,
07/01/2026 10:15:00,000,-4,46296634,07/01/2026 10:15:00,000,-2,51167677,
07/01/2026 10:30:00,000,-4,26183804,07/01/2026 10:30:00,000,-2,51167677,
07/01/2026 10:45:00,000,-3,99148343,07/01/2026 10:45:00,000,-2,51167677,
07/01/2026 11:00:00,000,-3,61975361,07/01/2026 11:00:00,000,-2,40443691,
07/01/2026 11:15:00,000,-3,48830501,07/01/2026 11:15:00,000,-2,40443691,
07/01/2026 11:30:00,000,-3,50567251,07/01/2026 11:30:00,000,-2,40443691,
07/01/2026 11:45:00,000,-3,39023511,07/01/2026 11:45:00,000,-2,40443691,
07/01/2026 12:00:00,000,-3,27948861,07/01/2026 12:00:00,000,-2,22359808,
07/01/2026 12:15:00,000,-3,25598624,07/01/2026 12:15:00,000,-2,22359808,
07/01/2026 12:30:00,000,-3,19606197,07/01/2026 12:30:00,000,-2,22359808,
07/01/2026 12:45:00,000,-3,14984782,07/01/2026 12:45:00,000,-2,22359808,
07/01/2026 13:00:00,000,-3,09229686,07/01/2026 13:00:00,000,-2,14122089,
07/01/2026 13:15:00,000,-3,13450787,07/01/2026 13:15:00,000,-2,14122089,
07/01/2026 13:30:00,000,-3,14887909,07/01/2026 13:30:00,000,-2,14122089,
07/01/2026 13:45:00,000,-2,95650772,07/01/2026 13:45:00,000,-2,14122089,
07/01/2026 14:00:00,000,-2,90373004,07/01/2026 14:00:00,000,-2,30138614,
07/01/2026 14:15:00,000,-2,92401355,07/01/2026 14:15:00,000,-2,30138614,
07/01/2026 14:30:00,000,-2,91089587,07/01/2026 14:30:00,000,-2,30138614,
07/01/2026 14:45:00,000,-2,90666068,07/01/2026 14:45:00,000,-2,30138614,
07/01/2026 15:00:00,000,-2,99481249,07/01/2026 15:00:00,000,-2,68591802,
07/01/2026 15:15:00,000,-3,12583121,07/01/2026 15:15:00,000,-2,68591802,
07/01/2026 15:30:00,000,-3,22744543,07/01/2026 15:30:00,000,-2,68591802,
07/01/2026 15:45:00,000,-3,40772193,07/01/2026 15:45:00,000,-2,68591802,
07/01/2026 16:00:00,000,-3,46100229,07/01/2026 16:00:00,000,-3,05590568,
07/01/2026 16:15:00,000,-3,53846467,07/01/2026 16:15:00,000,-3,05590568,
07/01/2026 16:30:00,000,-3,54401408,07/01/2026 16:30:00,000,-3,05590568,
07/01/2026 16:45:00,000,-3,53564393,07/01/2026 16:45:00,000,-3,05590568,
07/01/2026 17:00:00,000,-3,42959673,07/01/2026 17:00:00,000,-3,44314494,
07/01/2026 17:15:00,000,-3,45846672,07/01/2026 17:15:00,000,-3,44314494,
07/01/2026 17:30:00,000,-3,53519473,07/01/2026 17:30:00,000,-3,44314494,
07/01/2026 17:45:00,000,-3,59820179,07/01/2026 17:45:00,000,-3,44314494,
07/01/2026 18:00:00,000,-3,62689301,07/01/2026 18:00:00,000,-3,75167963,
07/01/2026 18:15:00,000,-3,67967789,07/01/2026 18:15:00,000,-3,75167963,
07/01/2026 18:30:00,000,-3,73557068,07/01/2026 18:30:00,000,-3,75167963,
07/01/2026 18:45:00,000,-3,7484971,07/01/2026 18:45:00,000,-3,75167963,
07/01/2026 19:00:00,000,-3,89084907,07/01/2026 19:00:00,000,-4,08556067,
07/01/2026 19:15:00,000,-3,9017789,07/01/2026 19:15:00,000,-4,08556067,
07/01/2026 19:30:00,000,-4,02711588,07/01/2026 19:30:00,000,-4,08556067,
07/01/2026 19:45:00,000,-4,16967341,07/01/2026 19:45:00,000,-4,08556067,
07/01/2026 20:00:00,000,-4,41468381,07/01/2026 20:00:00,000,-4,15826673,
07/01/2026 20:15:00,000,-4,48957303,07/01/2026 20:15:00,000,-4,15826673,
07/01/2026 20:30:00,000,-4,74969119,07/01/2026 20:30:00,000,-4,15826673,
07/01/2026 20:45:00,000,-4,83002687,07/01/2026 20:45:00,000,-4,15826673,
07/01/2026 21:00:00,000,-4,99570903,07/01/2026 21:00:00,000,-4,110865,
07/01/2026 21:15:00,000,-5,22859178,07/01/2026 21:15:00,000,-4,110865,
07/01/2026 21:30:00,000,-5,32075149,07/01/2026 21:30:00,000,-4,110865,
07/01/2026 21:45:00,000,-5,29926202,07/01/2026 21:45:00,000,-4,110865,
07/01/2026 22:00:00,000,-5,37700669,07/01/2026 22:00:00,000,-4,42997096,
07/01/2026 22:15:00,000,-5,59919289,07/01/2026 22:15:00,000,-4,42997096,
07/01/2026 22:30:00,000,-5,74259134,07/01/2026 22:30:00,000,-4,42997096,
07/01/2026 22:45:00,000,-5,82877382,07/01/2026 22:45:00,000,-4,42997096,
07/01/2026 23:00:00,000,-5,91756141,07/01/2026 23:00:00,000,-4,61609849,
07/01/2026 23:15:00,000,-5,86715874,07/01/2026 23:15:00,000,-4,61609849,
07/01/2026 23:30:00,000,-6,16984584,07/01/2026 23:30:00,000,-4,61609849,
07/01/2026 23:45:00,000,-6,27889629,07/01/2026 23:45:00,000,-4,61609849,
08/01/2026 00:00:00,000,-6,21200704,08/01/2026 00:00:00,000,-4,67984289,
08/01/2026 00:15:00,000,-6,4994606,08/01/2026 00:15:00,000,-4,67984289,
08/01/2026 00:30:00,000,-6,64656712,08/01/2026 00:30:00,000,-4,67984289,
08/01/2026 00:45:00,000,-6,47455397,08/01/2026 00:45:00,000,-4,67984289,
08/01/2026 01:00:00,000,-6,9888458,08/01/2026 01:00:00,000,-5,02794901,
08/01/2026 01:15:00,000,-7,11245566,08/01/2026 01:15:00,000,-5,02794901,
08/01/2026 01:30:00,000,-7,13282445,08/01/2026 01:30:00,000,-5,02794901,
08/01/2026 01:45:00,000,-7,1147096,08/01/2026 01:45:00,000,-5,02794901,
08/01/2026 02:00:00,000,-7,26428438,08/01/2026 02:00:00,000,-5,19395068,
08/01/2026 02:15:00,000,-7,29820997,08/01/2026 02:15:00,000,-5,19395068,
08/01/2026 02:30:00,000,-7,37220603,08/01/2026 02:30:00,000,-5,19395068,
08/01/2026 02:45:00,000,-7,29580267,08/01/2026 02:45:00,000,-5,19395068,
08/01/2026 03:00:00,000,-7,2199493,08/01/2026 03:00:00,000,-5,22893038,
08/01/2026 03:15:00,000,-7,54250794,08/01/2026 03:15:00,000,-5,22893038,
08/01/2026 03:30:00,000,-7,34672188,08/01/2026 03:30:00,000,-5,22893038,
08/01/2026 03:45:00,000,-7,35531857,08/01/2026 03:45:00,000,-5,22893038,
08/01/2026 04:00:00,000,-7,39231518,08/01/2026 04:00:00,000,-5,18872606,
08/01/2026 04:15:00,000,-7,61427591,08/01/2026 04:15:00,000,-5,18872606,
08/01/2026 04:30:00,000,-7,63173804,08/01/2026 04:30:00,000,-5,18872606,
08/01/2026 04:45:00,000,-7,54470272,08/01/2026 04:45:00,000,-5,18872606,
08/01/2026 05:00:00,000,-7,48070863,08/01/2026 05:00:00,000,-5,26250025,
08/01/2026 05:15:00,000,-7,59171126,08/01/2026 05:15:00,000,-5,26250025,
08/01/2026 05:30:00,000,-7,80374434,08/01/2026 05:30:00,000,-5,26250025,
08/01/2026 05:45:00,000,-7,60525233,08/01/2026 05:45:00,000,-5,26250025,
08/01/2026 06:00:00,000,-7,89584111,08/01/2026 06:00:00,000,-5,30762437,
08/01/2026 06:15:00,000,-8,02959454,08/01/2026 06:15:00,000,-5,30762437,
08/01/2026 06:30:00,000,-7,97901344,08/01/2026 06:30:00,000,-5,30762437,
08/01/2026 06:45:00,000,-8,13097259,08/01/2026 06:45:00,000,-5,30762437,
08/01/2026 07:00:00,000,-8,24950955,08/01/2026 07:00:00,000,-5,60651355,
08/01/2026 07:15:00,000,-8,21029839,08/01/2026 07:15:00,000,-5,60651355,
08/01/2026 07:30:00,000,-8,23367879,08/01/2026 07:30:00,000,-5,60651355,
08/01/2026 07:45:00,000,-8,21860113,08/01/2026 07:45:00,000,-5,60651355,
08/01/2026 08:00:00,000,-8,12533729,08/01/2026 08:00:00,000,-5,37441682,
08/01/2026 08:15:00,000,-7,98963034,08/01/2026 08:15:00,000,-5,37441682,
08/01/2026 08:30:00,000,-7,82510866,08/01/2026 08:30:00,000,-5,37441682,
08/01/2026 08:45:00,000,-7,57095115,08/01/2026 08:45:00,000,-5,37441682,
08/01/2026 09:00:00,000,-7,08720598,08/01/2026 09:00:00,000,-5,13500885,
08/01/2026 09:15:00,000,-6,76661744,08/01/2026 09:15:00,000,-5,13500885,
08/01/2026 09:30:00,000,-6,23364233,08/01/2026 09:30:00,000,-5,13500885,
08/01/2026 09:45:00,000,-6,07593843,08/01/2026 09:45:00,000,-5,13500885,
08/01/2026 10:00:00,000,-5,68897749,08/01/2026 10:00:00,000,-4,5154642,
08/01/2026 10:15:00,000,-5,40858328,08/01/2026 10:15:00,000,-4,5154642,
08/01/2026 10:30:00,000,-5,14848417,08/01/2026 10:30:00,000,-4,5154642,
08/01/2026 10:45:00,000,-4,78987831,08/01/2026 10:45:00,000,-4,5154642,
08/01/2026 11:00:00,000,-4,62684262,08/01/2026 11:00:00,000,-3,56499299,
08/01/2026 11:15:00,000,-4,27507714,08/01/2026 11:15:00,000,-3,56499299,
08/01/2026 11:30:00,000,-4,0177552,08/01/2026 11:30:00,000,-3,56499299,
08/01/2026 11:45:00,000,-3,8248107,08/01/2026 11:45:00,000,-3,56499299,
08/01/2026 12:00:00,000,-3,68430047,08/01/2026 12:00:00,000,-2,94721953,
08/01/2026 12:15:00,000,-3,58498138,08/01/2026 12:15:00,000,-2,94721953,
08/01/2026 12:30:00,000,-3,51253052,08/01/2026 12:30:00,000,-2,94721953,
08/01/2026 12:45:00,000,-3,34592581,08/01/2026 12:45:00,000,-2,94721953,
08/01/2026 13:00:00,000,-3,33193318,08/01/2026 13:00:00,000,-2,47941578,
08/01/2026 13:15:00,000,-3,24975165,08/01/2026 13:15:00,000,-2,47941578,
08/01/2026 13:30:00,000,-3,11506058,08/01/2026 13:30:00,000,-2,47941578,
08/01/2026 13:45:00,000,-3,05472239,08/01/2026 13:45:00,000,-2,47941578,
08/01/2026 14:00:00,000,-3,11714682,08/01/2026 14:00:00,000,-2,40164282,
08/01/2026 14:15:00,000,-3,08192456,08/01/2026 14:15:00,000,-2,40164282,
08/01/2026 14:30:00,000,-3,0482208,08/01/2026 14:30:00,000,-2,40164282,
08/01/2026 14:45:00,000,-3,26636775,08/01/2026 14:45:00,000,-2,40164282,
08/01/2026 15:00:00,000,-3,50043947,08/01/2026 15:00:00,000,-2,80211292,
08/01/2026 15:15:00,000,-3,84388703,08/01/2026 15:15:00,000,-2,80211292,
08/01/2026 15:30:00,000,-4,36118399,08/01/2026 15:30:00,000,-2,80211292,
08/01/2026 15:45:00,000,-4,7684328,08/01/2026 15:45:00,000,-2,80211292,
08/01/2026 16:00:00,000,-5,09268336,08/01/2026 16:00:00,000,-3,3805003,
08/01/2026 16:15:00,000,-5,53399046,08/01/2026 16:15:00,000,-3,3805003,
08/01/2026 16:30:00,000,-5,76764255,08/01/2026 16:30:00,000,-3,3805003,
08/01/2026 16:45:00,000,-5,89417078,08/01/2026 16:45:00,000,-3,3805003,
08/01/2026 17:00:00,000,-5,95044953,08/01/2026 17:00:00,000,-3,91024001,
08/01/2026 17:15:00,000,-5,89685953,08/01/2026 17:15:00,000,-3,91024001,
08/01/2026 17:30:00,000,-6,14034016,08/01/2026 17:30:00,000,-3,91024001,
08/01/2026 17:45:00,000,-6,1715068,08/01/2026 17:45:00,000,-3,91024001,
08/01/2026 18:00:00,000,-6,22854886,08/01/2026 18:00:00,000,-4,15000665,
08/01/2026 18:15:00,000,-6,3955699,08/01/2026 18:15:00,000,-4,15000665,
08/01/2026 18:30:00,000,-6,39432398,08/01/2026 18:30:00,000,-4,15000665,
08/01/2026 18:45:00,000,-6,56662703,08/01/2026 18:45:00,000,-4,15000665,
08/01/2026 19:00:00,000,-6,66768913,08/01/2026 19:00:00,000,-4,20791864,
08/01/2026 19:15:00,000,-6,99817063,08/01/2026 19:15:00,000,-4,20791864,
08/01/2026 19:30:00,000,-7,065742,08/01/2026 19:30:00,000,-4,20791864,
08/01/2026 19:45:00,000,-7,14277747,08/01/2026 19:45:00,000,-4,20791864,
08/01/2026 20:00:00,000,-7,20470063,08/01/2026 20:00:00,000,-4,32116783,
08/01/2026 20:15:00,000,-7,47164027,08/01/2026 20:15:00,000,-4,32116783,
08/01/2026 20:30:00,000,-7,60216658,08/01/2026 20:30:00,000,-4,32116783,
08/01/2026 20:45:00,000,-7,6967636,08/01/2026 20:45:00,000,-4,32116783,
08/01/2026 21:00:00,000,-7,78236263,08/01/2026 21:00:00,000,-4,89658034,
08/01/2026 21:15:00,000,-7,75705522,08/01/2026 21:15:00,000,-4,89658034,
08/01/2026 21:30:00,000,-7,7610827,08/01/2026 21:30:00,000,-4,89658034,
08/01/2026 21:45:00,000,-8,11579466,08/01/2026 21:45:00,000,-4,89658034,
08/01/2026 22:00:00,000,-8,2183198,08/01/2026 22:00:00,000,-5,37550745,
08/01/2026 22:15:00,000,-8,39684493,08/01/2026 22:15:00,000,-5,37550745,
08/01/2026 22:30:00,000,-8,24775429,08/01/2026 22:30:00,000,-5,37550745,
08/01/2026 22:45:00,000,-8,44132098,08/01/2026 22:45:00,000,-5,37550745,
08/01/2026 23:00:00,000,-8,55976016,08/01/2026 23:00:00,000,-5,95110563,
08/01/2026 23:15:00,000,-8,60812616,08/01/2026 23:15:00,000,-5,95110563,
08/01/2026 23:30:00,000,-8,95667303,08/01/2026 23:30:00,000,-5,95110563,
08/01/2026 23:45:00,000,-9,04308846,08/01/2026 23:45:00,000,-5,95110563,
09/01/2026 00:00:00,000,-8,8500564,09/01/2026 00:00:00,000,-6,8277469,
09/01/2026 00:15:00,000,-8,92515356,09/01/2026 00:15:00,000,-6,8277469,
09/01/2026 00:30:00,000,-9,17863315,09/01/2026 00:30:00,000,-6,8277469,
09/01/2026 00:45:00,000,-9,13563312,09/01/2026 00:45:00,000,-6,8277469,
09/01/2026 01:00:00,000,-10,0780685,09/01/2026 01:00:00,000,-8,21085441,
09/01/2026 01:15:00,000,-10,1403807,09/01/2026 01:15:00,000,-8,21085441,
09/01/2026 01:30:00,000,-9,93092403,09/01/2026 01:30:00,000,-8,21085441,
09/01/2026 01:45:00,000,-10,1141929,09/01/2026 01:45:00,000,-8,21085441,
09/01/2026 02:00:00,000,-10,376928,09/01/2026 02:00:00,000,-9,115442,
09/01/2026 02:15:00,000,-10,2615275,09/01/2026 02:15:00,000,-9,115442,
09/01/2026 02:30:00,000,-10,5661582,09/01/2026 02:30:00,000,-9,115442,
09/01/2026 02:45:00,000,-10,7860422,09/01/2026 02:45:00,000,-9,115442,
09/01/2026 03:00:00,000,-10,8526244,09/01/2026 03:00:00,000,-9,0593391,
09/01/2026 03:15:00,000,-10,6437124,09/01/2026 03:15:00,000,-9,0593391,
09/01/2026 03:30:00,000,-11,0689903,09/01/2026 03:30:00,000,-9,0593391,
09/01/2026 03:45:00,000,-10,8609656,09/01/2026 03:45:00,000,-9,0593391,
09/01/2026 04:00:00,000,-11,1409079,09/01/2026 04:00:00,000,-9,724238,
09/01/2026 04:15:00,000,-11,3199299,09/01/2026 04:15:00,000,-9,724238,
09/01/2026 04:30:00,000,-11,3228004,09/01/2026 04:30:00,000,-9,724238,
09/01/2026 04:45:00,000,-11,0722995,09/01/2026 04:45:00,000,-9,724238,
09/01/2026 05:00:00,000,-11,3716655,09/01/2026 05:00:00,000,-9,61565203,
09/01/2026 05:15:00,000,-11,4636541,09/01/2026 05:15:00,000,-9,61565203,
09/01/2026 05:30:00,000,-11,2806746,09/01/2026 05:30:00,000,-9,61565203,
09/01/2026 05:45:00,000,-11,2174921,09/01/2026 05:45:00,000,-9,61565203,
09/01/2026 06:00:00,000,-11,2636661,09/01/2026 06:00:00,000,-9,47877749,
09/01/2026 06:15:00,000,-11,3752223,09/01/2026 06:15:00,000,-9,47877749,
09/01/2026 06:30:00,000,-11,2762387,09/01/2026 06:30:00,000,-9,47877749,
09/01/2026 06:45:00,000,-10,9191756,09/01/2026 06:45:00,000,-9,47877749,
09/01/2026 07:00:00,000,-11,2456708,09/01/2026 07:00:00,000,-9,52650541,
09/01/2026 07:15:00,000,-11,3470935,09/01/2026 07:15:00,000,-9,52650541,
09/01/2026 07:30:00,000,-11,2358269,09/01/2026 07:30:00,000,-9,52650541,
09/01/2026 07:45:00,000,-10,9289861,09/01/2026 07:45:00,000,-9,52650541,
09/01/2026 08:00:00,000,-10,6894675,09/01/2026 08:00:00,000,-9,25779639,
09/01/2026 08:15:00,000,-10,4965769,09/01/2026 08:15:00,000,-9,25779639,
09/01/2026 08:30:00,000,-9,84880895,09/01/2026 08:30:00,000,-9,25779639,
09/01/2026 08:45:00,000,-9,34023583,09/01/2026 08:45:00,000,-9,25779639,
09/01/2026 09:00:00,000,-8,84564418,09/01/2026 09:00:00,000,-8,90921955,
09/01/2026 09:15:00,000,-8,46482593,09/01/2026 09:15:00,000,-8,90921955,
09/01/2026 09:30:00,000,-8,12973292,09/01/2026 09:30:00,000,-8,90921955,
09/01/2026 09:45:00,000,-7,76997363,09/01/2026 09:45:00,000,-8,90921955,
09/01/2026 10:00:00,000,-7,43823936,09/01/2026 10:00:00,000,-8,14187879,
09/01/2026 10:15:00,000,-7,32416096,09/01/2026 10:15:00,000,-8,14187879,
09/01/2026 10:30:00,000,-7,05958956,09/01/2026 10:30:00,000,-8,14187879,
09/01/2026 10:45:00,000,-6,73123604,09/01/2026 10:45:00,000,-8,14187879,
09/01/2026 11:00:00,000,-6,38516103,09/01/2026 11:00:00,000,-7,08496641,
09/01/2026 11:15:00,000,-6,38681212,09/01/2026 11:15:00,000,-7,08496641,
09/01/2026 11:30:00,000,-6,33162545,09/01/2026 11:30:00,000,-7,08496641,
09/01/2026 11:45:00,000,-6,26330913,09/01/2026 11:45:00,000,-7,08496641,
09/01/2026 12:00:00,000,-6,15503852,09/01/2026 12:00:00,000,-6,9546993,
09/01/2026 12:15:00,000,-5,94355912,09/01/2026 12:15:00,000,-6,9546993,
09/01/2026 12:30:00,000,-5,99590577,09/01/2026 12:30:00,000,-6,9546993,
09/01/2026 12:45:00,000,-5,99202178,09/01/2026 12:45:00,000,-6,9546993,
09/01/2026 13:00:00,000,-5,9417934,09/01/2026 13:00:00,000,-6,9044182,
09/01/2026 13:15:00,000,-5,71119052,09/01/2026 13:15:00,000,-6,9044182,
09/01/2026 13:30:00,000,-5,68494381,09/01/2026 13:30:00,000,-6,9044182,
09/01/2026 13:45:00,000,-5,72697024,09/01/2026 13:45:00,000,-6,9044182,
09/01/2026 14:00:00,000,-5,59981764,09/01/2026 14:00:00,000,-6,67876288,
09/01/2026 14:15:00,000,-5,57713381,09/01/2026 14:15:00,000,-6,67876288,
09/01/2026 14:30:00,000,-5,37834309,09/01/2026 14:30:00,000,-6,67876288,
09/01/2026 14:45:00,000,-5,52563272,09/01/2026 14:45:00,000,-6,67876288,
09/01/2026 15:00:00,000,-5,75944226,09/01/2026 15:00:00,000,-6,65784515,
09/01/2026 15:15:00,000,-5,92323275,09/01/2026 15:15:00,000,-6,65784515,
09/01/2026 15:30:00,000,-6,33362894,09/01/2026 15:30:00,000,-6,65784515,
09/01/2026 15:45:00,000,-6,59781223,09/01/2026 15:45:00,000,-6,65784515,
09/01/2026 16:00:00,000,-6,72960436,09/01/2026 16:00:00,000,-6,57610924,
09/01/2026 16:15:00,000,-6,86599525,09/01/2026 16:15:00,000,-6,57610924,
09/01/2026 16:30:00,000,-7,00042815,09/01/2026 16:30:00,000,-6,57610924,
09/01/2026 16:45:00,000,-6,79947653,09/01/2026 16:45:00,000,-6,57610924,
09/01/2026 17:00:00,000,-6,69269335,09/01/2026 17:00:00,000,-6,49715092,
09/01/2026 17:15:00,000,-6,46508173,09/01/2026 17:15:00,000,-6,49715092,
09/01/2026 17:30:00,000,-6,32175038,09/01/2026 17:30:00,000,-6,49715092,
09/01/2026 17:45:00,000,-6,2174229,09/01/2026 17:45:00,000,-6,49715092,
09/01/2026 18:00:00,000,-6,24766911,09/01/2026 18:00:00,000,-6,69808481,
09/01/2026 18:15:00,000,-6,39611359,09/01/2026 18:15:00,000,-6,69808481,
09/01/2026 18:30:00,000,-6,40861515,09/01/2026 18:30:00,000,-6,69808481,
09/01/2026 18:45:00,000,-6,56673427,09/01/2026 18:45:00,000,-6,69808481,
09/01/2026 19:00:00,000,-6,84761389,09/01/2026 19:00:00,000,-6,80938395,
09/01/2026 19:15:00,000,-6,9916924,09/01/2026 19:15:00,000,-6,80938395,
09/01/2026 19:30:00,000,-7,1735861,09/01/2026 19:30:00,000,-6,80938395,
09/01/2026 19:45:00,000,-7,04785007,09/01/2026 19:45:00,000,-6,80938395,
09/01/2026 20:00:00,000,-7,1685121,09/01/2026 20:00:00,000,-6,427266,
09/01/2026 20:15:00,000,-7,1737465,09/01/2026 20:15:00,000,-6,427266,
09/01/2026 20:30:00,000,-7,23576424,09/01/2026 20:30:00,000,-6,427266,
09/01/2026 20:45:00,000,-7,19460546,09/01/2026 20:45:00,000,-6,427266,
09/01/2026 21:00:00,000,-7,19266831,09/01/2026 21:00:00,000,-6,34177476,
09/01/2026 21:15:00,000,-7,1065135,09/01/2026 21:15:00,000,-6,34177476,
09/01/2026 21:30:00,000,-7,15613986,09/01/2026 21:30:00,000,-6,34177476,
09/01/2026 21:45:00,000,-7,27284686,09/01/2026 21:45:00,000,-6,34177476,
09/01/2026 22:00:00,000,-7,17426461,09/01/2026 22:00:00,000,-6,02987587,
09/01/2026 22:15:00,000,-7,13377401,09/01/2026 22:15:00,000,-6,02987587,
09/01/2026 22:30:00,000,-7,45579368,09/01/2026 22:30:00,000,-6,02987587,
09/01/2026 22:45:00,000,-7,54309103,09/01/2026 22:45:00,000,-6,02987587,
09/01/2026 23:00:00,000,-7,42281894,09/01/2026 23:00:00,000,-5,9702641,
09/01/2026 23:15:00,000,-7,62163409,09/01/2026 23:15:00,000,-5,9702641,
09/01/2026 23:30:00,000,-7,7967102,09/01/2026 23:30:00,000,-5,9702641,
09/01/2026 23:45:00,000,-8,11108267,09/01/2026 23:45:00,000,-5,9702641,
10/01/2026 00:00:00,000,-8,04202115,10/01/2026 00:00:00,000,-6,4156289,
10/01/2026 00:15:00,000,-7,88982146,10/01/2026 00:15:00,000,-6,4156289,
10/01/2026 00:30:00,000,-7,8933216,10/01/2026 00:30:00,000,-6,4156289,
10/01/2026 00:45:00,000,-7,93347907,10/01/2026 00:45:00,000,-6,4156289,
10/01/2026 01:00:00,000,-7,49499273,10/01/2026 01:00:00,000,-6,67170456,
10/01/2026 01:15:00,000,-7,49433987,10/01/2026 01:15:00,000,-6,67170456,
10/01/2026 01:30:00,000,-7,43366535,10/01/2026 01:30:00,000,-6,67170456,
10/01/2026 01:45:00,000,-7,43913623,10/01/2026 01:45:00,000,-6,67170456,
10/01/2026 02:00:00,000,-7,54126023,10/01/2026 02:00:00,000,-6,75638331,
10/01/2026 02:15:00,000,-7,56738865,10/01/2026 02:15:00,000,-6,75638331,
10/01/2026 02:30:00,000,-7,58999996,10/01/2026 02:30:00,000,-6,75638331,
10/01/2026 02:45:00,000,-7,71820199,10/01/2026 02:45:00,000,-6,75638331,
10/01/2026 03:00:00,000,-7,87617675,10/01/2026 03:00:00,000,-6,44005188,
10/01/2026 03:15:00,000,-8,20722548,10/01/2026 03:15:00,000,-6,44005188,
10/01/2026 03:30:00,000,-8,25058901,10/01/2026 03:30:00,000,-6,44005188,
10/01/2026 03:45:00,000,-8,46141375,10/01/2026 03:45:00,000,-6,44005188,
10/01/2026 04:00:00,000,-8,35678796,10/01/2026 04:00:00,000,-6,34930844,
10/01/2026 04:15:00,000,-8,34776197,10/01/2026 04:15:00,000,-6,34930844,
10/01/2026 04:30:00,000,-8,34401665,10/01/2026 04:30:00,000,-6,34930844,
10/01/2026 04:45:00,000,-8,26049902,10/01/2026 04:45:00,000,-6,34930844,
10/01/2026 05:00:00,000,-8,3630423,10/01/2026 05:00:00,000,-6,17588487,
10/01/2026 05:15:00,000,-8,15940645,10/01/2026 05:15:00,000,-6,17588487,
10/01/2026 05:30:00,000,-8,05596078,10/01/2026 05:30:00,000,-6,17588487,
10/01/2026 05:45:00,000,-8,25805358,10/01/2026 05:45:00,000,-6,17588487,
10/01/2026 06:00:00,000,-8,03875759,10/01/2026 06:00:00,000,-6,19055092,
10/01/2026 06:15:00,000,-8,07089326,10/01/2026 06:15:00,000,-6,19055092,
10/01/2026 06:30:00,000,-8,186459,10/01/2026 06:30:00,000,-6,19055092,
10/01/2026 06:45:00,000,-8,16869481,10/01/2026 06:45:00,000,-6,19055092,
10/01/2026 07:00:00,000,-7,98812738,10/01/2026 07:00:00,000,-6,12308945,
10/01/2026 07:15:00,000,-8,07670658,10/01/2026 07:15:00,000,-6,12308945,
10/01/2026 07:30:00,000,-7,89009769,10/01/2026 07:30:00,000,-6,12308945,
10/01/2026 07:45:00,000,-7,95965712,10/01/2026 07:45:00,000,-6,12308945,
10/01/2026 08:00:00,000,-7,71268982,10/01/2026 08:00:00,000,-5,7274543,
10/01/2026 08:15:00,000,-7,56934152,10/01/2026 08:15:00,000,-5,7274543,
10/01/2026 08:30:00,000,-7,20836358,10/01/2026 08:30:00,000,-5,7274543,
10/01/2026 08:45:00,000,-6,79884941,10/01/2026 08:45:00,000,-5,7274543,
10/01/2026 09:00:00,000,-6,23598768,10/01/2026 09:00:00,000,-5,15691921,
10/01/2026 09:15:00,000,-5,96647813,10/01/2026 09:15:00,000,-5,15691921,
10/01/2026 09:30:00,000,-5,58220778,10/01/2026 09:30:00,000,-5,15691921,
10/01/2026 09:45:00,000,-5,27094088,10/01/2026 09:45:00,000,-5,15691921,
10/01/2026 10:00:00,000,-4,98281537,10/01/2026 10:00:00,000,-4,51234614,
10/01/2026 10:15:00,000,-4,72091565,10/01/2026 10:15:00,000,-4,51234614,
10/01/2026 10:30:00,000,-4,62628587,10/01/2026 10:30:00,000,-4,51234614,
10/01/2026 10:45:00,000,-4,29093997,10/01/2026 10:45:00,000,-4,51234614,
10/01/2026 11:00:00,000,-3,92541413,10/01/2026 11:00:00,000,-3,91268501,
10/01/2026 11:15:00,000,-3,62177492,10/01/2026 11:15:00,000,-3,91268501,
10/01/2026 11:30:00,000,-3,44136552,10/01/2026 11:30:00,000,-3,91268501,
10/01/2026 11:45:00,000,-3,19937452,10/01/2026 11:45:00,000,-3,91268501,
10/01/2026 12:00:00,000,-3,05324388,10/01/2026 12:00:00,000,-3,72966171,
10/01/2026 12:15:00,000,-2,97653171,10/01/2026 12:15:00,000,-3,72966171,
10/01/2026 12:30:00,000,-2,93438834,10/01/2026 12:30:00,000,-3,72966171,
10/01/2026 12:45:00,000,-2,94051488,10/01/2026 12:45:00,000,-3,72966171,
10/01/2026 13:00:00,000,-2,82169885,10/01/2026 13:00:00,000,-3,54686989,
10/01/2026 13:15:00,000,-2,765046,10/01/2026 13:15:00,000,-3,54686989,
10/01/2026 13:30:00,000,-2,84227871,10/01/2026 13:30:00,000,-3,54686989,
10/01/2026 13:45:00,000,-2,69483098,10/01/2026 13:45:00,000,-3,54686989,
10/01/2026 14:00:00,000,-2,60383229,10/01/2026 14:00:00,000,-3,45599248,
10/01/2026 14:15:00,000,-2,52108523,10/01/2026 14:15:00,000,-3,45599248,
10/01/2026 14:30:00,000,-2,57264343,10/01/2026 14:30:00,000,-3,45599248,
10/01/2026 14:45:00,000,-2,73031549,10/01/2026 14:45:00,000,-3,45599248,
10/01/2026 15:00:00,000,-3,10949795,10/01/2026 15:00:00,000,-3,65871493,
10/01/2026 15:15:00,000,-3,54489499,10/01/2026 15:15:00,000,-3,65871493,
10/01/2026 15:30:00,000,-3,95602778,10/01/2026 15:30:00,000,-3,65871493,
10/01/2026 15:45:00,000,-4,50468079,10/01/2026 15:45:00,000,-3,65871493,
10/01/2026 16:00:00,000,-4,93761348,10/01/2026 16:00:00,000,-4,55607902,
10/01/2026 16:15:00,000,-5,05846315,10/01/2026 16:15:00,000,-4,55607902,
10/01/2026 16:30:00,000,-5,30258622,10/01/2026 16:30:00,000,-4,55607902,
10/01/2026 16:45:00,000,-5,4038638,10/01/2026 16:45:00,000,-4,55607902,
10/01/2026 17:00:00,000,-5,5984773,10/01/2026 17:00:00,000,-5,71266715,
10/01/2026 17:15:00,000,-5,83391203,10/01/2026 17:15:00,000,-5,71266715,
10/01/2026 17:30:00,000,-5,9926871,10/01/2026 17:30:00,000,-5,71266715,
10/01/2026 17:45:00,000,-6,14102224,10/01/2026 17:45:00,000,-5,71266715,
10/01/2026 18:00:00,000,-6,35199594,10/01/2026 18:00:00,000,-6,38418839,
10/01/2026 18:15:00,000,-6,54678019,10/01/2026 18:15:00,000,-6,38418839,
10/01/2026 18:30:00,000,-6,79796521,10/01/2026 18:30:00,000,-6,38418839,
10/01/2026 18:45:00,000,-7,08782548,10/01/2026 18:45:00,000,-6,38418839,
10/01/2026 19:00:00,000,-7,31816587,10/01/2026 19:00:00,000,-7,08882578,
10/01/2026 19:15:00,000,-7,40300347,10/01/2026 19:15:00,000,-7,08882578,
10/01/2026 19:30:00,000,-7,72860182,10/01/2026 19:30:00,000,-7,08882578,
10/01/2026 19:45:00,000,-7,79792307,10/01/2026 19:45:00,000,-7,08882578,
10/01/2026 20:00:00,000,-8,00612959,10/01/2026 20:00:00,000,-7,43717404,
10/01/2026 20:15:00,000,-8,41431979,10/01/2026 20:15:00,000,-7,43717404,
10/01/2026 20:30:00,000,-8,41033071,10/01/2026 20:30:00,000,-7,43717404,
10/01/2026 20:45:00,000,-8,62097348,10/01/2026 20:45:00,000,-7,43717404,
10/01/2026 21:00:00,000,-8,87452602,10/01/2026 21:00:00,000,-8,23486969,
10/01/2026 21:15:00,000,-8,8621392,10/01/2026 21:15:00,000,-8,23486969,
10/01/2026 21:30:00,000,-8,88190799,10/01/2026 21:30:00,000,-8,23486969,
10/01/2026 21:45:00,000,-9,38305248,10/01/2026 21:45:00,000,-8,23486969,
10/01/2026 22:00:00,000,-9,31991608,10/01/2026 22:00:00,000,-8,46670578,
10/01/2026 22:15:00,000,-9,53686615,10/01/2026 22:15:00,000,-8,46670578,
10/01/2026 22:30:00,000,-9,46713114,10/01/2026 22:30:00,000,-8,46670578,
10/01/2026 22:45:00,000,-9,67335463,10/01/2026 22:45:00,000,-8,46670578,
10/01/2026 23:00:00,000,-9,72491583,10/01/2026 23:00:00,000,-9,2054919,
10/01/2026 23:15:00,000,-9,70898866,10/01/2026 23:15:00,000,-9,2054919,
10/01/2026 23:30:00,000,-10,0928099,10/01/2026 23:30:00,000,-9,2054919,
10/01/2026 23:45:00,000,-9,84212341,10/01/2026 23:45:00,000,-9,2054919,
11/01/2026 00:00:00,000,-10,1300365,11/01/2026 00:00:00,000,-9,16855687,
11/01/2026 00:15:00,000,-10,257861,11/01/2026 00:15:00,000,-9,16855687,
11/01/2026 00:30:00,000,-10,2700924,11/01/2026 00:30:00,000,-9,16855687,
11/01/2026 00:45:00,000,-10,3866009,11/01/2026 00:45:00,000,-9,16855687,
11/01/2026 01:00:00,000,-10,3945434,11/01/2026 01:00:00,000,-9,25568602,
11/01/2026 01:15:00,000,-10,0385478,11/01/2026 01:15:00,000,-9,25568602,
11/01/2026 01:30:00,000,-10,3329402,11/01/2026 01:30:00,000,-9,25568602,
11/01/2026 01:45:00,000,-10,2823948,11/01/2026 01:45:00,000,-9,25568602,
11/01/2026 02:00:00,000,-10,3565557,11/01/2026 02:00:00,000,-9,01726471,
11/01/2026 02:15:00,000,-10,3730719,11/01/2026 02:15:00,000,-9,01726471,
11/01/2026 02:30:00,000,-10,2309269,11/01/2026 02:30:00,000,-9,01726471,
11/01/2026 02:45:00,000,-10,4177828,11/01/2026 02:45:00,000,-9,01726471,
11/01/2026 03:00:00,000,-10,0163407,11/01/2026 03:00:00,000,-8,69788956,
11/01/2026 03:15:00,000,-10,0602269,11/01/2026 03:15:00,000,-8,69788956,
11/01/2026 03:30:00,000,-9,97864837,11/01/2026 03:30:00,000,-8,69788956,
11/01/2026 03:45:00,000,-9,97901768,11/01/2026 03:45:00,000,-8,69788956,
11/01/2026 04:00:00,000,-10,0602169,11/01/2026 04:00:00,000,-8,22945974,
11/01/2026 04:15:00,000,-9,7967411,11/01/2026 04:15:00,000,-8,22945974,
11/01/2026 04:30:00,000,-9,99451559,11/01/2026 04:30:00,000,-8,22945974,
11/01/2026 04:45:00,000,-9,82790584,11/01/2026 04:45:00,000,-8,22945974,
11/01/2026 05:00:00,000,-9,73534005,11/01/2026 05:00:00,000,-7,93485903,
11/01/2026 05:15:00,000,-9,79300854,11/01/2026 05:15:00,000,-7,93485903,
11/01/2026 05:30:00,000,-9,99568816,11/01/2026 05:30:00,000,-7,93485903,
11/01/2026 05:45:00,000,-9,69743842,11/01/2026 05:45:00,000,-7,93485903,
11/01/2026 06:00:00,000,-9,90318113,11/01/2026 06:00:00,000,-8,01778645,
11/01/2026 06:15:00,000,-9,62019804,11/01/2026 06:15:00,000,-8,01778645,
11/01/2026 06:30:00,000,-9,73810366,11/01/2026 06:30:00,000,-8,01778645,
11/01/2026 06:45:00,000,-9,46369683,11/01/2026 06:45:00,000,-8,01778645,
11/01/2026 07:00:00,000,-9,31647925,11/01/2026 07:00:00,000,-7,26706036,
11/01/2026 07:15:00,000,-9,0350252,11/01/2026 07:15:00,000,-7,26706036,
11/01/2026 07:30:00,000,-9,00208301,11/01/2026 07:30:00,000,-7,26706036,
11/01/2026 07:45:00,000,-8,69705361,11/01/2026 07:45:00,000,-7,26706036,
11/01/2026 08:00:00,000,-8,68239505,11/01/2026 08:00:00,000,-6,66673238,
11/01/2026 08:15:00,000,-8,54858615,11/01/2026 08:15:00,000,-6,66673238,
11/01/2026 08:30:00,000,-8,20012176,11/01/2026 08:30:00,000,-6,66673238,
11/01/2026 08:45:00,000,-7,79780919,11/01/2026 08:45:00,000,-6,66673238,
11/01/2026 09:00:00,000,-7,56633333,11/01/2026 09:00:00,000,-5,79813289,
11/01/2026 09:15:00,000,-7,06712396,11/01/2026 09:15:00,000,-5,79813289,
11/01/2026 09:30:00,000,-6,84830653,11/01/2026 09:30:00,000,-5,79813289,
11/01/2026 09:45:00,000,-6,53211504,11/01/2026 09:45:00,000,-5,79813289,
11/01/2026 10:00:00,000,-6,22290052,11/01/2026 10:00:00,000,-5,18402338,
11/01/2026 10:15:00,000,-5,8876024,11/01/2026 10:15:00,000,-5,18402338,
11/01/2026 10:30:00,000,-5,59528485,11/01/2026 10:30:00,000,-5,18402338,
11/01/2026 10:45:00,000,-5,35559653,11/01/2026 10:45:00,000,-5,18402338,
11/01/2026 11:00:00,000,-5,09333863,11/01/2026 11:00:00,000,-4,61105257,
11/01/2026 11:15:00,000,-4,94354743,11/01/2026 11:15:00,000,-4,61105257,
11/01/2026 11:30:00,000,-4,69669311,11/01/2026 11:30:00,000,-4,61105257,
11/01/2026 11:45:00,000,-4,59963841,11/01/2026 11:45:00,000,-4,61105257,
11/01/2026 12:00:00,000,-4,55359671,11/01/2026 12:00:00,000,-4,22351706,
11/01/2026 12:15:00,000,-4,36281528,11/01/2026 12:15:00,000,-4,22351706,
11/01/2026 12:30:00,000,-4,42793358,11/01/2026 12:30:00,000,-4,22351706,
11/01/2026 12:45:00,000,-4,36704559,11/01/2026 12:45:00,000,-4,22351706,
11/01/2026 13:00:00,000,-4,29727606,11/01/2026 13:00:00,000,-3,95034363,
11/01/2026 13:15:00,000,-4,34013291,11/01/2026 13:15:00,000,-3,95034363,
11/01/2026 13:30:00,000,-4,30489691,11/01/2026 13:30:00,000,-3,95034363,
11/01/2026 13:45:00,000,-4,14430272,11/01/2026 13:45:00,000,-3,95034363,
11/01/2026 14:00:00,000,-4,09591069,11/01/2026 14:00:00,000,-3,61588355,
11/01/2026 14:15:00,000,-3,94187664,11/01/2026 14:15:00,000,-3,61588355,
11/01/2026 14:30:00,000,-3,85933282,11/01/2026 14:30:00,000,-3,61588355,
11/01/2026 14:45:00,000,-3,89570075,11/01/2026 14:45:00,000,-3,61588355,
11/01/2026 15:00:00,000,-4,07431327,11/01/2026 15:00:00,000,-3,47650362,
11/01/2026 15:15:00,000,-4,35371215,11/01/2026 15:15:00,000,-3,47650362,
11/01/2026 15:30:00,000,-4,39631434,11/01/2026 15:30:00,000,-3,47650362,
11/01/2026 15:45:00,000,-4,66042353,11/01/2026 15:45:00,000,-3,47650362,
11/01/2026 16:00:00,000,-4,91239349,11/01/2026 16:00:00,000,-3,64363161,
11/01/2026 16:15:00,000,-4,99182223,11/01/2026 16:15:00,000,-3,64363161,
11/01/2026 16:30:00,000,-4,93271991,11/01/2026 16:30:00,000,-3,64363161,
11/01/2026 16:45:00,000,-4,92107926,11/01/2026 16:45:00,000,-3,64363161,
11/01/2026 17:00:00,000,-4,97066497,11/01/2026 17:00:00,000,-3,76500431,
11/01/2026 17:15:00,000,-4,94161544,11/01/2026 17:15:00,000,-3,76500431,
11/01/2026 17:30:00,000,-4,92815021,11/01/2026 17:30:00,000,-3,76500431,
11/01/2026 17:45:00,000,-4,93694575,11/01/2026 17:45:00,000,-3,76500431,
11/01/2026 18:00:00,000,-4,96731567,11/01/2026 18:00:00,000,-4,15627113,
11/01/2026 18:15:00,000,-5,04753788,11/01/2026 18:15:00,000,-4,15627113,
11/01/2026 18:30:00,000,-5,17641078,11/01/2026 18:30:00,000,-4,15627113,
11/01/2026 18:45:00,000,-5,28232261,11/01/2026 18:45:00,000,-4,15627113,
11/01/2026 19:00:00,000,-5,55808992,11/01/2026 19:00:00,000,-4,55803163,
11/01/2026 19:15:00,000,-5,49806736,11/01/2026 19:15:00,000,-4,55803163,
11/01/2026 19:30:00,000,-5,63780201,11/01/2026 19:30:00,000,-4,55803163,
11/01/2026 19:45:00,000,-5,74582207,11/01/2026 19:45:00,000,-4,55803163,
11/01/2026 20:00:00,000,-5,86785539,11/01/2026 20:00:00,000,-4,92950803,
11/01/2026 20:15:00,000,-5,98021457,11/01/2026 20:15:00,000,-4,92950803,
11/01/2026 20:30:00,000,-6,06579951,11/01/2026 20:30:00,000,-4,92950803,
11/01/2026 20:45:00,000,-6,22466863,11/01/2026 20:45:00,000,-4,92950803,
11/01/2026 21:00:00,000,-6,36360969,11/01/2026 21:00:00,000,-5,09894244,
11/01/2026 21:15:00,000,-6,23295295,11/01/2026 21:15:00,000,-5,09894244,
11/01/2026 21:30:00,000,-6,43418907,11/01/2026 21:30:00,000,-5,09894244,
11/01/2026 21:45:00,000,-6,32977417,11/01/2026 21:45:00,000,-5,09894244,
11/01/2026 22:00:00,000,-6,69789448,11/01/2026 22:00:00,000,-5,37851781,
11/01/2026 22:15:00,000,-6,70878576,11/01/2026 22:15:00,000,-5,37851781,
11/01/2026 22:30:00,000,-6,9425095,11/01/2026 22:30:00,000,-5,37851781,
11/01/2026 22:45:00,000,-7,04403637,11/01/2026 22:45:00,000,-5,37851781,
11/01/2026 23:00:00,000,-7,09349236,11/01/2026 23:00:00,000,-5,78728522,
11/01/2026 23:15:00,000,-7,15333147,11/01/2026 23:15:00,000,-5,78728522,
11/01/2026 23:30:00,000,-7,05805436,11/01/2026 23:30:00,000,-5,78728522,
11/01/2026 23:45:00,000,-7,16455698,11/01/2026 23:45:00,000,-5,78728522,
12/01/2026 00:00:00,000,-7,15832085,12/01/2026 00:00:00,000,-5,90365925,
12/01/2026 00:15:00,000,-7,35028115,12/01/2026 00:15:00,000,-5,90365925,
12/01/2026 00:30:00,000,-7,41868143,12/01/2026 00:30:00,000,-5,90365925,
12/01/2026 00:45:00,000,-7,42420641,12/01/2026 00:45:00,000,-5,90365925,
12/01/2026 01:00:00,000,-7,2652302,12/01/2026 01:00:00,000,-6,03419594,
12/01/2026 01:15:00,000,-7,31732853,12/01/2026 01:15:00,000,-6,03419594,
12/01/2026 01:30:00,000,-7,56604592,12/01/2026 01:30:00,000,-6,03419594,
12/01/2026 01:45:00,000,-7,43354638,12/01/2026 01:45:00,000,-6,03419594,
12/01/2026 02:00:00,000,-7,75800535,12/01/2026 02:00:00,000,-6,190025,
12/01/2026 02:15:00,000,-7,7920332,12/01/2026 02:15:00,000,-6,190025,
12/01/2026 02:30:00,000,-7,88693464,12/01/2026 02:30:00,000,-6,190025,
12/01/2026 02:45:00,000,-7,85367282,12/01/2026 02:45:00,000,-6,190025,
12/01/2026 03:00:00,000,-7,89851972,12/01/2026 03:00:00,000,-6,45250895,
12/01/2026 03:15:00,000,-8,00757409,12/01/2026 03:15:00,000,-6,45250895,
12/01/2026 03:30:00,000,-7,94235001,12/01/2026 03:30:00,000,-6,45250895,
12/01/2026 03:45:00,000,-8,21025607,12/01/2026 03:45:00,000,-6,45250895,
12/01/2026 04:00:00,000,-8,18904836,12/01/2026 04:00:00,000,-6,71395011,
12/01/2026 04:15:00,000,-8,48905232,12/01/2026 04:15:00,000,-6,71395011,
12/01/2026 04:30:00,000,-8,78899799,12/01/2026 04:30:00,000,-6,71395011,
12/01/2026 04:45:00,000,-9,00815092,12/01/2026 04:45:00,000,-6,71395011,
12/01/2026 05:00:00,000,-9,0637361,12/01/2026 05:00:00,000,-7,48134426,
12/01/2026 05:15:00,000,-9,42887382,12/01/2026 05:15:00,000,-7,48134426,
12/01/2026 05:30:00,000,-9,70957278,12/01/2026 05:30:00,000,-7,48134426,
12/01/2026 05:45:00,000,-9,93882229,12/01/2026 05:45:00,000,-7,48134426,
12/01/2026 06:00:00,000,-10,0317845,12/01/2026 06:00:00,000,-7,56299972,
12/01/2026 06:15:00,000,-9,83136729,12/01/2026 06:15:00,000,-7,56299972,
12/01/2026 06:30:00,000,-10,0099713,12/01/2026 06:30:00,000,-7,56299972,
12/01/2026 06:45:00,000,-10,1645801,12/01/2026 06:45:00,000,-7,56299972,
12/01/2026 07:00:00,000,-10,1941967,12/01/2026 07:00:00,000,-8,37294707,
12/01/2026 07:15:00,000,-10,4034925,12/01/2026 07:15:00,000,-8,37294707,
12/01/2026 07:30:00,000,-10,2665285,12/01/2026 07:30:00,000,-8,37294707,
12/01/2026 07:45:00,000,-10,3911587,12/01/2026 07:45:00,000,-8,37294707,
12/01/2026 08:00:00,000,-10,1581978,12/01/2026 08:00:00,000,-8,21841482,
12/01/2026 08:15:00,000,-9,95712049,12/01/2026 08:15:00,000,-8,21841482,
12/01/2026 08:30:00,000,-9,45008907,12/01/2026 08:30:00,000,-8,21841482,
12/01/2026 08:45:00,000,-8,84170217,12/01/2026 08:45:00,000,-8,21841482,
12/01/2026 09:00:00,000,-8,06078418,12/01/2026 09:00:00,000,-6,65903075,
12/01/2026 09:15:00,000,-7,50670111,12/01/2026 09:15:00,000,-6,65903075,
12/01/2026 09:30:00,000,-7,05884494,12/01/2026 09:30:00,000,-6,65903075,
12/01/2026 09:45:00,000,-6,52328901,12/01/2026 09:45:00,000,-6,65903075,
12/01/2026 10:00:00,000,-6,33246615,12/01/2026 10:00:00,000,-5,13663418,
12/01/2026 10:15:00,000,-5,89856135,12/01/2026 10:15:00,000,-5,13663418,
12/01/2026 10:30:00,000,-5,52556834,12/01/2026 10:30:00,000,-5,13663418,
12/01/2026 10:45:00,000,-5,26210213,12/01/2026 10:45:00,000,-5,13663418,
12/01/2026 11:00:00,000,-4,94341852,12/01/2026 11:00:00,000,-4,20907731,
12/01/2026 11:15:00,000,-4,68880144,12/01/2026 11:15:00,000,-4,20907731,
12/01/2026 11:30:00,000,-4,46568122,12/01/2026 11:30:00,000,-4,20907731,
12/01/2026 11:45:00,000,-4,37631573,12/01/2026 11:45:00,000,-4,20907731,
12/01/2026 12:00:00,000,-4,1998027,12/01/2026 12:00:00,000,-3,37141841,
12/01/2026 12:15:00,000,-4,10578663,12/01/2026 12:15:00,000,-3,37141841,
12/01/2026 12:30:00,000,-3,9811111,12/01/2026 12:30:00,000,-3,37141841,
12/01/2026 12:45:00,000,-3,93831093,12/01/2026 12:45:00,000,-3,37141841,
12/01/2026 13:00:00,000,-3,93526969,12/01/2026 13:00:00,000,-2,88395895,
12/01/2026 13:15:00,000,-3,91942756,12/01/2026 13:15:00,000,-2,88395895,
12/01/2026 13:30:00,000,-3,87043841,12/01/2026 13:30:00,000,-2,88395895,
12/01/2026 13:45:00,000,-3,69667762,12/01/2026 13:45:00,000,-2,88395895,
12/01/2026 14:00:00,000,-3,62525372,12/01/2026 14:00:00,000,-3,07307989,
12/01/2026 14:15:00,000,-3,59390628,12/01/2026 14:15:00,000,-3,07307989,
12/01/2026 14:30:00,000,-3,61383679,12/01/2026 14:30:00,000,-3,07307989,
12/01/2026 14:45:00,000,-3,72463318,12/01/2026 14:45:00,000,-3,07307989,
12/01/2026 15:00:00,000,-4,04526562,12/01/2026 15:00:00,000,-3,86124922,
12/01/2026 15:15:00,000,-4,40742989,12/01/2026 15:15:00,000,-3,86124922,
12/01/2026 15:30:00,000,-4,70716971,12/01/2026 15:30:00,000,-3,86124922,
12/01/2026 15:45:00,000,-5,14254285,12/01/2026 15:45:00,000,-3,86124922,
12/01/2026 16:00:00,000,-5,44641732,12/01/2026 16:00:00,000,-4,73870407,
12/01/2026 16:15:00,000,-5,53002975,12/01/2026 16:15:00,000,-4,73870407,
12/01/2026 16:30:00,000,-5,81184183,12/01/2026 16:30:00,000,-4,73870407,
12/01/2026 16:45:00,000,-6,00763124,12/01/2026 16:45:00,000,-4,73870407,
12/01/2026 17:00:00,000,-6,06791521,12/01/2026 17:00:00,000,-5,65958202,
12/01/2026 17:15:00,000,-6,09940452,12/01/2026 17:15:00,000,-5,65958202,
12/01/2026 17:30:00,000,-6,1476012,12/01/2026 17:30:00,000,-5,65958202,
12/01/2026 17:45:00,000,-6,20349579,12/01/2026 17:45:00,000,-5,65958202,
12/01/2026 18:00:00,000,-6,01675117,12/01/2026 18:00:00,000,-6,34743615,
12/01/2026 18:15:00,000,-6,20235039,12/01/2026 18:15:00,000,-6,34743615,
12/01/2026 18:30:00,000,-6,12848777,12/01/2026 18:30:00,000,-6,34743615,
12/01/2026 18:45:00,000,-6,1787831,12/01/2026 18:45:00,000,-6,34743615,
12/01/2026 19:00:00,000,-6,08328402,12/01/2026 19:00:00,000,-6,78378574,
12/01/2026 19:15:00,000,-6,29878421,12/01/2026 19:15:00,000,-6,78378574,
12/01/2026 19:30:00,000,-6,2901282,12/01/2026 19:30:00,000,-6,78378574,
12/01/2026 19:45:00,000,-6,11763242,12/01/2026 19:45:00,000,-6,78378574,
12/01/2026 20:00:00,000,-6,25923885,12/01/2026 20:00:00,000,-7,12794053,
12/01/2026 20:15:00,000,-6,1224368,12/01/2026 20:15:00,000,-7,12794053,
12/01/2026 20:30:00,000,-6,24306534,12/01/2026 20:30:00,000,-7,12794053,
12/01/2026 20:45:00,000,-6,2221578,12/01/2026 20:45:00,000,-7,12794053,
12/01/2026 21:00:00,000,-6,19195035,12/01/2026 21:00:00,000,-7,29043758,
12/01/2026 21:15:00,000,-6,01235851,12/01/2026 21:15:00,000,-7,29043758,
12/01/2026 21:30:00,000,-6,13932717,12/01/2026 21:30:00,000,-7,29043758,
12/01/2026 21:45:00,000,-6,01962769,12/01/2026 21:45:00,000,-7,29043758,
12/01/2026 22:00:00,000,-6,31332799,12/01/2026 22:00:00,000,-7,62192699,
12/01/2026 22:15:00,000,-6,25401575,12/01/2026 22:15:00,000,-7,62192699,
12/01/2026 22:30:00,000,-6,48399191,12/01/2026 22:30:00,000,-7,62192699,
12/01/2026 22:45:00,000,-6,36089898,12/01/2026 22:45:00,000,-7,62192699,
12/01/2026 23:00:00,000,-6,3142752,12/01/2026 23:00:00,000,-7,87674639,
12/01/2026 23:15:00,000,-6,41571304,12/01/2026 23:15:00,000,-7,87674639,
12/01/2026 23:30:00,000,-6,51248476,12/01/2026 23:30:00,000,-7,87674639,
12/01/2026 23:45:00,000,-6,42599856,12/01/2026 23:45:00,000,-7,87674639,
13/01/2026 00:00:00,000,-6,51741287,13/01/2026 00:00:00,000,-7,81437486,
13/01/2026 00:15:00,000,-6,59308651,13/01/2026 00:15:00,000,-7,81437486,
13/01/2026 00:30:00,000,-6,66344406,13/01/2026 00:30:00,000,-7,81437486,
13/01/2026 00:45:00,000,-6,57271201,13/01/2026 00:45:00,000,-7,81437486,
13/01/2026 01:00:00,000,-7,10449889,13/01/2026 01:00:00,000,-7,56166897,
13/01/2026 01:15:00,000,-7,0732999,13/01/2026 01:15:00,000,-7,56166897,
13/01/2026 01:30:00,000,-6,82056023,13/01/2026 01:30:00,000,-7,56166897,
13/01/2026 01:45:00,000,-7,05480484,13/01/2026 01:45:00,000,-7,56166897,
13/01/2026 02:00:00,000,-6,8674069,13/01/2026 02:00:00,000,-7,42768547,
13/01/2026 02:15:00,000,-6,94452973,13/01/2026 02:15:00,000,-7,42768547,
13/01/2026 02:30:00,000,-6,83087015,13/01/2026 02:30:00,000,-7,42768547,
13/01/2026 02:45:00,000,-6,79054412,13/01/2026 02:45:00,000,-7,42768547,
13/01/2026 03:00:00,000,-6,71470854,13/01/2026 03:00:00,000,-7,01861752,
13/01/2026 03:15:00,000,-6,44042787,13/01/2026 03:15:00,000,-7,01861752,
13/01/2026 03:30:00,000,-6,55788531,13/01/2026 03:30:00,000,-7,01861752,
13/01/2026 03:45:00,000,-6,36837199,13/01/2026 03:45:00,000,-7,01861752,
13/01/2026 04:00:00,000,-6,45500116,13/01/2026 04:00:00,000,-6,96646106,
13/01/2026 04:15:00,000,-6,14378527,13/01/2026 04:15:00,000,-6,96646106,
13/01/2026 04:30:00,000,-6,2277698,13/01/2026 04:30:00,000,-6,96646106,
13/01/2026 04:45:00,000,-6,14608919,13/01/2026 04:45:00,000,-6,96646106,
13/01/2026 05:00:00,000,-6,08713092,13/01/2026 05:00:00,000,-6,69525475,
13/01/2026 05:15:00,000,-5,92108645,13/01/2026 05:15:00,000,-6,69525475,
13/01/2026 05:30:00,000,-6,07463289,13/01/2026 05:30:00,000,-6,69525475,
13/01/2026 05:45:00,000,-5,9130222,13/01/2026 05:45:00,000,-6,69525475,
13/01/2026 06:00:00,000,-6,15128717,13/01/2026 06:00:00,000,-6,23594604,
13/01/2026 06:15:00,000,-6,14168494,13/01/2026 06:15:00,000,-6,23594604,
13/01/2026 06:30:00,000,-6,05618379,13/01/2026 06:30:00,000,-6,23594604,
13/01/2026 06:45:00,000,-6,05997533,13/01/2026 06:45:00,000,-6,23594604,
13/01/2026 07:00:00,000,-6,12168653,13/01/2026 07:00:00,000,-6,04969676,
13/01/2026 07:15:00,000,-5,93181332,13/01/2026 07:15:00,000,-6,04969676,
13/01/2026 07:30:00,000,-6,03965375,13/01/2026 07:30:00,000,-6,04969676,
13/01/2026 07:45:00,000,-6,08569956,13/01/2026 07:45:00,000,-6,04969676,
13/01/2026 08:00:00,000,-6,00978649,13/01/2026 08:00:00,000,-5,68127381,
13/01/2026 08:15:00,000,-6,00947659,13/01/2026 08:15:00,000,-5,68127381,
13/01/2026 08:30:00,000,-5,96590016,13/01/2026 08:30:00,000,-5,68127381,
13/01/2026 08:45:00,000,-5,92356239,13/01/2026 08:45:00,000,-5,68127381,
13/01/2026 09:00:00,000,-5,69233395,13/01/2026 09:00:00,000,-5,16582104,
13/01/2026 09:15:00,000,-5,48260239,13/01/2026 09:15:00,000,-5,16582104,
13/01/2026 09:30:00,000,-5,52451556,13/01/2026 09:30:00,000,-5,16582104,
13/01/2026 09:45:00,000,-5,46105637,13/01/2026 09:45:00,000,-5,16582104,
13/01/2026 10:00:00,000,-5,32834065,13/01/2026 10:00:00,000,-4,84381412,
13/01/2026 10:15:00,000,-5,18644839,13/01/2026 10:15:00,000,-4,84381412,
13/01/2026 10:30:00,000,-5,1754454,13/01/2026 10:30:00,000,-4,84381412,
13/01/2026 10:45:00,000,-5,25262456,13/01/2026 10:45:00,000,-4,84381412,
13/01/2026 11:00:00,000,-5,23150966,13/01/2026 11:00:00,000,-4,49588929,
13/01/2026 11:15:00,000,-5,13480268,13/01/2026 11:15:00,000,-4,49588929,
13/01/2026 11:30:00,000,-5,14888962,13/01/2026 11:30:00,000,-4,49588929,
13/01/2026 11:45:00,000,-5,04822863,13/01/2026 11:45:00,000,-4,49588929,
13/01/2026 12:00:00,000,-4,9855029,13/01/2026 12:00:00,000,-3,98540552,
13/01/2026 12:15:00,000,-4,85632459,13/01/2026 12:15:00,000,-3,98540552,
13/01/2026 12:30:00,000,-4,7386441,13/01/2026 12:30:00,000,-3,98540552,
13/01/2026 12:45:00,000,-4,65566276,13/01/2026 12:45:00,000,-3,98540552,
13/01/2026 13:00:00,000,-4,52121579,13/01/2026 13:00:00,000,-3,79272426,
13/01/2026 13:15:00,000,-4,41450821,13/01/2026 13:15:00,000,-3,79272426,
13/01/2026 13:30:00,000,-4,23772548,13/01/2026 13:30:00,000,-3,79272426,
13/01/2026 13:45:00,000,-3,97160245,13/01/2026 13:45:00,000,-3,79272426,
13/01/2026 14:00:00,000,-3,72304041,13/01/2026 14:00:00,000,-3,94426363,
13/01/2026 14:15:00,000,-3,54916054,13/01/2026 14:15:00,000,-3,94426363,
13/01/2026 14:30:00,000,-3,30966318,13/01/2026 14:30:00,000,-3,94426363,
13/01/2026 14:45:00,000,-3,15566739,13/01/2026 14:45:00,000,-3,94426363,
13/01/2026 15:00:00,000,-2,96883181,13/01/2026 15:00:00,000,-3,96128821,
13/01/2026 15:15:00,000,-2,87689929,13/01/2026 15:15:00,000,-3,96128821,
13/01/2026 15:30:00,000,-2,95812182,13/01/2026 15:30:00,000,-3,96128821,
13/01/2026 15:45:00,000,-3,00687175,13/01/2026 15:45:00,000,-3,96128821,
13/01/2026 16:00:00,000,-3,00947,13/01/2026 16:00:00,000,-4,30588315,
13/01/2026 16:15:00,000,-3,14216362,13/01/2026 16:15:00,000,-4,30588315,
13/01/2026 16:30:00,000,-3,07293042,13/01/2026 16:30:00,000,-4,30588315,
13/01/2026 16:45:00,000,-3,04244648,13/01/2026 16:45:00,000,-4,30588315,
13/01/2026 17:00:00,000,-2,94819734,13/01/2026 17:00:00,000,-4,38000678,
13/01/2026 17:15:00,000,-2,84666262,13/01/2026 17:15:00,000,-4,38000678,
13/01/2026 17:30:00,000,-2,75285875,13/01/2026 17:30:00,000,-4,38000678,
13/01/2026 17:45:00,000,-2,67065902,13/01/2026 17:45:00,000,-4,38000678,
13/01/2026 18:00:00,000,-2,4934267,13/01/2026 18:00:00,000,-4,31881283,
13/01/2026 18:15:00,000,-2,43406805,13/01/2026 18:15:00,000,-4,31881283,
13/01/2026 18:30:00,000,-2,48814942,13/01/2026 18:30:00,000,-4,31881283,
13/01/2026 18:45:00,000,-2,49739721,13/01/2026 18:45:00,000,-4,31881283,
13/01/2026 19:00:00,000,-2,5002976,13/01/2026 19:00:00,000,-4,22582701,
13/01/2026 19:15:00,000,-2,52991517,13/01/2026 19:15:00,000,-4,22582701,
13/01/2026 19:30:00,000,-2,56559562,13/01/2026 19:30:00,000,-4,22582701,
13/01/2026 19:45:00,000,-2,56627914,13/01/2026 19:45:00,000,-4,22582701,
13/01/2026 20:00:00,000,-2,62321929,13/01/2026 20:00:00,000,-4,27098042,
13/01/2026 20:15:00,000,-2,6736067,13/01/2026 20:15:00,000,-4,27098042,
13/01/2026 20:30:00,000,-2,74553287,13/01/2026 20:30:00,000,-4,27098042,
13/01/2026 20:45:00,000,-2,68691232,13/01/2026 20:45:00,000,-4,27098042,
13/01/2026 21:00:00,000,-2,69117443,13/01/2026 21:00:00,000,-4,21745027,
13/01/2026 21:15:00,000,-2,69352543,13/01/2026 21:15:00,000,-4,21745027,
13/01/2026 21:30:00,000,-2,71510321,13/01/2026 21:30:00,000,-4,21745027,
13/01/2026 21:45:00,000,-2,77934115,13/01/2026 21:45:00,000,-4,21745027,
13/01/2026 22:00:00,000,-2,92999341,13/01/2026 22:00:00,000,-4,30106191,
13/01/2026 22:15:00,000,-2,98677637,13/01/2026 22:15:00,000,-4,30106191,
13/01/2026 22:30:00,000,-3,04556275,13/01/2026 22:30:00,000,-4,30106191,
13/01/2026 22:45:00,000,-3,05725518,13/01/2026 22:45:00,000,-4,30106191,
13/01/2026 23:00:00,000,-3,02543303,13/01/2026 23:00:00,000,-4,00947131,
13/01/2026 23:15:00,000,-3,07724294,13/01/2026 23:15:00,000,-4,00947131,
13/01/2026 23:30:00,000,-3,13337704,13/01/2026 23:30:00,000,-4,00947131,
13/01/2026 23:45:00,000,-3,21922191,13/01/2026 23:45:00,000,-4,00947131,
14/01/2026 00:00:00,000,-3,27130721,14/01/2026 00:00:00,000,-3,8992895,
14/01/2026 00:15:00,000,-3,40127783,14/01/2026 00:15:00,000,-3,8992895,
14/01/2026 00:30:00,000,-3,52751117,14/01/2026 00:30:00,000,-3,8992895,
14/01/2026 00:45:00,000,-3,60762316,14/01/2026 00:45:00,000,-3,8992895,
14/01/2026 01:00:00,000,-5,80196922,14/01/2026 01:00:00,000,-3,9272274,
14/01/2026 01:15:00,000,-5,73579646,14/01/2026 01:15:00,000,-3,9272274,
14/01/2026 01:30:00,000,-5,66141704,14/01/2026 01:30:00,000,-3,9272274,
14/01/2026 01:45:00,000,-5,83435697,14/01/2026 01:45:00,000,-3,9272274,
14/01/2026 02:00:00,000,-5,79147207,14/01/2026 02:00:00,000,-4,45012291,
14/01/2026 02:15:00,000,-5,94738334,14/01/2026 02:15:00,000,-4,45012291,
14/01/2026 02:30:00,000,-5,99844142,14/01/2026 02:30:00,000,-4,45012291,
14/01/2026 02:45:00,000,-5,80853775,14/01/2026 02:45:00,000,-4,45012291,
14/01/2026 03:00:00,000,-5,75172243,14/01/2026 03:00:00,000,-5,00367083,
14/01/2026 03:15:00,000,-5,78615434,14/01/2026 03:15:00,000,-5,00367083,
14/01/2026 03:30:00,000,-5,76413159,14/01/2026 03:30:00,000,-5,00367083,
14/01/2026 03:45:00,000,-5,78355147,14/01/2026 03:45:00,000,-5,00367083,
14/01/2026 04:00:00,000,-5,67228651,14/01/2026 04:00:00,000,-4,93242873,
14/01/2026 04:15:00,000,-5,58037667,14/01/2026 04:15:00,000,-4,93242873,
14/01/2026 04:30:00,000,-5,76140893,14/01/2026 04:30:00,000,-4,93242873,
14/01/2026 04:45:00,000,-5,73308727,14/01/2026 04:45:00,000,-4,93242873,
14/01/2026 05:00:00,000,-5,84409455,14/01/2026 05:00:00,000,-4,90447684,
14/01/2026 05:15:00,000,-5,76473735,14/01/2026 05:15:00,000,-4,90447684,
14/01/2026 05:30:00,000,-5,97483243,14/01/2026 05:30:00,000,-4,90447684,
14/01/2026 05:45:00,000,-5,91790328,14/01/2026 05:45:00,000,-4,90447684,
14/01/2026 06:00:00,000,-6,02453426,14/01/2026 06:00:00,000,-4,97786471,
14/01/2026 06:15:00,000,-5,95295836,14/01/2026 06:15:00,000,-4,97786471,
14/01/2026 06:30:00,000,-5,89113323,14/01/2026 06:30:00,000,-4,97786471,
14/01/2026 06:45:00,000,-5,88267038,14/01/2026 06:45:00,000,-4,97786471,
14/01/2026 07:00:00,000,-5,87514945,14/01/2026 07:00:00,000,-4,90465139,
14/01/2026 07:15:00,000,-5,51302201,14/01/2026 07:15:00,000,-4,90465139,
14/01/2026 07:30:00,000,-5,51073231,14/01/2026 07:30:00,000,-4,90465139,
14/01/2026 07:45:00,000,-5,38920882,14/01/2026 07:45:00,000,-4,90465139,
14/01/2026 08:00:00,000,-3,86944883,14/01/2026 08:00:00,000,-4,43880362,
14/01/2026 08:15:00,000,-3,84429324,14/01/2026 08:15:00,000,-4,43880362,
14/01/2026 08:30:00,000,-3,70862423,14/01/2026 08:30:00,000,-4,43880362,
14/01/2026 08:45:00,000,-3,48402459,14/01/2026 08:45:00,000,-4,43880362,
14/01/2026 09:00:00,000,-3,31094019,14/01/2026 09:00:00,000,-4,13835989,
14/01/2026 09:15:00,000,-3,17969883,14/01/2026 09:15:00,000,-4,13835989,
14/01/2026 09:30:00,000,-2,92018083,14/01/2026 09:30:00,000,-4,13835989,
14/01/2026 09:45:00,000,-2,86334826,14/01/2026 09:45:00,000,-4,13835989,
14/01/2026 10:00:00,000,-2,72240553,14/01/2026 10:00:00,000,-4,0047086,
14/01/2026 10:15:00,000,-2,61903955,14/01/2026 10:15:00,000,-4,0047086,
14/01/2026 10:30:00,000,-2,48176302,14/01/2026 10:30:00,000,-4,0047086,
14/01/2026 10:45:00,000,-2,44886501,14/01/2026 10:45:00,000,-4,0047086,
14/01/2026 11:00:00,000,-2,35074728,14/01/2026 11:00:00,000,-3,84775455,
14/01/2026 11:15:00,000,-2,34416091,14/01/2026 11:15:00,000,-3,84775455,
14/01/2026 11:30:00,000,-2,25449219,14/01/2026 11:30:00,000,-3,84775455,
14/01/2026 11:45:00,000,-2,17743698,14/01/2026 11:45:00,000,-3,84775455,
14/01/2026 12:00:00,000,-2,17901662,14/01/2026 12:00:00,000,-3,5176566,
14/01/2026 12:15:00,000,-2,2005686,14/01/2026 12:15:00,000,-3,5176566,
14/01/2026 12:30:00,000,-2,14848612,14/01/2026 12:30:00,000,-3,5176566,
14/01/2026 12:45:00,000,-2,11192206,14/01/2026 12:45:00,000,-3,5176566,
14/01/2026 13:00:00,000,-2,15082673,14/01/2026 13:00:00,000,-3,41224111,
14/01/2026 13:15:00,000,-2,15377846,14/01/2026 13:15:00,000,-3,41224111,
14/01/2026 13:30:00,000,-2,21596093,14/01/2026 13:30:00,000,-3,41224111,
14/01/2026 13:45:00,000,-2,11319885,14/01/2026 13:45:00,000,-3,41224111,
14/01/2026 14:00:00,000,-2,00964974,14/01/2026 14:00:00,000,-3,3212532,
14/01/2026 14:15:00,000,-1,84388351,14/01/2026 14:15:00,000,-3,3212532,
14/01/2026 14:30:00,000,-1,78298856,14/01/2026 14:30:00,000,-3,3212532,
14/01/2026 14:45:00,000,-1,64467533,14/01/2026 14:45:00,000,-3,3212532,
14/01/2026 15:00:00,000,-1,54956979,14/01/2026 15:00:00,000,-3,2636425,
14/01/2026 15:15:00,000,-1,47488073,14/01/2026 15:15:00,000,-3,2636425,
14/01/2026 15:30:00,000,-1,38364203,14/01/2026 15:30:00,000,-3,2636425,
14/01/2026 15:45:00,000,-1,32863769,14/01/2026 15:45:00,000,-3,2636425,
14/01/2026 16:00:00,000,-1,31849465,14/01/2026 16:00:00,000,-3,33922652,
14/01/2026 16:15:00,000,-1,266096,14/01/2026 16:15:00,000,-3,33922652,
14/01/2026 16:30:00,000,-1,23609457,14/01/2026 16:30:00,000,-3,33922652,
14/01/2026 16:45:00,000,-1,21363372,14/01/2026 16:45:00,000,-3,33922652,
14/01/2026 17:00:00,000,-1,18288366,14/01/2026 17:00:00,000,-3,2676211,
14/01/2026 17:15:00,000,-1,11143622,14/01/2026 17:15:00,000,-3,2676211,
14/01/2026 17:30:00,000,-1,02991234,14/01/2026 17:30:00,000,-3,2676211,
14/01/2026 17:45:00,000,-0,987818412,14/01/2026 17:45:00,000,-3,2676211,
14/01/2026 18:00:00,000,-0,928237477,14/01/2026 18:00:00,000,-3,28383592,
14/01/2026 18:15:00,000,-0,885571581,14/01/2026 18:15:00,000,-3,28383592,
14/01/2026 18:30:00,000,-0,844615461,14/01/2026 18:30:00,000,-3,28383592,
14/01/2026 18:45:00,000,-0,86154159,14/01/2026 18:45:00,000,-3,28383592,
14/01/2026 19:00:00,000,-0,864697873,14/01/2026 19:00:00,000,-3,21553664,
14/01/2026 19:15:00,000,-0,893323102,14/01/2026 19:15:00,000,-3,21553664,
14/01/2026 19:30:00,000,-0,906436112,14/01/2026 19:30:00,000,-3,21553664,
14/01/2026 19:45:00,000,-0,94029886,14/01/2026 19:45:00,000,-3,21553664,
14/01/2026 20:00:00,000,-0,977399833,14/01/2026 20:00:00,000,-3,34763415,
14/01/2026 20:15:00,000,-0,999174076,14/01/2026 20:15:00,000,-3,34763415,
14/01/2026 20:30:00,000,-0,983055427,14/01/2026 20:30:00,000,-3,34763415,
14/01/2026 20:45:00,000,-0,961432477,14/01/2026 20:45:00,000,-3,34763415,
14/01/2026 21:00:00,000,-0,92546779,14/01/2026 21:00:00,000,-3,26735556,
14/01/2026 21:15:00,000,-0,882354005,14/01/2026 21:15:00,000,-3,26735556,
14/01/2026 21:30:00,000,-0,852790599,14/01/2026 21:30:00,000,-3,26735556,
14/01/2026 21:45:00,000,-0,915916776,14/01/2026 21:45:00,000,-3,26735556,
14/01/2026 22:00:00,000,-0,956061181,14/01/2026 22:00:00,000,-3,35926573,
14/01/2026 22:15:00,000,-0,99533556,14/01/2026 22:15:00,000,-3,35926573,
14/01/2026 22:30:00,000,-1,07944065,14/01/2026 22:30:00,000,-3,35926573,
14/01/2026 22:45:00,000,-1,06761815,14/01/2026 22:45:00,000,-3,35926573,
14/01/2026 23:00:00,000,-1,05204803,14/01/2026 23:00:00,000,-3,37412125,
14/01/2026 23:15:00,000,-1,06347777,14/01/2026 23:15:00,000,-3,37412125,
14/01/2026 23:30:00,000,-1,08313035,14/01/2026 23:30:00,000,-3,37412125,
14/01/2026 23:45:00,000,-1,06184405,14/01/2026 23:45:00,000,-3,37412125,
15/01/2026 00:00:00,000,-1,09007862,15/01/2026 00:00:00,000,-3,47244832,
15/01/2026 00:15:00,000,-1,06877088,15/01/2026 00:15:00,000,-3,47244832,
15/01/2026 00:30:00,000,-1,07181917,15/01/2026 00:30:00,000,-3,47244832,
15/01/2026 00:45:00,000,-1,09091156,15/01/2026 00:45:00,000,-3,47244832,
15/01/2026 01:00:00,000,-2,13537536,15/01/2026 01:00:00,000,-3,39890748,
15/01/2026 01:15:00,000,-2,05178464,15/01/2026 01:15:00,000,-3,39890748,
15/01/2026 01:30:00,000,-2,0036883,15/01/2026 01:30:00,000,-3,39890748,
15/01/2026 01:45:00,000,-1,97218123,15/01/2026 01:45:00,000,-3,39890748,
15/01/2026 02:00:00,000,-2,067801,15/01/2026 02:00:00,000,-3,244647,
15/01/2026 02:15:00,000,-2,0531279,15/01/2026 02:15:00,000,-3,244647,
15/01/2026 02:30:00,000,-2,10164517,15/01/2026 02:30:00,000,-3,244647,
15/01/2026 02:45:00,000,-2,01997982,15/01/2026 02:45:00,000,-3,244647,
15/01/2026 03:00:00,000,-1,91424078,15/01/2026 03:00:00,000,-3,2802101,
15/01/2026 03:15:00,000,-1,82832768,15/01/2026 03:15:00,000,-3,2802101,
15/01/2026 03:30:00,000,-1,8031707,15/01/2026 03:30:00,000,-3,2802101,
15/01/2026 03:45:00,000,-1,74705359,15/01/2026 03:45:00,000,-3,2802101,
15/01/2026 04:00:00,000,-1,79991439,15/01/2026 04:00:00,000,-3,04577581,
15/01/2026 04:15:00,000,-1,82316814,15/01/2026 04:15:00,000,-3,04577581,
15/01/2026 04:30:00,000,-1,90039544,15/01/2026 04:30:00,000,-3,04577581,
15/01/2026 04:45:00,000,-1,94712527,15/01/2026 04:45:00,000,-3,04577581,
15/01/2026 05:00:00,000,-1,9589035,15/01/2026 05:00:00,000,-3,09828293,
15/01/2026 05:15:00,000,-1,9675995,15/01/2026 05:15:00,000,-3,09828293,
15/01/2026 05:30:00,000,-1,86673511,15/01/2026 05:30:00,000,-3,09828293,
15/01/2026 05:45:00,000,-1,86268123,15/01/2026 05:45:00,000,-3,09828293,
15/01/2026 06:00:00,000,-1,82846206,15/01/2026 06:00:00,000,-3,5300598,
15/01/2026 06:15:00,000,-1,92136516,15/01/2026 06:15:00,000,-3,5300598,
15/01/2026 06:30:00,000,-1,93694463,15/01/2026 06:30:00,000,-3,5300598,
15/01/2026 06:45:00,000,-2,07364958,15/01/2026 06:45:00,000,-3,5300598,
15/01/2026 07:00:00,000,-2,09355096,15/01/2026 07:00:00,000,-3,38705297,
15/01/2026 07:15:00,000,-2,13038748,15/01/2026 07:15:00,000,-3,38705297,
15/01/2026 07:30:00,000,-2,22685757,15/01/2026 07:30:00,000,-3,38705297,
15/01/2026 07:45:00,000,-2,25334647,15/01/2026 07:45:00,000,-3,38705297,
15/01/2026 08:00:00,000,-2,21759704,15/01/2026 08:00:00,000,-2,89059853,
15/01/2026 08:15:00,000,-2,11542696,15/01/2026 08:15:00,000,-2,89059853,
15/01/2026 08:30:00,000,-1,94557725,15/01/2026 08:30:00,000,-2,89059853,
15/01/2026 08:45:00,000,-1,64965176,15/01/2026 08:45:00,000,-2,89059853,
15/01/2026 09:00:00,000,-1,32333819,15/01/2026 09:00:00,000,-2,1614538,
15/01/2026 09:15:00,000,-1,07673635,15/01/2026 09:15:00,000,-2,1614538,
15/01/2026 09:30:00,000,-0,839099169,15/01/2026 09:30:00,000,-2,1614538,
15/01/2026 09:45:00,000,-0,702018621,15/01/2026 09:45:00,000,-2,1614538,
15/01/2026 10:00:00,000,-0,529279536,15/01/2026 10:00:00,000,-1,25663709,
15/01/2026 10:15:00,000,-0,37319945,15/01/2026 10:15:00,000,-1,25663709,
15/01/2026 10:30:00,000,-0,249178565,15/01/2026 10:30:00,000,-1,25663709,
15/01/2026 10:45:00,000,-0,080141440,15/01/2026 10:45:00,000,-1,25663709,
15/01/2026 11:00:00,000,0,0605208485,15/01/2026 11:00:00,000,-0,606921189,
15/01/2026 11:15:00,000,0,1905808371,15/01/2026 11:15:00,000,-0,606921189,
15/01/2026 11:30:00,000,0,3135487303,15/01/2026 11:30:00,000,-0,606921189,
15/01/2026 11:45:00,000,0,3499155957,15/01/2026 11:45:00,000,-0,606921189,
15/01/2026 12:00:00,000,0,3733759372,15/01/2026 12:00:00,000,-0,471822492,
15/01/2026 12:15:00,000,0,399352039,15/01/2026 12:15:00,000,-0,471822492,
15/01/2026 12:30:00,000,0,4156145365,15/01/2026 12:30:00,000,-0,471822492,
15/01/2026 12:45:00,000,0,4060123056,15/01/2026 12:45:00,000,-0,471822492,
15/01/2026 13:00:00,000,0,3649371923,15/01/2026 13:00:00,000,-0,283267631,
15/01/2026 13:15:00,000,0,3249167242,15/01/2026 13:15:00,000,-0,283267631,
15/01/2026 13:30:00,000,0,2757002462,15/01/2026 13:30:00,000,-0,283267631,
15/01/2026 13:45:00,000,0,3238170229,15/01/2026 13:45:00,000,-0,283267631,
15/01/2026 14:00:00,000,0,3748149529,15/01/2026 14:00:00,000,-0,157222561,
15/01/2026 14:15:00,000,0,4159832101,15/01/2026 14:15:00,000,-0,157222561,
15/01/2026 14:30:00,000,0,4356909663,15/01/2026 14:30:00,000,-0,157222561,
15/01/2026 14:45:00,000,0,4455497841,15/01/2026 14:45:00,000,-0,157222561,
15/01/2026 15:00:00,000,0,405133791,15/01/2026 15:00:00,000,-0,129371652,
15/01/2026 15:15:00,000,0,323568847,15/01/2026 15:15:00,000,-0,129371652,
15/01/2026 15:30:00,000,0,2205813375,15/01/2026 15:30:00,000,-0,129371652,
15/01/2026 15:45:00,000,0,0915138285,15/01/2026 15:45:00,000,-0,129371652,
15/01/2026 16:00:00,000,-0,009891137,15/01/2026 16:00:00,000,-0,284655781,
15/01/2026 16:15:00,000,-0,071200586,15/01/2026 16:15:00,000,-0,284655781,
15/01/2026 16:30:00,000,-0,089581738,15/01/2026 16:30:00,000,-0,284655781,
15/01/2026 16:45:00,000,-0,030313992,15/01/2026 16:45:00,000,-0,284655781,
15/01/2026 17:00:00,000,0,0589993903,15/01/2026 17:00:00,000,-0,579401816,
15/01/2026 17:15:00,000,0,1703622962,15/01/2026 17:15:00,000,-0,579401816,
15/01/2026 17:30:00,000,0,2899262098,15/01/2026 17:30:00,000,-0,579401816,
15/01/2026 17:45:00,000,0,3574149155,15/01/2026 17:45:00,000,-0,579401816,
15/01/2026 18:00:00,000,0,4310995466,15/01/2026 18:00:00,000,-0,547361213,
15/01/2026 18:15:00,000,0,5182825297,15/01/2026 18:15:00,000,-0,547361213,
15/01/2026 18:30:00,000,0,5819141404,15/01/2026 18:30:00,000,-0,547361213,
15/01/2026 18:45:00,000,0,5515575494,15/01/2026 18:45:00,000,-0,547361213,
15/01/2026 19:00:00,000,-0,475708603,15/01/2026 19:00:00,000,-0,275049179,
15/01/2026 19:15:00,000,-0,440609912,15/01/2026 19:15:00,000,-0,275049179,
15/01/2026 19:30:00,000,-0,403998217,15/01/2026 19:30:00,000,-0,275049179,
15/01/2026 19:45:00,000,-0,466363695,15/01/2026 19:45:00,000,-0,275049179,
15/01/2026 20:00:00,000,-0,520903839,15/01/2026 20:00:00,000,-0,305690419,
15/01/2026 20:15:00,000,-0,598493918,15/01/2026 20:15:00,000,-0,305690419,
15/01/2026 20:30:00,000,-0,65345435,15/01/2026 20:30:00,000,-0,305690419,
15/01/2026 20:45:00,000,-0,651516346,15/01/2026 20:45:00,000,-0,305690419,
15/01/2026 21:00:00,000,-0,675170923,15/01/2026 21:00:00,000,-0,392996503,
15/01/2026 21:15:00,000,-0,673901441,15/01/2026 21:15:00,000,-0,392996503,
15/01/2026 21:30:00,000,-0,701812027,15/01/2026 21:30:00,000,-0,392996503,
15/01/2026 21:45:00,000,-0,754882735,15/01/2026 21:45:00,000,-0,392996503,
15/01/2026 22:00:00,000,-0,806245006,15/01/2026 22:00:00,000,-0,276422305,
15/01/2026 22:15:00,000,-0,900359245,15/01/2026 22:15:00,000,-0,276422305,
15/01/2026 22:30:00,000,-0,944060841,15/01/2026 22:30:00,000,-0,276422305,
15/01/2026 22:45:00,000,-0,960949646,15/01/2026 22:45:00,000,-0,276422305,
15/01/2026 23:00:00,000,-0,983817928,15/01/2026 23:00:00,000,-0,186738034,
15/01/2026 23:15:00,000,-1,01902795,15/01/2026 23:15:00,000,-0,186738034,
15/01/2026 23:30:00,000,-1,04604207,15/01/2026 23:30:00,000,-0,186738034,
15/01/2026 23:45:00,000,-1,09562417,15/01/2026 23:45:00,000,-0,186738034,
16/01/2026 00:00:00,000,-1,09901714,16/01/2026 00:00:00,000,-0,049227887,
16/01/2026 00:15:00,000,-1,17055905,16/01/2026 00:15:00,000,-0,049227887,
16/01/2026 00:30:00,000,-1,20783724,16/01/2026 00:30:00,000,-0,049227887,
16/01/2026 00:45:00,000,-1,05926703,16/01/2026 00:45:00,000,-0,049227887,
16/01/2026 01:00:00,000,-0,621670653,16/01/2026 01:00:00,000,-0,060852305,
16/01/2026 01:15:00,000,-0,632233157,16/01/2026 01:15:00,000,-0,060852305,
16/01/2026 01:30:00,000,-0,59729158,16/01/2026 01:30:00,000,-0,060852305,
16/01/2026 01:45:00,000,-0,670034626,16/01/2026 01:45:00,000,-0,060852305,
16/01/2026 02:00:00,000,-0,745097316,16/01/2026 02:00:00,000,-0,220944904,
16/01/2026 02:15:00,000,-0,82380767,16/01/2026 02:15:00,000,-0,220944904,
16/01/2026 02:30:00,000,-0,923411121,16/01/2026 02:30:00,000,-0,220944904,
16/01/2026 02:45:00,000,-0,8958326,16/01/2026 02:45:00,000,-0,220944904,
16/01/2026 03:00:00,000,-0,909323497,16/01/2026 03:00:00,000,-0,129438367,
16/01/2026 03:15:00,000,-0,91008582,16/01/2026 03:15:00,000,-0,129438367,
16/01/2026 03:30:00,000,-0,916874587,16/01/2026 03:30:00,000,-0,129438367,
16/01/2026 03:45:00,000,-0,910092913,16/01/2026 03:45:00,000,-0,129438367,
16/01/2026 04:00:00,000,-0,909984011,16/01/2026 04:00:00,000,-0,244092822,
16/01/2026 04:15:00,000,-0,902715706,16/01/2026 04:15:00,000,-0,244092822,
16/01/2026 04:30:00,000,-0,898734008,16/01/2026 04:30:00,000,-0,244092822,
16/01/2026 04:45:00,000,-0,87727834,16/01/2026 04:45:00,000,-0,244092822,
16/01/2026 05:00:00,000,-0,889195553,16/01/2026 05:00:00,000,-0,296027042,
16/01/2026 05:15:00,000,-0,873729412,16/01/2026 05:15:00,000,-0,296027042,
16/01/2026 05:30:00,000,-0,8631163,16/01/2026 05:30:00,000,-0,296027042,
16/01/2026 05:45:00,000,-0,849192873,16/01/2026 05:45:00,000,-0,296027042,
16/01/2026 06:00:00,000,-0,877158966,16/01/2026 06:00:00,000,-0,182295625,
16/01/2026 06:15:00,000,-0,885847316,16/01/2026 06:15:00,000,-0,182295625,
16/01/2026 06:30:00,000,-0,875469816,16/01/2026 06:30:00,000,-0,182295625,
16/01/2026 06:45:00,000,-0,863426602,16/01/2026 06:45:00,000,-0,182295625,
16/01/2026 07:00:00,000,-1,1884075,16/01/2026 07:00:00,000,-0,049994663,
16/01/2026 07:15:00,000,-1,17871823,16/01/2026 07:15:00,000,-0,049994663,
16/01/2026 07:30:00,000,-1,16932059,16/01/2026 07:30:00,000,-0,049994663,
16/01/2026 07:45:00,000,-1,18445933,16/01/2026 07:45:00,000,-0,049994663,
16/01/2026 08:00:00,000,-1,17711707,16/01/2026 08:00:00,000,0,2003821679,
16/01/2026 08:15:00,000,-1,13394951,16/01/2026 08:15:00,000,0,2003821679,
16/01/2026 08:30:00,000,-1,07770221,16/01/2026 08:30:00,000,0,2003821679,
16/01/2026 08:45:00,000,-0,885645612,16/01/2026 08:45:00,000,0,2003821679,
16/01/2026 09:00:00,000,-0,703983161,16/01/2026 09:00:00,000,0,4504715994,
16/01/2026 09:15:00,000,-0,560237349,16/01/2026 09:15:00,000,0,4504715994,
16/01/2026 09:30:00,000,-0,398298222,16/01/2026 09:30:00,000,0,4504715994,
16/01/2026 09:45:00,000,-0,313655346,16/01/2026 09:45:00,000,0,4504715994,
16/01/2026 10:00:00,000,-0,226974623,16/01/2026 10:00:00,000,0,8014710324,
16/01/2026 10:15:00,000,-0,130220306,16/01/2026 10:15:00,000,0,8014710324,
16/01/2026 10:30:00,000,-0,039477836,16/01/2026 10:30:00,000,0,8014710324,
16/01/2026 10:45:00,000,0,1223809979,16/01/2026 10:45:00,000,0,8014710324,
16/01/2026 11:00:00,000,0,2677593474,16/01/2026 11:00:00,000,1,156336719,
16/01/2026 11:15:00,000,0,4232389818,16/01/2026 11:15:00,000,1,156336719,
16/01/2026 11:30:00,000,0,558769548,16/01/2026 11:30:00,000,1,156336719,
16/01/2026 11:45:00,000,0,6018874676,16/01/2026 11:45:00,000,1,156336719,
16/01/2026 12:00:00,000,0,6539331318,16/01/2026 12:00:00,000,1,321039662,
16/01/2026 12:15:00,000,0,6683935597,16/01/2026 12:15:00,000,1,321039662,
16/01/2026 12:30:00,000,0,7032334003,16/01/2026 12:30:00,000,1,321039662,
16/01/2026 12:45:00,000,0,6892655802,16/01/2026 12:45:00,000,1,321039662,
16/01/2026 13:00:00,000,0,4913355357,16/01/2026 13:00:00,000,1,521293383,
16/01/2026 13:15:00,000,0,4746409916,16/01/2026 13:15:00,000,1,521293383,
16/01/2026 13:30:00,000,0,476209048,16/01/2026 13:30:00,000,1,521293383,
16/01/2026 13:45:00,000,0,5370211884,16/01/2026 13:45:00,000,1,521293383,
16/01/2026 14:00:00,000,0,6010959684,16/01/2026 14:00:00,000,1,533105812,
16/01/2026 14:15:00,000,0,6408003178,16/01/2026 14:15:00,000,1,533105812,
16/01/2026 14:30:00,000,0,6512485395,16/01/2026 14:30:00,000,1,533105812,
16/01/2026 14:45:00,000,0,641602542,16/01/2026 14:45:00,000,1,533105812,
16/01/2026 15:00:00,000,0,5896193142,16/01/2026 15:00:00,000,1,395378624,
16/01/2026 15:15:00,000,0,5205367295,16/01/2026 15:15:00,000,1,395378624,
16/01/2026 15:30:00,000,0,4428943061,16/01/2026 15:30:00,000,1,395378624,
16/01/2026 15:45:00,000,0,3439188338,16/01/2026 15:45:00,000,1,395378624,
16/01/2026 16:00:00,000,0,2751284313,16/01/2026 16:00:00,000,1,324244447,
16/01/2026 16:15:00,000,0,2418687554,16/01/2026 16:15:00,000,1,324244447,
16/01/2026 16:30:00,000,0,239509605,16/01/2026 16:30:00,000,1,324244447,
16/01/2026 16:45:00,000,0,3205983202,16/01/2026 16:45:00,000,1,324244447,
16/01/2026 17:00:00,000,0,4143911748,16/01/2026 17:00:00,000,1,140326918,
16/01/2026 17:15:00,000,0,5241919764,16/01/2026 17:15:00,000,1,140326918,
16/01/2026 17:30:00,000,0,6482848398,16/01/2026 17:30:00,000,1,140326918,
16/01/2026 17:45:00,000,0,6944285914,16/01/2026 17:45:00,000,1,140326918,
16/01/2026 18:00:00,000,0,7272052114,16/01/2026 18:00:00,000,1,081194716,
16/01/2026 18:15:00,000,0,7751028231,16/01/2026 18:15:00,000,1,081194716,
16/01/2026 18:30:00,000,0,8514840922,16/01/2026 18:30:00,000,1,081194716,
16/01/2026 18:45:00,000,0,7934952151,16/01/2026 18:45:00,000,1,081194716,
16/01/2026 19:00:00,000,0,4129401931,16/01/2026 19:00:00,000,1,151480475,
16/01/2026 19:15:00,000,0,4544977314,16/01/2026 19:15:00,000,1,151480475,
16/01/2026 19:30:00,000,0,4784020737,16/01/2026 19:30:00,000,1,151480475,
16/01/2026 19:45:00,000,0,4662475704,16/01/2026 19:45:00,000,1,151480475,
16/01/2026 20:00:00,000,0,4464933916,16/01/2026 20:00:00,000,1,303638942,
16/01/2026 20:15:00,000,0,4175844536,16/01/2026 20:15:00,000,1,303638942,
16/01/2026 20:30:00,000,0,3788791677,16/01/2026 20:30:00,000,1,303638942,
16/01/2026 20:45:00,000,0,3797403505,16/01/2026 20:45:00,000,1,303638942,
16/01/2026 21:00:00,000,0,3772619024,16/01/2026 21:00:00,000,1,44571003,
16/01/2026 21:15:00,000,0,3699482728,16/01/2026 21:15:00,000,1,44571003,
16/01/2026 21:30:00,000,0,3666186973,16/01/2026 21:30:00,000,1,44571003,
16/01/2026 21:45:00,000,0,2863285078,16/01/2026 21:45:00,000,1,44571003,
16/01/2026 22:00:00,000,0,2140278208,16/01/2026 22:00:00,000,1,71239899,
16/01/2026 22:15:00,000,0,1221121402,16/01/2026 22:15:00,000,1,71239899,
16/01/2026 22:30:00,000,0,0197011989,16/01/2026 22:30:00,000,1,71239899,
16/01/2026 22:45:00,000,-0,029916807,16/01/2026 22:45:00,000,1,71239899,
16/01/2026 23:00:00,000,-0,090737950,16/01/2026 23:00:00,000,1,608648156,
16/01/2026 23:15:00,000,-0,148792027,16/01/2026 23:15:00,000,1,608648156,
16/01/2026 23:30:00,000,-0,207126259,16/01/2026 23:30:00,000,1,608648156,
16/01/2026 23:45:00,000,-0,253943646,16/01/2026 23:45:00,000,1,608648156,
17/01/2026 00:00:00,000,-0,292665862,17/01/2026 00:00:00,000,1,625529423,
17/01/2026 00:15:00,000,-0,297127821,17/01/2026 00:15:00,000,1,625529423,
17/01/2026 00:30:00,000,-0,306631619,17/01/2026 00:30:00,000,1,625529423,
17/01/2026 00:45:00,000,-0,249477513,17/01/2026 00:45:00,000,1,625529423,
17/01/2026 01:00:00,000,-0,078676586,17/01/2026 01:00:00,000,1,581358259,
17/01/2026 01:15:00,000,-0,050752450,17/01/2026 01:15:00,000,1,581358259,
17/01/2026 01:30:00,000,-0,029838572,17/01/2026 01:30:00,000,1,581358259,
17/01/2026 01:45:00,000,-0,11019024,17/01/2026 01:45:00,000,1,581358259,
17/01/2026 02:00:00,000,-0,210590946,17/01/2026 02:00:00,000,1,292865505,
17/01/2026 02:15:00,000,-0,325973132,17/01/2026 02:15:00,000,1,292865505,
17/01/2026 02:30:00,000,-0,453188314,17/01/2026 02:30:00,000,1,292865505,
17/01/2026 02:45:00,000,-0,580543591,17/01/2026 02:45:00,000,1,292865505,
17/01/2026 03:00:00,000,-0,709934297,17/01/2026 03:00:00,000,1,115871813,
17/01/2026 03:15:00,000,-0,856637928,17/01/2026 03:15:00,000,1,115871813,
17/01/2026 03:30:00,000,-1,03818117,17/01/2026 03:30:00,000,1,115871813,
17/01/2026 03:45:00,000,-1,18946408,17/01/2026 03:45:00,000,1,115871813,
17/01/2026 04:00:00,000,-1,27566927,17/01/2026 04:00:00,000,0,9068469685,
17/01/2026 04:15:00,000,-1,40871562,17/01/2026 04:15:00,000,0,9068469685,
17/01/2026 04:30:00,000,-1,49386371,17/01/2026 04:30:00,000,0,9068469685,
17/01/2026 04:45:00,000,-1,537897,17/01/2026 04:45:00,000,0,9068469685,
17/01/2026 05:00:00,000,-1,59758117,17/01/2026 05:00:00,000,0,7644084778,
17/01/2026 05:15:00,000,-1,64728805,17/01/2026 05:15:00,000,0,7644084778,
17/01/2026 05:30:00,000,-1,73001939,17/01/2026 05:30:00,000,0,7644084778,
17/01/2026 05:45:00,000,-1,77970473,17/01/2026 05:45:00,000,0,7644084778,
17/01/2026 06:00:00,000,-1,85595301,17/01/2026 06:00:00,000,0,5188608288,
17/01/2026 06:15:00,000,-1,92546146,17/01/2026 06:15:00,000,0,5188608288,
17/01/2026 06:30:00,000,-1,99064359,17/01/2026 06:30:00,000,0,5188608288,
17/01/2026 06:45:00,000,-2,07054047,17/01/2026 06:45:00,000,0,5188608288,
17/01/2026 07:00:00,000,-2,25193447,17/01/2026 07:00:00,000,0,3298540554,
17/01/2026 07:15:00,000,-2,29039322,17/01/2026 07:15:00,000,0,3298540554,
17/01/2026 07:30:00,000,-2,31390012,17/01/2026 07:30:00,000,0,3298540554,
17/01/2026 07:45:00,000,-2,39345946,17/01/2026 07:45:00,000,0,3298540554,
17/01/2026 08:00:00,000,-2,2727974,17/01/2026 08:00:00,000,0,5135789539,
17/01/2026 08:15:00,000,-2,08601787,17/01/2026 08:15:00,000,0,5135789539,
17/01/2026 08:30:00,000,-1,84952275,17/01/2026 08:30:00,000,0,5135789539,
17/01/2026 08:45:00,000,-1,45405112,17/01/2026 08:45:00,000,0,5135789539,
17/01/2026 09:00:00,000,-1,10448204,17/01/2026 09:00:00,000,1,173943682,
17/01/2026 09:15:00,000,-0,782017591,17/01/2026 09:15:00,000,1,173943682,
17/01/2026 09:30:00,000,-0,499239719,17/01/2026 09:30:00,000,1,173943682,
17/01/2026 09:45:00,000,-0,305747192,17/01/2026 09:45:00,000,1,173943682,
17/01/2026 10:00:00,000,-0,120760896,17/01/2026 10:00:00,000,1,691636446,
17/01/2026 10:15:00,000,0,0392703069,17/01/2026 10:15:00,000,1,691636446,
17/01/2026 10:30:00,000,0,1909041733,17/01/2026 10:30:00,000,1,691636446,
17/01/2026 10:45:00,000,0,3571591222,17/01/2026 10:45:00,000,1,691636446,
17/01/2026 11:00:00,000,0,5237494548,17/01/2026 11:00:00,000,2,297298663,
17/01/2026 11:15:00,000,0,6946696658,17/01/2026 11:15:00,000,2,297298663,
17/01/2026 11:30:00,000,0,8241744914,17/01/2026 11:30:00,000,2,297298663,
17/01/2026 11:45:00,000,0,8936970349,17/01/2026 11:45:00,000,2,297298663,
17/01/2026 12:00:00,000,0,9510297126,17/01/2026 12:00:00,000,2,684622699,
17/01/2026 12:15:00,000,1,029662297,17/01/2026 12:15:00,000,2,684622699,
17/01/2026 12:30:00,000,1,021666629,17/01/2026 12:30:00,000,2,684622699,
17/01/2026 12:45:00,000,1,052991603,17/01/2026 12:45:00,000,2,684622699,
17/01/2026 13:00:00,000,0,8805255254,17/01/2026 13:00:00,000,3,076086121,
17/01/2026 13:15:00,000,0,8591289137,17/01/2026 13:15:00,000,3,076086121,
17/01/2026 13:30:00,000,0,8288398813,17/01/2026 13:30:00,000,3,076086121,
17/01/2026 13:45:00,000,0,878341086,17/01/2026 13:45:00,000,3,076086121,
17/01/2026 14:00:00,000,0,8846457262,17/01/2026 14:00:00,000,2,766159398,
17/01/2026 14:15:00,000,0,8510972502,17/01/2026 14:15:00,000,2,766159398,
17/01/2026 14:30:00,000,0,7625111739,17/01/2026 14:30:00,000,2,766159398,
17/01/2026 14:45:00,000,0,5978843163,17/01/2026 14:45:00,000,2,766159398,
17/01/2026 15:00:00,000,0,3395455278,17/01/2026 15:00:00,000,2,096639409,
17/01/2026 15:15:00,000,0,0197731457,17/01/2026 15:15:00,000,2,096639409,
17/01/2026 15:30:00,000,-0,334538247,17/01/2026 15:30:00,000,2,096639409,
17/01/2026 15:45:00,000,-0,732176488,17/01/2026 15:45:00,000,2,096639409,
17/01/2026 16:00:00,000,-1,06903085,17/01/2026 16:00:00,000,1,325037724,
17/01/2026 16:15:00,000,-1,34731817,17/01/2026 16:15:00,000,1,325037724,
17/01/2026 16:30:00,000,-1,56135364,17/01/2026 16:30:00,000,1,325037724,
17/01/2026 16:45:00,000,-1,68939668,17/01/2026 16:45:00,000,1,325037724,
17/01/2026 17:00:00,000,-1,72398882,17/01/2026 17:00:00,000,0,4683488573,
17/01/2026 17:15:00,000,-1,76362066,17/01/2026 17:15:00,000,0,4683488573,
17/01/2026 17:30:00,000,-1,70958092,17/01/2026 17:30:00,000,0,4683488573,
17/01/2026 17:45:00,000,-1,65659682,17/01/2026 17:45:00,000,0,4683488573,
17/01/2026 18:00:00,000,-1,62082649,17/01/2026 18:00:00,000,-0,345473502,
17/01/2026 18:15:00,000,-1,45422563,17/01/2026 18:15:00,000,-0,345473502,
17/01/2026 18:30:00,000,-1,36558929,17/01/2026 18:30:00,000,-0,345473502,
17/01/2026 18:45:00,000,-1,31711557,17/01/2026 18:45:00,000,-0,345473502,
17/01/2026 19:00:00,000,-1,2906729,17/01/2026 19:00:00,000,-0,839372348,
17/01/2026 19:15:00,000,-1,25465218,17/01/2026 19:15:00,000,-0,839372348,
17/01/2026 19:30:00,000,-1,28106274,17/01/2026 19:30:00,000,-0,839372348,
17/01/2026 19:45:00,000,-1,33542223,17/01/2026 19:45:00,000,-0,839372348,
17/01/2026 20:00:00,000,-1,39236653,17/01/2026 20:00:00,000,-0,974603901,
17/01/2026 20:15:00,000,-1,47835995,17/01/2026 20:15:00,000,-0,974603901,
17/01/2026 20:30:00,000,-1,60151895,17/01/2026 20:30:00,000,-0,974603901,
17/01/2026 20:45:00,000,-1,66763419,17/01/2026 20:45:00,000,-0,974603901,
17/01/2026 21:00:00,000,-1,73597749,17/01/2026 21:00:00,000,-1,17714729,
17/01/2026 21:15:00,000,-1,81332263,17/01/2026 21:15:00,000,-1,17714729,
17/01/2026 21:30:00,000,-1,92630746,17/01/2026 21:30:00,000,-1,17714729,
17/01/2026 21:45:00,000,-2,00008444,17/01/2026 21:45:00,000,-1,17714729,
17/01/2026 22:00:00,000,-2,15577521,17/01/2026 22:00:00,000,-1,02959327,
17/01/2026 22:15:00,000,-2,18795282,17/01/2026 22:15:00,000,-1,02959327,
17/01/2026 22:30:00,000,-2,28332826,17/01/2026 22:30:00,000,-1,02959327,
17/01/2026 22:45:00,000,-2,27709598,17/01/2026 22:45:00,000,-1,02959327,
17/01/2026 23:00:00,000,-2,35388462,17/01/2026 23:00:00,000,-1,63714437,
17/01/2026 23:15:00,000,-2,42291453,17/01/2026 23:15:00,000,-1,63714437,
17/01/2026 23:30:00,000,-2,42852232,17/01/2026 23:30:00,000,-1,63714437,
17/01/2026 23:45:00,000,-2,44460167,17/01/2026 23:45:00,000,-1,63714437,
18/01/2026 00:00:00,000,-2,50436855,18/01/2026 00:00:00,000,-3,06543215,
18/01/2026 00:15:00,000,-2,5687307,18/01/2026 00:15:00,000,-3,06543215,
18/01/2026 00:30:00,000,-2,68157981,18/01/2026 00:30:00,000,-3,06543215,
18/01/2026 00:45:00,000,-2,75463894,18/01/2026 00:45:00,000,-3,06543215,
18/01/2026 01:00:00,000,-3,29199646,18/01/2026 01:00:00,000,-3,50908785,
18/01/2026 01:15:00,000,-3,43967294,18/01/2026 01:15:00,000,-3,50908785,
18/01/2026 01:30:00,000,-3,65817022,18/01/2026 01:30:00,000,-3,50908785,
18/01/2026 01:45:00,000,-3,8347734,18/01/2026 01:45:00,000,-3,50908785,
18/01/2026 02:00:00,000,-4,23695717,18/01/2026 02:00:00,000,-3,32515874,
18/01/2026 02:15:00,000,-4,53620256,18/01/2026 02:15:00,000,-3,32515874,
18/01/2026 02:30:00,000,-4,83508236,18/01/2026 02:30:00,000,-3,32515874,
18/01/2026 02:45:00,000,-5,11950569,18/01/2026 02:45:00,000,-3,32515874,
18/01/2026 03:00:00,000,-5,56399494,18/01/2026 03:00:00,000,-3,50834551,
18/01/2026 03:15:00,000,-5,88207659,18/01/2026 03:15:00,000,-3,50834551,
18/01/2026 03:30:00,000,-6,15905129,18/01/2026 03:30:00,000,-3,50834551,
18/01/2026 03:45:00,000,-6,44740397,18/01/2026 03:45:00,000,-3,50834551,
18/01/2026 04:00:00,000,-6,68474733,18/01/2026 04:00:00,000,-4,15415465,
18/01/2026 04:15:00,000,-6,84080229,18/01/2026 04:15:00,000,-4,15415465,
18/01/2026 04:30:00,000,-6,84442707,18/01/2026 04:30:00,000,-4,15415465,
18/01/2026 04:45:00,000,-7,12203792,18/01/2026 04:45:00,000,-4,15415465,
18/01/2026 05:00:00,000,-7,20217676,18/01/2026 05:00:00,000,-4,85638709,
18/01/2026 05:15:00,000,-7,21526587,18/01/2026 05:15:00,000,-4,85638709,
18/01/2026 05:30:00,000,-7,39909668,18/01/2026 05:30:00,000,-4,85638709,
18/01/2026 05:45:00,000,-7,44754404,18/01/2026 05:45:00,000,-4,85638709,
18/01/2026 06:00:00,000,-7,45744779,18/01/2026 06:00:00,000,-5,67116617,
18/01/2026 06:15:00,000,-7,47295197,18/01/2026 06:15:00,000,-5,67116617,
18/01/2026 06:30:00,000,-7,49933396,18/01/2026 06:30:00,000,-5,67116617,
18/01/2026 06:45:00,000,-7,55981425,18/01/2026 06:45:00,000,-5,67116617,
18/01/2026 07:00:00,000,-7,86235761,18/01/2026 07:00:00,000,-6,21774777,
18/01/2026 07:15:00,000,-7,93024093,18/01/2026 07:15:00,000,-6,21774777,
18/01/2026 07:30:00,000,-7,89444255,18/01/2026 07:30:00,000,-6,21774777,
18/01/2026 07:45:00,000,-7,86962019,18/01/2026 07:45:00,000,-6,21774777,
18/01/2026 08:00:00,000,-7,48751971,18/01/2026 08:00:00,000,-5,11738685,
18/01/2026 08:15:00,000,-7,22573411,18/01/2026 08:15:00,000,-5,11738685,
18/01/2026 08:30:00,000,-6,5466644,18/01/2026 08:30:00,000,-5,11738685,
18/01/2026 08:45:00,000,-5,86442262,18/01/2026 08:45:00,000,-5,11738685,
18/01/2026 09:00:00,000,-4,94091439,18/01/2026 09:00:00,000,-3,63890487,
18/01/2026 09:15:00,000,-4,38847014,18/01/2026 09:15:00,000,-3,63890487,
18/01/2026 09:30:00,000,-3,77913365,18/01/2026 09:30:00,000,-3,63890487,
18/01/2026 09:45:00,000,-3,33955473,18/01/2026 09:45:00,000,-3,63890487,
18/01/2026 10:00:00,000,-2,84745215,18/01/2026 10:00:00,000,-2,4958275,
18/01/2026 10:15:00,000,-2,46239304,18/01/2026 10:15:00,000,-2,4958275,
18/01/2026 10:30:00,000,-2,09816364,18/01/2026 10:30:00,000,-2,4958275,
18/01/2026 10:45:00,000,-1,77528206,18/01/2026 10:45:00,000,-2,4958275,
18/01/2026 11:00:00,000,-1,47658136,18/01/2026 11:00:00,000,-0,804963153,
18/01/2026 11:15:00,000,-1,18170323,18/01/2026 11:15:00,000,-0,804963153,
18/01/2026 11:30:00,000,-0,982071162,18/01/2026 11:30:00,000,-0,804963153,
18/01/2026 11:45:00,000,-0,855354663,18/01/2026 11:45:00,000,-0,804963153,
18/01/2026 12:00:00,000,-0,78970675,18/01/2026 12:00:00,000,0,7803771754,
18/01/2026 12:15:00,000,-0,72616554,18/01/2026 12:15:00,000,0,7803771754,
18/01/2026 12:30:00,000,-0,673510703,18/01/2026 12:30:00,000,0,7803771754,
18/01/2026 12:45:00,000,-0,64017134,18/01/2026 12:45:00,000,0,7803771754,
18/01/2026 13:00:00,000,-0,774984131,18/01/2026 13:00:00,000,1,501222778,
18/01/2026 13:15:00,000,-0,759143324,18/01/2026 13:15:00,000,1,501222778,
18/01/2026 13:30:00,000,-0,733514551,18/01/2026 13:30:00,000,1,501222778,
18/01/2026 13:45:00,000,-0,602157355,18/01/2026 13:45:00,000,1,501222778,
18/01/2026 14:00:00,000,-0,506203729,18/01/2026 14:00:00,000,1,612313254,
18/01/2026 14:15:00,000,-0,472835345,18/01/2026 14:15:00,000,1,612313254,
18/01/2026 14:30:00,000,-0,516471453,18/01/2026 14:30:00,000,1,612313254,
18/01/2026 14:45:00,000,-0,718299812,18/01/2026 14:45:00,000,1,612313254,
18/01/2026 15:00:00,000,-1,08731218,18/01/2026 15:00:00,000,0,7225482453,
18/01/2026 15:15:00,000,-1,59364321,18/01/2026 15:15:00,000,0,7225482453,
18/01/2026 15:30:00,000,-2,17412105,18/01/2026 15:30:00,000,0,7225482453,
18/01/2026 15:45:00,000,-2,80557383,18/01/2026 15:45:00,000,0,7225482453,
18/01/2026 16:00:00,000,-3,42250097,18/01/2026 16:00:00,000,-0,935603223,
18/01/2026 16:15:00,000,-3,94385862,18/01/2026 16:15:00,000,-0,935603223,
18/01/2026 16:30:00,000,-4,31469374,18/01/2026 16:30:00,000,-0,935603223,
18/01/2026 16:45:00,000,-4,59930815,18/01/2026 16:45:00,000,-0,935603223,
18/01/2026 17:00:00,000,-4,78840073,18/01/2026 17:00:00,000,-2,89602273,
18/01/2026 17:15:00,000,-4,75767396,18/01/2026 17:15:00,000,-2,89602273,
18/01/2026 17:30:00,000,-4,86644099,18/01/2026 17:30:00,000,-2,89602273,
18/01/2026 17:45:00,000,-4,86324316,18/01/2026 17:45:00,000,-2,89602273,
18/01/2026 18:00:00,000,-4,86134695,18/01/2026 18:00:00,000,-3,98918989,
18/01/2026 18:15:00,000,-4,93408825,18/01/2026 18:15:00,000,-3,98918989,
18/01/2026 18:30:00,000,-4,99534335,18/01/2026 18:30:00,000,-3,98918989,
18/01/2026 18:45:00,000,-5,23766132,18/01/2026 18:45:00,000,-3,98918989,
18/01/2026 19:00:00,000,-5,25359531,18/01/2026 19:00:00,000,-4,46319512,
18/01/2026 19:15:00,000,-5,2865489,18/01/2026 19:15:00,000,-4,46319512,
18/01/2026 19:30:00,000,-5,3968315,18/01/2026 19:30:00,000,-4,46319512,
18/01/2026 19:45:00,000,-5,56048348,18/01/2026 19:45:00,000,-4,46319512,
18/01/2026 20:00:00,000,-5,60378419,18/01/2026 20:00:00,000,-5,34072249,
18/01/2026 20:15:00,000,-5,71623896,18/01/2026 20:15:00,000,-5,34072249,
18/01/2026 20:30:00,000,-5,81554586,18/01/2026 20:30:00,000,-5,34072249,
18/01/2026 20:45:00,000,-5,96463339,18/01/2026 20:45:00,000,-5,34072249,
18/01/2026 21:00:00,000,-6,0774478,18/01/2026 21:00:00,000,-5,79681287,
18/01/2026 21:15:00,000,-5,98963013,18/01/2026 21:15:00,000,-5,79681287,
18/01/2026 21:30:00,000,-6,04420287,18/01/2026 21:30:00,000,-5,79681287,
18/01/2026 21:45:00,000,-6,35938659,18/01/2026 21:45:00,000,-5,79681287,
18/01/2026 22:00:00,000,-6,368865,18/01/2026 22:00:00,000,-5,85387518,
18/01/2026 22:15:00,000,-6,56898514,18/01/2026 22:15:00,000,-5,85387518,
18/01/2026 22:30:00,000,-6,51418431,18/01/2026 22:30:00,000,-5,85387518,
18/01/2026 22:45:00,000,-6,54657996,18/01/2026 22:45:00,000,-5,85387518,
18/01/2026 23:00:00,000,-6,75545543,18/01/2026 23:00:00,000,-6,29559971,
18/01/2026 23:15:00,000,-6,8446921,18/01/2026 23:15:00,000,-6,29559971,
18/01/2026 23:30:00,000,-6,91203577,18/01/2026 23:30:00,000,-6,29559971,
18/01/2026 23:45:00,000,-7,0348514,18/01/2026 23:45:00,000,-6,29559971,
19/01/2026 00:00:00,000,-7,04639201,19/01/2026 00:00:00,000,-6,6581019,
19/01/2026 00:15:00,000,-7,11415831,19/01/2026 00:15:00,000,-6,6581019,
19/01/2026 00:30:00,000,-7,30118074,19/01/2026 00:30:00,000,-6,6581019,
19/01/2026 00:45:00,000,-7,36049363,19/01/2026 00:45:00,000,-6,6581019,
19/01/2026 01:00:00,000,-7,6617159,19/01/2026 01:00:00,000,-6,79833733,
19/01/2026 01:15:00,000,-7,63401514,19/01/2026 01:15:00,000,-6,79833733,
19/01/2026 01:30:00,000,-7,56598987,19/01/2026 01:30:00,000,-6,79833733,
19/01/2026 01:45:00,000,-7,88671397,19/01/2026 01:45:00,000,-6,79833733,
19/01/2026 02:00:00,000,-7,93331972,19/01/2026 02:00:00,000,-7,56682712,
19/01/2026 02:15:00,000,-8,00699006,19/01/2026 02:15:00,000,-7,56682712,
19/01/2026 02:30:00,000,-7,95896876,19/01/2026 02:30:00,000,-7,56682712,
19/01/2026 02:45:00,000,-8,06461899,19/01/2026 02:45:00,000,-7,56682712,
19/01/2026 03:00:00,000,-7,963562,19/01/2026 03:00:00,000,-7,41335666,
19/01/2026 03:15:00,000,-8,07072254,19/01/2026 03:15:00,000,-7,41335666,
19/01/2026 03:30:00,000,-8,20076349,19/01/2026 03:30:00,000,-7,41335666,
19/01/2026 03:45:00,000,-8,29955885,19/01/2026 03:45:00,000,-7,41335666,
19/01/2026 04:00:00,000,-8,10623145,19/01/2026 04:00:00,000,-7,85739442,
19/01/2026 04:15:00,000,-8,44077729,19/01/2026 04:15:00,000,-7,85739442,
19/01/2026 04:30:00,000,-8,47660869,19/01/2026 04:30:00,000,-7,85739442,
19/01/2026 04:45:00,000,-8,52492776,19/01/2026 04:45:00,000,-7,85739442,
19/01/2026 05:00:00,000,-8,62663568,19/01/2026 05:00:00,000,-8,43160974,
19/01/2026 05:15:00,000,-8,58381353,19/01/2026 05:15:00,000,-8,43160974,
19/01/2026 05:30:00,000,-8,62022443,19/01/2026 05:30:00,000,-8,43160974,
19/01/2026 05:45:00,000,-8,65100199,19/01/2026 05:45:00,000,-8,43160974,
19/01/2026 06:00:00,000,-8,81350281,19/01/2026 06:00:00,000,-8,22214368,
19/01/2026 06:15:00,000,-8,97985536,19/01/2026 06:15:00,000,-8,22214368,
19/01/2026 06:30:00,000,-8,74511633,19/01/2026 06:30:00,000,-8,22214368,
19/01/2026 06:45:00,000,-8,92187106,19/01/2026 06:45:00,000,-8,22214368,
19/01/2026 07:00:00,000,-9,10557689,19/01/2026 07:00:00,000,-8,65718983,
19/01/2026 07:15:00,000,-9,07676129,19/01/2026 07:15:00,000,-8,65718983,
19/01/2026 07:30:00,000,-8,97050037,19/01/2026 07:30:00,000,-8,65718983,
19/01/2026 07:45:00,000,-9,01885932,19/01/2026 07:45:00,000,-8,65718983,
19/01/2026 08:00:00,000,-8,59047982,19/01/2026 08:00:00,000,-8,27254603,
19/01/2026 08:15:00,000,-8,32203657,19/01/2026 08:15:00,000,-8,27254603,
19/01/2026 08:30:00,000,-7,75332619,19/01/2026 08:30:00,000,-8,27254603,
19/01/2026 08:45:00,000,-6,9835401,19/01/2026 08:45:00,000,-8,27254603,
19/01/2026 09:00:00,000,-6,37767908,19/01/2026 09:00:00,000,-7,29402265,
19/01/2026 09:15:00,000,-5,98685362,19/01/2026 09:15:00,000,-7,29402265,
19/01/2026 09:30:00,000,-5,40952336,19/01/2026 09:30:00,000,-7,29402265,
19/01/2026 09:45:00,000,-5,08062433,19/01/2026 09:45:00,000,-7,29402265,
19/01/2026 10:00:00,000,-4,66024329,19/01/2026 10:00:00,000,-5,64727767,
19/01/2026 10:15:00,000,-4,3582821,19/01/2026 10:15:00,000,-5,64727767,
19/01/2026 10:30:00,000,-4,02647324,19/01/2026 10:30:00,000,-5,64727767,
19/01/2026 10:45:00,000,-3,62284285,19/01/2026 10:45:00,000,-5,64727767,
19/01/2026 11:00:00,000,-3,3956886,19/01/2026 11:00:00,000,-4,07800447,
19/01/2026 11:15:00,000,-3,10925616,19/01/2026 11:15:00,000,-4,07800447,
19/01/2026 11:30:00,000,-2,84510122,19/01/2026 11:30:00,000,-4,07800447,
19/01/2026 11:45:00,000,-2,59889389,19/01/2026 11:45:00,000,-4,07800447,
19/01/2026 12:00:00,000,-2,54925638,19/01/2026 12:00:00,000,-3,21920622,
19/01/2026 12:15:00,000,-2,33599706,19/01/2026 12:15:00,000,-3,21920622,
19/01/2026 12:30:00,000,-2,26817337,19/01/2026 12:30:00,000,-3,21920622,
19/01/2026 12:45:00,000,-2,13099736,19/01/2026 12:45:00,000,-3,21920622,
19/01/2026 13:00:00,000,-2,4294754,19/01/2026 13:00:00,000,-2,60160983,
19/01/2026 13:15:00,000,-2,46808442,19/01/2026 13:15:00,000,-2,60160983,
19/01/2026 13:30:00,000,-2,39176253,19/01/2026 13:30:00,000,-2,60160983,
19/01/2026 13:45:00,000,-2,31139386,19/01/2026 13:45:00,000,-2,60160983,
19/01/2026 14:00:00,000,-2,19821803,19/01/2026 14:00:00,000,-2,22170092,
19/01/2026 14:15:00,000,-2,19129148,19/01/2026 14:15:00,000,-2,22170092,
19/01/2026 14:30:00,000,-2,17696649,19/01/2026 14:30:00,000,-2,22170092,
19/01/2026 14:45:00,000,-2,41853191,19/01/2026 14:45:00,000,-2,22170092,
19/01/2026 15:00:00,000,-2,72117356,19/01/2026 15:00:00,000,-3,01024798,
19/01/2026 15:15:00,000,-3,15828746,19/01/2026 15:15:00,000,-3,01024798,
19/01/2026 15:30:00,000,-3,5985185,19/01/2026 15:30:00,000,-3,01024798,
19/01/2026 15:45:00,000,-4,23882438,19/01/2026 15:45:00,000,-3,01024798,
19/01/2026 16:00:00,000,-4,60600877,19/01/2026 16:00:00,000,-4,2996094,
19/01/2026 16:15:00,000,-5,03161489,19/01/2026 16:15:00,000,-4,2996094,
19/01/2026 16:30:00,000,-5,41790108,19/01/2026 16:30:00,000,-4,2996094,
19/01/2026 16:45:00,000,-5,59027264,19/01/2026 16:45:00,000,-4,2996094,
19/01/2026 17:00:00,000,-5,70443957,19/01/2026 17:00:00,000,-5,57723411,
19/01/2026 17:15:00,000,-5,79593918,19/01/2026 17:15:00,000,-5,57723411,
19/01/2026 17:30:00,000,-5,71497636,19/01/2026 17:30:00,000,-5,57723411,
19/01/2026 17:45:00,000,-5,88352881,19/01/2026 17:45:00,000,-5,57723411,
19/01/2026 18:00:00,000,-5,75833421,19/01/2026 18:00:00,000,-6,46412011,
19/01/2026 18:15:00,000,-5,8465422,19/01/2026 18:15:00,000,-6,46412011,
19/01/2026 18:30:00,000,-5,91688473,19/01/2026 18:30:00,000,-6,46412011,
19/01/2026 18:45:00,000,-6,135961,19/01/2026 18:45:00,000,-6,46412011,
19/01/2026 19:00:00,000,-6,34936546,19/01/2026 19:00:00,000,-7,09377793,
19/01/2026 19:15:00,000,-6,28206534,19/01/2026 19:15:00,000,-7,09377793,
19/01/2026 19:30:00,000,-6,41483375,19/01/2026 19:30:00,000,-7,09377793,
19/01/2026 19:45:00,000,-6,53072786,19/01/2026 19:45:00,000,-7,09377793,
19/01/2026 20:00:00,000,-6,62677221,19/01/2026 20:00:00,000,-7,64528847,
19/01/2026 20:15:00,000,-6,91976295,19/01/2026 20:15:00,000,-7,64528847,
19/01/2026 20:30:00,000,-7,0386206,19/01/2026 20:30:00,000,-7,64528847,
19/01/2026 20:45:00,000,-7,10077341,19/01/2026 20:45:00,000,-7,64528847,
19/01/2026 21:00:00,000,-6,99352872,19/01/2026 21:00:00,000,-8,15117428,
19/01/2026 21:15:00,000,-7,17024551,19/01/2026 21:15:00,000,-8,15117428,
19/01/2026 21:30:00,000,-7,05117391,19/01/2026 21:30:00,000,-8,15117428,
19/01/2026 21:45:00,000,-7,17596024,19/01/2026 21:45:00,000,-8,15117428,
19/01/2026 22:00:00,000,-7,39031402,19/01/2026 22:00:00,000,-8,57304929,
19/01/2026 22:15:00,000,-7,53792637,19/01/2026 22:15:00,000,-8,57304929,
19/01/2026 22:30:00,000,-7,6977718,19/01/2026 22:30:00,000,-8,57304929,
19/01/2026 22:45:00,000,-7,64812966,19/01/2026 22:45:00,000,-8,57304929,
19/01/2026 23:00:00,000,-7,69584235,19/01/2026 23:00:00,000,-8,83759275,
19/01/2026 23:15:00,000,-7,70563901,19/01/2026 23:15:00,000,-8,83759275,
19/01/2026 23:30:00,000,-7,7533051,19/01/2026 23:30:00,000,-8,83759275,
19/01/2026 23:45:00,000,-7,94799101,19/01/2026 23:45:00,000,-8,83759275,
20/01/2026 00:00:00,000,-8,16769104,20/01/2026 00:00:00,000,-9,27321065,
20/01/2026 00:15:00,000,-8,110668,20/01/2026 00:15:00,000,-9,27321065,
20/01/2026 00:30:00,000,-8,29626981,20/01/2026 00:30:00,000,-9,27321065,
20/01/2026 00:45:00,000,-8,28824504,20/01/2026 00:45:00,000,-9,27321065,
20/01/2026 01:00:00,000,-8,23819979,20/01/2026 01:00:00,000,-9,50447569,
20/01/2026 01:15:00,000,-8,22151961,20/01/2026 01:15:00,000,-9,50447569,
20/01/2026 01:30:00,000,-8,29191803,20/01/2026 01:30:00,000,-9,50447569,
20/01/2026 01:45:00,000,-8,42667241,20/01/2026 01:45:00,000,-9,50447569,
20/01/2026 02:00:00,000,-8,31851204,20/01/2026 02:00:00,000,-9,81063555,
20/01/2026 02:15:00,000,-8,61697824,20/01/2026 02:15:00,000,-9,81063555,
20/01/2026 02:30:00,000,-8,42751107,20/01/2026 02:30:00,000,-9,81063555,
20/01/2026 02:45:00,000,-8,67087482,20/01/2026 02:45:00,000,-9,81063555,
20/01/2026 03:00:00,000,-8,58414584,20/01/2026 03:00:00,000,-9,99109242,
20/01/2026 03:15:00,000,-8,4518752,20/01/2026 03:15:00,000,-9,99109242,
20/01/2026 03:30:00,000,-8,77588617,20/01/2026 03:30:00,000,-9,99109242,
20/01/2026 03:45:00,000,-8,60973792,20/01/2026 03:45:00,000,-9,99109242,
20/01/2026 04:00:00,000,-8,70447968,20/01/2026 04:00:00,000,-10,0227571,
20/01/2026 04:15:00,000,-8,86764414,20/01/2026 04:15:00,000,-10,0227571,
20/01/2026 04:30:00,000,-8,92367597,20/01/2026 04:30:00,000,-10,0227571,
20/01/2026 04:45:00,000,-8,92650795,20/01/2026 04:45:00,000,-10,0227571,
20/01/2026 05:00:00,000,-8,93666443,20/01/2026 05:00:00,000,-10,2751495,
20/01/2026 05:15:00,000,-9,03660455,20/01/2026 05:15:00,000,-10,2751495,
20/01/2026 05:30:00,000,-8,89752429,20/01/2026 05:30:00,000,-10,2751495,
20/01/2026 05:45:00,000,-9,10895702,20/01/2026 05:45:00,000,-10,2751495,
20/01/2026 06:00:00,000,-9,18860334,20/01/2026 06:00:00,000,-10,4191768,
20/01/2026 06:15:00,000,-9,17531425,20/01/2026 06:15:00,000,-10,4191768,
20/01/2026 06:30:00,000,-9,22282531,20/01/2026 06:30:00,000,-10,4191768,
20/01/2026 06:45:00,000,-9,48991463,20/01/2026 06:45:00,000,-10,4191768,
20/01/2026 07:00:00,000,-9,48214124,20/01/2026 07:00:00,000,-9,87768542,
20/01/2026 07:15:00,000,-9,45278984,20/01/2026 07:15:00,000,-9,87768542,
20/01/2026 07:30:00,000,-9,37094728,20/01/2026 07:30:00,000,-9,87768542,
20/01/2026 07:45:00,000,-9,55730345,20/01/2026 07:45:00,000,-9,87768542,
20/01/2026 08:00:00,000,-9,38176355,20/01/2026 08:00:00,000,-9,62223331,
20/01/2026 08:15:00,000,-9,00984232,20/01/2026 08:15:00,000,-9,62223331,
20/01/2026 08:30:00,000,-8,60508152,20/01/2026 08:30:00,000,-9,62223331,
20/01/2026 08:45:00,000,-7,94834084,20/01/2026 08:45:00,000,-9,62223331,
20/01/2026 09:00:00,000,-7,37747227,20/01/2026 09:00:00,000,-8,50452553,
20/01/2026 09:15:00,000,-6,72808198,20/01/2026 09:15:00,000,-8,50452553,
20/01/2026 09:30:00,000,-6,14754889,20/01/2026 09:30:00,000,-8,50452553,
20/01/2026 09:45:00,000,-5,8734628,20/01/2026 09:45:00,000,-8,50452553,
20/01/2026 10:00:00,000,-5,61156458,20/01/2026 10:00:00,000,-7,37053697,
20/01/2026 10:15:00,000,-5,17761566,20/01/2026 10:15:00,000,-7,37053697,
20/01/2026 10:30:00,000,-4,81851838,20/01/2026 10:30:00,000,-7,37053697,
20/01/2026 10:45:00,000,-4,42324092,20/01/2026 10:45:00,000,-7,37053697,
20/01/2026 11:00:00,000,-4,18597609,20/01/2026 11:00:00,000,-5,85617745,
20/01/2026 11:15:00,000,-3,7878211,20/01/2026 11:15:00,000,-5,85617745,
20/01/2026 11:30:00,000,-3,6130483,20/01/2026 11:30:00,000,-5,85617745,
20/01/2026 11:45:00,000,-3,31020048,20/01/2026 11:45:00,000,-5,85617745,
20/01/2026 12:00:00,000,-3,08751655,20/01/2026 12:00:00,000,-4,69031226,
20/01/2026 12:15:00,000,-2,79700128,20/01/2026 12:15:00,000,-4,69031226,
20/01/2026 12:30:00,000,-2,57157957,20/01/2026 12:30:00,000,-4,69031226,
20/01/2026 12:45:00,000,-2,42421537,20/01/2026 12:45:00,000,-4,69031226,
20/01/2026 13:00:00,000,-2,44086256,20/01/2026 13:00:00,000,-3,77463574,
20/01/2026 13:15:00,000,-2,38207621,20/01/2026 13:15:00,000,-3,77463574,
20/01/2026 13:30:00,000,-2,39726006,20/01/2026 13:30:00,000,-3,77463574,
20/01/2026 13:45:00,000,-2,21055413,20/01/2026 13:45:00,000,-3,77463574,
20/01/2026 14:00:00,000,-2,13997414,20/01/2026 14:00:00,000,-3,46042197,
20/01/2026 14:15:00,000,-2,07906884,20/01/2026 14:15:00,000,-3,46042197,
20/01/2026 14:30:00,000,-2,0896767,20/01/2026 14:30:00,000,-3,46042197,
20/01/2026 14:45:00,000,-2,27626501,20/01/2026 14:45:00,000,-3,46042197,
20/01/2026 15:00:00,000,-2,50590022,20/01/2026 15:00:00,000,-3,73121153,
20/01/2026 15:15:00,000,-2,88095099,20/01/2026 15:15:00,000,-3,73121153,
20/01/2026 15:30:00,000,-3,40797416,20/01/2026 15:30:00,000,-3,73121153,
20/01/2026 15:45:00,000,-3,82462709,20/01/2026 15:45:00,000,-3,73121153,
20/01/2026 16:00:00,000,-4,43147866,20/01/2026 16:00:00,000,-4,60765598,
20/01/2026 16:15:00,000,-4,73116437,20/01/2026 16:15:00,000,-4,60765598,
20/01/2026 16:30:00,000,-4,95823585,20/01/2026 16:30:00,000,-4,60765598,
20/01/2026 16:45:00,000,-5,31195822,20/01/2026 16:45:00,000,-4,60765598,
20/01/2026 17:00:00,000,-5,45062583,20/01/2026 17:00:00,000,-5,61087063,
20/01/2026 17:15:00,000,-5,43718689,20/01/2026 17:15:00,000,-5,61087063,
20/01/2026 17:30:00,000,-5,47505248,20/01/2026 17:30:00,000,-5,61087063,
20/01/2026 17:45:00,000,-5,60848293,20/01/2026 17:45:00,000,-5,61087063,
20/01/2026 18:00:00,000,-5,780448,20/01/2026 18:00:00,000,-6,33585362,
20/01/2026 18:15:00,000,-5,82347552,20/01/2026 18:15:00,000,-6,33585362,
20/01/2026 18:30:00,000,-5,72483042,20/01/2026 18:30:00,000,-6,33585362,
20/01/2026 18:45:00,000,-5,90005934,20/01/2026 18:45:00,000,-6,33585362,
20/01/2026 19:00:00,000,-6,24385839,20/01/2026 19:00:00,000,-7,0127692,
20/01/2026 19:15:00,000,-6,40701213,20/01/2026 19:15:00,000,-7,0127692,
20/01/2026 19:30:00,000,-6,36294905,20/01/2026 19:30:00,000,-7,0127692,
20/01/2026 19:45:00,000,-6,59837841,20/01/2026 19:45:00,000,-7,0127692,
20/01/2026 20:00:00,000,-6,57825586,20/01/2026 20:00:00,000,-7,55136132,
20/01/2026 20:15:00,000,-6,93303249,20/01/2026 20:15:00,000,-7,55136132,
20/01/2026 20:30:00,000,-7,05017182,20/01/2026 20:30:00,000,-7,55136132,
20/01/2026 20:45:00,000,-6,99171594,20/01/2026 20:45:00,000,-7,55136132,
20/01/2026 21:00:00,000,-7,07484457,20/01/2026 21:00:00,000,-7,63022223,
20/01/2026 21:15:00,000,-7,09341586,20/01/2026 21:15:00,000,-7,63022223,
20/01/2026 21:30:00,000,-7,16992688,20/01/2026 21:30:00,000,-7,63022223,
20/01/2026 21:45:00,000,-7,36274494,20/01/2026 21:45:00,000,-7,63022223,
20/01/2026 22:00:00,000,-7,54724305,20/01/2026 22:00:00,000,-7,50200574,
20/01/2026 22:15:00,000,-7,49723936,20/01/2026 22:15:00,000,-7,50200574,
20/01/2026 22:30:00,000,-7,70852073,20/01/2026 22:30:00,000,-7,50200574,
20/01/2026 22:45:00,000,-7,90322451,20/01/2026 22:45:00,000,-7,50200574,
20/01/2026 23:00:00,000,-7,88869784,20/01/2026 23:00:00,000,-7,99960354,
20/01/2026 23:15:00,000,-8,05775985,20/01/2026 23:15:00,000,-7,99960354,
20/01/2026 23:30:00,000,-7,99718539,20/01/2026 23:30:00,000,-7,99960354,
20/01/2026 23:45:00,000,-8,07155098,20/01/2026 23:45:00,000,-7,99960354,
21/01/2026 00:00:00,000,-8,0194725,21/01/2026 00:00:00,000,-8,08029678,
21/01/2026 00:15:00,000,-8,36584135,21/01/2026 00:15:00,000,-8,08029678,
21/01/2026 00:30:00,000,-8,32135208,21/01/2026 00:30:00,000,-8,08029678,
21/01/2026 00:45:00,000,-8,21730333,21/01/2026 00:45:00,000,-8,08029678,
21/01/2026 01:00:00,000,-8,29016738,21/01/2026 01:00:00,000,-7,99247188,
21/01/2026 01:15:00,000,-8,4327088,21/01/2026 01:15:00,000,-7,99247188,
21/01/2026 01:30:00,000,-8,5327344,21/01/2026 01:30:00,000,-7,99247188,
21/01/2026 01:45:00,000,-8,47908653,21/01/2026 01:45:00,000,-7,99247188,
21/01/2026 02:00:00,000,-8,44140386,21/01/2026 02:00:00,000,-7,82530853,
21/01/2026 02:15:00,000,-8,67027935,21/01/2026 02:15:00,000,-7,82530853,
21/01/2026 02:30:00,000,-8,52471035,21/01/2026 02:30:00,000,-7,82530853,
21/01/2026 02:45:00,000,-8,667428,21/01/2026 02:45:00,000,-7,82530853,
21/01/2026 03:00:00,000,-8,39269308,21/01/2026 03:00:00,000,-7,75772444,
21/01/2026 03:15:00,000,-8,43113474,21/01/2026 03:15:00,000,-7,75772444,
21/01/2026 03:30:00,000,-8,68456644,21/01/2026 03:30:00,000,-7,75772444,
21/01/2026 03:45:00,000,-8,71458649,21/01/2026 03:45:00,000,-7,75772444,
21/01/2026 04:00:00,000,-8,45289622,21/01/2026 04:00:00,000,-8,5589383,
21/01/2026 04:15:00,000,-8,6618406,21/01/2026 04:15:00,000,-8,5589383,
21/01/2026 04:30:00,000,-8,51294844,21/01/2026 04:30:00,000,-8,5589383,
21/01/2026 04:45:00,000,-8,779007,21/01/2026 04:45:00,000,-8,5589383,
21/01/2026 05:00:00,000,-8,777639,21/01/2026 05:00:00,000,-9,59682763,
21/01/2026 05:15:00,000,-8,84093516,21/01/2026 05:15:00,000,-9,59682763,
21/01/2026 05:30:00,000,-8,92794225,21/01/2026 05:30:00,000,-9,59682763,
21/01/2026 05:45:00,000,-8,90609508,21/01/2026 05:45:00,000,-9,59682763,
21/01/2026 06:00:00,000,-9,08167134,21/01/2026 06:00:00,000,-9,89785969,
21/01/2026 06:15:00,000,-8,88178812,21/01/2026 06:15:00,000,-9,89785969,
21/01/2026 06:30:00,000,-8,98461145,21/01/2026 06:30:00,000,-9,89785969,
21/01/2026 06:45:00,000,-8,88362327,21/01/2026 06:45:00,000,-9,89785969,
21/01/2026 07:00:00,000,-9,12547477,21/01/2026 07:00:00,000,-9,56047525,
21/01/2026 07:15:00,000,-9,18844567,21/01/2026 07:15:00,000,-9,56047525,
21/01/2026 07:30:00,000,-8,89206598,21/01/2026 07:30:00,000,-9,56047525,
21/01/2026 07:45:00,000,-8,90171303,21/01/2026 07:45:00,000,-9,56047525,
21/01/2026 08:00:00,000,-8,8336651,21/01/2026 08:00:00,000,-9,18899311,
21/01/2026 08:15:00,000,-8,50411467,21/01/2026 08:15:00,000,-9,18899311,
21/01/2026 08:30:00,000,-7,79702394,21/01/2026 08:30:00,000,-9,18899311,
21/01/2026 08:45:00,000,-7,13375972,21/01/2026 08:45:00,000,-9,18899311,
21/01/2026 09:00:00,000,-6,54322748,21/01/2026 09:00:00,000,-7,94954303,
21/01/2026 09:15:00,000,-5,8295634,21/01/2026 09:15:00,000,-7,94954303,
21/01/2026 09:30:00,000,-5,4454542,21/01/2026 09:30:00,000,-7,94954303,
21/01/2026 09:45:00,000,-4,95957272,21/01/2026 09:45:00,000,-7,94954303,
21/01/2026 10:00:00,000,-4,53373068,21/01/2026 10:00:00,000,-6,54134469,
21/01/2026 10:15:00,000,-4,23039933,21/01/2026 10:15:00,000,-6,54134469,
21/01/2026 10:30:00,000,-3,86385066,21/01/2026 10:30:00,000,-6,54134469,
21/01/2026 10:45:00,000,-3,38432946,21/01/2026 10:45:00,000,-6,54134469,
21/01/2026 11:00:00,000,-3,1723564,21/01/2026 11:00:00,000,-4,49681688,
21/01/2026 11:15:00,000,-2,87183642,21/01/2026 11:15:00,000,-4,49681688,
21/01/2026 11:30:00,000,-2,54245385,21/01/2026 11:30:00,000,-4,49681688,
21/01/2026 11:45:00,000,-2,37399184,21/01/2026 11:45:00,000,-4,49681688,
21/01/2026 12:00:00,000,-2,15487122,21/01/2026 12:00:00,000,-3,05053848,
21/01/2026 12:15:00,000,-2,01506372,21/01/2026 12:15:00,000,-3,05053848,
21/01/2026 12:30:00,000,-1,90665885,21/01/2026 12:30:00,000,-3,05053848,
21/01/2026 12:45:00,000,-1,7657911,21/01/2026 12:45:00,000,-3,05053848,
21/01/2026 13:00:00,000,-1,89597273,21/01/2026 13:00:00,000,-2,48770847,
21/01/2026 13:15:00,000,-1,80695714,21/01/2026 13:15:00,000,-2,48770847,
21/01/2026 13:30:00,000,-1,72901565,21/01/2026 13:30:00,000,-2,48770847,
21/01/2026 13:45:00,000,-1,5975718,21/01/2026 13:45:00,000,-2,48770847,
21/01/2026 14:00:00,000,-1,54508194,21/01/2026 14:00:00,000,-2,18927483,
21/01/2026 14:15:00,000,-1,56195708,21/01/2026 14:15:00,000,-2,18927483,
21/01/2026 14:30:00,000,-1,63316229,21/01/2026 14:30:00,000,-2,18927483,
21/01/2026 14:45:00,000,-1,78777663,21/01/2026 14:45:00,000,-2,18927483,
21/01/2026 15:00:00,000,-2,10109045,21/01/2026 15:00:00,000,-2,97602434,
21/01/2026 15:15:00,000,-2,46209128,21/01/2026 15:15:00,000,-2,97602434,
21/01/2026 15:30:00,000,-2,84587491,21/01/2026 15:30:00,000,-2,97602434,
21/01/2026 15:45:00,000,-3,30805675,21/01/2026 15:45:00,000,-2,97602434,
21/01/2026 16:00:00,000,-3,60993776,21/01/2026 16:00:00,000,-4,04966543,
21/01/2026 16:15:00,000,-4,01249689,21/01/2026 16:15:00,000,-4,04966543,
21/01/2026 16:30:00,000,-4,25834373,21/01/2026 16:30:00,000,-4,04966543,
21/01/2026 16:45:00,000,-4,44437188,21/01/2026 16:45:00,000,-4,04966543,
21/01/2026 17:00:00,000,-4,54198467,21/01/2026 17:00:00,000,-4,42662101,
21/01/2026 17:15:00,000,-4,61407659,21/01/2026 17:15:00,000,-4,42662101,
21/01/2026 17:30:00,000,-4,63452793,21/01/2026 17:30:00,000,-4,42662101,
21/01/2026 17:45:00,000,-4,73420923,21/01/2026 17:45:00,000,-4,42662101,
21/01/2026 18:00:00,000,-4,71160465,21/01/2026 18:00:00,000,-4,31065721,
21/01/2026 18:15:00,000,-4,69810699,21/01/2026 18:15:00,000,-4,31065721,
21/01/2026 18:30:00,000,-4,94276158,21/01/2026 18:30:00,000,-4,31065721,
21/01/2026 18:45:00,000,-4,91077903,21/01/2026 18:45:00,000,-4,31065721,
21/01/2026 19:00:00,000,-5,46599344,21/01/2026 19:00:00,000,-5,15204524,
21/01/2026 19:15:00,000,-5,44876291,21/01/2026 19:15:00,000,-5,15204524,
21/01/2026 19:30:00,000,-5,4691349,21/01/2026 19:30:00,000,-5,15204524,
21/01/2026 19:45:00,000,-5,5221174,21/01/2026 19:45:00,000,-5,15204524,
21/01/2026 20:00:00,000,-5,72945273,21/01/2026 20:00:00,000,-6,15864666,
21/01/2026 20:15:00,000,-5,69014203,21/01/2026 20:15:00,000,-6,15864666,
21/01/2026 20:30:00,000,-6,02215775,21/01/2026 20:30:00,000,-6,15864666,
21/01/2026 20:45:00,000,-5,91588649,21/01/2026 20:45:00,000,-6,15864666,
21/01/2026 21:00:00,000,-6,10366369,21/01/2026 21:00:00,000,-6,25571167,
21/01/2026 21:15:00,000,-6,24665316,21/01/2026 21:15:00,000,-6,25571167,
21/01/2026 21:30:00,000,-6,25551941,21/01/2026 21:30:00,000,-6,25571167,
21/01/2026 21:45:00,000,-6,33499551,21/01/2026 21:45:00,000,-6,25571167,
21/01/2026 22:00:00,000,-6,36060264,21/01/2026 22:00:00,000,-6,81808085,
21/01/2026 22:15:00,000,-6,39996436,21/01/2026 22:15:00,000,-6,81808085,
21/01/2026 22:30:00,000,-6,61582694,21/01/2026 22:30:00,000,-6,81808085,
21/01/2026 22:45:00,000,-6,45201092,21/01/2026 22:45:00,000,-6,81808085,
21/01/2026 23:00:00,000,-6,71024229,21/01/2026 23:00:00,000,-7,01682727,
21/01/2026 23:15:00,000,-6,73596504,21/01/2026 23:15:00,000,-7,01682727,
21/01/2026 23:30:00,000,-6,81075493,21/01/2026 23:30:00,000,-7,01682727,
21/01/2026 23:45:00,000,-6,68092439,21/01/2026 23:45:00,000,-7,01682727,
22/01/2026 00:00:00,000,-6,70730699,22/01/2026 00:00:00,000,-6,76691653,
22/01/2026 00:15:00,000,-6,76600851,22/01/2026 00:15:00,000,-6,76691653,
22/01/2026 00:30:00,000,-6,9754243,22/01/2026 00:30:00,000,-6,76691653,
22/01/2026 00:45:00,000,-6,95801098,22/01/2026 00:45:00,000,-6,76691653,
22/01/2026 01:00:00,000,-7,05953672,22/01/2026 01:00:00,000,-7,01185363,
22/01/2026 01:15:00,000,-6,9829428,22/01/2026 01:15:00,000,-7,01185363,
22/01/2026 01:30:00,000,-6,92956428,22/01/2026 01:30:00,000,-7,01185363,
22/01/2026 01:45:00,000,-7,01209687,22/01/2026 01:45:00,000,-7,01185363,
22/01/2026 02:00:00,000,-7,06910144,22/01/2026 02:00:00,000,-7,59061264,
22/01/2026 02:15:00,000,-7,21614784,22/01/2026 02:15:00,000,-7,59061264,
22/01/2026 02:30:00,000,-7,05873162,22/01/2026 02:30:00,000,-7,59061264,
22/01/2026 02:45:00,000,-7,00987622,22/01/2026 02:45:00,000,-7,59061264,
22/01/2026 03:00:00,000,-7,07193265,22/01/2026 03:00:00,000,-7,47579109,
22/01/2026 03:15:00,000,-7,03264501,22/01/2026 03:15:00,000,-7,47579109,
22/01/2026 03:30:00,000,-6,87322311,22/01/2026 03:30:00,000,-7,47579109,
22/01/2026 03:45:00,000,-6,81214198,22/01/2026 03:45:00,000,-7,47579109,
22/01/2026 04:00:00,000,-6,81755912,22/01/2026 04:00:00,000,-7,45025275,
22/01/2026 04:15:00,000,-7,08577872,22/01/2026 04:15:00,000,-7,45025275,
22/01/2026 04:30:00,000,-7,17932277,22/01/2026 04:30:00,000,-7,45025275,
22/01/2026 04:45:00,000,-7,16774749,22/01/2026 04:45:00,000,-7,45025275,
22/01/2026 05:00:00,000,-7,35353554,22/01/2026 05:00:00,000,-6,92524422,
22/01/2026 05:15:00,000,-7,57186584,22/01/2026 05:15:00,000,-6,92524422,
22/01/2026 05:30:00,000,-7,40574367,22/01/2026 05:30:00,000,-6,92524422,
22/01/2026 05:45:00,000,-7,67843469,22/01/2026 05:45:00,000,-6,92524422,
22/01/2026 06:00:00,000,-7,55872961,22/01/2026 06:00:00,000,-6,28652102,
22/01/2026 06:15:00,000,-7,7798584,22/01/2026 06:15:00,000,-6,28652102,
22/01/2026 06:30:00,000,-7,87560314,22/01/2026 06:30:00,000,-6,28652102,
22/01/2026 06:45:00,000,-7,75596812,22/01/2026 06:45:00,000,-6,28652102,
22/01/2026 07:00:00,000,-7,92983331,22/01/2026 07:00:00,000,-6,42744087,
22/01/2026 07:15:00,000,-8,02638806,22/01/2026 07:15:00,000,-6,42744087,
22/01/2026 07:30:00,000,-7,73963993,22/01/2026 07:30:00,000,-6,42744087,
22/01/2026 07:45:00,000,-7,74989772,22/01/2026 07:45:00,000,-6,42744087,
22/01/2026 08:00:00,000,-7,68348213,22/01/2026 08:00:00,000,-5,86517415,
22/01/2026 08:15:00,000,-7,1445671,22/01/2026 08:15:00,000,-5,86517415,
22/01/2026 08:30:00,000,-6,86531534,22/01/2026 08:30:00,000,-5,86517415,
22/01/2026 08:45:00,000,-6,30504865,22/01/2026 08:45:00,000,-5,86517415,
22/01/2026 09:00:00,000,-5,60417739,22/01/2026 09:00:00,000,-5,08716671,
22/01/2026 09:15:00,000,-5,2898109,22/01/2026 09:15:00,000,-5,08716671,
22/01/2026 09:30:00,000,-4,86365917,22/01/2026 09:30:00,000,-5,08716671,
22/01/2026 09:45:00,000,-4,64526803,22/01/2026 09:45:00,000,-5,08716671,
22/01/2026 10:00:00,000,-4,28951184,22/01/2026 10:00:00,000,-4,16047636,
22/01/2026 10:15:00,000,-3,89807157,22/01/2026 10:15:00,000,-4,16047636,
22/01/2026 10:30:00,000,-3,58249039,22/01/2026 10:30:00,000,-4,16047636,
22/01/2026 10:45:00,000,-3,1798838,22/01/2026 10:45:00,000,-4,16047636,
22/01/2026 11:00:00,000,-2,92538149,22/01/2026 11:00:00,000,-3,49161374,
22/01/2026 11:15:00,000,-2,54190343,22/01/2026 11:15:00,000,-3,49161374,
22/01/2026 11:30:00,000,-2,37551604,22/01/2026 11:30:00,000,-3,49161374,
22/01/2026 11:45:00,000,-2,13772067,22/01/2026 11:45:00,000,-3,49161374,
22/01/2026 12:00:00,000,-1,93889575,22/01/2026 12:00:00,000,-2,88155848,
22/01/2026 12:15:00,000,-1,83177188,22/01/2026 12:15:00,000,-2,88155848,
22/01/2026 12:30:00,000,-1,65718944,22/01/2026 12:30:00,000,-2,88155848,
22/01/2026 12:45:00,000,-1,570468,22/01/2026 12:45:00,000,-2,88155848,
22/01/2026 13:00:00,000,-1,73998807,22/01/2026 13:00:00,000,-1,92358955,
22/01/2026 13:15:00,000,-1,67345141,22/01/2026 13:15:00,000,-1,92358955,
22/01/2026 13:30:00,000,-1,57256623,22/01/2026 13:30:00,000,-1,92358955,
22/01/2026 13:45:00,000,-1,45490672,22/01/2026 13:45:00,000,-1,92358955,
22/01/2026 14:00:00,000,-1,32375906,22/01/2026 14:00:00,000,-1,19186986,
22/01/2026 14:15:00,000,-1,21368665,22/01/2026 14:15:00,000,-1,19186986,
22/01/2026 14:30:00,000,-1,16265424,22/01/2026 14:30:00,000,-1,19186986,
22/01/2026 14:45:00,000,-1,20002865,22/01/2026 14:45:00,000,-1,19186986,
22/01/2026 15:00:00,000,-1,29563874,22/01/2026 15:00:00,000,-1,0524225,
22/01/2026 15:15:00,000,-1,49072199,22/01/2026 15:15:00,000,-1,0524225,
22/01/2026 15:30:00,000,-1,72710754,22/01/2026 15:30:00,000,-1,0524225,
22/01/2026 15:45:00,000,-2,12209988,22/01/2026 15:45:00,000,-1,0524225,
22/01/2026 16:00:00,000,-2,42055945,22/01/2026 16:00:00,000,-1,20229029,
22/01/2026 16:15:00,000,-2,7727018,22/01/2026 16:15:00,000,-1,20229029,
22/01/2026 16:30:00,000,-3,04052665,22/01/2026 16:30:00,000,-1,20229029,
22/01/2026 16:45:00,000,-3,23488887,22/01/2026 16:45:00,000,-1,20229029,
22/01/2026 17:00:00,000,-3,28013395,22/01/2026 17:00:00,000,-1,54545867,
22/01/2026 17:15:00,000,-3,31581931,22/01/2026 17:15:00,000,-1,54545867,
22/01/2026 17:30:00,000,-3,4076161,22/01/2026 17:30:00,000,-1,54545867,
22/01/2026 17:45:00,000,-3,41395738,22/01/2026 17:45:00,000,-1,54545867,
22/01/2026 18:00:00,000,-3,46829948,22/01/2026 18:00:00,000,-2,09453047,
22/01/2026 18:15:00,000,-3,58749366,22/01/2026 18:15:00,000,-2,09453047,
22/01/2026 18:30:00,000,-3,52380635,22/01/2026 18:30:00,000,-2,09453047,
22/01/2026 18:45:00,000,-3,70967078,22/01/2026 18:45:00,000,-2,09453047,
22/01/2026 19:00:00,000,-3,97257014,22/01/2026 19:00:00,000,-2,77899742,
22/01/2026 19:15:00,000,-4,05399942,22/01/2026 19:15:00,000,-2,77899742,
22/01/2026 19:30:00,000,-3,95974345,22/01/2026 19:30:00,000,-2,77899742,
22/01/2026 19:45:00,000,-4,06516629,22/01/2026 19:45:00,000,-2,77899742,
22/01/2026 20:00:00,000,-4,15902351,22/01/2026 20:00:00,000,-3,0961586,
22/01/2026 20:15:00,000,-4,25203823,22/01/2026 20:15:00,000,-3,0961586,
22/01/2026 20:30:00,000,-4,34493873,22/01/2026 20:30:00,000,-3,0961586,
22/01/2026 20:45:00,000,-4,38103638,22/01/2026 20:45:00,000,-3,0961586,
22/01/2026 21:00:00,000,-4,37998575,22/01/2026 21:00:00,000,-2,77161955,
22/01/2026 21:15:00,000,-4,50558978,22/01/2026 21:15:00,000,-2,77161955,
22/01/2026 21:30:00,000,-4,50429551,22/01/2026 21:30:00,000,-2,77161955,
22/01/2026 21:45:00,000,-4,54925254,22/01/2026 21:45:00,000,-2,77161955,
22/01/2026 22:00:00,000,-4,71741807,22/01/2026 22:00:00,000,-2,55446899,
22/01/2026 22:15:00,000,-4,77324764,22/01/2026 22:15:00,000,-2,55446899,
22/01/2026 22:30:00,000,-4,70141143,22/01/2026 22:30:00,000,-2,55446899,
22/01/2026 22:45:00,000,-4,9366874,22/01/2026 22:45:00,000,-2,55446899,
22/01/2026 23:00:00,000,-4,94117181,22/01/2026 23:00:00,000,-2,36094523,
22/01/2026 23:15:00,000,-5,120174,22/01/2026 23:15:00,000,-2,36094523,
22/01/2026 23:30:00,000,-5,16329436,22/01/2026 23:30:00,000,-2,36094523,
22/01/2026 23:45:00,000,-5,27524447,22/01/2026 23:45:00,000,-2,36094523,
23/01/2026 00:00:00,000,-5,25113609,23/01/2026 00:00:00,000,-2,16694263,
23/01/2026 00:15:00,000,-5,4736293,23/01/2026 00:15:00,000,-2,16694263,
23/01/2026 00:30:00,000,-5,44400907,23/01/2026 00:30:00,000,-2,16694263,
23/01/2026 00:45:00,000,-5,32278869,23/01/2026 00:45:00,000,-2,16694263,
23/01/2026 01:00:00,000,-5,17437704,23/01/2026 01:00:00,000,-2,05495035,
23/01/2026 01:15:00,000,-5,08043102,23/01/2026 01:15:00,000,-2,05495035,
23/01/2026 01:30:00,000,-5,22867948,23/01/2026 01:30:00,000,-2,05495035,
23/01/2026 01:45:00,000,-5,15978346,23/01/2026 01:45:00,000,-2,05495035,
23/01/2026 02:00:00,000,-5,32877301,23/01/2026 02:00:00,000,-2,04547241,
23/01/2026 02:15:00,000,-5,3366252,23/01/2026 02:15:00,000,-2,04547241,
23/01/2026 02:30:00,000,-5,39487911,23/01/2026 02:30:00,000,-2,04547241,
23/01/2026 02:45:00,000,-5,53650856,23/01/2026 02:45:00,000,-2,04547241,
23/01/2026 03:00:00,000,-5,47958884,23/01/2026 03:00:00,000,-2,12371662,
23/01/2026 03:15:00,000,-5,41232677,23/01/2026 03:15:00,000,-2,12371662,
23/01/2026 03:30:00,000,-5,46366983,23/01/2026 03:30:00,000,-2,12371662,
23/01/2026 03:45:00,000,-5,24729585,23/01/2026 03:45:00,000,-2,12371662,
23/01/2026 04:00:00,000,-5,40076004,23/01/2026 04:00:00,000,-2,00690272,
23/01/2026 04:15:00,000,-5,20104119,23/01/2026 04:15:00,000,-2,00690272,
23/01/2026 04:30:00,000,-5,27140142,23/01/2026 04:30:00,000,-2,00690272,
23/01/2026 04:45:00,000,-5,32144855,23/01/2026 04:45:00,000,-2,00690272,
23/01/2026 05:00:00,000,-5,21817801,23/01/2026 05:00:00,000,-2,06053177,
23/01/2026 05:15:00,000,-5,33971447,23/01/2026 05:15:00,000,-2,06053177,
23/01/2026 05:30:00,000,-5,24389514,23/01/2026 05:30:00,000,-2,06053177,
23/01/2026 05:45:00,000,-5,33556963,23/01/2026 05:45:00,000,-2,06053177,
23/01/2026 06:00:00,000,-5,32101717,23/01/2026 06:00:00,000,-2,12939783,
23/01/2026 06:15:00,000,-5,52301742,23/01/2026 06:15:00,000,-2,12939783,
23/01/2026 06:30:00,000,-5,67062542,23/01/2026 06:30:00,000,-2,12939783,
23/01/2026 06:45:00,000,-5,65427702,23/01/2026 06:45:00,000,-2,12939783,
23/01/2026 07:00:00,000,-5,82639827,23/01/2026 07:00:00,000,-1,94543421,
23/01/2026 07:15:00,000,-5,78373865,23/01/2026 07:15:00,000,-1,94543421,
23/01/2026 07:30:00,000,-5,76784435,23/01/2026 07:30:00,000,-1,94543421,
23/01/2026 07:45:00,000,-5,67796972,23/01/2026 07:45:00,000,-1,94543421,
23/01/2026 08:00:00,000,-5,46384512,23/01/2026 08:00:00,000,-1,51783728,
23/01/2026 08:15:00,000,-5,00216044,23/01/2026 08:15:00,000,-1,51783728,
23/01/2026 08:30:00,000,-4,61297162,23/01/2026 08:30:00,000,-1,51783728,
23/01/2026 08:45:00,000,-4,08643299,23/01/2026 08:45:00,000,-1,51783728,
23/01/2026 09:00:00,000,-3,59089658,23/01/2026 09:00:00,000,-0,919770734,
23/01/2026 09:15:00,000,-3,31493463,23/01/2026 09:15:00,000,-0,919770734,
23/01/2026 09:30:00,000,-3,02797953,23/01/2026 09:30:00,000,-0,919770734,
23/01/2026 09:45:00,000,-2,76781973,23/01/2026 09:45:00,000,-0,919770734,
23/01/2026 10:00:00,000,-2,60356833,23/01/2026 10:00:00,000,-0,405783918,
23/01/2026 10:15:00,000,-2,32653856,23/01/2026 10:15:00,000,-0,405783918,
23/01/2026 10:30:00,000,-2,16179062,23/01/2026 10:30:00,000,-0,405783918,
23/01/2026 10:45:00,000,-1,93217333,23/01/2026 10:45:00,000,-0,405783918,
23/01/2026 11:00:00,000,-1,72792983,23/01/2026 11:00:00,000,0,0393702782,
23/01/2026 11:15:00,000,-1,52320237,23/01/2026 11:15:00,000,0,0393702782,
23/01/2026 11:30:00,000,-1,32962237,23/01/2026 11:30:00,000,0,0393702782,
23/01/2026 11:45:00,000,-1,17673507,23/01/2026 11:45:00,000,0,0393702782,
23/01/2026 12:00:00,000,-0,999403539,23/01/2026 12:00:00,000,0,364673503,
23/01/2026 12:15:00,000,-0,843595619,23/01/2026 12:15:00,000,0,364673503,
23/01/2026 12:30:00,000,-0,687259492,23/01/2026 12:30:00,000,0,364673503,
23/01/2026 12:45:00,000,-0,589119005,23/01/2026 12:45:00,000,0,364673503,
23/01/2026 13:00:00,000,-0,579168596,23/01/2026 13:00:00,000,0,7405318343,
23/01/2026 13:15:00,000,-0,548553972,23/01/2026 13:15:00,000,0,7405318343,
23/01/2026 13:30:00,000,-0,521460089,23/01/2026 13:30:00,000,0,7405318343,
23/01/2026 13:45:00,000,-0,404603685,23/01/2026 13:45:00,000,0,7405318343,
23/01/2026 14:00:00,000,-0,32053764,23/01/2026 14:00:00,000,1,063242881,
23/01/2026 14:15:00,000,-0,282363656,23/01/2026 14:15:00,000,1,063242881,
23/01/2026 14:30:00,000,-0,295072251,23/01/2026 14:30:00,000,1,063242881,
23/01/2026 14:45:00,000,-0,299695956,23/01/2026 14:45:00,000,1,063242881,
23/01/2026 15:00:00,000,-0,338705223,23/01/2026 15:00:00,000,1,303100445,
23/01/2026 15:15:00,000,-0,38593842,23/01/2026 15:15:00,000,1,303100445,
23/01/2026 15:30:00,000,-0,43348072,23/01/2026 15:30:00,000,1,303100445,
23/01/2026 15:45:00,000,-0,559141296,23/01/2026 15:45:00,000,1,303100445,
23/01/2026 16:00:00,000,-0,638863861,23/01/2026 16:00:00,000,1,062409822,
23/01/2026 16:15:00,000,-0,700949872,23/01/2026 16:15:00,000,1,062409822,
23/01/2026 16:30:00,000,-0,707279304,23/01/2026 16:30:00,000,1,062409822,
23/01/2026 16:45:00,000,-0,650683724,23/01/2026 16:45:00,000,1,062409822,
23/01/2026 17:00:00,000,-0,555649509,23/01/2026 17:00:00,000,0,9231574447,
23/01/2026 17:15:00,000,-0,467231487,23/01/2026 17:15:00,000,0,9231574447,
23/01/2026 17:30:00,000,-0,34904305,23/01/2026 17:30:00,000,0,9231574447,
23/01/2026 17:45:00,000,-0,371282187,23/01/2026 17:45:00,000,0,9231574447,
23/01/2026 18:00:00,000,-0,396728441,23/01/2026 18:00:00,000,1,017925443,
23/01/2026 18:15:00,000,-0,407929626,23/01/2026 18:15:00,000,1,017925443,
23/01/2026 18:30:00,000,-0,433103967,23/01/2026 18:30:00,000,1,017925443,
23/01/2026 18:45:00,000,-0,529336831,23/01/2026 18:45:00,000,1,017925443,
23/01/2026 19:00:00,000,-0,608265976,23/01/2026 19:00:00,000,1,011773559,
23/01/2026 19:15:00,000,-0,602752892,23/01/2026 19:15:00,000,1,011773559,
23/01/2026 19:30:00,000,-0,621097481,23/01/2026 19:30:00,000,1,011773559,
23/01/2026 19:45:00,000,-0,693216908,23/01/2026 19:45:00,000,1,011773559,
23/01/2026 20:00:00,000,-0,810456179,23/01/2026 20:00:00,000,0,7188072216,
23/01/2026 20:15:00,000,-0,914510119,23/01/2026 20:15:00,000,0,7188072216,
23/01/2026 20:30:00,000,-1,02156454,23/01/2026 20:30:00,000,0,7188072216,
23/01/2026 20:45:00,000,-1,06503368,23/01/2026 20:45:00,000,0,7188072216,
23/01/2026 21:00:00,000,-1,10089981,23/01/2026 21:00:00,000,0,5590192662,
23/01/2026 21:15:00,000,-1,14362014,23/01/2026 21:15:00,000,0,5590192662,
23/01/2026 21:30:00,000,-1,20587866,23/01/2026 21:30:00,000,0,5590192662,
23/01/2026 21:45:00,000,-1,29395969,23/01/2026 21:45:00,000,0,5590192662,
23/01/2026 22:00:00,000,-1,34155956,23/01/2026 22:00:00,000,0,6205072362,
23/01/2026 22:15:00,000,-1,43183781,23/01/2026 22:15:00,000,0,6205072362,
23/01/2026 22:30:00,000,-1,49676948,23/01/2026 22:30:00,000,0,6205072362,
23/01/2026 22:45:00,000,-1,51081445,23/01/2026 22:45:00,000,0,6205072362,
23/01/2026 23:00:00,000,-1,59442338,23/01/2026 23:00:00,000,0,6249759669,
23/01/2026 23:15:00,000,-1,61681037,23/01/2026 23:15:00,000,0,6249759669,
23/01/2026 23:30:00,000,-1,68007009,23/01/2026 23:30:00,000,0,6249759669,
23/01/2026 23:45:00,000,-1,62736923,23/01/2026 23:45:00,000,0,6249759669,
24/01/2026 00:00:00,000,-1,69305459,24/01/2026 00:00:00,000,0,568675215,
24/01/2026 00:15:00,000,-1,7069103,24/01/2026 00:15:00,000,0,568675215,
24/01/2026 00:30:00,000,-1,72699817,24/01/2026 00:30:00,000,0,568675215,
24/01/2026 00:45:00,000,-1,60173243,24/01/2026 00:45:00,000,0,568675215,
24/01/2026 01:00:00,000,-1,40195415,24/01/2026 01:00:00,000,0,6593867158,
24/01/2026 01:15:00,000,-1,35519605,24/01/2026 01:15:00,000,0,6593867158,
24/01/2026 01:30:00,000,-1,30606123,24/01/2026 01:30:00,000,0,6593867158,
24/01/2026 01:45:00,000,-1,37951319,24/01/2026 01:45:00,000,0,6593867158,
24/01/2026 02:00:00,000,-1,42345645,24/01/2026 02:00:00,000,0,678332422,
24/01/2026 02:15:00,000,-1,44116602,24/01/2026 02:15:00,000,0,678332422,
24/01/2026 02:30:00,000,-1,50513053,24/01/2026 02:30:00,000,0,678332422,
24/01/2026 02:45:00,000,-1,44163501,24/01/2026 02:45:00,000,0,678332422,
24/01/2026 03:00:00,000,-1,4052692,24/01/2026 03:00:00,000,0,6412310271,
24/01/2026 03:15:00,000,-1,36772994,24/01/2026 03:15:00,000,0,6412310271,
24/01/2026 03:30:00,000,-1,33886259,24/01/2026 03:30:00,000,0,6412310271,
24/01/2026 03:45:00,000,-1,31272277,24/01/2026 03:45:00,000,0,6412310271,
24/01/2026 04:00:00,000,-1,28456016,24/01/2026 04:00:00,000,0,5639871226,
24/01/2026 04:15:00,000,-1,27130741,24/01/2026 04:15:00,000,0,5639871226,
24/01/2026 04:30:00,000,-1,23744798,24/01/2026 04:30:00,000,0,5639871226,
24/01/2026 04:45:00,000,-1,20982179,24/01/2026 04:45:00,000,0,5639871226,
24/01/2026 05:00:00,000,-1,22304855,24/01/2026 05:00:00,000,0,5327133258,
24/01/2026 05:15:00,000,-1,18649442,24/01/2026 05:15:00,000,0,5327133258,
24/01/2026 05:30:00,000,-1,20179336,24/01/2026 05:30:00,000,0,5327133258,
24/01/2026 05:45:00,000,-1,21603601,24/01/2026 05:45:00,000,0,5327133258,
24/01/2026 06:00:00,000,-1,20886222,24/01/2026 06:00:00,000,0,5967376992,
24/01/2026 06:15:00,000,-1,23122975,24/01/2026 06:15:00,000,0,5967376992,
24/01/2026 06:30:00,000,-1,25209592,24/01/2026 06:30:00,000,0,5967376992,
24/01/2026 06:45:00,000,-1,2339935,24/01/2026 06:45:00,000,0,5967376992,
24/01/2026 07:00:00,000,-1,26569641,24/01/2026 07:00:00,000,0,6753808951,
24/01/2026 07:15:00,000,-1,27264901,24/01/2026 07:15:00,000,0,6753808951,
24/01/2026 07:30:00,000,-1,24826276,24/01/2026 07:30:00,000,0,6753808951,
24/01/2026 07:45:00,000,-1,27940162,24/01/2026 07:45:00,000,0,6753808951,
24/01/2026 08:00:00,000,-1,36453083,24/01/2026 08:00:00,000,0,8577685891,
24/01/2026 08:15:00,000,-1,4020223,24/01/2026 08:15:00,000,0,8577685891,
24/01/2026 08:30:00,000,-1,44175674,24/01/2026 08:30:00,000,0,8577685891,
24/01/2026 08:45:00,000,-1,39384428,24/01/2026 08:45:00,000,0,8577685891,
24/01/2026 09:00:00,000,-1,34447498,24/01/2026 09:00:00,000,1,140704442,
24/01/2026 09:15:00,000,-1,28017767,24/01/2026 09:15:00,000,1,140704442,
24/01/2026 09:30:00,000,-1,22565797,24/01/2026 09:30:00,000,1,140704442,
24/01/2026 09:45:00,000,-1,16240002,24/01/2026 09:45:00,000,1,140704442,
24/01/2026 10:00:00,000,-1,08324088,24/01/2026 10:00:00,000,1,329754201,
24/01/2026 10:15:00,000,-1,02149284,24/01/2026 10:15:00,000,1,329754201,
24/01/2026 10:30:00,000,-0,942304169,24/01/2026 10:30:00,000,1,329754201,
24/01/2026 10:45:00,000,-0,895101275,24/01/2026 10:45:00,000,1,329754201,
24/01/2026 11:00:00,000,-0,81809009,24/01/2026 11:00:00,000,1,501872248,
24/01/2026 11:15:00,000,-0,788290822,24/01/2026 11:15:00,000,1,501872248,
24/01/2026 11:30:00,000,-0,731163398,24/01/2026 11:30:00,000,1,501872248,
24/01/2026 11:45:00,000,-0,682164379,24/01/2026 11:45:00,000,1,501872248,
24/01/2026 12:00:00,000,-0,649902285,24/01/2026 12:00:00,000,1,525142597,
24/01/2026 12:15:00,000,-0,600520633,24/01/2026 12:15:00,000,1,525142597,
24/01/2026 12:30:00,000,-0,554600667,24/01/2026 12:30:00,000,1,525142597,
24/01/2026 12:45:00,000,-0,507940945,24/01/2026 12:45:00,000,1,525142597,
24/01/2026 13:00:00,000,-0,436506628,24/01/2026 13:00:00,000,1,591503955,
24/01/2026 13:15:00,000,-0,403002014,24/01/2026 13:15:00,000,1,591503955,
24/01/2026 13:30:00,000,-0,369927305,24/01/2026 13:30:00,000,1,591503955,
24/01/2026 13:45:00,000,-0,219875261,24/01/2026 13:45:00,000,1,591503955,
24/01/2026 14:00:00,000,-0,078569987,24/01/2026 14:00:00,000,1,616870929,
24/01/2026 14:15:00,000,0,0589761480,24/01/2026 14:15:00,000,1,616870929,
24/01/2026 14:30:00,000,0,1831416014,24/01/2026 14:30:00,000,1,616870929,
24/01/2026 14:45:00,000,0,3384439075,24/01/2026 14:45:00,000,1,616870929,
24/01/2026 15:00:00,000,0,4656205587,24/01/2026 15:00:00,000,1,43812071,
24/01/2026 15:15:00,000,0,5810642255,24/01/2026 15:15:00,000,1,43812071,
24/01/2026 15:30:00,000,0,6765411032,24/01/2026 15:30:00,000,1,43812071,
24/01/2026 15:45:00,000,0,6661985834,24/01/2026 15:45:00,000,1,43812071,
24/01/2026 16:00:00,000,0,6647520665,24/01/2026 16:00:00,000,1,340834113,
24/01/2026 16:15:00,000,0,676689193,24/01/2026 16:15:00,000,1,340834113,
24/01/2026 16:30:00,000,0,7148827307,24/01/2026 16:30:00,000,1,340834113,
24/01/2026 16:45:00,000,0,7697312806,24/01/2026 16:45:00,000,1,340834113,
24/01/2026 17:00:00,000,0,8395967821,24/01/2026 17:00:00,000,1,071828137,
24/01/2026 17:15:00,000,0,9274289975,24/01/2026 17:15:00,000,1,071828137,
24/01/2026 17:30:00,000,1,0559515,24/01/2026 17:30:00,000,1,071828137,
24/01/2026 17:45:00,000,1,085367875,24/01/2026 17:45:00,000,1,071828137,
24/01/2026 18:00:00,000,1,183306819,24/01/2026 18:00:00,000,0,947159186,
24/01/2026 18:15:00,000,1,262678668,24/01/2026 18:15:00,000,0,947159186,
24/01/2026 18:30:00,000,1,331667308,24/01/2026 18:30:00,000,0,947159186,
24/01/2026 18:45:00,000,1,246051495,24/01/2026 18:45:00,000,0,947159186,
24/01/2026 19:00:00,000,1,185798597,24/01/2026 19:00:00,000,0,9268706101,
24/01/2026 19:15:00,000,1,198613316,24/01/2026 19:15:00,000,0,9268706101,
24/01/2026 19:30:00,000,1,207660367,24/01/2026 19:30:00,000,0,9268706101,
24/01/2026 19:45:00,000,1,124568631,24/01/2026 19:45:00,000,0,9268706101,
24/01/2026 20:00:00,000,1,035660841,24/01/2026 20:00:00,000,1,168909304,
24/01/2026 20:15:00,000,0,9509284009,24/01/2026 20:15:00,000,1,168909304,
24/01/2026 20:30:00,000,0,8786047046,24/01/2026 20:30:00,000,1,168909304,
24/01/2026 20:45:00,000,0,8833312199,24/01/2026 20:45:00,000,1,168909304,
24/01/2026 21:00:00,000,0,8572313063,24/01/2026 21:00:00,000,1,349685436,
24/01/2026 21:15:00,000,0,8535024387,24/01/2026 21:15:00,000,1,349685436,
24/01/2026 21:30:00,000,0,8590236665,24/01/2026 21:30:00,000,1,349685436,
24/01/2026 21:45:00,000,0,810548337,24/01/2026 21:45:00,000,1,349685436,
24/01/2026 22:00:00,000,0,7941588367,24/01/2026 22:00:00,000,1,261789043,
24/01/2026 22:15:00,000,0,7424378817,24/01/2026 22:15:00,000,1,261789043,
24/01/2026 22:30:00,000,0,7235277507,24/01/2026 22:30:00,000,1,261789043,
24/01/2026 22:45:00,000,0,659510062,24/01/2026 22:45:00,000,1,261789043,
24/01/2026 23:00:00,000,0,6276120075,24/01/2026 23:00:00,000,1,284979351,
24/01/2026 23:15:00,000,0,5996068335,24/01/2026 23:15:00,000,1,284979351,
24/01/2026 23:30:00,000,0,5628408636,24/01/2026 23:30:00,000,1,284979351,
24/01/2026 23:45:00,000,0,5560539287,24/01/2026 23:45:00,000,1,284979351,
25/01/2026 00:00:00,000,0,5812912836,25/01/2026 00:00:00,000,1,258277025,
25/01/2026 00:15:00,000,0,5797468823,25/01/2026 00:15:00,000,1,258277025,
25/01/2026 00:30:00,000,0,6005830703,25/01/2026 00:30:00,000,1,258277025,
25/01/2026 00:45:00,000,0,5914034892,25/01/2026 00:45:00,000,1,258277025,
25/01/2026 01:00:00,000,0,6089182515,25/01/2026 01:00:00,000,1,270268579,
25/01/2026 01:15:00,000,0,6257590142,25/01/2026 01:15:00,000,1,270268579,
25/01/2026 01:30:00,000,0,6490010445,25/01/2026 01:30:00,000,1,270268579,
25/01/2026 01:45:00,000,0,6165033661,25/01/2026 01:45:00,000,1,270268579,
25/01/2026 02:00:00,000,0,5757188285,25/01/2026 02:00:00,000,1,262642202,
25/01/2026 02:15:00,000,0,5487274047,25/01/2026 02:15:00,000,1,262642202,
25/01/2026 02:30:00,000,0,5282244215,25/01/2026 02:30:00,000,1,262642202,
25/01/2026 02:45:00,000,0,5361384081,25/01/2026 02:45:00,000,1,262642202,
25/01/2026 03:00:00,000,0,5307018345,25/01/2026 03:00:00,000,1,410802437,
25/01/2026 03:15:00,000,0,5606705364,25/01/2026 03:15:00,000,1,410802437,
25/01/2026 03:30:00,000,0,5703541668,25/01/2026 03:30:00,000,1,410802437,
25/01/2026 03:45:00,000,0,5493238999,25/01/2026 03:45:00,000,1,410802437,
25/01/2026 04:00:00,000,0,565952013,25/01/2026 04:00:00,000,1,550313135,
25/01/2026 04:15:00,000,0,5576633441,25/01/2026 04:15:00,000,1,550313135,
25/01/2026 04:30:00,000,0,5678119238,25/01/2026 04:30:00,000,1,550313135,
25/01/2026 04:45:00,000,0,5382845642,25/01/2026 04:45:00,000,1,550313135,
25/01/2026 05:00:00,000,0,5118235016,25/01/2026 05:00:00,000,1,553886517,
25/01/2026 05:15:00,000,0,4987331617,25/01/2026 05:15:00,000,1,553886517,
25/01/2026 05:30:00,000,0,4667062324,25/01/2026 05:30:00,000,1,553886517,
25/01/2026 05:45:00,000,0,4106176806,25/01/2026 05:45:00,000,1,553886517,
25/01/2026 06:00:00,000,0,3596536059,25/01/2026 06:00:00,000,1,606258856,
25/01/2026 06:15:00,000,0,2951182328,25/01/2026 06:15:00,000,1,606258856,
25/01/2026 06:30:00,000,0,2190977551,25/01/2026 06:30:00,000,1,606258856,
25/01/2026 06:45:00,000,0,1628213195,25/01/2026 06:45:00,000,1,606258856,
25/01/2026 07:00:00,000,0,0200863214,25/01/2026 07:00:00,000,1,739747316,
25/01/2026 07:15:00,000,0,25/01/2026 07:15:00,000,1,739747316,
25/01/2026 07:30:00,000,-0,020304915,25/01/2026 07:30:00,000,1,739747316,
25/01/2026 07:45:00,000,-0,09814985,25/01/2026 07:45:00,000,1,739747316,
25/01/2026 08:00:00,000,-0,142085309,25/01/2026 08:00:00,000,1,946541307,
25/01/2026 08:15:00,000,-0,139270858,25/01/2026 08:15:00,000,1,946541307,
25/01/2026 08:30:00,000,-0,108237062,25/01/2026 08:30:00,000,1,946541307,
25/01/2026 08:45:00,000,0,25/01/2026 08:45:00,000,1,946541307,
25/01/2026 09:00:00,000,0,1189236187,25/01/2026 09:00:00,000,2,348286868,
25/01/2026 09:15:00,000,0,2386339867,25/01/2026 09:15:00,000,2,348286868,
25/01/2026 09:30:00,000,0,3653964906,25/01/2026 09:30:00,000,2,348286868,
25/01/2026 09:45:00,000,0,5162427758,25/01/2026 09:45:00,000,2,348286868,
25/01/2026 10:00:00,000,0,6577066263,25/01/2026 10:00:00,000,2,960466184,
25/01/2026 10:15:00,000,0,8178273737,25/01/2026 10:15:00,000,2,960466184,
25/01/2026 10:30:00,000,0,9773730838,25/01/2026 10:30:00,000,2,960466184,
25/01/2026 10:45:00,000,1,088778326,25/01/2026 10:45:00,000,2,960466184,
25/01/2026 11:00:00,000,1,137934764,25/01/2026 11:00:00,000,3,383329936,
25/01/2026 11:15:00,000,1,208763848,25/01/2026 11:15:00,000,3,383329936,
25/01/2026 11:30:00,000,1,248737001,25/01/2026 11:30:00,000,3,383329936,
25/01/2026 11:45:00,000,1,275502907,25/01/2026 11:45:00,000,3,383329936,
25/01/2026 12:00:00,000,1,436890133,25/01/2026 12:00:00,000,3,812985862,
25/01/2026 12:15:00,000,1,564199862,25/01/2026 12:15:00,000,3,812985862,
25/01/2026 12:30:00,000,1,695547141,25/01/2026 12:30:00,000,3,812985862,
25/01/2026 12:45:00,000,1,848941272,25/01/2026 12:45:00,000,3,812985862,
25/01/2026 13:00:00,000,1,742341512,25/01/2026 13:00:00,000,3,929330424,
25/01/2026 13:15:00,000,1,652457821,25/01/2026 13:15:00,000,3,929330424,
25/01/2026 13:30:00,000,1,587299428,25/01/2026 13:30:00,000,3,929330424,
25/01/2026 13:45:00,000,1,698817331,25/01/2026 13:45:00,000,3,929330424,
25/01/2026 14:00:00,000,1,759675064,25/01/2026 14:00:00,000,4,154257575,
25/01/2026 14:15:00,000,1,85996518,25/01/2026 14:15:00,000,4,154257575,
25/01/2026 14:30:00,000,1,985273087,25/01/2026 14:30:00,000,4,154257575,
25/01/2026 14:45:00,000,2,048676833,25/01/2026 14:45:00,000,4,154257575,
25/01/2026 15:00:00,000,2,163965019,25/01/2026 15:00:00,000,4,396874864,
25/01/2026 15:15:00,000,2,204574718,25/01/2026 15:15:00,000,4,396874864,
25/01/2026 15:30:00,000,2,315386273,25/01/2026 15:30:00,000,4,396874864,
25/01/2026 15:45:00,000,2,280419144,25/01/2026 15:45:00,000,4,396874864,
25/01/2026 16:00:00,000,2,259108579,25/01/2026 16:00:00,000,4,190660218,
25/01/2026 16:15:00,000,2,314167556,25/01/2026 16:15:00,000,4,190660218,
25/01/2026 16:30:00,000,2,360406979,25/01/2026 16:30:00,000,4,190660218,
25/01/2026 16:45:00,000,2,496870395,25/01/2026 16:45:00,000,4,190660218,
25/01/2026 17:00:00,000,2,621682145,25/01/2026 17:00:00,000,4,083311606,
25/01/2026 17:15:00,000,2,742531532,25/01/2026 17:15:00,000,4,083311606,
25/01/2026 17:30:00,000,2,923915317,25/01/2026 17:30:00,000,4,083311606,
25/01/2026 17:45:00,000,3,089166278,25/01/2026 17:45:00,000,4,083311606,
25/01/2026 18:00:00,000,3,148225365,25/01/2026 18:00:00,000,4,049057968,
25/01/2026 18:15:00,000,3,189190751,25/01/2026 18:15:00,000,4,049057968,
25/01/2026 18:30:00,000,3,268068256,25/01/2026 18:30:00,000,4,049057968,
25/01/2026 18:45:00,000,3,195331704,25/01/2026 18:45:00,000,4,049057968,
25/01/2026 19:00:00,000,2,884469322,25/01/2026 19:00:00,000,3,824736151,
25/01/2026 19:15:00,000,2,784809742,25/01/2026 19:15:00,000,3,824736151,
25/01/2026 19:30:00,000,2,745362502,25/01/2026 19:30:00,000,3,824736151,
25/01/2026 19:45:00,000,2,666770974,25/01/2026 19:45:00,000,3,824736151,
25/01/2026 20:00:00,000,2,717196346,25/01/2026 20:00:00,000,3,997965926,
25/01/2026 20:15:00,000,2,689269862,25/01/2026 20:15:00,000,3,997965926,
25/01/2026 20:30:00,000,2,822101267,25/01/2026 20:30:00,000,3,997965926,
25/01/2026 20:45:00,000,2,849348601,25/01/2026 20:45:00,000,3,997965926,
25/01/2026 21:00:00,000,2,858069955,25/01/2026 21:00:00,000,4,389052982,
25/01/2026 21:15:00,000,2,867376322,25/01/2026 21:15:00,000,4,389052982,
25/01/2026 21:30:00,000,2,778329023,25/01/2026 21:30:00,000,4,389052982,
25/01/2026 21:45:00,000,2,83800427,25/01/2026 21:45:00,000,4,389052982,
25/01/2026 22:00:00,000,2,750667711,25/01/2026 22:00:00,000,4,479579749,
25/01/2026 22:15:00,000,2,788642874,25/01/2026 22:15:00,000,4,479579749,
25/01/2026 22:30:00,000,2,889779888,25/01/2026 22:30:00,000,4,479579749,
25/01/2026 22:45:00,000,2,939738759,25/01/2026 22:45:00,000,4,479579749,
25/01/2026 23:00:00,000,2,903113322,25/01/2026 23:00:00,000,4,160212378,
25/01/2026 23:15:00,000,2,791463609,25/01/2026 23:15:00,000,4,160212378,
25/01/2026 23:30:00,000,2,710298552,25/01/2026 23:30:00,000,4,160212378,
25/01/2026 23:45:00,000,2,590699843,25/01/2026 23:45:00,000,4,160212378,
26/01/2026 00:00:00,000,2,476493477,26/01/2026 00:00:00,000,4,036862884,
26/01/2026 00:15:00,000,2,505423917,26/01/2026 00:15:00,000,4,036862884,
26/01/2026 00:30:00,000,2,544705218,26/01/2026 00:30:00,000,4,036862884,
26/01/2026 00:45:00,000,2,482164765,26/01/2026 00:45:00,000,4,036862884,
26/01/2026 01:00:00,000,2,556816714,26/01/2026 01:00:00,000,3,819463592,
26/01/2026 01:15:00,000,2,510977996,26/01/2026 01:15:00,000,3,819463592,
26/01/2026 01:30:00,000,2,361182535,26/01/2026 01:30:00,000,3,819463592,
26/01/2026 01:45:00,000,2,264865162,26/01/2026 01:45:00,000,3,819463592,
26/01/2026 02:00:00,000,2,122843096,26/01/2026 02:00:00,000,3,515205823,
26/01/2026 02:15:00,000,2,013897199,26/01/2026 02:15:00,000,3,515205823,
26/01/2026 02:30:00,000,1,878645598,26/01/2026 02:30:00,000,3,515205823,
26/01/2026 02:45:00,000,1,811062763,26/01/2026 02:45:00,000,3,515205823,
26/01/2026 03:00:00,000,1,728520894,26/01/2026 03:00:00,000,3,1007396,
26/01/2026 03:15:00,000,1,591914914,26/01/2026 03:15:00,000,3,1007396,
26/01/2026 03:30:00,000,1,461869687,26/01/2026 03:30:00,000,3,1007396,
26/01/2026 03:45:00,000,1,360402091,26/01/2026 03:45:00,000,3,1007396,
26/01/2026 04:00:00,000,1,281772386,26/01/2026 04:00:00,000,2,991284995,
26/01/2026 04:15:00,000,1,28431884,26/01/2026 04:15:00,000,2,991284995,
26/01/2026 04:30:00,000,1,27177798,26/01/2026 04:30:00,000,2,991284995,
26/01/2026 04:45:00,000,1,305374579,26/01/2026 04:45:00,000,2,991284995,
26/01/2026 05:00:00,000,1,272929028,26/01/2026 05:00:00,000,3,01035772,
26/01/2026 05:15:00,000,1,214891367,26/01/2026 05:15:00,000,3,01035772,
26/01/2026 05:30:00,000,1,150428256,26/01/2026 05:30:00,000,3,01035772,
26/01/2026 05:45:00,000,1,094634947,26/01/2026 05:45:00,000,3,01035772,
26/01/2026 06:00:00,000,1,108370398,26/01/2026 06:00:00,000,2,722190308,
26/01/2026 06:15:00,000,1,154634718,26/01/2026 06:15:00,000,2,722190308,
26/01/2026 06:30:00,000,1,231759862,26/01/2026 06:30:00,000,2,722190308,
26/01/2026 06:45:00,000,1,320124355,26/01/2026 06:45:00,000,2,722190308,
26/01/2026 07:00:00,000,1,21602413,26/01/2026 07:00:00,000,2,609651278,
26/01/2026 07:15:00,000,1,24879732,26/01/2026 07:15:00,000,2,609651278,
26/01/2026 07:30:00,000,1,253099472,26/01/2026 07:30:00,000,2,609651278,
26/01/2026 07:45:00,000,1,18261069,26/01/2026 07:45:00,000,2,609651278,
26/01/2026 08:00:00,000,1,119954133,26/01/2026 08:00:00,000,2,80026941,
26/01/2026 08:15:00,000,1,082250226,26/01/2026 08:15:00,000,2,80026941,
26/01/2026 08:30:00,000,1,076126471,26/01/2026 08:30:00,000,2,80026941,
26/01/2026 08:45:00,000,1,159158283,26/01/2026 08:45:00,000,2,80026941,
26/01/2026 09:00:00,000,1,272017059,26/01/2026 09:00:00,000,3,184206818,
26/01/2026 09:15:00,000,1,377672583,26/01/2026 09:15:00,000,3,184206818,
26/01/2026 09:30:00,000,1,535127058,26/01/2026 09:30:00,000,3,184206818,
26/01/2026 09:45:00,000,1,615539405,26/01/2026 09:45:00,000,3,184206818,
26/01/2026 10:00:00,000,1,684323037,26/01/2026 10:00:00,000,3,893524979,
26/01/2026 10:15:00,000,1,755943098,26/01/2026 10:15:00,000,3,893524979,
26/01/2026 10:30:00,000,1,852887535,26/01/2026 10:30:00,000,3,893524979,
26/01/2026 10:45:00,000,1,986806869,26/01/2026 10:45:00,000,3,893524979,
26/01/2026 11:00:00,000,2,05695838,26/01/2026 11:00:00,000,4,423302559,
26/01/2026 11:15:00,000,2,23934474,26/01/2026 11:15:00,000,4,423302559,
26/01/2026 11:30:00,000,2,36914323,26/01/2026 11:30:00,000,4,423302559,
26/01/2026 11:45:00,000,2,502131058,26/01/2026 11:45:00,000,4,423302559,
26/01/2026 12:00:00,000,2,606956938,26/01/2026 12:00:00,000,4,751233694,
26/01/2026 12:15:00,000,2,694069711,26/01/2026 12:15:00,000,4,751233694,
26/01/2026 12:30:00,000,2,774855336,26/01/2026 12:30:00,000,4,751233694,
26/01/2026 12:45:00,000,2,895021309,26/01/2026 12:45:00,000,4,751233694,
26/01/2026 13:00:00,000,3,170393254,26/01/2026 13:00:00,000,5,257639605,
26/01/2026 13:15:00,000,3,252030156,26/01/2026 13:15:00,000,5,257639605,
26/01/2026 13:30:00,000,3,398472113,26/01/2026 13:30:00,000,5,257639605,
26/01/2026 13:45:00,000,3,619992369,26/01/2026 13:45:00,000,5,257639605,
26/01/2026 14:00:00,000,3,834785076,26/01/2026 14:00:00,000,5,326147172,
26/01/2026 14:15:00,000,3,895447486,26/01/2026 14:15:00,000,5,326147172,
26/01/2026 14:30:00,000,4,154691862,26/01/2026 14:30:00,000,5,326147172,
26/01/2026 14:45:00,000,4,070195225,26/01/2026 14:45:00,000,5,326147172,
26/01/2026 15:00:00,000,4,112331166,26/01/2026 15:00:00,000,5,084152352,
26/01/2026 15:15:00,000,3,974517603,26/01/2026 15:15:00,000,5,084152352,
26/01/2026 15:30:00,000,3,800981292,26/01/2026 15:30:00,000,5,084152352,
26/01/2026 15:45:00,000,3,497285451,26/01/2026 15:45:00,000,5,084152352,
26/01/2026 16:00:00,000,3,231068817,26/01/2026 16:00:00,000,4,168654816,
26/01/2026 16:15:00,000,3,069924325,26/01/2026 16:15:00,000,4,168654816,
26/01/2026 16:30:00,000,2,754864752,26/01/2026 16:30:00,000,4,168654816,
26/01/2026 16:45:00,000,2,658392405,26/01/2026 16:45:00,000,4,168654816,
26/01/2026 17:00:00,000,2,595511451,26/01/2026 17:00:00,000,2,479293473,
26/01/2026 17:15:00,000,2,670494308,26/01/2026 17:15:00,000,2,479293473,
26/01/2026 17:30:00,000,2,676545424,26/01/2026 17:30:00,000,2,479293473,
26/01/2026 17:45:00,000,2,757422682,26/01/2026 17:45:00,000,2,479293473,
26/01/2026 18:00:00,000,2,789941918,26/01/2026 18:00:00,000,1,558573768,
26/01/2026 18:15:00,000,2,717217532,26/01/2026 18:15:00,000,1,558573768,
26/01/2026 18:30:00,000,2,701772144,26/01/2026 18:30:00,000,1,558573768,
26/01/2026 18:45:00,000,2,646335223,26/01/2026 18:45:00,000,1,558573768,
26/01/2026 19:00:00,000,2,353537391,26/01/2026 19:00:00,000,1,536311072,
26/01/2026 19:15:00,000,2,326796685,26/01/2026 19:15:00,000,1,536311072,
26/01/2026 19:30:00,000,2,25158979,26/01/2026 19:30:00,000,1,536311072,
26/01/2026 19:45:00,000,2,220550545,26/01/2026 19:45:00,000,1,536311072,
26/01/2026 20:00:00,000,2,139442,26/01/2026 20:00:00,000,0,9674180953,
26/01/2026 20:15:00,000,2,047809437,26/01/2026 20:15:00,000,0,9674180953,
26/01/2026 20:30:00,000,1,978858714,26/01/2026 20:30:00,000,0,9674180953,
26/01/2026 20:45:00,000,1,99523728,26/01/2026 20:45:00,000,0,9674180953,
26/01/2026 21:00:00,000,1,97620555,26/01/2026 21:00:00,000,0,5689622745,
26/01/2026 21:15:00,000,2,01348679,26/01/2026 21:15:00,000,0,5689622745,
26/01/2026 21:30:00,000,1,960940388,26/01/2026 21:30:00,000,0,5689622745,
26/01/2026 21:45:00,000,1,970806666,26/01/2026 21:45:00,000,0,5689622745,
26/01/2026 22:00:00,000,1,875458367,26/01/2026 22:00:00,000,0,63982619,
26/01/2026 22:15:00,000,1,854104351,26/01/2026 22:15:00,000,0,63982619,
26/01/2026 22:30:00,000,1,786778625,26/01/2026 22:30:00,000,0,63982619,
26/01/2026 22:45:00,000,1,791595123,26/01/2026 22:45:00,000,0,63982619,
26/01/2026 23:00:00,000,1,720764638,26/01/2026 23:00:00,000,0,2747551313,
26/01/2026 23:15:00,000,1,627946884,26/01/2026 23:15:00,000,0,2747551313,
26/01/2026 23:30:00,000,1,56522426,26/01/2026 23:30:00,000,0,2747551313,
26/01/2026 23:45:00,000,1,507954309,26/01/2026 23:45:00,000,0,2747551313,
27/01/2026 00:00:00,000,1,446968177,27/01/2026 00:00:00,000,-0,235516072,
27/01/2026 00:15:00,000,1,454541343,27/01/2026 00:15:00,000,-0,235516072,
27/01/2026 00:30:00,000,1,435641652,27/01/2026 00:30:00,000,-0,235516072,
27/01/2026 00:45:00,000,1,467211129,27/01/2026 00:45:00,000,-0,235516072,
27/01/2026 01:00:00,000,1,48094656,27/01/2026 01:00:00,000,-0,356486484,
27/01/2026 01:15:00,000,1,506334821,27/01/2026 01:15:00,000,-0,356486484,
27/01/2026 01:30:00,000,1,467213255,27/01/2026 01:30:00,000,-0,356486484,
27/01/2026 01:45:00,000,1,389089168,27/01/2026 01:45:00,000,-0,356486484,
27/01/2026 02:00:00,000,1,346983133,27/01/2026 02:00:00,000,-0,59441864,
27/01/2026 02:15:00,000,1,26141219,27/01/2026 02:15:00,000,-0,59441864,
27/01/2026 02:30:00,000,1,206389224,27/01/2026 02:30:00,000,-0,59441864,
27/01/2026 02:45:00,000,1,161592474,27/01/2026 02:45:00,000,-0,59441864,
27/01/2026 03:00:00,000,1,125727726,27/01/2026 03:00:00,000,-0,934932948,
27/01/2026 03:15:00,000,1,061181442,27/01/2026 03:15:00,000,-0,934932948,
27/01/2026 03:30:00,000,1,006268025,27/01/2026 03:30:00,000,-0,934932948,
27/01/2026 03:45:00,000,0,9416776527,27/01/2026 03:45:00,000,-0,934932948,
27/01/2026 04:00:00,000,0,9170436162,27/01/2026 04:00:00,000,-0,906090947,
27/01/2026 04:15:00,000,0,8584972648,27/01/2026 04:15:00,000,-0,906090947,
27/01/2026 04:30:00,000,0,8348369919,27/01/2026 04:30:00,000,-0,906090947,
27/01/2026 04:45:00,000,0,7979212188,27/01/2026 04:45:00,000,-0,906090947,
27/01/2026 05:00:00,000,0,7451740259,27/01/2026 05:00:00,000,-0,74069249,
27/01/2026 05:15:00,000,0,6721596777,27/01/2026 05:15:00,000,-0,74069249,
27/01/2026 05:30:00,000,0,5795954063,27/01/2026 05:30:00,000,-0,74069249,
27/01/2026 05:45:00,000,0,4781355727,27/01/2026 05:45:00,000,-0,74069249,
27/01/2026 06:00:00,000,0,3478835296,27/01/2026 06:00:00,000,-1,03065909,
27/01/2026 06:15:00,000,0,2285229777,27/01/2026 06:15:00,000,-1,03065909,
27/01/2026 06:30:00,000,0,1001356572,27/01/2026 06:30:00,000,-1,03065909,
27/01/2026 06:45:00,000,0,0100493404,27/01/2026 06:45:00,000,-1,03065909,
27/01/2026 07:00:00,000,-0,009812644,27/01/2026 07:00:00,000,-1,49045051,
27/01/2026 07:15:00,000,-0,040148237,27/01/2026 07:15:00,000,-1,49045051,
27/01/2026 07:30:00,000,-0,030073564,27/01/2026 07:30:00,000,-1,49045051,
27/01/2026 07:45:00,000,-0,030139424,27/01/2026 07:45:00,000,-1,49045051,
27/01/2026 08:00:00,000,0,0692855386,27/01/2026 08:00:00,000,-1,62788696,
27/01/2026 08:15:00,000,0,2375087342,27/01/2026 08:15:00,000,-1,62788696,
27/01/2026 08:30:00,000,0,4724558962,27/01/2026 08:30:00,000,-1,62788696,
27/01/2026 08:45:00,000,0,8400796331,27/01/2026 08:45:00,000,-1,62788696,
27/01/2026 09:00:00,000,1,190955224,27/01/2026 09:00:00,000,-1,46465078,
27/01/2026 09:15:00,000,1,542150337,27/01/2026 09:15:00,000,-1,46465078,
27/01/2026 09:30:00,000,1,896706089,27/01/2026 09:30:00,000,-1,46465078,
27/01/2026 09:45:00,000,2,132372286,27/01/2026 09:45:00,000,-1,46465078,
27/01/2026 10:00:00,000,2,405471444,27/01/2026 10:00:00,000,-0,914185156,
27/01/2026 10:15:00,000,2,695793996,27/01/2026 10:15:00,000,-0,914185156,
27/01/2026 10:30:00,000,2,95725389,27/01/2026 10:30:00,000,-0,914185156,
27/01/2026 10:45:00,000,3,142066925,27/01/2026 10:45:00,000,-0,914185156,
27/01/2026 11:00:00,000,3,322242906,27/01/2026 11:00:00,000,-0,019915594,
27/01/2026 11:15:00,000,3,464893037,27/01/2026 11:15:00,000,-0,019915594,
27/01/2026 11:30:00,000,3,741165675,27/01/2026 11:30:00,000,-0,019915594,
27/01/2026 11:45:00,000,3,760250908,27/01/2026 11:45:00,000,-0,019915594,
27/01/2026 12:00:00,000,3,934060941,27/01/2026 12:00:00,000,0,6545333946,
27/01/2026 12:15:00,000,4,124040104,27/01/2026 12:15:00,000,0,6545333946,
27/01/2026 12:30:00,000,4,097733928,27/01/2026 12:30:00,000,0,6545333946,
27/01/2026 12:45:00,000,4,265219506,27/01/2026 12:45:00,000,0,6545333946,
27/01/2026 13:00:00,000,4,25245752,27/01/2026 13:00:00,000,0,6933561742,
27/01/2026 13:15:00,000,4,273256164,27/01/2026 13:15:00,000,0,6933561742,
27/01/2026 13:30:00,000,4,140723261,27/01/2026 13:30:00,000,0,6933561742,
27/01/2026 13:45:00,000,4,288582615,27/01/2026 13:45:00,000,0,6933561742,
27/01/2026 14:00:00,000,4,238403421,27/01/2026 14:00:00,000,0,8640480453,
27/01/2026 14:15:00,000,4,107178523,27/01/2026 14:15:00,000,0,8640480453,
27/01/2026 14:30:00,000,4,173742958,27/01/2026 14:30:00,000,0,8640480453,
27/01/2026 14:45:00,000,3,937840772,27/01/2026 14:45:00,000,0,8640480453,
27/01/2026 15:00:00,000,3,743449335,27/01/2026 15:00:00,000,0,704005144,
27/01/2026 15:15:00,000,3,39033,27/01/2026 15:15:00,000,0,704005144,
27/01/2026 15:30:00,000,3,17927839,27/01/2026 15:30:00,000,0,704005144,
27/01/2026 15:45:00,000,2,860842068,27/01/2026 15:45:00,000,0,704005144,
27/01/2026 16:00:00,000,2,572117332,27/01/2026 16:00:00,000,-0,049752850,
27/01/2026 16:15:00,000,2,38377386,27/01/2026 16:15:00,000,-0,049752850,
27/01/2026 16:30:00,000,2,219830483,27/01/2026 16:30:00,000,-0,049752850,
27/01/2026 16:45:00,000,2,107594741,27/01/2026 16:45:00,000,-0,049752850,
27/01/2026 17:00:00,000,2,010547998,27/01/2026 17:00:00,000,-0,615326984,
27/01/2026 17:15:00,000,1,982332551,27/01/2026 17:15:00,000,-0,615326984,
27/01/2026 17:30:00,000,1,893127792,27/01/2026 17:30:00,000,-0,615326984,
27/01/2026 17:45:00,000,1,851304214,27/01/2026 17:45:00,000,-0,615326984,
27/01/2026 18:00:00,000,1,842306793,27/01/2026 18:00:00,000,-0,925526393,
27/01/2026 18:15:00,000,1,822879188,27/01/2026 18:15:00,000,-0,925526393,
27/01/2026 18:30:00,000,1,831408086,27/01/2026 18:30:00,000,-0,925526393,
27/01/2026 18:45:00,000,1,672622587,27/01/2026 18:45:00,000,-0,925526393,
27/01/2026 19:00:00,000,1,106456948,27/01/2026 19:00:00,000,-1,17177116,
27/01/2026 19:15:00,000,0,9892652866,27/01/2026 19:15:00,000,-1,17177116,
27/01/2026 19:30:00,000,0,8903417656,27/01/2026 19:30:00,000,-1,17177116,
27/01/2026 19:45:00,000,0,7654210289,27/01/2026 19:45:00,000,-1,17177116,
27/01/2026 20:00:00,000,0,6818552607,27/01/2026 20:00:00,000,-1,20478526,
27/01/2026 20:15:00,000,0,5896489805,27/01/2026 20:15:00,000,-1,20478526,
27/01/2026 20:30:00,000,0,5118008835,27/01/2026 20:30:00,000,-1,20478526,
27/01/2026 20:45:00,000,0,4854253376,27/01/2026 20:45:00,000,-1,20478526,
27/01/2026 21:00:00,000,0,4317731006,27/01/2026 21:00:00,000,-0,955921731,
27/01/2026 21:15:00,000,0,3875821239,27/01/2026 21:15:00,000,-0,955921731,
27/01/2026 21:30:00,000,0,3177999951,27/01/2026 21:30:00,000,-0,955921731,
27/01/2026 21:45:00,000,0,2002929537,27/01/2026 21:45:00,000,-0,955921731,
27/01/2026 22:00:00,000,0,0904638027,27/01/2026 22:00:00,000,-0,807154515,
27/01/2026 22:15:00,000,-0,009958670,27/01/2026 22:15:00,000,-0,807154515,
27/01/2026 22:30:00,000,-0,089635942,27/01/2026 22:30:00,000,-0,807154515,
27/01/2026 22:45:00,000,-0,10952976,27/01/2026 22:45:00,000,-0,807154515,
27/01/2026 23:00:00,000,-0,108966345,27/01/2026 23:00:00,000,-0,6026711,
27/01/2026 23:15:00,000,-0,098359200,27/01/2026 23:15:00,000,-0,6026711,
27/01/2026 23:30:00,000,-0,070329269,27/01/2026 23:30:00,000,-0,6026711,
27/01/2026 23:45:00,000,-0,039512265,27/01/2026 23:45:00,000,-0,6026711,
28/01/2026 00:00:00,000,-0,029846922,28/01/2026 00:00:00,000,-0,284626185,
28/01/2026 00:15:00,000,-0,040537971,28/01/2026 00:15:00,000,-0,284626185,
28/01/2026 00:30:00,000,-0,059407698,28/01/2026 00:30:00,000,-0,284626185,
28/01/2026 00:45:00,000,-0,010094822,28/01/2026 00:45:00,000,-0,284626185,
28/01/2026 01:00:00,000,0,121546403,28/01/2026 01:00:00,000,-0,101493802,
28/01/2026 01:15:00,000,0,119087611,28/01/2026 01:15:00,000,-0,101493802,
28/01/2026 01:30:00,000,0,1209717139,28/01/2026 01:30:00,000,-0,101493802,
28/01/2026 01:45:00,000,0,0701774962,28/01/2026 01:45:00,000,-0,101493802,
28/01/2026 02:00:00,000,0,0101271887,28/01/2026 02:00:00,000,0,1193714248,
28/01/2026 02:15:00,000,-0,059609613,28/01/2026 02:15:00,000,0,1193714248,
28/01/2026 02:30:00,000,-0,120366779,28/01/2026 02:30:00,000,0,1193714248,
28/01/2026 02:45:00,000,-0,158387371,28/01/2026 02:45:00,000,0,1193714248,
28/01/2026 03:00:00,000,-0,178006007,28/01/2026 03:00:00,000,0,3005505805,
28/01/2026 03:15:00,000,-0,200902616,28/01/2026 03:15:00,000,0,3005505805,
28/01/2026 03:30:00,000,-0,205951873,28/01/2026 03:30:00,000,0,3005505805,
28/01/2026 03:45:00,000,-0,228534261,28/01/2026 03:45:00,000,0,3005505805,
28/01/2026 04:00:00,000,-0,247684416,28/01/2026 04:00:00,000,0,4107812888,
28/01/2026 04:15:00,000,-0,281162545,28/01/2026 04:15:00,000,0,4107812888,
28/01/2026 04:30:00,000,-0,315390283,28/01/2026 04:30:00,000,0,4107812888,
28/01/2026 04:45:00,000,-0,353812784,28/01/2026 04:45:00,000,0,4107812888,
28/01/2026 05:00:00,000,-0,376652932,28/01/2026 05:00:00,000,0,4973296983,
28/01/2026 05:15:00,000,-0,411513976,28/01/2026 05:15:00,000,0,4973296983,
28/01/2026 05:30:00,000,-0,439219434,28/01/2026 05:30:00,000,0,4973296983,
28/01/2026 05:45:00,000,-0,495659713,28/01/2026 05:45:00,000,0,4973296983,
28/01/2026 06:00:00,000,-0,568577559,28/01/2026 06:00:00,000,0,6436956548,
28/01/2026 06:15:00,000,-0,629013875,28/01/2026 06:15:00,000,0,6436956548,
28/01/2026 06:30:00,000,-0,690878748,28/01/2026 06:30:00,000,0,6436956548,
28/01/2026 06:45:00,000,-0,692715899,28/01/2026 06:45:00,000,0,6436956548,
28/01/2026 07:00:00,000,-0,700753371,28/01/2026 07:00:00,000,0,6643568122,
28/01/2026 07:15:00,000,-0,667677185,28/01/2026 07:15:00,000,0,6643568122,
28/01/2026 07:30:00,000,-0,617341731,28/01/2026 07:30:00,000,0,6643568122,
28/01/2026 07:45:00,000,-0,597951995,28/01/2026 07:45:00,000,0,6643568122,
28/01/2026 08:00:00,000,-0,568590978,28/01/2026 08:00:00,000,0,8120277673,
28/01/2026 08:15:00,000,-0,483431384,28/01/2026 08:15:00,000,0,8120277673,
28/01/2026 08:30:00,000,-0,399480617,28/01/2026 08:30:00,000,0,8120277673,
28/01/2026 08:45:00,000,-0,148051311,28/01/2026 08:45:00,000,0,8120277673,
28/01/2026 09:00:00,000,0,0899430550,28/01/2026 09:00:00,000,1,19810911,
28/01/2026 09:15:00,000,0,340111512,28/01/2026 09:15:00,000,1,19810911,
28/01/2026 09:30:00,000,0,5736339835,28/01/2026 09:30:00,000,1,19810911,
28/01/2026 09:45:00,000,0,75682279,28/01/2026 09:45:00,000,1,19810911,
28/01/2026 10:00:00,000,0,954798407,28/01/2026 10:00:00,000,1,519650275,
28/01/2026 10:15:00,000,1,103381949,28/01/2026 10:15:00,000,1,519650275,
28/01/2026 10:30:00,000,1,276792916,28/01/2026 10:30:00,000,1,519650275,
28/01/2026 10:45:00,000,1,437845282,28/01/2026 10:45:00,000,1,519650275,
28/01/2026 11:00:00,000,1,575972047,28/01/2026 11:00:00,000,1,886344376,
28/01/2026 11:15:00,000,1,630835049,28/01/2026 11:15:00,000,1,886344376,
28/01/2026 11:30:00,000,1,674507382,28/01/2026 11:30:00,000,1,886344376,
28/01/2026 11:45:00,000,1,707010309,28/01/2026 11:45:00,000,1,886344376,
28/01/2026 12:00:00,000,1,624834713,28/01/2026 12:00:00,000,2,38707509,
28/01/2026 12:15:00,000,1,619097207,28/01/2026 12:15:00,000,2,38707509,
28/01/2026 12:30:00,000,1,53840391,28/01/2026 12:30:00,000,2,38707509,
28/01/2026 12:45:00,000,1,498183515,28/01/2026 12:45:00,000,2,38707509,
28/01/2026 13:00:00,000,1,48164242,28/01/2026 13:00:00,000,2,759833554,
28/01/2026 13:15:00,000,1,492693645,28/01/2026 13:15:00,000,2,759833554,
28/01/2026 13:30:00,000,1,505506638,28/01/2026 13:30:00,000,2,759833554,
28/01/2026 13:45:00,000,1,593515841,28/01/2026 13:45:00,000,2,759833554,
28/01/2026 14:00:00,000,1,699931402,28/01/2026 14:00:00,000,3,035584297,
28/01/2026 14:15:00,000,1,808535909,28/01/2026 14:15:00,000,3,035584297,
28/01/2026 14:30:00,000,1,852523545,28/01/2026 14:30:00,000,3,035584297,
28/01/2026 14:45:00,000,1,913215261,28/01/2026 14:45:00,000,3,035584297,
28/01/2026 15:00:00,000,1,956110687,28/01/2026 15:00:00,000,2,966469874,
28/01/2026 15:15:00,000,1,975858811,28/01/2026 15:15:00,000,2,966469874,
28/01/2026 15:30:00,000,2,002058697,28/01/2026 15:30:00,000,2,966469874,
28/01/2026 15:45:00,000,1,966244552,28/01/2026 15:45:00,000,2,966469874,
28/01/2026 16:00:00,000,1,976585363,28/01/2026 16:00:00,000,2,788316068,
28/01/2026 16:15:00,000,1,978565042,28/01/2026 16:15:00,000,2,788316068,
28/01/2026 16:30:00,000,1,96322565,28/01/2026 16:30:00,000,2,788316068,
28/01/2026 16:45:00,000,2,007260668,28/01/2026 16:45:00,000,2,788316068,
28/01/2026 17:00:00,000,2,02219514,28/01/2026 17:00:00,000,2,453368451,
28/01/2026 17:15:00,000,2,036047377,28/01/2026 17:15:00,000,2,453368451,
28/01/2026 17:30:00,000,2,144666477,28/01/2026 17:30:00,000,2,453368451,
28/01/2026 17:45:00,000,2,08093245,28/01/2026 17:45:00,000,2,453368451,
28/01/2026 18:00:00,000,2,09728933,28/01/2026 18:00:00,000,2,101951081,
28/01/2026 18:15:00,000,2,092149292,28/01/2026 18:15:00,000,2,101951081,
28/01/2026 18:30:00,000,2,104188649,28/01/2026 18:30:00,000,2,101951081,
28/01/2026 18:45:00,000,2,07623434,28/01/2026 18:45:00,000,2,101951081,
28/01/2026 19:00:00,000,1,746228775,28/01/2026 19:00:00,000,2,098688426,
28/01/2026 19:15:00,000,1,781825822,28/01/2026 19:15:00,000,2,098688426,
28/01/2026 19:30:00,000,1,751149301,28/01/2026 19:30:00,000,2,098688426,
28/01/2026 19:45:00,000,1,695901122,28/01/2026 19:45:00,000,2,098688426,
28/01/2026 20:00:00,000,1,610916632,28/01/2026 20:00:00,000,2,058610651,
28/01/2026 20:15:00,000,1,550151902,28/01/2026 20:15:00,000,2,058610651,
28/01/2026 20:30:00,000,1,435625303,28/01/2026 20:30:00,000,2,058610651,
28/01/2026 20:45:00,000,1,463826195,28/01/2026 20:45:00,000,2,058610651,
28/01/2026 21:00:00,000,1,468761643,28/01/2026 21:00:00,000,2,079716403,
28/01/2026 21:15:00,000,1,449649894,28/01/2026 21:15:00,000,2,079716403,
28/01/2026 21:30:00,000,1,43624202,28/01/2026 21:30:00,000,2,079716403,
28/01/2026 21:45:00,000,1,379146765,28/01/2026 21:45:00,000,2,079716403,
28/01/2026 22:00:00,000,1,332447443,28/01/2026 22:00:00,000,2,172371591,
28/01/2026 22:15:00,000,1,263262829,28/01/2026 22:15:00,000,2,172371591,
28/01/2026 22:30:00,000,1,190307866,28/01/2026 22:30:00,000,2,172371591,
28/01/2026 22:45:00,000,1,166115127,28/01/2026 22:45:00,000,2,172371591,
28/01/2026 23:00:00,000,1,115206038,28/01/2026 23:00:00,000,2,072918975,
28/01/2026 23:15:00,000,1,082552122,28/01/2026 23:15:00,000,2,072918975,
28/01/2026 23:30:00,000,1,060983658,28/01/2026 23:30:00,000,2,072918975,
28/01/2026 23:45:00,000,1,071859691,28/01/2026 23:45:00,000,2,072918975,
29/01/2026 00:00:00,000,1,089198179,29/01/2026 00:00:00,000,2,032723965,
29/01/2026 00:15:00,000,1,141136287,29/01/2026 00:15:00,000,2,032723965,
29/01/2026 00:30:00,000,1,232959766,29/01/2026 00:30:00,000,2,032723965,
29/01/2026 00:45:00,000,1,247986769,29/01/2026 00:45:00,000,2,032723965,
29/01/2026 01:00:00,000,1,331027862,29/01/2026 01:00:00,000,2,111968874,
29/01/2026 01:15:00,000,1,315259984,29/01/2026 01:15:00,000,2,111968874,
29/01/2026 01:30:00,000,1,343107968,29/01/2026 01:30:00,000,2,111968874,
29/01/2026 01:45:00,000,1,32396202,29/01/2026 01:45:00,000,2,111968874,
29/01/2026 02:00:00,000,1,271782385,29/01/2026 02:00:00,000,2,216466057,
29/01/2026 02:15:00,000,1,237447377,29/01/2026 02:15:00,000,2,216466057,
29/01/2026 02:30:00,000,1,24146918,29/01/2026 02:30:00,000,2,216466057,
29/01/2026 02:45:00,000,1,228706989,29/01/2026 02:45:00,000,2,216466057,
29/01/2026 03:00:00,000,1,226116004,29/01/2026 03:00:00,000,2,220532885,
29/01/2026 03:15:00,000,1,250312724,29/01/2026 03:15:00,000,2,220532885,
29/01/2026 03:30:00,000,1,266415919,29/01/2026 03:30:00,000,2,220532885,
29/01/2026 03:45:00,000,1,265135599,29/01/2026 03:45:00,000,2,220532885,
29/01/2026 04:00:00,000,1,242224124,29/01/2026 04:00:00,000,2,285126563,
29/01/2026 04:15:00,000,1,245155859,29/01/2026 04:15:00,000,2,285126563,
29/01/2026 04:30:00,000,1,259258065,29/01/2026 04:30:00,000,2,285126563,
29/01/2026 04:45:00,000,1,273951585,29/01/2026 04:45:00,000,2,285126563,
29/01/2026 05:00:00,000,1,264819733,29/01/2026 05:00:00,000,2,373025135,
29/01/2026 05:15:00,000,1,227032479,29/01/2026 05:15:00,000,2,373025135,
29/01/2026 05:30:00,000,1,225858161,29/01/2026 05:30:00,000,2,373025135,
29/01/2026 05:45:00,000,1,214445918,29/01/2026 05:45:00,000,2,373025135,
29/01/2026 06:00:00,000,1,191991205,29/01/2026 06:00:00,000,2,500381778,
29/01/2026 06:15:00,000,1,166534911,29/01/2026 06:15:00,000,2,500381778,
29/01/2026 06:30:00,000,1,108006976,29/01/2026 06:30:00,000,2,500381778,
29/01/2026 06:45:00,000,1,098381052,29/01/2026 06:45:00,000,2,500381778,
29/01/2026 07:00:00,000,1,053997922,29/01/2026 07:00:00,000,2,760743844,
29/01/2026 07:15:00,000,1,052613888,29/01/2026 07:15:00,000,2,760743844,
29/01/2026 07:30:00,000,1,068409547,29/01/2026 07:30:00,000,2,760743844,
29/01/2026 07:45:00,000,1,008694323,29/01/2026 07:45:00,000,2,760743844,
29/01/2026 08:00:00,000,0,9422391632,29/01/2026 08:00:00,000,2,848113706,
29/01/2026 08:15:00,000,0,9096857162,29/01/2026 08:15:00,000,2,848113706,
29/01/2026 08:30:00,000,0,8847394942,29/01/2026 08:30:00,000,2,848113706,
29/01/2026 08:45:00,000,0,9678465955,29/01/2026 08:45:00,000,2,848113706,
29/01/2026 09:00:00,000,1,07446602,29/01/2026 09:00:00,000,3,143070056,
29/01/2026 09:15:00,000,1,17202977,29/01/2026 09:15:00,000,3,143070056,
29/01/2026 09:30:00,000,1,260668768,29/01/2026 09:30:00,000,3,143070056,
29/01/2026 09:45:00,000,1,288748875,29/01/2026 09:45:00,000,3,143070056,
29/01/2026 10:00:00,000,1,38545133,29/01/2026 10:00:00,000,3,576816171,
29/01/2026 10:15:00,000,1,420475436,29/01/2026 10:15:00,000,3,576816171,
29/01/2026 10:30:00,000,1,485814108,29/01/2026 10:30:00,000,3,576816171,
29/01/2026 10:45:00,000,1,563635268,29/01/2026 10:45:00,000,3,576816171,
29/01/2026 11:00:00,000,1,630276728,29/01/2026 11:00:00,000,3,824753062,
29/01/2026 11:15:00,000,1,723626297,29/01/2026 11:15:00,000,3,824753062,
29/01/2026 11:30:00,000,1,766039218,29/01/2026 11:30:00,000,3,824753062,
29/01/2026 11:45:00,000,1,784885086,29/01/2026 11:45:00,000,3,824753062,
29/01/2026 12:00:00,000,1,727529881,29/01/2026 12:00:00,000,3,705329798,
29/01/2026 12:15:00,000,1,737301795,29/01/2026 12:15:00,000,3,705329798,
29/01/2026 12:30:00,000,1,71823827,29/01/2026 12:30:00,000,3,705329798,
29/01/2026 12:45:00,000,1,709871315,29/01/2026 12:45:00,000,3,705329798,
29/01/2026 13:00:00,000,1,585107002,29/01/2026 13:00:00,000,3,467641823,
29/01/2026 13:15:00,000,1,567715346,29/01/2026 13:15:00,000,3,467641823,
29/01/2026 13:30:00,000,1,558394715,29/01/2026 13:30:00,000,3,467641823,
29/01/2026 13:45:00,000,1,57191149,29/01/2026 13:45:00,000,3,467641823,
29/01/2026 14:00:00,000,1,637987786,29/01/2026 14:00:00,000,3,45132699,
29/01/2026 14:15:00,000,1,673070432,29/01/2026 14:15:00,000,3,45132699,
29/01/2026 14:30:00,000,1,770701427,29/01/2026 14:30:00,000,3,45132699,
29/01/2026 14:45:00,000,1,811282853,29/01/2026 14:45:00,000,3,45132699,
29/01/2026 15:00:00,000,1,915223265,29/01/2026 15:00:00,000,3,222164573,
29/01/2026 15:15:00,000,1,90242273,29/01/2026 15:15:00,000,3,222164573,
29/01/2026 15:30:00,000,1,98154732,29/01/2026 15:30:00,000,3,222164573,
29/01/2026 15:45:00,000,1,98995584,29/01/2026 15:45:00,000,3,222164573,
29/01/2026 16:00:00,000,2,004123517,29/01/2026 16:00:00,000,2,959184404,
29/01/2026 16:15:00,000,1,944466909,29/01/2026 16:15:00,000,2,959184404,
29/01/2026 16:30:00,000,1,94491718,29/01/2026 16:30:00,000,2,959184404,
29/01/2026 16:45:00,000,1,997397087,29/01/2026 16:45:00,000,2,959184404,
29/01/2026 17:00:00,000,2,026387965,29/01/2026 17:00:00,000,2,644935981,
29/01/2026 17:15:00,000,2,10755257,29/01/2026 17:15:00,000,2,644935981,
29/01/2026 17:30:00,000,2,082305014,29/01/2026 17:30:00,000,2,644935981,
29/01/2026 17:45:00,000,2,090063725,29/01/2026 17:45:00,000,2,644935981,
29/01/2026 18:00:00,000,2,032165691,29/01/2026 18:00:00,000,2,362673454,
29/01/2026 18:15:00,000,2,025622571,29/01/2026 18:15:00,000,2,362673454,
29/01/2026 18:30:00,000,1,974227282,29/01/2026 18:30:00,000,2,362673454,
29/01/2026 18:45:00,000,1,846343915,29/01/2026 18:45:00,000,2,362673454,
29/01/2026 19:00:00,000,1,539764779,29/01/2026 19:00:00,000,1,860204186,
29/01/2026 19:15:00,000,1,520504592,29/01/2026 19:15:00,000,1,860204186,
29/01/2026 19:30:00,000,1,435669223,29/01/2026 19:30:00,000,1,860204186,
29/01/2026 19:45:00,000,1,3375498,29/01/2026 19:45:00,000,1,860204186,
29/01/2026 20:00:00,000,1,244958067,29/01/2026 20:00:00,000,1,763965226,
29/01/2026 20:15:00,000,1,172883929,29/01/2026 20:15:00,000,1,763965226,
29/01/2026 20:30:00,000,1,066876766,29/01/2026 20:30:00,000,1,763965226,
29/01/2026 20:45:00,000,0,9996929821,29/01/2026 20:45:00,000,1,763965226,
29/01/2026 21:00:00,000,0,9657336995,29/01/2026 21:00:00,000,1,890771369,
29/01/2026 21:15:00,000,0,9285993402,29/01/2026 21:15:00,000,1,890771369,
29/01/2026 21:30:00,000,0,8838920554,29/01/2026 21:30:00,000,1,890771369,
29/01/2026 21:45:00,000,0,7797868087,29/01/2026 21:45:00,000,1,890771369,
29/01/2026 22:00:00,000,0,672432154,29/01/2026 22:00:00,000,1,773297182,
29/01/2026 22:15:00,000,0,5434974728,29/01/2026 22:15:00,000,1,773297182,
29/01/2026 22:30:00,000,0,4458655358,29/01/2026 22:30:00,000,1,773297182,
29/01/2026 22:45:00,000,0,3768974026,29/01/2026 22:45:00,000,1,773297182,
29/01/2026 23:00:00,000,0,3180594699,29/01/2026 23:00:00,000,1,81163377,
29/01/2026 23:15:00,000,0,2664823843,29/01/2026 23:15:00,000,1,81163377,
29/01/2026 23:30:00,000,0,2205395057,29/01/2026 23:30:00,000,1,81163377,
29/01/2026 23:45:00,000,0,1980944325,29/01/2026 23:45:00,000,1,81163377,
30/01/2026 00:00:00,000,0,167988353,30/01/2026 00:00:00,000,1,75178059,
30/01/2026 00:15:00,000,0,1416214862,30/01/2026 00:15:00,000,1,75178059,
30/01/2026 00:30:00,000,0,1101513548,30/01/2026 00:30:00,000,1,75178059,
30/01/2026 00:45:00,000,0,1007904444,30/01/2026 00:45:00,000,1,75178059,
30/01/2026 01:00:00,000,0,1863736232,30/01/2026 01:00:00,000,1,595001948,
30/01/2026 01:15:00,000,0,1524447082,30/01/2026 01:15:00,000,1,595001948,
30/01/2026 01:30:00,000,0,1097689274,30/01/2026 01:30:00,000,1,595001948,
30/01/2026 01:45:00,000,0,0300817514,30/01/2026 01:45:00,000,1,595001948,
30/01/2026 02:00:00,000,-0,049871370,30/01/2026 02:00:00,000,1,345509041,
30/01/2026 02:15:00,000,-0,120056071,30/01/2026 02:15:00,000,1,345509041,
30/01/2026 02:30:00,000,-0,187031881,30/01/2026 02:30:00,000,1,345509041,
30/01/2026 02:45:00,000,-0,234170119,30/01/2026 02:45:00,000,1,345509041,
30/01/2026 03:00:00,000,-0,262738772,30/01/2026 03:00:00,000,1,263585887,
30/01/2026 03:15:00,000,-0,267870954,30/01/2026 03:15:00,000,1,263585887,
30/01/2026 03:30:00,000,-0,291952722,30/01/2026 03:30:00,000,1,263585887,
30/01/2026 03:45:00,000,-0,31340767,30/01/2026 03:45:00,000,1,263585887,
30/01/2026 04:00:00,000,-0,342042843,30/01/2026 04:00:00,000,0,9612559196,
30/01/2026 04:15:00,000,-0,379408499,30/01/2026 04:15:00,000,0,9612559196,
30/01/2026 04:30:00,000,-0,429299762,30/01/2026 04:30:00,000,0,9612559196,
30/01/2026 04:45:00,000,-0,491602412,30/01/2026 04:45:00,000,0,9612559196,
30/01/2026 05:00:00,000,-0,523430397,30/01/2026 05:00:00,000,0,7017025231,
30/01/2026 05:15:00,000,-0,57861316,30/01/2026 05:15:00,000,0,7017025231,
30/01/2026 05:30:00,000,-0,60156588,30/01/2026 05:30:00,000,0,7017025231,
30/01/2026 05:45:00,000,-0,668997465,30/01/2026 05:45:00,000,0,7017025231,
30/01/2026 06:00:00,000,-0,73621655,30/01/2026 06:00:00,000,0,7418224361,
30/01/2026 06:15:00,000,-0,785838216,30/01/2026 06:15:00,000,0,7418224361,
30/01/2026 06:30:00,000,-0,882125311,30/01/2026 06:30:00,000,0,7418224361,
30/01/2026 06:45:00,000,-0,922557787,30/01/2026 06:45:00,000,0,7418224361,
30/01/2026 07:00:00,000,-1,06565518,30/01/2026 07:00:00,000,1,003566955,
30/01/2026 07:15:00,000,-1,07227134,30/01/2026 07:15:00,000,1,003566955,
30/01/2026 07:30:00,000,-1,03036497,30/01/2026 07:30:00,000,1,003566955,
30/01/2026 07:45:00,000,-1,08396924,30/01/2026 07:45:00,000,1,003566955,
30/01/2026 08:00:00,000,-1,06164515,30/01/2026 08:00:00,000,1,167279713,
30/01/2026 08:15:00,000,-1,01961978,30/01/2026 08:15:00,000,1,167279713,
30/01/2026 08:30:00,000,-0,943612952,30/01/2026 08:30:00,000,1,167279713,
30/01/2026 08:45:00,000,-0,707109181,30/01/2026 08:45:00,000,1,167279713,
30/01/2026 09:00:00,000,-0,483109021,30/01/2026 09:00:00,000,1,368839527,
30/01/2026 09:15:00,000,-0,245444396,30/01/2026 09:15:00,000,1,368839527,
30/01/2026 09:30:00,000,-0,02000722,30/01/2026 09:30:00,000,1,368839527,
30/01/2026 09:45:00,000,0,1591295771,30/01/2026 09:45:00,000,1,368839527,
30/01/2026 10:00:00,000,0,3289807548,30/01/2026 10:00:00,000,2,016592129,
30/01/2026 10:15:00,000,0,5151987204,30/01/2026 10:15:00,000,2,016592129,
30/01/2026 10:30:00,000,0,6722842547,30/01/2026 10:30:00,000,2,016592129,
30/01/2026 10:45:00,000,0,8329883186,30/01/2026 10:45:00,000,2,016592129,
30/01/2026 11:00:00,000,0,9741438288,30/01/2026 11:00:00,000,2,351798092,
30/01/2026 11:15:00,000,1,152649608,30/01/2026 11:15:00,000,2,351798092,
30/01/2026 11:30:00,000,1,254555895,30/01/2026 11:30:00,000,2,351798092,
30/01/2026 11:45:00,000,1,396767071,30/01/2026 11:45:00,000,2,351798092,
30/01/2026 12:00:00,000,1,502375498,30/01/2026 12:00:00,000,2,420372166,
30/01/2026 12:15:00,000,1,593022561,30/01/2026 12:15:00,000,2,420372166,
30/01/2026 12:30:00,000,1,675151469,30/01/2026 12:30:00,000,2,420372166,
30/01/2026 12:45:00,000,1,741005623,30/01/2026 12:45:00,000,2,420372166,
30/01/2026 13:00:00,000,1,558304061,30/01/2026 13:00:00,000,2,352779774,
30/01/2026 13:15:00,000,1,558156213,30/01/2026 13:15:00,000,2,352779774,
30/01/2026 13:30:00,000,1,605241341,30/01/2026 13:30:00,000,2,352779774,
30/01/2026 13:45:00,000,1,636890493,30/01/2026 13:45:00,000,2,352779774,
30/01/2026 14:00:00,000,1,751412261,30/01/2026 14:00:00,000,2,300297592,
30/01/2026 14:15:00,000,1,803751384,30/01/2026 14:15:00,000,2,300297592,
30/01/2026 14:30:00,000,1,82281779,30/01/2026 14:30:00,000,2,300297592,
30/01/2026 14:45:00,000,1,89399244,30/01/2026 14:45:00,000,2,300297592,
30/01/2026 15:00:00,000,1,902375172,30/01/2026 15:00:00,000,2,158164104,
30/01/2026 15:15:00,000,1,907365259,30/01/2026 15:15:00,000,2,158164104,
30/01/2026 15:30:00,000,1,913873229,30/01/2026 15:30:00,000,2,158164104,
30/01/2026 15:45:00,000,1,897155757,30/01/2026 15:45:00,000,2,158164104,
30/01/2026 16:00:00,000,1,765518508,30/01/2026 16:00:00,000,2,037530775,
30/01/2026 16:15:00,000,1,675851486,30/01/2026 16:15:00,000,2,037530775,
30/01/2026 16:30:00,000,1,59911932,30/01/2026 16:30:00,000,2,037530775,
30/01/2026 16:45:00,000,1,568511359,30/01/2026 16:45:00,000,2,037530775,
30/01/2026 17:00:00,000,1,514628938,30/01/2026 17:00:00,000,1,839073544,
30/01/2026 17:15:00,000,1,515015257,30/01/2026 17:15:00,000,1,839073544,
30/01/2026 17:30:00,000,1,487838499,30/01/2026 17:30:00,000,1,839073544,
30/01/2026 17:45:00,000,1,385220485,30/01/2026 17:45:00,000,1,839073544,
30/01/2026 18:00:00,000,1,313993675,30/01/2026 18:00:00,000,1,632933168,
30/01/2026 18:15:00,000,1,245802608,30/01/2026 18:15:00,000,1,632933168,
30/01/2026 18:30:00,000,1,203486701,30/01/2026 18:30:00,000,1,632933168,
30/01/2026 18:45:00,000,1,098702859,30/01/2026 18:45:00,000,1,632933168,
30/01/2026 19:00:00,000,1,008429506,30/01/2026 19:00:00,000,1,387668594,
30/01/2026 19:15:00,000,0,9478326002,30/01/2026 19:15:00,000,1,387668594,
30/01/2026 19:30:00,000,0,8685231032,30/01/2026 19:30:00,000,1,387668594,
30/01/2026 19:45:00,000,0,708057428,30/01/2026 19:45:00,000,1,387668594,
30/01/2026 20:00:00,000,0,5516892997,30/01/2026 20:00:00,000,1,261116746,
30/01/2026 20:15:00,000,0,3963668508,30/01/2026 20:15:00,000,1,261116746,
30/01/2026 20:30:00,000,0,2372050613,30/01/2026 20:30:00,000,1,261116746,
30/01/2026 20:45:00,000,0,1865834856,30/01/2026 20:45:00,000,1,261116746,
30/01/2026 21:00:00,000,0,1480002655,30/01/2026 21:00:00,000,1,163665025,
30/01/2026 21:15:00,000,0,1002073325,30/01/2026 21:15:00,000,1,163665025,
30/01/2026 21:30:00,000,0,0605711737,30/01/2026 21:30:00,000,1,163665025,
30/01/2026 21:45:00,000,-0,079969526,30/01/2026 21:45:00,000,1,163665025,
30/01/2026 22:00:00,000,-0,225594831,30/01/2026 22:00:00,000,1,120648456,
30/01/2026 22:15:00,000,-0,3632488,30/01/2026 22:15:00,000,1,120648456,
30/01/2026 22:30:00,000,-0,493032282,30/01/2026 22:30:00,000,1,120648456,
30/01/2026 22:45:00,000,-0,548847831,30/01/2026 22:45:00,000,1,120648456,
30/01/2026 23:00:00,000,-0,59670559,30/01/2026 23:00:00,000,1,030555231,
30/01/2026 23:15:00,000,-0,649382756,30/01/2026 23:15:00,000,1,030555231,
30/01/2026 23:30:00,000,-0,656115896,30/01/2026 23:30:00,000,1,030555231,
30/01/2026 23:45:00,000,-0,652556818,30/01/2026 23:45:00,000,1,030555231,
31/01/2026 00:00:00,000,-0,631105886,31/01/2026 00:00:00,000,0,919297193,
31/01/2026 00:15:00,000,-0,625477631,31/01/2026 00:15:00,000,0,919297193,
31/01/2026 00:30:00,000,-0,639176422,31/01/2026 00:30:00,000,0,919297193,
31/01/2026 00:45:00,000,-0,694553251,31/01/2026 00:45:00,000,0,919297193,
31/01/2026 01:00:00,000,-0,804648195,31/01/2026 01:00:00,000,0,9470305304,
31/01/2026 01:15:00,000,-0,808225374,31/01/2026 01:15:00,000,0,9470305304,
31/01/2026 01:30:00,000,-0,796564218,31/01/2026 01:30:00,000,0,9470305304,
31/01/2026 01:45:00,000,-0,863427834,31/01/2026 01:45:00,000,0,9470305304,
31/01/2026 02:00:00,000,-0,93527376,31/01/2026 02:00:00,000,0,5827066474,
31/01/2026 02:15:00,000,-0,977248545,31/01/2026 02:15:00,000,0,5827066474,
31/01/2026 02:30:00,000,-1,06129718,31/01/2026 02:30:00,000,0,5827066474,
31/01/2026 02:45:00,000,-1,10087943,31/01/2026 02:45:00,000,0,5827066474,
31/01/2026 03:00:00,000,-1,08461758,31/01/2026 03:00:00,000,0,3510498103,
31/01/2026 03:15:00,000,-1,10556884,31/01/2026 03:15:00,000,0,3510498103,
31/01/2026 03:30:00,000,-1,12540726,31/01/2026 03:30:00,000,0,3510498103,
31/01/2026 03:45:00,000,-1,11064015,31/01/2026 03:45:00,000,0,3510498103,
31/01/2026 04:00:00,000,-1,10046942,31/01/2026 04:00:00,000,0,2240078156,
31/01/2026 04:15:00,000,-1,13325617,31/01/2026 04:15:00,000,0,2240078156,
31/01/2026 04:30:00,000,-1,17250088,31/01/2026 04:30:00,000,0,2240078156,
31/01/2026 04:45:00,000,-1,20433576,31/01/2026 04:45:00,000,0,2240078156,
31/01/2026 05:00:00,000,-1,24804152,31/01/2026 05:00:00,000,-0,029461442,
31/01/2026 05:15:00,000,-1,28695946,31/01/2026 05:15:00,000,-0,029461442,
31/01/2026 05:30:00,000,-1,34298342,31/01/2026 05:30:00,000,-0,029461442,
31/01/2026 05:45:00,000,-1,42599689,31/01/2026 05:45:00,000,-0,029461442,
31/01/2026 06:00:00,000,-1,50074287,31/01/2026 06:00:00,000,-0,079368301,
31/01/2026 06:15:00,000,-1,58088557,31/01/2026 06:15:00,000,-0,079368301,
31/01/2026 06:30:00,000,-1,64994096,31/01/2026 06:30:00,000,-0,079368301,
31/01/2026 06:45:00,000,-1,69287439,31/01/2026 06:45:00,000,-0,079368301,
31/01/2026 07:00:00,000,-1,87181051,31/01/2026 07:00:00,000,-0,19237647,
31/01/2026 07:15:00,000,-1,86735573,31/01/2026 07:15:00,000,-0,19237647,
31/01/2026 07:30:00,000,-1,89207149,31/01/2026 07:30:00,000,-0,19237647,
31/01/2026 07:45:00,000,-1,92208382,31/01/2026 07:45:00,000,-0,19237647,
31/01/2026 08:00:00,000,-1,94772896,31/01/2026 08:00:00,000,-0,149749035,
31/01/2026 08:15:00,000,-1,96531417,31/01/2026 08:15:00,000,-0,149749035,
31/01/2026 08:30:00,000,-1,95495343,31/01/2026 08:30:00,000,-0,149749035,
31/01/2026 08:45:00,000,-1,81068598,31/01/2026 08:45:00,000,-0,149749035,
31/01/2026 09:00:00,000,-1,66314759,31/01/2026 09:00:00,000,0,0611052347,
31/01/2026 09:15:00,000,-1,49253012,31/01/2026 09:15:00,000,0,0611052347,
31/01/2026 09:30:00,000,-1,29549658,31/01/2026 09:30:00,000,0,0611052347,
31/01/2026 09:45:00,000,-1,16540561,31/01/2026 09:45:00,000,0,0611052347,
31/01/2026 10:00:00,000,-1,02950685,31/01/2026 10:00:00,000,0,3239813965,
31/01/2026 10:15:00,000,-0,890107007,31/01/2026 10:15:00,000,0,3239813965,
31/01/2026 10:30:00,000,-0,76107039,31/01/2026 10:30:00,000,0,3239813965,
31/01/2026 10:45:00,000,-0,614109973,31/01/2026 10:45:00,000,0,3239813965,
31/01/2026 11:00:00,000,-0,503702813,31/01/2026 11:00:00,000,0,7390342081,
31/01/2026 11:15:00,000,-0,431089326,31/01/2026 11:15:00,000,0,7390342081,
31/01/2026 11:30:00,000,-0,352333641,31/01/2026 11:30:00,000,0,7390342081,
31/01/2026 11:45:00,000,-0,286403846,31/01/2026 11:45:00,000,0,7390342081,
31/01/2026 12:00:00,000,-0,242085159,31/01/2026 12:00:00,000,0,9935366922,
31/01/2026 12:15:00,000,-0,190986555,31/01/2026 12:15:00,000,0,9935366922,
31/01/2026 12:30:00,000,-0,137798236,31/01/2026 12:30:00,000,0,9935366922,
31/01/2026 12:45:00,000,-0,139911968,31/01/2026 12:45:00,000,0,9935366922,
31/01/2026 13:00:00,000,-0,246138826,31/01/2026 13:00:00,000,1,173966371,
31/01/2026 13:15:00,000,-0,259931617,31/01/2026 13:15:00,000,1,173966371,
31/01/2026 13:30:00,000,-0,291884469,31/01/2026 13:30:00,000,1,173966371,
31/01/2026 13:45:00,000,-0,213650712,31/01/2026 13:45:00,000,1,173966371,
31/01/2026 14:00:00,000,-0,149030069,31/01/2026 14:00:00,000,1,145263674,
31/01/2026 14:15:00,000,-0,098336961,31/01/2026 14:15:00,000,1,145263674,
31/01/2026 14:30:00,000,-0,058943113,31/01/2026 14:30:00,000,1,145263674,
31/01/2026 14:45:00,000,-0,049982768,31/01/2026 14:45:00,000,1,145263674,
31/01/2026 15:00:00,000,-0,069983586,31/01/2026 15:00:00,000,0,8864079495,
31/01/2026 15:15:00,000,-0,108182399,31/01/2026 15:15:00,000,0,8864079495,
31/01/2026 15:30:00,000,-0,157592154,31/01/2026 15:30:00,000,0,8864079495,
31/01/2026 15:45:00,000,-0,307555893,31/01/2026 15:45:00,000,0,8864079495,
31/01/2026 16:00:00,000,-0,454173579,31/01/2026 16:00:00,000,0,4032982725,
31/01/2026 16:15:00,000,-0,620136003,31/01/2026 16:15:00,000,0,4032982725,
31/01/2026 16:30:00,000,-0,746250034,31/01/2026 16:30:00,000,0,4032982725,
31/01/2026 16:45:00,000,-0,843527482,31/01/2026 16:45:00,000,0,4032982725,
31/01/2026 17:00:00,000,-0,885934737,31/01/2026 17:00:00,000,-0,060530419,
31/01/2026 17:15:00,000,-0,886299183,31/01/2026 17:15:00,000,-0,060530419,
31/01/2026 17:30:00,000,-0,883287849,31/01/2026 17:30:00,000,-0,060530419,
31/01/2026 17:45:00,000,-0,938592036,31/01/2026 17:45:00,000,-0,060530419,
31/01/2026 18:00:00,000,-0,987073868,31/01/2026 18:00:00,000,-0,415881132,
31/01/2026 18:15:00,000,-1,05586933,31/01/2026 18:15:00,000,-0,415881132,
31/01/2026 18:30:00,000,-1,09109246,31/01/2026 18:30:00,000,-0,415881132,
31/01/2026 18:45:00,000,-1,22509178,31/01/2026 18:45:00,000,-0,415881132,
31/01/2026 19:00:00,000,-1,43471147,31/01/2026 19:00:00,000,-0,75918515,
31/01/2026 19:15:00,000,-1,52641409,31/01/2026 19:15:00,000,-0,75918515,
31/01/2026 19:30:00,000,-1,5844402,31/01/2026 19:30:00,000,-0,75918515,
31/01/2026 19:45:00,000,-1,72849164,31/01/2026 19:45:00,000,-0,75918515,
31/01/2026 20:00:00,000,-1,91128568,31/01/2026 20:00:00,000,-1,01167103,
31/01/2026 20:15:00,000,-2,04998907,31/01/2026 20:15:00,000,-1,01167103,
31/01/2026 20:30:00,000,-2,17550226,31/01/2026 20:30:00,000,-1,01167103,
31/01/2026 20:45:00,000,-2,24470999,31/01/2026 20:45:00,000,-1,01167103,
31/01/2026 21:00:00,000,-2,33936557,31/01/2026 21:00:00,000,-1,42288757,
31/01/2026 21:15:00,000,-2,37800732,31/01/2026 21:15:00,000,-1,42288757,
31/01/2026 21:30:00,000,-2,463351,31/01/2026 21:30:00,000,-1,42288757,
31/01/2026 21:45:00,000,-2,54632975,31/01/2026 21:45:00,000,-1,42288757,
31/01/2026 22:00:00,000,-2,76204097,31/01/2026 22:00:00,000,-1,62278953,
31/01/2026 22:15:00,000,-2,86376831,31/01/2026 22:15:00,000,-1,62278953,
31/01/2026 22:30:00,000,-2,95500364,31/01/2026 22:30:00,000,-1,62278953,
31/01/2026 22:45:00,000,-3,0178731,31/01/2026 22:45:00,000,-1,62278953,
31/01/2026 23:00:00,000,-3,11724974,31/01/2026 23:00:00,000,-1,85436453,
31/01/2026 23:15:00,000,-3,19573255,31/01/2026 23:15:00,000,-1,85436453,
31/01/2026 23:30:00,000,-3,15633873,31/01/2026 23:30:00,000,-1,85436453,
31/01/2026 23:45:00,000,-3,32505786,31/01/2026 23:45:00,000,-1,85436453,
01/02/2026 00:00:00,000,-3,34717487,01/02/2026 00:00:00,000,-1,89721188,
01/02/2026 00:15:00,000,-3,4639074,01/02/2026 00:15:00,000,-1,89721188,
01/02/2026 00:30:00,000,-3,49666304,01/02/2026 00:30:00,000,-1,89721188,
01/02/2026 00:45:00,000,-3,56707509,01/02/2026 00:45:00,000,-1,89721188,
01/02/2026 01:00:00,000,-2,99366747,01/02/2026 01:00:00,000,-2,07359675,
01/02/2026 01:15:00,000,-3,11586467,01/02/2026 01:15:00,000,-2,07359675,
01/02/2026 01:30:00,000,-3,14430483,01/02/2026 01:30:00,000,-2,07359675,
01/02/2026 01:45:00,000,-3,13149812,01/02/2026 01:45:00,000,-2,07359675,
01/02/2026 02:00:00,000,-3,25857668,01/02/2026 02:00:00,000,-2,36967916,
01/02/2026 02:15:00,000,-3,30331268,01/02/2026 02:15:00,000,-2,36967916,
01/02/2026 02:30:00,000,-3,37386242,01/02/2026 02:30:00,000,-2,36967916,
01/02/2026 02:45:00,000,-3,41018179,01/02/2026 02:45:00,000,-2,36967916,
01/02/2026 03:00:00,000,-3,44433539,01/02/2026 03:00:00,000,-2,57390867,
01/02/2026 03:15:00,000,-3,51321495,01/02/2026 03:15:00,000,-2,57390867,
01/02/2026 03:30:00,000,-3,52487679,01/02/2026 03:30:00,000,-2,57390867,
01/02/2026 03:45:00,000,-3,59831917,01/02/2026 03:45:00,000,-2,57390867,
01/02/2026 04:00:00,000,-3,54075684,01/02/2026 04:00:00,000,-2,86456928,
01/02/2026 04:15:00,000,-3,56224069,01/02/2026 04:15:00,000,-2,86456928,
01/02/2026 04:30:00,000,-3,68403188,01/02/2026 04:30:00,000,-2,86456928,
01/02/2026 04:45:00,000,-3,68607044,01/02/2026 04:45:00,000,-2,86456928,
01/02/2026 05:00:00,000,-3,82263209,01/02/2026 05:00:00,000,-3,03423989,
01/02/2026 05:15:00,000,-3,81672069,01/02/2026 05:15:00,000,-3,03423989,
01/02/2026 05:30:00,000,-3,8892734,01/02/2026 05:30:00,000,-3,03423989,
01/02/2026 05:45:00,000,-3,96920394,01/02/2026 05:45:00,000,-3,03423989,
01/02/2026 06:00:00,000,-3,97248505,01/02/2026 06:00:00,000,-3,31233165,
01/02/2026 06:15:00,000,-4,05040343,01/02/2026 06:15:00,000,-3,31233165,
01/02/2026 06:30:00,000,-4,17376966,01/02/2026 06:30:00,000,-3,31233165,
01/02/2026 06:45:00,000,-4,18184689,01/02/2026 06:45:00,000,-3,31233165,
01/02/2026 07:00:00,000,-3,81188974,01/02/2026 07:00:00,000,-3,22835702,
01/02/2026 07:15:00,000,-3,78161941,01/02/2026 07:15:00,000,-3,22835702,
01/02/2026 07:30:00,000,-3,83689199,01/02/2026 07:30:00,000,-3,22835702,
01/02/2026 07:45:00,000,-3,85033069,01/02/2026 07:45:00,000,-3,22835702,
01/02/2026 08:00:00,000,-3,75274641,01/02/2026 08:00:00,000,-2,92299927,
01/02/2026 08:15:00,000,-3,73131664,01/02/2026 08:15:00,000,-2,92299927,
01/02/2026 08:30:00,000,-3,64107648,01/02/2026 08:30:00,000,-2,92299927,
01/02/2026 08:45:00,000,-3,40022137,01/02/2026 08:45:00,000,-2,92299927,
01/02/2026 09:00:00,000,-3,16026477,01/02/2026 09:00:00,000,-2,65501558,
01/02/2026 09:15:00,000,-2,79848416,01/02/2026 09:15:00,000,-2,65501558,
01/02/2026 09:30:00,000,-2,52087357,01/02/2026 09:30:00,000,-2,65501558,
01/02/2026 09:45:00,000,-2,33150912,01/02/2026 09:45:00,000,-2,65501558,
01/02/2026 10:00:00,000,-2,17050789,01/02/2026 10:00:00,000,-2,1355871,
01/02/2026 10:15:00,000,-1,93814343,01/02/2026 10:15:00,000,-2,1355871,
01/02/2026 10:30:00,000,-1,69425373,01/02/2026 10:30:00,000,-2,1355871,
01/02/2026 10:45:00,000,-1,45675503,01/02/2026 10:45:00,000,-2,1355871,
01/02/2026 11:00:00,000,-1,16677586,01/02/2026 11:00:00,000,-1,46853326,
01/02/2026 11:15:00,000,-0,972226574,01/02/2026 11:15:00,000,-1,46853326,
01/02/2026 11:30:00,000,-0,779672206,01/02/2026 11:30:00,000,-1,46853326,
01/02/2026 11:45:00,000,-0,661690754,01/02/2026 11:45:00,000,-1,46853326,
01/02/2026 12:00:00,000,-0,568393935,01/02/2026 12:00:00,000,-1,0736649,
01/02/2026 12:15:00,000,-0,460668564,01/02/2026 12:15:00,000,-1,0736649,
01/02/2026 12:30:00,000,-0,402148017,01/02/2026 12:30:00,000,-1,0736649,
01/02/2026 12:45:00,000,-0,336862231,01/02/2026 12:45:00,000,-1,0736649,
01/02/2026 13:00:00,000,-0,453755223,01/02/2026 13:00:00,000,-0,865175451,
01/02/2026 13:15:00,000,-0,413407276,01/02/2026 13:15:00,000,-0,865175451,
01/02/2026 13:30:00,000,-0,396616439,01/02/2026 13:30:00,000,-0,865175451,
01/02/2026 13:45:00,000,-0,274766409,01/02/2026 13:45:00,000,-0,865175451,
01/02/2026 14:00:00,000,-0,178699856,01/02/2026 14:00:00,000,-0,577505519,
01/02/2026 14:15:00,000,-0,091423082,01/02/2026 14:15:00,000,-0,577505519,
01/02/2026 14:30:00,000,-0,020057486,01/02/2026 14:30:00,000,-0,577505519,
01/02/2026 14:45:00,000,0,0396991958,01/02/2026 14:45:00,000,-0,577505519,
01/02/2026 15:00:00,000,0,0802916151,01/02/2026 15:00:00,000,-0,783263278,
01/02/2026 15:15:00,000,0,110129328,01/02/2026 15:15:00,000,-0,783263278,
01/02/2026 15:30:00,000,0,1084320074,01/02/2026 15:30:00,000,-0,783263278,
01/02/2026 15:45:00,000,0,0498155279,01/02/2026 15:45:00,000,-0,783263278,
01/02/2026 16:00:00,000,-0,049711094,01/02/2026 16:00:00,000,-1,01646376,
01/02/2026 16:15:00,000,-0,169692359,01/02/2026 16:15:00,000,-1,01646376,
01/02/2026 16:30:00,000,-0,30600492,01/02/2026 16:30:00,000,-1,01646376,
01/02/2026 16:45:00,000,-0,407781891,01/02/2026 16:45:00,000,-1,01646376,
01/02/2026 17:00:00,000,-0,466343903,01/02/2026 17:00:00,000,-0,967658883,
01/02/2026 17:15:00,000,-0,516948653,01/02/2026 17:15:00,000,-0,967658883,
01/02/2026 17:30:00,000,-0,529224971,01/02/2026 17:30:00,000,-0,967658883,
01/02/2026 17:45:00,000,-0,60554467,01/02/2026 17:45:00,000,-0,967658883,
01/02/2026 18:00:00,000,-0,659972258,01/02/2026 18:00:00,000,-1,04865327,
01/02/2026 18:15:00,000,-0,713385192,01/02/2026 18:15:00,000,-1,04865327,
01/02/2026 18:30:00,000,-0,755071643,01/02/2026 18:30:00,000,-1,04865327,
01/02/2026 18:45:00,000,-0,874491742,01/02/2026 18:45:00,000,-1,04865327,
01/02/2026 19:00:00,000,-1,05511699,01/02/2026 19:00:00,000,-1,26618709,
01/02/2026 19:15:00,000,-1,1136039,01/02/2026 19:15:00,000,-1,26618709,
01/02/2026 19:30:00,000,-1,18929532,01/02/2026 19:30:00,000,-1,26618709,
01/02/2026 19:45:00,000,-1,33850592,01/02/2026 19:45:00,000,-1,26618709,
01/02/2026 20:00:00,000,-1,48458724,01/02/2026 20:00:00,000,-1,45972171,
01/02/2026 20:15:00,000,-1,62428425,01/02/2026 20:15:00,000,-1,45972171,
01/02/2026 20:30:00,000,-1,77895983,01/02/2026 20:30:00,000,-1,45972171,
01/02/2026 20:45:00,000,-1,82757194,01/02/2026 20:45:00,000,-1,45972171,
01/02/2026 21:00:00,000,-1,85909763,01/02/2026 21:00:00,000,-1,54657804,
01/02/2026 21:15:00,000,-1,91237662,01/02/2026 21:15:00,000,-1,54657804,
01/02/2026 21:30:00,000,-1,92348278,01/02/2026 21:30:00,000,-1,54657804,
01/02/2026 21:45:00,000,-2,04704625,01/02/2026 21:45:00,000,-1,54657804,
01/02/2026 22:00:00,000,-2,1197663,01/02/2026 22:00:00,000,-1,65044993,
01/02/2026 22:15:00,000,-2,24346742,01/02/2026 22:15:00,000,-1,65044993,
01/02/2026 22:30:00,000,-2,30719789,01/02/2026 22:30:00,000,-1,65044993,
01/02/2026 22:45:00,000,-2,28510248,01/02/2026 22:45:00,000,-1,65044993,
01/02/2026 23:00:00,000,-2,32524982,01/02/2026 23:00:00,000,-1,75476003,
01/02/2026 23:15:00,000,-2,31016847,01/02/2026 23:15:00,000,-1,75476003,
01/02/2026 23:30:00,000,-2,30104401,01/02/2026 23:30:00,000,-1,75476003,
01/02/2026 23:45:00,000,-2,31331824,01/02/2026 23:45:00,000,-1,75476003,
02/02/2026 00:00:00,000,-2,31193827,02/02/2026 00:00:00,000,-1,71920751,
02/02/2026 00:15:00,000,-2,33711111,02/02/2026 00:15:00,000,-1,71920751,
02/02/2026 00:30:00,000,-2,42981059,02/02/2026 00:30:00,000,-1,71920751,
02/02/2026 00:45:00,000,-2,34555985,02/02/2026 00:45:00,000,-1,71920751,
02/02/2026 01:00:00,000,-1,93472466,02/02/2026 01:00:00,000,-1,59331501,
02/02/2026 01:15:00,000,-1,93234762,02/02/2026 01:15:00,000,-1,59331501,
02/02/2026 01:30:00,000,-1,91111262,02/02/2026 01:30:00,000,-1,59331501,
02/02/2026 01:45:00,000,-1,95466104,02/02/2026 01:45:00,000,-1,59331501,
02/02/2026 02:00:00,000,-2,02105944,02/02/2026 02:00:00,000,-1,60400871,
02/02/2026 02:15:00,000,-2,05514953,02/02/2026 02:15:00,000,-1,60400871,
02/02/2026 02:30:00,000,-2,04121612,02/02/2026 02:30:00,000,-1,60400871,
02/02/2026 02:45:00,000,-2,08137275,02/02/2026 02:45:00,000,-1,60400871,
02/02/2026 03:00:00,000,-2,07894645,02/02/2026 03:00:00,000,-1,61466706,
02/02/2026 03:15:00,000,-2,04824617,02/02/2026 03:15:00,000,-1,61466706,
02/02/2026 03:30:00,000,-2,09907257,02/02/2026 03:30:00,000,-1,61466706,
02/02/2026 03:45:00,000,-2,0646895,02/02/2026 03:45:00,000,-1,61466706,
02/02/2026 04:00:00,000,-2,11239984,02/02/2026 04:00:00,000,-1,54428757,
02/02/2026 04:15:00,000,-2,13412596,02/02/2026 04:15:00,000,-1,54428757,
02/02/2026 04:30:00,000,-2,16951867,02/02/2026 04:30:00,000,-1,54428757,
02/02/2026 04:45:00,000,-2,23765826,02/02/2026 04:45:00,000,-1,54428757,
02/02/2026 05:00:00,000,-2,27451922,02/02/2026 05:00:00,000,-1,52585013,
02/02/2026 05:15:00,000,-2,26488287,02/02/2026 05:15:00,000,-1,52585013,
02/02/2026 05:30:00,000,-2,36500855,02/02/2026 05:30:00,000,-1,52585013,
02/02/2026 05:45:00,000,-2,36373987,02/02/2026 05:45:00,000,-1,52585013,
02/02/2026 06:00:00,000,-2,41261718,02/02/2026 06:00:00,000,-1,53016388,
02/02/2026 06:15:00,000,-2,39616221,02/02/2026 06:15:00,000,-1,53016388,
02/02/2026 06:30:00,000,-2,51078958,02/02/2026 06:30:00,000,-1,53016388,
02/02/2026 06:45:00,000,-2,46688231,02/02/2026 06:45:00,000,-1,53016388,
02/02/2026 07:00:00,000,-2,2667534,02/02/2026 07:00:00,000,-1,50075965,
02/02/2026 07:15:00,000,-2,27344712,02/02/2026 07:15:00,000,-1,50075965,
02/02/2026 07:30:00,000,-2,22321073,02/02/2026 07:30:00,000,-1,50075965,
02/02/2026 07:45:00,000,-2,27780056,02/02/2026 07:45:00,000,-1,50075965,
02/02/2026 08:00:00,000,-2,26124351,02/02/2026 08:00:00,000,-1,31224797,
02/02/2026 08:15:00,000,-2,15460071,02/02/2026 08:15:00,000,-1,31224797,
02/02/2026 08:30:00,000,-2,10114654,02/02/2026 08:30:00,000,-1,31224797,
02/02/2026 08:45:00,000,-1,90334054,02/02/2026 08:45:00,000,-1,31224797,
02/02/2026 09:00:00,000,-1,67693139,02/02/2026 09:00:00,000,-1,0372135,
02/02/2026 09:15:00,000,-1,41563177,02/02/2026 09:15:00,000,-1,0372135,
02/02/2026 09:30:00,000,-1,16519307,02/02/2026 09:30:00,000,-1,0372135,
02/02/2026 09:45:00,000,-0,971414068,02/02/2026 09:45:00,000,-1,0372135,
02/02/2026 10:00:00,000,-0,738808636,02/02/2026 10:00:00,000,-0,521197994,
02/02/2026 10:15:00,000,-0,499538461,02/02/2026 10:15:00,000,-0,521197994,
02/02/2026 10:30:00,000,-0,239325118,02/02/2026 10:30:00,000,-0,521197994,
02/02/2026 10:45:00,000,0,0200543369,02/02/2026 10:45:00,000,-0,521197994,
02/02/2026 11:00:00,000,0,2646454388,02/02/2026 11:00:00,000,0,196279342,
02/02/2026 11:15:00,000,0,4911130964,02/02/2026 11:15:00,000,0,196279342,
02/02/2026 11:30:00,000,0,6999754279,02/02/2026 11:30:00,000,0,196279342,
02/02/2026 11:45:00,000,0,8238329691,02/02/2026 11:45:00,000,0,196279342,
02/02/2026 12:00:00,000,0,9248474071,02/02/2026 12:00:00,000,0,7098694809,
02/02/2026 12:15:00,000,1,010033572,02/02/2026 12:15:00,000,0,7098694809,
02/02/2026 12:30:00,000,1,072666225,02/02/2026 12:30:00,000,0,7098694809,
02/02/2026 12:45:00,000,1,073530578,02/02/2026 12:45:00,000,0,7098694809,
02/02/2026 13:00:00,000,0,915358555,02/02/2026 13:00:00,000,1,07360712,
02/02/2026 13:15:00,000,0,873637294,02/02/2026 13:15:00,000,1,07360712,
02/02/2026 13:30:00,000,0,8237392933,02/02/2026 13:30:00,000,1,07360712,
02/02/2026 13:45:00,000,0,8431534058,02/02/2026 13:45:00,000,1,07360712,
02/02/2026 14:00:00,000,0,8769080278,02/02/2026 14:00:00,000,1,132305534,
02/02/2026 14:15:00,000,0,9259738251,02/02/2026 14:15:00,000,1,132305534,
02/02/2026 14:30:00,000,0,9308175548,02/02/2026 14:30:00,000,1,132305534,
02/02/2026 14:45:00,000,0,9501085123,02/02/2026 14:45:00,000,1,132305534,
02/02/2026 15:00:00,000,0,9499282004,02/02/2026 15:00:00,000,1,047268904,
02/02/2026 15:15:00,000,0,9541402288,02/02/2026 15:15:00,000,1,047268904,
02/02/2026 15:30:00,000,0,9438661575,02/02/2026 15:30:00,000,1,047268904,
02/02/2026 15:45:00,000,0,8833190921,02/02/2026 15:45:00,000,1,047268904,
02/02/2026 16:00:00,000,0,7955965396,02/02/2026 16:00:00,000,0,8539422095,
02/02/2026 16:15:00,000,0,7114273105,02/02/2026 16:15:00,000,0,8539422095,
02/02/2026 16:30:00,000,0,6277804202,02/02/2026 16:30:00,000,0,8539422095,
02/02/2026 16:45:00,000,0,617863345,02/02/2026 16:45:00,000,0,8539422095,
02/02/2026 17:00:00,000,0,6346927295,02/02/2026 17:00:00,000,0,5016861416,
02/02/2026 17:15:00,000,0,6869010951,02/02/2026 17:15:00,000,0,5016861416,
02/02/2026 17:30:00,000,0,742179497,02/02/2026 17:30:00,000,0,5016861416,
02/02/2026 17:45:00,000,0,7414658957,02/02/2026 17:45:00,000,0,5016861416,
02/02/2026 18:00:00,000,0,765992383,02/02/2026 18:00:00,000,0,1831054729,
02/02/2026 18:15:00,000,0,7538386168,02/02/2026 18:15:00,000,0,1831054729,
02/02/2026 18:30:00,000,0,7535740811,02/02/2026 18:30:00,000,0,1831054729,
02/02/2026 18:45:00,000,0,6558032163,02/02/2026 18:45:00,000,0,1831054729,
02/02/2026 19:00:00,000,0,3243035409,02/02/2026 19:00:00,000,0,0203709534,
02/02/2026 19:15:00,000,0,3028285848,02/02/2026 19:15:00,000,0,0203709534,
02/02/2026 19:30:00,000,0,2684169774,02/02/2026 19:30:00,000,0,0203709534,
02/02/2026 19:45:00,000,0,1801958863,02/02/2026 19:45:00,000,0,0203709534,
02/02/2026 20:00:00,000,0,1107106761,02/02/2026 20:00:00,000,-0,111619235,
02/02/2026 20:15:00,000,0,0608091101,02/02/2026 20:15:00,000,-0,111619235,
02/02/2026 20:30:00,000,0,0098846984,02/02/2026 20:30:00,000,-0,111619235,
02/02/2026 20:45:00,000,0,0200337167,02/02/2026 20:45:00,000,-0,111619235,
02/02/2026 21:00:00,000,-0,020063250,02/02/2026 21:00:00,000,-0,377607601,
02/02/2026 21:15:00,000,-0,110887949,02/02/2026 21:15:00,000,-0,377607601,
02/02/2026 21:30:00,000,-0,186845528,02/02/2026 21:30:00,000,-0,377607601,
02/02/2026 21:45:00,000,-0,35858877,02/02/2026 21:45:00,000,-0,377607601,
02/02/2026 22:00:00,000,-0,534145647,02/02/2026 22:00:00,000,-0,629000675,
02/02/2026 22:15:00,000,-0,733848116,02/02/2026 22:15:00,000,-0,629000675,
02/02/2026 22:30:00,000,-0,89080198,02/02/2026 22:30:00,000,-0,629000675,
02/02/2026 22:45:00,000,-0,999858134,02/02/2026 22:45:00,000,-0,629000675,
02/02/2026 23:00:00,000,-1,11055027,02/02/2026 23:00:00,000,-0,842896185,
02/02/2026 23:15:00,000,-1,19582607,02/02/2026 23:15:00,000,-0,842896185,
02/02/2026 23:30:00,000,-1,2764721,02/02/2026 23:30:00,000,-0,842896185,
02/02/2026 23:45:00,000,-1,35653693,02/02/2026 23:45:00,000,-0,842896185,
03/02/2026 00:00:00,000,-1,46918758,03/02/2026 00:00:00,000,-1,07551601,
03/02/2026 00:15:00,000,-1,54169331,03/02/2026 00:15:00,000,-1,07551601,
03/02/2026 00:30:00,000,-1,68820798,03/02/2026 00:30:00,000,-1,07551601,
03/02/2026 00:45:00,000,-1,72559994,03/02/2026 00:45:00,000,-1,07551601,
03/02/2026 01:00:00,000,-1,59811385,03/02/2026 01:00:00,000,-1,3012268,
03/02/2026 01:15:00,000,-1,62478938,03/02/2026 01:15:00,000,-1,3012268,
03/02/2026 01:30:00,000,-1,73984482,03/02/2026 01:30:00,000,-1,3012268,
03/02/2026 01:45:00,000,-1,81438837,03/02/2026 01:45:00,000,-1,3012268,
03/02/2026 02:00:00,000,-1,87919657,03/02/2026 02:00:00,000,-1,52318779,
03/02/2026 02:15:00,000,-1,98990865,03/02/2026 02:15:00,000,-1,52318779,
03/02/2026 02:30:00,000,-2,03592701,03/02/2026 02:30:00,000,-1,52318779,
03/02/2026 02:45:00,000,-2,13962418,03/02/2026 02:45:00,000,-1,52318779,
03/02/2026 03:00:00,000,-2,14982361,03/02/2026 03:00:00,000,-1,54072867,
03/02/2026 03:15:00,000,-2,20462931,03/02/2026 03:15:00,000,-1,54072867,
03/02/2026 03:30:00,000,-2,21896864,03/02/2026 03:30:00,000,-1,54072867,
03/02/2026 03:45:00,000,-2,31889732,03/02/2026 03:45:00,000,-1,54072867,
03/02/2026 04:00:00,000,-2,36817449,03/02/2026 04:00:00,000,-1,58254383,
03/02/2026 04:15:00,000,-2,46648291,03/02/2026 04:15:00,000,-1,58254383,
03/02/2026 04:30:00,000,-2,5096528,03/02/2026 04:30:00,000,-1,58254383,
03/02/2026 04:45:00,000,-2,6099553,03/02/2026 04:45:00,000,-1,58254383,
03/02/2026 05:00:00,000,-2,64715896,03/02/2026 05:00:00,000,-1,61014112,
03/02/2026 05:15:00,000,-2,67070767,03/02/2026 05:15:00,000,-1,61014112,
03/02/2026 05:30:00,000,-2,67711793,03/02/2026 05:30:00,000,-1,61014112,
03/02/2026 05:45:00,000,-2,71201349,03/02/2026 05:45:00,000,-1,61014112,
03/02/2026 06:00:00,000,-2,71955668,03/02/2026 06:00:00,000,-1,53291984,
03/02/2026 06:15:00,000,-2,6470958,03/02/2026 06:15:00,000,-1,53291984,
03/02/2026 06:30:00,000,-2,63171074,03/02/2026 06:30:00,000,-1,53291984,
03/02/2026 06:45:00,000,-2,629596,03/02/2026 06:45:00,000,-1,53291984,
03/02/2026 07:00:00,000,-2,70767556,03/02/2026 07:00:00,000,-1,47444528,
03/02/2026 07:15:00,000,-2,70341741,03/02/2026 07:15:00,000,-1,47444528,
03/02/2026 07:30:00,000,-2,64396539,03/02/2026 07:30:00,000,-1,47444528,
03/02/2026 07:45:00,000,-2,58419812,03/02/2026 07:45:00,000,-1,47444528,
03/02/2026 08:00:00,000,-2,618326,03/02/2026 08:00:00,000,-1,29844898,
03/02/2026 08:15:00,000,-2,48949631,03/02/2026 08:15:00,000,-1,29844898,
03/02/2026 08:30:00,000,-2,43817409,03/02/2026 08:30:00,000,-1,29844898,
03/02/2026 08:45:00,000,-2,24208406,03/02/2026 08:45:00,000,-1,29844898,
03/02/2026 09:00:00,000,-2,06965593,03/02/2026 09:00:00,000,-1,04189807,
03/02/2026 09:15:00,000,-1,89369351,03/02/2026 09:15:00,000,-1,04189807,
03/02/2026 09:30:00,000,-1,74372056,03/02/2026 09:30:00,000,-1,04189807,
03/02/2026 09:45:00,000,-1,65313813,03/02/2026 09:45:00,000,-1,04189807,
03/02/2026 10:00:00,000,-1,17305225,03/02/2026 10:00:00,000,-0,924528071,
03/02/2026 10:15:00,000,-1,03414941,03/02/2026 10:15:00,000,-0,924528071,
03/02/2026 10:30:00,000,-0,920628005,03/02/2026 10:30:00,000,-0,924528071,
03/02/2026 10:45:00,000,-0,771044487,03/02/2026 10:45:00,000,-0,924528071,
03/02/2026 11:00:00,000,-0,663052678,03/02/2026 11:00:00,000,-0,734264156,
03/02/2026 11:15:00,000,-0,553734465,03/02/2026 11:15:00,000,-0,734264156,
03/02/2026 11:30:00,000,-0,45530627,03/02/2026 11:30:00,000,-0,734264156,
03/02/2026 11:45:00,000,-0,384577244,03/02/2026 11:45:00,000,-0,734264156,
03/02/2026 12:00:00,000,-0,32595987,03/02/2026 12:00:00,000,-0,56507921,
03/02/2026 12:15:00,000,-0,286405024,03/02/2026 12:15:00,000,-0,56507921,
03/02/2026 12:30:00,000,-0,261525531,03/02/2026 12:30:00,000,-0,56507921,
03/02/2026 12:45:00,000,-0,250623156,03/02/2026 12:45:00,000,-0,56507921,
03/02/2026 13:00:00,000,-0,684784216,03/02/2026 13:00:00,000,-0,398922011,
03/02/2026 13:15:00,000,-0,680378468,03/02/2026 13:15:00,000,-0,398922011,
03/02/2026 13:30:00,000,-0,703724137,03/02/2026 13:30:00,000,-0,398922011,
03/02/2026 13:45:00,000,-0,632258173,03/02/2026 13:45:00,000,-0,398922011,
03/02/2026 14:00:00,000,-0,553143459,03/02/2026 14:00:00,000,-0,157236038,
03/02/2026 14:15:00,000,-0,489790518,03/02/2026 14:15:00,000,-0,157236038,
03/02/2026 14:30:00,000,-0,423240875,03/02/2026 14:30:00,000,-0,157236038,
03/02/2026 14:45:00,000,-0,375762544,03/02/2026 14:45:00,000,-0,157236038,
03/02/2026 15:00:00,000,-0,321042306,03/02/2026 15:00:00,000,-0,090829605,
03/02/2026 15:15:00,000,-0,279295417,03/02/2026 15:15:00,000,-0,090829605,
03/02/2026 15:30:00,000,-0,246399418,03/02/2026 15:30:00,000,-0,090829605,
03/02/2026 15:45:00,000,-0,232842618,03/02/2026 15:45:00,000,-0,090829605,
03/02/2026 16:00:00,000,-0,209964761,03/02/2026 16:00:00,000,-0,181862779,
03/02/2026 16:15:00,000,-0,211461072,03/02/2026 16:15:00,000,-0,181862779,
03/02/2026 16:30:00,000,-0,196839516,03/02/2026 16:30:00,000,-0,181862779,
03/02/2026 16:45:00,000,-0,119794602,03/02/2026 16:45:00,000,-0,181862779,
03/02/2026 17:00:00,000,0,0200404271,03/02/2026 17:00:00,000,-0,180216463,
03/02/2026 17:15:00,000,0,2116599551,03/02/2026 17:15:00,000,-0,180216463,
03/02/2026 17:30:00,000,0,4012173779,03/02/2026 17:30:00,000,-0,180216463,
03/02/2026 17:45:00,000,0,5122969223,03/02/2026 17:45:00,000,-0,180216463,
03/02/2026 18:00:00,000,0,6570743357,03/02/2026 18:00:00,000,-0,259844045,
03/02/2026 18:15:00,000,0,7653159864,03/02/2026 18:15:00,000,-0,259844045,
03/02/2026 18:30:00,000,0,8966991447,03/02/2026 18:30:00,000,-0,259844045,
03/02/2026 18:45:00,000,0,9012820839,03/02/2026 18:45:00,000,-0,259844045,
03/02/2026 19:00:00,000,0,6468732457,03/02/2026 19:00:00,000,-0,150363706,
03/02/2026 19:15:00,000,0,6922384497,03/02/2026 19:15:00,000,-0,150363706,
03/02/2026 19:30:00,000,0,7032790578,03/02/2026 19:30:00,000,-0,150363706,
03/02/2026 19:45:00,000,0,6864570226,03/02/2026 19:45:00,000,-0,150363706,
03/02/2026 20:00:00,000,0,6698205848,03/02/2026 20:00:00,000,0,0298288324,
03/02/2026 20:15:00,000,0,6168490349,03/02/2026 20:15:00,000,0,0298288324,
03/02/2026 20:30:00,000,0,5776124011,03/02/2026 20:30:00,000,0,0298288324,
03/02/2026 20:45:00,000,0,5709435097,03/02/2026 20:45:00,000,0,0298288324,
03/02/2026 21:00:00,000,0,5896868404,03/02/2026 21:00:00,000,0,0893915440,
03/02/2026 21:15:00,000,0,571250999,03/02/2026 21:15:00,000,0,0893915440,
03/02/2026 21:30:00,000,0,5801847458,03/02/2026 21:30:00,000,0,0893915440,
03/02/2026 21:45:00,000,0,4881771258,03/02/2026 21:45:00,000,0,0893915440,
03/02/2026 22:00:00,000,0,3832476155,03/02/2026 22:00:00,000,0,0709178918,
03/02/2026 22:15:00,000,0,3127317106,03/02/2026 22:15:00,000,0,0709178918,
03/02/2026 22:30:00,000,0,2169484988,03/02/2026 22:30:00,000,0,0709178918,
03/02/2026 22:45:00,000,0,1828040324,03/02/2026 22:45:00,000,0,0709178918,
03/02/2026 23:00:00,000,0,1693829359,03/02/2026 23:00:00,000,0,0800801170,
03/02/2026 23:15:00,000,0,1510684236,03/02/2026 23:15:00,000,0,0800801170,
03/02/2026 23:30:00,000,0,1294812616,03/02/2026 23:30:00,000,0,0800801170,
03/02/2026 23:45:00,000,0,0686876524,03/02/2026 23:45:00,000,0,0800801170,
04/02/2026 00:00:00,000,0,0203651761,04/02/2026 00:00:00,000,0,0990934792,
04/02/2026 00:15:00,000,(invalid),04/02/2026 00:15:00,000,(invalid),
,,,,